"PRODUCT (Click to open in Browser)","PRODUCT ID","PHYSICAL","LOGICAL","GMI FC","R&N A.C.N","GROUP","CLEARING ADMIN","CLEARING VENUE","MIC CODE","MARKET TYPE NAME","SYMBOL CODE"
"=HYPERLINK(""https://www.ice.com/products/6590123"",""AB NIT Basis Future"")","451","AEC","AEC","NB","NA83","Natural Gas","Canada Basis","ICEU","IFED","Financial Gas","AEC"
"=HYPERLINK(""https://www.ice.com/products/83048596"",""ANR SW (Oklahoma) Fixed Price Future"")","31158","ANP","ANP","","","Natural Gas","Basis Master","ICEU","IFED","Financial Gas","ANP"
"=HYPERLINK(""https://www.ice.com/products/55231791"",""ANR SW Physical Inside FERC"")","2985","XZQ","XZQ","","","Natural Gas","ANRSW MOPhysGas","NGXC","IEPA","Physical Gas","XZQ"
"=HYPERLINK(""https://www.ice.com/products/243"",""API2 Rotterdam Coal Futures"")","517","ATW","ATW","PK","NN89","Coal","ICE Coal ARA","ICEU","IFEU","ICE Rotterdam Coal Futures","ATW"
"=HYPERLINK(""https://www.ice.com/products/241"",""API4 Richards Bay Coal Futures"")","519","AFR","AFR","PL","NN90","Coal","ICE Coal Rbay","ICEU","IFEU","ICE Richards Bay Coal Futures","AFR"
"=HYPERLINK(""https://www.ice.com/products/6753470"",""Argus Eurobob Oxy FOB Rotterdam Barges Future"")","2083","AEO","AEO","2Y","T035","Crude Oil and Refined Products","Ref Outright mt","ICEU","IFEU","Oil","AEO"
"=HYPERLINK(""https://www.ice.com/products/83048576"",""Battery Materials Outright - Cobalt Hydroxide CIF Asia (BMI) Future"")","31336","COH","COH","","","Battery Materials","Battery Mats","ICEU","IFEU","Battery Materials","COH"
"=HYPERLINK(""https://www.ice.com/products/83048580"",""Battery Materials Outright - Cobalt Standard Grade in-WHS Rotterdam (Fastmarkets) Future"")","31333","COB","COB","","","Battery Materials","Battery Mats","ICEU","IFEU","Battery Materials","COB"
"=HYPERLINK(""https://www.ice.com/products/83048574"",""Battery Materials Outright - Lithium Carbonate CIF Asia (BMI) Future"")","31342","LI2","LI2","","","Battery Materials","Battery Mats","ICEU","IFEU","Battery Materials","LI2"
"=HYPERLINK(""https://www.ice.com/products/83048581"",""Battery Materials Outright - Lithium Carbonate CIF CJK (Fastmarkets) Future"")","31345","LYC","LYC","","","Battery Materials","Battery Mats","ICEU","IFEU","Battery Materials","LYC"
"=HYPERLINK(""https://www.ice.com/products/83048573"",""Battery Materials Outright - Lithium Hydroxide CIF Asia (BMI) Future"")","31339","L0H","L0H","","","Battery Materials","Battery Mats","ICEU","IFEU","Battery Materials","L0H"
"=HYPERLINK(""https://www.ice.com/products/83048577"",""Battery Materials Outright - Lithium Hydroxide CIF CJK (Fastmarkets) Future"")","31348","LYT","LYT","","","Battery Materials","Battery Mats","ICEU","IFEU","Battery Materials","LYT"
"=HYPERLINK(""https://www.ice.com/products/83048579"",""Battery Materials Outright - Spodumene CIF China (Fastmarkets) Future"")","31351","SPN","SPN","","","Battery Materials","Battery Mats","ICEU","IFEU","Battery Materials","SPN"
"=HYPERLINK(""https://www.ice.com/products/83048575"",""Battery Materials Outright - Spodumene FOB Australia (BMI) Future"")","31353","SPO","SPO","","","Battery Materials","Battery Mats","ICEU","IFEU","Battery Materials","SPO"
"=HYPERLINK(""https://www.ice.com/products/6753532"",""Brent 1st Line Future"")","10","I","BRN","BS","P997","Crude Oil and Refined Products","Crude Outrights","ICEU","IFEU","Oil","BSP"
"=HYPERLINK(""https://www.ice.com/products/219"",""Brent Crude Futures"")","254","B","BRN","BC","0952","Crude Oil and Refined Products","IPE e-Brent","ICEU","IFEU","IPE Brent Futures","BRN"
"=HYPERLINK(""https://www.ice.com/products/28670680"",""Butane, Argus Saudi CP Future"")","5250","ABS","ABS","S2","","Natural Gas Liquids","NGL Master","ICEU","IFED","Financial NGL","ABS"
"=HYPERLINK(""https://www.ice.com/products/83048598"",""CG Onshore Fixed Price"")","31162","CV9","CV9","","","Natural Gas","Basis Master","ICEU","IFED","Financial Gas","CV9"
"=HYPERLINK(""https://www.ice.com/products/53169042"",""California Carbon Allowance Vintage 2020 Future"")","18395","CAY","CAY","61","","Physical Environmental","CCA","ICEU","IFED","Physical Environmental","CAY"
"=HYPERLINK(""https://www.ice.com/products/67129826"",""California Carbon Allowance Vintage 2021 Future"")","20393","CAZ","CAZ","K9","","Physical Environmental","CCA","ICEU","IFED","Physical Environmental","CAZ"
"=HYPERLINK(""https://www.ice.com/products/83048050"",""California Low Carbon Fuel Standard Futures"")","30492","CCF","CCF","","","Biofuels","Phys LCFS","ICEU","IFED","Physical Oil Americas","CCF"
"=HYPERLINK(""https://www.ice.com/products/251"",""Canola Futures"")","1092","RS","RS ","RS","","Canola","Canola US","ICUS","IFUS","Canadian Oilseeds","RS"
"=HYPERLINK(""https://www.ice.com/products/83048601"",""Centerpoint Fixed Price"")","31168","EGP","EGP","","","Natural Gas","Basis Master","ICEU","IFED","Financial Gas","EGP"
"=HYPERLINK(""https://www.ice.com/products/83048990"",""Clean FFA – UK Continent to US Atlantic Coast (Platts) Future"")","31682","WNE","WNE","","","Wet Freight","Wet Freight","ICEU","IFEU","Wet Freight","WNE"
"=HYPERLINK(""https://www.ice.com/products/83048989"",""Clean FFA – US Gulf Coast to UK Continent (Platts) Future"")","31681","WGC","WGC","","","Wet Freight","Wet Freight","ICEU","IFEU","Wet Freight","WGC"
"=HYPERLINK(""https://www.ice.com/products/7"",""Cocoa Futures"")","578","CC","CC ","CY","2050","Cocoa","Cocoa","ICUS","IFUS","Cocoa","CC"
"=HYPERLINK(""https://www.ice.com/products/83048906"",""Coffee """"C""""® Metric Futures"")","31440","AC","AC","","","Coffee","Metric Coffee","ICUS","IFUS","Coffee C","AC"
"=HYPERLINK(""https://www.ice.com/products/15"",""Coffee C &#174; Futures"")","580","KC","KC ","43","2065","Coffee","Coffee C","ICUS","IFUS","Coffee C","KC"
"=HYPERLINK(""https://www.ice.com/products/83049312"",""Container FFA - Asia to US East Coast 40GP/HC (NYFI) Future"")","32228","FAE","FAE","","","Container Freight","ContFreight","ICEU","IFEU","Container Freight","FAE"
"=HYPERLINK(""https://www.ice.com/products/254"",""Cotton No. 2 Futures"")","588","CT","CT ","28","2205","Cotton","Cotton No 2","ICUS","IFUS","Cotton No 2","CT"
"=HYPERLINK(""https://www.ice.com/products/6753361"",""Crude Diff - Dated Brent vs Brent 1st Line Future"")","15","DBF","DBF","","","Crude Oil and Refined Products","Crude Diffs","ICEU","IFEU","Oil","DBF"
"=HYPERLINK(""https://www.ice.com/products/72265851"",""Crude Diff – Midland WTI American Gulf Coast 1st Line vs Brent 1st Line Future"")","23618","HOV","HOV","O-","","Crude Oil and Refined Products","Am Crude Diffs","ICEU","IFED","US Crude","HOV"
"=HYPERLINK(""https://www.ice.com/products/72265854"",""Crude Diff – Midland WTI American Gulf Coast 1st Line vs Dubai 1st Line (Platts) Future"")","23620","HOX","HOX","O\","","Crude Oil and Refined Products","Am Crude Diffs","ICEU","IFED","US Crude","HOX"
"=HYPERLINK(""https://www.ice.com/products/72265852"",""Crude Diff – Midland WTI American Gulf Coast 1st Line vs WTI 1st Line Future"")","23619","HOW","HOW","O/","","Crude Oil and Refined Products","Am Crude Diffs","ICEU","IFED","US Crude","HOW"
"=HYPERLINK(""https://www.ice.com/products/83048037"",""D3 RIN 2026 Vintage Futures"")","30498","D3C","D3C","","","Biofuels","Phys RINs","ICEU","IFED","Physical Oil Americas","D3C"
"=HYPERLINK(""https://www.ice.com/products/83048038"",""D3 RIN 2027 Vintage Futures"")","30500","D3D","D3D","","","Biofuels","Phys RINs","ICEU","IFED","Physical Oil Americas","D3D"
"=HYPERLINK(""https://www.ice.com/products/83048040"",""D4 RIN 2025 Vintage Futures"")","30504","D4B","D4B","","","Biofuels","Phys RINs","ICEU","IFED","Physical Oil Americas","D4B"
"=HYPERLINK(""https://www.ice.com/products/83048041"",""D4 RIN 2026 Vintage Futures"")","30506","D4C","D4C","","","Biofuels","Phys RINs","ICEU","IFED","Physical Oil Americas","D4C"
"=HYPERLINK(""https://www.ice.com/products/83048042"",""D4 RIN 2027 Vintage Futures"")","30508","D4D","D4D","","","Biofuels","Phys RINs","ICEU","IFED","Physical Oil Americas","D4D"
"=HYPERLINK(""https://www.ice.com/products/83048044"",""D5 RIN 2025 Vintage Futures"")","30512","D5B","D5B","","","Biofuels","Phys RINs","ICEU","IFED","Physical Oil Americas","D5B"
"=HYPERLINK(""https://www.ice.com/products/83048045"",""D5 RIN 2026 Vintage Futures"")","30514","D5C","D5C","","","Biofuels","Phys RINs","ICEU","IFED","Physical Oil Americas","D5C"
"=HYPERLINK(""https://www.ice.com/products/83048046"",""D5 RIN 2027 Vintage Futures"")","30516","D5D","D5D","","","Biofuels","Phys RINs","ICEU","IFED","Physical Oil Americas","D5D"
"=HYPERLINK(""https://www.ice.com/products/83048048"",""D6 RIN 2025 Vintage Futures"")","30520","D6B","D6B","","","Biofuels","Phys RINs","ICEU","IFED","Physical Oil Americas","D6B"
"=HYPERLINK(""https://www.ice.com/products/83048036"",""D6 RIN 2026 Vintage Future"")","30522","D6C","D6C","","","Biofuels","Phys RINs","ICEU","IFED","Physical Oil Americas","D6C"
"=HYPERLINK(""https://www.ice.com/products/83048035"",""D6 RIN 2027 Vintage Futures"")","30524","D6D","D6D","","","Biofuels","Phys RINs","ICEU","IFED","Physical Oil Americas","D6D"
"=HYPERLINK(""https://www.ice.com/products/6753541"",""Dated Brent Future"")","1464","PDB","PDB","BD","QJ68","Crude Oil and Refined Products","Crude Outrights","ICEU","IFEU","Oil","PDB"
"=HYPERLINK(""https://www.ice.com/products/83048653"",""Diesel Diff - ULSD 10ppm CIF Med Cargoes (Platts) vs ULSD 10ppm FOB Med Cargoes (Platts) Future"")","31236","DRX","DRX","","","Crude Oil and Refined Products","Ref Diffs mt","ICEU","IFEU","Oil","DRX"
"=HYPERLINK(""https://www.ice.com/products/83048988"",""Dirty FFA – Persian Gulf to China (Platts) Future"")","31680","WPC","WPC","","","Wet Freight","Wet Freight","ICEU","IFEU","Wet Freight","WPC"
"=HYPERLINK(""https://www.ice.com/products/6753497"",""Dubai 1st Line Future"")","753","DBI","DBI","DB","OU44","Crude Oil and Refined Products","Dubai Crude","ICEU","IFEU","Dubai Crude Futures","DBI"
"=HYPERLINK(""https://www.ice.com/products/27996665"",""Dutch TTF Natural Gas Futures"")","4331","TFM","TFM","CF","","Natural Gas","Dutch TTF BL","ICEU","NDEX","Dutch TTF Gas Futures","TFM"
"=HYPERLINK(""https://www.ice.com/products/6590453"",""ERCOT North 345KV Real-Time Peak Daily Fixed Price Future"")","1622","END","END","YK","QM68","Electricity","ERCOT Pk Daily","ICEU","IFED","Financial Power","END"
"=HYPERLINK(""https://www.ice.com/products/197"",""EUA Futures"")","390","C","ECF","CO","","Emissions","EUA NDEX","ICEU","NDEX","EU Emissions Allowances","ECF"
"=HYPERLINK(""https://www.ice.com/products/83048646"",""Enbridge Dawn Fixed Price"")","31216","UDP","UDP","","","Natural Gas","Basis Master","ICEU","IFED","Financial Gas","UDP"
"=HYPERLINK(""https://www.ice.com/products/6590286"",""Ethane, OPIS Mt. Belvieu Non-TET Future"")","1507","ETE","ETE","ET","QJ67","Natural Gas Liquids","NGL Master","ICEU","IFED","Financial NGL","ETE"
"=HYPERLINK(""https://www.ice.com/products/30"",""FCOJ-A Futures"")","586","OJ","OJ ","96","2200","Frozen Orange Juice","FCOJ A","ICUS","IFUS","FCOJ A","OJ"
"=HYPERLINK(""https://www.ice.com/products/83048602"",""Florida Gas Zone 3 Fixed Price"")","31170","FTY","FTY","","","Natural Gas","Basis Master","ICEU","IFED","Financial Gas","FTY"
"=HYPERLINK(""https://www.ice.com/products/6753553"",""Fuel Oil 180 CST Singapore Future"")","20","SZS","SZS","PE","NM86","Crude Oil and Refined Products","Ref Outright mt","ICEU","IFEU","Oil","SZS"
"=HYPERLINK(""https://www.ice.com/products/6753479"",""Fuel Oil 3.5% FOB Rotterdam Barges Future"")","22","BAR","BAR","PG","NM88","Crude Oil and Refined Products","Ref Outright mt","ICEU","IFEU","Oil","BAR"
"=HYPERLINK(""https://www.ice.com/products/6753551"",""Fuel Oil 380 CST Singapore Future"")","365","SYS","SYS","PF","NM87","Crude Oil and Refined Products","Ref Outright mt","ICEU","IFEU","Oil","SYS"
"=HYPERLINK(""https://www.ice.com/products/83048316"",""GTN Kingsgate  Physical Basis LD1"")","22896","DQY","DQY","","","Natural Gas","GTNK MOPhysGas","NGXC","IEPA","Physical Gas","DQY"
"=HYPERLINK(""https://www.ice.com/products/83048313"",""GTN Kingsgate Physical Natural Gas Intelligence"")","22897","DQZ","DQZ","","","Natural Gas","GTNK MOPhysGas","NGXC","IEPA","Physical Gas","DQZ"
"=HYPERLINK(""https://www.ice.com/products/83048314"",""GTN Stanfield Physical Natural Gas Intelligence"")","22898","DR1","DR1","","","Natural Gas","GTNS MO PhysGas","NGXC","IEPA","Physical Gas","DR1"
"=HYPERLINK(""https://www.ice.com/products/83048656"",""Gasoil Diff - Gasoil 0.1% CIF Med Cargoes (Platts) vs Gasoil 0.1% FOB Med Cargoes (Platts) Future"")","31245","JFW","JFW","","","Crude Oil and Refined Products","Ref Diffs mt","ICEU","IFEU","Oil","JFW"
"=HYPERLINK(""https://www.ice.com/products/83048655"",""Gasoil Diff - Middle East Gasoil FOB Arab Gulf (Platts) vs Singapore Gasoil (Platts) Future"")","31243","GDX","GDX","","","Crude Oil and Refined Products","Ref Diffs bbl","ICEU","IFEU","Oil","GDX"
"=HYPERLINK(""https://www.ice.com/products/5029394"",""Gasoline - Singapore Mogas 92 Unleaded (Platts) Future"")","3970","SMT","SMT","V\","","Crude Oil and Refined Products","RefOutright bbl","ICEU","IFEU","Oil","SMT"
"=HYPERLINK(""https://www.ice.com/products/83048654"",""Gasoline Crack - Eurobob Oxy Gasoline NWE FOB Barges (GX) vs Brent 1st Line Future (in Bbls)"")","31241","GCG","GCG","","","Crude Oil and Refined Products","Cracks bbl","ICEU","IFEU","Oil","GCG"
"=HYPERLINK(""https://www.ice.com/products/42950220"",""Gasoline Diff - RBOB Gasoline 1st Line vs Argus Eurobob Oxy FOB Rotterdam Barge Future"")","15983","GDO","GDO","*(","","Crude Oil and Refined Products","Am Ref Diff mt","ICEU","IFED","Oil Americas","GDO"
"=HYPERLINK(""https://www.ice.com/products/83048659"",""Gasoline Diff - Singapore Mogas 92 Unleaded (Platts) vs Naphtha C+F Japan Cargoes (Platts) Future (in Bbls)"")","31253","SMJ","SMJ","","","Crude Oil and Refined Products","Ref Diffs bbl","ICEU","IFEU","Oil","SMJ"
"=HYPERLINK(""https://www.ice.com/products/57609948"",""German Power Financial Base Futures"")","19032","GAB","GAB","AM","","Electricity","German Pwr Fin","ICEU","NDEX","EU Financial Power Futures","GAB"
"=HYPERLINK(""https://www.ice.com/products/62026758"",""Gold Daily Futures"")","19498","AUD","AUD","AU","","Precious Metals","Daily Gold Mstr","ICUS","IFUS","Daily Metals","AUD"
"=HYPERLINK(""https://www.ice.com/products/6753449"",""Heating Oil Arb - Heating Oil 1st Line vs Low Sulphur Gasoil 1st Line Future (in Bbls)"")","3444","ULM","ULM","WG","","Crude Oil and Refined Products","Am Ref Diff bbl","ICEU","IFED","Oil Americas","ULM"
"=HYPERLINK(""https://www.ice.com/products/72265906"",""Heating Oil Crack - NYH ULSHO 1st Line vs Brent 1st Line Future (in Bbls)"")","23615","NYH","NYH","O(","","Crude Oil and Refined Products","Am Cracks bbl","ICEU","IFED","Oil Americas","NYH"
"=HYPERLINK(""https://www.ice.com/products/72265909"",""Heating Oil Crack - NYH ULSHO 1st Line vs WTI 1st Line Future (in Bbls)"")","23616","NYW","NYW","O*","","Crude Oil and Refined Products","Am Cracks bbl","ICEU","IFED","Oil Americas","NYW"
"=HYPERLINK(""https://www.ice.com/products/72265862"",""Heating Oil Outright - NYH ULSHO 1st Line Future"")","23611","NYF","NYF","O8","","Crude Oil and Refined Products","Am Ref bbl","ICEU","IFED","Oil Americas","NYF"
"=HYPERLINK(""https://www.ice.com/products/6590258"",""Henry LD1 Fixed Price Future"")","53","H","HNG","NN","R754","Natural Gas","Henry Nat Gas","ICEU","IFED","Henry Hub","HNG"
"=HYPERLINK(""https://www.ice.com/products/49883945"",""Henry LD1 Fixed Price Future 25K"")","16961","HHL","HNG","C8","","Natural Gas","HH 25k","ICEU","IFED","Henry Hub","HHL"
"=HYPERLINK(""https://www.ice.com/products/6590229"",""Henry Swing Future"")","414","HHD","HHD","HH","L782","Natural Gas","SwSwp HH Daily","ICEU","IFED","Financial Gas","HHD"
"=HYPERLINK(""https://www.ice.com/products/83048775"",""ICE NGX IESO Financial Extended Off Peak Fixed Price"")","30896","OZK","OZK","","","Electricity","NGX OT PWR Swap","NGXC","NGXC","NGX Financial Power","OZK"
"=HYPERLINK(""https://www.ice.com/products/83048776"",""ICE NGX IESO Financial Extended Off Peak Fixed Price"")","30897","OZL","OZL","","","Electricity","NGX OT PWR Swap","NGXC","NGXC","NGX Financial Power","OZL"
"=HYPERLINK(""https://www.ice.com/products/83048777"",""ICE NGX IESO Financial Extended Off Peak Fixed Price"")","30906","ONH","ONH","","","Electricity","NGX OT PWR Swap","NGXC","NGXC","NGX Financial Power","ONH"
"=HYPERLINK(""https://www.ice.com/products/83048778"",""ICE NGX IESO Financial Extended Off Peak Fixed Price"")","30907","ONI","ONI","","","Electricity","NGX OT PWR Swap","NGXC","NGXC","NGX Financial Power","ONI"
"=HYPERLINK(""https://www.ice.com/products/83048779"",""ICE NGX IESO Financial Extended Off Peak Fixed Price"")","30916","ONJ","ONJ","","","Electricity","NGX OT PWR Swap","NGXC","NGXC","NGX Financial Power","ONJ"
"=HYPERLINK(""https://www.ice.com/products/83048780"",""ICE NGX IESO Financial Extended Off Peak Fixed Price"")","30917","ONK","ONK","","","Electricity","NGX OT PWR Swap","NGXC","NGXC","NGX Financial Power","ONK"
"=HYPERLINK(""https://www.ice.com/products/83048781"",""ICE NGX IESO Financial Extended Off Peak Fixed Price"")","30926","OPH","OPH","","","Electricity","NGX OT PWR Swap","NGXC","NGXC","NGX Financial Power","OPH"
"=HYPERLINK(""https://www.ice.com/products/83048782"",""ICE NGX IESO Financial Extended Off Peak Fixed Price"")","30927","OPI","OPI","","","Electricity","NGX OT PWR Swap","NGXC","NGXC","NGX Financial Power","OPI"
"=HYPERLINK(""https://www.ice.com/products/83048783"",""ICE NGX IESO Financial Extended Off Peak Fixed Price"")","30936","OPJ","OPJ","","","Electricity","NGX OT PWR Swap","NGXC","NGXC","NGX Financial Power","OPJ"
"=HYPERLINK(""https://www.ice.com/products/83048784"",""ICE NGX IESO Financial Extended Off Peak Fixed Price"")","30937","OPK","OPK","","","Electricity","NGX OT PWR Swap","NGXC","NGXC","NGX Financial Power","OPK"
"=HYPERLINK(""https://www.ice.com/products/83048785"",""ICE NGX IESO Financial Extended Off Peak Fixed Price"")","30946","OLH","OLH","","","Electricity","NGX OT PWR Swap","NGXC","NGXC","NGX Financial Power","OLH"
"=HYPERLINK(""https://www.ice.com/products/83048786"",""ICE NGX IESO Financial Extended Off Peak Fixed Price"")","30947","OLI","OLI","","","Electricity","NGX OT PWR Swap","NGXC","NGXC","NGX Financial Power","OLI"
"=HYPERLINK(""https://www.ice.com/products/83048787"",""ICE NGX IESO Financial Extended Off Peak Fixed Price"")","30956","OLJ","OLJ","","","Electricity","NGX OT PWR Swap","NGXC","NGXC","NGX Financial Power","OLJ"
"=HYPERLINK(""https://www.ice.com/products/83048788"",""ICE NGX IESO Financial Extended Off Peak Fixed Price"")","30957","OLK","OLK","","","Electricity","NGX OT PWR Swap","NGXC","NGXC","NGX Financial Power","OLK"
"=HYPERLINK(""https://www.ice.com/products/83048789"",""ICE NGX IESO Financial Extended Off Peak Fixed Price"")","30966","O3H","O3H","","","Electricity","NGX OT PWR Swap","NGXC","NGXC","NGX Financial Power","O3H"
"=HYPERLINK(""https://www.ice.com/products/83048790"",""ICE NGX IESO Financial Extended Off Peak Fixed Price"")","30967","O3I","O3I","","","Electricity","NGX OT PWR Swap","NGXC","NGXC","NGX Financial Power","O3I"
"=HYPERLINK(""https://www.ice.com/products/83048791"",""ICE NGX IESO Financial Extended Off Peak Fixed Price"")","30976","O3J","O3J","","","Electricity","NGX OT PWR Swap","NGXC","NGXC","NGX Financial Power","O3J"
"=HYPERLINK(""https://www.ice.com/products/83048792"",""ICE NGX IESO Financial Extended Off Peak Fixed Price"")","30977","O3K","O3K","","","Electricity","NGX OT PWR Swap","NGXC","NGXC","NGX Financial Power","O3K"
"=HYPERLINK(""https://www.ice.com/products/83048793"",""ICE NGX IESO Financial Extended Off Peak Fixed Price"")","30986","OOH","OOH","","","Electricity","NGX OT PWR Swap","NGXC","NGXC","NGX Financial Power","OOH"
"=HYPERLINK(""https://www.ice.com/products/83048794"",""ICE NGX IESO Financial Extended Off Peak Fixed Price"")","30987","OOI","OOI","","","Electricity","NGX OT PWR Swap","NGXC","NGXC","NGX Financial Power","OOI"
"=HYPERLINK(""https://www.ice.com/products/83048795"",""ICE NGX IESO Financial Extended Off Peak Fixed Price"")","30996","OOJ","OOJ","","","Electricity","NGX OT PWR Swap","NGXC","NGXC","NGX Financial Power","OOJ"
"=HYPERLINK(""https://www.ice.com/products/83048796"",""ICE NGX IESO Financial Extended Off Peak Fixed Price"")","30997","OOK","OOK","","","Electricity","NGX OT PWR Swap","NGXC","NGXC","NGX Financial Power","OOK"
"=HYPERLINK(""https://www.ice.com/products/83048797"",""ICE NGX IESO Financial Extended Off Peak Fixed Price"")","31006","OSH","OSH","","","Electricity","NGX OT PWR Swap","NGXC","NGXC","NGX Financial Power","OSH"
"=HYPERLINK(""https://www.ice.com/products/83048798"",""ICE NGX IESO Financial Extended Off Peak Fixed Price"")","31007","OSI","OSI","","","Electricity","NGX OT PWR Swap","NGXC","NGXC","NGX Financial Power","OSI"
"=HYPERLINK(""https://www.ice.com/products/83048799"",""ICE NGX IESO Financial Extended Off Peak Fixed Price"")","31016","OSJ","OSJ","","","Electricity","NGX OT PWR Swap","NGXC","NGXC","NGX Financial Power","OSJ"
"=HYPERLINK(""https://www.ice.com/products/83048800"",""ICE NGX IESO Financial Extended Off Peak Fixed Price"")","31017","OSK","OSK","","","Electricity","NGX OT PWR Swap","NGXC","NGXC","NGX Financial Power","OSK"
"=HYPERLINK(""https://www.ice.com/products/83048801"",""ICE NGX IESO Financial Extended Off Peak Fixed Price"")","31026","OTH","OTH","","","Electricity","NGX OT PWR Swap","NGXC","NGXC","NGX Financial Power","OTH"
"=HYPERLINK(""https://www.ice.com/products/83048802"",""ICE NGX IESO Financial Extended Off Peak Fixed Price"")","31027","OTI","OTI","","","Electricity","NGX OT PWR Swap","NGXC","NGXC","NGX Financial Power","OTI"
"=HYPERLINK(""https://www.ice.com/products/83048803"",""ICE NGX IESO Financial Extended Off Peak Fixed Price"")","31036","OTJ","OTJ","","","Electricity","NGX OT PWR Swap","NGXC","NGXC","NGX Financial Power","OTJ"
"=HYPERLINK(""https://www.ice.com/products/83048804"",""ICE NGX IESO Financial Extended Off Peak Fixed Price"")","31037","OTK","OTK","","","Electricity","NGX OT PWR Swap","NGXC","NGXC","NGX Financial Power","OTK"
"=HYPERLINK(""https://www.ice.com/products/83048805"",""ICE NGX IESO Financial Extended Off Peak Fixed Price"")","31046","OJH","OJH","","","Electricity","NGX OT PWR Swap","NGXC","NGXC","NGX Financial Power","OJH"
"=HYPERLINK(""https://www.ice.com/products/83048807"",""ICE NGX IESO Financial Extended Off Peak Fixed Price"")","31056","OJJ","OJJ","","","Electricity","NGX OT PWR Swap","NGXC","NGXC","NGX Financial Power","OJJ"
"=HYPERLINK(""https://www.ice.com/products/83048808"",""ICE NGX IESO Financial Extended Off Peak Fixed Price"")","31057","OJK","OJK","","","Electricity","NGX OT PWR Swap","NGXC","NGXC","NGX Financial Power","OJK"
"=HYPERLINK(""https://www.ice.com/products/83048809"",""ICE NGX IESO Financial Extended Off Peak Fixed Price"")","31066","OWH","OWH","","","Electricity","NGX OT PWR Swap","NGXC","NGXC","NGX Financial Power","OWH"
"=HYPERLINK(""https://www.ice.com/products/83048810"",""ICE NGX IESO Financial Extended Off Peak Fixed Price"")","31067","OWI","OWI","","","Electricity","NGX OT PWR Swap","NGXC","NGXC","NGX Financial Power","OWI"
"=HYPERLINK(""https://www.ice.com/products/83048811"",""ICE NGX IESO Financial Extended Off Peak Fixed Price"")","31076","OWJ","OWJ","","","Electricity","NGX OT PWR Swap","NGXC","NGXC","NGX Financial Power","OWJ"
"=HYPERLINK(""https://www.ice.com/products/83048812"",""ICE NGX IESO Financial Extended Off Peak Fixed Price"")","31077","OWK","OWK","","","Electricity","NGX OT PWR Swap","NGXC","NGXC","NGX Financial Power","OWK"
"=HYPERLINK(""https://www.ice.com/products/83048514"",""ICE NGX IESO Financial Extended Peak Fixed Price"")","30898","OZE","OZE","","","Electricity","NGX OE PWR Swap","NGXC","NGXC","NGX Financial Power","OZE"
"=HYPERLINK(""https://www.ice.com/products/83048533"",""ICE NGX IESO Financial Extended Peak Fixed Price"")","30899","OZF","OZF","","","Electricity","NGX OE PWR Swap","NGXC","NGXC","NGX Financial Power","OZF"
"=HYPERLINK(""https://www.ice.com/products/83048534"",""ICE NGX IESO Financial Extended Peak Fixed Price"")","30908","OND","OND","","","Electricity","NGX OE PWR Swap","NGXC","NGXC","NGX Financial Power","OND"
"=HYPERLINK(""https://www.ice.com/products/83048535"",""ICE NGX IESO Financial Extended Peak Fixed Price"")","30909","ONE","ONE","","","Electricity","NGX OE PWR Swap","NGXC","NGXC","NGX Financial Power","ONE"
"=HYPERLINK(""https://www.ice.com/products/83048536"",""ICE NGX IESO Financial Extended Peak Fixed Price"")","30918","ONF","ONF","","","Electricity","NGX OE PWR Swap","NGXC","NGXC","NGX Financial Power","ONF"
"=HYPERLINK(""https://www.ice.com/products/83048537"",""ICE NGX IESO Financial Extended Peak Fixed Price"")","30919","ONG","ONG","","","Electricity","NGX OE PWR Swap","NGXC","NGXC","NGX Financial Power","ONG"
"=HYPERLINK(""https://www.ice.com/products/83048538"",""ICE NGX IESO Financial Extended Peak Fixed Price"")","30928","OPD","OPD","","","Electricity","NGX OE PWR Swap","NGXC","NGXC","NGX Financial Power","OPD"
"=HYPERLINK(""https://www.ice.com/products/83048539"",""ICE NGX IESO Financial Extended Peak Fixed Price"")","30929","OPE","OPE","","","Electricity","NGX OE PWR Swap","NGXC","NGXC","NGX Financial Power","OPE"
"=HYPERLINK(""https://www.ice.com/products/83048540"",""ICE NGX IESO Financial Extended Peak Fixed Price"")","30938","OPF","OPF","","","Electricity","NGX OE PWR Swap","NGXC","NGXC","NGX Financial Power","OPF"
"=HYPERLINK(""https://www.ice.com/products/83048541"",""ICE NGX IESO Financial Extended Peak Fixed Price"")","30939","OPG","OPG","","","Electricity","NGX OE PWR Swap","NGXC","NGXC","NGX Financial Power","OPG"
"=HYPERLINK(""https://www.ice.com/products/83048542"",""ICE NGX IESO Financial Extended Peak Fixed Price"")","30948","OLD","OLD","","","Electricity","NGX OE PWR Swap","NGXC","NGXC","NGX Financial Power","OLD"
"=HYPERLINK(""https://www.ice.com/products/83048543"",""ICE NGX IESO Financial Extended Peak Fixed Price"")","30949","OLE","OLE","","","Electricity","NGX OE PWR Swap","NGXC","NGXC","NGX Financial Power","OLE"
"=HYPERLINK(""https://www.ice.com/products/83048544"",""ICE NGX IESO Financial Extended Peak Fixed Price"")","30958","OLF","OLF","","","Electricity","NGX OE PWR Swap","NGXC","NGXC","NGX Financial Power","OLF"
"=HYPERLINK(""https://www.ice.com/products/83048545"",""ICE NGX IESO Financial Extended Peak Fixed Price"")","30959","OLG","OLG","","","Electricity","NGX OE PWR Swap","NGXC","NGXC","NGX Financial Power","OLG"
"=HYPERLINK(""https://www.ice.com/products/83048546"",""ICE NGX IESO Financial Extended Peak Fixed Price"")","30968","O3D","O3D","","","Electricity","NGX OE PWR Swap","NGXC","NGXC","NGX Financial Power","O3D"
"=HYPERLINK(""https://www.ice.com/products/83048547"",""ICE NGX IESO Financial Extended Peak Fixed Price"")","30969","O3E","O3E","","","Electricity","NGX OE PWR Swap","NGXC","NGXC","NGX Financial Power","O3E"
"=HYPERLINK(""https://www.ice.com/products/83048548"",""ICE NGX IESO Financial Extended Peak Fixed Price"")","30978","O3F","O3F","","","Electricity","NGX OE PWR Swap","NGXC","NGXC","NGX Financial Power","O3F"
"=HYPERLINK(""https://www.ice.com/products/83048549"",""ICE NGX IESO Financial Extended Peak Fixed Price"")","30979","O3G","O3G","","","Electricity","NGX OE PWR Swap","NGXC","NGXC","NGX Financial Power","O3G"
"=HYPERLINK(""https://www.ice.com/products/83048813"",""ICE NGX IESO Financial Extended Peak Fixed Price"")","30989","OOE","OOE","","","Electricity","NGX OE PWR Swap","NGXC","NGXC","NGX Financial Power","OOE"
"=HYPERLINK(""https://www.ice.com/products/83048558"",""ICE NGX IESO Financial Extended Peak Fixed Price"")","30998","OOF","OOF","","","Electricity","NGX OE PWR Swap","NGXC","NGXC","NGX Financial Power","OOF"
"=HYPERLINK(""https://www.ice.com/products/83048814"",""ICE NGX IESO Financial Extended Peak Fixed Price"")","30999","OOG","OOG","","","Electricity","NGX OE PWR Swap","NGXC","NGXC","NGX Financial Power","OOG"
"=HYPERLINK(""https://www.ice.com/products/83048557"",""ICE NGX IESO Financial Extended Peak Fixed Price"")","31008","OSD","OSD","","","Electricity","NGX OE PWR Swap","NGXC","NGXC","NGX Financial Power","OSD"
"=HYPERLINK(""https://www.ice.com/products/83048815"",""ICE NGX IESO Financial Extended Peak Fixed Price"")","31009","OSE","OSE","","","Electricity","NGX OE PWR Swap","NGXC","NGXC","NGX Financial Power","OSE"
"=HYPERLINK(""https://www.ice.com/products/83048556"",""ICE NGX IESO Financial Extended Peak Fixed Price"")","31018","OSF","OSF","","","Electricity","NGX OE PWR Swap","NGXC","NGXC","NGX Financial Power","OSF"
"=HYPERLINK(""https://www.ice.com/products/83048816"",""ICE NGX IESO Financial Extended Peak Fixed Price"")","31019","OSG","OSG","","","Electricity","NGX OE PWR Swap","NGXC","NGXC","NGX Financial Power","OSG"
"=HYPERLINK(""https://www.ice.com/products/83048555"",""ICE NGX IESO Financial Extended Peak Fixed Price"")","31028","OTD","OTD","","","Electricity","NGX OE PWR Swap","NGXC","NGXC","NGX Financial Power","OTD"
"=HYPERLINK(""https://www.ice.com/products/83048817"",""ICE NGX IESO Financial Extended Peak Fixed Price"")","31029","OTE","OTE","","","Electricity","NGX OE PWR Swap","NGXC","NGXC","NGX Financial Power","OTE"
"=HYPERLINK(""https://www.ice.com/products/83048554"",""ICE NGX IESO Financial Extended Peak Fixed Price"")","31038","OTF","OTF","","","Electricity","NGX OE PWR Swap","NGXC","NGXC","NGX Financial Power","OTF"
"=HYPERLINK(""https://www.ice.com/products/83048818"",""ICE NGX IESO Financial Extended Peak Fixed Price"")","31039","OTG","OTG","","","Electricity","NGX OE PWR Swap","NGXC","NGXC","NGX Financial Power","OTG"
"=HYPERLINK(""https://www.ice.com/products/83048553"",""ICE NGX IESO Financial Extended Peak Fixed Price"")","31048","OJD","OJD","","","Electricity","NGX OE PWR Swap","NGXC","NGXC","NGX Financial Power","OJD"
"=HYPERLINK(""https://www.ice.com/products/83048819"",""ICE NGX IESO Financial Extended Peak Fixed Price"")","31049","OJE","OJE","","","Electricity","NGX OE PWR Swap","NGXC","NGXC","NGX Financial Power","OJE"
"=HYPERLINK(""https://www.ice.com/products/83048552"",""ICE NGX IESO Financial Extended Peak Fixed Price"")","31058","OJF","OJF","","","Electricity","NGX OE PWR Swap","NGXC","NGXC","NGX Financial Power","OJF"
"=HYPERLINK(""https://www.ice.com/products/83048820"",""ICE NGX IESO Financial Extended Peak Fixed Price"")","31059","OJG","OJG","","","Electricity","NGX OE PWR Swap","NGXC","NGXC","NGX Financial Power","OJG"
"=HYPERLINK(""https://www.ice.com/products/83048551"",""ICE NGX IESO Financial Extended Peak Fixed Price"")","31068","OWD","OWD","","","Electricity","NGX OE PWR Swap","NGXC","NGXC","NGX Financial Power","OWD"
"=HYPERLINK(""https://www.ice.com/products/83048821"",""ICE NGX IESO Financial Extended Peak Fixed Price"")","31069","OWE","OWE","","","Electricity","NGX OE PWR Swap","NGXC","NGXC","NGX Financial Power","OWE"
"=HYPERLINK(""https://www.ice.com/products/83048550"",""ICE NGX IESO Financial Extended Peak Fixed Price"")","31078","OWF","OWF","","","Electricity","NGX OE PWR Swap","NGXC","NGXC","NGX Financial Power","OWF"
"=HYPERLINK(""https://www.ice.com/products/83048822"",""ICE NGX IESO Financial Extended Peak Fixed Price"")","31079","OWG","OWG","","","Electricity","NGX OE PWR Swap","NGXC","NGXC","NGX Financial Power","OWG"
"=HYPERLINK(""https://www.ice.com/products/83048381"",""ICE NGX IESO Financial Flat Fixed Price"")","30890","OZ2","OZ2","","","Electricity","NGX OF PWR Swap","NGXC","NGXC","NGX Financial Power","OZ2"
"=HYPERLINK(""https://www.ice.com/products/83048382"",""ICE NGX IESO Financial Flat Fixed Price"")","30891","OZ3","OZ3","","","Electricity","NGX OF PWR Swap","NGXC","NGXC","NGX Financial Power","OZ3"
"=HYPERLINK(""https://www.ice.com/products/83048383"",""ICE NGX IESO Financial Flat Fixed Price"")","30900","ON1","ON1","","","Electricity","NGX OF PWR Swap","NGXC","NGXC","NGX Financial Power","ON1"
"=HYPERLINK(""https://www.ice.com/products/83048384"",""ICE NGX IESO Financial Flat Fixed Price"")","30901","ON2","ON2","","","Electricity","NGX OF PWR Swap","NGXC","NGXC","NGX Financial Power","ON2"
"=HYPERLINK(""https://www.ice.com/products/83048385"",""ICE NGX IESO Financial Flat Fixed Price"")","30910","ON3","ON3","","","Electricity","NGX OF PWR Swap","NGXC","NGXC","NGX Financial Power","ON3"
"=HYPERLINK(""https://www.ice.com/products/83048386"",""ICE NGX IESO Financial Flat Fixed Price"")","30911","ON4","ON4","","","Electricity","NGX OF PWR Swap","NGXC","NGXC","NGX Financial Power","ON4"
"=HYPERLINK(""https://www.ice.com/products/83048389"",""ICE NGX IESO Financial Flat Fixed Price"")","30920","OP1","OP1","","","Electricity","NGX OF PWR Swap","NGXC","NGXC","NGX Financial Power","OP1"
"=HYPERLINK(""https://www.ice.com/products/83048390"",""ICE NGX IESO Financial Flat Fixed Price"")","30921","OP2","OP2","","","Electricity","NGX OF PWR Swap","NGXC","NGXC","NGX Financial Power","OP2"
"=HYPERLINK(""https://www.ice.com/products/83048387"",""ICE NGX IESO Financial Flat Fixed Price"")","30930","OP3","OP3","","","Electricity","NGX OF PWR Swap","NGXC","NGXC","NGX Financial Power","OP3"
"=HYPERLINK(""https://www.ice.com/products/83048391"",""ICE NGX IESO Financial Flat Fixed Price"")","30931","OP4","OP4","","","Electricity","NGX OF PWR Swap","NGXC","NGXC","NGX Financial Power","OP4"
"=HYPERLINK(""https://www.ice.com/products/83048392"",""ICE NGX IESO Financial Flat Fixed Price"")","30940","OL1","OL1","","","Electricity","NGX OF PWR Swap","NGXC","NGXC","NGX Financial Power","OL1"
"=HYPERLINK(""https://www.ice.com/products/83048393"",""ICE NGX IESO Financial Flat Fixed Price"")","30941","OL2","OL2","","","Electricity","NGX OF PWR Swap","NGXC","NGXC","NGX Financial Power","OL2"
"=HYPERLINK(""https://www.ice.com/products/83048394"",""ICE NGX IESO Financial Flat Fixed Price"")","30950","OL3","OL3","","","Electricity","NGX OF PWR Swap","NGXC","NGXC","NGX Financial Power","OL3"
"=HYPERLINK(""https://www.ice.com/products/83048395"",""ICE NGX IESO Financial Flat Fixed Price"")","30951","OL4","OL4","","","Electricity","NGX OF PWR Swap","NGXC","NGXC","NGX Financial Power","OL4"
"=HYPERLINK(""https://www.ice.com/products/83048396"",""ICE NGX IESO Financial Flat Fixed Price"")","30960","O31","O31","","","Electricity","NGX OF PWR Swap","NGXC","NGXC","NGX Financial Power","O31"
"=HYPERLINK(""https://www.ice.com/products/83048397"",""ICE NGX IESO Financial Flat Fixed Price"")","30961","O32","O32","","","Electricity","NGX OF PWR Swap","NGXC","NGXC","NGX Financial Power","O32"
"=HYPERLINK(""https://www.ice.com/products/83048398"",""ICE NGX IESO Financial Flat Fixed Price"")","30970","O33","O33","","","Electricity","NGX OF PWR Swap","NGXC","NGXC","NGX Financial Power","O33"
"=HYPERLINK(""https://www.ice.com/products/83048399"",""ICE NGX IESO Financial Flat Fixed Price"")","30971","O34","O34","","","Electricity","NGX OF PWR Swap","NGXC","NGXC","NGX Financial Power","O34"
"=HYPERLINK(""https://www.ice.com/products/83048400"",""ICE NGX IESO Financial Flat Fixed Price"")","30980","OO1","OO1","","","Electricity","NGX OF PWR Swap","NGXC","NGXC","NGX Financial Power","OO1"
"=HYPERLINK(""https://www.ice.com/products/83048401"",""ICE NGX IESO Financial Flat Fixed Price"")","30981","OO2","OO2","","","Electricity","NGX OF PWR Swap","NGXC","NGXC","NGX Financial Power","OO2"
"=HYPERLINK(""https://www.ice.com/products/83048402"",""ICE NGX IESO Financial Flat Fixed Price"")","30990","OO3","OO3","","","Electricity","NGX OF PWR Swap","NGXC","NGXC","NGX Financial Power","OO3"
"=HYPERLINK(""https://www.ice.com/products/83048403"",""ICE NGX IESO Financial Flat Fixed Price"")","30991","OO4","OO4","","","Electricity","NGX OF PWR Swap","NGXC","NGXC","NGX Financial Power","OO4"
"=HYPERLINK(""https://www.ice.com/products/83048404"",""ICE NGX IESO Financial Flat Fixed Price"")","31000","OS1","OS1","","","Electricity","NGX OF PWR Swap","NGXC","NGXC","NGX Financial Power","OS1"
"=HYPERLINK(""https://www.ice.com/products/83048405"",""ICE NGX IESO Financial Flat Fixed Price"")","31001","OS2","OS2","","","Electricity","NGX OF PWR Swap","NGXC","NGXC","NGX Financial Power","OS2"
"=HYPERLINK(""https://www.ice.com/products/83048406"",""ICE NGX IESO Financial Flat Fixed Price"")","31010","OS3","OS3","","","Electricity","NGX OF PWR Swap","NGXC","NGXC","NGX Financial Power","OS3"
"=HYPERLINK(""https://www.ice.com/products/83048407"",""ICE NGX IESO Financial Flat Fixed Price"")","31011","OS4","OS4","","","Electricity","NGX OF PWR Swap","NGXC","NGXC","NGX Financial Power","OS4"
"=HYPERLINK(""https://www.ice.com/products/83048408"",""ICE NGX IESO Financial Flat Fixed Price"")","31020","OT1","OT1","","","Electricity","NGX OF PWR Swap","NGXC","NGXC","NGX Financial Power","OT1"
"=HYPERLINK(""https://www.ice.com/products/83048409"",""ICE NGX IESO Financial Flat Fixed Price"")","31021","OT2","OT2","","","Electricity","NGX OF PWR Swap","NGXC","NGXC","NGX Financial Power","OT2"
"=HYPERLINK(""https://www.ice.com/products/83048433"",""ICE NGX IESO Financial Flat Fixed Price"")","31030","OT3","OT3","","","Electricity","NGX OF PWR Swap","NGXC","NGXC","NGX Financial Power","OT3"
"=HYPERLINK(""https://www.ice.com/products/83048434"",""ICE NGX IESO Financial Flat Fixed Price"")","31031","OT4","OT4","","","Electricity","NGX OF PWR Swap","NGXC","NGXC","NGX Financial Power","OT4"
"=HYPERLINK(""https://www.ice.com/products/83048435"",""ICE NGX IESO Financial Flat Fixed Price"")","31040","OJ1","OJ1","","","Electricity","NGX OF PWR Swap","NGXC","NGXC","NGX Financial Power","OJ1"
"=HYPERLINK(""https://www.ice.com/products/83048436"",""ICE NGX IESO Financial Flat Fixed Price"")","31041","OJ2","OJ2","","","Electricity","NGX OF PWR Swap","NGXC","NGXC","NGX Financial Power","OJ2"
"=HYPERLINK(""https://www.ice.com/products/83048437"",""ICE NGX IESO Financial Flat Fixed Price"")","31050","OJ3","OJ3","","","Electricity","NGX OF PWR Swap","NGXC","NGXC","NGX Financial Power","OJ3"
"=HYPERLINK(""https://www.ice.com/products/83048438"",""ICE NGX IESO Financial Flat Fixed Price"")","31051","OJ4","OJ4","","","Electricity","NGX OF PWR Swap","NGXC","NGXC","NGX Financial Power","OJ4"
"=HYPERLINK(""https://www.ice.com/products/83048439"",""ICE NGX IESO Financial Flat Fixed Price"")","31060","OW1","OW1","","","Electricity","NGX OF PWR Swap","NGXC","NGXC","NGX Financial Power","OW1"
"=HYPERLINK(""https://www.ice.com/products/83048440"",""ICE NGX IESO Financial Flat Fixed Price"")","31061","OW2","OW2","","","Electricity","NGX OF PWR Swap","NGXC","NGXC","NGX Financial Power","OW2"
"=HYPERLINK(""https://www.ice.com/products/83048441"",""ICE NGX IESO Financial Flat Fixed Price"")","31070","OW3","OW3","","","Electricity","NGX OF PWR Swap","NGXC","NGXC","NGX Financial Power","OW3"
"=HYPERLINK(""https://www.ice.com/products/83048442"",""ICE NGX IESO Financial Flat Fixed Price"")","31071","OW4","OW4","","","Electricity","NGX OF PWR Swap","NGXC","NGXC","NGX Financial Power","OW4"
"=HYPERLINK(""https://www.ice.com/products/83048728"",""ICE NGX IESO Financial Off Peak Fixed Price"")","30953","OLC","OLC","","","Electricity","NGX OO PWR Swap","NGXC","NGXC","NGX Financial Power","OLC"
"=HYPERLINK(""https://www.ice.com/products/83048729"",""ICE NGX IESO Financial Off Peak Fixed Price"")","30962","O39","O39","","","Electricity","NGX OO PWR Swap","NGXC","NGXC","NGX Financial Power","O39"
"=HYPERLINK(""https://www.ice.com/products/83048730"",""ICE NGX IESO Financial Off Peak Fixed Price"")","30963","O3A","O3A","","","Electricity","NGX OO PWR Swap","NGXC","NGXC","NGX Financial Power","O3A"
"=HYPERLINK(""https://www.ice.com/products/83048731"",""ICE NGX IESO Financial Off Peak Fixed Price"")","30972","O3B","O3B","","","Electricity","NGX OO PWR Swap","NGXC","NGXC","NGX Financial Power","O3B"
"=HYPERLINK(""https://www.ice.com/products/83048732"",""ICE NGX IESO Financial Off Peak Fixed Price"")","30973","O3C","O3C","","","Electricity","NGX OO PWR Swap","NGXC","NGXC","NGX Financial Power","O3C"
"=HYPERLINK(""https://www.ice.com/products/83048733"",""ICE NGX IESO Financial Off Peak Fixed Price"")","30982","OO9","OO9","","","Electricity","NGX OO PWR Swap","NGXC","NGXC","NGX Financial Power","OO9"
"=HYPERLINK(""https://www.ice.com/products/83048734"",""ICE NGX IESO Financial Off Peak Fixed Price"")","30983","OOA","OOA","","","Electricity","NGX OO PWR Swap","NGXC","NGXC","NGX Financial Power","OOA"
"=HYPERLINK(""https://www.ice.com/products/83048735"",""ICE NGX IESO Financial Off Peak Fixed Price"")","30992","OOB","OOB","","","Electricity","NGX OO PWR Swap","NGXC","NGXC","NGX Financial Power","OOB"
"=HYPERLINK(""https://www.ice.com/products/83048736"",""ICE NGX IESO Financial Off Peak Fixed Price"")","30993","OOC","OOC","","","Electricity","NGX OO PWR Swap","NGXC","NGXC","NGX Financial Power","OOC"
"=HYPERLINK(""https://www.ice.com/products/83048737"",""ICE NGX IESO Financial Off Peak Fixed Price"")","31002","OS9","OS9","","","Electricity","NGX OO PWR Swap","NGXC","NGXC","NGX Financial Power","OS9"
"=HYPERLINK(""https://www.ice.com/products/83048738"",""ICE NGX IESO Financial Off Peak Fixed Price"")","31003","OSA","OSA","","","Electricity","NGX OO PWR Swap","NGXC","NGXC","NGX Financial Power","OSA"
"=HYPERLINK(""https://www.ice.com/products/83048739"",""ICE NGX IESO Financial Off Peak Fixed Price"")","31012","OSB","OSB","","","Electricity","NGX OO PWR Swap","NGXC","NGXC","NGX Financial Power","OSB"
"=HYPERLINK(""https://www.ice.com/products/83048740"",""ICE NGX IESO Financial Off Peak Fixed Price"")","31013","OSC","OSC","","","Electricity","NGX OO PWR Swap","NGXC","NGXC","NGX Financial Power","OSC"
"=HYPERLINK(""https://www.ice.com/products/83048753"",""ICE NGX IESO Financial Off Peak Fixed Price"")","31022","OT9","OT9","","","Electricity","NGX OO PWR Swap","NGXC","NGXC","NGX Financial Power","OT9"
"=HYPERLINK(""https://www.ice.com/products/83048754"",""ICE NGX IESO Financial Off Peak Fixed Price"")","31023","OTA","OTA","","","Electricity","NGX OO PWR Swap","NGXC","NGXC","NGX Financial Power","OTA"
"=HYPERLINK(""https://www.ice.com/products/83048755"",""ICE NGX IESO Financial Off Peak Fixed Price"")","31032","OTB","OTB","","","Electricity","NGX OO PWR Swap","NGXC","NGXC","NGX Financial Power","OTB"
"=HYPERLINK(""https://www.ice.com/products/83048756"",""ICE NGX IESO Financial Off Peak Fixed Price"")","31033","OTC","OTC","","","Electricity","NGX OO PWR Swap","NGXC","NGXC","NGX Financial Power","OTC"
"=HYPERLINK(""https://www.ice.com/products/83048757"",""ICE NGX IESO Financial Off Peak Fixed Price"")","31042","OJ9","OJ9","","","Electricity","NGX OO PWR Swap","NGXC","NGXC","NGX Financial Power","OJ9"
"=HYPERLINK(""https://www.ice.com/products/83048758"",""ICE NGX IESO Financial Off Peak Fixed Price"")","31043","OJA","OJA","","","Electricity","NGX OO PWR Swap","NGXC","NGXC","NGX Financial Power","OJA"
"=HYPERLINK(""https://www.ice.com/products/83048759"",""ICE NGX IESO Financial Off Peak Fixed Price"")","31052","OJB","OJB","","","Electricity","NGX OO PWR Swap","NGXC","NGXC","NGX Financial Power","OJB"
"=HYPERLINK(""https://www.ice.com/products/83048760"",""ICE NGX IESO Financial Off Peak Fixed Price"")","31053","OJC","OJC","","","Electricity","NGX OO PWR Swap","NGXC","NGXC","NGX Financial Power","OJC"
"=HYPERLINK(""https://www.ice.com/products/83048761"",""ICE NGX IESO Financial Off Peak Fixed Price"")","31062","OW9","OW9","","","Electricity","NGX OO PWR Swap","NGXC","NGXC","NGX Financial Power","OW9"
"=HYPERLINK(""https://www.ice.com/products/83048762"",""ICE NGX IESO Financial Off Peak Fixed Price"")","31063","OWA","OWA","","","Electricity","NGX OO PWR Swap","NGXC","NGXC","NGX Financial Power","OWA"
"=HYPERLINK(""https://www.ice.com/products/83048763"",""ICE NGX IESO Financial Off Peak Fixed Price"")","31072","OWB","OWB","","","Electricity","NGX OO PWR Swap","NGXC","NGXC","NGX Financial Power","OWB"
"=HYPERLINK(""https://www.ice.com/products/83048764"",""ICE NGX IESO Financial Off Peak Fixed Price"")","31073","OWC","OWC","","","Electricity","NGX OO PWR Swap","NGXC","NGXC","NGX Financial Power","OWC"
"=HYPERLINK(""https://www.ice.com/products/83048445"",""ICE NGX IESO Financial Peak Fixed Price"")","30894","OZQ","OZQ","","","Electricity","NGX OP PWR Swap","NGXC","NGXC","NGX Financial Power","OZQ"
"=HYPERLINK(""https://www.ice.com/products/83048446"",""ICE NGX IESO Financial Peak Fixed Price"")","30895","OZR","OZR","","","Electricity","NGX OP PWR Swap","NGXC","NGXC","NGX Financial Power","OZR"
"=HYPERLINK(""https://www.ice.com/products/83048447"",""ICE NGX IESO Financial Peak Fixed Price"")","30914","ON7","ON7","","","Electricity","NGX OP PWR Swap","NGXC","NGXC","NGX Financial Power","ON7"
"=HYPERLINK(""https://www.ice.com/products/83048448"",""ICE NGX IESO Financial Peak Fixed Price"")","30915","ON8","ON8","","","Electricity","NGX OP PWR Swap","NGXC","NGXC","NGX Financial Power","ON8"
"=HYPERLINK(""https://www.ice.com/products/83048449"",""ICE NGX IESO Financial Peak Fixed Price"")","30924","OP5","OP5","","","Electricity","NGX OP PWR Swap","NGXC","NGXC","NGX Financial Power","OP5"
"=HYPERLINK(""https://www.ice.com/products/83048450"",""ICE NGX IESO Financial Peak Fixed Price"")","30925","OP6","OP6","","","Electricity","NGX OP PWR Swap","NGXC","NGXC","NGX Financial Power","OP6"
"=HYPERLINK(""https://www.ice.com/products/83048451"",""ICE NGX IESO Financial Peak Fixed Price"")","30934","OP7","OP7","","","Electricity","NGX OP PWR Swap","NGXC","NGXC","NGX Financial Power","OP7"
"=HYPERLINK(""https://www.ice.com/products/83048452"",""ICE NGX IESO Financial Peak Fixed Price"")","30935","OP8","OP8","","","Electricity","NGX OP PWR Swap","NGXC","NGXC","NGX Financial Power","OP8"
"=HYPERLINK(""https://www.ice.com/products/83048453"",""ICE NGX IESO Financial Peak Fixed Price"")","30944","OL5","OL5","","","Electricity","NGX OP PWR Swap","NGXC","NGXC","NGX Financial Power","OL5"
"=HYPERLINK(""https://www.ice.com/products/83048454"",""ICE NGX IESO Financial Peak Fixed Price"")","30945","OL6","OL6","","","Electricity","NGX OP PWR Swap","NGXC","NGXC","NGX Financial Power","OL6"
"=HYPERLINK(""https://www.ice.com/products/83048455"",""ICE NGX IESO Financial Peak Fixed Price"")","30954","OL7","OL7","","","Electricity","NGX OP PWR Swap","NGXC","NGXC","NGX Financial Power","OL7"
"=HYPERLINK(""https://www.ice.com/products/83048456"",""ICE NGX IESO Financial Peak Fixed Price"")","30955","OL8","OL8","","","Electricity","NGX OP PWR Swap","NGXC","NGXC","NGX Financial Power","OL8"
"=HYPERLINK(""https://www.ice.com/products/83048473"",""ICE NGX IESO Financial Peak Fixed Price"")","30964","O35","O35","","","Electricity","NGX OP PWR Swap","NGXC","NGXC","NGX Financial Power","O35"
"=HYPERLINK(""https://www.ice.com/products/83048474"",""ICE NGX IESO Financial Peak Fixed Price"")","30965","O36","O36","","","Electricity","NGX OP PWR Swap","NGXC","NGXC","NGX Financial Power","O36"
"=HYPERLINK(""https://www.ice.com/products/83048475"",""ICE NGX IESO Financial Peak Fixed Price"")","30974","O37","O37","","","Electricity","NGX OP PWR Swap","NGXC","NGXC","NGX Financial Power","O37"
"=HYPERLINK(""https://www.ice.com/products/83048476"",""ICE NGX IESO Financial Peak Fixed Price"")","30975","O38","O38","","","Electricity","NGX OP PWR Swap","NGXC","NGXC","NGX Financial Power","O38"
"=HYPERLINK(""https://www.ice.com/products/83048477"",""ICE NGX IESO Financial Peak Fixed Price"")","30984","OO5","OO5","","","Electricity","NGX OP PWR Swap","NGXC","NGXC","NGX Financial Power","OO5"
"=HYPERLINK(""https://www.ice.com/products/83048478"",""ICE NGX IESO Financial Peak Fixed Price"")","30985","OO6","OO6","","","Electricity","NGX OP PWR Swap","NGXC","NGXC","NGX Financial Power","OO6"
"=HYPERLINK(""https://www.ice.com/products/83048479"",""ICE NGX IESO Financial Peak Fixed Price"")","30994","OO7","OO7","","","Electricity","NGX OP PWR Swap","NGXC","NGXC","NGX Financial Power","OO7"
"=HYPERLINK(""https://www.ice.com/products/83048480"",""ICE NGX IESO Financial Peak Fixed Price"")","30995","OO8","OO8","","","Electricity","NGX OP PWR Swap","NGXC","NGXC","NGX Financial Power","OO8"
"=HYPERLINK(""https://www.ice.com/products/83048489"",""ICE NGX IESO Financial Peak Fixed Price"")","31004","OS5","OS5","","","Electricity","NGX OP PWR Swap","NGXC","NGXC","NGX Financial Power","OS5"
"=HYPERLINK(""https://www.ice.com/products/83048490"",""ICE NGX IESO Financial Peak Fixed Price"")","31005","OS6","OS6","","","Electricity","NGX OP PWR Swap","NGXC","NGXC","NGX Financial Power","OS6"
"=HYPERLINK(""https://www.ice.com/products/83048492"",""ICE NGX IESO Financial Peak Fixed Price"")","31014","OS7","OS7","","","Electricity","NGX OP PWR Swap","NGXC","NGXC","NGX Financial Power","OS7"
"=HYPERLINK(""https://www.ice.com/products/83048493"",""ICE NGX IESO Financial Peak Fixed Price"")","31015","OS8","OS8","","","Electricity","NGX OP PWR Swap","NGXC","NGXC","NGX Financial Power","OS8"
"=HYPERLINK(""https://www.ice.com/products/83048494"",""ICE NGX IESO Financial Peak Fixed Price"")","31024","OT5","OT5","","","Electricity","NGX OP PWR Swap","NGXC","NGXC","NGX Financial Power","OT5"
"=HYPERLINK(""https://www.ice.com/products/83048495"",""ICE NGX IESO Financial Peak Fixed Price"")","31025","OT6","OT6","","","Electricity","NGX OP PWR Swap","NGXC","NGXC","NGX Financial Power","OT6"
"=HYPERLINK(""https://www.ice.com/products/83048496"",""ICE NGX IESO Financial Peak Fixed Price"")","31034","OT7","OT7","","","Electricity","NGX OP PWR Swap","NGXC","NGXC","NGX Financial Power","OT7"
"=HYPERLINK(""https://www.ice.com/products/83048497"",""ICE NGX IESO Financial Peak Fixed Price"")","31035","OT8","OT8","","","Electricity","NGX OP PWR Swap","NGXC","NGXC","NGX Financial Power","OT8"
"=HYPERLINK(""https://www.ice.com/products/83048500"",""ICE NGX IESO Financial Peak Fixed Price"")","31044","OJ5","OJ5","","","Electricity","NGX OP PWR Swap","NGXC","NGXC","NGX Financial Power","OJ5"
"=HYPERLINK(""https://www.ice.com/products/83048501"",""ICE NGX IESO Financial Peak Fixed Price"")","31045","OJ6","OJ6","","","Electricity","NGX OP PWR Swap","NGXC","NGXC","NGX Financial Power","OJ6"
"=HYPERLINK(""https://www.ice.com/products/83048502"",""ICE NGX IESO Financial Peak Fixed Price"")","31054","OJ7","OJ7","","","Electricity","NGX OP PWR Swap","NGXC","NGXC","NGX Financial Power","OJ7"
"=HYPERLINK(""https://www.ice.com/products/83048504"",""ICE NGX IESO Financial Peak Fixed Price"")","31055","OJ8","OJ8","","","Electricity","NGX OP PWR Swap","NGXC","NGXC","NGX Financial Power","OJ8"
"=HYPERLINK(""https://www.ice.com/products/83048505"",""ICE NGX IESO Financial Peak Fixed Price"")","31064","OW5","OW5","","","Electricity","NGX OP PWR Swap","NGXC","NGXC","NGX Financial Power","OW5"
"=HYPERLINK(""https://www.ice.com/products/83048506"",""ICE NGX IESO Financial Peak Fixed Price"")","31065","OW6","OW6","","","Electricity","NGX OP PWR Swap","NGXC","NGXC","NGX Financial Power","OW6"
"=HYPERLINK(""https://www.ice.com/products/83048508"",""ICE NGX IESO Financial Peak Fixed Price"")","31074","OW7","OW7","","","Electricity","NGX OP PWR Swap","NGXC","NGXC","NGX Financial Power","OW7"
"=HYPERLINK(""https://www.ice.com/products/83048509"",""ICE NGX IESO Financial Peak Fixed Price"")","31075","OW8","OW8","","","Electricity","NGX OP PWR Swap","NGXC","NGXC","NGX Financial Power","OW8"
"=HYPERLINK(""https://www.ice.com/products/83048603"",""Iroquois (Into) (Platts) Fixed Price"")","31172","IRP","IRP","","","Natural Gas","Basis Master","ICEU","IFED","Financial Gas","IRP"
"=HYPERLINK(""https://www.ice.com/products/83048315"",""Iroquois (into) Physical Inside FERC"")","22899","DR2","DR2","","","Natural Gas","IROIN MOPhysGas","NGXC","IEPA","Physical Gas","DR2"
"=HYPERLINK(""https://www.ice.com/products/83048605"",""Iroquois-Z2 (Platts) Fixed Price"")","31174","IZP","IZP","","","Natural Gas","Basis Master","ICEU","IFED","Financial Gas","IZP"
"=HYPERLINK(""https://www.ice.com/products/83048660"",""Jet CIF NWE Cargoes vs Brent 1st Line Average Price Option"")","31156","JNB","JNB","QK","","Crude Oil and Refined Products","O-Cracks bbl","ICEU","IFEU","Oil","JNB"
"=HYPERLINK(""https://www.ice.com/products/83048317"",""KRGT Del Pool Physical Basis LD1"")","22900","DR3","DR3","","","Natural Gas","KRGTD MOPhysGas","NGXC","IEPA","Physical Gas","DR3"
"=HYPERLINK(""https://www.ice.com/products/83048318"",""KRGT Rec Pool Physical Basis LD1"")","22901","DR4","DR4","","","Natural Gas","KRGTR MOPhysGas","NGXC","IEPA","Physical Gas","DR4"
"=HYPERLINK(""https://www.ice.com/products/37089076"",""London Cocoa Futures"")","15246","C","CCO","LA","","Cocoa","Cocoa UK","ICEU","IFLX","Liffe Commodities","C"
"=HYPERLINK(""https://www.ice.com/products/37650336"",""Long Gilt Future"")","6446","R","R","","","Medium/Long Term Interest Rates","Gilt Bond Fut","ICEU","IFLL","Liffe Bonds","R"
"=HYPERLINK(""https://www.ice.com/products/34361119"",""Low Sulphur Gasoil Futures"")","5817","G","ULS","GL","","Crude Oil and Refined Products","IPE e-Gas Oil","ICEU","IFEU","IPE Gas Oil Futures","G"
"=HYPERLINK(""https://www.ice.com/products/66380320"",""MICRO NYSE FANG+&trade; Index Futures"")","20327","FNG","FNG","BF","","IFUS Indices","IFUS FANG","ICUS","IFUS","IFUS ICE Indices","FNG"
"=HYPERLINK(""https://www.ice.com/products/6590349"",""MISO Indiana Hub Day-Ahead Peak Fixed Price Future"")","1860","MCC","MCC","AC","SM90","Electricity","Pwr East Mini","ICEU","IFED","Financial Power","MCC"
"=HYPERLINK(""https://www.ice.com/products/6590331"",""MISO Indiana Hub Real-Time Peak Fixed Price Future"")","19685","CIN","CIN","CN","0938","Electricity","Pwr East Mini","ICEU","IFED","Financial Power","CIN"
"=HYPERLINK(""https://www.ice.com/products/32375864"",""MSCI ACWI NTR Index Future"")","5585","MMW","MMW","B\","","MSCI Indices","MSCI DEV","ICUS","IFUS","IFUS Equity Indices","MMW"
"=HYPERLINK(""https://www.ice.com/products/71248327"",""MSCI Brazil NTR  Index Future"")","15371","MCG","MC7","H6","","MSCI Indices","MSCI Fut UNRSTD","ICEU","IFLL","Liffe Index Futures - Non-US Restricted","MCG"
"=HYPERLINK(""https://www.ice.com/products/31196848"",""MSCI EAFE Index Future"")","5571","MFS","MFS","FS","","MSCI Indices","MSCI DEV","ICUS","IFUS","IFUS Equity Indices","MFS"
"=HYPERLINK(""https://www.ice.com/products/32375861"",""MSCI Emerging Markets Asia (NTR) Index Futures"")","5587","ASN","ASN","B?","","MSCI Indices","MSCI EM","ICUS","IFUS","IFUS Equity Indices","ASN"
"=HYPERLINK(""https://www.ice.com/products/31196851"",""MSCI Emerging Markets Index Futures"")","5575","MME","MME","ME","","MSCI Indices","MSCI EM","ICUS","IFUS","IFUS Equity Indices","MME"
"=HYPERLINK(""https://www.ice.com/products/83048013"",""Micro MSCI GCC NTR USD Index Future"")","30470","GAC","GAC","","","MSCI Indices","MSCI IFAD US","ICEU","IFAD","IFAD Financials - Non-US Restricted","GAC"
"=HYPERLINK(""https://www.ice.com/products/83048014"",""Micro MSCI India NTR USD Index Future"")","30473","INA","INA","","","MSCI Indices","MSCI IFAD US","ICEU","IFAD","IFAD Financials - Non-US Restricted","INA"
"=HYPERLINK(""https://www.ice.com/products/83048015"",""Micro MSCI Qatar Net Total Return USD Index Future"")","30476","QAT","QAT","","","MSCI Indices","MSCI NTR IFAD","ICEU","IFAD","IFAD Financials","QAT"
"=HYPERLINK(""https://www.ice.com/products/83048016"",""Micro MSCI UAE NTR USD Index Future"")","30479","UAE","UAE","","","MSCI Indices","MSCI NTR IFAD","ICEU","IFAD","IFAD Financials","UAE"
"=HYPERLINK(""https://www.ice.com/products/69088330"",""Midland WTI American Gulf Coast Future"")","22160","HOU","HOU","LY","","Crude Oil and Refined Products","Midland WTI","ICEU","IFEU","Midland WTI Futures","HOU"
"=HYPERLINK(""https://www.ice.com/products/83048609"",""NGPL STX Fixed Price"")","31178","NSV","NSV","","","Natural Gas","Basis Master","ICEU","IFED","Financial Gas","NSV"
"=HYPERLINK(""https://www.ice.com/products/83048600"",""NNG Demarc Fixed Price"")","31164","DEN","DEN","","","Natural Gas","Basis Master","ICEU","IFED","Financial Gas","DEN"
"=HYPERLINK(""https://www.ice.com/products/83048607"",""NWP Sumas Fixed Price"")","31176","NST","NST","","","Natural Gas","Basis Master","ICEU","IFED","Financial Gas","NST"
"=HYPERLINK(""https://www.ice.com/products/83048658"",""Naphtha Diff - Middle East Naphtha FOB Arab Gulf (Platts) vs Naphtha C+F Japan Cargoes (Platts) Future"")","31249","NEJ","NEJ","","","Crude Oil and Refined Products","Ref Diffs mt","ICEU","IFEU","Oil","NEJ"
"=HYPERLINK(""https://www.ice.com/products/83048657"",""Naphtha Diff - Naphtha FOB Med Cargoes (Platts) vs Naphtha CIF NWE Cargoes (Platts) Future"")","31247","NEF","NEF","","","Crude Oil and Refined Products","Ref Diffs mt","ICEU","IFEU","Oil","NEF"
"=HYPERLINK(""https://www.ice.com/products/6590309"",""Natural Gasoline, OPIS Mt. Belvieu Non-TET Future"")","1635","NGE","NGE","ZF","QM96","Natural Gas Liquids","NGL Master","ICEU","IFED","Financial NGL","NGE"
"=HYPERLINK(""https://www.ice.com/products/6590306"",""Normal Butane, OPIS Mt. Belvieu Non-TET Future"")","1633","NBI","NBI","ZD","QM94","Natural Gas Liquids","NGL Master","ICEU","IFED","Financial NGL","NBI"
"=HYPERLINK(""https://www.ice.com/products/83048610"",""ONEOK Gas Transportation Fixed Price"")","31180","OKA","OKA","","","Natural Gas","Basis Master","ICEU","IFED","Financial Gas","OKA"
"=HYPERLINK(""https://www.ice.com/products/49883947"",""Option On Henry Penultimate Fixed Price Future 25K"")","16963","HHP","HNG","C9","","Natural Gas","O-HH Pen 25k","ICEU","IFED","Henry Hub","HHP"
"=HYPERLINK(""https://www.ice.com/products/55410820"",""Option on Henry Penultimate 4-Month Calendar Spread Future"")","18890","HHR","HHR","0M","","Natural Gas","O-Henry CSO","ICEU","IFED","Financial Gas","HHR"
"=HYPERLINK(""https://www.ice.com/products/55410821"",""Option on Henry Penultimate 5-Month Calendar Spread Future"")","18891","HHV","HHV","0N","","Natural Gas","O-Henry CSO","ICEU","IFED","Financial Gas","HHV"
"=HYPERLINK(""https://www.ice.com/products/6590274"",""Option on Henry Penultimate Fixed Price Future"")","2930","PHE","HNG","PH","O759","Natural Gas","O-Henry Hub (Pen)","ICEU","IFED","Henry Hub","PHE"
"=HYPERLINK(""https://www.ice.com/products/83048054"",""Options - California Low Carbon Fuel Standard Futures"")","30530","CCF","CCF","","","Biofuels","O-Phys LCFS","ICEU","IFED","Physical Oil Americas","CCF"
"=HYPERLINK(""https://www.ice.com/products/83048051"",""Oregon Clean Fuels Program Futures"")","30526","OCP","OCP","","","Biofuels","Phys LCFS","ICEU","IFED","Physical Oil Americas","OCP"
"=HYPERLINK(""https://www.ice.com/products/64286882"",""PJM Day Day-Ahead Peak Fixed Price Future"")","19849","DCP","DCP","I2","","Electricity","Pwr East Mini","ICEU","IFED","Financial Power","DCP"
"=HYPERLINK(""https://www.ice.com/products/6590366"",""PJM Western Hub Day-Ahead Peak Fixed Price Future"")","1858","PJC","PJC","AA","SM88","Electricity","Pwr East Mini","ICEU","IFED","Financial Power","PJC"
"=HYPERLINK(""https://www.ice.com/products/6590282"",""Propane, Argus CIF ARA Future"")","1900","APC","APC","A6","SN16","Natural Gas Liquids","NGL Master","ICEU","IFED","Financial NGL","APC"
"=HYPERLINK(""https://www.ice.com/products/6590281"",""Propane, Argus Far East Index (AFEI) Future"")","2447","AFE","AFE","QS","","Natural Gas Liquids","NGL Master","ICEU","IFED","Financial NGL","AFE"
"=HYPERLINK(""https://www.ice.com/products/6590316"",""Propane, Argus Saudi CP Future"")","2448","SCP","SCP","QT","","Natural Gas Liquids","NGL Master","ICEU","IFED","Financial NGL","SCP"
"=HYPERLINK(""https://www.ice.com/products/6590314"",""Propane, OPIS Mt. Belvieu TET Future"")","1509","PRL","PRL","RL","QJ66","Natural Gas Liquids","NGL Master","ICEU","IFED","Financial NGL","PRL"
"=HYPERLINK(""https://www.ice.com/products/61989100"",""Propane, OPIS Mt. Belvieu TET vs Propane, Argus CIF ARA Future"")","19488","CEK","CEK","HQ","","Natural Gas Liquids","NGL Master","ICEU","IFED","Financial NGL","CEK"
"=HYPERLINK(""https://www.ice.com/products/68361254"",""Regional Greenhouse Gas Initiative Vintage 2020 Future"")","20503","RGS","RGS","LS","","Physical Environmental","RGGI","ICEU","IFED","Physical Environmental","RGS"
"=HYPERLINK(""https://www.ice.com/products/37089079"",""Robusta Coffee Futures"")","15247","RC","RC","RC","","Coffee","Robusta","ICEU","IFLX","Liffe Commodities","RC"
"=HYPERLINK(""https://www.ice.com/products/65623382"",""Silver Daily Futures"")","20038","HIO","HIO","AV","","Precious Metals","Daily SilverMst","ICUS","IFUS","Daily Metals","HIO"
"=HYPERLINK(""https://www.ice.com/products/83048613"",""Sonat Fixed Price"")","31184","SFP","SFP","","","Natural Gas","Basis Master","ICEU","IFED","Financial Gas","SWP"
"=HYPERLINK(""https://www.ice.com/products/83048612"",""Southern Star TX OK KS Fixed Price"")","31182","OUP","OUP","","","Natural Gas","Basis Master","ICEU","IFED","Financial Gas","OUP"
"=HYPERLINK(""https://www.ice.com/products/23"",""Sugar No. 11 Futures"")","582","SB","SB ","27","2055","Sugar","Sugar No 11","ICUS","IFUS","Sugar No 11","SB"
"=HYPERLINK(""https://www.ice.com/products/914"",""Sugar No. 16 Futures"")","1384","SF","SF ","SF","","Sugar","Sugar No 16","ICUS","IFUS","Sugar No 16","SF"
"=HYPERLINK(""https://www.ice.com/products/83048618"",""TETCO ELA Fixed Price"")","31194","TE9","TE9","","","Natural Gas","Basis Master","ICEU","IFED","Financial Gas","TE9"
"=HYPERLINK(""https://www.ice.com/products/83048597"",""TETCO M2 Fixed Price Future (Receipts)"")","31160","BM1","BM1","","","Natural Gas","Basis Master","ICEU","IFED","Financial Gas","BM1"
"=HYPERLINK(""https://www.ice.com/products/83048615"",""TETCO STX Fixed Price"")","31188","SXP","SXP","","","Natural Gas","Basis Master","ICEU","IFED","Financial Gas","SXP"
"=HYPERLINK(""https://www.ice.com/products/83048647"",""TETCO WLA Fixed Price"")","31218","WLA","WLA","","","Natural Gas","Basis Master","ICEU","IFED","Financial Gas","WLA"
"=HYPERLINK(""https://www.ice.com/products/83048635"",""TGT Zone 1 Fixed Price"")","31198","TGC","TGC","","","Natural Gas","Basis Master","ICEU","IFED","Financial Gas","TGC"
"=HYPERLINK(""https://www.ice.com/products/83048620"",""Tennessee 500L Fixed Price"")","31196","TFK","TFK","","","Natural Gas","Basis Master","ICEU","IFED","Financial Gas","TFK"
"=HYPERLINK(""https://www.ice.com/products/83048642"",""Tennessee 800L Fixed Price"")","31208","TS9","TS9","","","Natural Gas","Basis Master","ICEU","IFED","Financial Gas","TS9"
"=HYPERLINK(""https://www.ice.com/products/83048640"",""Tennessee Zone 0 Fixed Price"")","31204","TS0","TS0","","","Natural Gas","Basis Master","ICEU","IFED","Financial Gas","TS0"
"=HYPERLINK(""https://www.ice.com/products/83048637"",""Tennessee Zone 4 200L Fixed Price"")","31200","TN4","TN4","","","Natural Gas","Basis Master","ICEU","IFED","Financial Gas","TN4"
"=HYPERLINK(""https://www.ice.com/products/83048641"",""Tennessee Zone 6 200L South Fixed Price"")","31206","TS6","TS6","","","Natural Gas","Basis Master","ICEU","IFED","Financial Gas","TS6"
"=HYPERLINK(""https://www.ice.com/products/83048614"",""Transco Station 65 (Zone 3) Fixed Price"")","31186","ST9","ST9","","","Natural Gas","Basis Master","ICEU","IFED","Financial Gas","ST9"
"=HYPERLINK(""https://www.ice.com/products/83048617"",""Transco Station 65 Fixed Price Future"")","31192","TCB","TCB","","","Natural Gas","Basis Master","ICEU","IFED","Financial Gas","TCB"
"=HYPERLINK(""https://www.ice.com/products/83048639"",""Transco Station 85 (Zone 4) Fixed Price"")","31202","TR9","TR9","","","Natural Gas","Basis Master","ICEU","IFED","Financial Gas","TR9"
"=HYPERLINK(""https://www.ice.com/products/83048643"",""Transco Zone 5 Fixed Price"")","31210","TZ5","TZ5","","","Natural Gas","Basis Master","ICEU","IFED","Financial Gas","TZ5"
"=HYPERLINK(""https://www.ice.com/products/83048616"",""Transco Zone 5 South Fixed Price"")","31190","T5Z","T5Z","","","Natural Gas","Basis Master","ICEU","IFED","Financial Gas","T5Z"
"=HYPERLINK(""https://www.ice.com/products/83048644"",""Transco Zone 6 (NY) Fixed Price"")","31212","TZ6","TZ6","","","Natural Gas","Basis Master","ICEU","IFED","Financial Gas","TZ6"
"=HYPERLINK(""https://www.ice.com/products/83048645"",""Trunkline Z1A Future"")","31214","TZ9","TZ9","","","Natural Gas","Basis Master","ICEU","IFED","Financial Gas","TZ9"
"=HYPERLINK(""https://www.ice.com/products/910"",""UK NBP Natural Gas Futures"")","236","M","GWM","WM","0960","Natural Gas","IPE Nat Gas","ICEU","IFEU","IPE Natural Gas Futures","GWM"
"=HYPERLINK(""https://www.ice.com/products/194"",""US Dollar Index&reg; Futures"")","608","DX","DX ","XD","2211","ICE U.S. Dollar Index (USDX)","US Dollar Index","ICUS","IFUS","US Dollar Index","DX"
"=HYPERLINK(""https://www.ice.com/products/213"",""WTI Crude Futures"")","425","T","WBS","CS","R755","Crude Oil and Refined Products","ICE WTI","ICEU","IFEU","ICE WTI Crude Futures","WBS"
"=HYPERLINK(""https://www.ice.com/products/66168788"",""Weekly Average Price on PJM Western Hub Real-Time Peak Fixed Price Future"")","20091","PJH","PJH","J2","","Electricity","Pwr East Daily","ICEU","IFED","Financial Power","PJH"
"=HYPERLINK(""https://www.ice.com/products/37089080"",""White Sugar Futures"")","15249","W","WSG","LU","","Sugar","White Sugar","ICEU","IFLX","Liffe Commodities","W"
"=HYPERLINK(""https://www.ice.com/products/1137"",""globalCOAL Newcastle Coal Futures"")","1459","NCF","NCF","N1","QG65","Coal","Coal Newc","ICEU","IFEU","gC Newcastle Coal Futures","NCF"
"=HYPERLINK(""https://www.ice.com/products/37042679"","" Diesel Diff - Group 3 ULSD (Platts) vs Heating Oil 1st Line Future"")","15549","GUH","GUH","(F","","Crude Oil and Refined Products","Am Ref Diff bbl","ICEU","IFED","Oil Americas","GUH"
"=HYPERLINK(""https://www.ice.com/products/38716771"",""3i Group Plc"")","8434","III","III","","","Single Stock Options","","ICEU","IFLO","Liffe Equity Derivatives - Non-US Based","III"
"=HYPERLINK(""https://www.ice.com/products/64286867"",""AB NIT (7a/5a) Index Future"")","19836","NG7","NG7","JA","","Natural Gas","Canada Index","ICEU","IFED","Financial Gas","NG7"
"=HYPERLINK(""https://www.ice.com/products/64286868"",""AB NIT 5a Swing Future (US/MM)"")","19837","NG5","NG5","JB","","Natural Gas","Canada Swing","ICEU","IFED","Financial Gas","NG5"
"=HYPERLINK(""https://www.ice.com/products/69723159"",""AB NIT Fixed Price Future"")","21725","FQN","FQN","K:","","Natural Gas","Basis Master","ICEU","IFED","Financial Gas","FQN"
"=HYPERLINK(""https://www.ice.com/products/6590173"",""AB NIT Index Future"")","465","AIS","AIS","Y8","QM89","Natural Gas","Canada Index","ICEU","IFED","Financial Gas","AIS"
"=HYPERLINK(""https://www.ice.com/products/6590220"",""AB NIT Swing Future"")","501","ASS","ASS","YV","QM79","Natural Gas","Canada Swing","ICEU","IFED","Financial Gas","ASS"
"=HYPERLINK(""https://www.ice.com/products/6590127"",""ANR SE (Louisiana) Basis Future  "")","1881","CGM","CGM","AZ","SN09","Natural Gas","Southeast Basis","ICEU","IFED","Financial Gas","CGM"
"=HYPERLINK(""https://www.ice.com/products/6590175"",""ANR SE (Louisiana) Index Future"")","3156","API","API","M2","","Natural Gas","Southeast Index","ICEU","IFED","Financial Gas","API"
"=HYPERLINK(""https://www.ice.com/products/55113450"",""ANR SE (Louisiana) Physical Basis LD1"")","1834","XTE","XTE","","","Natural Gas","ANRSE MOPhysGas","NGXC","IEPA","Physical Gas","XTE"
"=HYPERLINK(""https://www.ice.com/products/3306617"",""ANR SE (Louisiana) Physical Fixed Price Monthly"")","1828","XTB","XTB","","","Natural Gas","ANRSE MOPhysGas","NGXC","IEPA","Physical Gas","XTB"
"=HYPERLINK(""https://www.ice.com/products/3306641"",""ANR SE (Louisiana) Physical Fixed Price Spot"")","1830","XTA","XTA","","","Natural Gas","ANRSE SPPhysGas","NGXC","IEPA","Physical Gas","XTA"
"=HYPERLINK(""https://www.ice.com/products/3351001"",""ANR SE (Louisiana) Physical Gas Daily Monthly"")","1831","XTD","XTD","","","Natural Gas","ANRSE MOPhysGas","NGXC","IEPA","Physical Gas","XTD"
"=HYPERLINK(""https://www.ice.com/products/3350976"",""ANR SE (Louisiana) Physical Gas Daily Spot"")","1833","XTC","XTC","","","Natural Gas","ANRSE SPPhysGas","NGXC","IEPA","Physical Gas","XTC"
"=HYPERLINK(""https://www.ice.com/products/55113452"",""ANR SE (Louisiana) Physical Inside FERC"")","1835","XTF","XTF","","","Natural Gas","ANRSE MOPhysGas","NGXC","IEPA","Physical Gas","XTF"
"=HYPERLINK(""https://www.ice.com/products/6590219"",""ANR SE (Louisiana) Swing Future"")","3161","APS","APS","M3","","Natural Gas","Southeast Swing","ICEU","IFED","Financial Gas","APS"
"=HYPERLINK(""https://www.ice.com/products/6590125"",""ANR SW (Oklahoma) Basis Future "")","443","ANO","ANO","Y1","NG67","Natural Gas","Midcont Basis","ICEU","IFED","Financial Gas","ANO"
"=HYPERLINK(""https://www.ice.com/products/6590176"",""ANR SW (Oklahoma) Index Future"")","3155","AOI","AOI","MZ","","Natural Gas","Midcont Index","ICEU","IFED","Financial Gas","AOI"
"=HYPERLINK(""https://www.ice.com/products/3306636"",""ANR SW (Oklahoma) Physical Fixed Price Monthly"")","2979","XZM","XZM","Z*","","Natural Gas","ANRSW MOPhysGas","NGXC","IEPA","Physical Gas","XZM"
"=HYPERLINK(""https://www.ice.com/products/3306665"",""ANR SW (Oklahoma) Physical Fixed Price Spot"")","2981","XZL","XZL","","","Natural Gas","ANRSW SPPhysGas","NGXC","IEPA","Physical Gas","XZL"
"=HYPERLINK(""https://www.ice.com/products/3351020"",""ANR SW (Oklahoma) Physical Gas Daily Monthly"")","2982","XZO","XZO","","","Natural Gas","ANRSW MOPhysGas","NGXC","IEPA","Physical Gas","XZO"
"=HYPERLINK(""https://www.ice.com/products/3350996"",""ANR SW (Oklahoma) Physical Gas Daily Spot"")","2984","XZN","XZN","","","Natural Gas","ANRSW SPPhysGas","NGXC","IEPA","Physical Gas","XZN"
"=HYPERLINK(""https://www.ice.com/products/6590218"",""ANR SW (Oklahoma) Swing Future"")","3160","AOS","AOS","M1","","Natural Gas","Midcont Swing","ICEU","IFED","Financial Gas","AOS"
"=HYPERLINK(""https://www.ice.com/products/55250908"",""ANR-SW Physical Basis LD1"")","2986","XZP","XZP","","","Natural Gas","ANRSW MOPhysGas","NGXC","IEPA","Physical Gas","XZP"
"=HYPERLINK(""https://www.ice.com/products/34598266"",""APC ACE Physical Basis LD1"")","6371","XX0","XX0","","","Natural Gas","ACE MOPhysGas","NGXC","IEPA","Physical Gas","XX0"
"=HYPERLINK(""https://www.ice.com/products/34598261"",""APC ACE Physical Fixed Price Monthly"")","6377","XW9","XW9","","","Natural Gas","ACE MOPhysGas","NGXC","IEPA","Physical Gas","XW9"
"=HYPERLINK(""https://www.ice.com/products/34598262"",""APC ACE Physical Fixed Price Spot"")","6375","XW8","XW8","","","Natural Gas","ACE SPPhysGas","NGXC","IEPA","Physical Gas","XW8"
"=HYPERLINK(""https://www.ice.com/products/34598263"",""APC ACE Physical Gas Daily Monthly"")","6374","XX2","XX2","","","Natural Gas","ACE MOPhysGas","NGXC","IEPA","Physical Gas","XX2"
"=HYPERLINK(""https://www.ice.com/products/34598264"",""APC ACE Physical Gas Daily Spot"")","6372","XX1","XX1","","","Natural Gas","ACE SPPhysGas","NGXC","IEPA","Physical Gas","XX1"
"=HYPERLINK(""https://www.ice.com/products/34598265"",""APC ACE Physical Natural Gas Intelligence"")","6370","XX4","XX4","","","Natural Gas","ACE MOPhysGas","NGXC","IEPA","Physical Gas","XX4"
"=HYPERLINK(""https://www.ice.com/products/71090501"",""API2 Rotterdam Coal Average Price Options (Futures Style Margin)"")","22299","RCA","RCA","J@","","Coal","O-ICE Coal ARA","ICEU","IFEU","ICE Rotterdam Coal Futures","RCA"
"=HYPERLINK(""https://www.ice.com/products/64234307"",""API2 Rotterdam Coal Cal 1x Options (Futures Style Margin)"")","19878","ATD","ATD","RC","","Coal","O-ICE Coal ARA","ICEU","IFEU","ICE Rotterdam Coal Futures","ATD"
"=HYPERLINK(""https://www.ice.com/products/71090502"",""API2 Rotterdam Coal Options (Futures Style Margin)"")","22301","RCO","RCO","KB","","Coal","O-ICE Coal ARA","ICEU","IFEU","ICE Rotterdam Coal Futures","RCO"
"=HYPERLINK(""https://www.ice.com/products/64234308"",""API2 Rotterdam Coal Qtr 1x Options (Futures Style Margin)"")","19880","ATH","ATH","RQ","","Coal","O-ICE Coal ARA","ICEU","IFEU","ICE Rotterdam Coal Futures","ATH"
"=HYPERLINK(""https://www.ice.com/products/83049152"",""ART Carbon - CORSIA Eligible Emissions Units (2024-2026) Auction"")","32095","CPA","CPA","","","Emissions","","ICEU","IFEU","ICE Carbon Credit Auction","CPA"
"=HYPERLINK(""https://www.ice.com/products/83045621"",""ASOS Plc"")","29016","AAS","AAZ","","","Single Stock Options","O-LSE Master","ICEU","IFLO","Liffe Equity Derivatives - Non-US Based","AAS"
"=HYPERLINK(""https://www.ice.com/products/38716876"",""Aberdeen Group plc"")","10007","LFI","SL","","","Single Stock Options","","ICEU","IFLO","Liffe Equity Derivatives - Non-US Based","LFI"
"=HYPERLINK(""https://www.ice.com/products/82994074"",""Admiral Group Plc"")","28512","AE5","ADM","","","Single Stock Options","O-LSE Master","ICEU","IFLO","Liffe Equity Derivatives - Non-US Based","AE5"
"=HYPERLINK(""https://www.ice.com/products/83049806"",""Advanced Micro Devices Inc - STND Future"")","32506","8D9","8MD","","","Mini Stock Futures","MiniUSEquity","ICEU","IFLO","Mini Equity US-Restricted","8D9"
"=HYPERLINK(""https://www.ice.com/products/83047673"",""Agua Blanca Pool (inter) Fixed Price Monthly"")","22104","Z6U","Z6U","","","Natural Gas","AguaBinMOPhyGas","NGXC","IEPA","Physical Gas","Z6U"
"=HYPERLINK(""https://www.ice.com/products/83047674"",""Agua Blanca Pool (inter) Fixed Price Spot"")","22102","Z6T","Z6T","","","Natural Gas","AguaBinSPPhyGas","NGXC","IEPA","Physical Gas","Z6T"
"=HYPERLINK(""https://www.ice.com/products/83047675"",""Agua Blanca Pool (inter) Physical Basis LD1"")","22109","Z6Y","Z6Y","","","Natural Gas","AguaBinMOPhyGas","NGXC","IEPA","Physical Gas","Z6Y"
"=HYPERLINK(""https://www.ice.com/products/83047676"",""Agua Blanca Pool (inter) Physical Gas Daily Monthly"")","22107","Z6W","Z6W","","","Natural Gas","AguaBinMOPhyGas","NGXC","IEPA","Physical Gas","Z6W"
"=HYPERLINK(""https://www.ice.com/products/83047677"",""Agua Blanca Pool (inter) Physical Gas Daily Spot"")","22105","Z6V","Z6V","","","Natural Gas","AguaBinSPPhyGas","NGXC","IEPA","Physical Gas","Z6V"
"=HYPERLINK(""https://www.ice.com/products/83047678"",""Agua Blanca Pool (inter) Physical Inside FERC"")","22108","Z6X","Z6X","","","Natural Gas","AguaBinMOPhyGas","NGXC","IEPA","Physical Gas","Z6X"
"=HYPERLINK(""https://www.ice.com/products/83047153"",""Alberta Emission Offset Vintage 2017 Futures"")","29899","AOA","AOA","","","Physical Environmental","NGX AEO","NGXC","NGXC","NGX Physical Environmental","AOA"
"=HYPERLINK(""https://www.ice.com/products/83047154"",""Alberta Emission Offset Vintage 2018 Futures"")","29900","AOB","AOB","","","Physical Environmental","NGX AEO","NGXC","NGXC","NGX Physical Environmental","AOB"
"=HYPERLINK(""https://www.ice.com/products/83047155"",""Alberta Emission Offset Vintage 2019 Futures"")","29901","AOC","AOC","","","Physical Environmental","NGX AEO","NGXC","NGXC","NGX Physical Environmental","AOC"
"=HYPERLINK(""https://www.ice.com/products/83047156"",""Alberta Emission Offset Vintage 2020 Futures"")","29902","AOD","AOD","","","Physical Environmental","NGX AEO","NGXC","NGXC","NGX Physical Environmental","AOD"
"=HYPERLINK(""https://www.ice.com/products/83047157"",""Alberta Emission Offset Vintage 2021 Futures"")","29903","AOE","AOE","","","Physical Environmental","NGX AEO","NGXC","NGXC","NGX Physical Environmental","AOE"
"=HYPERLINK(""https://www.ice.com/products/83047158"",""Alberta Emission Offset Vintage 2022 Futures"")","29904","AOF","AOF","","","Physical Environmental","NGX AEO","NGXC","NGXC","NGX Physical Environmental","AOF"
"=HYPERLINK(""https://www.ice.com/products/83047159"",""Alberta Emission Offset Vintage 2023 Futures"")","29905","AOG","AOG","","","Physical Environmental","NGX AEO","NGXC","NGXC","NGX Physical Environmental","AOG"
"=HYPERLINK(""https://www.ice.com/products/83047160"",""Alberta Emission Offset Vintage 2024 Futures"")","29906","AOH","AOH","","","Physical Environmental","NGX AEO","NGXC","NGXC","NGX Physical Environmental","AOH"
"=HYPERLINK(""https://www.ice.com/products/83047161"",""Alberta Emission Offset Vintage 2025 Futures"")","29907","AOI","AOI","","","Physical Environmental","NGX AEO","NGXC","NGXC","NGX Physical Environmental","AOI"
"=HYPERLINK(""https://www.ice.com/products/83047162"",""Alberta Emission Performance Credit Vintage 2017 Futures"")","29889","AEA","AEA","","","Physical Environmental","NGX AEPC","NGXC","NGXC","NGX Physical Environmental","AEA"
"=HYPERLINK(""https://www.ice.com/products/83047163"",""Alberta Emission Performance Credit Vintage 2018 Futures"")","29890","AEB","AEB","","","Physical Environmental","NGX AEPC","NGXC","NGXC","NGX Physical Environmental","AEB"
"=HYPERLINK(""https://www.ice.com/products/83047164"",""Alberta Emission Performance Credit Vintage 2019 Futures"")","29891","AEC","AEC","","","Physical Environmental","NGX AEPC","NGXC","NGXC","NGX Physical Environmental","AEC"
"=HYPERLINK(""https://www.ice.com/products/83047165"",""Alberta Emission Performance Credit Vintage 2020 Futures"")","29892","AED","AED","","","Physical Environmental","NGX AEPC","NGXC","NGXC","NGX Physical Environmental","AED"
"=HYPERLINK(""https://www.ice.com/products/83047166"",""Alberta Emission Performance Credit Vintage 2021 Futures"")","29893","AEE","AEE","","","Physical Environmental","NGX AEPC","NGXC","NGXC","NGX Physical Environmental","AEE"
"=HYPERLINK(""https://www.ice.com/products/83047167"",""Alberta Emission Performance Credit Vintage 2022 Futures"")","29894","AEF","AEF","","","Physical Environmental","NGX AEPC","NGXC","NGXC","NGX Physical Environmental","AEF"
"=HYPERLINK(""https://www.ice.com/products/83047168"",""Alberta Emission Performance Credit Vintage 2023 Futures"")","29895","AEG","AEG","","","Physical Environmental","NGX AEPC","NGXC","NGXC","NGX Physical Environmental","AEG"
"=HYPERLINK(""https://www.ice.com/products/83047169"",""Alberta Emission Performance Credit Vintage 2024 Futures"")","29896","AEH","AEH","","","Physical Environmental","NGX AEPC","NGXC","NGXC","NGX Physical Environmental","AEH"
"=HYPERLINK(""https://www.ice.com/products/83047170"",""Alberta Emission Performance Credit Vintage 2025 Futures"")","29897","AEI","AEI","","","Physical Environmental","NGX AEPC","NGXC","NGXC","NGX Physical Environmental","AEI"
"=HYPERLINK(""https://www.ice.com/products/6590124"",""Algonquin Citygates Basis Future "")","2145","ALQ","ALQ","H9","","Natural Gas","Northeast Basis","ICEU","IFED","Financial Gas","ALQ"
"=HYPERLINK(""https://www.ice.com/products/71085626"",""Algonquin Citygates Fixed Price Future"")","22258","ALG","ALG","LN","","Natural Gas","Basis Master","ICEU","IFED","Financial Gas","ALG"
"=HYPERLINK(""https://www.ice.com/products/6590174"",""Algonquin Citygates Index Future"")","3034","ALI","ALI","A\","","Natural Gas","Northeast Index","ICEU","IFED","Financial Gas","ALI"
"=HYPERLINK(""https://www.ice.com/products/6590217"",""Algonquin Citygates Swing Future"")","3042","ALS","ALS","D\","","Natural Gas","Northeast Swing","ICEU","IFED","Financial Gas","ALS"
"=HYPERLINK(""https://www.ice.com/products/83049807"",""Alphabet - STND FUTURE"")","32507","8G9","8GO","","","Mini Stock Futures","MiniUSEquity","ICEU","IFLO","Mini Equity US-Restricted","8G9"
"=HYPERLINK(""https://www.ice.com/products/83049808"",""Amazon - STND Future"")","32508","8Z9","8AZ","","","Mini Stock Futures","MiniUSEquity","ICEU","IFLO","Mini Equity US-Restricted","8Z9"
"=HYPERLINK(""https://www.ice.com/products/83046799"",""Ammonia Outright - Ammonia CFR NWE (Weekly) (Platts) Future"")","29807","AOC","AOC","","","Crude Oil and Refined Products","Ref Outright mt","ICEU","IFEU","Oil","AOC"
"=HYPERLINK(""https://www.ice.com/products/82800207"",""Ammonia Outright - Argus Ammonia NWE CFR Future"")","28431","AOA","AOA","","","Crude Oil and Refined Products","Ref Outright mt","ICEU","IFEU","Oil","AOA"
"=HYPERLINK(""https://www.ice.com/products/83048632"",""Ammonia Outright - Argus Ammonia US Gulf CFR Future"")","31259","AOH","AOH","","","Crude Oil and Refined Products","Am Ref mt","ICEU","IFED","Oil Americas","AOH"
"=HYPERLINK(""https://www.ice.com/products/83049093"",""Ammonia Outright - Argus Ammonia US Gulf FOB Future"")","31541","AOX","AOX","","","Crude Oil and Refined Products","Am Ref mt","ICEU","IFED","Oil Americas","AOX"
"=HYPERLINK(""https://www.ice.com/products/80958473"",""Anglo American plc"")","26256","AFA","AFA","","","Single Stock Options","O-LSE Master","ICEU","IFLO","Liffe Equity Derivatives - Non-US Based","AFA"
"=HYPERLINK(""https://www.ice.com/products/83049227"",""Anglo American plc Mini"")","31750","8ZF","8ZF","","","Mini Single Stocks","O-Min UK Equity","ICEU","IFLO","Mini Equity Non-US Based","8ZF"
"=HYPERLINK(""https://www.ice.com/products/38716777"",""Antofagasta PLC"")","6918","ATT","ATT","","","Single Stock Options","","ICEU","IFLO","Liffe Equity Derivatives - Non-US Based","ANT"
"=HYPERLINK(""https://www.ice.com/products/83048593"",""Any Renewable Non-Biomass GO Futures"")","31220","GOY","GOY","","","Environmental","AIB GO","ICEU","NDEX","Guarantees of Origin","GOY"
"=HYPERLINK(""https://www.ice.com/products/83047735"",""Any Renewable Tech GO Futures"")","30468","GOZ","GOZ","","","Environmental","AIB GO","ICEU","NDEX","Guarantees of Origin","GOZ"
"=HYPERLINK(""https://www.ice.com/products/83049809"",""Apple Inc - STND Future"")","32509","89A","8AA","","","Mini Stock Futures","MiniUSEquity","ICEU","IFLO","Mini Equity US-Restricted","89A"
"=HYPERLINK(""https://www.ice.com/products/6753508"",""Argus Biodiesel FAME ZERO FOB ARA Range (RED Compliant) Future"")","2086","FAM","FAM","HJ","T037","Biofuels","Ref Outright mt","ICEU","IFEU","Oil","FAM"
"=HYPERLINK(""https://www.ice.com/products/6753469"",""Argus Biodiesel RME FOB ARA Range (RED Compliant) Future"")","2082","ABI","ABI","HI","T036","Biofuels","Ref Outright mt","ICEU","IFEU","Oil","ABI"
"=HYPERLINK(""https://www.ice.com/products/71544093"",""Argus Eurobob Non-Oxy FOB Rotterdam Barges Futures Balmo"")","23413","AEE","AEE","K?","","Crude Oil and Refined Products","Ref Outright mt","ICEU","IFEU","Oil","AEE"
"=HYPERLINK(""https://www.ice.com/products/19118093"",""Argus Eurobob OXY FOB Rotterdam Barges VS Platts Naphtha CIF NWE Cargoes Future"")","4354","EON","EON","0E","","Crude Oil and Refined Products","Ref Diffs mt","ICEU","IFEU","Oil","EON"
"=HYPERLINK(""https://www.ice.com/products/27089664"",""Argus Eurobob Oxy FOB Rotterdam Barges Average Price Options"")","5042","AEO","AEO","2Y","T035","Crude Oil and Refined Products","O-Ref Outright mt","ICEU","IFEU","Oil","AEO"
"=HYPERLINK(""https://www.ice.com/products/6753477"",""Argus Eurobob Oxy FOB Rotterdam Barges Balmo Future"")","23237","AEP","AEP","9Q","","Crude Oil and Refined Products","Ref Outright mt","ICEU","IFEU","Oil","AEP"
"=HYPERLINK(""https://www.ice.com/products/27066809"",""Argus Eurobob Oxy FOB Rotterdam Barges Mini Future"")","5033","AOM","AOM","RY","EH84","Crude Oil and Refined Products","Ref Outright mt","ICEU","IFEU","Oil","AOM"
"=HYPERLINK(""https://www.ice.com/products/20612228"",""Argus Eurobob Oxy FOB Rotterdam Barges vs Brent 1st Line Future (in Bbls)"")","4667","AEB","AEB","QW","","Crude Oil and Refined Products","Cracks bbl","ICEU","IFEU","Oil","AEB"
"=HYPERLINK(""https://www.ice.com/products/6753473"",""Argus LLS Future"")","3088","ARH","ARH","M@","","Crude Oil and Refined Products","Am Crude","ICEU","IFED","US Crude","ARH"
"=HYPERLINK(""https://www.ice.com/products/6753474"",""Argus Mars Future"")","3089","ARM","ARM","ME","","Crude Oil and Refined Products","Am Crude","ICEU","IFED","US Crude","ARM"
"=HYPERLINK(""https://www.ice.com/products/83047826"",""Argus SAF FOB ARA Range (RED Compliant) Future"")","30407","ZAF","ZAF","","","Biofuels","Ref Outright mt","ICEU","IFEU","Oil","ZAF"
"=HYPERLINK(""https://www.ice.com/products/83047825"",""Argus SAF FOB ARA Range (RED Compliant) vs Low Sulphur Gasoil 1st Line Future"")","30403","SAR","SAR","","","Biofuels","Ref Diffs mt","ICEU","IFEU","Oil","SAR"
"=HYPERLINK(""https://www.ice.com/products/83047827"",""Argus UCO FOB ARA Range (RED Compliant) Future"")","30405","UFA","UFA","","","Biofuels","Ref Outright mt","ICEU","IFEU","Oil","UFA"
"=HYPERLINK(""https://www.ice.com/products/83047822"",""Argus UCO FOB China Bulk (RED Compliant) Future"")","30391","BFT","BFT","","","Biofuels","Ref Outright mt","ICEU","IFEU","Oil","BFT"
"=HYPERLINK(""https://www.ice.com/products/83047824"",""Argus UCO FOB Strait of Malacca Bulk (RED Compliant) Future"")","30395","BFW","BFW","","","Biofuels","Ref Outright mt","ICEU","IFEU","Oil","BFW"
"=HYPERLINK(""https://www.ice.com/products/83047821"",""Argus UCOME FOB China Bulk (RED Compliant) Future"")","30389","BFR","BFR","","","Biofuels","Ref Outright mt","ICEU","IFEU","Oil","BFR"
"=HYPERLINK(""https://www.ice.com/products/83047823"",""Argus UCOME FOB Strait of Malacca Bulk (RED Compliant) Future"")","30393","BFU","BFU","","","Biofuels","Ref Outright mt","ICEU","IFEU","Oil","BFU"
"=HYPERLINK(""https://www.ice.com/products/79229924"",""Argus WTI Houston vs Dated Brent (Platts) future"")","25759","ACB","ACB","","","Crude Oil and Refined Products","Am Crude Diffs","ICEU","IFED","US Crude","ACB"
"=HYPERLINK(""https://www.ice.com/products/38716779"",""Ashtead Group PLC"")","6811","AH","AH0","","","Single Stock Options","","ICEU","IFLO","Liffe Equity Derivatives - Non-US Based","AH"
"=HYPERLINK(""https://www.ice.com/products/38716780"",""Associated British Foods PLC"")","6747","ABR","ABR","","","Single Stock Options","","ICEU","IFLO","Liffe Equity Derivatives - Non-US Based","ABF"
"=HYPERLINK(""https://www.ice.com/products/38716781"",""AstraZeneca PLC"")","7032","AZA","AZA","","","Single Stock Options","","ICEU","IFLO","Liffe Equity Derivatives - Non-US Based","AZA"
"=HYPERLINK(""https://www.ice.com/products/83049246"",""AstraZeneca plc Mini"")","31753","8ZA","8ZA","","","Mini Single Stocks","O-Min UK Equity","ICEU","IFLO","Mini Equity Non-US Based","8ZA"
"=HYPERLINK(""https://www.ice.com/products/81935176"",""Austrian CEGH VTP Natural Gas Daily Futures"")","24237","AVL","AVL","","","Natural Gas","EU Gas Daily","ICEU","NDEX","European Gas Futures","AVL"
"=HYPERLINK(""https://www.ice.com/products/71523204"",""Austrian CEGH VTP Natural Gas Futures"")","23358","AVM","AVM","A3","","Natural Gas","Austrian VTP BL","ICEU","NDEX","European Gas Futures","AVM"
"=HYPERLINK(""https://www.ice.com/products/82908537"",""Austrian Power Financial Base Daily Futures"")","28473","DBH","DBH","","","Electricity","Austrian PwrFin","ICEU","NDEX","EU Financial Power Futures","DBH"
"=HYPERLINK(""https://www.ice.com/products/65898944"",""Austrian Power Financial Base Futures"")","20067","AOT","AOT","AW","","Electricity","Austrian PwrFin","ICEU","NDEX","EU Financial Power Futures","AOT"
"=HYPERLINK(""https://www.ice.com/products/65898945"",""Austrian Power Financial Peak Futures"")","20068","AOU","AOU","AX","","Electricity","Austrian PwrFin","ICEU","NDEX","EU Financial Power Futures","AOU"
"=HYPERLINK(""https://www.ice.com/products/82994075"",""Auto Trader Group Plc"")","28516","AU5","AUA","","","Single Stock Options","O-LSE Master","ICEU","IFLO","Liffe Equity Derivatives - Non-US Based","AU5"
"=HYPERLINK(""https://www.ice.com/products/65898924"",""Average Price Option on PJM Western Hub Day-Ahead Peak (1 MW) Fixed Price Future"")","20135","PJF","PJC","JZ","","Electricity","O-Pwr East Mini","ICEU","IFED","Financial Power","PJF"
"=HYPERLINK(""https://www.ice.com/products/65898926"",""Average Price Option on PJM Western Hub Real-Time Peak (1 MW) Fixed Price Future"")","20136","PJG","PMI","","","Electricity","O-Pwr East Mini","ICEU","IFED","Financial Power","PJG"
"=HYPERLINK(""https://www.ice.com/products/38716782"",""Aviva PLC"")","7484","CUA","CUA","","","Single Stock Options","","ICEU","IFLO","Liffe Equity Derivatives - Non-US Based","CUA"
"=HYPERLINK(""https://www.ice.com/products/82994076"",""B&M European Value Retail SA"")","28518","BM5","BMA","","","Single Stock Options","O-LSE Master","ICEU","IFLO","Liffe Equity Derivatives - Non-US Based","BM5"
"=HYPERLINK(""https://www.ice.com/products/38716784"",""BAE Systems  PLC"")","6791","AER","AER","","","Single Stock Options","","ICEU","IFLO","Liffe Equity Derivatives - Non-US Based","AER"
"=HYPERLINK(""https://www.ice.com/products/83049226"",""BAE Systems plc Mini"")","31759","8ER","8ER","","","Mini Single Stocks","O-Min UK Equity","ICEU","IFLO","Mini Equity Non-US Based","8ER"
"=HYPERLINK(""https://www.ice.com/products/45360669"",""BHP Group Limited"")","16086","BTB","BTB","","","Single Stock Options","O-LSE Master","ICEU","IFLO","Liffe Equity Derivatives - Non-US Based","BTB"
"=HYPERLINK(""https://www.ice.com/products/83047264"",""BLPG (BLPG3) FFA - Houston to Chiba (Baltic) Balmo Future"")","30063","WFG","WFG","","","Wet Freight","Wet Freight","ICEU","IFEU","Wet Freight","WFG"
"=HYPERLINK(""https://www.ice.com/products/83049790"",""BOE MPC Rate Decision - Lower Rates"")","50237","MPL","MPL","","","Economic Indicators","IFEU EIC","ICEU","IFLL","IFEU Economic Indicators","MPL"
"=HYPERLINK(""https://www.ice.com/products/83049792"",""BOE MPC Rate Decision - Raise"")","50077","MPR","MPR","","","Economic Indicators","IFEU EIC","ICEU","IFLL","IFEU Economic Indicators","MPR"
"=HYPERLINK(""https://www.ice.com/products/83049791"",""BOE MPC Rate Decision - Unchanged"")","50247","MPS","MPS","","","Economic Indicators","IFEU EIC","ICEU","IFLL","IFEU Economic Indicators","MPS"
"=HYPERLINK(""https://www.ice.com/products/83049702"",""BOJ Dated TONA Futures"")","32355","BOJ","BOJ","","","Short Term Interest Rates","JPY Rates","ICEU","IFLL","ICE Global Interest Rates","BOJ"
"=HYPERLINK(""https://www.ice.com/products/38716789"",""BP PLC"")","7232","BP","BP","","","Single Stock Options","","ICEU","IFLO","Liffe Equity Derivatives - Non-US Based","BP"
"=HYPERLINK(""https://www.ice.com/products/38716793"",""BT Group PLC"")","7263","BTG","BTG","","","Single Stock Options","","ICEU","IFLO","Liffe Equity Derivatives - Non-US Based","BTG"
"=HYPERLINK(""https://www.ice.com/products/83049228"",""BT Group plc Mini"")","31772","8BG","8BG","","","Mini Single Stocks","O-Min UK Equity","ICEU","IFLO","Mini Equity Non-US Based","8BG"
"=HYPERLINK(""https://www.ice.com/products/38716783"",""Babcock International Group PLC"")","7130","BIG","BIG","","","Single Stock Options","","ICEU","IFLO","Liffe Equity Derivatives - Non-US Based","BIG"
"=HYPERLINK(""https://www.ice.com/products/83048584"",""Baltic Dry Index (BDI) Future"")","31357","BDI","BDI","","","Dry Freight","BalticDryIndex","ICEU","IFEU","Dry Freight","BDI"
"=HYPERLINK(""https://www.ice.com/products/38716785"",""Barclays PLC"")","7072","BBL","BBL","","","Single Stock Options","","ICEU","IFLO","Liffe Equity Derivatives - Non-US Based","BBL"
"=HYPERLINK(""https://www.ice.com/products/83049247"",""Barclays plc Mini"")","31762","8BL","8BL","","","Mini Single Stocks","O-Min UK Equity","ICEU","IFLO","Mini Equity Non-US Based","8TB"
"=HYPERLINK(""https://www.ice.com/products/38716786"",""Barratt Redrow plc"")","7088","BDV","BDE","","","Single Stock Options","","ICEU","IFLO","Liffe Equity Derivatives - Non-US Based","BDV"
"=HYPERLINK(""https://www.ice.com/products/83049096"",""Base Oils Outright - Base Oils Group II N100/120 FOB USGC Export (ICIS) Future"")","31544","BOU","BOU","","","Crude Oil and Refined Products","Am Ref mt","ICEU","IFED","Oil Americas","BOU"
"=HYPERLINK(""https://www.ice.com/products/83049113"",""Base Oils Outright - Base Oils Group II N150 FCA NWE Truck (ICIS) Future"")","31552","BOT","BOT","","","Crude Oil and Refined Products","Ref Outright mt","ICEU","IFEU","Oil","BOT"
"=HYPERLINK(""https://www.ice.com/products/83049114"",""Base Oils Outright - Base Oils Group II N150 FOB Asia (ICIS) Future"")","31554","BOF","BOF","","","Crude Oil and Refined Products","Ref Outright mt","ICEU","IFEU","Oil","BOF"
"=HYPERLINK(""https://www.ice.com/products/83049155"",""Beazley Plc"")","31495","BZL","BZL","","","Single Stock Options","O-LSE Master","ICEU","IFLO","Liffe Equity Derivatives - Non-US Based","BZL"
"=HYPERLINK(""https://www.ice.com/products/27993084"",""Belgian Power Base Futures"")","4326","BPB","BPB","CG","","Electricity","Belg Pwr Base","ICEU","NDEX","Belgian Power Futures","BPB"
"=HYPERLINK(""https://www.ice.com/products/82908521"",""Belgian Power Financial Base Daily Futures"")","28469","DBP","DBP","","","Electricity","Belgian Pwr Fin","ICEU","NDEX","EU Financial Power Futures","DBP"
"=HYPERLINK(""https://www.ice.com/products/57609945"",""Belgian Power Financial Base Futures"")","19031","BEB","BEB","AE","","Electricity","Belgian Pwr Fin","ICEU","NDEX","EU Financial Power Futures","BEB"
"=HYPERLINK(""https://www.ice.com/products/61971312"",""Belgian Power Financial Peak Futures"")","19482","BEP","BEP","AU","","Electricity","Belgian Pwr Fin","ICEU","NDEX","EU Financial Power Futures","BEP"
"=HYPERLINK(""https://www.ice.com/products/83046776"",""Benzene Contract Price, I.C.I.S. CIF NWE Future"")","29799","BZF","BZF","","","Petrochemicals","Aromatics Mstr","ICEU","IFED","Financial Monomers","BZF"
"=HYPERLINK(""https://www.ice.com/products/83049437"",""Benzene, CIF ARA (Platts) Future"")","32259","BPC","BPC","","","Natural Gas Liquids","Aromatics Mstr","ICEU","IFED","Financial Monomers","BPC"
"=HYPERLINK(""https://www.ice.com/products/31687029"",""Benzene, IHS MARKIT US Contract Price Future"")","5778","BUC","BUC","5H","","Petrochemicals","Aromatics Mstr","ICEU","IFED","Financial Monomers","BUC"
"=HYPERLINK(""https://www.ice.com/products/31687030"",""Benzene, IHS MARKIT US Index Fixed Price Future"")","5779","BUI","BUI","5I","","Petrochemicals","Aromatics Mstr","ICEU","IFED","Financial Monomers","BUI"
"=HYPERLINK(""https://www.ice.com/products/83047291"",""Berkeley Group Holdings (Std Option/Amer/Dlv)"")","30080","BGI","BKL","","","Single Stock Options","O-LSE Master","ICEU","IFLO","Liffe Equity Derivatives - Non-US Based","BGI"
"=HYPERLINK(""https://www.ice.com/products/83049388"",""Biodiesel Diff - Argus Biodiesel Advanced FAME Zero FOB ARA Range (RED Compliant) vs Low Sulphur Gasoil 1st Line Future"")","32254","BDG","BDG","","","Biofuels","Ref Diffs mt","ICEU","IFEU","Oil","BDG"
"=HYPERLINK(""https://www.ice.com/products/82280457"",""Biodiesel Diff - Argus Biodiesel FAME -10 FOB ARA Range (RED Compliant) vs Low Sulphur Gasoil 1st Line Future"")","27059","GNS","GNS","","","Biofuels","Ref Diffs mt","ICEU","IFEU","Oil","GNS"
"=HYPERLINK(""https://www.ice.com/products/31687084"",""Biodiesel Diff - Argus Biodiesel FAME Zero FOB ARA Range (RED Compliant) vs Low Sulphur Gasoil 1st Line Future"")","5724","BFZ","BFZ","3F","","Biofuels","Ref Diffs mt","ICEU","IFEU","Oil","BFZ"
"=HYPERLINK(""https://www.ice.com/products/31687085"",""Biodiesel Diff - Argus Biodiesel RME FOB ARA Range (RED Compliant) vs Low Sulphur Gasoil 1st Line Future"")","5725","BRI","BRI","3E","","Biofuels","Ref Diffs mt","ICEU","IFEU","Oil","BRI"
"=HYPERLINK(""https://www.ice.com/products/82461659"",""Biodiesel Diff - Argus HVO FOB ARA Range (Class II) vs Low Sulphur Gasoil 1st Line Future"")","27556","HVO","HVO","","","Biofuels","Ref Diffs mt","ICEU","IFEU","Oil","HVO"
"=HYPERLINK(""https://www.ice.com/products/83049389"",""Biodiesel Diff - Argus HVO FOB ARA Range (Class IV) vs Low Sulphur Gasoil 1st Line Future"")","32257","H4G","H4G","","","Biofuels","Ref Diffs mt","ICEU","IFEU","Oil","H4G"
"=HYPERLINK(""https://www.ice.com/products/79234929"",""Biodiesel Diff - Argus UCOME FOB ARA Range (RED Compliant) vs Low Sulphur Gasoil 1st Line Future"")","23775","UCR","UCR","","","Biofuels","Ref Diffs mt","ICEU","IFEU","Oil","UCR"
"=HYPERLINK(""https://www.ice.com/products/83047317"",""Biodiesel Diff - Los Angeles Renewable Diesel (OPIS) vs Heating Oil 1st Line Future"")","30035","RDO","RDO","","","Crude Oil and Refined Products","Am Ref Diff bbl","ICEU","IFED","Oil Americas","RDO"
"=HYPERLINK(""https://www.ice.com/products/83047319"",""Biodiesel Diff - Los Angeles Sustainable Aviation Fuel (OPIS) vs Heating Oil 1st Line Future"")","30037","SAD","SAD","","","Biofuels","Am Ref Diff bbl","ICEU","IFED","Oil Americas","SAD"
"=HYPERLINK(""https://www.ice.com/products/83049386"",""Biodiesel Outright - Argus Biodiesel Advanced FAME Zero FOB ARA Range (RED Compliant) Future"")","32253","BDF","BDF","","","Biofuels","Ref Outright mt","ICEU","IFEU","Oil","BDF"
"=HYPERLINK(""https://www.ice.com/products/83046616"",""Biodiesel Outright - Argus Biodiesel FAME Zero FOB ARA Range (RED Compliant) Mini Future"")","29127","FAZ","FAZ","","","Biofuels","Ref Outright mt","ICEU","IFEU","Oil","FAZ"
"=HYPERLINK(""https://www.ice.com/products/83046617"",""Biodiesel Outright - Argus Biodiesel RME FOB ARA Range (RED Compliant) Mini Future"")","29128","FAR","FAR","","","Biofuels","Ref Outright mt","ICEU","IFEU","Oil","FAR"
"=HYPERLINK(""https://www.ice.com/products/83049390"",""Biodiesel Outright - Argus HVO FOB ARA Range (Class IV) Future"")","32256","HV4","HV4","","","Biofuels","Ref Outright mt","ICEU","IFEU","Oil","HV4"
"=HYPERLINK(""https://www.ice.com/products/82461689"",""Biodiesel Outright - Argus UCOME FOB ARA Range (RED Compliant) Future"")","27555","BDB","BDB","","","Biofuels","Ref Outright mt","ICEU","IFEU","Oil","BDB"
"=HYPERLINK(""https://www.ice.com/products/83047316"",""Biodiesel Outright - Los Angeles Renewable Diesel (OPIS) Future"")","30034","RD1","RD1","","","Crude Oil and Refined Products","Am Ref bbl","ICEU","IFED","Oil Americas","RD1"
"=HYPERLINK(""https://www.ice.com/products/83047318"",""Biodiesel Outright - Los Angeles Sustainable Aviation Fuel (OPIS) Future"")","30036","SAH","SAH","","","Biofuels","Am Ref bbl","ICEU","IFED","Oil Americas","SAH"
"=HYPERLINK(""https://www.ice.com/products/31687086"",""Biodiesel Outright - Soybean Oil Penultimate Day 1st Line Balmo Future"")","23259","SOW","SOW","9*","","Biofuels","Ref Outright mt","ICEU","IFEU","Oil","SOW"
"=HYPERLINK(""https://www.ice.com/products/28659490"",""Biodiesel Outright - Soybean Oil Penultimate Day 1st Line Future"")","5278","SOY","SOY","WY","","Biofuels","Ref Outright mt","ICEU","IFEU","Oil","SOY"
"=HYPERLINK(""https://www.ice.com/products/83047776"",""Biodiesel Outright - US Gulf Coast Used Cooking Oil (Fastmarkets) Future"")","30426","UGC","UGC","","","Biofuels","Am Ref Diff bbl","ICEU","IFED","Oil Americas","UGC"
"=HYPERLINK(""https://www.ice.com/products/82461688"",""Biodiesel Outright – Argus HVO FOB ARA Range (Class II) Future"")","27554","BDA","BDA","","","Biofuels","Ref Outright mt","ICEU","IFEU","Oil","BDA"
"=HYPERLINK(""https://www.ice.com/products/82471470"",""Biofuel Diff - Argus US B99 NYH vs Heating Oil 1st Line Future"")","27572","B9N","B9N","","","Crude Oil and Refined Products","Am Ref Diff bbl","ICEU","IFED","Oil Americas","B9N"
"=HYPERLINK(""https://www.ice.com/products/82471471"",""Biofuel Diff - Argus US B99 NYH vs NYH ULSHO 1st Line Future"")","27573","B99","B99","","","Crude Oil and Refined Products","Am Ref Diff bbl","ICEU","IFED","Oil Americas","B99"
"=HYPERLINK(""https://www.ice.com/products/83047315"",""Biofuel Diff - RBD Soybean Oil Basis (Fastmarkets) Future"")","30046","SYB","SYB","","","Biofuels","Am Ref Diff bbl","ICEU","IFED","Oil Americas","SYB"
"=HYPERLINK(""https://www.ice.com/products/82471473"",""Biofuel Outright - Argus RVO Current Year Balmo Future"")","27577","BFF","BFF","","","Crude Oil and Refined Products","Am Ref gal","ICEU","IFED","Oil Americas","BFF"
"=HYPERLINK(""https://www.ice.com/products/82471492"",""Biofuel Outright - Argus RVO Current Year Balmo Mini Future"")","27579","BFK","BFK","","","Crude Oil and Refined Products","Am Ref gal","ICEU","IFED","Oil Americas","BFK"
"=HYPERLINK(""https://www.ice.com/products/82471465"",""Biofuel Outright - Argus RVO Current Year Mini Future"")","27578","BFB","BFB","","","Crude Oil and Refined Products","Am Ref gal","ICEU","IFED","Oil Americas","BFB"
"=HYPERLINK(""https://www.ice.com/products/82270937"",""Biofuel Outright - Argus RVO Future"")","27068","RVO","RVO","","","Biofuels","Am Ref bbl","ICEU","IFED","Oil Americas","RVO"
"=HYPERLINK(""https://www.ice.com/products/82471469"",""Biofuel Outright - Argus US B99 NYH Future"")","27571","BFD","BFD","","","Crude Oil and Refined Products","Am Ref bbl","ICEU","IFED","Oil Americas","BFD"
"=HYPERLINK(""https://www.ice.com/products/83045083"",""Biofuel Outright - D3 RINs (OPIS) Balmo Future"")","28900","ROT","ROT","","","Biofuels","Am Ref gal","ICEU","IFED","Oil Americas","ROT"
"=HYPERLINK(""https://www.ice.com/products/82471475"",""Biofuel Outright - D3 RINs (OPIS) Current Year Future"")","27580","BFH","BFH","","","Biofuels","Am Ref gal","ICEU","IFED","Oil Americas","BFH"
"=HYPERLINK(""https://www.ice.com/products/69732298"",""Biofuel Outright - D4 RINS (OPIS) Future"")","21781","RIK","RIK","LF","","Biofuels","Am Ref bbl","ICEU","IFED","Oil Americas","RIK"
"=HYPERLINK(""https://www.ice.com/products/69732300"",""Biofuel Outright - D4 RINS (OPIS) Previous Year Future"")","21782","RIL","RIL","LG","","Biofuels","Am Ref bbl","ICEU","IFED","Oil Americas","RIL"
"=HYPERLINK(""https://www.ice.com/products/83045081"",""Biofuel Outright - D4 RINs (OPIS) Balmo Future"")","28899","ROD","ROD","","","Biofuels","Am Ref bbl","ICEU","IFED","Oil Americas","ROD"
"=HYPERLINK(""https://www.ice.com/products/83048595"",""Biofuel Outright - D4 RINs (OPIS) Previous Year Balmo Future"")","31313","RIV","RIV","LX","","Biofuels","Am Ref bbl","ICEU","IFED","Oil Americas","RIV"
"=HYPERLINK(""https://www.ice.com/products/83045084"",""Biofuel Outright - D5 RINs (OPIS) Balmo Future"")","28901","ROF","ROF","","","Biofuels","Am Ref gal","ICEU","IFED","Oil Americas","ROF"
"=HYPERLINK(""https://www.ice.com/products/82471476"",""Biofuel Outright - D5 RINs (OPIS) Current Year Future"")","27581","BFI","BFI","","","Biofuels","Am Ref gal","ICEU","IFED","Oil Americas","BFI"
"=HYPERLINK(""https://www.ice.com/products/69732301"",""Biofuel Outright - D6 RINS (OPIS) Previous Year Future"")","21783","RIO","RIO","LH","","Biofuels","Am Ref bbl","ICEU","IFED","Oil Americas","RIO"
"=HYPERLINK(""https://www.ice.com/products/83045080"",""Biofuel Outright - D6 RINs (OPIS) Balmo Future"")","28898","ROS","ROS","","","Biofuels","Am Ref bbl","ICEU","IFED","Oil Americas","ROS"
"=HYPERLINK(""https://www.ice.com/products/68361253"",""Biofuel Outright - D6 RINs (OPIS) Future"")","20499","RIN","RIN","LX","","Biofuels","Am Ref bbl","ICEU","IFED","Oil Americas","RIN"
"=HYPERLINK(""https://www.ice.com/products/83048594"",""Biofuel Outright - D6 RINs (OPIS) Previous Year Balmo Future"")","31314","RIW","RIW","LX","","Biofuels","Am Ref bbl","ICEU","IFED","Oil Americas","RIW"
"=HYPERLINK(""https://www.ice.com/products/82471466"",""Biofuel Outright - Daily Argus RVO Current Year Future"")","27582","BFC","BFC","","","Crude Oil and Refined Products","Am Ref gal","ICEU","IFED","Oil Americas","BFC"
"=HYPERLINK(""https://www.ice.com/products/82471474"",""Biofuel Outright - Daily Argus RVO Current Year Mini Future"")","27583","BFG","BFG","","","Crude Oil and Refined Products","Am Ref gal","ICEU","IFED","Oil Americas","BFG"
"=HYPERLINK(""https://www.ice.com/products/82471472"",""Biofuel Outright - RVO (OPIS) Current Year Balmo Future"")","27584","BFE","BFE","","","Crude Oil and Refined Products","Am Ref gal","ICEU","IFED","Oil Americas","BFE"
"=HYPERLINK(""https://www.ice.com/products/82471491"",""Biofuel Outright - RVO (OPIS) Current Year Balmo Mini Future"")","27586","BFJ","BFJ","","","Crude Oil and Refined Products","Am Ref gal","ICEU","IFED","Oil Americas","BFJ"
"=HYPERLINK(""https://www.ice.com/products/82471464"",""Biofuel Outright - RVO (OPIS) Current Year Mini Future"")","27585","BFA","BFA","","","Crude Oil and Refined Products","Am Ref gal","ICEU","IFED","Oil Americas","BFA"
"=HYPERLINK(""https://www.ice.com/products/82270936"",""Biofuel Outright - RVO (OPIS) Future"")","27067","RVB","RVB","","","Biofuels","Am Ref bbl","ICEU","IFED","Oil Americas","RVB"
"=HYPERLINK(""https://www.ice.com/products/83047775"",""Biofuel Outright - Washington Clean Fuel Standard (OPIS) 1st Line Future"")","30430","WFS","WFS","","","Crude Oil and Refined Products","Am Ref mt","ICEU","IFED","Oil Americas","WFS"
"=HYPERLINK(""https://www.ice.com/products/6753495"",""Brent 1st Line Balmo Future"")","23239","BSQ","BSQ","9Z","","Crude Oil and Refined Products","Crude Outrights","ICEU","IFEU","Oil","BSQ"
"=HYPERLINK(""https://www.ice.com/products/27089668"",""Brent 1st Line Mini Future"")","4988","IMM","IMM","RV","EH81","Crude Oil and Refined Products","Crude Outrights","ICEU","IFEU","Oil","IMM"
"=HYPERLINK(""https://www.ice.com/products/11523783"",""Brent Average Price Options"")","4810","I","BRN","BS","P997","Crude Oil and Refined Products","O-Crude Outrights","ICEU","IFEU","Oil","BSP"
"=HYPERLINK(""https://www.ice.com/products/6753483"",""Brent Bullet Future"")","187","BNB","BRN","BN","SG25","Crude Oil and Refined Products","Crude Outrights","ICEU","IFEU","Oil","BNB"
"=HYPERLINK(""https://www.ice.com/products/218"",""Brent Crude American-style Options"")","598","B","BRN","BC","0952","Crude Oil and Refined Products","O-IPE e-Brent","ICEU","IFEU","IPE Brent Futures","BRN"
"=HYPERLINK(""https://www.ice.com/products/82908540"",""Brent Singapore Marker Penultimate Day 1st Line Balmo Future"")","28568","BSB","BSB","","","Crude Oil and Refined Products","Crude Outrights","ICEU","IFEU","Oil","BSB"
"=HYPERLINK(""https://www.ice.com/products/82908539"",""Brent Singapore Marker Penultimate Day 1st Line Future"")","28567","BSA","BSA","","","Crude Oil and Refined Products","Crude Outrights","ICEU","IFEU","Oil","BSA"
"=HYPERLINK(""https://www.ice.com/products/38716790"",""British American Tobacco  PLC"")","10184","TAB","TAB","","","Single Stock Options","","ICEU","IFLO","Liffe Equity Derivatives - Non-US Based","TAB"
"=HYPERLINK(""https://www.ice.com/products/83049248"",""British American Tobacco plc Mini"")","31761","8TB","8TB","","","Mini Single Stocks","O-Min UK Equity","ICEU","IFLO","Mini Equity Non-US Based","8BL"
"=HYPERLINK(""https://www.ice.com/products/83047828"",""British Columbia Low Carbon Fuel Standard (OPIS) 1st Line Future"")","30416","BCS","BCS","","","Biofuels","Am Ref mt CAD","ICEU","IFED","Oil Americas","BCS"
"=HYPERLINK(""https://www.ice.com/products/83048049"",""British Columbia Low Carbon Fuel Standard Futures"")","30490","BCF","BCF","","","Biofuels","Phys LCFS CAD","ICEU","IFED","Physical Oil Americas","BCF"
"=HYPERLINK(""https://www.ice.com/products/38716791"",""British Land Company PLC"")","7169","BLC","BLC","","","Single Stock Options","","ICEU","IFLO","Liffe Equity Derivatives - Non-US Based","BLN"
"=HYPERLINK(""https://www.ice.com/products/83049810"",""Broadcom Inc - STND Future"")","32510","8B9","8VG","","","Mini Stock Futures","MiniUSEquity","ICEU","IFLO","Mini Equity US-Restricted","8B9"
"=HYPERLINK(""https://www.ice.com/products/38716794"",""Bunzl PLC"")","7207","BNZ","BNZ","","","Single Stock Options","","ICEU","IFLO","Liffe Equity Derivatives - Non-US Based","BNZ"
"=HYPERLINK(""https://www.ice.com/products/38716795"",""Burberry Group PLC"")","7247","BRW","BRW","","","Single Stock Options","","ICEU","IFLO","Liffe Equity Derivatives - Non-US Based","BRB"
"=HYPERLINK(""https://www.ice.com/products/69732303"",""Butane Argus CIF ARA Mini Balmo Future"")","21739","BUK","BUK","LJ","","Natural Gas Liquids","NGL Master","ICEU","IFED","Financial NGL","BUK"
"=HYPERLINK(""https://www.ice.com/products/57250497"",""Butane, Argus CIF ARA Balmo Future"")","21806","BUN","BUN","MB","","Natural Gas Liquids","NGL Master","ICEU","IFED","Financial NGL","BUN"
"=HYPERLINK(""https://www.ice.com/products/28670679"",""Butane, Argus CIF ARA Future"")","5249","ABR","ABR","S1","","Natural Gas Liquids","NGL Master","ICEU","IFED","Financial NGL","ABR"
"=HYPERLINK(""https://www.ice.com/products/61989098"",""Butane, Argus CIF ARA Mini Future"")","19485","ABM","ABM","G7","","Natural Gas Liquids","NGL Master","ICEU","IFED","Financial NGL","ABM"
"=HYPERLINK(""https://www.ice.com/products/28670678"",""Butane, Argus Far East Index (AFEI) Future"")","5248","ABF","ABF","SZ","","Natural Gas Liquids","NGL Master","ICEU","IFED","Financial NGL","ABF"
"=HYPERLINK(""https://www.ice.com/products/57250501"",""Butane, Argus Far East Index (AFEI) Mini Future"")","19100","BUQ","BUQ","AE","","Natural Gas Liquids","NGL Master","ICEU","IFED","Financial NGL","BUQ"
"=HYPERLINK(""https://www.ice.com/products/57250499"",""Butane, Argus Far East Index Balmo Future"")","21807","BUR","BUR","MC","","Natural Gas Liquids","NGL Master","ICEU","IFED","Financial NGL","BUR"
"=HYPERLINK(""https://www.ice.com/products/57250500"",""Butane, Argus Saudi CP Mini Future"")","19099","BUS","ABS","AF","","Natural Gas Liquids","NGL Master","ICEU","IFED","Financial NGL","BUS"
"=HYPERLINK(""https://www.ice.com/products/61989097"",""Butane, Argus Sonatrach CP Future"")","19484","ABO","ABO","G6","","Natural Gas Liquids","NGL Master","ICEU","IFED","Financial NGL","ABO"
"=HYPERLINK(""https://www.ice.com/products/82270930"",""CAISO NP-15 Day-Ahead HE 0700-0800, 1700-2200 Fixed Price Future"")","27032","CNL","CNL","","","Electricity","Pwr West Term","ICEU","IFED","Financial Power","CNL"
"=HYPERLINK(""https://www.ice.com/products/72486100"",""CAISO NP-15 Day-Ahead HE 0900-1600 Fixed Price Future, 7X"")","23764","CIK","CIK","O=","","Electricity","Pwr West Term","ICEU","IFED","Financial Power","CIK"
"=HYPERLINK(""https://www.ice.com/products/6590514"",""CAISO NP-15 Day-Ahead Off-Peak Daily Fixed Price Future"")","746","UNP","UNP","UN","OU52","Electricity","Pwr WestOPDaily","ICEU","IFED","Financial Power","UNP"
"=HYPERLINK(""https://www.ice.com/products/82270919"",""CAISO NP-15 Day-Ahead Off-Peak Daily Mini Fixed Price Future"")","27016","CNN","CNN","","","Electricity","PwrWOPDailyMini","ICEU","IFED","Financial Power","CNN"
"=HYPERLINK(""https://www.ice.com/products/6590423"",""CAISO NP-15 Day-Ahead Off-Peak Fixed Price Future"")","504","ONP","ONP","OS","N104","Electricity","Pwr West OPTerm","ICEU","IFED","Financial Power","ONP"
"=HYPERLINK(""https://www.ice.com/products/6590450"",""CAISO NP-15 Day-Ahead Peak Daily Fixed Price Future"")","750","DPN","DPN","DN","OU43","Electricity","Pwr West Daily","ICEU","IFED","Financial Power","DPN"
"=HYPERLINK(""https://www.ice.com/products/65898914"",""CAISO NP-15 Day-Ahead Peak Daily HE 0900-1600 Fixed Price Future"")","20081","CAD","CAD","JF","","Electricity","Pwr West Daily","ICEU","IFED","Financial Power","CAD"
"=HYPERLINK(""https://www.ice.com/products/82270915"",""CAISO NP-15 Day-Ahead Peak Daily Mini Fixed Price Future"")","27012","CNJ","CNJ","","","Electricity","Pwr W DailyMini","ICEU","IFED","Financial Power","CNJ"
"=HYPERLINK(""https://www.ice.com/products/6590362"",""CAISO NP-15 Day-Ahead Peak Fixed Price Future"")","319","NPM","NPM","NP","N713","Electricity","Pwr West Term","ICEU","IFED","Financial Power","NPM"
"=HYPERLINK(""https://www.ice.com/products/69723193"",""CAISO NP-15 Day-Ahead Peak HE 0900-1600 Fixed Price Future"")","21742","CNF","CNF","LB","","Electricity","Pwr West Term","ICEU","IFED","Financial Power","CNF"
"=HYPERLINK(""https://www.ice.com/products/83047261"",""CAISO NP-15 Day-Ahead TB4 Fixed Price Daily Future"")","30009","CBV","CBV","","","Electricity","Pwr West Daily","ICEU","IFED","Financial Power","CBV"
"=HYPERLINK(""https://www.ice.com/products/83047256"",""CAISO NP-15 Day-Ahead TB4 Fixed Price Future, 7X"")","30007","CBT","CBT","","","Electricity","Pwr West Term","ICEU","IFED","Financial Power","CBT"
"=HYPERLINK(""https://www.ice.com/products/42944101"",""CAISO NP-15 Fifteen Minute Marker Off-Peak Daily Fixed Price Future"")","15969","CIQ","CIQ",":F","","Electricity","Pwr WestOPDaily","ICEU","IFED","Financial Power","CIQ"
"=HYPERLINK(""https://www.ice.com/products/42944100"",""CAISO NP-15 Fifteen Minute Marker Peak Daily Fixed Price Future"")","15968","CIP","CIP",":E","","Electricity","Pwr West Daily","ICEU","IFED","Financial Power","CIP"
"=HYPERLINK(""https://www.ice.com/products/6590500"",""CAISO NP-15 Real-Time Off-Peak Daily Fixed Price Future"")","1688","NRO","NRO","ZJ","SB30","Electricity","Pwr WestOPDaily","ICEU","IFED","Financial Power","NRO"
"=HYPERLINK(""https://www.ice.com/products/6590469"",""CAISO NP-15 Real-Time Peak Daily Fixed Price Future"")","1686","NRP","NRP","ZI","SB29","Electricity","Pwr West Daily","ICEU","IFED","Financial Power","NRP"
"=HYPERLINK(""https://www.ice.com/products/6590447"",""CAISO Palo Verde Day-Ahead Peak Daily Fixed Price Future"")","1901","CPC","CPC","AU","SN04","Electricity","Pwr W DailyMini","ICEU","IFED","Financial Power","CPC"
"=HYPERLINK(""https://www.ice.com/products/82270929"",""CAISO SP-15 Day-Ahead HE 0700-0800, 1700-2200 Fixed Price Future"")","27031","CNK","CNK","","","Electricity","Pwr West Term","ICEU","IFED","Financial Power","CNK"
"=HYPERLINK(""https://www.ice.com/products/72486099"",""CAISO SP-15 Day-Ahead HE 0900-1600 Fixed Price Future, 7X"")","23763","CIJ","CIJ","O@","","Electricity","Pwr West Term","ICEU","IFED","Financial Power","CIJ"
"=HYPERLINK(""https://www.ice.com/products/6590511"",""CAISO SP-15 Day-Ahead Off-Peak Daily Fixed Price Future"")","748","SQP","SQP","SQ","OU46","Electricity","Pwr WestOPDaily","ICEU","IFED","Financial Power","SQP"
"=HYPERLINK(""https://www.ice.com/products/82270918"",""CAISO SP-15 Day-Ahead Off-Peak Daily Mini Fixed Price Future"")","27015","CNO","CNO","","","Electricity","PwrWOPDailyMini","ICEU","IFED","Financial Power","CNO"
"=HYPERLINK(""https://www.ice.com/products/6590420"",""CAISO SP-15 Day-Ahead Off-Peak Fixed Price Future"")","505","OFP","OFP","OT","NI05","Electricity","Pwr West OPTerm","ICEU","IFED","Financial Power","OFP"
"=HYPERLINK(""https://www.ice.com/products/6590477"",""CAISO SP-15 Day-Ahead Peak Daily Fixed Price Future"")","752","SDP","SDP","SD","OU47","Electricity","Pwr West Daily","ICEU","IFED","Financial Power","SDP"
"=HYPERLINK(""https://www.ice.com/products/65898915"",""CAISO SP-15 Day-Ahead Peak Daily HE 0900-1600 Fixed Price Future"")","20082","CAE","CAE","JG","","Electricity","Pwr West Daily","ICEU","IFED","Financial Power","CAE"
"=HYPERLINK(""https://www.ice.com/products/82270912"",""CAISO SP-15 Day-Ahead Peak Daily Mini Fixed Price Future"")","27011","CNI","CNI","","","Electricity","Pwr W DailyMini","ICEU","IFED","Financial Power","CNI"
"=HYPERLINK(""https://www.ice.com/products/6590382"",""CAISO SP-15 Day-Ahead Peak Fixed Price Future"")","288","SPM","SPM","SP","O939","Electricity","Pwr West Term","ICEU","IFED","Financial Power","SPM"
"=HYPERLINK(""https://www.ice.com/products/69723194"",""CAISO SP-15 Day-Ahead Peak HE 0900-1600 Fixed Price Future"")","21743","CNG","CNG","LC","","Electricity","Pwr West Term","ICEU","IFED","Financial Power","CNG"
"=HYPERLINK(""https://www.ice.com/products/83047262"",""CAISO SP-15 Day-Ahead TB4 Fixed Price Daily Future"")","30010","CBW","CBW","","","Electricity","Pwr West Daily","ICEU","IFED","Financial Power","CBW"
"=HYPERLINK(""https://www.ice.com/products/83047258"",""CAISO SP-15 Day-Ahead TB4 Fixed Price Future, 7X"")","30008","CBU","CBU","","","Electricity","Pwr West Term","ICEU","IFED","Financial Power","CBU"
"=HYPERLINK(""https://www.ice.com/products/42944103"",""CAISO SP-15 Fifteen Minute Marker Off-Peak Daily Fixed Price Future"")","15971","CSZ","CSZ",":H","","Electricity","Pwr WestOPDaily","ICEU","IFED","Financial Power","CSZ"
"=HYPERLINK(""https://www.ice.com/products/42944102"",""CAISO SP-15 Fifteen Minute Marker Peak Daily Fixed Price Future"")","15970","CSY","CSY",":G","","Electricity","Pwr West Daily","ICEU","IFED","Financial Power","CSY"
"=HYPERLINK(""https://www.ice.com/products/6590512"",""CAISO SP-15 Real-Time Off-Peak Daily Fixed Price Future"")","1687","SRO","SRO","ZL","SB28","Electricity","Pwr WestOPDaily","ICEU","IFED","Financial Power","SRO"
"=HYPERLINK(""https://www.ice.com/products/6590479"",""CAISO SP-15 Real-Time Peak Daily Fixed Price Future"")","1685","SRP","SRP","ZK","SB27","Electricity","Pwr West Daily","ICEU","IFED","Financial Power","SRP"
"=HYPERLINK(""https://www.ice.com/products/1301"",""CG Mainline Physical Basis LD1"")","1602","XLE","XLE","","","Natural Gas","CGMn MO Phy Gas","NGXC","IEPA","Physical Gas","XLE"
"=HYPERLINK(""https://www.ice.com/products/1305"",""CG Mainline Physical Fixed Price Monthly"")","1595","XLB","XLB","","","Natural Gas","CGMn MO Phy Gas","NGXC","IEPA","Physical Gas","XLB"
"=HYPERLINK(""https://www.ice.com/products/1306"",""CG Mainline Physical Fixed Price Spot"")","1597","XLA","XLA","","","Natural Gas","CGMn SP Phy Gas","NGXC","IEPA","Physical Gas","XLA"
"=HYPERLINK(""https://www.ice.com/products/1303"",""CG Mainline Physical Gas Daily Monthly"")","1598","XLD","XLD","","","Natural Gas","CGMn MO Phy Gas","NGXC","IEPA","Physical Gas","XLD"
"=HYPERLINK(""https://www.ice.com/products/1304"",""CG Mainline Physical Gas Daily Spot"")","1600","XLC","XLC","","","Natural Gas","CGMn SP Phy Gas","NGXC","IEPA","Physical Gas","XLC"
"=HYPERLINK(""https://www.ice.com/products/1302"",""CG Mainline Physical Inside FERC"")","1601","XLF","XLF","","","Natural Gas","CGMn MO Phy Gas","NGXC","IEPA","Physical Gas","XLF"
"=HYPERLINK(""https://www.ice.com/products/6590128"",""CG Onshore Basis Future"")","450","CON","CON","Y2","NG71","Natural Gas","Southeast Basis","ICEU","IFED","Financial Gas","CON"
"=HYPERLINK(""https://www.ice.com/products/71523205"",""CG Onshore Index Future"")","23369","CVG","CVG","L@","","Natural Gas","Southeast Index","ICEU","IFED","Financial Gas","CVG"
"=HYPERLINK(""https://www.ice.com/products/1307"",""CG Onshore Physical Basis LD1"")","1591","XLK","XLK","","","Natural Gas","CGOn MO Phy Gas","NGXC","IEPA","Physical Gas","XLK"
"=HYPERLINK(""https://www.ice.com/products/1311"",""CG Onshore Physical Fixed Price Monthly"")","1584","XLH","XLH","","","Natural Gas","CGOn MO Phy Gas","NGXC","IEPA","Physical Gas","XLH"
"=HYPERLINK(""https://www.ice.com/products/1312"",""CG Onshore Physical Fixed Price Spot"")","1586","XLG","XLG","","","Natural Gas","CGOn SP Phy Gas","NGXC","IEPA","Physical Gas","XLG"
"=HYPERLINK(""https://www.ice.com/products/1309"",""CG Onshore Physical Gas Daily Monthly"")","1587","XLJ","XLJ","","","Natural Gas","CGOn MO Phy Gas","NGXC","IEPA","Physical Gas","XLJ"
"=HYPERLINK(""https://www.ice.com/products/1310"",""CG Onshore Physical Gas Daily Spot"")","1589","XLI","XLI","","","Natural Gas","CGOn SP Phy Gas","NGXC","IEPA","Physical Gas","XLI"
"=HYPERLINK(""https://www.ice.com/products/1308"",""CG Onshore Physical Inside FERC"")","1590","XLL","XLL","","","Natural Gas","CGOn MO Phy Gas","NGXC","IEPA","Physical Gas","XLL"
"=HYPERLINK(""https://www.ice.com/products/71523206"",""CG Onshore Swing Future"")","23370","CVH","CVH","L=","","Natural Gas","Southeast Swing","ICEU","IFED","Financial Gas","CVH"
"=HYPERLINK(""https://www.ice.com/products/6590126"",""CG-Mainline Basis Future"")","2071","CGB","CGB","HK","SR08","Natural Gas","Southeast Basis","ICEU","IFED","Financial Gas","CGB"
"=HYPERLINK(""https://www.ice.com/products/71085628"",""CG-Mainline Fixed Price Future"")","22262","CGA","CGA","LU","","Natural Gas","Basis Master","ICEU","IFED","Financial Gas","CGA"
"=HYPERLINK(""https://www.ice.com/products/6590178"",""CG-Mainline Index Future"")","3961","CGI","CGI","M\","","Natural Gas","Southeast Index","ICEU","IFED","Financial Gas","CGI"
"=HYPERLINK(""https://www.ice.com/products/6590221"",""CG-Mainline Swing Future"")","3962","CGR","CGR","N\","","Natural Gas","Southeast Swing","ICEU","IFED","Financial Gas","CGR"
"=HYPERLINK(""https://www.ice.com/products/6590129"",""CIG Rockies Basis Future"")","442","CRI","CRI","OA","NE93","Natural Gas","RockiesNW Basis","ICEU","IFED","Financial Gas","CRI"
"=HYPERLINK(""https://www.ice.com/products/71085627"",""CIG Rockies Fixed Price Future"")","22260","CRA","CRA","LO","","Natural Gas","Basis Master","ICEU","IFED","Financial Gas","CRA"
"=HYPERLINK(""https://www.ice.com/products/6590180"",""CIG Rockies Index Future"")","3050","CRC","CRC","L>","","Natural Gas","RockiesNW Index","ICEU","IFED","Financial Gas","CRC"
"=HYPERLINK(""https://www.ice.com/products/6590223"",""CIG Rockies Swing Future"")","3058","CRS","CRS","L?","","Natural Gas","RockiesNW Swing","ICEU","IFED","Financial Gas","CRS"
"=HYPERLINK(""https://www.ice.com/products/83046673"",""CORSIA Eligible Emissions Units (2024-2026) Futures"")","29121","CP1","CP1","","","Emissions","Carbon Credits","ICEU","IFEU","Carbon Offset Futures","CP1"
"=HYPERLINK(""https://www.ice.com/products/83049466"",""CORSIA Eligible Emissions Units (2024-2026) Options"")","30072","CP1","CP1","","","Emissions","O-Carbon Credits","ICEU","IFEU","Carbon Offset Futures","CP1"
"=HYPERLINK(""https://www.ice.com/products/83049436"",""CORSIA Eligible Emissions Units (2027-2029) Futures"")","32218","CP2","CP2","","","Emissions","Carbon Credits","ICEU","IFEU","Carbon Offset Futures","CP2"
"=HYPERLINK(""https://www.ice.com/products/83049470"",""CORSIA Eligible Emissions Units (2027-2029) Options"")","32299","CP2","CP2","","","Emissions","O-Carbon Credits","ICEU","IFEU","Carbon Offset Futures","CP2"
"=HYPERLINK(""https://www.ice.com/products/81987205"",""CPC Blend CIF (Platts) Balmo Future"")","25061","JFJ","JFJ","","","Crude Oil and Refined Products","Crude Outrights","ICEU","IFEU","Oil","JFJ"
"=HYPERLINK(""https://www.ice.com/products/81987204"",""CPC Blend CIF (Platts) Future"")","25060","JFI","JFI","","","Crude Oil and Refined Products","Crude Outrights","ICEU","IFEU","Oil","JFI"
"=HYPERLINK(""https://www.ice.com/products/38716803"",""CRH PLC (UK)"")","7447","CRM","CR0","","","Single Stock Options","","ICEU","IFLO","Liffe Equity Derivatives - Non-US Based","CRM"
"=HYPERLINK(""https://www.ice.com/products/59293822"",""Caiso Malin Day-Ahead Peak Daily Fixed Price Future"")","19253","CCL","CCL","BN","","Electricity","Pwr West Daily","ICEU","IFED","Financial Power","CCL"
"=HYPERLINK(""https://www.ice.com/products/6590277"",""Calendar Spread Option on Henry Penultimate 1-Month Calendar Spread Future"")","5015","HHM","HHM","U>","","Natural Gas","O-Henry CSO","ICEU","IFED","Financial Gas","HHM"
"=HYPERLINK(""https://www.ice.com/products/6590278"",""Calendar Spread Option on Henry Penultimate 3-Month Calendar Spread Future"")","5016","HMT","HMT","U?","","Natural Gas","O-Henry CSO","ICEU","IFED","Financial Gas","HMT"
"=HYPERLINK(""https://www.ice.com/products/6590279"",""Calendar Spread Option on Henry Penultimate 6-Month Calendar Spread Future"")","5017","HMX","HMX","@=","","Natural Gas","O-Henry CSO","ICEU","IFED","Financial Gas","HMX"
"=HYPERLINK(""https://www.ice.com/products/71090476"",""California Carbon Allowance Advance Auction Clearing Price"")","22323","ACA","ACA","L:","","Physical Environmental","CCA","ICEU","IFED","Physical Environmental","ACA"
"=HYPERLINK(""https://www.ice.com/products/71090475"",""California Carbon Allowance Current Auction Clearing Price"")","22324","ACP","ACP","L?","","Physical Environmental","CCA","ICEU","IFED","Physical Environmental","ACP"
"=HYPERLINK(""https://www.ice.com/products/64286908"",""California Carbon Allowance Specific Vintage 2020 Future"")","19871","CC0","CC0","J#","","Physical Environmental","CCA","ICEU","IFED","Physical Environmental","CC0"
"=HYPERLINK(""https://www.ice.com/products/67129808"",""California Carbon Allowance Specific Vintage 2021 Future"")","20388","CC1","CC1","K(","","Physical Environmental","CCA","ICEU","IFED","Physical Environmental","CC1"
"=HYPERLINK(""https://www.ice.com/products/71085675"",""California Carbon Allowance Specific Vintage 2022 Future"")","22318","CC2","CC2","L-","","Physical Environmental","CCA","ICEU","IFED","Physical Environmental","CC2"
"=HYPERLINK(""https://www.ice.com/products/72265929"",""California Carbon Allowance Specific Vintage 2023 Future"")","23626","CC3","CC3","O5","","Physical Environmental","CCA","ICEU","IFED","Physical Environmental","CC3"
"=HYPERLINK(""https://www.ice.com/products/75762155"",""California Carbon Allowance Specific Vintage 2024 Future"")","25760","CC4","CC4","","","Physical Environmental","CCA","ICEU","IFED","Physical Environmental","CC4"
"=HYPERLINK(""https://www.ice.com/products/81935265"",""California Carbon Allowance Specific Vintage 2025 Future"")","26741","CCT","CCT","","","Physical Environmental","CCA","ICEU","IFED","Physical Environmental","CCT"
"=HYPERLINK(""https://www.ice.com/products/82612871"",""California Carbon Allowance Specific Vintage 2026 Future"")","27757","CCU","CCU","","","Physical Environmental","CCA","ICEU","IFED","Physical Environmental","CCU"
"=HYPERLINK(""https://www.ice.com/products/83046820"",""California Carbon Allowance Specific Vintage 2027 Future"")","29814","CCV","CCV","","","Physical Environmental","CCA","ICEU","IFED","Physical Environmental","CCV"
"=HYPERLINK(""https://www.ice.com/products/83047257"",""California Carbon Allowance Specific Vintage 2028 Future"")","30058","CCW","CCW","","","Physical Environmental","CCA","ICEU","IFED","Physical Environmental","CCW"
"=HYPERLINK(""https://www.ice.com/products/83047765"",""California Carbon Allowance Specific Vintage 2029 Future"")","30444","CCX","CCX","","","Physical Environmental","CCA","ICEU","IFED","Physical Environmental","CCX"
"=HYPERLINK(""https://www.ice.com/products/83049099"",""California Carbon Allowance Specific Vintage 2030 Future"")","31564","CCY","CCY","","","Physical Environmental","CCA","ICEU","IFED","Physical Environmental","CCY"
"=HYPERLINK(""https://www.ice.com/products/71085674"",""California Carbon Allowance Vintage 2022 Future"")","22320","CB0","CB0","L)","","Physical Environmental","CCA","ICEU","IFED","Physical Environmental","CB0"
"=HYPERLINK(""https://www.ice.com/products/72265913"",""California Carbon Allowance Vintage 2023 Future"")","23625","CB1","CB1","O3","","Physical Environmental","CCA","ICEU","IFED","Physical Environmental","CB1"
"=HYPERLINK(""https://www.ice.com/products/75762154"",""California Carbon Allowance Vintage 2024 Future"")","25761","CB4","CB4","","","Physical Environmental","CCA","ICEU","IFED","Physical Environmental","CB4"
"=HYPERLINK(""https://www.ice.com/products/81690701"",""California Carbon Allowance Vintage 2025 Future"")","26478","CB5","CB5","","","Physical Environmental","CCA","ICEU","IFED","Physical Environmental","CB5"
"=HYPERLINK(""https://www.ice.com/products/82612870"",""California Carbon Allowance Vintage 2026 Future"")","27756","CB6","CB6","","","Physical Environmental","CCA","ICEU","IFED","Physical Environmental","CB6"
"=HYPERLINK(""https://www.ice.com/products/83046819"",""California Carbon Allowance Vintage 2027 Future"")","29813","CB7","CB7","","","Physical Environmental","CCA","ICEU","IFED","Physical Environmental","CB7"
"=HYPERLINK(""https://www.ice.com/products/83047253"",""California Carbon Allowance Vintage 2028 Future - CB8"")","30057","CB8","CB8","","","Physical Environmental","CCA","ICEU","IFED","Physical Environmental","CB8"
"=HYPERLINK(""https://www.ice.com/products/83047764"",""California Carbon Allowance Vintage 2029 Future"")","30442","CB9","CB9","","","Physical Environmental","CCA","ICEU","IFED","Physical Environmental","CB9"
"=HYPERLINK(""https://www.ice.com/products/83049098"",""California Carbon Allowance Vintage 2030 Future"")","31565","C30","C30","","","Physical Environmental","CCA","ICEU","IFED","Physical Environmental","C30"
"=HYPERLINK(""https://www.ice.com/products/83049429"",""California Low Carbon Fuel Standard Credit (OPIS) Balmo Future"")","32262","LFF","LFF","","","Biofuels","LCFS","ICEU","IFED","Oil Americas","LFF"
"=HYPERLINK(""https://www.ice.com/products/68358300"",""California Low Carbon Fuel Standard Credit (OPIS) Future"")","20500","LFS","LFS","L1","","Biofuels","LCFS","ICEU","IFED","Oil Americas","LFS"
"=HYPERLINK(""https://www.ice.com/products/83048873"",""Canal+"")","30776","CN0","CNL","","","Single Stock Options","O-LSE Master","ICEU","IFLO","Liffe Equity Derivatives - Non-US Based","CN0"
"=HYPERLINK(""https://www.ice.com/products/28305081"",""Canola 1-month Calendar Spread Option"")","5302","RS1","RS1","R1","","Canola","O-Canola US","ICUS","IFUS","Canadian Oilseeds","RS1"
"=HYPERLINK(""https://www.ice.com/products/250"",""Canola Options"")","1176","RS","RS ","RS","","Canola","O-Canola US","ICUS","IFUS","Canadian Oilseeds","RS"
"=HYPERLINK(""https://www.ice.com/products/6729754"",""Capesize Timecharter (Baltic) Freight Future"")","2944","TCC","TCC","@7","","Dry Freight","Dry Freight Day","ICEU","IFEU","Dry Freight","TCC"
"=HYPERLINK(""https://www.ice.com/products/38716798"",""Capita PLC"")","7436","CPI","CPI","","","Single Stock Options","","ICEU","IFLO","Liffe Equity Derivatives - Non-US Based","CPI"
"=HYPERLINK(""https://www.ice.com/products/38716797"",""Capricorn Energy plc"")","7410","CNG","CNG","","","Single Stock Options","","ICEU","IFLO","Liffe Equity Derivatives - Non-US Based","CNE"
"=HYPERLINK(""https://www.ice.com/products/38716799"",""Carnival PLC"")","9483","POC","POC","","","Single Stock Options","","ICEU","IFLO","Liffe Equity Derivatives - Non-US Based","POC"
"=HYPERLINK(""https://www.ice.com/products/38716800"",""Centrica PLC"")","7481","CTR","CTR","VR","","Single Stock Options","","ICEU","IFLO","Liffe Equity Derivatives - Non-US Based","CTR"
"=HYPERLINK(""https://www.ice.com/products/72256623"",""Cheyenne Hub Swing Future"")","23584","CVQ","CVQ","N6","","Natural Gas","RockiesNW Swing","ICEU","IFED","Financial Gas","CVQ"
"=HYPERLINK(""https://www.ice.com/products/26209299"",""Cheyenne Physical Basis LD1"")","4161","XNX","XNX","","","Natural Gas","Chy MOPhysGas","NGXC","IEPA","Physical Gas","XNX"
"=HYPERLINK(""https://www.ice.com/products/26209295"",""Cheyenne Physical Fixed Price Monthly"")","4153","XNT","XNT","","","Natural Gas","Chy MOPhysGas","NGXC","IEPA","Physical Gas","XNT"
"=HYPERLINK(""https://www.ice.com/products/26209296"",""Cheyenne Physical Fixed Price Spot"")","4157","XNS","XNS","","","Natural Gas","Chy SPPhysGas","NGXC","IEPA","Physical Gas","XNS"
"=HYPERLINK(""https://www.ice.com/products/26209297"",""Cheyenne Physical Gas Daily Monthly"")","4158","XNV","XNV","","","Natural Gas","Chy MOPhysGas","NGXC","IEPA","Physical Gas","XNV"
"=HYPERLINK(""https://www.ice.com/products/26209298"",""Cheyenne Physical Gas Daily Spot"")","4160","XNU","XNU","","","Natural Gas","Chy SPPhysGas","NGXC","IEPA","Physical Gas","XNU"
"=HYPERLINK(""https://www.ice.com/products/26209300"",""Cheyenne Physical Inside FERC"")","4162","XNW","XNW","","","Natural Gas","Chy MOPhysGas","NGXC","IEPA","Physical Gas","XNW"
"=HYPERLINK(""https://www.ice.com/products/6590132"",""Chicago Basis Future"")","452","DGD","DGD","NC","NA88","Natural Gas","Upper MW Basis","ICEU","IFED","Financial Gas","DGD"
"=HYPERLINK(""https://www.ice.com/products/6753506"",""Chicago Ethanol Future"")","3975","ETC","ETC","Y(","","Biofuels","Am Ref bbl","ICEU","IFED","Oil Americas","ETC"
"=HYPERLINK(""https://www.ice.com/products/68358298"",""Chicago Fixed Price Future"")","20472","CFB","CFB","LQ","","Natural Gas","Basis Master","ICEU","IFED","Financial Gas","CFB"
"=HYPERLINK(""https://www.ice.com/products/6590179"",""Chicago Index Future"")","462","CIS","CIS","Y7","QM88","Natural Gas","Upper MW Index","ICEU","IFED","Financial Gas","CIS"
"=HYPERLINK(""https://www.ice.com/products/6590224"",""Chicago Swing Future"")","466","CSS","CSS","YU","QM78","Natural Gas","Upper MW Swing","ICEU","IFED","Financial Gas","CSS"
"=HYPERLINK(""https://www.ice.com/products/82461654"",""Clean FFA - Arab Gulf to Japan (Platts) Future"")","27592","TCY","TCY","","","Wet Freight","Wet Freight","ICEU","IFEU","Wet Freight","TCY"
"=HYPERLINK(""https://www.ice.com/products/83048583"",""Clean FFA - Arab Gulf to Japan 75kt (Platts) Balmo Future"")","31330","T7B","T7B","","","Wet Freight","Wet Freight","ICEU","IFEU","Wet Freight","T7B"
"=HYPERLINK(""https://www.ice.com/products/83048582"",""Clean FFA - Arab Gulf to Japan 75kt (Platts) Future"")","31328","T75","T75","","","Wet Freight","Wet Freight","ICEU","IFEU","Wet Freight","T75"
"=HYPERLINK(""https://www.ice.com/products/83049137"",""Clean FFA - Cross Mediterranean (Platts) Balmo Future"")","32086","WCY","WCY","","","Wet Freight","Wet Freight","ICEU","IFEU","Wet Freight","WCY"
"=HYPERLINK(""https://www.ice.com/products/83049135"",""Clean FFA - UK Continent to US Atlantic Coast (Platts) Balmo Future"")","32085","WNB","WNB","","","Wet Freight","Wet Freight","ICEU","IFEU","Wet Freight","WNB"
"=HYPERLINK(""https://www.ice.com/products/83049134"",""Clean FFA - US Gulf Coast to UK Continent (Platts) Balmo Future"")","32084","WGB","WGB","","","Wet Freight","Wet Freight","ICEU","IFEU","Wet Freight","WGB"
"=HYPERLINK(""https://www.ice.com/products/83048991"",""Clean FFA – Cross Mediterranean (Platts) Future"")","31683","WCX","WCX","","","Wet Freight","Wet Freight","ICEU","IFEU","Wet Freight","WCX"
"=HYPERLINK(""https://www.ice.com/products/83048876"",""Close Brothers Group"")","31225","CBO","CBG","","","Single Stock Options","O-LSE Master","ICEU","IFLO","Liffe Equity Derivatives - Non-US Based","CBO"
"=HYPERLINK(""https://www.ice.com/products/38716801"",""Coca-Cola HBC AG"")","7402","CL","CL","","","Single Stock Options","","ICEU","IFLO","Liffe Equity Derivatives - Non-US Based","CL"
"=HYPERLINK(""https://www.ice.com/products/6473159"",""Cocoa 1-Month Calendar Spread Option"")","4135","CC1","CC1","C1","","Cocoa","O-Cocoa","ICUS","IFUS","Cocoa","CC1"
"=HYPERLINK(""https://www.ice.com/products/73694964"",""Cocoa 2-Month Calendar Spread Option"")","4136","CC2","CC2","C2","","Cocoa","O-Cocoa","ICUS","IFUS","Cocoa","CC2"
"=HYPERLINK(""https://www.ice.com/products/8"",""Cocoa Options"")","1234","CC","CC ","CY","2050","Cocoa","O-Cocoa","ICUS","IFUS","Cocoa","CC"
"=HYPERLINK(""https://www.ice.com/products/67445363"",""Coffee """"C"""" 1-Month Calendar Spread Option"")","4139","KC1","KC1","K1","","Coffee","O-Coffee C","ICUS","IFUS","Coffee C","KC1"
"=HYPERLINK(""https://www.ice.com/products/73694982"",""Coffee """"C"""" 2-Month Calendar Spread Option"")","4140","KC2","KC2","K2","","Coffee","O-Coffee C","ICUS","IFUS","Coffee C","KC2"
"=HYPERLINK(""https://www.ice.com/products/83048907"",""Coffee """"C""""® Metric Options"")","31476","AC","AC","","","Coffee","O-Metric Coffee","ICUS","IFUS","Coffee C","AC"
"=HYPERLINK(""https://www.ice.com/products/14"",""Coffee C &reg; Options"")","1235","KC","KC ","43","2065","Coffee","O-Coffee C","ICUS","IFUS","Coffee C","KC"
"=HYPERLINK(""https://www.ice.com/products/83049266"",""CoinDesk 20 Index Futures"")","32116","C20","C20","","","CoinDesk Indices","DA Indices USD","ICUS","IFUS","Digital Asset Index Futures","C20"
"=HYPERLINK(""https://www.ice.com/products/83049267"",""CoinDesk 5 Index Future"")","32122","CD5","CD5","","","CoinDesk Indices","DA Indices USD","ICUS","IFUS","Digital Asset Index Futures","CD5"
"=HYPERLINK(""https://www.ice.com/products/83049272"",""CoinDesk BNB Futures"")","32110","BNB","BNB","","","CoinDesk Indices","DA Indices USD","ICUS","IFUS","Digital Asset Index Futures","BNB"
"=HYPERLINK(""https://www.ice.com/products/83049268"",""CoinDesk Bitcoin Futures"")","32129","CDB","CDB","","","CoinDesk Indices","DA Indices USD","ICUS","IFUS","Digital Asset Index Futures","CDB"
"=HYPERLINK(""https://www.ice.com/products/83049269"",""CoinDesk Ether Futures"")","32137","CDE","CDE","","","CoinDesk Indices","DA Indices USD","ICUS","IFUS","Digital Asset Index Futures","CDE"
"=HYPERLINK(""https://www.ice.com/products/83049270"",""CoinDesk Solana Index Futures"")","32146","CDS","CDS","","","CoinDesk Indices","DA Indices USD","ICUS","IFUS","Digital Asset Index Futures","CDS"
"=HYPERLINK(""https://www.ice.com/products/83049271"",""CoinDesk XRP Futures"")","32152","CDX","CDX","","","CoinDesk Indices","DA Indices USD","ICUS","IFUS","Digital Asset Index Futures","CDX"
"=HYPERLINK(""https://www.ice.com/products/83049811"",""Coinbase Global - STND Future"")","32511","8C9","8CB","","","Mini Stock Futures","MiniUSEquity","ICEU","IFLO","Mini Equity US-Restricted","8C9"
"=HYPERLINK(""https://www.ice.com/products/38716802"",""Compass Group PLC"")","7433","CPG","CPG","","","Single Stock Options","","ICEU","IFLO","Liffe Equity Derivatives - Non-US Based","CPG"
"=HYPERLINK(""https://www.ice.com/products/27066813"",""Condensate Diff - ICE C5 1A Index Future"")","5025","TMF","TMF","R6","EH88","Crude Oil and Refined Products","Am Crude Diffs","ICEU","IFED","US Crude","TMF"
"=HYPERLINK(""https://www.ice.com/products/65898880"",""Connecticut Compliance Renewable Energy Certificate Class I Future"")","20109","CTT","CTT","JO","","Physical Environmental","REC-CT C1","ICEU","IFED","Physical Environmental","CTT"
"=HYPERLINK(""https://www.ice.com/products/6473172"",""Consumers Physical Basis LD1"")","4022","XNQ","XNQ","","","Natural Gas","Con MOPhysGas","NGXC","IEPA","Physical Gas","XNQ"
"=HYPERLINK(""https://www.ice.com/products/6473176"",""Consumers Physical Fixed Price Monthly"")","4015","XNM","XNM","","","Natural Gas","Con MOPhysGas","NGXC","IEPA","Physical Gas","XNM"
"=HYPERLINK(""https://www.ice.com/products/6473177"",""Consumers Physical Fixed Price Spot"")","4017","XNL","XNL","","","Natural Gas","Con SPPhysGas","NGXC","IEPA","Physical Gas","XNL"
"=HYPERLINK(""https://www.ice.com/products/6473178"",""Consumers Physical Gas Daily Monthly"")","4018","XNO","XNO","","","Natural Gas","Con MOPhysGas","NGXC","IEPA","Physical Gas","XNO"
"=HYPERLINK(""https://www.ice.com/products/6473174"",""Consumers Physical Gas Daily Spot"")","4020","XNN","XNN","","","Natural Gas","Con SPPhysGas","NGXC","IEPA","Physical Gas","XNN"
"=HYPERLINK(""https://www.ice.com/products/6473175"",""Consumers Physical Inside FERC"")","4021","XNP","XNP","","","Natural Gas","Con MOPhysGas","NGXC","IEPA","Physical Gas","XNP"
"=HYPERLINK(""https://www.ice.com/products/72256624"",""Consumers Swing Future"")","23585","CVR","CVR","N7","","Natural Gas","Midcont Swing","ICEU","IFED","Financial Gas","CVR"
"=HYPERLINK(""https://www.ice.com/products/83049313"",""Container FFA - Asia to North Europe 40GP/HC (NYFI) Future"")","32229","FAN","FAN","","","Container Freight","ContFreight","ICEU","IFEU","Container Freight","FAN"
"=HYPERLINK(""https://www.ice.com/products/83049314"",""Container FFA - Asia to US West Coast 40GP/HC (NYFI) Future"")","32230","FAW","FAW","","","Container Freight","ContFreight","ICEU","IFEU","Container Freight","FAW"
"=HYPERLINK(""https://www.ice.com/products/83049315"",""Container FFA - North Europe to US East Coast 40GP/HC (NYFI) Future"")","32231","FNE","FNE","","","Container Freight","ContFreight","ICEU","IFEU","Container Freight","FNE"
"=HYPERLINK(""https://www.ice.com/products/83049814"",""CoreWeave - STND Future"")","32512","8W9","8CW","","","Mini Stock Futures","MiniUSEquity","ICEU","IFLO","Mini Equity US-Restricted","8W9"
"=HYPERLINK(""https://www.ice.com/products/6473169"",""Cotton No. 2 1-Month Calendar Spread Option"")","4143","CT1","CT1","8A","","Cotton","O-Cotton No 2","ICUS","IFUS","Cotton No 2","CT1"
"=HYPERLINK(""https://www.ice.com/products/73694979"",""Cotton No. 2 2-Month Calendar Spread Option"")","4144","CT2","CT2","8B","","Cotton","O-Cotton No 2","ICUS","IFUS","Cotton No 2","CT2"
"=HYPERLINK(""https://www.ice.com/products/1027"",""Cotton No. 2 Options"")","1236","CT","CT ","28","2205","Cotton","O-Cotton No 2","ICUS","IFUS","Cotton No 2","CT"
"=HYPERLINK(""https://www.ice.com/products/68626054"",""Cove Point Physical Basis LD1"")","20520","YD9","YD9","","","Natural Gas","Cove MOPhysGas","NGXC","IEPA","Physical Gas","YD9"
"=HYPERLINK(""https://www.ice.com/products/68626038"",""Cove Point Physical Fixed Price Daily"")","20517","YD7","YD7","","","Natural Gas","Cove SPPhysGas","NGXC","IEPA","Physical Gas","YD7"
"=HYPERLINK(""https://www.ice.com/products/68626039"",""Cove Point Physical Fixed Price Monthly"")","20519","YD8","YD8","","","Natural Gas","Cove MOPhysGas","NGXC","IEPA","Physical Gas","YD8"
"=HYPERLINK(""https://www.ice.com/products/69844344"",""Cove Point Physical Gas Daily Monthly"")","21972","YD6","YD6","","","Natural Gas","Cove MOPhysGas","NGXC","IEPA","Physical Gas","YD6"
"=HYPERLINK(""https://www.ice.com/products/69844343"",""Cove Point Physical Gas Daily Spot"")","21970","YD5","YD5","","","Natural Gas","Cove SPPhysGas","NGXC","IEPA","Physical Gas","YD5"
"=HYPERLINK(""https://www.ice.com/products/82994077"",""Croda International Plc"")","28519","CD5","CRD","","","Single Stock Options","O-LSE Master","ICEU","IFLO","Liffe Equity Derivatives - Non-US Based","CD5"
"=HYPERLINK(""https://www.ice.com/products/748"",""Cross Currency Pairs Australian Dollar/Canadian Dollar Futures"")","772","AS","AS ","","","Cross Rates","FOREX","ICUS","IFUS","Foreign Exchange","AS"
"=HYPERLINK(""https://www.ice.com/products/749"",""Cross Currency Pairs Australian Dollar/Japanese Yen Futures"")","774","YA","YA ","","","Cross Rates","FOREX","ICUS","IFUS","Foreign Exchange","YA"
"=HYPERLINK(""https://www.ice.com/products/97"",""Cross Currency Pairs Australian Dollar/New Zealand Dollar Futures"")","776","AR","AR ","","","Cross Rates","FOREX","ICUS","IFUS","Foreign Exchange","AR"
"=HYPERLINK(""https://www.ice.com/products/752"",""Cross Currency Pairs British Pound Sterling/Australian Dollar Futures"")","813","QA","QA ","","","Cross Rates","FOREX","ICUS","IFUS","Foreign Exchange","QA"
"=HYPERLINK(""https://www.ice.com/products/754"",""Cross Currency Pairs British Pound Sterling/Canadian Dollar Futures"")","815","PC","PC ","","","Cross Rates","FOREX","ICUS","IFUS","Foreign Exchange","PC"
"=HYPERLINK(""https://www.ice.com/products/751"",""Cross Currency Pairs British Pound Sterling/Japanese Yen Futures"")","819","SY","SY ","SY","2242","Cross Rates","FOREX","ICUS","IFUS","Foreign Exchange","SY"
"=HYPERLINK(""https://www.ice.com/products/753"",""Cross Currency Pairs British Pound Sterling/New Zealand Dollar Futures"")","823","GN","GN ","","","Cross Rates","FOREX","ICUS","IFUS","Foreign Exchange","GN"
"=HYPERLINK(""https://www.ice.com/products/755"",""Cross Currency Pairs British Pound Sterling/Norwegian Krone Futures"")","821","PK","PK ","","","Cross Rates","FOREX","ICUS","IFUS","Foreign Exchange","PK"
"=HYPERLINK(""https://www.ice.com/products/756"",""Cross Currency Pairs British Pound Sterling/South African Rand Futures"")","825","PZ","PZ ","","","Cross Rates","FOREX","ICUS","IFUS","Foreign Exchange","PZ"
"=HYPERLINK(""https://www.ice.com/products/757"",""Cross Currency Pairs British Pound Sterling/Swedish Krona Futures"")","827","PS","PS ","","","Cross Rates","FOREX","ICUS","IFUS","Foreign Exchange","PS"
"=HYPERLINK(""https://www.ice.com/products/750"",""Cross Currency Pairs British Pound Sterling/Swiss Franc Futures"")","817","SS","SS ","SS","2243","Cross Rates","FOREX","ICUS","IFUS","Foreign Exchange","SS"
"=HYPERLINK(""https://www.ice.com/products/758"",""Cross Currency Pairs Canadian Dollar/Japanese Yen Futures"")","782","HY","HY ","HY","","Cross Rates","FOREX","ICUS","IFUS","Foreign Exchange","HY"
"=HYPERLINK(""https://www.ice.com/products/762"",""Cross Currency Pairs New Zealand Dollar/Japanese Yen Futures"")","835","ZJ","ZJ ","","","Cross Rates","FOREX","ICUS","IFUS","Foreign Exchange","ZJ"
"=HYPERLINK(""https://www.ice.com/products/763"",""Cross Currency Pairs Norwegian Krone/Japanese Yen Futures"")","831","KY","KY ","","","Cross Rates","FOREX","ICUS","IFUS","Foreign Exchange","KY"
"=HYPERLINK(""https://www.ice.com/products/761"",""Cross Currency Pairs Norwegian Krone/Swedish Krona Futures"")","833","NJ","NJ ","","","Cross Rates","FOREX","ICUS","IFUS","Foreign Exchange","NJ"
"=HYPERLINK(""https://www.ice.com/products/41361337"",""Cross Currency Pairs Polish Zloty/Euro"")","15751","PLE","PLE","AI","","Cross Rates","FOREX","ICUS","IFUS","Foreign Exchange","PLE"
"=HYPERLINK(""https://www.ice.com/products/759"",""Cross Currency Pairs Swedish Krona/Japanese Yen Futures"")","839","KJ","KJ ","","","Cross Rates","FOREX","ICUS","IFUS","Foreign Exchange","KJ"
"=HYPERLINK(""https://www.ice.com/products/2935639"",""Cross Currency Pairs Swiss Franc/Japanese Yen Futures"")","3143","KZY","ZY","K#","","Cross Rates","FOREX","ICUS","IFUS","Foreign Exchange","KZY"
"=HYPERLINK(""https://www.ice.com/products/41361338"",""Cross Currency Pairs Turkish Lira/Euro"")","15755","ETR","ETR","AK","","Emerging Markets","FOREX","ICUS","IFUS","Foreign Exchange","ETR"
"=HYPERLINK(""https://www.ice.com/products/83049816"",""CrowdStrike Holdings Inc - STND Future"")","32513","8R9","8RD","","","Mini Stock Futures","MiniUSEquity","ICEU","IFLO","Mini Equity US-Restricted","8R9"
"=HYPERLINK(""https://www.ice.com/products/28659496"",""Crude Diff - Argus Bakken (Clearbrook) Crude Oil Future"")","5275","BAK","BAK","X#","","Crude Oil and Refined Products","Am Crude Diffs","ICEU","IFED","US Crude","BAK"
"=HYPERLINK(""https://www.ice.com/products/83046605"",""Crude Diff - Argus Bakken (DAPL) Crude Oil Trade Month Future"")","29134","DPL","DPL","","","Crude Oil and Refined Products","Am Crude","ICEU","IFED","US Crude","DPL"
"=HYPERLINK(""https://www.ice.com/products/83045078"",""Crude Diff - Argus Bakken (Patoka) Crude Oil Trade Month Future"")","28896","PAB","PAB","","","Crude Oil and Refined Products","Am Crude Diffs","ICEU","IFED","US Crude","PAB"
"=HYPERLINK(""https://www.ice.com/products/82725189"",""Crude Diff - Argus Bakken Cushing vs WTI 1st Line Future"")","28399","BAC","BAC","","","Crude Oil and Refined Products","Am Crude Diffs","ICEU","IFED","US Crude","BAC"
"=HYPERLINK(""https://www.ice.com/products/83046609"",""Crude Diff - Argus Canadian High TAN (Houston) Crude Oil Trade Month Future"")","29137","ARX","ARX","","","Crude Oil and Refined Products","Am Crude Diffs","ICEU","IFED","US Crude","ARX"
"=HYPERLINK(""https://www.ice.com/products/6753337"",""Crude Diff - Argus LLS vs Brent 1st Line Future"")","3082","ARI","ARI","M=","","Crude Oil and Refined Products","Am Crude Diffs","ICEU","IFED","US Crude","ARI"
"=HYPERLINK(""https://www.ice.com/products/53168981"",""Crude Diff - Argus LLS vs WTI 1st Line Balmo Future"")","23284","ARP","ARP","8A","","Crude Oil and Refined Products","Am Crude Diffs","ICEU","IFED","US Crude","ARP"
"=HYPERLINK(""https://www.ice.com/products/6753339"",""Crude Diff - Argus LLS vs WTI 1st Line Future"")","3084","ARK","ARK","MD","","Crude Oil and Refined Products","Am Crude Diffs","ICEU","IFED","US Crude","ARK"
"=HYPERLINK(""https://www.ice.com/products/62666433"",""Crude Diff - Argus LLS vs WTI Trade Month Balmo Future"")","19600","ARQ","ARQ","HR","","Crude Oil and Refined Products","Am Crude Diffs","ICEU","IFED","US Crude","ARQ"
"=HYPERLINK(""https://www.ice.com/products/6753340"",""Crude Diff - Argus LLS vs WTI Trade Month Future"")","3085","ARL","ARL","MB","","Crude Oil and Refined Products","Am Crude Diffs","ICEU","IFED","US Crude","ARL"
"=HYPERLINK(""https://www.ice.com/products/6753341"",""Crude Diff - Argus Mars vs Brent 1st Line Future"")","3086","ARN","ARN","MF","","Crude Oil and Refined Products","Am Crude Diffs","ICEU","IFED","US Crude","ARN"
"=HYPERLINK(""https://www.ice.com/products/62666440"",""Crude Diff - Argus Mars vs WTI 1st Line Balmo Future"")","19605","ART","ART","HS","","Crude Oil and Refined Products","Am Crude Diffs","ICEU","IFED","US Crude","ART"
"=HYPERLINK(""https://www.ice.com/products/6753342"",""Crude Diff - Argus Mars vs WTI 1st Line Future"")","3087","ARO","ARO","MH","","Crude Oil and Refined Products","Am Crude Diffs","ICEU","IFED","US Crude","ARO"
"=HYPERLINK(""https://www.ice.com/products/31687078"",""Crude Diff - Argus Mars vs WTI Trade Month Future"")","5719","ARW","ARW","O:","","Crude Oil and Refined Products","Am Crude Diffs","ICEU","IFED","US Crude","ARW"
"=HYPERLINK(""https://www.ice.com/products/82471463"",""Crude Diff - Argus SGC vs WTI 1st Line Future"")","27574","AJB","AJB","","","Crude Oil and Refined Products","Am Crude Diffs","ICEU","IFED","US Crude","AJB"
"=HYPERLINK(""https://www.ice.com/products/82471462"",""Crude Diff - Argus SGC vs WTI Trade Month Future"")","27575","AJA","AJA","","","Crude Oil and Refined Products","Am Crude Diffs","ICEU","IFED","US Crude","AJA"
"=HYPERLINK(""https://www.ice.com/products/6753434"",""Crude Diff - Argus Sour Crude Index (ASCI) Diff Calendar Future"")","2045","TAB","TAB","T5","SQ81","Crude Oil and Refined Products","Am Crude Diffs","ICEU","IFED","US Crude","TAB"
"=HYPERLINK(""https://www.ice.com/products/28659495"",""Crude Diff - Argus WCS (Cushing) Crude Oil Trade Month Future"")","5287","CSH","CSH","X:","","Crude Oil and Refined Products","Am Crude Diffs","ICEU","IFED","US Crude","CSH"
"=HYPERLINK(""https://www.ice.com/products/67689141"",""Crude Diff - Argus WCS (Houston) Crude Oil Trade Month Future"")","20448","ARV","ARV","KA","","Crude Oil and Refined Products","Am Crude Diffs","ICEU","IFED","US Crude","ARV"
"=HYPERLINK(""https://www.ice.com/products/55968336"",""Crude Diff - Argus WTI CMA Trade Month Future"")","18601","AIM","AIM","C\","","Crude Oil and Refined Products","Am Crude Diffs","ICEU","IFED","US Crude","AIM"
"=HYPERLINK(""https://www.ice.com/products/65898859"",""Crude Diff - Argus WTI Houston vs Argus WTI Midland Trade Month Future"")","20093","MSN","MSN","J4","","Crude Oil and Refined Products","Am Crude Diffs","ICEU","IFED","US Crude","MSN"
"=HYPERLINK(""https://www.ice.com/products/67689129"",""Crude Diff - Argus WTI Houston vs WTI Trade Month Average Price Options"")","20378","ACM","ACM","C/","","Crude Oil and Refined Products","O-Am Crude Diffs","ICEU","IFED","US Crude","ACM"
"=HYPERLINK(""https://www.ice.com/products/62666437"",""Crude Diff - Argus WTI Houston vs WTI Trade Month Balmo Future"")","19603","ACL","ACL","HZ","","Crude Oil and Refined Products","Am Crude Diffs","ICEU","IFED","US Crude","ACL"
"=HYPERLINK(""https://www.ice.com/products/55968335"",""Crude Diff - Argus WTI Houston vs WTI Trade Month Future"")","18600","ACM","ACM","C/","","Crude Oil and Refined Products","Am Crude Diffs","ICEU","IFED","US Crude","ACM"
"=HYPERLINK(""https://www.ice.com/products/54704105"",""Crude Diff - Argus WTI Houston vs. WTI 1st Line Future"")","18400","AIL","AIL","AI","","Crude Oil and Refined Products","Am Crude Diffs","ICEU","IFED","US Crude","AIL"
"=HYPERLINK(""https://www.ice.com/products/61988984"",""Crude Diff - Argus WTI Midland vs WTI 1st Line Future"")","5717","MLT","MLT","S-","","Crude Oil and Refined Products","Am Crude Diffs","ICEU","IFED","US Crude","MLT"
"=HYPERLINK(""https://www.ice.com/products/67689112"",""Crude Diff - Argus WTI Midland vs WTI Trade Month Average Price Options"")","20376","MSV","MSV","()","","Crude Oil and Refined Products","O-Am Crude Diffs","ICEU","IFED","US Crude","MSV"
"=HYPERLINK(""https://www.ice.com/products/62666438"",""Crude Diff - Argus WTI Midland vs WTI Trade Month Balmo Future"")","19604","MLS","MLS","HX","","Crude Oil and Refined Products","Am Crude Diffs","ICEU","IFED","US Crude","MLS"
"=HYPERLINK(""https://www.ice.com/products/37393273"",""Crude Diff - Argus WTI Midland vs WTI Trade Month Future"")","15551","MSV","MSV","()","","Crude Oil and Refined Products","Am Crude Diffs","ICEU","IFED","US Crude","MSV"
"=HYPERLINK(""https://www.ice.com/products/72486157"",""Crude Diff - Argus WTL Midland vs WTI Trade Month Future"")","23791","MTD","MTD","PO","","Crude Oil and Refined Products","Am Crude Diffs","ICEU","IFED","US Crude","MTD"
"=HYPERLINK(""https://www.ice.com/products/62666436"",""Crude Diff - Argus WTS vs WTI Trade Month Balmo Future"")","19602","AVS","AVS","HV","","Crude Oil and Refined Products","Am Crude Diffs","ICEU","IFED","US Crude","AVS"
"=HYPERLINK(""https://www.ice.com/products/31687077"",""Crude Diff - Argus WTS vs WTI Trade Month Future"")","5718","AVT","AVT","S)","","Crude Oil and Refined Products","Am Crude Diffs","ICEU","IFED","US Crude","AVT"
"=HYPERLINK(""https://www.ice.com/products/83047693"",""Crude Diff - Argus X-Pipe Midland WTI vs WTI Trade Month Future"")","30325","AXM","AXM","","","Crude Oil and Refined Products","Am Crude Diffs","ICEU","IFED","US Crude","AXM"
"=HYPERLINK(""https://www.ice.com/products/31687079"",""Crude Diff - Brent 1st Line vs Dubai 1st Line (Platts) Balmo Future"")","23258","BOH","BOH","9R","","Crude Oil and Refined Products","Crude Diffs","ICEU","IFEU","Oil","BOH"
"=HYPERLINK(""https://www.ice.com/products/6753344"",""Crude Diff - Brent 1st Line vs Dubai 1st Line Future"")","14","BOD","BOD","BO","SF34","Crude Oil and Refined Products","Crude Diffs","ICEU","IFEU","Oil","BOD"
"=HYPERLINK(""https://www.ice.com/products/54800190"",""Crude Diff - CPC Blend CIF (Platts) vs Dated Brent (Platts) Future"")","18413","DCR","DCR","64","","Crude Oil and Refined Products","Crude Diffs","ICEU","IFEU","Oil","DCR"
"=HYPERLINK(""https://www.ice.com/products/62666446"",""Crude Diff - CPC Blend CIF Med Cargoes (Platts) vs Dated Brent (Platts) Balmo Future"")","19609","DCT","DCT","H2","","Crude Oil and Refined Products","Crude Diffs","ICEU","IFEU","Oil","DCT"
"=HYPERLINK(""https://www.ice.com/products/28881203"",""Crude Diff - Daily Brent 1- Month Calendar Spread Options"")","5285","DBO","DBO","YB","","Crude Oil and Refined Products","O-Crude Diffs","ICEU","IFEU","Oil","DBO"
"=HYPERLINK(""https://www.ice.com/products/71085653"",""Crude Diff - Daily CPC Blend CIF Med Cargoes (Platts) vs Dated Brent (Platts) Future"")","22306","DCW","DCW","Q:","","Crude Oil and Refined Products","Crude Diffs","ICEU","IFEU","Oil","DCW"
"=HYPERLINK(""https://www.ice.com/products/61989091"",""Crude Diff - Daily Dated Brent (Platts) vs Brent 2nd Line Future"")","19475","DBS","DBS","DQ","","Crude Oil and Refined Products","Crude Diffs","ICEU","IFEU","Oil","DBS"
"=HYPERLINK(""https://www.ice.com/products/61989095"",""Crude Diff - Daily Urals Med (Platts) vs Dated Brent (Platts) Future"")","19479","DUN","DUN","DR","","Crude Oil and Refined Products","Crude Diffs","ICEU","IFEU","Oil","DUN"
"=HYPERLINK(""https://www.ice.com/products/61989096"",""Crude Diff - Daily Urals North (Platts) vs Dated Brent (Platts) Future"")","19480","DUM","DUM","DS","","Crude Oil and Refined Products","Crude Diffs","ICEU","IFEU","Oil","DUM"
"=HYPERLINK(""https://www.ice.com/products/73051330"",""Crude Diff - Daily WTI Midland (DAP Augusta) (Platts) vs Dated Brent (Platts) Future"")","24284","CGH","CGH","P@","","Crude Oil and Refined Products","Crude Diffs","ICEU","IFEU","Oil","CGH"
"=HYPERLINK(""https://www.ice.com/products/73051329"",""Crude Diff - Daily WTI Midland (DAP Rotterdam) (Platts) vs Dated Brent (Platts) Future"")","24283","CGG","CGG","P?","","Crude Oil and Refined Products","Crude Diffs","ICEU","IFEU","Oil","CGG"
"=HYPERLINK(""https://www.ice.com/products/83047269"",""Crude Diff - Dated Brent (Platts) vs Brent 1st Line Average Price Option"")","30071","DBF","DBF","","","Crude Oil and Refined Products","O-Crude Diffs","ICEU","IFEU","Oil","DBF"
"=HYPERLINK(""https://www.ice.com/products/6753343"",""Crude Diff - Dated Brent vs Brent 1st Line Balmo Future"")","23227","DBG","DBG","9S","","Crude Oil and Refined Products","Crude Diffs","ICEU","IFEU","Oil","DBG"
"=HYPERLINK(""https://www.ice.com/products/6753417"",""Crude Diff - Dated Brent vs Dubai 1st Line Future"")","4080","PDD","PDD","ZS","1294","Crude Oil and Refined Products","Crude Diffs","ICEU","IFEU","Oil","PDD"
"=HYPERLINK(""https://www.ice.com/products/83046608"",""Crude Diff - ICE CLK 1a Index Future"")","29136","CLK","CLK","","","Crude Oil and Refined Products","Am Crude Diffs","ICEU","IFED","US Crude","CLK"
"=HYPERLINK(""https://www.ice.com/products/83045079"",""Crude Diff - ICE Midland WTI American Gulf Coast Trade Month vs WTI Trade Month Future"")","28897","HOI","HOI","","","Crude Oil and Refined Products","Am Crude Diffs","ICEU","IFED","US Crude","HOI"
"=HYPERLINK(""https://www.ice.com/products/61989080"",""Crude Diff - ICE SW 1a Index Balmo Future"")","21865","TMZ","TMZ","MD","","Crude Oil and Refined Products","Am Crude Diffs","ICEU","IFED","US Crude","TMZ"
"=HYPERLINK(""https://www.ice.com/products/31687075"",""Crude Diff - ICE SW 1a Index Future"")","5716","TMR","TMR","Y7","","Crude Oil and Refined Products","Am Crude Diffs","ICEU","IFED","US Crude","TMR"
"=HYPERLINK(""https://www.ice.com/products/27066815"",""Crude Diff - ICE SYN 1A Index Future"")","5026","TMS","TMS","R8","EH90","Crude Oil and Refined Products","Am Crude Diffs","ICEU","IFED","US Crude","TMS"
"=HYPERLINK(""https://www.ice.com/products/55968337"",""Crude Diff - ICE UHC 1A Index Future"")","18602","TMU","TMU","C>","","Crude Oil and Refined Products","Am Crude Diffs","ICEU","IFED","US Crude","TMU"
"=HYPERLINK(""https://www.ice.com/products/27066814"",""Crude Diff - ICE WCS 1A Index Future"")","5027","TMW","TMW","R7","EH89","Crude Oil and Refined Products","Am Crude Diffs","ICEU","IFED","US Crude","TMW"
"=HYPERLINK(""https://www.ice.com/products/6753467"",""Crude Diff - ICE WCS 1B Index Balmo Future"")","21863","TDY","TDY","M9","","Crude Oil and Refined Products","Am Crude Diffs","ICEU","IFED","US Crude","TDY"
"=HYPERLINK(""https://www.ice.com/products/6753435"",""Crude Diff - ICE WCS 1B Index Future"")","2469","TDX","TDX","#<","","Crude Oil and Refined Products","Am Crude Diffs","ICEU","IFED","US Crude","TDX"
"=HYPERLINK(""https://www.ice.com/products/61989081"",""Crude Diff - ICE WCS 1a Index Balmo Future"")","21864","TMY","TMY","ME","","Crude Oil and Refined Products","Am Crude Diffs","ICEU","IFED","US Crude","TMY"
"=HYPERLINK(""https://www.ice.com/products/82687962"",""Crude Diff - Midland WTI American Gulf Coast Diff to CMA ICE Trade Month Balmo Future"")","28337","CM2","CM2","","","Crude Oil and Refined Products","Am Crude Diffs","ICEU","IFED","US Crude","CM2"
"=HYPERLINK(""https://www.ice.com/products/82687961"",""Crude Diff - Midland WTI American Gulf Coast Diff to CMA ICE Trade Month Future"")","28336","CM1","CM1","","","Crude Oil and Refined Products","Am Crude Diffs","ICEU","IFED","US Crude","CM1"
"=HYPERLINK(""https://www.ice.com/products/75452781"",""Crude Diff - Murban 1st Line vs Brent 1st Line Balmo Future"")","25882","ADU","ADU","AI","","Crude Oil and Refined Products","CrudeDiffbblAD","ICEU","IFAD","Oil Abu Dhabi","ADU"
"=HYPERLINK(""https://www.ice.com/products/75452780"",""Crude Diff - Murban 1st Line vs Brent 1st Line Future"")","25881","ADI","ADI","AH","","Crude Oil and Refined Products","CrudeDiffbblAD","ICEU","IFAD","Oil Abu Dhabi","ADI"
"=HYPERLINK(""https://www.ice.com/products/75452785"",""Crude Diff - Murban 1st Line vs Dated Brent (Platts) Balmo Future"")","25885","ADY","ADY","AO","","Crude Oil and Refined Products","CrudeDiffbblAD","ICEU","IFAD","Oil Abu Dhabi","ADY"
"=HYPERLINK(""https://www.ice.com/products/75452784"",""Crude Diff - Murban 1st Line vs Dated Brent (Platts) Future"")","25884","ADV","ADV","AN","","Crude Oil and Refined Products","CrudeDiffbblAD","ICEU","IFAD","Oil Abu Dhabi","ADV"
"=HYPERLINK(""https://www.ice.com/products/75452783"",""Crude Diff - Murban 1st Line vs WTI 1st Line Balmo Future"")","25887","ADZ","ADZ","AM","","Crude Oil and Refined Products","CrudeDiffbblAD","ICEU","IFAD","Oil Abu Dhabi","ADZ"
"=HYPERLINK(""https://www.ice.com/products/75452782"",""Crude Diff - Murban 1st Line vs WTI 1st Line Future"")","25886","ADW","ADW","AL","","Crude Oil and Refined Products","CrudeDiffbblAD","ICEU","IFAD","Oil Abu Dhabi","ADW"
"=HYPERLINK(""https://www.ice.com/products/75452797"",""Crude Diff - Murban Singapore Marker 1st Line vs Brent 1st Line Balmo Future"")","25894","AD5","AD5","AK","","Crude Oil and Refined Products","CrudeDiffbblAD","ICEU","IFAD","Oil Abu Dhabi","AD5"
"=HYPERLINK(""https://www.ice.com/products/75452796"",""Crude Diff - Murban Singapore Marker 1st Line vs Brent 1st Line Future"")","25883","ADH","ADH","AJ","","Crude Oil and Refined Products","CrudeDiffbblAD","ICEU","IFAD","Oil Abu Dhabi","ADH"
"=HYPERLINK(""https://www.ice.com/products/75452795"",""Crude Diff - Murban Singapore Marker 1st Line vs Brent Singapore Marker 1st Line Balmo Future"")","25893","AD4","AD4","AG","","Crude Oil and Refined Products","CrudeDiffbblAD","ICEU","IFAD","Oil Abu Dhabi","AD4"
"=HYPERLINK(""https://www.ice.com/products/75452794"",""Crude Diff - Murban Singapore Marker 1st Line vs Brent Singapore Marker 1st Line Future"")","25892","AD3","AD3","AF","","Crude Oil and Refined Products","CrudeDiffbblAD","ICEU","IFAD","Oil Abu Dhabi","AD3"
"=HYPERLINK(""https://www.ice.com/products/82908545"",""Crude Diff - Murban Singapore Marker Penultimate Day 1st Line vs Brent Singapore Marker Penultimate Day 1st Line Balmo Future"")","28561","MSH","MSH","","","Crude Oil and Refined Products","CrudeDiffbblAD","ICEU","IFAD","Oil Abu Dhabi","MSH"
"=HYPERLINK(""https://www.ice.com/products/82908544"",""Crude Diff - Murban Singapore Marker Penultimate Day 1st Line vs Brent Singapore Marker Penultimate Day 1st Line Future"")","28560","MSG","MSG","","","Crude Oil and Refined Products","CrudeDiffbblAD","ICEU","IFAD","Oil Abu Dhabi","MSG"
"=HYPERLINK(""https://www.ice.com/products/83048608"",""Crude Diff - Pacific Cold Lake (Platts) vs ICE Brent Future"")","31301","PCL","PCL","","","Crude Oil and Refined Products","Am Crude Diffs","ICEU","IFED","US Crude","PCL"
"=HYPERLINK(""https://www.ice.com/products/83048606"",""Crude Diff - Pacific Dilbit (Platts) vs ICE Brent Future"")","31305","PDL","PDL","","","Crude Oil and Refined Products","Am Crude Diffs","ICEU","IFED","US Crude","PDL"
"=HYPERLINK(""https://www.ice.com/products/83047774"",""Crude Diff - Unity Gold Crude Oil (Platts) vs Dated Brent (Platts) Future"")","30428","UNI","UNI","","","Crude Oil and Refined Products","Am Crude Diffs","ICEU","IFED","US Crude","UNI"
"=HYPERLINK(""https://www.ice.com/products/6753440"",""Crude Diff - Urals Med vs Dated Brent CFD Future"")","1893","UCF","UCF","BJ","SN25","Crude Oil and Refined Products","Crude Diffs","ICEU","IFEU","Oil","UCF"
"=HYPERLINK(""https://www.ice.com/products/6753357"",""Crude Diff - Urals North vs Dated Brent CFD Future"")","3560","CFU","CFU","WV","","Crude Oil and Refined Products","Crude Diffs","ICEU","IFEU","Oil","CFU"
"=HYPERLINK(""https://www.ice.com/products/6753436"",""Crude Diff - WTI 1-Month Calendar Spread Future"")","2387","TIA","TIA","HA","SR18","Crude Oil and Refined Products","Am Crude","ICEU","IFED","US Crude","TIA"
"=HYPERLINK(""https://www.ice.com/products/31687082"",""Crude Diff - WTI 1st Line vs Brent 1st Line Balmo Future"")","23280","BTE","BTE","8B","","Crude Oil and Refined Products","Am Crude Diffs","ICEU","IFED","US Crude","BTE"
"=HYPERLINK(""https://www.ice.com/products/6753347"",""Crude Diff - WTI 1st Line vs Brent 1st Line Future"")","1465","BTD","BTD","BT","QH57","Crude Oil and Refined Products","Am Crude Diffs","ICEU","IFED","US Crude","BTD"
"=HYPERLINK(""https://www.ice.com/products/73051328"",""Crude Diff - WTI Midland (DAP Augusta) (Platts) vs Dated Brent (Platts) Balmo Future"")","24282","CGE","CGE","P#","","Crude Oil and Refined Products","Crude Diffs","ICEU","IFEU","Oil","CGE"
"=HYPERLINK(""https://www.ice.com/products/73051327"",""Crude Diff - WTI Midland (DAP Augusta) (Platts) vs Dated Brent (Platts) Future"")","24281","CGD","CGD","P:","","Crude Oil and Refined Products","Crude Diffs","ICEU","IFEU","Oil","CGD"
"=HYPERLINK(""https://www.ice.com/products/73051312"",""Crude Diff - WTI Midland (DAP Rotterdam) (Platts) vs Dated Brent (Platts) Balmo Future"")","24280","CGC","CGC","P>","","Crude Oil and Refined Products","Crude Diffs","ICEU","IFEU","Oil","CGC"
"=HYPERLINK(""https://www.ice.com/products/72486132"",""Crude Diff - WTI Midland (DAP Rotterdam) (Platts) vs Dated Brent (Platts) Future"")","23779","WTD","WTD","P4","","Crude Oil and Refined Products","Crude Diffs","ICEU","IFEU","Oil","WTD"
"=HYPERLINK(""https://www.ice.com/products/83049427"",""Crude Diff - WTI Nederland vs HOU Trade Month (GX) Future"")","32264","WNH","WNH","","","Crude Oil and Refined Products","Am Crude Diffs","ICEU","IFED","US Crude","WNH"
"=HYPERLINK(""https://www.ice.com/products/83049426"",""Crude Diff - WTI St. James vs HOU Trade Month (GX) Future"")","32267","WJH","WJH","","","Crude Oil and Refined Products","Am Crude Diffs","ICEU","IFED","US Crude","WJH"
"=HYPERLINK(""https://www.ice.com/products/6753437"",""Crude Diff - WTI vs Brent Bullet Future"")","171","TIB","TIB","U-","","Crude Oil and Refined Products","Am Crude Diffs","ICEU","IFED","US Crude","TIB"
"=HYPERLINK(""https://www.ice.com/products/11522780"",""Crude Diff - WTI vs Brent Bullet Options"")","4816","TIB","TIB","U-","","Crude Oil and Refined Products","O-Am Crude Diffs","ICEU","IFED","US Crude","TIB"
"=HYPERLINK(""https://www.ice.com/products/82612863"",""Crude Diff – Johan Sverdrup (Platts) vs Dated Brent (Platts) Balmo Future"")","27750","JSD","JSD","","","Crude Oil and Refined Products","Crude Diffs","ICEU","IFEU","Oil","JSD"
"=HYPERLINK(""https://www.ice.com/products/82612862"",""Crude Diff – Johan Sverdrup (Platts) vs Dated Brent (Platts) Future"")","27749","JSC","JSC","","","Crude Oil and Refined Products","Crude Diffs","ICEU","IFEU","Oil","JSC"
"=HYPERLINK(""https://www.ice.com/products/28881205"",""Crude Future - Brent 1-Month Calendar Spread Options"")","4825","BRM","BRM","HC","SR20","Crude Oil and Refined Products","O-Crude Outrights","ICEU","IFEU","Oil","BRM"
"=HYPERLINK(""https://www.ice.com/products/82725192"",""Crude Oil Diff - Argus Bakken Cushing vs WTI Trade Month Future"")","28398","BAF","BAF","","","Crude Oil and Refined Products","Am Crude Diffs","ICEU","IFED","US Crude","BAF"
"=HYPERLINK(""https://www.ice.com/products/83048619"",""Crude Oil Diff - Argus HLS vs WTI Trade Month Future"")","31294","HLS","HLS","","","Crude Oil and Refined Products","Am Crude Diffs","ICEU","IFED","US Crude","HLS"
"=HYPERLINK(""https://www.ice.com/products/83048633"",""Crude Oil Diff - Argus WCS (Houston) Crude Oil Trade Month Balmo Future"")","31261","ASX","ASX","","","Crude Oil and Refined Products","Am Crude Diffs","ICEU","IFED","US Crude","ASX"
"=HYPERLINK(""https://www.ice.com/products/83048630"",""Crude Oil Diff - Cushing Canadian Sour vs HOU CMA (GX) Future"")","31269","GCI","GCI","","","Crude Oil and Refined Products","Am Crude Diffs","ICEU","IFED","US Crude","GCI"
"=HYPERLINK(""https://www.ice.com/products/83048626"",""Crude Oil Diff - Houston Canadian Sour vs HOU CMA (GX) Future"")","31285","GXH","GXH","","","Crude Oil and Refined Products","Am Crude Diffs","ICEU","IFED","US Crude","GXH"
"=HYPERLINK(""https://www.ice.com/products/83047277"",""Crude Oil Diff - ICE CLK EDM 1a Index Future"")","30033","CLE","CLE","","","Crude Oil and Refined Products","Am Crude Diffs","ICEU","IFED","US Crude","CLE"
"=HYPERLINK(""https://www.ice.com/products/83047773"",""Crude Oil Diff - Liza Crude Oil (Platts) vs Dated Brent (Platts) Future"")","30420","LZO","LZO","","","Crude Oil and Refined Products","Am Crude Diffs","ICEU","IFED","US Crude","LZO"
"=HYPERLINK(""https://www.ice.com/products/83048625"",""Crude Oil Diff - Mars vs HOU Trade Month (GX) Future"")","31287","GXM","GXM","","","Crude Oil and Refined Products","Am Crude Diffs","ICEU","IFED","US Crude","GXM"
"=HYPERLINK(""https://www.ice.com/products/83048629"",""Crude Oil Diff - Midland WTI vs HOU Trade Month (GX) Future"")","31274","GMI","GMI","","","Crude Oil and Refined Products","Am Crude Diffs","ICEU","IFED","US Crude","GMI"
"=HYPERLINK(""https://www.ice.com/products/83048628"",""Crude Oil Diff - Midland WTL vs HOU Trade Month (GX) Future"")","31278","GTL","GTL","","","Crude Oil and Refined Products","Am Crude Diffs","ICEU","IFED","US Crude","GTL"
"=HYPERLINK(""https://www.ice.com/products/83048631"",""Crude Oil Diff - Midland del Corpus Christi vs HOU Trade Month (GX) Future"")","31267","GC1","GC1","","","Crude Oil and Refined Products","Am Crude Diffs","ICEU","IFED","US Crude","GC1"
"=HYPERLINK(""https://www.ice.com/products/83049095"",""Crude Oil Diff - Pacific Cold Lake (Platts) vs Dubai 1st Line (Platts) Future"")","31548","PCU","PCU","","","Crude Oil and Refined Products","Am Crude Diffs","ICEU","IFED","US Crude","PCU"
"=HYPERLINK(""https://www.ice.com/products/83049094"",""Crude Oil Diff - Pacific Dilbit (Platts) vs Dubai 1st Line (Platts) Future"")","31550","PDU","PDU","","","Crude Oil and Refined Products","Am Crude Diffs","ICEU","IFED","US Crude","PDU"
"=HYPERLINK(""https://www.ice.com/products/83048624"",""Crude Oil Diff - SGC vs HOU Trade Month (GX) Future"")","31289","GXS","GXS","","","Crude Oil and Refined Products","Am Crude Diffs","ICEU","IFED","US Crude","GXS"
"=HYPERLINK(""https://www.ice.com/products/83048627"",""Crude Oil Diff - WTI ex-Basin vs HOU Trade Month (GX) Future"")","31281","GXB","GXB","","","Crude Oil and Refined Products","Am Crude Diffs","ICEU","IFED","US Crude","GXB"
"=HYPERLINK(""https://www.ice.com/products/83048604"",""Crude Oil Diff - West Texas Midland (Platts) vs HOU Trade Month (Platts) Future"")","31307","PM1","PM1","","","Crude Oil and Refined Products","Am Crude Diffs","ICEU","IFED","US Crude","PM1"
"=HYPERLINK(""https://www.ice.com/products/82471494"",""Crude Oil Outright - Argus SGC Future"")","27588","TEL","TEL","","","Crude Oil and Refined Products","Am Crude","ICEU","IFED","US Crude","TEL"
"=HYPERLINK(""https://www.ice.com/products/28655767"",""Crude Outright - Argus LLS Average Price Options"")","5314","ARH","ARH","M@","","Crude Oil and Refined Products","O-Am Crude","ICEU","IFED","US Crude","ARH"
"=HYPERLINK(""https://www.ice.com/products/81935241"",""Crude Outright - Argus LLS Trade Month Future"")","25071","JFT","JFT","","","Crude Oil and Refined Products","Am Crude","ICEU","IFED","US Crude","JFT"
"=HYPERLINK(""https://www.ice.com/products/81935240"",""Crude Outright - Argus Mars Trade Month Future"")","25070","JFS","JFS","","","Crude Oil and Refined Products","Am Crude","ICEU","IFED","US Crude","JFS"
"=HYPERLINK(""https://www.ice.com/products/82471493"",""Crude Outright - Argus SGC Trade Month Future"")","27587","TEK","TEK","","","Crude Oil and Refined Products","Am Crude","ICEU","IFED","US Crude","TEK"
"=HYPERLINK(""https://www.ice.com/products/62666453"",""Crude Outright - Argus WTI Cushing Trade Month Future"")","19614","ACT","ACT","H1","","Crude Oil and Refined Products","Am Crude","ICEU","IFED","US Crude","ACT"
"=HYPERLINK(""https://www.ice.com/products/72279811"",""Crude Outright - Argus WTI Houston Average Price Options"")","23654","AFW","AFW","O:","","Crude Oil and Refined Products","O-Am Crude","ICEU","IFED","US Crude","AFW"
"=HYPERLINK(""https://www.ice.com/products/72265904"",""Crude Outright - Argus WTI Houston Future"")","23623","AFW","AFW","O:","","Crude Oil and Refined Products","Am Crude","ICEU","IFED","US Crude","AFW"
"=HYPERLINK(""https://www.ice.com/products/81935238"",""Crude Outright - Argus WTI Houston Trade Month Future"")","25068","JFQ","JFQ","","","Crude Oil and Refined Products","Am Crude","ICEU","IFED","US Crude","JFQ"
"=HYPERLINK(""https://www.ice.com/products/81935239"",""Crude Outright - Argus WTI Midland 1st Line Future"")","25069","JFR","JFR","","","Crude Oil and Refined Products","Am Crude","ICEU","IFED","US Crude","JFR"
"=HYPERLINK(""https://www.ice.com/products/81935237"",""Crude Outright - Argus WTI Midland Trade Month Future"")","25067","JFP","JFP","","","Crude Oil and Refined Products","Am Crude","ICEU","IFED","US Crude","JFP"
"=HYPERLINK(""https://www.ice.com/products/81935242"",""Crude Outright - Argus WTS Trade Month Future"")","25072","JFU","JFU","","","Crude Oil and Refined Products","Am Crude","ICEU","IFED","US Crude","JFU"
"=HYPERLINK(""https://www.ice.com/products/46180185"",""Crude Outright - Brent Average Price Balmo Options"")","23303","BSQ","BSQ","9Z","","Crude Oil and Refined Products","O-Crude Outrights","ICEU","IFEU","Oil","BSQ"
"=HYPERLINK(""https://www.ice.com/products/81987203"",""Crude Outright - Brent Singapore Marker 1st Line Balmo Future"")","25873","BSG","BSG","","","Crude Oil and Refined Products","Crude Outrights","ICEU","IFEU","Oil","BSG"
"=HYPERLINK(""https://www.ice.com/products/81987202"",""Crude Outright - Brent Singapore Marker 1st Line Future"")","25872","BSF","BSF","","","Crude Oil and Refined Products","Crude Outrights","ICEU","IFEU","Oil","BSF"
"=HYPERLINK(""https://www.ice.com/products/81690692"",""Crude Outright - Daily BFOET (Platts) M1 Future"")","25752","BF1","BF1","","","Crude Oil and Refined Products","Crude Outrights","ICEU","IFEU","Oil","BF1"
"=HYPERLINK(""https://www.ice.com/products/81690693"",""Crude Outright - Daily BFOET (Platts) M2 Future"")","25753","BF2","BF2","","","Crude Oil and Refined Products","Crude Outrights","ICEU","IFEU","Oil","BF2"
"=HYPERLINK(""https://www.ice.com/products/81690694"",""Crude Outright - Daily BFOET (Platts) M3 Future"")","25754","BF3","BF3","","","Crude Oil and Refined Products","Crude Outrights","ICEU","IFEU","Oil","BF3"
"=HYPERLINK(""https://www.ice.com/products/26535747"",""Crude Outright - Dated Brent (Platts) Average Price Options"")","4819","PDB","PDB","BD","QJ68","Crude Oil and Refined Products","O-Crude Outrights","ICEU","IFEU","Oil","PDB"
"=HYPERLINK(""https://www.ice.com/products/37042660"",""Crude Outright - Dated Brent (Platts) Balmo Future"")","23261","DBQ","DBQ","9A","","Crude Oil and Refined Products","Crude Outrights","ICEU","IFEU","Oil","DBQ"
"=HYPERLINK(""https://www.ice.com/products/26535748"",""Crude Outright - Dubai 1st Line (Platts) Average Price Options"")","4818","DBI","DBI","DB","OU44","Crude Oil and Refined Products","O-Dubai Crude","ICEU","IFEU","Dubai Crude Futures","DBI"
"=HYPERLINK(""https://www.ice.com/products/28657624"",""Crude Outright - Dubai 1st Line (Platts) Balmo Mini Future"")","23257","DBK","DBK","93","","Crude Oil and Refined Products","Dubai Crude","ICEU","IFEU","Dubai Crude Futures","DBK"
"=HYPERLINK(""https://www.ice.com/products/82067434"",""Crude Outright - ICE WTI Crude Oil Last Day Future"")","26761","WLD","WBS","","","Crude Oil and Refined Products","ICE WTI","ICEU","IFEU","ICE WTI Crude Futures","WLD"
"=HYPERLINK(""https://www.ice.com/products/71544053"",""Crude Outright - Midland WTI American Gulf Coast 1st Line Future"")","23416","HOO","HOO","NQ","","Crude Oil and Refined Products","Am Crude","ICEU","IFED","US Crude","HOO"
"=HYPERLINK(""https://www.ice.com/products/71544065"",""Crude Outright - Midland WTI American Gulf Coast Average Price Option"")","23442","HOO","HOO","NQ","","Crude Oil and Refined Products","O-Am Crude","ICEU","IFED","US Crude","HOO"
"=HYPERLINK(""https://www.ice.com/products/72265855"",""Crude Outright - Midland WTI American Gulf Coast Trade Month Future"")","23621","HOY","HOY","O>","","Crude Oil and Refined Products","Am Crude","ICEU","IFED","US Crude","HOY"
"=HYPERLINK(""https://www.ice.com/products/75452779"",""Crude Outright - Murban 1st Line Balmo Future"")","25878","ADJ","ADJ","AE","","Crude Oil and Refined Products","CrudeOutrightAD","ICEU","IFAD","Oil Abu Dhabi","ADJ"
"=HYPERLINK(""https://www.ice.com/products/75452777"",""Crude Outright - Murban 1st Line Future"")","25877","ADF","ADM","AC","","Crude Oil and Refined Products","CrudeOutrightAD","ICEU","IFAD","Oil Abu Dhabi","ADF"
"=HYPERLINK(""https://www.ice.com/products/75452793"",""Crude Outright - Murban Singapore Marker 1st Line Balmo Future"")","25880","ADK","ADK","AB","","Crude Oil and Refined Products","CrudeOutrightAD","ICEU","IFAD","Oil Abu Dhabi","ADK"
"=HYPERLINK(""https://www.ice.com/products/75452792"",""Crude Outright - Murban Singapore Marker 1st Line Future"")","25879","ADG","ACY","AA","","Crude Oil and Refined Products","CrudeOutrightAD","ICEU","IFAD","Oil Abu Dhabi","ADG"
"=HYPERLINK(""https://www.ice.com/products/82908542"",""Crude Outright - Murban Singapore Marker Penultimate Day 1st Line Balmo Future"")","28559","MSB","MSB","","","Crude Oil and Refined Products","CrudeOutrightAD","ICEU","IFAD","Oil Abu Dhabi","MSB"
"=HYPERLINK(""https://www.ice.com/products/82908541"",""Crude Outright - Murban Singapore Marker Penultimate Day 1st Line Future"")","28558","MSA","MSA","","","Crude Oil and Refined Products","CrudeOutrightAD","ICEU","IFAD","Oil Abu Dhabi","MSA"
"=HYPERLINK(""https://www.ice.com/products/46180187"",""Crude Outright - WTI Average Price Balmo Options"")","23305","WBT","WBT","8O","","Crude Oil and Refined Products","O-Am Crude","ICEU","IFED","US Crude","WBT"
"=HYPERLINK(""https://www.ice.com/products/72265910"",""Crude Outright - WTI Cushing Trade Month Future"")","23624","WTC","WTC","O#","","Crude Oil and Refined Products","Am Crude","ICEU","IFED","US Crude","WTC"
"=HYPERLINK(""https://www.ice.com/products/82612861"",""Crude Outright – Johan Sverdrup (Platts) Balmo Future"")","27748","JSB","JSB","","","Crude Oil and Refined Products","Crude Outrights","ICEU","IFEU","Oil","JSB"
"=HYPERLINK(""https://www.ice.com/products/82612846"",""Crude Outright – Johan Sverdrup (Platts) Future"")","27747","JSF","JSF","","","Crude Oil and Refined Products","Crude Outrights","ICEU","IFEU","Oil","JSF"
"=HYPERLINK(""https://www.ice.com/products/38716806"",""Currys plc"")","7608","DIX","DIX","","","Single Stock Options","","ICEU","IFLO","Liffe Equity Derivatives - Non-US Based","DIX"
"=HYPERLINK(""https://www.ice.com/products/83048034"",""D3 RIN 2025 Vintage Futures"")","30496","D3B","D3B","","","Biofuels","Phys RINs","ICEU","IFED","Physical Oil Americas","D3B"
"=HYPERLINK(""https://www.ice.com/products/82994078"",""DCC Plc"")","28520","CC5","0M6","","","Single Stock Options","O-LSE Master","ICEU","IFLO","Liffe Equity Derivatives - Non-US Based","CC5"
"=HYPERLINK(""https://www.ice.com/products/19118097"",""Daily CFD - Dated Brent (Platts) vs First Month BFOE (Platts) Future"")","4357","BSM","BSM","8S","","Crude Oil and Refined Products","Crude Diffs","ICEU","IFEU","Oil","BSM"
"=HYPERLINK(""https://www.ice.com/products/19118096"",""Daily CFD - Dated Brent (Platts) vs Second Month BFOE (Platts) Future"")","4358","BTM","BTM","8T","","Crude Oil and Refined Products","Crude Diffs","ICEU","IFEU","Oil","BTM"
"=HYPERLINK(""https://www.ice.com/products/32857605"",""Daily CFD - Dated Brent (Platts) vs Third Month BFOE (Platts) Future"")","15811","BUM","BUM","-6","","Crude Oil and Refined Products","Crude Diffs","ICEU","IFEU","Oil","BUM"
"=HYPERLINK(""https://www.ice.com/products/33257736"",""Daily CFD - Dated Brent vs First Month BFOE Swap"")","4357","BSM","BSM","8S","","Crude Oil and Refined","Crude Diffs","Bilateral","ICES","Oil","BFM"
"=HYPERLINK(""https://www.ice.com/products/31687081"",""Daily Crude Diff - Dated Brent (Platts) vs Mediterranean Dated Strip (Platts) Future"")","5721","DDM","DDM","Y6","","Crude Oil and Refined Products","Crude Diffs","ICEU","IFEU","Oil","DDM"
"=HYPERLINK(""https://www.ice.com/products/19118094"",""Daily Dated Brent (Platts) Future"")","4355","DDB","DDB","8D","","Crude Oil and Refined Products","Crude Outrights","ICEU","IFEU","Oil","DDB"
"=HYPERLINK(""https://www.ice.com/products/19118098"",""Daily Dated Brent vs Brent 1ST Line Future"")","4359","DBL","DBL","8L","","Crude Oil and Refined Products","Crude Diffs","ICEU","IFEU","Oil","DBL"
"=HYPERLINK(""https://www.ice.com/products/72486136"",""Daily Dirty FFA - USGC to China (Platts) Mini Future"")","23800","DFD","DFD","P8","","Wet Freight","Wet Freight","ICEU","IFEU","Wet Freight","DFD"
"=HYPERLINK(""https://www.ice.com/products/72486135"",""Daily Dirty FFA - USGC to UK Continent (Platts) Mini Future"")","23799","DFC","DFC","P7","","Wet Freight","Wet Freight","ICEU","IFEU","Wet Freight","DFC"
"=HYPERLINK(""https://www.ice.com/products/67671172"",""Daily EU-Style WTI Future"")","19861","TDE","TDE","I@","","Crude Oil and Refined Products","Am Crude","ICEU","IFED","US Crude","TDE"
"=HYPERLINK(""https://www.ice.com/products/67119999"",""Daily TC12 FFA WCI to Japan (Baltic) Mini Future"")","20409","DFX","DFX","KS","","Wet Freight","Wet Freight","ICEU","IFEU","Wet Freight","DFX"
"=HYPERLINK(""https://www.ice.com/products/67120000"",""Daily TC14 FFA  USGC to Continent (Baltic) Mini Future"")","20410","DFY","DFY","KU","","Wet Freight","Wet Freight","ICEU","IFEU","Wet Freight","DFY"
"=HYPERLINK(""https://www.ice.com/products/67119994"",""Daily TC2 FFA Northwest Europe to USAC (Baltic) Mini Future"")","20406","DFS","DFS","KM","","Wet Freight","Wet Freight","ICEU","IFEU","Wet Freight","DFS"
"=HYPERLINK(""https://www.ice.com/products/67119995"",""Daily TC5 FFA  Arabian Gulf to Japan (Platts) Mini Future"")","20407","DFT","DFT","KO","","Wet Freight","Wet Freight","ICEU","IFEU","Wet Freight","DFT"
"=HYPERLINK(""https://www.ice.com/products/67119996"",""Daily TC6 FFA Skikda to Lavera (Cross Med) (Baltic) Mini Future"")","20408","DFU","DFU","KQ","","Wet Freight","Wet Freight","ICEU","IFEU","Wet Freight","DFU"
"=HYPERLINK(""https://www.ice.com/products/69732331"",""Daily TD19 FFA Cross Med (Ceyhan to Lavera) (Baltic) Mini Future"")","21787","WDA","WDA","OM","","Wet Freight","Wet Freight","ICEU","IFEU","Wet Freight","WDA"
"=HYPERLINK(""https://www.ice.com/products/67119993"",""Daily TD20 FFA West Africa to UK Continent (Baltic) Mini Future"")","20405","DFQ","DFQ","KK","","Wet Freight","Wet Freight","ICEU","IFEU","Wet Freight","DFQ"
"=HYPERLINK(""https://www.ice.com/products/67119990"",""Daily TD3C FFA Middle East Gulf to China (Baltic) Mini Future"")","20402","DFN","DFN","KE","","Wet Freight","Wet Freight","ICEU","IFEU","Wet Freight","DFN"
"=HYPERLINK(""https://www.ice.com/products/67119991"",""Daily TD7 FFA UK North Sea to Continent (Baltic) Mini Future"")","20403","DFO","DFO","KG","","Wet Freight","Wet Freight","ICEU","IFEU","Wet Freight","DFO"
"=HYPERLINK(""https://www.ice.com/products/67119992"",""Daily TD8 FFA Kuwait to Singapore (Baltic) Mini Future"")","20404","DFP","DFP","KI","","Wet Freight","Wet Freight","ICEU","IFEU","Wet Freight","DFP"
"=HYPERLINK(""https://www.ice.com/products/69732330"",""Daily TD9 FFA Caribbean to US Gulf (Baltic) Mini Future"")","21788","WDB","WDB","OL","","Wet Freight","Wet Freight","ICEU","IFEU","Wet Freight","WDB"
"=HYPERLINK(""https://www.ice.com/products/27066800"",""Dated Brent (Platts) Mini Future"")","5023","PDM","PDM","RD","EH75","Crude Oil and Refined Products","Crude Outrights","ICEU","IFEU","Oil","PDM"
"=HYPERLINK(""https://www.ice.com/products/83048874"",""Deliveroo Holdings plc"")","26896","DER","DER","","","Single Stock Options","O-LSE Master","ICEU","IFLO","Liffe Equity Derivatives - Non-US Based","DER"
"=HYPERLINK(""https://www.ice.com/products/38716804"",""Diageo PLC"")","8194","GNS","GNS","","","Single Stock Options","","ICEU","IFLO","Liffe Equity Derivatives - Non-US Based","GNS"
"=HYPERLINK(""https://www.ice.com/products/83049249"",""Diageo plc Mini"")","31773","8GS","8GS","","","Mini Single Stocks","O-Min UK Equity","ICEU","IFLO","Mini Equity Non-US Based","8GS"
"=HYPERLINK(""https://www.ice.com/products/6753498"",""Diesel 10ppm CIF NWE Cargoes Future"")","2914","DCC","DCC","@5","","Crude Oil and Refined Products","Ref Outright mt","ICEU","IFEU","Oil","DCC"
"=HYPERLINK(""https://www.ice.com/products/30377798"",""Diesel 10ppm FOB ARA Barges vs Low Sulphur Gasoil 1st Line Balmo Swap"")","5504","UMA","UMA","9\","","Crude Oil and Refined","Ref Diffs mt","Bilateral","ICES","Platts Oil","UMA"
"=HYPERLINK(""https://www.ice.com/products/30377803"",""Diesel 10ppm FOB ARA Barges vs Low Sulphur Gasoil 1st Line Swap"")","5503","ULE","ULE","V?","","Crude Oil and Refined","Ref Diffs mt","Bilateral","ICES","Platts Oil","ULE"
"=HYPERLINK(""https://www.ice.com/products/82461662"",""Diesel Crack - Diesel 10ppm FOB ARA Barges (Platts) vs Brent 1st Line Future (in Bbls)"")","27559","TEP","TEP","","","Crude Oil and Refined Products","Cracks bbl","ICEU","IFEU","Oil","TEP"
"=HYPERLINK(""https://www.ice.com/products/55968346"",""Diesel Crack - ULSD 10ppm CIF Med Cargoes (Platts) vs Brent 1st Line Future (in bbls)"")","18617","UHM","UHM",":-","","Crude Oil and Refined Products","Cracks bbl","ICEU","IFEU","Oil","UHM"
"=HYPERLINK(""https://www.ice.com/products/57250492"",""Diesel Crack - ULSD 10ppm CIF NWE Cargoes (Platts) vs Brent 1st Line Balmo Future (bbl)"")","23269","14Z","14Z","9H","","Crude Oil and Refined Products","Cracks bbl","ICEU","IFEU","Oil","14Z"
"=HYPERLINK(""https://www.ice.com/products/6753329"",""Diesel Crack - ULSD 10ppm CIF NWE Cargoes vs Brent 1st Line Future"")","4180","UBN","UBN","QN","","Crude Oil and Refined Products","Cracks bbl","ICEU","IFEU","Oil","UBN"
"=HYPERLINK(""https://www.ice.com/products/37042668"",""Diesel Diff - Argus 62-Grade NYH ULSD vs Heating Oil 1st Line Future"")","15546","NH2","NH2","(C","","Crude Oil and Refined Products","Am Ref Diff bbl","ICEU","IFED","Oil Americas","NH2"
"=HYPERLINK(""https://www.ice.com/products/6753461"",""Diesel Diff - Diesel 10PPM FOB ARA Barges (Platts) vs Low Sulphur Gasoil 1st Line Balmo Future"")","23253","UMA","UMA","9\","","Crude Oil and Refined Products","Ref Diffs mt","ICEU","IFEU","Oil","UMA"
"=HYPERLINK(""https://www.ice.com/products/6753442"",""Diesel Diff - Diesel 10PPM FOB ARA Barges (Platts) vs Low Sulphur Gasoil 1st Line Future"")","3436","ULE","ULE","V?","","Crude Oil and Refined Products","Ref Diffs mt","ICEU","IFEU","Oil","ULE"
"=HYPERLINK(""https://www.ice.com/products/6753462"",""Diesel Diff - Diesel 10ppm CIF NWE (Le Havre) Cargoes vs Low Sulphur Gasoil 1st Line Balmo Future"")","21851","UMB","UMB","QX","","Crude Oil and Refined Products","Ref Diffs mt","ICEU","IFEU","Oil","UMB"
"=HYPERLINK(""https://www.ice.com/products/6753444"",""Diesel Diff - Diesel 10ppm CIF NWE (Le Havre) Cargoes vs Low Sulphur Gasoil 1st Line Future"")","3438","ULG","ULG","V#","","Crude Oil and Refined Products","Ref Diffs mt","ICEU","IFEU","Oil","ULG"
"=HYPERLINK(""https://www.ice.com/products/79234894"",""Diesel Diff - Diesel 10ppm UK CIF NWE Cargoes (Platts) vs Low Sulphur Gasoil 1st Line Balmo Future"")","25738","DDR","DDR","","","Crude Oil and Refined Products","Ref Diffs mt","ICEU","IFEU","Oil","DDR"
"=HYPERLINK(""https://www.ice.com/products/79234895"",""Diesel Diff - Diesel 10ppm UK CIF NWE Cargoes (Platts) vs Low Sulphur Gasoil 1st Line Future"")","25739","DDQ","DDQ","","","Crude Oil and Refined Products","Ref Diffs mt","ICEU","IFEU","Oil","DDQ"
"=HYPERLINK(""https://www.ice.com/products/53168991"",""Diesel Diff - Group 3 ULSD (OPIS) vs Heating Oil 1st Line Future"")","18414","DCS","DCS","65","","Crude Oil and Refined Products","Am Ref Diff bbl","ICEU","IFED","Oil Americas","DCS"
"=HYPERLINK(""https://www.ice.com/products/31687092"",""Diesel Diff - Gulf Coast ULSD (Platts) vs Gulf Coast Jet Fuel (Platts) Future"")","5733","JCU","JCU","ZS","","Crude Oil and Refined Products","Am Ref Diff bbl","ICEU","IFED","Oil Americas","JCU"
"=HYPERLINK(""https://www.ice.com/products/6753391"",""Diesel Diff - Gulf Coast ULSD vs Heating Oil 1st Line Future"")","2924","GOH","GOH","K5","","Crude Oil and Refined Products","Am Ref Diff bbl","ICEU","IFED","Oil Americas","GOH"
"=HYPERLINK(""https://www.ice.com/products/83047343"",""Diesel Diff - Los Angeles CARB Diesel (OPIS) vs Heating Oil 1st Line Future"")","30045","HOH","HOH","","","Crude Oil and Refined Products","Am Ref Diff bbl","ICEU","IFED","Oil Americas","HOH"
"=HYPERLINK(""https://www.ice.com/products/28659498"",""Diesel Diff - New York Harbour ULSD 1 Month Calendar Spread Options"")","5276","HOC","HOC","YC","","Crude Oil and Refined Products","Am Ref Diff gal","ICEU","IFED","Oil Americas","HOC"
"=HYPERLINK(""https://www.ice.com/products/83049118"",""Diesel Diff - ULSD 10ppm CIF Med Cargoes (Platts) vs ULSD 10ppm FOB Med Cargoes (Platts) Balmo Future"")","31563","DRZ","DRZ","","","Crude Oil and Refined Products","Ref Diffs mt","ICEU","IFEU","Oil","DRZ"
"=HYPERLINK(""https://www.ice.com/products/6753463"",""Diesel Diff - ULSD 10ppm CIF Med Cargoes vs Low Sulphur Gasoil 1st Line Balmo Future"")","21852","UMC","UMC","QY","","Crude Oil and Refined Products","Ref Diffs mt","ICEU","IFEU","Oil","UMC"
"=HYPERLINK(""https://www.ice.com/products/6753446"",""Diesel Diff - ULSD 10ppm CIF Med Cargoes vs Low Sulphur Gasoil 1st Line Future"")","3440","ULI","ULI","V=","","Crude Oil and Refined Products","Ref Diffs mt","ICEU","IFEU","Oil","ULI"
"=HYPERLINK(""https://www.ice.com/products/6753464"",""Diesel Diff - ULSD 10ppm CIF NWE Cargoes vs Low Sulphur Gasoil 1st Line Balmo Future"")","23254","UMD","UMD","9>","","Crude Oil and Refined Products","Ref Diffs mt","ICEU","IFEU","Oil","UMD"
"=HYPERLINK(""https://www.ice.com/products/6753443"",""Diesel Diff - ULSD 10ppm CIF NWE Cargoes vs Low Sulphur Gasoil 1st Line Future"")","3437","ULF","ULF","V:","","Crude Oil and Refined Products","Ref Diffs mt","ICEU","IFEU","Oil","ULF"
"=HYPERLINK(""https://www.ice.com/products/83048634"",""Diesel Outright - Daily Gulf Coast ULSD (Platts) Future"")","31265","DOD","DOD","","","Crude Oil and Refined Products","Am Ref bbl","ICEU","IFED","Oil Americas","DOD"
"=HYPERLINK(""https://www.ice.com/products/6753490"",""Diesel Outright - Diesel 10PPM FOB ARA Barges (Platts) Balmo Future"")","23247","DOS","DOS","9X","","Crude Oil and Refined Products","Ref Outright mt","ICEU","IFEU","Oil","DOS"
"=HYPERLINK(""https://www.ice.com/products/6753501"",""Diesel Outright - Diesel 10PPM FOB ARA Barges (Platts) Future"")","2570","DOR","DOR","?S","","Crude Oil and Refined Products","Ref Outright mt","ICEU","IFEU","Oil","DOR"
"=HYPERLINK(""https://www.ice.com/products/62666454"",""Diesel Outright - Diesel 10PPM FOB ARA Barges (Platts) Mini Future"")","19615","DOQ","DOQ","H6","","Crude Oil and Refined Products","Ref Outright mt","ICEU","IFEU","Oil","DOQ"
"=HYPERLINK(""https://www.ice.com/products/79234898"",""Diesel Outright - Diesel 10ppm UK CIF NWE Cargoes (Platts) Future"")","25740","DCQ","DCQ","","","Crude Oil and Refined Products","Ref Outright mt","ICEU","IFEU","Oil","DCQ"
"=HYPERLINK(""https://www.ice.com/products/53168969"",""Diesel Outright - Gulf Coast Export ULSD (Platts) Future"")","18401","GUE","GUE","7C","","Crude Oil and Refined Products","Am Ref bbl","ICEU","IFED","Oil Americas","GUE"
"=HYPERLINK(""https://www.ice.com/products/83048636"",""Diesel Outright - Gulf Coast ULSD (Platts) Balmo Future"")","31266","DOU","DOU","","","Crude Oil and Refined Products","Am Ref bbl","ICEU","IFED","Oil Americas","DOU"
"=HYPERLINK(""https://www.ice.com/products/83047327"",""Diesel Outright - Los Angeles CARB Diesel (OPIS) Future"")","30042","CBD","CBD","","","Crude Oil and Refined Products","Am Ref bbl","ICEU","IFED","Oil Americas","CBD"
"=HYPERLINK(""https://www.ice.com/products/62666448"",""Diesel Outright - ULSD 10PPM CIF Med Cargoes (Platts) Balmo Future"")","19610","UCL","UCL","H7","","Crude Oil and Refined Products","Ref Outright mt","ICEU","IFEU","Oil","UCL"
"=HYPERLINK(""https://www.ice.com/products/82461685"",""Diesel Outright - ULSD 10ppm CIF Med Cargoes (Platts) Balmo Mini Future"")","27567","TEX","TEX","","","Crude Oil and Refined Products","Ref Outright mt","ICEU","IFEU","Oil","TEX"
"=HYPERLINK(""https://www.ice.com/products/32857608"",""Diesel Outright - ULSD 10ppm CIF Med Cargoes (Platts) Mini Future"")","15814","FFM","FFM","/U","","Crude Oil and Refined Products","Ref Outright mt","ICEU","IFEU","Oil","FFM"
"=HYPERLINK(""https://www.ice.com/products/73051311"",""Diesel Outright - ULSD 10ppm CIF NWE Cargoes (Platts) Balmo Mini Future"")","24279","DOK","DOK","P(","","Crude Oil and Refined Products","Ref Outright mt","ICEU","IFEU","Oil","DOK"
"=HYPERLINK(""https://www.ice.com/products/57250490"",""Diesel Outright - ULSD 10ppm CIF NWE Cargoes (Platts) Mini Future"")","19088","14Y","14Y","@I","","Crude Oil and Refined Products","Ref Outright mt","ICEU","IFEU","Oil","14Y"
"=HYPERLINK(""https://www.ice.com/products/82461684"",""Diesel Outright - ULSD 10ppm FOB Med Cargoes (Platts) Balmo Mini Future"")","27566","TEW","TEW","","","Crude Oil and Refined Products","Ref Outright mt","ICEU","IFEU","Oil","TEW"
"=HYPERLINK(""https://www.ice.com/products/68358289"",""Diesel Outright - ULSD 10ppm FOB Med Cargoes (Platts) Future"")","20496","UCO","UCO","K1","","Crude Oil and Refined Products","Ref Outright mt","ICEU","IFEU","Oil","UCO"
"=HYPERLINK(""https://www.ice.com/products/71085652"",""Diesel Outright - ULSD 10ppm FOB Med Cargoes (Platts) Mini Future"")","22307","FFL","FFL","Q/","","Crude Oil and Refined Products","Ref Outright mt","ICEU","IFEU","Oil","FFL"
"=HYPERLINK(""https://www.ice.com/products/83049701"",""Diesel Outright – Colonial Pipeline Distillate Line 2 Space (Platts) Balmo Future"")","32384","L2B","L2B","","","Crude Oil and Refined Products","Am Ref bbl","ICEU","IFED","Oil Americas","L2B"
"=HYPERLINK(""https://www.ice.com/products/83049697"",""Diesel Outright – Colonial Pipeline Distillate Line 2 Space (Platts) Future"")","32376","LN2","LN2","","","Crude Oil and Refined Products","Am Ref bbl","ICEU","IFED","Oil Americas","LN2"
"=HYPERLINK(""https://www.ice.com/products/38716805"",""Direct Line Group PLC"")","7632","DLE","DLE","","","Single Stock Options","","ICEU","IFLO","Liffe Equity Derivatives - Non-US Based","DLG"
"=HYPERLINK(""https://www.ice.com/products/81935192"",""Dirty FFA - Cross-UKC (Platts) Future"")","25769","JFG","JFG","","","Wet Freight","Wet Freight","ICEU","IFEU","Wet Freight","JFG"
"=HYPERLINK(""https://www.ice.com/products/83049392"",""Dirty FFA - Guyana to UK Continent (Platts) Balmo Future"")","32293","DGW","DGW","","","Wet Freight","Wet Freight","ICEU","IFEU","Wet Freight","DGW"
"=HYPERLINK(""https://www.ice.com/products/83049394"",""Dirty FFA - Guyana to UK Continent (Platts) Future"")","32292","DGU","DGU","","","Wet Freight","Wet Freight","ICEU","IFEU","Wet Freight","DGU"
"=HYPERLINK(""https://www.ice.com/products/83049136"",""Dirty FFA - Persian Gulf to China (Platts) Balmo Future"")","32083","WPB","WPB","","","Wet Freight","Wet Freight","ICEU","IFEU","Wet Freight","WPB"
"=HYPERLINK(""https://www.ice.com/products/69732314"",""Dirty FFA - USGC China (Platts) Future"")","21790","WDD","WDD","ON","","Wet Freight","Wet Freight","ICEU","IFEU","Wet Freight","WDD"
"=HYPERLINK(""https://www.ice.com/products/72486134"",""Dirty FFA - USGC to China (Platts) Balmo Future"")","23798","DUS","DUS","P6","","Wet Freight","Wet Freight","ICEU","IFEU","Wet Freight","DUS"
"=HYPERLINK(""https://www.ice.com/products/83049139"",""Dirty FFA - USGC to UK Continent (Platts) Average Price Option"")","31605","WDF","WDF","","","Wet Freight","O-Wet Freight","ICEU","IFEU","Wet Freight","WDF"
"=HYPERLINK(""https://www.ice.com/products/72486133"",""Dirty FFA - USGC to UK Continent (Platts) Balmo Future"")","23797","DUR","DUR","P5","","Wet Freight","Wet Freight","ICEU","IFEU","Wet Freight","DUR"
"=HYPERLINK(""https://www.ice.com/products/69732328"",""Dirty FFA - USGC to UK Continent (Platts) Future (Excluding EU ETS)"")","21791","WDE","WDE","OO","","Wet Freight","Wet Freight","ICEU","IFEU","Wet Freight","WDE"
"=HYPERLINK(""https://www.ice.com/products/83047817"",""Dirty FFA - USGC to UK-Continent (Platts) Future"")","30453","WDF","WDF","","","Wet Freight","Wet Freight","ICEU","IFEU","Wet Freight","WDF"
"=HYPERLINK(""https://www.ice.com/products/83049393"",""Dirty FFA - Vancouver to China (Platts) Balmo Future"")","32295","TVB","TVB","","","Wet Freight","Wet Freight","ICEU","IFEU","Wet Freight","TVB"
"=HYPERLINK(""https://www.ice.com/products/83049391"",""Dirty FFA - Vancouver to China (Platts) Future"")","32296","TVC","TVC","","","Wet Freight","Wet Freight","ICEU","IFEU","Wet Freight","TVC"
"=HYPERLINK(""https://www.ice.com/products/83049122"",""Dirty FFA - Vancouver to US West Coast Aframax (Platts) Future"")","31571","TVA","TVA","","","Wet Freight","Wet Freight","ICEU","IFEU","Wet Freight","TVA"
"=HYPERLINK(""https://www.ice.com/products/83047766"",""Dirty FFA - West Africa to UK-Continent (Platts) Future"")","30448","DFH","DFH","","","Wet Freight","Wet Freight","ICEU","IFEU","Wet Freight","DFH"
"=HYPERLINK(""https://www.ice.com/products/83047813"",""Dirty FFA West Africa to UK-Cont (Platts) Balmo"")","30450","DFZ","DFZ","","","Wet Freight","Wet Freight","ICEU","IFEU","Wet Freight","DFZ"
"=HYPERLINK(""https://www.ice.com/products/18772246"",""Dollar Based Currency Pairs Aus. Dollar/US Dollar"")","3125","KAU","KAU","K<","","Majors","FOREX","ICUS","IFUS","Foreign Exchange","KAU"
"=HYPERLINK(""https://www.ice.com/products/773"",""Dollar Based Currency Pairs British Pound/US Dollar Futures"")","845","MP","MP ","","","Majors","FOREX","ICUS","IFUS","Foreign Exchange","MP"
"=HYPERLINK(""https://www.ice.com/products/2935638"",""Dollar Based Currency Pairs Euro/US Dollar"")","3141","KEO","KEO","K:","","Majors","FOREX","ICUS","IFUS","Foreign Exchange","KEO"
"=HYPERLINK(""https://www.ice.com/products/41361335"",""Dollar Based Currency Pairs Israeli Shekel/Us Dollar"")","15749","ILS","ILS","IS","","Emerging Markets","FOREX","ICUS","IFUS","Foreign Exchange","ILS"
"=HYPERLINK(""https://www.ice.com/products/3494176"",""Dollar Based Currency Pairs Japanese Yen/US Dollar"")","3458","KSN","KSN","AE","","Majors","FOREX","ICUS","IFUS","Foreign Exchange","KSN"
"=HYPERLINK(""https://www.ice.com/products/3494177"",""Dollar Based Currency Pairs Mexican peso/US dollar"")","3462","KMP","KMP","AF","","Emerging Markets","FOREX","ICUS","IFUS","Foreign Exchange","KMP"
"=HYPERLINK(""https://www.ice.com/products/3494173"",""Dollar Based Currency Pairs New Zealand Dollar/US Dollar Futures"")","3456","KZX","KZX","","","Majors","FOREX","ICUS","IFUS","Foreign Exchange","KZX"
"=HYPERLINK(""https://www.ice.com/products/41361336"",""Dollar Based Currency Pairs Polish Zloty/Us Dollar"")","15753","PLN","PLN","AJ","","Emerging Markets","FOREX","ICUS","IFUS","Foreign Exchange","PLN"
"=HYPERLINK(""https://www.ice.com/products/3494175"",""Dollar Based Currency Pairs Swiss Franc/US Dollar"")","3464","KMF","KMF","AD","","Majors","FOREX","ICUS","IFUS","Foreign Exchange","KMF"
"=HYPERLINK(""https://www.ice.com/products/41361339"",""Dollar Based Currency Pairs Turkish Lira/Us Dollar"")","15757","TRM","TRM","AL","","Emerging Markets","FOREX","ICUS","IFUS","Foreign Exchange","TRM"
"=HYPERLINK(""https://www.ice.com/products/182"",""Dollar Based Currency Pairs US Dollar/Czech Koruna"")","859","VC","VC ","","","Emerging Markets","FOREX","ICUS","IFUS","Foreign Exchange","VC"
"=HYPERLINK(""https://www.ice.com/products/184"",""Dollar Based Currency Pairs US Dollar/Hungarian Forint"")","861","VU","VU ","","","Emerging Markets","FOREX","ICUS","IFUS","Foreign Exchange","VU"
"=HYPERLINK(""https://www.ice.com/products/188"",""Dollar Based Currency Pairs US Dollar/Norw. Krone"")","865","NT","NT ","","","Emerging Markets","FOREX","ICUS","IFUS","Foreign Exchange","NT"
"=HYPERLINK(""https://www.ice.com/products/192"",""Dollar Based Currency Pairs US Dollar/S.African Rand"")","867","ZR","ZR ","","","Emerging Markets","FOREX","ICUS","IFUS","Foreign Exchange","ZR"
"=HYPERLINK(""https://www.ice.com/products/1230"",""Dollar Based Currency Pairs US Dollar/Swedish Krona"")","869","KX","KX ","","","Emerging Markets","FOREX","ICUS","IFUS","Foreign Exchange","KX"
"=HYPERLINK(""https://www.ice.com/products/3494174"",""Dollar Based Currency pairs Canadian Dollar/US Dollar"")","3460","KSV","KSV","AC","","Majors","FOREX","ICUS","IFUS","Foreign Exchange","KSV"
"=HYPERLINK(""https://www.ice.com/products/82994072"",""Dowlais Group Plc"")","28857","DWL","DWL","","","Single Stock Options","O-LSE Master","ICEU","IFLO","Liffe Equity Derivatives - Non-US Based","DWL"
"=HYPERLINK(""https://www.ice.com/products/83045622"",""Dr Martens Plc"")","29018","DRO","DRM","","","Single Stock Options","O-LSE Master","ICEU","IFLO","Liffe Equity Derivatives - Non-US Based","DRO"
"=HYPERLINK(""https://www.ice.com/products/83047289"",""Drax Group Plc (Std Option/Amer/Dlv)"")","30078","DRQ","DRX","","","Single Stock Options","O-LSE Master","ICEU","IFLO","Liffe Equity Derivatives - Non-US Based","DRQ"
"=HYPERLINK(""https://www.ice.com/products/27066802"",""Dubai 1st Line (Platts) Mini Future"")","5024","DBM","DBM","RP","EH77","Crude Oil and Refined Products","Dubai Crude","ICEU","IFEU","Dubai Crude Futures","DBM"
"=HYPERLINK(""https://www.ice.com/products/6753471"",""Dubai 1st Line Balmo Future"")","23230","DBJ","DBJ","9N","","Crude Oil and Refined Products","Dubai Crude","ICEU","IFEU","Dubai Crude Futures","DBJ"
"=HYPERLINK(""https://www.ice.com/products/33971689"",""Dubai 1st Line Swap"")","637","DBI","DBI","DB","OU44","Crude Oil and Refined","Dubai Crude","ICEU","ICES","Platts Oil","DBI"
"=HYPERLINK(""https://www.ice.com/products/27993085"",""Dutch Power Base Futures"")","4321","DPB","DPB","CB","","Electricity","Dutch Power BL","ICEU","NDEX","Dutch Power Futures","DPB"
"=HYPERLINK(""https://www.ice.com/products/82908536"",""Dutch Power Financial Base Daily Futures"")","28471","DDA","DDA","","","Electricity","Dutch Pwr Fin","ICEU","NDEX","EU Financial Power Futures","DDA"
"=HYPERLINK(""https://www.ice.com/products/57609946"",""Dutch Power Financial Base Futures"")","19030","NLB","NLB","AF","","Electricity","Dutch Pwr Fin","ICEU","NDEX","EU Financial Power Futures","NLB"
"=HYPERLINK(""https://www.ice.com/products/57679577"",""Dutch Power Financial Peak Futures"")","19035","NLP","NLP","AG","","Electricity","Dutch Pwr Fin","ICEU","NDEX","EU Financial Power Futures","NLP"
"=HYPERLINK(""https://www.ice.com/products/27994941"",""Dutch Power Peak Futures"")","4324","DPA","DPA","CA","","Electricity","Dutch Pwr 8-20","ICEU","NDEX","Dutch Power Futures","DPA"
"=HYPERLINK(""https://www.ice.com/products/31435802"",""Dutch TTF Gas Spot"")","16195","ETT","ETT","","","Natural Gas","Dutch TTF Spot","ICEU","NDXS","Dutch TTF Gas Spot","ETT"
"=HYPERLINK(""https://www.ice.com/products/82067451"",""Dutch TTF Natural Gas 1st Line (USD/MMBTU) Average Price Options"")","26925","TFU","TFU","T<","","Natural Gas","O-Dutch TTF USD","ICEU","IFEU","IPE Natural Gas Futures","TFU"
"=HYPERLINK(""https://www.ice.com/products/68361290"",""Dutch TTF Natural Gas 1st Line Financial Futures (USD/MMBTU)"")","20481","TFU","TFU","T<","","Natural Gas","Dutch TTF USD","ICEU","IFEU","IPE Natural Gas Futures","TFU"
"=HYPERLINK(""https://www.ice.com/products/79240047"",""Dutch TTF Natural Gas Daily Financial Futures (ICIS)"")","25009","TTL","TTL","","","Natural Gas","Dutch TTF Daily","ICEU","NDEX","Dutch TTF Gas Futures","TTL"
"=HYPERLINK(""https://www.ice.com/products/45436633"",""Dutch TTF Natural Gas Daily Futures"")","15897","TFE","TFE","AA","","Natural Gas","Dutch TTF Daily","ICEU","NDEX","Dutch TTF Gas Futures","TFE"
"=HYPERLINK(""https://www.ice.com/products/83049138"",""Dutch TTF Natural Gas Daily Options"")","31481","TFZ","TFZ","","","Natural Gas","O-Dutch TTF BL","ICEU","NDEX","Dutch TTF Gas Futures","TFZ"
"=HYPERLINK(""https://www.ice.com/products/68361285"",""Dutch TTF Natural Gas Last Day Financial Futures (USD/MMBTU)"")","20478","TLD","TFU","LP","","Natural Gas","DutchTTF LD USD","ICEU","IFED","Henry Hub","TLD"
"=HYPERLINK(""https://www.ice.com/products/71085679"",""Dutch TTF Natural Gas Options (Futures Style Margin)"")","22257","TFO","TFM","AY","","Natural Gas","O-Dutch TTF BL","ICEU","NDEX","Dutch TTF Gas Futures","TFO"
"=HYPERLINK(""https://www.ice.com/products/80904419"",""E10 Eurobob FOB Rotterdam Barge"")","26252","JFB","JFB","","","Crude Oil and Refined","Ref Outright mt","Bilateral","ICES","Platts Oil","JFB"
"=HYPERLINK(""https://www.ice.com/products/80904420"",""E10 Eurobob FOB Rotterdam Barge (balmo)"")","26253","JFD","JFD","","","Crude Oil and Refined","Ref Outright mt","Bilateral","ICES","Platts Oil","JFD"
"=HYPERLINK(""https://www.ice.com/products/83046794"",""ECB Dated ESTR Futures"")","29802","EMP","EMP","","","Short Term Interest Rates","ECB Dated ESTR","ICEU","IFLL","Liffe Three Month Euro and EONIA","EMP"
"=HYPERLINK(""https://www.ice.com/products/83049787"",""ECB Rate Decision - Lower Rates"")","50217","EUD","EUD","","","Economic Indicators","IFEU EIC","ICEU","IFLL","IFEU Economic Indicators","EUD"
"=HYPERLINK(""https://www.ice.com/products/83049789"",""ECB Rate Decision - Raise Rates"")","50117","EUR","EUR","","","Economic Indicators","IFEU EIC","ICEU","IFLL","IFEU Economic Indicators","EUS"
"=HYPERLINK(""https://www.ice.com/products/83049788"",""ECB Rate Decision - Unchanged Rates"")","50227","EUS","EUS","","","Economic Indicators","IFEU EIC","ICEU","IFLL","IFEU Economic Indicators","EUR"
"=HYPERLINK(""https://www.ice.com/products/55250902"",""EGT Flex Physical Basis LD1"")","2443","XXN","XXN","","","Natural Gas","CEGT MO PhysGas","NGXC","IEPA","Physical Gas","XXN"
"=HYPERLINK(""https://www.ice.com/products/3306631"",""EGT Flex Physical Fixed Price Monthly"")","2436","XXK","XXK","","","Natural Gas","CEGT MO PhysGas","NGXC","IEPA","Physical Gas","XXK"
"=HYPERLINK(""https://www.ice.com/products/3306660"",""EGT Flex Physical Fixed Price Spot"")","2438","XXJ","XXJ","","","Natural Gas","CEGT SP PhysGas","NGXC","IEPA","Physical Gas","XXJ"
"=HYPERLINK(""https://www.ice.com/products/3351015"",""EGT Flex Physical Gas Daily Monthly"")","2439","XXM","XXM","","","Natural Gas","CEGT MO PhysGas","NGXC","IEPA","Physical Gas","XXM"
"=HYPERLINK(""https://www.ice.com/products/3350990"",""EGT Flex Physical Gas Daily Spot"")","2441","XXL","XXL","","","Natural Gas","CEGT SP PhysGas","NGXC","IEPA","Physical Gas","XXL"
"=HYPERLINK(""https://www.ice.com/products/55231786"",""EGT Flex Physical Inside FERC"")","2442","XXO","XXO","","","Natural Gas","CEGT MO PhysGas","NGXC","IEPA","Physical Gas","XXO"
"=HYPERLINK(""https://www.ice.com/products/37042675"",""EIA End of Draw Index"")","15564","EIR","EIR","(/","","Natural Gas","EIA Draw/Store","ICEU","IFED","Financial Gas","EIR"
"=HYPERLINK(""https://www.ice.com/products/37042676"",""EIA End of Storage Index"")","15565","EIO","EIO","(\","","Natural Gas","EIA Draw/Store","ICEU","IFED","Financial Gas","EIO"
"=HYPERLINK(""https://www.ice.com/products/83049786"",""EIA Natural Gas Storage – Above Early View (The Desk)"")","50107","EWP","EWP","","","Economic Indicators","IFED EIC","ICEU","IFED","IFED Economic Indicators","EWP"
"=HYPERLINK(""https://www.ice.com/products/55250890"",""EP Keystone Physical Basis LD1"")","1928","XSX","XSX","","","Natural Gas","EPKeyMO PhysGas","NGXC","IEPA","Physical Gas","XSX"
"=HYPERLINK(""https://www.ice.com/products/3306616"",""EP Keystone Physical Fixed Price Monthly"")","1934","XSU","XSU","","","Natural Gas","EPKeyMO PhysGas","NGXC","IEPA","Physical Gas","XSU"
"=HYPERLINK(""https://www.ice.com/products/3306640"",""EP Keystone Physical Fixed Price Spot"")","1932","XST","XST","","","Natural Gas","EPKeySP PhysGas","NGXC","IEPA","Physical Gas","XST"
"=HYPERLINK(""https://www.ice.com/products/3351000"",""EP Keystone Physical Gas Daily Monthly"")","1931","XSW","XSW","","","Natural Gas","EPKeyMO PhysGas","NGXC","IEPA","Physical Gas","XSW"
"=HYPERLINK(""https://www.ice.com/products/3350975"",""EP Keystone Physical Gas Daily Spot"")","1929","XSV","XSV","","","Natural Gas","EPKeySP PhysGas","NGXC","IEPA","Physical Gas","XSV"
"=HYPERLINK(""https://www.ice.com/products/55231770"",""EP Keystone Physical Inside FERC"")","1935","XSY","XSY","","","Natural Gas","EPKeyMO PhysGas","NGXC","IEPA","Physical Gas","XSY"
"=HYPERLINK(""https://www.ice.com/products/6590149"",""EP Permian Basis Future"")","441","PER","PER","NW","NE91","Natural Gas","Southwest Basis","ICEU","IFED","Financial Gas","PER"
"=HYPERLINK(""https://www.ice.com/products/69723161"",""EP Permian Fixed Price Future"")","21727","FQP","FQP","KN","","Natural Gas","Basis Master","ICEU","IFED","Financial Gas","FQP"
"=HYPERLINK(""https://www.ice.com/products/6590182"",""EP Permian Index Future"")","461","PEI","PEI","HL","SR09","Natural Gas","Southwest Index","ICEU","IFED","Financial Gas","PEI"
"=HYPERLINK(""https://www.ice.com/products/6590240"",""EP Permian Swing Future"")","476","PES","PES","HM","SR14","Natural Gas","Southwest Swing","ICEU","IFED","Financial Gas","PES"
"=HYPERLINK(""https://www.ice.com/products/55250894"",""EP SJ Blanco Pool Physical Basis LD1"")","2132","XVK","XVK","","","Natural Gas","EP-SJ MOPhy Gas","NGXC","IEPA","Physical Gas","XVK"
"=HYPERLINK(""https://www.ice.com/products/3306623"",""EP SJ Blanco Pool Physical Fixed Price Monthly"")","2125","XVH","XVH","","","Natural Gas","EP-SJ MOPhy Gas","NGXC","IEPA","Physical Gas","XVH"
"=HYPERLINK(""https://www.ice.com/products/3306647"",""EP SJ Blanco Pool Physical Fixed Price Spot"")","2127","XVG","XVG","","","Natural Gas","EP-SJ SPPhy Gas","NGXC","IEPA","Physical Gas","XVG"
"=HYPERLINK(""https://www.ice.com/products/3351007"",""EP SJ Blanco Pool Physical Gas Daily Monthly"")","2128","XVJ","XVJ","","","Natural Gas","EP-SJ MOPhy Gas","NGXC","IEPA","Physical Gas","XVJ"
"=HYPERLINK(""https://www.ice.com/products/3350982"",""EP SJ Blanco Pool Physical Gas Daily Spot"")","2130","XVI","XVI","","","Natural Gas","EP-SJ SPPhy Gas","NGXC","IEPA","Physical Gas","XVI"
"=HYPERLINK(""https://www.ice.com/products/55231780"",""EP SJ Blanco Pool Physical Inside FERC"")","2131","XVL","XVL","","","Natural Gas","EP-SJ MOPhy Gas","NGXC","IEPA","Physical Gas","XVL"
"=HYPERLINK(""https://www.ice.com/products/6590153"",""EP San Juan Basis Future"")","436","SNJ","SNJ","OB","NE94","Natural Gas","Southwest Basis","ICEU","IFED","Financial Gas","SNJ"
"=HYPERLINK(""https://www.ice.com/products/6590263"",""EP San Juan Fixed Price Future"")","3713","OPU","OPU","SJ","","Natural Gas","Basis Master","ICEU","IFED","Financial Gas","OPU"
"=HYPERLINK(""https://www.ice.com/products/6590183"",""EP San Juan Index Future"")","2444","SNI","SNI","QE","","Natural Gas","Southwest Index","ICEU","IFED","Financial Gas","SNI"
"=HYPERLINK(""https://www.ice.com/products/6590245"",""EP San Juan Swing Future"")","471","SNS","SNS","QF","","Natural Gas","Southwest Swing","ICEU","IFED","Financial Gas","SNS"
"=HYPERLINK(""https://www.ice.com/products/72256625"",""EP West Texas Basis Future"")","23580","EWB","EWB","N8","","Natural Gas","Southwest Basis","ICEU","IFED","Financial Gas","EWB"
"=HYPERLINK(""https://www.ice.com/products/72256627"",""EP West Texas Index Future"")","23582","EWI","EWI","N9","","Natural Gas","Southwest Index","ICEU","IFED","Financial Gas","EWI"
"=HYPERLINK(""https://www.ice.com/products/72256628"",""EP West Texas Swing Future"")","23583","EWS","EWS","N0","","Natural Gas","Southwest Swing","ICEU","IFED","Financial Gas","EWS"
"=HYPERLINK(""https://www.ice.com/products/27998696"",""ERCOT Ancillary Services Non-Spin ATC Daily Fixed Price"")","5071","XOZ","XOZ","","","Electricity","ERCOT Spot","NGXC","IEPA","Power","XOZ"
"=HYPERLINK(""https://www.ice.com/products/27998695"",""ERCOT Ancillary Services Non-Spin ATC Fixed Price"")","5072","XQU","XQU","","","Electricity","ERCOT Monthly","NGXC","IEPA","Power","XQU"
"=HYPERLINK(""https://www.ice.com/products/34361109"",""ERCOT Ancillary Services Regulation Down ATC Daily Fixed Price"")","6321","XT0","XT0","","","Electricity","ERCOT Spot","NGXC","IEPA","Power","XT0"
"=HYPERLINK(""https://www.ice.com/products/34361098"",""ERCOT Ancillary Services Regulation Down ATC Fixed Price"")","6320","XT1","XT1","","","Electricity","ERCOT Monthly","NGXC","IEPA","Power","XT1"
"=HYPERLINK(""https://www.ice.com/products/34361110"",""ERCOT Ancillary Services Regulation Up ATC Daily Fixed Price"")","6323","XT2","XT2","","","Electricity","ERCOT Spot","NGXC","IEPA","Power","XT2"
"=HYPERLINK(""https://www.ice.com/products/34361099"",""ERCOT Ancillary Services Regulation Up ATC Fixed Price"")","6322","XT3","XT3","","","Electricity","ERCOT Monthly","NGXC","IEPA","Power","XT3"
"=HYPERLINK(""https://www.ice.com/products/34361111"",""ERCOT Ancillary Services Responsive Reserve Service ATC Daily Fixed Price"")","6325","XT4","XT4","","","Electricity","ERCOT Spot","NGXC","IEPA","Power","XT4"
"=HYPERLINK(""https://www.ice.com/products/34361100"",""ERCOT Ancillary Services Responsive Reserve Service ATC Fixed Price"")","6324","XT5","XT5","","","Electricity","ERCOT Monthly","NGXC","IEPA","Power","XT5"
"=HYPERLINK(""https://www.ice.com/products/31687072"",""ERCOT Capacity Responsive Reserve Future"")","5772","ECR","ECR","5*","","Electricity","ERCOT Pk Mini","ICEU","IFED","Financial Power","ECR"
"=HYPERLINK(""https://www.ice.com/products/83046774"",""ERCOT Contingency Reserve Service Future"")","29801","ECY","ECY","","","Electricity","ERCOT Pk Mini","ICEU","IFED","Financial Power","ECY"
"=HYPERLINK(""https://www.ice.com/products/28674433"",""ERCOT Daily Load Future"")","5299","EDF","EDF","TF","","Electricity","ERCOT DailyLoad","ICEU","IFED","Financial Power","EDF"
"=HYPERLINK(""https://www.ice.com/products/82612866"",""ERCOT Houston 345 KV Real-Time HE 1800-2200 Fixed Price Future"")","27743","ERB","ERB","","","Electricity","ERCOT Pk Mini","ICEU","IFED","Financial Power","ERB"
"=HYPERLINK(""https://www.ice.com/products/61989013"",""ERCOT Houston 345KV Day-Ahead Off-Peak Fixed Price Future"")","19493","EKI","EKI","B>","","Electricity","ERCOT OP Mini","ICEU","IFED","Financial Power","EKI"
"=HYPERLINK(""https://www.ice.com/products/61989012"",""ERCOT Houston 345KV Day-Ahead Peak Fixed Price Future"")","19492","EKF","EKF","B\","","Electricity","ERCOT Pk Mini","ICEU","IFED","Financial Power","EKF"
"=HYPERLINK(""https://www.ice.com/products/6590487"",""ERCOT Houston 345KV Hub Day-Ahead Off-Peak Daily Fixed Price Future"")","2638","HEC","HEC","N6","","Electricity","ERCOTOPDailyMin","ICEU","IFED","Financial Power","HEC"
"=HYPERLINK(""https://www.ice.com/products/6590458"",""ERCOT Houston 345KV Hub Day-Ahead Peak Daily Fixed Price Future"")","2626","HEA","HEA","N5","","Electricity","ERCOTPkDailyMin","ICEU","IFED","Financial Power","HEA"
"=HYPERLINK(""https://www.ice.com/products/82270924"",""ERCOT Houston 345KV Hub Real-Time Peak 7x16 Fixed Price Future"")","27026","EDK","EDK","","","Electricity","ERCOT Pk Mini","ICEU","IFED","Financial Power","EDK"
"=HYPERLINK(""https://www.ice.com/products/73051365"",""ERCOT Houston 345KV Real-Time 7x8 Fixed Price Future"")","24239","ECJ","ECJ","Q<","","Electricity","ERCOT OP Mini","ICEU","IFED","Financial Power","ECJ"
"=HYPERLINK(""https://www.ice.com/products/83047834"",""ERCOT Houston 345KV Real-Time Daily HE 1800-2200 Fixed Price Future, 7X"")","30356","ER0","ER0","","","Electricity","ERCOT Pk Daily","ICEU","IFED","Financial Power","ER0"
"=HYPERLINK(""https://www.ice.com/products/83047838"",""ERCOT Houston 345KV Real-Time Daily TB4 Fixed Price Future, 7X"")","30360","ER5","ER5","","","Electricity","ERCOT Pk Daily","ICEU","IFED","Financial Power","ER5"
"=HYPERLINK(""https://www.ice.com/products/83047847"",""ERCOT Houston 345KV Real-Time HE 1000-1700, 7X"")","30372","ERM","ERM","","","Electricity","ERCOT Pk Mini","ICEU","IFED","Financial Power","ERM"
"=HYPERLINK(""https://www.ice.com/products/6590488"",""ERCOT Houston 345KV Real-Time Off-Peak Daily Fixed Price Future"")","1868","HED","HED","AI","SM96","Electricity","ERCOT OP Daily","ICEU","IFED","Financial Power","HED"
"=HYPERLINK(""https://www.ice.com/products/6590395"",""ERCOT Houston 345KV Real-Time Off-Peak Fixed Price Future"")","1862","HEB","HEB","AE","SM92","Electricity","ERCOT OP Mini","ICEU","IFED","Financial Power","HEB"
"=HYPERLINK(""https://www.ice.com/products/82270893"",""ERCOT Houston 345KV Real-Time Peak 2x16 Fixed Price Future"")","27020","EDB","EDB","","","Electricity","ERCOT Pk Mini","ICEU","IFED","Financial Power","EDB"
"=HYPERLINK(""https://www.ice.com/products/6590452"",""ERCOT Houston 345KV Real-Time Peak Daily Fixed Price Future"")","1621","EHD","EHD","YJ","QM67","Electricity","ERCOT Pk Daily","ICEU","IFED","Financial Power","EHD"
"=HYPERLINK(""https://www.ice.com/products/6590336"",""ERCOT Houston 345KV Real-Time Peak Fixed Price Future"")","19681","ERH","ERH","PT","NO14","Electricity","ERCOT Pk Mini","ICEU","IFED","Financial Power","ERH"
"=HYPERLINK(""https://www.ice.com/products/83047843"",""ERCOT Houston 345KV Real-Time TB4 Fixed Price Future, 7X"")","30364","ER9","ER9","","","Electricity","ERCOT Pk Mini","ICEU","IFED","Financial Power","ER9"
"=HYPERLINK(""https://www.ice.com/products/62245666"",""ERCOT Houston 345kV Hub HE 0700-2200, 7x Daily Fixed Price"")","19518","YFP","YFP","","","Electricity","ERCOT Spot","NGXC","IEPA","Power","YFP"
"=HYPERLINK(""https://www.ice.com/products/62245667"",""ERCOT Houston 345kV Hub HE 0700-2200, 7x Fixed Price"")","19519","YFQ","YFQ","","","Electricity","ERCOT Monthly","NGXC","IEPA","Power","YFQ"
"=HYPERLINK(""https://www.ice.com/products/62258643"",""ERCOT Houston 345kV Hub HR HE 0700-2200, 7x"")","19550","YGX","YGX","","","Electricity","ERCOT Monthly","NGXC","IEPA","Power","YGX"
"=HYPERLINK(""https://www.ice.com/products/27978251"",""ERCOT Houston 345kV Physical ATC Daily Fixed Price"")","5117","XOE","XOE","","","Electricity","ERCOT Spot","NGXC","IEPA","Power","XOE"
"=HYPERLINK(""https://www.ice.com/products/27978250"",""ERCOT Houston 345kV Physical ATC Fixed Price"")","5116","XRU","XRU","","","Electricity","ERCOT Monthly","NGXC","IEPA","Power","XRU"
"=HYPERLINK(""https://www.ice.com/products/60948772"",""ERCOT Houston 345kV Physical HE 0700-1100 Fixed Price"")","18536","YCK","YCK","","","Electricity","ERCOT Monthly","NGXC","IEPA","Power","YCK"
"=HYPERLINK(""https://www.ice.com/products/27978253"",""ERCOT Houston 345kV Physical HE 1-6, 23, 24, 7x Daily Fixed Price"")","5114","XOG","XOG","","","Electricity","ERCOT Spot","NGXC","IEPA","Power","XOG"
"=HYPERLINK(""https://www.ice.com/products/27978252"",""ERCOT Houston 345kV Physical HE 1-6, 23, 24, 7x Fixed Price"")","5113","XPK","XPK","","","Electricity","ERCOT Monthly","NGXC","IEPA","Power","XPK"
"=HYPERLINK(""https://www.ice.com/products/81325819"",""ERCOT Houston 345kV Physical HE 1000-1700 Fixed Price 5x"")","26456","Y1U","Y1U","","","Electricity","ERCOT Monthly","NGXC","IEPA","Power","Y1U"
"=HYPERLINK(""https://www.ice.com/products/81325841"",""ERCOT Houston 345kV Physical HE 1000-1700 Fixed Price 5x Daily Fixed Price"")","26455","Y1T","Y1T","","","Electricity","ERCOT Spot","NGXC","IEPA","Power","Y1T"
"=HYPERLINK(""https://www.ice.com/products/81325815"",""ERCOT Houston 345kV Physical HE 1000-1700 Fixed Price 7x"")","26448","Y1M","Y1M","","","Electricity","ERCOT Monthly","NGXC","IEPA","Power","Y1M"
"=HYPERLINK(""https://www.ice.com/products/81325837"",""ERCOT Houston 345kV Physical HE 1000-1700 Fixed Price 7x Daily Fixed Price"")","26447","Y1L","Y1L","","","Electricity","ERCOT Spot","NGXC","IEPA","Power","Y1L"
"=HYPERLINK(""https://www.ice.com/products/27978256"",""ERCOT Houston 345kV Physical HE 1200-2200 Daily Fixed Price"")","5093","XNY","XNY","","","Electricity","ERCOT Spot","NGXC","IEPA","Power","XNY"
"=HYPERLINK(""https://www.ice.com/products/27978257"",""ERCOT Houston 345kV Physical HE 1200-2200 Fixed Price"")","5115","XSB","XSB","","","Electricity","ERCOT Monthly","NGXC","IEPA","Power","XSB"
"=HYPERLINK(""https://www.ice.com/products/83047910"",""ERCOT Houston 345kV Physical HE 1800-2200 Fixed Price 7x"")","30763","X1O","X1O","","","Electricity","ERCOT Monthly","NGXC","IEPA","Power","X1O"
"=HYPERLINK(""https://www.ice.com/products/83047906"",""ERCOT Houston 345kV Physical HE 1800-2200 Fixed Price 7x Daily"")","30762","X1N","X1N","","","Electricity","ERCOT Spot","NGXC","IEPA","Power","X1N"
"=HYPERLINK(""https://www.ice.com/products/27978258"",""ERCOT Houston 345kV Physical HR ATC"")","5073","XRY","XRY","","","Electricity","ERCOT Monthly","NGXC","IEPA","Power","XRY"
"=HYPERLINK(""https://www.ice.com/products/60948779"",""ERCOT Houston 345kV Physical HR HE 0700-1100"")","18541","YCP","YCP","","","Electricity","ERCOT Monthly","NGXC","IEPA","Power","YCP"
"=HYPERLINK(""https://www.ice.com/products/27978259"",""ERCOT Houston 345kV Physical HR HE 1-6, 23, 24, 7x"")","5077","XQD","XQD","","","Electricity","ERCOT Monthly","NGXC","IEPA","Power","XQD"
"=HYPERLINK(""https://www.ice.com/products/27978261"",""ERCOT Houston 345kV Physical HR HE 1200-2200"")","5074","XQG","XQG","","","Electricity","ERCOT Monthly","NGXC","IEPA","Power","XQG"
"=HYPERLINK(""https://www.ice.com/products/62795471"",""ERCOT Houston 345kV Physical HR HE 1700-2200"")","18553","YDB","YDB","","","Electricity","ERCOT Monthly","NGXC","IEPA","Power","YDB"
"=HYPERLINK(""https://www.ice.com/products/83047914"",""ERCOT Houston 345kV Physical HR HE 1800-2200 7x"")","30769","X1U","X1U","","","Electricity","ERCOT Monthly","NGXC","IEPA","Power","X1U"
"=HYPERLINK(""https://www.ice.com/products/27978262"",""ERCOT Houston 345kV Physical HR Off-Peak"")","5075","XQF","XQF","","","Electricity","ERCOT Monthly","NGXC","IEPA","Power","XQF"
"=HYPERLINK(""https://www.ice.com/products/27978263"",""ERCOT Houston 345kV Physical HR Off-Peak Weekend HE 0700-2200"")","5076","XQE","XQE","","","Electricity","ERCOT Monthly","NGXC","IEPA","Power","XQE"
"=HYPERLINK(""https://www.ice.com/products/60948776"",""ERCOT Houston 345kV Physical HR Peak HE 0700-1100,1700-2200"")","18573","YDV","YDV","","","Electricity","ERCOT Monthly","NGXC","IEPA","Power","YDV"
"=HYPERLINK(""https://www.ice.com/products/27978260"",""ERCOT Houston 345kV Physical HR Peak HE 0700-2200"")","5078","XQC","XQC","","","Electricity","ERCOT Monthly","NGXC","IEPA","Power","XQC"
"=HYPERLINK(""https://www.ice.com/products/60934518"",""ERCOT Houston 345kV Physical Off-Peak Daily Fixed Price"")","5143","XNZ","XNZ","","","Electricity","ERCOT Spot","NGXC","IEPA","Power","XNZ"
"=HYPERLINK(""https://www.ice.com/products/27978264"",""ERCOT Houston 345kV Physical Off-Peak Fixed Price"")","5108","XPM","XPM","","","Electricity","ERCOT Monthly","NGXC","IEPA","Power","XPM"
"=HYPERLINK(""https://www.ice.com/products/27978269"",""ERCOT Houston 345kV Physical Off-Peak Weekend HE 0700-2200 Daily Fixed Price"")","5111","XOF","XOF","","","Electricity","ERCOT Spot","NGXC","IEPA","Power","XOF"
"=HYPERLINK(""https://www.ice.com/products/27978265"",""ERCOT Houston 345kV Physical Off-Peak Weekend HE 0700-2200 Fixed Price"")","5112","XPL","XPL","","","Electricity","ERCOT Monthly","NGXC","IEPA","Power","XPL"
"=HYPERLINK(""https://www.ice.com/products/60934514"",""ERCOT Houston 345kV Physical Peak HE 0700-1100 Daily Fixed Price"")","18535","YCJ","YCJ","","","Electricity","ERCOT Spot","NGXC","IEPA","Power","YCJ"
"=HYPERLINK(""https://www.ice.com/products/60934505"",""ERCOT Houston 345kV Physical Peak HE 0700-1100,1700-2200 Daily Fixed Price"")","18566","YDO","YDO","","","Electricity","ERCOT Spot","NGXC","IEPA","Power","YDO"
"=HYPERLINK(""https://www.ice.com/products/60948764"",""ERCOT Houston 345kV Physical Peak HE 0700-1100,1700-2200 Fixed Price"")","18567","YDP","YDP","","","Electricity","ERCOT Monthly","NGXC","IEPA","Power","YDP"
"=HYPERLINK(""https://www.ice.com/products/27978255"",""ERCOT Houston 345kV Physical Peak HE 0700-2200 Daily Fixed Price"")","5110","XOH","XOH","","","Electricity","ERCOT Spot","NGXC","IEPA","Power","XOH"
"=HYPERLINK(""https://www.ice.com/products/27978254"",""ERCOT Houston 345kV Physical Peak HE 0700-2200 Fixed Price"")","5109","XPJ","XPJ","","","Electricity","ERCOT Monthly","NGXC","IEPA","Power","XPJ"
"=HYPERLINK(""https://www.ice.com/products/60934511"",""ERCOT Houston 345kV Physical Peak HE 1700-2200 Daily Fixed Price"")","18546","YCU","YCU","","","Electricity","ERCOT Spot","NGXC","IEPA","Power","YCU"
"=HYPERLINK(""https://www.ice.com/products/60948768"",""ERCOT Houston 345kV Physical Peak HE 1700-2200 Fixed Price"")","18547","YCV","YCV","","","Electricity","ERCOT Monthly","NGXC","IEPA","Power","YCV"
"=HYPERLINK(""https://www.ice.com/products/27978267"",""ERCOT Houston LZ Physical  Peak HE 0700-2200 Fixed Price"")","5051","XQQ","XQQ","","","Electricity","ERCOT Monthly","NGXC","IEPA","Power","XQQ"
"=HYPERLINK(""https://www.ice.com/products/34361104"",""ERCOT Houston LZ Physical ATC"")","6333","XS6","XS6","","","Electricity","ERCOT Monthly","NGXC","IEPA","Power","XS6"
"=HYPERLINK(""https://www.ice.com/products/34361116"",""ERCOT Houston LZ Physical ATC Daily Fixed Price"")","6334","XS5","XS5","","","Electricity","ERCOT Spot","NGXC","IEPA","Power","XS5"
"=HYPERLINK(""https://www.ice.com/products/60934522"",""ERCOT Houston LZ Physical Off-Peak Daily Fixed Price"")","5144","XRA","XRA","","","Electricity","ERCOT Spot","NGXC","IEPA","Power","XRA"
"=HYPERLINK(""https://www.ice.com/products/27978268"",""ERCOT Houston LZ Physical Off-Peak Fixed Price"")","5049","XQR","XQR","","","Electricity","ERCOT Monthly","NGXC","IEPA","Power","XQR"
"=HYPERLINK(""https://www.ice.com/products/27978266"",""ERCOT Houston LZ Physical Peak HE 0700-2200 Daily Fixed Price"")","5050","XOW","XOW","","","Electricity","ERCOT Spot","NGXC","IEPA","Power","XOW"
"=HYPERLINK(""https://www.ice.com/products/6590489"",""ERCOT Houston Load Zone Day-Ahead Off-Peak Daily Fixed Price Future"")","2634","HZC","HZC","N8","","Electricity","ERCOTOPDailyMin","ICEU","IFED","Financial Power","HZC"
"=HYPERLINK(""https://www.ice.com/products/6590396"",""ERCOT Houston Load Zone Day-Ahead Off-Peak Fixed Price Future"")","2614","HZD","HZD","M9","","Electricity","ERCOT OP Mini","ICEU","IFED","Financial Power","HZD"
"=HYPERLINK(""https://www.ice.com/products/6590459"",""ERCOT Houston Load Zone Day-Ahead Peak Daily Fixed Price Future"")","2622","HZA","HZA","N7","","Electricity","ERCOTPkDailyMin","ICEU","IFED","Financial Power","HZA"
"=HYPERLINK(""https://www.ice.com/products/6590341"",""ERCOT Houston Load Zone Day-Ahead Peak Fixed Price Future"")","19706","HZB","HZB","M8","","Electricity","ERCOT Pk Mini","ICEU","IFED","Financial Power","HZB"
"=HYPERLINK(""https://www.ice.com/products/72044741"",""ERCOT Houston Load Zone HE 0100-0600, 2300, 2400, 7x Fixed Price"")","19545","YGS","YGS","","","Electricity","ERCOT Monthly","NGXC","IEPA","Power","YGS"
"=HYPERLINK(""https://www.ice.com/products/72044734"",""ERCOT Houston Load Zone HE 1-6, 23, 24, 7x Daily Fixed Price"")","19544","YGR","YGR","","","Electricity","ERCOT Spot","NGXC","IEPA","Power","YGR"
"=HYPERLINK(""https://www.ice.com/products/72044728"",""ERCOT Houston Load Zone Off-Peak Weekend Daily Fixed Price"")","19536","YGJ","YGJ","","","Electricity","ERCOT Spot","NGXC","IEPA","Power","YGJ"
"=HYPERLINK(""https://www.ice.com/products/6590416"",""ERCOT Houston Load Zone Real-Time Off-Peak Fixed Price Future"")","2453","OEH","OEH","QR","","Electricity","ERCOT OP Mini","ICEU","IFED","Financial Power","OEH"
"=HYPERLINK(""https://www.ice.com/products/6590332"",""ERCOT Houston Load Zone Real-Time Peak Fixed Price Future"")","19707","EDH","EDH","QM","","Electricity","ERCOT Pk Mini","ICEU","IFED","Financial Power","EDH"
"=HYPERLINK(""https://www.ice.com/products/42944104"",""ERCOT Non-Spinning Reserve Future"")","15978","ENS","ENS",":O","","Electricity","ERCOT Pk Mini","ICEU","IFED","Financial Power","ENS"
"=HYPERLINK(""https://www.ice.com/products/82612867"",""ERCOT North 345 KV Real-Time HE 1800-2200 Fixed Price Future"")","27744","ERC","ERC","","","Electricity","ERCOT Pk Mini","ICEU","IFED","Financial Power","ERC"
"=HYPERLINK(""https://www.ice.com/products/83047753"",""ERCOT North 345KV Day-Ahead 7x8 Fixed Price Future"")","30380","ERX","ERX","","","Electricity","ERCOT OP Mini","ICEU","IFED","Financial Power","ERX"
"=HYPERLINK(""https://www.ice.com/products/83049413"",""ERCOT North 345KV Day-Ahead Daily TB2 Fixed Price Future, 7X"")","32278","ED2","ED2","","","Electricity","ERCOT Pk Daily","ICEU","IFED","Financial Power","ED2"
"=HYPERLINK(""https://www.ice.com/products/6590407"",""ERCOT North 345KV Day-Ahead Off-Peak Fixed Price Future"")","2619","NEV","NEV","F6","","Electricity","ERCOT OP Mini","ICEU","IFED","Financial Power","NEV"
"=HYPERLINK(""https://www.ice.com/products/53169028"",""ERCOT North 345KV Day-Ahead Peak Daily 80 MWh Fixed Price Future"")","18462","NDB","NDB","8(","","Electricity","ERCOT Pk Daily","ICEU","IFED","Financial Power","NDB"
"=HYPERLINK(""https://www.ice.com/products/6590340"",""ERCOT North 345KV Day-Ahead Peak Fixed Price Future"")","19708","EVN","EVN","F5","","Electricity","ERCOT Pk Mini","ICEU","IFED","Financial Power","EVN"
"=HYPERLINK(""https://www.ice.com/products/83049417"",""ERCOT North 345KV Day-Ahead TB2 Fixed Price Future, 7X"")","32276","TB2","TB2","","","Electricity","ERCOT Pk Mini","ICEU","IFED","Financial Power","TB2"
"=HYPERLINK(""https://www.ice.com/products/6590494"",""ERCOT North 345KV Hub Day-Ahead Off-Peak Daily Fixed Price Future"")","2639","NDC","NDC","N0","","Electricity","ERCOTOPDailyMin","ICEU","IFED","Financial Power","NDC"
"=HYPERLINK(""https://www.ice.com/products/83047850"",""ERCOT North 345KV Hub Day-Ahead Peak 2x16 Fixed Price Future"")","30378","ERV","ERV","","","Electricity","ERCOT Pk Mini","ICEU","IFED","Financial Power","ERV"
"=HYPERLINK(""https://www.ice.com/products/6590466"",""ERCOT North 345KV Hub Day-Ahead Peak Daily Fixed Price Future"")","2627","NDA","NDA","N9","","Electricity","ERCOTPkDailyMin","ICEU","IFED","Financial Power","NDA"
"=HYPERLINK(""https://www.ice.com/products/83047842"",""ERCOT North 345KV Hub Real-Time Daily HE 0700-0900, Fixed Price Future, 7X"")","30384","ERZ","ERZ","","","Electricity","ERCOT Pk Daily","ICEU","IFED","Financial Power","ERZ"
"=HYPERLINK(""https://www.ice.com/products/83047851"",""ERCOT North 345KV Hub Real-Time HE 0700-0900, 7X"")","30382","ERY","ERY","","","Electricity","ERCOT Pk Mini","ICEU","IFED","Financial Power","ERY"
"=HYPERLINK(""https://www.ice.com/products/82067401"",""ERCOT North 345KV Hub Real-Time Off-Peak Daily Mini Fixed Price Future "")","26889","NME","NME","","","Electricity","ERCOTOPDailyMin","ICEU","IFED","Financial Power","NME"
"=HYPERLINK(""https://www.ice.com/products/71085647"",""ERCOT North 345KV Hub Real-Time Peak 2x16 Fixed Price Future"")","22288","ER2","ER2","M*","","Electricity","ERCOT Pk Mini","ICEU","IFED","Financial Power","ER2"
"=HYPERLINK(""https://www.ice.com/products/82270922"",""ERCOT North 345KV Hub Real-Time Peak 7x16 Fixed Price Future"")","27024","EDI","EDI","","","Electricity","ERCOT Pk Mini","ICEU","IFED","Financial Power","EDI"
"=HYPERLINK(""https://www.ice.com/products/82270910"",""ERCOT North 345KV Hub Real-Time Peak Daily HE 1000-1700 Fixed Price Future"")","27009","EDD","EDD","","","Electricity","ERCOT Pk Daily","ICEU","IFED","Financial Power","EDD"
"=HYPERLINK(""https://www.ice.com/products/6590454"",""ERCOT North 345KV Hub Real-Time Peak Daily Look Back Fixed Price Future "")","3964","ENO","END","P\","","Electricity","ERCOT Pk Daily","ICEU","IFED","Financial Power","ENO"
"=HYPERLINK(""https://www.ice.com/products/71544051"",""ERCOT North 345KV Hub Real-Time Peak Daily Mini Fixed Price Future"")","23390","ERA","ERA","NG","","Electricity","ERCOTPkDailyMin","ICEU","IFED","Financial Power","ERA"
"=HYPERLINK(""https://www.ice.com/products/82270926"",""ERCOT North 345KV Hub Real-Time Peak HE 1000-1700 Fixed Price Future, 7X"")","27028","ED7","ED7","","","Electricity","ERCOT Pk Mini","ICEU","IFED","Financial Power","ED7"
"=HYPERLINK(""https://www.ice.com/products/73051364"",""ERCOT North 345KV Real-Time 7x8 Fixed Price Future"")","24238","ECI","ECI","Q0","","Electricity","ERCOT OP Mini","ICEU","IFED","Financial Power","ECI"
"=HYPERLINK(""https://www.ice.com/products/83049415"",""ERCOT North 345KV Real-Time Daily TB2 Fixed Price Future, 7X"")","32279","EN2","EN2","","","Electricity","ERCOT Pk Daily","ICEU","IFED","Financial Power","EN2"
"=HYPERLINK(""https://www.ice.com/products/83047839"",""ERCOT North 345KV Real-Time Daily TB4 Fixed Price Future, 7X"")","30361","ER6","ER6","","","Electricity","ERCOT Pk Daily","ICEU","IFED","Financial Power","ER6"
"=HYPERLINK(""https://www.ice.com/products/6590496"",""ERCOT North 345KV Real-Time Off-Peak Daily Fixed Price Future"")","1869","NED","NED","AJ","SM97","Electricity","ERCOT OP Daily","ICEU","IFED","Financial Power","NED"
"=HYPERLINK(""https://www.ice.com/products/6590406"",""ERCOT North 345KV Real-Time Off-Peak Fixed Price Future"")","1863","NEB","NEB","AF","SM93","Electricity","ERCOT OP Mini","ICEU","IFED","Financial Power","NEB"
"=HYPERLINK(""https://www.ice.com/products/6590337"",""ERCOT North 345KV Real-Time Peak Fixed Price Future"")","19682","ERN","ERN","PU","NO15","Electricity","ERCOT Pk Mini","ICEU","IFED","Financial Power","ERN"
"=HYPERLINK(""https://www.ice.com/products/83049414"",""ERCOT North 345KV Real-Time TB2 Fixed Price Future, 7X"")","32277","EF2","EF2","","","Electricity","ERCOT Pk Mini","ICEU","IFED","Financial Power","EF2"
"=HYPERLINK(""https://www.ice.com/products/83047845"",""ERCOT North 345KV Real-Time TB4 Fixed Price Future, 7X"")","30368","ERG","ERG","","","Electricity","ERCOT Pk Mini","ICEU","IFED","Financial Power","ERG"
"=HYPERLINK(""https://www.ice.com/products/62245663"",""ERCOT North 345kV Hub HE 0700-2200, 7x Daily Fixed Price"")","19516","YFN","YFN","","","Electricity","ERCOT Spot","NGXC","IEPA","Power","YFN"
"=HYPERLINK(""https://www.ice.com/products/62245660"",""ERCOT North 345kV Hub HE 0700-2200, 7x Fixed Price"")","19517","YFO","YFO","","","Electricity","ERCOT Monthly","NGXC","IEPA","Power","YFO"
"=HYPERLINK(""https://www.ice.com/products/62258641"",""ERCOT North 345kV Hub HR HE 0700-2200, 7x"")","19548","YGV","YGV","","","Electricity","ERCOT Monthly","NGXC","IEPA","Power","YGV"
"=HYPERLINK(""https://www.ice.com/products/27998697"",""ERCOT North 345kV Physical ATC Daily Fixed Price"")","5126","XOM","XOM","","","Electricity","ERCOT Spot","NGXC","IEPA","Power","XOM"
"=HYPERLINK(""https://www.ice.com/products/27978244"",""ERCOT North 345kV Physical ATC Fixed Price"")","5125","XRT","XRT","","","Electricity","ERCOT Monthly","NGXC","IEPA","Power","XRT"
"=HYPERLINK(""https://www.ice.com/products/60948787"",""ERCOT North 345kV Physical Daily ATC Fixed Price"")","18576","YDY","YDY","","","Electricity","ERCOT Spot","NGXC","IEPA","Power","YDY"
"=HYPERLINK(""https://www.ice.com/products/83049731"",""ERCOT North 345kV Physical HE 0100-0600, 2300, 2400, 7x Daily Fixed Price"")","32392","ZHE","ZHE","","","Electricity","ERCOT Spot","NGXC","IEPA","Power","ZHE"
"=HYPERLINK(""https://www.ice.com/products/83049733"",""ERCOT North 345kV Physical HE 0100-0600, 2300, 2400, 7x Fixed Price"")","32391","ZH6","ZH6","","","Electricity","ERCOT Monthly","NGXC","IEPA","Power","ZH6"
"=HYPERLINK(""https://www.ice.com/products/83049729"",""ERCOT North 345kV Physical HE 0700-0900 7x Daily Fixed Price"")","32390","ZH7","ZH7","","","Electricity","ERCOT Spot","NGXC","IEPA","Power","ZH7"
"=HYPERLINK(""https://www.ice.com/products/83049730"",""ERCOT North 345kV Physical HE 0700-0900 Fixed Price 7x"")","32389","ZHP","ZHP","","","Electricity","ERCOT Monthly","NGXC","IEPA","Power","ZHP"
"=HYPERLINK(""https://www.ice.com/products/27998717"",""ERCOT North 345kV Physical HE 0700-1100 Daily Fixed Price"")","5123","XOQ","XOQ","","","Electricity","ERCOT Spot","NGXC","IEPA","Power","XOQ"
"=HYPERLINK(""https://www.ice.com/products/27998718"",""ERCOT North 345kV Physical HE 0700-1100 Fixed Price"")","5094","XPE","XPE","","","Electricity","ERCOT Monthly","NGXC","IEPA","Power","XPE"
"=HYPERLINK(""https://www.ice.com/products/60934504"",""ERCOT North 345kV Physical HE 0700-1100,1700-2200 Daily Fixed Price"")","18564","YDM","YDM","","","Electricity","ERCOT Spot","NGXC","IEPA","Power","YDM"
"=HYPERLINK(""https://www.ice.com/products/27998699"",""ERCOT North 345kV Physical HE 1-6, 23, 24, 7x Daily Fixed Price"")","5121","XOO","XOO","","","Electricity","ERCOT Spot","NGXC","IEPA","Power","XOO"
"=HYPERLINK(""https://www.ice.com/products/27998698"",""ERCOT North 345kV Physical HE 1-6, 23, 24, 7x Fixed Price"")","5120","XPB","XPB","","","Electricity","ERCOT Monthly","NGXC","IEPA","Power","XPB"
"=HYPERLINK(""https://www.ice.com/products/81325818"",""ERCOT North 345kV Physical HE 1000-1700 Fixed Price 5x"")","26454","Y1S","Y1S","","","Electricity","ERCOT Monthly","NGXC","IEPA","Power","Y1S"
"=HYPERLINK(""https://www.ice.com/products/81325840"",""ERCOT North 345kV Physical HE 1000-1700 Fixed Price 5x Daily Fixed Price"")","26453","Y1R","Y1R","","","Electricity","ERCOT Spot","NGXC","IEPA","Power","Y1R"
"=HYPERLINK(""https://www.ice.com/products/81319272"",""ERCOT North 345kV Physical HE 1000-1700 Fixed Price 7x"")","26446","Y1K","Y1K","","","Electricity","ERCOT Monthly","NGXC","IEPA","Power","Y1K"
"=HYPERLINK(""https://www.ice.com/products/81325836"",""ERCOT North 345kV Physical HE 1000-1700 Fixed Price 7x Daily Fixed Price"")","26445","Y1J","Y1J","","","Electricity","ERCOT Spot","NGXC","IEPA","Power","Y1J"
"=HYPERLINK(""https://www.ice.com/products/27998702"",""ERCOT North 345kV Physical HE 1200-2200 Daily Fixed Price"")","5095","XOA","XOA","","","Electricity","ERCOT Spot","NGXC","IEPA","Power","XOA"
"=HYPERLINK(""https://www.ice.com/products/27998703"",""ERCOT North 345kV Physical HE 1200-2200 Fixed Price"")","5124","XRZ","XRZ","","","Electricity","ERCOT Monthly","NGXC","IEPA","Power","XRZ"
"=HYPERLINK(""https://www.ice.com/products/83047909"",""ERCOT North 345kV Physical HE 1800-2200 Fixed Price 7x"")","30761","X1M","X1M","","","Electricity","ERCOT Monthly","NGXC","IEPA","Power","X1M"
"=HYPERLINK(""https://www.ice.com/products/83047905"",""ERCOT North 345kV Physical HE 1800-2200 Fixed Price 7x Daily"")","30760","X1L","X1L","","","Electricity","ERCOT Spot","NGXC","IEPA","Power","X1L"
"=HYPERLINK(""https://www.ice.com/products/27998704"",""ERCOT North 345kV Physical HR ATC"")","5085","XRW","XRW","","","Electricity","ERCOT Monthly","NGXC","IEPA","Power","XRW"
"=HYPERLINK(""https://www.ice.com/products/60948782"",""ERCOT North 345kV Physical HR ATC"")","18556","YDE","YDE","","","Electricity","ERCOT Monthly","NGXC","IEPA","Power","YDE"
"=HYPERLINK(""https://www.ice.com/products/83049732"",""ERCOT North 345kV Physical HR HE 0100-0600, 2300, 2400, 7x"")","32393","ZHM","ZHM","","","Electricity","ERCOT Monthly","NGXC","IEPA","Power","ZHM"
"=HYPERLINK(""https://www.ice.com/products/83049728"",""ERCOT North 345kV Physical HR HE 0700-0900 7x"")","32388","ZHR","ZHR","","","Electricity","ERCOT Monthly","NGXC","IEPA","Power","ZHR"
"=HYPERLINK(""https://www.ice.com/products/27998716"",""ERCOT North 345kV Physical HR HE 0700-1100"")","5086","XPW","XPW","","","Electricity","ERCOT Monthly","NGXC","IEPA","Power","XPW"
"=HYPERLINK(""https://www.ice.com/products/27998705"",""ERCOT North 345kV Physical HR HE 1-6, 23, 24, 7x"")","5090","XPS","XPS","","","Electricity","ERCOT Monthly","NGXC","IEPA","Power","XPS"
"=HYPERLINK(""https://www.ice.com/products/27998707"",""ERCOT North 345kV Physical HR HE 1200-2200"")","5087","XPV","XPV","","","Electricity","ERCOT Monthly","NGXC","IEPA","Power","XPV"
"=HYPERLINK(""https://www.ice.com/products/62795470"",""ERCOT North 345kV Physical HR HE 1700-2200"")","18552","YDA","YDA","","","Electricity","ERCOT Monthly","NGXC","IEPA","Power","YDA"
"=HYPERLINK(""https://www.ice.com/products/83047913"",""ERCOT North 345kV Physical HR HE 1800-2200 7x"")","30768","X1T","X1T","","","Electricity","ERCOT Monthly","NGXC","IEPA","Power","X1T"
"=HYPERLINK(""https://www.ice.com/products/27998708"",""ERCOT North 345kV Physical HR Off-Peak"")","5088","XPU","XPU","","","Electricity","ERCOT Monthly","NGXC","IEPA","Power","XPU"
"=HYPERLINK(""https://www.ice.com/products/60948786"",""ERCOT North 345kV Physical HR Off-Peak"")","18558","YDG","YDG","","","Electricity","ERCOT Monthly","NGXC","IEPA","Power","YDG"
"=HYPERLINK(""https://www.ice.com/products/27998709"",""ERCOT North 345kV Physical HR Off-Peak Weekend HE 0700-2200"")","5089","XPT","XPT","","","Electricity","ERCOT Monthly","NGXC","IEPA","Power","XPT"
"=HYPERLINK(""https://www.ice.com/products/60948775"",""ERCOT North 345kV Physical HR Peak HE 0700-1100,1700-2200"")","18572","YDU","YDU","","","Electricity","ERCOT Monthly","NGXC","IEPA","Power","YDU"
"=HYPERLINK(""https://www.ice.com/products/27998706"",""ERCOT North 345kV Physical HR Peak HE 0700-2200"")","5091","XPR","XPR","","","Electricity","ERCOT Monthly","NGXC","IEPA","Power","XPR"
"=HYPERLINK(""https://www.ice.com/products/60948785"",""ERCOT North 345kV Physical HR Peak HE 0700-2200"")","18557","YDF","YDF","","","Electricity","ERCOT Monthly","NGXC","IEPA","Power","YDF"
"=HYPERLINK(""https://www.ice.com/products/62844614"",""ERCOT North 345kV Physical Monthly ATC Fixed Price"")","18559","YDH","YDH","","","Electricity","ERCOT Monthly","NGXC","IEPA","Power","YDH"
"=HYPERLINK(""https://www.ice.com/products/60934517"",""ERCOT North 345kV Physical Off-Peak Daily Fixed Price"")","5145","XOB","XOB","","","Electricity","ERCOT Spot","NGXC","IEPA","Power","XOB"
"=HYPERLINK(""https://www.ice.com/products/60948789"",""ERCOT North 345kV Physical Off-Peak Daily Fixed Price"")","18562","YDK","YDK","","","Electricity","ERCOT Spot","NGXC","IEPA","Power","YDK"
"=HYPERLINK(""https://www.ice.com/products/27998710"",""ERCOT North 345kV Physical Off-Peak Fixed Price"")","5127","XPD","XPD","","","Electricity","ERCOT Monthly","NGXC","IEPA","Power","XPD"
"=HYPERLINK(""https://www.ice.com/products/62844616"",""ERCOT North 345kV Physical Off-Peak Monthly Fixed Price"")","18563","YDL","YDL","","","Electricity","ERCOT Monthly","NGXC","IEPA","Power","YDL"
"=HYPERLINK(""https://www.ice.com/products/27998715"",""ERCOT North 345kV Physical Off-Peak Weekend HE 0700-2200 Daily Fixed Price"")","5119","XON","XON","","","Electricity","ERCOT Spot","NGXC","IEPA","Power","XON"
"=HYPERLINK(""https://www.ice.com/products/27998711"",""ERCOT North 345kV Physical Off-Peak Weekend HE 0700-2200 Fixed Price"")","5118","XPC","XPC","","","Electricity","ERCOT Monthly","NGXC","IEPA","Power","XPC"
"=HYPERLINK(""https://www.ice.com/products/60948763"",""ERCOT North 345kV Physical Peak HE 0700-1100,1700-2200 Fixed Price"")","18565","YDN","YDN","","","Electricity","ERCOT Monthly","NGXC","IEPA","Power","YDN"
"=HYPERLINK(""https://www.ice.com/products/27998701"",""ERCOT North 345kV Physical Peak HE 0700-2200 Daily Fixed Price"")","5122","XOP","XOP","","","Electricity","ERCOT Spot","NGXC","IEPA","Power","XOP"
"=HYPERLINK(""https://www.ice.com/products/60948788"",""ERCOT North 345kV Physical Peak HE 0700-2200 Daily Fixed Price"")","18560","YDI","YDI","","","Electricity","ERCOT Spot","NGXC","IEPA","Power","YDI"
"=HYPERLINK(""https://www.ice.com/products/27998700"",""ERCOT North 345kV Physical Peak HE 0700-2200 Fixed Price"")","5128","XPA","XPA","","","Electricity","ERCOT Monthly","NGXC","IEPA","Power","XPA"
"=HYPERLINK(""https://www.ice.com/products/62844615"",""ERCOT North 345kV Physical Peak HE 0700-2200 Monthly Fixed Price"")","18561","YDJ","YDJ","","","Electricity","ERCOT Monthly","NGXC","IEPA","Power","YDJ"
"=HYPERLINK(""https://www.ice.com/products/60934508"",""ERCOT North 345kV Physical Peak HE 1700-2200 Daily Fixed Price"")","18544","YCS","YCS","","","Electricity","ERCOT Spot","NGXC","IEPA","Power","YCS"
"=HYPERLINK(""https://www.ice.com/products/60948767"",""ERCOT North 345kV Physical Peak HE 1700-2200 Fixed Price"")","18545","YCT","YCT","","","Electricity","ERCOT Monthly","NGXC","IEPA","Power","YCT"
"=HYPERLINK(""https://www.ice.com/products/27998713"",""ERCOT North LZ Physical  Peak HE 0700-2200 Fixed Price"")","5057","XQM","XQM","","","Electricity","ERCOT Monthly","NGXC","IEPA","Power","XQM"
"=HYPERLINK(""https://www.ice.com/products/34361102"",""ERCOT North LZ Physical ATC"")","6329","XS2","XS2","","","Electricity","ERCOT Monthly","NGXC","IEPA","Power","XS2"
"=HYPERLINK(""https://www.ice.com/products/34361113"",""ERCOT North LZ Physical ATC Daily Fixed Price"")","6330","XS1","XS1","","","Electricity","ERCOT Spot","NGXC","IEPA","Power","XS1"
"=HYPERLINK(""https://www.ice.com/products/60934521"",""ERCOT North LZ Physical Off-Peak Daily Fixed Price"")","5146","XSR","XSR","","","Electricity","ERCOT Spot","NGXC","IEPA","Power","XSR"
"=HYPERLINK(""https://www.ice.com/products/27998714"",""ERCOT North LZ Physical Off-Peak Fixed Price"")","5055","XQN","XQN","","","Electricity","ERCOT Monthly","NGXC","IEPA","Power","XQN"
"=HYPERLINK(""https://www.ice.com/products/27998712"",""ERCOT North LZ Physical Peak HE 0700-2200 Daily Fixed Price"")","5056","XOY","XOY","","","Electricity","ERCOT Spot","NGXC","IEPA","Power","XOY"
"=HYPERLINK(""https://www.ice.com/products/6590501"",""ERCOT North Load Zone Day-Ahead Off-Peak Daily Fixed Price Future"")","2635","NZC","NZC","N(","","Electricity","ERCOTOPDailyMin","ICEU","IFED","Financial Power","NZC"
"=HYPERLINK(""https://www.ice.com/products/6590415"",""ERCOT North Load Zone Day-Ahead Off-Peak Fixed Price Future"")","2615","NZD","NZD","M)","","Electricity","ERCOT OP Mini","ICEU","IFED","Financial Power","NZD"
"=HYPERLINK(""https://www.ice.com/products/6590470"",""ERCOT North Load Zone Day-Ahead Peak Daily Fixed Price Future"")","2623","NZA","NZA","N<","","Electricity","ERCOTPkDailyMin","ICEU","IFED","Financial Power","NZA"
"=HYPERLINK(""https://www.ice.com/products/6590363"",""ERCOT North Load Zone Day-Ahead Peak Fixed Price Future"")","19709","NZB","NZB","M0","","Electricity","ERCOT Pk Mini","ICEU","IFED","Financial Power","NZB"
"=HYPERLINK(""https://www.ice.com/products/72044739"",""ERCOT North Load Zone HE 0100-0600, 2300, 2400, 7x Fixed Price"")","19541","YGO","YGO","","","Electricity","ERCOT Monthly","NGXC","IEPA","Power","YGO"
"=HYPERLINK(""https://www.ice.com/products/72044731"",""ERCOT North Load Zone HE 1-6, 23, 24, 7x Daily Fixed Price"")","19540","YGN","YGN","","","Electricity","ERCOT Spot","NGXC","IEPA","Power","YGN"
"=HYPERLINK(""https://www.ice.com/products/72044725"",""ERCOT North Load Zone Off-Peak Weekend Daily Fixed Price"")","19532","YGF","YGF","","","Electricity","ERCOT Spot","NGXC","IEPA","Power","YGF"
"=HYPERLINK(""https://www.ice.com/products/72044726"",""ERCOT North Load Zone Off-Peak Weekend HE 0700-2200 Fixed Price"")","19533","YGG","YGG","","","Electricity","ERCOT Monthly","NGXC","IEPA","Power","YGG"
"=HYPERLINK(""https://www.ice.com/products/72044736"",""ERCOT North Load Zone Off-Peak Weekend HE 0700-2200 Fixed Price"")","19535","YGI","YGI","","","Electricity","ERCOT Monthly","NGXC","IEPA","Power","YGI"
"=HYPERLINK(""https://www.ice.com/products/72044737"",""ERCOT North Load Zone Off-Peak Weekend HE 0700-2200 Fixed Price"")","19537","YGK","YGK","","","Electricity","ERCOT Monthly","NGXC","IEPA","Power","YGK"
"=HYPERLINK(""https://www.ice.com/products/6590417"",""ERCOT North Load Zone Real-Time Off-Peak Fixed Price Future"")","2454","OEN","OEN","QN","","Electricity","ERCOT OP Mini","ICEU","IFED","Financial Power","OEN"
"=HYPERLINK(""https://www.ice.com/products/6590333"",""ERCOT North Load Zone Real-Time Peak Fixed Price Future"")","19710","EDN","EDN","QJ","","Electricity","ERCOT Pk Mini","ICEU","IFED","Financial Power","EDN"
"=HYPERLINK(""https://www.ice.com/products/72486102"",""ERCOT Panhandle 345KV Day-Ahead Off-Peak Fixed Price Future"")","23766","EQG","EQG","PB","","Electricity","ERCOT OP Mini","ICEU","IFED","Financial Power","EQG"
"=HYPERLINK(""https://www.ice.com/products/72486101"",""ERCOT Panhandle 345KV Day-Ahead Peak Fixed Price Future"")","23765","EQF","EQF","PA","","Electricity","ERCOT Pk Mini","ICEU","IFED","Financial Power","EQF"
"=HYPERLINK(""https://www.ice.com/products/73051368"",""ERCOT Panhandle 345KV Real-Time 7x8 Fixed Price Future"")","24242","ECM","ECM","Q)","","Electricity","ERCOT OP Mini","ICEU","IFED","Financial Power","ECM"
"=HYPERLINK(""https://www.ice.com/products/73051370"",""ERCOT Panhandle 345KV Real-Time Off-Peak Daily Fixed Price Future"")","24244","ECO","ECO","Q=","","Electricity","ERCOTOPDailyMin","ICEU","IFED","Financial Power","ECO"
"=HYPERLINK(""https://www.ice.com/products/72486108"",""ERCOT Panhandle 345KV Real-Time Off-Peak Fixed Price Future"")","23772","EQQ","EQQ","PH","","Electricity","ERCOT OP Mini","ICEU","IFED","Financial Power","EQQ"
"=HYPERLINK(""https://www.ice.com/products/73051369"",""ERCOT Panhandle 345KV Real-Time Peak Daily Fixed Price Future"")","24243","ECN","ECN","Q-","","Electricity","ERCOTPkDailyMin","ICEU","IFED","Financial Power","ECN"
"=HYPERLINK(""https://www.ice.com/products/72486107"",""ERCOT Panhandle 345KV Real-Time Peak Fixed Price Future"")","23771","EQP","EQP","PG","","Electricity","ERCOT Pk Mini","ICEU","IFED","Financial Power","EQP"
"=HYPERLINK(""https://www.ice.com/products/72321770"",""ERCOT Panhandle 345kV Hub"")","23661","B00","B00","","","Electricity","ERCOT Monthly","NGXC","IEPA","Power","B00"
"=HYPERLINK(""https://www.ice.com/products/72321780"",""ERCOT Panhandle 345kV Hub Daily Fixed Price"")","23671","B0A","B0A","","","Electricity","ERCOT Spot","NGXC","IEPA","Power","B0A"
"=HYPERLINK(""https://www.ice.com/products/72321773"",""ERCOT Panhandle 345kV Hub HE 0100-HE 0600, HE 2300, HE 2400, 7x Fixed Price"")","23664","B03","B03","","","Electricity","ERCOT Monthly","NGXC","IEPA","Power","B03"
"=HYPERLINK(""https://www.ice.com/products/72321781"",""ERCOT Panhandle 345kV Hub HE 0700-HE 2200 Daily Fixed Price"")","23672","B0B","B0B","","","Electricity","ERCOT Spot","NGXC","IEPA","Power","B0B"
"=HYPERLINK(""https://www.ice.com/products/72321771"",""ERCOT Panhandle 345kV Hub HE 0700-HE 2200 Fixed Price"")","23662","B01","B01","","","Electricity","ERCOT Monthly","NGXC","IEPA","Power","B01"
"=HYPERLINK(""https://www.ice.com/products/72321783"",""ERCOT Panhandle 345kV Hub HE 1-6, 23, 24, 7x Daily fixed Price"")","23674","B0D","B0D","","","Electricity","ERCOT Spot","NGXC","IEPA","Power","B0D"
"=HYPERLINK(""https://www.ice.com/products/72321784"",""ERCOT Panhandle 345kV Hub Off-Peak Daily Fixed Price"")","23675","B0E","B0E","","","Electricity","ERCOT Spot","NGXC","IEPA","Power","B0E"
"=HYPERLINK(""https://www.ice.com/products/72321774"",""ERCOT Panhandle 345kV Hub Off-Peak Fixed Price"")","23665","B04","B04","","","Electricity","ERCOT Monthly","NGXC","IEPA","Power","B04"
"=HYPERLINK(""https://www.ice.com/products/72321782"",""ERCOT Panhandle 345kV Hub Off-Peak Weekend Daily Fixed Price"")","23673","B0C","B0C","","","Electricity","ERCOT Spot","NGXC","IEPA","Power","B0C"
"=HYPERLINK(""https://www.ice.com/products/72321772"",""ERCOT Panhandle 345kV Physical Off-Peak Weekend HE 0700-2200 Fixed Price"")","23663","B02","B02","","","Electricity","ERCOT Monthly","NGXC","IEPA","Power","B02"
"=HYPERLINK(""https://www.ice.com/products/72321775"",""ERCOT Panhandle Heat Rate 345kV Hub"")","23666","B05","B05","","","Electricity","ERCOT Monthly","NGXC","IEPA","Power","B05"
"=HYPERLINK(""https://www.ice.com/products/72321778"",""ERCOT Panhandle Heat Rate 345kV Hub HE 0100-HE 0600, HE 2300, HE 2400, 7x"")","23669","B08","B08","","","Electricity","ERCOT Monthly","NGXC","IEPA","Power","B08"
"=HYPERLINK(""https://www.ice.com/products/72321776"",""ERCOT Panhandle Heat Rate 345kV Hub HE 0700-HE 2200"")","23667","B06","B06","","","Electricity","ERCOT Monthly","NGXC","IEPA","Power","B06"
"=HYPERLINK(""https://www.ice.com/products/72321779"",""ERCOT Panhandle Heat Rate 345kV Hub Off-Peak"")","23670","B09","B09","","","Electricity","ERCOT Monthly","NGXC","IEPA","Power","B09"
"=HYPERLINK(""https://www.ice.com/products/72321777"",""ERCOT Panhandle Heat Rate 345kV Hub Off-Peak Weekend"")","23668","B07","B07","","","Electricity","ERCOT Monthly","NGXC","IEPA","Power","B07"
"=HYPERLINK(""https://www.ice.com/products/42944105"",""ERCOT Regulation Down Future"")","15980","ERL","ERL",":Q","","Electricity","ERCOT Pk Mini","ICEU","IFED","Financial Power","ERL"
"=HYPERLINK(""https://www.ice.com/products/42944106"",""ERCOT Regulation Up Future"")","15979","ERK","ERK",":P","","Electricity","ERCOT Pk Mini","ICEU","IFED","Financial Power","ERK"
"=HYPERLINK(""https://www.ice.com/products/82612868"",""ERCOT South 345 KV Real-Time HE 1800-2200 Fixed Price Future"")","27745","ERD","ERD","","","Electricity","ERCOT Pk Mini","ICEU","IFED","Financial Power","ERD"
"=HYPERLINK(""https://www.ice.com/products/61989015"",""ERCOT South 345KV Day-Ahead Off-Peak Fixed Price Future"")","19495","EKK","EKK","B:","","Electricity","ERCOT OP Mini","ICEU","IFED","Financial Power","EKK"
"=HYPERLINK(""https://www.ice.com/products/61989014"",""ERCOT South 345KV Day-Ahead Peak Fixed Price Future"")","19494","EKH","EKH","B?","","Electricity","ERCOT Pk Mini","ICEU","IFED","Financial Power","EKH"
"=HYPERLINK(""https://www.ice.com/products/6590509"",""ERCOT South 345KV Hub Day-Ahead Off-Peak Daily Fixed Price Future"")","2640","SEC","SEC","N)","","Electricity","ERCOTOPDailyMin","ICEU","IFED","Financial Power","SEC"
"=HYPERLINK(""https://www.ice.com/products/6590478"",""ERCOT South 345KV Hub Day-Ahead Peak Daily Fixed Price Future"")","2628","SEA","SEA","N*","","Electricity","ERCOTPkDailyMin","ICEU","IFED","Financial Power","SEA"
"=HYPERLINK(""https://www.ice.com/products/82270892"",""ERCOT South 345KV Hub Real-Time Peak 2x16 Fixed Price Future"")","27019","EDA","EDA","","","Electricity","ERCOT Pk Mini","ICEU","IFED","Financial Power","EDA"
"=HYPERLINK(""https://www.ice.com/products/82270923"",""ERCOT South 345KV Hub Real-Time Peak 7x16 Fixed Price Future"")","27025","EDJ","EDJ","","","Electricity","ERCOT Pk Mini","ICEU","IFED","Financial Power","EDJ"
"=HYPERLINK(""https://www.ice.com/products/73051366"",""ERCOT South 345KV Real-Time 7x8 Fixed Price Future"")","24240","ECK","ECK","Q(","","Electricity","ERCOT OP Mini","ICEU","IFED","Financial Power","ECK"
"=HYPERLINK(""https://www.ice.com/products/83047836"",""ERCOT South 345KV Real-Time Daily HE 1800-2200 Fixed Price Future, 7X"")","30358","ER3","ER3","","","Electricity","ERCOT Pk Daily","ICEU","IFED","Financial Power","ER3"
"=HYPERLINK(""https://www.ice.com/products/83047840"",""ERCOT South 345KV Real-Time Daily TB4 Fixed Price Future, 7X"")","30362","ER7","ER7","","","Electricity","ERCOT Pk Daily","ICEU","IFED","Financial Power","ER7"
"=HYPERLINK(""https://www.ice.com/products/83047848"",""ERCOT South 345KV Real-Time HE 1000-1700, 7X"")","30374","ERQ","ERQ","","","Electricity","ERCOT Pk Mini","ICEU","IFED","Financial Power","ERQ"
"=HYPERLINK(""https://www.ice.com/products/6590510"",""ERCOT South 345KV Real-Time Off-Peak Daily Fixed Price Future"")","1870","SED","SED","AK","SM98","Electricity","ERCOT OP Daily","ICEU","IFED","Financial Power","SED"
"=HYPERLINK(""https://www.ice.com/products/6590439"",""ERCOT South 345KV Real-Time Off-Peak Fixed Price Future"")","1864","SEB","SEB","AG","SM94","Electricity","ERCOT OP Mini","ICEU","IFED","Financial Power","SEB"
"=HYPERLINK(""https://www.ice.com/products/6590455"",""ERCOT South 345KV Real-Time Peak Daily Fixed Price Future"")","1623","ESD","ESD","YL","QM69","Electricity","ERCOT Pk Daily","ICEU","IFED","Financial Power","ESD"
"=HYPERLINK(""https://www.ice.com/products/6590338"",""ERCOT South 345KV Real-Time Peak Fixed Price Future"")","19683","ERS","ERS","PW","NO16","Electricity","ERCOT Pk Mini","ICEU","IFED","Financial Power","ERS"
"=HYPERLINK(""https://www.ice.com/products/83047844"",""ERCOT South 345KV Real-Time TB4 Fixed Price Future, 7X"")","30366","ERF","ERF","","","Electricity","ERCOT Pk Mini","ICEU","IFED","Financial Power","ERF"
"=HYPERLINK(""https://www.ice.com/products/62245668"",""ERCOT South 345kV Hub HE 0700-2200, 7x Daily Fixed Price"")","19520","YFR","YFR","","","Electricity","ERCOT Spot","NGXC","IEPA","Power","YFR"
"=HYPERLINK(""https://www.ice.com/products/62245669"",""ERCOT South 345kV Hub HE 0700-2200, 7x Fixed Price"")","19521","YFS","YFS","","","Electricity","ERCOT Monthly","NGXC","IEPA","Power","YFS"
"=HYPERLINK(""https://www.ice.com/products/62258642"",""ERCOT South 345kV Hub HR HE 0700-2200, 7x"")","19549","YGW","YGW","","","Electricity","ERCOT Monthly","NGXC","IEPA","Power","YGW"
"=HYPERLINK(""https://www.ice.com/products/27996800"",""ERCOT South 345kV Physical ATC Daily  Fixed Price"")","5106","XOI","XOI","","","Electricity","ERCOT Spot","NGXC","IEPA","Power","XOI"
"=HYPERLINK(""https://www.ice.com/products/27996664"",""ERCOT South 345kV Physical ATC Fixed Price"")","5107","XRV","XRV","","","Electricity","ERCOT Monthly","NGXC","IEPA","Power","XRV"
"=HYPERLINK(""https://www.ice.com/products/60948773"",""ERCOT South 345kV Physical HE 0700-1100 Fixed Price"")","18538","YCM","YCM","","","Electricity","ERCOT Monthly","NGXC","IEPA","Power","YCM"
"=HYPERLINK(""https://www.ice.com/products/27996802"",""ERCOT South 345kV Physical HE 1-6, 23, 24, 7x Daily Fixed Price"")","5104","XOK","XOK","","","Electricity","ERCOT Spot","NGXC","IEPA","Power","XOK"
"=HYPERLINK(""https://www.ice.com/products/27996801"",""ERCOT South 345kV Physical HE 1-6, 23, 24, 7x Fixed Price"")","5103","XPG","XPG","","","Electricity","ERCOT Monthly","NGXC","IEPA","Power","XPG"
"=HYPERLINK(""https://www.ice.com/products/81325820"",""ERCOT South 345kV Physical HE 1000-1700 Fixed Price 5x"")","26458","Y1W","Y1W","","","Electricity","ERCOT Monthly","NGXC","IEPA","Power","Y1W"
"=HYPERLINK(""https://www.ice.com/products/81325842"",""ERCOT South 345kV Physical HE 1000-1700 Fixed Price 5x Daily Fixed Price"")","26457","Y1V","Y1V","","","Electricity","ERCOT Spot","NGXC","IEPA","Power","Y1V"
"=HYPERLINK(""https://www.ice.com/products/81325816"",""ERCOT South 345kV Physical HE 1000-1700 Fixed Price 7x"")","26450","Y1O","Y1O","","","Electricity","ERCOT Monthly","NGXC","IEPA","Power","Y1O"
"=HYPERLINK(""https://www.ice.com/products/81325838"",""ERCOT South 345kV Physical HE 1000-1700 Fixed Price 7x Daily Fixed Price"")","26449","Y1N","Y1N","","","Electricity","ERCOT Spot","NGXC","IEPA","Power","Y1N"
"=HYPERLINK(""https://www.ice.com/products/27996805"",""ERCOT South 345kV Physical HE 1200-2200 Daily Fixed Price"")","5092","XOC","XOC","","","Electricity","ERCOT Spot","NGXC","IEPA","Power","XOC"
"=HYPERLINK(""https://www.ice.com/products/27996807"",""ERCOT South 345kV Physical HE 1200-2200 Fixed Price"")","5105","XSA","XSA","","","Electricity","ERCOT Monthly","NGXC","IEPA","Power","XSA"
"=HYPERLINK(""https://www.ice.com/products/83047911"",""ERCOT South 345kV Physical HE 1800-2200 Fixed Price 7x"")","30765","X1Q","X1Q","","","Electricity","ERCOT Monthly","NGXC","IEPA","Power","X1Q"
"=HYPERLINK(""https://www.ice.com/products/83047907"",""ERCOT South 345kV Physical HE 1800-2200 Fixed Price 7x Daily"")","30764","X1P","X1P","","","Electricity","ERCOT Spot","NGXC","IEPA","Power","X1P"
"=HYPERLINK(""https://www.ice.com/products/27996808"",""ERCOT South 345kV Physical HR ATC"")","5079","XRX","XRX","","","Electricity","ERCOT Monthly","NGXC","IEPA","Power","XRX"
"=HYPERLINK(""https://www.ice.com/products/60948780"",""ERCOT South 345kV Physical HR HE 0700-1100"")","18542","YCQ","YCQ","","","Electricity","ERCOT Monthly","NGXC","IEPA","Power","YCQ"
"=HYPERLINK(""https://www.ice.com/products/27996809"",""ERCOT South 345kV Physical HR HE 1-6, 23, 24, 7x"")","5083","XPY","XPY","","","Electricity","ERCOT Monthly","NGXC","IEPA","Power","XPY"
"=HYPERLINK(""https://www.ice.com/products/27996812"",""ERCOT South 345kV Physical HR HE 1200-2200"")","5080","XQB","XQB","","","Electricity","ERCOT Monthly","NGXC","IEPA","Power","XQB"
"=HYPERLINK(""https://www.ice.com/products/62795472"",""ERCOT South 345kV Physical HR HE 1700-2200"")","18554","YDC","YDC","","","Electricity","ERCOT Monthly","NGXC","IEPA","Power","YDC"
"=HYPERLINK(""https://www.ice.com/products/83047915"",""ERCOT South 345kV Physical HR HE 1800-2200 7x"")","30770","X1V","X1V","","","Electricity","ERCOT Monthly","NGXC","IEPA","Power","X1V"
"=HYPERLINK(""https://www.ice.com/products/27996813"",""ERCOT South 345kV Physical HR Off-Peak"")","5081","XQA","XQA","","","Electricity","ERCOT Monthly","NGXC","IEPA","Power","XQA"
"=HYPERLINK(""https://www.ice.com/products/27998670"",""ERCOT South 345kV Physical HR Off-Peak Weekend HE 0700-2200"")","5082","XPZ","XPZ","","","Electricity","ERCOT Monthly","NGXC","IEPA","Power","XPZ"
"=HYPERLINK(""https://www.ice.com/products/60948777"",""ERCOT South 345kV Physical HR Peak HE 0700-1100,1700-2200"")","18574","YDW","YDW","","","Electricity","ERCOT Monthly","NGXC","IEPA","Power","YDW"
"=HYPERLINK(""https://www.ice.com/products/27996811"",""ERCOT South 345kV Physical HR Peak HE 0700-2200"")","5084","XPX","XPX","","","Electricity","ERCOT Monthly","NGXC","IEPA","Power","XPX"
"=HYPERLINK(""https://www.ice.com/products/60934519"",""ERCOT South 345kV Physical Off-Peak Daily Fixed Price"")","5147","XOD","XOD","","","Electricity","ERCOT Spot","NGXC","IEPA","Power","XOD"
"=HYPERLINK(""https://www.ice.com/products/27998671"",""ERCOT South 345kV Physical Off-Peak Fixed Price"")","5098","XPI","XPI","","","Electricity","ERCOT Monthly","NGXC","IEPA","Power","XPI"
"=HYPERLINK(""https://www.ice.com/products/27998676"",""ERCOT South 345kV Physical Off-Peak Weekend HE 0700-2200 Daily Fixed Price"")","5102","XOJ","XOJ","","","Electricity","ERCOT Spot","NGXC","IEPA","Power","XOJ"
"=HYPERLINK(""https://www.ice.com/products/27998672"",""ERCOT South 345kV Physical Off-Peak Weekend HE 0700-2200 Fixed Price"")","5101","XPH","XPH","","","Electricity","ERCOT Monthly","NGXC","IEPA","Power","XPH"
"=HYPERLINK(""https://www.ice.com/products/60934515"",""ERCOT South 345kV Physical Peak HE 0700-1100 Daily Fixed Price"")","18537","YCL","YCL","","","Electricity","ERCOT Spot","NGXC","IEPA","Power","YCL"
"=HYPERLINK(""https://www.ice.com/products/60934506"",""ERCOT South 345kV Physical Peak HE 0700-1100,1700-2200 Daily Fixed Price"")","18568","YDQ","YDQ","","","Electricity","ERCOT Spot","NGXC","IEPA","Power","YDQ"
"=HYPERLINK(""https://www.ice.com/products/60948765"",""ERCOT South 345kV Physical Peak HE 0700-1100,1700-2200 Fixed Price"")","18569","YDR","YDR","","","Electricity","ERCOT Monthly","NGXC","IEPA","Power","YDR"
"=HYPERLINK(""https://www.ice.com/products/27996804"",""ERCOT South 345kV Physical Peak HE 0700-2200 Daily Fixed Price"")","5100","XOL","XOL","","","Electricity","ERCOT Spot","NGXC","IEPA","Power","XOL"
"=HYPERLINK(""https://www.ice.com/products/27996803"",""ERCOT South 345kV Physical Peak HE 0700-2200 Fixed Price"")","5099","XPF","XPF","","","Electricity","ERCOT Monthly","NGXC","IEPA","Power","XPF"
"=HYPERLINK(""https://www.ice.com/products/60934512"",""ERCOT South 345kV Physical Peak HE 1700-2200 Daily Fixed Price"")","18548","YCW","YCW","","","Electricity","ERCOT Spot","NGXC","IEPA","Power","YCW"
"=HYPERLINK(""https://www.ice.com/products/60948769"",""ERCOT South 345kV Physical Peak HE 1700-2200 Fixed Price"")","18549","YCX","YCX","","","Electricity","ERCOT Monthly","NGXC","IEPA","Power","YCX"
"=HYPERLINK(""https://www.ice.com/products/27998674"",""ERCOT South LZ Physical  Peak HE 0700-2200 Fixed Price"")","5054","XQO","XQO","","","Electricity","ERCOT Monthly","NGXC","IEPA","Power","XQO"
"=HYPERLINK(""https://www.ice.com/products/34361103"",""ERCOT South LZ Physical ATC"")","6331","XS4","XS4","","","Electricity","ERCOT Monthly","NGXC","IEPA","Power","XS4"
"=HYPERLINK(""https://www.ice.com/products/34361115"",""ERCOT South LZ Physical ATC Daily"")","6332","XS3","XS3","","","Electricity","ERCOT Spot","NGXC","IEPA","Power","XS3"
"=HYPERLINK(""https://www.ice.com/products/60934524"",""ERCOT South LZ Physical Off-Peak Daily Fixed Price"")","5148","XSS","XSS","","","Electricity","ERCOT Spot","NGXC","IEPA","Power","XSS"
"=HYPERLINK(""https://www.ice.com/products/27998675"",""ERCOT South LZ Physical Off-Peak Fixed Price"")","5052","XQP","XQP","","","Electricity","ERCOT Monthly","NGXC","IEPA","Power","XQP"
"=HYPERLINK(""https://www.ice.com/products/27998673"",""ERCOT South LZ Physical Peak HE 0700-2200 Daily Fixed Price"")","5053","XOX","XOX","","","Electricity","ERCOT Spot","NGXC","IEPA","Power","XOX"
"=HYPERLINK(""https://www.ice.com/products/6590513"",""ERCOT South Load Zone Day-Ahead Off-Peak Daily Fixed Price Future"")","2636","SZC","SZC","N/","","Electricity","ERCOTOPDailyMin","ICEU","IFED","Financial Power","SZC"
"=HYPERLINK(""https://www.ice.com/products/6590440"",""ERCOT South Load Zone Day-Ahead Off-Peak Fixed Price Future"")","2616","SZD","SZD","N2","","Electricity","ERCOT OP Mini","ICEU","IFED","Financial Power","SZD"
"=HYPERLINK(""https://www.ice.com/products/6590480"",""ERCOT South Load Zone Day-Ahead Peak Daily Fixed Price Future"")","2624","SZA","SZA","N-","","Electricity","ERCOTPkDailyMin","ICEU","IFED","Financial Power","SZA"
"=HYPERLINK(""https://www.ice.com/products/6590384"",""ERCOT South Load Zone Day-Ahead Peak Fixed Price Future"")","19711","SZB","SZB","M/","","Electricity","ERCOT Pk Mini","ICEU","IFED","Financial Power","SZB"
"=HYPERLINK(""https://www.ice.com/products/72044740"",""ERCOT South Load Zone HE 0100-0600, 2300, 2400, 7x Fixed Price"")","19543","YGQ","YGQ","","","Electricity","ERCOT Monthly","NGXC","IEPA","Power","YGQ"
"=HYPERLINK(""https://www.ice.com/products/72044733"",""ERCOT South Load Zone HE 1-6, 23, 24, 7x Daily Fixed Price"")","19542","YGP","YGP","","","Electricity","ERCOT Spot","NGXC","IEPA","Power","YGP"
"=HYPERLINK(""https://www.ice.com/products/72044727"",""ERCOT South Load Zone Off-Peak Weekend Daily Fixed Price"")","19534","YGH","YGH","","","Electricity","ERCOT Spot","NGXC","IEPA","Power","YGH"
"=HYPERLINK(""https://www.ice.com/products/6590418"",""ERCOT South Load Zone Real-Time Off-Peak Fixed Price Future"")","2455","OES","OES","QO","","Electricity","ERCOT OP Mini","ICEU","IFED","Financial Power","OES"
"=HYPERLINK(""https://www.ice.com/products/6590334"",""ERCOT South Load Zone Real-Time Peak Fixed Price Future"")","19712","EDS","EDS","QK","","Electricity","ERCOT Pk Mini","ICEU","IFED","Financial Power","EDS"
"=HYPERLINK(""https://www.ice.com/products/82612869"",""ERCOT West 345 KV Real-Time HE 1800-2200 Fixed Price Future"")","27746","ERE","ERE","","","Electricity","ERCOT Pk Mini","ICEU","IFED","Financial Power","ERE"
"=HYPERLINK(""https://www.ice.com/products/61989017"",""ERCOT West 345KV Day-Ahead Off-Peak Fixed Price Future"")","19497","EKJ","EKJ","B@","","Electricity","ERCOT OP Mini","ICEU","IFED","Financial Power","EKJ"
"=HYPERLINK(""https://www.ice.com/products/61989016"",""ERCOT West 345KV Day-Ahead Peak Fixed Price Future"")","19496","EKG","EKG","B#","","Electricity","ERCOT Pk Mini","ICEU","IFED","Financial Power","EKG"
"=HYPERLINK(""https://www.ice.com/products/6590515"",""ERCOT West 345KV Hub Day-Ahead Off-Peak Daily Fixed Price Future"")","2641","WEC","WEC","N?","","Electricity","ERCOTOPDailyMin","ICEU","IFED","Financial Power","WEC"
"=HYPERLINK(""https://www.ice.com/products/6590482"",""ERCOT West 345KV Hub Day-Ahead Peak Daily Fixed Price Future"")","2629","WEA","WEA","N>","","Electricity","ERCOTPkDailyMin","ICEU","IFED","Financial Power","WEA"
"=HYPERLINK(""https://www.ice.com/products/83047849"",""ERCOT West 345KV Hub Real-Time HE 1000-1700, 7X"")","30376","ERT","ERT","","","Electricity","ERCOT Pk Mini","ICEU","IFED","Financial Power","ERT"
"=HYPERLINK(""https://www.ice.com/products/82270925"",""ERCOT West 345KV Hub Real-Time Peak 7x16 Fixed Price Future"")","27027","EDL","EDL","","","Electricity","ERCOT Pk Mini","ICEU","IFED","Financial Power","EDL"
"=HYPERLINK(""https://www.ice.com/products/73051367"",""ERCOT West 345KV Real-Time 7x8 Fixed Price Future"")","24241","ECL","ECL","Q*","","Electricity","ERCOT OP Mini","ICEU","IFED","Financial Power","ECL"
"=HYPERLINK(""https://www.ice.com/products/83047837"",""ERCOT West 345KV Real-Time Daily HE 1800-2200 Fixed Price Future, 7X"")","30359","ER4","ER4","","","Electricity","ERCOT Pk Daily","ICEU","IFED","Financial Power","ER4"
"=HYPERLINK(""https://www.ice.com/products/83047841"",""ERCOT West 345KV Real-Time Daily TB4 Fixed Price Future, 7X"")","30363","ER8","ER8","","","Electricity","ERCOT Pk Daily","ICEU","IFED","Financial Power","ER8"
"=HYPERLINK(""https://www.ice.com/products/6590516"",""ERCOT West 345KV Real-Time Off-Peak Daily Fixed Price Future"")","1871","WED","WED","AL","SM99","Electricity","ERCOT OP Daily","ICEU","IFED","Financial Power","WED"
"=HYPERLINK(""https://www.ice.com/products/6590441"",""ERCOT West 345KV Real-Time Off-Peak Fixed Price Future"")","1865","WEB","WEB","AH","SM95","Electricity","ERCOT OP Mini","ICEU","IFED","Financial Power","WEB"
"=HYPERLINK(""https://www.ice.com/products/82270894"",""ERCOT West 345KV Real-Time Peak 2x16 Fixed Price Future"")","27021","EDC","EDC","","","Electricity","ERCOT Pk Mini","ICEU","IFED","Financial Power","EDC"
"=HYPERLINK(""https://www.ice.com/products/6590456"",""ERCOT West 345KV Real-Time Peak Daily Fixed Price Future"")","1624","EWD","EWD","YM","QM70","Electricity","ERCOT Pk Daily","ICEU","IFED","Financial Power","EWD"
"=HYPERLINK(""https://www.ice.com/products/6590339"",""ERCOT West 345KV Real-Time Peak Fixed Price Future"")","19684","ERW","ERW","YI","QM66","Electricity","ERCOT Pk Mini","ICEU","IFED","Financial Power","ERW"
"=HYPERLINK(""https://www.ice.com/products/83047846"",""ERCOT West 345KV Real-Time TB4 Fixed Price Future, 7X"")","30370","ERJ","ERJ","","","Electricity","ERCOT Pk Mini","ICEU","IFED","Financial Power","ERJ"
"=HYPERLINK(""https://www.ice.com/products/62245670"",""ERCOT West 345kV Hub HE 0700-2200, 7x Daily Fixed Price"")","19522","YFT","YFT","","","Electricity","ERCOT Spot","NGXC","IEPA","Power","YFT"
"=HYPERLINK(""https://www.ice.com/products/62245671"",""ERCOT West 345kV Hub HE 0700-2200, 7x Fixed Price"")","19523","YFU","YFU","","","Electricity","ERCOT Monthly","NGXC","IEPA","Power","YFU"
"=HYPERLINK(""https://www.ice.com/products/62258644"",""ERCOT West 345kV Hub HR HE 0700-2200, 7x"")","19551","YGY","YGY","","","Electricity","ERCOT Monthly","NGXC","IEPA","Power","YGY"
"=HYPERLINK(""https://www.ice.com/products/34361112"",""ERCOT West 345kV Hub Physical ATC Daily Fixed Price"")","6327","XS7","XS7","","","Electricity","ERCOT Spot","NGXC","IEPA","Power","XS7"
"=HYPERLINK(""https://www.ice.com/products/34361101"",""ERCOT West 345kV Physical ATC"")","6326","XS8","XS8","","","Electricity","ERCOT Monthly","NGXC","IEPA","Power","XS8"
"=HYPERLINK(""https://www.ice.com/products/60948774"",""ERCOT West 345kV Physical HE 0700-1100 Fixed Price"")","18540","YCO","YCO","","","Electricity","ERCOT Monthly","NGXC","IEPA","Power","YCO"
"=HYPERLINK(""https://www.ice.com/products/27998679"",""ERCOT West 345kV Physical HE 1-6, 23, 24, 7x Daily Fixed Price"")","5067","XOT","XOT","","","Electricity","ERCOT Spot","NGXC","IEPA","Power","XOT"
"=HYPERLINK(""https://www.ice.com/products/27998678"",""ERCOT West 345kV Physical HE 1-6, 23, 24, 7x Fixed Price"")","5068","XPO","XPO","","","Electricity","ERCOT Monthly","NGXC","IEPA","Power","XPO"
"=HYPERLINK(""https://www.ice.com/products/81325822"",""ERCOT West 345kV Physical HE 1000-1700 Fixed Price 5x"")","26460","Y1Y","Y1Y","","","Electricity","ERCOT Monthly","NGXC","IEPA","Power","Y1Y"
"=HYPERLINK(""https://www.ice.com/products/81325843"",""ERCOT West 345kV Physical HE 1000-1700 Fixed Price 5x Daily Fixed Price"")","26459","Y1X","Y1X","","","Electricity","ERCOT Spot","NGXC","IEPA","Power","Y1X"
"=HYPERLINK(""https://www.ice.com/products/81325817"",""ERCOT West 345kV Physical HE 1000-1700 Fixed Price 7x"")","26452","Y1Q","Y1Q","","","Electricity","ERCOT Monthly","NGXC","IEPA","Power","Y1Q"
"=HYPERLINK(""https://www.ice.com/products/81325839"",""ERCOT West 345kV Physical HE 1000-1700 Fixed Price 7x Daily Fixed Price"")","26451","Y1P","Y1P","","","Electricity","ERCOT Spot","NGXC","IEPA","Power","Y1P"
"=HYPERLINK(""https://www.ice.com/products/27998682"",""ERCOT West 345kV Physical HE 1200-2200 Daily Fixed Price"")","5045","XZX","XZX","","","Electricity","ERCOT Spot","NGXC","IEPA","Power","XZX"
"=HYPERLINK(""https://www.ice.com/products/27998683"",""ERCOT West 345kV Physical HE 1200-2200 Fixed Price"")","5063","XSC","XSC","","","Electricity","ERCOT Monthly","NGXC","IEPA","Power","XSC"
"=HYPERLINK(""https://www.ice.com/products/83047912"",""ERCOT West 345kV Physical HE 1800-2200 Fixed Price 7x"")","30767","X1S","X1S","","","Electricity","ERCOT Monthly","NGXC","IEPA","Power","X1S"
"=HYPERLINK(""https://www.ice.com/products/83047908"",""ERCOT West 345kV Physical HE 1800-2200 Fixed Price 7x Daily"")","30766","X1R","X1R","","","Electricity","ERCOT Spot","NGXC","IEPA","Power","X1R"
"=HYPERLINK(""https://www.ice.com/products/34361106"",""ERCOT West 345kV Physical HR ATC"")","6328","XS9","XS9","","","Electricity","ERCOT Monthly","NGXC","IEPA","Power","XS9"
"=HYPERLINK(""https://www.ice.com/products/60948781"",""ERCOT West 345kV Physical HR HE 0700-1100"")","18543","YCR","YCR","","","Electricity","ERCOT Monthly","NGXC","IEPA","Power","YCR"
"=HYPERLINK(""https://www.ice.com/products/27998684"",""ERCOT West 345kV Physical HR HE 1-6, 23, 24, 7x"")","5061","XQI","XQI","","","Electricity","ERCOT Monthly","NGXC","IEPA","Power","XQI"
"=HYPERLINK(""https://www.ice.com/products/27998686"",""ERCOT West 345kV Physical HR HE 1200-2200"")","5058","XQL","XQL","","","Electricity","ERCOT Monthly","NGXC","IEPA","Power","XQL"
"=HYPERLINK(""https://www.ice.com/products/62795473"",""ERCOT West 345kV Physical HR HE 1700-2200"")","18555","YDD","YDD","","","Electricity","ERCOT Monthly","NGXC","IEPA","Power","YDD"
"=HYPERLINK(""https://www.ice.com/products/83047916"",""ERCOT West 345kV Physical HR HE 1800-2200 7x"")","30771","X1W","X1W","","","Electricity","ERCOT Monthly","NGXC","IEPA","Power","X1W"
"=HYPERLINK(""https://www.ice.com/products/27998687"",""ERCOT West 345kV Physical HR Off-Peak"")","5059","XQK","XQK","","","Electricity","ERCOT Monthly","NGXC","IEPA","Power","XQK"
"=HYPERLINK(""https://www.ice.com/products/27998688"",""ERCOT West 345kV Physical HR Off-Peak Weekend HE 0700-2200"")","5060","XQJ","XQJ","","","Electricity","ERCOT Monthly","NGXC","IEPA","Power","XQJ"
"=HYPERLINK(""https://www.ice.com/products/60948778"",""ERCOT West 345kV Physical HR Peak HE 0700-1100,1700-2200"")","18575","YDX","YDX","","","Electricity","ERCOT Monthly","NGXC","IEPA","Power","YDX"
"=HYPERLINK(""https://www.ice.com/products/27998685"",""ERCOT West 345kV Physical HR Peak HE 0700-2200"")","5062","XQH","XQH","","","Electricity","ERCOT Monthly","NGXC","IEPA","Power","XQH"
"=HYPERLINK(""https://www.ice.com/products/60934520"",""ERCOT West 345kV Physical Off-Peak Daily Fixed Price"")","5149","XZY","XZY","","","Electricity","ERCOT Spot","NGXC","IEPA","Power","XZY"
"=HYPERLINK(""https://www.ice.com/products/27998689"",""ERCOT West 345kV Physical Off-Peak Fixed Price"")","5064","XPQ","XPQ","","","Electricity","ERCOT Monthly","NGXC","IEPA","Power","XPQ"
"=HYPERLINK(""https://www.ice.com/products/27998694"",""ERCOT West 345kV Physical Off-Peak Weekend HE 0700-2200 Daily Fixed Price"")","5065","XOS","XOS","","","Electricity","ERCOT Spot","NGXC","IEPA","Power","XOS"
"=HYPERLINK(""https://www.ice.com/products/27998690"",""ERCOT West 345kV Physical Off-Peak Weekend HE 0700-2200 Fixed Price"")","5066","XPP","XPP","","","Electricity","ERCOT Monthly","NGXC","IEPA","Power","XPP"
"=HYPERLINK(""https://www.ice.com/products/60934516"",""ERCOT West 345kV Physical Peak HE 0700-1100 Daily Fixed Price"")","18539","YCN","YCN","","","Electricity","ERCOT Spot","NGXC","IEPA","Power","YCN"
"=HYPERLINK(""https://www.ice.com/products/60934507"",""ERCOT West 345kV Physical Peak HE 0700-1100,1700-2200 Daily Fixed Price"")","18570","YDS","YDS","","","Electricity","ERCOT Spot","NGXC","IEPA","Power","YDS"
"=HYPERLINK(""https://www.ice.com/products/60948766"",""ERCOT West 345kV Physical Peak HE 0700-1100,1700-2200 Fixed Price"")","18571","YDT","YDT","","","Electricity","ERCOT Monthly","NGXC","IEPA","Power","YDT"
"=HYPERLINK(""https://www.ice.com/products/27998681"",""ERCOT West 345kV Physical Peak HE 0700-2200 Daily Fixed Price"")","5069","XOU","XOU","","","Electricity","ERCOT Spot","NGXC","IEPA","Power","XOU"
"=HYPERLINK(""https://www.ice.com/products/27998680"",""ERCOT West 345kV Physical Peak HE 0700-2200 Fixed Price"")","5070","XPN","XPN","","","Electricity","ERCOT Monthly","NGXC","IEPA","Power","XPN"
"=HYPERLINK(""https://www.ice.com/products/60934513"",""ERCOT West 345kV Physical Peak HE 1700-2200 Daily Fixed Price"")","18550","YCY","YCY","","","Electricity","ERCOT Spot","NGXC","IEPA","Power","YCY"
"=HYPERLINK(""https://www.ice.com/products/60948771"",""ERCOT West 345kV Physical Peak HE 1700-2200 Fixed Price"")","18551","YCZ","YCZ","","","Electricity","ERCOT Monthly","NGXC","IEPA","Power","YCZ"
"=HYPERLINK(""https://www.ice.com/products/27998692"",""ERCOT West LZ Physical  Peak HE 0700-2200 Fixed Price"")","5048","XQS","XQS","","","Electricity","ERCOT Monthly","NGXC","IEPA","Power","XQS"
"=HYPERLINK(""https://www.ice.com/products/34361105"",""ERCOT West LZ Physical ATC"")","6335","XS0","XS0","","","Electricity","ERCOT Monthly","NGXC","IEPA","Power","XS0"
"=HYPERLINK(""https://www.ice.com/products/34361117"",""ERCOT West LZ Physical ATC Daily"")","6336","XR9","XR9","","","Electricity","ERCOT Spot","NGXC","IEPA","Power","XR9"
"=HYPERLINK(""https://www.ice.com/products/60934548"",""ERCOT West LZ Physical Off-Peak Daily Fixed Price"")","5150","XZZ","XZZ","","","Electricity","ERCOT Spot","NGXC","IEPA","Power","XZZ"
"=HYPERLINK(""https://www.ice.com/products/27998693"",""ERCOT West LZ Physical Off-Peak Fixed Price"")","5046","XQT","XQT","","","Electricity","ERCOT Monthly","NGXC","IEPA","Power","XQT"
"=HYPERLINK(""https://www.ice.com/products/27998691"",""ERCOT West LZ Physical Peak HE 0700-2200 Daily Fixed Price"")","5047","XOV","XOV","","","Electricity","ERCOT Spot","NGXC","IEPA","Power","XOV"
"=HYPERLINK(""https://www.ice.com/products/6590517"",""ERCOT West Load Zone Day-Ahead Off-Peak Daily Fixed Price Future"")","2637","WZC","WZC","N#","","Electricity","ERCOTOPDailyMin","ICEU","IFED","Financial Power","WZC"
"=HYPERLINK(""https://www.ice.com/products/6590442"",""ERCOT West Load Zone Day-Ahead Off-Peak Fixed Price Future"")","2617","WZD","WZD","N4","","Electricity","ERCOT OP Mini","ICEU","IFED","Financial Power","WZD"
"=HYPERLINK(""https://www.ice.com/products/6590483"",""ERCOT West Load Zone Day-Ahead Peak Daily Fixed Price Future"")","2625","WZA","WZA","N:","","Electricity","ERCOTPkDailyMin","ICEU","IFED","Financial Power","WZA"
"=HYPERLINK(""https://www.ice.com/products/6590385"",""ERCOT West Load Zone Day-Ahead Peak Fixed Price Future"")","19713","WZB","WZB","N3","","Electricity","ERCOT Pk Mini","ICEU","IFED","Financial Power","WZB"
"=HYPERLINK(""https://www.ice.com/products/72044742"",""ERCOT West Load Zone HE 0100-0600, 2300, 2400, 7x Fixed Price"")","19547","YGU","YGU","","","Electricity","ERCOT Monthly","NGXC","IEPA","Power","YGU"
"=HYPERLINK(""https://www.ice.com/products/72044735"",""ERCOT West Load Zone HE 1-6, 23, 24, 7x Daily Fixed Price"")","19546","YGT","YGT","","","Electricity","ERCOT Spot","NGXC","IEPA","Power","YGT"
"=HYPERLINK(""https://www.ice.com/products/72044729"",""ERCOT West Load Zone Off-Peak Weekend Daily Fixed Price"")","19538","YGL","YGL","","","Electricity","ERCOT Spot","NGXC","IEPA","Power","YGL"
"=HYPERLINK(""https://www.ice.com/products/72044738"",""ERCOT West Load Zone Off-Peak Weekend HE 0700-2200 Fixed Price"")","19539","YGM","YGM","","","Electricity","ERCOT Monthly","NGXC","IEPA","Power","YGM"
"=HYPERLINK(""https://www.ice.com/products/6590419"",""ERCOT West Load Zone Real-Time Off-Peak Fixed Price Future"")","2456","OEW","OEW","QP","","Electricity","ERCOT OP Mini","ICEU","IFED","Financial Power","OEW"
"=HYPERLINK(""https://www.ice.com/products/6590335"",""ERCOT West Load Zone Real-Time Peak Fixed Price Future"")","19714","EDW","EDW","QL","","Electricity","ERCOT Pk Mini","ICEU","IFED","Financial Power","EDW"
"=HYPERLINK(""https://www.ice.com/products/6753486"",""EU-Style Brent Future"")","1745","BUL","BRN","BU","SG26","Crude Oil and Refined Products","Crude Outrights","ICEU","IFEU","Oil","BUL"
"=HYPERLINK(""https://www.ice.com/products/11524787"",""EU-Style Brent Options"")","4820","BUL","BRN","BU","SG26","Crude Oil and Refined Products","O-Crude Outrights","ICEU","IFEU","Oil","BUL"
"=HYPERLINK(""https://www.ice.com/products/6753565"",""EU-Style WTI Future"")","1746","WUL","WBS","WU","SG28","Crude Oil and Refined Products","Am Crude","ICEU","IFED","US Crude","WUL"
"=HYPERLINK(""https://www.ice.com/products/11527595"",""EU-Style WTI Options"")","4821","WUL","WBS","WU","SG28","Crude Oil and Refined Products","O-Am Crude","ICEU","IFED","US Crude","WUL"
"=HYPERLINK(""https://www.ice.com/products/83048353"",""EUA 2 Futures"")","30341","EC2","EC2","","","Emissions","EUA 2 NDEX","ICEU","NDEX","EU Emissions Allowances","EC2"
"=HYPERLINK(""https://www.ice.com/products/18709519"",""EUA Daily Future"")","4301","ECP","ECP","Y>","","Emissions","EUA Daily NDEX","ICEU","NDEX","EU Emissions Allowances","ECP"
"=HYPERLINK(""https://www.ice.com/products/71090500"",""EUA Futures Options (Futures Style Margin)"")","22305","EFO","ECF","KT","","Emissions","O-EUA NDEX","ICEU","NDEX","EU Emissions Allowances","EFO"
"=HYPERLINK(""https://www.ice.com/products/83047346"",""EUA Mini Futures"")","30084","EFG","EFG","","","Emissions","EUA NDEX","ICEU","NDEX","EU Emissions Allowances","EFG"
"=HYPERLINK(""https://www.ice.com/products/68358299"",""Eastern Gas Fixed Price Future"")","20474","DSF","DSF","LR","","Natural Gas","Basis Master","ICEU","IFED","Financial Gas","DSF"
"=HYPERLINK(""https://www.ice.com/products/6590133"",""Eastern Gas South Basis Future"")","440","DOM","DOM","NL","NE88","Natural Gas","AppalachiaBasis","ICEU","IFED","Financial Gas","DOM"
"=HYPERLINK(""https://www.ice.com/products/6590181"",""Eastern Gas South Index Future"")","1631","DIS","DIS","ZB","QM92","Natural Gas","AppalachiaIndex","ICEU","IFED","Financial Gas","DIS"
"=HYPERLINK(""https://www.ice.com/products/6590227"",""Eastern Gas South Swing Future"")","475","DSS","DSS","YY","QM82","Natural Gas","AppalachiaSwing","ICEU","IFED","Financial Gas","DSS"
"=HYPERLINK(""https://www.ice.com/products/34598272"",""Eastern Gas-North Physical Basis LD1"")","6349","XX3","XX3","","","Natural Gas","Dom N MOPhysGas","NGXC","IEPA","Physical Gas","XX3"
"=HYPERLINK(""https://www.ice.com/products/34598267"",""Eastern Gas-North Physical Fixed Price Monthly"")","6355","XBI","XBI","","","Natural Gas","Dom N MOPhysGas","NGXC","IEPA","Physical Gas","XBI"
"=HYPERLINK(""https://www.ice.com/products/34598268"",""Eastern Gas-North Physical Fixed Price Spot"")","6353","XAX","XAX","","","Natural Gas","Dom N SPPhysGas","NGXC","IEPA","Physical Gas","XAX"
"=HYPERLINK(""https://www.ice.com/products/34598269"",""Eastern Gas-North Physical Gas Daily Monthly Fixed Price"")","6352","XSF","XSF","","","Natural Gas","Dom N MOPhysGas","NGXC","IEPA","Physical Gas","XSF"
"=HYPERLINK(""https://www.ice.com/products/34598270"",""Eastern Gas-North Physical Gas Daily Spot"")","6350","XOR","XOR","","","Natural Gas","Dom N SPPhysGas","NGXC","IEPA","Physical Gas","XOR"
"=HYPERLINK(""https://www.ice.com/products/34598271"",""Eastern Gas-North Physical Inside FERC"")","6348","XSG","XSG","","","Natural Gas","Dom N MOPhysGas","NGXC","IEPA","Physical Gas","XSG"
"=HYPERLINK(""https://www.ice.com/products/1187"",""Eastern Gas-South Physical Basis LD1"")","1408","XJP","XJP","","","Natural Gas","Dom MO Phys Gas","NGXC","IEPA","Physical Gas","XJP"
"=HYPERLINK(""https://www.ice.com/products/1146"",""Eastern Gas-South Physical Fixed Price Monthly"")","1394","XJM","XJM","","","Natural Gas","Dom MO Phys Gas","NGXC","IEPA","Physical Gas","XJM"
"=HYPERLINK(""https://www.ice.com/products/1155"",""Eastern Gas-South Physical Fixed Price Spot"")","1395","XJL","XJL","","","Natural Gas","Dom BM Phys Gas","NGXC","IEPA","Physical Gas","XJL"
"=HYPERLINK(""https://www.ice.com/products/1163"",""Eastern Gas-South Physical Gas Daily Monthly"")","1400","XJO","XJO","","","Natural Gas","Dom MO Phys Gas","NGXC","IEPA","Physical Gas","XJO"
"=HYPERLINK(""https://www.ice.com/products/1171"",""Eastern Gas-South Physical Gas Daily Spot"")","1401","XJN","XJN","","","Natural Gas","Dom BM Phys Gas","NGXC","IEPA","Physical Gas","XJN"
"=HYPERLINK(""https://www.ice.com/products/1180"",""Eastern Gas-South Physical Inside FERC"")","1406","XJQ","XJQ","","","Natural Gas","Dom MO Phys Gas","NGXC","IEPA","Physical Gas","XJQ"
"=HYPERLINK(""https://www.ice.com/products/83049250"",""EasyJet plc Mini"")","31774","8EJ","8EJ","","","Mini Single Stocks","O-Min UK Equity","ICEU","IFLO","Mini Equity Non-US Based","8EJ"
"=HYPERLINK(""https://www.ice.com/products/38716807"",""Easyjet PLC"")","7895","EZJ","EZJ","","","Single Stock Options","","ICEU","IFLO","Liffe Equity Derivatives - Non-US Based","EZJ"
"=HYPERLINK(""https://www.ice.com/products/6590130"",""Enable Gas Basis Future"")","546","CTP","CTP","PR","NO04","Natural Gas","Midcont Basis","ICEU","IFED","Financial Gas","CTP"
"=HYPERLINK(""https://www.ice.com/products/6590177"",""Enable Gas Index Future"")","3049","CTI","CTI","L-","","Natural Gas","Midcont Index","ICEU","IFED","Financial Gas","CTI"
"=HYPERLINK(""https://www.ice.com/products/6590225"",""Enable Gas Swing Future"")","3057","CTS","CTS","L/","","Natural Gas","Midcont Swing","ICEU","IFED","Financial Gas","CTS"
"=HYPERLINK(""https://www.ice.com/products/6590134"",""Enbridge Dawn Basis Future"")","547","DWN","DWN","PS","NO07","Natural Gas","Canada Basis","ICEU","IFED","Financial Gas","DWN"
"=HYPERLINK(""https://www.ice.com/products/71544040"",""Enbridge Dawn Index Future"")","23385","CVW","CVW","ND","","Natural Gas","Upper MW Index","ICEU","IFED","Financial Gas","CVW"
"=HYPERLINK(""https://www.ice.com/products/71544045"",""Enbridge Dawn Swing Future"")","23386","CVX","CVX","NE","","Natural Gas","Upper MW Swing","ICEU","IFED","Financial Gas","CVX"
"=HYPERLINK(""https://www.ice.com/products/83046777"",""Enbridge Station 2 Basis Future"")","29793","E2B","E2B","","","Natural Gas","Canada Basis","ICEU","IFED","Financial Gas","E2B"
"=HYPERLINK(""https://www.ice.com/products/83046778"",""Enbridge Station 2 Index Future"")","29792","E2I","E2I","","","Natural Gas","Canada Index","ICEU","IFED","Financial Gas","E2I"
"=HYPERLINK(""https://www.ice.com/products/83046779"",""Enbridge Station 2 Swing Future"")","29791","E2S","E2S","","","Natural Gas","Canada Swing","ICEU","IFED","Financial Gas","E2S"
"=HYPERLINK(""https://www.ice.com/products/38716830"",""Entain plc"")","8802","LDB","LDB","","","Single Stock Options","","ICEU","IFLO","Liffe Equity Derivatives - Non-US Based","LDB"
"=HYPERLINK(""https://www.ice.com/products/6590284"",""Ethane in E/P Mix, OPIS Conway In-Well Future"")","3264","ECC","ECC","T=","","Natural Gas Liquids","NGL Master","ICEU","IFED","Financial NGL","ECC"
"=HYPERLINK(""https://www.ice.com/products/6590301"",""Ethane in E/P Mix, OPIS Conway In-Well, Fixed Price Balmo Future"")","21809","ECD","ECD","MF","","Natural Gas Liquids","NGL Master","ICEU","IFED","Financial NGL","ECD"
"=HYPERLINK(""https://www.ice.com/products/31687039"",""Ethane in E/P Mix, OPIS Conway in-Well Average Price Options"")","5800","ECC","ECC","T=","","Natural Gas Liquids","O-NGL Master","ICEU","IFED","Financial NGL","ECC"
"=HYPERLINK(""https://www.ice.com/products/6590300"",""Ethane in E/P Mix, OPIS Mt. Belvieu  Non-TET, Fixed Price Balmo Future"")","21808","ECA","ECA","MG","","Natural Gas Liquids","NGL Master","ICEU","IFED","Financial NGL","ECA"
"=HYPERLINK(""https://www.ice.com/products/6590283"",""Ethane in E/P Mix, OPIS Mt. Belvieu Non-TET Future"")","3265","ECB","ECB","T@","","Natural Gas Liquids","NGL Master","ICEU","IFED","Financial NGL","ECB"
"=HYPERLINK(""https://www.ice.com/products/6590322"",""Ethane, OPIS Mt. Belvieu Non-TET Average Price Options"")","4844","ETE","ETE","ET","QJ67","Natural Gas Liquids","O-NGL Master","ICEU","IFED","Financial NGL","ETE"
"=HYPERLINK(""https://www.ice.com/products/6590285"",""Ethane, OPIS Mt. Belvieu Non-TET, Fixed Price Balmo Future"")","21811","ETF","ETF","MH","","Natural Gas Liquids","NGL Master","ICEU","IFED","Financial NGL","ETF"
"=HYPERLINK(""https://www.ice.com/products/65898828"",""Ethane, OPIS Mt. Belvieu Other Non-TET Future"")","20079","ETD","ETD","J<","","Natural Gas Liquids","NGL Master","ICEU","IFED","Financial NGL","ETD"
"=HYPERLINK(""https://www.ice.com/products/83047266"",""Ethanol T2 FOB Rotterdam Barges (Platts) Balmo Future"")","30031","EFT","EFT","","","Biofuels","RefOut EUR m3","ICEU","IFEU","Oil","EFT"
"=HYPERLINK(""https://www.ice.com/products/27066818"",""Ethanol T2 FOB Rotterdam Barges (Platts) Future"")","5030","EFR","EFR","SX","EH92","Biofuels","RefOut EUR m3","ICEU","IFEU","Oil","EFR"
"=HYPERLINK(""https://www.ice.com/products/83049768"",""Ethanol T2 FOB Rotterdam Barges Balmo Swap"")","32408","EFT","EFT","","","Crude Oil and Refined","RefOut EUR m3","Bilateral","ICES","Platts Oil","EFT"
"=HYPERLINK(""https://www.ice.com/products/83049767"",""Ethanol T2 FOB Rotterdam Barges Swap"")","32407","EFR","EFR","SX","EH92","Crude Oil and Refined","RefOut EUR m3","Bilateral","ICES","Platts Oil","EFR"
"=HYPERLINK(""https://www.ice.com/products/81996000"",""Ethylene, ICIS CFR NE Asia Future"")","26752","EBN","EBN","","","Petrochemicals","Olefins Master","ICEU","IFED","Financial Olefins","EBN"
"=HYPERLINK(""https://www.ice.com/products/81996001"",""Ethylene, ICIS CFR SE Asia Future"")","26753","EBS","EBS","","","Petrochemicals","Olefins Master","ICEU","IFED","Financial Olefins","EBS"
"=HYPERLINK(""https://www.ice.com/products/82612879"",""Ethylene, ICIS FD NWE Future"")","27742","EFN","EFN","","","Petrochemicals","Olefins Master","ICEU","IFED","Financial Olefins","EFN"
"=HYPERLINK(""https://www.ice.com/products/71544052"",""Ethylene, OPIS PCW Choctaw Future"")","23387","CVY","CVY","NX","","Petrochemicals","Olefins Master","ICEU","IFED","Financial Olefins","CVY"
"=HYPERLINK(""https://www.ice.com/products/31687036"",""Ethylene, OPIS PCW Mont Belvieu Enterprise Balmo Future"")","21812","ETG","ETG","MS","","Petrochemicals","Olefins Master","ICEU","IFED","Financial Olefins","ETG"
"=HYPERLINK(""https://www.ice.com/products/31687034"",""Ethylene, OPIS PCW Mont Belvieu Enterprise Future"")","5783","ETH","ETH","3)","","Petrochemicals","Olefins Master","ICEU","IFED","Financial Olefins","ETH"
"=HYPERLINK(""https://www.ice.com/products/2935630"",""Euro Currency Pairs Euro/Australian Dollar Futures (125)"")","3127","KRA","KRA","K(","","Cross Rates","FOREX","ICUS","IFUS","Foreign Exchange","KRA"
"=HYPERLINK(""https://www.ice.com/products/2935631"",""Euro Currency Pairs Euro/British Pound Futures"")","3129","KGB","KGB","K*","","Cross Rates","FOREX","ICUS","IFUS","Foreign Exchange","KGB"
"=HYPERLINK(""https://www.ice.com/products/2935632"",""Euro Currency Pairs Euro/Canadian Dollar Futures"")","3131","KEP","KEP","K)","","Cross Rates","FOREX","ICUS","IFUS","Foreign Exchange","KEP"
"=HYPERLINK(""https://www.ice.com/products/115"",""Euro Currency Pairs Euro/Czech Koruna Futures"")","794","EZ","EZ ","","","Emerging Markets","FOREX","ICUS","IFUS","Foreign Exchange","EZ"
"=HYPERLINK(""https://www.ice.com/products/119"",""Euro Currency Pairs Euro/Hungarian Forint Futures"")","798","HR","HR ","","","Emerging Markets","FOREX","ICUS","IFUS","Foreign Exchange","HR"
"=HYPERLINK(""https://www.ice.com/products/2935634"",""Euro Currency Pairs Euro/Japanese Yen Futures"")","3133","KEJ","KEJ","K-","","Cross Rates","FOREX","ICUS","IFUS","Foreign Exchange","KEJ"
"=HYPERLINK(""https://www.ice.com/products/2935635"",""Euro Currency Pairs Euro/Norwegian Krone Futures"")","3135","KOL","KOL","K/","","Emerging Markets","FOREX","ICUS","IFUS","Foreign Exchange","KOL"
"=HYPERLINK(""https://www.ice.com/products/131"",""Euro Currency Pairs Euro/South African Rand Futures"")","804","YZ","YZ ","","","Emerging Markets","FOREX","ICUS","IFUS","Foreign Exchange","YZ"
"=HYPERLINK(""https://www.ice.com/products/2935636"",""Euro Currency Pairs Euro/Swedish Krona Futures"")","3137","KRK","KRK","K>","","Cross Rates","FOREX","ICUS","IFUS","Foreign Exchange","KRK"
"=HYPERLINK(""https://www.ice.com/products/2935637"",""Euro Currency Pairs Euro/Swiss Franc Futures"")","3139","KRZ","KRZ","K?","","Cross Rates","FOREX","ICUS","IFUS","Foreign Exchange","KRZ"
"=HYPERLINK(""https://www.ice.com/products/74306586"",""Eurobob Oxy FOB Rotterdam Barges Swap"")","24822","GDG","GDG","*N","","Crude Oil and Refined","Ref Outright mt","Bilateral","ICES","Platts Oil","GDG"
"=HYPERLINK(""https://www.ice.com/products/83047820"",""Eurobob Oxy Gasoline NWE FOB Barges (GX) Balmo Mini Future"")","30402","MHP","MHP","","","Crude Oil and Refined Products","Ref Outright mt","ICEU","IFEU","Oil","MHP"
"=HYPERLINK(""https://www.ice.com/products/83047818"",""Eurobob Oxy Gasoline NWE FOB Barges (GX) Future"")","30398","MHN","MHN","","","Crude Oil and Refined Products","Ref Outright mt","ICEU","IFEU","Oil","MHN"
"=HYPERLINK(""https://www.ice.com/products/83047819"",""Eurobob Oxy Gasoline NWE FOB Barges (GX) Mini Future"")","30400","MHO","MHO","","","Crude Oil and Refined Products","Ref Outright mt","ICEU","IFEU","Oil","MHO"
"=HYPERLINK(""https://www.ice.com/products/38716809"",""Experian PLC"")","7884","EXP","EXP","","","Single Stock Options","","ICEU","IFLO","Liffe Equity Derivatives - Non-US Based","EXP"
"=HYPERLINK(""https://www.ice.com/products/29"",""FCOJ-A Options"")","1237","OJ","OJ ","96","2200","Frozen Orange Juice","O-FCOJ A","ICUS","IFUS","FCOJ A","OJ"
"=HYPERLINK(""https://www.ice.com/products/37612666"",""FIVE-YEAR &euro; SWAPNOTE&reg; FUTURE"")","15298","O","O","","","Swapnotes","Swapnote EUR","ICEU","IFLL","Liffe Swapnotes","O"
"=HYPERLINK(""https://www.ice.com/products/37612677"",""FIVE-YEAR &pound; SWAPNOTE&reg; FUTURE"")","15295","GBO","GBO","","","Swapnotes","Swapnote GBP","ICEU","IFLL","Liffe Swapnotes","GBO"
"=HYPERLINK(""https://www.ice.com/products/38716767"",""FTSE 100 Dividend - Stnd Index Future"")","15426","XZ","XZ","","","FTSE Indices","FTSE Fut UNRSTD","ICEU","IFLL","Liffe Index Futures - Non-US Restricted","XZ"
"=HYPERLINK(""https://www.ice.com/products/83045092"",""FTSE 100 ESG Risk Adjusted Index Future"")","28550","UKG","UKG","","","FTSE Indices","FTSE Fut RSTD","ICEU","IFLL","Liffe Index Futures - US Restricted","UKG"
"=HYPERLINK(""https://www.ice.com/products/38716764"",""FTSE 100 Index Future"")","15527","Z","Z","","","FTSE Indices","FTSE Fut UNRSTD","ICEU","IFLL","Liffe Index Futures - Non-US Restricted","Z"
"=HYPERLINK(""https://www.ice.com/products/38716770"",""FTSE 100 Index Options"")","15338","ESX","UKX","","","FTSE Indices","O-FTSE Opt","ICEU","IFLO","Liffe Index Options","ESX"
"=HYPERLINK(""https://www.ice.com/products/60643269"",""FTSE 100 Index Weekly Flex Options"")","15339","FLX","UKX","","","FTSE Indices","O-FTSE Opt","ICEU","IFLO","Liffe Index Options","FLX"
"=HYPERLINK(""https://www.ice.com/products/82687963"",""FTSE 100 Total Return Future"")","28326","FWX","FWX","","","FTSE Indices","FTSE Fut UNRSTD","ICEU","IFLL","Liffe Index Futures - Non-US Restricted","FWX"
"=HYPERLINK(""https://www.ice.com/products/38716765"",""FTSE 250 Index Future"")","15526","Y2","Y2","","","FTSE Indices","FTSE Fut UNRSTD","ICEU","IFLL","Liffe Index Futures - Non-US Restricted","Y2"
"=HYPERLINK(""https://www.ice.com/products/72131066"",""FTSE 250 Index Options"")","15346","YFS","YFS","","","FTSE Indices","O-FTSE Opt","ICEU","IFLO","Liffe Index Options","YFS"
"=HYPERLINK(""https://www.ice.com/products/83045093"",""FTSE All-Share ESG Risk Adjusted Index Future"")","28553","UKS","UKS","","","FTSE Indices","FTSE Fut RSTD","ICEU","IFLL","Liffe Index Futures - US Restricted","UKS"
"=HYPERLINK(""https://www.ice.com/products/83048915"",""FTSE South Korea RIC Capped Net Tax Index Future (USD)"")","31460","SKO","SKO","","","MSCI Indices","MSCI DEV","ICUS","IFUS","IFUS Equity Indices","SKO"
"=HYPERLINK(""https://www.ice.com/products/83049827"",""Federal Open Market Committee (FOMC) Rate Decision - Unchanged Future"")","50467","OIS","OIS","","","Economic Indicators","IFUS EIC","ICUS","IFUS","IFUS Economic Indicators","OIS"
"=HYPERLINK(""https://www.ice.com/products/83049826"",""Federal Open Market Committee (FOMC) Rate Decision – Lower Rates Future"")","50447","OID","OID","","","Economic Indicators","IFUS EIC","ICUS","IFUS","IFUS Economic Indicators","OID"
"=HYPERLINK(""https://www.ice.com/products/83049828"",""Federal Open Market Committee (FOMC) Rate Decision – Raise Rates Future"")","50457","OIR","OIR","","","Economic Indicators","IFUS EIC","ICUS","IFUS","IFUS Economic Indicators","OIR"
"=HYPERLINK(""https://www.ice.com/products/38716889"",""Ferguson Plc"")","10767","WSY","WSY","","","Single Stock Options","","ICEU","IFLO","Liffe Equity Derivatives - Non-US Based","WOS"
"=HYPERLINK(""https://www.ice.com/products/79341538"",""Five Year Mid-Curve Option on Three Month SONIA Index Future"")","25829","SY5","SO3","","","Short Term Interest Rates","O-Sonia 3Month","ICEU","IFLL","Liffe STIRs","SY5"
"=HYPERLINK(""https://www.ice.com/products/33146922"",""Five Year Mid-Curve Options on Euribor &reg; Futures"")","15889","K5","I","","","Short Term Interest Rates","O-STIR Euribor","ICEU","IFLL","Liffe Three Month Euro and EONIA","K5"
"=HYPERLINK(""https://www.ice.com/products/37612670"",""Five-Year SOFR Swapnote Future"")","15302","USO","USO","","","Swapnotes","Swapnote USD","ICEU","IFLL","Liffe Swapnotes","USO"
"=HYPERLINK(""https://www.ice.com/products/6590135"",""Florida Gas Zone 3 Basis Future"")","1877","FTZ","FTZ","AV","SN05","Natural Gas","Southeast Basis","ICEU","IFED","Financial Gas","FTZ"
"=HYPERLINK(""https://www.ice.com/products/6590184"",""Florida Gas Zone 3 Index Future"")","3030","FTI","FTI","A>","","Natural Gas","Southeast Index","ICEU","IFED","Financial Gas","FTI"
"=HYPERLINK(""https://www.ice.com/products/69138050"",""Florida Gas Zone 3 Physical Basis LD1"")","20623","YIA","YIA","","","Natural Gas","FGTZ3 MOPhysGas","NGXC","IEPA","Physical Gas","YIA"
"=HYPERLINK(""https://www.ice.com/products/69138046"",""Florida Gas Zone 3 Physical Fixed Price Monthly"")","20618","YHW","YHW","","","Natural Gas","FGTZ3 MOPhysGas","NGXC","IEPA","Physical Gas","YHW"
"=HYPERLINK(""https://www.ice.com/products/69138045"",""Florida Gas Zone 3 Physical Fixed Price Spot"")","20616","YHV","YHV","","","Natural Gas","FGTZ3 SPPhysGas","NGXC","IEPA","Physical Gas","YHV"
"=HYPERLINK(""https://www.ice.com/products/69138048"",""Florida Gas Zone 3 Physical Gas Daily Monthly"")","20621","YHY","YHY","","","Natural Gas","FGTZ3 MOPhysGas","NGXC","IEPA","Physical Gas","YHY"
"=HYPERLINK(""https://www.ice.com/products/69138047"",""Florida Gas Zone 3 Physical Gas Daily Spot"")","20619","YHX","YHX","","","Natural Gas","FGTZ3 SPPhysGas","NGXC","IEPA","Physical Gas","YHX"
"=HYPERLINK(""https://www.ice.com/products/69138049"",""Florida Gas Zone 3 Physical Inside FERC"")","20622","YHZ","YHZ","","","Natural Gas","FGTZ3 MOPhysGas","NGXC","IEPA","Physical Gas","YHZ"
"=HYPERLINK(""https://www.ice.com/products/6590228"",""Florida Gas Zone 3 Swing Future"")","3039","FTS","FTS","A?","","Natural Gas","Southeast Swing","ICEU","IFED","Financial Gas","FTS"
"=HYPERLINK(""https://www.ice.com/products/59981707"",""Flutter Entertainment Plc"")","19268","PP4","PP4","","","Single Stock Options","LSE Master","ICEU","IFLO","Liffe Equity Derivatives - Non-US Based","PP4"
"=HYPERLINK(""https://www.ice.com/products/83049251"",""Flutter Entertainment Plc (LSE) Mini"")","31775","8PP","8PP","","","Mini Single Stocks","O-Min UK Equity","ICEU","IFLO","Mini Equity Non-US Based","8PP"
"=HYPERLINK(""https://www.ice.com/products/79341536"",""Four Year Mid-Curve Option on Three Month SONIA Index Future"")","25828","SY4","SO3","","","Short Term Interest Rates","O-Sonia 3Month","ICEU","IFLL","Liffe STIRs","SY4"
"=HYPERLINK(""https://www.ice.com/products/38527992"",""Four Year Mid-Curve Options on Euribor &reg; Futures"")","15285","K4","I","","","Short Term Interest Rates","O-STIR Euribor","ICEU","IFLL","Liffe Three Month Euro and EONIA","K4"
"=HYPERLINK(""https://www.ice.com/products/38716873"",""Frasers Group plc"")","9976","SI","SI","","","Single Stock Options","","ICEU","IFLO","Liffe Equity Derivatives - Non-US Based","SI"
"=HYPERLINK(""https://www.ice.com/products/83046634"",""Freight - LPG (BLPG2) FFA Houston to Flushing (Baltic) Future"")","29141","WHF","WHF","","","Wet Freight","Wet Freight","ICEU","IFEU","Wet Freight","WHF"
"=HYPERLINK(""https://www.ice.com/products/82725202"",""French PEG Natural Gas 1st Line Financial Futures (USD/MMBtu)"")","28402","PEJ","PEJ","","","Natural Gas","French PEG USD","ICEU","IFEU","IPE Natural Gas Futures","PEJ"
"=HYPERLINK(""https://www.ice.com/products/83045090"",""French PEG Natural Gas Daily Financial Futures (ICIS)"")","28929","DFV","DFV","","","Natural Gas","EU Gas Daily","ICEU","NDEX","European Gas Futures","DFV"
"=HYPERLINK(""https://www.ice.com/products/82426581"",""French PEG Natural Gas Daily Futures"")","26877","PEH","PEH","","","Natural Gas","EU Gas Daily","ICEU","NDEX","European Gas Futures","PEH"
"=HYPERLINK(""https://www.ice.com/products/82426582"",""French PEG Natural Gas Futures"")","23357","PEG","PEG","","","Natural Gas","French PEG","ICEU","NDEX","European Gas Futures","PEG"
"=HYPERLINK(""https://www.ice.com/products/67129842"",""French Power Financial Base 1x Cal Options"")","20420","FNR","FNR","A<","","Electricity","O-French Pwr Fin","ICEU","NDEX","EU Financial Power Futures","FNR"
"=HYPERLINK(""https://www.ice.com/products/67129841"",""French Power Financial Base 1x Qtr Options"")","20419","FNQ","FNQ","A)","","Electricity","O-French Pwr Fin","ICEU","NDEX","EU Financial Power Futures","FNQ"
"=HYPERLINK(""https://www.ice.com/products/57609938"",""French Power Financial Base Daily Futures"")","19041","DFB","DFB","AH","","Electricity","French Pwr Fin","ICEU","NDEX","EU Financial Power Futures","DFB"
"=HYPERLINK(""https://www.ice.com/products/57609947"",""French Power Financial Base Futures"")","19033","FNB","FNB","AI","","Electricity","French Pwr Fin","ICEU","NDEX","EU Financial Power Futures","FNB"
"=HYPERLINK(""https://www.ice.com/products/67174182"",""French Power Financial Base Options"")","20418","FNB","FNB","AI","","Electricity","O-French Pwr Fin","ICEU","NDEX","EU Financial Power Futures","FNB"
"=HYPERLINK(""https://www.ice.com/products/57609944"",""French Power Financial Peak Daily Futures"")","19051","DFA","DFA","AJ","","Electricity","French Pwr Fin","ICEU","NDEX","EU Financial Power Futures","DFA"
"=HYPERLINK(""https://www.ice.com/products/57609952"",""French Power Financial Peak Futures"")","19037","FNA","FNA","AK","","Electricity","French Pwr Fin","ICEU","NDEX","EU Financial Power Futures","FNA"
"=HYPERLINK(""https://www.ice.com/products/38716810"",""Fresnillo PLC"")","8027","FRN","FRN","","","Single Stock Options","","ICEU","IFLO","Liffe Equity Derivatives - Non-US Based","FRS"
"=HYPERLINK(""https://www.ice.com/products/6753493"",""Fuel Oil - 3.5% CIF MED Cargoes Futures"")","4082","CIM","CIM","ZT","1295","Crude Oil and Refined Products","Ref Outright mt","ICEU","IFEU","Oil","CIM"
"=HYPERLINK(""https://www.ice.com/products/6753480"",""Fuel Oil - 3.5% CIF Med Cargoes Balmo Future"")","21855","CIL","CIL","QL","","Crude Oil and Refined Products","Ref Outright mt","ICEU","IFEU","Oil","CIL"
"=HYPERLINK(""https://www.ice.com/products/6753494"",""Fuel Oil 1% CIF Med Cargoes Balmo Future"")","23234","CIG","CIG","9Y","","Crude Oil and Refined Products","Ref Outright mt","ICEU","IFEU","Oil","CIG"
"=HYPERLINK(""https://www.ice.com/products/6753492"",""Fuel Oil 1% CIF Med Cargoes Future"")","2077","CIF","CIF","4R","T038","Crude Oil and Refined Products","Ref Outright mt","ICEU","IFEU","Oil","CIF"
"=HYPERLINK(""https://www.ice.com/products/6753491"",""Fuel Oil 1% CIF NWE Cargoes Future"")","3151","CID","CID","RE","","Crude Oil and Refined Products","Ref Outright mt","ICEU","IFEU","Oil","CID"
"=HYPERLINK(""https://www.ice.com/products/83048112"",""Fuel Oil 1% FOB Med Cargo vs 1% FOB NWE Cargo Balmo Swap"")","30839","FOJ","FOJ","","","Crude Oil and Refined","Ref Diffs mt","Bilateral","ICES","Platts Oil","FOJ"
"=HYPERLINK(""https://www.ice.com/products/83048111"",""Fuel Oil 1% FOB Med Cargo vs 1% FOB NWE Cargo Swap"")","30838","FOG","FOG","(*","","Crude Oil and Refined","Ref Diffs mt","Bilateral","ICES","Platts Oil","FOG"
"=HYPERLINK(""https://www.ice.com/products/6753500"",""Fuel Oil 1% FOB Med Cargoes Balmo Future"")","21837","OPN","OPN","QI","","Crude Oil and Refined Products","Ref Outright mt","ICEU","IFEU","Oil","OPN"
"=HYPERLINK(""https://www.ice.com/products/6753540"",""Fuel Oil 1% FOB Med Cargoes Future"")","2467","OPM","OPM","QY","","Crude Oil and Refined Products","Ref Outright mt","ICEU","IFEU","Oil","OPM"
"=HYPERLINK(""https://www.ice.com/products/6753468"",""Fuel Oil 1% FOB NWE Cargoes Balmo Future"")","23232","CAS","CAS","9J","","Crude Oil and Refined Products","Ref Outright mt","ICEU","IFEU","Oil","CAS"
"=HYPERLINK(""https://www.ice.com/products/28687671"",""Fuel Oil 1% FOB NWE Cargoes Balmo Swap"")","2037","CAS","CAS","9J","","Crude Oil and Refined","Ref Outright mt","Bilateral","ICES","Platts Oil","CAS"
"=HYPERLINK(""https://www.ice.com/products/6753489"",""Fuel Oil 1% FOB NWE Cargoes Future"")","23","CAR","CAR","OZ","NM83","Crude Oil and Refined Products","Ref Outright mt","ICEU","IFEU","Oil","CAR"
"=HYPERLINK(""https://www.ice.com/products/28687665"",""Fuel Oil 1% FOB NWE Cargoes Swap"")","23","CAR","CAR","OZ","NM83","Crude Oil and Refined","Ref Outright mt","Bilateral","ICES","Oil","CAR"
"=HYPERLINK(""https://www.ice.com/products/28687666"",""Fuel Oil 1% FOB NWE Cargoes vs 3.5% FOB Rotterdam Barges Swap"")","26","FOS","FOS","OX","NM81","Crude Oil and Refined","Ref Diffs mt","Bilateral","ICES","Oil","FOS"
"=HYPERLINK(""https://www.ice.com/products/28687672"",""Fuel Oil 1% FOB NWE Cargoes vs Fuel Oil 3.5% FOB Rotterdam Barges Balmo Swap"")","2602","FOT","FOT","97","","Crude Oil and Refined","Ref Diffs mt","Bilateral","ICES","Platts Oil","FOT"
"=HYPERLINK(""https://www.ice.com/products/6753476"",""Fuel Oil 1% FOB Rotterdam Barges Balmo Future"")","23235","FOC","FOC","9P","","Crude Oil and Refined Products","Ref Outright mt","ICEU","IFEU","Oil","FOC"
"=HYPERLINK(""https://www.ice.com/products/6753512"",""Fuel Oil 1% FOB Rotterdam Barges Future"")","223","FOB","FOB","FO","QH73","Crude Oil and Refined Products","Ref Outright mt","ICEU","IFEU","Oil","FOB"
"=HYPERLINK(""https://www.ice.com/products/11530605"",""Fuel Oil 180 CST Singapore Average Price Options"")","4812","SZS","SZS","PE","NM86","Crude Oil and Refined Products","O-Ref Outright mt","ICEU","IFEU","Oil","SZS"
"=HYPERLINK(""https://www.ice.com/products/6753482"",""Fuel Oil 180 CST Singapore Balmo Future"")","23225","SZT","SZT","9U","","Crude Oil and Refined Products","Ref Outright mt","ICEU","IFEU","Oil","SZT"
"=HYPERLINK(""https://www.ice.com/products/28687673"",""Fuel Oil 180 CST Singapore Balmo Swap"")","1521","SZT","SZT","9U","","Crude Oil and Refined","Ref Outright mt","Bilateral","ICES","Platts Oil","SZT"
"=HYPERLINK(""https://www.ice.com/products/28687667"",""Fuel Oil 180 CST Singapore Swap"")","20","SZS","SZS","PE","NM86","Crude Oil and Refined","Ref Outright mt","Bilateral","ICES","Oil","SZS"
"=HYPERLINK(""https://www.ice.com/products/6753475"",""Fuel Oil 3.5% FOB Med Cargoes Balmo Future"")","23236","FON","FON","9O","","Crude Oil and Refined Products","Ref Outright mt","ICEU","IFEU","Oil","FON"
"=HYPERLINK(""https://www.ice.com/products/6753513"",""Fuel Oil 3.5% FOB Med Cargoes Future"")","222","FOM","FOM","5","T034","Crude Oil and Refined Products","Ref Outright mt","ICEU","IFEU","Oil","FOM"
"=HYPERLINK(""https://www.ice.com/products/28687674"",""Fuel Oil 3.5% FOB Med Cargoes vs 3.5% FOB Rotterdam Barges Balmo Swap"")","2604","NVT","NVT","94","","Crude Oil and Refined","Ref Diffs mt","Bilateral","ICES","Platts Oil","NVT"
"=HYPERLINK(""https://www.ice.com/products/28687668"",""Fuel Oil 3.5% FOB Med Cargoes vs 3.5% FOB Rotterdam Barges Swap"")","87","NVS","NVS","PB","NM85","Crude Oil and Refined","Ref Diffs mt","Bilateral","ICES","Oil","NVS"
"=HYPERLINK(""https://www.ice.com/products/11531609"",""Fuel Oil 3.5% FOB Rotterdam Barges Average Price Options"")","4813","BAR","BAR","PG","NM88","Crude Oil and Refined Products","O-Ref Outright mt","ICEU","IFEU","Oil","BAR"
"=HYPERLINK(""https://www.ice.com/products/6753488"",""Fuel Oil 3.5% FOB Rotterdam Barges Balmo Future"")","23231","BAS","BAS","9W","","Crude Oil and Refined Products","Ref Outright mt","ICEU","IFEU","Oil","BAS"
"=HYPERLINK(""https://www.ice.com/products/40618614"",""Fuel Oil 3.5% FOB Rotterdam Barges Balmo Swap"")","2036","BAS","BAS","9W","","Crude Oil and Refined","Ref Outright mt","Bilateral","ICES","Platts Oil","BAS"
"=HYPERLINK(""https://www.ice.com/products/28687669"",""Fuel Oil 3.5% FOB Rotterdam Barges Swap"")","22","BAR","BAR","PG","NM88","Crude Oil and Refined","Ref Outright mt","Bilateral","ICES","Oil","BAR"
"=HYPERLINK(""https://www.ice.com/products/27089663"",""Fuel Oil 380 CST Singapore (Platts) Average Price Options"")","5041","SYS","SYS","PF","NM87","Crude Oil and Refined Products","O-Ref Outright mt","ICEU","IFEU","Oil","SYS"
"=HYPERLINK(""https://www.ice.com/products/6753481"",""Fuel Oil 380 CST Singapore Balmo Future"")","23226","SYT","SYT","9T","","Crude Oil and Refined Products","Ref Outright mt","ICEU","IFEU","Oil","SYT"
"=HYPERLINK(""https://www.ice.com/products/28687670"",""Fuel Oil 380 CST Singapore Swap"")","365","SYS","SYS","PF","NM87","Crude Oil and Refined","Ref Outright mt","Bilateral","ICES","Oil","SYS"
"=HYPERLINK(""https://www.ice.com/products/6753289"",""Fuel Oil Crack - Fuel Oil 1% FOB NWE Cargoes vs Brent 1st Line Future"")","1483","FVB","FVB","FV","SF44","Crude Oil and Refined Products","Cracks mt","ICEU","IFEU","Oil","FVB"
"=HYPERLINK(""https://www.ice.com/products/6753288"",""Fuel Oil Crack - Fuel Oil 1% FOB NWE Cargoes vs Brent 1st Line Future (in Bbls)"")","4179","FVA","FVA","QM","","Crude Oil and Refined Products","Cracks bbl","ICEU","IFEU","Oil","FVA"
"=HYPERLINK(""https://www.ice.com/products/6753325"",""Fuel Oil Crack - Fuel Oil 180 CST Singapore vs Brent 1st Line Future"")","3077","SBS","SBS","MK","","Crude Oil and Refined Products","Cracks mt","ICEU","IFEU","Oil","SBS"
"=HYPERLINK(""https://www.ice.com/products/6753326"",""Fuel Oil Crack - Fuel Oil 180 CST Singapore vs Dubai 1st Line Future"")","24","SES","SES","ML","","Crude Oil and Refined Products","Cracks mt","ICEU","IFEU","Oil","SES"
"=HYPERLINK(""https://www.ice.com/products/62666451"",""Fuel Oil Crack - Fuel Oil 3.5% FOB Med Cargoes (Platts) vs Brent 1st Line Future (in Bbls)"")","19613","BOC","BOC","H3","","Crude Oil and Refined Products","Cracks bbl","ICEU","IFEU","Oil","BOC"
"=HYPERLINK(""https://www.ice.com/products/57269835"",""Fuel Oil Crack - Fuel Oil 3.5% FOB Rotterdam Barges (Platts) vs Brent 1st Line Average Price Options (bbl)"")","19154","BOA","BOA","QL","","Crude Oil and Refined Products","O-Cracks bbl","ICEU","IFEU","Oil","BOA"
"=HYPERLINK(""https://www.ice.com/products/32857612"",""Fuel Oil Crack - Fuel Oil 3.5% FOB Rotterdam Barges (Platts) vs Brent 1st Line Balmo Future (in Bbls)"")","23263","FOO","FOO","96","","Crude Oil and Refined Products","Cracks bbl","ICEU","IFEU","Oil","FOO"
"=HYPERLINK(""https://www.ice.com/products/65898864"",""Fuel Oil Crack - Fuel Oil 3.5% FOB Rotterdam Barges (Platts) vs Brent 1st Line Mini Future (in Bbls)"")","20098","FOY","FOY","J8","","Crude Oil and Refined Products","Cracks bbl","ICEU","IFEU","Oil","FOY"
"=HYPERLINK(""https://www.ice.com/products/81935186"",""Fuel Oil Crack - Fuel Oil 3.5% FOB Rotterdam Barges vs Brent 1st Line Balmo Mini Future (in MTs)"")","25052","FQZ","FQZ","","","Crude Oil and Refined Products","Cracks mt","ICEU","IFEU","Oil","FQZ"
"=HYPERLINK(""https://www.ice.com/products/6753283"",""Fuel Oil Crack - Fuel Oil 3.5% FOB Rotterdam Barges vs Brent 1st Line Future"")","516","BOB","BOB","PA","NM84","Crude Oil and Refined Products","Cracks mt","ICEU","IFEU","Oil","BOB"
"=HYPERLINK(""https://www.ice.com/products/6753282"",""Fuel Oil Crack - Fuel Oil 3.5% FOB Rotterdam Barges vs Brent 1st Line Future (in Bbls)"")","4178","BOA","BOA","QL","","Crude Oil and Refined Products","Cracks bbl","ICEU","IFEU","Oil","BOA"
"=HYPERLINK(""https://www.ice.com/products/81690696"",""Fuel Oil Crack - Fuel Oil 3.5% FOB Rotterdam Barges vs Brent 1st Line Mini Future (in MTs)"")","25051","FQY","FQY","","","Crude Oil and Refined Products","Cracks mt","ICEU","IFEU","Oil","FQY"
"=HYPERLINK(""https://www.ice.com/products/75452787"",""Fuel Oil Crack - Fuel Oil 380 CST Singapore (Platts) vs Murban Singapore Marker 1st Line Future"")","25889","MUT","MUT","AQ","","Crude Oil and Refined Products","Cracks mtAD","ICEU","IFAD","Oil Abu Dhabi","MUT"
"=HYPERLINK(""https://www.ice.com/products/6753328"",""Fuel Oil Crack - Fuel Oil 380 CST Singapore vs Brent 1st Line Future"")","3081","SPS","SPS","MN","","Crude Oil and Refined Products","Cracks mt","ICEU","IFEU","Oil","SPS"
"=HYPERLINK(""https://www.ice.com/products/6753327"",""Fuel Oil Crack - Fuel Oil 380 CST Singapore vs Dubai 1st Line Future"")","3078","SLS","SLS","MQ","","Crude Oil and Refined Products","Cracks mt","ICEU","IFEU","Oil","SLS"
"=HYPERLINK(""https://www.ice.com/products/83035221"",""Fuel Oil Crack - Marine Fuel 0.5% FOB Rotterdam Barges (Platts) vs Brent 1st Line Balmo Future (in MTs)"")","28880","MHE","MHE","","","Crude Oil and Refined Products","Cracks mt","ICEU","IFEU","Oil","MHE"
"=HYPERLINK(""https://www.ice.com/products/81987221"",""Fuel Oil Crack - Marine Fuel 0.5% FOB Rotterdam Barges (Platts) vs Brent 1st Line Future (in Bbls)"")","24271","MFR","MFR","","","Crude Oil and Refined Products","Cracks bbl","ICEU","IFEU","Oil","MFR"
"=HYPERLINK(""https://www.ice.com/products/82461661"",""Fuel Oil Crack - Marine Fuel 0.5% FOB Rotterdam Barges (Platts) vs Brent 1st Line Future (in MTs)"")","27558","TEO","TEO","","","Crude Oil and Refined Products","Cracks mt","ICEU","IFEU","Oil","TEO"
"=HYPERLINK(""https://www.ice.com/products/83035222"",""Fuel Oil Crack - Marine Fuel 0.5% FOB Singapore (Platts) vs Brent 1st Line Balmo Future (in MTs)"")","28881","MHF","MHF","","","Crude Oil and Refined Products","Cracks mt","ICEU","IFEU","Oil","MHF"
"=HYPERLINK(""https://www.ice.com/products/81987222"",""Fuel Oil Crack - Marine Fuel 0.5% FOB Singapore (Platts) vs Brent 1st Line Future (in Bbls)"")","24270","MFT","MFT","","","Crude Oil and Refined Products","Cracks bbl","ICEU","IFEU","Oil","MFT"
"=HYPERLINK(""https://www.ice.com/products/82461660"",""Fuel Oil Crack - Marine Fuel 0.5% FOB Singapore (Platts) vs Brent 1st Line Future (in MTs)"")","27557","TEN","TEN","","","Crude Oil and Refined Products","Cracks mt","ICEU","IFEU","Oil","TEN"
"=HYPERLINK(""https://www.ice.com/products/82471497"",""Fuel Oil Crack - Marine Fuel 0.5% FOB USGC Barges (Platts) vs Brent 1st Line Average Price Option"")","27623","FOQ","FOQ","NR","","Crude Oil and Refined Products","O-Am Cracks bbl","ICEU","IFED","Oil Americas","FOQ"
"=HYPERLINK(""https://www.ice.com/products/71544058"",""Fuel Oil Crack - Marine Fuel 0.5% FOB USGC Barges (Platts) vs Brent Crude 1st Line Futures"")","23420","FOQ","FOQ","NR","","Crude Oil and Refined Products","Am Cracks bbl","ICEU","IFED","Oil Americas","FOQ"
"=HYPERLINK(""https://www.ice.com/products/83045085"",""Fuel Oil Crack - Marine Fuel 0.5% USGC Barges (Platts) vs Brent Crude 1st Line Balmo Future"")","28902","MGG","MGG","","","Crude Oil and Refined Products","Am Cracks bbl","ICEU","IFED","Oil Americas","MGG"
"=HYPERLINK(""https://www.ice.com/products/83046797"",""Fuel Oil Crack - Middle East Fuel Oil 180 CST FOB Arab Gulf (Platts) vs Brent 1st Line Balmo Future (in MTs)"")","29805","MHT","MHT","","","Crude Oil and Refined Products","Cracks mt","ICEU","IFEU","Oil","MHT"
"=HYPERLINK(""https://www.ice.com/products/83035220"",""Fuel Oil Crack - Middle East Fuel Oil 180 CST FOB Arab Gulf (Platts) vs Brent 1st Line Future (in MTs)"")","28879","MHD","MHD","","","Crude Oil and Refined Products","Cracks mt","ICEU","IFEU","Oil","MHD"
"=HYPERLINK(""https://www.ice.com/products/83046796"",""Fuel Oil Crack - Middle East Fuel Oil 380 CST FOB Arab Gulf (Platts) vs Brent 1st Line Balmo Future (in MTs)"")","29804","MHS","MHS","","","Crude Oil and Refined Products","Cracks mt","ICEU","IFEU","Oil","MHS"
"=HYPERLINK(""https://www.ice.com/products/83035219"",""Fuel Oil Crack - Middle East Fuel Oil 380 CST FOB Arab Gulf (Platts) vs Brent 1st Line Future (in MTs)"")","28878","MHC","MHC","","","Crude Oil and Refined Products","Cracks mt","ICEU","IFEU","Oil","MHC"
"=HYPERLINK(""https://www.ice.com/products/6753287"",""Fuel Oil Crack - New York 1% Fuel Oil vs WTI 1st Line Future"")","2471","FOK","FOK","Q5","","Crude Oil and Refined Products","Am Cracks bbl","ICEU","IFED","Oil Americas","FOK"
"=HYPERLINK(""https://www.ice.com/products/55999120"",""Fuel Oil Crack - USGC HSFO (Platts) vs Brent 1st Line Balmo Future"")","23288","GCT","GCT","8G","","Crude Oil and Refined Products","Am Cracks bbl","ICEU","IFED","Oil Americas","GCT"
"=HYPERLINK(""https://www.ice.com/products/6753290"",""Fuel Oil Crack - USGC HSFO (Platts) vs Brent 1st Line Future"")","2925","GCS","GCS","K6","","Crude Oil and Refined Products","Am Cracks bbl","ICEU","IFED","Oil Americas","GCS"
"=HYPERLINK(""https://www.ice.com/products/6753298"",""Fuel Oil Crack - USGC HSFO (Platts) vs WTI 1st Line Future"")","166","GUF","GUF","Q3","","Crude Oil and Refined Products","Am Cracks bbl","ICEU","IFED","Oil Americas","GUF"
"=HYPERLINK(""https://www.ice.com/products/82461690"",""Fuel Oil Crack – Marine Fuel 0.5% FOB Rotterdam Barges (Platts) vs Brent 1st Line Average Price Option (in Bbls)"")","27629","MFR","MFR","","","Crude Oil and Refined Products","O-Cracks bbl","ICEU","IFEU","Oil","MFR"
"=HYPERLINK(""https://www.ice.com/products/82461693"",""Fuel Oil Crack – Marine Fuel 0.5% FOB Singapore (Platts) vs Brent 1st Line Average Price Option (in Bbls)"")","27630","MFT","MFT","","","Crude Oil and Refined Products","O-Cracks bbl","ICEU","IFEU","Oil","MFT"
"=HYPERLINK(""https://www.ice.com/products/6753304"",""Fuel Oil Crack- New York 1% Fuel Oil vs Brent 1st Line Future"")","2926","NFB","NFB","K7","","Crude Oil and Refined Products","Am Cracks bbl","ICEU","IFED","Oil Americas","NFB"
"=HYPERLINK(""https://www.ice.com/products/72486130"",""Fuel Oil DIff - Fuel Oil 3.5% CIF Med Cargoes (Platts) vs 3.5% FOB Med Cargoes (Platts) Balmo Future"")","23777","FQJ","FQJ","P3","","Crude Oil and Refined Products","Ref Diffs mt","ICEU","IFEU","Oil","FQJ"
"=HYPERLINK(""https://www.ice.com/products/6753358"",""Fuel Oil Diff - Fuel Oil 1% CIF Med Cargoes vs 1% FOB NWE Cargoes Future"")","3152","CIB","CIB","RH","","Crude Oil and Refined Products","Ref Diffs mt","ICEU","IFEU","Oil","CIB"
"=HYPERLINK(""https://www.ice.com/products/6753359"",""Fuel Oil Diff - Fuel Oil 1% CIF NWE Cargoes vs 1% FOB NWE Cargoes Future"")","3153","CIH","CIH","RI","","Crude Oil and Refined Products","Ref Diffs mt","ICEU","IFEU","Oil","CIH"
"=HYPERLINK(""https://www.ice.com/products/83047777"",""Fuel Oil Diff - Fuel Oil 1% FOB Med Cargoes (Platts) vs 1% FOB NWE Cargoes (Platts) Balmo Future"")","30397","FOJ","FOJ","","","Crude Oil and Refined Products","Ref Diffs mt","ICEU","IFEU","Oil","FOJ"
"=HYPERLINK(""https://www.ice.com/products/37042687"",""Fuel Oil Diff - Fuel Oil 1% FOB Med Cargoes (Platts) vs 1% FOB NWE Cargoes (Platts) Future"")","15553","FOG","FOG","(*","","Crude Oil and Refined Products","Ref Diffs mt","ICEU","IFEU","Oil","FOG"
"=HYPERLINK(""https://www.ice.com/products/81935185"",""Fuel Oil Diff - Fuel Oil 1% FOB NWE Cargoes (Platts) vs Fuel Oil 3.5% FOB Rotterdam Barges (Platts) Mini Future"")","25050","FQX","FQX","","","Crude Oil and Refined Products","Ref Diffs mt","ICEU","IFEU","Oil","FQX"
"=HYPERLINK(""https://www.ice.com/products/6753378"",""Fuel Oil Diff - Fuel Oil 1% FOB NWE Cargoes vs 3.5% FOB Rotterdam Barges Balmo Future"")","23242","FOT","FOT","97","","Crude Oil and Refined Products","Ref Diffs mt","ICEU","IFEU","Oil","FOT"
"=HYPERLINK(""https://www.ice.com/products/6753383"",""Fuel Oil Diff - Fuel Oil 1% FOB NWE Cargoes vs 3.5% FOB Rotterdam Barges Future"")","26","FOS","FOS","OX","NM81","Crude Oil and Refined Products","Ref Diffs mt","ICEU","IFEU","Oil","FOS"
"=HYPERLINK(""https://www.ice.com/products/6753367"",""Fuel Oil Diff - Fuel Oil 1% FOB Rotterdam Barges vs 1% FOB NWE Cargoes Balmo Future"")","23243","FBD","FBD","92","","Crude Oil and Refined Products","Ref Diffs mt","ICEU","IFEU","Oil","FBD"
"=HYPERLINK(""https://www.ice.com/products/6753376"",""Fuel Oil Diff - Fuel Oil 1% FOB Rotterdam Barges vs 1% FOB NWE Cargoes Future"")","200","FBC","FBC","FB","QH72","Crude Oil and Refined Products","Ref Diffs mt","ICEU","IFEU","Oil","FBC"
"=HYPERLINK(""https://www.ice.com/products/1015"",""Fuel Oil Diff - Fuel Oil 180 CST Singapore  vs. 3.5% FOB Rotterdam Barges Swap"")","88","SFS","SFS","OW","NM80","Crude Oil and Refined","Ref Diffs mt","Bilateral","ICES","Oil","SFS"
"=HYPERLINK(""https://www.ice.com/products/82461687"",""Fuel Oil Diff - Fuel Oil 180 CST Singapore (Platts) vs 380 CST Singapore (Platts) Mini Future"")","27569","TEZ","TEZ","","","Crude Oil and Refined Products","Ref Diffs mt","ICEU","IFEU","Oil","TEZ"
"=HYPERLINK(""https://www.ice.com/products/6753332"",""Fuel Oil Diff - Fuel Oil 180 CST Singapore vs 3.5% FOB Rotterdam Barges Balmo Future"")","23229","SFT","SFT","9K","","Crude Oil and Refined Products","Ref Diffs mt","ICEU","IFEU","Oil","SFT"
"=HYPERLINK(""https://www.ice.com/products/6753422"",""Fuel Oil Diff - Fuel Oil 180 CST Singapore vs 3.5% FOB Rotterdam Barges Future"")","88","SFS","SFS","OW","NM80","Crude Oil and Refined Products","Ref Diffs mt","ICEU","IFEU","Oil","SFS"
"=HYPERLINK(""https://www.ice.com/products/6753334"",""Fuel Oil Diff - Fuel Oil 180 CST Singapore vs 380 CST Singapore Balmo Future"")","23233","STT","STT","9M","","Crude Oil and Refined Products","Ref Diffs mt","ICEU","IFEU","Oil","STT"
"=HYPERLINK(""https://www.ice.com/products/6753427"",""Fuel Oil Diff - Fuel Oil 180 CST Singapore vs 380 CST Singapore Future"")","266","STS","STS","ST","QH63","Crude Oil and Refined Products","Ref Diffs mt","ICEU","IFEU","Oil","STS"
"=HYPERLINK(""https://www.ice.com/products/55968345"",""Fuel Oil Diff - Fuel Oil 3.5% CIF Med Cargoes (Platts) vs Fuel Oil 3.5% FOB MED Cargoes (Platts) Future"")","18611","AIN","AIN","C:","","Crude Oil and Refined Products","Ref Diffs mt","ICEU","IFEU","Oil","AIN"
"=HYPERLINK(""https://www.ice.com/products/81935184"",""Fuel Oil Diff - Fuel Oil 3.5% CIF Med Cargoes (Platts) vs Fuel Oil 3.5% FOB Med Cargoes (Platts) Mini Future"")","25049","FQV","FQV","","","Crude Oil and Refined Products","Ref Diffs mt","ICEU","IFEU","Oil","FQV"
"=HYPERLINK(""https://www.ice.com/products/61989087"",""Fuel Oil Diff - Fuel Oil 3.5% FOB Med Cargoes (Platts) vs Fuel Oil 3.5% FOB Rotterdam Barges (Platts) Balmo Mini Future"")","21836","NVU","NVU","QZ","","Crude Oil and Refined Products","Ref Diffs mt","ICEU","IFEU","Oil","NVU"
"=HYPERLINK(""https://www.ice.com/products/81935183"",""Fuel Oil Diff - Fuel Oil 3.5% FOB Med Cargoes (Platts) vs Fuel Oil 3.5% FOB Rotterdam Barges (Platts) Mini Future"")","25750","FDJ","FDJ","","","Crude Oil and Refined Products","Ref Diffs mt","ICEU","IFEU","Oil","FDJ"
"=HYPERLINK(""https://www.ice.com/products/6753369"",""Fuel Oil Diff - Fuel Oil 3.5% FOB Med Cargoes vs 3.5% FOB Rotterdam Barges Balmo Future"")","23244","NVT","NVT","94","","Crude Oil and Refined Products","Ref Diffs mt","ICEU","IFEU","Oil","NVT"
"=HYPERLINK(""https://www.ice.com/products/6753410"",""Fuel Oil Diff - Fuel Oil 3.5% FOB Med Cargoes vs 3.5% FOB Rotterdam Barges Future"")","87","NVS","NVS","PB","NM85","Crude Oil and Refined Products","Ref Diffs mt","ICEU","IFEU","Oil","NVS"
"=HYPERLINK(""https://www.ice.com/products/82461686"",""Fuel Oil Diff - Fuel Oil 380 CST Singapore (Platts) vs 3.5% FOB Rotterdam Barges (Platts) Mini Future"")","27568","TEY","TEY","","","Crude Oil and Refined Products","Ref Diffs mt","ICEU","IFEU","Oil","TEY"
"=HYPERLINK(""https://www.ice.com/products/65898857"",""Fuel Oil Diff - Fuel Oil 380 CST Singapore (Platts) vs USGC HSFO (Platts) Future (in Bbls)"")","20092","GOK","GOK","J6","","Crude Oil and Refined Products","Am Ref Diff bbl","ICEU","IFED","Oil Americas","GOK"
"=HYPERLINK(""https://www.ice.com/products/6753423"",""Fuel Oil Diff - Fuel Oil 380 CST Singapore vs 3.5% FOB Rotterdam Barges Future"")","3079","SJS","SJS","MM","","Crude Oil and Refined Products","Ref Diffs mt","ICEU","IFEU","Oil","SJS"
"=HYPERLINK(""https://www.ice.com/products/2897158"",""Fuel Oil Diff - Fuel Oil 380 CST Singapore vs. 3.5% FOB Rotterdam Barges Swap"")","3079","SJS","SJS","MM","","Crude Oil and Refined","Ref Diffs mt","Bilateral","ICES","Oil","SJS"
"=HYPERLINK(""https://www.ice.com/products/6753333"",""Fuel Oil Diff - Fuel Oil 380 cst Singapore vs 3.5% FOB Rotterdam Barges Balmo Future"")","23249","SKS","SKS","9L","","Crude Oil and Refined Products","Ref Diffs mt","ICEU","IFEU","Oil","SKS"
"=HYPERLINK(""https://www.ice.com/products/83049694"",""Fuel Oil Diff - Marine Fuel 0.1% FOB Rotterdam Barges (Platts) vs Marine Fuel 0.5% FOB Rotterdam Barges (Platts) Future"")","32369","MMR","MMR","","","Crude Oil and Refined Products","Ref Diffs mt","ICEU","IFEU","Oil","MMR"
"=HYPERLINK(""https://www.ice.com/products/82270940"",""Fuel Oil Diff - Marine Fuel 0.5% Delivered US Atlantic Coast Barges (Platts) vs Marine Fuel 0.5% FOB USGC Barges (Platts) Future (in Bbls)"")","27070","MGK","MGK","","","Crude Oil and Refined Products","Am Ref Diff bbl","ICEU","IFED","Oil Americas","MGK"
"=HYPERLINK(""https://www.ice.com/products/82270939"",""Fuel Oil Diff - Marine Fuel 0.5% Delivered US Atlantic Coast Barges (Platts) vs Marine Fuel 0.5% FOB USGC Barges (Platts) Future (in MTs)"")","27069","MGJ","MGJ","","","Crude Oil and Refined Products","Am Ref Diff mt","ICEU","IFED","Oil Americas","MGJ"
"=HYPERLINK(""https://www.ice.com/products/83035217"",""Fuel Oil Diff - Marine Fuel 0.5% FOB Med Cargoes (Platts) vs Marine Fuel 0.5% FOB Rotterdam Barges (Platts) Balmo Future"")","28876","MHA","MHA","","","Crude Oil and Refined Products","Ref Diffs mt","ICEU","IFEU","Oil","MHA"
"=HYPERLINK(""https://www.ice.com/products/81935178"",""Fuel Oil Diff - Marine Fuel 0.5% FOB Med Cargoes (Platts) vs Marine Fuel 0.5% FOB Rotterdam Barges (Platts) Future"")","25053","MDK","MDK","","","Crude Oil and Refined Products","Ref Diffs mt","ICEU","IFEU","Oil","MDK"
"=HYPERLINK(""https://www.ice.com/products/81935179"",""Fuel Oil Diff - Marine Fuel 0.5% FOB Med Cargoes (Platts) vs Marine Fuel 0.5% FOB Rotterdam Barges (Platts) Mini Future"")","25054","MDL","MDL","","","Crude Oil and Refined Products","Ref Diffs mt","ICEU","IFEU","Oil","MDL"
"=HYPERLINK(""https://www.ice.com/products/72509889"",""Fuel Oil Diff - Marine Fuel 0.5% FOB Rotterdam Barges (Platts) vs 3.5% FOB Rotterdam Barges (Platts) Average Price Options"")","23812","MF5","MF5","Q#","","Crude Oil and Refined Products","O-Ref Diffs mt","ICEU","IFEU","Oil","MF5"
"=HYPERLINK(""https://www.ice.com/products/79234902"",""Fuel Oil Diff - Marine Fuel 0.5% FOB Rotterdam Barges (Platts) vs 3.5% FOB Rotterdam Barges (Platts) Balmo Future"")","24276","FNV","FNV","P=","","Crude Oil and Refined Products","Ref Diffs mt","ICEU","IFEU","Oil","FNV"
"=HYPERLINK(""https://www.ice.com/products/71085672"",""Fuel Oil Diff - Marine Fuel 0.5% FOB Rotterdam Barges (Platts) vs 3.5% FOB Rotterdam Barges (Platts) Future"")","22312","MF5","MF5","Q#","","Crude Oil and Refined Products","Ref Diffs mt","ICEU","IFEU","Oil","MF5"
"=HYPERLINK(""https://www.ice.com/products/72270602"",""Fuel Oil Diff - Marine Fuel 0.5% FOB Rotterdam Barges (Platts) vs Fuel Oil 1% FOB NWE Cargoes (Platts) Future"")","23605","MFS","MFS","NM","","Crude Oil and Refined Products","Ref Diffs mt","ICEU","IFEU","Oil","MFS"
"=HYPERLINK(""https://www.ice.com/products/79234905"",""Fuel Oil Diff - Marine Fuel 0.5% FOB Rotterdam Barges (Platts) vs Fuel Oil 3.5% FOB Rotterdam Barges (Platts) Mini Future"")","25048","MDH","MDH","","","Crude Oil and Refined Products","Ref Diffs mt","ICEU","IFEU","Oil","MDH"
"=HYPERLINK(""https://www.ice.com/products/79234923"",""Fuel Oil Diff - Marine Fuel 0.5% FOB Rotterdam Barges (Platts) vs Low Sulphur Gasoil 1st Line Balmo Future"")","25744","FDI","FDI","","","Crude Oil and Refined Products","Ref Diffs mt","ICEU","IFEU","Oil","FDI"
"=HYPERLINK(""https://www.ice.com/products/79234922"",""Fuel Oil Diff - Marine Fuel 0.5% FOB Rotterdam Barges (Platts) vs Low Sulphur Gasoil 1st Line Future"")","25743","FDH","FDH","","","Crude Oil and Refined Products","Ref Diffs mt","ICEU","IFEU","Oil","FDH"
"=HYPERLINK(""https://www.ice.com/products/72509890"",""Fuel Oil Diff - Marine Fuel 0.5% FOB Singapore (Platts) vs 380 CST Singapore (Platts) Average Price Options"")","23813","MF6","MF6","Q@","","Crude Oil and Refined Products","O-Ref Diffs mt","ICEU","IFEU","Oil","MF6"
"=HYPERLINK(""https://www.ice.com/products/79234903"",""Fuel Oil Diff - Marine Fuel 0.5% FOB Singapore (Platts) vs 380 CST Singapore (Platts) Balmo Future"")","24277","FNW","FNW","Q9","","Crude Oil and Refined Products","Ref Diffs mt","ICEU","IFEU","Oil","FNW"
"=HYPERLINK(""https://www.ice.com/products/71085673"",""Fuel Oil Diff - Marine Fuel 0.5% FOB Singapore (Platts) vs 380 CST Singapore (Platts) Future"")","22313","MF6","MF6","Q@","","Crude Oil and Refined Products","Ref Diffs mt","ICEU","IFEU","Oil","MF6"
"=HYPERLINK(""https://www.ice.com/products/79234904"",""Fuel Oil Diff - Marine Fuel 0.5% FOB Singapore (Platts) vs Fuel Oil 380 CST Singapore (Platts) Mini Future"")","25047","MDG","MDG","","","Crude Oil and Refined Products","Ref Diffs mt","ICEU","IFEU","Oil","MDG"
"=HYPERLINK(""https://www.ice.com/products/71544094"",""Fuel Oil Diff - Marine Fuel 0.5% FOB Singapore (Platts) vs Marine Fuel 0.5% FOB Rotterdam Barges (Platts) Futures"")","23414","MF7","MF7","K@","","Crude Oil and Refined Products","Ref Diffs mt","ICEU","IFEU","Oil","MF7"
"=HYPERLINK(""https://www.ice.com/products/79234921"",""Fuel Oil Diff - Marine Fuel 0.5% FOB Singapore (Platts) vs Singapore Gasoil (Platts) Balmo Future (in MTs)"")","25742","FDG","FDG","","","Crude Oil and Refined Products","Ref Diffs mt","ICEU","IFEU","Oil","FDG"
"=HYPERLINK(""https://www.ice.com/products/79234920"",""Fuel Oil Diff - Marine Fuel 0.5% FOB Singapore (Platts) vs Singapore Gasoil (Platts) Future (in MTs)"")","25741","FDF","FDF","","","Crude Oil and Refined Products","Ref Diffs mt","ICEU","IFEU","Oil","FDF"
"=HYPERLINK(""https://www.ice.com/products/82270942"",""Fuel Oil Diff - Marine Fuel 0.5% FOB USGC (Platts) vs Low Sulphur Gasoil 1st Line Balmo Future"")","27072","MGM","MGM","","","Crude Oil and Refined Products","Am Ref Diff mt","ICEU","IFED","Oil Americas","MGM"
"=HYPERLINK(""https://www.ice.com/products/82270941"",""Fuel Oil Diff - Marine Fuel 0.5% FOB USGC (Platts) vs Low Sulphur Gasoil 1st Line Future"")","27071","MGL","MGL","","","Crude Oil and Refined Products","Am Ref Diff mt","ICEU","IFED","Oil Americas","MGL"
"=HYPERLINK(""https://www.ice.com/products/79229921"",""Fuel Oil Diff - Marine Fuel 0.5% FOB USGC Barges (Platts) vs Marine Fuel 0.5% FOB Rotterdam Barges (Platts) Future (in Bbls)"")","25066","JFO","JFO","","","Crude Oil and Refined Products","Am Ref Diff bbl","ICEU","IFED","Oil Americas","JFO"
"=HYPERLINK(""https://www.ice.com/products/81935236"",""Fuel Oil Diff - Marine Fuel 0.5% FOB USGC Barges (Platts) vs USGC HSFO (Platts) Balmo Future (in MTs)"")","25065","JFN","JFN","","","Crude Oil and Refined Products","Am Ref Diff mt","ICEU","IFED","Oil Americas","JFN"
"=HYPERLINK(""https://www.ice.com/products/71085677"",""Fuel Oil Diff - Marine Fuel 0.5% FOB USGC Barges (Platts) vs USGC HSFO (Platts) Future"")","22316","MF2","MF2","L\","","Crude Oil and Refined Products","Am Ref Diff bbl","ICEU","IFED","Oil Americas","MF2"
"=HYPERLINK(""https://www.ice.com/products/81935235"",""Fuel Oil Diff - Marine Fuel 0.5% FOB USGC Barges (Platts) vs USGC HSFO (Platts) Future (in MTs)"")","25064","JFM","JFM","","","Crude Oil and Refined Products","Am Ref Diff mt","ICEU","IFED","Oil Americas","JFM"
"=HYPERLINK(""https://www.ice.com/products/72486152"",""Fuel Oil Diff - Marine Fuel 0.5% FOB USGC Barges (Platts) vs. Marine Fuel 0.5% FOB Rotterdam Barges (Platts) Balmo Future (in MTs)"")","23787","MFO","MFO","PU","","Crude Oil and Refined Products","Am Ref Diff mt","ICEU","IFED","Oil Americas","MFO"
"=HYPERLINK(""https://www.ice.com/products/72486156"",""Fuel Oil Diff - Marine Fuel 0.5% FOB USGC Barges (Platts) vs. Marine Fuel 0.5% FOB Rotterdam Barges (Platts) Future (in MTs)"")","23790","MGB","MGB","PT","","Crude Oil and Refined Products","Am Ref Diff mt","ICEU","IFED","Oil Americas","MGB"
"=HYPERLINK(""https://www.ice.com/products/83045086"",""Fuel Oil Diff - Marine Fuel 0.5% USGC Barges (Platts) vs Marine Fuel 0.5% FOB Rotterdam Barges (Platts) Balmo Future (in Bbls)"")","28903","MGH","MGH","","","Crude Oil and Refined Products","Am Cracks bbl","ICEU","IFED","Oil Americas","MGH"
"=HYPERLINK(""https://www.ice.com/products/59293844"",""Fuel Oil Diff - Middle East Fuel Oil 180 CST FOB Arab Gulf (Platts) vs Fuel Oil 180 CST Singapore (Platts) Future"")","19245","MEB","MEB","A=","","Crude Oil and Refined Products","Ref Diffs mt","ICEU","IFEU","Oil","MEB"
"=HYPERLINK(""https://www.ice.com/products/83046795"",""Fuel Oil Diff - Middle East Fuel Oil 380 CST FOB Arab Gulf (Platts) vs Fuel Oil 380 CST Singapore (Platts) Balmo Future"")","29803","MHR","MHR","","","Crude Oil and Refined Products","Ref Diffs mt","ICEU","IFEU","Oil","MHR"
"=HYPERLINK(""https://www.ice.com/products/83035218"",""Fuel Oil Diff - Middle East Fuel Oil 380 CST FOB Arab Gulf (Platts) vs Fuel Oil 380 CST Singapore (Platts) Future"")","28877","MHB","MHB","","","Crude Oil and Refined Products","Ref Diffs mt","ICEU","IFEU","Oil","MHB"
"=HYPERLINK(""https://www.ice.com/products/6753386"",""Fuel Oil Diff - New York 1% Fuel Oil (Platts) vs USGC HSFO (Platts) Balmo Future"")","23279","FOE","FOE","8C","","Crude Oil and Refined Products","Am Ref Diff bbl","ICEU","IFED","Oil Americas","FOE"
"=HYPERLINK(""https://www.ice.com/products/6753380"",""Fuel Oil Diff - New York 1% Fuel Oil (Platts) vs USGC HSFO (Platts) Future"")","2458","FOD","FOD","Q7","","Crude Oil and Refined Products","Am Ref Diff bbl","ICEU","IFED","Oil Americas","FOD"
"=HYPERLINK(""https://www.ice.com/products/6753381"",""Fuel Oil Diff - New York 1% Fuel Oil vs 1% FOB NWE Cargoes Fuel Oil Future"")","2079","FOH","FOH","5N","T039","Crude Oil and Refined Products","Am Ref Diff bbl","ICEU","IFED","Oil Americas","FOH"
"=HYPERLINK(""https://www.ice.com/products/57250488"",""Fuel Oil Diff - USAC HSFO (Platts) vs USGC HSFO (Platts) Future"")","19086","14W","14W","@H","","Crude Oil and Refined Products","Am Ref Diff bbl","ICEU","IFED","Oil Americas","14W"
"=HYPERLINK(""https://www.ice.com/products/6753387"",""Fuel Oil Diff - USGC HSFO (Platts) vs Fuel Oil 3.5% FOB Rotterdam Barges (Platts) Balmo Future (In bbls)"")","23277","GOD","GOD","8J","","Crude Oil and Refined Products","Am Ref Diff bbl","ICEU","IFED","Oil Americas","GOD"
"=HYPERLINK(""https://www.ice.com/products/6753390"",""Fuel Oil Diff - USGC HSFO (Platts) vs Fuel Oil 3.5% FOB Rotterdam Barges (Platts) Future (in bbls)"")","1891","GOE","GOE","BH","SN23","Crude Oil and Refined Products","Am Ref Diff bbl","ICEU","IFED","Oil Americas","GOE"
"=HYPERLINK(""https://www.ice.com/products/6753554"",""Fuel Oil Mini 180 CST Singapore Future (100MT)"")","3973","SZZ","SZZ","X=","","Crude Oil and Refined Products","Ref Outright mt","ICEU","IFEU","Oil","SZZ"
"=HYPERLINK(""https://www.ice.com/products/6753478"",""Fuel Oil Mini 3.5% FOB Rotterdam Barges Future (100MT)"")","4173","BAM","BAM","QG","","Crude Oil and Refined Products","Ref Outright mt","ICEU","IFEU","Oil","BAM"
"=HYPERLINK(""https://www.ice.com/products/6753552"",""Fuel Oil Mini 380 CST Singapore Future (100MT)"")","3974","SYY","SYY","Y<","","Crude Oil and Refined Products","Ref Outright mt","ICEU","IFEU","Oil","SYY"
"=HYPERLINK(""https://www.ice.com/products/83047322"",""Fuel Oil Outright - Argus US Atlantic Coast Asphalt Future"")","30040","NEA","NEA","","","Crude Oil and Refined Products","Am Ref bbl","ICEU","IFED","Oil Americas","NEA"
"=HYPERLINK(""https://www.ice.com/products/83047772"",""Fuel Oil Outright - Argus US Atlantic Coast New York Asphalt"")","30422","NYA","NYA","","","Crude Oil and Refined Products","Am Ref bbl","ICEU","IFED","Oil Americas","NYA"
"=HYPERLINK(""https://www.ice.com/products/83047321"",""Fuel Oil Outright - Argus US Gulf Coast Asphalt Future"")","30039","BIT","BIT","","","Crude Oil and Refined Products","Am Ref bbl","ICEU","IFED","Oil Americas","BIT"
"=HYPERLINK(""https://www.ice.com/products/83047324"",""Fuel Oil Outright - Argus US Midcontinent Asphalt Future"")","30041","MWR","MWR","","","Crude Oil and Refined Products","Am Ref bbl","ICEU","IFED","Oil Americas","MWR"
"=HYPERLINK(""https://www.ice.com/products/55999111"",""Fuel Oil Outright - Daily Fuel Oil 3.5% FOB Rotterdam Barges (Platts) Mini Future"")","18607","DFR","DFR","C?","","Crude Oil and Refined Products","Ref Outright mt","ICEU","IFEU","Oil","DFR"
"=HYPERLINK(""https://www.ice.com/products/61989086"",""Fuel Oil Outright - Fuel Oil 1% CIF Med Cargoes (Platts) Mini Future"")","19471","CIE","CIE","E0","","Crude Oil and Refined Products","Ref Outright mt","ICEU","IFEU","Oil","CIE"
"=HYPERLINK(""https://www.ice.com/products/72270595"",""Fuel Oil Outright - Fuel Oil 1% CIF NWE Cargoes (Platts) Balmo Future"")","23608","FOF","FOF","KW","","Crude Oil and Refined Products","Ref Outright mt","ICEU","IFEU","Oil","FOF"
"=HYPERLINK(""https://www.ice.com/products/32857607"",""Fuel Oil Outright - Fuel Oil 1% CIF NWE Cargoes (Platts) Mini Future"")","15813","FFI","FFI","\9","","Crude Oil and Refined Products","Ref Outright mt","ICEU","IFEU","Oil","FFI"
"=HYPERLINK(""https://www.ice.com/products/59293837"",""Fuel Oil Outright - Fuel Oil 1% FOB Med Cargoes (Platts) Balmo Mini Future"")","21827","GCU","GCU","QJ","","Crude Oil and Refined Products","Ref Outright mt","ICEU","IFEU","Oil","GCU"
"=HYPERLINK(""https://www.ice.com/products/32857603"",""Fuel Oil Outright - Fuel Oil 1% FOB Med Cargoes (Platts) Mini Future"")","15809","FFF","FFF","\0","","Crude Oil and Refined Products","Ref Outright mt","ICEU","IFEU","Oil","FFF"
"=HYPERLINK(""https://www.ice.com/products/42950216"",""Fuel Oil Outright - Fuel Oil 1% FOB NWE Cargoes (Platts) Average Price Options"")","16029","CAR","CAR","OZ","NM83","Crude Oil and Refined Products","O-Ref Outright mt","ICEU","IFEU","Oil","CAR"
"=HYPERLINK(""https://www.ice.com/products/72486131"",""Fuel Oil Outright - Fuel Oil 1% FOB NWE Cargoes (Platts) Mini Balmo Future"")","23778","FQK","FQK","PZ","","Crude Oil and Refined Products","Ref Outright mt","ICEU","IFEU","Oil","FQK"
"=HYPERLINK(""https://www.ice.com/products/28657625"",""Fuel Oil Outright - Fuel Oil 1% FOB NWE Cargoes (Platts) Mini Future"")","5262","CAT","CAT","T)","","Crude Oil and Refined Products","Ref Outright mt","ICEU","IFEU","Oil","CAT"
"=HYPERLINK(""https://www.ice.com/products/53168974"",""Fuel Oil Outright - Fuel Oil 1% FOB Rotterdam Barges (Platts) Mini Future"")","18403","FOV","FOV","7A","","Crude Oil and Refined Products","Ref Outright mt","ICEU","IFEU","Oil","FOV"
"=HYPERLINK(""https://www.ice.com/products/61989092"",""Fuel Oil Outright - Fuel Oil 180 CST Singapore (Platts) Balmo Mini Future"")","21840","SMK","SMK","QK","","Crude Oil and Refined Products","Ref Outright mt","ICEU","IFEU","Oil","SMK"
"=HYPERLINK(""https://www.ice.com/products/72270594"",""Fuel Oil Outright - Fuel Oil 3.5% CIF Med Cargoes (Platts) Mini Future"")","23602","FOA","FOA","NJ","","Crude Oil and Refined Products","Ref Outright mt","ICEU","IFEU","Oil","FOA"
"=HYPERLINK(""https://www.ice.com/products/57250487"",""Fuel Oil Outright - Fuel Oil 3.5% FOB Med Cargoes (Platts) Balmo Mini Future"")","23268","14V","14V","9E","","Crude Oil and Refined Products","Ref Outright mt","ICEU","IFEU","Oil","14V"
"=HYPERLINK(""https://www.ice.com/products/32857604"",""Fuel Oil Outright - Fuel Oil 3.5% FOB Med Cargoes (Platts) Mini Future"")","15810","FFG","FFG","\<","","Crude Oil and Refined Products","Ref Outright mt","ICEU","IFEU","Oil","FFG"
"=HYPERLINK(""https://www.ice.com/products/64286928"",""Fuel Oil Outright - Fuel Oil 3.5% FOB Rotterdam Barges (Platts) Balmo Mini Future"")","19866","BAL","BAL","I*","","Crude Oil and Refined Products","Ref Outright mt","ICEU","IFEU","Oil","BAL"
"=HYPERLINK(""https://www.ice.com/products/82280462"",""Fuel Oil Outright - Fuel Oil 3.5% FOB Rotterdam Barges (Platts) Micro Future (10 MT)"")","27063","GNW","GNW","","","Crude Oil and Refined Products","Ref Outright mt","ICEU","IFEU","Oil","GNW"
"=HYPERLINK(""https://www.ice.com/products/61989093"",""Fuel Oil Outright - Fuel Oil 380 CST Singapore (Platts) Balmo Mini Future"")","21841","SML","SML","QM","","Crude Oil and Refined Products","Ref Outright mt","ICEU","IFEU","Oil","SML"
"=HYPERLINK(""https://www.ice.com/products/82280463"",""Fuel Oil Outright - Fuel Oil 380 CST Singapore (Platts) Micro Future (10 MT)"")","27064","GNX","GNX","","","Crude Oil and Refined Products","Ref Outright mt","ICEU","IFEU","Oil","GNX"
"=HYPERLINK(""https://www.ice.com/products/83049695"",""Fuel Oil Outright - Marine Fuel 0.1% FOB Rotterdam Barges (Platts) Balmo Future"")","32371","MMB","MMB","","","Crude Oil and Refined Products","Ref Outright mt","ICEU","IFEU","Oil","MMB"
"=HYPERLINK(""https://www.ice.com/products/83049693"",""Fuel Oil Outright - Marine Fuel 0.1% FOB Rotterdam Barges (Platts) Future"")","32367","MME","MME","","","Crude Oil and Refined Products","Ref Outright mt","ICEU","IFEU","Oil","MME"
"=HYPERLINK(""https://www.ice.com/products/81935191"",""Fuel Oil Outright - Marine Fuel 0.5% CIF Med Cargoes (Platts) Balmo Future"")","25757","MGZ","MGZ","","","Crude Oil and Refined Products","Ref Outright mt","ICEU","IFEU","Oil","MGZ"
"=HYPERLINK(""https://www.ice.com/products/81935189"",""Fuel Oil Outright - Marine Fuel 0.5% CIF Med Cargoes (Platts) Future"")","25755","MGX","MGX","","","Crude Oil and Refined Products","Ref Outright mt","ICEU","IFEU","Oil","MGX"
"=HYPERLINK(""https://www.ice.com/products/81935190"",""Fuel Oil Outright - Marine Fuel 0.5% CIF Med Cargoes (Platts) Mini Future"")","25756","MGY","MGY","","","Crude Oil and Refined Products","Ref Outright mt","ICEU","IFEU","Oil","MGY"
"=HYPERLINK(""https://www.ice.com/products/73051341"",""Fuel Oil Outright - Marine Fuel 0.5% Delivered US Atlantic Coast Barge (Platts) Future (in Bbls)"")","24302","JDB","JDB","RE","","Crude Oil and Refined Products","Am Ref bbl","ICEU","IFED","Oil Americas","JDB"
"=HYPERLINK(""https://www.ice.com/products/72486150"",""Fuel Oil Outright - Marine Fuel 0.5% Delivered US Atlantic Coast Barges (Platts) Balmo Future (in MTs)"")","23785","MFK","MFK","PS","","Crude Oil and Refined Products","Am Ref mt","ICEU","IFED","Oil Americas","MFK"
"=HYPERLINK(""https://www.ice.com/products/72486148"",""Fuel Oil Outright - Marine Fuel 0.5% Delivered US Atlantic Coast Barges (Platts) Future (in MTs)"")","23784","MFJ","MFJ","PQ","","Crude Oil and Refined Products","Am Ref mt","ICEU","IFED","Oil Americas","MFJ"
"=HYPERLINK(""https://www.ice.com/products/79234900"",""Fuel Oil Outright - Marine Fuel 0.5% FOB Med Cargoes (Platts) Balmo Future"")","24274","FNT","FNT","P0","","Crude Oil and Refined Products","Ref Outright mt","ICEU","IFEU","Oil","FNT"
"=HYPERLINK(""https://www.ice.com/products/73051304"",""Fuel Oil Outright - Marine Fuel 0.5% FOB Med Cargoes (Platts) Future"")","24273","FNS","FNS","O7","","Crude Oil and Refined Products","Ref Outright mt","ICEU","IFEU","Oil","FNS"
"=HYPERLINK(""https://www.ice.com/products/79234901"",""Fuel Oil Outright - Marine Fuel 0.5% FOB Med Cargoes (Platts) Mini Future"")","24275","FNU","FNS","P<","","Crude Oil and Refined Products","Ref Outright mt","ICEU","IFEU","Oil","FNU"
"=HYPERLINK(""https://www.ice.com/products/72270600"",""Fuel Oil Outright - Marine Fuel 0.5% FOB Rotterdam Barges (Platts) Average Price Options"")","23652","MF3","MF3","Q>","","Crude Oil and Refined Products","O-Ref Outright mt","ICEU","IFEU","Oil","MF3"
"=HYPERLINK(""https://www.ice.com/products/72270603"",""Fuel Oil Outright - Marine Fuel 0.5% FOB Rotterdam Barges (Platts) Balmo Future"")","23609","MFU","MFU","NP","","Crude Oil and Refined Products","Ref Outright mt","ICEU","IFEU","Oil","MFU"
"=HYPERLINK(""https://www.ice.com/products/79234925"",""Fuel Oil Outright - Marine Fuel 0.5% FOB Rotterdam Barges (Platts) Balmo Mini Future"")","25746","FDL","FDL","","","Crude Oil and Refined Products","Ref Outright mt","ICEU","IFEU","Oil","FDL"
"=HYPERLINK(""https://www.ice.com/products/71085670"",""Fuel Oil Outright - Marine Fuel 0.5% FOB Rotterdam Barges (Platts) Future"")","22310","MF3","MF3","Q>","","Crude Oil and Refined Products","Ref Outright mt","ICEU","IFEU","Oil","MF3"
"=HYPERLINK(""https://www.ice.com/products/82280461"",""Fuel Oil Outright - Marine Fuel 0.5% FOB Rotterdam Barges (Platts) Micro Future (10 MT)"")","27062","GNV","GNV","","","Crude Oil and Refined Products","Ref Outright mt","ICEU","IFEU","Oil","GNV"
"=HYPERLINK(""https://www.ice.com/products/82280468"",""Fuel Oil Outright - Marine Fuel 0.5% FOB Rotterdam Barges (Platts) Mini Average Price Option"")","27077","MFY","MFY","NY","","Crude Oil and Refined Products","O-Ref Outright mt","ICEU","IFEU","Oil","MFY"
"=HYPERLINK(""https://www.ice.com/products/72270605"",""Fuel Oil Outright - Marine Fuel 0.5% FOB Rotterdam Barges (Platts) Mini Future"")","23606","MFY","MFY","NY","","Crude Oil and Refined Products","Ref Outright mt","ICEU","IFEU","Oil","MFY"
"=HYPERLINK(""https://www.ice.com/products/72270604"",""Fuel Oil Outright - Marine Fuel 0.5% FOB Singapore (Platts) Balmo Future"")","23610","MFV","MFV","NZ","","Crude Oil and Refined Products","Ref Outright mt","ICEU","IFEU","Oil","MFV"
"=HYPERLINK(""https://www.ice.com/products/79234924"",""Fuel Oil Outright - Marine Fuel 0.5% FOB Singapore (Platts) Balmo Mini Future"")","25745","FDK","FDK","","","Crude Oil and Refined Products","Ref Outright mt","ICEU","IFEU","Oil","FDK"
"=HYPERLINK(""https://www.ice.com/products/71085671"",""Fuel Oil Outright - Marine Fuel 0.5% FOB Singapore (Platts) Future"")","22311","MF4","MF4","Q?","","Crude Oil and Refined Products","Ref Outright mt","ICEU","IFEU","Oil","MF4"
"=HYPERLINK(""https://www.ice.com/products/82280460"",""Fuel Oil Outright - Marine Fuel 0.5% FOB Singapore (Platts) Micro Future (10 MT)"")","27061","GNU","GNU","","","Crude Oil and Refined Products","Ref Outright mt","ICEU","IFEU","Oil","GNU"
"=HYPERLINK(""https://www.ice.com/products/82280470"",""Fuel Oil Outright - Marine Fuel 0.5% FOB Singapore (Platts) Mini Average Price Option"")","27078","MFZ","MFZ","N1","","Crude Oil and Refined Products","O-Ref Outright mt","ICEU","IFEU","Oil","MFZ"
"=HYPERLINK(""https://www.ice.com/products/72270608"",""Fuel Oil Outright - Marine Fuel 0.5% FOB Singapore (Platts) Mini Future"")","23607","MFZ","MFZ","N1","","Crude Oil and Refined Products","Ref Outright mt","ICEU","IFEU","Oil","MFZ"
"=HYPERLINK(""https://www.ice.com/products/72662868"",""Fuel Oil Outright - Marine Fuel 0.5% FOB USGC Barges (Platts) Average Price Options (in MTs)"")","23803","MF9","MF9","PP","","Crude Oil and Refined Products","O-Am Ref mt","ICEU","IFED","Oil Americas","MF9"
"=HYPERLINK(""https://www.ice.com/products/79229923"",""Fuel Oil Outright - Marine Fuel 0.5% FOB USGC Barges (Platts) Balmo Future"")","25758","RBT","RBT","","","Crude Oil and Refined Products","Am Ref bbl","ICEU","IFED","Oil Americas","RBT"
"=HYPERLINK(""https://www.ice.com/products/72486151"",""Fuel Oil Outright - Marine Fuel 0.5% FOB USGC Barges (Platts) Balmo Future (in MTs)"")","23786","MFL","MFL","PR","","Crude Oil and Refined Products","Am Ref mt","ICEU","IFED","Oil Americas","MFL"
"=HYPERLINK(""https://www.ice.com/products/71085678"",""Fuel Oil Outright - Marine Fuel 0.5% FOB USGC Barges (Platts) Future"")","22315","MF1","MF1","L/","","Crude Oil and Refined Products","Am Ref bbl","ICEU","IFED","Oil Americas","MF1"
"=HYPERLINK(""https://www.ice.com/products/72486155"",""Fuel Oil Outright - Marine Fuel 0.5% FOB USGC Barges (Platts) Future (in MTs)"")","23789","MF9","MF9","PP","","Crude Oil and Refined Products","Am Ref mt","ICEU","IFED","Oil Americas","MF9"
"=HYPERLINK(""https://www.ice.com/products/72486153"",""Fuel Oil Outright - Marine Fuel 0.5% FOB USGC Barges (Platts) Mini Future (in MTs)"")","23788","MFQ","MFQ","PV","","Crude Oil and Refined Products","Am Ref mt","ICEU","IFED","Oil Americas","MFQ"
"=HYPERLINK(""https://www.ice.com/products/72270601"",""Fuel Oil Outright - Marine Fuel Oil 0.5% FOB Singapore (Platts) Average Price Options"")","23653","MF4","MF4","Q?","","Crude Oil and Refined Products","O-Ref Outright mt","ICEU","IFEU","Oil","MF4"
"=HYPERLINK(""https://www.ice.com/products/62666450"",""Fuel Oil Outright - Middle East Fuel Oil 180 CST FOB Arab Gulf (Platts) Balmo Future"")","19612","ME9","ME9","H4","","Crude Oil and Refined Products","Ref Outright mt","ICEU","IFEU","Oil","ME9"
"=HYPERLINK(""https://www.ice.com/products/59293843"",""Fuel Oil Outright - Middle East Fuel Oil 180 CST FOB Arab Gulf (Platts) Future"")","19244","MEA","MEA","A@","","Crude Oil and Refined Products","Ref Outright mt","ICEU","IFEU","Oil","MEA"
"=HYPERLINK(""https://www.ice.com/products/61989082"",""Fuel Oil Outright - Middle East Fuel Oil 180 CST FOB Arab Gulf (Platts) Mini Future"")","19465","ME1","ME1","DT","","Crude Oil and Refined Products","Ref Outright mt","ICEU","IFEU","Oil","ME1"
"=HYPERLINK(""https://www.ice.com/products/83046613"",""Fuel Oil Outright - Middle East Fuel Oil 380 CST FOB Arab Gulf (Platts) Balmo"")","29131","NPC","NPC","","","Crude Oil and Refined Products","Ref Outright mt","ICEU","IFEU","Oil","NPC"
"=HYPERLINK(""https://www.ice.com/products/61989083"",""Fuel Oil Outright - Middle East Fuel Oil 380 CST FOB Arab Gulf (Platts) Future"")","19468","ME2","ME2","DU","","Crude Oil and Refined Products","Ref Outright mt","ICEU","IFEU","Oil","ME2"
"=HYPERLINK(""https://www.ice.com/products/6753516"",""Fuel Oil Outright - New York 1% Fuel Oil Balmo Future"")","23275","FOX","FOX","8F","","Crude Oil and Refined Products","Am Ref bbl","ICEU","IFED","Oil Americas","FOX"
"=HYPERLINK(""https://www.ice.com/products/6753514"",""Fuel Oil Outright - New York 1% Fuel Oil Future"")","19","FOW","FOW","Q6","","Crude Oil and Refined Products","Am Ref bbl","ICEU","IFED","Oil Americas","FOW"
"=HYPERLINK(""https://www.ice.com/products/57250489"",""Fuel Oil Outright - USAC HSFO (Platts) Future"")","19087","14X","14X","@G","","Crude Oil and Refined Products","Am Ref bbl","ICEU","IFED","Oil Americas","14X"
"=HYPERLINK(""https://www.ice.com/products/56017372"",""Fuel Oil Outright - USGC HSFO (Platts) Average Price Options"")","18896","RBO","RBO","BI","SN24","Crude Oil and Refined Products","O-Am Ref bbl","ICEU","IFED","Oil Americas","RBO"
"=HYPERLINK(""https://www.ice.com/products/6753515"",""Fuel Oil Outright - USGC HSFO (Platts) Balmo Future"")","23274","RBP","RBP","8K","","Crude Oil and Refined Products","Am Ref bbl","ICEU","IFED","Oil Americas","RBP"
"=HYPERLINK(""https://www.ice.com/products/6753543"",""Fuel Oil Outright - USGC HSFO (Platts) Future"")","1892","RBO","RBO","BI","SN24","Crude Oil and Refined Products","Am Ref bbl","ICEU","IFED","Oil Americas","RBO"
"=HYPERLINK(""https://www.ice.com/products/61989084"",""Fuel Oil Outright-Middle East Fuel Oil 380 CST FOB Arab Gulf (Platts) Mini Future"")","19470","ME3","ME3","DV","","Crude Oil and Refined Products","Ref Outright mt","ICEU","IFEU","Oil","ME3"
"=HYPERLINK(""https://www.ice.com/products/82547550"",""GSK Plc"")","27660","GSK","GSK","","","Single Stock Options","O-LSE Master","ICEU","IFLO","Liffe Equity Derivatives - Non-US Based","GSK"
"=HYPERLINK(""https://www.ice.com/products/83049230"",""GSK plc Mini"")","31776","8GK","8GK","","","Mini Single Stocks","O-Min UK Equity","ICEU","IFLO","Mini Equity Non-US Based","8GK"
"=HYPERLINK(""https://www.ice.com/products/56684275"",""GTN Kingsgate Physical Fixed Price Monthly"")","19006","YEG","YEG","","","Natural Gas","GTNK MOPhysGas","NGXC","IEPA","Physical Gas","YEG"
"=HYPERLINK(""https://www.ice.com/products/56684274"",""GTN Kingsgate Physical Fixed Price Spot"")","19004","YEF","YEF","","","Natural Gas","GTNK SPPhysGas","NGXC","IEPA","Physical Gas","YEF"
"=HYPERLINK(""https://www.ice.com/products/56684281"",""GTN Kingsgate Physical Gas Daily Monthly"")","19009","YEJ","YEJ","","","Natural Gas","GTNK MOPhysGas","NGXC","IEPA","Physical Gas","YEJ"
"=HYPERLINK(""https://www.ice.com/products/56684280"",""GTN Kingsgate Physical Gas Daily Spot"")","19007","YEI","YEI","","","Natural Gas","GTNK SPPhysGas","NGXC","IEPA","Physical Gas","YEI"
"=HYPERLINK(""https://www.ice.com/products/55250899"",""GTN Stanfield Physical Basis LD1"")","2369","XWU","XWU","","","Natural Gas","GTNS MO PhysGas","NGXC","IEPA","Physical Gas","XWU"
"=HYPERLINK(""https://www.ice.com/products/3306628"",""GTN Stanfield Physical Fixed Price Monthly"")","2362","XWR","XWR","","","Natural Gas","GTNS MO PhysGas","NGXC","IEPA","Physical Gas","XWR"
"=HYPERLINK(""https://www.ice.com/products/3306652"",""GTN Stanfield Physical Fixed Price Spot"")","2364","XWQ","XWQ","","","Natural Gas","GTNS SP PhysGas","NGXC","IEPA","Physical Gas","XWQ"
"=HYPERLINK(""https://www.ice.com/products/3351012"",""GTN Stanfield Physical Gas Daily Monthly"")","2365","XWT","XWT","","","Natural Gas","GTNS MO PhysGas","NGXC","IEPA","Physical Gas","XWT"
"=HYPERLINK(""https://www.ice.com/products/3350987"",""GTN Stanfield Physical Gas Daily Spot"")","2367","XWS","XWS","","","Natural Gas","GTNS SP PhysGas","NGXC","IEPA","Physical Gas","XWS"
"=HYPERLINK(""https://www.ice.com/products/30377788"",""Gasoil 0.1% CIF MED Cargoes vs Low Sulphur Gasoil 1st Line Balmo Swap"")","5492","ULW","ULW","Q1","","Crude Oil and Refined","Ref Diffs mt","Bilateral","ICES","Platts Oil","ULW"
"=HYPERLINK(""https://www.ice.com/products/30377787"",""Gasoil 0.1% CIF MED Cargoes vs Low Sulphur Gasoil 1st Line Swap"")","5491","ULQ","ULQ","WJ","","Crude Oil and Refined","Ref Diffs mt","Bilateral","ICES","Platts Oil","ULQ"
"=HYPERLINK(""https://www.ice.com/products/6753518"",""Gasoil 0.1% CIF Med Cargoes Future"")","2460","GCM","GCM","QU","","Crude Oil and Refined Products","Ref Outright mt","ICEU","IFEU","Oil","GCM"
"=HYPERLINK(""https://www.ice.com/products/6753520"",""Gasoil 0.1% CIF NWE Cargoes Balmo Future"")","23240","GCX","GCX","9<","","Crude Oil and Refined Products","Ref Outright mt","ICEU","IFEU","Oil","GCX"
"=HYPERLINK(""https://www.ice.com/products/6753519"",""Gasoil 0.1% CIF NWE Cargoes Future"")","2461","GCW","GCW","QW","","Crude Oil and Refined Products","Ref Outright mt","ICEU","IFEU","Oil","GCW"
"=HYPERLINK(""https://www.ice.com/products/30377792"",""Gasoil 0.1% CIF NWE Cargoes vs Low Sulphur Gasoil 1st Line Balmo Swap"")","5495","ULX","ULX","9-","","Crude Oil and Refined","Ref Diffs mt","Bilateral","ICES","Platts Oil","ULX"
"=HYPERLINK(""https://www.ice.com/products/30377791"",""Gasoil 0.1% CIF NWE Cargoes vs Low Sulphur Gasoil 1st Line Swap"")","5494","ULT","ULT","WL","","Crude Oil and Refined","Ref Diffs mt","Bilateral","ICES","Platts Oil","ULT"
"=HYPERLINK(""https://www.ice.com/products/33592790"",""Gasoil 0.1% FOB ARA Barges vs Brent 1st Line Swap"")","2550","GRB","GRB","GR","SF41","Crude Oil and Refined","Cracks mt","Bilateral","ICES","Platts Oil","GRB"
"=HYPERLINK(""https://www.ice.com/products/30377794"",""Gasoil 0.1% FOB ARA Barges vs Low Sulphur Gasoil 1st Line Balmo Swap"")","5498","ULY","ULY","9/","","Crude Oil and Refined","Ref Diffs mt","Bilateral","ICES","Platts Oil","ULY"
"=HYPERLINK(""https://www.ice.com/products/30377793"",""Gasoil 0.1% FOB ARA Barges vs Low Sulphur Gasoil 1st Line Swap"")","5497","ULR","ULR","WK","","Crude Oil and Refined","Ref Diffs mt","Bilateral","ICES","Platts Oil","ULR"
"=HYPERLINK(""https://www.ice.com/products/6753524"",""Gasoil 0.1% FOB Med Cargoes Future"")","2917","GOM","GOM","G(","","Crude Oil and Refined Products","Ref Outright mt","ICEU","IFEU","Oil","GOM"
"=HYPERLINK(""https://www.ice.com/products/6753511"",""Gasoil 50ppm FOB Rotterdam Barges Balmo Future"")","21829","GSB","GSB","QN","","Crude Oil and Refined Products","Ref Outright mt","ICEU","IFEU","Oil","GSB"
"=HYPERLINK(""https://www.ice.com/products/6753525"",""Gasoil 50ppm FOB Rotterdam Barges Future"")","2841","GSA","GSA","","","Crude Oil and Refined Products","Ref Outright mt","ICEU","IFEU","Oil","GSA"
"=HYPERLINK(""https://www.ice.com/products/80789367"",""Gasoil 50ppm FOB Rotterdam Barges vs Low Sulphur Gasoil 1st Line Balmo Swap"")","5519","UMF","UMF","","","Crude Oil and Refined","Ref Diffs mt","Bilateral","ICES","Platts Oil","UMF"
"=HYPERLINK(""https://www.ice.com/products/80789366"",""Gasoil 50ppm FOB Rotterdam Barges vs Low Sulphur Gasoil 1st Line Swap"")","5518","ULH","ULH","V@","","Crude Oil and Refined","Ref Diffs mt","Bilateral","ICES","Platts Oil","ULH"
"=HYPERLINK(""https://www.ice.com/products/65898861"",""Gasoil Arb - Singapore Gasoil (Platts) vs Low Sulphur Gasoil 1st Line Balmo Future (in Bbls)"")","20095","GSL","GSL","J(","","Crude Oil and Refined Products","Ref Diffs bbl","ICEU","IFEU","Oil","GSL"
"=HYPERLINK(""https://www.ice.com/products/6753295"",""Gasoil Crack - Gasoil 0.1% FOB ARA Barges (Platts) VS Brent 1ST Line Future (In MTS)"")","1750","GRB","GRB","GR","SF41","Crude Oil and Refined Products","Cracks mt","ICEU","IFEU","Oil","GRB"
"=HYPERLINK(""https://www.ice.com/products/31687088"",""Gasoil Crack - Low Sulphur Gasoil 1st Line vs Brent 1st Line Average Price Options (in bbls)"")","5728","ULD","ULD","V>","","Crude Oil and Refined Products","O-RefOutright bbl","ICEU","IFEU","Oil","ULD"
"=HYPERLINK(""https://www.ice.com/products/37042686"",""Gasoil Crack - Low Sulphur Gasoil 1st Line vs Brent 1st Line Balmo Future (in Bbls)"")","23262","LVA","LVA","9D","","Crude Oil and Refined Products","Cracks bbl","ICEU","IFEU","Oil","LVA"
"=HYPERLINK(""https://www.ice.com/products/53168982"",""Gasoil Crack - Low Sulphur Gasoil 1st Line vs Brent 1st Line Balmo Future (in MTs)"")","23264","UL8","UL8","9F","","Crude Oil and Refined Products","Cracks mt","ICEU","IFEU","Oil","UL8"
"=HYPERLINK(""https://www.ice.com/products/6753331"",""Gasoil Crack - Low Sulphur Gasoil 1st Line vs Brent 1st Line Future (in Bbls)"")","3435","ULD","ULD","V>","","Crude Oil and Refined Products","Cracks bbl","ICEU","IFEU","Oil","ULD"
"=HYPERLINK(""https://www.ice.com/products/6753330"",""Gasoil Crack - Low Sulphur Gasoil 1st Line vs Brent 1st Line Future (in MTs)"")","3434","ULC","ULC","V/","","Crude Oil and Refined Products","Cracks mt","ICEU","IFEU","Oil","ULC"
"=HYPERLINK(""https://www.ice.com/products/31687087"",""Gasoil Crack - Low Sulphur Gasoil 1st Line vs Brent 1st Line Mini Future (in bbls)"")","5727","LVB","LVB","1E","","Crude Oil and Refined Products","Cracks bbl","ICEU","IFEU","Oil","LVB"
"=HYPERLINK(""https://www.ice.com/products/79234930"",""Gasoil Crack - Singapore Gasoil (Platts) vs Brent 1st Line Future"")","25749","SGB","SGB","","","Crude Oil and Refined Products","Cracks bbl","ICEU","IFEU","Oil","SGB"
"=HYPERLINK(""https://www.ice.com/products/65898906"",""Gasoil Crack - Singapore Gasoil (Platts) vs Dubai 1st Line (Platts) Average Price Options"")","20132","BAO","BAO","I)","","Crude Oil and Refined Products","O-Cracks bbl","ICEU","IFEU","Oil","BAO"
"=HYPERLINK(""https://www.ice.com/products/64286929"",""Gasoil Crack - Singapore Gasoil (Platts) vs Dubai 1st Line (Platts) Future"")","19867","BAO","BAO","I)","","Crude Oil and Refined Products","Cracks bbl","ICEU","IFEU","Oil","BAO"
"=HYPERLINK(""https://www.ice.com/products/75452786"",""Gasoil Crack - Singapore Gasoil (Platts) vs Murban Singapore Marker 1st Line Future"")","25888","MUS","MUS","AP","","Crude Oil and Refined Products","Cracks bblAD","ICEU","IFAD","Oil Abu Dhabi","MUS"
"=HYPERLINK(""https://www.ice.com/products/57250482"",""Gasoil Crack - Singapore Gasoil 0.05% (Platts) vs Dubai 1st Line (Platts) Future"")","19081","SFG","SFG","@M","","Crude Oil and Refined Products","Cracks bbl","ICEU","IFEU","Oil","SFG"
"=HYPERLINK(""https://www.ice.com/products/83049119"",""Gasoil Diff - Gasoil 0.1% CIF Med Cargoes (Platts) vs Gasoil 0.1% FOB Med Cargoes (Platts) Balmo Future"")","31558","JFX","JFX","","","Crude Oil and Refined Products","Ref Diffs mt","ICEU","IFEU","Oil","JFX"
"=HYPERLINK(""https://www.ice.com/products/6753457"",""Gasoil Diff - Gasoil 0.1% CIF Med Cargoes vs Low Sulphur Gasoil 1st Line Balmo Future"")","21849","ULW","ULW","Q1","","Crude Oil and Refined Products","Ref Diffs mt","ICEU","IFEU","Oil","ULW"
"=HYPERLINK(""https://www.ice.com/products/6753451"",""Gasoil Diff - Gasoil 0.1% CIF Med Cargoes vs Low Sulphur Gasoil 1st Line Future"")","3553","ULQ","ULQ","WJ","","Crude Oil and Refined Products","Ref Diffs mt","ICEU","IFEU","Oil","ULQ"
"=HYPERLINK(""https://www.ice.com/products/6753458"",""Gasoil Diff - Gasoil 0.1% CIF NWE Cargoes vs Low Sulphur Gasoil 1st Line Balmo Future"")","23251","ULX","ULX","9-","","Crude Oil and Refined Products","Ref Diffs mt","ICEU","IFEU","Oil","ULX"
"=HYPERLINK(""https://www.ice.com/products/6753453"",""Gasoil Diff - Gasoil 0.1% CIF NWE Cargoes vs Low Sulphur Gasoil 1st Line Future"")","3555","ULT","ULT","WL","","Crude Oil and Refined Products","Ref Diffs mt","ICEU","IFEU","Oil","ULT"
"=HYPERLINK(""https://www.ice.com/products/6753459"",""Gasoil Diff - Gasoil 0.1% FOB ARA Barges (Platts) vs Low Sulphur Gasoil 1st Line Balmo Future"")","23252","ULY","ULY","9/","","Crude Oil and Refined Products","Ref Diffs mt","ICEU","IFEU","Oil","ULY"
"=HYPERLINK(""https://www.ice.com/products/6753452"",""Gasoil Diff - Gasoil 0.1% FOB ARA Barges (Platts) vs Low Sulphur Gasoil 1st Line Future"")","3554","ULR","ULR","WK","","Crude Oil and Refined Products","Ref Diffs mt","ICEU","IFEU","Oil","ULR"
"=HYPERLINK(""https://www.ice.com/products/72270597"",""Gasoil Diff - Gasoil 0.1% FOB ARA Barges (Platts) vs Marine Fuel 0.5% FOB Rotterdam Barges (Platts) Future"")","23604","GDF","GDF","B:","","Crude Oil and Refined Products","Ref Diffs mt","ICEU","IFEU","Oil","GDF"
"=HYPERLINK(""https://www.ice.com/products/79234928"",""Gasoil Diff - Gasoil 50ppm FOB Rotterdam Barges (Platts) vs Low Sulphur Gasoil 1st Line Balmo Future"")","25747","UMF","UMF","","","Crude Oil and Refined Products","Ref Diffs mt","ICEU","IFEU","Oil","UMF"
"=HYPERLINK(""https://www.ice.com/products/6753445"",""Gasoil Diff - Gasoil 50ppm FOB Rotterdam Barges vs Low Sulphur Gasoil 1st Line Future"")","3439","ULH","ULH","V@","","Crude Oil and Refined Products","Ref Diffs mt","ICEU","IFEU","Oil","ULH"
"=HYPERLINK(""https://www.ice.com/products/6753456"",""Gasoil Diff - Low Sulphur Gasoil 1-Month Calendar Spread Future"")","3716","UUM","UUM","UM","","Crude Oil and Refined Products","Ref Outright mt","ICEU","IFEU","Oil","UUM"
"=HYPERLINK(""https://www.ice.com/products/68358287"",""Gasoil Diff - Low Sulphur Gasoil 12-Month Calendar Spread Bullet Future"")","20497","UUZ","UUZ","K0","","Crude Oil and Refined Products","Ref Outright mt","ICEU","IFEU","Oil","UUZ"
"=HYPERLINK(""https://www.ice.com/products/68387924"",""Gasoil Diff - Low Sulphur Gasoil 12-Month Calendar Spread Options"")","20498","UUZ","UUZ","K0","","Crude Oil and Refined Products","O-Ref Outright mt","ICEU","IFEU","Oil","UUZ"
"=HYPERLINK(""https://www.ice.com/products/72270596"",""Gasoil Diff - Low Sulphur Gasoil 1st Line vs Marine Fuel 0.5% FOB Rotterdam Barges (Platts) Future"")","23603","GDD","GDD","N3","","Crude Oil and Refined Products","Ref Diffs mt","ICEU","IFEU","Oil","GDD"
"=HYPERLINK(""https://www.ice.com/products/83049117"",""Gasoil Diff - Middle East Gasoil FOB Arab Gulf (Platts) vs Singapore Gasoil (Platts) Balmo Future"")","31559","GDY","GDY","","","Crude Oil and Refined Products","Ref Diffs bbl","ICEU","IFEU","Oil","GDY"
"=HYPERLINK(""https://www.ice.com/products/64286930"",""Gasoil Diff - Singapore Gasoil (Platts) vs Low Sulphur Gasoil 1st Line Future (in Bbls)"")","19868","BAP","BAP","I-","","Crude Oil and Refined Products","Ref Diffs bbl","ICEU","IFEU","Oil","BAP"
"=HYPERLINK(""https://www.ice.com/products/69723202"",""Gasoil Diff - Singapore Gasoil (Platts) vs Singapore 0.05% Gasoil (Platts) Balmo Future"")","21772","GSX","GSX","OB","","Crude Oil and Refined Products","Ref Diffs bbl","ICEU","IFEU","Oil","GSX"
"=HYPERLINK(""https://www.ice.com/products/6753395"",""Gasoil Diff - Singapore Gasoil (Platts) vs Singapore Gasoil 0.05% (Platts) Future"")","4077","GSW","GSW","ZQ","1292","Crude Oil and Refined Products","Ref Diffs bbl","ICEU","IFEU","Oil","GSW"
"=HYPERLINK(""https://www.ice.com/products/55999117"",""Gasoil Diff - Singapore Gasoil 0.05% (Platts) vs Low Sulphur Gasoil 1st Line Balmo Future (in Bbls)"")","18609","SWR","SWR","9C","","Crude Oil and Refined Products","Ref Diffs bbl","ICEU","IFEU","Oil","SWR"
"=HYPERLINK(""https://www.ice.com/products/6753432"",""Gasoil Diff - Singapore Gasoil 0.05% (Platts) vs Low Sulphur Gasoil 1st Line Future (in Bbls)"")","4078","SWW","SWW","ZR","1293","Crude Oil and Refined Products","Ref Diffs bbl","ICEU","IFEU","Oil","SWW"
"=HYPERLINK(""https://www.ice.com/products/81935188"",""Gasoil Outright - Gasoil 0.1% CIF Med Cargoes (Platts) Balmo Future"")","25063","JFL","JFL","","","Crude Oil and Refined Products","Ref Outright mt","ICEU","IFEU","Oil","JFL"
"=HYPERLINK(""https://www.ice.com/products/65898865"",""Gasoil Outright - Gasoil 0.1% CIF Med Cargoes (Platts) Balmo Mini Future"")","20099","GCR","GCR","J)","","Crude Oil and Refined Products","Ref Outright mt","ICEU","IFEU","Oil","GCR"
"=HYPERLINK(""https://www.ice.com/products/59293838"",""Gasoil Outright - Gasoil 0.1% CIF Med Cargoes (Platts) Mini Future"")","19240","GCP","GCP","BB","","Crude Oil and Refined Products","Ref Outright mt","ICEU","IFEU","Oil","GCP"
"=HYPERLINK(""https://www.ice.com/products/71085654"",""Gasoil Outright - Gasoil 0.1% CIF NWE Cargoes (Platts) Mini Future"")","22308","GOS","GOS","Q\","","Crude Oil and Refined Products","Ref Outright mt","ICEU","IFEU","Oil","GOS"
"=HYPERLINK(""https://www.ice.com/products/6753503"",""Gasoil Outright - Gasoil 0.1% FOB ARA Barges (Platts) Balmo Future"")","23241","GOG","GOG","95","","Crude Oil and Refined Products","Ref Outright mt","ICEU","IFEU","Oil","GOG"
"=HYPERLINK(""https://www.ice.com/products/6753523"",""Gasoil Outright - Gasoil 0.1% FOB ARA Barges (Platts) Future"")","2463","GOF","GOF","QX","","Crude Oil and Refined Products","Ref Outright mt","ICEU","IFEU","Oil","GOF"
"=HYPERLINK(""https://www.ice.com/products/53168980"",""Gasoil Outright - Gasoil 0.1% FOB ARA Barges (Platts) Mini Future"")","18404","GOR","GOR","7B","","Crude Oil and Refined Products","Ref Outright mt","ICEU","IFEU","Oil","GOR"
"=HYPERLINK(""https://www.ice.com/products/65898868"",""Gasoil Outright - Gasoil 0.1% FOB Med Cargoes (Platts) Balmo Mini Future"")","20100","GON","GON","J3","","Crude Oil and Refined Products","Ref Outright mt","ICEU","IFEU","Oil","GON"
"=HYPERLINK(""https://www.ice.com/products/57250484"",""Gasoil Outright - Gasoil 0.1% FOB Med Cargoes (Platts) Mini Future"")","19083","GOP","GOP","@J","","Crude Oil and Refined Products","Ref Outright mt","ICEU","IFEU","Oil","GOP"
"=HYPERLINK(""https://www.ice.com/products/6753561"",""Gasoil Outright - Low Sulphur Gasoil 1st Line Balmo Future"")","23250","ULV","ULV","9)","","Crude Oil and Refined Products","Ref Outright mt","ICEU","IFEU","Oil","ULV"
"=HYPERLINK(""https://www.ice.com/products/82280459"",""Gasoil Outright - Low Sulphur Gasoil 1st Line Micro Future (10 MT)"")","27060","GNT","GNT","","","Crude Oil and Refined Products","Ref Outright mt","ICEU","IFEU","Oil","GNT"
"=HYPERLINK(""https://www.ice.com/products/46180188"",""Gasoil Outright - Low Sulphur Gasoil Average Price Balmo Options"")","23304","ULV","ULV","9)","","Crude Oil and Refined Products","O-Ref Outright mt","ICEU","IFEU","Oil","ULV"
"=HYPERLINK(""https://www.ice.com/products/83046615"",""Gasoil Outright - Middle East 500 ppm Gasoil FOB Fujairah (Platts) Future"")","29133","NPE","NPE","","","Crude Oil and Refined Products","RefOutright bbl","ICEU","IFEU","Oil","NPE"
"=HYPERLINK(""https://www.ice.com/products/62666449"",""Gasoil Outright - Middle East Gasoil FOB Arab Gulf (Platts) Balmo Future"")","19611","GCN","GCN","H5","","Crude Oil and Refined Products","RefOutright bbl","ICEU","IFEU","Oil","GCN"
"=HYPERLINK(""https://www.ice.com/products/59293831"",""Gasoil Outright - Middle East Gasoil FOB Arab Gulf (Platts) Future"")","19234","GCQ","GCQ","BA","","Crude Oil and Refined Products","RefOutright bbl","ICEU","IFEU","Oil","GCQ"
"=HYPERLINK(""https://www.ice.com/products/82461683"",""Gasoil Outright - Middle East Gasoil FOB Arab Gulf (Platts) Mini Future"")","27565","TEV","TEV","","","Crude Oil and Refined Products","RefOutright bbl","ICEU","IFEU","Oil","TEV"
"=HYPERLINK(""https://www.ice.com/products/65898905"",""Gasoil Outright - Singapore Gasoil (Platts) Average Price Options"")","20133","GST","GST","HZ","","Crude Oil and Refined Products","O-RefOutright bbl","ICEU","IFEU","Oil","GST"
"=HYPERLINK(""https://www.ice.com/products/31687093"",""Gasoil Outright - Singapore Gasoil (Platts) Balmo Future"")","21830","GSS","GSS","QA","","Crude Oil and Refined Products","RefOutright bbl","ICEU","IFEU","Oil","GSS"
"=HYPERLINK(""https://www.ice.com/products/6753528"",""Gasoil Outright - Singapore Gasoil (Platts) Future"")","2919","GST","GST","HZ","","Crude Oil and Refined Products","RefOutright bbl","ICEU","IFEU","Oil","GST"
"=HYPERLINK(""https://www.ice.com/products/69723203"",""Gasoil Outright - Singapore Gasoil (Platts) Mini Balmo Future"")","21773","GSY","GSY","OC","","Crude Oil and Refined Products","RefOutright bbl","ICEU","IFEU","Oil","GSY"
"=HYPERLINK(""https://www.ice.com/products/65898860"",""Gasoil Outright - Singapore Gasoil (Platts) Mini Future"")","20094","GSR","GSR","J0","","Crude Oil and Refined Products","RefOutright bbl","ICEU","IFEU","Oil","GSR"
"=HYPERLINK(""https://www.ice.com/products/26535742"",""Gasoil Outright - Singapore Gasoil 0.05% (Platts) Average Price Options"")","4838","SWS","SWS","ZN","1289","Crude Oil and Refined Products","O-RefOutright bbl","ICEU","IFEU","Oil","SWS"
"=HYPERLINK(""https://www.ice.com/products/6753563"",""Gasoil Outright - Singapore Gasoil 0.05% (Platts) Balmo Future"")","23255","SWT","SWT","9?","","Crude Oil and Refined Products","RefOutright bbl","ICEU","IFEU","Oil","SWT"
"=HYPERLINK(""https://www.ice.com/products/6753549"",""Gasoil Outright - Singapore Gasoil 0.05% (Platts) Future"")","4073","SWS","SWS","ZN","1289","Crude Oil and Refined Products","RefOutright bbl","ICEU","IFEU","Oil","SWS"
"=HYPERLINK(""https://www.ice.com/products/27066801"",""Gasoil Outright - Singapore Gasoil 0.05% (Platts) Mini Future"")","5032","SWM","SWM","RG","EH76","Crude Oil and Refined Products","RefOutright bbl","ICEU","IFEU","Oil","SWM"
"=HYPERLINK(""https://www.ice.com/products/82612864"",""Gasoil Outright – Gasoil 0.1% FOB ARA Barges (Platts) Micro Future (10 MT)"")","27751","THK","THK","","","Crude Oil and Refined Products","Ref Outright mt","ICEU","IFEU","Oil","THK"
"=HYPERLINK(""https://www.ice.com/products/82461697"",""Gasoil Outright – Low Sulphur Gasoil Micro Average Price Option"")","27624","GNT","GNT","","","Crude Oil and Refined Products","O-Ref Outright mt","ICEU","IFEU","Oil","GNT"
"=HYPERLINK(""https://www.ice.com/products/82461699"",""Gasoil Outright – Singapore Gasoil (Platts) Mini Average Price Option"")","27625","GSR","GSR","J0","","Crude Oil and Refined Products","O-RefOutright bbl","ICEU","IFEU","Oil","GSR"
"=HYPERLINK(""https://www.ice.com/products/5029397"",""Gasoline - Singapore Mogas 97 Unleaded (Platts) Future"")","3972","SMS","SMS","X\","","Crude Oil and Refined Products","RefOutright bbl","ICEU","IFEU","Oil","SMS"
"=HYPERLINK(""https://www.ice.com/products/69723195"",""Gasoline Crack - Argus Eurobob Non-Oxy FOB Rotterdam Barges vs Brent 1st Line Future (in Bbls)"")","21766","AEA","AEA","OH","","Crude Oil and Refined Products","Cracks bbl","ICEU","IFEU","Oil","AEA"
"=HYPERLINK(""https://www.ice.com/products/82461681"",""Gasoline Crack - Argus Eurobob Non-Oxy FOB Rotterdam Barges vs Brent 1st Line Future (in MTs)"")","27563","TET","TET","","","Crude Oil and Refined Products","Cracks mt","ICEU","IFEU","Oil","TET"
"=HYPERLINK(""https://www.ice.com/products/83046798"",""Gasoline Crack - Argus Eurobob Non-Oxy FOB Rotterdam Barges vs Brent 1st Line Mini Future (in Bbls)"")","29806","MHU","MHU","","","Crude Oil and Refined Products","Cracks bbl","ICEU","IFEU","Oil","MHU"
"=HYPERLINK(""https://www.ice.com/products/56017371"",""Gasoline Crack - Argus Eurobob Oxy FOB Rotterdam Barges vs Brent 1st Line Average Price Options"")","18895","AEB","AEB","QW","","Crude Oil and Refined Products","O-Cracks bbl","ICEU","IFEU","Oil","AEB"
"=HYPERLINK(""https://www.ice.com/products/6753284"",""Gasoline Crack - Argus Eurobob Oxy FOB Rotterdam Barges vs Brent 1st Line Balmo Future"")","23238","AES","AES","91","","Crude Oil and Refined Products","Cracks mt","ICEU","IFEU","Oil","AES"
"=HYPERLINK(""https://www.ice.com/products/55999121"",""Gasoline Crack - Argus Eurobob Oxy FOB Rotterdam Barges vs Brent 1st Line Balmo Future"")","23267","AIR","AIR","9G","","Crude Oil and Refined Products","Cracks bbl","ICEU","IFEU","Oil","AIR"
"=HYPERLINK(""https://www.ice.com/products/6753285"",""Gasoline Crack - Argus Eurobob Oxy FOB Rotterdam Barges vs Brent 1st Line Future"")","1890","EOB","EOB","BG","SN22","Crude Oil and Refined Products","Cracks mt","ICEU","IFEU","Oil","EOB"
"=HYPERLINK(""https://www.ice.com/products/81935182"",""Gasoline Crack - E10 Eurobob FOB Rotterdam Barges (Platts) vs Brent 1st line Future (in Bbls)"")","25059","JFE","JFE","","","Crude Oil and Refined Products","Cracks bbl","ICEU","IFEU","Oil","JFE"
"=HYPERLINK(""https://www.ice.com/products/53168983"",""Gasoline Crack - RBOB Gasoline 1st Line vs Brent 1st Line Balmo Future (in Bbls)"")","23285","RBQ","RBQ","8L","","Crude Oil and Refined Products","Am Cracks bbl","ICEU","IFED","Oil Americas","RBQ"
"=HYPERLINK(""https://www.ice.com/products/6753323"",""Gasoline Crack - RBOB Gasoline 1st Line vs Brent 1st Line Future (in bbls)"")","2923","RBR","RBR","K=","","Crude Oil and Refined Products","Am Cracks bbl","ICEU","IFED","Oil Americas","RBR"
"=HYPERLINK(""https://www.ice.com/products/6753324"",""Gasoline Crack - RBOB Gasoline 1st Line vs WTI 1st Line Future"")","3071","RBW","RBW","M*","","Crude Oil and Refined Products","Am Cracks bbl","ICEU","IFED","Oil Americas","RBW"
"=HYPERLINK(""https://www.ice.com/products/82280466"",""Gasoline Crack - Singapore Mogas 92 Unleaded (Platts) vs Brent 1st Line Average Price Option"")","27080","STB","STB","ST","","Crude Oil and Refined Products","O-Cracks bbl","ICEU","IFEU","Oil","STB"
"=HYPERLINK(""https://www.ice.com/products/68358296"",""Gasoline Crack - Singapore Mogas 92 Unleaded (Platts) vs Brent 1st Line Balmo Future"")","20494","STC","STC","K6","","Crude Oil and Refined Products","Cracks bbl","ICEU","IFEU","Oil","STC"
"=HYPERLINK(""https://www.ice.com/products/82280472"",""Gasoline Crack - Singapore Mogas 92 Unleaded (Platts) vs Dubai 1st Line (Platts) Average Price Option"")","27076","GNQ","GNQ","","","Crude Oil and Refined Products","O-Cracks bbl","ICEU","IFEU","Oil","GNQ"
"=HYPERLINK(""https://www.ice.com/products/82280456"",""Gasoline Crack - Singapore Mogas 92 Unleaded (Platts) vs Dubai 1st Line (Platts) Future"")","27058","GNQ","GNQ","","","Crude Oil and Refined Products","Cracks bbl","ICEU","IFEU","Oil","GNQ"
"=HYPERLINK(""https://www.ice.com/products/75452788"",""Gasoline Crack - Singapore Mogas 92 Unleaded (Platts) vs Murban Singapore Marker 1st Line Future"")","25890","MUU","MUU","AR","","Crude Oil and Refined Products","Cracks bblAD","ICEU","IFAD","Oil Abu Dhabi","MUU"
"=HYPERLINK(""https://www.ice.com/products/69723197"",""Gasoline Diff - Argus Eurobob Non-Oxy FOB Rotterdam Barges vs Argus Eurobob Oxy FOB Rotterdam Barges Future"")","21768","AEL","AEL","OG","","Crude Oil and Refined Products","Ref Diffs mt","ICEU","IFEU","Oil","AEL"
"=HYPERLINK(""https://www.ice.com/products/82461682"",""Gasoline Diff - Argus Eurobob Non-Oxy FOB Rotterdam Barges vs Naphtha CIF NWE Cargoes (Platts) Future"")","27564","TEU","TEU","","","Crude Oil and Refined Products","Ref Diffs mt","ICEU","IFEU","Oil","TEU"
"=HYPERLINK(""https://www.ice.com/products/68358293"",""Gasoline Diff - Argus Eurobob Oxy FOB Rotterdam Barges vs Naphtha CIF NWE Cargoes (Platts) Mini Future"")","20488","EOO","EOO","K)","","Crude Oil and Refined Products","Ref Diffs mt","ICEU","IFEU","Oil","EOO"
"=HYPERLINK(""https://www.ice.com/products/82471467"",""Gasoline Diff - Argus Gulf Coast CBOB A vs RBOB Gasoline 1st Line Future"")","27576","AJC","AJC","","","Crude Oil and Refined Products","Am Ref Diff bbl","ICEU","IFED","Oil Americas","AJC"
"=HYPERLINK(""https://www.ice.com/products/83049690"",""Gasoline Diff - Eurobob Oxy Gasoline NWE FOB Barges (GX) vs Naphtha CIF NWE Cargoes (Platts) Future"")","32372","MHL","MHL","","","Crude Oil and Refined Products","Ref Outright mt","ICEU","IFEU","Oil","MHL"
"=HYPERLINK(""https://www.ice.com/products/61989094"",""Gasoline Diff - Group 3 Sub-Octane Gasoline (Platts) vs RBOB Gasoline 1st Line Balmo Future"")","21858","GPR","GPR","MI","","Crude Oil and Refined Products","Am Ref Diff bbl","ICEU","IFED","Oil Americas","GPR"
"=HYPERLINK(""https://www.ice.com/products/32857617"",""Gasoline Diff - Group 3 Sub-octane Gasoline (Platts) vs RBOB Gasoline 1st Line Future"")","15821","GDL","GDL","/T","","Crude Oil and Refined Products","Am Ref Diff bbl","ICEU","IFED","Oil Americas","GDL"
"=HYPERLINK(""https://www.ice.com/products/59293841"",""Gasoline Diff - Group 3 V-Grade Sub-Octane Gasoline (OPIS) vs RBOB Gasoline 1st Line Future"")","19242","G3V","G3V","BG","","Crude Oil and Refined Products","Am Ref Diff bbl","ICEU","IFED","Oil Americas","G3V"
"=HYPERLINK(""https://www.ice.com/products/32857619"",""Gasoline Diff - Gulf Coast CBOB 87 Gasoline Prompt Pipeline (Platts) vs RBOB Gasoline 1st Line Balmo Future"")","21857","GDN","GDN","MJ","","Crude Oil and Refined Products","Am Ref Diff bbl","ICEU","IFED","Oil Americas","GDN"
"=HYPERLINK(""https://www.ice.com/products/32857618"",""Gasoline Diff - Gulf Coast CBOB 87 Gasoline Prompt Pipeline (Platts) vs RBOB Gasoline 1st Line Future"")","15822","GDM","GDM","-9","","Crude Oil and Refined Products","Am Ref Diff bbl","ICEU","IFED","Oil Americas","GDM"
"=HYPERLINK(""https://www.ice.com/products/39796842"",""Gasoline Diff - Gulf Coast Unl 87 Gasoline Prompt Pipeline (Platts) vs RBOB Gasoline 1st Line Balmo Future"")","21866","UMM","UMM","MN","","Crude Oil and Refined Products","Am Ref Diff bbl","ICEU","IFED","Oil Americas","UMM"
"=HYPERLINK(""https://www.ice.com/products/39796841"",""Gasoline Diff - Gulf Coast Unl 87 Gasoline Prompt Pipeline (Platts) vs RBOB Gasoline 1st Line Future"")","15737","UM1","UM1","*F","","Crude Oil and Refined Products","Am Ref Diff bbl","ICEU","IFED","Oil Americas","UM1"
"=HYPERLINK(""https://www.ice.com/products/82461680"",""Gasoline Diff - Premium Unleaded Gasoline 10ppm FOB Med Cargoes (Platts) vs Argus Eurobob Non-Oxy FOB Rotterdam Barges Future"")","27562","TES","TES","","","Crude Oil and Refined Products","Ref Diffs mt","ICEU","IFEU","Oil","TES"
"=HYPERLINK(""https://www.ice.com/products/59293835"",""Gasoline Diff - Premium Unleaded Gasoline 10ppm FOB Med Cargoes (Platts) vs Argus Eurobob Oxy FOB Rotterdam Barges Future"")","19235","GDE","GDE","BF","","Crude Oil and Refined Products","Ref Diffs mt","ICEU","IFEU","Oil","GDE"
"=HYPERLINK(""https://www.ice.com/products/68358294"",""Gasoline Diff - Premium Unleaded Gasoline 10ppm FOB Med Cargoes (Platts) vs Argus Eurobob Oxy FOB Rotterdam Barges Mini Future"")","20489","GDA","GDA","K*","","Crude Oil and Refined Products","Ref Diffs mt","ICEU","IFEU","Oil","GDA"
"=HYPERLINK(""https://www.ice.com/products/83049691"",""Gasoline Diff - Premium Unleaded Gasoline 10ppm FOB Med Cargoes (Platts) vs Eurobob Oxy Gasoline NWE FOB Barges (GX) Future"")","32365","UGE","UGE","","","Crude Oil and Refined Products","Ref Diffs mt","ICEU","IFEU","Oil","UGE"
"=HYPERLINK(""https://www.ice.com/products/62666474"",""Gasoline Diff - RBOB Gasoline 1-Month Calendar Spread Options"")","19617","RCM","RCM","H8","","Crude Oil and Refined Products","O-Am Ref Diff bbl","ICEU","IFED","Oil Americas","RCM"
"=HYPERLINK(""https://www.ice.com/products/69732297"",""Gasoline Diff - RBOB Gasoline 1st Line vs Argus Eurobob Non-Oxy FOB Rotterdam Barges Future"")","21780","NOX","NOX","LD","","Crude Oil and Refined Products","Am Ref Diff mt","ICEU","IFED","Oil Americas","NOX"
"=HYPERLINK(""https://www.ice.com/products/83046773"",""Gasoline Diff - RBOB Gasoline 1st Line vs Argus Eurobob Non-Oxy FOB Rotterdam Barges Mini Future"")","29809","GDS","GDS","","","Crude Oil and Refined Products","Am Ref Diff mt","ICEU","IFED","Oil Americas","GDS"
"=HYPERLINK(""https://www.ice.com/products/53168984"",""Gasoline Diff - RBOB Gasoline 1st Line vs Argus Eurobob Oxy FOB Rotterdam Barges Balmo Future"")","23286","GDT","GDT","8H","","Crude Oil and Refined Products","Am Ref Diff mt","ICEU","IFED","Oil Americas","GDT"
"=HYPERLINK(""https://www.ice.com/products/42950222"",""Gasoline Diff - RBOB Gasoline 1st Line vs Argus Eurobob Oxy FOB Rotterdam Barges Balmo Mini Future"")","23283","GDR","GDR","8I","","Crude Oil and Refined Products","Am Ref Diff mt","ICEU","IFED","Oil Americas","GDR"
"=HYPERLINK(""https://www.ice.com/products/42950221"",""Gasoline Diff - RBOB Gasoline 1st Line vs Argus Eurobob Oxy FOB Rotterdam Barges Mini Future "")","15984","GDQ","GDQ","*)","","Crude Oil and Refined Products","Am Ref Diff mt","ICEU","IFED","Oil Americas","GDQ"
"=HYPERLINK(""https://www.ice.com/products/83049688"",""Gasoline Diff - RBOB Gasoline 1st Line vs Eurobob Oxy Gasoline NWE FOB Barges (GX) Future"")","32374","GRE","GRE","","","Crude Oil and Refined Products","Am Ref Diff mt","ICEU","IFED","Oil Americas","GRE"
"=HYPERLINK(""https://www.ice.com/products/69723200"",""Gasoline Diff - Singapore Mogas 92 Unleaded (Platts) vs Argus Eurobob Non-Oxy FOB Rotterdam Barges Future"")","21770","GDJ","GDJ","OI","","Crude Oil and Refined Products","Ref Diffs bbl","ICEU","IFEU","Oil","GDJ"
"=HYPERLINK(""https://www.ice.com/products/32857610"",""Gasoline Diff - Singapore Mogas 92 Unleaded (Platts) vs Argus Eurobob Oxy FOB Rotterdam Barges Future"")","15816","GDK","GDK","-8","","Crude Oil and Refined Products","Ref Diffs bbl","ICEU","IFEU","Oil","GDK"
"=HYPERLINK(""https://www.ice.com/products/83049689"",""Gasoline Diff - Singapore Mogas 92 Unleaded (Platts) vs Eurobob Oxy Gasoline NWE FOB Barges (GX) Future"")","32363","SMN","SMN","","","Crude Oil and Refined Products","Ref Diffs bbl","ICEU","IFEU","Oil","SMN"
"=HYPERLINK(""https://www.ice.com/products/6753426"",""Gasoline Diff - Singapore Mogas 95 Unleaded vs Singapore Mogas 92 Unleaded Future"")","4176","SMD","SMD","QJ","","Crude Oil and Refined Products","Ref Diffs bbl","ICEU","IFEU","Oil","SMD"
"=HYPERLINK(""https://www.ice.com/products/6753425"",""Gasoline Diff - Singapore Mogas 97 Unleaded vs Singapore Mogas 92 Unleaded Future"")","4175","SMC","SMC","QI","","Crude Oil and Refined Products","Ref Diffs bbl","ICEU","IFEU","Oil","SMC"
"=HYPERLINK(""https://www.ice.com/products/6753424"",""Gasoline Diff - Singapore Mogas 97 Unleaded vs Singapore Mogas 95 Unleaded Future"")","4174","SMB","SMB","QH","","Crude Oil and Refined Products","Ref Diffs bbl","ICEU","IFEU","Oil","SMB"
"=HYPERLINK(""https://www.ice.com/products/83045089"",""Gasoline Diff - USGC RBOB (Platts) vs RBOB Gasoline 1st Line Balmo Future"")","28907","RAC","RAC","","","Crude Oil and Refined Products","Am Ref Diff bbl","ICEU","IFED","Oil Americas","RAC"
"=HYPERLINK(""https://www.ice.com/products/83045088"",""Gasoline Diff - USGC RBOB (Platts) vs RBOB Gasoline 1st Line Future"")","28906","RAB","RAB","","","Crude Oil and Refined Products","Am Ref Diff bbl","ICEU","IFED","Oil Americas","RAB"
"=HYPERLINK(""https://www.ice.com/products/83035226"",""Gasoline Outright -   Eurobob Non Oxy Gasoline NWE FOB Barges (GX) Mini Future"")","28885","MHK","MHK","","","Crude Oil and Refined Products","Ref Outright mt","ICEU","IFEU","Oil","MHK"
"=HYPERLINK(""https://www.ice.com/products/82461679"",""Gasoline Outright - Argus Eurobob Non-Oxy FOB Rotterdam Barges Balmo Mini Future"")","27561","TER","TER","","","Crude Oil and Refined Products","Ref Outright mt","ICEU","IFEU","Oil","TER"
"=HYPERLINK(""https://www.ice.com/products/69723196"",""Gasoline Outright - Argus Eurobob Non-Oxy FOB Rotterdam Barges Future"")","21767","AEK","AEK","OF","","Crude Oil and Refined Products","Ref Outright mt","ICEU","IFEU","Oil","AEK"
"=HYPERLINK(""https://www.ice.com/products/82461664"",""Gasoline Outright - Argus Eurobob Non-Oxy FOB Rotterdam Barges Mini Future"")","27560","TEQ","TEQ","","","Crude Oil and Refined Products","Ref Outright mt","ICEU","IFEU","Oil","TEQ"
"=HYPERLINK(""https://www.ice.com/products/31687094"",""Gasoline Outright - Argus Eurobob Oxy FOB Rotterdam Barges Balmo Mini Future"")","23260","AEN","AEN","9I","","Crude Oil and Refined Products","Ref Outright mt","ICEU","IFEU","Oil","AEN"
"=HYPERLINK(""https://www.ice.com/products/82471495"",""Gasoline Outright - Argus Gulf Coast CBOB A Future"")","27589","CBC","CBC","","","Crude Oil and Refined Products","Am Ref bbl","ICEU","IFED","Oil Americas","CBC"
"=HYPERLINK(""https://www.ice.com/products/55999115"",""Gasoline Outright - Daily Argus Eurobob Oxy FOB Rotterdam Barges Mini Future"")","18612","AIT","AIT","#Y","","Crude Oil and Refined Products","Ref Outright mt","ICEU","IFEU","Oil","AIT"
"=HYPERLINK(""https://www.ice.com/products/79234927"",""Gasoline Outright - E10 Eurobob FOB Rotterdam Barges (Platts) Balmo Future"")","25058","JFD","JFD","","","Crude Oil and Refined Products","Ref Outright mt","ICEU","IFEU","Oil","JFD"
"=HYPERLINK(""https://www.ice.com/products/79234926"",""Gasoline Outright - E10 Eurobob FOB Rotterdam Barges (Platts) Future"")","25056","JFB","JFB","","","Crude Oil and Refined Products","Ref Outright mt","ICEU","IFEU","Oil","JFB"
"=HYPERLINK(""https://www.ice.com/products/81935181"",""Gasoline Outright - E10 Eurobob FOB Rotterdam Barges (Platts) Mini Future"")","25057","JFC","JFC","","","Crude Oil and Refined Products","Ref Outright mt","ICEU","IFEU","Oil","JFC"
"=HYPERLINK(""https://www.ice.com/products/55968341"",""Gasoline Outright - Eurobob Gasoline FOB Rotterdam Barges (Platts) Future"")","18606","GDG","GDG","*N","","Crude Oil and Refined Products","Ref Outright mt","ICEU","IFEU","Oil","GDG"
"=HYPERLINK(""https://www.ice.com/products/83045074"",""Gasoline Outright - Eurobob Non Oxy Gasoline NWE FOB Barges (GX) Balmo Mini Future"")","28886","MHJ","MHJ","","","Crude Oil and Refined Products","Ref Outright mt","ICEU","IFEU","Oil","MHJ"
"=HYPERLINK(""https://www.ice.com/products/83045098"",""Gasoline Outright - Eurobob Non Oxy Gasoline NWE FOB Barges (GX) Future"")","28884","MHI","MHI","","","Crude Oil and Refined Products","Ref Outright mt","ICEU","IFEU","Oil","MHI"
"=HYPERLINK(""https://www.ice.com/products/83047330"",""Gasoline Outright - Los Angeles CARBOB Gasoline (OPIS) Future"")","30043","CAG","CAG","","","Crude Oil and Refined Products","Am Ref bbl","ICEU","IFED","Oil Americas","CAG"
"=HYPERLINK(""https://www.ice.com/products/81690690"",""Gasoline Outright - MTBE FOB Singapore (Platts) Mini Future"")","24272","CGK","CGK","","","Crude Oil and Refined Products","Ref Outright mt","ICEU","IFEU","Oil","CGK"
"=HYPERLINK(""https://www.ice.com/products/83046614"",""Gasoline Outright - Middle East Mogas 92 FOB Arab Gulf (Platts) Balmo Future"")","29132","NPD","NPD","","","Crude Oil and Refined Products","RefOutright bbl","ICEU","IFEU","Oil","NPD"
"=HYPERLINK(""https://www.ice.com/products/69732204"",""Gasoline Outright - Middle East Mogas 92 FOB Arab Gulf (Platts) Future"")","21776","SMQ","SMQ","OE","","Crude Oil and Refined Products","RefOutright bbl","ICEU","IFEU","Oil","SMQ"
"=HYPERLINK(""https://www.ice.com/products/68358295"",""Gasoline Outright - Premium Unleaded Gasoline 10ppm FOB Med Cargoes (Platts) Mini Balmo Future"")","20495","UCD","UCD","K3","","Crude Oil and Refined Products","Ref Outright mt","ICEU","IFEU","Oil","UCD"
"=HYPERLINK(""https://www.ice.com/products/59293834"",""Gasoline Outright - Premium Unleaded Gasoline 10ppm FOB Med Cargoes (Platts) Mini Future"")","19238","GCZ","GCZ","BE","","Crude Oil and Refined Products","Ref Outright mt","ICEU","IFEU","Oil","GCZ"
"=HYPERLINK(""https://www.ice.com/products/53168986"",""Gasoline Outright - Premium Unleaded Gasoline 10ppm FOB Rotterdam Barges (Platts) Balmo Future"")","21828","GDH","GDH","QP","","Crude Oil and Refined Products","Ref Outright mt","ICEU","IFEU","Oil","GDH"
"=HYPERLINK(""https://www.ice.com/products/32857611"",""Gasoline Outright - Premium Unleaded Gasoline 10ppm FOB Rotterdam Barges (Platts) Future"")","15817","GDI","GDI","-7","","Crude Oil and Refined Products","Ref Outright mt","ICEU","IFEU","Oil","GDI"
"=HYPERLINK(""https://www.ice.com/products/37042661"",""Gasoline Outright - RBOB Gasoline 1st Line Balmo Future"")","23281","RSE","RSE","8M","","Crude Oil and Refined Products","Am Ref bbl","ICEU","IFED","Oil Americas","RSE"
"=HYPERLINK(""https://www.ice.com/products/82280464"",""Gasoline Outright - Singapore Mogas 92 Unleaded (Platts) Average Price Option"")","27079","SMT","SMT","V\","","Crude Oil and Refined Products","O-RefOutright bbl","ICEU","IFEU","Oil","SMT"
"=HYPERLINK(""https://www.ice.com/products/28659486"",""Gasoline Outright - Singapore Mogas 92 Unleaded (Platts) Balmo Future"")","21842","SMU","SMU","QB","","Crude Oil and Refined Products","RefOutright bbl","ICEU","IFEU","Oil","SMU"
"=HYPERLINK(""https://www.ice.com/products/6753547"",""Gasoline Outright - Singapore Mogas 92 Unleaded (Platts) Balmo Mini Future"")","21844","SMW","SMW","QC","","Crude Oil and Refined Products","RefOutright bbl","ICEU","IFEU","Oil","SMW"
"=HYPERLINK(""https://www.ice.com/products/28659484"",""Gasoline Outright - Singapore Mogas 92 Unleaded (Platts) Mini Future"")","5266","SMV","SMV","UZ","","Crude Oil and Refined Products","RefOutright bbl","ICEU","IFEU","Oil","SMV"
"=HYPERLINK(""https://www.ice.com/products/28659487"",""Gasoline Outright - Singapore Mogas 95 Unleaded (Platts) Balmo Future"")","21838","SMG","SMG","QD","","Crude Oil and Refined Products","RefOutright bbl","ICEU","IFEU","Oil","SMG"
"=HYPERLINK(""https://www.ice.com/products/28659494"",""Gasoline Outright - Singapore Mogas 95 Unleaded (Platts) Balmo Mini Future"")","21839","SMI","SMI","QE","","Crude Oil and Refined Products","RefOutright bbl","ICEU","IFEU","Oil","SMI"
"=HYPERLINK(""https://www.ice.com/products/28659485"",""Gasoline Outright - Singapore Mogas 95 Unleaded (Platts) Mini Future"")","5267","SMH","SMH","U1","","Crude Oil and Refined Products","RefOutright bbl","ICEU","IFEU","Oil","SMH"
"=HYPERLINK(""https://www.ice.com/products/28659488"",""Gasoline Outright - Singapore Mogas 97 Unleaded (Platts) Balmo Future"")","21845","SMX","SMX","QF","","Crude Oil and Refined Products","RefOutright bbl","ICEU","IFEU","Oil","SMX"
"=HYPERLINK(""https://www.ice.com/products/31687097"",""Gasoline Outright - Singapore Mogas 97 Unleaded (Platts) Balmo Mini Future"")","21846","SMZ","SMZ","QG","","Crude Oil and Refined Products","RefOutright bbl","ICEU","IFEU","Oil","SMZ"
"=HYPERLINK(""https://www.ice.com/products/6753546"",""Gasoline Outright - Singapore Mogas 97 Unleaded (Platts) Mini Future"")","5268","SMY","SMY","U2","","Crude Oil and Refined Products","RefOutright bbl","ICEU","IFEU","Oil","SMY"
"=HYPERLINK(""https://www.ice.com/products/83045087"",""Gasoline Outright - USGC RBOB (Platts) Balmo Future"")","28905","GRD","GRD","","","Crude Oil and Refined Products","Am Ref bbl","ICEU","IFED","Oil Americas","GRD"
"=HYPERLINK(""https://www.ice.com/products/83035225"",""Gasoline Outright - USGC RBOB (Platts) Future"")","28904","GRF","GRF","","","Crude Oil and Refined Products","Am Ref bbl","ICEU","IFED","Oil Americas","GRF"
"=HYPERLINK(""https://www.ice.com/products/83049699"",""Gasoline Outright – Colonial Pipeline Gasoline Line 1 Space (Platts) Balmo Future"")","32380","L1B","L1B","","","Crude Oil and Refined Products","Am Ref bbl","ICEU","IFED","Oil Americas","L1B"
"=HYPERLINK(""https://www.ice.com/products/83049698"",""Gasoline Outright – Colonial Pipeline Gasoline Line 1 Space (Platts) Future"")","32378","LN1","LN1","","","Crude Oil and Refined Products","Am Ref bbl","ICEU","IFED","Oil Americas","LN1"
"=HYPERLINK(""https://www.ice.com/products/65898948"",""German Power Financial Base 1x Cal Options"")","20072","GXC","GXC","GC","","Electricity","O-German Pwr Fin","ICEU","NDEX","EU Financial Power Futures","GXC"
"=HYPERLINK(""https://www.ice.com/products/65898947"",""German Power Financial Base 1x Qtr Options"")","20070","GXQ","GXQ","GQ","","Electricity","O-German Pwr Fin","ICEU","NDEX","EU Financial Power Futures","GXQ"
"=HYPERLINK(""https://www.ice.com/products/57609937"",""German Power Financial Base Daily Futures"")","19039","DGB","DGB","AL","","Electricity","German Pwr Fin","ICEU","NDEX","EU Financial Power Futures","DGB"
"=HYPERLINK(""https://www.ice.com/products/65898949"",""German Power Financial Base Early (Q1) 1x Cal Options"")","20074","GX1","GX1","G1","","Electricity","O-German Pwr Fin","ICEU","NDEX","EU Financial Power Futures","GX1"
"=HYPERLINK(""https://www.ice.com/products/65898950"",""German Power Financial Base Early (Q2) 1x Cal Options"")","20076","GX2","GX2","G2","","Electricity","O-German Pwr Fin","ICEU","NDEX","EU Financial Power Futures","GX2"
"=HYPERLINK(""https://www.ice.com/products/65898951"",""German Power Financial Base Early (Q3) 1x Cal Options"")","20078","GX3","GX3","G3","","Electricity","O-German Pwr Fin","ICEU","NDEX","EU Financial Power Futures","GX3"
"=HYPERLINK(""https://www.ice.com/products/65898946"",""German Power Financial Base Options"")","20144","GAB","GAB","AM","","Electricity","O-German Pwr Fin","ICEU","NDEX","EU Financial Power Futures","GAB"
"=HYPERLINK(""https://www.ice.com/products/57609943"",""German Power Financial Peak Daily Futures"")","19049","DGA","DGA","AN","","Electricity","German Pwr Fin","ICEU","NDEX","EU Financial Power Futures","DGA"
"=HYPERLINK(""https://www.ice.com/products/57609953"",""German Power Financial Peak Futures"")","19036","GAP","GAP","AO","","Electricity","German Pwr Fin","ICEU","NDEX","EU Financial Power Futures","GAP"
"=HYPERLINK(""https://www.ice.com/products/81743175"",""German Spark Spread (TTF)"")","31677","GAB/TFM","GAB/TFM","","","Electricity","","ICEU","NDEX","EU Financial Power Futures",""
"=HYPERLINK(""https://www.ice.com/products/82725193"",""German THE Natural Gas 1st Line Financial Futures (USD/MMBtu)"")","28403","THE","THE","","","Natural Gas","German THE USD","ICEU","IFEU","IPE Natural Gas Futures","THE"
"=HYPERLINK(""https://www.ice.com/products/82363929"",""German THE Natural Gas Daily Financial Futures (ICIS)"")","26997","TGN","TGN","","","Natural Gas","EU Gas Daily","ICEU","NDEX","European Gas Futures","TGN"
"=HYPERLINK(""https://www.ice.com/products/82363930"",""German THE Natural Gas Daily Futures"")","27033","TGP","TGP","","","Natural Gas","GermanTHEDaily","ICEU","NDEX","German Natural Gas Futures","TGP"
"=HYPERLINK(""https://www.ice.com/products/27996810"",""German THE Natural Gas Futures"")","4335","GNM","GNM","CI","","Natural Gas","German THE","ICEU","NDEX","German Natural Gas Futures","GNM"
"=HYPERLINK(""https://www.ice.com/products/71085680"",""German THE Natural Gas Options (Futures Style Margin)"")","22295","GNP","GNP","AZ","","Natural Gas","O-German THE","ICEU","NDEX","German Natural Gas Futures","GNP"
"=HYPERLINK(""https://www.ice.com/products/38716815"",""Glencore Plc"")","8172","GL","GL","","","Single Stock Options","","ICEU","IFLO","Liffe Equity Derivatives - Non-US Based","GL"
"=HYPERLINK(""https://www.ice.com/products/83049229"",""Glencore plc Mini"")","31777","8GL","8GL","","","Mini Single Stocks","O-Min UK Equity","ICEU","IFLO","Mini Equity Non-US Based","8GL"
"=HYPERLINK(""https://www.ice.com/products/82118761"",""Global Carbon Index Futures"")","26873","CO2","CO2","","","Emissions","Carbon Index","ICEU","IFEU","Environmental Index Futures","CO2"
"=HYPERLINK(""https://www.ice.com/products/27066808"",""Gulf Coast Jet Fuel (Platts) Mini Future"")","5036","GCJ","GCJ","RX","EH83","Crude Oil and Refined Products","Am Ref bbl","ICEU","IFED","Oil Americas","GCJ"
"=HYPERLINK(""https://www.ice.com/products/6753533"",""Gulf Coast Jet Fuel Future"")","3073","JCF","JCF","MJ","VP64","Crude Oil and Refined Products","Am Ref bbl","ICEU","IFED","Oil Americas","JCF"
"=HYPERLINK(""https://www.ice.com/products/72270573"",""Gulf Coast LNG (Platts) 1st Line Financial Future"")","23634","GPF","GPF","PD","","Liquified Natural Gas","LNG JKM","ICEU","IFEU","Financial LNG","GPF"
"=HYPERLINK(""https://www.ice.com/products/63127250"",""Gulf Coast LNG (Platts) Last Day Future"")","19625","GCL","GCL","IQ","","Liquified Natural Gas","LNG GCL","ICEU","IFED","Financial US LNG","GCL"
"=HYPERLINK(""https://www.ice.com/products/27089661"",""Gulf Coast ULSD (Platts) vs Heating Oil 1st Line Balmo Future"")","21856","GCH","GCH","MM","","Crude Oil and Refined Products","Am Ref Diff bbl","ICEU","IFED","Oil Americas","GCH"
"=HYPERLINK(""https://www.ice.com/products/6753530"",""Gulf Coast ULSD Future"")","2464","GUU","GUU","Q4","","Crude Oil and Refined Products","Am Ref bbl","ICEU","IFED","Oil Americas","GUU"
"=HYPERLINK(""https://www.ice.com/products/38716818"",""HSBC Holdings PLC"")","8356","HSB","HSB","","","Single Stock Options","","ICEU","IFLO","Liffe Equity Derivatives - Non-US Based","HSB"
"=HYPERLINK(""https://www.ice.com/products/83049257"",""HSBC Holdings plc Mini"")","31778","8HC","8HC","","","Mini Single Stocks","O-Min UK Equity","ICEU","IFLO","Mini Equity Non-US Based","8HC"
"=HYPERLINK(""https://www.ice.com/products/6590137"",""HSC Basis Future"")","431","HXS","HXS","NZ","NA90","Natural Gas","East TX Basis","ICEU","IFED","Financial Gas","HXS"
"=HYPERLINK(""https://www.ice.com/products/69723155"",""HSC Fixed Price Future"")","21721","FQH","FQH","KR","","Natural Gas","Basis Master","ICEU","IFED","Financial Gas","FQH"
"=HYPERLINK(""https://www.ice.com/products/55250906"",""HSC HPL Pool Physical Basis LD1"")","2881","XZD","XZD","","","Natural Gas","HSC MO PhysGas","NGXC","IEPA","Physical Gas","XZD"
"=HYPERLINK(""https://www.ice.com/products/3306634"",""HSC HPL Pool Physical Fixed Price Monthly"")","2874","XZA","XZA","","","Natural Gas","HSC MO PhysGas","NGXC","IEPA","Physical Gas","XZA"
"=HYPERLINK(""https://www.ice.com/products/3306663"",""HSC HPL Pool Physical Fixed Price Spot"")","2876","XYZ","XYZ","","","Natural Gas","HSC SP PhysGas","NGXC","IEPA","Physical Gas","XYZ"
"=HYPERLINK(""https://www.ice.com/products/3351018"",""HSC HPL Pool Physical Gas Daily Monthly"")","2877","XZC","XZC","<#","","Natural Gas","HSC MO PhysGas","NGXC","IEPA","Physical Gas","XZC"
"=HYPERLINK(""https://www.ice.com/products/3350994"",""HSC HPL Pool Physical Gas Daily Spot"")","2879","XZB","XZB","","","Natural Gas","HSC SP PhysGas","NGXC","IEPA","Physical Gas","XZB"
"=HYPERLINK(""https://www.ice.com/products/55231789"",""HSC HPL Pool Physical Inside FERC"")","2880","XZE","XZE","","","Natural Gas","HSC MO PhysGas","NGXC","IEPA","Physical Gas","XZE"
"=HYPERLINK(""https://www.ice.com/products/6590186"",""HSC Index Future"")","458","SHS","SHS","OQ","NI12","Natural Gas","East TX Index","ICEU","IFED","Financial Gas","SHS"
"=HYPERLINK(""https://www.ice.com/products/6590255"",""HSC Swing Future"")","1461","UCS","UCS","UC","QI03","Natural Gas","East TX Swing","ICEU","IFED","Financial Gas","UCS"
"=HYPERLINK(""https://www.ice.com/products/82270887"",""HSC/Katy Index Future"")","26999","HKA","HKA","","","Natural Gas","East TX Index","ICEU","IFED","Financial Gas","HKA"
"=HYPERLINK(""https://www.ice.com/products/82547551"",""Haleon Plc"")","27667","HAE","HAE","","","Single Stock Options","O-LSE Master","ICEU","IFLO","Liffe Equity Derivatives - Non-US Based","HAE"
"=HYPERLINK(""https://www.ice.com/products/82994079"",""Halma Plc"")","28525","HM5","HLM","","","Single Stock Options","O-LSE Master","ICEU","IFLO","Liffe Equity Derivatives - Non-US Based","HM5"
"=HYPERLINK(""https://www.ice.com/products/38716816"",""Hammerson PLC"")","8316","HMS","HMS","","","Single Stock Options","","ICEU","IFLO","Liffe Equity Derivatives - Non-US Based","HMS"
"=HYPERLINK(""https://www.ice.com/products/6729757"",""Handysize Timecharter (Baltic) Freight Future"")","2945","TCH","TCH","I<","","Dry Freight","Dry Freight Day","ICEU","IFEU","Dry Freight","TCH"
"=HYPERLINK(""https://www.ice.com/products/83047288"",""Harbour Energy Plc (Std Option/Amer/Dlv)"")","30077","HBS","HBR","","","Single Stock Options","O-LSE Master","ICEU","IFLO","Liffe Equity Derivatives - Non-US Based","HBS"
"=HYPERLINK(""https://www.ice.com/products/6753531"",""Heating Oil 1st Line Future"")","39","HOF","UHO","HF","QH59","Crude Oil and Refined Products","Am Ref bbl","ICEU","IFED","Oil Americas","HOF"
"=HYPERLINK(""https://www.ice.com/products/27066804"",""Heating Oil 1st Line Mini Future"")","5035","HOM","HOM","RT","EH79","Crude Oil and Refined Products","Am Ref bbl","ICEU","IFED","Oil Americas","HOM"
"=HYPERLINK(""https://www.ice.com/products/5029407"",""Heating Oil American-Style Options"")","3993","O","UHO","OM","NF69","Crude Oil and Refined Products","O-ICE Heating Oil","ICEU","IFEU","ICE Heating Oil Futures","UHO"
"=HYPERLINK(""https://www.ice.com/products/55999118"",""Heating Oil Arb - Heating Oil 1st Line vs Low Sulphur Gasoil 1st Line Balmo Future"")","23287","UL9","UL9","8N","","Crude Oil and Refined Products","Am Ref Diff bbl","ICEU","IFED","Oil Americas","UL9"
"=HYPERLINK(""https://www.ice.com/products/72265905"",""Heating Oil Arb - NYH ULSHO 1st Line vs Low Sulphur Gasoil 1st Line Future (in Bbls)"")","23614","NYG","NYG","O<","","Crude Oil and Refined Products","Am Ref Diff bbl","ICEU","IFED","Oil Americas","NYG"
"=HYPERLINK(""https://www.ice.com/products/11530204"",""Heating Oil Average Price Options"")","4814","HOF","UHO","HF","QH59","Crude Oil and Refined Products","O-Am Ref bbl","ICEU","IFED","Oil Americas","HOF"
"=HYPERLINK(""https://www.ice.com/products/6753301"",""Heating Oil Crack - Heating Oil 1st Line vs Brent 1st Line Future (in bbls)"")","2922","HBT","HBT","K@","","Crude Oil and Refined Products","Am Cracks bbl","ICEU","IFED","Oil Americas","HBT"
"=HYPERLINK(""https://www.ice.com/products/6753302"",""Heating Oil Crack - Heating Oil 1st Line vs WTI 1st Line Future"")","3070","HBW","HBW","M<","","Crude Oil and Refined Products","Am Cracks bbl","ICEU","IFED","Oil Americas","HBW"
"=HYPERLINK(""https://www.ice.com/products/72265908"",""Heating Oil Crack - NYH ULSHO 1st Line vs Midland WTI American Gulf Coast 1st Line Future (in Bbls)"")","23617","NYP","NYP","O)","","Crude Oil and Refined Products","Am Cracks bbl","ICEU","IFED","Oil Americas","NYP"
"=HYPERLINK(""https://www.ice.com/products/201"",""Heating Oil Futures"")","491","O","UHO","OM","NF69","Crude Oil and Refined Products","ICE Heating Oil","ICEU","IFEU","ICE Heating Oil Futures","UHO"
"=HYPERLINK(""https://www.ice.com/products/73051342"",""Heating Oil Outright - Heating Oil 1st Line Balmo Future"")","24303","DDF","DDF","RF","","Crude Oil and Refined Products","Am Ref bbl","ICEU","IFED","Oil Americas","DDF"
"=HYPERLINK(""https://www.ice.com/products/82067435"",""Heating Oil Outright - ICE (NYH) Heating Oil Last Day Future"")","26755","OLD","UHO","","","Crude Oil and Refined Products","ICE Heating Oil","ICEU","IFEU","ICE Heating Oil Futures","OLD"
"=HYPERLINK(""https://www.ice.com/products/72643664"",""Heating Oil Outright - NYH ULSD Future"")","23594","O62","O62","PF","","Crude Oil and Refined Products","ICE Heating Oil","ICEU","IFEU","ICE Heating Oil Futures","O62"
"=HYPERLINK(""https://www.ice.com/products/72270588"",""Heating Oil Outright - NYH ULSHO Future"")","23590","O67","O67","PE","","Crude Oil and Refined Products","ICE Heating Oil","ICEU","IFEU","ICE Heating Oil Futures","O67"
"=HYPERLINK(""https://www.ice.com/products/3545360"",""Heating Oil/Low Sulphur Gasoil Futures Spread"")","3445","O","UHO","OM","NF69","Crude Oil and Refined Products","HO/LS GO Spr","ICEU","IFEU","Heating Oil/LS Gasoil Futures Spread","UHO"
"=HYPERLINK(""https://www.ice.com/products/6590136"",""Henry Basis Future"")","430","HEN","HEN","NH","NA89","Natural Gas","Southeast Basis","ICEU","IFED","Financial Gas","HEN"
"=HYPERLINK(""https://www.ice.com/products/83047335"",""Henry Cal 1X Fixed Price ICE Lots Options"")","30070","HHB","HHB","","","Natural Gas","O-Henry Nat Gas","ICEU","IFED","Henry Hub","HHB"
"=HYPERLINK(""https://www.ice.com/products/79347917"",""Henry Cal 1X Fixed Price Options"")","25823","HHA","HHA","","","Natural Gas","O-Henry Nat Gas","ICEU","IFED","Henry Hub","HHA"
"=HYPERLINK(""https://www.ice.com/products/6590185"",""Henry Index Future"")","457","HIS","HIS","NX","NA91","Natural Gas","Southeast Index","ICEU","IFED","Financial Gas","HIS"
"=HYPERLINK(""https://www.ice.com/products/6590266"",""Henry LD1 Same Day Fixed Price Future"")","2867","SDH","SDH","-<","","Natural Gas","Henry Nat Gas","ICEU","IFED","Financial Gas","SDH"
"=HYPERLINK(""https://www.ice.com/products/6590264"",""Henry Penultimate Fixed Price Future"")","261","PHE","HNG","PH","O759","Natural Gas","Henry Hub (Pen)","ICEU","IFED","Henry Hub","PHE"
"=HYPERLINK(""https://www.ice.com/products/49883946"",""Henry Penultimate Fixed Price Future 25K"")","16962","HHP","HNG","C9","","Natural Gas","HH Pen 25k","ICEU","IFED","Henry Hub","HHP"
"=HYPERLINK(""https://www.ice.com/products/1188"",""Henry Physical Basis LD1"")","1142","XGA","XGA","","","Natural Gas","Hen Phys Gas","NGXC","IEPA","Physical Gas","XGA"
"=HYPERLINK(""https://www.ice.com/products/1147"",""Henry Physical Fixed Price Monthly"")","1124","XGB","XGB","","","Natural Gas","Hen Phys Gas","NGXC","IEPA","Physical Gas","XGB"
"=HYPERLINK(""https://www.ice.com/products/1156"",""Henry Physical Fixed Price Spot"")","1126","XGF","XGF","","","Natural Gas","Hen SP Phys Gas","NGXC","IEPA","Physical Gas","XGF"
"=HYPERLINK(""https://www.ice.com/products/1164"",""Henry Physical Gas Daily Monthly"")","1133","XGC","XGC","","","Natural Gas","Hen Phys Gas","NGXC","IEPA","Physical Gas","XGC"
"=HYPERLINK(""https://www.ice.com/products/1172"",""Henry Physical Gas Daily Spot"")","1417","XGG","XGG","","","Natural Gas","Hen BM Phys Gas","NGXC","IEPA","Physical Gas","XGG"
"=HYPERLINK(""https://www.ice.com/products/1181"",""Henry Physical Inside FERC"")","1139","XGD","XGD","","","Natural Gas","Hen Phys Gas","NGXC","IEPA","Physical Gas","XGD"
"=HYPERLINK(""https://www.ice.com/products/83047290"",""Hikma Pharmaceuticals Plc (Std Option/Amer/Dlv)"")","30079","HIL","HKP","","","Single Stock Options","O-LSE Master","ICEU","IFLO","Liffe Equity Derivatives - Non-US Based","HIL"
"=HYPERLINK(""https://www.ice.com/products/83047736"",""Hydro GO Futures"")","30466","GOX","GOX","","","Environmental","AIB GO","ICEU","NDEX","Guarantees of Origin","GOX"
"=HYPERLINK(""https://www.ice.com/products/82067436"",""ICE (RBOB) Gasoline Last Day Future"")","26758","NLD","UHU","","","Crude Oil and Refined Products","ICE RBOBGas","ICEU","IFEU","ICE NYH (RBOB) Gasoline Futures","NLD"
"=HYPERLINK(""https://www.ice.com/products/71544055"",""ICE C5 ENB 1a Index Futures"")","23418","CEH","CEH","NU","","Crude Oil and Refined Products","Am Crude Diffs","ICEU","IFED","US Crude","CEH"
"=HYPERLINK(""https://www.ice.com/products/71544054"",""ICE C5 PEA 1a Index Futures"")","23417","CEG","CEG","NS","","Crude Oil and Refined Products","Am Crude Diffs","ICEU","IFED","US Crude","CEG"
"=HYPERLINK(""https://www.ice.com/products/83046828"",""ICE Endex Dutch TTF Natural Gas 1-Month Calendar Spread Options"")","29821","DT1","DT1","","","Natural Gas","O-Dutch TTF BL","ICEU","NDEX","Dutch TTF Gas Futures","DT1"
"=HYPERLINK(""https://www.ice.com/products/83046835"",""ICE Endex Dutch TTF Natural Gas 12-Month Calendar Spread Options"")","29827","DT0","DT0","","","Natural Gas","O-Dutch TTF BL","ICEU","NDEX","Dutch TTF Gas Futures","DT0"
"=HYPERLINK(""https://www.ice.com/products/83046829"",""ICE Endex Dutch TTF Natural Gas 2-Month Calendar Spread Options"")","29822","DT2","DT2","","","Natural Gas","O-Dutch TTF BL","ICEU","NDEX","Dutch TTF Gas Futures","DT2"
"=HYPERLINK(""https://www.ice.com/products/83046831"",""ICE Endex Dutch TTF Natural Gas 3-Month Calendar Spread Options"")","29823","DT3","DT3","","","Natural Gas","O-Dutch TTF BL","ICEU","NDEX","Dutch TTF Gas Futures","DT3"
"=HYPERLINK(""https://www.ice.com/products/83046832"",""ICE Endex Dutch TTF Natural Gas 4-Month Calendar Spread Options"")","29824","DT4","DT4","","","Natural Gas","O-Dutch TTF BL","ICEU","NDEX","Dutch TTF Gas Futures","DT4"
"=HYPERLINK(""https://www.ice.com/products/83046833"",""ICE Endex Dutch TTF Natural Gas 5-Month Calendar Spread Options"")","29825","DT5","DT5","","","Natural Gas","O-Dutch TTF BL","ICEU","NDEX","Dutch TTF Gas Futures","DT5"
"=HYPERLINK(""https://www.ice.com/products/83046834"",""ICE Endex Dutch TTF Natural Gas 6-Month Calendar Spread Options"")","29826","DT6","DT6","","","Natural Gas","O-Dutch TTF BL","ICEU","NDEX","Dutch TTF Gas Futures","DT6"
"=HYPERLINK(""https://www.ice.com/products/83048599"",""ICE Futures Europe Dutch TTF Natural Gas 1st Line Financial Balmo Futures (USD/MMBTU)"")","31222","TFB","TFB","","","Natural Gas","Dutch TTF USD","ICEU","IFEU","IPE Natural Gas Futures","TFB"
"=HYPERLINK(""https://www.ice.com/products/82843860"",""ICE Futures Europe Dutch TTF Natural Gas Futures"")","28456","TFN","TFN","","","Natural Gas","Dutch TTF IFEU","ICEU","IFEU","IPE Natural Gas Futures","TFN"
"=HYPERLINK(""https://www.ice.com/products/82843862"",""ICE Futures Europe Dutch TTF Natural Gas Options"")","28459","TFN","TFN","","","Natural Gas","O-Dutch TTF IFEU","ICEU","IFEU","IPE Natural Gas Futures","TFN"
"=HYPERLINK(""https://www.ice.com/products/70005423"",""ICE Futures Europe One Month SOFR Index Future"")","22156","SF1","SF1","","","Short Term Interest Rates","SOFR 1Month","ICEU","IFLL","SOFR Futures","SF1"
"=HYPERLINK(""https://www.ice.com/products/70005442"",""ICE Futures Europe Three Month SOFR Index Future"")","22158","SF3","SF3","","","Short Term Interest Rates","SOFR 3Month","ICEU","IFLL","SOFR Futures","SF3"
"=HYPERLINK(""https://www.ice.com/products/83046607"",""ICE HITAN EDM 1a Index Future"")","29135","HTN","HTN","","","Crude Oil and Refined Products","Am Crude Diffs","ICEU","IFED","US Crude","HTN"
"=HYPERLINK(""https://www.ice.com/products/72662850"",""ICE NGX AESO Financial Ext Off-Peak Fixed Price"")","1094","XDP","XDP","","","Electricity","NGX AT PWR Swap","NGXC","NGXC","NGX Financial Power","XDP"
"=HYPERLINK(""https://www.ice.com/products/72662851"",""ICE NGX AESO Financial Ext Off-Peak Fixed Price"")","1096","XCZ","XCZ","","","Electricity","NGX AT PWR Swap","NGXC","NGXC","NGX Financial Power","XCZ"
"=HYPERLINK(""https://www.ice.com/products/72662838"",""ICE NGX AESO Financial Ext Peak Fixed Price"")","1098","XCX","XCX","","","Electricity","NGX AE PWR Swap","NGXC","NGXC","NGX Financial Power","XCX"
"=HYPERLINK(""https://www.ice.com/products/72662839"",""ICE NGX AESO Financial Ext Peak Fixed Price"")","1099","XDQ","XDQ","","","Electricity","NGX AE PWR Swap","NGXC","NGXC","NGX Financial Power","XDQ"
"=HYPERLINK(""https://www.ice.com/products/72662828"",""ICE NGX AESO Financial Flat Fixed Price"")","1101","XCU","XCU","","","Electricity","NGX AF PWR Swap","NGXC","NGXC","NGX Financial Power","XCU"
"=HYPERLINK(""https://www.ice.com/products/72662830"",""ICE NGX AESO Financial Flat Fixed Price"")","1102","XDT","XDT","","","Electricity","NGX AF PWR Swap","NGXC","NGXC","NGX Financial Power","XDT"
"=HYPERLINK(""https://www.ice.com/products/72662852"",""ICE NGX AESO Financial Off-Peak Fixed Price"")","1104","XCW","XCW","","","Electricity","NGX AO PWR Swap","NGXC","NGXC","NGX Financial Power","XCW"
"=HYPERLINK(""https://www.ice.com/products/72662853"",""ICE NGX AESO Financial Off-Peak Fixed Price"")","1105","XDU","XDU","","","Electricity","NGX AO PWR Swap","NGXC","NGXC","NGX Financial Power","XDU"
"=HYPERLINK(""https://www.ice.com/products/72662842"",""ICE NGX AESO Financial Peak Fixed Price"")","1107","XCV","XCV","","","Electricity","NGX AP PWR Swap","NGXC","NGXC","NGX Financial Power","XCV"
"=HYPERLINK(""https://www.ice.com/products/72662843"",""ICE NGX AESO Financial Peak Fixed Price"")","1108","XDV","XDV","","","Electricity","NGX AP PWR Swap","NGXC","NGXC","NGX Financial Power","XDV"
"=HYPERLINK(""https://www.ice.com/products/72662844"",""ICE NGX AESO Financial Super Peak Fixed Price"")","1110","XCY","XCY","","","Electricity","NGX AR PWR Swap","NGXC","NGXC","NGX Financial Power","XCY"
"=HYPERLINK(""https://www.ice.com/products/72662845"",""ICE NGX AESO Financial Super Peak Fixed Price"")","1111","XDW","XDW","","","Electricity","NGX AR PWR Swap","NGXC","NGXC","NGX Financial Power","XDW"
"=HYPERLINK(""https://www.ice.com/products/73447529"",""ICE NGX APC-ATP  7A Index Price Monthly"")","16461","YBY","YBY","","","Natural Gas","NGX APC-ATP MO","NGXC","NGXC","NGX Physical Gas","YBY"
"=HYPERLINK(""https://www.ice.com/products/73447521"",""ICE NGX APC-ATP 2A Index Price Daily"")","16455","YBR","YBR","","","Natural Gas","NGX APC-ATP SP","NGXC","NGXC","NGX Physical Gas","YBR"
"=HYPERLINK(""https://www.ice.com/products/73447522"",""ICE NGX APC-ATP 2A Index Price Monthly"")","16454","YBS","YBS","","","Natural Gas","NGX APC-ATP MO","NGXC","NGXC","NGX Physical Gas","YBS"
"=HYPERLINK(""https://www.ice.com/products/73447523"",""ICE NGX APC-ATP 5A Index Price Daily"")","16477","YBT","YBT","","","Natural Gas","NGX APC-ATP SP","NGXC","NGXC","NGX Physical Gas","YBT"
"=HYPERLINK(""https://www.ice.com/products/73447525"",""ICE NGX APC-ATP 5A Index Price Daily"")","16478","YBV","YBV","","","Natural Gas","NGX APC-ATP SP","NGXC","NGXC","NGX Physical Gas","YBV"
"=HYPERLINK(""https://www.ice.com/products/73447524"",""ICE NGX APC-ATP 5A Index Price Monthly"")","16456","YBU","YBU","","","Natural Gas","NGX APC-ATP MO","NGXC","NGXC","NGX Physical Gas","YBU"
"=HYPERLINK(""https://www.ice.com/products/73447526"",""ICE NGX APC-ATP 5A Index Price Monthly"")","16463","YBW","YBW","","","Natural Gas","NGX APC-ATP MO","NGXC","NGXC","NGX Physical Gas","YBW"
"=HYPERLINK(""https://www.ice.com/products/73447527"",""ICE NGX APC-ATP 7A Index Price Monthly"")","16457","YBX","YBX","","","Natural Gas","NGX APC-ATP MO","NGXC","NGXC","NGX Physical Gas","YBX"
"=HYPERLINK(""https://www.ice.com/products/73447530"",""ICE NGX APC-ATP Day-Ahead Index Daily"")","16460","YBZ","YBZ","","","Natural Gas","NGX APC-ATP SP","NGXC","NGXC","NGX Physical Gas","YBZ"
"=HYPERLINK(""https://www.ice.com/products/73447531"",""ICE NGX APC-ATP Day-Ahead Index Monthly"")","16459","YCA","YCA","","","Natural Gas","NGX APC-ATP MO","NGXC","NGXC","NGX Physical Gas","YCA"
"=HYPERLINK(""https://www.ice.com/products/73447532"",""ICE NGX APC-ATP Fixed Price Daily"")","16452","YBJ","YBJ","","","Natural Gas","NGX APC-ATP SP","NGXC","NGXC","NGX Physical Gas","YBJ"
"=HYPERLINK(""https://www.ice.com/products/73447535"",""ICE NGX APC-ATP Fixed Price Daily"")","16476","YBL","YBL","","","Natural Gas","NGX APC-ATP SP","NGXC","NGXC","NGX Physical Gas","YBL"
"=HYPERLINK(""https://www.ice.com/products/73447534"",""ICE NGX APC-ATP Fixed Price Daily"")","18381","YCF","YCF","","","Natural Gas","NGX APC-ATP SP","NGXC","NGXC","NGX Physical Gas","YCF"
"=HYPERLINK(""https://www.ice.com/products/73447533"",""ICE NGX APC-ATP Fixed Price Monthly"")","16451","YBK","YBK","","","Natural Gas","NGX APC-ATP MO","NGXC","NGXC","NGX Physical Gas","YBK"
"=HYPERLINK(""https://www.ice.com/products/73447536"",""ICE NGX APC-ATP Fixed Price Monthly"")","16466","YBM","YBM","","","Natural Gas","NGX APC-ATP MO","NGXC","NGXC","NGX Physical Gas","YBM"
"=HYPERLINK(""https://www.ice.com/products/73447537"",""ICE NGX APC-ATP ID ATP Day-Ahead Index Daily"")","16473","YBP","YBP","","","Natural Gas","NGX APC-ATP SP","NGXC","NGXC","NGX Physical Gas","YBP"
"=HYPERLINK(""https://www.ice.com/products/73447538"",""ICE NGX APC-ATP ID ATP Day-Ahead Index Monthly"")","16472","YBQ","YBQ","","","Natural Gas","NGX APC-ATP MO","NGXC","NGXC","NGX Physical Gas","YBQ"
"=HYPERLINK(""https://www.ice.com/products/73447539"",""ICE NGX APC-ATP ID ATP Same Day Daily"")","16470","YBN","YBN","","","Natural Gas","NGX APC-ATP SP","NGXC","NGXC","NGX Physical Gas","YBN"
"=HYPERLINK(""https://www.ice.com/products/73447540"",""ICE NGX APC-ATP ID ATP Same Day Monthly"")","16468","YBO","YBO","","","Natural Gas","NGX APC-ATP MO","NGXC","NGXC","NGX Physical Gas","YBO"
"=HYPERLINK(""https://www.ice.com/products/83048693"",""ICE NGX ERCOT North 345KV Financial ATC Fixed Price"")","31392","EXA","EXA","","","Electricity","ERCOT Fin Month","NGXC","NGXC","NGX Financial Power","EXA"
"=HYPERLINK(""https://www.ice.com/products/83048719"",""ICE NGX ERCOT North 345KV Financial Real-Time ATC Daily Fixed Price"")","31399","EAX","EAX","","","Electricity","ERCOT Fin Spot","NGXC","NGXC","NGX Financial Power","EAX"
"=HYPERLINK(""https://www.ice.com/products/83048718"",""ICE NGX ERCOT North 345KV Financial Real-Time HE 0700-2200 Fixed Price"")","31398","EX5","EX5","","","Electricity","ERCOT Fin Month","NGXC","NGXC","NGX Financial Power","EX5"
"=HYPERLINK(""https://www.ice.com/products/83049726"",""ICE NGX ERCOT North 345kV Financial Real-Time HE 0700-0900 7x Daily Fixed Price"")","32387","ZH9","ZH9","","","Electricity","ERCOT Fin Spot","NGXC","NGXC","NGX Financial Power","ZH9"
"=HYPERLINK(""https://www.ice.com/products/83049727"",""ICE NGX ERCOT North 345kV Financial Real-Time HE 0700-0900 7x Fixed Price"")","32386","ZRE","ZRE","","","Electricity","ERCOT Fin Month","NGXC","NGXC","NGX Financial Power","ZRE"
"=HYPERLINK(""https://www.ice.com/products/83048720"",""ICE NGX ERCOT North 345kV Financial Real-Time HE 1-6, 23, 24, 7x Daily Fixed Price"")","31401","E6X","E6X","","","Electricity","ERCOT Fin Spot","NGXC","NGXC","NGX Financial Power","E6X"
"=HYPERLINK(""https://www.ice.com/products/83048714"",""ICE NGX ERCOT North 345kV Financial Real-Time HE 1-6, 23, 24, 7x Fixed Price"")","31394","EX6","EX6","","","Electricity","ERCOT Fin Month","NGXC","NGXC","NGX Financial Power","EX6"
"=HYPERLINK(""https://www.ice.com/products/83048723"",""ICE NGX ERCOT North 345kV Financial Real-Time HE 1000-1700 7x Daily Fixed Price"")","31400","E7X","E7X","","","Electricity","ERCOT Fin Spot","NGXC","NGXC","NGX Financial Power","E7X"
"=HYPERLINK(""https://www.ice.com/products/83048713"",""ICE NGX ERCOT North 345kV Financial Real-Time HE 1000-1700 7x Fixed Price"")","31393","EX7","EX7","","","Electricity","ERCOT Fin Month","NGXC","NGXC","NGX Financial Power","EX7"
"=HYPERLINK(""https://www.ice.com/products/83048724"",""ICE NGX ERCOT North 345kV Financial Real-Time HE 1800-2200 7x Daily Fixed Price"")","31402","E4X","E4X","","","Electricity","ERCOT Fin Spot","NGXC","NGXC","NGX Financial Power","E4X"
"=HYPERLINK(""https://www.ice.com/products/83048715"",""ICE NGX ERCOT North 345kV Financial Real-Time HE 1800-2200 7x Fixed Price"")","31395","EX4","EX4","","","Electricity","ERCOT Fin Month","NGXC","NGXC","NGX Financial Power","EX4"
"=HYPERLINK(""https://www.ice.com/products/83048722"",""ICE NGX ERCOT North 345kV Financial Real-Time Off-Peak Daily Fixed Price"")","31403","E9X","E9X","","","Electricity","ERCOT Fin Spot","NGXC","NGXC","NGX Financial Power","E9X"
"=HYPERLINK(""https://www.ice.com/products/83048716"",""ICE NGX ERCOT North 345kV Financial Real-Time Off-Peak Fixed Price"")","31396","EX9","EX9","","","Electricity","ERCOT Fin Month","NGXC","NGXC","NGX Financial Power","EX9"
"=HYPERLINK(""https://www.ice.com/products/83048721"",""ICE NGX ERCOT North 345kV Financial Real-Time Off-Peak Weekend HE 0700-2200 Daily Fixed Price"")","31404","E2X","E2X","","","Electricity","ERCOT Fin Spot","NGXC","NGXC","NGX Financial Power","E2X"
"=HYPERLINK(""https://www.ice.com/products/83048717"",""ICE NGX ERCOT North 345kV Financial Real-Time Off-Peak Weekend HE 0700-2200 Fixed Price"")","31397","EX2","EX2","","","Electricity","ERCOT Fin Month","NGXC","NGXC","NGX Financial Power","EX2"
"=HYPERLINK(""https://www.ice.com/products/83048725"",""ICE NGX ERCOT North 345kV Financial Real-Time Peak HE 0700-2200 Daily Fixed Price"")","31405","E5X","E5X","","","Electricity","ERCOT Fin Spot","NGXC","NGXC","NGX Financial Power","E5X"
"=HYPERLINK(""https://www.ice.com/products/73447657"",""ICE NGX Enbridge Gas Dawn Day-Ahead Index Daily"")","1002","XCT","XCT","","","Natural Gas","NGX DawnPkwy SP","","NGXC","NGX Physical Gas","XCT"
"=HYPERLINK(""https://www.ice.com/products/73447656"",""ICE NGX Enbridge Gas Dawn Day-Ahead Index Monthly"")","1001","XCS","XCS","","","Natural Gas","NGX DawnPkwy MO","","NGXC","NGX Physical Gas","XCS"
"=HYPERLINK(""https://www.ice.com/products/73447659"",""ICE NGX Enbridge Gas Dawn Fixed Price Daily"")","22003","XCL","XCL","","","Natural Gas","NGX DawnPkwy SP","","NGXC","NGX Physical Gas","XCL"
"=HYPERLINK(""https://www.ice.com/products/73447661"",""ICE NGX Enbridge Gas Dawn Fixed Price Monthly"")","930","XAJ","XAJ","","","Natural Gas","NGX DawnPkwy MO","","NGXC","NGX Physical Gas","XAJ"
"=HYPERLINK(""https://www.ice.com/products/73447653"",""ICE NGX Enbridge Gas Dawn Physical Basis LD1"")","883","XCN","XCN","","","Natural Gas","NGX DawnPkwy MO","","NGXC","NGX Physical Gas","XCN"
"=HYPERLINK(""https://www.ice.com/products/73447660"",""ICE NGX Enbridge Gas Parkway Fixed Price Daily"")","22004","XCM","XCM","","","Natural Gas","NGX DawnPkwy SP","","NGXC","NGX Physical Gas","XCM"
"=HYPERLINK(""https://www.ice.com/products/73447663"",""ICE NGX Enbridge Gas Parkway Fixed Price Monthly"")","19894","XAS","XAS","","","Natural Gas","NGX DawnPkwy MO","NGXC","NGXC","NGX Physical Gas","XAS"
"=HYPERLINK(""https://www.ice.com/products/73447662"",""ICE NGX Enbridge Gas Parkway Physical Basis LD1"")","19893","XCO","XCO","","","Natural Gas","NGX DawnPkwy MO","","NGXC","NGX Physical Gas","XCO"
"=HYPERLINK(""https://www.ice.com/products/73447564"",""ICE NGX Enbridge Huntingdon Fixed Price Daily"")","934","XBX","XBX","","","Natural Gas","NGX Hunt Spot","NGXC","NGXC","NGX Physical Gas","XBX"
"=HYPERLINK(""https://www.ice.com/products/73447563"",""ICE NGX Enbridge Huntingdon Fixed Price Monthly"")","938","XAY","XAY","","","Natural Gas","NGX Hunt Month","NGXC","NGXC","NGX Physical Gas","XAY"
"=HYPERLINK(""https://www.ice.com/products/73447566"",""ICE NGX Enbridge Huntingdon Gas Daily Daily"")","1005","XBV","XBV","","","Natural Gas","NGX Hunt Spot","NGXC","NGXC","NGX Physical Gas","XBV"
"=HYPERLINK(""https://www.ice.com/products/73447567"",""ICE NGX Enbridge Huntingdon Gas Daily Monthly"")","1004","XBW","XBW","","","Natural Gas","NGX Hunt Month","NGXC","NGXC","NGX Physical Gas","XBW"
"=HYPERLINK(""https://www.ice.com/products/73447569"",""ICE NGX Enbridge Huntingdon Inside FERC"")","1009","XBT","XBT","","","Natural Gas","NGX Hunt Month","NGXC","NGXC","NGX Physical Gas","XBT"
"=HYPERLINK(""https://www.ice.com/products/73447565"",""ICE NGX Enbridge Huntingdon Physical Basis LD1"")","911","XIA","XIA","","","Natural Gas","NGX Hunt Month","NGXC","NGXC","NGX Physical Gas","XIA"
"=HYPERLINK(""https://www.ice.com/products/73447558"",""ICE NGX Enbridge Station 2 Day-Ahead Index Daily"")","999","XBS","XBS","","","Natural Gas","NGX Stn2 Spot","NGXC","NGXC","NGX Physical Gas","XBS"
"=HYPERLINK(""https://www.ice.com/products/73447556"",""ICE NGX Enbridge Station 2 Day-Ahead Index Monthly"")","998","XBR","XBR","","","Natural Gas","NGX Stn2 Month","NGXC","NGXC","NGX Physical Gas","XBR"
"=HYPERLINK(""https://www.ice.com/products/73447571"",""ICE NGX Enbridge Station 2 Fixed Price Daily"")","941","XBZ","XBZ","","","Natural Gas","NGX Stn2 Spot","NGXC","NGXC","NGX Physical Gas","XBZ"
"=HYPERLINK(""https://www.ice.com/products/73447570"",""ICE NGX Enbridge Station 2 Fixed Price Daily"")","18591","XBY","XBY","","","Natural Gas","NGX Stn2 Spot","NGXC","NGXC","NGX Physical Gas","XBY"
"=HYPERLINK(""https://www.ice.com/products/73447572"",""ICE NGX Enbridge Station 2 Fixed Price Monthly"")","895","XAT","XAT","","","Natural Gas","NGX Stn2 Month","NGXC","NGXC","NGX Physical Gas","XAT"
"=HYPERLINK(""https://www.ice.com/products/73447559"",""ICE NGX Enbridge Station 2 Fixed Price Monthly"")","943","XBQ","XBQ","","","Natural Gas","NGX Stn2 Month","NGXC","NGXC","NGX Physical Gas","XBQ"
"=HYPERLINK(""https://www.ice.com/products/73447541"",""ICE NGX Enbridge Station 2 ID, 7A Monthly"")","990","XIB","XIB","","","Natural Gas","NGX Stn2 Month","NGXC","NGXC","NGX Physical Gas","XIB"
"=HYPERLINK(""https://www.ice.com/products/83047053"",""ICE NGX Enbridge Station 2 Month Ahead Index"")","29852","X1A","X1A","","","Natural Gas","NGX Stn2 Month","NGXC","NGXC","NGX Physical Gas","X1A"
"=HYPERLINK(""https://www.ice.com/products/72662855"",""ICE NGX IESO Financial Ext Off-Peak Fixed Price"")","1917","XDH","XDH","","","Electricity","NGX OT PWR Swap","NGXC","NGXC","NGX Financial Power","XDH"
"=HYPERLINK(""https://www.ice.com/products/72662856"",""ICE NGX IESO Financial Ext Off-Peak Fixed Price"")","1918","XDG","XDG","","","Electricity","NGX OT PWR Swap","NGXC","NGXC","NGX Financial Power","XDG"
"=HYPERLINK(""https://www.ice.com/products/83048806"",""ICE NGX IESO Financial Extended Off Peak Fixed Price"")","31047","OJI","OJI","","","Electricity","NGX OT PWR Swap","NGXC","NGXC","NGX Financial Power","OJI"
"=HYPERLINK(""https://www.ice.com/products/72662846"",""ICE NGX IESO Financial Extended Peak Fixed Price"")","1914","XDF","XDF","","","Electricity","NGX OE PWR Swap","NGXC","NGXC","NGX Financial Power","XDF"
"=HYPERLINK(""https://www.ice.com/products/72662847"",""ICE NGX IESO Financial Extended Peak Fixed Price"")","1915","XDE","XDE","","","Electricity","NGX OE PWR Swap","NGXC","NGXC","NGX Financial Power","XDE"
"=HYPERLINK(""https://www.ice.com/products/83048559"",""ICE NGX IESO Financial Extended Peak Fixed Price"")","30988","OOD","OOD","","","Electricity","NGX OE PWR Swap","NGXC","NGXC","NGX Financial Power","OOD"
"=HYPERLINK(""https://www.ice.com/products/72662831"",""ICE NGX IESO Financial Flat Fixed Price"")","1113","XDB","XDB","","","Electricity","NGX OF PWR Swap","NGXC","NGXC","NGX Financial Power","XDB"
"=HYPERLINK(""https://www.ice.com/products/72662832"",""ICE NGX IESO Financial Flat Fixed Price"")","1114","XDY","XDY","","","Electricity","NGX OF PWR Swap","NGXC","NGXC","NGX Financial Power","XDY"
"=HYPERLINK(""https://www.ice.com/products/83048498"",""ICE NGX IESO Financial Off Peak Fixed Price"")","30923","OPA","OPA","","","Electricity","NGX OO PWR Swap","NGXC","NGXC","NGX Financial Power","OPA"
"=HYPERLINK(""https://www.ice.com/products/83048499"",""ICE NGX IESO Financial Off Peak Fixed Price"")","30932","OPB","OPB","","","Electricity","NGX OO PWR Swap","NGXC","NGXC","NGX Financial Power","OPB"
"=HYPERLINK(""https://www.ice.com/products/83048503"",""ICE NGX IESO Financial Off Peak Fixed Price"")","30933","OPC","OPC","","","Electricity","NGX OO PWR Swap","NGXC","NGXC","NGX Financial Power","OPC"
"=HYPERLINK(""https://www.ice.com/products/83048507"",""ICE NGX IESO Financial Off Peak Fixed Price"")","30942","OL9","OL9","","","Electricity","NGX OO PWR Swap","NGXC","NGXC","NGX Financial Power","OL9"
"=HYPERLINK(""https://www.ice.com/products/83048510"",""ICE NGX IESO Financial Off Peak Fixed Price"")","30943","OLA","OLA","","","Electricity","NGX OO PWR Swap","NGXC","NGXC","NGX Financial Power","OLA"
"=HYPERLINK(""https://www.ice.com/products/83048511"",""ICE NGX IESO Financial Off Peak Fixed Price"")","30952","OLB","OLB","","","Electricity","NGX OO PWR Swap","NGXC","NGXC","NGX Financial Power","OLB"
"=HYPERLINK(""https://www.ice.com/products/72662857"",""ICE NGX IESO Financial Off-Peak Fixed Price"")","1116","XDD","XDD","","","Electricity","NGX OO PWR Swap","NGXC","NGXC","NGX Financial Power","XDD"
"=HYPERLINK(""https://www.ice.com/products/72662860"",""ICE NGX IESO Financial Off-Peak Fixed Price"")","1117","XDZ","XDZ","","","Electricity","NGX OO PWR Swap","NGXC","NGXC","NGX Financial Power","XDZ"
"=HYPERLINK(""https://www.ice.com/products/72662848"",""ICE NGX IESO Financial Peak Fixed Price"")","1119","XDC","XDC","","","Electricity","NGX OP PWR Swap","NGXC","NGXC","NGX Financial Power","XDC"
"=HYPERLINK(""https://www.ice.com/products/72662849"",""ICE NGX IESO Financial Peak Fixed Price"")","1120","XEA","XEA","","","Electricity","NGX OP PWR Swap","NGXC","NGXC","NGX Financial Power","XEA"
"=HYPERLINK(""https://www.ice.com/products/72662833"",""ICE NGX MISI Financial Intertie Flat Fixed Price"")","15722","XZ6","XZ6","","","Electricity","NGX OF PWR Swap","NGXC","NGXC","NGX Financial Power","XZ6"
"=HYPERLINK(""https://www.ice.com/products/72662835"",""ICE NGX MISI Financial Intertie Flat Fixed Price"")","15723","XJ5","XJ5","","","Electricity","NGX OF PWR Swap","NGXC","NGXC","NGX Financial Power","XJ5"
"=HYPERLINK(""https://www.ice.com/products/72662836"",""ICE NGX NYSI Financial Intertie Flat Fixed Price"")","15724","XZ7","XZ7","","","Electricity","NGX OF PWR Swap","NGXC","NGXC","NGX Financial Power","XZ7"
"=HYPERLINK(""https://www.ice.com/products/72662837"",""ICE NGX NYSI Financial Intertie Flat Fixed Price"")","15725","YAA","YAA","","","Electricity","NGX OF PWR Swap","NGXC","NGXC","NGX Financial Power","YAA"
"=HYPERLINK(""https://www.ice.com/products/74348245"",""ICE NGX River Road Fixed Price Daily"")","24826","X9U","X9U","","","Natural Gas","Tr-RR SPPhysGas","NGXC","IEPA","Physical Gas","X9U"
"=HYPERLINK(""https://www.ice.com/products/74348246"",""ICE NGX River Road Fixed Price Monthly"")","24828","X9V","X9V","","","Natural Gas","Tr-RR MOPhysGas","NGXC","IEPA","Physical Gas","X9V"
"=HYPERLINK(""https://www.ice.com/products/74348247"",""ICE NGX River Road Gas Daily Daily"")","24829","X9W","X9W","","","Natural Gas","Tr-RR SPPhysGas","NGXC","IEPA","Physical Gas","X9W"
"=HYPERLINK(""https://www.ice.com/products/74348248"",""ICE NGX River Road Gas Daily Monthly"")","24831","X9X","X9X","","","Natural Gas","Tr-RR MOPhysGas","NGXC","IEPA","Physical Gas","X9X"
"=HYPERLINK(""https://www.ice.com/products/74348249"",""ICE NGX River Road Physical Basis LD1"")","24833","X9Z","X9Z","","","Natural Gas","Tr-RR MOPhysGas","NGXC","IEPA","Physical Gas","X9Z"
"=HYPERLINK(""https://www.ice.com/products/74348250"",""ICE NGX River Road Physical Inside FERC"")","24832","X9Y","X9Y","","","Natural Gas","Tr-RR MOPhysGas","NGXC","IEPA","Physical Gas","X9Y"
"=HYPERLINK(""https://www.ice.com/products/73447586"",""ICE NGX TCPL  Empress Fixed Price Daily"")","912","XCC","XCC","","","Natural Gas","NGX EmpresSpot","NGXC","NGXC","NGX Physical Gas","XCC"
"=HYPERLINK(""https://www.ice.com/products/73447597"",""ICE NGX TCPL  Niagra Falls Fixed Price Daily"")","21989","XCE","XCE","","","Natural Gas","NGX TCPL Spot","","NGXC","NGX Physical Gas","XCE"
"=HYPERLINK(""https://www.ice.com/products/83046653"",""ICE NGX TCPL - Emerson 1 Day-Ahead Index Daily"")","20365","YHL","YHL","","","Natural Gas","NGX TCPL Spot","NGXC","NGXC","NGX Physical Gas","YHL"
"=HYPERLINK(""https://www.ice.com/products/83046654"",""ICE NGX TCPL - Emerson Great Lakes Day-Ahead Index Monthly"")","20364","YHO","YHO","","","Natural Gas","NGX TCPL Month","NGXC","NGXC","NGX Physical Gas","YHO"
"=HYPERLINK(""https://www.ice.com/products/73447603"",""ICE NGX TCPL Alberta 2A Index Daily"")","963","XAZ","XAZ","","","Natural Gas","NGXAB-NIT Spot","","NGXC","NGX Physical Gas","XAZ"
"=HYPERLINK(""https://www.ice.com/products/73447604"",""ICE NGX TCPL Alberta 2A Index Daily"")","965","XBA","XBA","","","Natural Gas","NGXAB-NIT Spot","","NGXC","NGX Physical Gas","XBA"
"=HYPERLINK(""https://www.ice.com/products/73447601"",""ICE NGX TCPL Alberta 2A Index Monthly"")","961","XAC","XAC","","","Natural Gas","NGXAB-NIT Month","","NGXC","NGX Physical Gas","XAB"
"=HYPERLINK(""https://www.ice.com/products/73447602"",""ICE NGX TCPL Alberta 2A Index Monthly"")","966","XAB","XAB","","","Natural Gas","NGXAB-NIT Month","","NGXC","NGX Physical Gas","XAC"
"=HYPERLINK(""https://www.ice.com/products/73447606"",""ICE NGX TCPL Alberta 4A Index Daily"")","968","XBB","XBB","","","Natural Gas","NGXAB-NIT Spot","","NGXC","NGX Physical Gas","XBB"
"=HYPERLINK(""https://www.ice.com/products/73447605"",""ICE NGX TCPL Alberta 4A Index Monthly"")","970","XAD","XAD","","","Natural Gas","NGXAB-NIT Month","","NGXC","NGX Physical Gas","XAD"
"=HYPERLINK(""https://www.ice.com/products/73447609"",""ICE NGX TCPL Alberta 5A Index Daily"")","975","XBC","XBC","","","Natural Gas","NGXAB-NIT Spot","","NGXC","NGX Physical Gas","XBC"
"=HYPERLINK(""https://www.ice.com/products/73447612"",""ICE NGX TCPL Alberta 5A Index Daily"")","978","XBD","XBD","","","Natural Gas","NGXAB-NIT Spot","","NGXC","NGX Physical Gas","XBD"
"=HYPERLINK(""https://www.ice.com/products/73447607"",""ICE NGX TCPL Alberta 5A Index Monthly"")","974","XAE","XAE","","","Natural Gas","NGXAB-NIT Month","","NGXC","NGX Physical Gas","XAE"
"=HYPERLINK(""https://www.ice.com/products/73447608"",""ICE NGX TCPL Alberta 5A Index Monthly"")","977","XAF","XAF","","","Natural Gas","NGXAB-NIT Month","","NGXC","NGX Physical Gas","XAF"
"=HYPERLINK(""https://www.ice.com/products/73447610"",""ICE NGX TCPL Alberta 7A Index Monthly"")","987","XAG","XAG","","","Natural Gas","NGXAB-NIT Month","","NGXC","NGX Physical Gas","XAG"
"=HYPERLINK(""https://www.ice.com/products/73447614"",""ICE NGX TCPL Alberta 7A Index Monthly"")","989","XAH","XAH","","","Natural Gas","NGXAB-NIT Month","","NGXC","NGX Physical Gas","XAH"
"=HYPERLINK(""https://www.ice.com/products/73447615"",""ICE NGX TCPL Alberta Day-Ahead Index Daily"")","993","XBJ","XBJ","","","Natural Gas","NGXAB-NIT Spot","","NGXC","NGX Physical Gas","XBJ"
"=HYPERLINK(""https://www.ice.com/products/73447611"",""ICE NGX TCPL Alberta Day-Ahead Index Monthly"")","992","XAW","XAW","","","Natural Gas","NGXAB-NIT Month","","NGXC","NGX Physical Gas","XAW"
"=HYPERLINK(""https://www.ice.com/products/83046598"",""ICE NGX TCPL Alberta Financial Fixed Price for 5A Daily (CAD/GJ)"")","15537","YAF","YAF","","","Natural Gas","XNGX FinGas CAD","NGXC","NGXC","NGX Financial Gas","YAF"
"=HYPERLINK(""https://www.ice.com/products/83046597"",""ICE NGX TCPL Alberta Financial Fixed Price for 5A Daily (USD/MM)"")","15538","YAE","YAE","","","Natural Gas","XNGX FinGas USD","NGXC","NGXC","NGX Financial Gas","YAE"
"=HYPERLINK(""https://www.ice.com/products/83046594"",""ICE NGX TCPL Alberta Financial Fixed Price for 5A Monthly (CAD/GJ)"")","6380","XW7","XW7","","","Natural Gas","XNGX FinGas CAD","NGXC","NGXC","NGX Financial Gas","XW7"
"=HYPERLINK(""https://www.ice.com/products/83046593"",""ICE NGX TCPL Alberta Financial Fixed Price for 5A Monthly (USD/MM)"")","6381","XUN","XUN","","","Natural Gas","XNGX FinGas USD","NGXC","NGXC","NGX Financial Gas","XUN"
"=HYPERLINK(""https://www.ice.com/products/83046596"",""ICE NGX TCPL Alberta Financial Fixed Price for 7A (CAD/GJ)"")","6378","XW6","XW6","","","Natural Gas","XNGX FinGas CAD","NGXC","NGXC","NGX Financial Gas","XW6"
"=HYPERLINK(""https://www.ice.com/products/83046595"",""ICE NGX TCPL Alberta Financial Fixed Price for 7A (USD/MM)"")","6379","XNR","XNR","","","Natural Gas","XNGX FinGas USD","NGXC","NGXC","NGX Financial Gas","XNR"
"=HYPERLINK(""https://www.ice.com/products/73447647"",""ICE NGX TCPL Alberta Fixed Price Daily"")","904","XDM","XDM","","","Natural Gas","NGXAB-NIT Spot","","NGXC","NGX Physical Gas","XDM"
"=HYPERLINK(""https://www.ice.com/products/73447620"",""ICE NGX TCPL Alberta Fixed Price Daily"")","914","XBG","XBG","","","Natural Gas","NGXAB-NIT Spot","","NGXC","NGX Physical Gas","XBG"
"=HYPERLINK(""https://www.ice.com/products/73447621"",""ICE NGX TCPL Alberta Fixed Price Daily"")","936","XBH","XBH","","","Natural Gas","NGXAB-NIT Spot","","NGXC","NGX Physical Gas","XBH"
"=HYPERLINK(""https://www.ice.com/products/73447616"",""ICE NGX TCPL Alberta Fixed Price Monthly"")","899","XAV","XAV","","","Natural Gas","NGXAB-NIT Month","","NGXC","NGX Physical Gas","XAV"
"=HYPERLINK(""https://www.ice.com/products/73447617"",""ICE NGX TCPL Alberta Fixed Price Monthly"")","937","XAI","XAI","","","Natural Gas","NGXAB-NIT Month","","NGXC","NGX Physical Gas","XAI"
"=HYPERLINK(""https://www.ice.com/products/73447622"",""ICE NGX TCPL Alberta Physical Basis LD1"")","882","XAA","XAA","","","Natural Gas","NGXAB-NIT Month","","NGXC","NGX Physical Gas","XAA"
"=HYPERLINK(""https://www.ice.com/products/73447640"",""ICE NGX TCPL Chippawa Fixed Price Daily"")","21985","XCA","XCA","","","Natural Gas","NGX TCPL Spot","","NGXC","NGX Physical Gas","XCA"
"=HYPERLINK(""https://www.ice.com/products/73447639"",""ICE NGX TCPL Chippawa Fixed Price Monthly"")","21997","XAP","XAP","","","Natural Gas","NGX TCPL Month","","NGXC","NGX Physical Gas","XAP"
"=HYPERLINK(""https://www.ice.com/products/73447623"",""ICE NGX TCPL Chippawa Physical Basis LD1"")","21979","XCG","XCG","","","Natural Gas","NGX TCPL Month","","NGXC","NGX Physical Gas","XCG"
"=HYPERLINK(""https://www.ice.com/products/73447580"",""ICE NGX TCPL East Hereford Fixed Price Daily"")","16221","YBE","YBE","","","Natural Gas","NGX TCPL Spot","NGXC","NGXC","NGX Physical Gas","YBE"
"=HYPERLINK(""https://www.ice.com/products/73447581"",""ICE NGX TCPL East Hereford Fixed Price Monthly"")","16223","YBF","YBF","","","Natural Gas","NGX TCPL Month","NGXC","NGXC","NGX Physical Gas","YBF"
"=HYPERLINK(""https://www.ice.com/products/73447579"",""ICE NGX TCPL East Hereford Physical Basis LD1"")","16224","YBG","YBG","","","Natural Gas","NGX TCPL Month","NGXC","NGXC","NGX Physical Gas","YBG"
"=HYPERLINK(""https://www.ice.com/products/73447574"",""ICE NGX TCPL Emerson 1 Day-Ahead Index Monthly"")","22009","YHM","YHM","","","Natural Gas","NGX TCPL Month","NGXC","NGXC","NGX Physical Gas","YHM"
"=HYPERLINK(""https://www.ice.com/products/73447575"",""ICE NGX TCPL Emerson 1 Fixed Price Daily"")","21986","XY1","XY1","","","Natural Gas","NGX TCPL Spot","NGXC","NGXC","NGX Physical Gas","XY1"
"=HYPERLINK(""https://www.ice.com/products/73447577"",""ICE NGX TCPL Emerson 1 Fixed Price Monthly"")","21998","XY2","XY2","","","Natural Gas","NGX TCPL Month","NGXC","NGXC","NGX Physical Gas","XY2"
"=HYPERLINK(""https://www.ice.com/products/73447573"",""ICE NGX TCPL Emerson 1 Physical Basis LD1"")","21980","XY3","XY3","","","Natural Gas","NGX TCPL Month","NGXC","NGXC","NGX Physical Gas","XY3"
"=HYPERLINK(""https://www.ice.com/products/73447584"",""ICE NGX TCPL Emerson Great Lakes Day-Ahead Index Daily"")","22012","YHN","YHN","","","Natural Gas","NGX TCPL Spot","NGXC","NGXC","NGX Physical Gas","YHN"
"=HYPERLINK(""https://www.ice.com/products/73447585"",""ICE NGX TCPL Emerson Great Lakes Fixed Price Daily"")","21987","XCB","XCB","","","Natural Gas","NGX TCPL Spot","NGXC","NGXC","NGX Physical Gas","XCB"
"=HYPERLINK(""https://www.ice.com/products/73447641"",""ICE NGX TCPL Emerson Great Lakes Fixed Price Monthly"")","21999","XAM","XAM","","","Natural Gas","NGX TCPL Month","","NGXC","NGX Physical Gas","XAM"
"=HYPERLINK(""https://www.ice.com/products/73447582"",""ICE NGX TCPL Emerson Great Lakes Physical Basis LD1"")","21981","XCH","XCH","","","Natural Gas","NGX TCPL Month","NGXC","NGXC","NGX Physical Gas","XCH"
"=HYPERLINK(""https://www.ice.com/products/73447642"",""ICE NGX TCPL Empress Fixed Price Monthly"")","897","XAN","XAN","","","Natural Gas","NGX EmpresMonth","","NGXC","NGX Physical Gas","XAN"
"=HYPERLINK(""https://www.ice.com/products/73447588"",""ICE NGX TCPL Enbridge CDA Fixed Price Daily"")","1785","XTO","XTO","","","Natural Gas","NGX TCPL Spot","NGXC","NGXC","NGX Physical Gas","XTO"
"=HYPERLINK(""https://www.ice.com/products/73447589"",""ICE NGX TCPL Enbridge CDA Fixed Price Monthly"")","1786","XTP","XTP","","","Natural Gas","NGX TCPL Month","NGXC","NGXC","NGX Physical Gas","XTP"
"=HYPERLINK(""https://www.ice.com/products/73447587"",""ICE NGX TCPL Enbridge CDA Physical Basis LD1"")","1794","XTQ","XTQ","","","Natural Gas","NGX TCPL Month","NGXC","NGXC","NGX Physical Gas","XTQ"
"=HYPERLINK(""https://www.ice.com/products/73447591"",""ICE NGX TCPL Enbridge EDA Fixed Price Daily"")","15611","XZ1","XZ1","","","Natural Gas","NGX TCPL Spot","NGXC","NGXC","NGX Physical Gas","XZ1"
"=HYPERLINK(""https://www.ice.com/products/73447592"",""ICE NGX TCPL Enbridge EDA Fixed Price Monthly"")","15613","XZ2","XZ2","","","Natural Gas","NGX TCPL Month","NGXC","NGXC","NGX Physical Gas","XZ2"
"=HYPERLINK(""https://www.ice.com/products/73447590"",""ICE NGX TCPL Enbridge EDA Physical Basis LD1"")","15615","XZ3","XZ3","","","Natural Gas","NGX TCPL Month","NGXC","NGXC","NGX Physical Gas","XZ3"
"=HYPERLINK(""https://www.ice.com/products/73447594"",""ICE NGX TCPL Energir EDA Fixed Price Monthly"")","15610","XY7","XY7","","","Natural Gas","NGX TCPL Month","","NGXC","NGX Physical Gas","XY7"
"=HYPERLINK(""https://www.ice.com/products/73447593"",""ICE NGX TCPL Energir EDA Physical Basis LD1"")","15614","XY8","XY8","","","Natural Gas","NGX TCPL Month","NGXC","NGXC","NGX Physical Gas","XY8"
"=HYPERLINK(""https://www.ice.com/products/73447595"",""ICE NGX TCPL Iroquois Fixed Price Daily"")","21988","XCD","XCD","","","Natural Gas","NGX TCPL Spot","","NGXC","NGX Physical Gas","XCD"
"=HYPERLINK(""https://www.ice.com/products/73447644"",""ICE NGX TCPL Iroquois Fixed Price Monthly"")","22000","XAQ","XAQ","","","Natural Gas","NGX TCPL Month","","NGXC","NGX Physical Gas","XAQ"
"=HYPERLINK(""https://www.ice.com/products/73447643"",""ICE NGX TCPL Iroquois Physical Basis LD1"")","21982","XCI","XCI","","","Natural Gas","NGX TCPL Month","","NGXC","NGX Physical Gas","XCI"
"=HYPERLINK(""https://www.ice.com/products/73447645"",""ICE NGX TCPL Niagra Falls Fixed Price Monthly"")","22001","XAR","XAR","","","Natural Gas","NGX TCPL Month","","NGXC","NGX Physical Gas","XAR"
"=HYPERLINK(""https://www.ice.com/products/73447596"",""ICE NGX TCPL Niagra Falls Physical Basis LD1"")","21983","XCJ","XCJ","","","Natural Gas","NGX TCPL Month","","NGXC","NGX Physical Gas","XCJ"
"=HYPERLINK(""https://www.ice.com/products/83048905"",""ICE NGX TCPL North Bay Junction Physical Basis LD1"")","22251","AZS","AZS","","","Natural Gas","NGX TCPL Month","","NGXC","NGX Physical Gas","AZS"
"=HYPERLINK(""https://www.ice.com/products/73447598"",""ICE NGX TCPL St Clair Fixed Price Daily"")","21990","XCF","XCF","","","Natural Gas","NGX TCPL Spot","","NGXC","NGX Physical Gas","XCF"
"=HYPERLINK(""https://www.ice.com/products/73447646"",""ICE NGX TCPL St Clair Fixed Price Monthly"")","22002","XAO","XAO","","","Natural Gas","NGX TCPL Month","","NGXC","NGX Physical Gas","XAO"
"=HYPERLINK(""https://www.ice.com/products/73447578"",""ICE NGX TCPL St. Clair Physical Basis LD1"")","21984","XCK","XCK","","","Natural Gas","NGX TCPL Month","NGXC","NGXC","NGX Physical Gas","XCK"
"=HYPERLINK(""https://www.ice.com/products/73447599"",""ICE NGX TCPL Suffield 2 Fixed Price Daily"")","1779","XTM","XTM","","","Natural Gas","NGX Suff Spot","","NGXC","NGX Physical Gas","XTM"
"=HYPERLINK(""https://www.ice.com/products/73447600"",""ICE NGX TCPL Suffield 2 Fixed Price Monthly"")","1780","XTN","XTN","","","Natural Gas","NGX Suff Month","","NGXC","NGX Physical Gas","XTN"
"=HYPERLINK(""https://www.ice.com/products/73447649"",""ICE NGX Transgas Energy Pool 5A Index Price Daily"")","986","XCR","XCR","","","Natural Gas","NGX TEP Spot","","NGXC","NGX Physical Gas","XCR"
"=HYPERLINK(""https://www.ice.com/products/73447648"",""ICE NGX Transgas Energy Pool 5A Index Price Monthly"")","985","XCQ","XCQ","","","Natural Gas","NGX TEP Month","","NGXC","NGX Physical Gas","XCQ"
"=HYPERLINK(""https://www.ice.com/products/73447652"",""ICE NGX Transgas Energy Pool Fixed Price Daily"")","920","XCP","XCP","","","Natural Gas","NGX TEP Spot","","NGXC","NGX Physical Gas","XCP"
"=HYPERLINK(""https://www.ice.com/products/73447651"",""ICE NGX Transgas Energy Pool Fixed Price Monthly"")","898","XAU","XAU","","","Natural Gas","NGX TEP Month","","NGXC","NGX Physical Gas","XAU"
"=HYPERLINK(""https://www.ice.com/products/82724010"",""ICE One-Month SOFR Index Future"")","28387","SR1","SR1","","","Short Term Interest Rates","ICE US SOFR SR1","ICUS","IFUS","IFUS SOFR Futures","SR1"
"=HYPERLINK(""https://www.ice.com/products/83049446"",""ICE Three Month BBSW Futures"")","32175","BSW","BSW","","","Short Term Interest Rates","AUD Rates","ICEU","IFLL","ICE Global Interest Rates","BSW"
"=HYPERLINK(""https://www.ice.com/products/83049326"",""ICE Three Month NIBOR® Futures"")","32176","NIB","NIB","","","Short Term Interest Rates","NOK Rates","ICEU","IFLL","ICE Global Interest Rates","NIB"
"=HYPERLINK(""https://www.ice.com/products/83049327"",""ICE Three Month NOWA Indexed Futures"")","32177","NOA","NOA","","","Short Term Interest Rates","NOK Rates","ICEU","IFLL","ICE Global Interest Rates","NOA"
"=HYPERLINK(""https://www.ice.com/products/83049328"",""ICE Three Month STIBOR® Futures"")","32178","STI","STI","","","Short Term Interest Rates","SEK Rates","ICEU","IFLL","ICE Global Interest Rates","STI"
"=HYPERLINK(""https://www.ice.com/products/83049692"",""ICE Three Month SWESTR Indexed Futures"")","32349","SW3","SW3","","","Short Term Interest Rates","SEK Rates","ICEU","IFLL","ICE Global Interest Rates","SW3"
"=HYPERLINK(""https://www.ice.com/products/83049346"",""ICE Three Month TONA Indexed Futures"")","32180","TOJ","TOJ","","","Short Term Interest Rates","JPY Rates","ICEU","IFLL","ICE Global Interest Rates","TOJ"
"=HYPERLINK(""https://www.ice.com/products/83049329"",""ICE Three Month ZARONIA Futures"")","32179","ZAR","ZAR","","","Short Term Interest Rates","ZAR Rates","ICEU","IFLL","ICE Global Interest Rates","ZAR"
"=HYPERLINK(""https://www.ice.com/products/82724011"",""ICE Three-Month SOFR Index Future"")","28390","SR3","SR3","","","Short Term Interest Rates","ICE US SOFR SR3","ICUS","IFUS","IFUS SOFR Futures","SR3"
"=HYPERLINK(""https://www.ice.com/products/82426603"",""ICE U.S. Conforming 30-year Fixed Mortgage Rate Lock Weighted APR Index Futures"")","27200","30C","30C","","","Mortgage Rates","IFUS Mortgage","ICUS","IFUS","IFUS ICE Indices","30C"
"=HYPERLINK(""https://www.ice.com/products/82426604"",""ICE U.S. Jumbo 30-year Fixed Mortgage Rate Lock Weighted APR Index Futures"")","27202","30J","30J","","","Mortgage Rates","IFUS Mortgage","ICUS","IFUS","IFUS ICE Indices","30J"
"=HYPERLINK(""https://www.ice.com/products/83049046"",""ICNL Three Month ESTR Indexed Futures"")","31745","ES3","ES3","","","Short Term Interest Rates","ICNL ESTR","ICNL","IFLL","ICNL STIRS","ES3"
"=HYPERLINK(""https://www.ice.com/products/83049047"",""ICNL Three Month EURIBOR® Futures"")","31748","J","J","","","Short Term Interest Rates","ICNL EURIBOR","ICNL","IFLL","ICNL STIRS","J"
"=HYPERLINK(""https://www.ice.com/products/38716820"",""IMI PLC"")","8469","IMI","IMI","","","Single Stock Options","","ICEU","IFLO","Liffe Equity Derivatives - Non-US Based","IMI"
"=HYPERLINK(""https://www.ice.com/products/6590397"",""ISO New England Connecticut Day-Ahead Off-Peak Fixed Price Future"")","19716","ICO","ICO","-#","","Electricity","Pwr East OPMini","ICEU","IFED","Financial Power","ICO"
"=HYPERLINK(""https://www.ice.com/products/6590342"",""ISO New England Connecticut Day-Ahead Peak Fixed Price Future"")","19715","ICP","ICP","-:","","Electricity","Pwr East Mini","ICEU","IFED","Financial Power","ICP"
"=HYPERLINK(""https://www.ice.com/products/6590398"",""ISO New England Maine Day-Ahead Off-Peak Fixed Price Future"")","19718","IED","IED","T)","","Electricity","Pwr East OPMini","ICEU","IFED","Financial Power","IED"
"=HYPERLINK(""https://www.ice.com/products/6590343"",""ISO New England Maine Day-Ahead Peak Fixed Price Future"")","19717","IEB","IEB","T*","","Electricity","Pwr East Mini","ICEU","IFED","Financial Power","IEB"
"=HYPERLINK(""https://www.ice.com/products/6590505"",""ISO New England Massachusetts Hub Day-Ahead Off-Peak Daily Fixed Price Future"")","552","POP","POP","QB","NO11","Electricity","Pwr EastOPDaily","ICEU","IFED","Financial Power","POP"
"=HYPERLINK(""https://www.ice.com/products/6590414"",""ISO New England Massachusetts Hub Day-Ahead Off-Peak Fixed Price Future"")","19688","NOP","NOP","NO","L060","Electricity","Pwr East OPMini","ICEU","IFED","Financial Power","NOP"
"=HYPERLINK(""https://www.ice.com/products/81995997"",""ISO New England Massachusetts Hub Day-Ahead Peak 2x16 Fixed Price Future"")","25022","NO2","NO2","","","Electricity","Pwr East Mini","ICEU","IFED","Financial Power","NO2"
"=HYPERLINK(""https://www.ice.com/products/6590451"",""ISO New England Massachusetts Hub Day-Ahead Peak Daily Fixed Price Future"")","551","EDP","EDP","QA","NO10","Electricity","Pwr East Daily","ICEU","IFED","Financial Power","EDP"
"=HYPERLINK(""https://www.ice.com/products/72265834"",""ISO New England Massachusetts Hub Day-Ahead Peak Daily Mini Fixed Price Future"")","23587","NEZ","NEZ","N#","","Electricity","Pwr East Mini","ICEU","IFED","Financial Power","NEZ"
"=HYPERLINK(""https://www.ice.com/products/6590357"",""ISO New England Massachusetts Hub Day-Ahead Peak Fixed Price Future"")","19687","NEP","NEP","NE","N710","Electricity","Pwr East Mini","ICEU","IFED","Financial Power","NEP"
"=HYPERLINK(""https://www.ice.com/products/81995996"",""ISO New England Massachusetts Hub Real-Time Off-Peak Daily Fixed Price Future"")","25016","NOH","NOH","","","Electricity","Pwr EastOPDaily","ICEU","IFED","Financial Power","NOH"
"=HYPERLINK(""https://www.ice.com/products/81995994"",""ISO New England Massachusetts Hub Real-Time Off-Peak Fixed Price Future"")","25015","NOG","NOG","","","Electricity","Pwr East OPMini","ICEU","IFED","Financial Power","NOG"
"=HYPERLINK(""https://www.ice.com/products/37042685"",""ISO New England Massachusetts Hub Real-Time Peak Daily Fixed Price Future"")","15556","NMD","NMD","(:","","Electricity","Pwr East Daily","ICEU","IFED","Financial Power","NMD"
"=HYPERLINK(""https://www.ice.com/products/81995993"",""ISO New England Massachusetts Hub Real-Time Peak Fixed Price Future"")","25014","NOF","NOF","","","Electricity","Pwr East Mini","ICEU","IFED","Financial Power","NOF"
"=HYPERLINK(""https://www.ice.com/products/6590401"",""ISO New England NE Massachusetts Day-Ahead Off-Peak Fixed Price Future"")","19720","IND","IND","L=","","Electricity","Pwr East OPMini","ICEU","IFED","Financial Power","IND"
"=HYPERLINK(""https://www.ice.com/products/6590346"",""ISO New England NE Massachusetts Day-Ahead Peak Fixed Price Future"")","19719","INB","INB","L@","","Electricity","Pwr East Mini","ICEU","IFED","Financial Power","INB"
"=HYPERLINK(""https://www.ice.com/products/6590399"",""ISO New England New Hampshire Day-Ahead Off-Peak Fixed Price Future"")","19722","IHD","IHD","T/","","Electricity","Pwr East OPMini","ICEU","IFED","Financial Power","IHD"
"=HYPERLINK(""https://www.ice.com/products/6590344"",""ISO New England New Hampshire Day-Ahead Peak Fixed Price Future"")","19721","IHB","IHB","T-","","Electricity","Pwr East Mini","ICEU","IFED","Financial Power","IHB"
"=HYPERLINK(""https://www.ice.com/products/53168996"",""ISO New England Rhode Island Day-Ahead Off-Peak Fixed Price Future"")","19724","RIZ","RIZ","9<","","Electricity","Pwr East OPMini","ICEU","IFED","Financial Power","RIZ"
"=HYPERLINK(""https://www.ice.com/products/53168994"",""ISO New England Rhode Island Day-Ahead Peak Fixed Price Future"")","19723","RIY","RIY","90","","Electricity","Pwr East Mini","ICEU","IFED","Financial Power","RIY"
"=HYPERLINK(""https://www.ice.com/products/6590400"",""ISO New England SE Massachusetts Day-Ahead Off-Peak Fixed Price Future"")","19726","IMD","IMD","L5","","Electricity","Pwr East OPMini","ICEU","IFED","Financial Power","IMD"
"=HYPERLINK(""https://www.ice.com/products/6590345"",""ISO New England SE Massachusetts Day-Ahead Peak Fixed Price Future"")","19725","IMB","IMB","L\","","Electricity","Pwr East Mini","ICEU","IFED","Financial Power","IMB"
"=HYPERLINK(""https://www.ice.com/products/6590402"",""ISO New England West Central Massachusetts Day-Ahead Off-Peak Fixed Price Future"")","19728","IWD","IWD","T?","","Electricity","Pwr East OPMini","ICEU","IFED","Financial Power","IWD"
"=HYPERLINK(""https://www.ice.com/products/6590347"",""ISO New England West Central Massachusetts Day-Ahead Peak Fixed Price Future"")","19727","IWB","IWB","T>","","Electricity","Pwr East Mini","ICEU","IFED","Financial Power","IWB"
"=HYPERLINK(""https://www.ice.com/products/38716826"",""ITV PLC"")","8183","GME","GME","","","Single Stock Options","","ICEU","IFLO","Liffe Equity Derivatives - Non-US Based","GME"
"=HYPERLINK(""https://www.ice.com/products/38716821"",""Imperial Brand PLC"")","8474","IMP","IMP","","","Single Stock Options","","ICEU","IFLO","Liffe Equity Derivatives - Non-US Based","IMP"
"=HYPERLINK(""https://www.ice.com/products/42279759"",""Indivior PLC"")","15746","INR","INR","","","Single Stock Options","","ICEU","IFLO","Liffe Equity Derivatives - Non-US Based","INR"
"=HYPERLINK(""https://www.ice.com/products/82547552"",""Informa Plc"")","27046","IFA","INF","","","Single Stock Options","O-LSE Master","ICEU","IFLO","Liffe Equity Derivatives - Non-US Based","IFA"
"=HYPERLINK(""https://www.ice.com/products/83049818"",""Intel Corp - STND Future"")","32514","8I9","8IC","","","Mini Stock Futures","MiniUSEquity","ICEU","IFLO","Mini Equity US-Restricted","8I9"
"=HYPERLINK(""https://www.ice.com/products/38716822"",""InterContinental Hotels Group PLC"")","8422","IHG","IHG","","","Single Stock Options","","ICEU","IFLO","Liffe Equity Derivatives - Non-US Based","IHG"
"=HYPERLINK(""https://www.ice.com/products/83047292"",""Intermediate Capital Group (Std Option/Amer/Dlv)"")","30081","ICV","ICP","","","Single Stock Options","O-LSE Master","ICEU","IFLO","Liffe Equity Derivatives - Non-US Based","ICV"
"=HYPERLINK(""https://www.ice.com/products/38716823"",""International Consolidated Airlines Group SA"")","7020","AWS","AWS","","","Single Stock Options","","ICEU","IFLO","Liffe Equity Derivatives - Non-US Based","AWS"
"=HYPERLINK(""https://www.ice.com/products/83049258"",""International Consolidated Airlines SA Mini"")","31779","8WS","8WS","","","Mini Single Stocks","O-Min UK Equity","ICEU","IFLO","Mini Equity Non-US Based","8WS"
"=HYPERLINK(""https://www.ice.com/products/82547554"",""International Paper Company"")","27043","SMN","SM0","","","Single Stock Options","O-LSE Master","ICEU","IFLO","Liffe Equity Derivatives - Non-US Based","SMN"
"=HYPERLINK(""https://www.ice.com/products/38716824"",""Intertek Group"")","8524","ITR","ITR","","","Single Stock Options","","ICEU","IFLO","Liffe Equity Derivatives - Non-US Based","ITR"
"=HYPERLINK(""https://www.ice.com/products/74171733"",""Investec PLC - STND OPT"")","24800","IVS","IVS","","","Single Stock Options","O-LSE Master","ICEU","IFLO","Liffe Equity Derivatives - Non-US Based","IVS"
"=HYPERLINK(""https://www.ice.com/products/21584477"",""Iroquois (Into) Basis (Platts) Future"")","4641","IRB","IRB","QQ","","Natural Gas","Northeast Basis","ICEU","IFED","Financial Gas","IRB"
"=HYPERLINK(""https://www.ice.com/products/21599061"",""Iroquois (Into) Index (Platts) Future"")","4644","IRI","IRI","QR","","Natural Gas","Northeast Index","ICEU","IFED","Financial Gas","IRI"
"=HYPERLINK(""https://www.ice.com/products/39097022"",""Iroquois (Into) Physical Basis LD1"")","15708","XV6","XV6","","","Natural Gas","IROIN MOPhysGas","NGXC","IEPA","Physical Gas","XV6"
"=HYPERLINK(""https://www.ice.com/products/39097018"",""Iroquois (Into) Physical Fixed Price Monthly"")","15714","XV5","XV5","","","Natural Gas","IROIN MOPhysGas","NGXC","IEPA","Physical Gas","XV5"
"=HYPERLINK(""https://www.ice.com/products/39097019"",""Iroquois (Into) Physical Fixed Price Spot"")","15712","XV4","XV4","","","Natural Gas","IROIN SPPhysGas","NGXC","IEPA","Physical Gas","XV4"
"=HYPERLINK(""https://www.ice.com/products/39097020"",""Iroquois (Into) Physical Gas Daily Monthly"")","15711","XV8","XV8","","","Natural Gas","IROIN MOPhysGas","NGXC","IEPA","Physical Gas","XV8"
"=HYPERLINK(""https://www.ice.com/products/39097021"",""Iroquois (Into) Physical Gas Daily Spot"")","15709","XV7","XV7","","","Natural Gas","IROIN SPPhysGas","NGXC","IEPA","Physical Gas","XV7"
"=HYPERLINK(""https://www.ice.com/products/21591385"",""Iroquois (Into) Swing (Platts) Future"")","4646","IRS","IRS","QS","","Natural Gas","Northeast Swing","ICEU","IFED","Financial Gas","IRS"
"=HYPERLINK(""https://www.ice.com/products/21587547"",""Iroquois-Z2 Basis (Platts) Future"")","4642","IZB","IZB","QT","","Natural Gas","Northeast Basis","ICEU","IFED","Financial Gas","IZB"
"=HYPERLINK(""https://www.ice.com/products/21602897"",""Iroquois-Z2 Index (Platts) Future"")","4645","IZI","IZI","QU","","Natural Gas","Northeast Index","ICEU","IFED","Financial Gas","IZI"
"=HYPERLINK(""https://www.ice.com/products/21592921"",""Iroquois-Z2 Swing (Platts) Future"")","4647","IZS","IZS","QV","","Natural Gas","Northeast Swing","ICEU","IFED","Financial Gas","IZS"
"=HYPERLINK(""https://www.ice.com/products/6590305"",""Iso Butane, OPIS Conway In-Well Balmo Future"")","21814","ISD","ISD","MO","","Natural Gas Liquids","NGL Master","ICEU","IFED","Financial NGL","ISD"
"=HYPERLINK(""https://www.ice.com/products/6590304"",""Iso Butane, OPIS Mt. Belvieu Non-TET Balmo Future"")","21815","ISP","ISP","MP","","Natural Gas Liquids","NGL Master","ICEU","IFED","Financial NGL","ISP"
"=HYPERLINK(""https://www.ice.com/products/6590317"",""Iso Butane, OPIS Mt. Belvieu TET, Fixed Price Future (Balmo)"")","21816","ISQ","ISQ","MQ","","Natural Gas Liquids","NGL Master","ICEU","IFED","Financial NGL","ISQ"
"=HYPERLINK(""https://www.ice.com/products/6590288"",""Isobutane, OPIS Conway In-Well Future"")","4084","ISC","ISC","Y)","1278","Natural Gas Liquids","NGL Master","ICEU","IFED","Financial NGL","ISC"
"=HYPERLINK(""https://www.ice.com/products/6590290"",""Isobutane, OPIS Mt. Belvieu Non-TET Future"")","1634","ISO","ISO","ZE","QM95","Natural Gas Liquids","NGL Master","ICEU","IFED","Financial NGL","ISO"
"=HYPERLINK(""https://www.ice.com/products/6590289"",""Isobutane, OPIS Mt. Belvieu TET Future"")","4089","ISL","ISL","Y/","1280","Natural Gas Liquids","NGL Master","ICEU","IFED","Financial NGL","ISL"
"=HYPERLINK(""https://www.ice.com/products/82725194"",""Italian PSV Natural Gas 1st Line Financial Futures (USD/MMBtu)"")","28404","PSV","PSV","","","Natural Gas","Italian PSV USD","ICEU","IFEU","IPE Natural Gas Futures","PSV"
"=HYPERLINK(""https://www.ice.com/products/82363926"",""Italian PSV Natural Gas Daily Financial Futures (ICIS)"")","26995","PSL","PSL","","","Natural Gas","EU Gas Daily","ICEU","NDEX","European Gas Futures","PSL"
"=HYPERLINK(""https://www.ice.com/products/49321531"",""Italian PSV Natural Gas Futures"")","16439","IGA","IGA","PB","","Natural Gas","Italian PSV BL","ICEU","NDEX","Italian Natural Gas Futures","IGA"
"=HYPERLINK(""https://www.ice.com/products/67129845"",""Italian Power Financial Base 1x Cal Options"")","20422","IPR","IPR","A*","","Electricity","O-Italian Pwr Fin","ICEU","NDEX","EU Financial Power Futures","IPR"
"=HYPERLINK(""https://www.ice.com/products/67129844"",""Italian Power Financial Base 1x Qtr Options"")","20421","IPQ","IPQ","A(","","Electricity","O-Italian Pwr Fin","ICEU","NDEX","EU Financial Power Futures","IPQ"
"=HYPERLINK(""https://www.ice.com/products/57609942"",""Italian Power Financial Base Daily Futures"")","19047","DIF","DIF","AP","","Electricity","Italian Pwr Fin","ICEU","NDEX","EU Financial Power Futures","DIF"
"=HYPERLINK(""https://www.ice.com/products/57609954"",""Italian Power Financial Base Futures"")","15902","IPB","IPB","IB","","Electricity","Italian Pwr Fin","ICEU","NDEX","EU Financial Power Futures","IPB"
"=HYPERLINK(""https://www.ice.com/products/67174184"",""Italian Power Financial Base Options"")","20417","IPB","IPB","IB","","Electricity","O-Italian Pwr Fin","ICEU","NDEX","EU Financial Power Futures","IPB"
"=HYPERLINK(""https://www.ice.com/products/57609951"",""Italian Power Financial Peak Futures"")","15903","IPP","IPP","IP","","Electricity","Italian Pwr Fin","ICEU","NDEX","EU Financial Power Futures","IPP"
"=HYPERLINK(""https://www.ice.com/products/82994080"",""JD Sports Fashion Plc"")","28527","JD5","JDF","","","Single Stock Options","O-LSE Master","ICEU","IFLO","Liffe Equity Derivatives - Non-US Based","JD5"
"=HYPERLINK(""https://www.ice.com/products/6753280"",""JKM LNG (PLATTS) Future"")","4172","JKM","JKM","K\","","Liquified Natural Gas","LNG JKM","ICEU","IFEU","Financial LNG","JKM"
"=HYPERLINK(""https://www.ice.com/products/71090519"",""JKM LNG (Platts) Average Price Options"")","22327","JKM","JKM","K\","","Liquified Natural Gas","O-LNG JKM","ICEU","IFEU","Financial LNG","JKM"
"=HYPERLINK(""https://www.ice.com/products/71090498"",""JKM LNG (Platts) Balmo Future"")","22286","JKD","JKD","NT","","Liquified Natural Gas","LNG JKM Daily","ICEU","IFEU","Financial LNG","JKD"
"=HYPERLINK(""https://www.ice.com/products/83049124"",""Japanese (Chubu Area) Power Financial Base Futures"")","31488","CHB","CHB","","","Electricity","Japan Pwr Fin","ICEU","IFEU","Japanese Power Futures","CHB"
"=HYPERLINK(""https://www.ice.com/products/83049130"",""Japanese (Chubu Area) Power Financial Daily Base Futures"")","31575","CHX","CHX","","","Electricity","Jap Pwr Fin Dly","ICEU","IFEU","Japanese Power Futures","CHX"
"=HYPERLINK(""https://www.ice.com/products/83049131"",""Japanese (Chubu Area) Power Financial Daily Peak Futures"")","31576","CHY","CHY","","","Electricity","Jap Pwr Fin Dly","ICEU","IFEU","Japanese Power Futures","CHY"
"=HYPERLINK(""https://www.ice.com/products/83049125"",""Japanese (Chubu Area) Power Financial Peak Futures"")","31489","CHP","CHP","","","Electricity","Japan Pwr Fin","ICEU","IFEU","Japanese Power Futures","CHP"
"=HYPERLINK(""https://www.ice.com/products/83049133"",""Japanese (Kansai Area) Power Financial Base Average Price Options"")","31654","JKO","JKB","","","Electricity","O-Japan Pwr Fin","ICEU","IFEU","Japanese Power Futures","JKO"
"=HYPERLINK(""https://www.ice.com/products/83047713"",""Japanese (Kansai Area) Power Financial Base Futures"")","26119","JKB","JKB","","","Electricity","Japan Pwr Fin","ICEU","IFEU","Japanese Power Futures","JKB"
"=HYPERLINK(""https://www.ice.com/products/83049128"",""Japanese (Kansai Area) Power Financial Daily Base Futures"")","30016","JKX","JKX","","","Electricity","Jap Pwr Fin Dly","ICEU","IFEU","Japanese Power Futures","JKX"
"=HYPERLINK(""https://www.ice.com/products/83049129"",""Japanese (Kansai Area) Power Financial Daily Peak Futures"")","30017","JKY","JKY","","","Electricity","Jap Pwr Fin Dly","ICEU","IFEU","Japanese Power Futures","JKY"
"=HYPERLINK(""https://www.ice.com/products/83047714"",""Japanese (Kansai Area) Power Financial Peak Futures"")","26121","JKC","JKC","","","Electricity","Japan Pwr Fin","ICEU","IFEU","Japanese Power Futures","JKC"
"=HYPERLINK(""https://www.ice.com/products/83049132"",""Japanese (Tokyo Area) Power Financial Base Average Price Options"")","31655","JTO","JTB","","","Electricity","O-Japan Pwr Fin","ICEU","IFEU","Japanese Power Futures","JTO"
"=HYPERLINK(""https://www.ice.com/products/83047715"",""Japanese (Tokyo Area) Power Financial Base Futures"")","26123","JTB","JTB","","","Electricity","Japan Pwr Fin","ICEU","IFEU","Japanese Power Futures","JTB"
"=HYPERLINK(""https://www.ice.com/products/83049126"",""Japanese (Tokyo Area) Power Financial Daily Base Futures"")","30014","JTX","JTX","","","Electricity","Jap Pwr Fin Dly","ICEU","IFEU","Japanese Power Futures","JTX"
"=HYPERLINK(""https://www.ice.com/products/83049127"",""Japanese (Tokyo Area) Power Financial Daily Peak Futures"")","30015","JTY","JTY","","","Electricity","Jap Pwr Fin Dly","ICEU","IFEU","Japanese Power Futures","JTY"
"=HYPERLINK(""https://www.ice.com/products/83047716"",""Japanese (Tokyo Area) Power Financial Peak Futures"")","26126","JTC","JTC","","","Electricity","Japan Pwr Fin","ICEU","IFEU","Japanese Power Futures","JTC"
"=HYPERLINK(""https://www.ice.com/products/27066799"",""Jet CIF NWE Cargoes (Platts) Mini Future"")","5037","JCM","JCM","RB","EH74","Crude Oil and Refined Products","Ref Outright mt","ICEU","IFEU","Oil","JCM"
"=HYPERLINK(""https://www.ice.com/products/6753504"",""Jet CIF NWE Cargoes Balmo Future"")","21831","JCO","JCO","QQ","","Crude Oil and Refined Products","Ref Outright mt","ICEU","IFEU","Oil","JCO"
"=HYPERLINK(""https://www.ice.com/products/6753534"",""Jet CIF NWE Cargoes Future"")","2466","JCN","JCN","Q0","","Crude Oil and Refined Products","Ref Outright mt","ICEU","IFEU","Oil","JCN"
"=HYPERLINK(""https://www.ice.com/products/30377797"",""Jet CIF NWE Cargoes vs Low Sulphur Gasoil 1st Line Balmo Swap"")","5516","UME","UME","Q2","","Crude Oil and Refined","Ref Diffs mt","Bilateral","ICES","Platts Oil","UME"
"=HYPERLINK(""https://www.ice.com/products/30377802"",""Jet CIF NWE Cargoes vs Low Sulphur Gasoil 1st Line Swap"")","5515","ULJ","ULJ","WC","","Crude Oil and Refined","Ref Diffs mt","Bilateral","ICES","Platts Oil","ULJ"
"=HYPERLINK(""https://www.ice.com/products/20614029"",""Jet FOB Rotterdam Barges (Platts) Future"")","4672","JER","JER","RS","","Crude Oil and Refined Products","Ref Outright mt","ICEU","IFEU","Oil","JER"
"=HYPERLINK(""https://www.ice.com/products/28687694"",""Jet FOB Rotterdam Barges vs Jet CIF NWE Cargoes Swap"")","1753","JRJ","JRJ","RJ","SF39","Crude Oil and Refined","Ref Diffs mt","Bilateral","ICES","Oil","JRJ"
"=HYPERLINK(""https://www.ice.com/products/30377795"",""Jet FOB Rotterdam Barges vs Low Sulphur Gasoil 1st Line Swap"")","5500","ULK","ULK","WE","","Crude Oil and Refined","Ref Diffs mt","Bilateral","ICES","Platts Oil","ULK"
"=HYPERLINK(""https://www.ice.com/products/6753297"",""Jet Fuel Crack - Gulf Coast Jet Fuel vs Brent 1ST Line Future"")","3253","GUB","GUB","U*","","Crude Oil and Refined Products","Am Cracks bbl","ICEU","IFED","Oil Americas","GUB"
"=HYPERLINK(""https://www.ice.com/products/31687089"",""Jet Fuel Crack - Jet CIF NWE Cargoes (Platts) vs Brent 1st Line Mini Future"")","5729","JBM","JBM","1F","","Crude Oil and Refined Products","Cracks bbl","ICEU","IFEU","Oil","JBM"
"=HYPERLINK(""https://www.ice.com/products/6753303"",""Jet Fuel Crack - Jet CIF NWE Cargoes vs Brent 1st Line Future"")","4177","JNB","JNB","QK","","Crude Oil and Refined Products","Cracks bbl","ICEU","IFEU","Oil","JNB"
"=HYPERLINK(""https://www.ice.com/products/57250495"",""Jet Fuel Crack - Singapore Jet Kerosene Cargoes (Platts) vs Dubai 1st Line (Platts) Average Price Option"")","19153","SFF","SFF","@O","","Crude Oil and Refined Products","O-Cracks bbl","ICEU","IFEU","Oil","SFF"
"=HYPERLINK(""https://www.ice.com/products/57250483"",""Jet Fuel Crack - Singapore Jet Kerosene Cargoes (Platts) vs Dubai 1st Line (Platts) Future"")","19082","SFF","SFF","@O","","Crude Oil and Refined Products","Cracks bbl","ICEU","IFEU","Oil","SFF"
"=HYPERLINK(""https://www.ice.com/products/59293839"",""Jet Fuel DIff - Jet FOB Med Cargoes (Platts) vs Jet CIF NWE Cargoes (Platts) Future"")","19241","JEU","JEU","BC","","Crude Oil and Refined Products","Ref Diffs mt","ICEU","IFEU","Oil","JEU"
"=HYPERLINK(""https://www.ice.com/products/32857615"",""Jet Fuel Diff - Gulf Coast Jet Fuel (Platts) vs Heating Oil 1st Line Balmo Future"")","21861","JHP","JHP","ML","","Crude Oil and Refined Products","Am Ref Diff bbl","ICEU","IFED","Oil Americas","JHP"
"=HYPERLINK(""https://www.ice.com/products/6753403"",""Jet Fuel Diff - Gulf Coast Jet Fuel vs Heating Oil 1st Line Future"")","3254","JHO","JHO","U)","","Crude Oil and Refined Products","Am Ref Diff bbl","ICEU","IFED","Oil Americas","JHO"
"=HYPERLINK(""https://www.ice.com/products/6753465"",""Jet Fuel Diff - Jet CIF NWE Cargoes vs Low Sulphur Gasoil 1st Line Balmo Future"")","21853","UME","UME","Q2","","Crude Oil and Refined Products","Ref Diffs mt","ICEU","IFEU","Oil","UME"
"=HYPERLINK(""https://www.ice.com/products/6753447"",""Jet Fuel Diff - Jet CIF NWE Cargoes vs Low Sulphur Gasoil 1st Line Future"")","3441","ULJ","ULJ","WC","","Crude Oil and Refined Products","Ref Diffs mt","ICEU","IFEU","Oil","ULJ"
"=HYPERLINK(""https://www.ice.com/products/68358290"",""Jet Fuel Diff - Jet FOB Rotterdam Barges (Platts) vs Jet CIF NWE Cargoes (Platts) Balmo Future"")","20490","JCR","JCR","K<","","Crude Oil and Refined Products","Ref Diffs mt","ICEU","IFEU","Oil","JCR"
"=HYPERLINK(""https://www.ice.com/products/6753406"",""Jet Fuel Diff - Jet FOB Rotterdam Barges vs Jet CIF NWE Cargoes Future"")","1753","JRJ","JRJ","RJ","SF39","Crude Oil and Refined Products","Ref Diffs mt","ICEU","IFEU","Oil","JRJ"
"=HYPERLINK(""https://www.ice.com/products/6753448"",""Jet Fuel Diff - Jet FOB Rotterdam Barges vs Low Sulphur Gasoil 1st Line Future"")","3442","ULK","ULK","WE","","Crude Oil and Refined Products","Ref Diffs mt","ICEU","IFEU","Oil","ULK"
"=HYPERLINK(""https://www.ice.com/products/37042665"",""Jet Fuel Diff - LA Jet Fuel (Platts) vs Heating Oil 1st Line Balmo Future"")","21862","LA5","LA5","MR","","Crude Oil and Refined Products","Am Ref Diff bbl","ICEU","IFED","Oil Americas","LA5"
"=HYPERLINK(""https://www.ice.com/products/37042663"",""Jet Fuel Diff - LA Jet Fuel (Platts) vs Heating Oil 1st Line Future"")","15542","LA4","LA4","0","","Crude Oil and Refined Products","Am Ref Diff bbl","ICEU","IFED","Oil Americas","LA4"
"=HYPERLINK(""https://www.ice.com/products/83047333"",""Jet Fuel Diff - Los Angeles Jet (OPIS) vs Heating Oil 1st Line Future"")","30044","JXH","JXH","","","Crude Oil and Refined Products","Am Ref Diff bbl","ICEU","IFED","Oil Americas","JXH"
"=HYPERLINK(""https://www.ice.com/products/53168989"",""Jet Fuel Diff - Singapore Jet Kerosene (Platts) vs Low Sulphur Gasoil 1st Line Future (in Bbls)"")","18410","SJR","SJR","9(","","Crude Oil and Refined Products","Ref Diffs bbl","ICEU","IFEU","Oil","SJR"
"=HYPERLINK(""https://www.ice.com/products/64286933"",""Jet Fuel Diff - Singapore Jet Kerosene Cargoes (Platts) vs Singapore Gasoil (Platts) Balmo Future"")","19870","BAT","BAT","I\","","Crude Oil and Refined Products","Ref Diffs bbl","ICEU","IFEU","Oil","BAT"
"=HYPERLINK(""https://www.ice.com/products/20614026"",""Jet Fuel Diff - Singapore Jet Kerosene Cargoes (Platts) vs Singapore Gasoil 0.05% (Platts) Balmo Future"")","23256","SVX","SVX","9(","","Crude Oil and Refined Products","Ref Diffs bbl","ICEU","IFEU","Oil","SVX"
"=HYPERLINK(""https://www.ice.com/products/6753430"",""Jet Fuel Diff - Singapore Jet Kerosene Cargoes (Platts) vs Singapore Gasoil 0.05% (Platts) Future"")","4075","SVW","SVW","ZO","1290","Crude Oil and Refined Products","Ref Diffs bbl","ICEU","IFEU","Oil","SVW"
"=HYPERLINK(""https://www.ice.com/products/75145574"",""Jet Fuel Diff – Singapore Jet Kerosene Cargoes (Platts) vs Singapore Gasoil 10 ppm (Platts) Future"")","19869","BAQ","BAQ","I/","","Crude Oil and Refined Products","Ref Diffs bbl","ICEU","IFEU","Oil","BAQ"
"=HYPERLINK(""https://www.ice.com/products/81935180"",""Jet Fuel Outright - Daily Jet FOB Med Cargoes (Platts) Mini Future"")","25055","JFA","JFA","","","Crude Oil and Refined Products","Ref Outright mt","ICEU","IFEU","Oil","JFA"
"=HYPERLINK(""https://www.ice.com/products/37042667"",""Jet Fuel Outright - Gulf Coast Jet Fuel (Platts) Balmo Future"")","21859","JCG","JCG","MK","","Crude Oil and Refined Products","Am Ref bbl","ICEU","IFED","Oil Americas","JCG"
"=HYPERLINK(""https://www.ice.com/products/26535746"",""Jet Fuel Outright - Jet CIF NWE Cargoes (Platts) Average Price Options"")","4828","JCN","JCN","Q0","","Crude Oil and Refined Products","O-Ref Outright mt","ICEU","IFEU","Oil","JCN"
"=HYPERLINK(""https://www.ice.com/products/73051310"",""Jet Fuel Outright - Jet CIF NWE Cargoes (Platts) Balmo Mini Future"")","24278","FNX","FNX","P*","","Crude Oil and Refined Products","Ref Outright mt","ICEU","IFEU","Oil","FNX"
"=HYPERLINK(""https://www.ice.com/products/53168968"",""Jet Fuel Outright - Jet FOB MED Cargoes (Platts) Future"")","18399","JCP","JCP","7?","","Crude Oil and Refined Products","Ref Outright mt","ICEU","IFEU","Oil","JCP"
"=HYPERLINK(""https://www.ice.com/products/69732201"",""Jet Fuel Outright - Jet FOB Med Cargoes (Platts) Mini Future"")","21774","JCL","JCL","OD","","Crude Oil and Refined Products","Ref Outright mt","ICEU","IFEU","Oil","JCL"
"=HYPERLINK(""https://www.ice.com/products/81935187"",""Jet Fuel Outright - Jet FOB Rotterdam Barges (Platts) Balmo Future"")","25062","JFK","JFK","","","Crude Oil and Refined Products","Ref Outright mt","ICEU","IFEU","Oil","JFK"
"=HYPERLINK(""https://www.ice.com/products/83047320"",""Jet Fuel Outright - Los Angeles Jet (OPIS) Future"")","30038","JEO","JEO","","","Crude Oil and Refined Products","Am Ref bbl","ICEU","IFED","Oil Americas","JEO"
"=HYPERLINK(""https://www.ice.com/products/83049120"",""Jet Fuel Outright - Middle East Jet Kero FOB Arab Gulf (Platts) Balmo Future"")","31560","MJK","MJK","","","Crude Oil and Refined Products","RefOutright bbl","ICEU","IFEU","Oil","MJK"
"=HYPERLINK(""https://www.ice.com/products/83035224"",""Jet Fuel Outright - Middle East Jet Kero FOB Arab Gulf (Platts) Balmo Mini Future"")","28883","MHH","MHH","","","Crude Oil and Refined Products","RefOutright bbl","ICEU","IFEU","Oil","MHH"
"=HYPERLINK(""https://www.ice.com/products/83035223"",""Jet Fuel Outright - Middle East Jet Kero FOB Arab Gulf (Platts) Mini Future"")","28882","MHG","MHG","","","Crude Oil and Refined Products","RefOutright bbl","ICEU","IFEU","Oil","MHG"
"=HYPERLINK(""https://www.ice.com/products/26535743"",""Jet Fuel Outright - Singapore Jet Kerosene (Platts) Average Price Options"")","4815","SRS","SRS","SR","QH61","Crude Oil and Refined Products","O-RefOutright bbl","ICEU","IFEU","Oil","SRS"
"=HYPERLINK(""https://www.ice.com/products/27066803"",""Jet Fuel Outright - Singapore Jet Kerosene (Platts) Mini Future"")","5038","RSM","RSM","RR","EH78","Crude Oil and Refined Products","RefOutright bbl","ICEU","IFEU","Oil","RSM"
"=HYPERLINK(""https://www.ice.com/products/6753485"",""Jet Fuel Outright - Singapore Jet Kerosene Balmo Future"")","23228","SBJ","SBJ","9V","","Crude Oil and Refined Products","RefOutright bbl","ICEU","IFEU","Oil","SBJ"
"=HYPERLINK(""https://www.ice.com/products/73051331"",""Jet Fuel Outright - Singapore Jet Kerosene Cargoes (Platts) Balmo Mini Future"")","24285","CGL","CGL","P)","","Crude Oil and Refined Products","RefOutright bbl","ICEU","IFEU","Oil","CGL"
"=HYPERLINK(""https://www.ice.com/products/6753548"",""Jet Fuel Outright - Singapore Jet Kerosene Future"")","124","SRS","SRS","SR","QH61","Crude Oil and Refined Products","RefOutright bbl","ICEU","IFEU","Oil","SRS"
"=HYPERLINK(""https://www.ice.com/products/82461703"",""Jet Fuel Outright – Jet CIF NWE Cargoes (Platts) Mini Average Price Option"")","27626","JCM","JCM","RB","EH74","Crude Oil and Refined Products","O-Ref Outright mt","ICEU","IFEU","Oil","JCM"
"=HYPERLINK(""https://www.ice.com/products/81690695"",""Jet Fuel Outright – Middle East Jet Kero FOB Arab Gulf (Platts) Future"")","25751","GCV","GCV","","","Crude Oil and Refined Products","RefOutright bbl","ICEU","IFEU","Oil","GCV"
"=HYPERLINK(""https://www.ice.com/products/82461705"",""Jet Fuel Outright – Singapore Jet Kerosene (Platts) Mini Average Price Option"")","27627","RSM","RSM","RR","EH78","Crude Oil and Refined Products","O-RefOutright bbl","ICEU","IFEU","Oil","RSM"
"=HYPERLINK(""https://www.ice.com/products/65898869"",""Jet Outright - Jet FOB Med Cargoes (Platts) Balmo Mini Future"")","20101","JCQ","JCQ","J5","","Crude Oil and Refined Products","Ref Outright mt","ICEU","IFEU","Oil","JCQ"
"=HYPERLINK(""https://www.ice.com/products/38716827"",""Johnson Matthey PLC"")","8581","JMA","JMA","","","Single Stock Options","","ICEU","IFLO","Liffe Equity Derivatives - Non-US Based","JMA"
"=HYPERLINK(""https://www.ice.com/products/56684277"",""KRGT Del Pool Physical Fixed Price Monthly"")","19015","YEL","YEL","","","Natural Gas","KRGTD MOPhysGas","NGXC","IEPA","Physical Gas","YEL"
"=HYPERLINK(""https://www.ice.com/products/56684276"",""KRGT Del Pool Physical Fixed Price Spot"")","19013","YEK","YEK","","","Natural Gas","KRGTD SPPhysGas","NGXC","IEPA","Physical Gas","YEK"
"=HYPERLINK(""https://www.ice.com/products/56684284"",""KRGT Del Pool Physical Gas Daily Monthly"")","19018","YEN","YEN","","","Natural Gas","KRGTD MOPhysGas","NGXC","IEPA","Physical Gas","YEN"
"=HYPERLINK(""https://www.ice.com/products/56684282"",""KRGT Del Pool Physical Gas Daily Spot"")","19016","YEM","YEM","","","Natural Gas","KRGTD SPPhysGas","NGXC","IEPA","Physical Gas","YEM"
"=HYPERLINK(""https://www.ice.com/products/56684288"",""KRGT Del Pool Physical Natural Gas Intelligence"")","19019","YEO","YEO","","","Natural Gas","KRGTD MOPhysGas","NGXC","IEPA","Physical Gas","YEO"
"=HYPERLINK(""https://www.ice.com/products/56684279"",""KRGT Rec Pool Physical Fixed Price Monthly"")","19025","YEQ","YEQ","","","Natural Gas","KRGTR MOPhysGas","NGXC","IEPA","Physical Gas","YEQ"
"=HYPERLINK(""https://www.ice.com/products/56684278"",""KRGT Rec Pool Physical Fixed Price Spot"")","19023","YEP","YEP","","","Natural Gas","KRGTR SPPhysGas","NGXC","IEPA","Physical Gas","YEP"
"=HYPERLINK(""https://www.ice.com/products/56684286"",""KRGT Rec Pool Physical Gas Daily Monthly"")","19028","YES","YES","","","Natural Gas","KRGTR MOPhysGas","NGXC","IEPA","Physical Gas","YES"
"=HYPERLINK(""https://www.ice.com/products/56684283"",""KRGT Rec Pool Physical Gas Daily Spot"")","19026","YER","YER","","","Natural Gas","KRGTR SPPhysGas","NGXC","IEPA","Physical Gas","YER"
"=HYPERLINK(""https://www.ice.com/products/56684287"",""KRGT Rec Pool Physical Inside Ferc"")","19029","YEH","YEH","","","Natural Gas","KRGTR MOPhysGas","NGXC","IEPA","Physical Gas","YEH"
"=HYPERLINK(""https://www.ice.com/products/59293792"",""Katy Basis Future"")","19247","KTB","KTB","B3","","Natural Gas","East TX Basis","ICEU","IFED","Financial Gas","KTB"
"=HYPERLINK(""https://www.ice.com/products/28282762"",""Katy Enstor (HSC) Physical Inside FERC"")","5224","XSE","XSE","","","Natural Gas","Katy MOPhysGas","NGXC","IEPA","Physical Gas","XSE"
"=HYPERLINK(""https://www.ice.com/products/28282764"",""Katy Enstor Physical Basis LD1"")","5225","XRO","XRO","","","Natural Gas","Katy MOPhysGas","NGXC","IEPA","Physical Gas","XRO"
"=HYPERLINK(""https://www.ice.com/products/28282754"",""Katy Enstor Physical Fixed Price Monthly"")","5231","XRQ","XRQ","","","Natural Gas","Katy MOPhysGas","NGXC","IEPA","Physical Gas","XRQ"
"=HYPERLINK(""https://www.ice.com/products/28282756"",""Katy Enstor Physical Fixed Price Spot"")","5229","XRP","XRP","","","Natural Gas","Katy SPPhysGas","NGXC","IEPA","Physical Gas","XRP"
"=HYPERLINK(""https://www.ice.com/products/28282760"",""Katy Enstor Physical Gas Daily Monthly"")","5228","XRS","XRS","","","Natural Gas","Katy MOPhysGas","NGXC","IEPA","Physical Gas","XRS"
"=HYPERLINK(""https://www.ice.com/products/28282758"",""Katy Enstor Physical Gas Daily Spot"")","5226","XRR","XRR","","","Natural Gas","Katy SPPhysGas","NGXC","IEPA","Physical Gas","XRR"
"=HYPERLINK(""https://www.ice.com/products/60454234"",""Katy Enstor Physical Inside FERC"")","19392","YFL","YFL","","","Natural Gas","KTYEK MOPhysGas","NGXC","IEPA","Physical Gas","YFL"
"=HYPERLINK(""https://www.ice.com/products/59293794"",""Katy Index Future"")","19248","KTI","KTI","B4","","Natural Gas","East TX Index","ICEU","IFED","Financial Gas","KTI"
"=HYPERLINK(""https://www.ice.com/products/39097004"",""Katy Oasis (HSC) Physical Inside FERC"")","15684","XU7","XU7","","","Natural Gas","KTYO MOPhysGas","NGXC","IEPA","Physical Gas","XU7"
"=HYPERLINK(""https://www.ice.com/products/39097005"",""Katy Oasis Physical Basis LD1"")","15685","XU4","XU4","","","Natural Gas","KTYO MOPhysGas","NGXC","IEPA","Physical Gas","XU4"
"=HYPERLINK(""https://www.ice.com/products/39097000"",""Katy Oasis Physical Fixed Price Monthly"")","15691","XU3","XU3","","","Natural Gas","KTYO MOPhysGas","NGXC","IEPA","Physical Gas","XU3"
"=HYPERLINK(""https://www.ice.com/products/39097001"",""Katy Oasis Physical Fixed Price Spot"")","15689","XU2","XU2","","","Natural Gas","KTYO SPPhysGas","NGXC","IEPA","Physical Gas","XU2"
"=HYPERLINK(""https://www.ice.com/products/39097002"",""Katy Oasis Physical Gas Daily Monthly"")","15688","XU6","XU6","","","Natural Gas","KTYO MOPhysGas","NGXC","IEPA","Physical Gas","XU6"
"=HYPERLINK(""https://www.ice.com/products/39097003"",""Katy Oasis Physical Gas Daily Spot"")","15686","XU5","XU5","","","Natural Gas","KTYO SPPhysGas","NGXC","IEPA","Physical Gas","XU5"
"=HYPERLINK(""https://www.ice.com/products/60454235"",""Katy Oasis Physical Inside FERC"")","19391","YFM","YFM","","","Natural Gas","KTYOK MOPhysGas","NGXC","IEPA","Physical Gas","YFM"
"=HYPERLINK(""https://www.ice.com/products/59293820"",""Katy Swing Future"")","19249","KTS","KTS","BL","","Natural Gas","East TX Swing","ICEU","IFED","Financial Gas","KTS"
"=HYPERLINK(""https://www.ice.com/products/72256629"",""Kern Delivered Swing Future"")","23586","KSS","KSS","N<","","Natural Gas","Southwest Swing","ICEU","IFED","Financial Gas","KSS"
"=HYPERLINK(""https://www.ice.com/products/38716829"",""Kingfisher PLC"")","8675","KGF","KGF","","","Single Stock Options","","ICEU","IFLO","Liffe Equity Derivatives - Non-US Based","KGF"
"=HYPERLINK(""https://www.ice.com/products/83049846"",""LNG JKM Balmo Swap"")","22286","JKD","JKD","NT","","Natural Gas","LNG JKM Daily","Bilateral","ICES","Financial LNG","JKD"
"=HYPERLINK(""https://www.ice.com/products/80782557"",""LNG JKM Swap"")","24956","JKM","JKM","K\","","Natural Gas","LNG JKM","Bilateral","ICES","Platts Financial LNG","JKM"
"=HYPERLINK(""https://www.ice.com/products/82461655"",""LPG (BLPG) FFA Middle East Gulf to East 44,000Mts (Baltic) Average Price Option"")","27622","WAT","WAT",":A","","Wet Freight","O-Wet Freight","ICEU","IFEU","Wet Freight","WAT"
"=HYPERLINK(""https://www.ice.com/products/65898830"",""LPG (BLPG) FFA Middle East Gulf to East 44,000Mts (Baltic) Balmo Future"")","20126","WAV","WAV","J-","","Wet Freight","Wet Freight","ICEU","IFEU","Wet Freight","WAV"
"=HYPERLINK(""https://www.ice.com/products/42950226"",""LPG (BLPG) FFA Middle East Gulf to East 44,000Mts (Baltic) Future"")","15989","WAT","WAT",":A","","Wet Freight","Wet Freight","ICEU","IFEU","Wet Freight","WAT"
"=HYPERLINK(""https://www.ice.com/products/81690698"",""LPG (BLPG3) FFA Houston to Chiba (Baltic) Future"")","25770","WFA","WFA","","","Wet Freight","Wet Freight","ICEU","IFEU","Wet Freight","WFA"
"=HYPERLINK(""https://www.ice.com/products/38716831"",""Land Securities Group PLC"")","8887","LS","LS","","","Single Stock Options","","ICEU","IFLO","Liffe Equity Derivatives - Non-US Based","LS"
"=HYPERLINK(""https://www.ice.com/products/38716832"",""Legal And General Group PLC"")","8822","LGE","LGE","","","Single Stock Options","","ICEU","IFLO","Liffe Equity Derivatives - Non-US Based","LGE"
"=HYPERLINK(""https://www.ice.com/products/70466413"",""Leidy-Transco Physical Basis LD1"")","21027","YQJ","YQJ","","","Natural Gas","LdyTr MOPhysGas","NGXC","IEPA","Physical Gas","YQJ"
"=HYPERLINK(""https://www.ice.com/products/70466407"",""Leidy-Transco Physical Fixed Price Spot"")","21020","YQE","YQE","","","Natural Gas","LdyTr SPPhysGas","NGXC","IEPA","Physical Gas","YQE"
"=HYPERLINK(""https://www.ice.com/products/70466411"",""Leidy-Transco Physical Gas Daily Monthly"")","21025","YQH","YQH","","","Natural Gas","LdyTr MOPhysGas","NGXC","IEPA","Physical Gas","YQH"
"=HYPERLINK(""https://www.ice.com/products/70466410"",""Leidy-Transco Physical Gas Daily Spot"")","21023","YQG","YQG","","","Natural Gas","LdyTr SPPhysGas","NGXC","IEPA","Physical Gas","YQG"
"=HYPERLINK(""https://www.ice.com/products/70466412"",""Leidy-Transco Physical Inside FERC"")","21026","YQI","YQI","?C","","Natural Gas","LdyTr MOPhysGas","NGXC","IEPA","Physical Gas","YQI"
"=HYPERLINK(""https://www.ice.com/products/70466409"",""Leidy-Transco Physical Price Monthly"")","21022","YQF","YQF","","","Natural Gas","LdyTr MOPhysGas","NGXC","IEPA","Physical Gas","YQF"
"=HYPERLINK(""https://www.ice.com/products/38716833"",""Lloyds Banking Group PLC"")","10364","TSB","TSB","","","Single Stock Options","","ICEU","IFLO","Liffe Equity Derivatives - Non-US Based","TSB"
"=HYPERLINK(""https://www.ice.com/products/72486112"",""London Cocoa 1-Month Calendar Spread Option"")","23801","C1","C1","L1","","Cocoa","O-Cocoa UK","ICEU","IFLX","Liffe Commodities","C1"
"=HYPERLINK(""https://www.ice.com/products/72486127"",""London Cocoa 2-Month Calendar Spread Option"")","23802","C2","C2","L2","","Cocoa","O-Cocoa UK","ICEU","IFLX","Liffe Commodities","C2"
"=HYPERLINK(""https://www.ice.com/products/37089084"",""London Cocoa Options"")","15254","C","CCO","LA","","Cocoa","O-Cocoa UK","ICEU","IFLX","Liffe Commodities","C"
"=HYPERLINK(""https://www.ice.com/products/38716834"",""London Stock Exchange Group PLC"")","8882","LSE","LSE","","","Single Stock Options","","ICEU","IFLO","Liffe Equity Derivatives - Non-US Based","LSE"
"=HYPERLINK(""https://www.ice.com/products/83049259"",""London Stock Exchange Group plc Mini"")","31780","8LS","8LS","","","Mini Single Stocks","O-Min UK Equity","ICEU","IFLO","Mini Equity Non-US Based","8LS"
"=HYPERLINK(""https://www.ice.com/products/37612658"",""Long BTP Future"")","6445","I10","I10","","","Medium/Long Term Interest Rates","ITA Bond Fut","ICEU","IFLL","Liffe Bonds","I10"
"=HYPERLINK(""https://www.ice.com/products/37612653"",""Long Bund Future"")","6439","G10","G10","","","Medium/Long Term Interest Rates","DEU Bond Fut","ICEU","IFLL","Liffe Bonds","G10"
"=HYPERLINK(""https://www.ice.com/products/83047762"",""Long EU Bond Index Future"")","30531","EUI","EUI","","","Medium/Long Term Interest Rates","EU Bond Fut","ICEU","IFLL","Liffe Index Futures - US Restricted","EUI"
"=HYPERLINK(""https://www.ice.com/products/83047759"",""Long French Government Bond Future (OAT)"")","30482","BFL","BFL","","","Medium/Long Term Interest Rates","FRA Bond Fut","ICEU","IFLL","Liffe Bonds","BFL"
"=HYPERLINK(""https://www.ice.com/products/37612661"",""Long Spanish Government Bond Future"")","6449","S10","S10","","","Medium/Long Term Interest Rates","ESP Bond Fut","ICEU","IFLL","Liffe Bonds","S10"
"=HYPERLINK(""https://www.ice.com/products/37612649"",""Long Swiss Confederation Bond Future"")","6436","C10","C10","","","Medium/Long Term Interest Rates","CHE Bond Fut","ICEU","IFLL","Liffe Bonds","C10"
"=HYPERLINK(""https://www.ice.com/products/11528800"",""Low Sulphur Gasoil 1-Month Calendar Spread Options"")","4837","UUM","UUM","UM","","Crude Oil and Refined Products","O-Ref Outright mt","ICEU","IFEU","Oil","UUM"
"=HYPERLINK(""https://www.ice.com/products/6753557"",""Low Sulphur Gasoil 1st Line Future"")","3432","ULA","ULS","V)","","Crude Oil and Refined Products","Ref Outright mt","ICEU","IFEU","Oil","ULA"
"=HYPERLINK(""https://www.ice.com/products/11533817"",""Low Sulphur Gasoil Average Price Options"")","4830","ULA","ULS","V)","","Crude Oil and Refined Products","O-Ref Outright mt","ICEU","IFEU","Oil","ULA"
"=HYPERLINK(""https://www.ice.com/products/6753559"",""Low Sulphur Gasoil Bullet Future"")","3563","UUB","UUB","WP","","Crude Oil and Refined Products","Ref Outright mt","ICEU","IFEU","Oil","UUB"
"=HYPERLINK(""https://www.ice.com/products/225"",""Low Sulphur Gasoil, American-Style Options"")","5819","G","ULS","GL","","Crude Oil and Refined Products","O-IPE e-Gas Oil","ICEU","IFEU","IPE Gas Oil Futures","G"
"=HYPERLINK(""https://www.ice.com/products/72911150"",""M&G PLC"")","23977","MNG","MNG","","","Single Stock Options","O-LSE Master","ICEU","IFLO","Liffe Equity Derivatives - Non-US Based","MG2"
"=HYPERLINK(""https://www.ice.com/products/82067425"",""M-RETS Registered Renewable Energy Certificate from CRS Listed™ Wind Energy Facilities Back Half Specific Future"")","26903","NGI","NGI","","","Physical Environmental","REC-M-RETS","ICEU","IFED","Physical Environmental","NGI"
"=HYPERLINK(""https://www.ice.com/products/82067427"",""M-RETS Registered Renewable Energy Certificate from CRS Listed™ Wind Energy Facilities Front Half Specific Future"")","26904","NGH","NGH","","","Physical Environmental","REC-M-RETS","ICEU","IFED","Physical Environmental","NGH"
"=HYPERLINK(""https://www.ice.com/products/65898912"",""MISO AMIL.BGS6 Day-Ahead Off-Peak Daily Fixed Price Future"")","20088","MAB","MAB","JE","","Electricity","Pwr E OPDayMini","ICEU","IFED","Financial Power","MAB"
"=HYPERLINK(""https://www.ice.com/products/53168998"",""MISO AMIL.BGS6 Day-Ahead Off-peak Fixed Price Future"")","18457","BGB","BGB","6W","","Electricity","Pwr East OPMini","ICEU","IFED","Financial Power","BGB"
"=HYPERLINK(""https://www.ice.com/products/65898911"",""MISO AMIL.BGS6 Day-Ahead Peak Daily Fixed Price Future"")","20087","MAA","MAA","JD","","Electricity","Pwr E DailyMini","ICEU","IFED","Financial Power","MAA"
"=HYPERLINK(""https://www.ice.com/products/53168997"",""MISO AMIL.BGS6 Day-Ahead Peak Fixed Price Future"")","18456","BGA","BGA","6V","","Electricity","Pwr East Mini","ICEU","IFED","Financial Power","BGA"
"=HYPERLINK(""https://www.ice.com/products/37042694"",""MISO Arkansas Hub Day-Ahead Off-Peak Daily Fixed Price Future"")","15560","MRE","MRE","(@","","Electricity","Pwr EastOPDaily","ICEU","IFED","Financial Power","MRE"
"=HYPERLINK(""https://www.ice.com/products/31687065"",""MISO Arkansas Hub Day-Ahead Off-Peak Fixed Price Future"")","5765","ALO","ALO","56","","Electricity","Pwr East OPMini","ICEU","IFED","Financial Power","ALO"
"=HYPERLINK(""https://www.ice.com/products/37042692"",""MISO Arkansas Hub Day-Ahead Peak Daily Fixed Price Future"")","15559","MRD","MRD","(#","","Electricity","Pwr East Daily","ICEU","IFED","Financial Power","MRD"
"=HYPERLINK(""https://www.ice.com/products/31687064"",""MISO Arkansas Hub Day-Ahead Peak Fixed Price Future"")","5764","ALP","ALP","55","","Electricity","Pwr East Mini","ICEU","IFED","Financial Power","ALP"
"=HYPERLINK(""https://www.ice.com/products/6590405"",""MISO Illinois Hub Day-Ahead Off-Peak Fixed Price Future"")","2854","MLD","MLD","-/","","Electricity","Pwr East OPMini","ICEU","IFED","Financial Power","MLD"
"=HYPERLINK(""https://www.ice.com/products/6590353"",""MISO Illinois Hub Day-Ahead Peak Fixed Price Future"")","2851","MLB","MLB","-;","","Electricity","Pwr East Mini","ICEU","IFED","Financial Power","MLB"
"=HYPERLINK(""https://www.ice.com/products/6590492"",""MISO Indiana Hub Day-Ahead Off-Peak Daily Fixed Price Future"")","1617","MOD","MOD","YF","QM63","Electricity","Pwr EastOPDaily","ICEU","IFED","Financial Power","MOD"
"=HYPERLINK(""https://www.ice.com/products/6590404"",""MISO Indiana Hub Day-Ahead Off-Peak Fixed Price Future"")","1861","MCD","MCD","AD","SM91","Electricity","Pwr East OPMini","ICEU","IFED","Financial Power","MCD"
"=HYPERLINK(""https://www.ice.com/products/6590464"",""MISO Indiana Hub Day-Ahead Peak Daily Fixed Price Future"")","1613","MDA","MDA","YB","QM59","Electricity","Pwr East Daily","ICEU","IFED","Financial Power","MDA"
"=HYPERLINK(""https://www.ice.com/products/6590490"",""MISO Indiana Hub Real-Time Off-Peak Daily Fixed Price Future"")","554","IOP","IOP","QD","NO12","Electricity","Pwr EastOPDaily","ICEU","IFED","Financial Power","IOP"
"=HYPERLINK(""https://www.ice.com/products/6590394"",""MISO Indiana Hub Real-Time Off-Peak Fixed Price Future"")","19686","CPO","CPO","OV","NH34","Electricity","Pwr East OPMini","ICEU","IFED","Financial Power","CPO"
"=HYPERLINK(""https://www.ice.com/products/6590461"",""MISO Indiana Hub Real-Time Peak Daily Fixed Price Future"")","411","IDP","IDP","IP","L780","Electricity","Pwr East Daily","ICEU","IFED","Financial Power","IDP"
"=HYPERLINK(""https://www.ice.com/products/6590460"",""MISO Indiana Hub Real-Time Peak Daily Look Back Fixed Price Future "")","3966","IDO","IDP","Q\","","Electricity","Pwr East Daily","ICEU","IFED","Financial Power","IDO"
"=HYPERLINK(""https://www.ice.com/products/37042691"",""MISO Louisiana Hub Day-Ahead Off-Peak Daily Fixed Price Future"")","15558","MLR","MLR","*A","","Electricity","Pwr EastOPDaily","ICEU","IFED","Financial Power","MLR"
"=HYPERLINK(""https://www.ice.com/products/31687067"",""MISO Louisiana Hub Day-Ahead Off-Peak Fixed Price Future"")","5767","LFO","LFO","58","","Electricity","Pwr East OPMini","ICEU","IFED","Financial Power","LFO"
"=HYPERLINK(""https://www.ice.com/products/37042688"",""MISO Louisiana Hub Day-Ahead Peak Daily Fixed Price Future"")","15557","MLQ","MLQ","(=","","Electricity","Pwr East Daily","ICEU","IFED","Financial Power","MLQ"
"=HYPERLINK(""https://www.ice.com/products/31687066"",""MISO Louisiana Hub Day-Ahead Peak Fixed Price Future"")","5766","LFP","LFP","57","","Electricity","Pwr East Mini","ICEU","IFED","Financial Power","LFP"
"=HYPERLINK(""https://www.ice.com/products/65898910"",""MISO Michigan Hub Day-Ahead Off-Peak Daily Fixed Price Future"")","20084","MIM","MIM","JC","","Electricity","Pwr E OPDayMini","ICEU","IFED","Financial Power","MIM"
"=HYPERLINK(""https://www.ice.com/products/31687060"",""MISO Michigan Hub Day-Ahead Off-Peak Fixed Price Future"")","5759","MGQ","MGQ","5X","","Electricity","Pwr East OPMini","ICEU","IFED","Financial Power","MGQ"
"=HYPERLINK(""https://www.ice.com/products/65898909"",""MISO Michigan Hub Day-Ahead Peak Daily Fixed Price Future"")","20083","MIL","MIL","I=","","Electricity","Pwr E DailyMini","ICEU","IFED","Financial Power","MIL"
"=HYPERLINK(""https://www.ice.com/products/31687059"",""MISO Michigan Hub Day-Ahead Peak Fixed Price Future"")","5758","MGP","MGP","5W","","Electricity","Pwr East Mini","ICEU","IFED","Financial Power","MGP"
"=HYPERLINK(""https://www.ice.com/products/65898908"",""MISO Minnesota Hub Day-Ahead Off-Peak Daily Fixed Price Future"")","20086","MDQ","MDQ","I:","","Electricity","Pwr E OPDayMini","ICEU","IFED","Financial Power","MDQ"
"=HYPERLINK(""https://www.ice.com/products/31687058"",""MISO Minnesota Hub Day-Ahead Off-Peak Fixed Price Future"")","5757","MDO","MDO","5V","","Electricity","Pwr East OPMini","ICEU","IFED","Financial Power","MDO"
"=HYPERLINK(""https://www.ice.com/products/65898907"",""MISO Minnesota Hub Day-Ahead Peak Daily Fixed Price Future"")","20085","MDN","MDN","I0","","Electricity","Pwr E DailyMini","ICEU","IFED","Financial Power","MDN"
"=HYPERLINK(""https://www.ice.com/products/31687057"",""MISO Minnesota Hub Day-Ahead Peak Fixed Price Future"")","5756","MDP","MDP","5U","","Electricity","Pwr East Mini","ICEU","IFED","Financial Power","MDP"
"=HYPERLINK(""https://www.ice.com/products/32749952"",""MISO Texas Hub Day-Ahead Off-Peak Daily Fixed Price Future"")","15877","MDS","MDS","?P","","Electricity","Pwr EastOPDaily","ICEU","IFED","Financial Power","MDS"
"=HYPERLINK(""https://www.ice.com/products/31687074"",""MISO Texas Hub Day-Ahead Off-Peak Fixed Price Future"")","5761","TDQ","TDQ","5Z","","Electricity","Pwr East OPMini","ICEU","IFED","Financial Power","TDQ"
"=HYPERLINK(""https://www.ice.com/products/32749951"",""MISO Texas Hub Day-Ahead Peak Daily Fixed Price Future"")","15876","MDR","MDR","?O","","Electricity","Pwr East Daily","ICEU","IFED","Financial Power","MDR"
"=HYPERLINK(""https://www.ice.com/products/31687061"",""MISO Texas Hub Day-Ahead Peak Fixed Price Future"")","5760","TDP","TDP","5Y","","Electricity","Pwr East Mini","ICEU","IFED","Financial Power","TDP"
"=HYPERLINK(""https://www.ice.com/products/31687063"",""MISO Texas Hub Real-Time Off-Peak Fixed Price Future"")","5763","TPO","TPO","54","","Electricity","Pwr East OPMini","ICEU","IFED","Financial Power","TPO"
"=HYPERLINK(""https://www.ice.com/products/31687062"",""MISO Texas Hub Real-Time Peak Fixed Price Future"")","5762","TPP","TPP","51","","Electricity","Pwr East Mini","ICEU","IFED","Financial Power","TPP"
"=HYPERLINK(""https://www.ice.com/products/83047279"",""MPC Dated SONIA Futures"")","30027","MPC","MPC","","","Short Term Interest Rates","MPC Dated SONIA","ICEU","IFLL","Liffe STIRs","MPC"
"=HYPERLINK(""https://www.ice.com/products/71512958"",""MSCI AC Asia ex Japan NTR  Index Future"")","23351","ASI","ASI","AG","","MSCI Indices","MSCI EM","ICUS","IFUS","IFUS Equity Indices","ASI"
"=HYPERLINK(""https://www.ice.com/products/82943128"",""MSCI ACWI Low Carbon Target Core NTR Index Futures"")","28490","MTO","MTO","","","MSCI Indices","MSCI DEV","ICUS","IFUS","IFUS Equity Indices","MTO"
"=HYPERLINK(""https://www.ice.com/products/82943120"",""MSCI ACWI NTR Index Futures (EUR)"")","28480","MTJ","MTJ","","","MSCI Indices","MSCI DEV","ICUS","IFUS","IFUS Equity Indices","MTJ"
"=HYPERLINK(""https://www.ice.com/products/82723865"",""MSCI ACWI NTR USD Index Daily Future"")","28342","DML","DML","","","MSCI Indices","MSCI DEV","ICUS","IFUS","IFUS Equity Indices","DML"
"=HYPERLINK(""https://www.ice.com/products/83047613"",""MSCI ACWI ex Australia NTR Index Futures"")","30230","MSU","MSU","","","MSCI Indices","MSCI DEV","ICUS","IFUS","IFUS Equity Indices","MSU"
"=HYPERLINK(""https://www.ice.com/products/83048913"",""MSCI ACWI ex China ex HK NTR Index Future"")","31452","MXC","MXC","","","MSCI Indices","MSCI DEV","ICUS","IFUS","IFUS Equity Indices","MXC"
"=HYPERLINK(""https://www.ice.com/products/71248324"",""MSCI All Country Asia Pacific ex Japan NTR Index Future"")","15366","MAK","MAK","","","MSCI Indices","MSCI Fut RSTD","ICEU","IFLL","Liffe Index Futures - US Restricted","MAK"
"=HYPERLINK(""https://www.ice.com/products/31196862"",""MSCI All Country World Ex-US Net Total Return (NTR) Index Future"")","5583","AWN","AWN","B-","","MSCI Indices","MSCI DEV","ICUS","IFUS","IFUS Equity Indices","AWN"
"=HYPERLINK(""https://www.ice.com/products/83048233"",""MSCI All Country World Total Return (TRF) Futures"")","30830","MMA","MMA","","","MSCI Indices","MSCI DEV","ICUS","IFUS","IFUS Equity Indices","MMA"
"=HYPERLINK(""https://www.ice.com/products/83048911"",""MSCI All Country World Total Return Future (GTR)"")","31444","MAC","MAC","","","MSCI Indices","MSCI DEV","ICUS","IFUS","IFUS Equity Indices","MAC"
"=HYPERLINK(""https://www.ice.com/products/79265476"",""MSCI Australia NTR Index Future"")","25783","AS7","AS7","","","MSCI Indices","MSCI DEV","ICUS","IFUS","IFUS Equity Indices","AS7"
"=HYPERLINK(""https://www.ice.com/products/71512955"",""MSCI Canada GTR  Index Future"")","23348","CAD","CAD","AF","","MSCI Indices","MSCI DEV","ICUS","IFUS","IFUS Equity Indices","CAD"
"=HYPERLINK(""https://www.ice.com/products/31196847"",""MSCI Canada Index Future"")","5568","MCL","MCL","CL","","MSCI Indices","MSCI DEV","ICUS","IFUS","IFUS Equity Indices","MCL"
"=HYPERLINK(""https://www.ice.com/products/73181649"",""MSCI Chile NTR Index Future"")","24652","CHI","CHI","","","MSCI Indices","MSCI Fut RSTD","ICEU","IFLL","Liffe Index Futures - US Restricted","CHI"
"=HYPERLINK(""https://www.ice.com/products/81690703"",""MSCI China NTR Index Future"")","26463","CHH","CHH","","","MSCI Indices","MSCI EM","ICUS","IFUS","IFUS Equity Indices","CHH"
"=HYPERLINK(""https://www.ice.com/products/73181650"",""MSCI Colombia NTR Index Future"")","24655","CO9","CO9","","","MSCI Indices","MSCI Fut RSTD","ICEU","IFLL","Liffe Index Futures - US Restricted","CO9"
"=HYPERLINK(""https://www.ice.com/products/83047616"",""MSCI EAFE Climate Change CTB NTR Index Futures"")","30232","MIE","MIE","","","MSCI Indices","MSCI DEV","ICUS","IFUS","IFUS Equity Indices","MIE"
"=HYPERLINK(""https://www.ice.com/products/82723873"",""MSCI EAFE Climate Paris Aligned PAB NTR Index Futures"")","28377","ESH","ESH","","","MSCI Indices","MSCI EM","ICUS","IFUS","IFUS Equity Indices","ESH"
"=HYPERLINK(""https://www.ice.com/products/82723841"",""MSCI EAFE Index Daily Future"")","28341","DMQ","DMQ","","","MSCI Indices","MSCI DEV","ICUS","IFUS","IFUS Equity Indices","DMQ"
"=HYPERLINK(""https://www.ice.com/products/82943127"",""MSCI EAFE Low Carbon Target Core NTR Index Futures"")","28488","MTN","MTN","","","MSCI Indices","MSCI DEV","ICUS","IFUS","IFUS Equity Indices","MTN"
"=HYPERLINK(""https://www.ice.com/products/31196850"",""MSCI EAFE Net Total Return (NTR) Index Future"")","5572","MFU","MFU","FM","","MSCI Indices","MSCI DEV","ICUS","IFUS","IFUS Equity Indices","MFU"
"=HYPERLINK(""https://www.ice.com/products/82723868"",""MSCI EAFE Selection NTR Index Daily Future"")","28352","DM2","DM2","","","MSCI Indices","MSCI DEV","ICUS","IFUS","IFUS Equity Indices","DMI"
"=HYPERLINK(""https://www.ice.com/products/72806293"",""MSCI EAFE Selection NTR Index Future"")","23943","LFG","LFG","AJ","","MSCI Indices","MSCI DEV","ICUS","IFUS","IFUS Equity Indices","LFG"
"=HYPERLINK(""https://www.ice.com/products/83047134"",""MSCI EAFE Total Return (TRF) Futures"")","29957","MVH","MVH","","","MSCI Indices","MSCI EM","ICUS","IFUS","IFUS Equity Indices","MVH"
"=HYPERLINK(""https://www.ice.com/products/83048914"",""MSCI EAFE ex HK NTR Future"")","31456","MXK","MXK","","","MSCI Indices","MSCI DEV","ICUS","IFUS","IFUS Equity Indices","MXK"
"=HYPERLINK(""https://www.ice.com/products/83047617"",""MSCI EM Asia ex China NTR Index Futures"")","30234","MUP","MUP","","","MSCI Indices","MSCI EM","ICUS","IFUS","IFUS Equity Indices","MUP"
"=HYPERLINK(""https://www.ice.com/products/82149355"",""MSCI EM Climate Paris Aligned PAB NTR Index Future"")","26858","MVU","MVU","","","MSCI Indices","MSCI EM","ICUS","IFUS","IFUS Equity Indices","MVU"
"=HYPERLINK(""https://www.ice.com/products/82943124"",""MSCI EM Low Carbon Target Core NTR Index Futures"")","28484","MTL","MTL","","","MSCI Indices","MSCI EM","ICUS","IFUS","IFUS Equity Indices","MTL"
"=HYPERLINK(""https://www.ice.com/products/82943129"",""MSCI EM ex China ex Taiwan NTR Index Futures"")","28492","MTP","MTP","","","MSCI Indices","MSCI EM","ICUS","IFUS","IFUS Equity Indices","MTP"
"=HYPERLINK(""https://www.ice.com/products/82943130"",""MSCI EM ex China ex Taiwan Price Index Futures"")","28494","MTQ","MTQ","","","MSCI Indices","MSCI EM","ICUS","IFUS","IFUS Equity Indices","MTQ"
"=HYPERLINK(""https://www.ice.com/products/71544119"",""MSCI EMU Communication Services Net Return EUR Index Future"")","23395","EMO","EMO","","","MSCI Indices","MSCI Fut RSTD","ICEU","IFLL","Liffe Index Futures - US Restricted","EMO"
"=HYPERLINK(""https://www.ice.com/products/71544138"",""MSCI EMU Consumer Discretionary Net Return EUR Index  Future"")","23399","EMY","EMY","","","MSCI Indices","MSCI Fut RSTD","ICEU","IFLL","Liffe Index Futures - US Restricted","EMY"
"=HYPERLINK(""https://www.ice.com/products/71544122"",""MSCI EMU Consumer Staples Net Return EUR Index Future"")","23398","EMS","EMS","","","MSCI Indices","MSCI Fut RSTD","ICEU","IFLL","Liffe Index Futures - US Restricted","EMS"
"=HYPERLINK(""https://www.ice.com/products/71544120"",""MSCI EMU Energy Net Return EUR Index Future"")","23396","EMN","EMN","","","MSCI Indices","MSCI Fut RSTD","ICEU","IFLL","Liffe Index Futures - US Restricted","EMN"
"=HYPERLINK(""https://www.ice.com/products/71544112"",""MSCI EMU Financials Net Return EUR Index Future"")","23391","EMF","EMF","","","MSCI Indices","MSCI Fut RSTD","ICEU","IFLL","Liffe Index Futures - US Restricted","EMF"
"=HYPERLINK(""https://www.ice.com/products/71544121"",""MSCI EMU Health Care Net Return EUR Index Future"")","23397","EMH","EMH","","","MSCI Indices","MSCI Fut RSTD","ICEU","IFLL","Liffe Index Futures - US Restricted","EMH"
"=HYPERLINK(""https://www.ice.com/products/71544114"",""MSCI EMU Industrials Net Return EUR Index Future"")","23392","EMI","EMI","","","MSCI Indices","MSCI Fut RSTD","ICEU","IFLL","Liffe Index Futures - US Restricted","EMI"
"=HYPERLINK(""https://www.ice.com/products/71544117"",""MSCI EMU Information Technology Net Return EUR Index Future"")","23393","EMT","EMT","","","MSCI Indices","MSCI Fut RSTD","ICEU","IFLL","Liffe Index Futures - US Restricted","EMT"
"=HYPERLINK(""https://www.ice.com/products/71544143"",""MSCI EMU Materials Net Return EUR Index Future"")","23401","EMM","EMM","","","MSCI Indices","MSCI Fut RSTD","ICEU","IFLL","Liffe Index Futures - US Restricted","EMM"
"=HYPERLINK(""https://www.ice.com/products/83047599"",""MSCI EMU NTR Index Futures (EUR)"")","30236","MXE","MXE","","","MSCI Indices","MSCI DEV","ICUS","IFUS","IFUS Equity Indices","MXE"
"=HYPERLINK(""https://www.ice.com/products/71544118"",""MSCI EMU Utilities Net Return EUR Index Future"")","23394","EMU","EMU","","","MSCI Indices","MSCI Fut RSTD","ICEU","IFLL","Liffe Index Futures - US Restricted","EMU"
"=HYPERLINK(""https://www.ice.com/products/82723843"",""MSCI Emerging Market (EM) Asia NTR USD Index Daily Future"")","28343","DMX","DMX","","","MSCI Indices","MSCI EM","ICUS","IFUS","IFUS Equity Indices","DMX"
"=HYPERLINK(""https://www.ice.com/products/82723846"",""MSCI Emerging Market EMEA NTR Index Daily Future"")","28345","DM6","DM6","","","MSCI Indices","MSCI EM","ICUS","IFUS","IFUS Equity Indices","DM6"
"=HYPERLINK(""https://www.ice.com/products/82723838"",""MSCI Emerging Market Index Daily Future"")","28340","DMU","DMU","","","MSCI Indices","MSCI EM","ICUS","IFUS","IFUS Equity Indices","DMU"
"=HYPERLINK(""https://www.ice.com/products/82723845"",""MSCI Emerging Market Latin America NTR Index Daily Future"")","28351","DMW","DMW","","","MSCI Indices","MSCI EM","ICUS","IFUS","IFUS Equity Indices","DMW"
"=HYPERLINK(""https://www.ice.com/products/82723844"",""MSCI Emerging Market NTR USD Index Daily Future"")","28344","DMY","DMY","","","MSCI Indices","MSCI EM","ICUS","IFUS","IFUS Equity Indices","DMY"
"=HYPERLINK(""https://www.ice.com/products/82723867"",""MSCI Emerging Market Selection NTR Index Daily Future"")","28353","DMI","DMI","","","MSCI Indices","MSCI EM","ICUS","IFUS","IFUS Equity Indices","DM2"
"=HYPERLINK(""https://www.ice.com/products/79224923"",""MSCI Emerging Market ex China NTR Index Future"")","25813","MMC","MMC","","","MSCI Indices","MSCI EM","ICUS","IFUS","IFUS Equity Indices","MMC"
"=HYPERLINK(""https://www.ice.com/products/66009751"",""MSCI Emerging Markets EMEA NTR Index Futures"")","20059","MMM","MMM","AY","","MSCI Indices","MSCI EM","ICUS","IFUS","IFUS Equity Indices","MMM"
"=HYPERLINK(""https://www.ice.com/products/83047618"",""MSCI Emerging Markets Equal Weighted NTR Index Futures"")","30238","EWM","EWM","","","MSCI Indices","MSCI EM","ICUS","IFUS","IFUS Equity Indices","EWM"
"=HYPERLINK(""https://www.ice.com/products/66009752"",""MSCI Emerging Markets LatAm NTR Index Future"")","20060","MML","MML","AZ","","MSCI Indices","MSCI EM","ICUS","IFUS","IFUS Equity Indices","MML"
"=HYPERLINK(""https://www.ice.com/products/31196853"",""MSCI Emerging Markets Latin America Index Future"")","5574","MLE","MLE","LE","","MSCI Indices","MSCI EM","ICUS","IFUS","IFUS Equity Indices","MLE"
"=HYPERLINK(""https://www.ice.com/products/83047619"",""MSCI Emerging Markets Minimum Volatility NTR Index Futures"")","30240","MVM","MVM","","","MSCI Indices","MSCI EM","ICUS","IFUS","IFUS Equity Indices","MVM"
"=HYPERLINK(""https://www.ice.com/products/66009750"",""MSCI Emerging Markets NTR (EUR) Index Future"")","20058","MMR","MMR","AX","","MSCI Indices","MSCI EM","ICUS","IFUS","IFUS Equity Indices","MMR"
"=HYPERLINK(""https://www.ice.com/products/31196852"",""MSCI Emerging Markets Net Total Return (NTR) Index Futures"")","5576","MMN","MMN","MM","","MSCI Indices","MSCI EM","ICUS","IFUS","IFUS Equity Indices","MMN"
"=HYPERLINK(""https://www.ice.com/products/72806294"",""MSCI Emerging Markets Selection NTR Index Future"")","23945","LFM","LFM","AK","","MSCI Indices","MSCI EM","ICUS","IFUS","IFUS Equity Indices","LFM"
"=HYPERLINK(""https://www.ice.com/products/83047133"",""MSCI Emerging Markets Total Return (TRF) Futures"")","29951","MVE","MVE","","","MSCI Indices","MSCI EM","ICUS","IFUS","IFUS Equity Indices","MVE"
"=HYPERLINK(""https://www.ice.com/products/31196854"",""MSCI Euro Index Futures"")","5570","MEU","MEU","UM","","MSCI Indices","MSCI DEV","ICUS","IFUS","IFUS Equity Indices","MEU"
"=HYPERLINK(""https://www.ice.com/products/79265482"",""MSCI Europe Climate Change CTB NTR Index Future"")","25804","EU1","EU1","","","MSCI Indices","MSCI DEV","ICUS","IFUS","IFUS Equity Indices","EU1"
"=HYPERLINK(""https://www.ice.com/products/82149354"",""MSCI Europe Climate Paris Aligned PAB NTR Index Future"")","26855","MVT","MVT","","","MSCI Indices","MSCI DEV","ICUS","IFUS","IFUS Equity Indices","MVT"
"=HYPERLINK(""https://www.ice.com/products/71248354"",""MSCI Europe Communication Services NTR EUR  Index Future"")","15394","ME8","ME8","","","MSCI Indices","MSCI Fut RSTD","ICEU","IFLL","Liffe Index Futures - US Restricted","ME8"
"=HYPERLINK(""https://www.ice.com/products/71248346"",""MSCI Europe Consumer Discretionary NTR EUR  Index Future"")","15386","ME0","ME0","","","MSCI Indices","MSCI Fut RSTD","ICEU","IFLL","Liffe Index Futures - US Restricted","ME0"
"=HYPERLINK(""https://www.ice.com/products/71248347"",""MSCI Europe Consumer Staples NTR EUR  Index Future"")","15387","ME1","ME1","","","MSCI Indices","MSCI Fut RSTD","ICEU","IFLL","Liffe Index Futures - US Restricted","ME1"
"=HYPERLINK(""https://www.ice.com/products/71248348"",""MSCI Europe Energy NTR EUR  Index Future"")","15388","ME2","ME2","","","MSCI Indices","MSCI Fut RSTD","ICEU","IFLL","Liffe Index Futures - US Restricted","ME2"
"=HYPERLINK(""https://www.ice.com/products/83047620"",""MSCI Europe Equal Weighted NTR Index Futures (EUR)"")","30242","EWE","EWE","","","MSCI Indices","MSCI DEV","ICUS","IFUS","IFUS Equity Indices","EWE"
"=HYPERLINK(""https://www.ice.com/products/71248349"",""MSCI Europe Financials NTR EUR Index Future"")","15389","ME3","ME3","","","MSCI Indices","MSCI Fut RSTD","ICEU","IFLL","Liffe Index Futures - US Restricted","ME3"
"=HYPERLINK(""https://www.ice.com/products/31196855"",""MSCI Europe Growth Index Future"")","5573","MGE","MGE","MG","","MSCI Indices","MSCI DEV","ICUS","IFUS","IFUS Equity Indices","MGE"
"=HYPERLINK(""https://www.ice.com/products/71248350"",""MSCI Europe Health Care NTR EUR  Index Future"")","15390","ME4","ME4","","","MSCI Indices","MSCI Fut RSTD","ICEU","IFLL","Liffe Index Futures - US Restricted","ME4"
"=HYPERLINK(""https://www.ice.com/products/71248352"",""MSCI Europe IT NTR EUR  Index Future"")","15392","ME6","ME6","","","MSCI Indices","MSCI Fut RSTD","ICEU","IFLL","Liffe Index Futures - US Restricted","ME6"
"=HYPERLINK(""https://www.ice.com/products/31196846"",""MSCI Europe Index Futures"")","5567","MCE","MCE","MC","","MSCI Indices","MSCI DEV","ICUS","IFUS","IFUS Equity Indices","MCE"
"=HYPERLINK(""https://www.ice.com/products/71248351"",""MSCI Europe Industrials NTR EUR  Index Future"")","15391","ME5","ME5","","","MSCI Indices","MSCI Fut RSTD","ICEU","IFLL","Liffe Index Futures - US Restricted","ME5"
"=HYPERLINK(""https://www.ice.com/products/71248353"",""MSCI Europe Materials NTR EUR  Index Future"")","15393","ME7","ME7","","","MSCI Indices","MSCI Fut RSTD","ICEU","IFLL","Liffe Index Futures - US Restricted","ME7"
"=HYPERLINK(""https://www.ice.com/products/83047621"",""MSCI Europe Minimum Volatility NTR Index Futures (EUR)"")","30244","EMV","EMV","","","MSCI Indices","MSCI DEV","ICUS","IFUS","IFUS Equity Indices","EMV"
"=HYPERLINK(""https://www.ice.com/products/71248345"",""MSCI Europe NTR  Index Future"")","15374","MCJ","MCJ","","","MSCI Indices","MSCI Fut RSTD","ICEU","IFLL","Liffe Index Futures - US Restricted","MCJ"
"=HYPERLINK(""https://www.ice.com/products/82149358"",""MSCI Europe NTR Index Future (EUR)"")","26867","MVV","MVV","","","MSCI Indices","MSCI DEV","ICUS","IFUS","IFUS Equity Indices","MVV"
"=HYPERLINK(""https://www.ice.com/products/71512951"",""MSCI Europe NTR Index Futures (USD)"")","23342","EU9","EU9","AD","","MSCI Indices","MSCI DEV","ICUS","IFUS","IFUS Equity Indices","EU9"
"=HYPERLINK(""https://www.ice.com/products/82723864"",""MSCI Europe NTR USD Index Daily Future"")","28348","DMR","DMR","","","MSCI Indices","MSCI DEV","ICUS","IFUS","IFUS Equity Indices","DMR"
"=HYPERLINK(""https://www.ice.com/products/38716768"",""MSCI Europe Net Total Return (NTR) Index Future"")","15524","MPE","M63","","","MSCI Indices","MSCI Fut UNRSTD","ICEU","IFLL","Liffe Index Futures - Non-US Restricted","MPE"
"=HYPERLINK(""https://www.ice.com/products/72806295"",""MSCI Europe Selection NTR Index Future"")","23941","LFU","LFU","AI","","MSCI Indices","MSCI DEV","ICUS","IFUS","IFUS Equity Indices","LFU"
"=HYPERLINK(""https://www.ice.com/products/82723869"",""MSCI Europe Selection NTR USD Index Daily Future"")","28350","DM3","DM3","","","MSCI Indices","MSCI DEV","ICUS","IFUS","IFUS Equity Indices","DM3"
"=HYPERLINK(""https://www.ice.com/products/71248355"",""MSCI Europe Utilities NTR EUR  Index Future"")","15395","ME9","ME9","","","MSCI Indices","MSCI Fut RSTD","ICEU","IFLL","Liffe Index Futures - US Restricted","ME9"
"=HYPERLINK(""https://www.ice.com/products/31196859"",""MSCI Europe Value Index Future"")","5578","MPU","MPU","MV","","MSCI Indices","MSCI DEV","ICUS","IFUS","IFUS Equity Indices","MPU"
"=HYPERLINK(""https://www.ice.com/products/71248343"",""MSCI Europe ex UK NTR  Index Future"")","15399","MKE","MKE","","","MSCI Indices","MSCI Fut RSTD","ICEU","IFLL","Liffe Index Futures - US Restricted","MKE"
"=HYPERLINK(""https://www.ice.com/products/71248356"",""MSCI France NTR EUR  Index Future"")","15396","MFR","MFR","P/","","MSCI Indices","MSCI Fut RSTD","ICEU","IFLL","Liffe Index Futures - US Restricted","MFR"
"=HYPERLINK(""https://www.ice.com/products/81690724"",""MSCI Germany NTR Index Future"")","26469","GEA","GEA","","","MSCI Indices","MSCI DEV","ICUS","IFUS","IFUS Equity Indices","GEA"
"=HYPERLINK(""https://www.ice.com/products/66009755"",""MSCI India NTR Index Future"")","20063","MIN","MIN","BC","","MSCI Indices","MSCI EM","ICUS","IFUS","IFUS Equity Indices","MIN"
"=HYPERLINK(""https://www.ice.com/products/81935663"",""MSCI Indonesia NTR Index Futures"")","24708","INH","INH","","","MSCI Indices","MSCI Fut RSTD","ICEU","IFLL","Liffe Index Futures - US Restricted","INH"
"=HYPERLINK(""https://www.ice.com/products/83047622"",""MSCI Japan Climate Paris Aligned PAB NTR Index Futures"")","30246","MXJ","MXJ","","","MSCI Indices","MSCI DEV","ICUS","IFUS","IFUS Equity Indices","MXJ"
"=HYPERLINK(""https://www.ice.com/products/75392111"",""MSCI Japan NTR Index Futures"")","25081","JPP","JPP","","","MSCI Indices","MSCI DEV","ICUS","IFUS","IFUS Equity Indices","JPP"
"=HYPERLINK(""https://www.ice.com/products/82723866"",""MSCI Japan NTR USD Index Daily Future"")","28356","DMS","DMS","","","MSCI Indices","MSCI DEV","ICUS","IFUS","IFUS Equity Indices","DMS"
"=HYPERLINK(""https://www.ice.com/products/79265484"",""MSCI KOKUSAI GTR Index Future"")","25810","KKS","KKS","","","MSCI Indices","MSCI DEV","ICUS","IFUS","IFUS Equity Indices","KKS"
"=HYPERLINK(""https://www.ice.com/products/79265477"",""MSCI Malaysia NTR Index Future"")","25786","MYY","MYY","","","MSCI Indices","MSCI EM","ICUS","IFUS","IFUS Equity Indices","MYY"
"=HYPERLINK(""https://www.ice.com/products/83047768"",""MSCI MarketAxess EUR HY Tradable Corporate Bond Index Futures"")","30285","EHY","EHY","","","MSCI Indices","Bond Indices","ICUS","IFUS","IFUS Equity Indices","EHY"
"=HYPERLINK(""https://www.ice.com/products/83047769"",""MSCI MarketAxess EUR IG Tradable Corporate Bond Index"")","30287","EIG","EIG","","","MSCI Indices","Bond Indices","ICUS","IFUS","IFUS Equity Indices","EIG"
"=HYPERLINK(""https://www.ice.com/products/83047770"",""MSCI MarketAxess USD HY Tradable Corporate Bond Index Futures"")","30289","MHY","MHY","","","MSCI Indices","Bond Indices","ICUS","IFUS","IFUS Equity Indices","MHY"
"=HYPERLINK(""https://www.ice.com/products/83047771"",""MSCI MarketAxess USD IG Tradable Corporate Bond Index Futures"")","30291","MIH","MIH","","","MSCI Indices","Bond Indices","ICUS","IFUS","IFUS Equity Indices","MIH"
"=HYPERLINK(""https://www.ice.com/products/71248376"",""MSCI Mexico NTR  Index Future"")","15372","MCH","MCH","","","MSCI Indices","MSCI Fut RSTD","ICEU","IFLL","Liffe Index Futures - US Restricted","MCH"
"=HYPERLINK(""https://www.ice.com/products/81935664"",""MSCI New Zealand NTR Index Future"")","24714","NEW","NEW","","","MSCI Indices","MSCI Fut RSTD","ICEU","IFLL","Liffe Index Futures - US Restricted","NEW"
"=HYPERLINK(""https://www.ice.com/products/71512947"",""MSCI North America NTR Index Future"")","23336","NAA","NAA","AB","","MSCI Indices","MSCI USA","ICUS","IFUS","IFUS Equity Indices","NAA"
"=HYPERLINK(""https://www.ice.com/products/82723848"",""MSCI Pacific NTR Index Daily Future"")","28346","DMV","DMV","","","MSCI Indices","MSCI EM","ICUS","IFUS","IFUS Equity Indices","DMV"
"=HYPERLINK(""https://www.ice.com/products/71512944"",""MSCI Pacific NTR Index Future"")","23333","MPA","MPA","AA","","MSCI Indices","MSCI EM","ICUS","IFUS","IFUS Equity Indices","MPA"
"=HYPERLINK(""https://www.ice.com/products/71512960"",""MSCI Pacific ex Japan NTR Index Future"")","23354","PAC","PAC","AH","","MSCI Indices","MSCI EM","ICUS","IFUS","IFUS Equity Indices","PAC"
"=HYPERLINK(""https://www.ice.com/products/31196856"",""MSCI Pan-Euro Index Future"")","5577","MPP","MPP","PM","","MSCI Indices","MSCI DEV","ICUS","IFUS","IFUS Equity Indices","MPP"
"=HYPERLINK(""https://www.ice.com/products/73181655"",""MSCI Peru NTR Index Future"")","24658","MPU","MPU","MV","","MSCI Indices","MSCI Fut RSTD","ICEU","IFLL","Liffe Index Futures - US Restricted","MPU"
"=HYPERLINK(""https://www.ice.com/products/81935665"",""MSCI Philippines NTR (USD) Index Future"")","24717","MPH","MPH","","","MSCI Indices","MSCI Fut RSTD","ICEU","IFLL","Liffe Index Futures - US Restricted","MPH"
"=HYPERLINK(""https://www.ice.com/products/71248380"",""MSCI South Africa NTR USD Index Future"")","15404","MSA","MSA","","","MSCI Indices","MSCI Fut RSTD","ICEU","IFLL","Liffe Index Futures - US Restricted","MSA"
"=HYPERLINK(""https://www.ice.com/products/71248383"",""MSCI Switzerland Index CHF NTR  Index Future"")","18438","MSH","MSH","","","MSCI Indices","MSCI Fut RSTD","ICEU","IFLL","Liffe Index Futures - US Restricted","MSH"
"=HYPERLINK(""https://www.ice.com/products/71248384"",""MSCI Taiwan NTR USD  Index Future"")","19598","MST","MST","","","MSCI Indices","MSCI Fut UNRSTD","ICEU","IFLL","Liffe Index Futures - US Restricted","MST"
"=HYPERLINK(""https://www.ice.com/products/79265478"",""MSCI Thailand NTR Index Future"")","25792","THG","THG","","","MSCI Indices","MSCI EM","ICUS","IFUS","IFUS Equity Indices","THG"
"=HYPERLINK(""https://www.ice.com/products/73181657"",""MSCI UK NTR USD Index Future"")","24646","UKU","UKU","","","MSCI Indices","MSCI Fut RSTD","ICEU","IFLL","Liffe Index Futures - US Restricted","UKU"
"=HYPERLINK(""https://www.ice.com/products/72985636"",""MSCI USA Climate Change CTB NTR Index Future"")","24346","MUC","MUC","","","MSCI Indices","MSCI USA","ICUS","IFUS","IFUS Equity Indices","MUC"
"=HYPERLINK(""https://www.ice.com/products/82149352"",""MSCI USA Climate Paris Aligned PAB GTR Index Future"")","26852","MVS","MVS","","","MSCI Indices","MSCI USA","ICUS","IFUS","IFUS Equity Indices","MVS"
"=HYPERLINK(""https://www.ice.com/products/83047605"",""MSCI USA Equal Weighted NTR Index Futures"")","30248","MIU","MIU","","","MSCI Indices","MSCI USA","ICUS","IFUS","IFUS Equity Indices","MIU"
"=HYPERLINK(""https://www.ice.com/products/82723847"",""MSCI USA GTR Index Daily Future"")","28349","DMO","DMO","","","MSCI Indices","MSCI USA","ICUS","IFUS","IFUS Equity Indices","DMO"
"=HYPERLINK(""https://www.ice.com/products/71512953"",""MSCI USA GTR Index Futures"")","23345","USS","USS","AE","","MSCI Indices","MSCI USA","ICUS","IFUS","IFUS Equity Indices","USS"
"=HYPERLINK(""https://www.ice.com/products/32375865"",""MSCI USA Growth Index Future"")","5579","MRG","MRG","GR","","MSCI Indices","MSCI USA","ICUS","IFUS","IFUS Equity Indices","MRG"
"=HYPERLINK(""https://www.ice.com/products/32375866"",""MSCI USA Index Future"")","5580","MUN","MUN","UN","","MSCI Indices","MSCI USA","ICUS","IFUS","IFUS Equity Indices","MUN"
"=HYPERLINK(""https://www.ice.com/products/83047610"",""MSCI USA Large Cap GTR Index Futures."")","30250","MUJ","MUJ","","","MSCI Indices","MSCI USA","ICUS","IFUS","IFUS Equity Indices","MUJ"
"=HYPERLINK(""https://www.ice.com/products/82943123"",""MSCI USA Low Carbon Target Core GTR Index Futures"")","28482","MTK","MTK","","","MSCI Indices","MSCI USA","ICUS","IFUS","IFUS Equity Indices","MTK"
"=HYPERLINK(""https://www.ice.com/products/83047609"",""MSCI USA Mid Cap GTR Index Futures."")","30252","MUK","MUK","","","MSCI Indices","MSCI USA","ICUS","IFUS","IFUS Equity Indices","MUK"
"=HYPERLINK(""https://www.ice.com/products/75392112"",""MSCI USA Minimum Volatility GTR Index Futures"")","25084","MUV","MUV","","","MSCI Indices","MSCI USA","ICUS","IFUS","IFUS Equity Indices","MUV"
"=HYPERLINK(""https://www.ice.com/products/82723870"",""MSCI USA Selection GTR Index Daily Future"")","28355","DM4","DM4","","","MSCI Indices","MSCI USA","ICUS","IFUS","IFUS Equity Indices","DM4"
"=HYPERLINK(""https://www.ice.com/products/72806296"",""MSCI USA Selection GTR Index Future"")","23949","LFA","LFA","AM","","MSCI Indices","MSCI USA","ICUS","IFUS","IFUS Equity Indices","LFA"
"=HYPERLINK(""https://www.ice.com/products/81690719"",""MSCI USA Small Cap GTR Index Future"")","26466","USC","USC","","","MSCI Indices","MSCI USA","ICUS","IFUS","IFUS Equity Indices","USC"
"=HYPERLINK(""https://www.ice.com/products/66009749"",""MSCI USA Small Cap Index Future"")","20057","MUS","MUS","AW","","MSCI Indices","MSCI USA","ICUS","IFUS","IFUS Equity Indices","MUS"
"=HYPERLINK(""https://www.ice.com/products/83047113"",""MSCI USA Total Return (TRF) Futures"")","29945","MVA","MVA","","","MSCI Indices","MSCI USA","ICUS","IFUS","IFUS Equity Indices","MVA"
"=HYPERLINK(""https://www.ice.com/products/32375863"",""MSCI USA Value Index Future"")","5569","MCU","MCU","UC","","MSCI Indices","MSCI USA","ICUS","IFUS","IFUS Equity Indices","MCU"
"=HYPERLINK(""https://www.ice.com/products/79265483"",""MSCI World Climate Change CTB NTR Index Future"")","25807","WOW","WOW","","","MSCI Indices","MSCI DEV","ICUS","IFUS","IFUS Equity Indices","WOW"
"=HYPERLINK(""https://www.ice.com/products/82149350"",""MSCI World Climate Paris Aligned PAB NTR Index Future"")","26849","MVR","MVR","","","MSCI Indices","MSCI DEV","ICUS","IFUS","IFUS Equity Indices","MVR"
"=HYPERLINK(""https://www.ice.com/products/71248412"",""MSCI World Communication Services NTR  Index Future"")","15420","MWT","MWT","","","MSCI Indices","MSCI Fut RSTD","ICEU","IFLL","Liffe Index Futures - US Restricted","MWT"
"=HYPERLINK(""https://www.ice.com/products/71248389"",""MSCI World Consumer Discretionary NTR  Index Future"")","15414","MWG","MWG","","","MSCI Indices","MSCI Fut RSTD","ICEU","IFLL","Liffe Index Futures - US Restricted","MWG"
"=HYPERLINK(""https://www.ice.com/products/71248404"",""MSCI World Consumer Staples NTR  Index Future"")","15412","MWB","MWB","","","MSCI Indices","MSCI Fut RSTD","ICEU","IFLL","Liffe Index Futures - US Restricted","MWB"
"=HYPERLINK(""https://www.ice.com/products/71248406"",""MSCI World Energy NTR  Index Future"")","15413","MWE","MWE","","","MSCI Indices","MSCI Fut RSTD","ICEU","IFLL","Liffe Index Futures - US Restricted","MWE"
"=HYPERLINK(""https://www.ice.com/products/83047612"",""MSCI World Equal Weighted NTR Index Futures"")","30254","EWW","EWW","","","MSCI Indices","MSCI DEV","ICUS","IFUS","IFUS Equity Indices","EWW"
"=HYPERLINK(""https://www.ice.com/products/83047606"",""MSCI World Ex Australia NTR Index Futures"")","30260","MXA","MXA","","","MSCI Indices","MSCI DEV","ICUS","IFUS","IFUS Equity Indices","MXA"
"=HYPERLINK(""https://www.ice.com/products/71248407"",""MSCI World Financials NTR  Index Future"")","15418","MWN","MWN","","","MSCI Indices","MSCI Fut RSTD","ICEU","IFLL","Liffe Index Futures - US Restricted","MWN"
"=HYPERLINK(""https://www.ice.com/products/71248408"",""MSCI World Health Care NTR  Index Future"")","15419","MWO","MWO","","","MSCI Indices","MSCI Fut RSTD","ICEU","IFLL","Liffe Index Futures - US Restricted","MWO"
"=HYPERLINK(""https://www.ice.com/products/71248410"",""MSCI World IT NTR  Index Future"")","15421","MWV","MWV","","","MSCI Indices","MSCI Fut RSTD","ICEU","IFLL","Liffe Index Futures - US Restricted","MWV"
"=HYPERLINK(""https://www.ice.com/products/32375867"",""MSCI World Index Future"")","5581","MWL","MWL","WL","","MSCI Indices","MSCI DEV","ICUS","IFUS","IFUS Equity Indices","MWL"
"=HYPERLINK(""https://www.ice.com/products/71248409"",""MSCI World Industrials NTR  Index Future"")","15415","MWI","MWI","","","MSCI Indices","MSCI Fut RSTD","ICEU","IFLL","Liffe Index Futures - US Restricted","MWI"
"=HYPERLINK(""https://www.ice.com/products/71248411"",""MSCI World Materials NTR  Index Future"")","15417","MWM","MWM","","","MSCI Indices","MSCI Fut RSTD","ICEU","IFLL","Liffe Index Futures - US Restricted","MWM"
"=HYPERLINK(""https://www.ice.com/products/83047608"",""MSCI World Minimum Volatility NTR Index Futures."")","30256","MVW","MVW","","","MSCI Indices","MSCI DEV","ICUS","IFUS","IFUS Equity Indices","MVW"
"=HYPERLINK(""https://www.ice.com/products/71512949"",""MSCI World NTR  Index Future"")","23339","MWS","MWS","AC","","MSCI Indices","MSCI EM","ICUS","IFUS","IFUS Equity Indices","MWS"
"=HYPERLINK(""https://www.ice.com/products/82723874"",""MSCI World NTR (EUR) Index Futures"")","28380","ESI","ESI","","","MSCI Indices","MSCI DEV","ICUS","IFUS","IFUS Equity Indices","ESI"
"=HYPERLINK(""https://www.ice.com/products/82723842"",""MSCI World NTR USD Index Daily Future"")","28347","DMJ","DMJ","","","MSCI Indices","MSCI EM","ICUS","IFUS","IFUS Equity Indices","DMJ"
"=HYPERLINK(""https://www.ice.com/products/83045330"",""MSCI World Real Estate NTR Index Future"")","29028","MWC","MWC","","","MSCI Indices","MSCI Fut RSTD","ICEU","IFLL","Liffe Index Futures - US Restricted","MWC"
"=HYPERLINK(""https://www.ice.com/products/82723871"",""MSCI World Selection NTR Index Daily Future"")","28354","DM5","DM5","","","MSCI Indices","MSCI DEV","ICUS","IFUS","IFUS Equity Indices","DM5"
"=HYPERLINK(""https://www.ice.com/products/72806297"",""MSCI World Selection NTR Index Future"")","23947","LFW","LFW","AL","","MSCI Indices","MSCI DEV","ICUS","IFUS","IFUS Equity Indices","LFW"
"=HYPERLINK(""https://www.ice.com/products/83047607"",""MSCI World Small Cap NTR Index Futures"")","30258","MUO","MUO","","","MSCI Indices","MSCI DEV","ICUS","IFUS","IFUS Equity Indices","MUO"
"=HYPERLINK(""https://www.ice.com/products/83047135"",""MSCI World Total Return (TRF) Futures"")","29963","MWA","MWA","","","MSCI Indices","MSCI DEV","ICUS","IFUS","IFUS Equity Indices","MWA"
"=HYPERLINK(""https://www.ice.com/products/71248413"",""MSCI World Utilities NTR  Index Future"")","15422","MWW","MWW","","","MSCI Indices","MSCI Fut RSTD","ICEU","IFLL","Liffe Index Futures - US Restricted","MWW"
"=HYPERLINK(""https://www.ice.com/products/82943126"",""MSCI World ex USA Low Carbon Target Core NTR Index Futures"")","28486","MTM","MTM","","","MSCI Indices","MSCI DEV","ICUS","IFUS","IFUS Equity Indices","MTM"
"=HYPERLINK(""https://www.ice.com/products/83047611"",""MSCI World ex USA NTR Index Futures"")","30262","MUL","MUL","","","MSCI Indices","MSCI DEV","ICUS","IFUS","IFUS Equity Indices","MUL"
"=HYPERLINK(""https://www.ice.com/products/6590139"",""Malin Basis Future"")","453","MLN","MLN","NM","NA85","Natural Gas","RockiesNW Basis","ICEU","IFED","Financial Gas","MLN"
"=HYPERLINK(""https://www.ice.com/products/71085629"",""Malin Fixed Price Future"")","22264","MAF","MAF","L2","","Natural Gas","Basis Master","ICEU","IFED","Financial Gas","MAF"
"=HYPERLINK(""https://www.ice.com/products/6590187"",""Malin Index Future"")","508","MIS","MIS","Y6","L336","Natural Gas","RockiesNW Index","ICEU","IFED","Financial Gas","MIS"
"=HYPERLINK(""https://www.ice.com/products/1189"",""Malin Physical Basis LD1"")","1143","XGI","XGI","","","Natural Gas","Malin Phys Gas","NGXC","IEPA","Physical Gas","XGI"
"=HYPERLINK(""https://www.ice.com/products/1148"",""Malin Physical Fixed Price Monthly"")","1127","XGJ","XGJ","","","Natural Gas","Malin Phys Gas","NGXC","IEPA","Physical Gas","XGJ"
"=HYPERLINK(""https://www.ice.com/products/1157"",""Malin Physical Fixed Price Spot"")","1418","XGN","XGN","","","Natural Gas","Mal BM Phys Gas","NGXC","IEPA","Physical Gas","XGN"
"=HYPERLINK(""https://www.ice.com/products/1165"",""Malin Physical Gas Daily Monthly"")","1135","XGK","XGK","","","Natural Gas","Malin Phys Gas","NGXC","IEPA","Physical Gas","XGK"
"=HYPERLINK(""https://www.ice.com/products/1173"",""Malin Physical Gas Daily Spot"")","1419","XGO","XGO","","","Natural Gas","Mal BM Phys Gas","NGXC","IEPA","Physical Gas","XGO"
"=HYPERLINK(""https://www.ice.com/products/1144"",""Malin Physical Natural Gas Intelligence"")","1140","XGL","XGL","","","Natural Gas","Malin Phys Gas","NGXC","IEPA","Physical Gas","XGL"
"=HYPERLINK(""https://www.ice.com/products/6590231"",""Malin Swing Future"")","467","MSS","MSS","YT","QM77","Natural Gas","RockiesNW Swing","ICEU","IFED","Financial Gas","MSS"
"=HYPERLINK(""https://www.ice.com/products/38716836"",""Man Group Plc"")","7800","EMG","EMG","","","Single Stock Options","","ICEU","IFLO","Liffe Equity Derivatives - Non-US Based","EMG"
"=HYPERLINK(""https://www.ice.com/products/82994020"",""Marine Fuel 0.5% FOB Med Cargoes vs Marine Fuel 0.5% FOB Rotterdam Barges Swap"")","28847","MDK","MDK","","","Crude Oil and Refined","Ref Diffs mt","Bilateral","ICES","Platts Oil","MDK"
"=HYPERLINK(""https://www.ice.com/products/71857845"",""Marine Fuel 0.5% FOB Rotterdam Barge Swap"")","23490","MF3","MF3","Q>","","Crude Oil and Refined","Ref Outright mt","Bilateral","ICES","Platts Oil","MF3"
"=HYPERLINK(""https://www.ice.com/products/71857861"",""Marine Fuel 0.5% FOB Rotterdam Barges vs Fuel Oil 3.5% FOB Rotterdam Barges Swap"")","23493","MF5","MF5","Q#","","Crude Oil and Refined","Ref Diffs mt","Bilateral","ICES","Platts Oil","MF5"
"=HYPERLINK(""https://www.ice.com/products/71857860"",""Marine Fuel 0.5% FOB Singapore Swap"")","23487","MF4","MF4","Q?","","Crude Oil and Refined","Ref Outright mt","Bilateral","ICES","Platts Oil","MF4"
"=HYPERLINK(""https://www.ice.com/products/83049260"",""Marks & Spencer Group plc Mini"")","31781","8MZ","8MZ","","","Mini Single Stocks","O-Min UK Equity","ICEU","IFLO","Mini Equity Non-US Based","8MZ"
"=HYPERLINK(""https://www.ice.com/products/38716837"",""Marks And Spencer Group Plc"")","8930","M+S","M+S","","","Single Stock Options","","ICEU","IFLO","Liffe Equity Derivatives - Non-US Based","M+S"
"=HYPERLINK(""https://www.ice.com/products/83047763"",""Maryland Compliance Non-Black Liquor Non-Waste Renewable Energy Credit Tier 1 Future"")","30446","MDB","MDB","","","Physical Environmental","REC-MD C1","ICEU","IFED","Physical Environmental","MDB"
"=HYPERLINK(""https://www.ice.com/products/65898876"",""Maryland Compliance Renewable Energy Credit Tier 1 Future"")","20105","MDE","MDE","JK","","Physical Environmental","REC-MD C1","ICEU","IFED","Physical Environmental","MDE"
"=HYPERLINK(""https://www.ice.com/products/72486137"",""Maryland Compliance Renewable Energy Credit Tier 1 Prior Year Future"")","23792","MPY","MPY","PI","","Physical Environmental","REC-MD C1","ICEU","IFED","Physical Environmental","MPY"
"=HYPERLINK(""https://www.ice.com/products/65898878"",""Maryland Solar Renewable Energy Credit Future"")","20107","MDX","MDX","JM","","Physical Environmental","SREC-MD C1","ICEU","IFED","Physical Environmental","MDX"
"=HYPERLINK(""https://www.ice.com/products/65898881"",""Massachusetts Compliance Renewable Energy Certificate Class I Future"")","20110","MCL","MCL","JP","","Physical Environmental","REC-MA C1","ICEU","IFED","Physical Environmental","MCL"
"=HYPERLINK(""https://www.ice.com/products/65898929"",""Massachusetts Solar Renewable Energy Certificate Carve Out II Future"")","20103","MS2","MS2","JI","","Physical Environmental","SREC-MA C1","ICEU","IFED","Physical Environmental","MS2"
"=HYPERLINK(""https://www.ice.com/products/82270909"",""Mead 230 Day-Ahead Off-Peak Fixed Price Future"")","27023","MBX","MBX","","","Electricity","Pwr West OPTerm","ICEU","IFED","Financial Power","MBX"
"=HYPERLINK(""https://www.ice.com/products/82270895"",""Mead 230 Day-Ahead Peak Fixed Price Future"")","27022","MBW","MBW","","","Electricity","Pwr West Term","ICEU","IFED","Financial Power","MBW"
"=HYPERLINK(""https://www.ice.com/products/37612657"",""Medium BTP Future"")","6444","I05","I05","","","Medium/Long Term Interest Rates","ITA Bond Fut","ICEU","IFLL","Liffe Bonds","I05"
"=HYPERLINK(""https://www.ice.com/products/37612652"",""Medium Bund Futures (Bobl)"")","6438","G05","G05","","","Medium/Long Term Interest Rates","DEU Bond Fut","ICEU","IFLL","Liffe Bonds","G05"
"=HYPERLINK(""https://www.ice.com/products/83047760"",""Medium French Government Bond Future (OAT)"")","30484","BFM","BFM","","","Medium/Long Term Interest Rates","FRA Bond Fut","ICEU","IFLL","Liffe Bonds","BFM"
"=HYPERLINK(""https://www.ice.com/products/37612655"",""Medium Gilt Future"")","6442","H","H","","","Medium/Long Term Interest Rates","Gilt Bond Fut","ICEU","IFLL","Liffe Bonds","H"
"=HYPERLINK(""https://www.ice.com/products/37612660"",""Medium Spanish Government Bond Future"")","6448","S05","S05","","","Medium/Long Term Interest Rates","ESP Bond Fut","ICEU","IFLL","Liffe Bonds","S05"
"=HYPERLINK(""https://www.ice.com/products/37612644"",""Medium Swiss Confederation Bond Future"")","6435","C05","C05","","","Medium/Long Term Interest Rates","CHE Bond Fut","ICEU","IFLL","Liffe Bonds","C05"
"=HYPERLINK(""https://www.ice.com/products/82994029"",""Melrose Industries Plc"")","28849","MLR","MLR","","","Single Stock Options","","ICEU","IFLO","Liffe Equity Derivatives - Non-US Based","MLR"
"=HYPERLINK(""https://www.ice.com/products/83049820"",""Meta Platforms - STND Future"")","32515","8F8","8FB","","","Mini Stock Futures","MiniUSEquity","ICEU","IFLO","Mini Equity US-Restricted","8F8"
"=HYPERLINK(""https://www.ice.com/products/72486129"",""Methanol Outright - Argus Methanol FOB Rotterdam Barge Future"")","23776","BMO","BMO","P2","","Biofuels","Ref Outright mt","ICEU","IFEU","Oil","BMO"
"=HYPERLINK(""https://www.ice.com/products/83046800"",""Methanol T2 FOB Rotterdam (ICIS) Future"")","29808","BMN","BMN","","","Biofuels","Ref Outright mt","ICEU","IFEU","Oil","BMN"
"=HYPERLINK(""https://www.ice.com/products/6590140"",""Michcon Basis Future"")","444","NMC","NMC","OG","","Natural Gas","Upper MW Basis","ICEU","IFED","Financial Gas","NMC"
"=HYPERLINK(""https://www.ice.com/products/69723157"",""Michcon Fixed Price Future"")","21723","FQM","FQM","KV","","Natural Gas","Basis Master","ICEU","IFED","Financial Gas","FQM"
"=HYPERLINK(""https://www.ice.com/products/6590188"",""Michcon Index Future"")","3157","NMI","NMI","M4","","Natural Gas","Upper MW Index","ICEU","IFED","Financial Gas","NMI"
"=HYPERLINK(""https://www.ice.com/products/55231749"",""Michcon Physical Basis LD1"")","2361","XKD","XKD","","","Natural Gas","Mich MO PhysGas","NGXC","IEPA","Physical Gas","XKD"
"=HYPERLINK(""https://www.ice.com/products/3306613"",""Michcon Physical Fixed Price Monthly"")","2354","XKA","XKA","","","Natural Gas","Mich MO PhysGas","NGXC","IEPA","Physical Gas","XKA"
"=HYPERLINK(""https://www.ice.com/products/3306637"",""Michcon Physical Fixed Price Spot"")","2356","XJZ","XJZ","","","Natural Gas","Mich SP PhysGas","NGXC","IEPA","Physical Gas","XJZ"
"=HYPERLINK(""https://www.ice.com/products/3350997"",""Michcon Physical Gas Daily Monthly"")","2357","XKC","XKC","","","Natural Gas","Mich MO PhysGas","NGXC","IEPA","Physical Gas","XKC"
"=HYPERLINK(""https://www.ice.com/products/3350433"",""Michcon Physical Gas Daily Spot"")","2359","XKB","XKB","","","Natural Gas","Mich SP PhysGas","NGXC","IEPA","Physical Gas","XKB"
"=HYPERLINK(""https://www.ice.com/products/55231750"",""Michcon Physical Inside FERC"")","2360","XKE","XKE","","","Natural Gas","Mich MO PhysGas","NGXC","IEPA","Physical Gas","XKE"
"=HYPERLINK(""https://www.ice.com/products/6590233"",""Michcon Swing Future"")","477","NMS","NMS","M5","","Natural Gas","Upper MW Swing","ICEU","IFED","Financial Gas","NMS"
"=HYPERLINK(""https://www.ice.com/products/80346277"",""Micro Asia Tech 30 Index Futures"")","26129","ATI","ATI","","","IFSG Indices","SG Micro Index","ICSG","IFSG","Singapore Financials","ATI"
"=HYPERLINK(""https://www.ice.com/products/83047635"",""Micro CoinDesk Bitcoin Futures"")","30297","MCB","BTM","","","Bitcoin","CoinDesk BTC","ICSG","IFSG","Singapore Financials","MCB"
"=HYPERLINK(""https://www.ice.com/products/81808271"",""Micro MSCI Europe Index Futures"")","24937","SME","SME","","","IFSG Indices","SG Micro EU","ICSG","IFSG","Singapore Financials","SME"
"=HYPERLINK(""https://www.ice.com/products/81808270"",""Micro MSCI USA Index Futures"")","24934","SMU","SMU","","","IFSG Indices","SG Micro USA","ICSG","IFSG","Singapore Financials","SMU"
"=HYPERLINK(""https://www.ice.com/products/83049821"",""Microsoft Corporation - STND Future"")","32516","8M9","8MS","","","Mini Stock Futures","MiniUSEquity","ICEU","IFLO","Mini Equity US-Restricted","8M9"
"=HYPERLINK(""https://www.ice.com/products/6590493"",""Mid-Columbia Day-Ahead Off-Peak Daily Fixed Price Future"")","747","MXO","MXO","MX","OU50","Electricity","Pwr WestOPDaily","ICEU","IFED","Financial Power","MXO"
"=HYPERLINK(""https://www.ice.com/products/82270921"",""Mid-Columbia Day-Ahead Off-Peak Daily Mini Fixed Price Future"")","27018","MDM","MDM","","","Electricity","PwrWOPDailyMini","ICEU","IFED","Financial Power","MDM"
"=HYPERLINK(""https://www.ice.com/products/6590421"",""Mid-Columbia Day-Ahead Off-Peak Fixed Price Future"")","502","OMC","OMC","OU","NI02","Electricity","Pwr West OPTerm","ICEU","IFED","Financial Power","OMC"
"=HYPERLINK(""https://www.ice.com/products/6590465"",""Mid-Columbia Day-Ahead Peak Daily Fixed Price Future"")","749","MPD","MPD","MP","OU51","Electricity","Pwr West Daily","ICEU","IFED","Financial Power","MPD"
"=HYPERLINK(""https://www.ice.com/products/82270917"",""Mid-Columbia Day-Ahead Peak Daily Mini Fixed Price Future"")","27014","MDD","MDD","","","Electricity","Pwr W DailyMini","ICEU","IFED","Financial Power","MDD"
"=HYPERLINK(""https://www.ice.com/products/6590351"",""Mid-Columbia Day-Ahead Peak Fixed Price Future"")","318","MDC","MDC","MC","N712","Electricity","Pwr West Term","ICEU","IFED","Financial Power","MDC"
"=HYPERLINK(""https://www.ice.com/products/80046937"",""Middle East Fuel Oil 180 CST FOB Arab Gulf Balmo Swap"")","25923","ME9","ME9","H4","","Crude Oil and Refined","Ref Outright mt","Bilateral","ICES","Platts Oil","ME9"
"=HYPERLINK(""https://www.ice.com/products/80046935"",""Middle East Fuel Oil 180 CST FOB Arab Gulf Swap"")","25921","MEA","MEA","A@","","Crude Oil and Refined","Ref Outright mt","Bilateral","ICES","Platts Oil","MEA"
"=HYPERLINK(""https://www.ice.com/products/80046936"",""Middle East Fuel Oil 380 CST FOB Arab Gulf Swap"")","25922","ME2","ME2","DU","","Crude Oil and Refined","Ref Outright mt","Bilateral","ICES","Platts Oil","ME2"
"=HYPERLINK(""https://www.ice.com/products/83047829"",""Midland WTI 1st Line vs Dated Brent (Platts) Future"")","30418","HOB","HOB","","","Crude Oil and Refined Products","Am Crude Diffs","ICEU","IFED","US Crude","HOB"
"=HYPERLINK(""https://www.ice.com/products/71611656"",""Midland WTI American Gulf Coast Options"")","23441","HOU","HOU","LY","","Crude Oil and Refined Products","O-Midland WTI","ICEU","IFEU","Midland WTI Futures","HOU"
"=HYPERLINK(""https://www.ice.com/products/71085644"",""Millennium East Pool Basis Future"")","22281","MRB","MRB","L<","","Natural Gas","AppalachiaBasis","ICEU","IFED","Financial Gas","MRB"
"=HYPERLINK(""https://www.ice.com/products/71085646"",""Millennium East Pool Index Future"")","22284","MRA","MRA","L*","","Natural Gas","AppalachiaIndex","ICEU","IFED","Financial Gas","MRA"
"=HYPERLINK(""https://www.ice.com/products/46459100"",""Millennium East Pool Physical Basis LD1"")","16216","YBA","YBA","","","Natural Gas","MEP MOPhys Gas","NGXC","IEPA","Physical Gas","YBA"
"=HYPERLINK(""https://www.ice.com/products/46459096"",""Millennium East Pool Physical Fixed Price Monthly"")","16213","YAZ","YAZ","","","Natural Gas","MEP MOPhys Gas","NGXC","IEPA","Physical Gas","YAZ"
"=HYPERLINK(""https://www.ice.com/products/46459097"",""Millennium East Pool Physical Fixed Price Spot"")","16215","YAY","YAY","","","Natural Gas","MEP SPPhys Gas","NGXC","IEPA","Physical Gas","YAY"
"=HYPERLINK(""https://www.ice.com/products/46459098"",""Millennium East Pool Physical Gas Daily Monthly"")","16217","YBC","YBC","","","Natural Gas","MEP MOPhys Gas","NGXC","IEPA","Physical Gas","YBC"
"=HYPERLINK(""https://www.ice.com/products/46459099"",""Millennium East Pool Physical Gas Daily Spot"")","16219","YBB","YBB","","","Natural Gas","MEP SPPhys Gas","NGXC","IEPA","Physical Gas","YBB"
"=HYPERLINK(""https://www.ice.com/products/46459101"",""Millennium East Pool Physical Inside FERC"")","16220","YBD","YBD","","","Natural Gas","MEP MOPhys Gas","NGXC","IEPA","Physical Gas","YBD"
"=HYPERLINK(""https://www.ice.com/products/71085643"",""Millennium East Pool Swing Future"")","22283","MRC","MRC","L(","","Natural Gas","AppalachiaSwing","ICEU","IFED","Financial Gas","MRC"
"=HYPERLINK(""https://www.ice.com/products/79696476"",""Mini Brent Crude Futures (100 BBL)"")","16069","BM","BM","","","Crude Oil and Refined Products","SG Brent Mini","ICSG","IFSG","Singapore Energy","BM"
"=HYPERLINK(""https://www.ice.com/products/83049149"",""Mini FTSE 100 Index Daily Options"")","31752","8LX","8LX","","","FTSE Indices","O-Mini FTSE100","ICEU","IFLO","Mini Equity Non-US Based","8LX"
"=HYPERLINK(""https://www.ice.com/products/83049148"",""Mini FTSE 100 Index Future"")","32087","8ZZ","8ZZ","","","FTSE Indices","Mini FTSE 100","ICEU","IFLL","Mini Equity US-Restricted","8ZZ"
"=HYPERLINK(""https://www.ice.com/products/79696454"",""Mini Indonesian Rupiah/US Dollar Futures"")","19364","SID","SID","","","Emerging Markets","IDR/USD","ICSG","IFSG","Singapore Financials","SID"
"=HYPERLINK(""https://www.ice.com/products/49321515"",""Mini Low Sulphur Gasoil Futures (10mt)"")","17003","GM","GM","","","Crude Oil and Refined Products","SG LS GO Mini","ICSG","IFSG","Singapore Energy","GM"
"=HYPERLINK(""https://www.ice.com/products/79696478"",""Mini Malaysian Ringgit/US Dollar Futures"")","19365","SMD","SMD","","","Emerging Markets","MYR/USD","ICSG","IFSG","Singapore Financials","SMD"
"=HYPERLINK(""https://www.ice.com/products/79696451"",""Mini Philippine Peso/US Dollar Futures"")","19621","SPD","SPD","","","Emerging Markets","PHP/USD","ICSG","IFSG","Singapore Financials","SPD"
"=HYPERLINK(""https://www.ice.com/products/79696456"",""Mini US Dollar Index&reg; Futures"")","19362","SDX","SDX","","","ICE U.S. Dollar Index (USDX)","USD Index Mini","ICSG","IFSG","Singapore Financials","SDX"
"=HYPERLINK(""https://www.ice.com/products/60045054"",""Mini WTI Crude Futures (100 BBL)"")","19327","TM","TM","","","Crude Oil and Refined Products","SG WTI Mini","ICSG","IFSG","Singapore Energy","TM"
"=HYPERLINK(""https://www.ice.com/products/38716841"",""Mondi Plc"")","8954","MDI","MDI","","","Single Stock Options","","ICEU","IFLO","Liffe Equity Derivatives - Non-US Based","MDI"
"=HYPERLINK(""https://www.ice.com/products/6753351"",""Monthly CFD - Dated Brent (Platts) Vs First Month BFOE (Platts) Future"")","1756","CFM","CFM","B2","","Crude Oil and Refined Products","Crude Diffs","ICEU","IFEU","Oil","CFM"
"=HYPERLINK(""https://www.ice.com/products/27066811"",""Monthly CFD - Dated Brent CFD (Platts) vs Second Month BFOE (Platts) Future"")","4987","CFL","CFL","R1","EH86","Crude Oil and Refined Products","Crude Diffs","ICEU","IFEU","Oil","CFL"
"=HYPERLINK(""https://www.ice.com/products/32219972"",""Moss Bluff Inter Physical Basis LD1"")","5809","XDX","XDX","","","Natural Gas","MOSS BLUFF MO","NGXC","IEPA","Physical Gas","XDX"
"=HYPERLINK(""https://www.ice.com/products/32219974"",""Moss Bluff Inter Physical Fixed Price Monthly"")","5812","XDR","XDR","","","Natural Gas","MOSS BLUFF MO","NGXC","IEPA","Physical Gas","XDR"
"=HYPERLINK(""https://www.ice.com/products/32219973"",""Moss Bluff Inter Physical Fixed Price Spot"")","5810","XDS","XDS","","","Natural Gas","MOSS BLUFF SP","NGXC","IEPA","Physical Gas","XDS"
"=HYPERLINK(""https://www.ice.com/products/83049167"",""Moss Bluff Physical Gas Daily Monthly"")","31416","X98","X98","","","Natural Gas","MOSS BLUFF MO","NGXC","IEPA","Physical Gas","X98"
"=HYPERLINK(""https://www.ice.com/products/83049166"",""Moss Bluff Physical Gas Daily Spot"")","31414","X97","X97","","","Natural Gas","MOSS BLUFF SP","NGXC","IEPA","Physical Gas","X97"
"=HYPERLINK(""https://www.ice.com/products/75443578"",""Murban Crude Oil Futures"")","25864","ADM","ADM","AD","","Crude Oil and Refined Products","Murban Crude","ICEU","IFAD","Murban Crude","ADM"
"=HYPERLINK(""https://www.ice.com/products/82067428"",""NAR Registered Renewable Energy Certificate from CRS Listed™ Wind Energy Facilities Back Half Specific Future"")","26905","NGP","NGP","","","Physical Environmental","REC-NAR","ICEU","IFED","Physical Environmental","NGP"
"=HYPERLINK(""https://www.ice.com/products/82067431"",""NAR Registered Renewable Energy Certificate from CRS Listed™ Wind Energy Facilities Front Half Specific Future"")","26906","NGQ","NGQ","","","Physical Environmental","REC-NAR","ICEU","IFED","Physical Environmental","NGQ"
"=HYPERLINK(""https://www.ice.com/products/55250892"",""NBPL Ventura Physical Basis LD1"")","2377","XUZ","XUZ","","","Natural Gas","NVen MO PhysGas","NGXC","IEPA","Physical Gas","XUZ"
"=HYPERLINK(""https://www.ice.com/products/3306621"",""NBPL Ventura Physical Fixed Price Monthly"")","2370","XUW","XUW","","","Natural Gas","NVen MO PhysGas","NGXC","IEPA","Physical Gas","XUW"
"=HYPERLINK(""https://www.ice.com/products/3306645"",""NBPL Ventura Physical Fixed Price Spot"")","2372","XTZ","XTZ","","","Natural Gas","NVen SP PhysGas","NGXC","IEPA","Physical Gas","XTZ"
"=HYPERLINK(""https://www.ice.com/products/3351005"",""NBPL Ventura Physical Gas Daily Monthly"")","2373","XUY","XUY","","","Natural Gas","NVen MO PhysGas","NGXC","IEPA","Physical Gas","XUY"
"=HYPERLINK(""https://www.ice.com/products/3350980"",""NBPL Ventura Physical Gas Daily Spot"")","2375","XUX","XUX","","","Natural Gas","NVen SP PhysGas","NGXC","IEPA","Physical Gas","XUX"
"=HYPERLINK(""https://www.ice.com/products/54847095"",""NBPL Ventura Physical Inside FERC"")","2376","XWW","XWW","","","Natural Gas","NVen MO PhysGas","NGXC","IEPA","Physical Gas","XWW"
"=HYPERLINK(""https://www.ice.com/products/65898930"",""NEPOOL Dual Qualified Compliance Renewable Energy Certificate Class I Future"")","20111","NER","NER","JQ","","Physical Environmental","REC-NEPOOL C1","ICEU","IFED","Physical Environmental","NER"
"=HYPERLINK(""https://www.ice.com/products/62666435"",""NGL Basket, OPIS Mt. Belvieu Non-TET Future"")","19597","NGB","NGB","H9","","Natural Gas Liquids","NGL Master","ICEU","IFED","Financial NGL","NGB"
"=HYPERLINK(""https://www.ice.com/products/6590138"",""NGPL Midcont Basis Future"")","445","MCO","MCO","OE","NG66","Natural Gas","Midcont Basis","ICEU","IFED","Financial Gas","MCO"
"=HYPERLINK(""https://www.ice.com/products/71085631"",""NGPL Midcont Fixed Price Future"")","22268","MCN","MCN","L4","","Natural Gas","Basis Master","ICEU","IFED","Financial Gas","MCN"
"=HYPERLINK(""https://www.ice.com/products/6590189"",""NGPL Midcont Index Future"")","2858","MCI","MCI","-(","","Natural Gas","Midcont Index","ICEU","IFED","Financial Gas","MCI"
"=HYPERLINK(""https://www.ice.com/products/1190"",""NGPL Midcont Physical Basis LD1"")","1409","XJV","XJV","","","Natural Gas","Mid MO Phys Gas","NGXC","IEPA","Physical Gas","XJV"
"=HYPERLINK(""https://www.ice.com/products/1149"",""NGPL Midcont Physical Fixed Price Monthly"")","1397","XJS","XJS","","","Natural Gas","Mid MO Phys Gas","NGXC","IEPA","Physical Gas","XJS"
"=HYPERLINK(""https://www.ice.com/products/1158"",""NGPL Midcont Physical Fixed Price Spot"")","1398","XJR","XJR","","","Natural Gas","Mid BM Phys Gas","NGXC","IEPA","Physical Gas","XJR"
"=HYPERLINK(""https://www.ice.com/products/1166"",""NGPL Midcont Physical Gas Daily Monthly"")","1403","XJU","XJU","","","Natural Gas","Mid MO Phys Gas","NGXC","IEPA","Physical Gas","XJU"
"=HYPERLINK(""https://www.ice.com/products/1175"",""NGPL Midcont Physical Gas Daily Spot"")","1404","XJT","XJT","","","Natural Gas","Mid BM Phys Gas","NGXC","IEPA","Physical Gas","XJT"
"=HYPERLINK(""https://www.ice.com/products/1183"",""NGPL Midcont Physical Inside FERC"")","1407","XJW","XJW","","","Natural Gas","Mid MO Phys Gas","NGXC","IEPA","Physical Gas","XJW"
"=HYPERLINK(""https://www.ice.com/products/6590232"",""NGPL Midcont Swing Future"")","2859","MTS","MTS","-*","","Natural Gas","Midcont Swing","ICEU","IFED","Financial Gas","MTS"
"=HYPERLINK(""https://www.ice.com/products/65657581"",""NGPL Nicor Physical Basis LD1"")","20047","YHK","YHK","","","Natural Gas","NICOR MOPhysGas","NGXC","IEPA","Physical Gas","YHK"
"=HYPERLINK(""https://www.ice.com/products/65657577"",""NGPL Nicor Physical Fixed Price Monthly"")","20042","YHG","YHG","","","Natural Gas","NICOR MOPhysGas","NGXC","IEPA","Physical Gas","YHG"
"=HYPERLINK(""https://www.ice.com/products/65657575"",""NGPL Nicor Physical Fixed Price Spot"")","20040","YHF","YHF","","","Natural Gas","NICOR SPPhysGas","NGXC","IEPA","Physical Gas","YHF"
"=HYPERLINK(""https://www.ice.com/products/65657579"",""NGPL Nicor Physical Gas Daily Monthly"")","20045","YHI","YHI","","","Natural Gas","NICOR MOPhysGas","NGXC","IEPA","Physical Gas","YHI"
"=HYPERLINK(""https://www.ice.com/products/65657578"",""NGPL Nicor Physical Gas Daily Spot"")","20043","YHH","YHH","","","Natural Gas","NICOR SPPhysGas","NGXC","IEPA","Physical Gas","YHH"
"=HYPERLINK(""https://www.ice.com/products/65657582"",""NGPL Nicor Physical Natural Gas Intelligence"")","20046","YHJ","YHJ","","","Natural Gas","NICOR MOPhysGas","NGXC","IEPA","Physical Gas","YHJ"
"=HYPERLINK(""https://www.ice.com/products/6590142"",""NGPL STX Basis Future"")","1880","NSX","NSX","AY","SN08","Natural Gas","East TX Basis","ICEU","IFED","Financial Gas","NSX"
"=HYPERLINK(""https://www.ice.com/products/6590190"",""NGPL STX Index Future"")","3061","NXI","NXI","MW","","Natural Gas","East TX Index","ICEU","IFED","Financial Gas","NXI"
"=HYPERLINK(""https://www.ice.com/products/55250896"",""NGPL STX Physical Basis LD1"")","2292","XVW","XVW","","","Natural Gas","NSTX MO PhysGas","NGXC","IEPA","Physical Gas","XVW"
"=HYPERLINK(""https://www.ice.com/products/3306625"",""NGPL STX Physical Fixed Price Monthly"")","2285","XVT","XVT","","","Natural Gas","NSTX MO PhysGas","NGXC","IEPA","Physical Gas","XVT"
"=HYPERLINK(""https://www.ice.com/products/3306649"",""NGPL STX Physical Fixed Price Spot"")","2287","XVS","XVS","","","Natural Gas","NSTX SP PhysGas","NGXC","IEPA","Physical Gas","XVS"
"=HYPERLINK(""https://www.ice.com/products/3351009"",""NGPL STX Physical Gas Daily Monthly"")","2288","XVV","XVV","","","Natural Gas","NSTX MO PhysGas","NGXC","IEPA","Physical Gas","XVV"
"=HYPERLINK(""https://www.ice.com/products/3350984"",""NGPL STX Physical Gas Daily Spot"")","2290","XVU","XVU","","","Natural Gas","NSTX SP PhysGas","NGXC","IEPA","Physical Gas","XVU"
"=HYPERLINK(""https://www.ice.com/products/55231782"",""NGPL STX Physical Inside FERC"")","2291","XVX","XVX","","","Natural Gas","NSTX MO PhysGas","NGXC","IEPA","Physical Gas","XVX"
"=HYPERLINK(""https://www.ice.com/products/6590237"",""NGPL STX Swing Future"")","3159","NXS","NXS","MY","","Natural Gas","East TX Swing","ICEU","IFED","Financial Gas","NXS"
"=HYPERLINK(""https://www.ice.com/products/6590143"",""NGPL TXOK Basis Future"")","434","NTO","NTO","NY","NE92","Natural Gas","East TX Basis","ICEU","IFED","Financial Gas","NTO"
"=HYPERLINK(""https://www.ice.com/products/71085632"",""NGPL TXOK Fixed Price Future"")","22270","NTH","NTH","L5","","Natural Gas","Basis Master","ICEU","IFED","Financial Gas","NTH"
"=HYPERLINK(""https://www.ice.com/products/6590191"",""NGPL TXOK Index Future"")","2072","NTI","NTI","HN","SR10","Natural Gas","East TX Index","ICEU","IFED","Financial Gas","NTI"
"=HYPERLINK(""https://www.ice.com/products/1194"",""NGPL TXOK Physical Basis LD1"")","1264","XIX","XIX","","","Natural Gas","TXE MO Phys Gas","NGXC","IEPA","Physical Gas","XIX"
"=HYPERLINK(""https://www.ice.com/products/1154"",""NGPL TXOK Physical Fixed Price Monthly"")","1267","XIU","XIU","","","Natural Gas","TXE MO Phys Gas","NGXC","IEPA","Physical Gas","XIU"
"=HYPERLINK(""https://www.ice.com/products/1162"",""NGPL TXOK Physical Fixed Price Spot"")","1268","XIT","XIT","","","Natural Gas","TXE BM Phys Gas","NGXC","IEPA","Physical Gas","XIT"
"=HYPERLINK(""https://www.ice.com/products/1170"",""NGPL TXOK Physical Gas Daily Monthly"")","1276","XIW","XIW","","","Natural Gas","TXE MO Phys Gas","NGXC","IEPA","Physical Gas","XIW"
"=HYPERLINK(""https://www.ice.com/products/1179"",""NGPL TXOK Physical Gas Daily Spot"")","1277","XIV","XIV","","","Natural Gas","TXE BM Phys Gas","NGXC","IEPA","Physical Gas","XIV"
"=HYPERLINK(""https://www.ice.com/products/1186"",""NGPL TXOK Physical Inside FERC"")","1285","XIY","XIY","","","Natural Gas","TXE MO Phys Gas","NGXC","IEPA","Physical Gas","XIY"
"=HYPERLINK(""https://www.ice.com/products/6590236"",""NGPL TXOK Swing Future"")","2075","NTS","NTS","HO","SR15","Natural Gas","East TX Swing","ICEU","IFED","Financial Gas","NTS"
"=HYPERLINK(""https://www.ice.com/products/69055043"",""NGPL-Nipsco Physical Basis LD1"")","20612","YHU","YHU","","","Natural Gas","NIPSC MOPhysGas","NGXC","IEPA","Physical Gas","YHU"
"=HYPERLINK(""https://www.ice.com/products/69055040"",""NGPL-Nipsco Physical Fixed Price Monthly"")","20607","YHQ","YHQ","","","Natural Gas","NIPSC MOPhysGas","NGXC","IEPA","Physical Gas","YHQ"
"=HYPERLINK(""https://www.ice.com/products/69055039"",""NGPL-Nipsco Physical Fixed Price Spot"")","20605","YHP","YHP","","","Natural Gas","NIPSC SPPhysGas","NGXC","IEPA","Physical Gas","YHP"
"=HYPERLINK(""https://www.ice.com/products/69055042"",""NGPL-Nipsco Physical Gas Daily Monthly"")","20610","YHS","YHS","","","Natural Gas","NIPSC MOPhysGas","NGXC","IEPA","Physical Gas","YHS"
"=HYPERLINK(""https://www.ice.com/products/69055041"",""NGPL-Nipsco Physical Gas Daily Spot"")","20608","YHR","YHR","","","Natural Gas","NIPSC SPPhysGas","NGXC","IEPA","Physical Gas","YHR"
"=HYPERLINK(""https://www.ice.com/products/69055045"",""NGPL-Nipsco Physical Natural Gas Intelligence"")","20611","YHT","YHT","","","Natural Gas","NIPSC MOPhysGas","NGXC","IEPA","Physical Gas","YHT"
"=HYPERLINK(""https://www.ice.com/products/6590131"",""NNG Demarc Basis Future"")","449","DEM","DEM","OD","NG65","Natural Gas","Upper MW Basis","ICEU","IFED","Financial Gas","DEM"
"=HYPERLINK(""https://www.ice.com/products/6590192"",""NNG Demarc Index Future"")","3032","DEI","DEI","A=","","Natural Gas","Upper MW Index","ICEU","IFED","Financial Gas","DEI"
"=HYPERLINK(""https://www.ice.com/products/1143"",""NNG Demarc Physical Basis LD1"")","1265","XIR","XIR","","","Natural Gas","Dem MO Phys Gas","NGXC","IEPA","Physical Gas","XIR"
"=HYPERLINK(""https://www.ice.com/products/1139"",""NNG Demarc Physical Fixed Price Monthly"")","1270","XIO","XIO","","","Natural Gas","Dem MO Phys Gas","NGXC","IEPA","Physical Gas","XIO"
"=HYPERLINK(""https://www.ice.com/products/1138"",""NNG Demarc Physical Fixed Price Spot"")","1271","XIN","XIN","","","Natural Gas","Dem BM Phys Gas","NGXC","IEPA","Physical Gas","XIN"
"=HYPERLINK(""https://www.ice.com/products/1141"",""NNG Demarc Physical Gas Daily Monthly"")","1279","XIQ","XIQ","","","Natural Gas","Dem MO Phys Gas","NGXC","IEPA","Physical Gas","XIQ"
"=HYPERLINK(""https://www.ice.com/products/1140"",""NNG Demarc Physical Gas Daily Spot"")","1280","XIP","XIP","","","Natural Gas","Dem BM Phys Gas","NGXC","IEPA","Physical Gas","XIP"
"=HYPERLINK(""https://www.ice.com/products/1142"",""NNG Demarc Physical Inside FERC"")","1286","XIS","XIS","","","Natural Gas","Dem MO Phys Gas","NGXC","IEPA","Physical Gas","XIS"
"=HYPERLINK(""https://www.ice.com/products/6590226"",""NNG Demarc Swing Future"")","479","DES","DES","AP","","Natural Gas","Upper MW Swing","ICEU","IFED","Financial Gas","DES"
"=HYPERLINK(""https://www.ice.com/products/6590144"",""NNG Ventura Basis Future"")","448","NVE","NVE","OC","NG64","Natural Gas","Upper MW Basis","ICEU","IFED","Financial Gas","NVE"
"=HYPERLINK(""https://www.ice.com/products/71085630"",""NNG Ventura Fixed Price Future"")","22266","NNH","NNH","L3","","Natural Gas","Basis Master","ICEU","IFED","Financial Gas","NNH"
"=HYPERLINK(""https://www.ice.com/products/6590193"",""NNG Ventura Index Future"")","3051","NNI","NNI","L<","","Natural Gas","Upper MW Index","ICEU","IFED","Financial Gas","NNI"
"=HYPERLINK(""https://www.ice.com/products/55250882"",""NNG Ventura Physical Basis LD1"")","1826","XTK","XTK","","","Natural Gas","Ven MO Phys Gas","NGXC","IEPA","Physical Gas","XTK"
"=HYPERLINK(""https://www.ice.com/products/3306618"",""NNG Ventura Physical Fixed Price Monthly"")","1820","XTH","XTH","","","Natural Gas","Ven MO Phys Gas","NGXC","IEPA","Physical Gas","XTH"
"=HYPERLINK(""https://www.ice.com/products/3306642"",""NNG Ventura Physical Fixed Price Spot"")","1822","XTG","XTG","","","Natural Gas","Ven SP Phys Gas","NGXC","IEPA","Physical Gas","XTG"
"=HYPERLINK(""https://www.ice.com/products/3351002"",""NNG Ventura Physical Gas Daily Monthly"")","1823","XTJ","XTJ","","","Natural Gas","Ven MO Phys Gas","NGXC","IEPA","Physical Gas","XTJ"
"=HYPERLINK(""https://www.ice.com/products/3350977"",""NNG Ventura Physical Gas Daily Spot"")","1825","XTI","XTI","","","Natural Gas","Ven SP Phys Gas","NGXC","IEPA","Physical Gas","XTI"
"=HYPERLINK(""https://www.ice.com/products/55231771"",""NNG Ventura Physical Inside FERC"")","1827","XTL","XTL","","","Natural Gas","Ven MO Phys Gas","NGXC","IEPA","Physical Gas","XTL"
"=HYPERLINK(""https://www.ice.com/products/6590234"",""NNG Ventura Swing Future"")","478","NNS","NNS","K9","","Natural Gas","Upper MW Swing","ICEU","IFED","Financial Gas","NNS"
"=HYPERLINK(""https://www.ice.com/products/83049824"",""NVIDIA Corporation - STND Future"")","32519","8V9","8VD","","","Mini Stock Futures","MiniUSEquity","ICEU","IFLO","Mini Equity US-Restricted","8V9"
"=HYPERLINK(""https://www.ice.com/products/82725198"",""NWE LNG (Spark) Futures"")","28405","NWL","NWL","","","Liquified Natural Gas","LNG NWE","ICEU","IFEU","IPE Natural Gas Futures","NWL"
"=HYPERLINK(""https://www.ice.com/products/6590145"",""NWP Rockies Basis Future"")","432","NWR","NWR","NR","NA82","Natural Gas","RockiesNW Basis","ICEU","IFED","Financial Gas","NWR"
"=HYPERLINK(""https://www.ice.com/products/69723163"",""NWP Rockies Fixed Price Future"")","21729","FQR","FQR","KF","","Natural Gas","Basis Master","ICEU","IFED","Financial Gas","FQR"
"=HYPERLINK(""https://www.ice.com/products/6590194"",""NWP Rockies Index Future"")","2073","RSI","RSI","HP","SR12","Natural Gas","RockiesNW Index","ICEU","IFED","Financial Gas","RSI"
"=HYPERLINK(""https://www.ice.com/products/6590243"",""NWP Rockies Swing Future"")","481","RSS","RSS","RS","QI04","Natural Gas","RockiesNW Swing","ICEU","IFED","Financial Gas","RSS"
"=HYPERLINK(""https://www.ice.com/products/6590141"",""NWP Sumas Basis Future"")","433","NSU","NSU","NU","NA87","Natural Gas","RockiesNW Basis","ICEU","IFED","Financial Gas","NSU"
"=HYPERLINK(""https://www.ice.com/products/6590195"",""NWP Sumas Index Future"")","2074","NIS","NIS","HQ","SR11","Natural Gas","RockiesNW Index","ICEU","IFED","Financial Gas","NIS"
"=HYPERLINK(""https://www.ice.com/products/6590235"",""NWP Sumas Swing Future"")","1908","NSS","NSS","A4","SN12","Natural Gas","RockiesNW Swing","ICEU","IFED","Financial Gas","NSS"
"=HYPERLINK(""https://www.ice.com/products/232"",""NYH (RBOB) Gasoline Futures"")","495","N","UHU","","","Crude Oil and Refined Products","ICE RBOBGas","ICEU","IFEU","ICE NYH (RBOB) Gasoline Futures","UHU"
"=HYPERLINK(""https://www.ice.com/products/3145436"",""NYH (RBOB) Gasoline/Heating Oil Futures Spread"")","3235","N","UHU","","","Crude Oil and Refined Products","RBOB/HO Spr","ICEU","IFEU","NYH (RBOB) Gasoline/Heating Oil Spread","UHU"
"=HYPERLINK(""https://www.ice.com/products/3545368"",""NYH (RBOB) Gasoline/Low Sulphur Gasoil Futures Spread"")","3449","N","UHU","","","Crude Oil and Refined Products","RBOB/LS GO Spr","ICEU","IFEU","NYH (RBOB) Gasoline/LS Gasoil Futures Spread","UHU"
"=HYPERLINK(""https://www.ice.com/products/57250519"",""NYISO Lower Hudson Valley Capacity Fixed Price Future"")","19130","NYU","NYU","@F","","Electricity","NYISO NY 1000KW","ICEU","IFED","Financial Power","NYU"
"=HYPERLINK(""https://www.ice.com/products/53168999"",""NYISO NYC In-city Capacity Fixed Price Future"")","18460","NYC","NYC","8-","","Electricity","NYISO NY 1000KW","ICEU","IFED","Financial Power","NYC"
"=HYPERLINK(""https://www.ice.com/products/53169000"",""NYISO Rest Of State Capacity Fixed Price Future"")","18461","NYR","NYR","8/","","Electricity","NYISO NY 1000KW","ICEU","IFED","Financial Power","NYR"
"=HYPERLINK(""https://www.ice.com/products/6590486"",""NYISO Zone A Day-Ahead Off-Peak Daily Fixed Price Future"")","553","APO","APO","QC","NO13","Electricity","Pwr EastOPDaily","ICEU","IFED","Financial Power","APO"
"=HYPERLINK(""https://www.ice.com/products/6590390"",""NYISO Zone A Day-Ahead Off-Peak Fixed Price Future"")","19692","AOP","AOP","AO","L061","Electricity","Pwr East OPMini","ICEU","IFED","Financial Power","AOP"
"=HYPERLINK(""https://www.ice.com/products/6590446"",""NYISO Zone A Day-Ahead Peak Daily Fixed Price Future"")","548","ADP","ADP","PX","NO07","Electricity","Pwr East Daily","ICEU","IFED","Financial Power","ADP"
"=HYPERLINK(""https://www.ice.com/products/82067400"",""NYISO Zone A Day-Ahead Peak Daily Mini Fixed Price Future"")","26888","NDY","NDY","","","Electricity","Pwr E DailyMini","ICEU","IFED","Financial Power","NDY"
"=HYPERLINK(""https://www.ice.com/products/6590355"",""NYISO Zone A Day-Ahead Peak Fixed Price Future"")","19691","NAY","NAY","NA","O937","Electricity","Pwr East Mini","ICEU","IFED","Financial Power","NAY"
"=HYPERLINK(""https://www.ice.com/products/42944111"",""NYISO Zone A Real-Time Off-Peak Daily Fixed Price Future"")","15975","NRS","NRS",":L","","Electricity","Pwr EastOPDaily","ICEU","IFED","Financial Power","NRS"
"=HYPERLINK(""https://www.ice.com/products/42944110"",""NYISO Zone A Real-Time Peak Daily Fixed Price Future"")","15974","NRR","NRR","","","Electricity","Pwr East Daily","ICEU","IFED","Financial Power","NRR"
"=HYPERLINK(""https://www.ice.com/products/64286875"",""NYISO Zone B Day-Ahead Off-Peak Fixed Price Future"")","19844","ZBD","ZBD","IW","","Electricity","Pwr East OPMini","ICEU","IFED","Financial Power","ZBD"
"=HYPERLINK(""https://www.ice.com/products/64286874"",""NYISO Zone B Day-Ahead Peak Fixed Price Future"")","19843","ZBB","ZBB","IV","","Electricity","Pwr East Mini","ICEU","IFED","Financial Power","ZBB"
"=HYPERLINK(""https://www.ice.com/products/28678193"",""NYISO Zone C Day-Ahead LBMP Off-Peak Daily Fixed Price Future "")","5289","NCO","NCO","TA","","Electricity","Pwr EastOPDaily","ICEU","IFED","Financial Power","NCO"
"=HYPERLINK(""https://www.ice.com/products/28678192"",""NYISO Zone C Day-Ahead LBMP Peak Daily Fixed Price Future "")","5288","NCP","NCP","S=","","Electricity","Pwr East Daily","ICEU","IFED","Financial Power","NCP"
"=HYPERLINK(""https://www.ice.com/products/6590443"",""NYISO Zone C Day-Ahead Off-Peak Fixed Price Future"")","19730","ZCD","ZCD","L7","","Electricity","Pwr East OPMini","ICEU","IFED","Financial Power","ZCD"
"=HYPERLINK(""https://www.ice.com/products/6590386"",""NYISO Zone C Day-Ahead Peak Fixed Price Future"")","19729","ZCB","ZCB","L6","","Electricity","Pwr East Mini","ICEU","IFED","Financial Power","ZCB"
"=HYPERLINK(""https://www.ice.com/products/42944119"",""NYISO Zone D Day-Ahead Off-Peak Daily Fixed Price Future"")","15977","NDM","NDM",":N","","Electricity","Pwr EastOPDaily","ICEU","IFED","Financial Power","NDM"
"=HYPERLINK(""https://www.ice.com/products/45644933"",""NYISO Zone D Day-Ahead Off-Peak Fixed Price Future"")","16112","NDS","NDS",":6","","Electricity","Pwr East OPMini","ICEU","IFED","Financial Power","NDS"
"=HYPERLINK(""https://www.ice.com/products/42944112"",""NYISO Zone D Day-Ahead Peak Daily Fixed Price Future"")","15976","NDL","NDL",":M","","Electricity","Pwr East Daily","ICEU","IFED","Financial Power","NDL"
"=HYPERLINK(""https://www.ice.com/products/45644932"",""NYISO Zone D Day-Ahead Peak Fixed Price Future"")","16111","NDR","NDR",":5","","Electricity","Pwr East Mini","ICEU","IFED","Financial Power","NDR"
"=HYPERLINK(""https://www.ice.com/products/64286877"",""NYISO Zone E Day-Ahead Off-Peak Fixed Price Future"")","19846","ZED","ZED","IY","","Electricity","Pwr East OPMini","ICEU","IFED","Financial Power","ZED"
"=HYPERLINK(""https://www.ice.com/products/64286876"",""NYISO Zone E Day-Ahead Peak Fixed Price Future"")","19845","ZEB","ZEB","IX","","Electricity","Pwr East Mini","ICEU","IFED","Financial Power","ZEB"
"=HYPERLINK(""https://www.ice.com/products/28678195"",""NYISO Zone F Day-Ahead LBMP Off-Peak Daily Fixed Price Future "")","5291","NFO","NFO","TD","","Electricity","Pwr EastOPDaily","ICEU","IFED","Financial Power","NFO"
"=HYPERLINK(""https://www.ice.com/products/28678194"",""NYISO Zone F Day-Ahead LBMP Peak Daily Fixed Price Future "")","5290","NFP","NFP","TB","","Electricity","Pwr East Daily","ICEU","IFED","Financial Power","NFP"
"=HYPERLINK(""https://www.ice.com/products/6590444"",""NYISO Zone F Day-Ahead Off-Peak Fixed Price Future"")","19732","ZFD","ZFD","L9","","Electricity","Pwr East OPMini","ICEU","IFED","Financial Power","ZFD"
"=HYPERLINK(""https://www.ice.com/products/6590387"",""NYISO Zone F Day-Ahead Peak Fixed Price Future"")","19731","ZFB","ZFB","L8","","Electricity","Pwr East Mini","ICEU","IFED","Financial Power","ZFB"
"=HYPERLINK(""https://www.ice.com/products/6590498"",""NYISO Zone G Day-Ahead Off-Peak Daily Fixed Price Future"")","1619","NOD","NOD","YH","QM65","Electricity","Pwr EastOPDaily","ICEU","IFED","Financial Power","NOD"
"=HYPERLINK(""https://www.ice.com/products/6590408"",""NYISO Zone G Day-Ahead Off-Peak Fixed Price Future"")","19694","NGO","NGO","YQ","QM74","Electricity","Pwr East OPMini","ICEU","IFED","Financial Power","NGO"
"=HYPERLINK(""https://www.ice.com/products/6590457"",""NYISO Zone G Day-Ahead Peak Daily Fixed Price Future"")","549","GDP","GDP","PZ","NO09","Electricity","Pwr East Daily","ICEU","IFED","Financial Power","GDP"
"=HYPERLINK(""https://www.ice.com/products/82067399"",""NYISO Zone G Day-Ahead Peak Daily Mini Fixed Price Future"")","26887","NDX","NDX","","","Electricity","Pwr E DailyMini","ICEU","IFED","Financial Power","NDX"
"=HYPERLINK(""https://www.ice.com/products/6590359"",""NYISO Zone G Day-Ahead Peak Fixed Price Future"")","19693","NGY","NGY","NG","O936","Electricity","Pwr East Mini","ICEU","IFED","Financial Power","NGY"
"=HYPERLINK(""https://www.ice.com/products/42944109"",""NYISO Zone G Real-Time Off-Peak Daily Fixed Price Future"")","15973","NRQ","NRQ",":J","","Electricity","Pwr EastOPDaily","ICEU","IFED","Financial Power","NRQ"
"=HYPERLINK(""https://www.ice.com/products/81995992"",""NYISO Zone G Real-Time Off-Peak Fixed Price Future"")","25018","NGS","NGS","","","Electricity","Pwr East OPMini","ICEU","IFED","Financial Power","NGS"
"=HYPERLINK(""https://www.ice.com/products/42944107"",""NYISO Zone G Real-Time Peak Daily Fixed Price Future"")","15972","NRN","NRN",":I","","Electricity","Pwr East Daily","ICEU","IFED","Financial Power","NRN"
"=HYPERLINK(""https://www.ice.com/products/81995991"",""NYISO Zone G Real-Time Peak Fixed Price Future"")","25017","NGR","NGR","","","Electricity","Pwr East Mini","ICEU","IFED","Financial Power","NGR"
"=HYPERLINK(""https://www.ice.com/products/64286880"",""NYISO Zone I Day-Ahead Off-Peak Fixed Price Future"")","19848","ZIL","ZIL","I1","","Electricity","Pwr East OPMini","ICEU","IFED","Financial Power","ZIL"
"=HYPERLINK(""https://www.ice.com/products/64286878"",""NYISO Zone I Day-Ahead Peak Fixed Price Future"")","19847","ZIK","ZIK","IZ","","Electricity","Pwr East Mini","ICEU","IFED","Financial Power","ZIK"
"=HYPERLINK(""https://www.ice.com/products/6590499"",""NYISO Zone J Day-Ahead Off-Peak Daily Fixed Price Future"")","1618","NOJ","NOJ","YG","","Electricity","Pwr EastOPDaily","ICEU","IFED","Financial Power","NOJ"
"=HYPERLINK(""https://www.ice.com/products/6590411"",""NYISO Zone J Day-Ahead Off-Peak Fixed Price Future"")","19696","NJO","NJO","YP","QM73","Electricity","Pwr East OPMini","ICEU","IFED","Financial Power","NJO"
"=HYPERLINK(""https://www.ice.com/products/6590463"",""NYISO Zone J Day-Ahead Peak Daily Fixed Price Future"")","550","JDP","JDP","PY","NO08","Electricity","Pwr East Daily","ICEU","IFED","Financial Power","JDP"
"=HYPERLINK(""https://www.ice.com/products/6590361"",""NYISO Zone J Day-Ahead Peak Fixed Price Future"")","19695","NJY","NJY","NJ","O935","Electricity","Pwr East Mini","ICEU","IFED","Financial Power","NJY"
"=HYPERLINK(""https://www.ice.com/products/64286872"",""NYISO Zone K Day-Ahead LBMP Off-Peak Daily Fixed Price Future"")","19842","NKO","NKO","IU","","Electricity","Pwr EastOPDaily","ICEU","IFED","Financial Power","NKO"
"=HYPERLINK(""https://www.ice.com/products/64286871"",""NYISO Zone K Day-Ahead LBMP Peak Daily Fixed Price Future"")","19841","NKP","NKP","IT","","Electricity","Pwr East Daily","ICEU","IFED","Financial Power","NKP"
"=HYPERLINK(""https://www.ice.com/products/64286870"",""NYISO Zone K Day-Ahead Off-Peak Fixed Price Future"")","19840","ZKD","ZKD","IS","","Electricity","Pwr East OPMini","ICEU","IFED","Financial Power","ZKD"
"=HYPERLINK(""https://www.ice.com/products/64286869"",""NYISO Zone K Day-Ahead Peak Fixed Price Future"")","19839","ZKB","ZKB","IR","","Electricity","Pwr East Mini","ICEU","IFED","Financial Power","ZKB"
"=HYPERLINK(""https://www.ice.com/products/82149356"",""NYSE Biotechnology GTR Index Future"")","26861","IUT","IUT","","","IFUS Indices","IFUS IDS","ICUS","IFUS","IFUS ICE Indices","IUT"
"=HYPERLINK(""https://www.ice.com/products/82149357"",""NYSE Semiconductor GTR Index Future"")","26864","IUS","IUS","","","IFUS Indices","IFUS IDS","ICUS","IFUS","IFUS ICE Indices","IUS"
"=HYPERLINK(""https://www.ice.com/products/6753510"",""Naphtha C+F Japan Balmo Future"")","23245","NJD","NJD","98","","Crude Oil and Refined Products","Ref Outright mt","ICEU","IFEU","Oil","NJD"
"=HYPERLINK(""https://www.ice.com/products/33592792"",""Naphtha C+F Japan Cargo Balmo Swap"")","2902","NJD","NJD","98","","Crude Oil and Refined","Ref Outright mt","Bilateral","ICES","Platts Oil","NJD"
"=HYPERLINK(""https://www.ice.com/products/33592791"",""Naphtha C+F Japan Cargo Swap"")","1886","NJC","NJC","A9","SN19","Crude Oil and Refined","Ref Outright mt","Bilateral","ICES","Oil","NJC"
"=HYPERLINK(""https://www.ice.com/products/27089667"",""Naphtha CIF NWE Cargoes (Platts) Average Price Options"")","5044","NEC","NEC","A7","SN17","Crude Oil and Refined Products","O-Ref Outright mt","ICEU","IFEU","Oil","NEC"
"=HYPERLINK(""https://www.ice.com/products/27066810"",""Naphtha CIF NWE Cargoes (Platts) Mini Future"")","5039","NAM","NAM","RZ","EH85","Crude Oil and Refined Products","Ref Outright mt","ICEU","IFEU","Oil","NAM"
"=HYPERLINK(""https://www.ice.com/products/28687699"",""Naphtha CIF NWE Cargoes Balmo Swap"")","2567","NEH","NEH","K\","","Crude Oil and Refined","Ref Outright mt","Bilateral","ICES","Oil","NEE"
"=HYPERLINK(""https://www.ice.com/products/6753535"",""Naphtha CIF NWE Cargoes Future"")","1884","NEC","NEC","A7","SN17","Crude Oil and Refined Products","Ref Outright mt","ICEU","IFEU","Oil","NEC"
"=HYPERLINK(""https://www.ice.com/products/28687698"",""Naphtha CIF NWE Cargoes Swap"")","1884","NEC","NEC","A7","SN17","Crude Oil and Refined","Ref Outright mt","Bilateral","ICES","Oil","NEC"
"=HYPERLINK(""https://www.ice.com/products/28687701"",""Naphtha CIF NWE Cargoes vs Brent 1st Line Balmo Swap"")","3168","NCB","NCB","99","","Crude Oil and Refined","Cracks mt","Bilateral","ICES","Platts Oil","NCB"
"=HYPERLINK(""https://www.ice.com/products/28687700"",""Naphtha CIF NWE Cargoes vs Brent 1st Line Swap"")","1885","NOB","NOB","A8","SN18","Crude Oil and Refined","Cracks mt","Bilateral","ICES","Oil","NOB"
"=HYPERLINK(""https://www.ice.com/products/65898863"",""Naphtha Crack - Naphtha C+F Japan (Platts) vs Brent 1st Line Balmo Future (in Bbl)"")","20097","NBH","NBH","J9","","Crude Oil and Refined Products","Cracks bbl","ICEU","IFEU","Oil","NBH"
"=HYPERLINK(""https://www.ice.com/products/65898862"",""Naphtha Crack - Naphtha C+F Japan (Platts) vs Brent 1st Line Future (in Bbls)"")","20096","NBG","NBG","J7","","Crude Oil and Refined Products","Cracks bbl","ICEU","IFEU","Oil","NBG"
"=HYPERLINK(""https://www.ice.com/products/75452789"",""Naphtha Crack - Naphtha C+F Japan (Platts) vs Murban Singapore Marker 1st Line Future"")","25891","MUV","MUV","AS","","Crude Oil and Refined Products","Cracks bblAD","ICEU","IFAD","Oil Abu Dhabi","MUV"
"=HYPERLINK(""https://www.ice.com/products/68358291"",""Naphtha Crack - Naphtha CIF NWE Cargoes (Platts) vs Brent 1st Line Balmo Future (in Bbls)"")","20491","NBL","NBL","K4","","Crude Oil and Refined Products","Cracks bbl","ICEU","IFEU","Oil","NBL"
"=HYPERLINK(""https://www.ice.com/products/31687099"",""Naphtha Crack - Naphtha CIF NWE Cargoes (Platts) vs Brent 1st Line Future (in bbls)"")","5740","NBB","NBB","3*","","Crude Oil and Refined Products","Cracks bbl","ICEU","IFEU","Oil","NBB"
"=HYPERLINK(""https://www.ice.com/products/6753286"",""Naphtha Crack - Naphtha CIF NWE Cargoes vs Brent 1st Line Balmo Future"")","23246","NCB","NCB","99","","Crude Oil and Refined Products","Cracks mt","ICEU","IFEU","Oil","NCB"
"=HYPERLINK(""https://www.ice.com/products/6753305"",""Naphtha Crack - Naphtha CIF NWE Cargoes vs Brent 1st Line Future"")","1885","NOB","NOB","A8","SN18","Crude Oil and Refined Products","Cracks mt","ICEU","IFEU","Oil","NOB"
"=HYPERLINK(""https://www.ice.com/products/53168971"",""Naphtha Crack - Naphtha CIF NWE Cargoes vs Brent 1st Line Options"")","18478","NOB","NOB","A8","SN18","Crude Oil and Refined Products","Cracks mt","ICEU","IFEU","Oil","NOB"
"=HYPERLINK(""https://www.ice.com/products/82461695"",""Naphtha Crack – Naphtha CIF NWE Cargoes (Platts) vs Brent 1st Line Average Price Option (in Bbls)"")","27628","NBB","NBB","3*","","Crude Oil and Refined Products","O-Cracks bbl","ICEU","IFEU","Oil","NBB"
"=HYPERLINK(""https://www.ice.com/products/83049116"",""Naphtha Diff - Middle East Naphtha FOB Arab Gulf (Platts) vs Naphtha C+F Japan Cargoes (Platts) Balmo Future"")","31561","NEK","NEK","","","Crude Oil and Refined Products","Ref Diffs mt","ICEU","IFEU","Oil","NEK"
"=HYPERLINK(""https://www.ice.com/products/55999116"",""Naphtha Diff - Naphtha C+F Japan Cargoes (Platts) vs Naphtha CIF NWE Cargoes (Platts) Balmo Future"")","23265","JOD","JOD","9B","","Crude Oil and Refined Products","Ref Diffs mt","ICEU","IFEU","Oil","JOD"
"=HYPERLINK(""https://www.ice.com/products/6753404"",""Naphtha Diff - Naphtha C+F Japan vs Naphtha CIF NWE Cargoes Future"")","1887","JOE","JOE","BE","SN20","Crude Oil and Refined Products","Ref Diffs mt","ICEU","IFEU","Oil","JOE"
"=HYPERLINK(""https://www.ice.com/products/83049115"",""Naphtha Diff - Naphtha FOB Med Cargoes (Platts) vs Naphtha CIF NWE Cargoes (Platts) Balmo Future"")","31562","NFW","NFW","","","Crude Oil and Refined Products","Ref Diffs mt","ICEU","IFEU","Oil","NFW"
"=HYPERLINK(""https://www.ice.com/products/27089659"",""Naphtha FOB Med Cargoes (Platts) Future"")","5040","NIT","NIT","R2","EH87","Crude Oil and Refined Products","Ref Outright mt","ICEU","IFEU","Oil","NIT"
"=HYPERLINK(""https://www.ice.com/products/69723198"",""Naphtha Outright - Daily Naphtha C+F Japan (Platts) Mini Future"")","21769","DNE","DNE","OJ","","Crude Oil and Refined Products","Ref Outright mt","ICEU","IFEU","Oil","DNE"
"=HYPERLINK(""https://www.ice.com/products/53168970"",""Naphtha Outright - Daily Naphtha CIF NWE Cargoes (Platts) Mini Future"")","18402","DNC","DNC","66","","Crude Oil and Refined Products","Ref Outright mt","ICEU","IFEU","Oil","DNC"
"=HYPERLINK(""https://www.ice.com/products/83046611"",""Naphtha Outright - Middle East Naphtha FOB Arab Gulf (Platts) Balmo Future"")","29130","NPB","NPB","","","Crude Oil and Refined Products","Ref Outright mt","ICEU","IFEU","Oil","NPB"
"=HYPERLINK(""https://www.ice.com/products/82908538"",""Naphtha Outright - Middle East Naphtha FOB Arab Gulf (Platts) Future"")","28566","NOI","NOI","","","Crude Oil and Refined Products","Ref Outright mt","ICEU","IFEU","Oil","NOI"
"=HYPERLINK(""https://www.ice.com/products/83046610"",""Naphtha Outright - Middle East Naphtha FOB Arab Gulf (Platts) Mini Future"")","29129","NPA","NPA","","","Crude Oil and Refined Products","Ref Outright mt","ICEU","IFEU","Oil","NPA"
"=HYPERLINK(""https://www.ice.com/products/28659483"",""Naphtha Outright - Naphtha C+F Japan (Platts) Balmo Mini Future"")","21834","NJB","NJB","QR","","Crude Oil and Refined Products","Ref Outright mt","ICEU","IFEU","Oil","NJB"
"=HYPERLINK(""https://www.ice.com/products/6753536"",""Naphtha Outright - Naphtha C+F Japan (Platts) Mini Future"")","5264","NJM","NJM","T/","","Crude Oil and Refined Products","Ref Outright mt","ICEU","IFEU","Oil","NJM"
"=HYPERLINK(""https://www.ice.com/products/1412"",""Naphtha Outright - Naphtha C+F Japan Cargo Future"")","1886","NJC","NJC","A9","SN19","Crude Oil and Refined Products","Ref Outright mt","ICEU","IFEU","Oil","NJC"
"=HYPERLINK(""https://www.ice.com/products/68387923"",""Naphtha Outright - Naphtha CIF NWE Cargoes (Platts) Balmo Average Price Options"")","20493","NEH","NEH","K\","","Crude Oil and Refined Products","O-Ref Outright mt","ICEU","IFEU","Oil","NEH"
"=HYPERLINK(""https://www.ice.com/products/68358292"",""Naphtha Outright - Naphtha CIF NWE Cargoes (Platts) Balmo Future"")","20492","NEH","NEH","K\","","Crude Oil and Refined Products","Ref Outright mt","ICEU","IFEU","Oil","NEH"
"=HYPERLINK(""https://www.ice.com/products/31687098"",""Naphtha Outright - Naphtha CIF NWE Cargoes (Platts) Future (in bbls)"")","5739","NBA","NBA","3(","","Crude Oil and Refined Products","RefOutright bbl","ICEU","IFEU","Oil","NBA"
"=HYPERLINK(""https://www.ice.com/products/61989085"",""Naphtha Outright - Naphtha FOB Med Cargoes (Platts) Balmo Future"")","21833","NIU","NIU","QT","","Crude Oil and Refined Products","Ref Outright mt","ICEU","IFEU","Oil","NIU"
"=HYPERLINK(""https://www.ice.com/products/59293836"",""Naphtha Outright - Naphtha FOB Med Cargoes (Platts) Mini Future"")","19239","NIM","NIM","BH","","Crude Oil and Refined Products","Ref Outright mt","ICEU","IFEU","Oil","NIM"
"=HYPERLINK(""https://www.ice.com/products/28659489"",""Naphtha Outright - Singapore Naphtha (Platts) Mini Future"")","5272","NSM","NSM","WX","","Crude Oil and Refined Products","RefOutright bbl","ICEU","IFEU","Oil","NSM"
"=HYPERLINK(""https://www.ice.com/products/55999123"",""Naphtha Outright – Naphtha CIF NWE Cargoes (Platts) Balmo Mini Future"")","21832","NAO","NAO","QS","","Crude Oil and Refined Products","Ref Outright mt","ICEU","IFEU","Oil","NAO"
"=HYPERLINK(""https://www.ice.com/products/38716859"",""NatWest Group plc"")","9667","RBS","RBS","","","Single Stock Options","","ICEU","IFLO","Liffe Equity Derivatives - Non-US Based","RBS"
"=HYPERLINK(""https://www.ice.com/products/38716843"",""National Grid PLC"")","9167","NGG","NGG","","","Single Stock Options","","ICEU","IFLO","Liffe Equity Derivatives - Non-US Based","NGG"
"=HYPERLINK(""https://www.ice.com/products/6590308"",""Natural Gasoline, OPIS Conway In-Well Future"")","2097","NGC","NGC","HT","SR17","Natural Gas Liquids","NGL Master","ICEU","IFED","Financial NGL","NGC"
"=HYPERLINK(""https://www.ice.com/products/6590296"",""Natural Gasoline, OPIS Conway In-Well, Fixed Price Balmo Future"")","21820","NGG","NGG","MT","","Natural Gas Liquids","NGL Master","ICEU","IFED","Financial NGL","NGG"
"=HYPERLINK(""https://www.ice.com/products/6590323"",""Natural Gasoline, OPIS Mt. Belvieu Non-TET Average Price Options"")","4847","NGE","NGE","ZF","QM96","Natural Gas Liquids","O-NGL Master","ICEU","IFED","Financial NGL","NGE"
"=HYPERLINK(""https://www.ice.com/products/59293833"",""Natural Gasoline, OPIS Mt. Belvieu Non-TET vs Naphtha CIF NWE Cargoes (Platts) Future"")","19237","GCY","GCY","BI","","Crude Oil and Refined Products","Am Ref Diff bbl","ICEU","IFED","Oil Americas","GCY"
"=HYPERLINK(""https://www.ice.com/products/6590320"",""Natural Gasoline, OPIS Mt. Belvieu Non-TET vs WTI 1st Line Future"")","4088","NGW","NGW","Y-","1279","Natural Gas Liquids","NGL Master","ICEU","IFED","Financial NGL","NGW"
"=HYPERLINK(""https://www.ice.com/products/6590294"",""Natural Gasoline, OPIS Mt. Belvieu Non-TET, Fixed Price Balmo Future"")","21819","NGF","NGF","MU","","Natural Gas Liquids","NGL Master","ICEU","IFED","Financial NGL","NGF"
"=HYPERLINK(""https://www.ice.com/products/64286926"",""Natural Gasoline, OPIS Mt. Belvieu Other Non-TET Future"")","19838","NBC","NBC","I#","","Natural Gas Liquids","NGL Master","ICEU","IFED","Financial NGL","NBC"
"=HYPERLINK(""https://www.ice.com/products/6590310"",""Natural Gasoline, OPIS Mt. Belvieu TET Future"")","4090","NGL","NGL","Y\","1281","Natural Gas Liquids","NGL Master","ICEU","IFED","Financial NGL","NGL"
"=HYPERLINK(""https://www.ice.com/products/6590303"",""Natural Gasoline, OPIS Mt. Belvieu TET, Fixed Price Balmo Future"")","21821","NGK","NGK","MV","","Natural Gas Liquids","NGL Master","ICEU","IFED","Financial NGL","NGK"
"=HYPERLINK(""https://www.ice.com/products/82363912"",""Nature-Based Solution Carbon Credit Vintage 2016-2020 Futures"")","26870","NBT","NBT","","","Emissions","Carbon Credits","ICEU","IFEU","Carbon Offset Futures","NBT"
"=HYPERLINK(""https://www.ice.com/products/82550116"",""Nature-Based Solution Carbon Credit Vintage 2017-2021 Futures"")","27684","OVA","OVA","","","Emissions","Carbon Credits","ICEU","IFEU","Carbon Offset Futures","OVA"
"=HYPERLINK(""https://www.ice.com/products/82550117"",""Nature-Based Solution Carbon Credit Vintage 2018-2022 Futures"")","27685","OVB","OVB","","","Emissions","Carbon Credits","ICEU","IFEU","Carbon Offset Futures","OVB"
"=HYPERLINK(""https://www.ice.com/products/82550118"",""Nature-Based Solution Carbon Credit Vintage 2019-2023 Futures"")","27686","OVC","OVC","","","Emissions","Carbon Credits","ICEU","IFEU","Carbon Offset Futures","OVC"
"=HYPERLINK(""https://www.ice.com/products/82550119"",""Nature-Based Solution Carbon Credit Vintage 2020-2024 Futures"")","27687","OVD","OVD","","","Emissions","Carbon Credits","ICEU","IFEU","Carbon Offset Futures","OVD"
"=HYPERLINK(""https://www.ice.com/products/82550120"",""Nature-Based Solution Carbon Credit Vintage 2021-2025 Futures"")","27688","OVE","OVE","","","Emissions","Carbon Credits","ICEU","IFEU","Carbon Offset Futures","OVE"
"=HYPERLINK(""https://www.ice.com/products/82550121"",""Nature-Based Solution Carbon Credit Vintage 2022-2026 Futures"")","27689","OVF","OVF","","","Emissions","Carbon Credits","ICEU","IFEU","Carbon Offset Futures","OVF"
"=HYPERLINK(""https://www.ice.com/products/82550122"",""Nature-Based Solution Carbon Credit Vintage 2023-2027 Futures"")","27690","OVG","OVG","","","Emissions","Carbon Credits","ICEU","IFEU","Carbon Offset Futures","OVG"
"=HYPERLINK(""https://www.ice.com/products/82550123"",""Nature-Based Solution Carbon Credit Vintage 2024-2028 Futures"")","27691","OVH","OVH","","","Emissions","Carbon Credits","ICEU","IFEU","Carbon Offset Futures","OVH"
"=HYPERLINK(""https://www.ice.com/products/82550124"",""Nature-Based Solution Carbon Credit Vintage 2025-2029 Futures"")","27692","OVI","OVI","","","Emissions","Carbon Credits","ICEU","IFEU","Carbon Offset Futures","OVI"
"=HYPERLINK(""https://www.ice.com/products/82550126"",""Nature-Based Solution Carbon Credit Vintage 2026-2030 Futures"")","27693","OVJ","OVJ","","","Emissions","Carbon Credits","ICEU","IFEU","Carbon Offset Futures","OVJ"
"=HYPERLINK(""https://www.ice.com/products/83049825"",""Netflix Inc - STND Future"")","32518","8N9","8NF","","","Mini Stock Futures","MiniUSEquity","ICEU","IFLO","Mini Equity US-Restricted","8N9"
"=HYPERLINK(""https://www.ice.com/products/65898875"",""New Jersey Compliance Renewable Energy Certificate Class I Future"")","20104","NJN","NJN","JJ","","Physical Environmental","REC-NJ C1","ICEU","IFED","Physical Environmental","NJN"
"=HYPERLINK(""https://www.ice.com/products/82612873"",""New Jersey Compliance Renewable Energy Certificate Class II Future"")","27759","NJV","NJV","","","Physical Environmental","REC-NJ C1","ICEU","IFED","Physical Environmental","NJV"
"=HYPERLINK(""https://www.ice.com/products/65898897"",""New Jersey Solar Renewable Energy Certificate Future"")","20113","NPS","NPS","JS","","Physical Environmental","SREC-NJ","ICEU","IFED","Physical Environmental","NPS"
"=HYPERLINK(""https://www.ice.com/products/65898882"",""New Jersey Solar Renewable Energy Certificate Prior Year Future"")","20112","NPR","NPR","JR","","Physical Environmental","SREC-NJ","ICEU","IFED","Physical Environmental","NPR"
"=HYPERLINK(""https://www.ice.com/products/33592773"",""New York 1% Fuel Oil Balmo Swap"")","3007","FOX","FOX","8F","","Crude Oil and Refined","Am Ref bbl","Bilateral","ICES","Platts Oil","FOX"
"=HYPERLINK(""https://www.ice.com/products/33592772"",""New York 1% Fuel Oil Swap"")","2527","FOW","FOW","Q6","","Crude Oil and Refined","Am Ref bbl","Bilateral","ICES","Platts Oil","FOW"
"=HYPERLINK(""https://www.ice.com/products/33592774"",""New York 1% Fuel Oil vs Brent 1st Line Swap"")","3190","NFB","NFB","K7","","Crude Oil and Refined","Am Cracks bbl","Bilateral","ICES","Platts Oil","NFB"
"=HYPERLINK(""https://www.ice.com/products/33592775"",""New York 1% Fuel Oil vs Fuel Oil 1% FOB NWE Cargoes Swap"")","2531","FOH","FOH","5N","T039","Crude Oil and Refined","Am Ref Diff bbl","Bilateral","ICES","Platts Oil","FOH"
"=HYPERLINK(""https://www.ice.com/products/33592779"",""New York 1% Fuel Oil vs USGC HSFO Fuel Oil Balmo Swap"")","3233","FOE","FOE","8C","","Crude Oil and Refined","Am Ref Diff bbl","Bilateral","ICES","Platts Oil","FOE"
"=HYPERLINK(""https://www.ice.com/products/33592777"",""New York 1% Fuel Oil vs USGC HSFO Fuel Oil Swap"")","2532","FOD","FOD","Q7","","Crude Oil and Refined","Am Ref Diff bbl","Bilateral","ICES","Platts Oil","FOD"
"=HYPERLINK(""https://www.ice.com/products/33592786"",""New York 1% Fuel Oil vs WTI 1st Line Swap"")","2536","FOK","FOK","Q5","","Crude Oil and Refined","Am Cracks bbl","Bilateral","ICES","Platts Oil","FOK"
"=HYPERLINK(""https://www.ice.com/products/6753507"",""New York Ethanol Future"")","3976","ETN","ETN","Y*","","Biofuels","Am Ref bbl","ICEU","IFED","Oil Americas","ETN"
"=HYPERLINK(""https://www.ice.com/products/38716844"",""Next Plc"")","9250","NXT","NXT","","","Single Stock Options","","ICEU","IFLO","Liffe Equity Derivatives - Non-US Based","NXT"
"=HYPERLINK(""https://www.ice.com/products/74171734"",""Ninety One Plc - STND OPT"")","24808","NIN","NIN","","","Single Stock Options","O-LSE Master","","IFLO","Liffe Equity Derivatives - Non-US Based","NIN"
"=HYPERLINK(""https://www.ice.com/products/83049700"",""Norges Bank Dated NOWA Futures"")","32353","NOR","NOR","","","Short Term Interest Rates","NOK Rates","ICEU","IFLL","ICE Global Interest Rates","NOR"
"=HYPERLINK(""https://www.ice.com/products/65898829"",""Normal Butane OPIS Mt. Belvieu Other Non-TET Future"")","20080","NBE","NBE","J*","","Natural Gas Liquids","NGL Master","ICEU","IFED","Financial NGL","NBE"
"=HYPERLINK(""https://www.ice.com/products/6590287"",""Normal Butane, OPIS Conway In-Well Future"")","3266","IBC","IBC","T:","","Natural Gas Liquids","NGL Master","ICEU","IFED","Financial NGL","IBC"
"=HYPERLINK(""https://www.ice.com/products/6590297"",""Normal Butane, OPIS Conway In-Well, Fixed Price Balmo Future"")","21813","IBD","IBD","MW","","Natural Gas Liquids","NGL Master","ICEU","IFED","Financial NGL","IBD"
"=HYPERLINK(""https://www.ice.com/products/82471496"",""Normal Butane, OPIS ETR ISOM Grade, Fixed Price Balmo Future"")","27512","NBO","NBO","","","Natural Gas Liquids","NGL Master","ICEU","IFED","Financial NGL","NBO"
"=HYPERLINK(""https://www.ice.com/products/79234889"",""Normal Butane, OPIS LST ISOM Grade Future"")","25732","BUE","BUE","","","Natural Gas Liquids","NGL Master","ICEU","IFED","Financial NGL","BUE"
"=HYPERLINK(""https://www.ice.com/products/6590324"",""Normal Butane, OPIS Mt. Belvieu Non-TET Average Price Options"")","4846","NBI","NBI","ZD","QM94","Natural Gas Liquids","O-NGL Master","ICEU","IFED","Financial NGL","NBI"
"=HYPERLINK(""https://www.ice.com/products/6590293"",""Normal Butane, OPIS Mt. Belvieu Non-TET, Fixed Price Balmo Future"")","21817","NBJ","NBJ","MX","","Natural Gas Liquids","NGL Master","ICEU","IFED","Financial NGL","NBJ"
"=HYPERLINK(""https://www.ice.com/products/6590307"",""Normal Butane, OPIS Mt. Belvieu TET Future"")","1636","NBR","NBR","ZG","QM97","Natural Gas Liquids","NGL Master","ICEU","IFED","Financial NGL","NBR"
"=HYPERLINK(""https://www.ice.com/products/6590302"",""Normal Butane, OPIS Mt. Belvieu TET, Fixed Price Balmo Future"")","21818","NBS","NBS","MY","","Natural Gas Liquids","NGL Master","ICEU","IFED","Financial NGL","NBS"
"=HYPERLINK(""https://www.ice.com/products/55250900"",""OGT Physical Basis LD1"")","3215","XXB","XXB","","","Natural Gas","OGT MOPhysGas","NGXC","IEPA","Physical Gas","XXB"
"=HYPERLINK(""https://www.ice.com/products/3306629"",""OGT Physical Fixed Price Monthly"")","3208","XWY","XWY","","","Natural Gas","OGT MOPhysGas","NGXC","IEPA","Physical Gas","XWY"
"=HYPERLINK(""https://www.ice.com/products/3306658"",""OGT Physical Fixed Price Spot"")","3210","XWX","XWX","","","Natural Gas","OGT SPPhysGas","NGXC","IEPA","Physical Gas","XWX"
"=HYPERLINK(""https://www.ice.com/products/3351013"",""OGT Physical Gas Daily Monthly"")","3211","XXA","XXA","","","Natural Gas","OGT MOPhysGas","NGXC","IEPA","Physical Gas","XXA"
"=HYPERLINK(""https://www.ice.com/products/3350988"",""OGT Physical Gas Daily Spot"")","3213","XWZ","XWZ","","","Natural Gas","OGT SPPhysGas","NGXC","IEPA","Physical Gas","XWZ"
"=HYPERLINK(""https://www.ice.com/products/55231785"",""OGT Physical Inside FERC"")","3214","XXC","XXC","","","Natural Gas","OGT MOPhysGas","NGXC","IEPA","Physical Gas","XXC"
"=HYPERLINK(""https://www.ice.com/products/6590146"",""ONEOK Gas Transportation Basis Future"")","2144","ONE","ONE","H8","","Natural Gas","Midcont Basis","ICEU","IFED","Financial Gas","ONE"
"=HYPERLINK(""https://www.ice.com/products/6590196"",""ONEOK Gas Transportation Index Future"")","3158","ONI","ONI","M6","","Natural Gas","Midcont Index","ICEU","IFED","Financial Gas","ONI"
"=HYPERLINK(""https://www.ice.com/products/6590238"",""ONEOK Gas Transportation Swing Future"")","3162","ONS","ONS","M7","","Natural Gas","Midcont Swing","ICEU","IFED","Financial Gas","ONS"
"=HYPERLINK(""https://www.ice.com/products/55250905"",""Oasis Waha Pool Physical Basis LD1"")","2889","XYX","XYX","","","Natural Gas","OW MO PhysGas","NGXC","IEPA","Physical Gas","XYX"
"=HYPERLINK(""https://www.ice.com/products/3306633"",""Oasis Waha Pool Physical Fixed Price Monthly"")","2882","XYU","XYU","","","Natural Gas","OW MO PhysGas","NGXC","IEPA","Physical Gas","XYU"
"=HYPERLINK(""https://www.ice.com/products/3306662"",""Oasis Waha Pool Physical Fixed Price Spot"")","2884","XYT","XYT","","","Natural Gas","OW SP PhysGas","NGXC","IEPA","Physical Gas","XYT"
"=HYPERLINK(""https://www.ice.com/products/3351017"",""Oasis Waha Pool Physical Gas Daily Monthly"")","2885","XYW","XYW","","","Natural Gas","OW MO PhysGas","NGXC","IEPA","Physical Gas","XYW"
"=HYPERLINK(""https://www.ice.com/products/3350993"",""Oasis Waha Pool Physical Gas Daily Spot"")","2887","XYV","XYV","","","Natural Gas","OW SP PhysGas","NGXC","IEPA","Physical Gas","XYV"
"=HYPERLINK(""https://www.ice.com/products/55231788"",""Oasis Waha Pool Physical Inside FERC"")","2888","XYY","XYY","","","Natural Gas","OW MO PhysGas","NGXC","IEPA","Physical Gas","XYY"
"=HYPERLINK(""https://www.ice.com/products/38716845"",""Ocado Group Plc"")","9275","OCA","OCA","","","Single Stock Options","","ICEU","IFLO","Liffe Equity Derivatives - Non-US Based","OCA"
"=HYPERLINK(""https://www.ice.com/products/68928438"",""Old Mutual Limited"")","20563","ODL","ODL","","","Single Stock Options","O-LSE Master","ICEU","IFLO","Liffe Equity Derivatives - Non-US Based","ODL"
"=HYPERLINK(""https://www.ice.com/products/37650328"",""One Month ESTR Index Futures"")","15274","EON","EON","","","Short Term Interest Rates","STIR ESTR","ICEU","IFLL","Liffe Three Month Euro and EONIA","EON"
"=HYPERLINK(""https://www.ice.com/products/66380299"",""One Month SONIA Index Futures"")","20343","SOA","SOA","","","Short Term Interest Rates","Sonia Master","ICEU","IFLL","Liffe STIRs","SOA"
"=HYPERLINK(""https://www.ice.com/products/82612877"",""One Year Mid-Curve Option on PJM Tri Qualified Renewable Energy Certificate Class I Future (Futures Style Margining)"")","27770","RHD","RHD","","","Physical Environmental","O-REC-PJM C1","ICEU","IFED","Physical Environmental","RHD"
"=HYPERLINK(""https://www.ice.com/products/83047282"",""One Year Mid-Curve Option on Three Month ESTR"")","30074","EM1","ER3","","","Short Term Interest Rates","O-ESTR 3 Month","ICEU","IFLL","Liffe Three Month Euro and EONIA","EM1"
"=HYPERLINK(""https://www.ice.com/products/79341516"",""One Year Mid-Curve Option on Three Month SONIA Index Future"")","25825","SY1","SO3","","","Short Term Interest Rates","O-Sonia 3Month","ICEU","IFLL","Liffe STIRs","SY1"
"=HYPERLINK(""https://www.ice.com/products/38541225"",""One Year Mid-Curve Options on Euribor &reg; Futures"")","15286","K","I","","","Short Term Interest Rates","O-STIR Euribor","ICEU","IFLL","Liffe Three Month Euro and EONIA","K"
"=HYPERLINK(""https://www.ice.com/products/55250903"",""Opal Physical Basis LD1"")","2656","XXT","XXT","","","Natural Gas","Opal MO PhysGas","NGXC","IEPA","Physical Gas","XXT"
"=HYPERLINK(""https://www.ice.com/products/3306632"",""Opal Physical Fixed Price Monthly"")","2649","XXQ","XXQ","","","Natural Gas","Opal MO PhysGas","NGXC","IEPA","Physical Gas","XXQ"
"=HYPERLINK(""https://www.ice.com/products/3306661"",""Opal Physical Fixed Price Spot"")","2651","XXP","XXP","","","Natural Gas","Opal SP PhysGas","NGXC","IEPA","Physical Gas","XXP"
"=HYPERLINK(""https://www.ice.com/products/3351016"",""Opal Physical Gas Daily Monthly"")","2652","XXS","XXS","","","Natural Gas","Opal MO PhysGas","NGXC","IEPA","Physical Gas","XXS"
"=HYPERLINK(""https://www.ice.com/products/3350992"",""Opal Physical Gas Daily Spot"")","2654","XXR","XXR","","","Natural Gas","Opal SP PhysGas","NGXC","IEPA","Physical Gas","XXR"
"=HYPERLINK(""https://www.ice.com/products/55231787"",""Opal Physical Inside FERC"")","2655","XXU","XXU","","","Natural Gas","Opal MO PhysGas","NGXC","IEPA","Physical Gas","XXU"
"=HYPERLINK(""https://www.ice.com/products/71085649"",""Option On PJM Western Hub Real-Time Off-Peak Calendar Year One Time Mini Fixed Price Future"")","22326","POX","POX","PM","","Electricity","O-Pwr East OPMini","ICEU","IFED","Financial Power","POX"
"=HYPERLINK(""https://www.ice.com/products/57250523"",""Option On PJM Western Hub Real-Time Off-Peak Daily Fixed Price Future"")","19144","OD8","ODP","B=","","Electricity","O-Pwr EastOPDaily","ICEU","IFED","Financial Power","OD8"
"=HYPERLINK(""https://www.ice.com/products/53169030"",""Option On PJM Western Hub Real-Time Peak 50 MW Fixed Price Future"")","18455","PMJ","PJM","94","","Electricity","O-East Pk 50MW","ICEU","IFED","Financial Power","PMJ"
"=HYPERLINK(""https://www.ice.com/products/69723160"",""Option on AB NIT Fixed Price Future"")","21726","FQN","FQN","K:","","Natural Gas","O-Basis Master","ICEU","IFED","Financial Gas","FQN"
"=HYPERLINK(""https://www.ice.com/products/71085704"",""Option on Algonquin Citygates Fixed Price Future"")","22259","ALG","ALG","LN","","Natural Gas","O-Basis Master","ICEU","IFED","Financial Gas","ALG"
"=HYPERLINK(""https://www.ice.com/products/83048611"",""Option on Argus WTI Houston vs Argus WTI Midland Trade Month Average Price Option"")","31157","MSN","MSN","J4","","Crude Oil and Refined Products","O-Am Crude Diffs","ICEU","IFED","US Crude","MSN"
"=HYPERLINK(""https://www.ice.com/products/83045206"",""Option on Biofuel Outright - D3 RINs (OPIS) Average Price Option"")","28958","BFH","BFH","","","Biofuels","O-Am Ref bbl","ICEU","IFED","Oil Americas","BFH"
"=HYPERLINK(""https://www.ice.com/products/83045210"",""Option on Biofuel Outright - D4 RINs (OPIS) Average Price Option"")","28957","RIK","RIK","LF","","Biofuels","O-Am Ref bbl","ICEU","IFED","Oil Americas","RIK"
"=HYPERLINK(""https://www.ice.com/products/83045201"",""Option on Biofuel Outright - D5 RINs (OPIS) Average Price Option"")","28959","BFI","BFI","","","Biofuels","O-Am Ref bbl","ICEU","IFED","Oil Americas","BFI"
"=HYPERLINK(""https://www.ice.com/products/83045207"",""Option on Biofuel Outright - D6 RINs (OPIS) Average Price Option"")","28956","RIN","RIN","LX","","Biofuels","O-Am Ref bbl","ICEU","IFED","Oil Americas","RIN"
"=HYPERLINK(""https://www.ice.com/products/64286942"",""Option on Brent Crude Futures Weekly"")","19860","WAB","BRN","H<","","Crude Oil and Refined Products","O-IPE e-Brent","ICEU","IFEU","IPE Brent Futures","WAB"
"=HYPERLINK(""https://www.ice.com/products/65898918"",""Option on CAISO NP-15 Day-Ahead Peak Daily Fixed Price Future"")","20139","DPN","DPN","DN","OU43","Electricity","O-Pwr West Daily","ICEU","IFED","Financial Power","DPN"
"=HYPERLINK(""https://www.ice.com/products/65898917"",""Option on CAISO NP-15 Day-Ahead Peak Fixed Price Future"")","20138","NPM","NPM","NP","N713","Electricity","O-Pwr West Term","ICEU","IFED","Financial Power","NPM"
"=HYPERLINK(""https://www.ice.com/products/65898919"",""Option on CAISO SP-15 Day-Ahead Off-Peak Fixed Price Future"")","20140","OFP","OFP","OT","NI05","Electricity","O-Pwr West Term","ICEU","IFED","Financial Power","OFP"
"=HYPERLINK(""https://www.ice.com/products/6590537"",""Option on CAISO SP-15 Day-Ahead Peak Daily Fixed Price Future"")","5210","SDP","SDP","SD","OU47","Electricity","O-Pwr West Daily","ICEU","IFED","Financial Power","SDP"
"=HYPERLINK(""https://www.ice.com/products/6590527"",""Option on CAISO SP-15 Day-Ahead Peak Fixed Price Future"")","4991","SPM","SPM","SP","O939","Electricity","O-Pwr West Term","ICEU","IFED","Financial Power","SPM"
"=HYPERLINK(""https://www.ice.com/products/71085705"",""Option on CG Mainline Fixed Price Future"")","22263","CGA","CGA","LU","","Natural Gas","O-Basis Master","ICEU","IFED","Financial Gas","CGA"
"=HYPERLINK(""https://www.ice.com/products/71085706"",""Option on CIG Rockies Fixed Price Future"")","22261","CRA","CRA","LO","","Natural Gas","O-Basis Master","ICEU","IFED","Financial Gas","CRA"
"=HYPERLINK(""https://www.ice.com/products/53169043"",""Option on California Carbon Allowance Future Vintage 2020"")","18396","CAY","CAY","61","","Physical Environmental","O-CCA","ICEU","IFED","Physical Environmental","CAY"
"=HYPERLINK(""https://www.ice.com/products/81935193"",""Option on California Carbon Allowance Future Vintage 2020 (Futures Style Margining)"")","26743","FSF","CAY","","","Physical Environmental","O-CCA","ICEU","IFED","Physical Environmental","FSF"
"=HYPERLINK(""https://www.ice.com/products/67129835"",""Option on California Carbon Allowance Future Vintage 2021"")","20400","CAZ","CAZ","K9","","Physical Environmental","O-CCA","ICEU","IFED","Physical Environmental","CAZ"
"=HYPERLINK(""https://www.ice.com/products/81935195"",""Option on California Carbon Allowance Future Vintage 2021 (Futures Style Margining)"")","26744","FSG","CAZ","","","Physical Environmental","O-CCA","ICEU","IFED","Physical Environmental","FSG"
"=HYPERLINK(""https://www.ice.com/products/81935197"",""Option on California Carbon Allowance Future Vintage 2022 (Futures Style Margining)"")","26745","FSH","CB0","","","Physical Environmental","O-CCA","ICEU","IFED","Physical Environmental","FSH"
"=HYPERLINK(""https://www.ice.com/products/81935199"",""Option on California Carbon Allowance Future Vintage 2023 (Futures Style Margining)"")","26750","FSI","CB1","","","Physical Environmental","O-CCA","ICEU","IFED","Physical Environmental","FSI"
"=HYPERLINK(""https://www.ice.com/products/71090538"",""Option on California Carbon Allowance Vintage 2022 Future"")","22321","CB0","CB0","L)","","Physical Environmental","O-CCA","ICEU","IFED","Physical Environmental","CB0"
"=HYPERLINK(""https://www.ice.com/products/81935247"",""Option on California Carbon Allowance Vintage 2025 Future (Futures Style Margining)"")","26749","CB5","CB5","","","Physical Environmental","O-CCA","ICEU","IFED","Physical Environmental","CB5"
"=HYPERLINK(""https://www.ice.com/products/83047254"",""Option on California Carbon Allowance Vintage 2026 Future"")","30065","CB6","CB6","","","Physical Environmental","O-CCA","ICEU","IFED","Physical Environmental","CB6"
"=HYPERLINK(""https://www.ice.com/products/83049100"",""Option on California Carbon Allowance Vintage 2027 Future"")","31611","CB7","CB7","","","Physical Environmental","O-CCA","ICEU","IFED","Physical Environmental","CB7"
"=HYPERLINK(""https://www.ice.com/products/83049101"",""Option on California Carbon Allowance Vintage 2028 Future"")","31612","CB8","CB8","","","Physical Environmental","O-CCA","ICEU","IFED","Physical Environmental","CB8"
"=HYPERLINK(""https://www.ice.com/products/83049102"",""Option on California Carbon Allowance Vintage 2029 Future"")","31613","CB9","CB9","","","Physical Environmental","O-CCA","ICEU","IFED","Physical Environmental","CB9"
"=HYPERLINK(""https://www.ice.com/products/83049103"",""Option on California Carbon Allowance Vintage 2030 Future"")","31614","C30","C30","","","Physical Environmental","O-CCA","ICEU","IFED","Physical Environmental","C30"
"=HYPERLINK(""https://www.ice.com/products/83046599"",""Option on California Low Carbon Fuel Standard Credit (OPIS) Future"")","29140","LFT","LFS","","","Biofuels","O-LCFS","ICEU","IFED","Oil Americas","LFT"
"=HYPERLINK(""https://www.ice.com/products/68406694"",""Option on Chicago Fixed Price Future"")","20473","CFB","CFB","LQ","","Natural Gas","O-Basis Master","ICEU","IFED","Financial Gas","CFB"
"=HYPERLINK(""https://www.ice.com/products/64286939"",""Option on Daily EU-Style Brent Future"")","19864","BDE","BDE","I<","","Crude Oil and Refined Products","O-Crude Outrights","ICEU","IFEU","Oil","BDE"
"=HYPERLINK(""https://www.ice.com/products/64286938"",""Option on Daily EU-Style WTI Future"")","19862","TDE","TDE","I@","","Crude Oil and Refined Products","O-Am Crude","ICEU","IFED","US Crude","TDE"
"=HYPERLINK(""https://www.ice.com/products/69723162"",""Option on EP Permian Fixed Price Future"")","21728","FQP","FQP","KN","","Natural Gas","O-Basis Master","ICEU","IFED","Financial Gas","FQP"
"=HYPERLINK(""https://www.ice.com/products/6590273"",""Option on EP San Juan Fixed Price Future"")","5019","OPU","OPU","SJ","","Natural Gas","O-Basis Master","ICEU","IFED","Financial Gas","OPU"
"=HYPERLINK(""https://www.ice.com/products/53169033"",""Option on ERCOT North 345KV Day-Ahead Peak Daily 80 MWh Fixed Price Future"")","18463","NDB","NDB","8(","","Electricity","O-ERCOT Pk Daily","ICEU","IFED","Financial Power","NDB"
"=HYPERLINK(""https://www.ice.com/products/69723192"",""Option on ERCOT North 345KV Day-Ahead Peak Fixed Price Future"")","27213","EVN","EVN","F5","","Electricity","O-ERCOT Pk Mini","ICEU","IFED","Financial Power","EVN"
"=HYPERLINK(""https://www.ice.com/products/82067416"",""Option on ERCOT North 345KV Hub Real-Time Peak Calendar Year One Time Fixed Price Future"")","26927","EX1","EX1","","","Electricity","O-ERCOT Pk Mini","ICEU","IFED","Financial Power","EX1"
"=HYPERLINK(""https://www.ice.com/products/6590533"",""Option on ERCOT North 345KV Hub Real-Time Peak Daily Look Back Fixed Price Future "")","5212","ENO","END","P\","","Electricity","O-ERCOT Pk Daily","ICEU","IFED","Financial Power","ENO"
"=HYPERLINK(""https://www.ice.com/products/82067418"",""Option on ERCOT North 345KV Hub Real-Time Peak Daily Mini Fixed Price Future "")","26924","ERA","ERA","NG","","Electricity","O-ERCOT Pk Mini","ICEU","IFED","Financial Power","ERA"
"=HYPERLINK(""https://www.ice.com/products/83049449"",""Option on ERCOT North 345KV Real-Time 2x16 Fixed Price Future"")","32203","ER2","ER2","M*","","Electricity","O-ERCOT Pk Mini","ICEU","IFED","Financial Power","ER2"
"=HYPERLINK(""https://www.ice.com/products/83049586"",""Option on ERCOT North 345KV Real-Time 7x8 Calendar Year One Time Fixed Price Future"")","32310","EXX","EXX","","","Electricity","O-ERCOT Pk Mini","ICEU","IFED","Financial Power","EXX"
"=HYPERLINK(""https://www.ice.com/products/83049447"",""Option on ERCOT North 345KV Real-Time 7x8 Fixed Price Future"")","32202","ECI","ECI","Q0","","Electricity","O-ERCOT Pk Mini","ICEU","IFED","Financial Power","ECI"
"=HYPERLINK(""https://www.ice.com/products/6590519"",""Option on ERCOT North 345KV Real-Time Peak Fixed Price Future"")","27212","ERN","ERN","PU","NO15","Electricity","O-ERCOT Pk Mini","ICEU","IFED","Financial Power","ERN"
"=HYPERLINK(""https://www.ice.com/products/68406695"",""Option on Eastern Gas Fixed Price Future"")","20475","DSF","DSF","LR","","Natural Gas","O-Basis Master","ICEU","IFED","Financial Gas","DSF"
"=HYPERLINK(""https://www.ice.com/products/69723156"",""Option on HSC Fixed Price Future"")","21722","FQH","FQH","KR","","Natural Gas","O-Basis Master","ICEU","IFED","Financial Gas","FQH"
"=HYPERLINK(""https://www.ice.com/products/83049088"",""Option on Henry LD1 Fixed Price Future"")","5207","H","HNG","NN","R754","Natural Gas","O-Henry Nat Gas","ICEU","IFED","Henry Hub","HNG"
"=HYPERLINK(""https://www.ice.com/products/6590276"",""Option on Henry LD1 Same Day Fixed Price Future"")","5206","SDH","SDH","-<","","Natural Gas","O-Henry Nat Gas","ICEU","IFED","Financial Gas","SDH"
"=HYPERLINK(""https://www.ice.com/products/6590270"",""Option on Henry Swing Future"")","5205","HHD","HHD","HH","L782","Natural Gas","O-SwSwp HH Daily","ICEU","IFED","Financial Gas","HHD"
"=HYPERLINK(""https://www.ice.com/products/82270932"",""Option on ISO New England Massachusetts Day-Ahead Peak Daily Mini Fixed Price Future"")","27074","NEZ","NEZ","N#","","Electricity","O-Pwr East Daily","ICEU","IFED","Financial Power","NEZ"
"=HYPERLINK(""https://www.ice.com/products/79271694"",""Option on ISO New England Massachusetts Hub Day-Ahead Peak Calendar Year One Time Fixed Price Future"")","25819","NEN","NEN","","","Electricity","O-Pwr East Mini","ICEU","IFED","Financial Power","NEN"
"=HYPERLINK(""https://www.ice.com/products/6590532"",""Option on ISO New England Massachusetts Hub Day-Ahead Peak Daily Fixed Price Future"")","5208","EDP","EDP","QA","NO10","Electricity","O-Pwr East Daily","ICEU","IFED","Financial Power","EDP"
"=HYPERLINK(""https://www.ice.com/products/6590524"",""Option on ISO New England Massachusetts Hub Day-Ahead Peak Fixed Price Future"")","27207","NEP","NEP","NE","N710","Electricity","O-Pwr East Mini","ICEU","IFED","Financial Power","NEP"
"=HYPERLINK(""https://www.ice.com/products/71611653"",""Option on MISO Indiana Hub Day-Ahead Peak Daily Fixed Price Future"")","23450","MDA","MDA","YB","QM59","Electricity","O-Pwr East Daily","ICEU","IFED","Financial Power","MDA"
"=HYPERLINK(""https://www.ice.com/products/6590534"",""Option on MISO Indiana Hub Real-Time Peak Daily Look Back Fixed Price Future"")","5214","IDO","IDP","Q\","","Electricity","O-Pwr East Daily","ICEU","IFED","Financial Power","IDO"
"=HYPERLINK(""https://www.ice.com/products/6590518"",""Option on MISO Indiana Hub Real-Time Peak Fixed Price Future"")","27214","CIN","CIN","CN","0938","Electricity","O-Pwr East Mini","ICEU","IFED","Financial Power","CIN"
"=HYPERLINK(""https://www.ice.com/products/71085707"",""Option on Malin Fixed Price Future"")","22265","MAF","MAF","L2","","Natural Gas","O-Basis Master","ICEU","IFED","Financial Gas","MAF"
"=HYPERLINK(""https://www.ice.com/products/69723158"",""Option on Michcon Fixed Price Future"")","21724","FQM","FQM","KV","","Natural Gas","O-Basis Master","ICEU","IFED","Financial Gas","FQM"
"=HYPERLINK(""https://www.ice.com/products/65898920"",""Option on Mid-Columbia Day-Ahead Off-Peak Fixed Price Future"")","20141","OMC","OMC","OU","NI02","Electricity","O-Pwr West Term","ICEU","IFED","Financial Power","OMC"
"=HYPERLINK(""https://www.ice.com/products/6590535"",""Option on Mid-Columbia Day-Ahead Peak Daily Fixed Price Future"")","5209","MPD","MPD","MP","OU51","Electricity","O-Pwr West Daily","ICEU","IFED","Financial Power","MPD"
"=HYPERLINK(""https://www.ice.com/products/6590521"",""Option on Mid-Columbia Day-Ahead Peak Fixed Price Future"")","4994","MDC","MDC","MC","N712","Electricity","O-Pwr West Term","ICEU","IFED","Financial Power","MDC"
"=HYPERLINK(""https://www.ice.com/products/71085708"",""Option on NGPL Midcont Fixed Price Future"")","22269","MCN","MCN","L4","","Natural Gas","O-Basis Master","ICEU","IFED","Financial Gas","MCN"
"=HYPERLINK(""https://www.ice.com/products/71085709"",""Option on NGPL TXOK Fixed Price Future"")","22271","NTH","NTH","L5","","Natural Gas","O-Basis Master","ICEU","IFED","Financial Gas","NTH"
"=HYPERLINK(""https://www.ice.com/products/71085710"",""Option on NNG Ventura Fixed Price Future"")","22267","NNH","NNH","L3","","Natural Gas","O-Basis Master","ICEU","IFED","Financial Gas","NNH"
"=HYPERLINK(""https://www.ice.com/products/69723165"",""Option on NWP Rockies Fixed Price Future"")","21730","FQR","FQR","KF","","Natural Gas","O-Basis Master","ICEU","IFED","Financial Gas","FQR"
"=HYPERLINK(""https://www.ice.com/products/83047331"",""Option on NYISO Zone A Day-Ahead Peak Calendar Year One Time Fixed Price Future"")","30069","NSA","NSA","","","Electricity","O-Pwr East Mini","ICEU","IFED","Financial Power","NSA"
"=HYPERLINK(""https://www.ice.com/products/62666439"",""Option on NYISO Zone A Day-Ahead Peak Daily Fixed Price Future"")","19561","ADP","ADP","PX","NO07","Electricity","O-Pwr East Daily","ICEU","IFED","Financial Power","ADP"
"=HYPERLINK(""https://www.ice.com/products/62666445"",""Option on NYISO Zone A Day-Ahead Peak Fixed Price Future"")","27208","NAY","NAY","NA","O937","Electricity","O-Pwr East Mini","ICEU","IFED","Financial Power","NAY"
"=HYPERLINK(""https://www.ice.com/products/83047328"",""Option on NYISO Zone G Day-Ahead Peak Calendar Year One Time Fixed Price Future"")","30068","NSG","NSG","","","Electricity","O-Pwr East Mini","ICEU","IFED","Financial Power","NSG"
"=HYPERLINK(""https://www.ice.com/products/62666441"",""Option on NYISO Zone G Day-Ahead Peak Daily Fixed Price Future"")","19562","GDP","GDP","PZ","NO09","Electricity","O-Pwr East Daily","ICEU","IFED","Financial Power","GDP"
"=HYPERLINK(""https://www.ice.com/products/62666447"",""Option on NYISO Zone G Day-Ahead Peak Fixed Price Future"")","27209","NGY","NGY","NG","O936","Electricity","O-Pwr East Mini","ICEU","IFED","Financial Power","NGY"
"=HYPERLINK(""https://www.ice.com/products/81935233"",""Option on NYISO Zone J Day-Ahead Peak Daily Fixed Price Future"")","26747","JDP","JDP","PY","NO08","Electricity","O-Pwr East Daily","ICEU","IFED","Financial Power","JDP"
"=HYPERLINK(""https://www.ice.com/products/81935230"",""Option on NYISO Zone J Day-Ahead Peak Fixed Price Future"")","26748","NJY","NJY","NJ","O935","Electricity","O-Pwr East Mini","ICEU","IFED","Financial Power","NJY"
"=HYPERLINK(""https://www.ice.com/products/71085711"",""Option on PG&E Citygate Fixed Price Future"")","22273","PGD","PGD","L6","","Natural Gas","O-Basis Master","ICEU","IFED","Financial Gas","PGD"
"=HYPERLINK(""https://www.ice.com/products/71611654"",""Option on PJM AEP Dayton Hub Day-Ahead Peak Daily Fixed Price Future"")","23451","ADA","ADA","H2","","Electricity","O-Pwr East Daily","ICEU","IFED","Financial Power","ADA"
"=HYPERLINK(""https://www.ice.com/products/6590529"",""Option on PJM AEP Dayton Hub Real-Time Off-Peak Fixed Price Future"")","27211","AOD","AOD","MS","QM71","Electricity","O-Pwr East OPMini","ICEU","IFED","Financial Power","AOD"
"=HYPERLINK(""https://www.ice.com/products/79271690"",""Option on PJM AEP Dayton Hub Real-Time Peak Calendar Year One Time Fixed Price Future"")","25817","MSC","MSC","","","Electricity","O-Pwr East Mini","ICEU","IFED","Financial Power","MSC"
"=HYPERLINK(""https://www.ice.com/products/61781788"",""Option on PJM AEP Dayton Hub Real-Time Peak Daily Look Back Fixed Price Future"")","5213","DDO","DDP","T\","","Electricity","O-Pwr East Daily","ICEU","IFED","Financial Power","DDO"
"=HYPERLINK(""https://www.ice.com/products/6590523"",""Option on PJM AEP Dayton Hub Real-Time Peak Fixed Price Future"")","27215","MSO","MSO","MS","L062","Electricity","O-Pwr East Mini","ICEU","IFED","Financial Power","MSO"
"=HYPERLINK(""https://www.ice.com/products/69723190"",""Option on PJM BGE Zone Day-Ahead Peak Fixed Price Future"")","21949","BGY","BGY","</","","Electricity","O-Pwr East Mini","ICEU","IFED","Financial Power","BGY"
"=HYPERLINK(""https://www.ice.com/products/71611655"",""Option on PJM NI Hub Day-Ahead Peak Daily Fixed Price Future"")","23452","NIA","NIA","G4","","Electricity","O-Pwr East Daily","ICEU","IFED","Financial Power","NIA"
"=HYPERLINK(""https://www.ice.com/products/79271688"",""Option on PJM NI Hub Real-Time Off-Peak Fixed Price Future"")","25821","NIO","NIO","YO","QM72","Electricity","O-Pwr East OPMini","ICEU","IFED","Financial Power","NIO"
"=HYPERLINK(""https://www.ice.com/products/79271692"",""Option on PJM NI Hub Real-Time Peak Calendar Year One Time Fixed Price Future"")","25818","PNK","PNK","","","Electricity","O-Pwr East Mini","ICEU","IFED","Financial Power","PNK"
"=HYPERLINK(""https://www.ice.com/products/79271686"",""Option on PJM NI Hub Real-Time Peak Fixed Price Future"")","25820","PNL","PNL","PN","L063","Electricity","O-Pwr East Mini","ICEU","IFED","Financial Power","PNL"
"=HYPERLINK(""https://www.ice.com/products/69723191"",""Option on PJM PECO Day-Ahead Peak Fixed Price Future"")","21948","PCP","PCP","<;","","Electricity","O-Pwr East Mini","ICEU","IFED","Financial Power","PCP"
"=HYPERLINK(""https://www.ice.com/products/69723188"",""Option on PJM PEPCO Day-Ahead Peak Fixed Price Future"")","21947","PPF","PPF","P2","SR04","Electricity","O-Pwr East Mini","ICEU","IFED","Financial Power","PPF"
"=HYPERLINK(""https://www.ice.com/products/69723189"",""Option on PJM PPL Day-Ahead Peak Fixed Price Future"")","21946","PPP","PPP","<?","","Electricity","O-Pwr East Mini","ICEU","IFED","Financial Power","PPP"
"=HYPERLINK(""https://www.ice.com/products/69723187"",""Option on PJM PSEG Day-Ahead Peak Daily Fixed Price Future"")","21945","PSC","PSC","AN","SN01","Electricity","O-Pwr East Daily","ICEU","IFED","Financial Power","PSC"
"=HYPERLINK(""https://www.ice.com/products/69723186"",""Option on PJM PSEG Day-Ahead Peak Fixed Price Future"")","21944","PSA","PSA","AM","SN00","Electricity","O-Pwr East Mini","ICEU","IFED","Financial Power","PSA"
"=HYPERLINK(""https://www.ice.com/products/82612876"",""Option on PJM Tri Qualified Renewable Energy Certificate Class I Future (Futures Style Margining)"")","27769","RHC","RHC","","","Physical Environmental","O-REC-PJM C1","ICEU","IFED","Physical Environmental","RHC"
"=HYPERLINK(""https://www.ice.com/products/53213882"",""Option on PJM Western Hub Day-Ahead Peak Daily Fixed Price Future"")","18476","PDA","PDA","YA","","Electricity","O-Pwr East Daily","ICEU","IFED","Financial Power","PDA"
"=HYPERLINK(""https://www.ice.com/products/6590530"",""Option on PJM Western Hub Real-Time Off-Peak Fixed Price Future"")","27210","OPJ","OPJ","OP","N711","Electricity","O-Pwr East OPMini","ICEU","IFED","Financial Power","OPJ"
"=HYPERLINK(""https://www.ice.com/products/6590526"",""Option on PJM Western Hub Real-Time Peak (1 MW) Fixed Price Future"")","4998","PMI","PJM","PM","QH56","Electricity","O-Pwr East Mini","ICEU","IFED","Financial Power","PMI"
"=HYPERLINK(""https://www.ice.com/products/64286936"",""Option on PJM Western Hub Real-Time Peak Calendar Year One Time Fixed Price Future"")","19874","P1X","P1X","P1","","Electricity","O-Pwr East Mini","ICEU","IFED","Financial Power","P1X"
"=HYPERLINK(""https://www.ice.com/products/82270934"",""Option on PJM Western Hub Real-Time Peak Daily Fixed Price Future"")","27075","PWA","PWA","NF","","Electricity","O-Pwr East Daily","ICEU","IFED","Financial Power","PWA"
"=HYPERLINK(""https://www.ice.com/products/6590536"",""Option on PJM Western Hub Real-Time Peak Daily Look Back Fixed Price Future "")","5211","PDQ","PDP","X:","","Electricity","O-Pwr East Daily","ICEU","IFED","Financial Power","PDQ"
"=HYPERLINK(""https://www.ice.com/products/65898921"",""Option on Palo Verde Day-Ahead Peak Fixed Price Future"")","20142","PVM","PVM","PV","O940","Electricity","O-Pwr West Term","ICEU","IFED","Financial Power","PVM"
"=HYPERLINK(""https://www.ice.com/products/6590271"",""Option on Panhandle Fixed Price Future"")","5018","OPP","OPP","PY","","Natural Gas","O-Basis Master","ICEU","IFED","Financial Gas","OPP"
"=HYPERLINK(""https://www.ice.com/products/83049486"",""Option on Pennsylvania Compliance Alternative Energy Credit Tier II Future"")","32212","PCT","PCT","","","Physical Environmental","O-REC-PA C1","ICEU","IFED","Physical Environmental","PCT"
"=HYPERLINK(""https://www.ice.com/products/71085725"",""Option on REX Zone 3 Fixed Price Future"")","22275","REH","REH","L7","","Natural Gas","O-Basis Master","ICEU","IFED","Financial Gas","REH"
"=HYPERLINK(""https://www.ice.com/products/71544088"",""Option on Regional Greenhouse Gas Initiative Future Vintage 2022"")","23432","RGU","RGU","NO","","Physical Environmental","O-RGGI","ICEU","IFED","Physical Environmental","RGU"
"=HYPERLINK(""https://www.ice.com/products/82612874"",""Option on Regional Greenhouse Gas Initiative Future Vintage 2022 (Futures Style Margining)"")","27767","RHA","RHA","","","Physical Environmental","O-RGGI","ICEU","IFED","Physical Environmental","RHA"
"=HYPERLINK(""https://www.ice.com/products/82612875"",""Option on Regional Greenhouse Gas Initiative Future Vintage 2023 (Futures Style Margining)"")","27768","RHB","RHB","","","Physical Environmental","O-RGGI","ICEU","IFED","Physical Environmental","RHB"
"=HYPERLINK(""https://www.ice.com/products/83045076"",""Option on Regional Greenhouse Gas Initiative Future Vintage 2024"")","28953","RJ4","RJ4","","","Physical Environmental","O-RGGI","ICEU","IFED","Physical Environmental","RJ4"
"=HYPERLINK(""https://www.ice.com/products/83047271"",""Option on Regional Greenhouse Gas Initiative Vintage 2025 Future"")","30067","RJ5","RJ5","","","Physical Environmental","O-RGGI","ICEU","IFED","Physical Environmental","RJ5"
"=HYPERLINK(""https://www.ice.com/products/83049106"",""Option on Regional Greenhouse Gas Initiative Vintage 2026 Future"")","31620","RJ6","RJ6","","","Physical Environmental","O-RGGI","ICEU","IFED","Physical Environmental","RJ6"
"=HYPERLINK(""https://www.ice.com/products/83049107"",""Option on Regional Greenhouse Gas Initiative Vintage 2027 Future"")","31630","RJ7","RJ7","","","Physical Environmental","O-RGGI","ICEU","IFED","Physical Environmental","RJ7"
"=HYPERLINK(""https://www.ice.com/products/83049108"",""Option on Regional Greenhouse Gas Initiative Vintage 2028 Future"")","31631","RJ8","RJ8","","","Physical Environmental","O-RGGI","ICEU","IFED","Physical Environmental","RJ8"
"=HYPERLINK(""https://www.ice.com/products/71544011"",""Option on Socal Citygate Fixed Price Future"")","23376","CVL","CVL","M\","","Natural Gas","O-Basis Master","ICEU","IFED","Financial Gas","CVL"
"=HYPERLINK(""https://www.ice.com/products/6590272"",""Option on Socal Fixed Price Future"")","5020","OPS","OPS","SC","","Natural Gas","O-Basis Master","ICEU","IFED","Financial Gas","OPS"
"=HYPERLINK(""https://www.ice.com/products/71090480"",""Option on TCO Fixed Price Future"")","22328","TCF","TCF","L8","","Natural Gas","O-Basis Master","ICEU","IFED","Financial Gas","TCF"
"=HYPERLINK(""https://www.ice.com/products/69723180"",""Option on TETCO M3 Fixed Price Future"")","21732","FQT","FQT","K/","","Natural Gas","O-Basis Master","ICEU","IFED","Financial Gas","FQT"
"=HYPERLINK(""https://www.ice.com/products/83049488"",""Option on Texas Renewable Energy Certificate from CRS Listed Facilities Back Half Specific Future"")","32210","TBH","TBH","","","Physical Environmental","O-REC-TX","ICEU","IFED","Physical Environmental","TBH"
"=HYPERLINK(""https://www.ice.com/products/83049490"",""Option on Texas Renewable Energy Certificate from CRS Listed Facilities Front Half Specific Future"")","32211","TFH","TFH","","","Physical Environmental","O-REC-TX","ICEU","IFED","Physical Environmental","TFH"
"=HYPERLINK(""https://www.ice.com/products/83047280"",""Option on Three Month ESTR"")","30073","ER3","ER3","","","Short Term Interest Rates","O-ESTR 3 Month","ICEU","IFLL","Liffe Three Month Euro and EONIA","ER3"
"=HYPERLINK(""https://www.ice.com/products/71085726"",""Option on Transco Leidy Fixed Price Future"")","22278","YQA","YQA","L9","","Natural Gas","O-Basis Master","ICEU","IFED","Financial Gas","YQA"
"=HYPERLINK(""https://www.ice.com/products/71085727"",""Option on Transco Zone 6 (non NY) Fixed Price Future"")","22280","TPH","TPH","L0","","Natural Gas","O-Basis Master","ICEU","IFED","Financial Gas","TPH"
"=HYPERLINK(""https://www.ice.com/products/64286940"",""Option on WTI Crude Futures Weekly"")","19858","WAW","WBS","H0","","Crude Oil and Refined Products","O-ICE WTI","ICEU","IFEU","ICE WTI Crude Futures","WAW"
"=HYPERLINK(""https://www.ice.com/products/69723182"",""Option on Waha Fixed Price Future"")","21734","FQW","FQW","KL","","Natural Gas","O-Basis Master","ICEU","IFED","Financial Gas","FQW"
"=HYPERLINK(""https://www.ice.com/products/83046822"",""Option on Washington Carbon Allowance Vintage 2024 Future"")","29820","WCB","WCB","","","Physical Environmental","O-WCA","ICEU","IFED","Physical Environmental","WCB"
"=HYPERLINK(""https://www.ice.com/products/83047340"",""Option on Washington Carbon Allowance Vintage 2025 Future"")","30066","WCC","WCC","","","Physical Environmental","O-WCA","ICEU","IFED","Physical Environmental","WCC"
"=HYPERLINK(""https://www.ice.com/products/83049111"",""Option on Washington Carbon Allowance Vintage 2026 Future"")","31638","WCD","WCD","","","Physical Environmental","O-WCA","ICEU","IFED","Physical Environmental","WCD"
"=HYPERLINK(""https://www.ice.com/products/83049112"",""Option on Washington Carbon Allowance Vintage 2027 Future"")","31643","WCE","WCE","","","Physical Environmental","O-WCA","ICEU","IFED","Physical Environmental","WCE"
"=HYPERLINK(""https://www.ice.com/products/37650338"",""Options On Long Gilt Future"")","6467","R","R","","","Medium/Long Term Interest Rates","O-Gilt Bond Fut","ICEU","IFLL","Liffe Bonds","R"
"=HYPERLINK(""https://www.ice.com/products/38527989"",""Options on Three Month Euribor &reg; Futures"")","15282","I","I","","","Short Term Interest Rates","O-STIR Euribor","ICEU","IFLL","Liffe Three Month Euro and EONIA","I"
"=HYPERLINK(""https://www.ice.com/products/79341513"",""Options on Three Month SONIA Index Future"")","25824","SO3","SO3","","","Short Term Interest Rates","O-Sonia 3Month","ICEU","IFLL","Liffe STIRs","SO3"
"=HYPERLINK(""https://www.ice.com/products/6590150"",""PG&E Citygate Basis Future"")","454","PGE","PGE","NQ","NA84","Natural Gas","Southwest Basis","ICEU","IFED","Financial Gas","PGE"
"=HYPERLINK(""https://www.ice.com/products/71085634"",""PG&E Citygate Fixed Price Future"")","22272","PGD","PGD","L6","","Natural Gas","Basis Master","ICEU","IFED","Financial Gas","PGD"
"=HYPERLINK(""https://www.ice.com/products/6590198"",""PG&E Citygate Index Future"")","463","EIS","EIS","Y5","QM87","Natural Gas","Southwest Index","ICEU","IFED","Financial Gas","EIS"
"=HYPERLINK(""https://www.ice.com/products/1192"",""PG&E Citygate Physical Basis LD1"")","1144","XGQ","XGQ","","","Natural Gas","PG&E Phys Gas","NGXC","IEPA","Physical Gas","XGQ"
"=HYPERLINK(""https://www.ice.com/products/1152"",""PG&E Citygate Physical Fixed Price Monthly"")","1130","XGR","XGR","","","Natural Gas","PG&E Phys Gas","NGXC","IEPA","Physical Gas","XGR"
"=HYPERLINK(""https://www.ice.com/products/1160"",""PG&E Citygate Physical Fixed Price Spot"")","1132","XGV","XGV","","","Natural Gas","PGE SP Phys Gas","NGXC","IEPA","Physical Gas","XGV"
"=HYPERLINK(""https://www.ice.com/products/1168"",""PG&E Citygate Physical Gas Daily Monthly"")","1137","XGS","XGS","","","Natural Gas","PG&E Phys Gas","NGXC","IEPA","Physical Gas","XGS"
"=HYPERLINK(""https://www.ice.com/products/1177"",""PG&E Citygate Physical Gas Daily Spot"")","1421","XGW","XGW","","","Natural Gas","PGE BM Phys Gas","NGXC","IEPA","Physical Gas","XGW"
"=HYPERLINK(""https://www.ice.com/products/1145"",""PG&E Citygate Physical Natural Gas Intelligence"")","1141","XGT","XGT","","","Natural Gas","PG&E Phys Gas","NGXC","IEPA","Physical Gas","XGT"
"=HYPERLINK(""https://www.ice.com/products/6590241"",""PG&E Citygate Swing Future"")","468","PIG","PIG","YS","QM76","Natural Gas","Southwest Swing","ICEU","IFED","Financial Gas","PIG"
"=HYPERLINK(""https://www.ice.com/products/75466817"",""PG&E Topock Physical Basis LD1"")","22936","DQI","DQI","","","Natural Gas","PGET MOPhysGas","NGXC","IEPA","Physical Gas","DQI"
"=HYPERLINK(""https://www.ice.com/products/75466810"",""PG&E Topock Physical Fixed Price Monthly"")","21231","YUX","YUX","","","Natural Gas","PGET MOPhysGas","NGXC","IEPA","Physical Gas","YUX"
"=HYPERLINK(""https://www.ice.com/products/75466811"",""PG&E Topock Physical Fixed Price Spot"")","21229","YUW","YUW","","","Natural Gas","PGET SPPhysGas","NGXC","IEPA","Physical Gas","YUW"
"=HYPERLINK(""https://www.ice.com/products/75466812"",""PG&E Topock Physical Gas Daily Monthly"")","21234","YUZ","YUZ","","","Natural Gas","PGET MOPhysGas","NGXC","IEPA","Physical Gas","YUZ"
"=HYPERLINK(""https://www.ice.com/products/75466813"",""PG&E Topock Physical Gas Daily Spot"")","21232","YUY","YUY","","","Natural Gas","PGET SPPhysGas","NGXC","IEPA","Physical Gas","YUY"
"=HYPERLINK(""https://www.ice.com/products/75466814"",""PG&E Topock Physical Natural Gas Intelligence"")","21235","YV0","YV0","","","Natural Gas","PGET MOPhysGas","NGXC","IEPA","Physical Gas","YV0"
"=HYPERLINK(""https://www.ice.com/products/53169002"",""PJM AECO Zone Day-Ahead Off-Peak Daily Fixed Price Future"")","18441","PMF","PMF","93","","Electricity","Pwr E OPDayMini","ICEU","IFED","Financial Power","PMF"
"=HYPERLINK(""https://www.ice.com/products/6590434"",""PJM AECO Zone Day-Ahead Off-Peak Fixed Price Future"")","3707","PTD","PTD","AB","","Electricity","Pwr East OPMini","ICEU","IFED","Financial Power","PTD"
"=HYPERLINK(""https://www.ice.com/products/53169001"",""PJM AECO Zone Day-Ahead Peak Daily Fixed Price Future"")","18440","PME","PME","92","","Electricity","Pwr E DailyMini","ICEU","IFED","Financial Power","PME"
"=HYPERLINK(""https://www.ice.com/products/6590376"",""PJM AECO Zone Day-Ahead Peak Fixed Price Future"")","3703","PTB","PTB","AA","","Electricity","Pwr East Mini","ICEU","IFED","Financial Power","PTB"
"=HYPERLINK(""https://www.ice.com/products/6590484"",""PJM AEP Dayton Hub Day-Ahead Off-Peak Daily Fixed Price Future"")","2161","ADC","ADC","H4","","Electricity","Pwr E OPDayMini","ICEU","IFED","Financial Power","ADC"
"=HYPERLINK(""https://www.ice.com/products/81935218"",""PJM AEP Dayton Hub Day-Ahead Off-Peak Energy + Congestion Fixed Price Future"")","25024","ADS","ADS","","","Electricity","Pwr East OPMini","ICEU","IFED","Financial Power","ADS"
"=HYPERLINK(""https://www.ice.com/products/6590388"",""PJM AEP Dayton Hub Day-Ahead Off-Peak Fixed Price Future"")","2162","ADD","ADD","H5","","Electricity","Pwr East OPMini","ICEU","IFED","Financial Power","ADD"
"=HYPERLINK(""https://www.ice.com/products/6590445"",""PJM AEP Dayton Hub Day-Ahead Peak Daily Fixed Price Future"")","2159","ADA","ADA","H2","","Electricity","Pwr E DailyMini","ICEU","IFED","Financial Power","ADA"
"=HYPERLINK(""https://www.ice.com/products/81935217"",""PJM AEP Dayton Hub Day-Ahead Peak Energy + Congestion Fixed Price Future"")","25023","ADR","ADR","","","Electricity","Pwr East Mini","ICEU","IFED","Financial Power","ADR"
"=HYPERLINK(""https://www.ice.com/products/6590327"",""PJM AEP Dayton Hub Day-Ahead Peak Fixed Price Future"")","2160","ADB","ADB","H3","","Electricity","Pwr East Mini","ICEU","IFED","Financial Power","ADB"
"=HYPERLINK(""https://www.ice.com/products/6590485"",""PJM AEP Dayton Hub Real-Time Off-Peak Daily Fixed Price Future"")","1615","ADO","ADO","YD","QM61","Electricity","Pwr EastOPDaily","ICEU","IFED","Financial Power","ADO"
"=HYPERLINK(""https://www.ice.com/products/6590389"",""PJM AEP Dayton Hub Real-Time Off-Peak Fixed Price Future"")","19680","AOD","AOD","MS","QM71","Electricity","Pwr East OPMini","ICEU","IFED","Financial Power","AOD"
"=HYPERLINK(""https://www.ice.com/products/6590449"",""PJM AEP Dayton Hub Real-Time Peak Daily Fixed Price Future"")","410","DDP","DDP","DP","L778","Electricity","Pwr East Daily","ICEU","IFED","Financial Power","DDP"
"=HYPERLINK(""https://www.ice.com/products/6590448"",""PJM AEP Dayton Hub Real-Time Peak Daily Look Back Fixed Price Future"")","3965","DDO","DDP","T\","","Electricity","Pwr East Daily","ICEU","IFED","Financial Power","DDO"
"=HYPERLINK(""https://www.ice.com/products/6590354"",""PJM AEP Dayton Hub Real-Time Peak Fixed Price Future"")","19679","MSO","MSO","MS","L062","Electricity","Pwr East Mini","ICEU","IFED","Financial Power","MSO"
"=HYPERLINK(""https://www.ice.com/products/32749948"",""PJM AEP Zone Day-Ahead Off-Peak Daily Fixed Price Future"")","15871","PAI","PAI","?L","","Electricity","Pwr EastOPDaily","ICEU","IFED","Financial Power","PAI"
"=HYPERLINK(""https://www.ice.com/products/32749944"",""PJM AEP Zone Day-Ahead Off-Peak Fixed Price Future"")","15869","PAT","PAT","?H","","Electricity","Pwr East OPMini","ICEU","IFED","Financial Power","PAT"
"=HYPERLINK(""https://www.ice.com/products/32749947"",""PJM AEP Zone Day-Ahead Peak Daily Fixed Price Future"")","15870","PAH","PAH","?K","","Electricity","Pwr East Daily","ICEU","IFED","Financial Power","PAH"
"=HYPERLINK(""https://www.ice.com/products/32749943"",""PJM AEP Zone Day-Ahead Peak Fixed Price Future"")","15868","PAS","PAS","?G","","Electricity","Pwr East Mini","ICEU","IFED","Financial Power","PAS"
"=HYPERLINK(""https://www.ice.com/products/6590435"",""PJM APS Zone Day-Ahead Off-Peak Fixed Price Future"")","3708","PUD","PUD","AD","","Electricity","Pwr East OPMini","ICEU","IFED","Financial Power","PUD"
"=HYPERLINK(""https://www.ice.com/products/6590377"",""PJM APS Zone Day-Ahead Peak Fixed Price Future"")","3704","PUB","PUB","AC","","Electricity","Pwr East Mini","ICEU","IFED","Financial Power","PUB"
"=HYPERLINK(""https://www.ice.com/products/37042682"",""PJM ATSI Zone Day-Ahead Daily Fixed Price Future"")","15554","PAK","PAK","*B","","Electricity","Pwr East Daily","ICEU","IFED","Financial Power","PAK"
"=HYPERLINK(""https://www.ice.com/products/37042684"",""PJM ATSI Zone Day-Ahead Off-Peak Daily Fixed Price Future"")","15555","PAL","PAL","*C","","Electricity","Pwr EastOPDaily","ICEU","IFED","Financial Power","PAL"
"=HYPERLINK(""https://www.ice.com/products/31687054"",""PJM ATSI Zone Day-Ahead Off-Peak Fixed Price Future"")","5753","PAW","PAW","5R","","Electricity","Pwr East OPMini","ICEU","IFED","Financial Power","PAW"
"=HYPERLINK(""https://www.ice.com/products/31687053"",""PJM ATSI Zone Day-Ahead Peak Fixed Price Future"")","5752","PAV","PAV","5Q","","Electricity","Pwr East Mini","ICEU","IFED","Financial Power","PAV"
"=HYPERLINK(""https://www.ice.com/products/53169004"",""PJM BGE Zone Day-Ahead Off-Peak Daily Fixed Price Future"")","18443","PMT","PMT","96","","Electricity","Pwr E OPDayMini","ICEU","IFED","Financial Power","PMT"
"=HYPERLINK(""https://www.ice.com/products/6590392"",""PJM BGE Zone Day-Ahead Off-Peak Fixed Price Future"")","2579","BGZ","BGZ","<>","","Electricity","Pwr East OPMini","ICEU","IFED","Financial Power","BGZ"
"=HYPERLINK(""https://www.ice.com/products/53169003"",""PJM BGE Zone Day-Ahead Peak Daily Fixed Price Future"")","18442","PMN","PMN","95","","Electricity","Pwr E DailyMini","ICEU","IFED","Financial Power","PMN"
"=HYPERLINK(""https://www.ice.com/products/6590329"",""PJM BGE Zone Day-Ahead Peak Fixed Price Future"")","2582","BGY","BGY","</","","Electricity","Pwr East Mini","ICEU","IFED","Financial Power","BGY"
"=HYPERLINK(""https://www.ice.com/products/72486104"",""PJM BGE Zone Real-Time Off-Peak Daily Fixed Price Future"")","23768","PBS","PBS","PW","","Electricity","Pwr E OPDayMini","ICEU","IFED","Financial Power","PBS"
"=HYPERLINK(""https://www.ice.com/products/72486103"",""PJM BGE Zone Real-Time Peak Daily Fixed Price Future"")","23767","PBR","PBR","PC","","Electricity","Pwr E DailyMini","ICEU","IFED","Financial Power","PBR"
"=HYPERLINK(""https://www.ice.com/products/53169006"",""PJM ComEd Zone Day-Ahead Off-Peak Daily Fixed Price Future"")","18445","PDW","PDW","8?","","Electricity","Pwr E OPDayMini","ICEU","IFED","Financial Power","PDW"
"=HYPERLINK(""https://www.ice.com/products/6590393"",""PJM ComEd Zone Day-Ahead Off-Peak Fixed Price Future"")","2855","CEO","CEO","-?","","Electricity","Pwr East OPMini","ICEU","IFED","Financial Power","CEO"
"=HYPERLINK(""https://www.ice.com/products/53169005"",""PJM ComEd Zone Day-Ahead Peak Daily Fixed Price Future"")","18444","PDV","PDV","8>","","Electricity","Pwr E DailyMini","ICEU","IFED","Financial Power","PDV"
"=HYPERLINK(""https://www.ice.com/products/6590330"",""PJM ComEd Zone Day-Ahead Peak Fixed Price Future"")","2852","CEP","CEP","->","","Electricity","Pwr East Mini","ICEU","IFED","Financial Power","CEP"
"=HYPERLINK(""https://www.ice.com/products/72265850"",""PJM Comed Resid AGG Day-Ahead Off Peak Fixed Price Future"")","23589","COO","COO","N=","","Electricity","Pwr East OPMini","ICEU","IFED","Financial Power","COO"
"=HYPERLINK(""https://www.ice.com/products/72265849"",""PJM Comed Resid AGG Day-Ahead Peak Fixed Price Future"")","23588","COM","COM","N@","","Electricity","Pwr East Mini","ICEU","IFED","Financial Power","COM"
"=HYPERLINK(""https://www.ice.com/products/31687056"",""PJM DEOK Zone Day-Ahead Off-Peak Fixed Price Future"")","5755","DEO","DEO","5T","","Electricity","Pwr East OPMini","ICEU","IFED","Financial Power","DEO"
"=HYPERLINK(""https://www.ice.com/products/31687055"",""PJM DEOK Zone Day-Ahead Peak Fixed Price Future"")","5754","DEP","DEP","5S","","Electricity","Pwr East Mini","ICEU","IFED","Financial Power","DEP"
"=HYPERLINK(""https://www.ice.com/products/61989011"",""PJM DOM Zone Day-Ahead Off-Peak Fixed Price Future"")","19491","DOO","DOO","B/","","Electricity","Pwr East OPMini","ICEU","IFED","Financial Power","DOO"
"=HYPERLINK(""https://www.ice.com/products/61989010"",""PJM DOM Zone Day-Ahead Peak Fixed Price Future"")","19490","DOP","DOP","B-","","Electricity","Pwr East Mini","ICEU","IFED","Financial Power","DOP"
"=HYPERLINK(""https://www.ice.com/products/30677718"",""PJM DPL Zone Day-Ahead Off-Peak Fixed Price Future"")","3709","PXD","PXD","XD","","Electricity","Pwr East OPMini","ICEU","IFED","Financial Power","PXD"
"=HYPERLINK(""https://www.ice.com/products/6590380"",""PJM DPL Zone Day-Ahead Peak Fixed Price Future"")","3705","PXB","PXB","XB","","Electricity","Pwr East Mini","ICEU","IFED","Financial Power","PXB"
"=HYPERLINK(""https://www.ice.com/products/6590437"",""PJM Daily Load Future"")","5298","PDF","PDF","TE","","Electricity","PJM Daily Load","ICEU","IFED","Financial Power","PDF"
"=HYPERLINK(""https://www.ice.com/products/64286884"",""PJM Day Day-Ahead Off-Peak Fixed Price Future"")","19850","DCO","DCO","I3","","Electricity","Pwr East OPMini","ICEU","IFED","Financial Power","DCO"
"=HYPERLINK(""https://www.ice.com/products/53169009"",""PJM Deok Zone Day-Ahead Off-Peak Daily Fixed Price Future"")","18447","PFQ","PFQ","8#","","Electricity","Pwr E OPDayMini","ICEU","IFED","Financial Power","PFQ"
"=HYPERLINK(""https://www.ice.com/products/53169007"",""PJM Deok Zone Day-Ahead Peak Daily Fixed Price Future"")","18446","PFP","PFP","8:00:00 AM","","Electricity","Pwr E DailyMini","ICEU","IFED","Financial Power","PFP"
"=HYPERLINK(""https://www.ice.com/products/6590432"",""PJM Duquesne Zone Day-Ahead Off-Peak Fixed Price Future"")","3164","PQD","PQD","MT","","Electricity","Pwr East OPMini","ICEU","IFED","Financial Power","PQD"
"=HYPERLINK(""https://www.ice.com/products/6590374"",""PJM Duquesne Zone Day-Ahead Peak Fixed Price Future"")","3163","PQB","PQB","MR","","Electricity","Pwr East Mini","ICEU","IFED","Financial Power","PQB"
"=HYPERLINK(""https://www.ice.com/products/6590504"",""PJM Eastern Hub Day-Ahead Off-Peak Daily Fixed Price Future"")","2157","PEC","PEC","H0","","Electricity","Pwr E OPDayMini","ICEU","IFED","Financial Power","PEC"
"=HYPERLINK(""https://www.ice.com/products/6590427"",""PJM Eastern Hub Day-Ahead Off-Peak Fixed Price Future"")","2158","PED","PED","H1","","Electricity","Pwr East OPMini","ICEU","IFED","Financial Power","PED"
"=HYPERLINK(""https://www.ice.com/products/6590474"",""PJM Eastern Hub Day-Ahead Peak Daily Fixed Price Future"")","2155","PEA","PEA","G8","","Electricity","Pwr E DailyMini","ICEU","IFED","Financial Power","PEA"
"=HYPERLINK(""https://www.ice.com/products/6590365"",""PJM Eastern Hub Day-Ahead Peak Fixed Price Future"")","2156","PEB","PEB","G9","","Electricity","Pwr East Mini","ICEU","IFED","Financial Power","PEB"
"=HYPERLINK(""https://www.ice.com/products/32749950"",""PJM FE Ohio Day-Ahead Off-Peak Daily Fixed Price Future"")","15875","PFK","PFK","?N","","Electricity","Pwr EastOPDaily","ICEU","IFED","Financial Power","PFK"
"=HYPERLINK(""https://www.ice.com/products/32749946"",""PJM FE Ohio Day-Ahead Off-Peak Fixed Price Future"")","15873","PFO","PFO","?J","","Electricity","Pwr East OPMini","ICEU","IFED","Financial Power","PFO"
"=HYPERLINK(""https://www.ice.com/products/32749949"",""PJM FE Ohio Day-Ahead Peak Daily Fixed Price Future"")","15874","PFJ","PFJ","?M","","Electricity","Pwr East Daily","ICEU","IFED","Financial Power","PFJ"
"=HYPERLINK(""https://www.ice.com/products/32749945"",""PJM FE Ohio Day-Ahead Peak Fixed Price Future"")","15872","PFN","PFN","?I","","Electricity","Pwr East Mini","ICEU","IFED","Financial Power","PFN"
"=HYPERLINK(""https://www.ice.com/products/83049006"",""PJM GATS Type 1 Spot Granular Certificates"")","31359","J10","J10","","","Environmental","Level Ten","Bilateral","IEPA","Granular Certificates","J10"
"=HYPERLINK(""https://www.ice.com/products/83049007"",""PJM GATS Type 2 Spot Granular Certificates"")","31366","J20","J20","","","Environmental","Level Ten","Bilateral","IEPA","Granular Certificates","J20"
"=HYPERLINK(""https://www.ice.com/products/6590491"",""PJM JCPL Zone Day-Ahead Off-Peak Daily Fixed Price Future"")","2149","JCC","JCC","G2","","Electricity","Pwr E OPDayMini","ICEU","IFED","Financial Power","JCC"
"=HYPERLINK(""https://www.ice.com/products/6590403"",""PJM JCPL Zone Day-Ahead Off-Peak Fixed Price Future"")","2150","JCD","JCD","G3","","Electricity","Pwr East OPMini","ICEU","IFED","Financial Power","JCD"
"=HYPERLINK(""https://www.ice.com/products/6590462"",""PJM JCPL Zone Day-Ahead Peak Daily Fixed Price Future"")","2147","JCA","JCA","G0","","Electricity","Pwr E DailyMini","ICEU","IFED","Financial Power","JCA"
"=HYPERLINK(""https://www.ice.com/products/6590348"",""PJM JCPL Zone Day-Ahead Peak Fixed Price Future"")","2148","JCB","JCB","G1","","Electricity","Pwr East Mini","ICEU","IFED","Financial Power","JCB"
"=HYPERLINK(""https://www.ice.com/products/53169011"",""PJM METED Zone Day-Ahead Off-Peak Daily Fixed Price Future"")","18449","PFS","PFS","8=","","Electricity","Pwr E OPDayMini","ICEU","IFED","Financial Power","PFS"
"=HYPERLINK(""https://www.ice.com/products/6590429"",""PJM METED Zone Day-Ahead Off-Peak Fixed Price Future"")","3166","PMD","PMD","MV","","Electricity","Pwr East OPMini","ICEU","IFED","Financial Power","PMD"
"=HYPERLINK(""https://www.ice.com/products/53169010"",""PJM METED Zone Day-Ahead Peak Daily Fixed Price Future"")","18448","PFR","PFR","8@","","Electricity","Pwr E DailyMini","ICEU","IFED","Financial Power","PFR"
"=HYPERLINK(""https://www.ice.com/products/6590368"",""PJM METED Zone Day-Ahead Peak Fixed Price Future"")","3165","PMB","PMB","MU","","Electricity","Pwr East Mini","ICEU","IFED","Financial Power","PMB"
"=HYPERLINK(""https://www.ice.com/products/6590497"",""PJM NI Hub Day-Ahead Off-Peak Daily Fixed Price Future"")","2153","NIC","NIC","G6","","Electricity","Pwr E OPDayMini","ICEU","IFED","Financial Power","NIC"
"=HYPERLINK(""https://www.ice.com/products/81935220"",""PJM NI Hub Day-Ahead Off-Peak Energy + Congestion Fixed Price Future"")","25026","NIQ","NIQ","","","Electricity","Pwr East OPMini","ICEU","IFED","Financial Power","NIQ"
"=HYPERLINK(""https://www.ice.com/products/6590409"",""PJM NI Hub Day-Ahead Off-Peak Fixed Price Future"")","2154","NID","NID","G7","","Electricity","Pwr East OPMini","ICEU","IFED","Financial Power","NID"
"=HYPERLINK(""https://www.ice.com/products/6590468"",""PJM NI Hub Day-Ahead Peak Daily Fixed Price Future"")","2151","NIA","NIA","G4","","Electricity","Pwr E DailyMini","ICEU","IFED","Financial Power","NIA"
"=HYPERLINK(""https://www.ice.com/products/81935219"",""PJM NI Hub Day-Ahead Peak Energy + Congestion Fixed Price Future"")","25025","NIP","NIP","","","Electricity","Pwr East Mini","ICEU","IFED","Financial Power","NIP"
"=HYPERLINK(""https://www.ice.com/products/6590360"",""PJM NI Hub Day-Ahead Peak Fixed Price Future"")","2152","NIB","NIB","G5","","Electricity","Pwr East Mini","ICEU","IFED","Financial Power","NIB"
"=HYPERLINK(""https://www.ice.com/products/6590495"",""PJM NI Hub Real-Time Off-Peak Daily Fixed Price Future"")","1616","NDO","NDO","YE","QM62","Electricity","Pwr EastOPDaily","ICEU","IFED","Financial Power","NDO"
"=HYPERLINK(""https://www.ice.com/products/6590410"",""PJM NI Hub Real-Time Off-Peak Fixed Price Future"")","19690","NIO","NIO","YO","QM72","Electricity","Pwr East OPMini","ICEU","IFED","Financial Power","NIO"
"=HYPERLINK(""https://www.ice.com/products/6590467"",""PJM NI Hub Real-Time Peak Daily Fixed Price Future"")","412","NDP","NDP","ND","L779","Electricity","Pwr East Daily","ICEU","IFED","Financial Power","NDP"
"=HYPERLINK(""https://www.ice.com/products/6590371"",""PJM NI Hub Real-Time Peak Fixed Price Future"")","19689","PNL","PNL","PN","L063","Electricity","Pwr East Mini","ICEU","IFED","Financial Power","PNL"
"=HYPERLINK(""https://www.ice.com/products/53169013"",""PJM PECO Zone Day-Ahead Off-Peak Daily Fixed Price Future"")","18451","PFU","PFU","91","","Electricity","Pwr E OPDayMini","ICEU","IFED","Financial Power","PFU"
"=HYPERLINK(""https://www.ice.com/products/6590426"",""PJM PECO Zone Day-Ahead Off-Peak Fixed Price Future"")","2580","PCO","PCO","<-","","Electricity","Pwr East OPMini","ICEU","IFED","Financial Power","PCO"
"=HYPERLINK(""https://www.ice.com/products/53169012"",""PJM PECO Zone Day-Ahead Peak Daily Fixed Price Future"")","18450","PFT","PFT","9Z","","Electricity","Pwr E DailyMini","ICEU","IFED","Financial Power","PFT"
"=HYPERLINK(""https://www.ice.com/products/6590364"",""PJM PECO Zone Day-Ahead Peak Fixed Price Future"")","2583","PCP","PCP","<;","","Electricity","Pwr East Mini","ICEU","IFED","Financial Power","PCP"
"=HYPERLINK(""https://www.ice.com/products/6590438"",""PJM PENELEC Zone Day-Ahead Off-Peak Fixed Price Future"")","3710","PZD","PZD","ZD","","Electricity","Pwr East OPMini","ICEU","IFED","Financial Power","PZD"
"=HYPERLINK(""https://www.ice.com/products/6590381"",""PJM PENELEC Zone Day-Ahead Peak Fixed Price Future"")","3706","PZB","PZB","ZB","","Electricity","Pwr East Mini","ICEU","IFED","Financial Power","PZB"
"=HYPERLINK(""https://www.ice.com/products/64286901"",""PJM PENN Power Day-Ahead Off-Peak Fixed Price Future"")","19854","PEO","PEO","I7","","Electricity","Pwr East OPMini","ICEU","IFED","Financial Power","PEO"
"=HYPERLINK(""https://www.ice.com/products/64286900"",""PJM PENN Power Day-Ahead Peak Fixed Price Future"")","19853","PEP","PEP","I6","","Electricity","Pwr East Mini","ICEU","IFED","Financial Power","PEP"
"=HYPERLINK(""https://www.ice.com/products/64286903"",""PJM PEPCO MD Day-Ahead Off-Peak Fixed Price Future"")","19856","PCQ","PCQ","I9","","Electricity","Pwr East OPMini","ICEU","IFED","Financial Power","PCQ"
"=HYPERLINK(""https://www.ice.com/products/64286902"",""PJM PEPCO MD Day-Ahead Peak Fixed Price Future"")","19855","PCR","PCR","I8","","Electricity","Pwr East Mini","ICEU","IFED","Financial Power","PCR"
"=HYPERLINK(""https://www.ice.com/products/6590506"",""PJM PEPCO Zone Day-Ahead Off-Peak Daily Fixed Price Future"")","2092","PPG","PPG","P3","SR05","Electricity","Pwr E OPDayMini","ICEU","IFED","Financial Power","PPG"
"=HYPERLINK(""https://www.ice.com/products/81935226"",""PJM PEPCO Zone Day-Ahead Off-Peak Energy + Congestion Fixed Price Future"")","25032","PPB","PPB","","","Electricity","Pwr East OPMini","ICEU","IFED","Financial Power","PPB"
"=HYPERLINK(""https://www.ice.com/products/6590430"",""PJM PEPCO Zone Day-Ahead Off-Peak Fixed Price Future"")","2090","PPH","PPH","P4","SR06","Electricity","Pwr East OPMini","ICEU","IFED","Financial Power","PPH"
"=HYPERLINK(""https://www.ice.com/products/6590475"",""PJM PEPCO Zone Day-Ahead Peak Daily Fixed Price Future"")","2095","PPE","PPE","P1","SR03","Electricity","Pwr E DailyMini","ICEU","IFED","Financial Power","PPE"
"=HYPERLINK(""https://www.ice.com/products/81935225"",""PJM PEPCO Zone Day-Ahead Peak Energy + Congestion Fixed Price Future"")","25031","PPA","PPA","","","Electricity","Pwr East Mini","ICEU","IFED","Financial Power","PPA"
"=HYPERLINK(""https://www.ice.com/products/6590372"",""PJM PEPCO Zone Day-Ahead Peak Month Fixed Price Future"")","2093","PPF","PPF","P2","SR04","Electricity","Pwr East Mini","ICEU","IFED","Financial Power","PPF"
"=HYPERLINK(""https://www.ice.com/products/53169016"",""PJM PPL Zone Day-Ahead Off-Peak Daily Fixed Price Future"")","18453","PMW","PMW","98","","Electricity","Pwr E OPDayMini","ICEU","IFED","Financial Power","PMW"
"=HYPERLINK(""https://www.ice.com/products/81935224"",""PJM PPL Zone Day-Ahead Off-Peak Energy + Congestion Fixed Price Future"")","25030","PP5","PP5","","","Electricity","Pwr East OPMini","ICEU","IFED","Financial Power","PP5"
"=HYPERLINK(""https://www.ice.com/products/6590431"",""PJM PPL Zone Day-Ahead Off-Peak Fixed Price Future"")","2578","PPO","PPO","<:","","Electricity","Pwr East OPMini","ICEU","IFED","Financial Power","PPO"
"=HYPERLINK(""https://www.ice.com/products/53169015"",""PJM PPL Zone Day-Ahead Peak Daily Fixed Price Future"")","18452","PMV","PMV","97","","Electricity","Pwr E DailyMini","ICEU","IFED","Financial Power","PMV"
"=HYPERLINK(""https://www.ice.com/products/81935223"",""PJM PPL Zone Day-Ahead Peak Energy + Congestion Fixed Price Future"")","25029","PPC","PPC","","","Electricity","Pwr East Mini","ICEU","IFED","Financial Power","PPC"
"=HYPERLINK(""https://www.ice.com/products/6590373"",""PJM PPL Zone Day-Ahead Peak Fixed Price Future"")","2581","PPP","PPP","<?","","Electricity","Pwr East Mini","ICEU","IFED","Financial Power","PPP"
"=HYPERLINK(""https://www.ice.com/products/72486106"",""PJM PPL Zone Real-Time Off-Peak Daily Fixed Price Future"")","23770","PBU","PBU","PY","","Electricity","Pwr E OPDayMini","ICEU","IFED","Financial Power","PBU"
"=HYPERLINK(""https://www.ice.com/products/72486105"",""PJM PPL Zone Real-Time Peak Daily Fixed Price Future"")","23769","PBT","PBT","PX","","Electricity","Pwr E DailyMini","ICEU","IFED","Financial Power","PBT"
"=HYPERLINK(""https://www.ice.com/products/6590507"",""PJM PSEG Day-Ahead Off-Peak Daily Fixed Price Future"")","1873","PSD","PSD","AT","SN03","Electricity","Pwr E OPDayMini","ICEU","IFED","Financial Power","PSD"
"=HYPERLINK(""https://www.ice.com/products/81935228"",""PJM PSEG Day-Ahead Off-Peak Energy + Congestion Fixed Price Future"")","25034","PSG","PSG","","","Electricity","Pwr East OPMini","ICEU","IFED","Financial Power","PSG"
"=HYPERLINK(""https://www.ice.com/products/6590433"",""PJM PSEG Day-Ahead Off-Peak Fixed Price Future"")","1867","PSB","PSB","AS","SN02","Electricity","Pwr East OPMini","ICEU","IFED","Financial Power","PSB"
"=HYPERLINK(""https://www.ice.com/products/6590476"",""PJM PSEG Day-Ahead Peak Daily Fixed Price Future"")","1872","PSC","PSC","AN","SN01","Electricity","Pwr E DailyMini","ICEU","IFED","Financial Power","PSC"
"=HYPERLINK(""https://www.ice.com/products/81935227"",""PJM PSEG Day-Ahead Peak Energy + Congestion Fixed Price Future"")","25033","PSF","PSF","","","Electricity","Pwr East Mini","ICEU","IFED","Financial Power","PSF"
"=HYPERLINK(""https://www.ice.com/products/6590375"",""PJM PSEG Day-Ahead Peak Fixed Price Future"")","1866","PSA","PSA","AM","SN00","Electricity","Pwr East Mini","ICEU","IFED","Financial Power","PSA"
"=HYPERLINK(""https://www.ice.com/products/64286899"",""PJM SOUTH Day-Ahead Off-Peak Fixed Price Future"")","19852","SIO","SIO","I5","","Electricity","Pwr East OPMini","ICEU","IFED","Financial Power","SIO"
"=HYPERLINK(""https://www.ice.com/products/64286898"",""PJM SOUTH Day-Ahead Peak Fixed Price Future"")","19851","SIP","SIP","I4","","Electricity","Pwr East Mini","ICEU","IFED","Financial Power","SIP"
"=HYPERLINK(""https://www.ice.com/products/65898904"",""PJM Tri Qualified Renewable Energy Certificate Class I Future"")","20117","PPR","PPR","JU","","Physical Environmental","REC-PJM C1","ICEU","IFED","Physical Environmental","PPR"
"=HYPERLINK(""https://www.ice.com/products/65898902"",""PJM Tri Qualified Renewable Energy Certificate Class I Prior Year Future"")","20116","PPY","PPY","JT","","Physical Environmental","REC-PJM C1","ICEU","IFED","Physical Environmental","PPY"
"=HYPERLINK(""https://www.ice.com/products/6590503"",""PJM Western Hub Day-Ahead Off-Peak Daily Fixed Price Future"")","1614","PDO","PDO","YC","QM60","Electricity","Pwr EastOPDaily","ICEU","IFED","Financial Power","PDO"
"=HYPERLINK(""https://www.ice.com/products/81935222"",""PJM Western Hub Day-Ahead Off-Peak Energy + Congestion Fixed Price Future"")","25028","PJQ","PJQ","","","Electricity","Pwr East OPMini","ICEU","IFED","Financial Power","PJQ"
"=HYPERLINK(""https://www.ice.com/products/6590428"",""PJM Western Hub Day-Ahead Off-Peak Fixed Price Future"")","1859","PJD","PJD","AB","SM89","Electricity","Pwr East OPMini","ICEU","IFED","Financial Power","PJD"
"=HYPERLINK(""https://www.ice.com/products/6590471"",""PJM Western Hub Day-Ahead Peak Daily Fixed Price Future"")","1612","PDA","PDA","YA","QM58","Electricity","Pwr East Daily","ICEU","IFED","Financial Power","PDA"
"=HYPERLINK(""https://www.ice.com/products/82270911"",""PJM Western Hub Day-Ahead Peak Daily Mini Fixed Price Future"")","27010","PJL","PJL","","","Electricity","Pwr E DailyMini","ICEU","IFED","Financial Power","PJL"
"=HYPERLINK(""https://www.ice.com/products/81935221"",""PJM Western Hub Day-Ahead Peak Energy + Congestion Fixed Price Future"")","25027","PJP","PJP","","","Electricity","Pwr East Mini","ICEU","IFED","Financial Power","PJP"
"=HYPERLINK(""https://www.ice.com/products/82270928"",""PJM Western Hub Day-Ahead Peak HE 1000-1700 Fixed Price Future, 7X"")","27030","PJK","PJK","","","Electricity","Pwr East Mini","ICEU","IFED","Financial Power","PJK"
"=HYPERLINK(""https://www.ice.com/products/6590502"",""PJM Western Hub Real-Time Off-Peak Daily Fixed Price Future"")","409","ODP","ODP","WO","L781","Electricity","Pwr EastOPDaily","ICEU","IFED","Financial Power","ODP"
"=HYPERLINK(""https://www.ice.com/products/6590424"",""PJM Western Hub Real-Time Off-Peak Fixed Price Future"")","19697","OPJ","OPJ","OP","N711","Electricity","Pwr East OPMini","ICEU","IFED","Financial Power","OPJ"
"=HYPERLINK(""https://www.ice.com/products/6590369"",""PJM Western Hub Real-Time Peak (1 MW) Fixed Price Future"")","1460","PMI","PJM","PM","QH56","Electricity","Pwr East Mini","ICEU","IFED","Financial Power","PMI"
"=HYPERLINK(""https://www.ice.com/products/71090520"",""PJM Western Hub Real-Time Peak 2x16 Fixed Price Future"")","22287","PW2","PW2","M(","","Electricity","Pwr East Mini","ICEU","IFED","Financial Power","PW2"
"=HYPERLINK(""https://www.ice.com/products/53169017"",""PJM Western Hub Real-Time Peak 50MW Fixed Price Future"")","18454","PMJ","PJM","94","","Electricity","East Peak 50MW","ICEU","IFED","Financial Power","PMJ"
"=HYPERLINK(""https://www.ice.com/products/6590472"",""PJM Western Hub Real-Time Peak Daily Fixed Price Future"")","413","PDP","PDP","PP","L777","Electricity","Pwr East Daily","ICEU","IFED","Financial Power","PDP"
"=HYPERLINK(""https://www.ice.com/products/6590473"",""PJM Western Hub Real-Time Peak Daily Look Back Fixed Price Future "")","3629","PDQ","PDP","X:","","Electricity","Pwr East Daily","ICEU","IFED","Financial Power","PDQ"
"=HYPERLINK(""https://www.ice.com/products/71544049"",""PJM Western Hub Real-Time Peak Daily Mini Fixed Price Future"")","23389","PWA","PWA","NF","","Electricity","Pwr E DailyMini","ICEU","IFED","Financial Power","PWA"
"=HYPERLINK(""https://www.ice.com/products/82270927"",""PJM Western Hub Real-Time Peak HE 1000-1700 Fixed Price Future, 7X"")","27029","PJJ","PJJ","","","Electricity","Pwr East Mini","ICEU","IFED","Financial Power","PJJ"
"=HYPERLINK(""https://www.ice.com/products/83049823"",""Palantir Technologies Inc - STND Future"")","32520","8P9","8PT","","","Mini Stock Futures","MiniUSEquity","ICEU","IFLO","Mini Equity US-Restricted","8P9"
"=HYPERLINK(""https://www.ice.com/products/82270920"",""Palo Verde Day-Ahead Off-Peak Daily Fixed Mini Price Future"")","27017","VDR","VDR","","","Electricity","PwrWOPDailyMini","ICEU","IFED","Financial Power","VDR"
"=HYPERLINK(""https://www.ice.com/products/6590508"",""Palo Verde Day-Ahead Off-Peak Daily Future"")","745","QVP","QVP","QV","OU48","Electricity","Pwr WestOPDaily","ICEU","IFED","Financial Power","QVP"
"=HYPERLINK(""https://www.ice.com/products/6590425"",""Palo Verde Day-Ahead Off-Peak Fixed Price Future"")","503","OVP","OVP","OR","NI03","Electricity","Pwr West OPTerm","ICEU","IFED","Financial Power","OVP"
"=HYPERLINK(""https://www.ice.com/products/6590481"",""Palo Verde Day-Ahead Peak Daily Fixed Price Future"")","751","VDP","VDP","VD","OU49","Electricity","Pwr West Daily","ICEU","IFED","Financial Power","VDP"
"=HYPERLINK(""https://www.ice.com/products/82270916"",""Palo Verde Day-Ahead Peak Daily Mini Fixed Price Future"")","27013","VDQ","VDQ","","","Electricity","Pwr W DailyMini","ICEU","IFED","Financial Power","VDQ"
"=HYPERLINK(""https://www.ice.com/products/6590378"",""Palo Verde Day-Ahead Peak Fixed Price Future"")","287","PVM","PVM","PV","O940","Electricity","Pwr West Term","ICEU","IFED","Financial Power","PVM"
"=HYPERLINK(""https://www.ice.com/products/6729755"",""Panamax Timecharter (Baltic) Freight Future"")","2946","TCP","TCP","@8","","Dry Freight","Dry Freight Day","ICEU","IFEU","Dry Freight","TCP"
"=HYPERLINK(""https://www.ice.com/products/6590148"",""Panhandle Basis Future"")","435","PAN","PAN","NK","NE87","Natural Gas","Midcont Basis","ICEU","IFED","Financial Gas","PAN"
"=HYPERLINK(""https://www.ice.com/products/6590261"",""Panhandle Fixed Price Future"")","3712","OPP","OPP","PY","","Natural Gas","Basis Master","ICEU","IFED","Financial Gas","OPP"
"=HYPERLINK(""https://www.ice.com/products/6590197"",""Panhandle Index Future"")","459","PIS","PIS","Y9","QM90","Natural Gas","Midcont Index","ICEU","IFED","Financial Gas","PIS"
"=HYPERLINK(""https://www.ice.com/products/1191"",""Panhandle Physical Basis LD1"")","1266","XIL","XIL","","","Natural Gas","Pan MO Phys Gas","NGXC","IEPA","Physical Gas","XIL"
"=HYPERLINK(""https://www.ice.com/products/1151"",""Panhandle Physical Fixed Price Monthly"")","1273","XII","XII","","","Natural Gas","Pan MO Phys Gas","NGXC","IEPA","Physical Gas","XII"
"=HYPERLINK(""https://www.ice.com/products/1159"",""Panhandle Physical Fixed Price Spot"")","1274","XIH","XIH","","","Natural Gas","Pan BM Phys Gas","NGXC","IEPA","Physical Gas","XIH"
"=HYPERLINK(""https://www.ice.com/products/1167"",""Panhandle Physical Gas Daily Monthly"")","1282","XIK","XIK","","","Natural Gas","Pan MO Phys Gas","NGXC","IEPA","Physical Gas","XIK"
"=HYPERLINK(""https://www.ice.com/products/1176"",""Panhandle Physical Gas Daily Spot"")","1283","XIJ","XIJ","","","Natural Gas","Pan BM Phys Gas","NGXC","IEPA","Physical Gas","XIJ"
"=HYPERLINK(""https://www.ice.com/products/1184"",""Panhandle Physical Inside FERC"")","1287","XIM","XIM","","","Natural Gas","Pan MO Phys Gas","NGXC","IEPA","Physical Gas","XIM"
"=HYPERLINK(""https://www.ice.com/products/6590242"",""Panhandle Swing Future"")","470","PSS","PSS","YW","QM80","Natural Gas","Midcont Swing","ICEU","IFED","Financial Gas","PSS"
"=HYPERLINK(""https://www.ice.com/products/38716848"",""Pearson Plc"")","9515","PSO","PSO","","","Single Stock Options","","ICEU","IFLO","Liffe Equity Derivatives - Non-US Based","PSO"
"=HYPERLINK(""https://www.ice.com/products/83048875"",""Pennon Group"")","31228","PNO","PNN","","","Single Stock Options","O-LSE Master","ICEU","IFLO","Liffe Equity Derivatives - Non-US Based","PNO"
"=HYPERLINK(""https://www.ice.com/products/65898877"",""Pennsylvania Compliance Alternative Energy Credit Tier I Future"")","20106","PAR","PAR","JL","","Physical Environmental","REC-PA C1","ICEU","IFED","Physical Environmental","PAR"
"=HYPERLINK(""https://www.ice.com/products/72486140"",""Pennsylvania Compliance Alternative Energy Credit Tier I Prior Year Future"")","23795","PAY","PAY","PL","","Physical Environmental","REC-PA C1","ICEU","IFED","Physical Environmental","PAY"
"=HYPERLINK(""https://www.ice.com/products/82612872"",""Pennsylvania Compliance Alternative Energy Credit Tier II Future"")","27758","PCT","PCT","","","Physical Environmental","REC-PA C1","ICEU","IFED","Physical Environmental","PCT"
"=HYPERLINK(""https://www.ice.com/products/65898879"",""Pennsylvania Solar Alternative Energy Credit Future"")","20108","PAX","PAX","JN","","Physical Environmental","SREC-PA C1","ICEU","IFED","Physical Environmental","PAX"
"=HYPERLINK(""https://www.ice.com/products/82547553"",""Persimmon Plc"")","27050","PSE","9PN","","","Single Stock Options","O-LSE Master","ICEU","IFLO","Liffe Equity Derivatives - Non-US Based","PSE"
"=HYPERLINK(""https://www.ice.com/products/82280455"",""PetChem Diff – Paraxylene CFR Taiwan/China (Platts) vs Naphtha C+F Japan Cargoes (Platts) Future"")","27057","PCB","PCB","","","Petrochemicals","Ref Diffs mt","ICEU","IFEU","Oil","PCB"
"=HYPERLINK(""https://www.ice.com/products/83049121"",""PetChem Outright - Benzene FOB Korea (Platts) Future"")","31556","PCK","PCK","","","Crude Oil and Refined Products","Ref Outright mt","ICEU","IFEU","Oil","PCK"
"=HYPERLINK(""https://www.ice.com/products/82280454"",""PetChem Outright – Paraxylene CFR Taiwan/China (Platts) Future"")","27056","PCA","PCA","","","Petrochemicals","Ref Outright mt","ICEU","IFEU","Oil","PCA"
"=HYPERLINK(""https://www.ice.com/products/38716849"",""Petrofac Ltd"")","9418","PET","PET","","","Single Stock Options","","ICEU","IFLO","Liffe Equity Derivatives - Non-US Based","PET"
"=HYPERLINK(""https://www.ice.com/products/82994081"",""Phoenix Group Holdings"")","28532","GP5","0T6","","","Single Stock Options","O-LSE Master","ICEU","IFLO","Liffe Equity Derivatives - Non-US Based","GP5"
"=HYPERLINK(""https://www.ice.com/products/71523207"",""Pine Prairie Basis Future"")","23371","CVI","CVI","M<","","Natural Gas","Southeast Basis","ICEU","IFED","Financial Gas","CVI"
"=HYPERLINK(""https://www.ice.com/products/71523209"",""Pine Prairie Index Future"")","23373","CVJ","CVJ","M-","","Natural Gas","Southeast Index","ICEU","IFED","Financial Gas","CVJ"
"=HYPERLINK(""https://www.ice.com/products/72764823"",""Pine Prairie Physical Basis LD1"")","21247","YV9","YV9","","","Natural Gas","PPrai MOPhysGas","NGXC","IEPA","Physical Gas","YV9"
"=HYPERLINK(""https://www.ice.com/products/72764822"",""Pine Prairie Physical Fixed Price Monthly"")","21246","YV8","YV8","","","Natural Gas","PPrai MOPhysGas","NGXC","IEPA","Physical Gas","YV8"
"=HYPERLINK(""https://www.ice.com/products/72764821"",""Pine Prairie Physical Fixed Price Spot"")","21244","YV7","YV7","","","Natural Gas","PPrai SPPhysGas","NGXC","IEPA","Physical Gas","YV7"
"=HYPERLINK(""https://www.ice.com/products/72764825"",""Pine Prairie Physical Gas Daily Monthly"")","23922","BK1","BK1","","","Natural Gas","PPrai MOPhysGas","NGXC","IEPA","Physical Gas","BK1"
"=HYPERLINK(""https://www.ice.com/products/72764824"",""Pine Prairie Physical Gas Daily Spot"")","23920","Z5J","Z5J","","","Natural Gas","PPrai SPPhysGas","NGXC","IEPA","Physical Gas","BK0"
"=HYPERLINK(""https://www.ice.com/products/72764826"",""Pine Prairie Physical Inside FERC"")","23923","BK2","BK2","","","Natural Gas","PPrai MOPhysGas","NGXC","IEPA","Physical Gas","BK2"
"=HYPERLINK(""https://www.ice.com/products/71544009"",""Pine Prairie Swing Future"")","23374","CVK","CVK","M/","","Natural Gas","Southeast Swing","ICEU","IFED","Financial Gas","CVK"
"=HYPERLINK(""https://www.ice.com/products/31687037"",""Polymer Grade Propylene (PGP), OPIS PCW Mont Belvieu Balmo Future"")","21823","PPN","PPN","MZ","","Petrochemicals","Olefins Master","ICEU","IFED","Financial Olefins","PPN"
"=HYPERLINK(""https://www.ice.com/products/31687035"",""Polymer Grade Propylene (PGP), OPIS PCW Mont Belvieu Future"")","5785","PPL","PPL","3-","","Petrochemicals","Olefins Master","ICEU","IFED","Financial Olefins","PPL"
"=HYPERLINK(""https://www.ice.com/products/20614028"",""Premium Unleaded Gasoline 10ppm CIF NWE Cargoes (Platts) Future"")","4671","UCE","UCE","QY","","Crude Oil and Refined Products","Ref Outright mt","ICEU","IFEU","Oil","UCE"
"=HYPERLINK(""https://www.ice.com/products/6753562"",""Premium Unleaded Gasoline 10ppm FOB Med Cargoes Balmo Future"")","21847","UCC","UCC","QO","","Crude Oil and Refined Products","Ref Outright mt","ICEU","IFEU","Oil","UCC"
"=HYPERLINK(""https://www.ice.com/products/33257746"",""Premium Unleaded Gasoline 10ppm FOB Med Cargoes Balmo Swap"")","4081","UCC","UCC","QO","","Crude Oil and Refined","Ref Outright mt","Bilateral","ICES","Oil","UCC"
"=HYPERLINK(""https://www.ice.com/products/6753555"",""Premium Unleaded Gasoline 10ppm FOB Med Cargoes Future"")","3558","UCB","UCB","WW","","Crude Oil and Refined Products","Ref Outright mt","ICEU","IFEU","Oil","UCB"
"=HYPERLINK(""https://www.ice.com/products/33257745"",""Premium Unleaded Gasoline 10ppm FOB Med Cargoes Swap"")","3558","UCB","UCB","WW","","Crude Oil and Refined","Ref Outright mt","Bilateral","ICES","Oil","UCB"
"=HYPERLINK(""https://www.ice.com/products/69732302"",""Propane - Daily Argus Far East Mini Future"")","21738","AFD","AFD","LI","","Natural Gas Liquids","NGL Master","ICEU","IFED","Financial NGL","AFD"
"=HYPERLINK(""https://www.ice.com/products/37042690"",""Propane, Argus CIF ARA Average Price Options"")","15575","APC","APC","A6","SN16","Natural Gas Liquids","O-NGL Master","ICEU","IFED","Financial NGL","APC"
"=HYPERLINK(""https://www.ice.com/products/57250496"",""Propane, Argus CIF ARA Mini Future"")","19095","AFM","AFM","AC","","Natural Gas Liquids","NGL Master","ICEU","IFED","Financial NGL","AFM"
"=HYPERLINK(""https://www.ice.com/products/82280436"",""Propane, Argus CIF ARA vs Brent 1st Line Future (in MTs)"")","27005","PRR","PRR","","","Natural Gas Liquids","NGL Master","ICEU","IFED","Financial NGL","PRR"
"=HYPERLINK(""https://www.ice.com/products/82270943"",""Propane, Argus CIF ARA vs Brent 1st Line Future (in bbls)"")","27004","PRQ","PRQ","","","Natural Gas Liquids","NGL Master","ICEU","IFED","Financial NGL","PRQ"
"=HYPERLINK(""https://www.ice.com/products/53168961"",""Propane, Argus CIF ARA vs Naphtha CIF NWE Cargoes (Platts) Balmo Future"")","21802","ABG","ABG","M1","","Natural Gas Liquids","NGL Master","ICEU","IFED","Financial NGL","ABG"
"=HYPERLINK(""https://www.ice.com/products/6590318"",""Propane, Argus CIF ARA vs Naphtha, Platts CIF NWE Cargoes (Platts) Future"")","3261","APN","APN","U<","","Natural Gas Liquids","NGL Master","ICEU","IFED","Financial NGL","APN"
"=HYPERLINK(""https://www.ice.com/products/6590299"",""Propane, Argus CIF ARA, Fixed Price Balmo Future"")","21805","APD","APD","M2","","Natural Gas Liquids","NGL Master","ICEU","IFED","Financial NGL","APD"
"=HYPERLINK(""https://www.ice.com/products/81995998"",""Propane, Argus CIF ARA, Mini Balmo Future"")","25011","AFA","AFA","","","Natural Gas Liquids","NGL Master","ICEU","IFED","Financial NGL","AFA"
"=HYPERLINK(""https://www.ice.com/products/56298609"",""Propane, Argus Far East Index (AFEI)  Average Price Options"")","18897","AFE","AFE","QS","","Natural Gas Liquids","O-NGL Master","ICEU","IFED","Financial NGL","AFE"
"=HYPERLINK(""https://www.ice.com/products/81995999"",""Propane, Argus Far East Index (AFEI) Mini Balmo Future"")","25012","AFT","AFT","","","Natural Gas Liquids","NGL Master","ICEU","IFED","Financial NGL","AFT"
"=HYPERLINK(""https://www.ice.com/products/57250503"",""Propane, Argus Far East Index (AFEI) Mini Future"")","19102","AFL","AFL","AB","","Natural Gas Liquids","NGL Master","ICEU","IFED","Financial NGL","AFL"
"=HYPERLINK(""https://www.ice.com/products/83049089"",""Propane, Argus Far East Index (AFEI) vs Brent 1st Line Future (in bbls)"")","31484","PRA","PRA","","","Natural Gas Liquids","NGL Master","ICEU","IFED","Financial NGL","PRA"
"=HYPERLINK(""https://www.ice.com/products/53168960"",""Propane, Argus Far East Index (AFEI) vs Naphtha C+F Japan Cargoes (Platts) Future"")","18421","ARR","ARR","6T","","Natural Gas Liquids","NGL Master","ICEU","IFED","Financial NGL","ARR"
"=HYPERLINK(""https://www.ice.com/products/6590319"",""Propane, Argus Far East Index (AFEI) vs Propane, Argus CIF ARA Future"")","3262","EGD","EGD","T#","","Natural Gas Liquids","NGL Master","ICEU","IFED","Financial NGL","EGD"
"=HYPERLINK(""https://www.ice.com/products/83049091"",""Propane, Argus Far East Index (AFEI) vs Propane, Argus Saudi CP Future"")","31483","PRE","PRE","","","Natural Gas Liquids","NGL Master","ICEU","IFED","Financial NGL","PRE"
"=HYPERLINK(""https://www.ice.com/products/53168959"",""Propane, Argus Far East Index vs Naphtha C+F Japan (Platts) Balmo Future"")","21803","ABK","ABK","M3","","Natural Gas Liquids","NGL Master","ICEU","IFED","Financial NGL","ABK"
"=HYPERLINK(""https://www.ice.com/products/6590321"",""Propane, Argus Far East vs. Propane, Argus CIF ARA, Differential Balmo Future"")","21810","EGE","EGE","M4","","Natural Gas Liquids","NGL Master","ICEU","IFED","Financial NGL","EGE"
"=HYPERLINK(""https://www.ice.com/products/6590298"",""Propane, Argus Far East, Fixed Price Future (Balmo)"")","21804","AFF","AFF","M5","","Natural Gas Liquids","NGL Master","ICEU","IFED","Financial NGL","AFF"
"=HYPERLINK(""https://www.ice.com/products/82280438"",""Propane, Argus Ningbo Index (ANI) Balmo Future"")","27007","PRT","PRT","","","Natural Gas Liquids","NGL Master","ICEU","IFED","Financial NGL","PRT"
"=HYPERLINK(""https://www.ice.com/products/82280437"",""Propane, Argus Ningbo Index (ANI) Future"")","27006","PRS","PRS","","","Natural Gas Liquids","NGL Master","ICEU","IFED","Financial NGL","PRS"
"=HYPERLINK(""https://www.ice.com/products/82280439"",""Propane, Argus Ningbo Index (ANI) Mini Future"")","27008","PRU","PRU","","","Natural Gas Liquids","NGL Master","ICEU","IFED","Financial NGL","PRU"
"=HYPERLINK(""https://www.ice.com/products/83049090"",""Propane, Argus Saudi CP Future vs Brent 1st Line Future (in bbls)"")","31485","PRB","PRB","","","Natural Gas Liquids","NGL Master","ICEU","IFED","Financial NGL","PRB"
"=HYPERLINK(""https://www.ice.com/products/57250502"",""Propane, Argus Saudi CP Mini Future"")","19101","AFK","SCP","AA","","Natural Gas Liquids","NGL Master","ICEU","IFED","Financial NGL","AFK"
"=HYPERLINK(""https://www.ice.com/products/57250498"",""Propane, Argus Sonatrach CP Future"")","19097","AFS","AFS","AD","","Natural Gas Liquids","NGL Master","ICEU","IFED","Financial NGL","AFS"
"=HYPERLINK(""https://www.ice.com/products/6590325"",""Propane, OPIS Conway In-Well Average Price Options"")","4848","PRC","PRC","ZH","QM98","Natural Gas Liquids","O-NGL Master","ICEU","IFED","Financial NGL","PRC"
"=HYPERLINK(""https://www.ice.com/products/6590312"",""Propane, OPIS Conway In-Well Future"")","1637","PRC","PRC","ZH","QM98","Natural Gas Liquids","NGL Master","ICEU","IFED","Financial NGL","PRC"
"=HYPERLINK(""https://www.ice.com/products/6590295"",""Propane, OPIS Conway In-Well, Fixed Price Balmo Future"")","21824","PRD","PRD","M0","","Natural Gas Liquids","NGL Master","ICEU","IFED","Financial NGL","PRD"
"=HYPERLINK(""https://www.ice.com/products/79234888"",""Propane, OPIS Edmonton Future"")","25013","EDO","EDO","","","Natural Gas Liquids","NGL Master","ICEU","IFED","Financial NGL","EDO"
"=HYPERLINK(""https://www.ice.com/products/6590313"",""Propane, OPIS Hattiesburg Future"")","3263","PRH","PRH","U(","","Natural Gas Liquids","NGL Master","ICEU","IFED","Financial NGL","PRH"
"=HYPERLINK(""https://www.ice.com/products/6590315"",""Propane, OPIS Mt. Belvieu Non-TET Future"")","1899","PRN","PRN","A5","SN15","Natural Gas Liquids","NGL Master","ICEU","IFED","Financial NGL","PRN"
"=HYPERLINK(""https://www.ice.com/products/61989065"",""Propane, OPIS Mt. Belvieu Non-TET vs Propane, Argus CIF ARA Future"")","19487","CEJ","CEJ","HP","","Natural Gas Liquids","NGL Master","ICEU","IFED","Financial NGL","CEJ"
"=HYPERLINK(""https://www.ice.com/products/53168964"",""Propane, OPIS Mt. Belvieu Non-TET vs Propane, Far East Index (AFEI) Future"")","18425","CEZ","CEZ","63","","Natural Gas Liquids","NGL Master","ICEU","IFED","Financial NGL","CEZ"
"=HYPERLINK(""https://www.ice.com/products/6590291"",""Propane, OPIS Mt. Belvieu Non-TET, Fixed Price Balmo Future"")","21826","PRO","PRO","M6","","Natural Gas Liquids","NGL Master","ICEU","IFED","Financial NGL","PRO"
"=HYPERLINK(""https://www.ice.com/products/61989099"",""Propane, OPIS Mt. Belvieu Other Non-TET Balmo Future"")","21822","PBP","PBP","M7","","Natural Gas Liquids","NGL Master","ICEU","IFED","Financial NGL","PBP"
"=HYPERLINK(""https://www.ice.com/products/53168962"",""Propane, OPIS Mt. Belvieu Other Non-TET Future"")","18423","PBO","PBO","8\","","Natural Gas Liquids","NGL Master","ICEU","IFED","Financial NGL","PBO"
"=HYPERLINK(""https://www.ice.com/products/6590326"",""Propane, OPIS Mt. Belvieu TET Average Price Options"")","4845","PRL","PRL","RL","QJ66","Natural Gas Liquids","O-NGL Master","ICEU","IFED","Financial NGL","PRL"
"=HYPERLINK(""https://www.ice.com/products/6590311"",""Propane, OPIS Mt. Belvieu TET Mini Future"")","4188","PLM","PLM","K>","","Natural Gas Liquids","NGL Master","ICEU","IFED","Financial NGL","PLM"
"=HYPERLINK(""https://www.ice.com/products/53168963"",""Propane, OPIS Mt. Belvieu TET vs Propane, Far East Index (AFEI) Future"")","18424","CEY","CEY","62","","Natural Gas Liquids","NGL Master","ICEU","IFED","Financial NGL","CEY"
"=HYPERLINK(""https://www.ice.com/products/83049092"",""Propane, OPIS Mt. Belvieu TET vs WTI 1st Line Future"")","31486","PRW","PRW","","","Natural Gas Liquids","NGL Master","ICEU","IFED","Financial NGL","PRW"
"=HYPERLINK(""https://www.ice.com/products/6590292"",""Propane, OPIS Mt. Belvieu TET, Fixed Price Balmo Future"")","21825","PRM","PRM","M8","","Natural Gas Liquids","NGL Master","ICEU","IFED","Financial NGL","PRM"
"=HYPERLINK(""https://www.ice.com/products/83046775"",""Propylene Contract Price, I.C.I.S. FD NWE Future"")","29800","PRF","PRF","","","Petrochemicals","Olefins Master","ICEU","IFED","Financial Olefins","PRF"
"=HYPERLINK(""https://www.ice.com/products/82067421"",""Propylene, I.C.I.S. CFR NE Asia Future"")","26880","PNE","PNE","","","Petrochemicals","Olefins Master","ICEU","IFED","Financial Olefins","PNE"
"=HYPERLINK(""https://www.ice.com/products/82067422"",""Propylene, I.C.I.S. CFR SE Asia Future"")","26881","PSE","PSE","","","Petrochemicals","Olefins Master","ICEU","IFED","Financial Olefins","PSE"
"=HYPERLINK(""https://www.ice.com/products/81690687"",""Prudential plc"")","26486","PDN","PDN","","","Single Stock Options","O-LSE Master","ICEU","IFLO","Liffe Equity Derivatives - Non-US Based","PDN"
"=HYPERLINK(""https://www.ice.com/products/83049154"",""QinetiQ Group PLC"")","31652","QNQ","3BG","","","Single Stock Options","O-LSE Master","ICEU","IFLO","Liffe Equity Derivatives - Non-US Based","QNQ"
"=HYPERLINK(""https://www.ice.com/products/68928439"",""Quilter plc"")","20576","QUT","QUL","","","Single Stock Options","O-LSE Master","ICEU","IFLO","Liffe Equity Derivatives - Non-US Based","QUT"
"=HYPERLINK(""https://www.ice.com/products/6753544"",""RBOB Gasoline 1st Line Future"")","3072","RBS","UHU","M(","","Crude Oil and Refined Products","Am Ref bbl","ICEU","IFED","Oil Americas","RBS"
"=HYPERLINK(""https://www.ice.com/products/27066805"",""RBOB Gasoline 1st Line Mini Future"")","5034","RBM","RBM","RU","EH80","Crude Oil and Refined Products","Am Ref bbl","ICEU","IFED","Oil Americas","RBM"
"=HYPERLINK(""https://www.ice.com/products/5029408"",""RBOB Gasoline American-Style Options"")","3994","N","UHU","","","Crude Oil and Refined Products","O-ICE RBOBGas","ICEU","IFEU","ICE NYH (RBOB) Gasoline Futures","UHU"
"=HYPERLINK(""https://www.ice.com/products/11529401"",""RBOB Gasoline Average Price Option"")","4829","RBS","UHU","M(","","Crude Oil and Refined Products","O-Am Ref bbl","ICEU","IFED","Oil Americas","RBS"
"=HYPERLINK(""https://www.ice.com/products/75577370"",""REX Cheyenne Comp Pool Physical Basis LD1"")","25716","ZAC","ZAC","","","Natural Gas","RexC MOPhysGas","NGXC","IEPA","Physical Gas","ZAC"
"=HYPERLINK(""https://www.ice.com/products/75577371"",""REX Cheyenne Comp Pool Physical Fixed Price Monthly"")","25713","ZAA","ZAA","","","Natural Gas","RexC MOPhysGas","NGXC","IEPA","Physical Gas","ZAA"
"=HYPERLINK(""https://www.ice.com/products/75577372"",""REX Cheyenne Comp Pool Physical Fixed Price Spot"")","25714","ZAB","ZAB","","","Natural Gas","RexC BMPhysGas","NGXC","IEPA","Physical Gas","ZAB"
"=HYPERLINK(""https://www.ice.com/products/75577373"",""REX Cheyenne Comp Pool Physical Gas Daily Monthly"")","25717","ZAD","ZAD","","","Natural Gas","RexC MOPhysGas","NGXC","IEPA","Physical Gas","ZAD"
"=HYPERLINK(""https://www.ice.com/products/75577374"",""REX Cheyenne Comp Pool Physical Gas Daily Spot"")","25718","ZAE","ZAE","","","Natural Gas","RexC BMPhysGas","NGXC","IEPA","Physical Gas","ZAE"
"=HYPERLINK(""https://www.ice.com/products/75577369"",""REX Cheyenne Comp Pool Physical Inside FERC"")","25720","ZAF","ZAF","","","Natural Gas","RexC MOPhysGas","NGXC","IEPA","Physical Gas","ZAF"
"=HYPERLINK(""https://www.ice.com/products/82674751"",""REX E-MidW Physical Basis LD1"")","21278","YVV","YVV","","","Natural Gas","RXeMW MOPhysGas","NGXC","IEPA","Physical Gas","YVV"
"=HYPERLINK(""https://www.ice.com/products/82674763"",""REX E-MidW Physical Fixed Price Monthly"")","21273","YVR","YVR","","","Natural Gas","RXeMW MOPhysGas","NGXC","IEPA","Physical Gas","YVR"
"=HYPERLINK(""https://www.ice.com/products/82674759"",""REX E-MidW Physical Fixed Price Spot"")","21271","YVQ","YVQ","","","Natural Gas","RXeMW SPPhysGas","NGXC","IEPA","Physical Gas","YVQ"
"=HYPERLINK(""https://www.ice.com/products/82674768"",""REX E-MidW Physical Gas Daily Monthly"")","21276","YVT","YVT","","","Natural Gas","RXeMW MOPhysGas","NGXC","IEPA","Physical Gas","YVT"
"=HYPERLINK(""https://www.ice.com/products/82674772"",""REX E-MidW Physical Gas Daily Spot"")","21274","YVS","YVS","","","Natural Gas","RXeMW SPPhysGas","NGXC","IEPA","Physical Gas","YVS"
"=HYPERLINK(""https://www.ice.com/products/82674755"",""REX E-MidW Physical Inside FERC"")","21277","YVU","YVU","","","Natural Gas","RXeMW MOPhysGas","NGXC","IEPA","Physical Gas","YVU"
"=HYPERLINK(""https://www.ice.com/products/82674752"",""REX E-NGPL Physical Basis LD1"")","21286","YW1","YW1","","","Natural Gas","RXeNG MOPhysGas","NGXC","IEPA","Physical Gas","YW1"
"=HYPERLINK(""https://www.ice.com/products/82674764"",""REX E-NGPL Physical Fixed Price Monthly"")","21281","YVX","YVX","","","Natural Gas","RXeNG MOPhysGas","NGXC","IEPA","Physical Gas","YVX"
"=HYPERLINK(""https://www.ice.com/products/82674760"",""REX E-NGPL Physical Fixed Price Spot"")","21279","YVW","YVW","","","Natural Gas","RXeNG SPPhysGas","NGXC","IEPA","Physical Gas","YVW"
"=HYPERLINK(""https://www.ice.com/products/82674769"",""REX E-NGPL Physical Gas Daily Monthly"")","21284","YVZ","YVZ","","","Natural Gas","RXeNG MOPhysGas","NGXC","IEPA","Physical Gas","YVZ"
"=HYPERLINK(""https://www.ice.com/products/82674773"",""REX E-NGPL Physical Gas Daily Spot"")","21282","YVY","YVY","","","Natural Gas","RXeNG SPPhysGas","NGXC","IEPA","Physical Gas","YVY"
"=HYPERLINK(""https://www.ice.com/products/82674756"",""REX E-NGPL Physical Inside FERC"")","21285","YW0","YW0","","","Natural Gas","RXeNG MOPhysGas","NGXC","IEPA","Physical Gas","YW0"
"=HYPERLINK(""https://www.ice.com/products/82674753"",""REX E-PEPL Physical Basis LD1"")","21294","YW7","YW7","","","Natural Gas","RXePE MOPhysGas","NGXC","IEPA","Physical Gas","YW7"
"=HYPERLINK(""https://www.ice.com/products/82674765"",""REX E-PEPL Physical Fixed Price Monthly"")","21289","YW3","YW3","","","Natural Gas","RXePE MOPhysGas","NGXC","IEPA","Physical Gas","YW3"
"=HYPERLINK(""https://www.ice.com/products/82674761"",""REX E-PEPL Physical Fixed Price Spot"")","21287","YW2","YW2","","","Natural Gas","RXePE SPPhysGas","NGXC","IEPA","Physical Gas","YW2"
"=HYPERLINK(""https://www.ice.com/products/82674770"",""REX E-PEPL Physical Gas Daily Monthly"")","21292","YW5","YW5","","","Natural Gas","RXePE MOPhysGas","NGXC","IEPA","Physical Gas","YW5"
"=HYPERLINK(""https://www.ice.com/products/82674774"",""REX E-PEPL Physical Gas Daily Spot"")","21290","YW4","YW4","","","Natural Gas","RXePE SPPhysGas","NGXC","IEPA","Physical Gas","YW4"
"=HYPERLINK(""https://www.ice.com/products/82674757"",""REX E-PEPL Physical Inside FERC"")","21293","YW6","YW6","","","Natural Gas","RXePE MOPhysGas","NGXC","IEPA","Physical Gas","YW6"
"=HYPERLINK(""https://www.ice.com/products/82674754"",""REX E-Trunk Physical Basis LD1"")","21302","YWD","YWD","","","Natural Gas","RXeTR MOPhysGas","NGXC","IEPA","Physical Gas","YWD"
"=HYPERLINK(""https://www.ice.com/products/82674766"",""REX E-Trunk Physical Fixed Price Monthly"")","21297","YW9","YW9","","","Natural Gas","RXeTR MOPhysGas","NGXC","IEPA","Physical Gas","YW9"
"=HYPERLINK(""https://www.ice.com/products/82674762"",""REX E-Trunk Physical Fixed Price Spot"")","21295","YW8","YW8","","","Natural Gas","RXeTR SPPhysGas","NGXC","IEPA","Physical Gas","YW8"
"=HYPERLINK(""https://www.ice.com/products/82674771"",""REX E-Trunk Physical Gas Daily Monthly"")","21300","YWB","YWB","","","Natural Gas","RXeTR MOPhysGas","NGXC","IEPA","Physical Gas","YWB"
"=HYPERLINK(""https://www.ice.com/products/82674775"",""REX E-Trunk Physical Gas Daily Spot"")","21298","YWA","YWA","","","Natural Gas","RXeTR SPPhysGas","NGXC","IEPA","Physical Gas","YWA"
"=HYPERLINK(""https://www.ice.com/products/82674758"",""REX E-Trunk Physical Inside FERC"")","21301","YWC","YWC","","","Natural Gas","RXeTR MOPhysGas","NGXC","IEPA","Physical Gas","YWC"
"=HYPERLINK(""https://www.ice.com/products/55408424"",""REX Zone 3 Basis Future"")","18620","REX","REX","6R","","Natural Gas","Upper MW Basis","ICEU","IFED","Financial Gas","REX"
"=HYPERLINK(""https://www.ice.com/products/71085637"",""REX Zone 3 Fixed Price Future"")","22274","REH","REH","L7","","Natural Gas","Basis Master","ICEU","IFED","Financial Gas","REH"
"=HYPERLINK(""https://www.ice.com/products/55408426"",""REX Zone 3 Index Future"")","18622","REI","REI","6U","","Natural Gas","Upper MW Index","ICEU","IFED","Financial Gas","REI"
"=HYPERLINK(""https://www.ice.com/products/55408425"",""REX Zone 3 Swing Future"")","18621","RES","RES","6S","","Natural Gas","Upper MW Swing","ICEU","IFED","Financial Gas","RES"
"=HYPERLINK(""https://www.ice.com/products/42279760"",""Reckitt Benckiser Group Plc"")","15743","RBE","RBE","OU","","Single Stock Options","","ICEU","IFLO","Liffe Equity Derivatives - Non-US Based","RBE"
"=HYPERLINK(""https://www.ice.com/products/71090479"",""Regional Greenhouse Gas Initiative Allowance Auction Clearing Price"")","22325","RCP","RCP","L#","","Physical Environmental","RGGI","ICEU","IFED","Physical Environmental","RCP"
"=HYPERLINK(""https://www.ice.com/products/68361255"",""Regional Greenhouse Gas Initiative Vintage 2021 Future"")","20505","RGT","RGT","LT","","Physical Environmental","RGGI","ICEU","IFED","Physical Environmental","RGT"
"=HYPERLINK(""https://www.ice.com/products/71544087"",""Regional Greenhouse Gas Initiative Vintage 2022 Future"")","23427","RGU","RGU","NO","","Physical Environmental","RGGI","ICEU","IFED","Physical Environmental","RGU"
"=HYPERLINK(""https://www.ice.com/products/72265939"",""Regional Greenhouse Gas Initiative Vintage 2023  Future"")","23627","RJ3","RJ3","O6","","Physical Environmental","RGGI","ICEU","IFED","Physical Environmental","RJ3"
"=HYPERLINK(""https://www.ice.com/products/83045075"",""Regional Greenhouse Gas Initiative Vintage 2024 Future"")","28911","RJ4","RJ4","","","Physical Environmental","RGGI","ICEU","IFED","Physical Environmental","RJ4"
"=HYPERLINK(""https://www.ice.com/products/83046821"",""Regional Greenhouse Gas Initiative Vintage 2025 Future"")","29815","RJ5","RJ5","","","Physical Environmental","RGGI","ICEU","IFED","Physical Environmental","RJ5"
"=HYPERLINK(""https://www.ice.com/products/83047265"",""Regional Greenhouse Gas Initiative Vintage 2026 Future"")","30061","RJ6","RJ6","","","Physical Environmental","RGGI","ICEU","IFED","Physical Environmental","RJ6"
"=HYPERLINK(""https://www.ice.com/products/83048585"",""Regional Greenhouse Gas Initiative Vintage 2027 Future"")","31322","RJ7","RJ7","","","Physical Environmental","RGGI","ICEU","IFED","Physical Environmental","RJ7"
"=HYPERLINK(""https://www.ice.com/products/83048586"",""Regional Greenhouse Gas Initiative Vintage 2028 Future"")","31324","RJ8","RJ8","","","Physical Environmental","RGGI","ICEU","IFED","Physical Environmental","RJ8"
"=HYPERLINK(""https://www.ice.com/products/83049104"",""Regional Greenhouse Gas Initiative Vintage 2029 Future"")","31566","RJ9","RJ9","","","Physical Environmental","RGGI","ICEU","IFED","Physical Environmental","RJ9"
"=HYPERLINK(""https://www.ice.com/products/83049105"",""Regional Greenhouse Gas Initiative Vintage 2030 Future"")","31567","RJ0","RJ0","","","Physical Environmental","RGGI","ICEU","IFED","Physical Environmental","RJ0"
"=HYPERLINK(""https://www.ice.com/products/38716854"",""Relx plc"")","9699","REI","REI","","","Single Stock Options","","ICEU","IFLO","Liffe Equity Derivatives - Non-US Based","REI"
"=HYPERLINK(""https://www.ice.com/products/38716855"",""Rentokil Initial Plc"")","9837","RTO","RTO","","","Single Stock Options","","ICEU","IFLO","Liffe Equity Derivatives - Non-US Based","RTO"
"=HYPERLINK(""https://www.ice.com/products/46459094"",""Rex E-ANR Physical Basis LD1"")","16205","YAU","YAU","","","Natural Gas","REXE MOPhys Gas","NGXC","IEPA","Physical Gas","YAU"
"=HYPERLINK(""https://www.ice.com/products/46459090"",""Rex E-ANR Physical Fixed Price Monthly"")","16202","YAT","YAT","","","Natural Gas","REXE MOPhys Gas","NGXC","IEPA","Physical Gas","YAT"
"=HYPERLINK(""https://www.ice.com/products/46459091"",""Rex E-ANR Physical Fixed Price Spot"")","16204","YAS","YAS","","","Natural Gas","REXE SPPhys Gas","NGXC","IEPA","Physical Gas","YAS"
"=HYPERLINK(""https://www.ice.com/products/46459092"",""Rex E-ANR Physical Gas Daily Monthly"")","16206","YAW","YAW","","","Natural Gas","REXE MOPhys Gas","NGXC","IEPA","Physical Gas","YAW"
"=HYPERLINK(""https://www.ice.com/products/46459093"",""Rex E-ANR Physical Gas Daily Spot"")","16208","YAV","YAV","","","Natural Gas","REXE SPPhys Gas","NGXC","IEPA","Physical Gas","YAV"
"=HYPERLINK(""https://www.ice.com/products/46459095"",""Rex E-ANR Physical Natural Gas Intelligence"")","16209","YAX","YAX","","","Natural Gas","REXE MOPhys Gas","NGXC","IEPA","Physical Gas","YAX"
"=HYPERLINK(""https://www.ice.com/products/82994082"",""Rightmove Plc"")","28533","RM5","RMV","","","Single Stock Options","O-LSE Master","ICEU","IFLO","Liffe Equity Derivatives - Non-US Based","RM5"
"=HYPERLINK(""https://www.ice.com/products/83049696"",""Riksbank Dated SWESTR Futures"")","32351","RKS","RKS","","","Short Term Interest Rates","SEK Rates","ICEU","IFLL","ICE Global Interest Rates","RKS"
"=HYPERLINK(""https://www.ice.com/products/38716857"",""Rio Tinto Plc"")","9839","RTZ","RTZ","","","Single Stock Options","","ICEU","IFLO","Liffe Equity Derivatives - Non-US Based","RTZ"
"=HYPERLINK(""https://www.ice.com/products/83049261"",""Rio Tinto plc Mini"")","31782","8RZ","8RZ","","","Mini Single Stocks","O-Min UK Equity","ICEU","IFLO","Mini Equity Non-US Based","8RZ"
"=HYPERLINK(""https://www.ice.com/products/83049819"",""Robinhood Markets - STND Future"")","32521","8H9","8HO","","","Mini Stock Futures","MiniUSEquity","ICEU","IFLO","Mini Equity US-Restricted","8H9"
"=HYPERLINK(""https://www.ice.com/products/6473168"",""Robusta Coffee 1-Month Calendar Spread Option"")","20442","RC1","RC1","C1","","Coffee","Robusta","ICEU","IFLX","Liffe Commodities","RC1"
"=HYPERLINK(""https://www.ice.com/products/73694980"",""Robusta Coffee 2-Month Calendar Spread Option"")","20443","RC2","RC2","C2","","Coffee","Robusta","ICEU","IFLX","Liffe Commodities","RC2"
"=HYPERLINK(""https://www.ice.com/products/37089085"",""Robusta Coffee Options"")","15255","RC","RC","RC","","Coffee","O-Robusta","ICEU","IFLX","Liffe Commodities","RC"
"=HYPERLINK(""https://www.ice.com/products/83049262"",""Rolls-Royce Group plc Mini"")","31783","8RR","8RR","","","Mini Single Stocks","O-Min UK Equity","ICEU","IFLO","Mini Equity Non-US Based","8RR"
"=HYPERLINK(""https://www.ice.com/products/38716858"",""Rolls-Royce Holdings Plc"")","9824","RR","RR","","","Single Stock Options","","ICEU","IFLO","Liffe Equity Derivatives - Non-US Based","RR"
"=HYPERLINK(""https://www.ice.com/products/83048893"",""Rover-ANR Fixed Price Monthly"")","21329","Z4G","Z4G","","","Natural Gas","RoverAMOPhyGas","NGXC","IEPA","Physical Gas","Z4G"
"=HYPERLINK(""https://www.ice.com/products/83048894"",""Rover-ANR Fixed Price Spot"")","21327","Z4F","Z4F","","","Natural Gas","RoverASPPhyGas","NGXC","IEPA","Physical Gas","Z4F"
"=HYPERLINK(""https://www.ice.com/products/83048898"",""Rover-ANR Physical Basis LD1"")","21334","Z4K","Z4K","","","Natural Gas","RoverAMOPhyGas","NGXC","IEPA","Physical Gas","Z4K"
"=HYPERLINK(""https://www.ice.com/products/83048895"",""Rover-ANR Physical Gas Daily Monthly"")","21332","Z4I","Z4I","","","Natural Gas","RoverAMOPhyGas","NGXC","IEPA","Physical Gas","Z4I"
"=HYPERLINK(""https://www.ice.com/products/83048896"",""Rover-ANR Physical Gas Daily Spot"")","21330","Z4H","Z4H","","","Natural Gas","RoverASPPhyGas","NGXC","IEPA","Physical Gas","Z4H"
"=HYPERLINK(""https://www.ice.com/products/83048897"",""Rover-ANR Physical Inside FERC"")","21333","Z4J","Z4J","","","Natural Gas","RoverAMOPhyGas","NGXC","IEPA","Physical Gas","Z4J"
"=HYPERLINK(""https://www.ice.com/products/83048900"",""Rover-PEPL Fixed Price Monthly"")","21337","Z4M","Z4M","","","Natural Gas","RoverPMOPhyGas","NGXC","IEPA","Physical Gas","Z4M"
"=HYPERLINK(""https://www.ice.com/products/83048899"",""Rover-PEPL Fixed Price Spot"")","21335","Z4L","Z4L","","","Natural Gas","RoverPSPPhyGas","NGXC","IEPA","Physical Gas","Z4L"
"=HYPERLINK(""https://www.ice.com/products/83048904"",""Rover-PEPL Physical Basis LD1"")","21342","Z4Q","Z4Q","","","Natural Gas","RoverPMOPhyGas","NGXC","IEPA","Physical Gas","Z4Q"
"=HYPERLINK(""https://www.ice.com/products/83048902"",""Rover-PEPL Physical Gas Daily Monthly"")","21340","Z4O","Z4O","","","Natural Gas","RoverPMOPhyGas","NGXC","IEPA","Physical Gas","Z4O"
"=HYPERLINK(""https://www.ice.com/products/83048901"",""Rover-PEPL Physical Gas Daily Spot"")","21338","Z4N","Z4N","","","Natural Gas","RoverPSPPhyGas","NGXC","IEPA","Physical Gas","Z4N"
"=HYPERLINK(""https://www.ice.com/products/83048903"",""Rover-PEPL Physical Inside FERC"")","21341","Z4P","Z4P","","","Natural Gas","RoverPMOPhyGas","NGXC","IEPA","Physical Gas","Z4P"
"=HYPERLINK(""https://www.ice.com/products/83048378"",""Ruby Pipeline - Receipt Pool Physical Basis"")","21350","YX3","YX3","","","Natural Gas","RubyRecMOPhyGas","NGXC","IEPA","Physical Gas","YX3"
"=HYPERLINK(""https://www.ice.com/products/83048374"",""Ruby Pipeline - Receipt Pool Physical Fixed Price Monthly"")","21345","YWZ","YWZ","","","Natural Gas","RubyRecMOPhyGas","NGXC","IEPA","Physical Gas","YWZ"
"=HYPERLINK(""https://www.ice.com/products/83048373"",""Ruby Pipeline - Receipt Pool Physical Fixed Price Spot"")","21343","YWY","YWY","","","Natural Gas","RubyRecSPPhyGas","NGXC","IEPA","Physical Gas","YWY"
"=HYPERLINK(""https://www.ice.com/products/83048376"",""Ruby Pipeline - Receipt Pool Physical Gas Daily Monthly"")","21348","YX1","YX1","","","Natural Gas","RubyRecMOPhyGas","NGXC","IEPA","Physical Gas","YX1"
"=HYPERLINK(""https://www.ice.com/products/83048375"",""Ruby Pipeline - Receipt Pool Physical Gas Daily Spot"")","21346","YX0","YX0","","","Natural Gas","RubyRecSPPhyGas","NGXC","IEPA","Physical Gas","YX0"
"=HYPERLINK(""https://www.ice.com/products/83048377"",""Ruby Pipeline - Receipt Pool Physical Inside FERC"")","21349","YX2","YX2","","","Natural Gas","RubyRecMOPhyGas","NGXC","IEPA","Physical Gas","YX2"
"=HYPERLINK(""https://www.ice.com/products/32749954"",""SPP North Hub Day-Ahead Off-Peak Daily Fixed Price Future"")","15879","SNO","SNO","?R","","Electricity","Pwr EastOPDaily","ICEU","IFED","Financial Power","SNO"
"=HYPERLINK(""https://www.ice.com/products/31687069"",""SPP North Hub Day-Ahead Off-Peak Fixed Price Future"")","5769","FNO","FNO","50","","Electricity","Pwr East OPMini","ICEU","IFED","Financial Power","FNO"
"=HYPERLINK(""https://www.ice.com/products/32749953"",""SPP North Hub Day-Ahead Peak Daily Fixed Price Future"")","15878","SNR","SNR","?Q","","Electricity","Pwr East Daily","ICEU","IFED","Financial Power","SNR"
"=HYPERLINK(""https://www.ice.com/products/31687068"",""SPP North Hub Day-Ahead Peak Fixed Price Future"")","5768","FNP","FNP","59","","Electricity","Pwr East Mini","ICEU","IFED","Financial Power","FNP"
"=HYPERLINK(""https://www.ice.com/products/57250521"",""SPP North Real-Time Off-Peak Daily Fixed Price Future"")","19132","SPX","SPX","@P","","Electricity","Pwr EastOPDaily","ICEU","IFED","Financial Power","SPX"
"=HYPERLINK(""https://www.ice.com/products/57250520"",""SPP North Real-Time Peak Daily Fixed Price Future"")","19131","SPW","SPW","@N","","Electricity","Pwr East Daily","ICEU","IFED","Financial Power","SPW"
"=HYPERLINK(""https://www.ice.com/products/37042696"",""SPP South Hub Day-Ahead Off-Peak Daily Fixed Price Future"")","15562","SPF","SPF","*E","","Electricity","Pwr EastOPDaily","ICEU","IFED","Financial Power","SPF"
"=HYPERLINK(""https://www.ice.com/products/31687071"",""SPP South Hub Day-Ahead Off-Peak Fixed Price Future"")","5771","FSO","FSO","5(","","Electricity","Pwr East OPMini","ICEU","IFED","Financial Power","FSO"
"=HYPERLINK(""https://www.ice.com/products/37042695"",""SPP South Hub Day-Ahead Peak Daily Fixed Price Future"")","15561","SPD","SPD","*D","","Electricity","Pwr East Daily","ICEU","IFED","Financial Power","SPD"
"=HYPERLINK(""https://www.ice.com/products/31687070"",""SPP South Hub Day-Ahead Peak Fixed Price Future"")","5770","FSP","FSP","5<","","Electricity","Pwr East Mini","ICEU","IFED","Financial Power","FSP"
"=HYPERLINK(""https://www.ice.com/products/32749956"",""SPP South Hub Real-Time Off-Peak Daily Fixed Price Future"")","15881","SSO","SSO","?T","","Electricity","Pwr EastOPDaily","ICEU","IFED","Financial Power","SSO"
"=HYPERLINK(""https://www.ice.com/products/32749955"",""SPP South Hub Real-Time Peak Daily Fixed Price Future"")","15880","SSR","SSR","?S","","Electricity","Pwr East Daily","ICEU","IFED","Financial Power","SSR"
"=HYPERLINK(""https://www.ice.com/products/38716874"",""SSE PLC"")","10099","SSE","SSE","","","Single Stock Options","","ICEU","IFLO","Liffe Equity Derivatives - Non-US Based","SSE"
"=HYPERLINK(""https://www.ice.com/products/82725199"",""SWE LNG (Spark) Futures"")","28406","SWL","SWL","","","Liquified Natural Gas","LNG SWE","ICEU","IFEU","IPE Natural Gas Futures","SWL"
"=HYPERLINK(""https://www.ice.com/products/38716865"",""Sage Group Plc (THE)"")","9946","SGE","SGE","","","Single Stock Options","","ICEU","IFLO","Liffe Equity Derivatives - Non-US Based","SGE"
"=HYPERLINK(""https://www.ice.com/products/38716866"",""Sainsbury (J) PLC"")","9881","SAN","SAN","","","Single Stock Options","","ICEU","IFLO","Liffe Equity Derivatives - Non-US Based","SAN"
"=HYPERLINK(""https://www.ice.com/products/38716867"",""Schroders Plc"")","9917","SDS","SDS","","","Single Stock Options","","ICEU","IFLO","Liffe Equity Derivatives - Non-US Based","SDR"
"=HYPERLINK(""https://www.ice.com/products/82547555"",""Segro Plc"")","27051","SEG","SLO","","","Single Stock Options","O-LSE Master","ICEU","IFLO","Liffe Equity Derivatives - Non-US Based","SEG"
"=HYPERLINK(""https://www.ice.com/products/38716868"",""Serco Group"")","10088","SRP","SRP","","","Single Stock Options","","ICEU","IFLO","Liffe Equity Derivatives - Non-US Based","SRP"
"=HYPERLINK(""https://www.ice.com/products/83049817"",""ServiceNow Inc - STND Future"")","32522","8X9","8SN","","","Mini Stock Futures","MiniUSEquity","ICEU","IFLO","Mini Equity US-Restricted","8X9"
"=HYPERLINK(""https://www.ice.com/products/38716869"",""Severn Trent Plc"")","9929","SVT","SVT","","","Single Stock Options","","ICEU","IFLO","Liffe Equity Derivatives - Non-US Based","SEV"
"=HYPERLINK(""https://www.ice.com/products/38716861"",""Shell plc"")","9964","SHL","SHL","","","Single Stock Options","","ICEU","IFLO","Liffe Equity Derivatives - Non-US Based","SHL"
"=HYPERLINK(""https://www.ice.com/products/83049256"",""Shell plc Mini"")","31784","8SQ","8SQ","","","Mini Single Stocks","O-Min UK Equity","ICEU","IFLO","Mini Equity Non-US Based","8SQ"
"=HYPERLINK(""https://www.ice.com/products/37612656"",""Short BTP Future"")","6443","I02","I02","","","Medium/Long Term Interest Rates","ITA Bond Fut","ICEU","IFLL","Liffe Bonds","I02"
"=HYPERLINK(""https://www.ice.com/products/37612651"",""Short Bund Future (Schatz)"")","6437","G02","G02","","","Medium/Long Term Interest Rates","DEU Bond Fut","ICEU","IFLL","Liffe Bonds","G02"
"=HYPERLINK(""https://www.ice.com/products/83047761"",""Short French Government Bond Future (OAT)"")","30486","BFS","BFS","","","Medium/Long Term Interest Rates","FRA Bond Fut","ICEU","IFLL","Liffe Bonds","BFS"
"=HYPERLINK(""https://www.ice.com/products/37612650"",""Short Gilt Future"")","6441","G","G","","","Medium/Long Term Interest Rates","Gilt Bond Fut","ICEU","IFLL","Liffe Bonds","G"
"=HYPERLINK(""https://www.ice.com/products/37612659"",""Short Spanish Government Bond Future"")","6447","S02","S02","","","Medium/Long Term Interest Rates","ESP Bond Fut","ICEU","IFLL","Liffe Bonds","S02"
"=HYPERLINK(""https://www.ice.com/products/65253625"",""Singapore Gasoil Balmo Swap"")","20032","GSS","GSS","QA","","Crude Oil and Refined","RefOutright bbl","Bilateral","ICES","Platts Oil","GSS"
"=HYPERLINK(""https://www.ice.com/products/65253624"",""Singapore Gasoil Swap"")","20031","GST","GST","HZ","","Crude Oil and Refined","RefOutright bbl","Bilateral","ICES","Platts Oil","GST"
"=HYPERLINK(""https://www.ice.com/products/28687692"",""Singapore Jet Kerosene Balmo Swap"")","1728","SBJ","SBJ","9V","","Crude Oil and Refined","RefOutright bbl","Bilateral","ICES","Platts Oil","SBJ"
"=HYPERLINK(""https://www.ice.com/products/28687691"",""Singapore Jet Kerosene Swap"")","124","SRS","SRS","SR","QH61","Crude Oil and Refined","RefOutright bbl","Bilateral","ICES","Oil","SRS"
"=HYPERLINK(""https://www.ice.com/products/33257747"",""Singapore Mogas 92 Unleaded Balmo Swap"")","5269","SMU","SMU","QB","","Crude Oil and Refined","RefOutright bbl","Bilateral","ICES","Oil","SMU"
"=HYPERLINK(""https://www.ice.com/products/28687696"",""Singapore Mogas 92 Unleaded Swap"")","3970","SMT","SMT","V\","","Crude Oil and Refined","RefOutright bbl","Bilateral","ICES","Oil","SMT"
"=HYPERLINK(""https://www.ice.com/products/19118099"",""Singapore Mogas 92 Unleaded vs Brent 1st Line Future"")","4360","STB","STB","ST","","Crude Oil and Refined Products","Ref Diffs bbl","ICEU","IFEU","Oil","STB"
"=HYPERLINK(""https://www.ice.com/products/6753545"",""Singapore Mogas 95 Unleaded (Platts) Future"")","3971","SMF","SMF","W\","","Crude Oil and Refined Products","RefOutright bbl","ICEU","IFEU","Oil","SMF"
"=HYPERLINK(""https://www.ice.com/products/19118100"",""Singapore Mogas 95 Unleaded vs Brent 1st Line Future"")","4361","SFB","SFB","SF","","Crude Oil and Refined Products","Ref Diffs bbl","ICEU","IFEU","Oil","SFB"
"=HYPERLINK(""https://www.ice.com/products/19118101"",""Singapore Mogas 97 Unleaded vs Brent 1st Line Future"")","4362","SSB","SSB","SS","","Crude Oil and Refined Products","Ref Diffs bbl","ICEU","IFEU","Oil","SSB"
"=HYPERLINK(""https://www.ice.com/products/6753521"",""Singapore Naphtha Balmo Future"")","21835","NPU","NPU","QH","","Crude Oil and Refined Products","RefOutright bbl","ICEU","IFEU","Oil","NPU"
"=HYPERLINK(""https://www.ice.com/products/6753538"",""Singapore Naphtha Future"")","95","NPT","NPT","Q1","","Crude Oil and Refined Products","RefOutright bbl","ICEU","IFEU","Oil","NPT"
"=HYPERLINK(""https://www.ice.com/products/38716871"",""Smith and Nephew Plc"")","10035","SNP","SNP","","","Single Stock Options","","ICEU","IFLO","Liffe Equity Derivatives - Non-US Based","SNP"
"=HYPERLINK(""https://www.ice.com/products/38716872"",""Smiths Group Plc"")","10026","SMS","SMS","","","Single Stock Options","","ICEU","IFLO","Liffe Equity Derivatives - Non-US Based","SMS"
"=HYPERLINK(""https://www.ice.com/products/6590152"",""Socal Border Basis Future"")","455","SCL","SCL","NS","NA86","Natural Gas","Southwest Basis","ICEU","IFED","Financial Gas","SCL"
"=HYPERLINK(""https://www.ice.com/products/6590199"",""Socal Border Index Future"")","464","SIS","SIS","ZA","QM91","Natural Gas","Southwest Index","ICEU","IFED","Financial Gas","SIS"
"=HYPERLINK(""https://www.ice.com/products/6590248"",""Socal Border Swing Future"")","469","SSS","SSS","SS","QI05","Natural Gas","Southwest Swing","ICEU","IFED","Financial Gas","SSS"
"=HYPERLINK(""https://www.ice.com/products/6590151"",""Socal Citygate Basis Future"")","1463","SCB","SCB","Y0","QM84","Natural Gas","Southwest Basis","ICEU","IFED","Financial Gas","SCB"
"=HYPERLINK(""https://www.ice.com/products/71544010"",""Socal Citygate Fixed Price Future"")","23375","CVL","CVL","M\","","Natural Gas","Basis Master","ICEU","IFED","Financial Gas","CVL"
"=HYPERLINK(""https://www.ice.com/products/6590200"",""Socal Citygate Index Future"")","1630","SCI","SCI","Y4","QM86","Natural Gas","Southwest Index","ICEU","IFED","Financial Gas","SCI"
"=HYPERLINK(""https://www.ice.com/products/55231752"",""Socal Citygate Physical Basis LD1"")","1842","XKJ","XKJ","","","Natural Gas","Socl MO PhysGas","NGXC","IEPA","Physical Gas","XKJ"
"=HYPERLINK(""https://www.ice.com/products/3306614"",""Socal Citygate Physical Fixed Price Monthly"")","1836","XKG","XKG","","","Natural Gas","Socl MO PhysGas","NGXC","IEPA","Physical Gas","XKG"
"=HYPERLINK(""https://www.ice.com/products/3306638"",""Socal Citygate Physical Fixed Price Spot"")","1838","XKF","XKF","","","Natural Gas","Socl SP PhysGas","NGXC","IEPA","Physical Gas","XKF"
"=HYPERLINK(""https://www.ice.com/products/3350998"",""Socal Citygate Physical Gas Daily Monthly"")","1839","XKI","XKI","","","Natural Gas","Socl MO PhysGas","NGXC","IEPA","Physical Gas","XKI"
"=HYPERLINK(""https://www.ice.com/products/3350452"",""Socal Citygate Physical Gas Daily Spot"")","1841","XKH","XKH","","","Natural Gas","Socl SP PhysGas","NGXC","IEPA","Physical Gas","XKH"
"=HYPERLINK(""https://www.ice.com/products/55250911"",""Socal Citygate Physical Natural Gas Intelligence"")","1843","XKK","XKK","","","Natural Gas","Socl MO PhysGas","NGXC","IEPA","Physical Gas","XKK"
"=HYPERLINK(""https://www.ice.com/products/6590244"",""Socal Citygate Swing Future"")","1462","SCS","SCS","YR","QM75","Natural Gas","Southwest Swing","ICEU","IFED","Financial Gas","SCS"
"=HYPERLINK(""https://www.ice.com/products/6590262"",""Socal Fixed Price Future"")","3714","OPS","OPS","SC","","Natural Gas","Basis Master","ICEU","IFED","Financial Gas","OPS"
"=HYPERLINK(""https://www.ice.com/products/83047733"",""Solar GO Futures"")","30462","GOV","GOV","","","Environmental","AIB GO","ICEU","NDEX","Guarantees of Origin","GOV"
"=HYPERLINK(""https://www.ice.com/products/6590154"",""Sonat Basis Future"")","1878","SON","SON","AW","SN06","Natural Gas","Southeast Basis","ICEU","IFED","Financial Gas","SON"
"=HYPERLINK(""https://www.ice.com/products/6590201"",""Sonat Index Future"")","3033","SOI","SOI","AQ","","Natural Gas","Southeast Index","ICEU","IFED","Financial Gas","SOI"
"=HYPERLINK(""https://www.ice.com/products/6590246"",""Sonat Swing Future"")","3041","SOS","SOS","AR","","Natural Gas","Southeast Swing","ICEU","IFED","Financial Gas","SOS"
"=HYPERLINK(""https://www.ice.com/products/42944138"",""Sonat Z0 South Physical Basis LD1"")","15936","YEV","YEV","","","Natural Gas","","NGXC","IEPA","Physical Gas","YEV"
"=HYPERLINK(""https://www.ice.com/products/42944136"",""Sonat Z0 South Physical Fixed Price Monthly"")","15933","YEU","YEU","","","Natural Gas","","NGXC","IEPA","Physical Gas","YEU"
"=HYPERLINK(""https://www.ice.com/products/42944132"",""Sonat Z0 South Physical Fixed Price Spot"")","15935","YET","YET","","","Natural Gas","","NGXC","IEPA","Physical Gas","YET"
"=HYPERLINK(""https://www.ice.com/products/42944141"",""Sonat Z0 South Physical Gas Daily Monthly"")","15937","YEX","YEX","","","Natural Gas","","NGXC","IEPA","Physical Gas","YEX"
"=HYPERLINK(""https://www.ice.com/products/42944140"",""Sonat Z0 South Physical Gas Daily Spot"")","15939","YEW","YEW","","","Natural Gas","","NGXC","IEPA","Physical Gas","YEW"
"=HYPERLINK(""https://www.ice.com/products/42944143"",""Sonat Z0 South Physical Inside FERC"")","15940","YEY","YEY","","","Natural Gas","","NGXC","IEPA","Physical Gas","YEY"
"=HYPERLINK(""https://www.ice.com/products/45360673"",""South32"")","16105","SHH","SHH","","","Single Stock Options","O-LSE Master","ICEU","IFLO","Liffe Equity Derivatives - Non-US Based","SHH"
"=HYPERLINK(""https://www.ice.com/products/6590147"",""Southern Star TX OK KS Basis Future"")","3026","OUB","OUB","A)","","Natural Gas","Midcont Basis","ICEU","IFED","Financial Gas","OUB"
"=HYPERLINK(""https://www.ice.com/products/6590202"",""Southern Star TX OK KS Index Future"")","3029","OUI","OUI","A-","","Natural Gas","Midcont Index","ICEU","IFED","Financial Gas","OUI"
"=HYPERLINK(""https://www.ice.com/products/6590239"",""Southern Star TX OK KS Swing Future"")","3038","OUS","OUS","A/","","Natural Gas","Midcont Swing","ICEU","IFED","Financial Gas","OUS"
"=HYPERLINK(""https://www.ice.com/products/57609941"",""Spanish Power Financial Base Daily Futures"")","19045","DSB","DSB","AS","","Electricity","Spanish Pwr Fin","ICEU","NDEX","EU Financial Power Futures","DSB"
"=HYPERLINK(""https://www.ice.com/products/57609950"",""Spanish Power Financial Base Futures"")","19038","SPB","SPB","AT","","Electricity","Spanish Pwr Fin","ICEU","NDEX","EU Financial Power Futures","SPB"
"=HYPERLINK(""https://www.ice.com/products/79234892"",""Spark25S Pacific NWS to Tianjin LNG Freight Future"")","25041","LFH","LFH","","","Liquified Natural Gas","Spark Freight","ICEU","IFEU","LNG Freight","LFH"
"=HYPERLINK(""https://www.ice.com/products/79234891"",""Spark30S Atlantic Sabine Pass to Gate LNG Freight Future"")","25040","LFI","LFI","","","Liquified Natural Gas","Spark Freight","ICEU","IFEU","LNG Freight","LFI"
"=HYPERLINK(""https://www.ice.com/products/82994083"",""St James Place Plc"")","28538","SJ5","9SJ","","","Single Stock Options","O-LSE Master","ICEU","IFLO","Liffe Equity Derivatives - Non-US Based","SJ5"
"=HYPERLINK(""https://www.ice.com/products/38716875"",""Standard Chartered Plc"")","9897","SCB","SCB","","","Single Stock Options","","ICEU","IFLO","Liffe Equity Derivatives - Non-US Based","SCB"
"=HYPERLINK(""https://www.ice.com/products/83049255"",""Standard Chartered plc Mini"")","31785","8ST","8ST","","","Mini Single Stocks","O-Min UK Equity","ICEU","IFLO","Mini Equity Non-US Based","8ST"
"=HYPERLINK(""https://www.ice.com/products/83049822"",""Strategy Inc - STND Future"")","32517","8SS","8SR","","","Mini Stock Futures","MiniUSEquity","ICEU","IFLO","Mini Equity US-Restricted","8SS"
"=HYPERLINK(""https://www.ice.com/products/6473173"",""Sugar No. 11 1-Month Calendar Spread Option"")","4147","SB1","SB1","2A","","Sugar","O-Sugar No 11","ICUS","IFUS","Sugar No 11","SB1"
"=HYPERLINK(""https://www.ice.com/products/73694981"",""Sugar No. 11 2-Month Calendar Spread Option"")","4148","SB2","SB2","","","Sugar","O-Sugar No 11","","IFUS","Sugar No 11","SB2"
"=HYPERLINK(""https://www.ice.com/products/22"",""Sugar No. 11 Options"")","1240","SB","SB ","27","2055","Sugar","O-Sugar No 11","ICUS","IFUS","Sugar No 11","SB"
"=HYPERLINK(""https://www.ice.com/products/83049815"",""Super Micro Computer Inc - STND Future"")","32523","8SZ","8SC","","","Mini Stock Futures","MiniUSEquity","ICEU","IFLO","Mini Equity US-Restricted","8SZ"
"=HYPERLINK(""https://www.ice.com/products/6729756"",""Supramax Timecharter (Baltic) Freight Future"")","2947","TCS","TCS","@9","","Dry Freight","Dry Freight Day","ICEU","IFEU","Dry Freight","TCS"
"=HYPERLINK(""https://www.ice.com/products/82612845"",""TC11 FFA South Korea to Singapore (Baltic) Future"")","27766","WAK","WAK","","","Wet Freight","Wet Freight","ICEU","IFEU","Wet Freight","WAK"
"=HYPERLINK(""https://www.ice.com/products/65898834"",""TC12 FFA WCI to Japan (Baltic) Balmo Future"")","20129","TCK","TCK","J>","","Wet Freight","Wet Freight","ICEU","IFEU","Wet Freight","TCK"
"=HYPERLINK(""https://www.ice.com/products/59293830"",""TC12 FFA WCI to Japan (Baltic) Future"")","19246","TCN","TCN","BJ","","Wet Freight","Wet Freight","ICEU","IFEU","Wet Freight","TCN"
"=HYPERLINK(""https://www.ice.com/products/83047767"",""TC14 FFA - USGC to Continent (Baltic) Future"")","30455","WHK","WHK","","","Wet Freight","Wet Freight","ICEU","IFEU","Wet Freight","WHK"
"=HYPERLINK(""https://www.ice.com/products/32375871"",""TC14 FFA USGC to Continent (Baltic) Balmo Future"")","21870","WNW","WNW","Q7","","Wet Freight","Wet Freight","ICEU","IFEU","Wet Freight","WNW"
"=HYPERLINK(""https://www.ice.com/products/65898833"",""TC15 FFA  Med to Far East (Baltic) Balmo Future"")","20130","TCL","TCL","J:","","Wet Freight","Wet Freight","ICEU","IFEU","Wet Freight","TCL"
"=HYPERLINK(""https://www.ice.com/products/57250506"",""TC15 FFA Med to Far East (Baltic) Future"")","19104","TCM","TCM","@X","","Wet Freight","Wet Freight","ICEU","IFEU","Wet Freight","TCM"
"=HYPERLINK(""https://www.ice.com/products/82461653"",""TC17 FFA - Arab Gulf to East Africa (Baltic) Balmo Future"")","27591","TCX","TCX","","","Wet Freight","Wet Freight","ICEU","IFEU","Wet Freight","TCX"
"=HYPERLINK(""https://www.ice.com/products/79240042"",""TC17 FFA - Arab Gulf to East Africa (Baltic) Future"")","25768","JFF","JFF","","","Wet Freight","Wet Freight","ICEU","IFEU","Wet Freight","JFF"
"=HYPERLINK(""https://www.ice.com/products/82461652"",""TC18 FFA - US Gulf to Brazil (Baltic) Balmo Future"")","27590","TCW","TCW","","","Wet Freight","Wet Freight","ICEU","IFEU","Wet Freight","TCW"
"=HYPERLINK(""https://www.ice.com/products/81690697"",""TC18 FFA - US Gulf to Brazil (Baltic) Future"")","25772","WFB","WFB","","","Wet Freight","Wet Freight","ICEU","IFEU","Wet Freight","WFB"
"=HYPERLINK(""https://www.ice.com/products/32375869"",""TC2 FFA Northwest Europe to USAC (Baltic) Balmo Future"")","21869","WNT","WNT","Q3","","Wet Freight","Wet Freight","ICEU","IFEU","Wet Freight","WNT"
"=HYPERLINK(""https://www.ice.com/products/83047814"",""TC2 FFA Northwest Europe to USAC (Baltic) Future"")","30457","WNS","WNS","","","Wet Freight","Wet Freight","ICEU","IFEU","Wet Freight","WNS"
"=HYPERLINK(""https://www.ice.com/products/82800204"",""TC20 FFA - Middle East Gulf to UK-Continent (Baltic) Balmo Future"")","28433","WAM","WAM","","","Wet Freight","Wet Freight","ICEU","IFEU","Wet Freight","WAM"
"=HYPERLINK(""https://www.ice.com/products/82800203"",""TC20 FFA - Middle East Gulf to UK-Continent (Baltic) Future"")","28432","WAL","WAL","","","Wet Freight","Wet Freight","ICEU","IFEU","Wet Freight","WAL"
"=HYPERLINK(""https://www.ice.com/products/32375872"",""TC5 FFA  Arabian Gulf to Japan (Platts) Balmo Future"")","21871","WNX","WNX","Q4","","Wet Freight","Wet Freight","ICEU","IFEU","Wet Freight","WNX"
"=HYPERLINK(""https://www.ice.com/products/26535735"",""TC5 FFA Arabian Gulf To Japan (Platts) Average Price Options"")","4856","WMJ","WMJ","I)","","Wet Freight","O-TC5 MEGulf-JP","ICEU","IFEU","Wet Freight","WMJ"
"=HYPERLINK(""https://www.ice.com/products/6729749"",""TC5 FFA Arabian Gulf to Japan (Platts) Future"")","3244","WMJ","WMJ","I)","","Wet Freight","Wet Freight","ICEU","IFEU","Wet Freight","WMJ"
"=HYPERLINK(""https://www.ice.com/products/32375874"",""TC6 FFA  Skikda to Lavera (Cross Med) (Baltic) Balmo Future"")","21872","WNZ","WNZ","Q5","","Wet Freight","Wet Freight","ICEU","IFEU","Wet Freight","WNZ"
"=HYPERLINK(""https://www.ice.com/products/83047815"",""TC6 FFA Skikda to Lavera (Cross Med) (Baltic) Future"")","30459","WSN","WSN","","","Wet Freight","Wet Freight","ICEU","IFEU","Wet Freight","WSN"
"=HYPERLINK(""https://www.ice.com/products/42950224"",""TC7 FFA Singapore to EC Australia (Baltic) Balmo Future"")","21867","TC8","TC8","Q6","","Wet Freight","Wet Freight","ICEU","IFEU","Wet Freight","TC8"
"=HYPERLINK(""https://www.ice.com/products/42950223"",""TC7 FFA Singapore to EC Australia (Baltic) Future"")","15986","TC7","TC7",")W","","Wet Freight","Wet Freight","ICEU","IFEU","Wet Freight","TC7"
"=HYPERLINK(""https://www.ice.com/products/62563993"",""TCO A04 Pool Physical Basis LD1"")","19638","YHE","YHE","","","Natural Gas","TCOA4 MOPhysGas","NGXC","IEPA","Physical Gas","YHE"
"=HYPERLINK(""https://www.ice.com/products/62563989"",""TCO A04 Pool Physical Fixed Price Monthly"")","19633","YHA","YHA","","","Natural Gas","TCOA4 MOPhysGas","NGXC","IEPA","Physical Gas","YHA"
"=HYPERLINK(""https://www.ice.com/products/62563988"",""TCO A04 Pool Physical Fixed Price Spot"")","19631","YGZ","YGZ","","","Natural Gas","TCOA4 SPPhysGas","NGXC","IEPA","Physical Gas","YGZ"
"=HYPERLINK(""https://www.ice.com/products/62563991"",""TCO A04 Pool Physical Gas Daily Monthly"")","19636","YHC","YHC","","","Natural Gas","TCOA4 MOPhysGas","NGXC","IEPA","Physical Gas","YHC"
"=HYPERLINK(""https://www.ice.com/products/62563990"",""TCO A04 Pool Physical Gas Daily Spot"")","19634","YHB","YHB","","","Natural Gas","TCOA4 SPPhysGas","NGXC","IEPA","Physical Gas","YHB"
"=HYPERLINK(""https://www.ice.com/products/62563992"",""TCO AO4 Pool Physical Inside FERC"")","19637","YHD","YHD","","","Natural Gas","TCOA4 MOPhysGas","NGXC","IEPA","Physical Gas","YHD"
"=HYPERLINK(""https://www.ice.com/products/6590157"",""TCO Basis Future"")","437","TCO","TCO","NT","NE89","Natural Gas","AppalachiaBasis","ICEU","IFED","Financial Gas","TCO"
"=HYPERLINK(""https://www.ice.com/products/71085638"",""TCO Fixed Price Future"")","22276","TCF","TCF","L8","","Natural Gas","Basis Master","ICEU","IFED","Financial Gas","TCF"
"=HYPERLINK(""https://www.ice.com/products/6590203"",""TCO Index Future"")","1632","TIS","TIS","ZC","QM93","Natural Gas","AppalachiaIndex","ICEU","IFED","Financial Gas","TIS"
"=HYPERLINK(""https://www.ice.com/products/1193"",""TCO Physical Basis LD1"")","1457","XJD","XJD","","","Natural Gas","TCO MO Phys Gas","NGXC","IEPA","Physical Gas","XJD"
"=HYPERLINK(""https://www.ice.com/products/1153"",""TCO Physical Fixed Price Monthly"")","1450","XJA","XJA","","","Natural Gas","TCO MO Phys Gas","NGXC","IEPA","Physical Gas","XJA"
"=HYPERLINK(""https://www.ice.com/products/1161"",""TCO Physical Fixed Price Spot"")","1452","XIZ","XIZ","","","Natural Gas","TCO SP Phys Gas","NGXC","IEPA","Physical Gas","XIZ"
"=HYPERLINK(""https://www.ice.com/products/1169"",""TCO Physical Gas Daily Monthly"")","1453","XJC","XJC","","","Natural Gas","TCO MO Phys Gas","NGXC","IEPA","Physical Gas","XJC"
"=HYPERLINK(""https://www.ice.com/products/1178"",""TCO Physical Gas Daily Spot"")","1455","XJB","XJB","","","Natural Gas","TCO SP Phys Gas","NGXC","IEPA","Physical Gas","XJB"
"=HYPERLINK(""https://www.ice.com/products/1185"",""TCO Physical Inside FERC"")","1456","XJE","XJE","","","Natural Gas","TCO MO Phys Gas","NGXC","IEPA","Physical Gas","XJE"
"=HYPERLINK(""https://www.ice.com/products/6590222"",""TCO Swing Future"")","472","CGS","CGS","YZ","QM83","Natural Gas","AppalachiaSwing","ICEU","IFED","Financial Gas","CGS"
"=HYPERLINK(""https://www.ice.com/products/27066817"",""TD19 Cross Med (Ceyhan to Lavera) (Baltic) Future"")","4986","WCL","WCL","SY","EH93","Wet Freight","Wet Freight","ICEU","IFEU","Wet Freight","WCL"
"=HYPERLINK(""https://www.ice.com/products/42950225"",""TD20 FFA  West Africa to UK Continent (Baltic) Balmo Future"")","21868","TDA","TDA","Q8","","Wet Freight","Wet Freight","ICEU","IFEU","Wet Freight","TDA"
"=HYPERLINK(""https://www.ice.com/products/83047816"",""TD20 West Africa to UK-Continent (Baltic) Future"")","30451","TDC","TDC","","","Wet Freight","Wet Freight","ICEU","IFEU","Wet Freight","TDC"
"=HYPERLINK(""https://www.ice.com/products/79240043"",""TD22 FFA - US Gulf to China (Baltic) Balmo Future"")","25771","WF3","WF3","","","Wet Freight","Wet Freight","ICEU","IFEU","Wet Freight","WF3"
"=HYPERLINK(""https://www.ice.com/products/72270609"",""TD22 FFA - US Gulf to China (Baltic) Future"")","23631","WF2","WF2","N4","","Wet Freight","Wet Freight","ICEU","IFEU","Wet Freight","WF2"
"=HYPERLINK(""https://www.ice.com/products/72270610"",""TD25 FFA - US Gulf to ARA (Baltic) Future"")","23630","WF5","WF5","N5","","Wet Freight","Wet Freight","ICEU","IFEU","Wet Freight","WF5"
"=HYPERLINK(""https://www.ice.com/products/83048966"",""TD28 FFA - West Coast Canada to China 80kt (Baltic) Future"")","31573","FBX","FBX","","","Wet Freight","Wet Freight","ICEU","IFEU","Wet Freight","FBX"
"=HYPERLINK(""https://www.ice.com/products/67129839"",""TD3C FFA Middle East Gulf to China (Baltic) Average Price Options"")","20411","TDL","TDL","@Y","","Wet Freight","O-TD3C MEGulf-Chi","ICEU","IFEU","Wet Freight","TDL"
"=HYPERLINK(""https://www.ice.com/products/65898831"",""TD3C FFA Middle East Gulf to China (Baltic) Balmo Future"")","20127","TDM","TDM","J\","","Wet Freight","Wet Freight","ICEU","IFEU","Wet Freight","TDM"
"=HYPERLINK(""https://www.ice.com/products/57250507"",""TD3C FFA Middle East Gulf to China (Baltic) Future"")","19105","TDL","TDL","@Y","","Wet Freight","Wet Freight","ICEU","IFEU","Wet Freight","TDL"
"=HYPERLINK(""https://www.ice.com/products/26535741"",""TD7 FFA UK North Sea To Continent (Baltic) Average Price Options"")","4855","WNC","WNC","I?","","Wet Freight","O-TD7 N Sea-Cont","ICEU","IFEU","Wet Freight","WNC"
"=HYPERLINK(""https://www.ice.com/products/6729753"",""TD7 FFA UK North Sea to Continent (Baltic) Future"")","3241","WNC","WNC","I?","","Wet Freight","Wet Freight","ICEU","IFEU","Wet Freight","WNC"
"=HYPERLINK(""https://www.ice.com/products/65898835"",""TD8 FFA  Kuwait to Singapore (Baltic) Balmo Future"")","20131","TDR","TDR","J?","","Wet Freight","Wet Freight","ICEU","IFEU","Wet Freight","TDR"
"=HYPERLINK(""https://www.ice.com/products/57250508"",""TD8 FFA Kuwait to Singapore (Baltic) Future"")","19106","TDK","TDK","@Z","","Wet Freight","Wet Freight","ICEU","IFEU","Wet Freight","TDK"
"=HYPERLINK(""https://www.ice.com/products/69732329"",""TD9 FFA - Caribbean to US Gulf (Baltic) Future"")","21789","WDC","WDC","OK","","Wet Freight","Wet Freight","ICEU","IFEU","Wet Freight","WDC"
"=HYPERLINK(""https://www.ice.com/products/37612667"",""TEN-YEAR &euro; SWAPNOTE&reg; FUTURE"")","15299","P","P","3B","","Swapnotes","Swapnote EUR","ICEU","IFLL","Liffe Swapnotes","P"
"=HYPERLINK(""https://www.ice.com/products/37612679"",""TEN-YEAR &pound; SWAPNOTE&reg; FUTURE"")","15296","GBP","GBP","","","Swapnotes","Swapnote GBP","ICEU","IFLL","Liffe Swapnotes","GBP"
"=HYPERLINK(""https://www.ice.com/products/6590158"",""TETCO ELA Basis Future"")","2857","TEB","TEB","-)","","Natural Gas","Southeast Basis","ICEU","IFED","Financial Gas","TEB"
"=HYPERLINK(""https://www.ice.com/products/6590206"",""TETCO ELA Index Future"")","3035","TEI","TEI","E\","","Natural Gas","Southeast Index","ICEU","IFED","Financial Gas","TEI"
"=HYPERLINK(""https://www.ice.com/products/55250891"",""TETCO ELA Physical Basis LD1"")","1944","XUC","XUC","","","Natural Gas","ELA MO PhysGas","NGXC","IEPA","Physical Gas","XUC"
"=HYPERLINK(""https://www.ice.com/products/3306620"",""TETCO ELA Physical Fixed Price Monthly"")","1951","XTY","XTY","","","Natural Gas","ELA MO PhysGas","NGXC","IEPA","Physical Gas","XTY"
"=HYPERLINK(""https://www.ice.com/products/3306644"",""TETCO ELA Physical Fixed Price Spot"")","1949","XTX","XTX","","","Natural Gas","ELA SP PhysGas","NGXC","IEPA","Physical Gas","XTX"
"=HYPERLINK(""https://www.ice.com/products/3351004"",""TETCO ELA Physical Gas Daily Monthly"")","1948","XUB","XUB","","","Natural Gas","ELA MO PhysGas","NGXC","IEPA","Physical Gas","XUB"
"=HYPERLINK(""https://www.ice.com/products/3350979"",""TETCO ELA Physical Gas Daily Spot"")","1946","XUA","XUA","","","Natural Gas","ELA SP PhysGas","NGXC","IEPA","Physical Gas","XUA"
"=HYPERLINK(""https://www.ice.com/products/55231778"",""TETCO ELA Physical Inside FERC"")","1945","XUD","XUD","","","Natural Gas","ELA MO PhysGas","NGXC","IEPA","Physical Gas","XUD"
"=HYPERLINK(""https://www.ice.com/products/71544031"",""TETCO ELA Swing Future"")","23378","CVN","CVN","M?","","Natural Gas","Southeast Swing","ICEU","IFED","Financial Gas","CVN"
"=HYPERLINK(""https://www.ice.com/products/55250889"",""TETCO M1 30 Physical Basis LD1"")","3829","XND","XND","","","Natural Gas","TETM1 MOPhysGas","NGXC","IEPA","Physical Gas","XND"
"=HYPERLINK(""https://www.ice.com/products/55250880"",""TETCO M1 30 Physical Fixed Price Monthly"")","3822","XNA","XNA","","","Natural Gas","TETM1 MOPhysGas","NGXC","IEPA","Physical Gas","XNA"
"=HYPERLINK(""https://www.ice.com/products/55702082"",""TETCO M1 30 Physical Fixed Price Spot"")","3823","XMZ","XMZ","","","Natural Gas","TETM1 BMPhysGas","NGXC","IEPA","Physical Gas","XMZ"
"=HYPERLINK(""https://www.ice.com/products/55250875"",""TETCO M1 30 Physical Gas Daily Monthly"")","3825","XNC","XNC","","","Natural Gas","TETM1 MOPhysGas","NGXC","IEPA","Physical Gas","XNC"
"=HYPERLINK(""https://www.ice.com/products/55702083"",""TETCO M1 30 Physical Gas Daily Spot"")","3827","XNB","XNB","","","Natural Gas","TETM1 SPPhysGas","NGXC","IEPA","Physical Gas","XNB"
"=HYPERLINK(""https://www.ice.com/products/55231769"",""TETCO M1 30 Physical Inside FERC"")","3828","XNE","XNE","","","Natural Gas","TETM1 MOPhysGas","NGXC","IEPA","Physical Gas","XNE"
"=HYPERLINK(""https://www.ice.com/products/42944126"",""TETCO M2 (Receipt) Physical Basis LD1"")","15925","YAI","YAI","","","Natural Gas","TM2 MOPhys Gas","NGXC","IEPA","Physical Gas","YAI"
"=HYPERLINK(""https://www.ice.com/products/42944125"",""TETCO M2 (Receipt) Physical Fixed Price Monthly"")","15922","YAH","YAH","","","Natural Gas","TM2 MOPhys Gas","NGXC","IEPA","Physical Gas","YAH"
"=HYPERLINK(""https://www.ice.com/products/42944123"",""TETCO M2 (Receipt) Physical Fixed Price Spot"")","15924","YAG","YAG","","","Natural Gas","TM2 SPPhys Gas","NGXC","IEPA","Physical Gas","YAG"
"=HYPERLINK(""https://www.ice.com/products/42944129"",""TETCO M2 (Receipt) Physical Gas Daily Monthly"")","15928","YAK","YAK","","","Natural Gas","TM2 MOPhys Gas","NGXC","IEPA","Physical Gas","YAK"
"=HYPERLINK(""https://www.ice.com/products/42944127"",""TETCO M2 (Receipt) Physical Gas Daily Spot"")","15926","YAJ","YAJ","","","Natural Gas","TM2 SPPhys Gas","NGXC","IEPA","Physical Gas","YAJ"
"=HYPERLINK(""https://www.ice.com/products/42944130"",""TETCO M2 (Receipt) Physical Inside FERC"")","15929","YAL","YAL","","","Natural Gas","TM2 MOPhys Gas","NGXC","IEPA","Physical Gas","YAL"
"=HYPERLINK(""https://www.ice.com/products/37042680"",""TETCO M2 Basis Future (Receipts)"")","15566","BM2","BM2","(>","","Natural Gas","AppalachiaBasis","ICEU","IFED","Financial Gas","BM2"
"=HYPERLINK(""https://www.ice.com/products/42944096"",""TETCO M2 Index Future (Receipts)"")","15997","MB4","MB4",":4","","Natural Gas","AppalachiaIndex","ICEU","IFED","Financial Gas","MB4"
"=HYPERLINK(""https://www.ice.com/products/42944095"",""TETCO M2 Swing Future (Receipts)"")","15998","BM3","BM3",":3","","Natural Gas","AppalachiaSwing","ICEU","IFED","Financial Gas","BM3"
"=HYPERLINK(""https://www.ice.com/products/6590161"",""TETCO M3 Basis Future"")","489","TMT","TMT","NF","NE85","Natural Gas","Northeast Basis","ICEU","IFED","Financial Gas","TMT"
"=HYPERLINK(""https://www.ice.com/products/69723179"",""TETCO M3 Fixed Price Future"")","21731","FQT","FQT","K/","","Natural Gas","Basis Master","ICEU","IFED","Financial Gas","FQT"
"=HYPERLINK(""https://www.ice.com/products/6590207"",""TETCO M3 Index Future"")","1883","MTI","MTI","A1","SN13","Natural Gas","Northeast Index","ICEU","IFED","Financial Gas","MTI"
"=HYPERLINK(""https://www.ice.com/products/26209304"",""TETCO M3 Physical Basis LD1"")","4732","XZV","XZV","","","Natural Gas","TETM3 MOPhysGas","NGXC","IEPA","Physical Gas","XZV"
"=HYPERLINK(""https://www.ice.com/products/26209305"",""TETCO M3 Physical Fixed Price Monthly"")","4738","XZS","XZS","","","Natural Gas","TETM3 MOPhysGas","NGXC","IEPA","Physical Gas","XZS"
"=HYPERLINK(""https://www.ice.com/products/26209306"",""TETCO M3 Physical Fixed Price Spot"")","4736","XZR","XZR","","","Natural Gas","TETM3 SPPhysGas","NGXC","IEPA","Physical Gas","XZR"
"=HYPERLINK(""https://www.ice.com/products/26209307"",""TETCO M3 Physical Gas Daily Monthly"")","4735","XZU","XZU","","","Natural Gas","TETM3 MOPhysGas","NGXC","IEPA","Physical Gas","XZU"
"=HYPERLINK(""https://www.ice.com/products/26209314"",""TETCO M3 Physical Gas Daily Spot"")","4733","XZT","XZT","","","Natural Gas","TETM3 SPPhysGas","NGXC","IEPA","Physical Gas","XZT"
"=HYPERLINK(""https://www.ice.com/products/26209309"",""TETCO M3 Physical Inside FERC"")","4731","XZW","XZW","","","Natural Gas","TETM3 MOPhysGas","NGXC","IEPA","Physical Gas","XZW"
"=HYPERLINK(""https://www.ice.com/products/6590253"",""TETCO M3 Swing Future"")","480","TSS","TSS","A2","SN14","Natural Gas","Northeast Swing","ICEU","IFED","Financial Gas","TSS"
"=HYPERLINK(""https://www.ice.com/products/6590156"",""TETCO STX Basis Future"")","446","SXT","SXT","OI","NG70","Natural Gas","East TX Basis","ICEU","IFED","Financial Gas","SXT"
"=HYPERLINK(""https://www.ice.com/products/6590208"",""TETCO STX Index Future"")","3054","SXI","SXI","L:","","Natural Gas","East TX Index","ICEU","IFED","Financial Gas","SXI"
"=HYPERLINK(""https://www.ice.com/products/55250883"",""TETCO STX Physical Basis LD1"")","1936","XTV","XTV","","","Natural Gas","STX MO PhysGas","NGXC","IEPA","Physical Gas","XTV"
"=HYPERLINK(""https://www.ice.com/products/3306619"",""TETCO STX Physical Fixed Price Monthly"")","1943","XTS","XTS","","","Natural Gas","STX MO PhysGas","NGXC","IEPA","Physical Gas","XTS"
"=HYPERLINK(""https://www.ice.com/products/3306643"",""TETCO STX Physical Fixed Price Spot"")","1941","XTR","XTR","","","Natural Gas","STX SP PhysGas","NGXC","IEPA","Physical Gas","XTR"
"=HYPERLINK(""https://www.ice.com/products/3351003"",""TETCO STX Physical Gas Daily Monthly"")","1940","XTU","XTU","","","Natural Gas","STX MO PhysGas","NGXC","IEPA","Physical Gas","XTU"
"=HYPERLINK(""https://www.ice.com/products/3350978"",""TETCO STX Physical Gas Daily Spot"")","1938","XTT","XTT","","","Natural Gas","STX SP PhysGas","NGXC","IEPA","Physical Gas","XTT"
"=HYPERLINK(""https://www.ice.com/products/55231772"",""TETCO STX Physical Inside FERC"")","1937","XTW","XTW","","","Natural Gas","STX MO PhysGas","NGXC","IEPA","Physical Gas","XTW"
"=HYPERLINK(""https://www.ice.com/products/6590249"",""TETCO STX Swing Future"")","3059","SXC","SXC","L#","","Natural Gas","East TX Swing","ICEU","IFED","Financial Gas","SXC"
"=HYPERLINK(""https://www.ice.com/products/6590168"",""TETCO WLA Basis Future"")","3028","TWB","TWB","F\","","Natural Gas","Southeast Basis","ICEU","IFED","Financial Gas","TWB"
"=HYPERLINK(""https://www.ice.com/products/71544033"",""TETCO WLA Index Future"")","23379","CVO","CVO","M#","","Natural Gas","Southeast Index","ICEU","IFED","Financial Gas","CVO"
"=HYPERLINK(""https://www.ice.com/products/55250895"",""TETCO WLA Physical Basis LD1"")","2124","XVQ","XVQ","","","Natural Gas","T-WLA MOPhy Gas","NGXC","IEPA","Physical Gas","XVQ"
"=HYPERLINK(""https://www.ice.com/products/3306624"",""TETCO WLA Physical Fixed Price Monthly"")","2117","XVN","XVN","","","Natural Gas","T-WLA MOPhy Gas","NGXC","IEPA","Physical Gas","XVN"
"=HYPERLINK(""https://www.ice.com/products/3306648"",""TETCO WLA Physical Fixed Price Spot"")","2119","XVM","XVM","","","Natural Gas","T-WLA SPPhy Gas","NGXC","IEPA","Physical Gas","XVM"
"=HYPERLINK(""https://www.ice.com/products/3351008"",""TETCO WLA Physical Gas Daily Monthly"")","2120","XVP","XVP","","","Natural Gas","T-WLA MOPhy Gas","NGXC","IEPA","Physical Gas","XVP"
"=HYPERLINK(""https://www.ice.com/products/3350983"",""TETCO WLA Physical Gas Daily Spot"")","2122","XVO","XVO","","","Natural Gas","T-WLA SPPhy Gas","NGXC","IEPA","Physical Gas","XVO"
"=HYPERLINK(""https://www.ice.com/products/55231781"",""TETCO WLA Physical Inside FERC"")","2123","XVR","XVR","","","Natural Gas","T-WLA MOPhy Gas","NGXC","IEPA","Physical Gas","XVR"
"=HYPERLINK(""https://www.ice.com/products/71544034"",""TETCO WLA Swing Future"")","23380","CVP","CVP","M@","","Natural Gas","Southeast Swing","ICEU","IFED","Financial Gas","CVP"
"=HYPERLINK(""https://www.ice.com/products/83049370"",""TGP - Zone 1, Station 87 Pool Physical Basis LD1"")","21570","Z1P","Z1P","","","Natural Gas","TGPZ187MOPhyGas","NGXC","IEPA","Physical Gas","Z1P"
"=HYPERLINK(""https://www.ice.com/products/83049366"",""TGP - Zone 1, Station 87 Pool Physical Fixed Price Monthly"")","21566","Z1M","Z1M","","","Natural Gas","TGPZ187MOPhyGas","NGXC","IEPA","Physical Gas","Z1M"
"=HYPERLINK(""https://www.ice.com/products/83049367"",""TGP - Zone 1, Station 87 Pool Physical Fixed Price Spot"")","21564","Z1L","Z1L","","","Natural Gas","TGPZ187SPPhyGas","NGXC","IEPA","Physical Gas","Z1L"
"=HYPERLINK(""https://www.ice.com/products/83049369"",""TGP - Zone 1, Station 87 Pool Physical Gas Daily Monthly"")","21569","Z1O","Z1O","","","Natural Gas","TGPZ187MOPhyGas","NGXC","IEPA","Physical Gas","Z1O"
"=HYPERLINK(""https://www.ice.com/products/83049368"",""TGP - Zone 1, Station 87 Pool Physical Gas Daily Spot"")","21567","Z1N","Z1N","","","Natural Gas","TGPZ187SPPhyGas","NGXC","IEPA","Physical Gas","Z1N"
"=HYPERLINK(""https://www.ice.com/products/83049371"",""TGP - Zone 1, Station 87 Pool Physical Inside FERC"")","29940","Z87","Z87","","","Natural Gas","TGPZ187MOPhyGas","NGXC","IEPA","Physical Gas","Z87"
"=HYPERLINK(""https://www.ice.com/products/1313"",""TGP 500L Physical Basis LD1"")","1580","XLQ","XLQ","","","Natural Gas","T500 MO Phy Gas","NGXC","IEPA","Physical Gas","XLQ"
"=HYPERLINK(""https://www.ice.com/products/1317"",""TGP 500L Physical Fixed Price Monthly"")","1573","XLN","XLN","","","Natural Gas","T500 MO Phy Gas","NGXC","IEPA","Physical Gas","XLN"
"=HYPERLINK(""https://www.ice.com/products/1318"",""TGP 500L Physical Fixed Price Spot"")","1575","XLM","XLM","","","Natural Gas","T500 SP Phy Gas","NGXC","IEPA","Physical Gas","XLM"
"=HYPERLINK(""https://www.ice.com/products/1315"",""TGP 500L Physical Gas Daily Monthly"")","1576","XLP","XLP","","","Natural Gas","T500 MO Phy Gas","NGXC","IEPA","Physical Gas","XLP"
"=HYPERLINK(""https://www.ice.com/products/1316"",""TGP 500L Physical Gas Daily Spot"")","1578","XLO","XLO","","","Natural Gas","T500 SP Phy Gas","NGXC","IEPA","Physical Gas","XLO"
"=HYPERLINK(""https://www.ice.com/products/1314"",""TGP 500L Physical Inside FERC"")","1579","XLR","XLR","","","Natural Gas","T500 MO Phy Gas","NGXC","IEPA","Physical Gas","XLR"
"=HYPERLINK(""https://www.ice.com/products/55231753"",""TGP 800L Physical Basis LD1"")","1818","XLW","XLW","","","Natural Gas","T800 MO PhysGas","NGXC","IEPA","Physical Gas","XLW"
"=HYPERLINK(""https://www.ice.com/products/3306615"",""TGP 800L Physical Fixed Price Monthly"")","1811","XLT","XLT","","","Natural Gas","T800 MO PhysGas","NGXC","IEPA","Physical Gas","XLT"
"=HYPERLINK(""https://www.ice.com/products/3306639"",""TGP 800L Physical Fixed Price Spot"")","1813","XLS","XLS","","","Natural Gas","T800 SP PhysGas","NGXC","IEPA","Physical Gas","XLS"
"=HYPERLINK(""https://www.ice.com/products/3350999"",""TGP 800L Physical Gas Daily Monthly"")","1815","XLV","XLV","","","Natural Gas","T800 MO PhysGas","NGXC","IEPA","Physical Gas","XLV"
"=HYPERLINK(""https://www.ice.com/products/3350974"",""TGP 800L Physical Gas Daily Spot"")","1817","XLU","XLU","","","Natural Gas","T800 SP PhysGas","NGXC","IEPA","Physical Gas","XLU"
"=HYPERLINK(""https://www.ice.com/products/55231763"",""TGP 800L Physical Inside FERC"")","1819","XLX","XLX","","","Natural Gas","T800 MO PhysGas","NGXC","IEPA","Physical Gas","XLX"
"=HYPERLINK(""https://www.ice.com/products/55250901"",""TGP Z0 North Physical Basis LD1"")","3207","XXH","XXH","","","Natural Gas","TGPZN MOPhysGas","NGXC","IEPA","Physical Gas","XXH"
"=HYPERLINK(""https://www.ice.com/products/55702080"",""TGP Z0 North Physical Inside FERC"")","3206","XXI","XXI","","","Natural Gas","TGPZN MOPhysGas","NGXC","IEPA","Physical Gas","XXI"
"=HYPERLINK(""https://www.ice.com/products/55250907"",""TGP Z0 South Physical Basis LD1"")","2978","XZJ","XZJ","","","Natural Gas","TGPZS MOPhysGas","NGXC","IEPA","Physical Gas","XZJ"
"=HYPERLINK(""https://www.ice.com/products/55231790"",""TGP Z0 South Physical Inside FERC"")","2977","XZK","XZK","","","Natural Gas","TGPZS MOPhysGas","NGXC","IEPA","Physical Gas","XZK"
"=HYPERLINK(""https://www.ice.com/products/3306630"",""TGP Zone 0 North Physical Fixed Price Monthly"")","3200","XXE","XXE","","","Natural Gas","TGPZN MOPhysGas","NGXC","IEPA","Physical Gas","XXE"
"=HYPERLINK(""https://www.ice.com/products/3306659"",""TGP Zone 0 North Physical Fixed Price Spot"")","3202","XXD","XXD","","","Natural Gas","TGPZN SPPhysGas","NGXC","IEPA","Physical Gas","XXD"
"=HYPERLINK(""https://www.ice.com/products/3351014"",""TGP Zone 0 North Physical Gas Daily Monthly"")","3203","XXG","XXG","","","Natural Gas","TGPZN MOPhysGas","NGXC","IEPA","Physical Gas","XXG"
"=HYPERLINK(""https://www.ice.com/products/3350989"",""TGP Zone 0 North Physical Gas Daily Spot"")","3205","XXF","XXF","","","Natural Gas","TGPZN SPPhysGas","NGXC","IEPA","Physical Gas","XXF"
"=HYPERLINK(""https://www.ice.com/products/3306635"",""TGP Zone 0 South Physical Fixed Price Monthly"")","2971","XZG","XZG","","","Natural Gas","TGPZS MOPhysGas","NGXC","IEPA","Physical Gas","XZG"
"=HYPERLINK(""https://www.ice.com/products/3306664"",""TGP Zone 0 South Physical Fixed Price Spot"")","2973","XZF","XZF","","","Natural Gas","TGPZS SPPhysGas","NGXC","IEPA","Physical Gas","XZF"
"=HYPERLINK(""https://www.ice.com/products/3351019"",""TGP Zone 0 South Physical Gas Daily Monthly"")","2974","XZI","XZI","","","Natural Gas","TGPZS MOPhysGas","NGXC","IEPA","Physical Gas","XZI"
"=HYPERLINK(""https://www.ice.com/products/3350995"",""TGP Zone 0 South Physical Gas Daily Spot"")","2976","XZH","XZH","","","Natural Gas","TGPZS SPPhysGas","NGXC","IEPA","Physical Gas","XZH"
"=HYPERLINK(""https://www.ice.com/products/55250898"",""TGT Mainline Physical Basis LD1"")","2308","XWI","XWI","","","Natural Gas","TGTZ1 MOPhysGas","NGXC","IEPA","Physical Gas","XWI"
"=HYPERLINK(""https://www.ice.com/products/3306627"",""TGT Mainline Physical Fixed Price Monthly"")","2301","XWF","XWF","","","Natural Gas","TGTZ1 MOPhysGas","NGXC","IEPA","Physical Gas","XWF"
"=HYPERLINK(""https://www.ice.com/products/3306651"",""TGT Mainline Physical Fixed Price Spot"")","2303","XWE","XWE","","","Natural Gas","TGTZ1 SPPhysGas","NGXC","IEPA","Physical Gas","XWE"
"=HYPERLINK(""https://www.ice.com/products/3351011"",""TGT Mainline Physical Gas Daily Monthly"")","2304","XWH","XWH","","","Natural Gas","TGTZ1 MOPhysGas","NGXC","IEPA","Physical Gas","XWH"
"=HYPERLINK(""https://www.ice.com/products/3350986"",""TGT Mainline Physical Gas Daily Spot"")","2306","XWG","XWG","","","Natural Gas","TGTZ1 SPPhysGas","NGXC","IEPA","Physical Gas","XWG"
"=HYPERLINK(""https://www.ice.com/products/55231784"",""TGT Mainline Physical Inside FERC"")","2307","XWJ","XWJ","","","Natural Gas","TGTZ1 MOPhysGas","NGXC","IEPA","Physical Gas","XWJ"
"=HYPERLINK(""https://www.ice.com/products/6590160"",""TGT Zone 1 Basis Future"")","2588","TGB","TGB","<)","","Natural Gas","Southeast Basis","ICEU","IFED","Financial Gas","TGB"
"=HYPERLINK(""https://www.ice.com/products/6590210"",""TGT Zone 1 Index Future"")","3037","TGI","TGI","H\","","Natural Gas","Southeast Index","ICEU","IFED","Financial Gas","TGI"
"=HYPERLINK(""https://www.ice.com/products/6590250"",""TGT Zone 1 Swing Future"")","3043","TGS","TGS","I@","","Natural Gas","Southeast Swing","ICEU","IFED","Financial Gas","TGS"
"=HYPERLINK(""https://www.ice.com/products/37612668"",""THIRTY YEAR &euro; SWAPNOTE&reg; FUTURE"")","15293","EU3","EU3","","","Swapnotes","Swapnote EUR","ICEU","IFLL","Liffe Swapnotes","EU3"
"=HYPERLINK(""https://www.ice.com/products/37612680"",""THIRTY YEAR &pound; SWAPNOTE&reg; FUTURE"")","15294","GB3","GB3","","","Swapnotes","Swapnote GBP","ICEU","IFLL","Liffe Swapnotes","GB3"
"=HYPERLINK(""https://www.ice.com/products/83049207"",""TMICC NV"")","31731","TMO","TMI","","","Single Stock Options","O-LSE Master","ICEU","IFLO","Liffe Equity Derivatives - Non-US Based","TMO"
"=HYPERLINK(""https://www.ice.com/products/37612664"",""TWO-YEAR &euro; SWAPNOTE&reg; FUTURES"")","15300","TWS","TWS","","","Swapnotes","Swapnote EUR","ICEU","IFLL","Liffe Swapnotes","TWS"
"=HYPERLINK(""https://www.ice.com/products/37612676"",""TWO-YEAR &pound; SWAPNOTE&reg; FUTURES"")","15297","GBW","GBW","","","Swapnotes","Swapnote GBP","ICEU","IFLL","Liffe Swapnotes","GBW"
"=HYPERLINK(""https://www.ice.com/products/38716877"",""Tate and Lyle Plc"")","10188","TAT","TAT","","","Single Stock Options","","ICEU","IFLO","Liffe Equity Derivatives - Non-US Based","TAL"
"=HYPERLINK(""https://www.ice.com/products/82994084"",""Taylor Wimpey Plc"")","28539","TWN","TWO","","","Single Stock Options","O-LSE Master","ICEU","IFLO","Liffe Equity Derivatives - Non-US Based","TWN"
"=HYPERLINK(""https://www.ice.com/products/37612671"",""Ten-Year SOFR Swapnote Future"")","15303","USP","USP","","","Swapnotes","Swapnote USD","ICEU","IFLL","Liffe Swapnotes","USP"
"=HYPERLINK(""https://www.ice.com/products/6590159"",""Tennessee 500L Basis Future"")","1879","TFL","TFL","AX","SN07","Natural Gas","Southeast Basis","ICEU","IFED","Financial Gas","TFL"
"=HYPERLINK(""https://www.ice.com/products/6590204"",""Tennessee 500L Index Future"")","3052","TFI","TFI","L(","","Natural Gas","Southeast Index","ICEU","IFED","Financial Gas","TFI"
"=HYPERLINK(""https://www.ice.com/products/69723183"",""Tennessee 500L Swing Future"")","21735","TE5","TE5","LM","","Natural Gas","Southeast Swing","ICEU","IFED","Financial Gas","TE5"
"=HYPERLINK(""https://www.ice.com/products/6590166"",""Tennessee 800L Basis Future"")","3046","TSB","TSB","L*","","Natural Gas","Southeast Basis","ICEU","IFED","Financial Gas","TSB"
"=HYPERLINK(""https://www.ice.com/products/59293801"",""Tennessee 800L Index Future"")","19251","TSI","TSI","BK","","Natural Gas","Southeast Index","ICEU","IFED","Financial Gas","TSI"
"=HYPERLINK(""https://www.ice.com/products/59293821"",""Tennessee 800L Swing Future"")","19252","TSC","TSC","BM","","Natural Gas","Southeast Swing","ICEU","IFED","Financial Gas","TSC"
"=HYPERLINK(""https://www.ice.com/products/6590170"",""Tennessee Zone 0 Basis Future"")","545","TZZ","TZZ","PQ","NO05","Natural Gas","East TX Basis","ICEU","IFED","Financial Gas","TZZ"
"=HYPERLINK(""https://www.ice.com/products/6590205"",""Tennessee Zone 0 Index Future"")","3053","TZI","TZI","L)","","Natural Gas","East TX Index","ICEU","IFED","Financial Gas","TZI"
"=HYPERLINK(""https://www.ice.com/products/6590254"",""Tennessee Zone 0 Swing Future"")","3963","TZR","TZR","O\","","Natural Gas","East TX Swing","ICEU","IFED","Financial Gas","TZR"
"=HYPERLINK(""https://www.ice.com/products/83047755"",""Tennessee Zone 1 Basis Future"")","30345","TCV","TCV","","","Natural Gas","Southeast Basis","ICEU","IFED","Financial Gas","TCV"
"=HYPERLINK(""https://www.ice.com/products/83047754"",""Tennessee Zone 1 Index Future"")","30343","CVZ","CVZ","","","Natural Gas","Southeast Index","ICEU","IFED","Financial Gas","CVZ"
"=HYPERLINK(""https://www.ice.com/products/71544028"",""Tennessee Zone 1 Swing Future"")","23377","CVM","CVM","M>","","Natural Gas","Southeast Swing","ICEU","IFED","Financial Gas","CVM"
"=HYPERLINK(""https://www.ice.com/products/72265887"",""Tennessee Zone 4 200L Basis Future"")","23568","TNC","TNC","N(","","Natural Gas","AppalachiaBasis","ICEU","IFED","Financial Gas","TNC"
"=HYPERLINK(""https://www.ice.com/products/72256630"",""Tennessee Zone 4 200L Index Future"")","23570","TND","TND","N*","","Natural Gas","AppalachiaIndex","ICEU","IFED","Financial Gas","TND"
"=HYPERLINK(""https://www.ice.com/products/72256636"",""Tennessee Zone 4 200L Swing Future"")","23571","TNE","TNE","N)","","Natural Gas","AppalachiaSwing","ICEU","IFED","Financial Gas","TNE"
"=HYPERLINK(""https://www.ice.com/products/32749936"",""Tennessee Zone 4 300L Basis Future"")","15803","DMR","DMR","?D","","Natural Gas","AppalachiaBasis","ICEU","IFED","Financial Gas","DMR"
"=HYPERLINK(""https://www.ice.com/products/83048638"",""Tennessee Zone 4 300L Fixed Price Future"")","31166","DM9","DM9","","","Natural Gas","Basis Master","ICEU","IFED","Financial Gas","DM9"
"=HYPERLINK(""https://www.ice.com/products/32749938"",""Tennessee Zone 4 300L Index Future"")","15807","DMQ","DMQ","?F","","Natural Gas","AppalachiaIndex","ICEU","IFED","Financial Gas","DMQ"
"=HYPERLINK(""https://www.ice.com/products/32749940"",""Tennessee Zone 4 300L Swing Future"")","15805","DMS","DMS","?E","","Natural Gas","AppalachiaSwing","ICEU","IFED","Financial Gas","DMS"
"=HYPERLINK(""https://www.ice.com/products/72265902"",""Tennessee Zone 6 200L North Basis Future"")","23572","TNJ","TNJ","N-","","Natural Gas","Northeast Basis","ICEU","IFED","Financial Gas","TNJ"
"=HYPERLINK(""https://www.ice.com/products/72256638"",""Tennessee Zone 6 200L North Index Future"")","23574","TNK","TNK","N/","","Natural Gas","Northeast Index","ICEU","IFED","Financial Gas","TNK"
"=HYPERLINK(""https://www.ice.com/products/72256639"",""Tennessee Zone 6 200L North Swing Future"")","23575","TNL","TNL","N\","","Natural Gas","Northeast Swing","ICEU","IFED","Financial Gas","TNL"
"=HYPERLINK(""https://www.ice.com/products/72265903"",""Tennessee Zone 6 200L South Basis Future"")","23576","TNQ","TNQ","N>","","Natural Gas","Northeast Basis","ICEU","IFED","Financial Gas","TNQ"
"=HYPERLINK(""https://www.ice.com/products/72256640"",""Tennessee Zone 6 200L South Index Future"")","23578","TNR","TNR","N?","","Natural Gas","AppalachiaIndex","ICEU","IFED","Financial Gas","TNR"
"=HYPERLINK(""https://www.ice.com/products/72265833"",""Tennessee Zone 6 200L South Swing Future"")","23579","TNS","TNS","N:","","Natural Gas","AppalachiaSwing","ICEU","IFED","Financial Gas","TNS"
"=HYPERLINK(""https://www.ice.com/products/38716878"",""Tesco Plc"")","10201","TCO","TCO","","","Single Stock Options","","ICEU","IFLO","Liffe Equity Derivatives - Non-US Based","TCO"
"=HYPERLINK(""https://www.ice.com/products/83049254"",""Tesco plc Mini"")","31786","8TC","8TC","","","Mini Single Stocks","O-Min UK Equity","ICEU","IFLO","Mini Equity Non-US Based","8TC"
"=HYPERLINK(""https://www.ice.com/products/83049813"",""Tesla - STND Future"")","32524","8T9","8TL","","","Mini Stock Futures","MiniUSEquity","ICEU","IFLO","Mini Equity US-Restricted","8T9"
"=HYPERLINK(""https://www.ice.com/products/82067432"",""Texas Compliance Solar Renewable Energy Certificate from CRS Listed™ Facilities Back Half Specific Future"")","26907","TXB","TXB","","","Physical Environmental","REC-TX","ICEU","IFED","Physical Environmental","TXB"
"=HYPERLINK(""https://www.ice.com/products/82067433"",""Texas Compliance Solar Renewable Energy Certificate from CRS Listed™ Facilities Front Half Specific Future"")","26908","TXF","TXF","","","Physical Environmental","REC-TX","ICEU","IFED","Physical Environmental","TXF"
"=HYPERLINK(""https://www.ice.com/products/81690699"",""Texas Renewable Energy Certificate from CRS Listed Facilities Back Half Specific Future"")","25762","TBH","TBH","","","Physical Environmental","REC-TX","ICEU","IFED","Physical Environmental","TBH"
"=HYPERLINK(""https://www.ice.com/products/83049410"",""Texas Renewable Energy Certificate from CRS Listed Facilities Back Half Specific Prior year Future"")","32273","TXS","TXS","","","Physical Environmental","REC-TX","ICEU","IFED","Physical Environmental","TXS"
"=HYPERLINK(""https://www.ice.com/products/81690700"",""Texas Renewable Energy Certificate from CRS Listed Facilities Front Half Specific Future"")","25763","TFH","TFH","","","Physical Environmental","REC-TX","ICEU","IFED","Physical Environmental","TFH"
"=HYPERLINK(""https://www.ice.com/products/83049399"",""Texas Renewable Energy Certificate from CRS Listed Facilities Front Half Specific Prior Year Future"")","32272","TXH","TXH","","","Physical Environmental","REC-TX","ICEU","IFED","Physical Environmental","TXH"
"=HYPERLINK(""https://www.ice.com/products/37612672"",""Thirty-Year SOFR Swapnote Future"")","15301","US3","US3","","","Swapnotes","Swapnote USD","ICEU","IFLL","Liffe Swapnotes","US3"
"=HYPERLINK(""https://www.ice.com/products/82908552"",""Three Month ESTR Indexed Future"")","28556","ER3","ER3","","","Short Term Interest Rates","ESTR 3 Month","ICEU","IFLL","Liffe Three Month Euro and EONIA","ER3"
"=HYPERLINK(""https://www.ice.com/products/38527986"",""Three Month Euribor &reg; Futures"")","15275","I","I","","","Short Term Interest Rates","STIR Euribor","ICEU","IFLL","Liffe Three Month Euro and EONIA","I"
"=HYPERLINK(""https://www.ice.com/products/68361266"",""Three Month SONIA Index Futures"")","20484","SO3","SO3","","","Short Term Interest Rates","Sonia 3Month","ICEU","IFLL","Liffe STIRs","SO3"
"=HYPERLINK(""https://www.ice.com/products/72270612"",""Three Month Saron® Index Futures Contract"")","23599","SA3","SA3","","","Short Term Interest Rates","SARON 3Month","ICEU","IFLL","Liffe STIRs","SA3"
"=HYPERLINK(""https://www.ice.com/products/83047365"",""Three Year Mid-Curve Option on Three Month ESTR"")","30076","EM3","ER3","","","Short Term Interest Rates","O-ESTR 3 Month","ICEU","IFLL","Liffe Three Month Euro and EONIA","EM3"
"=HYPERLINK(""https://www.ice.com/products/79341534"",""Three Year Mid-Curve Option on Three Month SONIA Index Future"")","25827","SY3","SO3","","","Short Term Interest Rates","O-Sonia 3Month","ICEU","IFLL","Liffe STIRs","SY3"
"=HYPERLINK(""https://www.ice.com/products/38527991"",""Three Year Mid-Curve Options on Euribor&reg; Futures"")","15284","K3","I","","","Short Term Interest Rates","O-STIR Euribor","ICEU","IFLL","Liffe Three Month Euro and EONIA","K3"
"=HYPERLINK(""https://www.ice.com/products/80958474"",""Thungela Resources Limited"")","26264","TUA","TUA","","","Single Stock Options","O-LSE Master","ICEU","IFLO","Liffe Equity Derivatives - Non-US Based","TUA"
"=HYPERLINK(""https://www.ice.com/products/55250888"",""Transco 30 Physical Basis LD1"")","3821","XMX","XMX","","","Natural Gas","TRNS30MOPhysGas","NGXC","IEPA","Physical Gas","XMX"
"=HYPERLINK(""https://www.ice.com/products/55250879"",""Transco 30 Physical Fixed Price Monthly"")","3814","XMU","XMU","","","Natural Gas","TRNS30MOPhysGas","NGXC","IEPA","Physical Gas","XMU"
"=HYPERLINK(""https://www.ice.com/products/55721187"",""Transco 30 Physical Fixed Price Spot"")","3816","XMT","XMT","","","Natural Gas","TRNS30SPPhysGas","NGXC","IEPA","Physical Gas","XMT"
"=HYPERLINK(""https://www.ice.com/products/55250874"",""Transco 30 Physical Gas Daily Monthly"")","3817","XMW","XMW","","","Natural Gas","TRNS30MOPhysGas","NGXC","IEPA","Physical Gas","XMW"
"=HYPERLINK(""https://www.ice.com/products/55721188"",""Transco 30 Physical Gas Daily Spot"")","3818","XMV","XMV","","","Natural Gas","TRNS30BMPhysGas","NGXC","IEPA","Physical Gas","XMV"
"=HYPERLINK(""https://www.ice.com/products/55231768"",""Transco 30 Physical Inside FERC"")","3820","XMY","XMY","","","Natural Gas","TRNS30MOPhysGas","NGXC","IEPA","Physical Gas","XMY"
"=HYPERLINK(""https://www.ice.com/products/55250893"",""Transco 85 Physical Basis LD1"")","2140","XVE","XVE","","","Natural Gas","T85 MO Phys Gas","NGXC","IEPA","Physical Gas","XVE"
"=HYPERLINK(""https://www.ice.com/products/55231779"",""Transco 85 Physical Inside FERC"")","2139","XVF","XVF","","","Natural Gas","T85 MO Phys Gas","NGXC","IEPA","Physical Gas","XVF"
"=HYPERLINK(""https://www.ice.com/products/32749935"",""Transco Leidy Basis Future"")","15802","YQB","YQB","?A","","Natural Gas","AppalachiaBasis","ICEU","IFED","Financial Gas","YQB"
"=HYPERLINK(""https://www.ice.com/products/71085639"",""Transco Leidy Fixed Price Future"")","22277","YQA","YQA","L9","","Natural Gas","Basis Master","ICEU","IFED","Financial Gas","YQA"
"=HYPERLINK(""https://www.ice.com/products/32749937"",""Transco Leidy Index Future"")","15806","YQI","YQI","?C","","Natural Gas","AppalachiaIndex","ICEU","IFED","Financial Gas","YQI"
"=HYPERLINK(""https://www.ice.com/products/32749939"",""Transco Leidy Swing Future"")","15804","YQS","YQS","?B","","Natural Gas","AppalachiaSwing","ICEU","IFED","Financial Gas","YQS"
"=HYPERLINK(""https://www.ice.com/products/83047756"",""Transco Station 165 Basis Future"")","30348","TSD","TSD","","","Natural Gas","Northeast Basis","ICEU","IFED","Financial Gas","TSD"
"=HYPERLINK(""https://www.ice.com/products/83047757"",""Transco Station 165 Index Future"")","30351","TSH","TSH","","","Natural Gas","Northeast Index","ICEU","IFED","Financial Gas","TSH"
"=HYPERLINK(""https://www.ice.com/products/83047758"",""Transco Station 165 Swing Future"")","30353","TSJ","TSJ","","","Natural Gas","Northeast Swing","ICEU","IFED","Financial Gas","TSJ"
"=HYPERLINK(""https://www.ice.com/products/6590167"",""Transco Station 30 (Zone 1) Basis Future"")","3047","TTB","TTB","C\","","Natural Gas","East TX Basis","ICEU","IFED","Financial Gas","TTB"
"=HYPERLINK(""https://www.ice.com/products/71544036"",""Transco Station 30 (Zone 1) Index Future"")","23381","CVS","CVS","M=","","Natural Gas","East TX Index","ICEU","IFED","Financial Gas","CVS"
"=HYPERLINK(""https://www.ice.com/products/71544037"",""Transco Station 30 (Zone 1) Swing Future"")","23382","CVT","CVT","NA","","Natural Gas","East TX Swing","ICEU","IFED","Financial Gas","CVT"
"=HYPERLINK(""https://www.ice.com/products/83049396"",""Transco Station 45 Basis Future"")","3048","TNB","TNB","","","Natural Gas","Southeast Basis","ICEU","IFED","Financial Gas","TNB"
"=HYPERLINK(""https://www.ice.com/products/83049398"",""Transco Station 45 Fixed Price Future"")","32245","F45","F45","","","Natural Gas","Basis Master","ICEU","IFED","Financial Gas","F45"
"=HYPERLINK(""https://www.ice.com/products/83049397"",""Transco Station 45 Index Future"")","3055","TNI","TNI","","","Natural Gas","Southeast Index","ICEU","IFED","Financial Gas","TNI"
"=HYPERLINK(""https://www.ice.com/products/83049395"",""Transco Station 45 Swing Future"")","32246","S45","S45","","","Natural Gas","Southeast Swing","ICEU","IFED","Financial Gas","S45"
"=HYPERLINK(""https://www.ice.com/products/83046813"",""Transco Station 65 Basis Future"")","29794","TZB","TZB","","","Natural Gas","Southeast Basis","ICEU","IFED","Financial Gas","TZB"
"=HYPERLINK(""https://www.ice.com/products/83046814"",""Transco Station 65 Index Future"")","29795","TZC","TZC","","","Natural Gas","Southeast Index","ICEU","IFED","Financial Gas","TZC"
"=HYPERLINK(""https://www.ice.com/products/83046753"",""Transco Station 65 Pool (station 65 index) Physical Gas Daily Monthly"")","29441","X9I","X9I","","","Natural Gas","Trn MO Phys Gas","NGXC","IEPA","Physical Gas","X9I"
"=HYPERLINK(""https://www.ice.com/products/83046754"",""Transco Station 65 Pool (station 65 index) Physical Gas Daily Spot"")","29443","X9H","X9H","","","Natural Gas","Trn SP Phys Gas","NGXC","IEPA","Physical Gas","X9H"
"=HYPERLINK(""https://www.ice.com/products/83046755"",""Transco Station 65 Pool (station 65 index) Physical Inside FERC"")","29444","X9K","X9K","","","Natural Gas","Trn MO Phys Gas","NGXC","IEPA","Physical Gas","X9K"
"=HYPERLINK(""https://www.ice.com/products/1297"",""Transco Station 65 Pool (zone 3 index) Physical Gas Daily Monthly"")","1501","XJI","XJI","","","Natural Gas","Trn MO Phys Gas","NGXC","IEPA","Physical Gas","XJI"
"=HYPERLINK(""https://www.ice.com/products/1298"",""Transco Station 65 Pool (zone 3 index) Physical Gas Daily Spot"")","1503","XJH","XJH","","","Natural Gas","Trn SP Phys Gas","NGXC","IEPA","Physical Gas","XJH"
"=HYPERLINK(""https://www.ice.com/products/1296"",""Transco Station 65 Pool (zone 3 index) Physical Inside FERC"")","1504","XJK","XJK","","","Natural Gas","Trn MO Phys Gas","NGXC","IEPA","Physical Gas","XJK"
"=HYPERLINK(""https://www.ice.com/products/1295"",""Transco Station 65 Pool Physical Basis LD1"")","1505","XJJ","XJJ","","","Natural Gas","Trn MO Phys Gas","NGXC","IEPA","Physical Gas","XJJ"
"=HYPERLINK(""https://www.ice.com/products/1299"",""Transco Station 65 Pool Physical Fixed Price Monthly"")","1498","XJG","XJG","","","Natural Gas","Trn MO Phys Gas","NGXC","IEPA","Physical Gas","XJG"
"=HYPERLINK(""https://www.ice.com/products/1300"",""Transco Station 65 Pool Physical Fixed Price Spot"")","1500","XJF","XJF","","","Natural Gas","Trn SP Phys Gas","NGXC","IEPA","Physical Gas","XJF"
"=HYPERLINK(""https://www.ice.com/products/83046815"",""Transco Station 65 Swing Future"")","29796","TZD","TZD","","","Natural Gas","Southeast Swing","ICEU","IFED","Financial Gas","TZD"
"=HYPERLINK(""https://www.ice.com/products/6590165"",""Transco Station 85 (Zone 4) Basis Future"")","1629","TRZ","TRZ","Y3","QM85","Natural Gas","Southeast Basis","ICEU","IFED","Financial Gas","TRZ"
"=HYPERLINK(""https://www.ice.com/products/6590213"",""Transco Station 85 (Zone 4) Index Future"")","3056","TRI","TRI","I\","","Natural Gas","Southeast Index","ICEU","IFED","Financial Gas","TRI"
"=HYPERLINK(""https://www.ice.com/products/3306622"",""Transco Station 85 (Zone 4) Physical Fixed Price Monthly"")","2133","XVB","XVB","","","Natural Gas","T85 MO Phys Gas","NGXC","IEPA","Physical Gas","XVB"
"=HYPERLINK(""https://www.ice.com/products/3306646"",""Transco Station 85 (Zone 4) Physical Fixed Price Spot"")","2135","XVA","XVA","","","Natural Gas","T85 SP Phys Gas","NGXC","IEPA","Physical Gas","XVA"
"=HYPERLINK(""https://www.ice.com/products/3351006"",""Transco Station 85 (Zone 4) Physical Gas Daily Monthly"")","2136","XVD","XVD","","","Natural Gas","T85 MO Phys Gas","NGXC","IEPA","Physical Gas","XVD"
"=HYPERLINK(""https://www.ice.com/products/3350981"",""Transco Station 85 (Zone 4) Physical Gas Daily Spot"")","2138","XVC","XVC","","","Natural Gas","T85 SP Phys Gas","NGXC","IEPA","Physical Gas","XVC"
"=HYPERLINK(""https://www.ice.com/products/6590252"",""Transco Station 85 (Zone 4) Swing Future"")","3060","TRW","TRW","J\","","Natural Gas","Southeast Swing","ICEU","IFED","Financial Gas","TRW"
"=HYPERLINK(""https://www.ice.com/products/60045056"",""Transco Z5 South Physical Basis LD1"")","19360","YFK","YFK","","","Natural Gas","TZ5S MOPhysGas","NGXC","IEPA","Physical Gas","YFK"
"=HYPERLINK(""https://www.ice.com/products/60045059"",""Transco Z5 South Physical Fixed Price Monthly"")","19355","YFG","YFG","","","Natural Gas","TZ5S MOPhysGas","NGXC","IEPA","Physical Gas","YFG"
"=HYPERLINK(""https://www.ice.com/products/60045058"",""Transco Z5 South Physical Fixed Price Spot"")","19353","YFF","YFF","","","Natural Gas","TZ5S SPPhysGas","NGXC","IEPA","Physical Gas","YFF"
"=HYPERLINK(""https://www.ice.com/products/60045061"",""Transco Z5 South Physical Gas Daily Monthly"")","19358","YFI","YFI","","","Natural Gas","TZ5S MOPhysGas","NGXC","IEPA","Physical Gas","YFI"
"=HYPERLINK(""https://www.ice.com/products/60045060"",""Transco Z5 South Physical Gas Daily Spot"")","19356","YFH","YFH","","","Natural Gas","TZ5S SPPhysGas","NGXC","IEPA","Physical Gas","YFH"
"=HYPERLINK(""https://www.ice.com/products/60045057"",""Transco Z5 South Physical Inside FERC"")","19359","YFJ","YFJ","","","Natural Gas","TZ5S MOPhysGas","NGXC","IEPA","Physical Gas","YFJ"
"=HYPERLINK(""https://www.ice.com/products/26209310"",""Transco Z6 (NY) Physical Basis LD1"")","4740","XWO","XWO","","","Natural Gas","TZ6NY MOPhysGas","NGXC","IEPA","Physical Gas","XWO"
"=HYPERLINK(""https://www.ice.com/products/26209311"",""Transco Z6 (NY) Physical Fixed Price Monthly"")","4746","XWL","XWL","","","Natural Gas","TZ6NY MOPhysGas","NGXC","IEPA","Physical Gas","XWL"
"=HYPERLINK(""https://www.ice.com/products/26209312"",""Transco Z6 (NY) Physical Fixed Price Spot"")","4744","XWK","XWK","","","Natural Gas","TZ6NY SPPhysGas","NGXC","IEPA","Physical Gas","XWK"
"=HYPERLINK(""https://www.ice.com/products/26209313"",""Transco Z6 (NY) Physical Gas Daily Monthly"")","4743","XWN","XWN","","","Natural Gas","TZ6NY MOPhysGas","NGXC","IEPA","Physical Gas","XWN"
"=HYPERLINK(""https://www.ice.com/products/26209315"",""Transco Z6 (NY) Physical Gas Daily Spot"")","4741","XWM","XWM","","","Natural Gas","TZ6NY SPPhysGas","NGXC","IEPA","Physical Gas","XWM"
"=HYPERLINK(""https://www.ice.com/products/26209316"",""Transco Z6 (NY) Physical Inside FERC"")","4739","XWP","XWP","","","Natural Gas","TZ6NY MOPhysGas","NGXC","IEPA","Physical Gas","XWP"
"=HYPERLINK(""https://www.ice.com/products/58495531"",""Transco Z6 Sta-210 Physical Basis LD1"")","19224","YFE","YFE","","","Natural Gas","TZ6S2 MOPhysGas","NGXC","IEPA","Physical Gas","YFE"
"=HYPERLINK(""https://www.ice.com/products/58495529"",""Transco Z6 Sta-210 Physical Fixed Price Monthly"")","19219","YFA","YFA","","","Natural Gas","TZ6S2 MOPhysGas","NGXC","IEPA","Physical Gas","YFA"
"=HYPERLINK(""https://www.ice.com/products/58495528"",""Transco Z6 Sta-210 Physical Fixed Price Spot"")","19217","YEZ","YEZ","","","Natural Gas","TZ6S2 SPPhysGas","NGXC","IEPA","Physical Gas","YEZ"
"=HYPERLINK(""https://www.ice.com/products/58495532"",""Transco Z6 Sta-210 Physical Gas Daily Monthly"")","19222","YFC","YFC","","","Natural Gas","TZ6S2 MOPhysGas","NGXC","IEPA","Physical Gas","YFC"
"=HYPERLINK(""https://www.ice.com/products/58495535"",""Transco Z6 Sta-210 Physical Gas Daily Spot"")","19220","YFB","YFB","","","Natural Gas","TZ6S2 SPPhysGas","NGXC","IEPA","Physical Gas","YFB"
"=HYPERLINK(""https://www.ice.com/products/58495530"",""Transco Z6 Sta-210 Physical Inside FERC"")","19223","YFD","YFD","","","Natural Gas","TZ6S2 MOPhysGas","NGXC","IEPA","Physical Gas","YFD"
"=HYPERLINK(""https://www.ice.com/products/6590155"",""Transco Zone 3 Basis Future"")","447","STA","STA","OK","NG72","Natural Gas","Southeast Basis","ICEU","IFED","Financial Gas","STA"
"=HYPERLINK(""https://www.ice.com/products/6590212"",""Transco Zone 3 Index Future"")","2589","SIA","SIA","<<","","Natural Gas","Southeast Index","ICEU","IFED","Financial Gas","SIA"
"=HYPERLINK(""https://www.ice.com/products/6590247"",""Transco Zone 3 Swing Future"")","2590","SSA","SSA","<(","","Natural Gas","Southeast Swing","ICEU","IFED","Financial Gas","SSA"
"=HYPERLINK(""https://www.ice.com/products/42944091"",""Transco Zone 5 Basis Future"")","15993","DKR","DKR",":B","","Natural Gas","Northeast Basis","ICEU","IFED","Financial Gas","DKR"
"=HYPERLINK(""https://www.ice.com/products/42944093"",""Transco Zone 5 Index Future"")","15996","DKT","DKT",":D","","Natural Gas","Northeast Index","ICEU","IFED","Financial Gas","DKT"
"=HYPERLINK(""https://www.ice.com/products/82270888"",""Transco Zone 5 South Basis Future"")","27001","T5B","T5B","","","Natural Gas","Northeast Basis","ICEU","IFED","Financial Gas","T5B"
"=HYPERLINK(""https://www.ice.com/products/82270889"",""Transco Zone 5 South Index Future"")","27000","T5I","T5I","","","Natural Gas","Northeast Index","ICEU","IFED","Financial Gas","T5I"
"=HYPERLINK(""https://www.ice.com/products/82270890"",""Transco Zone 5 South Swing Future"")","27003","T5C","T5C","","","Natural Gas","Northeast Swing","ICEU","IFED","Financial Gas","T5C"
"=HYPERLINK(""https://www.ice.com/products/42944092"",""Transco Zone 5 Swing Future"")","15995","DKS","DKS",":C","","Natural Gas","Northeast Swing","ICEU","IFED","Financial Gas","DKS"
"=HYPERLINK(""https://www.ice.com/products/6590169"",""Transco Zone 6 (NY) Basis Future"")","438","TZS","TZS","NI","NE86","Natural Gas","Northeast Basis","ICEU","IFED","Financial Gas","TZS"
"=HYPERLINK(""https://www.ice.com/products/6590215"",""Transco Zone 6 (NY) Index Future"")","1907","NSI","NSI","A3","SN11","Natural Gas","Northeast Index","ICEU","IFED","Financial Gas","NSI"
"=HYPERLINK(""https://www.ice.com/products/6590257"",""Transco Zone 6 (NY) Swing Future"")","473","ZSS","ZSS","YX","QM81","Natural Gas","Northeast Swing","ICEU","IFED","Financial Gas","ZSS"
"=HYPERLINK(""https://www.ice.com/products/6590163"",""Transco Zone 6 (non NY) Basis Future "")","3027","TPB","TPB","A:","","Natural Gas","Northeast Basis","ICEU","IFED","Financial Gas","TPB"
"=HYPERLINK(""https://www.ice.com/products/71085641"",""Transco Zone 6 (non NY) Fixed Price Future"")","22279","TPH","TPH","L0","","Natural Gas","Basis Master","ICEU","IFED","Financial Gas","TPH"
"=HYPERLINK(""https://www.ice.com/products/6590214"",""Transco Zone 6 (non NY) Index Future"")","3031","TPI","TPI","A#","","Natural Gas","Northeast Index","ICEU","IFED","Financial Gas","TPI"
"=HYPERLINK(""https://www.ice.com/products/6590251"",""Transco Zone 6 (non NY) Swing Future"")","3040","TPS","TPS","A@","","Natural Gas","Northeast Swing","ICEU","IFED","Financial Gas","TPS"
"=HYPERLINK(""https://www.ice.com/products/83047515"",""Transco-165 Physical Basis LD1"")","30155","X7J","X7J","","","Natural Gas","TRN165 MOPhysGas","NGXC","IEPA","Physical Gas","X7J"
"=HYPERLINK(""https://www.ice.com/products/83047513"",""Transco-165 Physical Fixed Price Monthly"")","30152","X7G","X7G","","","Natural Gas","TRN165 MOPhysGas","NGXC","IEPA","Physical Gas","X7G"
"=HYPERLINK(""https://www.ice.com/products/83047514"",""Transco-165 Physical Fixed Price Spot"")","30154","X7H","X7H","","","Natural Gas","TRN165 SPPhysGas","NGXC","IEPA","Physical Gas","X7H"
"=HYPERLINK(""https://www.ice.com/products/83047516"",""Transco-165 Physical Gas Daily Monthly"")","30156","X7K","X7K","","","Natural Gas","TRN165 MOPhysGas","NGXC","IEPA","Physical Gas","X7K"
"=HYPERLINK(""https://www.ice.com/products/83047517"",""Transco-165 Physical Gas Daily Spot"")","30158","X7L","X7L","","","Natural Gas","TRN165 SPPhysGas","NGXC","IEPA","Physical Gas","X7L"
"=HYPERLINK(""https://www.ice.com/products/83047518"",""Transco-165 Physical Inside FERC"")","30159","X7M","X7M","","","Natural Gas","TRN165 MOPhysGas","NGXC","IEPA","Physical Gas","X7M"
"=HYPERLINK(""https://www.ice.com/products/82994085"",""Tritax Big Box REIT"")","28542","TR5","TRI","","","Single Stock Options","O-LSE Master","ICEU","IFLO","Liffe Equity Derivatives - Non-US Based","TR5"
"=HYPERLINK(""https://www.ice.com/products/6590164"",""Trunkline LA Basis Future"")","2146","TRL","TRL","I0","","Natural Gas","Southeast Basis","ICEU","IFED","Financial Gas","TRL"
"=HYPERLINK(""https://www.ice.com/products/55250886"",""Trunkline Z1A Physical Basis LD1"")","3518","XMR","XMR","","","Natural Gas","TRZ1A MOPhysGas","NGXC","IEPA","Physical Gas","XMR"
"=HYPERLINK(""https://www.ice.com/products/55250878"",""Trunkline Z1A Physical Fixed Price Monthly"")","3511","XMO","XMO","","","Natural Gas","TRZ1A MOPhysGas","NGXC","IEPA","Physical Gas","XMO"
"=HYPERLINK(""https://www.ice.com/products/55721196"",""Trunkline Z1A Physical Fixed Price Spot"")","3513","XMN","XMN","","","Natural Gas","TRZ1A SPPhysGas","NGXC","IEPA","Physical Gas","XMN"
"=HYPERLINK(""https://www.ice.com/products/55250873"",""Trunkline Z1A Physical Gas Daily Monthly"")","3514","XMQ","XMQ","","","Natural Gas","TRZ1A MOPhysGas","NGXC","IEPA","Physical Gas","XMQ"
"=HYPERLINK(""https://www.ice.com/products/55721193"",""Trunkline Z1A Physical Gas Daily Spot"")","3516","XMP","XMP","","","Natural Gas","TRZ1A SPPhysGas","NGXC","IEPA","Physical Gas","XMP"
"=HYPERLINK(""https://www.ice.com/products/55231767"",""Trunkline Z1A Physical Inside FERC"")","3517","XMS","XMS","","","Natural Gas","TRZ1A MOPhysGas","NGXC","IEPA","Physical Gas","XMS"
"=HYPERLINK(""https://www.ice.com/products/69723184"",""Trunkline Zone 1A Basis Future"")","21736","TZA","TZA","LK","","Natural Gas","Southeast Basis","ICEU","IFED","Financial Gas","TZA"
"=HYPERLINK(""https://www.ice.com/products/71544038"",""Trunkline Zone 1A Index Future"")","23383","CVU","CVU","NB","","Natural Gas","Southeast Index","ICEU","IFED","Financial Gas","CVU"
"=HYPERLINK(""https://www.ice.com/products/71544039"",""Trunkline Zone 1A Swing Future"")","23384","CVV","CVV","NC","","Natural Gas","Southeast Swing","ICEU","IFED","Financial Gas","CVV"
"=HYPERLINK(""https://www.ice.com/products/38716881"",""Tullow Oil Plc"")","10300","TLO","TLO","","","Single Stock Options","","ICEU","IFLO","Liffe Equity Derivatives - Non-US Based","TLW"
"=HYPERLINK(""https://www.ice.com/products/82612878"",""Two Year Mid-Curve Option on PJM Tri Qualified Renewable Energy Certificate Class I Future (Futures Style Margining)"")","27771","RHE","RHE","","","Physical Environmental","O-REC-PJM C1","ICEU","IFED","Physical Environmental","RHE"
"=HYPERLINK(""https://www.ice.com/products/79341532"",""Two Year Mid-Curve Option on Three Month SONIA Index Future"")","25826","SY2","SO3","","","Short Term Interest Rates","O-Sonia 3Month","ICEU","IFLL","Liffe STIRs","SY2"
"=HYPERLINK(""https://www.ice.com/products/38527990"",""Two Year Mid-Curve Options on Euribor &reg; Futures"")","15283","K2","I","","","Short Term Interest Rates","O-STIR Euribor","ICEU","IFLL","Liffe Three Month Euro and EONIA","K2"
"=HYPERLINK(""https://www.ice.com/products/83047361"",""Two year Mid-Curve Option On Three Month ESTR"")","30075","EM2","ER3","","","Short Term Interest Rates","O-ESTR 3 Month","ICEU","IFLL","Liffe Three Month Euro and EONIA","EM2"
"=HYPERLINK(""https://www.ice.com/products/37612669"",""Two-Year SOFR Swapnote Future"")","15304","USW","USW","","","Swapnotes","Swapnote USD","ICEU","IFLL","Liffe Swapnotes","USW"
"=HYPERLINK(""https://www.ice.com/products/20788778"",""UK Base Electricity Future (Gregorian)"")","4640","UBL","UBL","Z4","","Electricity","UK Base Greg","ICEU","IFEU","IPE UK Electricity Futures Base","UBL"
"=HYPERLINK(""https://www.ice.com/products/37089081"",""UK Feed Wheat Futures"")","15248","T","WHT","LW","","Grains","Feed Wheat","ICEU","IFLX","Liffe Commodities","T"
"=HYPERLINK(""https://www.ice.com/products/37089087"",""UK Feed Wheat Options"")","15256","T","WHT","LW","","Grains","O-Feed Wheat","ICEU","IFLX","Liffe Commodities","T"
"=HYPERLINK(""https://www.ice.com/products/67961645"",""UK NBP Natural Gas 1st Line Financial Futures (USD/MMBTU)"")","20461","UKD","UKD","KY","","Natural Gas","UK NG MMBTU USD","ICEU","IFEU","IPE Natural Gas Futures","UKD"
"=HYPERLINK(""https://www.ice.com/products/79234893"",""UK NBP Natural Gas Daily Financial Futures (ICIS)"")","25035","UND","UND","","","Natural Gas","UK Nat Gas Day","ICEU","IFEU","IPE Natural Gas Futures","UND"
"=HYPERLINK(""https://www.ice.com/products/20774967"",""UK NBP Natural Gas Daily Future"")","4638","NBD","NBD","Z2","","Natural Gas","UK Nat Gas Day","ICEU","IFEU","IPE Natural Gas Futures","NBD"
"=HYPERLINK(""https://www.ice.com/products/67129867"",""UK NBP Natural Gas Last Day Financial Futures (USD/MMBTU)"")","20371","UNF","UKD","KX","","Natural Gas","UK UNF Master","ICEU","IFED","Henry Hub","UNF"
"=HYPERLINK(""https://www.ice.com/products/71085728"",""UK NBP Natural Gas Options (Futures Style Margin)"")","22303","UKF","UKF","M:","","Natural Gas","O-IPE Nat Gas","ICEU","IFEU","IPE Natural Gas Futures","UKF"
"=HYPERLINK(""https://www.ice.com/products/43396041"",""UK OCM Gas Spot"")","15942","ENB","ENB","","","Natural Gas","UK NBP OCM Spot","ICEU","NDCM","UK OCM Physical Gas Spot","ENB"
"=HYPERLINK(""https://www.ice.com/products/20799523"",""UK Peak Electricity Future (Gregorian)"")","4639","UPL","UPL","Z3","","Electricity","UK Peak Greg","ICEU","IFEU","IPE UK Electricity Futures Peak","UPL"
"=HYPERLINK(""https://www.ice.com/products/67738090"",""UK Spark Spread"")","19225","UBL / M","UBL / M","","","Electricity","","ICEU","IFEU","UK Spark Spread",""
"=HYPERLINK(""https://www.ice.com/products/80216149"",""UKA Daily Futures"")","26130","DUK","DUK","","","Emissions","UKA Daily","ICEU","IFEU","UK Emissions Allowances","DUK"
"=HYPERLINK(""https://www.ice.com/products/80216150"",""UKA Futures"")","26132","UKA","UKA","","","Emissions","UKA","ICEU","IFEU","UK Emissions Allowances","UKA"
"=HYPERLINK(""https://www.ice.com/products/82612843"",""UKA Options"")","27741","UKA","UKA","","","Emissions","O-UKA","ICEU","IFEU","UK Emissions Allowances","UKA"
"=HYPERLINK(""https://www.ice.com/products/80216146"",""UKA UK Auction"")","26133","UK5","UK5","","5D56","Emissions","UK Auction 500","ICEU","IFEU","UK Emissions Auction","UK5"
"=HYPERLINK(""https://www.ice.com/products/30377799"",""ULSD 10ppm CIF MED Cargoes vs Low Sulphur Gasoil 1st Line Balmo Swap"")","5507","UMC","UMC","QY","","Crude Oil and Refined","Ref Diffs mt","Bilateral","ICES","Platts Oil","UMC"
"=HYPERLINK(""https://www.ice.com/products/30377804"",""ULSD 10ppm CIF MED Cargoes vs Low Sulphur Gasoil 1st Line Swap"")","5506","ULI","ULI","V=","","Crude Oil and Refined","Ref Diffs mt","Bilateral","ICES","Platts Oil","ULI"
"=HYPERLINK(""https://www.ice.com/products/6753556"",""ULSD 10ppm CIF Med Cargoes Future"")","2572","UCM","UCM",":7","","Crude Oil and Refined Products","Ref Outright mt","ICEU","IFEU","Oil","UCM"
"=HYPERLINK(""https://www.ice.com/products/6753517"",""ULSD 10ppm CIF NWE Cargoes Balmo Future"")","23248","ULO","ULO","90","","Crude Oil and Refined Products","Ref Outright mt","ICEU","IFEU","Oil","ULO"
"=HYPERLINK(""https://www.ice.com/products/6753558"",""ULSD 10ppm CIF NWE Cargoes Future"")","2571","ULN","ULN",":6","","Crude Oil and Refined Products","Ref Outright mt","ICEU","IFEU","Oil","ULN"
"=HYPERLINK(""https://www.ice.com/products/72279835"",""ULSD 10ppm CIF NWE Cargoes vs Low Sulphur Gasoil 1st Line Balmo Swap"")","5510","UMD","UMD","9>","","Crude Oil and Refined","Ref Diffs mt","Bilateral","ICES","Platts Oil","AF0"
"=HYPERLINK(""https://www.ice.com/products/30377805"",""ULSD 10ppm CIF NWE Cargoes vs Low Sulphur Gasoil 1st Line Swap"")","5509","ULF","ULF","V:","","Crude Oil and Refined","Ref Diffs mt","Bilateral","ICES","Platts Oil","ULF"
"=HYPERLINK(""https://www.ice.com/products/1216"",""US Dollar Index&reg; Options"")","2275","DX","DX ","XD","2211","ICE U.S. Dollar Index (USDX)","O-US Dollar Index","ICUS","IFUS","US Dollar Index","DX"
"=HYPERLINK(""https://www.ice.com/products/69723154"",""US EIA Financial Weekly Index (100 USD)"")","21720","EIW","EII","K=","","Natural Gas","Henry EIA Week","ICEU","IFED","Financial Gas","EIW"
"=HYPERLINK(""https://www.ice.com/products/33592781"",""USGC HSFO Fuel Oil Balmo Swap"")","3008","RBP","RBP","8K","","Crude Oil and Refined","Am Ref bbl","Bilateral","ICES","Platts Oil","RBP"
"=HYPERLINK(""https://www.ice.com/products/33592780"",""USGC HSFO Fuel Oil Swap"")","2529","RBO","RBO","BI","SN24","Crude Oil and Refined","Am Ref bbl","Bilateral","ICES","Platts Oil","RBO"
"=HYPERLINK(""https://www.ice.com/products/33592788"",""USGC HSFO Fuel Oil vs Brent 1st Line Swap"")","3193","GCS","GCS","K6","","Crude Oil and Refined","Am Cracks bbl","Bilateral","ICES","Platts Oil","GCS"
"=HYPERLINK(""https://www.ice.com/products/33592783"",""USGC HSFO Fuel Oil vs Fuel Oil 3.5% FOB Rotterdam Barges Balmo Swap"")","3234","GOD","GOD","8J","","Crude Oil and Refined","Am Ref Diff bbl","Bilateral","ICES","Platts Oil","GOD"
"=HYPERLINK(""https://www.ice.com/products/33592782"",""USGC HSFO Fuel Oil vs Fuel Oil 3.5% FOB Rotterdam Barges Swap"")","2533","GOE","GOE","BH","SN23","Crude Oil and Refined","Am Ref Diff bbl","Bilateral","ICES","Platts Oil","GOE"
"=HYPERLINK(""https://www.ice.com/products/33592789"",""USGC HSFO Fuel Oil vs. WTI 1st Line Swap"")","2537","GUF","GUF","Q3","","Crude Oil and Refined","Am Cracks bbl","Bilateral","ICES","Platts Oil","GUF"
"=HYPERLINK(""https://www.ice.com/products/37612654"",""Ultra Long Bund Future"")","6440","G30","G30","","","Medium/Long Term Interest Rates","DEU Bond Fut","ICEU","IFLL","Liffe Bonds","G30"
"=HYPERLINK(""https://www.ice.com/products/37650337"",""Ultra Long Gilt Future"")","6450","U","U","","","Medium/Long Term Interest Rates","Gilt Bond Fut","ICEU","IFLL","Liffe Bonds","U"
"=HYPERLINK(""https://www.ice.com/products/38716882"",""Unilever PLC Ex-Event"")","10510","ULV","ULV","","","Single Stock Options","","ICEU","IFLO","Liffe Equity Derivatives - Non-US Based","ULV"
"=HYPERLINK(""https://www.ice.com/products/83049206"",""Unilever plc"")","31719","ULO","ULI","","","Single Stock Options","O-LSE Master","ICEU","IFLO","Liffe Equity Derivatives - Non-US Based","ULO"
"=HYPERLINK(""https://www.ice.com/products/83049253"",""Unilever plc Mini"")","31787","8UL","8UL","","","Mini Single Stocks","O-Min UK Equity","ICEU","IFLO","Mini Equity Non-US Based","8UL"
"=HYPERLINK(""https://www.ice.com/products/82994086"",""Unite Group"")","28544","UG5","UGP","","","Single Stock Options","O-LSE Master","ICEU","IFLO","Liffe Equity Derivatives - Non-US Based","UG5"
"=HYPERLINK(""https://www.ice.com/products/83049812"",""United Health Group Inc - STND Future"")","32525","8U9","8UH","","","Mini Stock Futures","MiniUSEquity","ICEU","IFLO","Mini Equity US-Restricted","8U9"
"=HYPERLINK(""https://www.ice.com/products/38716883"",""United Utilities Plc"")","10544","UUL","UUL","WQ","","Single Stock Options","","ICEU","IFLO","Liffe Equity Derivatives - Non-US Based","UUL"
"=HYPERLINK(""https://www.ice.com/products/31196843"",""Urals Med  vs Dated Brent Swap"")","5631","UCF","UCF","BJ","SN25","Crude Oil and Refined","Crude Diffs","Bilateral","ICES","Platts Oil","UCF"
"=HYPERLINK(""https://www.ice.com/products/31196844"",""Urals Med vs Dated Brent Balmo Swap"")","5630","UCG","UCG","QU","","Crude Oil and Refined","Crude Diffs","Bilateral","ICES","Platts Oil","UCG"
"=HYPERLINK(""https://www.ice.com/products/19118103"",""Urals Med vs Dated Brent CFD Balmo Future"")","21848","UCG","UCG","QU","","Crude Oil and Refined Products","Crude Diffs","ICEU","IFEU","Oil","UCG"
"=HYPERLINK(""https://www.ice.com/products/31196842"",""Urals NWE  vs Dated Brent Swap"")","5629","CFU","CFU","WV","","Crude Oil and Refined","Crude Diffs","Bilateral","ICES","Platts Oil","CFU"
"=HYPERLINK(""https://www.ice.com/products/31196840"",""Urals NWE vs Dated Brent Balmo Swap"")","5628","CFV","CFV","QV","","Crude Oil and Refined","Crude Diffs","Bilateral","ICES","Platts Oil","CFV"
"=HYPERLINK(""https://www.ice.com/products/19118102"",""Urals North vs Dated Brent CFD Balmo Future"")","21854","CFV","CFV","QV","","Crude Oil and Refined Products","Crude Diffs","ICEU","IFEU","Oil","CFV"
"=HYPERLINK(""https://www.ice.com/products/38716884"",""Vedanta Resources Plc"")","10593","VRS","VRS","","","Single Stock Options","","ICEU","IFLO","Liffe Equity Derivatives - Non-US Based","VED"
"=HYPERLINK(""https://www.ice.com/products/83049097"",""Virginia Compliance Renewable Energy Credit Future"")","31568","VCR","VCR","","","Physical Environmental","VCR","ICEU","IFED","Physical Environmental","VCR"
"=HYPERLINK(""https://www.ice.com/products/38716885"",""Vodafone Group Plc"")","10615","VOD","VOD","","","Single Stock Options","O-LSE Master","ICEU","IFLO","Liffe Equity Derivatives - Non-US Based","VOD"
"=HYPERLINK(""https://www.ice.com/products/83049252"",""Vodafone Group plc Mini"")","31788","8VO","8VO","","","Mini Single Stocks","O-Min UK Equity","ICEU","IFLO","Mini Equity Non-US Based","8VO"
"=HYPERLINK(""https://www.ice.com/products/79234890"",""WIM LNG (Platts) Future"")","25729","WIM","WIM","","","Liquified Natural Gas","LNG JKM","ICEU","IFEU","Financial LNG","WIM"
"=HYPERLINK(""https://www.ice.com/products/80782556"",""WIM LNG Swap"")","26235","WIM","WIM","","","Natural Gas","LNG JKM","Bilateral","ICES","Platts Financial LNG","WIM"
"=HYPERLINK(""https://www.ice.com/products/38716890"",""WPP PLC"")","10770","WPP","WPP","","","Single Stock Options","","ICEU","IFLO","Liffe Equity Derivatives - Non-US Based","WPP"
"=HYPERLINK(""https://www.ice.com/products/11520373"",""WTI 1-Month Calendar Spread Options"")","4823","TIA","TIA","HA","SR18","Crude Oil and Refined Products","O-Am Crude","ICEU","IFED","US Crude","TIA"
"=HYPERLINK(""https://www.ice.com/products/32857609"",""WTI 1st Line Balmo Future"")","23282","WBT","WBT","8O","","Crude Oil and Refined Products","Am Crude","ICEU","IFED","US Crude","WBT"
"=HYPERLINK(""https://www.ice.com/products/6753542"",""WTI 1st Line Future"")","13","R","WBS","WS","P996","Crude Oil and Refined Products","Am Crude","ICEU","IFED","US Crude","WSP"
"=HYPERLINK(""https://www.ice.com/products/27066807"",""WTI 1st Line Mini Future"")","5028","RMM","RMM","RW","EH82","Crude Oil and Refined Products","Am Crude","ICEU","IFED","US Crude","RMM"
"=HYPERLINK(""https://www.ice.com/products/908"",""WTI American-Style Options"")","600","T","WBS","CS","R755","Crude Oil and Refined Products","O-ICE WTI","ICEU","IFEU","ICE WTI Crude Futures","WBS"
"=HYPERLINK(""https://www.ice.com/products/11526592"",""WTI Average Price Options"")","4811","R","WBS","WS","P996","Crude Oil and Refined Products","O-Am Crude","ICEU","IFED","US Crude","WSP"
"=HYPERLINK(""https://www.ice.com/products/6753564"",""WTI Bullet Future"")","1743","WTB","WBS","WT","SG67","Crude Oil and Refined Products","Am Crude","ICEU","IFED","US Crude","WTB"
"=HYPERLINK(""https://www.ice.com/products/6590171"",""Waha Basis Future"")","439","WAH","WAH","NV","NE90","Natural Gas","Southwest Basis","ICEU","IFED","Financial Gas","WAH"
"=HYPERLINK(""https://www.ice.com/products/69723181"",""Waha Fixed Price Future"")","21733","FQW","FQW","KL","","Natural Gas","Basis Master","ICEU","IFED","Financial Gas","FQW"
"=HYPERLINK(""https://www.ice.com/products/6590216"",""Waha Index Future"")","460","WAI","WAI","HR","SR13","Natural Gas","Southwest Index","ICEU","IFED","Financial Gas","WAI"
"=HYPERLINK(""https://www.ice.com/products/34598278"",""Waha Physical Basis LD1"")","6360","XT8","XT8","","","Natural Gas","Waha MOPhysGas","NGXC","IEPA","Physical Gas","XT8"
"=HYPERLINK(""https://www.ice.com/products/34598273"",""Waha Physical Fixed Price Monthly"")","6366","XT7","XT7","","","Natural Gas","Waha MOPhysGas","NGXC","IEPA","Physical Gas","XT7"
"=HYPERLINK(""https://www.ice.com/products/34598274"",""Waha Physical Fixed Price Spot"")","6364","XT6","XT6","","","Natural Gas","Waha SPPhysGas","NGXC","IEPA","Physical Gas","XT6"
"=HYPERLINK(""https://www.ice.com/products/34598275"",""Waha Physical Gas Daily Monthly"")","6363","XU0","XU0","","","Natural Gas","Waha MOPhysGas","NGXC","IEPA","Physical Gas","XU0"
"=HYPERLINK(""https://www.ice.com/products/34598276"",""Waha Physical Gas Daily Spot"")","6361","XT9","XT9","","","Natural Gas","Waha SPPhysGas","NGXC","IEPA","Physical Gas","XT9"
"=HYPERLINK(""https://www.ice.com/products/34598277"",""Waha Physical Inside FERC"")","6359","XU1","XU1","","","Natural Gas","Waha MOPhysGas","NGXC","IEPA","Physical Gas","XU1"
"=HYPERLINK(""https://www.ice.com/products/6590256"",""Waha Swing Future"")","474","WAS","WAS","HS","SR16","Natural Gas","Southwest Swing","ICEU","IFED","Financial Gas","WAS"
"=HYPERLINK(""https://www.ice.com/products/83048587"",""Washington Carbon Allowance Advance Auction Clearing Price"")","31326","WAA","WAA","","","Physical Environmental","WCA","ICEU","IFED","Physical Environmental","WAA"
"=HYPERLINK(""https://www.ice.com/products/82908520"",""Washington Carbon Allowance Current Auction Clearing Price"")","28564","WCP","WCP","","","Physical Environmental","WCA","ICEU","IFED","Physical Environmental","WCP"
"=HYPERLINK(""https://www.ice.com/products/83046817"",""Washington Carbon Allowance Specific Vintage 2026 Future"")","29811","WSD","WSD","","","Physical Environmental","WCA","ICEU","IFED","Physical Environmental","WSD"
"=HYPERLINK(""https://www.ice.com/products/83046818"",""Washington Carbon Allowance Specific Vintage 2027 Future"")","29812","WSE","WSE","","","Physical Environmental","WCA","ICEU","IFED","Physical Environmental","WSE"
"=HYPERLINK(""https://www.ice.com/products/83047260"",""Washington Carbon Allowance Specific Vintage 2028 Future"")","30060","WSF","WSF","","","Physical Environmental","WCA","ICEU","IFED","Physical Environmental","WSF"
"=HYPERLINK(""https://www.ice.com/products/83049110"",""Washington Carbon Allowance Specific Vintage 2029 Future"")","31569","WSG","WSG","","","Physical Environmental","WCA","ICEU","IFED","Physical Environmental","WSG"
"=HYPERLINK(""https://www.ice.com/products/83049412"",""Washington Carbon Allowance Specific Vintage 2030 Future"")","32275","WSH","WSH","","","Physical Environmental","WCA","ICEU","IFED","Physical Environmental","WSH"
"=HYPERLINK(""https://www.ice.com/products/82908518"",""Washington Carbon Allowance Vintage 2023 Future"")","28562","WCA","WCA","","","Physical Environmental","WCA","ICEU","IFED","Physical Environmental","WCA"
"=HYPERLINK(""https://www.ice.com/products/82908519"",""Washington Carbon Allowance Vintage 2024 Future"")","28563","WCB","WCB","","","Physical Environmental","WCA","ICEU","IFED","Physical Environmental","WCB"
"=HYPERLINK(""https://www.ice.com/products/83045663"",""Washington Carbon Allowance Vintage 2025 Future"")","29101","WCC","WCC","","","Physical Environmental","WCA","ICEU","IFED","Physical Environmental","WCC"
"=HYPERLINK(""https://www.ice.com/products/83045664"",""Washington Carbon Allowance Vintage 2026 Future"")","29102","WCD","WCD","","","Physical Environmental","WCA","ICEU","IFED","Physical Environmental","WCD"
"=HYPERLINK(""https://www.ice.com/products/83046816"",""Washington Carbon Allowance Vintage 2027 Future"")","29810","WCE","WCE","","","Physical Environmental","WCA","ICEU","IFED","Physical Environmental","WCE"
"=HYPERLINK(""https://www.ice.com/products/83047259"",""Washington Carbon Allowance Vintage 2028 Future"")","30059","WCF","WCF","","","Physical Environmental","WCA","ICEU","IFED","Physical Environmental","WCF"
"=HYPERLINK(""https://www.ice.com/products/83049109"",""Washington Carbon Allowance Vintage 2029 Future"")","31570","WCG","WCG","","","Physical Environmental","WCA","ICEU","IFED","Physical Environmental","WCG"
"=HYPERLINK(""https://www.ice.com/products/83049411"",""Washington Carbon Allowance Vintage 2030 Future"")","32274","WCH","WCH","","","Physical Environmental","WCA","ICEU","IFED","Physical Environmental","WCH"
"=HYPERLINK(""https://www.ice.com/products/83048053"",""Washington Clean Fuels Standard Futures"")","30528","WFP","WFP","","","Biofuels","Phys LCFS","ICEU","IFED","Physical Oil Americas","WFP"
"=HYPERLINK(""https://www.ice.com/products/83047284"",""Watches of Switzerland Group (Std Option/Amer/Dlv)"")","30082","WAT","WAS","","","Single Stock Options","O-LSE Master","ICEU","IFLO","Liffe Equity Derivatives - Non-US Based","WAT"
"=HYPERLINK(""https://www.ice.com/products/65898927"",""Weekly Average Price Option on PJM Western Hub Real-Time Peak Fixed Price Future"")","20137","PJH","PJH","J2","","Electricity","O-Pwr East Daily","ICEU","IFED","Financial Power","PJH"
"=HYPERLINK(""https://www.ice.com/products/6753348"",""Weekly CFD - Dated Brent (Platts) vs First Month BFOE (Platts) Future"")","1514","CFD","CFD","CD","QJ69","Crude Oil and Refined Products","Crude Diffs","ICEU","IFEU","Oil","CFD"
"=HYPERLINK(""https://www.ice.com/products/6753356"",""Weekly CFD - Dated Brent (Platts) vs Second Month (Platts) Future"")","1755","CFT","CFT","B3","SF36","Crude Oil and Refined Products","Crude Diffs","ICEU","IFEU","Oil","CFT"
"=HYPERLINK(""https://www.ice.com/products/33257737"",""Weekly CFD - Dated Brent vs First Month BFOE Swap"")","4296","CFD","CFD","CD","QJ69","Crude Oil and Refined","Crude Diffs","Bilateral","ICES","Platts Oil","CFD"
"=HYPERLINK(""https://www.ice.com/products/4210003"",""Weekly Coffee """"C"""" Options"")","6404","KCW","KCW","KW","","Coffee","O-Coffee C","ICUS","IFUS","Coffee C","KO1"
"=HYPERLINK(""https://www.ice.com/products/4210002"",""Weekly Cotton No. 2 Options"")","3751","CTW","CTW","CW","","Cotton","O-Cotton No 2","ICUS","IFUS","Cotton No 2","TC1"
"=HYPERLINK(""https://www.ice.com/products/4210000"",""Weekly Sugar No. 11 Options"")","3741","SBW","SBW","SW","","Sugar","Sugar No 11","ICUS","IFUS","Sugar No 11","SO1"
"=HYPERLINK(""https://www.ice.com/products/38716886"",""Weir Group Plc"")","10705","WEI","WEI","","","Single Stock Options","","ICEU","IFLO","Liffe Equity Derivatives - Non-US Based","WEI"
"=HYPERLINK(""https://www.ice.com/products/83046637"",""Wet Freight - Daily - Dirty FFA - USGC to UK Continent VLCC (Platts) Mini Future"")","29144","WHI","WHI","","","Wet Freight","Wet Freight","ICEU","IFEU","Wet Freight","WHI"
"=HYPERLINK(""https://www.ice.com/products/83046635"",""Wet Freight - Daily - TD22 FFA - US Gulf to China (Baltic) Mini Future"")","29142","WHG","WHG","","","Wet Freight","Wet Freight","ICEU","IFEU","Wet Freight","WHG"
"=HYPERLINK(""https://www.ice.com/products/83035214"",""Wet Freight - Dirty FFA - Cross-UKC (Platts) Balmo Future"")","28924","WFK","WFK","","","Wet Freight","Wet Freight","ICEU","IFEU","Wet Freight","WFK"
"=HYPERLINK(""https://www.ice.com/products/83035213"",""Wet Freight - Dirty FFA - Daily Cross-UKC (Platts) Mini Future"")","28923","WFJ","WFJ","","","Wet Freight","Wet Freight","ICEU","IFEU","Wet Freight","WFJ"
"=HYPERLINK(""https://www.ice.com/products/83046636"",""Wet Freight - Dirty FFA - USGC to UK Continent VLCC (Platts) Future"")","29143","WHH","WHH","","","Wet Freight","Wet Freight","ICEU","IFEU","Wet Freight","WHH"
"=HYPERLINK(""https://www.ice.com/products/83035216"",""Wet Freight - TC23 FFA - ARA to UK-Continent (Baltic) Balmo Future"")","28926","WFM","WFM","","","Wet Freight","Wet Freight","ICEU","IFEU","Wet Freight","WFM"
"=HYPERLINK(""https://www.ice.com/products/83035215"",""Wet Freight - TC23 FFA - ARA to UK-Continent (Baltic) Future"")","28925","WFL","WFL","","","Wet Freight","Wet Freight","ICEU","IFEU","Wet Freight","WFL"
"=HYPERLINK(""https://www.ice.com/products/38716887"",""Whitbread Plc"")","10783","WTB","WTB","","","Single Stock Options","","ICEU","IFLO","Liffe Equity Derivatives - Non-US Based","WTB"
"=HYPERLINK(""https://www.ice.com/products/83047198"",""White River Physical Basis LD1"")","21694","Z48","Z48","","","Natural Gas","White MOPhysGas","NGXC","IEPA","Physical Gas","Z48"
"=HYPERLINK(""https://www.ice.com/products/83047194"",""White River Physical Fixed Price Monthly"")","21689","Z44","Z44","","","Natural Gas","White MOPhysGas","NGXC","IEPA","Physical Gas","Z44"
"=HYPERLINK(""https://www.ice.com/products/83047193"",""White River Physical Fixed Price Spot"")","21687","Z43","Z43","","","Natural Gas","White SPPhysGas","NGXC","IEPA","Physical Gas","Z43"
"=HYPERLINK(""https://www.ice.com/products/83047196"",""White River Physical Gas Daily Monthly"")","21692","Z46","Z46","","","Natural Gas","White MOPhysGas","NGXC","IEPA","Physical Gas","Z46"
"=HYPERLINK(""https://www.ice.com/products/83047195"",""White River Physical Gas Daily Spot"")","21690","Z45","Z45","","","Natural Gas","White SPPhysGas","NGXC","IEPA","Physical Gas","Z45"
"=HYPERLINK(""https://www.ice.com/products/83047197"",""White River Physical Inside FERC"")","21693","Z47","Z47","","","Natural Gas","White MOPhysGas","NGXC","IEPA","Physical Gas","Z47"
"=HYPERLINK(""https://www.ice.com/products/37089086"",""White Sugar Options"")","15257","W","WSG","LU","","Sugar","O-White Sugar","ICEU","IFLX","Liffe Commodities","W"
"=HYPERLINK(""https://www.ice.com/products/83047734"",""Wind GO Futures"")","30464","GOW","GOW","","","Environmental","AIB GO","ICEU","NDEX","Guarantees of Origin","GOW"
"=HYPERLINK(""https://www.ice.com/products/82547558"",""Wise Plc"")","27053","WSA","WSE","","","Single Stock Options","O-LSE Master","ICEU","IFLO","Liffe Equity Derivatives - Non-US Based","WSA"
"=HYPERLINK(""https://www.ice.com/products/83049153"",""Wizz Air Holdings Plc"")","31538","WIZ","WIZ","","","Single Stock Options","O-LSE Master","ICEU","IFLO","Liffe Equity Derivatives - Non-US Based","WIZ"
"=HYPERLINK(""https://www.ice.com/products/71085729"",""globalCOAL Newcastle Coal Options (Futures Style Margin)"")","22293","GNO","GNO","KP","","Coal","O-Coal Newc","ICEU","IFEU","gC Newcastle Coal Futures","GNO"
"=HYPERLINK(""https://www.ice.com/products/63127241"",""globalCOAL Richards Bay Coal Futures"")","19618","GCF","GCF","I?","","Coal","gC Coal Rbay","ICEU","IFEU","ICE Richards Bay Coal Futures","GCF"
"=HYPERLINK(""https://www.ice.com/products/83049150"",""mini NYSE FANG+ Index Future"")","32088","FG1","FG1","","","FTSE Indices","Mini NYSE FANG+","ICEU","IFLL","Mini Equity US-Restricted","FG1"
"=HYPERLINK(""https://www.ice.com/products/83049151"",""mini NYSE FANG+™ INDEX Option"")","31841","FG2","FG2","","","FTSE Indices","O-Mini NYSEFANG","ICEU","IFLO","Mini Equity US-Restricted","FG2"
