key,kind,addr,gte,lt,pages,complete,n_tx,min_ts,max_ts,wall_s,budget_stop,stage
coin__GUsV1iB83HJTcdFnqRtRSKoXcrWZfcDBSnnsb4Dxpump__1780290460,coin,GUsV1iB83HJTcdFnqRtRSKoXcrWZfcDBSnnsb4Dxpump,1780290460,1780292260,2,True,17,1780290460,1780291614,2.85,False,r0a
coin__kGCE3FqVUwg2Rp7fgGLi2x6v1dvJnbttJhCyvpxpump__1780576034,coin,kGCE3FqVUwg2Rp7fgGLi2x6v1dvJnbttJhCyvpxpump,1780576034,1780577834,2,True,13,1780576034,1780576241,2.84,False,r0a
coin__MBVyDu7GddjEZ9zNBHWBTqJkhU6Fv4g4VUNGZUnpump__1780471666,coin,MBVyDu7GddjEZ9zNBHWBTqJkhU6Fv4g4VUNGZUnpump,1780471666,1780473466,2,True,9,1780471666,1780472209,2.72,False,r0a
coin__fgLjT6mAQJosXq6oz8Zk96zcnEpbV6wV5SUSK3Dpump__1781388422,coin,fgLjT6mAQJosXq6oz8Zk96zcnEpbV6wV5SUSK3Dpump,1781388422,1781390222,2,True,6,1781388422,1781388427,2.51,False,r0a
coin__5eyrv3Wuc8GLMnLM3RGLAgahaAEv3bvUzWFczp8gpump__1781026430,coin,5eyrv3Wuc8GLMnLM3RGLAgahaAEv3bvUzWFczp8gpump,1781026430,1781028230,2,True,41,1781026430,1781028182,3.25,False,r0a
coin__2qhwsQpTspqfdtTa2Yrox98kwam7vkbZNUabsLZ5pump__1781283038,coin,2qhwsQpTspqfdtTa2Yrox98kwam7vkbZNUabsLZ5pump,1781283038,1781284838,2,True,8,1781283038,1781283064,2.64,False,r0a
coin__DioWcz9RdEHNPQZiiRDLyHvqJB3j88CduS3LepNGpump__1781222146,coin,DioWcz9RdEHNPQZiiRDLyHvqJB3j88CduS3LepNGpump,1781222146,1781223946,2,True,11,1781222146,1781223597,2.77,False,r0a
coin__AomvUWpEPZYw4FNNVJH3gfzJvVtJx37LFWcdGYEpump__1781275498,coin,AomvUWpEPZYw4FNNVJH3gfzJvVtJx37LFWcdGYEpump,1781275498,1781277298,11,True,991,1781275498,1781277280,59.75,False,r0a
coin__12JPYuF5tvXbCPy7KLmEoqB53Mbpxre2L6yCteXEpump__1780777318,coin,12JPYuF5tvXbCPy7KLmEoqB53Mbpxre2L6yCteXEpump,1780777318,1780779118,30,False,3000,1780777318,1780777615,87.77,False,r0a
coin__4sEPTyzdj2At9X2gSPg5HKfEAnD9hSqv5DqiY6E7pump__1780851836,coin,4sEPTyzdj2At9X2gSPg5HKfEAnD9hSqv5DqiY6E7pump,1780851836,1780853636,2,True,21,1780851836,1780851860,3.1,False,r0a
back__rmvzC5heDE3PesYYsimevoJ1iTzw4XXa61irWa4VaH7__1780290460,back,rmvzC5heDE3PesYYsimevoJ1iTzw4XXa61irWa4VaH7,1779685660,1780290461,3,False,300,1780068910,1780290460,9.15,False,r0a
fwd__rmvzC5heDE3PesYYsimevoJ1iTzw4XXa61irWa4VaH7__1780290460,fwd,rmvzC5heDE3PesYYsimevoJ1iTzw4XXa61irWa4VaH7,1780290460,1780292260,2,True,48,1780290460,1780292250,3.89,False,r0a
back__DhSELHEnjs3rFyamjbfW5yxV1mm5kyDCJju2p7E3wgmy__1780465643,back,DhSELHEnjs3rFyamjbfW5yxV1mm5kyDCJju2p7E3wgmy,1779860843,1780465644,3,False,300,1780462823,1780465643,10.26,False,r0a
fwd__DhSELHEnjs3rFyamjbfW5yxV1mm5kyDCJju2p7E3wgmy__1780465643,fwd,DhSELHEnjs3rFyamjbfW5yxV1mm5kyDCJju2p7E3wgmy,1780465643,1780467443,2,True,62,1780465643,1780467425,4.34,False,r0a
back__uuxreNzWaHCxEpWgqbUoMfqcVDXXXsnj194b5LB26y1__1780576034,back,uuxreNzWaHCxEpWgqbUoMfqcVDXXXsnj194b5LB26y1,1779971234,1780576035,3,False,300,1780550489,1780576034,9.09,False,r0a
fwd__uuxreNzWaHCxEpWgqbUoMfqcVDXXXsnj194b5LB26y1__1780576034,fwd,uuxreNzWaHCxEpWgqbUoMfqcVDXXXsnj194b5LB26y1,1780576034,1780577834,2,True,58,1780576034,1780577706,3.7,False,r0a
back__BBpPd5PAeu2n7cNgn9jpWpRwf3Xcq3MeToDzYMwinKVN__1780471666,back,BBpPd5PAeu2n7cNgn9jpWpRwf3Xcq3MeToDzYMwinKVN,1779866866,1780471667,3,False,300,1780216644,1780471666,13.7,False,r0a
fwd__BBpPd5PAeu2n7cNgn9jpWpRwf3Xcq3MeToDzYMwinKVN__1780471666,fwd,BBpPd5PAeu2n7cNgn9jpWpRwf3Xcq3MeToDzYMwinKVN,1780471666,1780473466,2,True,16,1780471666,1780473241,6.27,False,r0a
back__6PaMCaZc44tBioQSoE63PccS3w4ZAJfeK5JMNBrLjoG6__1781388422,back,6PaMCaZc44tBioQSoE63PccS3w4ZAJfeK5JMNBrLjoG6,1780783622,1781388423,2,True,25,1781386422,1781388422,4.17,False,r0a
fwd__6PaMCaZc44tBioQSoE63PccS3w4ZAJfeK5JMNBrLjoG6__1781388422,fwd,6PaMCaZc44tBioQSoE63PccS3w4ZAJfeK5JMNBrLjoG6,1781388422,1781390222,2,True,14,1781388422,1781389543,3.03,False,r0a
back__GyqJSpqbLAbfefmyBKQNVf8DSJRxGVFHyZVHmrrYgkyF__1781026430,back,GyqJSpqbLAbfefmyBKQNVf8DSJRxGVFHyZVHmrrYgkyF,1780421630,1781026431,2,True,2,1781016929,1781026430,2.43,False,r0a
fwd__GyqJSpqbLAbfefmyBKQNVf8DSJRxGVFHyZVHmrrYgkyF__1781026430,fwd,GyqJSpqbLAbfefmyBKQNVf8DSJRxGVFHyZVHmrrYgkyF,1781026430,1781028230,2,True,3,1781026430,1781027216,2.55,False,r0a
back__AWGAwNm53RTSjxPEqxiYwwhXjcjLnMVFrd4gYK2scQT6__1781283038,back,AWGAwNm53RTSjxPEqxiYwwhXjcjLnMVFrd4gYK2scQT6,1780678238,1781283039,3,False,300,1781243470,1781283038,6.94,False,r0a
fwd__AWGAwNm53RTSjxPEqxiYwwhXjcjLnMVFrd4gYK2scQT6__1781283038,fwd,AWGAwNm53RTSjxPEqxiYwwhXjcjLnMVFrd4gYK2scQT6,1781283038,1781284838,2,True,28,1781283038,1781284719,3.08,False,r0a
back__Evb87sFU4oyPHfnoNbPLhexdHaVRmEMM1gpV2Kqh4MHx__1780278355,back,Evb87sFU4oyPHfnoNbPLhexdHaVRmEMM1gpV2Kqh4MHx,1779673555,1780278356,2,True,3,1780277633,1780278355,2.39,False,r0a
fwd__Evb87sFU4oyPHfnoNbPLhexdHaVRmEMM1gpV2Kqh4MHx__1780278355,fwd,Evb87sFU4oyPHfnoNbPLhexdHaVRmEMM1gpV2Kqh4MHx,1780278355,1780280155,2,True,9,1780278355,1780278830,2.96,False,r0a
back__AgLBMJv6pXZkwRu7mKHTE6tAXPPxcVzwR3VWs4PfZhXJ__1780782457,back,AgLBMJv6pXZkwRu7mKHTE6tAXPPxcVzwR3VWs4PfZhXJ,1780177657,1780782458,2,True,3,1780776711,1780782457,2.8,False,r0a
fwd__AgLBMJv6pXZkwRu7mKHTE6tAXPPxcVzwR3VWs4PfZhXJ__1780782457,fwd,AgLBMJv6pXZkwRu7mKHTE6tAXPPxcVzwR3VWs4PfZhXJ,1780782457,1780784257,2,True,10,1780782457,1780783890,4.24,False,r0a
back__DAcpcTqxEGizeWPGktqxMV8f8JSKfkddwMxnuuRKTJH4__1781222146,back,DAcpcTqxEGizeWPGktqxMV8f8JSKfkddwMxnuuRKTJH4,1780617346,1781222147,2,True,2,1781220700,1781222146,2.66,False,r0a
fwd__DAcpcTqxEGizeWPGktqxMV8f8JSKfkddwMxnuuRKTJH4__1781222146,fwd,DAcpcTqxEGizeWPGktqxMV8f8JSKfkddwMxnuuRKTJH4,1781222146,1781223946,2,True,5,1781222146,1781223609,3.23,False,r0a
back__3syzMExajQXRLiWx8ybUW1rwyyPsBY6X5E5qPUzN7who__1780730627,back,3syzMExajQXRLiWx8ybUW1rwyyPsBY6X5E5qPUzN7who,1780125827,1780730628,2,True,3,1780730190,1780730627,2.2,False,r0a
fwd__3syzMExajQXRLiWx8ybUW1rwyyPsBY6X5E5qPUzN7who__1780730627,fwd,3syzMExajQXRLiWx8ybUW1rwyyPsBY6X5E5qPUzN7who,1780730627,1780732427,2,True,2,1780730627,1780731538,2.47,False,r0a
back__BmwLafvyae4Jofxho7ihHtQdVd152VYA2xpEnmrs6DX4__1781275498,back,BmwLafvyae4Jofxho7ihHtQdVd152VYA2xpEnmrs6DX4,1780670698,1781275499,2,True,15,1781271294,1781275498,3.6,False,r0a
fwd__BmwLafvyae4Jofxho7ihHtQdVd152VYA2xpEnmrs6DX4__1781275498,fwd,BmwLafvyae4Jofxho7ihHtQdVd152VYA2xpEnmrs6DX4,1781275498,1781277298,2,True,25,1781275498,1781277247,3.13,False,r0a
back__D6bTtoSgLknJ9KrgDFUtB5WpqomrNEjBJipVVRoFh2DC__1780333637,back,D6bTtoSgLknJ9KrgDFUtB5WpqomrNEjBJipVVRoFh2DC,1779728837,1780333638,3,False,300,1780331653,1780333637,7.11,False,r0a
fwd__D6bTtoSgLknJ9KrgDFUtB5WpqomrNEjBJipVVRoFh2DC__1780333637,fwd,D6bTtoSgLknJ9KrgDFUtB5WpqomrNEjBJipVVRoFh2DC,1780333637,1780335437,3,False,300,1780333637,1780333646,7.38,False,r0a
back__DFUc5Cj17B2d2RE1LbquQY2dcp8CEYdmoBc6LNz6HEkN__1780452754,back,DFUc5Cj17B2d2RE1LbquQY2dcp8CEYdmoBc6LNz6HEkN,1779847954,1780452755,2,True,13,1779932686,1780452754,3.51,False,r0a
fwd__DFUc5Cj17B2d2RE1LbquQY2dcp8CEYdmoBc6LNz6HEkN__1780452754,fwd,DFUc5Cj17B2d2RE1LbquQY2dcp8CEYdmoBc6LNz6HEkN,1780452754,1780454554,2,True,5,1780452754,1780454552,2.36,False,r0a
back__H4inafSjybiiKVJiMnfVf21fmhNLB3FrTuefHiWsDxb6__1780777318,back,H4inafSjybiiKVJiMnfVf21fmhNLB3FrTuefHiWsDxb6,1780172518,1780777319,2,True,2,1780760225,1780777318,2.38,False,r0a
fwd__H4inafSjybiiKVJiMnfVf21fmhNLB3FrTuefHiWsDxb6__1780777318,fwd,H4inafSjybiiKVJiMnfVf21fmhNLB3FrTuefHiWsDxb6,1780777318,1780779118,2,True,43,1780777318,1780777754,3.64,False,r0a
back__4CmmdvY8vaW6u5EBkM3KEsqBQLJcN1qJYCiWLSepQbbq__1780851836,back,4CmmdvY8vaW6u5EBkM3KEsqBQLJcN1qJYCiWLSepQbbq,1780247036,1780851837,3,False,300,1780534755,1780851836,8.51,False,r0a
fwd__4CmmdvY8vaW6u5EBkM3KEsqBQLJcN1qJYCiWLSepQbbq__1780851836,fwd,4CmmdvY8vaW6u5EBkM3KEsqBQLJcN1qJYCiWLSepQbbq,1780851836,1780853636,2,True,11,1780851836,1780853586,3.08,False,r0a
back__22SoGrHVjBREZxfb2xKq7A14rMHEX91HWNxUxmaYjjey__1780453484,back,22SoGrHVjBREZxfb2xKq7A14rMHEX91HWNxUxmaYjjey,1779848684,1780453485,3,False,296,1779862532,1780453484,8.2,False,r0a
back__25rYCLR95duXbhtvBL7Q5Fa4uxo5hLUSn7ureouvfgkA__1780278385,back,25rYCLR95duXbhtvBL7Q5Fa4uxo5hLUSn7ureouvfgkA,1779673585,1780278386,2,True,20,1779837002,1780278385,3.0,False,r0a
back__2Du3HbUCbVHjQrwmtqsSZbdVccgR5BAcicaNPB2daBKv__1780777318,back,2Du3HbUCbVHjQrwmtqsSZbdVccgR5BAcicaNPB2daBKv,1780172518,1780777319,3,False,300,1780668649,1780777318,8.0,False,r0a
back__2LgFjYzBZXTrMmE8eLXLFDm6qpDzVPLXKb9JEF1i3zp9__1780730870,back,2LgFjYzBZXTrMmE8eLXLFDm6qpDzVPLXKb9JEF1i3zp9,1780126070,1780730871,2,True,8,1780662705,1780730870,2.54,False,r0a
back__2PLWjaYV7KiKMmUXkC2d4qxqTXjSDMm4EDXqCXw7MRr1__1780777320,back,2PLWjaYV7KiKMmUXkC2d4qxqTXjSDMm4EDXqCXw7MRr1,1780172520,1780777321,3,False,300,1780566945,1780777320,9.33,False,r0a
back__2QJjdshGCxqPCHPF4NgmDh1oEki7Hk4c3otevTXHuahD__1780278377,back,2QJjdshGCxqPCHPF4NgmDh1oEki7Hk4c3otevTXHuahD,1779673577,1780278378,2,True,12,1779845128,1780278377,3.35,False,r0a
back__2cn2Apxk6zfdUsR2HcsRzp9QRiLiNLtgvZ5NGn15CRHw__1780333641,back,2cn2Apxk6zfdUsR2HcsRzp9QRiLiNLtgvZ5NGn15CRHw,1779728841,1780333642,3,False,300,1780073432,1780333641,7.93,False,r0a
back__2dtB17phdQmQTTNBqJwfJS5bwh5B3z8S7pAF5qu4Bgk9__1780278375,back,2dtB17phdQmQTTNBqJwfJS5bwh5B3z8S7pAF5qu4Bgk9,1779673575,1780278376,2,True,9,1780277053,1780278375,2.44,False,r0a
back__2ezv4U5HmPpkt2xLsKnw1FyyGmjFBeW7c166p99Hw2xB__1780730627,back,2ezv4U5HmPpkt2xLsKnw1FyyGmjFBeW7c166p99Hw2xB,1780125827,1780730628,3,False,300,1780671818,1780730627,6.83,False,r0a
back__2qDNsPYXwDBeKycGvQ1gUFBDbbXHGCVnrYeNYA9UQoFR__1780278383,back,2qDNsPYXwDBeKycGvQ1gUFBDbbXHGCVnrYeNYA9UQoFR,1779673583,1780278384,2,True,7,1780277059,1780278383,2.38,False,r0a
back__2z7Gec8JXmWxPiT65rJ1vQXMZmQCT6Zz3NYzbyz1SnLV__1780278388,back,2z7Gec8JXmWxPiT65rJ1vQXMZmQCT6Zz3NYzbyz1SnLV,1779673588,1780278389,2,True,12,1780277058,1780278388,2.84,False,r0a
back__38j5RaEts8kH1zFmC2Js1APTsQT5at4znNBJr9qj4F5K__1780777318,back,38j5RaEts8kH1zFmC2Js1APTsQT5at4znNBJr9qj4F5K,1780172518,1780777319,3,False,236,1780175120,1780777318,9.09,False,r0a
back__3FtXNn4C6f3AWysrPteECquTop8oGff51BqKhitK6Egr__1781026595,back,3FtXNn4C6f3AWysrPteECquTop8oGff51BqKhitK6Egr,1780421795,1781026596,3,False,300,1780923215,1781026595,8.17,False,r0a
back__3K95DX2TLQkibB98AaegFPa7ojy51HKidreKkrN9Rg2d__1781275585,back,3K95DX2TLQkibB98AaegFPa7ojy51HKidreKkrN9Rg2d,1780670785,1781275586,3,False,300,1781267290,1781275585,8.83,False,r0a
back__3NitgwcmnB9K41Lbqg4JCsgH1cSwDBnYxJTFQ5ArRHvk__1780333637,back,3NitgwcmnB9K41Lbqg4JCsgH1cSwDBnYxJTFQ5ArRHvk,1779728837,1780333638,2,True,43,1780310386,1780333637,3.81,False,r0a
back__3NjppeuK23iZBGu4sgc3Z3rGzRbQNuZjqzDvAJwwhKc9__1781275505,back,3NjppeuK23iZBGu4sgc3Z3rGzRbQNuZjqzDvAJwwhKc9,1780670705,1781275506,2,True,61,1780683327,1781275505,3.66,False,r0a
back__3SkBCx49BsK64h6tssBBJZ1WNvpiLdnhnXNmJtP46d7b__1780777318,back,3SkBCx49BsK64h6tssBBJZ1WNvpiLdnhnXNmJtP46d7b,1780172518,1780777319,3,False,300,1780726048,1780777318,10.1,False,r0a
back__3TxCFKgMUgCB99YQJ8TgEJjP9Uzgk8FUXcH1p7rxRF1e__1780782459,back,3TxCFKgMUgCB99YQJ8TgEJjP9Uzgk8FUXcH1p7rxRF1e,1780177659,1780782460,3,False,300,1780431605,1780782459,10.29,False,r0a
back__3WEETkTogPz8odEs5Q2xykSvwc81iqD1t4gdzBkZPV4S__1780465650,back,3WEETkTogPz8odEs5Q2xykSvwc81iqD1t4gdzBkZPV4S,1779860850,1780465651,3,False,300,1780460448,1780465650,11.56,False,r0a
back__3dhwViJnxKhRJcJJznrVt6oYkuD1bULvsUXscuxpNBDs__1780333642,back,3dhwViJnxKhRJcJJznrVt6oYkuD1bULvsUXscuxpNBDs,1779728842,1780333643,3,False,300,1780329606,1780333642,11.09,False,r0a
back__3n5T7R6xDumgQFYkG3mz3t352DUfoGF8FSc5TE3ecTYE__1780278392,back,3n5T7R6xDumgQFYkG3mz3t352DUfoGF8FSc5TE3ecTYE,1779673592,1780278393,2,True,3,1780277084,1780278392,3.14,False,r0a
back__3nDtLwqRK4PJjqSphVyqF33C3MA2iyuMLRH4BTYkC8oC__1780333640,back,3nDtLwqRK4PJjqSphVyqF33C3MA2iyuMLRH4BTYkC8oC,1779728840,1780333641,3,False,300,1780239427,1780333640,12.06,False,r0a
back__3q4rTRiYbLQsVcV5aRPHZ4B6y4p5Fvpp6Vwnpg7R8MLg__1780783753,back,3q4rTRiYbLQsVcV5aRPHZ4B6y4p5Fvpp6Vwnpg7R8MLg,1780178953,1780783754,3,False,300,1780665326,1780783753,12.25,False,r0a
back__3sejQuEduLtdBZr3qXrXufVDRAsro8TExkxwRAHgJ7r9__1780465683,back,3sejQuEduLtdBZr3qXrXufVDRAsro8TExkxwRAHgJ7r9,1779860883,1780465684,3,False,300,1780407165,1780465683,13.2,False,r0a
back__3zVnEHeNuWshoVj8UXtHgj3WZ3G4i3hFAernRUJpcECu__1780278388,back,3zVnEHeNuWshoVj8UXtHgj3WZ3G4i3hFAernRUJpcECu,1779673588,1780278389,2,True,14,1779754707,1780278388,4.9,False,r0a
back__3zzh63h1xNGnjr7FU5k1xYLyG29LSmURhRcyWX6jcFXL__1780730787,back,3zzh63h1xNGnjr7FU5k1xYLyG29LSmURhRcyWX6jcFXL,1780125987,1780730788,3,False,294,1780227598,1780730787,8.62,False,r0a
back__413vkj4HYXLwRD6UiQZoenLF2xhqZjMMg8doQhTB9z3X__1780777318,back,413vkj4HYXLwRD6UiQZoenLF2xhqZjMMg8doQhTB9z3X,1780172518,1780777319,2,True,2,1780760223,1780777318,2.2,False,r0a
back__433oiwBajFdoWvzAwuMcSkcsj9hahj3L7FcrEVYKoLSB__1780777318,back,433oiwBajFdoWvzAwuMcSkcsj9hahj3L7FcrEVYKoLSB,1780172518,1780777319,3,False,229,1780175120,1780777318,6.68,False,r0a
back__485NvdszniSWwQZ3SyrSJCjR35HNX2Z1EKchS8nrb1qU__1780278376,back,485NvdszniSWwQZ3SyrSJCjR35HNX2Z1EKchS8nrb1qU,1779673576,1780278377,2,True,14,1780277062,1780278376,2.39,False,r0a
back__49snDdNFecpHioE2buGKBBvctfWP1bLdxSsE3ao3mijk__1780333638,back,49snDdNFecpHioE2buGKBBvctfWP1bLdxSsE3ao3mijk,1779728838,1780333639,3,True,160,1779813649,1780333638,5.1,False,r0a
back__4WAuAYr7wibrYoCy5ceCQesnuxkkHvyCN2NvSBtba19z__1781026736,back,4WAuAYr7wibrYoCy5ceCQesnuxkkHvyCN2NvSBtba19z,1780421936,1781026737,3,False,300,1780923732,1781026736,7.16,False,r0a
back__4Yh14adcDR3ushicaPzLtFn8vZdvLNdGh4HAtp67byks__1781026596,back,4Yh14adcDR3ushicaPzLtFn8vZdvLNdGh4HAtp67byks,1780421796,1781026597,3,False,300,1780939732,1781026596,6.82,False,r0a
back__4nZpfNkcmQ9N2NXSk2CyVroNE9ZQUdEBNugQDbtyTtJX__1780777318,back,4nZpfNkcmQ9N2NXSk2CyVroNE9ZQUdEBNugQDbtyTtJX,1780172518,1780777319,2,True,2,1780760225,1780777318,2.54,False,r0a
back__4s3ZjJkSRjjuibJCfji1nE97irEMH5GXeTpnApHYgcGU__1780851836,back,4s3ZjJkSRjjuibJCfji1nE97irEMH5GXeTpnApHYgcGU,1780247036,1780851837,3,False,300,1780655724,1780851836,6.79,False,r0a
back__4zfWESyq8WV8aYcY7RjPRLeVnVeLWJVoCot1gaoSFgW7__1780730963,back,4zfWESyq8WV8aYcY7RjPRLeVnVeLWJVoCot1gaoSFgW7,1780126163,1780730964,2,True,13,1780663889,1780730963,2.78,False,r0a
back__5329Z6doAhFWdagTXimG74jjUErhWax8vwfyfB9fvh4x__1780471713,back,5329Z6doAhFWdagTXimG74jjUErhWax8vwfyfB9fvh4x,1779866913,1780471714,3,False,300,1780300626,1780471713,6.05,False,r0a
back__58PWuAFViwrm8GF4X3xD3wQbt9HPRWcznB7sPa2XToDp__1780333638,back,58PWuAFViwrm8GF4X3xD3wQbt9HPRWcznB7sPa2XToDp,1779728838,1780333639,3,False,300,1780322904,1780333638,6.75,False,r0a
back__5EQbJXLYZsFtEsaxyo2tDHaBV2GpaWceBJyhE76QM9oo__1780730801,back,5EQbJXLYZsFtEsaxyo2tDHaBV2GpaWceBJyhE76QM9oo,1780126001,1780730802,2,True,5,1780653163,1780730801,2.42,False,r0a
back__5LKQi4cGmcvaD8eu9tDmNY1oWUaZc8cx95LN1uT2DgJy__1780784056,back,5LKQi4cGmcvaD8eu9tDmNY1oWUaZc8cx95LN1uT2DgJy,1780179256,1780784057,2,True,68,1780516511,1780784056,3.11,False,r0a
back__5bsNZbbEnTktmmvZDjYsiBaGqGuLsYwqpx6xoxh84h2t__1780333637,back,5bsNZbbEnTktmmvZDjYsiBaGqGuLsYwqpx6xoxh84h2t,1779728837,1780333638,2,True,45,1780295238,1780333637,2.79,False,r0a
back__5d4eKeJZEjtKwDc8DJnis4zrKXTigBr4YNfYZrzCp61x__1780278392,back,5d4eKeJZEjtKwDc8DJnis4zrKXTigBr4YNfYZrzCp61x,1779673592,1780278393,2,True,18,1779837079,1780278392,2.16,False,r0a
back__5i8rFRKn3TEWHTPC9JH7B6QQSNRmBx5TgUGiub1kAbJA__1780278375,back,5i8rFRKn3TEWHTPC9JH7B6QQSNRmBx5TgUGiub1kAbJA,1779673575,1780278376,3,False,300,1780250650,1780278375,7.0,False,r0a
back__5mFMB48J9WD5PiQtsxNUuR8Zs3fQD7brqqN1nAsLove__1780777318,back,5mFMB48J9WD5PiQtsxNUuR8Zs3fQD7brqqN1nAsLove,1780172518,1780777319,3,False,300,1780483099,1780777318,6.68,False,r0a
back__5wfb4CieSgYGRLsdUCqEkLwywgPcdgG92CYRqS5ke9AP__1780730709,back,5wfb4CieSgYGRLsdUCqEkLwywgPcdgG92CYRqS5ke9AP,1780125909,1780730710,2,True,11,1780652978,1780730709,2.26,False,r0a
back__5wyshKCkhXZUiD6LrRwgYJ2BxQNzwBScXPTKSxruF94B__1780783760,back,5wyshKCkhXZUiD6LrRwgYJ2BxQNzwBScXPTKSxruF94B,1780178960,1780783761,2,True,9,1780708587,1780783760,2.53,False,r0a
back__5y2ex68L41UiPjZXRrxsZJfPcTjkdQEKLexXvwXcq6Wo__1781222167,back,5y2ex68L41UiPjZXRrxsZJfPcTjkdQEKLexXvwXcq6Wo,1780617367,1781222168,3,False,300,1781122712,1781222167,7.12,False,r0a
back__68UmihAjkWUcJ333TynMkKbPKthhTzYt7Gy65o1PsWLp__1780730803,back,68UmihAjkWUcJ333TynMkKbPKthhTzYt7Gy65o1PsWLp,1780126003,1780730804,3,False,300,1780619294,1780730803,6.72,False,r0a
back__68hbtRLGpohhbWxk4ZNVteM2xjsLjeWi3JQqCJFJdtQs__1780278355,back,68hbtRLGpohhbWxk4ZNVteM2xjsLjeWi3JQqCJFJdtQs,1779673555,1780278356,3,False,300,1780185818,1780278355,6.69,False,r0a
back__6CYP5pvCyw8sV1CfRUHbDcEKWyN1AeUkXucB7UYWPvQq__1780777320,back,6CYP5pvCyw8sV1CfRUHbDcEKWyN1AeUkXucB7UYWPvQq,1780172520,1780777321,3,False,300,1780755048,1780777320,7.26,False,r0a
back__6Ht1KZKKwrwfe2VEnbCAo7g2qUqJW9eXcA72g6fpnsjK__1781026733,back,6Ht1KZKKwrwfe2VEnbCAo7g2qUqJW9eXcA72g6fpnsjK,1780421933,1781026734,3,False,300,1780987698,1781026733,6.72,False,r0a
back__6LL3fqD5sHZRthyrUqeRfz8iEV7E3XSL1SQzFHJGLCcF__1780278365,back,6LL3fqD5sHZRthyrUqeRfz8iEV7E3XSL1SQzFHJGLCcF,1779673565,1780278366,3,False,300,1780095670,1780278365,6.8,False,r0a
back__6e7JGdVmnAFGuNj7myWk4rY6JVCcXYrJXTvsdWNeoUpC__1780453388,back,6e7JGdVmnAFGuNj7myWk4rY6JVCcXYrJXTvsdWNeoUpC,1779848588,1780453389,2,True,21,1779932686,1780453388,2.72,False,r0a
back__6n3Z6SLLz3cpsjp9MRgM9scKyPzDeowUD56GVRd6ZmSs__1780777318,back,6n3Z6SLLz3cpsjp9MRgM9scKyPzDeowUD56GVRd6ZmSs,1780172518,1780777319,3,False,236,1780175120,1780777318,6.76,False,r0a
back__6nF7jr3iaorWxhcCfUA8ZVptdSsrZ7QTzKJ28f4RBDXw__1780730632,back,6nF7jr3iaorWxhcCfUA8ZVptdSsrZ7QTzKJ28f4RBDXw,1780125832,1780730633,3,False,300,1780614508,1780730632,6.63,False,r0a
back__6qmWpPX9eFjZzFJgRPN3i7j9z4hxwLrsJM1fAde9VJkH__1780730790,back,6qmWpPX9eFjZzFJgRPN3i7j9z4hxwLrsJM1fAde9VJkH,1780125990,1780730791,3,False,229,1780127553,1780730790,5.62,False,r0a
back__6vsBsvsWEcBUbMozq1niqnEsZnvZBwjajUicqg9yiCVW__1780333642,back,6vsBsvsWEcBUbMozq1niqnEsZnvZBwjajUicqg9yiCVW,1779728842,1780333643,3,False,300,1780329616,1780333642,6.88,False,r0a
back__72uqVNyghpxYhPzqcCnz9edLEh52XVz1veK5don7CyfT__1781275500,back,72uqVNyghpxYhPzqcCnz9edLEh52XVz1veK5don7CyfT,1780670700,1781275501,3,False,300,1781120590,1781275500,7.35,False,r0a
back__7741C9TeWK3F3rACjg57ZpJEy1st4mHMEDpQmvebpHuL__1780777318,back,7741C9TeWK3F3rACjg57ZpJEy1st4mHMEDpQmvebpHuL,1780172518,1780777319,2,True,2,1780760225,1780777318,2.27,False,r0a
back__777jiC5vZz3BUota4GrKToPjRYz5oxYJqigwKdXdgpwe__1780333641,back,777jiC5vZz3BUota4GrKToPjRYz5oxYJqigwKdXdgpwe,1779728841,1780333642,3,False,300,1780166314,1780333641,6.57,False,r0a
back__7BNmLfXMRZPmRGBBtCHz52LBGqBdJDqPDRJH4T64reJg__1780777323,back,7BNmLfXMRZPmRGBBtCHz52LBGqBdJDqPDRJH4T64reJg,1780172523,1780777324,3,False,300,1780507096,1780777323,7.52,False,r0a
back__7Eq4SW5SDnWQw1Nj9sDbUYLbjnfxmQdi2NazEddAMfAA__1780278375,back,7Eq4SW5SDnWQw1Nj9sDbUYLbjnfxmQdi2NazEddAMfAA,1779673575,1780278376,2,True,16,1779840496,1780278375,2.49,False,r0a
back__7KJRrwVaKFShEtgGoiEiWv43YaDqtVzTXbLqspJk5osv__1780278391,back,7KJRrwVaKFShEtgGoiEiWv43YaDqtVzTXbLqspJk5osv,1779673591,1780278392,2,True,30,1780277052,1780278391,2.5,False,r0a
back__7W8SEZv79hk4445o56Fd6RzhbUsozkzGXi8vkc7vNRr8__1781275586,back,7W8SEZv79hk4445o56Fd6RzhbUsozkzGXi8vkc7vNRr8,1780670786,1781275587,3,False,300,1781191652,1781275586,7.2,False,r0a
back__7m2C6g8q5CjiaMvegEyvRpRyasLPr9HB9DNXe7ECyVbp__1780278392,back,7m2C6g8q5CjiaMvegEyvRpRyasLPr9HB9DNXe7ECyVbp,1779673592,1780278393,2,True,19,1779840187,1780278392,2.43,False,r0a
back__7rT13QitAiSyBVDiwJUF38QHv4e4X1wtRYTtW7WfYuve__1780782462,back,7rT13QitAiSyBVDiwJUF38QHv4e4X1wtRYTtW7WfYuve,1780177662,1780782463,3,False,300,1780663341,1780782462,6.81,False,r0a
back__8387X1fnpvpHqZWhBKUQjkGRmKj2ah2XqXkB1eFXE3PP__1780783753,back,8387X1fnpvpHqZWhBKUQjkGRmKj2ah2XqXkB1eFXE3PP,1780178953,1780783754,3,False,300,1780665297,1780783753,7.22,False,r0a
back__85YwZaQa8SATizDxCwZ8z5EpdpLvy5Ub9zp1a3TkaHrL__1780333638,back,85YwZaQa8SATizDxCwZ8z5EpdpLvy5Ub9zp1a3TkaHrL,1779728838,1780333639,3,False,300,1780216352,1780333638,6.94,False,r0a
back__888QxrfwLFGxtygjNjbsMCYgtFy7mCybxPMYYdCu5888__1780782470,back,888QxrfwLFGxtygjNjbsMCYgtFy7mCybxPMYYdCu5888,1780177670,1780782471,3,False,300,1780648763,1780782470,5.93,False,r0a
back__8JnYKzhqwRJYdCFuurioBWyXq7J5JLBA6mbdLZZo7tuQ__1780333641,back,8JnYKzhqwRJYdCFuurioBWyXq7J5JLBA6mbdLZZo7tuQ,1779728841,1780333642,3,False,300,1780183689,1780333641,6.9,False,r0a
back__8b4WN69YG3MCEqUEP95gj1xf33QWByyddV8EUd3zKPzj__1780333638,back,8b4WN69YG3MCEqUEP95gj1xf33QWByyddV8EUd3zKPzj,1779728838,1780333639,3,True,158,1779813649,1780333638,5.84,False,r0a
back__8b8KVQs22oUF21EyhFqKYK7MdEmsQ9ZuWL8yqvhGQg5P__1780333641,back,8b8KVQs22oUF21EyhFqKYK7MdEmsQ9ZuWL8yqvhGQg5P,1779728841,1780333642,3,False,300,1779814049,1780333641,6.65,False,r0a
back__8dtx2tr4TuJsYpri2suggFu1pg3DVjFLBBVmhtDy1MEF__1781026736,back,8dtx2tr4TuJsYpri2suggFu1pg3DVjFLBBVmhtDy1MEF,1780421936,1781026737,3,False,300,1780993598,1781026736,6.84,False,r0a
back__8eNTaNgz7fTrA8tkCxYnmv7U13h5RPJ35XodAUyjR3cX__1780730815,back,8eNTaNgz7fTrA8tkCxYnmv7U13h5RPJ35XodAUyjR3cX,1780126015,1780730816,3,False,300,1780667378,1780730815,6.46,False,r0a
back__8hShZUKKKAUMzeH2L6m4SYrpMmjJPzt6niHxnTW6TNG1__1780777318,back,8hShZUKKKAUMzeH2L6m4SYrpMmjJPzt6niHxnTW6TNG1,1780172518,1780777319,3,False,300,1780708030,1780777318,7.37,False,r0a
back__8hkBLsfzCgPkZgvndf9QYKhTm4CgNmTC5VyqXoa2mutp__1780777318,back,8hkBLsfzCgPkZgvndf9QYKhTm4CgNmTC5VyqXoa2mutp,1780172518,1780777319,2,True,98,1780487249,1780777318,3.48,False,r0a
back__8iaPGWoc5kxXy3aoL7qeYK92Uy4XG9bNUUHg2u5SRfzT__1780465683,back,8iaPGWoc5kxXy3aoL7qeYK92Uy4XG9bNUUHg2u5SRfzT,1779860883,1780465684,3,False,300,1780425270,1780465683,7.57,False,r0a
back__8sDu4cYZCYXsZQiDyRL8cb4XPm8C4Un8hJrnyycNXWZz__1780453476,back,8sDu4cYZCYXsZQiDyRL8cb4XPm8C4Un8hJrnyycNXWZz,1779848676,1780453477,2,True,15,1780010155,1780453476,2.47,False,r0a
back__8utGYiU93z4pgoxdV86DPBLK2KSiNh4vUmhXjKzqTxLF__1780777322,back,8utGYiU93z4pgoxdV86DPBLK2KSiNh4vUmhXjKzqTxLF,1780172522,1780777323,3,False,300,1780581685,1780777322,7.95,False,r0a
back__8yEvGyPyDcSXUNPxKpD2cJDFBupkxuHgWXwbKMFDmZoa__1780333638,back,8yEvGyPyDcSXUNPxKpD2cJDFBupkxuHgWXwbKMFDmZoa,1779728838,1780333639,3,True,160,1779813649,1780333638,5.64,False,r0a
back__967KmTaY9VnHCJVBeqMKyJqksnNuqwuvrvmz7aJ892jD__1781275500,back,967KmTaY9VnHCJVBeqMKyJqksnNuqwuvrvmz7aJ892jD,1780670700,1781275501,3,False,300,1781030392,1781275500,6.96,False,r0a
back__99mh1kbWCWwXH6nTrhpBGhNdByK4sDR3boTofTscDp9d__1781275505,back,99mh1kbWCWwXH6nTrhpBGhNdByK4sDR3boTofTscDp9d,1780670705,1781275506,2,True,22,1781113833,1781275505,2.71,False,r0a
back__9DnmS1ySMt2bZhEh17ymyNDDLASpqAJdcottPyeqxMw5__1780777318,back,9DnmS1ySMt2bZhEh17ymyNDDLASpqAJdcottPyeqxMw5,1780172518,1780777319,2,True,2,1780760223,1780777318,2.2,False,r0a
back__9LHvTnJvG83oEc5Qw5tT8hR8YbBaCvtNfWX2q4xbwhxP__1780465650,back,9LHvTnJvG83oEc5Qw5tT8hR8YbBaCvtNfWX2q4xbwhxP,1779860850,1780465651,3,False,300,1780425704,1780465650,6.79,False,r0a
back__9Pbc8uTeyWnHsgeRbJM3Nq1tMBM6XnNXDz65Zwkg6CrE__1780777318,back,9Pbc8uTeyWnHsgeRbJM3Nq1tMBM6XnNXDz65Zwkg6CrE,1780172518,1780777319,3,False,300,1780371162,1780777318,8.52,False,r0a
back__9Rq31cEcgixHvb54fpxQjhAaByNCED2e38nWSFzc7ms__1780730936,back,9Rq31cEcgixHvb54fpxQjhAaByNCED2e38nWSFzc7ms,1780126136,1780730937,2,True,18,1780727783,1780730936,2.71,False,r0a
back__9acWkXCSNASbsoZr39TA3GQZ9yzN5DcKxpPHH9Q58THg__1780278365,back,9acWkXCSNASbsoZr39TA3GQZ9yzN5DcKxpPHH9Q58THg,1779673565,1780278366,2,True,41,1780277058,1780278365,2.56,False,r0a
back__9asxrE6nHPWvJi5NwLkyEFr5DDbC2aqB9dNuY17uVSbY__1781026733,back,9asxrE6nHPWvJi5NwLkyEFr5DDbC2aqB9dNuY17uVSbY,1780421933,1781026734,3,False,300,1781009895,1781026733,5.94,False,r0a
back__9caZyf8nauMWaGqnNuvKDRAqzL7C4gE8EMLMci8itqXV__1780730632,back,9caZyf8nauMWaGqnNuvKDRAqzL7C4gE8EMLMci8itqXV,1780125832,1780730633,3,False,300,1780587567,1780730632,6.69,False,r0a
back__9kkof3s46ttrkXGq2LiP2z2UNzjHLR4ESi67Cce9arhX__1780730912,back,9kkof3s46ttrkXGq2LiP2z2UNzjHLR4ESi67Cce9arhX,1780126112,1780730913,2,True,14,1780654409,1780730912,2.64,False,r0a
back__9ny5B9cX5ycJqzeYhw8HxYVfds78Z4zadYXWq265RRxt__1780783970,back,9ny5B9cX5ycJqzeYhw8HxYVfds78Z4zadYXWq265RRxt,1780179170,1780783971,3,False,300,1780362711,1780783970,7.8,False,r0a
back__9vscCdVAMtui8hLeBcShXKDf3qRYnDcBMgHw4mUDx7vB__1781026736,back,9vscCdVAMtui8hLeBcShXKDf3qRYnDcBMgHw4mUDx7vB,1780421936,1781026737,3,False,300,1780911235,1781026736,6.83,False,r0a
back__A4cQW5XD3oj2VhZnCzqDhEqyvJffa11bnFsfYQBjmofo__1780777320,back,A4cQW5XD3oj2VhZnCzqDhEqyvJffa11bnFsfYQBjmofo,1780172520,1780777321,3,False,300,1780690548,1780777320,6.75,False,r0a
back__A4nGyhY7GuuxcF4nZQsP5qHQNeHyP67DY3VDZzf2JrY9__1780777318,back,A4nGyhY7GuuxcF4nZQsP5qHQNeHyP67DY3VDZzf2JrY9,1780172518,1780777319,2,True,2,1780760225,1780777318,2.07,False,r0a
back__A5iFendoy8VfrcoacX9S2NRajDBXdC53YNXMdH7bDcHg__1780730893,back,A5iFendoy8VfrcoacX9S2NRajDBXdC53YNXMdH7bDcHg,1780126093,1780730894,2,True,8,1780660625,1780730893,2.65,False,r0a
back__ADkquSiH1zS6LmGoJxzwE6x44gpE6S3KWLALqNc3sTDs__1781275513,back,ADkquSiH1zS6LmGoJxzwE6x44gpE6S3KWLALqNc3sTDs,1780670713,1781275514,3,False,300,1781266987,1781275513,6.83,False,r0a
back__ALRUfYKvE8Ucr1Em5FmZcYtSuJqk3JUYhvuTJQWaHC7B__1781275500,back,ALRUfYKvE8Ucr1Em5FmZcYtSuJqk3JUYhvuTJQWaHC7B,1780670700,1781275501,3,False,274,1780733628,1781275500,6.58,False,r0a
back__ANXKnLtnkRf2ZHRJpvC1RYbq9H97bpXYGDkWtKgvdxyk__1781275499,back,ANXKnLtnkRf2ZHRJpvC1RYbq9H97bpXYGDkWtKgvdxyk,1780670699,1781275500,3,False,300,1781033911,1781275499,7.35,False,r0a
back__ARu4n5mFdZogZAravu7CcizaojWnS6oqka37gdLT5SZn__1780783656,back,ARu4n5mFdZogZAravu7CcizaojWnS6oqka37gdLT5SZn,1780178856,1780783657,3,False,300,1780783555,1780783656,7.41,False,r0a
back__ARuSKvPVTvcJK7EZ7VSv9ugemhhAzZ8K682rfuQ11jiR__1780278375,back,ARuSKvPVTvcJK7EZ7VSv9ugemhhAzZ8K682rfuQ11jiR,1779673575,1780278376,2,True,54,1780277049,1780278375,2.49,False,r0a
back__Ae7Vx6XMGe1aCuBmxnk9RUNkff98JMhiLa1XHA8dHCiY__1780730780,back,Ae7Vx6XMGe1aCuBmxnk9RUNkff98JMhiLa1XHA8dHCiY,1780125980,1780730781,2,True,29,1780505213,1780730780,3.22,False,r0a
back__AfaKir1iYPxgbeF8T2PqMwJUfWfBXZsqnyPWsCGHmYXg__1780333641,back,AfaKir1iYPxgbeF8T2PqMwJUfWfBXZsqnyPWsCGHmYXg,1779728841,1780333642,3,False,300,1780238391,1780333641,6.65,False,r0a
back__AgNaa6DLja2Nc5KEu3oEJ9Aan7shFFDB96fg6N7unxWS__1780333642,back,AgNaa6DLja2Nc5KEu3oEJ9Aan7shFFDB96fg6N7unxWS,1779728842,1780333643,3,False,300,1780320603,1780333642,6.83,False,r0a
back__AkBYrp2jjtdRu3yVMPVWrPT5HHqSMf3DDNxe41FhYw1h__1780783743,back,AkBYrp2jjtdRu3yVMPVWrPT5HHqSMf3DDNxe41FhYw1h,1780178943,1780783744,2,True,10,1780708418,1780783743,2.7,False,r0a
back__Anubis512ho5t7S6LNSwoxUWdeQmX2kf3RvZ8ApHHF5w__1781275498,back,Anubis512ho5t7S6LNSwoxUWdeQmX2kf3RvZ8ApHHF5w,1780670698,1781275499,3,False,300,1781273662,1781275498,7.39,False,r0a
back__ArefGTA6w1UnH8wGzteUmXsWLTCJGcJD6bZfzQrun8Ec__1780278375,back,ArefGTA6w1UnH8wGzteUmXsWLTCJGcJD6bZfzQrun8Ec,1779673575,1780278376,2,True,17,1780277057,1780278375,2.33,False,r0a
back__AvcwFK7QtYMLmDjzby4wSy8zm658naJZsuuzL6jK85H1__1780333642,back,AvcwFK7QtYMLmDjzby4wSy8zm658naJZsuuzL6jK85H1,1779728842,1780333643,3,False,300,1780259493,1780333642,6.72,False,r0a
back__AvjMixzyVYsdKFKRVYMaLB7PYzw6XMiwRT6AL6nLq6Qi__1780730934,back,AvjMixzyVYsdKFKRVYMaLB7PYzw6XMiwRT6AL6nLq6Qi,1780126134,1780730935,2,True,11,1780671391,1780730934,2.91,False,r0a
back__B1fed5M1yCrm3ny1LdjqzbFgsmusuYLS9CN34fSibyY9__1780730731,back,B1fed5M1yCrm3ny1LdjqzbFgsmusuYLS9CN34fSibyY9,1780125931,1780730732,2,True,5,1780653042,1780730731,2.42,False,r0a
back__B7mZKU198yq83rVGK4Q3ioXsLLUmm8NX8up91mABb6xc__1781275502,back,B7mZKU198yq83rVGK4Q3ioXsLLUmm8NX8up91mABb6xc,1780670702,1781275503,3,False,300,1780775465,1781275502,6.65,False,r0a
back__B8dTTE5FuquJisXw7FoZfFGzQzRqSUvGBTJvyDmsUDyF__1780730871,back,B8dTTE5FuquJisXw7FoZfFGzQzRqSUvGBTJvyDmsUDyF,1780126071,1780730872,3,False,300,1780703080,1780730871,6.26,False,r0a
back__BBeft5QozTYdDPagToAjvcvCwBXXjzehxqs24BtCLMRD__1780730936,back,BBeft5QozTYdDPagToAjvcvCwBXXjzehxqs24BtCLMRD,1780126136,1780730937,3,False,300,1780628720,1780730936,6.49,False,r0a
back__BBvCUAvUJgpdPub1PqGzeXSBxuj99zgGnfoEJq9k6bsM__1780333641,back,BBvCUAvUJgpdPub1PqGzeXSBxuj99zgGnfoEJq9k6bsM,1779728841,1780333642,3,False,300,1780162460,1780333641,6.97,False,r0a
back__BCagckXeMChUKrHEd6fKFA1uiWDtcmCXMsqaheLiUPJd__1780333642,back,BCagckXeMChUKrHEd6fKFA1uiWDtcmCXMsqaheLiUPJd,1779728842,1780333643,3,False,300,1780329641,1780333642,6.85,False,r0a
back__BKg2zwABKaCgFau8CeUxoedamkMbbZ6uHtWWwwvkdsyx__1780783897,back,BKg2zwABKaCgFau8CeUxoedamkMbbZ6uHtWWwwvkdsyx,1780179097,1780783898,3,False,300,1780486735,1780783897,8.43,False,r0a
back__BQCQ9DgsYYn3UhBey9YwbPznk9758sxSenU42qAkcaxt__1781275587,back,BQCQ9DgsYYn3UhBey9YwbPznk9758sxSenU42qAkcaxt,1780670787,1781275588,2,True,35,1781105981,1781275587,2.96,False,r0a
back__BTf4A2exGK9BCVDNzy65b9dUzXgMqB4weVkvTMFQsadd__1780333642,back,BTf4A2exGK9BCVDNzy65b9dUzXgMqB4weVkvTMFQsadd,1779728842,1780333643,3,False,300,1780223837,1780333642,7.78,False,r0a
back__BWHdzvQLY4zVexvwnDxNBPMnGVELjBd3Uq4SoivKUQ8Z__1780730854,back,BWHdzvQLY4zVexvwnDxNBPMnGVELjBd3Uq4SoivKUQ8Z,1780126054,1780730855,2,True,19,1780654349,1780730854,3.18,False,r0a
back__Baf9jnFQBPv16wbyV5iZfaRJiA1gp6p8uDPawWBdLgmy__1780782470,back,Baf9jnFQBPv16wbyV5iZfaRJiA1gp6p8uDPawWBdLgmy,1780177670,1780782471,3,False,300,1780648756,1780782470,8.56,False,r0a
back__BbaQ15xbZejvWar1MqauR8xXN1E5W7gmQLUwFrVR4c2p__1781275585,back,BbaQ15xbZejvWar1MqauR8xXN1E5W7gmQLUwFrVR4c2p,1780670785,1781275586,3,False,300,1780953605,1781275585,9.15,False,r0a
back__BkbGhYK6SUG9ARUt5eDE9qn62AXgKd28hPFT2LmHcXgQ__1780471713,back,BkbGhYK6SUG9ARUt5eDE9qn62AXgKd28hPFT2LmHcXgQ,1779866913,1780471714,3,False,300,1780402312,1780471713,7.96,False,r0a
back__BnnNJJgy9w2MLQ9XBKJKG9FQa2r9qdW7u5VpzEkwUcc3__1780777318,back,BnnNJJgy9w2MLQ9XBKJKG9FQa2r9qdW7u5VpzEkwUcc3,1780172518,1780777319,3,False,300,1780642854,1780777318,11.5,False,r0a
back__BqQTXtBkARf13nkZ81R7huGSu29UidYTPdYzbnHdsCZV__1780333641,back,BqQTXtBkARf13nkZ81R7huGSu29UidYTPdYzbnHdsCZV,1779728841,1780333642,3,False,300,1780293301,1780333641,7.51,False,r0a
back__BwWK17cbHxwWBKZkUYvzxLcNQ1YVyaFezduWbtm2de6s__1781388425,back,BwWK17cbHxwWBKZkUYvzxLcNQ1YVyaFezduWbtm2de6s,1780783625,1781388426,3,False,300,1781388355,1781388425,7.83,False,r0a
back__BxZEkjjLaYLM4xkbRWwK8XPQUKdS9zeAu4aph5E2iRNC__1781275585,back,BxZEkjjLaYLM4xkbRWwK8XPQUKdS9zeAu4aph5E2iRNC,1780670785,1781275586,3,False,300,1781204352,1781275585,7.19,False,r0a
back__C2JHidQsd9QNR1WKwxgafUkpFoVLvjTMHJk36sduHXR8__1780278389,back,C2JHidQsd9QNR1WKwxgafUkpFoVLvjTMHJk36sduHXR8,1779673589,1780278390,2,True,3,1780277102,1780278389,2.24,False,r0a
back__C5tWPbnLRCd6ia5B3ra2i8AznMJUw1WXfoesy2g9DGvB__1781026733,back,C5tWPbnLRCd6ia5B3ra2i8AznMJUw1WXfoesy2g9DGvB,1780421933,1781026734,3,False,300,1781011444,1781026733,6.61,False,r0a
back__CR1dBR9p9G5i6WEXw2uEdsmRY5sZQQ56aswNtjiwceiM__1780333640,back,CR1dBR9p9G5i6WEXw2uEdsmRY5sZQQ56aswNtjiwceiM,1779728840,1780333641,3,True,142,1779985776,1780333640,5.46,False,r0a
back__CbuDZfG1MAhY1ubzEYhiY68XkuJda8pSegJyxKv9qJHz__1780278355,back,CbuDZfG1MAhY1ubzEYhiY68XkuJda8pSegJyxKv9qJHz,1779673555,1780278356,3,False,300,1780148119,1780278355,6.97,False,r0a
back__CcnBMLVvqQaui2bjskFcuwDJRiTB7DSkA7GT6kE2CKWW__1780777320,back,CcnBMLVvqQaui2bjskFcuwDJRiTB7DSkA7GT6kE2CKWW,1780172520,1780777321,3,False,300,1780512047,1780777320,7.57,False,r0a
back__CkCoMbLdKUubqDtYMComYxYyhA1foA5Vta3sUY5rP6tj__1780783779,back,CkCoMbLdKUubqDtYMComYxYyhA1foA5Vta3sUY5rP6tj,1780178979,1780783780,2,True,9,1780708754,1780783779,2.62,False,r0a
back__CpSruoSkJgnBeJLeheKqQ5aPCCkTRVeSFq8zxufhNfnt__1780783723,back,CpSruoSkJgnBeJLeheKqQ5aPCCkTRVeSFq8zxufhNfnt,1780178923,1780783724,2,True,8,1780709533,1780783723,3.13,False,r0a
back__CqwDNgDBomHQB39bk4YPV1uGD3z5aUVPKao4s7hDrrD6__1780730632,back,CqwDNgDBomHQB39bk4YPV1uGD3z5aUVPKao4s7hDrrD6,1780125832,1780730633,3,False,300,1780599602,1780730632,7.54,False,r0a
back__Cr91ujciQSbwN7jwC9C3hfzHw52F1dk3g2DUJpUue5jM__1781275587,back,Cr91ujciQSbwN7jwC9C3hfzHw52F1dk3g2DUJpUue5jM,1780670787,1781275588,3,True,113,1780843093,1781275587,5.52,False,r0a
back__D7RGLujW4Bp9E9xtbEXYxDBfvmx9DBJmvBdWR4AtmnQy__1781275513,back,D7RGLujW4Bp9E9xtbEXYxDBfvmx9DBJmvBdWR4AtmnQy,1780670713,1781275514,3,False,300,1781032224,1781275513,8.0,False,r0a
back__D86T3KFpUnnQUF15NcPVR5XXqXia7jpU46ayiAJKxrXe__1780782469,back,D86T3KFpUnnQUF15NcPVR5XXqXia7jpU46ayiAJKxrXe,1780177669,1780782470,3,False,267,1780177811,1780782469,7.89,False,r0a
back__D8d9Vww8aFpmLp37H2V9EHTdRd6DP8sbue37sYxr4wQM__1781275505,back,D8d9Vww8aFpmLp37H2V9EHTdRd6DP8sbue37sYxr4wQM,1780670705,1781275506,2,True,23,1781112077,1781275505,3.36,False,r0a
back__DAxjb2Yb25sc89kk2d2SsYi9rpY3awoMSAWwN5k6wm7c__1781026595,back,DAxjb2Yb25sc89kk2d2SsYi9rpY3awoMSAWwN5k6wm7c,1780421795,1781026596,2,True,2,1781025202,1781026595,2.4,False,r0a
back__DFnq4BRi6x5a4E8gJdhR1YQSec15WiDDaeuqhvCbbMUN__1781026735,back,DFnq4BRi6x5a4E8gJdhR1YQSec15WiDDaeuqhvCbbMUN,1780421935,1781026736,3,False,300,1780669517,1781026735,8.7,False,r0a
back__DHrgqA73VtcKBgMMXtcqLmzzQKiXvdwBZF4LWXHmnBXC__1781275513,back,DHrgqA73VtcKBgMMXtcqLmzzQKiXvdwBZF4LWXHmnBXC,1780670713,1781275514,3,False,300,1781032156,1781275513,8.9,False,r0a
back__DJ1angUEw7BWCAEtXWkMZ7wzxQLb6pqxVQsroWUGCe7W__1780278374,back,DJ1angUEw7BWCAEtXWkMZ7wzxQLb6pqxVQsroWUGCe7W,1779673574,1780278375,2,True,29,1779754796,1780278374,2.73,False,r0a
back__DQmMnakiKr1YNE2gcpggLCzBrauBwFbQkAaao2FTbjgp__1780777319,back,DQmMnakiKr1YNE2gcpggLCzBrauBwFbQkAaao2FTbjgp,1780172519,1780777320,3,False,300,1780719402,1780777319,9.46,False,r0a
back__DSnJr98RDGyBLSfhinq82GyqUYjQeCPtthpUr4mRFsTM__1781275500,back,DSnJr98RDGyBLSfhinq82GyqUYjQeCPtthpUr4mRFsTM,1780670700,1781275501,3,False,266,1780677768,1781275500,7.81,False,r0a
back__DTbrjvdDYDbSwqKwh64vN3j9nnbEBAgpo66QSBf3BFXG__1780278355,back,DTbrjvdDYDbSwqKwh64vN3j9nnbEBAgpo66QSBf3BFXG,1779673555,1780278356,2,True,33,1780277053,1780278355,2.37,False,r0a
back__DYYN5NUqGoysLnFhpwJt2NE8ZoAedhcabkWB7erBfdHN__1780783040,back,DYYN5NUqGoysLnFhpwJt2NE8ZoAedhcabkWB7erBfdHN,1780178240,1780783041,2,True,15,1780708213,1780783040,3.8,False,r0a
back__DcRXXBtifMsTTwtqzMcAZWfoLfsBMgyJqPDG4i86NN52__1780730999,back,DcRXXBtifMsTTwtqzMcAZWfoLfsBMgyJqPDG4i86NN52,1780126199,1780731000,3,False,300,1780687964,1780730999,7.88,False,r0a
back__DeNwH63Xgj3a4bXXHw79BiL5iBUNBQVaRYeLHQTQxL7z__1780730787,back,DeNwH63Xgj3a4bXXHw79BiL5iBUNBQVaRYeLHQTQxL7z,1780125987,1780730788,3,False,300,1780711980,1780730787,7.74,False,r0a
back__DqQ347q5afVNVukx42yCn9xxq6kytz9TQDiNt6gfq26V__1780333641,back,DqQ347q5afVNVukx42yCn9xxq6kytz9TQDiNt6gfq26V,1779728841,1780333642,3,False,300,1780166403,1780333641,8.4,False,r0a
back__DqiSiuuvYdYcfLBchS3peuNh2V56bi1pAAyCgKRsMWTL__1780730815,back,DqiSiuuvYdYcfLBchS3peuNh2V56bi1pAAyCgKRsMWTL,1780126015,1780730816,2,True,9,1780653734,1780730815,3.02,False,r0a
back__DrnuP46qcf7b7utTY9Esm46SwkTFhYu4TrtRGTyvkE67__1780777319,back,DrnuP46qcf7b7utTY9Esm46SwkTFhYu4TrtRGTyvkE67,1780172519,1780777320,3,False,300,1780697969,1780777319,8.53,False,r0a
back__DzyQpy8XyiThTpQiJZH6gyoHK7zwvRC2Y7RUFztDpSdY__1780777318,back,DzyQpy8XyiThTpQiJZH6gyoHK7zwvRC2Y7RUFztDpSdY,1780172518,1780777319,2,True,2,1780760223,1780777318,2.2,False,r0a
back__EFAmoHKE5YekcoJHtLBenfGjcRQeG18T1ngBUxGwBsie__1780782664,back,EFAmoHKE5YekcoJHtLBenfGjcRQeG18T1ngBUxGwBsie,1780177864,1780782665,3,False,300,1780230658,1780782664,8.77,False,r0a
back__EN8iyWNh3MWBKV1EcDYJegZkzZwE98BUNNt8CngLqWr5__1781275500,back,EN8iyWNh3MWBKV1EcDYJegZkzZwE98BUNNt8CngLqWr5,1780670700,1781275501,3,True,163,1780686919,1781275500,6.13,False,r0a
back__ENrEtAk7k6RbSZBDeUbfQ9FigTFonzhC5qfWQyvnByiD__1780465681,back,ENrEtAk7k6RbSZBDeUbfQ9FigTFonzhC5qfWQyvnByiD,1779860881,1780465682,3,False,300,1780456092,1780465681,8.54,False,r0a
back__EX4QMapJmKQSeSVa4cyiyXPxBQRw8YdfNaQgcbbSSqqR__1780453484,back,EX4QMapJmKQSeSVa4cyiyXPxBQRw8YdfNaQgcbbSSqqR,1779848684,1780453485,3,False,300,1780032428,1780453484,8.13,False,r0a
back__EjSpYUMmyrty2FnVukn1DcK6d7hfQCFoYdJSAJ5dqb7b__1781026733,back,EjSpYUMmyrty2FnVukn1DcK6d7hfQCFoYdJSAJ5dqb7b,1780421933,1781026734,3,False,300,1781001992,1781026733,8.05,False,r0a
back__Em8J3gBWapfVBGVhVipwQnLrqCvnWBnLajw6XFsFECPF__1780783799,back,Em8J3gBWapfVBGVhVipwQnLrqCvnWBnLajw6XFsFECPF,1780178999,1780783800,3,False,300,1780782093,1780783799,9.45,False,r0a
back__EnhAtEBUfq54xGPxN9zXx6mRRXhtqBWqEz9EVUKaBnsk__1780730769,back,EnhAtEBUfq54xGPxN9zXx6mRRXhtqBWqEz9EVUKaBnsk,1780125969,1780730770,2,True,5,1780653567,1780730769,2.78,False,r0a
back__EodbjawcBBrCWGEqg5iHAxvgLvZCWFT8r6ZUK2tSEeD5__1780333637,back,EodbjawcBBrCWGEqg5iHAxvgLvZCWFT8r6ZUK2tSEeD5,1779728837,1780333638,2,True,45,1780301349,1780333637,3.53,False,r0a
back__Ex3BcKVGbNVQjCqFySCXsfyj22oi2yL2qjEdrFeAsh45__1780777320,back,Ex3BcKVGbNVQjCqFySCXsfyj22oi2yL2qjEdrFeAsh45,1780172520,1780777321,3,False,300,1780249432,1780777320,8.24,False,r0a
back__F7RV6aBWfniixoFkQNWmRwznDj2vae2XbusFfvMMjtbE__1780777321,back,F7RV6aBWfniixoFkQNWmRwznDj2vae2XbusFfvMMjtbE,1780172521,1780777322,3,False,300,1780720099,1780777321,8.71,False,r0a
back__FB6MFKBTJiTyu7522fr7FYRDBRnziXtR2DePW5Uh9sTX__1780278387,back,FB6MFKBTJiTyu7522fr7FYRDBRnziXtR2DePW5Uh9sTX,1779673587,1780278388,2,True,36,1779848508,1780278387,2.9,False,r0a
back__FGB3zBg8RXhG9RT6BqfhPRtuWhwAU85NcxCdgsDJDMGD__1781275500,back,FGB3zBg8RXhG9RT6BqfhPRtuWhwAU85NcxCdgsDJDMGD,1780670700,1781275501,3,False,267,1780677768,1781275500,8.27,False,r0a
back__FJJN2xUed8QduqmestHEuAmQbtAiL4wgEf1RfqDok9ev__1780777318,back,FJJN2xUed8QduqmestHEuAmQbtAiL4wgEf1RfqDok9ev,1780172518,1780777319,2,True,2,1780760221,1780777318,2.3,False,r0a
back__FMdL2mr1qVgxata25DLtR1Um7zdfKRC2vV4oV9HPJcb__1780278375,back,FMdL2mr1qVgxata25DLtR1Um7zdfKRC2vV4oV9HPJcb,1779673575,1780278376,3,False,300,1780238480,1780278375,10.9,False,r0a
back__FPBWGL9HKm3h81BH6mLFHpLrU4iSATdRGNHaQoUZYzbW__1781275585,back,FPBWGL9HKm3h81BH6mLFHpLrU4iSATdRGNHaQoUZYzbW,1780670785,1781275586,3,False,247,1780687290,1781275585,8.4,False,r0a
back__FUNhUczy83J4ATYcstKkta9EZ5FeZfhr4kEDN4PQZdgK__1780783753,back,FUNhUczy83J4ATYcstKkta9EZ5FeZfhr4kEDN4PQZdgK,1780178953,1780783754,3,False,300,1780665308,1780783753,9.36,False,r0a
back__FkzekjMLgbXC8NuSQQ2u53rmdh3jhfAZr2psDouDYvfR__1780333641,back,FkzekjMLgbXC8NuSQQ2u53rmdh3jhfAZr2psDouDYvfR,1779728841,1780333642,3,False,300,1780203849,1780333641,8.63,False,r0a
back__FmUq34o59asfro9yxKVjaa6pz3D5LYP3FKgK7F2adEt__1780453498,back,FmUq34o59asfro9yxKVjaa6pz3D5LYP3FKgK7F2adEt,1779848698,1780453499,3,True,103,1779852030,1780453498,6.26,False,r0a
back__Fmz4Xr19nVzrwU31MYgK1NHMjByMn3zwSWb2iVSy2wzm__1781222159,back,Fmz4Xr19nVzrwU31MYgK1NHMjByMn3zwSWb2iVSy2wzm,1780617359,1781222160,3,False,300,1780942812,1781222159,8.38,False,r0a
back__FoHJUYThke7eXqtCe62zRxTx1uKXkmg3DRvC94JBgVRy__1781026596,back,FoHJUYThke7eXqtCe62zRxTx1uKXkmg3DRvC94JBgVRy,1780421796,1781026597,3,False,300,1780789026,1781026596,8.34,False,r0a
back__FzVCscsaGByfD7duNzMyyuv6VV6AcN9t7pVADE9urGTz__1780333641,back,FzVCscsaGByfD7duNzMyyuv6VV6AcN9t7pVADE9urGTz,1779728841,1780333642,3,False,300,1780316461,1780333641,10.82,False,r0a
back__G3bRFhiCr3nGZEhDUss6dnGjqyTzCwdXEWCsepdpZ9r4__1781275585,back,G3bRFhiCr3nGZEhDUss6dnGjqyTzCwdXEWCsepdpZ9r4,1780670785,1781275586,3,False,212,1780687296,1781275585,9.26,False,r0a
back__G448cCh5cj6nUYvzhGAiMw2bvu72gGvf5qMgkifTKBZu__1780471713,back,G448cCh5cj6nUYvzhGAiMw2bvu72gGvf5qMgkifTKBZu,1779866913,1780471714,2,True,94,1779874043,1780471713,5.09,False,r0a
back__G71GiN7AZ3QpF8c2yHoTMqUtanrfUjPaBG98NhVoo7Ps__1781275524,back,G71GiN7AZ3QpF8c2yHoTMqUtanrfUjPaBG98NhVoo7Ps,1780670724,1781275525,2,True,47,1780691506,1781275524,4.32,False,r0a
back__GfEx1sug5B1ydUif3K8XBy3BitVQDQy33ozhMCnXVwNR__1781275585,back,GfEx1sug5B1ydUif3K8XBy3BitVQDQy33ozhMCnXVwNR,1780670785,1781275586,3,False,210,1780687296,1781275585,8.06,False,r0a
back__GgXicFDK9fiL7pfVdf9Cw6PFsovxdEXdYisQnDgZqxUC__1781222146,back,GgXicFDK9fiL7pfVdf9Cw6PFsovxdEXdYisQnDgZqxUC,1780617346,1781222147,3,False,300,1781199186,1781222146,9.95,False,r0a
back__GgkFhvmmBsU26sN8qtE4p7AptMo6XoGZsFNeHduq7n99__1780333641,back,GgkFhvmmBsU26sN8qtE4p7AptMo6XoGZsFNeHduq7n99,1779728841,1780333642,3,False,300,1780166311,1780333641,9.85,False,r0a
back__Gh6h9jFXAgWxq5KRD8YLPgbMTGcvLS74vyYFU9yWhtZa__1781275587,back,Gh6h9jFXAgWxq5KRD8YLPgbMTGcvLS74vyYFU9yWhtZa,1780670787,1781275588,3,True,183,1780843093,1781275587,9.52,False,r0a
back__GipEcsWYhBiCz3k9exNb2vurqV88xvVXveyPDHdXwBnd__1780783780,back,GipEcsWYhBiCz3k9exNb2vurqV88xvVXveyPDHdXwBnd,1780178980,1780783781,3,False,271,1780351440,1780783780,9.68,False,r0a
back__GmyDW746n7Dds8FcFRfGoe8SSNhoZwf9yCB8RipcZLhZ__1780333641,back,GmyDW746n7Dds8FcFRfGoe8SSNhoZwf9yCB8RipcZLhZ,1779728841,1780333642,3,False,289,1779735005,1780333641,8.99,False,r0a
back__Go5aSkHhNenbhYojHQsAyjKacgvnB4cUpLwdMikn3Nyx__1780278375,back,Go5aSkHhNenbhYojHQsAyjKacgvnB4cUpLwdMikn3Nyx,1779673575,1780278376,3,False,300,1780238632,1780278375,8.53,False,r0a
back__GvmgmxkE7ed9b74YigRuNeAS6rSnpCAUbjtK4Wc8ed4S__1780783753,back,GvmgmxkE7ed9b74YigRuNeAS6rSnpCAUbjtK4Wc8ed4S,1780178953,1780783754,3,False,300,1780667523,1780783753,9.4,False,r0a
back__H282SkVkM8CgWD7FMFiSiQ5UZCFvFM4nwJLa7QQ66Tbq__1780777318,back,H282SkVkM8CgWD7FMFiSiQ5UZCFvFM4nwJLa7QQ66Tbq,1780172518,1780777319,2,True,2,1780760225,1780777318,2.54,False,r0a
back__H3vswUQqG1twfGPeCjdL9JwxC3YeVWNb24aKywu6s3tN__1780278375,back,H3vswUQqG1twfGPeCjdL9JwxC3YeVWNb24aKywu6s3tN,1779673575,1780278376,3,False,300,1779721577,1780278375,9.3,False,r0a
back__H8srYEpyWnGQ1FnqoYJfXEjjaiw6hwwMUx7EL4xQsZQr__1780465652,back,H8srYEpyWnGQ1FnqoYJfXEjjaiw6hwwMUx7EL4xQsZQr,1779860852,1780465653,3,False,300,1780460993,1780465652,9.53,False,r0a
back__HdS8zuu3kJWM9ktXYywyFo1VMbf2mk7RtWCyC5cR4aUL__1780278378,back,HdS8zuu3kJWM9ktXYywyFo1VMbf2mk7RtWCyC5cR4aUL,1779673578,1780278379,2,True,19,1779758811,1780278378,3.08,False,r0a
back__HeZLQePuAFmY4jntwpAhxALaFFBUQ1UsmipTfZYY2P6Y__1780777322,back,HeZLQePuAFmY4jntwpAhxALaFFBUQ1UsmipTfZYY2P6Y,1780172522,1780777323,3,False,300,1780418854,1780777322,10.47,False,r0a
back__Het4o3TVC2v9NCbNohKXD7GjgkGk9crAXWxDpFFVGeGk__1780784192,back,Het4o3TVC2v9NCbNohKXD7GjgkGk9crAXWxDpFFVGeGk,1780179392,1780784193,3,False,300,1780385397,1780784192,10.1,False,r0a
back__Hf8Z3EinudTmNGvYpkJtL8nh4ywnEFRfNbcCmk8QbW7x__1781026447,back,Hf8Z3EinudTmNGvYpkJtL8nh4ywnEFRfNbcCmk8QbW7x,1780421647,1781026448,3,False,300,1780601997,1781026447,9.23,False,r0a
back__HhdR31wp9cQFAft6WextRnomdBorGkxf9yCsoSjpZp72__1781275502,back,HhdR31wp9cQFAft6WextRnomdBorGkxf9yCsoSjpZp72,1780670702,1781275503,2,True,36,1781256225,1781275502,4.08,False,r0a
back__Hu7dJRrg1p8txUcMM1t3m38x1gviPLk9zoGTYvSxCpmE__1781275519,back,Hu7dJRrg1p8txUcMM1t3m38x1gviPLk9zoGTYvSxCpmE,1780670719,1781275520,2,True,12,1780987072,1781275519,3.18,False,r0a
back__J7qQc25MMKWHHHjBQi8htjqhyS7QL42f13n6ncmpLFyL__1780730673,back,J7qQc25MMKWHHHjBQi8htjqhyS7QL42f13n6ncmpLFyL,1780125873,1780730674,2,True,11,1780652572,1780730673,2.62,False,r0a
back__LfEcaUf77iEhnz6gFpLqYgDb5Uk6Ekc5n69wu7Qa9Uw__1780777318,back,LfEcaUf77iEhnz6gFpLqYgDb5Uk6Ekc5n69wu7Qa9Uw,1780172518,1780777319,3,False,300,1780671762,1780777318,8.68,False,r0a
back__NULLioEUhd89Jo5Acm9sX88bwjNjrsAVy6KWkXD7qZh__1781275585,back,NULLioEUhd89Jo5Acm9sX88bwjNjrsAVy6KWkXD7qZh,1780670785,1781275586,3,False,300,1781272542,1781275585,9.94,False,r0a
back__YWMXWsCbwggxaJyMyb4eGSo4DZSkySpFqmynEumPq8y__1780730786,back,YWMXWsCbwggxaJyMyb4eGSo4DZSkySpFqmynEumPq8y,1780125986,1780730787,2,True,6,1780653568,1780730786,3.51,False,r0a
back__Z5fjQbtcCxnr4811FybGfZt5P15fzeBiSEdz14NEsDH__1780730841,back,Z5fjQbtcCxnr4811FybGfZt5P15fzeBiSEdz14NEsDH,1780126041,1780730842,2,True,10,1780654288,1780730841,3.02,False,r0a
back__bJR66g2La8RzVYk2oKXexkNrxf37PiPHphkW8ZKrAuY__1781275502,back,bJR66g2La8RzVYk2oKXexkNrxf37PiPHphkW8ZKrAuY,1780670702,1781275503,2,True,36,1781256186,1781275502,3.36,False,r0a
back__botV3ToWRV2xpnBQk4jG6TSis8nekHKUEj1Fdx2acko__1780465687,back,botV3ToWRV2xpnBQk4jG6TSis8nekHKUEj1Fdx2acko,1779860887,1780465688,3,True,135,1780252218,1780465687,6.5,False,r0a
back__f9T57KkgGNqJVT7JgAn69PmCPQu6ygifWaWnEVGr9nd__1780730751,back,f9T57KkgGNqJVT7JgAn69PmCPQu6ygifWaWnEVGr9nd,1780125951,1780730752,2,True,5,1780652873,1780730751,3.25,False,r0a
back__kzvoB9aZp9rZGTBteUTMyss7HKb5xfBKN27EuY2R8Jd__1780333642,back,kzvoB9aZp9rZGTBteUTMyss7HKb5xfBKN27EuY2R8Jd,1779728842,1780333643,3,False,300,1780259261,1780333642,10.86,False,r0a
back__nya666pQkP3PzWxi7JngU3rRMHuc7zbLK8c8wxQ4qpT__1780278375,back,nya666pQkP3PzWxi7JngU3rRMHuc7zbLK8c8wxQ4qpT,1779673575,1780278376,3,False,300,1780266155,1780278375,11.22,False,r0a
back__otq3sTTS5gDgbg6snDfqVesMwwhxKWZtz4xpM7GFoc8__1781026596,back,otq3sTTS5gDgbg6snDfqVesMwwhxKWZtz4xpM7GFoc8,1780421796,1781026597,3,False,300,1780947186,1781026596,11.21,False,r0a
back__uEo9qccSosomcghZtupp6yVzAVhpDZ5tpzdvvvWac2Q__1780278371,back,uEo9qccSosomcghZtupp6yVzAVhpDZ5tpzdvvvWac2Q,1779673571,1780278372,2,True,14,1779848539,1780278371,3.58,False,r0a
back__xyzfhxfy8NhfeNG3Um3WaUvFXzNuHkrhrZMD8dsStB6__1780333642,back,xyzfhxfy8NhfeNG3Um3WaUvFXzNuHkrhrZMD8dsStB6,1779728842,1780333643,3,False,300,1779908110,1780333642,10.08,False,r0a
back__yksXUFv7Bj9xmRwrk1vnfK7A3mRYLQ11oZXyrmDExD5__1781026733,back,yksXUFv7Bj9xmRwrk1vnfK7A3mRYLQ11oZXyrmDExD5,1780421933,1781026734,2,True,23,1780433104,1781026733,3.92,False,r0a
back__9vscCdVAMtui8hLeBcShXKDf3qRYnDcBMgHw4mUDx7vB__1780783779,back,9vscCdVAMtui8hLeBcShXKDf3qRYnDcBMgHw4mUDx7vB,1780178979,1780783780,3,False,300,1780719759,1780783779,9.56,False,r0a
back__9vscCdVAMtui8hLeBcShXKDf3qRYnDcBMgHw4mUDx7vB__1780730815,back,9vscCdVAMtui8hLeBcShXKDf3qRYnDcBMgHw4mUDx7vB,1780126015,1780730816,3,False,300,1780529401,1780730815,7.78,False,r0a
back__Anubis512ho5t7S6LNSwoxUWdeQmX2kf3RvZ8ApHHF5w__1780278375,back,Anubis512ho5t7S6LNSwoxUWdeQmX2kf3RvZ8ApHHF5w,1779673575,1780278376,3,False,300,1780270943,1780278375,7.23,False,r0a
back__BwWK17cbHxwWBKZkUYvzxLcNQ1YVyaFezduWbtm2de6s__1781283054,back,BwWK17cbHxwWBKZkUYvzxLcNQ1YVyaFezduWbtm2de6s,1780678254,1781283055,3,False,300,1781282990,1781283054,8.2,False,r0a
back__BwWK17cbHxwWBKZkUYvzxLcNQ1YVyaFezduWbtm2de6s__1780851837,back,BwWK17cbHxwWBKZkUYvzxLcNQ1YVyaFezduWbtm2de6s,1780247037,1780851838,3,False,300,1780851799,1780851837,7.42,False,r0a
back__BwWK17cbHxwWBKZkUYvzxLcNQ1YVyaFezduWbtm2de6s__1780465644,back,BwWK17cbHxwWBKZkUYvzxLcNQ1YVyaFezduWbtm2de6s,1779860844,1780465645,3,False,300,1780465550,1780465644,6.97,False,r0a
back__BwWK17cbHxwWBKZkUYvzxLcNQ1YVyaFezduWbtm2de6s__1780452793,back,BwWK17cbHxwWBKZkUYvzxLcNQ1YVyaFezduWbtm2de6s,1779847993,1780452794,3,False,300,1780452663,1780452793,7.63,False,r0a
back__Em8J3gBWapfVBGVhVipwQnLrqCvnWBnLajw6XFsFECPF__1780471713,back,Em8J3gBWapfVBGVhVipwQnLrqCvnWBnLajw6XFsFECPF,1779866913,1780471714,3,False,300,1780467955,1780471713,9.16,False,r0a
back__H8srYEpyWnGQ1FnqoYJfXEjjaiw6hwwMUx7EL4xQsZQr__1780452791,back,H8srYEpyWnGQ1FnqoYJfXEjjaiw6hwwMUx7EL4xQsZQr,1779847991,1780452792,3,False,300,1780442406,1780452791,6.67,False,r0a
back__rmvzC5heDE3PesYYsimevoJ1iTzw4XXa61irWa4VaH7__1780290460__ext,back_ext,rmvzC5heDE3PesYYsimevoJ1iTzw4XXa61irWa4VaH7,1779685660,1780068911,2,True,144,1779770055,1780068910,7.4,False,r0b
back__DhSELHEnjs3rFyamjbfW5yxV1mm5kyDCJju2p7E3wgmy__1780465643__ext,back_ext,DhSELHEnjs3rFyamjbfW5yxV1mm5kyDCJju2p7E3wgmy,1779860843,1780462824,2,False,200,1780460981,1780462823,8.67,False,r0b
back__uuxreNzWaHCxEpWgqbUoMfqcVDXXXsnj194b5LB26y1__1780576034__ext,back_ext,uuxreNzWaHCxEpWgqbUoMfqcVDXXXsnj194b5LB26y1,1779971234,1780550490,2,False,200,1780405215,1780550489,6.6,False,r0b
back__BBpPd5PAeu2n7cNgn9jpWpRwf3Xcq3MeToDzYMwinKVN__1780471666__ext,back_ext,BBpPd5PAeu2n7cNgn9jpWpRwf3Xcq3MeToDzYMwinKVN,1779866866,1780216645,2,False,200,1779982035,1780216644,9.21,False,r0b
back__AWGAwNm53RTSjxPEqxiYwwhXjcjLnMVFrd4gYK2scQT6__1781283038__ext,back_ext,AWGAwNm53RTSjxPEqxiYwwhXjcjLnMVFrd4gYK2scQT6,1780678238,1781243471,2,False,200,1780899196,1781243470,8.44,False,r0b
back__D6bTtoSgLknJ9KrgDFUtB5WpqomrNEjBJipVVRoFh2DC__1780333637__ext,back_ext,D6bTtoSgLknJ9KrgDFUtB5WpqomrNEjBJipVVRoFh2DC,1779728837,1780331654,2,False,200,1780331368,1780331653,5.97,False,r0b
back__4CmmdvY8vaW6u5EBkM3KEsqBQLJcN1qJYCiWLSepQbbq__1780851836__ext,back_ext,4CmmdvY8vaW6u5EBkM3KEsqBQLJcN1qJYCiWLSepQbbq,1780247036,1780534756,2,True,174,1780294715,1780534755,7.15,False,r0b
back__22SoGrHVjBREZxfb2xKq7A14rMHEX91HWNxUxmaYjjey__1780453484__ext,back_ext,22SoGrHVjBREZxfb2xKq7A14rMHEX91HWNxUxmaYjjey,1779848684,1779862533,1,True,1,1779862532,1779862532,1.92,False,r0b
back__2Du3HbUCbVHjQrwmtqsSZbdVccgR5BAcicaNPB2daBKv__1780777318__ext,back_ext,2Du3HbUCbVHjQrwmtqsSZbdVccgR5BAcicaNPB2daBKv,1780172518,1780668650,2,False,200,1780616281,1780668649,6.75,False,r0b
back__2PLWjaYV7KiKMmUXkC2d4qxqTXjSDMm4EDXqCXw7MRr1__1780777320__ext,back_ext,2PLWjaYV7KiKMmUXkC2d4qxqTXjSDMm4EDXqCXw7MRr1,1780172520,1780566946,2,False,200,1780391682,1780566945,7.14,False,r0b
back__2cn2Apxk6zfdUsR2HcsRzp9QRiLiNLtgvZ5NGn15CRHw__1780333641__ext,back_ext,2cn2Apxk6zfdUsR2HcsRzp9QRiLiNLtgvZ5NGn15CRHw,1779728841,1780073433,2,False,200,1779903332,1780073432,7.08,False,r0b
back__2ezv4U5HmPpkt2xLsKnw1FyyGmjFBeW7c166p99Hw2xB__1780730627__ext,back_ext,2ezv4U5HmPpkt2xLsKnw1FyyGmjFBeW7c166p99Hw2xB,1780125827,1780671819,2,False,200,1780606763,1780671818,6.51,False,r0b
back__38j5RaEts8kH1zFmC2Js1APTsQT5at4znNBJr9qj4F5K__1780777318__ext,back_ext,38j5RaEts8kH1zFmC2Js1APTsQT5at4znNBJr9qj4F5K,1780172518,1780175121,1,True,1,1780175120,1780175120,1.22,False,r0b
back__3FtXNn4C6f3AWysrPteECquTop8oGff51BqKhitK6Egr__1781026595__ext,back_ext,3FtXNn4C6f3AWysrPteECquTop8oGff51BqKhitK6Egr,1780421795,1780923216,2,False,200,1780839651,1780923215,6.16,False,r0b
back__3K95DX2TLQkibB98AaegFPa7ojy51HKidreKkrN9Rg2d__1781275585__ext,back_ext,3K95DX2TLQkibB98AaegFPa7ojy51HKidreKkrN9Rg2d,1780670785,1781267291,2,False,200,1781255152,1781267290,6.85,False,r0b
back__3SkBCx49BsK64h6tssBBJZ1WNvpiLdnhnXNmJtP46d7b__1780777318__ext,back_ext,3SkBCx49BsK64h6tssBBJZ1WNvpiLdnhnXNmJtP46d7b,1780172518,1780726049,2,False,200,1780692637,1780726048,7.23,False,r0b
back__3TxCFKgMUgCB99YQJ8TgEJjP9Uzgk8FUXcH1p7rxRF1e__1780782459__ext,back_ext,3TxCFKgMUgCB99YQJ8TgEJjP9Uzgk8FUXcH1p7rxRF1e,1780177659,1780431606,2,False,200,1780319117,1780431605,11.14,False,r0b
back__3WEETkTogPz8odEs5Q2xykSvwc81iqD1t4gdzBkZPV4S__1780465650__ext,back_ext,3WEETkTogPz8odEs5Q2xykSvwc81iqD1t4gdzBkZPV4S,1779860850,1780460449,2,False,200,1780378777,1780460448,8.58,False,r0b
back__3dhwViJnxKhRJcJJznrVt6oYkuD1bULvsUXscuxpNBDs__1780333642__ext,back_ext,3dhwViJnxKhRJcJJznrVt6oYkuD1bULvsUXscuxpNBDs,1779728842,1780329607,2,False,200,1780266594,1780329606,8.34,False,r0b
back__3nDtLwqRK4PJjqSphVyqF33C3MA2iyuMLRH4BTYkC8oC__1780333640__ext,back_ext,3nDtLwqRK4PJjqSphVyqF33C3MA2iyuMLRH4BTYkC8oC,1779728840,1780239428,2,False,200,1780170513,1780239427,7.46,False,r0b
back__3q4rTRiYbLQsVcV5aRPHZ4B6y4p5Fvpp6Vwnpg7R8MLg__1780783753__ext,back_ext,3q4rTRiYbLQsVcV5aRPHZ4B6y4p5Fvpp6Vwnpg7R8MLg,1780178953,1780665327,2,False,200,1780604282,1780665326,8.51,False,r0b
back__3sejQuEduLtdBZr3qXrXufVDRAsro8TExkxwRAHgJ7r9__1780465683__ext,back_ext,3sejQuEduLtdBZr3qXrXufVDRAsro8TExkxwRAHgJ7r9,1779860883,1780407166,2,False,200,1780366865,1780407165,9.29,False,r0b
back__3zzh63h1xNGnjr7FU5k1xYLyG29LSmURhRcyWX6jcFXL__1780730787__ext,back_ext,3zzh63h1xNGnjr7FU5k1xYLyG29LSmURhRcyWX6jcFXL,1780125987,1780227599,1,True,1,1780227598,1780227598,1.44,False,r0b
back__433oiwBajFdoWvzAwuMcSkcsj9hahj3L7FcrEVYKoLSB__1780777318__ext,back_ext,433oiwBajFdoWvzAwuMcSkcsj9hahj3L7FcrEVYKoLSB,1780172518,1780175121,1,True,1,1780175120,1780175120,1.54,False,r0b
back__4WAuAYr7wibrYoCy5ceCQesnuxkkHvyCN2NvSBtba19z__1781026736__ext,back_ext,4WAuAYr7wibrYoCy5ceCQesnuxkkHvyCN2NvSBtba19z,1780421936,1780923733,2,False,200,1780886135,1780923732,6.76,False,r0b
back__4Yh14adcDR3ushicaPzLtFn8vZdvLNdGh4HAtp67byks__1781026596__ext,back_ext,4Yh14adcDR3ushicaPzLtFn8vZdvLNdGh4HAtp67byks,1780421796,1780939733,2,False,200,1780887294,1780939732,7.71,False,r0b
back__4s3ZjJkSRjjuibJCfji1nE97irEMH5GXeTpnApHYgcGU__1780851836__ext,back_ext,4s3ZjJkSRjjuibJCfji1nE97irEMH5GXeTpnApHYgcGU,1780247036,1780655725,2,False,200,1780435683,1780655724,7.13,False,r0b
back__5329Z6doAhFWdagTXimG74jjUErhWax8vwfyfB9fvh4x__1780471713__ext,back_ext,5329Z6doAhFWdagTXimG74jjUErhWax8vwfyfB9fvh4x,1779866913,1780300627,2,False,200,1780194705,1780300626,7.32,False,r0b
back__58PWuAFViwrm8GF4X3xD3wQbt9HPRWcznB7sPa2XToDp__1780333638__ext,back_ext,58PWuAFViwrm8GF4X3xD3wQbt9HPRWcznB7sPa2XToDp,1779728838,1780322905,2,False,200,1780305040,1780322904,10.06,False,r0b
back__5i8rFRKn3TEWHTPC9JH7B6QQSNRmBx5TgUGiub1kAbJA__1780278375__ext,back_ext,5i8rFRKn3TEWHTPC9JH7B6QQSNRmBx5TgUGiub1kAbJA,1779673575,1780250651,2,False,200,1780229646,1780250650,12.49,False,r0b
back__5mFMB48J9WD5PiQtsxNUuR8Zs3fQD7brqqN1nAsLove__1780777318__ext,back_ext,5mFMB48J9WD5PiQtsxNUuR8Zs3fQD7brqqN1nAsLove,1780172518,1780483100,2,True,149,1780360786,1780483099,7.97,False,r0b
back__5y2ex68L41UiPjZXRrxsZJfPcTjkdQEKLexXvwXcq6Wo__1781222167__ext,back_ext,5y2ex68L41UiPjZXRrxsZJfPcTjkdQEKLexXvwXcq6Wo,1780617367,1781122713,2,False,200,1780759350,1781122712,9.1,False,r0b
back__68UmihAjkWUcJ333TynMkKbPKthhTzYt7Gy65o1PsWLp__1780730803__ext,back_ext,68UmihAjkWUcJ333TynMkKbPKthhTzYt7Gy65o1PsWLp,1780126003,1780619295,2,False,200,1780538574,1780619294,8.26,False,r0b
back__68hbtRLGpohhbWxk4ZNVteM2xjsLjeWi3JQqCJFJdtQs__1780278355__ext,back_ext,68hbtRLGpohhbWxk4ZNVteM2xjsLjeWi3JQqCJFJdtQs,1779673555,1780185819,2,False,200,1780120886,1780185818,8.77,False,r0b
back__6CYP5pvCyw8sV1CfRUHbDcEKWyN1AeUkXucB7UYWPvQq__1780777320__ext,back_ext,6CYP5pvCyw8sV1CfRUHbDcEKWyN1AeUkXucB7UYWPvQq,1780172520,1780755049,2,False,200,1780689065,1780755048,12.34,False,r0b
back__6Ht1KZKKwrwfe2VEnbCAo7g2qUqJW9eXcA72g6fpnsjK__1781026733__ext,back_ext,6Ht1KZKKwrwfe2VEnbCAo7g2qUqJW9eXcA72g6fpnsjK,1780421933,1780987699,2,False,200,1780956133,1780987698,12.79,False,r0b
back__6LL3fqD5sHZRthyrUqeRfz8iEV7E3XSL1SQzFHJGLCcF__1780278365__ext,back_ext,6LL3fqD5sHZRthyrUqeRfz8iEV7E3XSL1SQzFHJGLCcF,1779673565,1780095671,2,False,200,1780024451,1780095670,11.47,False,r0b
back__6n3Z6SLLz3cpsjp9MRgM9scKyPzDeowUD56GVRd6ZmSs__1780777318__ext,back_ext,6n3Z6SLLz3cpsjp9MRgM9scKyPzDeowUD56GVRd6ZmSs,1780172518,1780175121,1,True,1,1780175120,1780175120,1.6,False,r0b
back__6nF7jr3iaorWxhcCfUA8ZVptdSsrZ7QTzKJ28f4RBDXw__1780730632__ext,back_ext,6nF7jr3iaorWxhcCfUA8ZVptdSsrZ7QTzKJ28f4RBDXw,1780125832,1780614509,2,False,200,1780442189,1780614508,12.19,False,r0b
back__6qmWpPX9eFjZzFJgRPN3i7j9z4hxwLrsJM1fAde9VJkH__1780730790__ext,back_ext,6qmWpPX9eFjZzFJgRPN3i7j9z4hxwLrsJM1fAde9VJkH,1780125990,1780127554,1,True,1,1780127553,1780127553,2.74,False,r0b
back__6vsBsvsWEcBUbMozq1niqnEsZnvZBwjajUicqg9yiCVW__1780333642__ext,back_ext,6vsBsvsWEcBUbMozq1niqnEsZnvZBwjajUicqg9yiCVW,1779728842,1780329617,2,False,200,1780266524,1780329616,13.06,False,r0b
back__72uqVNyghpxYhPzqcCnz9edLEh52XVz1veK5don7CyfT__1781275500__ext,back_ext,72uqVNyghpxYhPzqcCnz9edLEh52XVz1veK5don7CyfT,1780670700,1781120591,2,False,200,1781017933,1781120590,16.28,False,r0b
back__777jiC5vZz3BUota4GrKToPjRYz5oxYJqigwKdXdgpwe__1780333641__ext,back_ext,777jiC5vZz3BUota4GrKToPjRYz5oxYJqigwKdXdgpwe,1779728841,1780166315,2,False,200,1779996128,1780166314,10.41,False,r0b
back__7BNmLfXMRZPmRGBBtCHz52LBGqBdJDqPDRJH4T64reJg__1780777323__ext,back_ext,7BNmLfXMRZPmRGBBtCHz52LBGqBdJDqPDRJH4T64reJg,1780172523,1780507097,2,False,200,1780410182,1780507096,8.91,False,r0b
back__7W8SEZv79hk4445o56Fd6RzhbUsozkzGXi8vkc7vNRr8__1781275586__ext,back_ext,7W8SEZv79hk4445o56Fd6RzhbUsozkzGXi8vkc7vNRr8,1780670786,1781191653,2,False,200,1781122007,1781191652,7.62,False,r0b
back__7rT13QitAiSyBVDiwJUF38QHv4e4X1wtRYTtW7WfYuve__1780782462__ext,back_ext,7rT13QitAiSyBVDiwJUF38QHv4e4X1wtRYTtW7WfYuve,1780177662,1780663342,2,False,200,1780573357,1780663341,8.13,False,r0b
back__8387X1fnpvpHqZWhBKUQjkGRmKj2ah2XqXkB1eFXE3PP__1780783753__ext,back_ext,8387X1fnpvpHqZWhBKUQjkGRmKj2ah2XqXkB1eFXE3PP,1780178953,1780665298,2,False,200,1780604010,1780665297,13.32,False,r0b
back__85YwZaQa8SATizDxCwZ8z5EpdpLvy5Ub9zp1a3TkaHrL__1780333638__ext,back_ext,85YwZaQa8SATizDxCwZ8z5EpdpLvy5Ub9zp1a3TkaHrL,1779728838,1780216353,2,False,200,1780104970,1780216352,9.23,False,r0b
back__888QxrfwLFGxtygjNjbsMCYgtFy7mCybxPMYYdCu5888__1780782470__ext,back_ext,888QxrfwLFGxtygjNjbsMCYgtFy7mCybxPMYYdCu5888,1780177670,1780648764,2,False,200,1780578717,1780648763,8.84,False,r0b
back__8JnYKzhqwRJYdCFuurioBWyXq7J5JLBA6mbdLZZo7tuQ__1780333641__ext,back_ext,8JnYKzhqwRJYdCFuurioBWyXq7J5JLBA6mbdLZZo7tuQ,1779728841,1780183690,2,False,200,1780111036,1780183689,8.78,False,r0b
back__8b8KVQs22oUF21EyhFqKYK7MdEmsQ9ZuWL8yqvhGQg5P__1780333641__ext,back_ext,8b8KVQs22oUF21EyhFqKYK7MdEmsQ9ZuWL8yqvhGQg5P,1779728841,1779814050,1,True,72,1779729042,1779814049,8.47,False,r0b
back__8dtx2tr4TuJsYpri2suggFu1pg3DVjFLBBVmhtDy1MEF__1781026736__ext,back_ext,8dtx2tr4TuJsYpri2suggFu1pg3DVjFLBBVmhtDy1MEF,1780421936,1780993599,2,False,200,1780970139,1780993598,10.23,False,r0b
back__8eNTaNgz7fTrA8tkCxYnmv7U13h5RPJ35XodAUyjR3cX__1780730815__ext,back_ext,8eNTaNgz7fTrA8tkCxYnmv7U13h5RPJ35XodAUyjR3cX,1780126015,1780667379,2,False,200,1780634784,1780667378,8.61,False,r0b
back__8hShZUKKKAUMzeH2L6m4SYrpMmjJPzt6niHxnTW6TNG1__1780777318__ext,back_ext,8hShZUKKKAUMzeH2L6m4SYrpMmjJPzt6niHxnTW6TNG1,1780172518,1780708031,2,False,200,1780693062,1780708030,10.88,False,r0b
back__8iaPGWoc5kxXy3aoL7qeYK92Uy4XG9bNUUHg2u5SRfzT__1780465683__ext,back_ext,8iaPGWoc5kxXy3aoL7qeYK92Uy4XG9bNUUHg2u5SRfzT,1779860883,1780425271,2,False,200,1780377986,1780425270,8.64,False,r0b
back__8utGYiU93z4pgoxdV86DPBLK2KSiNh4vUmhXjKzqTxLF__1780777322__ext,back_ext,8utGYiU93z4pgoxdV86DPBLK2KSiNh4vUmhXjKzqTxLF,1780172522,1780581686,2,False,200,1780430692,1780581685,8.9,False,r0b
back__967KmTaY9VnHCJVBeqMKyJqksnNuqwuvrvmz7aJ892jD__1781275500__ext,back_ext,967KmTaY9VnHCJVBeqMKyJqksnNuqwuvrvmz7aJ892jD,1780670700,1781030393,2,False,200,1780761737,1781030392,11.43,False,r0b
back__9LHvTnJvG83oEc5Qw5tT8hR8YbBaCvtNfWX2q4xbwhxP__1780465650__ext,back_ext,9LHvTnJvG83oEc5Qw5tT8hR8YbBaCvtNfWX2q4xbwhxP,1779860850,1780425705,2,False,200,1780384387,1780425704,8.9,False,r0b
back__9Pbc8uTeyWnHsgeRbJM3Nq1tMBM6XnNXDz65Zwkg6CrE__1780777318__ext,back_ext,9Pbc8uTeyWnHsgeRbJM3Nq1tMBM6XnNXDz65Zwkg6CrE,1780172518,1780371163,2,True,168,1780173990,1780371162,9.66,False,r0b
back__9asxrE6nHPWvJi5NwLkyEFr5DDbC2aqB9dNuY17uVSbY__1781026733__ext,back_ext,9asxrE6nHPWvJi5NwLkyEFr5DDbC2aqB9dNuY17uVSbY,1780421933,1781009896,2,False,200,1780992121,1781009895,8.83,False,r0b
back__9caZyf8nauMWaGqnNuvKDRAqzL7C4gE8EMLMci8itqXV__1780730632__ext,back_ext,9caZyf8nauMWaGqnNuvKDRAqzL7C4gE8EMLMci8itqXV,1780125832,1780587568,2,False,200,1780521765,1780587567,9.22,False,r0b
back__9ny5B9cX5ycJqzeYhw8HxYVfds78Z4zadYXWq265RRxt__1780783970__ext,back_ext,9ny5B9cX5ycJqzeYhw8HxYVfds78Z4zadYXWq265RRxt,1780179170,1780362712,1,True,64,1780181689,1780362711,3.7,False,r0b
back__9vscCdVAMtui8hLeBcShXKDf3qRYnDcBMgHw4mUDx7vB__1781026736__ext,back_ext,9vscCdVAMtui8hLeBcShXKDf3qRYnDcBMgHw4mUDx7vB,1780421936,1780911236,2,False,200,1780841730,1780911235,8.23,False,r0b
back__A4cQW5XD3oj2VhZnCzqDhEqyvJffa11bnFsfYQBjmofo__1780777320__ext,back_ext,A4cQW5XD3oj2VhZnCzqDhEqyvJffa11bnFsfYQBjmofo,1780172520,1780690549,2,False,200,1780663551,1780690548,9.99,False,r0b
back__ADkquSiH1zS6LmGoJxzwE6x44gpE6S3KWLALqNc3sTDs__1781275513__ext,back_ext,ADkquSiH1zS6LmGoJxzwE6x44gpE6S3KWLALqNc3sTDs,1780670713,1781266988,2,False,200,1781247120,1781266987,9.1,False,r0b
back__ALRUfYKvE8Ucr1Em5FmZcYtSuJqk3JUYhvuTJQWaHC7B__1781275500__ext,back_ext,ALRUfYKvE8Ucr1Em5FmZcYtSuJqk3JUYhvuTJQWaHC7B,1780670700,1780733629,1,True,1,1780733628,1780733628,1.42,False,r0b
back__ANXKnLtnkRf2ZHRJpvC1RYbq9H97bpXYGDkWtKgvdxyk__1781275499__ext,back_ext,ANXKnLtnkRf2ZHRJpvC1RYbq9H97bpXYGDkWtKgvdxyk,1780670699,1781033912,2,False,200,1780930294,1781033911,7.57,False,r0b
back__ARu4n5mFdZogZAravu7CcizaojWnS6oqka37gdLT5SZn__1780783656__ext,back_ext,ARu4n5mFdZogZAravu7CcizaojWnS6oqka37gdLT5SZn,1780178856,1780783556,2,False,200,1780783488,1780783555,9.8,False,r0b
back__AfaKir1iYPxgbeF8T2PqMwJUfWfBXZsqnyPWsCGHmYXg__1780333641__ext,back_ext,AfaKir1iYPxgbeF8T2PqMwJUfWfBXZsqnyPWsCGHmYXg,1779728841,1780238392,2,False,200,1780059487,1780238391,9.05,False,r0b
back__AgNaa6DLja2Nc5KEu3oEJ9Aan7shFFDB96fg6N7unxWS__1780333642__ext,back_ext,AgNaa6DLja2Nc5KEu3oEJ9Aan7shFFDB96fg6N7unxWS,1779728842,1780320604,2,False,200,1780296070,1780320603,8.87,False,r0b
back__Anubis512ho5t7S6LNSwoxUWdeQmX2kf3RvZ8ApHHF5w__1781275498__ext,back_ext,Anubis512ho5t7S6LNSwoxUWdeQmX2kf3RvZ8ApHHF5w,1780670698,1781273663,2,False,200,1781272866,1781273662,6.68,False,r0b
back__AvcwFK7QtYMLmDjzby4wSy8zm658naJZsuuzL6jK85H1__1780333642__ext,back_ext,AvcwFK7QtYMLmDjzby4wSy8zm658naJZsuuzL6jK85H1,1779728842,1780259494,2,False,200,1780153125,1780259493,6.35,False,r0b
back__B7mZKU198yq83rVGK4Q3ioXsLLUmm8NX8up91mABb6xc__1781275502__ext,back_ext,B7mZKU198yq83rVGK4Q3ioXsLLUmm8NX8up91mABb6xc,1780670702,1780775466,1,True,87,1780670949,1780775465,3.66,False,r0b
back__B8dTTE5FuquJisXw7FoZfFGzQzRqSUvGBTJvyDmsUDyF__1780730871__ext,back_ext,B8dTTE5FuquJisXw7FoZfFGzQzRqSUvGBTJvyDmsUDyF,1780126071,1780703081,2,False,200,1780676288,1780703080,5.08,False,r0b
back__BBeft5QozTYdDPagToAjvcvCwBXXjzehxqs24BtCLMRD__1780730936__ext,back_ext,BBeft5QozTYdDPagToAjvcvCwBXXjzehxqs24BtCLMRD,1780126136,1780628721,2,False,200,1780551284,1780628720,7.57,False,r0b
back__BBvCUAvUJgpdPub1PqGzeXSBxuj99zgGnfoEJq9k6bsM__1780333641__ext,back_ext,BBvCUAvUJgpdPub1PqGzeXSBxuj99zgGnfoEJq9k6bsM,1779728841,1780162461,2,False,200,1779996123,1780162460,5.56,False,r0b
back__BCagckXeMChUKrHEd6fKFA1uiWDtcmCXMsqaheLiUPJd__1780333642__ext,back_ext,BCagckXeMChUKrHEd6fKFA1uiWDtcmCXMsqaheLiUPJd,1779728842,1780329642,2,False,200,1780266213,1780329641,6.14,False,r0b
back__BKg2zwABKaCgFau8CeUxoedamkMbbZ6uHtWWwwvkdsyx__1780783897__ext,back_ext,BKg2zwABKaCgFau8CeUxoedamkMbbZ6uHtWWwwvkdsyx,1780179097,1780486736,2,False,200,1780329840,1780486735,5.77,False,r0b
back__BTf4A2exGK9BCVDNzy65b9dUzXgMqB4weVkvTMFQsadd__1780333642__ext,back_ext,BTf4A2exGK9BCVDNzy65b9dUzXgMqB4weVkvTMFQsadd,1779728842,1780223838,2,False,200,1780211627,1780223837,5.79,False,r0b
back__Baf9jnFQBPv16wbyV5iZfaRJiA1gp6p8uDPawWBdLgmy__1780782470__ext,back_ext,Baf9jnFQBPv16wbyV5iZfaRJiA1gp6p8uDPawWBdLgmy,1780177670,1780648757,2,False,200,1780578730,1780648756,6.43,False,r0b
back__BbaQ15xbZejvWar1MqauR8xXN1E5W7gmQLUwFrVR4c2p__1781275585__ext,back_ext,BbaQ15xbZejvWar1MqauR8xXN1E5W7gmQLUwFrVR4c2p,1780670785,1780953606,2,True,168,1780671729,1780953605,6.02,False,r0b
back__BkbGhYK6SUG9ARUt5eDE9qn62AXgKd28hPFT2LmHcXgQ__1780471713__ext,back_ext,BkbGhYK6SUG9ARUt5eDE9qn62AXgKd28hPFT2LmHcXgQ,1779866913,1780402313,2,False,200,1780356057,1780402312,5.77,False,r0b
back__BnnNJJgy9w2MLQ9XBKJKG9FQa2r9qdW7u5VpzEkwUcc3__1780777318__ext,back_ext,BnnNJJgy9w2MLQ9XBKJKG9FQa2r9qdW7u5VpzEkwUcc3,1780172518,1780642855,2,False,200,1780599226,1780642854,7.23,False,r0b
back__BqQTXtBkARf13nkZ81R7huGSu29UidYTPdYzbnHdsCZV__1780333641__ext,back_ext,BqQTXtBkARf13nkZ81R7huGSu29UidYTPdYzbnHdsCZV,1779728841,1780293302,2,False,200,1780068926,1780293301,6.83,False,r0b
back__BwWK17cbHxwWBKZkUYvzxLcNQ1YVyaFezduWbtm2de6s__1781388425__ext,back_ext,BwWK17cbHxwWBKZkUYvzxLcNQ1YVyaFezduWbtm2de6s,1780783625,1781388356,2,False,200,1781388326,1781388355,6.82,False,r0b
back__BxZEkjjLaYLM4xkbRWwK8XPQUKdS9zeAu4aph5E2iRNC__1781275585__ext,back_ext,BxZEkjjLaYLM4xkbRWwK8XPQUKdS9zeAu4aph5E2iRNC,1780670785,1781204353,2,False,200,1781183411,1781204352,7.18,False,r0b
back__C5tWPbnLRCd6ia5B3ra2i8AznMJUw1WXfoesy2g9DGvB__1781026733__ext,back_ext,C5tWPbnLRCd6ia5B3ra2i8AznMJUw1WXfoesy2g9DGvB,1780421933,1781011445,2,False,200,1780995744,1781011444,6.98,False,r0b
back__CbuDZfG1MAhY1ubzEYhiY68XkuJda8pSegJyxKv9qJHz__1780278355__ext,back_ext,CbuDZfG1MAhY1ubzEYhiY68XkuJda8pSegJyxKv9qJHz,1779673555,1780148120,2,False,200,1780063515,1780148119,6.81,False,r0b
back__CcnBMLVvqQaui2bjskFcuwDJRiTB7DSkA7GT6kE2CKWW__1780777320__ext,back_ext,CcnBMLVvqQaui2bjskFcuwDJRiTB7DSkA7GT6kE2CKWW,1780172520,1780512048,2,False,200,1780359141,1780512047,6.69,False,r0b
back__CqwDNgDBomHQB39bk4YPV1uGD3z5aUVPKao4s7hDrrD6__1780730632__ext,back_ext,CqwDNgDBomHQB39bk4YPV1uGD3z5aUVPKao4s7hDrrD6,1780125832,1780599603,2,False,200,1780512178,1780599602,5.84,False,r0b
back__D7RGLujW4Bp9E9xtbEXYxDBfvmx9DBJmvBdWR4AtmnQy__1781275513__ext,back_ext,D7RGLujW4Bp9E9xtbEXYxDBfvmx9DBJmvBdWR4AtmnQy,1780670713,1781032225,2,False,200,1780749075,1781032224,6.37,False,r0b
back__D86T3KFpUnnQUF15NcPVR5XXqXia7jpU46ayiAJKxrXe__1780782469__ext,back_ext,D86T3KFpUnnQUF15NcPVR5XXqXia7jpU46ayiAJKxrXe,1780177669,1780177812,1,True,1,1780177811,1780177811,1.39,False,r0b
back__DFnq4BRi6x5a4E8gJdhR1YQSec15WiDDaeuqhvCbbMUN__1781026735__ext,back_ext,DFnq4BRi6x5a4E8gJdhR1YQSec15WiDDaeuqhvCbbMUN,1780421935,1780669518,2,True,135,1780577990,1780669517,8.07,False,r0b
back__DHrgqA73VtcKBgMMXtcqLmzzQKiXvdwBZF4LWXHmnBXC__1781275513__ext,back_ext,DHrgqA73VtcKBgMMXtcqLmzzQKiXvdwBZF4LWXHmnBXC,1780670713,1781032157,2,False,200,1780748905,1781032156,8.5,False,r0b
back__DQmMnakiKr1YNE2gcpggLCzBrauBwFbQkAaao2FTbjgp__1780777319__ext,back_ext,DQmMnakiKr1YNE2gcpggLCzBrauBwFbQkAaao2FTbjgp,1780172519,1780719403,2,False,200,1780678981,1780719402,8.52,False,r0b
back__DSnJr98RDGyBLSfhinq82GyqUYjQeCPtthpUr4mRFsTM__1781275500__ext,back_ext,DSnJr98RDGyBLSfhinq82GyqUYjQeCPtthpUr4mRFsTM,1780670700,1780677769,1,True,1,1780677768,1780677768,1.48,False,r0b
back__DcRXXBtifMsTTwtqzMcAZWfoLfsBMgyJqPDG4i86NN52__1780730999__ext,back_ext,DcRXXBtifMsTTwtqzMcAZWfoLfsBMgyJqPDG4i86NN52,1780126199,1780687965,2,False,200,1780645680,1780687964,8.55,False,r0b
back__DeNwH63Xgj3a4bXXHw79BiL5iBUNBQVaRYeLHQTQxL7z__1780730787__ext,back_ext,DeNwH63Xgj3a4bXXHw79BiL5iBUNBQVaRYeLHQTQxL7z,1780125987,1780711981,2,False,200,1780696686,1780711980,8.04,False,r0b
back__DqQ347q5afVNVukx42yCn9xxq6kytz9TQDiNt6gfq26V__1780333641__ext,back_ext,DqQ347q5afVNVukx42yCn9xxq6kytz9TQDiNt6gfq26V,1779728841,1780166404,2,False,200,1779996832,1780166403,13.69,False,r0b
back__DrnuP46qcf7b7utTY9Esm46SwkTFhYu4TrtRGTyvkE67__1780777319__ext,back_ext,DrnuP46qcf7b7utTY9Esm46SwkTFhYu4TrtRGTyvkE67,1780172519,1780697970,2,False,200,1780659504,1780697969,7.98,False,r0b
back__EFAmoHKE5YekcoJHtLBenfGjcRQeG18T1ngBUxGwBsie__1780782664__ext,back_ext,EFAmoHKE5YekcoJHtLBenfGjcRQeG18T1ngBUxGwBsie,1780177864,1780230659,1,True,37,1780178269,1780230658,5.0,False,r0b
back__ENrEtAk7k6RbSZBDeUbfQ9FigTFonzhC5qfWQyvnByiD__1780465681__ext,back_ext,ENrEtAk7k6RbSZBDeUbfQ9FigTFonzhC5qfWQyvnByiD,1779860881,1780456093,2,False,200,1780452635,1780456092,8.67,False,r0b
back__EX4QMapJmKQSeSVa4cyiyXPxBQRw8YdfNaQgcbbSSqqR__1780453484__ext,back_ext,EX4QMapJmKQSeSVa4cyiyXPxBQRw8YdfNaQgcbbSSqqR,1779848684,1780032429,2,True,151,1779862887,1780032428,8.26,False,r0b
back__EjSpYUMmyrty2FnVukn1DcK6d7hfQCFoYdJSAJ5dqb7b__1781026733__ext,back_ext,EjSpYUMmyrty2FnVukn1DcK6d7hfQCFoYdJSAJ5dqb7b,1780421933,1781001993,2,False,200,1780978969,1781001992,7.85,False,r0b
back__Em8J3gBWapfVBGVhVipwQnLrqCvnWBnLajw6XFsFECPF__1780783799__ext,back_ext,Em8J3gBWapfVBGVhVipwQnLrqCvnWBnLajw6XFsFECPF,1780178999,1780782094,2,False,200,1780780372,1780782093,13.61,False,r0b
back__Ex3BcKVGbNVQjCqFySCXsfyj22oi2yL2qjEdrFeAsh45__1780777320__ext,back_ext,Ex3BcKVGbNVQjCqFySCXsfyj22oi2yL2qjEdrFeAsh45,1780172520,1780249433,1,True,88,1780174203,1780249432,4.23,False,r0b
back__F7RV6aBWfniixoFkQNWmRwznDj2vae2XbusFfvMMjtbE__1780777321__ext,back_ext,F7RV6aBWfniixoFkQNWmRwznDj2vae2XbusFfvMMjtbE,1780172521,1780720100,2,False,200,1780677253,1780720099,16.86,False,r0b
back__FGB3zBg8RXhG9RT6BqfhPRtuWhwAU85NcxCdgsDJDMGD__1781275500__ext,back_ext,FGB3zBg8RXhG9RT6BqfhPRtuWhwAU85NcxCdgsDJDMGD,1780670700,1780677769,1,True,1,1780677768,1780677768,1.72,False,r0b
back__FMdL2mr1qVgxata25DLtR1Um7zdfKRC2vV4oV9HPJcb__1780278375__ext,back_ext,FMdL2mr1qVgxata25DLtR1Um7zdfKRC2vV4oV9HPJcb,1779673575,1780238481,2,False,200,1780184270,1780238480,10.73,False,r0b
back__FPBWGL9HKm3h81BH6mLFHpLrU4iSATdRGNHaQoUZYzbW__1781275585__ext,back_ext,FPBWGL9HKm3h81BH6mLFHpLrU4iSATdRGNHaQoUZYzbW,1780670785,1780687291,1,True,1,1780687290,1780687290,1.88,False,r0b
back__FUNhUczy83J4ATYcstKkta9EZ5FeZfhr4kEDN4PQZdgK__1780783753__ext,back_ext,FUNhUczy83J4ATYcstKkta9EZ5FeZfhr4kEDN4PQZdgK,1780178953,1780665309,2,False,200,1780604012,1780665308,11.16,False,r0b
back__FkzekjMLgbXC8NuSQQ2u53rmdh3jhfAZr2psDouDYvfR__1780333641__ext,back_ext,FkzekjMLgbXC8NuSQQ2u53rmdh3jhfAZr2psDouDYvfR,1779728841,1780203850,2,False,200,1780113138,1780203849,13.17,False,r0b
back__Fmz4Xr19nVzrwU31MYgK1NHMjByMn3zwSWb2iVSy2wzm__1781222159__ext,back_ext,Fmz4Xr19nVzrwU31MYgK1NHMjByMn3zwSWb2iVSy2wzm,1780617359,1780942813,1,True,39,1780868688,1780942812,6.58,False,r0b
back__FoHJUYThke7eXqtCe62zRxTx1uKXkmg3DRvC94JBgVRy__1781026596__ext,back_ext,FoHJUYThke7eXqtCe62zRxTx1uKXkmg3DRvC94JBgVRy,1780421796,1780789027,2,False,200,1780617438,1780789026,8.84,False,r0b
back__FzVCscsaGByfD7duNzMyyuv6VV6AcN9t7pVADE9urGTz__1780333641__ext,back_ext,FzVCscsaGByfD7duNzMyyuv6VV6AcN9t7pVADE9urGTz,1779728841,1780316462,2,False,200,1780230627,1780316461,9.15,False,r0b
back__G3bRFhiCr3nGZEhDUss6dnGjqyTzCwdXEWCsepdpZ9r4__1781275585__ext,back_ext,G3bRFhiCr3nGZEhDUss6dnGjqyTzCwdXEWCsepdpZ9r4,1780670785,1780687297,1,True,2,1780687296,1780687296,1.8,False,r0b
back__GfEx1sug5B1ydUif3K8XBy3BitVQDQy33ozhMCnXVwNR__1781275585__ext,back_ext,GfEx1sug5B1ydUif3K8XBy3BitVQDQy33ozhMCnXVwNR,1780670785,1780687297,1,True,2,1780687296,1780687296,1.81,False,r0b
back__GgXicFDK9fiL7pfVdf9Cw6PFsovxdEXdYisQnDgZqxUC__1781222146__ext,back_ext,GgXicFDK9fiL7pfVdf9Cw6PFsovxdEXdYisQnDgZqxUC,1780617346,1781199187,2,False,200,1781183762,1781199186,7.32,False,r0b
back__GgkFhvmmBsU26sN8qtE4p7AptMo6XoGZsFNeHduq7n99__1780333641__ext,back_ext,GgkFhvmmBsU26sN8qtE4p7AptMo6XoGZsFNeHduq7n99,1779728841,1780166312,2,False,200,1779996132,1780166311,7.36,False,r0b
back__GipEcsWYhBiCz3k9exNb2vurqV88xvVXveyPDHdXwBnd__1780783780__ext,back_ext,GipEcsWYhBiCz3k9exNb2vurqV88xvVXveyPDHdXwBnd,1780178980,1780351441,1,True,1,1780351440,1780351440,1.09,False,r0b
back__GmyDW746n7Dds8FcFRfGoe8SSNhoZwf9yCB8RipcZLhZ__1780333641__ext,back_ext,GmyDW746n7Dds8FcFRfGoe8SSNhoZwf9yCB8RipcZLhZ,1779728841,1779735006,1,True,1,1779735005,1779735005,1.36,False,r0b
back__Go5aSkHhNenbhYojHQsAyjKacgvnB4cUpLwdMikn3Nyx__1780278375__ext,back_ext,Go5aSkHhNenbhYojHQsAyjKacgvnB4cUpLwdMikn3Nyx,1779673575,1780238633,2,False,200,1780199874,1780238632,8.08,False,r0b
back__GvmgmxkE7ed9b74YigRuNeAS6rSnpCAUbjtK4Wc8ed4S__1780783753__ext,back_ext,GvmgmxkE7ed9b74YigRuNeAS6rSnpCAUbjtK4Wc8ed4S,1780178953,1780667524,2,False,200,1780612449,1780667523,9.02,False,r0b
back__H3vswUQqG1twfGPeCjdL9JwxC3YeVWNb24aKywu6s3tN__1780278375__ext,back_ext,H3vswUQqG1twfGPeCjdL9JwxC3YeVWNb24aKywu6s3tN,1779673575,1779721578,1,True,7,1779694539,1779721577,2.51,False,r0b
back__H8srYEpyWnGQ1FnqoYJfXEjjaiw6hwwMUx7EL4xQsZQr__1780465652__ext,back_ext,H8srYEpyWnGQ1FnqoYJfXEjjaiw6hwwMUx7EL4xQsZQr,1779860852,1780460994,2,False,200,1780452473,1780460993,8.41,False,r0b
back__HeZLQePuAFmY4jntwpAhxALaFFBUQ1UsmipTfZYY2P6Y__1780777322__ext,back_ext,HeZLQePuAFmY4jntwpAhxALaFFBUQ1UsmipTfZYY2P6Y,1780172522,1780418855,2,True,157,1780320582,1780418854,8.15,False,r0b
back__Het4o3TVC2v9NCbNohKXD7GjgkGk9crAXWxDpFFVGeGk__1780784192__ext,back_ext,Het4o3TVC2v9NCbNohKXD7GjgkGk9crAXWxDpFFVGeGk,1780179392,1780385398,1,True,5,1780385325,1780385397,1.73,False,r0b
back__Hf8Z3EinudTmNGvYpkJtL8nh4ywnEFRfNbcCmk8QbW7x__1781026447__ext,back_ext,Hf8Z3EinudTmNGvYpkJtL8nh4ywnEFRfNbcCmk8QbW7x,1780421647,1780601998,1,True,87,1780432888,1780601997,4.72,False,r0b
back__LfEcaUf77iEhnz6gFpLqYgDb5Uk6Ekc5n69wu7Qa9Uw__1780777318__ext,back_ext,LfEcaUf77iEhnz6gFpLqYgDb5Uk6Ekc5n69wu7Qa9Uw,1780172518,1780671763,2,False,200,1780544777,1780671762,8.12,False,r0b
back__NULLioEUhd89Jo5Acm9sX88bwjNjrsAVy6KWkXD7qZh__1781275585__ext,back_ext,NULLioEUhd89Jo5Acm9sX88bwjNjrsAVy6KWkXD7qZh,1780670785,1781272543,2,False,200,1781270845,1781272542,15.05,False,r0b
back__kzvoB9aZp9rZGTBteUTMyss7HKb5xfBKN27EuY2R8Jd__1780333642__ext,back_ext,kzvoB9aZp9rZGTBteUTMyss7HKb5xfBKN27EuY2R8Jd,1779728842,1780259262,2,False,200,1780155199,1780259261,9.2,False,r0b
back__nya666pQkP3PzWxi7JngU3rRMHuc7zbLK8c8wxQ4qpT__1780278375__ext,back_ext,nya666pQkP3PzWxi7JngU3rRMHuc7zbLK8c8wxQ4qpT,1779673575,1780266156,2,False,200,1780259526,1780266155,10.03,False,r0b
back__otq3sTTS5gDgbg6snDfqVesMwwhxKWZtz4xpM7GFoc8__1781026596__ext,back_ext,otq3sTTS5gDgbg6snDfqVesMwwhxKWZtz4xpM7GFoc8,1780421796,1780947187,2,False,200,1780910129,1780947186,8.96,False,r0b
back__xyzfhxfy8NhfeNG3Um3WaUvFXzNuHkrhrZMD8dsStB6__1780333642__ext,back_ext,xyzfhxfy8NhfeNG3Um3WaUvFXzNuHkrhrZMD8dsStB6,1779728842,1779908111,2,False,200,1779898381,1779908110,26.97,False,r0b
back__9vscCdVAMtui8hLeBcShXKDf3qRYnDcBMgHw4mUDx7vB__1780783779__ext,back_ext,9vscCdVAMtui8hLeBcShXKDf3qRYnDcBMgHw4mUDx7vB,1780178979,1780719760,2,False,200,1780596607,1780719759,7.61,False,r0b
back__9vscCdVAMtui8hLeBcShXKDf3qRYnDcBMgHw4mUDx7vB__1780730815__ext,back_ext,9vscCdVAMtui8hLeBcShXKDf3qRYnDcBMgHw4mUDx7vB,1780126015,1780529402,2,False,200,1780414699,1780529401,16.93,False,r0b
back__Anubis512ho5t7S6LNSwoxUWdeQmX2kf3RvZ8ApHHF5w__1780278375__ext,back_ext,Anubis512ho5t7S6LNSwoxUWdeQmX2kf3RvZ8ApHHF5w,1779673575,1780270944,2,False,200,1780268348,1780270943,15.73,False,r0b
back__BwWK17cbHxwWBKZkUYvzxLcNQ1YVyaFezduWbtm2de6s__1781283054__ext,back_ext,BwWK17cbHxwWBKZkUYvzxLcNQ1YVyaFezduWbtm2de6s,1780678254,1781282991,2,False,200,1781282937,1781282990,16.32,False,r0b
back__BwWK17cbHxwWBKZkUYvzxLcNQ1YVyaFezduWbtm2de6s__1780851837__ext,back_ext,BwWK17cbHxwWBKZkUYvzxLcNQ1YVyaFezduWbtm2de6s,1780247037,1780851800,2,False,200,1780851774,1780851799,39.91,False,r0b
back__BwWK17cbHxwWBKZkUYvzxLcNQ1YVyaFezduWbtm2de6s__1780465644__ext,back_ext,BwWK17cbHxwWBKZkUYvzxLcNQ1YVyaFezduWbtm2de6s,1779860844,1780465551,2,False,200,1780465497,1780465550,25.6,False,r0b
back__BwWK17cbHxwWBKZkUYvzxLcNQ1YVyaFezduWbtm2de6s__1780452793__ext,back_ext,BwWK17cbHxwWBKZkUYvzxLcNQ1YVyaFezduWbtm2de6s,1779847993,1780452664,2,False,200,1780452595,1780452663,15.51,False,r0b
back__Em8J3gBWapfVBGVhVipwQnLrqCvnWBnLajw6XFsFECPF__1780471713__ext,back_ext,Em8J3gBWapfVBGVhVipwQnLrqCvnWBnLajw6XFsFECPF,1779866913,1780467956,2,False,200,1780465673,1780467955,55.8,False,r0b
back__H8srYEpyWnGQ1FnqoYJfXEjjaiw6hwwMUx7EL4xQsZQr__1780452791__ext,back_ext,H8srYEpyWnGQ1FnqoYJfXEjjaiw6hwwMUx7EL4xQsZQr,1779847991,1780442407,2,False,200,1780436762,1780442406,34.77,False,r0b
back__AVazKPx9uSwUwFRocfr2FnTvtS9twtq9wbdP35hv1wzZ__1781202620,back,AVazKPx9uSwUwFRocfr2FnTvtS9twtq9wbdP35hv1wzZ,1780597820,1781202621,1,True,5,1781200639,1781202620,3.99,False,r0b
fwd__AVazKPx9uSwUwFRocfr2FnTvtS9twtq9wbdP35hv1wzZ__1781202620,fwd,AVazKPx9uSwUwFRocfr2FnTvtS9twtq9wbdP35hv1wzZ,1781202620,1781204420,1,True,4,1781202620,1781202692,1.55,False,r0b
back__bwamJzztZsepfkteWRChggmXuiiCQvpLqPietdNfSXa__1780336155,back,bwamJzztZsepfkteWRChggmXuiiCQvpLqPietdNfSXa,1779731355,1780336156,5,False,500,1780335608,1780336155,39.15,False,r0b
fwd__bwamJzztZsepfkteWRChggmXuiiCQvpLqPietdNfSXa__1780336155,fwd,bwamJzztZsepfkteWRChggmXuiiCQvpLqPietdNfSXa,1780336155,1780337955,5,False,500,1780336155,1780336854,37.43,False,r0b
back__8EDV8zm3L6uDtHyDdEVab283bK94Cr6QhCfyHq28zPAM__1780843025,back,8EDV8zm3L6uDtHyDdEVab283bK94Cr6QhCfyHq28zPAM,1780238225,1780843026,3,True,218,1780759202,1780843025,28.83,False,r0b
fwd__8EDV8zm3L6uDtHyDdEVab283bK94Cr6QhCfyHq28zPAM__1780843025,fwd,8EDV8zm3L6uDtHyDdEVab283bK94Cr6QhCfyHq28zPAM,1780843025,1780844825,1,True,33,1780843025,1780843282,14.38,False,r0b
back__43EjSrQCtDZEGechJ2HyTefDwDD7NQQy9qq8VZkmQtje__1780347146,back,43EjSrQCtDZEGechJ2HyTefDwDD7NQQy9qq8VZkmQtje,1779742346,1780347147,5,False,500,1780093000,1780347146,27.58,False,r0b
fwd__43EjSrQCtDZEGechJ2HyTefDwDD7NQQy9qq8VZkmQtje__1780347146,fwd,43EjSrQCtDZEGechJ2HyTefDwDD7NQQy9qq8VZkmQtje,1780347146,1780348946,1,True,89,1780347146,1780348944,3.25,False,r0b
back__3SUnsU4iE99PgscFeUSm2pXgGm5duEfyyg4yqiQj8VLx__1780978555,back,3SUnsU4iE99PgscFeUSm2pXgGm5duEfyyg4yqiQj8VLx,1780373755,1780978556,5,False,500,1780950821,1780978555,33.34,False,r0b
fwd__3SUnsU4iE99PgscFeUSm2pXgGm5duEfyyg4yqiQj8VLx__1780978555,fwd,3SUnsU4iE99PgscFeUSm2pXgGm5duEfyyg4yqiQj8VLx,1780978555,1780980355,1,True,52,1780978555,1780979909,4.66,False,r0b
back__8eRqKaZProoVrmhUtCPtUotP3XT2xq9Pj7697jjoHiQB__1781129792,back,8eRqKaZProoVrmhUtCPtUotP3XT2xq9Pj7697jjoHiQB,1780524992,1781129793,5,False,500,1781126239,1781129792,29.55,False,r0b
fwd__8eRqKaZProoVrmhUtCPtUotP3XT2xq9Pj7697jjoHiQB__1781129792,fwd,8eRqKaZProoVrmhUtCPtUotP3XT2xq9Pj7697jjoHiQB,1781129792,1781131592,3,True,267,1781129792,1781131581,19.45,False,r0b
back__3SUnsU4iE99PgscFeUSm2pXgGm5duEfyyg4yqiQj8VLx__1780823201,back,3SUnsU4iE99PgscFeUSm2pXgGm5duEfyyg4yqiQj8VLx,1780218401,1780823202,5,False,500,1780697725,1780823201,35.17,False,r0b
fwd__3SUnsU4iE99PgscFeUSm2pXgGm5duEfyyg4yqiQj8VLx__1780823201,fwd,3SUnsU4iE99PgscFeUSm2pXgGm5duEfyyg4yqiQj8VLx,1780823201,1780825001,1,True,93,1780823201,1780824998,7.29,False,r0b
back__78N177fzNJpp8pG49xDv1efYcTMSzo9tPTKEA9mAVkh2__1780829856,back,78N177fzNJpp8pG49xDv1efYcTMSzo9tPTKEA9mAVkh2,1780225056,1780829857,5,False,500,1780769084,1780829856,21.24,False,r0b
fwd__78N177fzNJpp8pG49xDv1efYcTMSzo9tPTKEA9mAVkh2__1780829856,fwd,78N177fzNJpp8pG49xDv1efYcTMSzo9tPTKEA9mAVkh2,1780829856,1780831656,1,True,10,1780829856,1780831241,1.67,False,r0b
back__9euTxsZQtvedf77QUs1ymhyVt3EstSWDx8dij6AQxL84__1780451224,back,9euTxsZQtvedf77QUs1ymhyVt3EstSWDx8dij6AQxL84,1779846424,1780451225,1,True,66,1779848092,1780451224,5.94,False,r0b
fwd__9euTxsZQtvedf77QUs1ymhyVt3EstSWDx8dij6AQxL84__1780451224,fwd,9euTxsZQtvedf77QUs1ymhyVt3EstSWDx8dij6AQxL84,1780451224,1780453024,1,True,10,1780451224,1780452633,2.95,False,r0b
back__6ujZxnphRxTqveaQtLAQHFoWz16xhLWZbTijcgZN4fRp__1781117482,back,6ujZxnphRxTqveaQtLAQHFoWz16xhLWZbTijcgZN4fRp,1780512682,1781117483,5,False,500,1780770624,1781117482,24.09,False,r0b
fwd__6ujZxnphRxTqveaQtLAQHFoWz16xhLWZbTijcgZN4fRp__1781117482,fwd,6ujZxnphRxTqveaQtLAQHFoWz16xhLWZbTijcgZN4fRp,1781117482,1781119282,1,True,9,1781117482,1781118809,3.07,False,r0b
back__CScBTnmRDUpq2x2dqANUnDNQZHHVPE26dvZuQofmsrjY__1780969590,back,CScBTnmRDUpq2x2dqANUnDNQZHHVPE26dvZuQofmsrjY,1780364790,1780969591,5,False,500,1780901980,1780969590,26.14,False,r0b
fwd__CScBTnmRDUpq2x2dqANUnDNQZHHVPE26dvZuQofmsrjY__1780969590,fwd,CScBTnmRDUpq2x2dqANUnDNQZHHVPE26dvZuQofmsrjY,1780969590,1780971390,1,True,41,1780969590,1780970756,4.0,False,r0b
back__6aYNAQhUUayUewFJ8GFAVT8czNNBujnHymvgRecnpzk3__1780996928,back,6aYNAQhUUayUewFJ8GFAVT8czNNBujnHymvgRecnpzk3,1780392128,1780996929,1,True,2,1780946735,1780996928,2.26,False,r0b
fwd__6aYNAQhUUayUewFJ8GFAVT8czNNBujnHymvgRecnpzk3__1780996928,fwd,6aYNAQhUUayUewFJ8GFAVT8czNNBujnHymvgRecnpzk3,1780996928,1780998728,1,True,1,1780996928,1780996928,1.23,False,r0b
back__9zZu1w91ULX9ZZ8MhVjnnDKVNwv8QE7eWgyzvT65F5wb__1780524364,back,9zZu1w91ULX9ZZ8MhVjnnDKVNwv8QE7eWgyzvT65F5wb,1779919564,1780524365,5,False,500,1780488531,1780524364,35.71,False,r0b
fwd__9zZu1w91ULX9ZZ8MhVjnnDKVNwv8QE7eWgyzvT65F5wb__1780524364,fwd,9zZu1w91ULX9ZZ8MhVjnnDKVNwv8QE7eWgyzvT65F5wb,1780524364,1780526164,1,True,35,1780524364,1780525431,5.18,False,r0b
back__4pwg2vxLg8rNymevFUEqX8T8BDZeZJ9gkVkcQbSstb2g__1780804055,back,4pwg2vxLg8rNymevFUEqX8T8BDZeZJ9gkVkcQbSstb2g,1780199255,1780804056,1,True,18,1780749436,1780804055,2.73,False,r0b
fwd__4pwg2vxLg8rNymevFUEqX8T8BDZeZJ9gkVkcQbSstb2g__1780804055,fwd,4pwg2vxLg8rNymevFUEqX8T8BDZeZJ9gkVkcQbSstb2g,1780804055,1780805855,1,True,2,1780804055,1780804070,1.53,False,r0b
back__5hKvphnv7qA5eUgBN4r97Rsm4DVCedhipnPcLBVeR93V__1780781473,back,5hKvphnv7qA5eUgBN4r97Rsm4DVCedhipnPcLBVeR93V,1780176673,1780781474,1,True,5,1780780369,1780781473,1.54,False,r0b
fwd__5hKvphnv7qA5eUgBN4r97Rsm4DVCedhipnPcLBVeR93V__1780781473,fwd,5hKvphnv7qA5eUgBN4r97Rsm4DVCedhipnPcLBVeR93V,1780781473,1780783273,1,True,2,1780781473,1780782793,1.16,False,r0b
back__973FZBDzny2nCKDZdgkHnk1wXiPvgg6bQGt2qJveVe8D__1780518247,back,973FZBDzny2nCKDZdgkHnk1wXiPvgg6bQGt2qJveVe8D,1779913447,1780518248,1,True,2,1780517672,1780518247,1.3,False,r0b
fwd__973FZBDzny2nCKDZdgkHnk1wXiPvgg6bQGt2qJveVe8D__1780518247,fwd,973FZBDzny2nCKDZdgkHnk1wXiPvgg6bQGt2qJveVe8D,1780518247,1780520047,1,True,10,1780518247,1780519361,2.26,False,r0b
back__42LQ2ZC1U8WBnm8hZjLFykcxNRCoa6QGXCbcHKUJ7uA2__1781090059,back,42LQ2ZC1U8WBnm8hZjLFykcxNRCoa6QGXCbcHKUJ7uA2,1780485259,1781090060,1,True,53,1780496572,1781090059,3.93,False,r0b
fwd__42LQ2ZC1U8WBnm8hZjLFykcxNRCoa6QGXCbcHKUJ7uA2__1781090059,fwd,42LQ2ZC1U8WBnm8hZjLFykcxNRCoa6QGXCbcHKUJ7uA2,1781090059,1781091859,1,True,4,1781090059,1781090865,1.56,False,r0b
back__GgUo69VEMxugGLZgYz4gJVTr8uUfF1yj88v8DPjnpKBg__1781334343,back,GgUo69VEMxugGLZgYz4gJVTr8uUfF1yj88v8DPjnpKBg,1780729543,1781334344,2,True,196,1780750724,1781334343,24.78,False,r0b
fwd__GgUo69VEMxugGLZgYz4gJVTr8uUfF1yj88v8DPjnpKBg__1781334343,fwd,GgUo69VEMxugGLZgYz4gJVTr8uUfF1yj88v8DPjnpKBg,1781334343,1781336143,1,True,97,1781334343,1781336142,6.12,False,r0b
back__JAkX1xw1n15VT7mmsxEuXmmggxB9oCeodESesLQgrjQB__1781035999,back,JAkX1xw1n15VT7mmsxEuXmmggxB9oCeodESesLQgrjQB,1780431199,1781036000,1,True,23,1781030131,1781035999,4.4,False,r0b
fwd__JAkX1xw1n15VT7mmsxEuXmmggxB9oCeodESesLQgrjQB__1781035999,fwd,JAkX1xw1n15VT7mmsxEuXmmggxB9oCeodESesLQgrjQB,1781035999,1781037799,1,True,2,1781035999,1781036026,1.65,False,r0b
back__6z51o3BNbYLJTL7SeGeHJQNpoc7rcWt8f6mzUg533uYe__1780528266,back,6z51o3BNbYLJTL7SeGeHJQNpoc7rcWt8f6mzUg533uYe,1779923466,1780528267,5,False,500,1780413593,1780528266,37.38,False,r0b
fwd__6z51o3BNbYLJTL7SeGeHJQNpoc7rcWt8f6mzUg533uYe__1780528266,fwd,6z51o3BNbYLJTL7SeGeHJQNpoc7rcWt8f6mzUg533uYe,1780528266,1780530066,1,True,7,1780528266,1780528428,1.99,False,r0b
back__Cdhi3XQ25bt24dCPAqWysWSj7QeKELxNDC2FfTv7Ytxy__1780708041,back,Cdhi3XQ25bt24dCPAqWysWSj7QeKELxNDC2FfTv7Ytxy,1780103241,1780708042,5,False,500,1780609775,1780708041,29.47,False,r0b
fwd__Cdhi3XQ25bt24dCPAqWysWSj7QeKELxNDC2FfTv7Ytxy__1780708041,fwd,Cdhi3XQ25bt24dCPAqWysWSj7QeKELxNDC2FfTv7Ytxy,1780708041,1780709841,1,True,79,1780708041,1780709729,15.47,False,r0b
back__9RvZ8kgeHVzpc1f3pWn21i51QMXFsLyvXLXp3uqLxPJM__1780285684,back,9RvZ8kgeHVzpc1f3pWn21i51QMXFsLyvXLXp3uqLxPJM,1779680884,1780285685,2,True,139,1780178497,1780285684,20.9,False,r0b
fwd__9RvZ8kgeHVzpc1f3pWn21i51QMXFsLyvXLXp3uqLxPJM__1780285684,fwd,9RvZ8kgeHVzpc1f3pWn21i51QMXFsLyvXLXp3uqLxPJM,1780285684,1780287484,1,True,6,1780285684,1780285843,2.36,False,r0b
back__2GUFR8zBza2tKgkWvbneG7Puam66bp5kYY1ZLPwcgzfZ__1781266764,back,2GUFR8zBza2tKgkWvbneG7Puam66bp5kYY1ZLPwcgzfZ,1780661964,1781266765,2,True,146,1780728967,1781266764,7.32,False,r0b
fwd__2GUFR8zBza2tKgkWvbneG7Puam66bp5kYY1ZLPwcgzfZ__1781266764,fwd,2GUFR8zBza2tKgkWvbneG7Puam66bp5kYY1ZLPwcgzfZ,1781266764,1781268564,1,True,11,1781266764,1781268337,2.6,False,r0b
back__ELs2WfiXUDYWKvrDqLn9Dd7ExxBEQp1Vnhni8PrQkFSr__1780350931,back,ELs2WfiXUDYWKvrDqLn9Dd7ExxBEQp1Vnhni8PrQkFSr,1779746131,1780350932,1,True,3,1780350673,1780350931,2.74,False,r0b
fwd__ELs2WfiXUDYWKvrDqLn9Dd7ExxBEQp1Vnhni8PrQkFSr__1780350931,fwd,ELs2WfiXUDYWKvrDqLn9Dd7ExxBEQp1Vnhni8PrQkFSr,1780350931,1780352731,1,True,7,1780350931,1780352591,2.25,False,r0b
back__8eRqKaZProoVrmhUtCPtUotP3XT2xq9Pj7697jjoHiQB__1780440012,back,8eRqKaZProoVrmhUtCPtUotP3XT2xq9Pj7697jjoHiQB,1779835212,1780440013,5,False,500,1780433825,1780440012,23.61,False,r0b
fwd__8eRqKaZProoVrmhUtCPtUotP3XT2xq9Pj7697jjoHiQB__1780440012,fwd,8eRqKaZProoVrmhUtCPtUotP3XT2xq9Pj7697jjoHiQB,1780440012,1780441812,3,True,201,1780440012,1780441806,15.76,False,r0b
back__CnnDUEjFsK6awGPtftDBTh6SbaTvTVwAj1yYAKvoF3Jq__1781278806,back,CnnDUEjFsK6awGPtftDBTh6SbaTvTVwAj1yYAKvoF3Jq,1780674006,1781278807,1,True,74,1781026213,1781278806,5.79,False,r0b
fwd__CnnDUEjFsK6awGPtftDBTh6SbaTvTVwAj1yYAKvoF3Jq__1781278806,fwd,CnnDUEjFsK6awGPtftDBTh6SbaTvTVwAj1yYAKvoF3Jq,1781278806,1781280606,1,True,20,1781278806,1781280569,5.22,False,r0b
back__D2xiQ4p1iFGjWiVubkULyP8LYe94pRg1TTiG3z1bdBKV__1780725291,back,D2xiQ4p1iFGjWiVubkULyP8LYe94pRg1TTiG3z1bdBKV,1780120491,1780725292,4,True,360,1780141398,1780725291,18.93,False,r0b
fwd__D2xiQ4p1iFGjWiVubkULyP8LYe94pRg1TTiG3z1bdBKV__1780725291,fwd,D2xiQ4p1iFGjWiVubkULyP8LYe94pRg1TTiG3z1bdBKV,1780725291,1780727091,1,True,25,1780725291,1780726201,4.71,False,r0b
back__6NntkZWviv4i4w37WX6SPY6DskX9TBrFK4V6tovCnkW6__1781190304,back,6NntkZWviv4i4w37WX6SPY6DskX9TBrFK4V6tovCnkW6,1780585504,1781190305,1,True,2,1781190213,1781190304,3.18,False,r0b
fwd__6NntkZWviv4i4w37WX6SPY6DskX9TBrFK4V6tovCnkW6__1781190304,fwd,6NntkZWviv4i4w37WX6SPY6DskX9TBrFK4V6tovCnkW6,1781190304,1781192104,1,True,4,1781190304,1781190468,2.91,False,r0b
back__4ybMWyKd9qi8QTen1MitavWBRS2seaEQAU8G9FMXo1x8__1781311806,back,4ybMWyKd9qi8QTen1MitavWBRS2seaEQAU8G9FMXo1x8,1780707006,1781311807,5,False,500,1781284368,1781311806,20.45,False,r0b
fwd__4ybMWyKd9qi8QTen1MitavWBRS2seaEQAU8G9FMXo1x8__1781311806,fwd,4ybMWyKd9qi8QTen1MitavWBRS2seaEQAU8G9FMXo1x8,1781311806,1781313606,1,True,22,1781311806,1781312047,3.32,False,r0b
back__GPtntwkxnyCVcEoDc3WuNiWBYCZjKoc1tWz8UN4y4sjL__1780489788,back,GPtntwkxnyCVcEoDc3WuNiWBYCZjKoc1tWz8UN4y4sjL,1779884988,1780489789,1,True,9,1780412626,1780489788,2.5,False,r0b
fwd__GPtntwkxnyCVcEoDc3WuNiWBYCZjKoc1tWz8UN4y4sjL__1780489788,fwd,GPtntwkxnyCVcEoDc3WuNiWBYCZjKoc1tWz8UN4y4sjL,1780489788,1780491588,1,True,4,1780489788,1780489842,2.08,False,r0b
back__D1B3gvmXBxENgruUSBdhzYcsNVLjLvXJUHb7Sv3Rn2gR__1781365295,back,D1B3gvmXBxENgruUSBdhzYcsNVLjLvXJUHb7Sv3Rn2gR,1780760495,1781365296,1,True,42,1780777215,1781365295,3.05,False,r0b
fwd__D1B3gvmXBxENgruUSBdhzYcsNVLjLvXJUHb7Sv3Rn2gR__1781365295,fwd,D1B3gvmXBxENgruUSBdhzYcsNVLjLvXJUHb7Sv3Rn2gR,1781365295,1781367095,1,True,6,1781365295,1781365300,2.36,False,r0b
back__82wp7D3z5aRV53fmWgQfLC127aoPtZcpi8km5MPzSVNN__1780326906,back,82wp7D3z5aRV53fmWgQfLC127aoPtZcpi8km5MPzSVNN,1779722106,1780326907,1,True,5,1780325066,1780326906,2.35,False,r0b
fwd__82wp7D3z5aRV53fmWgQfLC127aoPtZcpi8km5MPzSVNN__1780326906,fwd,82wp7D3z5aRV53fmWgQfLC127aoPtZcpi8km5MPzSVNN,1780326906,1780328706,1,True,12,1780326906,1780328590,2.98,False,r0b
back__AnwmYFMmKr3wwRbEnzyuunQy1KUUVgBrHpNmLoUpVjc4__1780477251,back,AnwmYFMmKr3wwRbEnzyuunQy1KUUVgBrHpNmLoUpVjc4,1779872451,1780477252,1,True,40,1780279728,1780477251,3.66,False,r0b
fwd__AnwmYFMmKr3wwRbEnzyuunQy1KUUVgBrHpNmLoUpVjc4__1780477251,fwd,AnwmYFMmKr3wwRbEnzyuunQy1KUUVgBrHpNmLoUpVjc4,1780477251,1780479051,1,True,4,1780477251,1780477335,2.31,False,r0b
back__BeyJuk9dX6FisPCyniDaKxDtHqtpRc2Mn5ZYaaxY5gir__1780799309,back,BeyJuk9dX6FisPCyniDaKxDtHqtpRc2Mn5ZYaaxY5gir,1780194509,1780799310,1,True,78,1780729736,1780799309,4.6,False,r0b
fwd__BeyJuk9dX6FisPCyniDaKxDtHqtpRc2Mn5ZYaaxY5gir__1780799309,fwd,BeyJuk9dX6FisPCyniDaKxDtHqtpRc2Mn5ZYaaxY5gir,1780799309,1780801109,1,True,5,1780799309,1780800427,2.42,False,r0b
back__4ybMWyKd9qi8QTen1MitavWBRS2seaEQAU8G9FMXo1x8__1780963983,back,4ybMWyKd9qi8QTen1MitavWBRS2seaEQAU8G9FMXo1x8,1780359183,1780963984,5,False,500,1780863682,1780963983,19.83,False,r0b
fwd__4ybMWyKd9qi8QTen1MitavWBRS2seaEQAU8G9FMXo1x8__1780963983,fwd,4ybMWyKd9qi8QTen1MitavWBRS2seaEQAU8G9FMXo1x8,1780963983,1780965783,1,True,20,1780963983,1780965779,3.64,False,r0b
back__FCv2XZckZVBVjQ6siqBZZVFJiRfdXY74KCrRuf6nCRxV__1780794000,back,FCv2XZckZVBVjQ6siqBZZVFJiRfdXY74KCrRuf6nCRxV,1780189200,1780794001,1,True,2,1780793997,1780794000,1.56,False,r0b
fwd__FCv2XZckZVBVjQ6siqBZZVFJiRfdXY74KCrRuf6nCRxV__1780794000,fwd,FCv2XZckZVBVjQ6siqBZZVFJiRfdXY74KCrRuf6nCRxV,1780794000,1780795800,1,True,2,1780794000,1780794002,2.13,False,r0b
back__5zf6nN8WetYHgUMeQtbaEetbbULUjhsfghrigUM8GRk9__1781096692,back,5zf6nN8WetYHgUMeQtbaEetbbULUjhsfghrigUM8GRk9,1780491892,1781096693,1,True,2,1781096691,1781096692,1.93,False,r0b
fwd__5zf6nN8WetYHgUMeQtbaEetbbULUjhsfghrigUM8GRk9__1781096692,fwd,5zf6nN8WetYHgUMeQtbaEetbbULUjhsfghrigUM8GRk9,1781096692,1781098492,1,True,4,1781096692,1781096823,1.85,False,r0b
back__HPXCpQPHmJKovutHocQto63wKLd5DVHE6rcy4LVu1RmY__1780709334,back,HPXCpQPHmJKovutHocQto63wKLd5DVHE6rcy4LVu1RmY,1780104534,1780709335,1,True,8,1780696678,1780709334,1.63,False,r0b
fwd__HPXCpQPHmJKovutHocQto63wKLd5DVHE6rcy4LVu1RmY__1780709334,fwd,HPXCpQPHmJKovutHocQto63wKLd5DVHE6rcy4LVu1RmY,1780709334,1780711134,1,True,4,1780709334,1780709475,1.34,False,r0b
back__CgYrb7zRsdgn4kjEGvZECpF9r8GRW7grqJq6zL2GgxX__1780622808,back,CgYrb7zRsdgn4kjEGvZECpF9r8GRW7grqJq6zL2GgxX,1780018008,1780622809,1,True,34,1780520126,1780622808,2.44,False,r0b
fwd__CgYrb7zRsdgn4kjEGvZECpF9r8GRW7grqJq6zL2GgxX__1780622808,fwd,CgYrb7zRsdgn4kjEGvZECpF9r8GRW7grqJq6zL2GgxX,1780622808,1780624608,1,True,4,1780622808,1780624044,1.29,False,r0b
back__GNDRZhGQrMrk9J49JrBwP3zMFqycJvQpnYc4UjtpfH6J__1780768182,back,GNDRZhGQrMrk9J49JrBwP3zMFqycJvQpnYc4UjtpfH6J,1780163382,1780768183,1,True,12,1780766742,1780768182,2.45,False,r0b
fwd__GNDRZhGQrMrk9J49JrBwP3zMFqycJvQpnYc4UjtpfH6J__1780768182,fwd,GNDRZhGQrMrk9J49JrBwP3zMFqycJvQpnYc4UjtpfH6J,1780768182,1780769982,1,True,5,1780768182,1780768561,1.43,False,r0b
back__CgmwCcCoF5YNhWrVBz2R2iH4MopfvYLfxLgSZsrnemi6__1780932901,back,CgmwCcCoF5YNhWrVBz2R2iH4MopfvYLfxLgSZsrnemi6,1780328101,1780932902,3,True,280,1780338372,1780932901,10.25,False,r0b
fwd__CgmwCcCoF5YNhWrVBz2R2iH4MopfvYLfxLgSZsrnemi6__1780932901,fwd,CgmwCcCoF5YNhWrVBz2R2iH4MopfvYLfxLgSZsrnemi6,1780932901,1780934701,1,True,22,1780932901,1780934397,2.91,False,r0b
back__BzofeYMH8Xpi94sjCmdkMUNo2cHxNH7zKaxvmt8WdU9j__1780983992,back,BzofeYMH8Xpi94sjCmdkMUNo2cHxNH7zKaxvmt8WdU9j,1780379192,1780983993,1,True,67,1780437023,1780983992,3.45,False,r0b
fwd__BzofeYMH8Xpi94sjCmdkMUNo2cHxNH7zKaxvmt8WdU9j__1780983992,fwd,BzofeYMH8Xpi94sjCmdkMUNo2cHxNH7zKaxvmt8WdU9j,1780983992,1780985792,1,True,1,1780983992,1780983992,1.58,False,r0b
back__AMEd7bE5CYSEpVpQZK8r5rKMJZrhAdg6bnaJ7qum2ssV__1780744453,back,AMEd7bE5CYSEpVpQZK8r5rKMJZrhAdg6bnaJ7qum2ssV,1780139653,1780744454,5,False,500,1780504173,1780744453,32.16,False,r0b
fwd__AMEd7bE5CYSEpVpQZK8r5rKMJZrhAdg6bnaJ7qum2ssV__1780744453,fwd,AMEd7bE5CYSEpVpQZK8r5rKMJZrhAdg6bnaJ7qum2ssV,1780744453,1780746253,1,True,12,1780744453,1780745380,2.09,False,r0b
back__7ZV54HcwtzRhZSEPskT8ox5hn9yNocK9xpe4BQXoziaP__1780943005,back,7ZV54HcwtzRhZSEPskT8ox5hn9yNocK9xpe4BQXoziaP,1780338205,1780943006,5,False,500,1780773431,1780943005,23.86,False,r0b
fwd__7ZV54HcwtzRhZSEPskT8ox5hn9yNocK9xpe4BQXoziaP__1780943005,fwd,7ZV54HcwtzRhZSEPskT8ox5hn9yNocK9xpe4BQXoziaP,1780943005,1780944805,1,True,45,1780943005,1780944358,3.29,False,r0b
back__8DN8xyuAQXGRY1m8JFbVqwM5vXbL6HsAXuT5fCNDHfqC__1780642683,back,8DN8xyuAQXGRY1m8JFbVqwM5vXbL6HsAXuT5fCNDHfqC,1780037883,1780642684,1,True,56,1780636950,1780642683,3.09,False,r0b
fwd__8DN8xyuAQXGRY1m8JFbVqwM5vXbL6HsAXuT5fCNDHfqC__1780642683,fwd,8DN8xyuAQXGRY1m8JFbVqwM5vXbL6HsAXuT5fCNDHfqC,1780642683,1780644483,1,True,14,1780642683,1780642794,2.58,False,r0b
back__6gAgy3F1tLxeBWb8UhGEnmXYVRoaz3w1Lzv6APyhfoHk__1781406951,back,6gAgy3F1tLxeBWb8UhGEnmXYVRoaz3w1Lzv6APyhfoHk,1780802151,1781406952,4,True,348,1780847754,1781406951,20.78,False,r0b
fwd__6gAgy3F1tLxeBWb8UhGEnmXYVRoaz3w1Lzv6APyhfoHk__1781406951,fwd,6gAgy3F1tLxeBWb8UhGEnmXYVRoaz3w1Lzv6APyhfoHk,1781406951,1781408751,1,True,12,1781406951,1781407565,2.81,False,r0b
back__5FS42zbyT6KZoHh2HvRbwizfqE8CGyYrQ98wNhknNSpG__1780812906,back,5FS42zbyT6KZoHh2HvRbwizfqE8CGyYrQ98wNhknNSpG,1780208106,1780812907,1,True,2,1780812570,1780812906,1.72,False,r0b
fwd__5FS42zbyT6KZoHh2HvRbwizfqE8CGyYrQ98wNhknNSpG__1780812906,fwd,5FS42zbyT6KZoHh2HvRbwizfqE8CGyYrQ98wNhknNSpG,1780812906,1780814706,1,True,3,1780812906,1780812912,1.93,False,r0b
back__CcHfMx5Bt7Hn7avXimukHac76qqr9gsGtx2p5GPtR4KR__1780293508,back,CcHfMx5Bt7Hn7avXimukHac76qqr9gsGtx2p5GPtR4KR,1779688708,1780293509,1,True,39,1779707031,1780293508,2.79,False,r0b
fwd__CcHfMx5Bt7Hn7avXimukHac76qqr9gsGtx2p5GPtR4KR__1780293508,fwd,CcHfMx5Bt7Hn7avXimukHac76qqr9gsGtx2p5GPtR4KR,1780293508,1780295308,1,True,2,1780293508,1780293509,2.2,False,r0b
back__951wq3qDowjKHaycrNaiRB5WpovYVKXnqhnrcKPh46zt__1781161538,back,951wq3qDowjKHaycrNaiRB5WpovYVKXnqhnrcKPh46zt,1780556738,1781161539,5,False,500,1780916049,1781161538,24.1,False,r0b
fwd__951wq3qDowjKHaycrNaiRB5WpovYVKXnqhnrcKPh46zt__1781161538,fwd,951wq3qDowjKHaycrNaiRB5WpovYVKXnqhnrcKPh46zt,1781161538,1781163338,1,True,30,1781161538,1781162032,5.24,False,r0b
back__ALJ4P5QNyHeLEjpKGmA1eUfJHSEGQMjY8HLnDkSgjczb__1780624940,back,ALJ4P5QNyHeLEjpKGmA1eUfJHSEGQMjY8HLnDkSgjczb,1780020140,1780624941,2,True,182,1780021265,1780624940,9.92,False,r0b
fwd__ALJ4P5QNyHeLEjpKGmA1eUfJHSEGQMjY8HLnDkSgjczb__1780624940,fwd,ALJ4P5QNyHeLEjpKGmA1eUfJHSEGQMjY8HLnDkSgjczb,1780624940,1780626740,1,True,15,1780624940,1780625882,2.97,False,r0b
back__GGsDr6CpiQcMfGm6iaYqkH3Pauh1XaMCsU1oZvWftw8G__1781118280,back,GGsDr6CpiQcMfGm6iaYqkH3Pauh1XaMCsU1oZvWftw8G,1780513480,1781118281,1,True,8,1781074180,1781118280,2.84,False,r0b
fwd__GGsDr6CpiQcMfGm6iaYqkH3Pauh1XaMCsU1oZvWftw8G__1781118280,fwd,GGsDr6CpiQcMfGm6iaYqkH3Pauh1XaMCsU1oZvWftw8G,1781118280,1781120080,1,True,3,1781118280,1781118433,2.58,False,r0b
back__75GMVrr2xfgAeybuNg1VMHqFE3GTFJLzEHo6xC4MwUzF__1781038997,back,75GMVrr2xfgAeybuNg1VMHqFE3GTFJLzEHo6xC4MwUzF,1780434197,1781038998,5,False,500,1780444908,1781038997,17.39,False,r0b
fwd__75GMVrr2xfgAeybuNg1VMHqFE3GTFJLzEHo6xC4MwUzF__1781038997,fwd,75GMVrr2xfgAeybuNg1VMHqFE3GTFJLzEHo6xC4MwUzF,1781038997,1781040797,1,True,9,1781038997,1781040392,1.8,False,r0b
back__dtrzJPj7yDdvm6eRqBAgxsK2sMJeD9HhBEBB3XMedXy__1780632366,back,dtrzJPj7yDdvm6eRqBAgxsK2sMJeD9HhBEBB3XMedXy,1780027566,1780632367,5,False,500,1780547376,1780632366,17.3,False,r0b
fwd__dtrzJPj7yDdvm6eRqBAgxsK2sMJeD9HhBEBB3XMedXy__1780632366,fwd,dtrzJPj7yDdvm6eRqBAgxsK2sMJeD9HhBEBB3XMedXy,1780632366,1780634166,1,True,24,1780632366,1780633638,2.65,False,r0b
back__5VR9YzhYqC8ygsq6eugCjAFFygyjKDDHUhJ4oDD5pwjj__1781390409,back,5VR9YzhYqC8ygsq6eugCjAFFygyjKDDHUhJ4oDD5pwjj,1780785609,1781390410,1,True,15,1781339212,1781390409,1.9,False,r0b
fwd__5VR9YzhYqC8ygsq6eugCjAFFygyjKDDHUhJ4oDD5pwjj__1781390409,fwd,5VR9YzhYqC8ygsq6eugCjAFFygyjKDDHUhJ4oDD5pwjj,1781390409,1781392209,1,True,3,1781390409,1781391047,1.68,False,r0b
back__8hLyYdWzZynyyiYp4jL23Gm5E64n4EKcJrZP175mx6sg__1780810062,back,8hLyYdWzZynyyiYp4jL23Gm5E64n4EKcJrZP175mx6sg,1780205262,1780810063,1,True,2,1780809888,1780810062,1.32,False,r0b
fwd__8hLyYdWzZynyyiYp4jL23Gm5E64n4EKcJrZP175mx6sg__1780810062,fwd,8hLyYdWzZynyyiYp4jL23Gm5E64n4EKcJrZP175mx6sg,1780810062,1780811862,1,True,2,1780810062,1780811175,1.85,False,r0b
back__68QoRs3ibRTtgcdSq31TmJzz9grWKvLWF3s47Hcjy2x6__1781028311,back,68QoRs3ibRTtgcdSq31TmJzz9grWKvLWF3s47Hcjy2x6,1780423511,1781028312,1,True,3,1781027221,1781028311,1.58,False,r0b
fwd__68QoRs3ibRTtgcdSq31TmJzz9grWKvLWF3s47Hcjy2x6__1781028311,fwd,68QoRs3ibRTtgcdSq31TmJzz9grWKvLWF3s47Hcjy2x6,1781028311,1781030111,1,True,1,1781028311,1781028311,1.34,False,r0b
back__Hr1ZKxLBrmGptvsrA6umCKpn3y8TbJC4VHkKF5SH6CJY__1780852307,back,Hr1ZKxLBrmGptvsrA6umCKpn3y8TbJC4VHkKF5SH6CJY,1780247507,1780852308,1,True,44,1780516435,1780852307,2.46,False,r0b
fwd__Hr1ZKxLBrmGptvsrA6umCKpn3y8TbJC4VHkKF5SH6CJY__1780852307,fwd,Hr1ZKxLBrmGptvsrA6umCKpn3y8TbJC4VHkKF5SH6CJY,1780852307,1780854107,1,True,8,1780852307,1780852845,1.77,False,r0b
back__6kTygCYZXUhAixW4tXHbYZeHLqEtw92EKzK8k98SBW9u__1780610010,back,6kTygCYZXUhAixW4tXHbYZeHLqEtw92EKzK8k98SBW9u,1780005210,1780610011,1,True,2,1780609890,1780610010,1.43,False,r0b
fwd__6kTygCYZXUhAixW4tXHbYZeHLqEtw92EKzK8k98SBW9u__1780610010,fwd,6kTygCYZXUhAixW4tXHbYZeHLqEtw92EKzK8k98SBW9u,1780610010,1780611810,1,True,4,1780610010,1780610514,1.57,False,r0b
back__H6zpaY14WgkEmB3MJTvC7Wb5PQJkBVLd4KwLD2ktVgop__1780584429,back,H6zpaY14WgkEmB3MJTvC7Wb5PQJkBVLd4KwLD2ktVgop,1779979629,1780584430,5,False,500,1780583601,1780584429,16.78,False,r0b
fwd__H6zpaY14WgkEmB3MJTvC7Wb5PQJkBVLd4KwLD2ktVgop__1780584429,fwd,H6zpaY14WgkEmB3MJTvC7Wb5PQJkBVLd4KwLD2ktVgop,1780584429,1780586229,3,True,289,1780584429,1780585947,11.11,False,r0b
back__E2bcpYQzBfRG5XuSMhq6MrCiWDuvsTnFDt3EJVJvgyY4__1780440729,back,E2bcpYQzBfRG5XuSMhq6MrCiWDuvsTnFDt3EJVJvgyY4,1779835929,1780440730,1,True,37,1779998973,1780440729,2.71,False,r0b
fwd__E2bcpYQzBfRG5XuSMhq6MrCiWDuvsTnFDt3EJVJvgyY4__1780440729,fwd,E2bcpYQzBfRG5XuSMhq6MrCiWDuvsTnFDt3EJVJvgyY4,1780440729,1780442529,1,True,1,1780440729,1780440729,1.62,False,r0b
back__D6d9pe9dpV9W9QzK9HiEQctg1iqkg7s2GwgCJmHtobtr__1780310613,back,D6d9pe9dpV9W9QzK9HiEQctg1iqkg7s2GwgCJmHtobtr,1779705813,1780310614,1,True,32,1780248739,1780310613,3.82,False,r0b
fwd__D6d9pe9dpV9W9QzK9HiEQctg1iqkg7s2GwgCJmHtobtr__1780310613,fwd,D6d9pe9dpV9W9QzK9HiEQctg1iqkg7s2GwgCJmHtobtr,1780310613,1780312413,1,True,3,1780310613,1780310733,2.31,False,r0b
back__9zHqE2NKyJb2cD94WPvmbkp9M1ozXHk9Fe9qiNyjq7EA__1781457014,back,9zHqE2NKyJb2cD94WPvmbkp9M1ozXHk9Fe9qiNyjq7EA,1780852214,1781457015,1,True,2,1781456621,1781457014,2.05,False,r0b
fwd__9zHqE2NKyJb2cD94WPvmbkp9M1ozXHk9Fe9qiNyjq7EA__1781457014,fwd,9zHqE2NKyJb2cD94WPvmbkp9M1ozXHk9Fe9qiNyjq7EA,1781457014,1781458814,1,True,9,1781457014,1781457207,2.19,False,r0b
back__DXQfwwnrFgzukGs7fokNvXpu7xfh1HCtCqvAjxAv4Etm__1780469887,back,DXQfwwnrFgzukGs7fokNvXpu7xfh1HCtCqvAjxAv4Etm,1779865087,1780469888,1,True,4,1780467727,1780469887,1.51,False,r0b
fwd__DXQfwwnrFgzukGs7fokNvXpu7xfh1HCtCqvAjxAv4Etm__1780469887,fwd,DXQfwwnrFgzukGs7fokNvXpu7xfh1HCtCqvAjxAv4Etm,1780469887,1780471687,1,True,7,1780469887,1780470068,2.0,False,r0b
back__FDhTE5g61MPEo3ZXpK755vBadJdDMimZ8fVGdPCE3YtF__1780355965,back,FDhTE5g61MPEo3ZXpK755vBadJdDMimZ8fVGdPCE3YtF,1779751165,1780355966,1,True,19,1780352550,1780355965,2.44,False,r0b
fwd__FDhTE5g61MPEo3ZXpK755vBadJdDMimZ8fVGdPCE3YtF__1780355965,fwd,FDhTE5g61MPEo3ZXpK755vBadJdDMimZ8fVGdPCE3YtF,1780355965,1780357765,1,True,30,1780355965,1780355980,2.33,False,r0b
back__bwamJzztZsepfkteWRChggmXuiiCQvpLqPietdNfSXa__1781269587,back,bwamJzztZsepfkteWRChggmXuiiCQvpLqPietdNfSXa,1780664787,1781269588,5,False,500,1781215762,1781269587,16.62,False,r0b
fwd__bwamJzztZsepfkteWRChggmXuiiCQvpLqPietdNfSXa__1781269587,fwd,bwamJzztZsepfkteWRChggmXuiiCQvpLqPietdNfSXa,1781269587,1781271387,2,True,183,1781269587,1781271170,6.44,False,r0b
back__2qYqT2ct6P7Wfkx16YsmHfoDxQTqYSVYKyV9wEA84bKv__1780554881,back,2qYqT2ct6P7Wfkx16YsmHfoDxQTqYSVYKyV9wEA84bKv,1779950081,1780554882,1,True,99,1780550302,1780554881,3.34,False,r0b
fwd__2qYqT2ct6P7Wfkx16YsmHfoDxQTqYSVYKyV9wEA84bKv__1780554881,fwd,2qYqT2ct6P7Wfkx16YsmHfoDxQTqYSVYKyV9wEA84bKv,1780554881,1780556681,1,True,6,1780554881,1780555718,1.9,False,r0b
back__ATexjgfnYRxwNwKscjJw3GoCouEwNp5YAXXFzjazc8i7__1781108269,back,ATexjgfnYRxwNwKscjJw3GoCouEwNp5YAXXFzjazc8i7,1780503469,1781108270,1,True,3,1781108138,1781108269,1.32,False,r0b
fwd__ATexjgfnYRxwNwKscjJw3GoCouEwNp5YAXXFzjazc8i7__1781108269,fwd,ATexjgfnYRxwNwKscjJw3GoCouEwNp5YAXXFzjazc8i7,1781108269,1781110069,1,True,9,1781108269,1781109872,1.84,False,r0b
back__FknjvqGKQ7oT87ZpHqEkEf2Tom2TiT733p2q1idumZ3g__1780918533,back,FknjvqGKQ7oT87ZpHqEkEf2Tom2TiT733p2q1idumZ3g,1780313733,1780918534,1,True,41,1780764134,1780918533,2.48,False,r0b
fwd__FknjvqGKQ7oT87ZpHqEkEf2Tom2TiT733p2q1idumZ3g__1780918533,fwd,FknjvqGKQ7oT87ZpHqEkEf2Tom2TiT733p2q1idumZ3g,1780918533,1780920333,1,True,22,1780918533,1780919193,1.92,False,r0b
back__FvBCwrLSw6QQgkFWjEy7QVJ6M8qK1L7xXEE62PH35Bju__1781422595,back,FvBCwrLSw6QQgkFWjEy7QVJ6M8qK1L7xXEE62PH35Bju,1780817795,1781422596,1,True,9,1781421912,1781422595,1.34,False,r0b
fwd__FvBCwrLSw6QQgkFWjEy7QVJ6M8qK1L7xXEE62PH35Bju__1781422595,fwd,FvBCwrLSw6QQgkFWjEy7QVJ6M8qK1L7xXEE62PH35Bju,1781422595,1781424395,1,True,2,1781422595,1781422596,1.08,False,r0b
back__A3F1obqW6sext3Uauj8dAjE1RhZeump2eWF6nA83TZx3__1781295226,back,A3F1obqW6sext3Uauj8dAjE1RhZeump2eWF6nA83TZx3,1780690426,1781295227,1,True,23,1780718139,1781295226,1.87,False,r0b
fwd__A3F1obqW6sext3Uauj8dAjE1RhZeump2eWF6nA83TZx3__1781295226,fwd,A3F1obqW6sext3Uauj8dAjE1RhZeump2eWF6nA83TZx3,1781295226,1781297026,1,True,11,1781295226,1781295898,1.85,False,r0b
back__BvbtWVC5Yt6gsVX1LfEUnCzbqxUUzv3GmzfWGA4nTfbs__1781002739,back,BvbtWVC5Yt6gsVX1LfEUnCzbqxUUzv3GmzfWGA4nTfbs,1780397939,1781002740,1,True,3,1780990845,1781002739,1.26,False,r0b
fwd__BvbtWVC5Yt6gsVX1LfEUnCzbqxUUzv3GmzfWGA4nTfbs__1781002739,fwd,BvbtWVC5Yt6gsVX1LfEUnCzbqxUUzv3GmzfWGA4nTfbs,1781002739,1781004539,1,True,3,1781002739,1781004273,1.52,False,r0b
back__4Y2mtp57QEsrJ1n5Ja3NvdjLSWQfkvpZVesurbPGMNjA__1781366486,back,4Y2mtp57QEsrJ1n5Ja3NvdjLSWQfkvpZVesurbPGMNjA,1780761686,1781366487,1,True,4,1781361182,1781366486,1.27,False,r0b
fwd__4Y2mtp57QEsrJ1n5Ja3NvdjLSWQfkvpZVesurbPGMNjA__1781366486,fwd,4Y2mtp57QEsrJ1n5Ja3NvdjLSWQfkvpZVesurbPGMNjA,1781366486,1781368286,1,True,3,1781366486,1781367261,1.42,False,r0b
back__AcU7BK4Ec6WLx9nxXA4Dtx6E6S2MqCwratn1WjxsX3ae__1780408542,back,AcU7BK4Ec6WLx9nxXA4Dtx6E6S2MqCwratn1WjxsX3ae,1779803742,1780408543,5,True,472,1779804821,1780408542,15.77,False,r0b
fwd__AcU7BK4Ec6WLx9nxXA4Dtx6E6S2MqCwratn1WjxsX3ae__1780408542,fwd,AcU7BK4Ec6WLx9nxXA4Dtx6E6S2MqCwratn1WjxsX3ae,1780408542,1780410342,1,True,15,1780408542,1780409992,2.17,False,r0b
back__FTuqW6J148wdknkPvm2EVSJ1EFt4aDhjAYzv6rdjuCRi__1780739510,back,FTuqW6J148wdknkPvm2EVSJ1EFt4aDhjAYzv6rdjuCRi,1780134710,1780739511,5,False,500,1780470327,1780739510,14.22,False,r0b
fwd__FTuqW6J148wdknkPvm2EVSJ1EFt4aDhjAYzv6rdjuCRi__1780739510,fwd,FTuqW6J148wdknkPvm2EVSJ1EFt4aDhjAYzv6rdjuCRi,1780739510,1780741310,2,True,132,1780739510,1780740042,5.91,False,r0b
back__72wXTFDrXfoTcnFwPKDrvCLX1c3CVvT61v6KVvxAab4q__1780605376,back,72wXTFDrXfoTcnFwPKDrvCLX1c3CVvT61v6KVvxAab4q,1780000576,1780605377,1,True,2,1780605371,1780605376,1.55,False,r0b
fwd__72wXTFDrXfoTcnFwPKDrvCLX1c3CVvT61v6KVvxAab4q__1780605376,fwd,72wXTFDrXfoTcnFwPKDrvCLX1c3CVvT61v6KVvxAab4q,1780605376,1780607176,1,True,13,1780605376,1780605586,2.13,False,r0b
back__bwomEMQzkxVk5AF4qydyckDCuMEjaj95afietSMugYp__1780345151,back,bwomEMQzkxVk5AF4qydyckDCuMEjaj95afietSMugYp,1779740351,1780345152,5,False,500,1780343407,1780345151,14.13,False,r0b
fwd__bwomEMQzkxVk5AF4qydyckDCuMEjaj95afietSMugYp__1780345151,fwd,bwomEMQzkxVk5AF4qydyckDCuMEjaj95afietSMugYp,1780345151,1780346951,5,False,500,1780345151,1780345451,14.02,False,r0b
back__25jZ7EwnKfZo2DZgHM27pbU5Tf54PYG8jc7qNL3gtkxG__1780748354,back,25jZ7EwnKfZo2DZgHM27pbU5Tf54PYG8jc7qNL3gtkxG,1780143554,1780748355,5,False,500,1780743877,1780748354,13.52,False,r0b
fwd__25jZ7EwnKfZo2DZgHM27pbU5Tf54PYG8jc7qNL3gtkxG__1780748354,fwd,25jZ7EwnKfZo2DZgHM27pbU5Tf54PYG8jc7qNL3gtkxG,1780748354,1780750154,1,True,32,1780748354,1780750048,2.68,False,r0b
back__4UKLdTBiz6pGRccq9CGw9n53UwmAdd4UX1sJKeUohSiP__1781262720,back,4UKLdTBiz6pGRccq9CGw9n53UwmAdd4UX1sJKeUohSiP,1780657920,1781262721,5,False,500,1781256450,1781262720,14.96,False,r0b
fwd__4UKLdTBiz6pGRccq9CGw9n53UwmAdd4UX1sJKeUohSiP__1781262720,fwd,4UKLdTBiz6pGRccq9CGw9n53UwmAdd4UX1sJKeUohSiP,1781262720,1781264520,2,True,111,1781262720,1781263317,5.05,False,r0b
back__8CxHHBz4ULWuUqXMZNReUp7HQTeRvWYVEJvWGnY3fQdz__1780568277,back,8CxHHBz4ULWuUqXMZNReUp7HQTeRvWYVEJvWGnY3fQdz,1779963477,1780568278,2,True,123,1779966948,1780568277,4.4,False,r0b
fwd__8CxHHBz4ULWuUqXMZNReUp7HQTeRvWYVEJvWGnY3fQdz__1780568277,fwd,8CxHHBz4ULWuUqXMZNReUp7HQTeRvWYVEJvWGnY3fQdz,1780568277,1780570077,1,True,3,1780568277,1780568309,1.39,False,r0b
back__H6zpaY14WgkEmB3MJTvC7Wb5PQJkBVLd4KwLD2ktVgop__1780274874,back,H6zpaY14WgkEmB3MJTvC7Wb5PQJkBVLd4KwLD2ktVgop,1779670074,1780274875,5,False,500,1780092633,1780274874,14.3,False,r0b
fwd__H6zpaY14WgkEmB3MJTvC7Wb5PQJkBVLd4KwLD2ktVgop__1780274874,fwd,H6zpaY14WgkEmB3MJTvC7Wb5PQJkBVLd4KwLD2ktVgop,1780274874,1780276674,1,True,11,1780274874,1780274877,1.55,False,r0b
back__M3eepbe8vQz7Vn7gt9TbVf5R2owkpbEF5iA7qrYyqXX__1781241055,back,M3eepbe8vQz7Vn7gt9TbVf5R2owkpbEF5iA7qrYyqXX,1780636255,1781241056,1,True,3,1781240850,1781241055,1.03,False,r0b
fwd__M3eepbe8vQz7Vn7gt9TbVf5R2owkpbEF5iA7qrYyqXX__1781241055,fwd,M3eepbe8vQz7Vn7gt9TbVf5R2owkpbEF5iA7qrYyqXX,1781241055,1781242855,1,True,2,1781241055,1781241087,1.06,False,r0b
back__BjbxQWs8JRfj22A285wpPrUkfKtJeP3aK8ByVBSPKKz__1780847444,back,BjbxQWs8JRfj22A285wpPrUkfKtJeP3aK8ByVBSPKKz,1780242644,1780847445,1,True,3,1780847175,1780847444,1.22,False,r0b
fwd__BjbxQWs8JRfj22A285wpPrUkfKtJeP3aK8ByVBSPKKz__1780847444,fwd,BjbxQWs8JRfj22A285wpPrUkfKtJeP3aK8ByVBSPKKz,1780847444,1780849244,1,True,7,1780847444,1780848347,1.33,False,r0b
back__5FqUo9aBjsp7QeeyN6Vi2ZmF2fjS4H5EU7wnAQwPy17z__1780316831,back,5FqUo9aBjsp7QeeyN6Vi2ZmF2fjS4H5EU7wnAQwPy17z,1779712031,1780316832,5,False,500,1780236014,1780316831,12.95,False,r0b
fwd__5FqUo9aBjsp7QeeyN6Vi2ZmF2fjS4H5EU7wnAQwPy17z__1780316831,fwd,5FqUo9aBjsp7QeeyN6Vi2ZmF2fjS4H5EU7wnAQwPy17z,1780316831,1780318631,1,True,30,1780316831,1780318557,2.49,False,r0b
back__7moqFjvm2MwAiMtCZoqYoTAPzRBxxMRT2ddyHThQuWjr__1781025035,back,7moqFjvm2MwAiMtCZoqYoTAPzRBxxMRT2ddyHThQuWjr,1780420235,1781025036,5,False,500,1780763341,1781025035,13.82,False,r0b
fwd__7moqFjvm2MwAiMtCZoqYoTAPzRBxxMRT2ddyHThQuWjr__1781025035,fwd,7moqFjvm2MwAiMtCZoqYoTAPzRBxxMRT2ddyHThQuWjr,1781025035,1781026835,1,True,26,1781025035,1781026599,2.58,False,r0b
back__4xY9T1Q7foJzJsJ6YZDSsfp9zkzeZsXnxd45SixduMmr__1780616414,back,4xY9T1Q7foJzJsJ6YZDSsfp9zkzeZsXnxd45SixduMmr,1780011614,1780616415,5,False,500,1780255518,1780616414,13.52,False,r0b
fwd__4xY9T1Q7foJzJsJ6YZDSsfp9zkzeZsXnxd45SixduMmr__1780616414,fwd,4xY9T1Q7foJzJsJ6YZDSsfp9zkzeZsXnxd45SixduMmr,1780616414,1780618214,1,True,7,1780616414,1780617101,1.93,False,r0b
back__6ujZxnphRxTqveaQtLAQHFoWz16xhLWZbTijcgZN4fRp__1780332440,back,6ujZxnphRxTqveaQtLAQHFoWz16xhLWZbTijcgZN4fRp,1779727640,1780332441,5,False,500,1780328585,1780332440,11.42,False,r0b
fwd__6ujZxnphRxTqveaQtLAQHFoWz16xhLWZbTijcgZN4fRp__1780332440,fwd,6ujZxnphRxTqveaQtLAQHFoWz16xhLWZbTijcgZN4fRp,1780332440,1780334240,5,False,500,1780332440,1780332450,11.7,False,r0b
back__2X7ZmmnN1pSk7yRumpJb8WiPCp3bfiSSUNCRr5rcTLWS__1781379182,back,2X7ZmmnN1pSk7yRumpJb8WiPCp3bfiSSUNCRr5rcTLWS,1780774382,1781379183,1,True,4,1781377081,1781379182,1.17,False,r0b
fwd__2X7ZmmnN1pSk7yRumpJb8WiPCp3bfiSSUNCRr5rcTLWS__1781379182,fwd,2X7ZmmnN1pSk7yRumpJb8WiPCp3bfiSSUNCRr5rcTLWS,1781379182,1781380982,1,True,5,1781379182,1781380016,1.29,False,r0b
back__Cq62f74E8YT5ix78hrdC7LbMHcjo7qw4UAdApagW96cH__1780609687,back,Cq62f74E8YT5ix78hrdC7LbMHcjo7qw4UAdApagW96cH,1780004887,1780609688,1,True,3,1780608724,1780609687,1.28,False,r0b
fwd__Cq62f74E8YT5ix78hrdC7LbMHcjo7qw4UAdApagW96cH__1780609687,fwd,Cq62f74E8YT5ix78hrdC7LbMHcjo7qw4UAdApagW96cH,1780609687,1780611487,1,True,3,1780609687,1780611004,1.23,False,r0b
back__HFnCdzn2udV1CW5HynziSNTEu4f9U5MUTByqr1edphAV__1780749123,back,HFnCdzn2udV1CW5HynziSNTEu4f9U5MUTByqr1edphAV,1780144323,1780749124,1,True,2,1780748553,1780749123,1.17,False,r0b
fwd__HFnCdzn2udV1CW5HynziSNTEu4f9U5MUTByqr1edphAV__1780749123,fwd,HFnCdzn2udV1CW5HynziSNTEu4f9U5MUTByqr1edphAV,1780749123,1780750923,1,True,3,1780749123,1780749128,1.45,False,r0b
back__BeYJvLM8nczmDGWSWCkWfbtWNp3zaYcSGSmCgjzayDqK__1781202620,back,BeYJvLM8nczmDGWSWCkWfbtWNp3zaYcSGSmCgjzayDqK,1780597820,1781202621,1,True,5,1781161596,1781202620,1.58,False,r0b
back__By3zeWf1VKqjgs7JCmBHTWiX5vPF6wpH3SaMzzaP8NFM__1781202620,back,By3zeWf1VKqjgs7JCmBHTWiX5vPF6wpH3SaMzzaP8NFM,1780597820,1781202621,5,False,500,1780678636,1781202620,14.87,False,r0b
back__8yspHpQXE2GWLvaL2adccHSXym5x2RWpizkohxFMqj8t__1781202620,back,8yspHpQXE2GWLvaL2adccHSXym5x2RWpizkohxFMqj8t,1780597820,1781202621,2,True,156,1780601565,1781202620,4.69,False,r0b
back__yM59WfwzM4NAgFfECWmhg4spLe7DEJmhzBhg8NmQXaq__1781202620,back,yM59WfwzM4NAgFfECWmhg4spLe7DEJmhzBhg8NmQXaq,1780597820,1781202621,5,False,500,1780621776,1781202620,13.69,False,r0b
back__3K95DX2TLQkibB98AaegFPa7ojy51HKidreKkrN9Rg2d__1781202620,back,3K95DX2TLQkibB98AaegFPa7ojy51HKidreKkrN9Rg2d,1780597820,1781202621,5,False,500,1781149964,1781202620,13.81,False,r0b
back__ADkquSiH1zS6LmGoJxzwE6x44gpE6S3KWLALqNc3sTDs__1781202620,back,ADkquSiH1zS6LmGoJxzwE6x44gpE6S3KWLALqNc3sTDs,1780597820,1781202621,5,False,500,1781059806,1781202620,14.51,False,r0b
back__DDDD2zvzaPMLuZiC2Vos2i6TLFjJJ3bi1pN7kXQc3R5R__1781202621,back,DDDD2zvzaPMLuZiC2Vos2i6TLFjJJ3bi1pN7kXQc3R5R,1780597821,1781202622,5,False,500,1781148235,1781202621,14.79,False,r0b
back__AbuGAb9M4AgXBchk42pJ3NSGgQKbiW6Lgc48BtMMKqkN__1781202621,back,AbuGAb9M4AgXBchk42pJ3NSGgQKbiW6Lgc48BtMMKqkN,1780597821,1781202622,5,False,500,1781177145,1781202621,15.07,False,r0b
back__AmoTosp6DmCpdnbfi2vfewi6xiZVPnihBmg3ETcKMUnh__1781202621,back,AmoTosp6DmCpdnbfi2vfewi6xiZVPnihBmg3ETcKMUnh,1780597821,1781202622,5,False,500,1781073841,1781202621,18.35,False,r0b
back__C6nyDYhzNdgdNzCwtzp7NhrNfBJqA1W8P6d3pULVsU9M__1780336157,back,C6nyDYhzNdgdNzCwtzp7NhrNfBJqA1W8P6d3pULVsU9M,1779731357,1780336158,5,False,500,1780167282,1780336157,17.31,False,r0b
back__888caFyApyuEzZ7PB6oh3TCUoJvf7D4HPWVLpMdML6Lp__1780336158,back,888caFyApyuEzZ7PB6oh3TCUoJvf7D4HPWVLpMdML6Lp,1779731358,1780336159,5,False,500,1780265341,1780336158,18.61,False,r0b
back__888S9FYyfYLF3ymbwEi2FquEb4pS7sGpc19AEo5Kmrju__1780336158,back,888S9FYyfYLF3ymbwEi2FquEb4pS7sGpc19AEo5Kmrju,1779731358,1780336159,5,False,500,1780265409,1780336158,18.52,False,r0b
back__2uepPiVjMXvmUaPEKjRWV4QVeiUWDt9BFJgW5ueVvBM8__1780336158,back,2uepPiVjMXvmUaPEKjRWV4QVeiUWDt9BFJgW5ueVvBM8,1779731358,1780336159,5,False,500,1780313426,1780336158,18.77,False,r0b
back__8CvFWU1Hfmy7HkS7eWG2x8EMtQxAzCr7KcukKwspGFwB__1780336159,back,8CvFWU1Hfmy7HkS7eWG2x8EMtQxAzCr7KcukKwspGFwB,1779731359,1780336160,5,False,500,1780147977,1780336159,22.02,False,r0b
back__JAunzNqs3bVBcWDjDxfq9rgLzJMCadNXoaCgfzLGMtYs__1780336159,back,JAunzNqs3bVBcWDjDxfq9rgLzJMCadNXoaCgfzLGMtYs,1779731359,1780336160,5,False,500,1780147896,1780336159,21.66,False,r0b
back__2VFEgvtKa4MF2qYqNxQ6XxadBJdUe6VRMDsHQbSqFBo6__1780336171,back,2VFEgvtKa4MF2qYqNxQ6XxadBJdUe6VRMDsHQbSqFBo6,1779731371,1780336172,5,False,500,1780321551,1780336171,20.7,False,r0b
back__BQVz7fQ1WsQmSTMY3umdPEPPTm1sdcBcX9sP7o6kPRmB__1780336171,back,BQVz7fQ1WsQmSTMY3umdPEPPTm1sdcBcX9sP7o6kPRmB,1779731371,1780336172,5,False,500,1780248371,1780336171,24.37,False,r0b
back__Fyr3eVTySpfyczEzUFcJ3SPtEKRwWKhxsmAWLghwP3FL__1780336171,back,Fyr3eVTySpfyczEzUFcJ3SPtEKRwWKhxsmAWLghwP3FL,1779731371,1780336172,5,False,500,1779975552,1780336171,22.08,False,r0b
back__93kk52HkrH5pHEPyb2KM62mP4cWA1N5DaSgBgDzA2uT9__1780336171,back,93kk52HkrH5pHEPyb2KM62mP4cWA1N5DaSgBgDzA2uT9,1779731371,1780336172,5,False,500,1779894870,1780336171,20.48,False,r0b
back__ayaCRDLwYRqAvPnrpwnkUsxrqx4hniVaWAGHYG5DGBD__1780336171,back,ayaCRDLwYRqAvPnrpwnkUsxrqx4hniVaWAGHYG5DGBD,1779731371,1780336172,5,False,500,1780308389,1780336171,16.99,False,r0b
back__A8L9o7RYGreuRLyo3VRrso3K4gVvCn9bJLZK9DhzaCru__1780336174,back,A8L9o7RYGreuRLyo3VRrso3K4gVvCn9bJLZK9DhzaCru,1779731374,1780336175,5,False,500,1780068729,1780336174,17.38,False,r0b
back__FtEhZX7CuxNwAEvrvt36oCrKUSVL6ZVVQXgSxe2VKwD7__1780336174,back,FtEhZX7CuxNwAEvrvt36oCrKUSVL6ZVVQXgSxe2VKwD7,1779731374,1780336175,5,False,500,1780068726,1780336174,17.35,False,r0b
back__CXMiGLCizCEdiLLXyY9rh3e6zD5AFM44JAMPAtA8ayjB__1780336174,back,CXMiGLCizCEdiLLXyY9rh3e6zD5AFM44JAMPAtA8ayjB,1779731374,1780336175,5,False,500,1780069206,1780336174,17.72,False,r0b
back__Fim76SuFeKhKaaJey2GTHCwzQm9kAqjFu6ts8dUz9Xtc__1780336174,back,Fim76SuFeKhKaaJey2GTHCwzQm9kAqjFu6ts8dUz9Xtc,1779731374,1780336175,2,True,135,1780331820,1780336174,5.16,False,r0b
back__8dtx2tr4TuJsYpri2suggFu1pg3DVjFLBBVmhtDy1MEF__1780336174,back,8dtx2tr4TuJsYpri2suggFu1pg3DVjFLBBVmhtDy1MEF,1779731374,1780336175,5,False,500,1780301551,1780336174,16.28,False,r0b
back__FwFxVQXEFacPK5fUe7b4YauQzf38ShrhA2L7QSnpUrxB__1780336174,back,FwFxVQXEFacPK5fUe7b4YauQzf38ShrhA2L7QSnpUrxB,1779731374,1780336175,5,False,500,1780307028,1780336174,17.85,False,r0b
back__3BSmcXA8CUjgNMSHsvfxFRvdBi2YoW5DAm3vfc8VyDpE__1780336175,back,3BSmcXA8CUjgNMSHsvfxFRvdBi2YoW5DAm3vfc8VyDpE,1779731375,1780336176,5,False,500,1780002734,1780336175,19.68,False,r0b
back__3Rv1BsWHX1R6EzvG7oGgNqDEvXBWjnJo8K1Q7EJJKEtA__1780336178,back,3Rv1BsWHX1R6EzvG7oGgNqDEvXBWjnJo8K1Q7EJJKEtA,1779731378,1780336179,5,False,500,1780237954,1780336178,21.31,False,r0b
back__DhPYq6RZ6fDyLtUGadMzNRbVNpHgidzLdppboxtWjLC5__1780336178,back,DhPYq6RZ6fDyLtUGadMzNRbVNpHgidzLdppboxtWjLC5,1779731378,1780336179,5,False,500,1780267567,1780336178,24.02,False,r0b
back__6KsuesQQGfqZcqEPBKXgT5iwvZHhUgf6uvtuzQNigxgK__1780336178,back,6KsuesQQGfqZcqEPBKXgT5iwvZHhUgf6uvtuzQNigxgK,1779731378,1780336179,5,False,500,1780264594,1780336178,25.22,False,r0b
back__EdgHF2ktnPgVPadvbbSkggXajQZoN8PkCcPsu8nwaPaa__1780336178,back,EdgHF2ktnPgVPadvbbSkggXajQZoN8PkCcPsu8nwaPaa,1779731378,1780336179,3,True,258,1780306821,1780336178,14.1,False,r0b
back__Ez2jYoXp45DZxr7JVhiqbDNirgBT37MErjZGxA8jZkTf__1780336178,back,Ez2jYoXp45DZxr7JVhiqbDNirgBT37MErjZGxA8jZkTf,1779731378,1780336179,5,False,500,1780330437,1780336178,23.29,False,r0b
back__DhBdySYwG6mLduj3n4erqXYR9j92iDPXimGh9Dc8KCuu__1780336179,back,DhBdySYwG6mLduj3n4erqXYR9j92iDPXimGh9Dc8KCuu,1779731379,1780336180,5,False,500,1779894462,1780336179,22.56,False,r0b
back__EB7fW5LwqssCedPxgxedfmTUwqTLK9XXi1SC48dNpegN__1780336179,back,EB7fW5LwqssCedPxgxedfmTUwqTLK9XXi1SC48dNpegN,1779731379,1780336180,5,False,500,1779890374,1780336179,20.05,False,r0b
back__FbzduDN9R6kLaoarb7YqMESQTFBNEsCJPiPhj1tgPWN9__1780336179,back,FbzduDN9R6kLaoarb7YqMESQTFBNEsCJPiPhj1tgPWN9,1779731379,1780336180,5,False,500,1779894898,1780336179,21.31,False,r0b
back__5rfYBLwi3aNTb1gJAUucVzHwKBy5NFS6tuq6rMYV5mN__1780336179,back,5rfYBLwi3aNTb1gJAUucVzHwKBy5NFS6tuq6rMYV5mN,1779731379,1780336180,5,False,500,1780264993,1780336179,18.54,False,r0b
back__9PGpTLxTUV3HZgDbLokaCkP1n8oKNcPKk8uqzxsTKWJj__1780336179,back,9PGpTLxTUV3HZgDbLokaCkP1n8oKNcPKk8uqzxsTKWJj,1779731379,1780336180,5,False,500,1780257132,1780336179,19.1,False,r0b
back__8X6Gmey6yjxXMWXHiH8BDgEAaAkxvFYWE96qXGxYM35h__1780336179,back,8X6Gmey6yjxXMWXHiH8BDgEAaAkxvFYWE96qXGxYM35h,1779731379,1780336180,5,False,500,1779957589,1780336179,20.56,False,r0b
back__EHg5YkU2SZBTvuT87rUsvxArGp3HLeye1fXaSDfuMyaf__1780336180,back,EHg5YkU2SZBTvuT87rUsvxArGp3HLeye1fXaSDfuMyaf,1779731380,1780336181,5,False,500,1780001456,1780336180,16.59,False,r0b
back__BwWK17cbHxwWBKZkUYvzxLcNQ1YVyaFezduWbtm2de6s__1780843027,back,BwWK17cbHxwWBKZkUYvzxLcNQ1YVyaFezduWbtm2de6s,1780238227,1780843028,5,False,500,1780842954,1780843027,20.34,False,r0b
back__4UbzHoj9BvToExeguKkUpECkX8doXpoFgxRQCRXVRHn4__1780823225,back,4UbzHoj9BvToExeguKkUpECkX8doXpoFgxRQCRXVRHn4,1780218425,1780823226,4,True,337,1780715239,1780823225,17.36,False,r0b
back__AxUz3XDMedy6nWimqdoeWEwVuQt6kHiqWSRfcKbdm4wB__1780829856,back,AxUz3XDMedy6nWimqdoeWEwVuQt6kHiqWSRfcKbdm4wB,1780225056,1780829857,4,True,307,1780309355,1780829856,15.46,False,r0b
back__9K3rhw14Aa3YTWQWADuPag6vDYPfhWfHWTxMP9KEDpdC__1780829856,back,9K3rhw14Aa3YTWQWADuPag6vDYPfhWfHWTxMP9KEDpdC,1780225056,1780829857,4,True,374,1780233672,1780829856,16.34,False,r0b
back__9ugbwhmBsmRHK8h72spbQaN6rE2YGteEdjnNVwDczaqy__1780829856,back,9ugbwhmBsmRHK8h72spbQaN6rE2YGteEdjnNVwDczaqy,1780225056,1780829857,4,True,358,1780309355,1780829856,14.11,False,r0b
back__A3WySdFfsNLNyRQABzfV5wAo1Y9fo2Kgrmuug7fTfBxL__1780829856,back,A3WySdFfsNLNyRQABzfV5wAo1Y9fo2Kgrmuug7fTfBxL,1780225056,1780829857,4,True,353,1780226367,1780829856,16.3,False,r0b
back__7seMnr5bm97DtYjCd1iVo5Qer4T8cTqzbWFe3wwTLs4j__1780829856,back,7seMnr5bm97DtYjCd1iVo5Qer4T8cTqzbWFe3wwTLs4j,1780225056,1780829857,4,True,330,1780291954,1780829856,14.04,False,r0b
back__BYDfWynaQkjDV6j2H4j8HKuteJ4S9u2pFghCsLBoGNr9__1780829856,back,BYDfWynaQkjDV6j2H4j8HKuteJ4S9u2pFghCsLBoGNr9,1780225056,1780829857,1,True,22,1780384071,1780829856,2.29,False,r0b
back__HPZ7VniLa3FqwsyqRk15Y7KhiMrhDHh9XswCHZCXYz8n__1780829856,back,HPZ7VniLa3FqwsyqRk15Y7KhiMrhDHh9XswCHZCXYz8n,1780225056,1780829857,3,True,256,1780260448,1780829856,15.49,False,r0b
back__2mqrindMAjJEQPLhroYWyiYPo5h9iAsahfdd4QtsjwdY__1780829856,back,2mqrindMAjJEQPLhroYWyiYPo5h9iAsahfdd4QtsjwdY,1780225056,1780829857,5,False,500,1780721695,1780829856,18.79,False,r0b
back__F52mb7KiBd7cjPT2ZEwDqqbiQcRuBDB9bMLnMFd2Vqww__1780829856,back,F52mb7KiBd7cjPT2ZEwDqqbiQcRuBDB9bMLnMFd2Vqww,1780225056,1780829857,5,False,500,1780412999,1780829856,19.61,False,r0b
back__GRevWsvJCmmZ6cF6GdAkpKNW6TCLm5MBKyBc3XtUeMmB__1780829856,back,GRevWsvJCmmZ6cF6GdAkpKNW6TCLm5MBKyBc3XtUeMmB,1780225056,1780829857,5,False,500,1780687366,1780829856,20.71,False,r0b
back__FwW6E7Hr5PyWZvVwe6nZsG7SkLvsg35JTfisb8Yac4T3__1780829858,back,FwW6E7Hr5PyWZvVwe6nZsG7SkLvsg35JTfisb8Yac4T3,1780225058,1780829859,2,True,128,1780235399,1780829858,6.92,False,r0b
back__7PgDCHkNS8kLg34rytQyVLmeLANZcNN4isJqRjx3687z__1780829858,back,7PgDCHkNS8kLg34rytQyVLmeLANZcNN4isJqRjx3687z,1780225058,1780829859,2,True,136,1780235391,1780829858,6.41,False,r0b
back__JQqFTRUZF7fnH1HvpthXBhWS9ZUZkgL4QuUf33B1Jxm__1780829858,back,JQqFTRUZF7fnH1HvpthXBhWS9ZUZkgL4QuUf33B1Jxm,1780225058,1780829859,3,True,284,1780240387,1780829858,10.48,False,r0b
back__EFykzWuV1ZxjA8oSBZGY6EUgcpbV2z9vQaD6oHD3ytbV__1780829858,back,EFykzWuV1ZxjA8oSBZGY6EUgcpbV2z9vQaD6oHD3ytbV,1780225058,1780829859,5,False,500,1780303674,1780829858,15.07,False,r0b
back__GT87okYYmfnAvNgT1xpmbWkE7JBq2yK7WfEnB4wp3jVs__1780829858,back,GT87okYYmfnAvNgT1xpmbWkE7JBq2yK7WfEnB4wp3jVs,1780225058,1780829859,5,True,471,1780323420,1780829858,15.14,False,r0b
back__788WzyMcfXj3eErx2mxc1EmpgfdscE38AEFK7uLMx1iU__1780829858,back,788WzyMcfXj3eErx2mxc1EmpgfdscE38AEFK7uLMx1iU,1780225058,1780829859,3,True,250,1780320055,1780829858,8.13,False,r0b
back__546mZhmFCvZV3rKkCsC1vA2bQ6G1PE961oFAVpGRGkSC__1780829858,back,546mZhmFCvZV3rKkCsC1vA2bQ6G1PE961oFAVpGRGkSC,1780225058,1780829859,5,False,500,1780496236,1780829858,12.74,False,r0b
back__8cKTsKRe8TN5QrQJE1pjzU3Ry6iFKF3ua1yf4BBHAv9g__1780829860,back,8cKTsKRe8TN5QrQJE1pjzU3Ry6iFKF3ua1yf4BBHAv9g,1780225060,1780829861,5,False,500,1780789857,1780829860,12.02,False,r0b
back__7HwqTbpxyHvaEtdwzYomrhtWCF1XpHcqqQkEVnq9jCML__1780829860,back,7HwqTbpxyHvaEtdwzYomrhtWCF1XpHcqqQkEVnq9jCML,1780225060,1780829861,5,False,500,1780713704,1780829860,15.06,False,r0b
back__MUYJ6ECrTzvmTz37woWx2jyzFSpidDWhbLNQtVUqCmD__1780829860,back,MUYJ6ECrTzvmTz37woWx2jyzFSpidDWhbLNQtVUqCmD,1780225060,1780829861,5,False,500,1780712276,1780829860,14.62,False,r0b
back__8Vceaxp4Xc6VQ4onWWo6ag5zn9s4Zy4GnbEsnTdkyuVy__1780829861,back,8Vceaxp4Xc6VQ4onWWo6ag5zn9s4Zy4GnbEsnTdkyuVy,1780225061,1780829862,5,False,500,1780713299,1780829861,14.24,False,r0b
back__Bv9rXTo1zTLs2C9kAzRbMER9tnbETWpvsZjVkAsZpwvp__1780829861,back,Bv9rXTo1zTLs2C9kAzRbMER9tnbETWpvsZjVkAsZpwvp,1780225061,1780829862,5,False,500,1780668154,1780829861,14.72,False,r0b
back__2ccgxuZv5NEngCwWqj6zjwxHWVc8RDwXgMUfUnmpTYHQ__1780829861,back,2ccgxuZv5NEngCwWqj6zjwxHWVc8RDwXgMUfUnmpTYHQ,1780225061,1780829862,5,False,500,1780748955,1780829861,19.92,False,r0b
back__3wVpzKVGXcnMDPMYhuhgoNXSvyxUZgTQWt37DTVKWbsd__1780829861,back,3wVpzKVGXcnMDPMYhuhgoNXSvyxUZgTQWt37DTVKWbsd,1780225061,1780829862,5,True,447,1780225221,1780829861,17.87,False,r0b
back__A8HoBuqtC95LrfNiCLMYMhgxr3oXQz3J9kbp7rudub3X__1780829861,back,A8HoBuqtC95LrfNiCLMYMhgxr3oXQz3J9kbp7rudub3X,1780225061,1780829862,5,True,468,1780225221,1780829861,17.2,False,r0b
back__FMdL2mr1qVgxata25DLtR1Um7zdfKRC2vV4oV9HPJcb__1780829861,back,FMdL2mr1qVgxata25DLtR1Um7zdfKRC2vV4oV9HPJcb,1780225061,1780829862,5,False,500,1780743755,1780829861,20.76,False,r0b
back__7K7WwY9yEMpbAacgHvCfquyCHpRkVyNdroNrXZvj2drK__1780829861,back,7K7WwY9yEMpbAacgHvCfquyCHpRkVyNdroNrXZvj2drK,1780225061,1780829862,5,False,500,1780598433,1780829861,20.49,False,r0b
back__Etrk5GiyQSJp2Jgu7A6GJqV7rwSc3PfgcYb2uDe8PTMJ__1780829861,back,Etrk5GiyQSJp2Jgu7A6GJqV7rwSc3PfgcYb2uDe8PTMJ,1780225061,1780829862,5,False,500,1780675517,1780829861,19.79,False,r0b
back__DzRqREhHeiSVpGSurhnHvyqoFrweh99u9yUSdXL6CQft__1780829861,back,DzRqREhHeiSVpGSurhnHvyqoFrweh99u9yUSdXL6CQft,1780225061,1780829862,5,False,500,1780524459,1780829861,21.33,False,r0b
back__ANUmjxBoCpnFKBE3gknuuYRLkG96ndEaeTyt2VRbv3pu__1780829862,back,ANUmjxBoCpnFKBE3gknuuYRLkG96ndEaeTyt2VRbv3pu,1780225062,1780829863,5,False,500,1780489452,1780829862,22.1,False,r0b
back__rzyTyP3gNnAwmkutS1FY7Wv2RdSFzZi5BbzmU4Cw73t__1781117482,back,rzyTyP3gNnAwmkutS1FY7Wv2RdSFzZi5BbzmU4Cw73t,1780512682,1781117483,5,False,500,1780584137,1781117482,23.21,False,r0b
back__2CQgjcdNEo7WtbQLpJTAVcC3Ga61pNvRDTgP5grzctFG__1781117482,back,2CQgjcdNEo7WtbQLpJTAVcC3Ga61pNvRDTgP5grzctFG,1780512682,1781117483,5,False,500,1781111075,1781117482,19.95,False,r0b
back__4PTc2N7DJniMok9mrG7hfinVqkUQ2RYtyZz3dunKqiiy__1781117482,back,4PTc2N7DJniMok9mrG7hfinVqkUQ2RYtyZz3dunKqiiy,1780512682,1781117483,4,True,338,1780556808,1781117482,18.01,False,r0b
back__FtTWnrFen7fPCLj3KYVYnfJpthjpeye1hyaQRSJFt8pU__1781117482,back,FtTWnrFen7fPCLj3KYVYnfJpthjpeye1hyaQRSJFt8pU,1780512682,1781117483,5,True,415,1780512877,1781117482,19.12,False,r0b
back__D9DWS616vYC75JjaSBY1hUDNcLBHHjG8rhaRStdJprda__1781117482,back,D9DWS616vYC75JjaSBY1hUDNcLBHHjG8rhaRStdJprda,1780512682,1781117483,3,True,268,1781102741,1781117482,10.51,False,r0b
back__A1i5Jkxo2oAncsKtjStGq98fGk7v1drJRjTjDvDaZAL1__1781117483,back,A1i5Jkxo2oAncsKtjStGq98fGk7v1drJRjTjDvDaZAL1,1780512683,1781117484,5,False,500,1781072915,1781117483,17.45,False,r0b
back__FjJiYpUcEYZ3XHWQD2Q9atydmuFhZRQwC3wZQxfRLgAf__1781117483,back,FjJiYpUcEYZ3XHWQD2Q9atydmuFhZRQwC3wZQxfRLgAf,1780512683,1781117484,5,False,500,1781006618,1781117483,17.03,False,r0b
back__BLw4fXAc9P7NYhnRH9GyccXKUmvpUSiqc67BGbanxcDp__1781117484,back,BLw4fXAc9P7NYhnRH9GyccXKUmvpUSiqc67BGbanxcDp,1780512684,1781117485,5,False,500,1781013754,1781117484,16.97,False,r0b
back__8ZSBWsVodQTfoUeduc783dJoMFTUxJJqcoreqHWsTchb__1781117485,back,8ZSBWsVodQTfoUeduc783dJoMFTUxJJqcoreqHWsTchb,1780512685,1781117486,5,False,500,1781037634,1781117485,16.83,False,r0b
back__2jkNhQTHNPxdzQ7yXtyUtafSsqvv6teAGkEBs68Lw3Qs__1781117485,back,2jkNhQTHNPxdzQ7yXtyUtafSsqvv6teAGkEBs68Lw3Qs,1780512685,1781117486,5,False,500,1781044105,1781117485,16.26,False,r0b
back__Cy78cfePXDG2CtPb2M81DeeGPwRBt6MXHFNYcmKKR9CU__1781117485,back,Cy78cfePXDG2CtPb2M81DeeGPwRBt6MXHFNYcmKKR9CU,1780512685,1781117486,5,False,500,1780954554,1781117485,15.6,False,r0b
back__8Wnqm72wwKHcnvxXgb5j6LzH7wMxJv7utHyc5UzR9K9g__1781117485,back,8Wnqm72wwKHcnvxXgb5j6LzH7wMxJv7utHyc5UzR9K9g,1780512685,1781117486,5,False,500,1781022890,1781117485,17.91,False,r0b
back__DzRqREhHeiSVpGSurhnHvyqoFrweh99u9yUSdXL6CQft__1781117485,back,DzRqREhHeiSVpGSurhnHvyqoFrweh99u9yUSdXL6CQft,1780512685,1781117486,5,False,500,1780928278,1781117485,17.13,False,r0b
back__C3DzwFnpw9nwwRf4Xr8j4V8DrwfjawnuGXUPgYJJx6te__1781117486,back,C3DzwFnpw9nwwRf4Xr8j4V8DrwfjawnuGXUPgYJJx6te,1780512686,1781117487,5,False,500,1781093238,1781117486,17.95,False,r0b
back__7XQyoTSoEmZYJQHxtERJ8S7QjJkyaTpgagzHykQyukJi__1781117486,back,7XQyoTSoEmZYJQHxtERJ8S7QjJkyaTpgagzHykQyukJi,1780512686,1781117487,5,False,500,1780927957,1781117486,20.69,False,r0b
back__4RDNo5BBAjQhmd1FcSPnzuA6UtUM4PLWuhirRczhLJCa__1781117486,back,4RDNo5BBAjQhmd1FcSPnzuA6UtUM4PLWuhirRczhLJCa,1780512686,1781117487,5,False,500,1780852343,1781117486,20.53,False,r0b
back__CuQqqNq2zUa7VZE4xxcDt5g6vwcArPd5LhF4W9TQbtv9__1781117489,back,CuQqqNq2zUa7VZE4xxcDt5g6vwcArPd5LhF4W9TQbtv9,1780512689,1781117490,5,False,500,1780883775,1781117489,19.95,False,r0b
back__5JgpKFiFP9M8jffMNiZsoL6hqgrAYFf9Kv3kWeYcqxFB__1781117490,back,5JgpKFiFP9M8jffMNiZsoL6hqgrAYFf9Kv3kWeYcqxFB,1780512690,1781117491,4,True,363,1780513256,1781117490,13.88,False,r0b
back__GFGKp7j4JdMCHEhtzpV8krRfbRsE83DT1YuG96ChjeVB__1781117490,back,GFGKp7j4JdMCHEhtzpV8krRfbRsE83DT1YuG96ChjeVB,1780512690,1781117491,4,True,330,1780513256,1781117490,13.63,False,r0b
back__ADrErYMhodzhiVCQb4NtA3RD3fR9AbWduJh6nMyVgj6i__1781117490,back,ADrErYMhodzhiVCQb4NtA3RD3fR9AbWduJh6nMyVgj6i,1780512690,1781117491,4,True,334,1780513256,1781117490,12.32,False,r0b
back__AJFVF5FJNxGBqC4JLyfSd21dgZqzSghvVE5AYasgYBRs__1781117508,back,AJFVF5FJNxGBqC4JLyfSd21dgZqzSghvVE5AYasgYBRs,1780512708,1781117509,5,False,500,1780954104,1781117508,15.0,False,r0b
back__Dd8PsaLKsfUrxqnNDr7xdo4XmuKbTs8fAACC8vAmRima__1781117508,back,Dd8PsaLKsfUrxqnNDr7xdo4XmuKbTs8fAACC8vAmRima,1780512708,1781117509,5,False,500,1780918256,1781117508,14.95,False,r0b
back__BMZ5M7WiQ2biZAyGe5mnLBY3LH7uC2R54VtaKQLtqTQW__1781117508,back,BMZ5M7WiQ2biZAyGe5mnLBY3LH7uC2R54VtaKQLtqTQW,1780512708,1781117509,5,False,500,1780821816,1781117508,15.65,False,r0b
back__3nRhUjArzsR8663HSFxXgLy6Rc6QWNGJwoCfVV2F5PHP__1781117513,back,3nRhUjArzsR8663HSFxXgLy6Rc6QWNGJwoCfVV2F5PHP,1780512713,1781117514,1,True,54,1781113920,1781117513,2.66,False,r0b
back__HQT2L7V9pkYocCUdTuYN73965FpJsnN2ZDjWhyMgK4x2__1781117556,back,HQT2L7V9pkYocCUdTuYN73965FpJsnN2ZDjWhyMgK4x2,1780512756,1781117557,5,False,500,1780765923,1781117556,15.65,False,r0b
back__Eqm4pdRd3kLSfie5mNHrVQgdaz3zLGVXmCT1qWsaaaJB__1781117556,back,Eqm4pdRd3kLSfie5mNHrVQgdaz3zLGVXmCT1qWsaaaJB,1780512756,1781117557,5,False,500,1780814086,1781117556,16.76,False,r0b
back__SQHK48QT8SY1vYN44iXji7wQ6CJek8AjfX6mBp47TZq__1781117557,back,SQHK48QT8SY1vYN44iXji7wQ6CJek8AjfX6mBp47TZq,1780512757,1781117558,5,False,500,1781096012,1781117557,15.14,False,r0b
back__GWXiE3GVWTyutTX6ocP45LDjCp6t8QTyxd9mDXPzxPK1__1781117559,back,GWXiE3GVWTyutTX6ocP45LDjCp6t8QTyxd9mDXPzxPK1,1780512759,1781117560,5,False,500,1780925843,1781117559,21.17,False,r0b
back__429fEKUVSB3KscQKxeQkWxgZEEhVzUGrjWXxudvQaquU__1781117562,back,429fEKUVSB3KscQKxeQkWxgZEEhVzUGrjWXxudvQaquU,1780512762,1781117563,3,True,280,1780513961,1781117562,11.42,False,r0b
back__5F63PUFewfzxrGpTG5cPL6cct4GN8zGdS89TFBSBvS7n__1781117599,back,5F63PUFewfzxrGpTG5cPL6cct4GN8zGdS89TFBSBvS7n,1780512799,1781117600,5,True,470,1780519450,1781117599,20.39,False,r0b
back__HxD5yk3BnDZ8HD1Q3saP14CGFqb9v4kemHcDStNwphZn__1780969595,back,HxD5yk3BnDZ8HD1Q3saP14CGFqb9v4kemHcDStNwphZn,1780364795,1780969596,4,True,325,1780925404,1780969595,13.43,False,r0b
back__BwWK17cbHxwWBKZkUYvzxLcNQ1YVyaFezduWbtm2de6s__1780969599,back,BwWK17cbHxwWBKZkUYvzxLcNQ1YVyaFezduWbtm2de6s,1780364799,1780969600,5,False,500,1780969461,1780969599,26.28,False,r0b
back__DE4Y1i3LZD6fXNh7gcCekMyReBV23kRgbinnXp1iahYw__1780969609,back,DE4Y1i3LZD6fXNh7gcCekMyReBV23kRgbinnXp1iahYw,1780364809,1780969610,5,False,500,1780962343,1780969609,26.54,False,r0b
back__4Ki54j4tyzRLkagnvPWnbHTgz113KQdfDus7wCmpweqo__1780969614,back,4Ki54j4tyzRLkagnvPWnbHTgz113KQdfDus7wCmpweqo,1780364814,1780969615,5,False,500,1780895950,1780969614,24.92,False,r0b
back__DGCM9iBqaUkpRxqsguVZuDPNjcDvZzhJiH4AZHFkqgg3__1780969682,back,DGCM9iBqaUkpRxqsguVZuDPNjcDvZzhJiH4AZHFkqgg3,1780364882,1780969683,1,True,72,1780909822,1780969682,4.3,False,r0b
back__GTNEWBCZB5SGBAmqMTDxdpioq2rFUrudVYcFTXARMwya__1780804081,back,GTNEWBCZB5SGBAmqMTDxdpioq2rFUrudVYcFTXARMwya,1780199281,1780804082,5,False,500,1780763726,1780804081,27.58,False,r0b
back__FSfmJWHwLkiGTMtnDst26m5WuoFiQprMhVNzNjg5rC4M__1780804081,back,FSfmJWHwLkiGTMtnDst26m5WuoFiQprMhVNzNjg5rC4M,1780199281,1780804082,5,False,500,1780766368,1780804081,29.27,False,r0b
back__GuHZuAUp6Lqfo4H7bcj5oyunbmnfkUsDmgJZxR9emAtR__1780781517,back,GuHZuAUp6Lqfo4H7bcj5oyunbmnfkUsDmgJZxR9emAtR,1780176717,1780781518,4,True,383,1780182226,1780781517,23.3,False,r0b
back__2CHrnc2LyagAbMaMFgthiDWh7ZZ9zT9TF8WEJf7MNE71__1781090059,back,2CHrnc2LyagAbMaMFgthiDWh7ZZ9zT9TF8WEJf7MNE71,1780485259,1781090060,5,False,500,1780661585,1781090059,43.96,False,r0b
back__Atgx1JXsp8pTQ9Qsi74wF5pLMVwHwyQc6jJCu84evN7c__1781090059,back,Atgx1JXsp8pTQ9Qsi74wF5pLMVwHwyQc6jJCu84evN7c,1780485259,1781090060,5,False,500,1780606687,1781090059,39.23,False,r0b
back__8kzFH4rgFzy4ccz97AhgqRT7Qbt7HnD5oJCDK1Sxdarb__1781090059,back,8kzFH4rgFzy4ccz97AhgqRT7Qbt7HnD5oJCDK1Sxdarb,1780485259,1781090060,5,False,500,1780605848,1781090059,41.36,False,r0b
back__2CQgjcdNEo7WtbQLpJTAVcC3Ga61pNvRDTgP5grzctFG__1781090059,back,2CQgjcdNEo7WtbQLpJTAVcC3Ga61pNvRDTgP5grzctFG,1780485259,1781090060,5,False,500,1781071368,1781090059,37.15,False,r0b
back__7cp6zxvhxbfS7QgYTB7ts2RqFf7zDYwtjfuHcEHhKLAz__1781090059,back,7cp6zxvhxbfS7QgYTB7ts2RqFf7zDYwtjfuHcEHhKLAz,1780485259,1781090060,5,False,500,1780977100,1781090059,32.47,False,r0b
back__2F89pkKeYoouYrqfB4P4QaiSkP5jLGu6J3bMKs7Qu4ux__1781090062,back,2F89pkKeYoouYrqfB4P4QaiSkP5jLGu6J3bMKs7Qu4ux,1780485262,1781090063,5,False,500,1781031257,1781090062,32.67,False,r0b
back__EeyNHgzyduzf4eYf9YsPa5826jDgDqprppdsSeaKoNDW__1781090065,back,EeyNHgzyduzf4eYf9YsPa5826jDgDqprppdsSeaKoNDW,1780485265,1781090066,5,False,500,1780922113,1781090065,19.07,False,r0b
back__CpSy31HyDeMFS34H3ixN2rNaNhnG51v8ZaAejtTiEf7U__1781090067,back,CpSy31HyDeMFS34H3ixN2rNaNhnG51v8ZaAejtTiEf7U,1780485267,1781090068,1,True,56,1780895619,1781090067,2.34,False,r0b
back__iE7qrNXzhwwt34FP2K2PXzCLxDrpbS2HuKs451JAkhM__1781090067,back,iE7qrNXzhwwt34FP2K2PXzCLxDrpbS2HuKs451JAkhM,1780485267,1781090068,5,True,469,1780491280,1781090067,16.64,False,r0b
back__9s3h6GKxG5xxpV3v8qFNsHHA4fgmMUW5sGcrNSH858Dz__1781090068,back,9s3h6GKxG5xxpV3v8qFNsHHA4fgmMUW5sGcrNSH858Dz,1780485268,1781090069,1,True,83,1780542535,1781090068,8.88,False,r0b
back__ARu4n5mFdZogZAravu7CcizaojWnS6oqka37gdLT5SZn__1781090071,back,ARu4n5mFdZogZAravu7CcizaojWnS6oqka37gdLT5SZn,1780485271,1781090072,5,False,500,1781089949,1781090071,28.32,False,r0b
back__AV7BC3KUydEfaDogdFqRRkwCZETMZ72TraVwMnVmeK2c__1781090076,back,AV7BC3KUydEfaDogdFqRRkwCZETMZ72TraVwMnVmeK2c,1780485276,1781090077,3,True,234,1780699308,1781090076,7.99,False,r0b
back__J8vztt4Ga2LNrkvm7EqdRBU4HZ3Vb1i3MpJfBSLz5XDA__1781090089,back,J8vztt4Ga2LNrkvm7EqdRBU4HZ3Vb1i3MpJfBSLz5XDA,1780485289,1781090090,5,False,500,1780567506,1781090089,21.83,False,r0b
back__4SbDMrX8Zfj7qZtRKTBSQEavPkc7BP1kiJfT2f3dn8RL__1781090120,back,4SbDMrX8Zfj7qZtRKTBSQEavPkc7BP1kiJfT2f3dn8RL,1780485320,1781090121,4,True,332,1780488539,1781090120,17.97,False,r0b
back__G4zaaemvziS1SjCY3EorVDQVAPutFzh619VQmMGkLDEy__1781090120,back,G4zaaemvziS1SjCY3EorVDQVAPutFzh619VQmMGkLDEy,1780485320,1781090121,4,True,310,1780488539,1781090120,16.5,False,r0b
back__9ka4JNe8ExUzfbLhhizUvw6p2FVdppezjmPMcKjbMiMz__1781090120,back,9ka4JNe8ExUzfbLhhizUvw6p2FVdppezjmPMcKjbMiMz,1780485320,1781090121,3,True,285,1780488539,1781090120,13.2,False,r0b
back__niggerd597QYedtvjQDVHZTCCGyJrwHNm2i49dkm5zS__1781090120,back,niggerd597QYedtvjQDVHZTCCGyJrwHNm2i49dkm5zS,1780485320,1781090121,5,False,500,1781038931,1781090120,23.26,False,r0b
back__AowrJaw84rGhmFFYRTqs3diCHwg8Q5zjMVWmWSfNkQJU__1781090120,back,AowrJaw84rGhmFFYRTqs3diCHwg8Q5zjMVWmWSfNkQJU,1780485320,1781090121,5,False,500,1780995717,1781090120,23.99,False,r0b
back__DopeV555n5H4vwgXhqH1cK1jeh537gVQes6bvxzk4xJc__1781090120,back,DopeV555n5H4vwgXhqH1cK1jeh537gVQes6bvxzk4xJc,1780485320,1781090121,5,False,500,1780783572,1781090120,21.96,False,r0b
back__3yd6eZpoCenPk48ARB9eMS53mWM6mbq27grLvpiXJEC8__1781090125,back,3yd6eZpoCenPk48ARB9eMS53mWM6mbq27grLvpiXJEC8,1780485325,1781090126,5,True,482,1780487252,1781090125,24.07,False,r0b
back__D3v6qNdpW68HGPure55bfdo7c7L8HX5k34Z3zxzTbAz9__1781090125,back,D3v6qNdpW68HGPure55bfdo7c7L8HX5k34Z3zxzTbAz9,1780485325,1781090126,5,False,500,1780496401,1781090125,24.69,False,r0b
back__FxhKHPWKF3b57fcWZd6myRSVTVFxjKE6mxujnwSUS5MJ__1781090125,back,FxhKHPWKF3b57fcWZd6myRSVTVFxjKE6mxujnwSUS5MJ,1780485325,1781090126,5,False,500,1780488568,1781090125,24.66,False,r0b
back__Dq3jd3ZpPHzspQWhnoi6hFELVyTcpRDHTMduaPvXpjZ8__1781090125,back,Dq3jd3ZpPHzspQWhnoi6hFELVyTcpRDHTMduaPvXpjZ8,1780485325,1781090126,5,False,500,1780960674,1781090125,18.73,False,r0b
back__7SDG2vyv3avA6te2BzUAZ2pSzRRrMKeazaueAyy6q9na__1781090125,back,7SDG2vyv3avA6te2BzUAZ2pSzRRrMKeazaueAyy6q9na,1780485325,1781090126,5,False,500,1780982298,1781090125,16.33,False,r0b
back__8GSDbEhMy3LbuLnqyb1ehQr1wwX3yiMN5pL98NnEM32a__1781090126,back,8GSDbEhMy3LbuLnqyb1ehQr1wwX3yiMN5pL98NnEM32a,1780485326,1781090127,5,False,500,1780981256,1781090126,16.07,False,r0b
back__EFVrkgoMryP2ECgyUPjTf4y8oJtmkZcp9SQ5r7NARDQ2__1781090132,back,EFVrkgoMryP2ECgyUPjTf4y8oJtmkZcp9SQ5r7NARDQ2,1780485332,1781090133,5,True,402,1780491860,1781090132,14.45,False,r0b
back__9xHBATt24R3RaTt9Qq1mv9vczkS2b49jfUoPVMSursv6__1781090132,back,9xHBATt24R3RaTt9Qq1mv9vczkS2b49jfUoPVMSursv6,1780485332,1781090133,4,True,360,1780493189,1781090132,13.01,False,r0b
back__3qbsGDcXqLT8DKiD6T7qXFd7m6bS1TbTbXMg7nizcaC2__1781090133,back,3qbsGDcXqLT8DKiD6T7qXFd7m6bS1TbTbXMg7nizcaC2,1780485333,1781090134,1,True,18,1781036679,1781090133,2.14,False,r0b
back__pWEd6cWa6ZQVZ28tJGsJXeXbCWLgfwH1yxU1r8ev3eV__1781090133,back,pWEd6cWa6ZQVZ28tJGsJXeXbCWLgfwH1yxU1r8ev3eV,1780485333,1781090134,1,True,19,1781036470,1781090133,2.91,False,r0b
back__BL3PKwy1KZMgeWjkwD7V3Ya6MgyMVu8otJe8CU237rbY__1781090133,back,BL3PKwy1KZMgeWjkwD7V3Ya6MgyMVu8otJe8CU237rbY,1780485333,1781090134,1,True,8,1781037249,1781090133,2.33,False,r0b
back__BwWK17cbHxwWBKZkUYvzxLcNQ1YVyaFezduWbtm2de6s__1781334351,back,BwWK17cbHxwWBKZkUYvzxLcNQ1YVyaFezduWbtm2de6s,1780729551,1781334352,5,False,500,1781334234,1781334351,14.75,False,r0b
back__7i7xHc8Sq8hwyU7CVtzHTNsaGBWEgk5S27AzoW22qXJg__1780528266,back,7i7xHc8Sq8hwyU7CVtzHTNsaGBWEgk5S27AzoW22qXJg,1779923466,1780528267,5,False,500,1780368118,1780528266,15.22,False,r0b
back__4zYxSfB4uk5LKR21BSGbDgdm5NbxYwkg8L57UETs8NpA__1780528266,back,4zYxSfB4uk5LKR21BSGbDgdm5NbxYwkg8L57UETs8NpA,1779923466,1780528267,5,False,500,1780353911,1780528266,15.54,False,r0b
back__GZRaRVeE1AQub7FvzDVZrgcjFMBgKQZawHuztEyj1axM__1780528266,back,GZRaRVeE1AQub7FvzDVZrgcjFMBgKQZawHuztEyj1axM,1779923466,1780528267,5,False,500,1780355997,1780528266,15.22,False,r0b
back__5S5qdTuiKuokw3H8uZ4Zep463M8KpefUzkAQocAAiamy__1780528271,back,5S5qdTuiKuokw3H8uZ4Zep463M8KpefUzkAQocAAiamy,1779923471,1780528272,5,False,500,1780378135,1780528271,17.13,False,r0b
back__GGU5FGnq1gwNC3wZbj6FS6T1t7MTNTmtH1XndQPzxhG5__1780528292,back,GGU5FGnq1gwNC3wZbj6FS6T1t7MTNTmtH1XndQPzxhG5,1779923492,1780528293,5,False,500,1780441255,1780528292,15.44,False,r0b
back__VJSDW6S74YXR4rRR9P4xwhMvLZJQMhrUb8XMFirUsy1__1780528297,back,VJSDW6S74YXR4rRR9P4xwhMvLZJQMhrUb8XMFirUsy1,1779923497,1780528298,5,False,500,1780492427,1780528297,14.88,False,r0b
back__G4ZWrLSqLp5kk8b2KVDafRH3ymv1FvjkpHKiyDbaRp5M__1780528297,back,G4ZWrLSqLp5kk8b2KVDafRH3ymv1FvjkpHKiyDbaRp5M,1779923497,1780528298,5,False,500,1780345610,1780528297,15.42,False,r0b
back__4k92XBen2ofaTYi5ntXX9TVjMPgFaaZRK5K8UmtLKqez__1780528297,back,4k92XBen2ofaTYi5ntXX9TVjMPgFaaZRK5K8UmtLKqez,1779923497,1780528298,5,False,500,1780328510,1780528297,16.99,False,r0b
back__55pbD9gt6ftSfu36XhZX3Hheqg4rqvoG7Ydr3mhZgTah__1780528297,back,55pbD9gt6ftSfu36XhZX3Hheqg4rqvoG7Ydr3mhZgTah,1779923497,1780528298,5,False,500,1780169852,1780528297,14.65,False,r0b
back__2LcNMt4VAnAVR6G2t8AkPJhy7GmGA3nz3ohy8psASkY5__1780528297,back,2LcNMt4VAnAVR6G2t8AkPJhy7GmGA3nz3ohy8psASkY5,1779923497,1780528298,5,False,500,1780468288,1780528297,15.74,False,r0b
back__Fkemk4DNp9ncsixH8gJqoysHu8mvG2A1TMVbGTMoYa9d__1780528297,back,Fkemk4DNp9ncsixH8gJqoysHu8mvG2A1TMVbGTMoYa9d,1779923497,1780528298,5,False,500,1780445603,1780528297,15.87,False,r0b
back__3RDeNgMoiEkoyoEpRzr33JUH6s7VHE8L9PbrTuwKd6qN__1780528301,back,3RDeNgMoiEkoyoEpRzr33JUH6s7VHE8L9PbrTuwKd6qN,1779923501,1780528302,5,False,500,1780044153,1780528301,14.45,False,r0b
back__4w7HzF73v6mhd4Jf4Cx6VVNDPJn3aVCiJDV7SfqqaWEk__1780528302,back,4w7HzF73v6mhd4Jf4Cx6VVNDPJn3aVCiJDV7SfqqaWEk,1779923502,1780528303,5,False,500,1780420697,1780528302,14.96,False,r0b
back__9oieEBu7gprdMmWrSKQFMk48DiCa3AH2edY2eZn8ortJ__1780528303,back,9oieEBu7gprdMmWrSKQFMk48DiCa3AH2edY2eZn8ortJ,1779923503,1780528304,5,False,500,1780486156,1780528303,16.11,False,r0b
back__D7z9nvG5PM3KjSjVBkfovQFv7xC65dDnVpQFJQ6KGdzw__1780528303,back,D7z9nvG5PM3KjSjVBkfovQFv7xC65dDnVpQFJQ6KGdzw,1779923503,1780528304,5,False,500,1780449526,1780528303,16.74,False,r0b
back__C3W947Fka39oegXqdmGUrXErwAG2TAoAxdaavqHHsFCf__1780528303,back,C3W947Fka39oegXqdmGUrXErwAG2TAoAxdaavqHHsFCf,1779923503,1780528304,5,False,500,1780450589,1780528303,21.31,False,r0b
back__ayaCRDLwYRqAvPnrpwnkUsxrqx4hniVaWAGHYG5DGBD__1780528303,back,ayaCRDLwYRqAvPnrpwnkUsxrqx4hniVaWAGHYG5DGBD,1779923503,1780528304,5,False,500,1780500745,1780528303,19.52,False,r0b
back__DJ9ii4MyfS4oToR3SqcmQmuc4Yukq3jrXXksB43Zv6gU__1780528304,back,DJ9ii4MyfS4oToR3SqcmQmuc4Yukq3jrXXksB43Zv6gU,1779923504,1780528305,5,True,495,1780028228,1780528304,20.68,False,r0b
back__qgv5NviBeiPa1AgEAYeDzWzZLT2aCxTcVW3GqbzgHDn__1780528306,back,qgv5NviBeiPa1AgEAYeDzWzZLT2aCxTcVW3GqbzgHDn,1779923506,1780528307,5,False,500,1780499348,1780528306,22.63,False,r0b
back__856E8vGfoijxQvLZeHq4BVSkRdLPt5myMKa4NpFVAvnA__1780528306,back,856E8vGfoijxQvLZeHq4BVSkRdLPt5myMKa4NpFVAvnA,1779923506,1780528307,5,False,500,1780499351,1780528306,21.83,False,r0b
back__AvjHxTn4hDZknuHSdBJdCisaT6E41wM4BvydfVv4tbqN__1780528307,back,AvjHxTn4hDZknuHSdBJdCisaT6E41wM4BvydfVv4tbqN,1779923507,1780528308,2,True,194,1779934046,1780528307,9.77,False,r0b
back__trcDgJgTJqPnT4ipGtvk94WxZ95btJHSer2sUPCD2r9__1780528307,back,trcDgJgTJqPnT4ipGtvk94WxZ95btJHSer2sUPCD2r9,1779923507,1780528308,3,True,205,1779934071,1780528307,8.17,False,r0b
back__9488N1xhqspsRwSHJJdUJxvApZxgTbLStbGZAT9H12H3__1780528307,back,9488N1xhqspsRwSHJJdUJxvApZxgTbLStbGZAT9H12H3,1779923507,1780528308,5,False,500,1780435306,1780528307,19.06,False,r0b
back__3X7DmsUdGLApnNkVyeWB2yQw2qUTCc4BKGCospH4j5dU__1780528308,back,3X7DmsUdGLApnNkVyeWB2yQw2qUTCc4BKGCospH4j5dU,1779923508,1780528309,2,True,141,1780289128,1780528308,7.6,False,r0b
back__qv1u2vPiuvJCzRPJ3ywovSYJG117zGbisXjMJtrGkvd__1780528308,back,qv1u2vPiuvJCzRPJ3ywovSYJG117zGbisXjMJtrGkvd,1779923508,1780528309,5,False,500,1780497222,1780528308,15.05,False,r0b
back__E2whQ14NviL48ErRFsxUagpotSykAqGZzLE3NZENpPJZ__1780528309,back,E2whQ14NviL48ErRFsxUagpotSykAqGZzLE3NZENpPJZ,1779923509,1780528310,5,False,500,1780430654,1780528309,16.62,False,r0b
back__FwFxVQXEFacPK5fUe7b4YauQzf38ShrhA2L7QSnpUrxB__1780528309,back,FwFxVQXEFacPK5fUe7b4YauQzf38ShrhA2L7QSnpUrxB,1779923509,1780528310,5,False,500,1780489594,1780528309,16.57,False,r0b
back__Dh2Pavzb79ZbbMa18UjjKa3i2ZDcfPCK2EsiG33gpDa9__1780528311,back,Dh2Pavzb79ZbbMa18UjjKa3i2ZDcfPCK2EsiG33gpDa9,1779923511,1780528312,3,True,259,1779966913,1780528311,9.21,False,r0b
back__3E14EeAqJvW1D71PvpTYBVCfjjS5Hc4ixE8RczYV9ugY__1780528311,back,3E14EeAqJvW1D71PvpTYBVCfjjS5Hc4ixE8RczYV9ugY,1779923511,1780528312,5,False,500,1780431553,1780528311,17.15,False,r0b
back__5FaAtgUqbcFsPb8CMDNtfDrFMnUy8P3tMrRjh7Kqc5Em__1780528312,back,5FaAtgUqbcFsPb8CMDNtfDrFMnUy8P3tMrRjh7Kqc5Em,1779923512,1780528313,5,False,500,1780303786,1780528312,16.72,False,r0b
back__BwWK17cbHxwWBKZkUYvzxLcNQ1YVyaFezduWbtm2de6s__1780708045,back,BwWK17cbHxwWBKZkUYvzxLcNQ1YVyaFezduWbtm2de6s,1780103245,1780708046,5,False,500,1780707962,1780708045,16.15,False,r0b
back__EUuagNFXpXdCxChsGrft31e2umtuimySxEMw6anoWttQ__1780285684,back,EUuagNFXpXdCxChsGrft31e2umtuimySxEMw6anoWttQ,1779680884,1780285685,2,True,174,1780148984,1780285684,7.18,False,r0b
back__7fYXY7T1VQwrGhEJo1P9zS6EK9D2Ef8o2gBP2kVBHTWW__1780285684,back,7fYXY7T1VQwrGhEJo1P9zS6EK9D2Ef8o2gBP2kVBHTWW,1779680884,1780285685,2,True,160,1780149007,1780285684,6.6,False,r0b
back__FrLGtnBc1vzmTkMsvLR4KmYMkncrAWRhkJZxg8qY2cnj__1780285684,back,FrLGtnBc1vzmTkMsvLR4KmYMkncrAWRhkJZxg8qY2cnj,1779680884,1780285685,2,True,111,1780149007,1780285684,5.5,False,r0b
back__2CQgjcdNEo7WtbQLpJTAVcC3Ga61pNvRDTgP5grzctFG__1780285684,back,2CQgjcdNEo7WtbQLpJTAVcC3Ga61pNvRDTgP5grzctFG,1779680884,1780285685,5,False,500,1780275776,1780285684,14.57,False,r0b
back__DQApNebkK5wCmy92T5c4Z9NePWjP7dC4avpLMzuxadxR__1780285684,back,DQApNebkK5wCmy92T5c4Z9NePWjP7dC4avpLMzuxadxR,1779680884,1780285685,5,False,500,1780257693,1780285684,14.82,False,r0b
back__BZuSpNbXAdwZ7A66rAzAwkxRssUfAWCimh57dubD6A4W__1780285684,back,BZuSpNbXAdwZ7A66rAzAwkxRssUfAWCimh57dubD6A4W,1779680884,1780285685,5,False,500,1780126436,1780285684,13.78,False,r0b
back__Anubis512ho5t7S6LNSwoxUWdeQmX2kf3RvZ8ApHHF5w__1780285684,back,Anubis512ho5t7S6LNSwoxUWdeQmX2kf3RvZ8ApHHF5w,1779680884,1780285685,5,False,500,1780272580,1780285684,14.42,False,r0b
back__3USuyHQVNyppevSmNiamBy8eFcjDJKqLWcCuJ6zJMG5H__1780285684,back,3USuyHQVNyppevSmNiamBy8eFcjDJKqLWcCuJ6zJMG5H,1779680884,1780285685,5,False,500,1780240364,1780285684,15.23,False,r0b
back__7ABz8qEFZTHPkovMDsmQkm64DZWN5wRtU7LEtD2ShkQ6__1780285685,back,7ABz8qEFZTHPkovMDsmQkm64DZWN5wRtU7LEtD2ShkQ6,1779680885,1780285686,5,False,500,1780113219,1780285685,15.19,False,r0b
back__2uepPiVjMXvmUaPEKjRWV4QVeiUWDt9BFJgW5ueVvBM8__1780285685,back,2uepPiVjMXvmUaPEKjRWV4QVeiUWDt9BFJgW5ueVvBM8,1779680885,1780285686,5,False,500,1780255225,1780285685,14.2,False,r0b
back__GmGCpVN5CNHBgocJFN8462zkYuP4d8rhHY6doXJ13Spy__1780285685,back,GmGCpVN5CNHBgocJFN8462zkYuP4d8rhHY6doXJ13Spy,1779680885,1780285686,5,False,500,1780108006,1780285685,17.17,False,r0b
back__C7yUFMdiV2tucSc9FXurvuvBCFek195oA8hgfn9AS3CF__1780285685,back,C7yUFMdiV2tucSc9FXurvuvBCFek195oA8hgfn9AS3CF,1779680885,1780285686,5,False,500,1780109255,1780285685,16.95,False,r0b
back__8Vq1Wk2JZUqj2HSbXWYE7ieVz7pfR4ZCaMBpA86CrSpd__1780285685,back,8Vq1Wk2JZUqj2HSbXWYE7ieVz7pfR4ZCaMBpA86CrSpd,1779680885,1780285686,2,True,103,1780074178,1780285685,5.47,False,r0b
back__6KbLC3jVUCEJCRGttnNRWxWjGnNoicCnhic5cYisb6vK__1780285685,back,6KbLC3jVUCEJCRGttnNRWxWjGnNoicCnhic5cYisb6vK,1779680885,1780285686,4,True,386,1779681800,1780285685,11.82,False,r0b
back__ADAEVnCF5VTiWYgS3sgFK9npUsbaHJoUoGyGYY86VUDn__1780285686,back,ADAEVnCF5VTiWYgS3sgFK9npUsbaHJoUoGyGYY86VUDn,1779680886,1780285687,2,True,110,1780148972,1780285686,4.29,False,r0b
back__C5nw1n9fDT7ju6gjfeHmNaYRuC9rkBLtCGoKkpMPrPhr__1780285686,back,C5nw1n9fDT7ju6gjfeHmNaYRuC9rkBLtCGoKkpMPrPhr,1779680886,1780285687,2,True,155,1780149136,1780285686,5.15,False,r0b
back__EHHir3VZqi85PPzU9w47MU5qnyQUnu12cvUKUar4LgLh__1780285686,back,EHHir3VZqi85PPzU9w47MU5qnyQUnu12cvUKUar4LgLh,1779680886,1780285687,2,True,143,1780148988,1780285686,6.77,False,r0b
back__A5VGJgw4NfMpyWBNcxkbxocSELVDT8fFw1hX17MGtQNi__1780285686,back,A5VGJgw4NfMpyWBNcxkbxocSELVDT8fFw1hX17MGtQNi,1779680886,1780285687,2,True,100,1780148980,1780285686,5.94,False,r0b
back__BS1bNJt458kdvyUqnG9TXFFxA4kPQKC8CvzYRvTRrqmr__1780285686,back,BS1bNJt458kdvyUqnG9TXFFxA4kPQKC8CvzYRvTRrqmr,1779680886,1780285687,2,True,165,1780002128,1780285686,7.8,False,r0b
back__3BGgFUgxxDb335vvAWNLEHfRaTUbyne1UoZs8dpxa37J__1780285686,back,3BGgFUgxxDb335vvAWNLEHfRaTUbyne1UoZs8dpxa37J,1779680886,1780285687,2,True,128,1780149003,1780285686,6.75,False,r0b
back__9F3VsGwezeZR6YvF2c8igQbkVwvEyqf8fVzVDXabESG5__1780285686,back,9F3VsGwezeZR6YvF2c8igQbkVwvEyqf8fVzVDXabESG5,1779680886,1780285687,2,True,194,1780148968,1780285686,9.61,False,r0b
back__2Se9xiH59B7AAaGbba8tJQxf6sg9GznVgsdd8LrKw4gU__1780285686,back,2Se9xiH59B7AAaGbba8tJQxf6sg9GznVgsdd8LrKw4gU,1779680886,1780285687,4,True,378,1780149137,1780285686,13.83,False,r0b
back__4fKV2bw91ibvvZYZ2vZQuDwqEjiT8JGYyUNhmefTjNqd__1780285686,back,4fKV2bw91ibvvZYZ2vZQuDwqEjiT8JGYyUNhmefTjNqd,1779680886,1780285687,5,False,500,1780202457,1780285686,15.85,False,r0b
back__DMBHvEhqVhXPzez2YruAyzB23xnzpdVdUAW1z4cqfZ3w__1780285686,back,DMBHvEhqVhXPzez2YruAyzB23xnzpdVdUAW1z4cqfZ3w,1779680886,1780285687,5,False,500,1780247167,1780285686,15.1,False,r0b
back__2qKU91U5P4vCXUh4JzPSRwvPPdvpoyzLHS3mgKiSZQXo__1780285687,back,2qKU91U5P4vCXUh4JzPSRwvPPdvpoyzLHS3mgKiSZQXo,1779680887,1780285688,5,False,500,1780140337,1780285687,13.98,False,r0b
back__83PH5pFXG5yne6YiSHSKMLdSVG1e9uousuSXHNYdPXo4__1780285687,back,83PH5pFXG5yne6YiSHSKMLdSVG1e9uousuSXHNYdPXo4,1779680887,1780285688,4,True,385,1779720683,1780285687,11.55,False,r0b
back__3rEC2WVfnxHseZ2H6hZvRrfWcDjmsMYt1CKC3aG9YG4x__1780285687,back,3rEC2WVfnxHseZ2H6hZvRrfWcDjmsMYt1CKC3aG9YG4x,1779680887,1780285688,5,False,500,1779940315,1780285687,13.74,False,r0b
back__H8yNs4LXfMh9dYGmVH2666cjnTtQJFF3QueavDeJE5Vr__1780285687,back,H8yNs4LXfMh9dYGmVH2666cjnTtQJFF3QueavDeJE5Vr,1779680887,1780285688,1,True,51,1780094106,1780285687,2.48,False,r0b
back__BNwVduQq1AH3ee5hnLQtbJmPyrBJHaS29b6VQt3pzvsR__1780285688,back,BNwVduQq1AH3ee5hnLQtbJmPyrBJHaS29b6VQt3pzvsR,1779680888,1780285689,5,False,500,1780172754,1780285688,13.19,False,r0b
back__AzcwZVMsmihSCcKQwXFQUjDohBifGRTv6KAcL1EMiPgu__1780285688,back,AzcwZVMsmihSCcKQwXFQUjDohBifGRTv6KAcL1EMiPgu,1779680888,1780285689,1,True,99,1780148984,1780285688,3.1,False,r0b
back__6Ej59TXfd7kWZ6VsEUGQUxjzC2k3hM1kWq5d2VfqU7rj__1781266848,back,6Ej59TXfd7kWZ6VsEUGQUxjzC2k3hM1kWq5d2VfqU7rj,1780662048,1781266849,1,True,5,1781254236,1781266848,1.63,False,r0b
back__H6PjRLnqGPz5VEU4roZzKnfJRxKECRzYuJAZ2Hvc1rAc__1780350931,back,H6PjRLnqGPz5VEU4roZzKnfJRxKECRzYuJAZ2Hvc1rAc,1779746131,1780350932,5,False,500,1780321549,1780350931,14.08,False,r0b
back__xYz3NuixcGrHDD6HnRWFwABMzqojaTktoM6qzaRrshv__1780350931,back,xYz3NuixcGrHDD6HnRWFwABMzqojaTktoM6qzaRrshv,1779746131,1780350932,5,False,500,1780330755,1780350931,13.62,False,r0b
back__HmpRHcaSvmub7jwAncSGxLebCKd2PjVuS8Zcg37vo5Ls__1780351066,back,HmpRHcaSvmub7jwAncSGxLebCKd2PjVuS8Zcg37vo5Ls,1779746266,1780351067,2,True,173,1779754705,1780351066,6.03,False,r0b
back__97jv9pjCf5D7VUZEyj6XnXBC5JF23Vsagc3bvSF6GRmL__1780351067,back,97jv9pjCf5D7VUZEyj6XnXBC5JF23Vsagc3bvSF6GRmL,1779746267,1780351068,5,False,500,1780331481,1780351067,13.25,False,r0b
back__43CdQCfu4Vei1H9hwxpnnkbJfBvbrcTrep4nXwoFdauT__1780351078,back,43CdQCfu4Vei1H9hwxpnnkbJfBvbrcTrep4nXwoFdauT,1779746278,1780351079,2,True,101,1780177415,1780351078,4.43,False,r0b
back__AowTUid5daQr9EqwazF7hDm3jBTQSisv6LaHGhQL8k92__1780351078,back,AowTUid5daQr9EqwazF7hDm3jBTQSisv6LaHGhQL8k92,1779746278,1780351079,5,False,500,1780110956,1780351078,13.34,False,r0b
back__4WAuAYr7wibrYoCy5ceCQesnuxkkHvyCN2NvSBtba19z__1780351087,back,4WAuAYr7wibrYoCy5ceCQesnuxkkHvyCN2NvSBtba19z,1779746287,1780351088,5,False,500,1780288201,1780351087,13.26,False,r0b
back__3zpN7QUQkZPcyykwfh6E3Lz4WkvDD3qiu2hfdmKVip2Q__1780351096,back,3zpN7QUQkZPcyykwfh6E3Lz4WkvDD3qiu2hfdmKVip2Q,1779746296,1780351097,5,False,500,1780091702,1780351096,13.76,False,r0b
back__GXJaAGsiyv6gFUzc2Vn8bRS9tTrTKoUFp886GFwBsxAK__1780351131,back,GXJaAGsiyv6gFUzc2Vn8bRS9tTrTKoUFp886GFwBsxAK,1779746331,1780351132,1,True,77,1780337843,1780351131,2.31,False,r0b
back__Dod34hgHkZh51yLBTabBryDxArCraiJUQAgfLefjLoBw__1780351131,back,Dod34hgHkZh51yLBTabBryDxArCraiJUQAgfLefjLoBw,1779746331,1780351132,5,False,500,1779869910,1780351131,13.47,False,r0b
back__sxHz5KG8Hjzjsi5YU6KhfdTaFUkbXdkjYRkHdskJQwY__1780351186,back,sxHz5KG8Hjzjsi5YU6KhfdTaFUkbXdkjYRkHdskJQwY,1779746386,1780351187,5,False,500,1779809184,1780351186,14.51,False,r0b
back__GtcyXajR3B4f3nmRDWcwpto5RGwmaceZm8u5vRXZMwQh__1780351189,back,GtcyXajR3B4f3nmRDWcwpto5RGwmaceZm8u5vRXZMwQh,1779746389,1780351190,4,True,345,1779804338,1780351189,11.3,False,r0b
back__F5MYFKgmGP1dGgSYuJQ8Crr2jkayxbeC7ArDMyU2tAjv__1780351189,back,F5MYFKgmGP1dGgSYuJQ8Crr2jkayxbeC7ArDMyU2tAjv,1779746389,1780351190,5,False,500,1780259631,1780351189,12.75,False,r0b
back__CWvyyHFxzApoJ6j4FV7oaYrm92pJzK6yA9WU7PfkKCTV__1780351189,back,CWvyyHFxzApoJ6j4FV7oaYrm92pJzK6yA9WU7PfkKCTV,1779746389,1780351190,5,False,500,1780221435,1780351189,14.76,False,r0b
back__BVyEmwFa2WUk7PnzMBbspu86PmgTr2j6NHct4K1ok6ki__1780351189,back,BVyEmwFa2WUk7PnzMBbspu86PmgTr2j6NHct4K1ok6ki,1779746389,1780351190,5,False,500,1780272365,1780351189,15.06,False,r0b
back__92pY1qXJAakyGp6UZ5tEDMnk8MkLRkwhb2LbpkJTdbWq__1780351189,back,92pY1qXJAakyGp6UZ5tEDMnk8MkLRkwhb2LbpkJTdbWq,1779746389,1780351190,5,False,500,1780251060,1780351189,14.67,False,r0b
back__Dq3jd3ZpPHzspQWhnoi6hFELVyTcpRDHTMduaPvXpjZ8__1780351189,back,Dq3jd3ZpPHzspQWhnoi6hFELVyTcpRDHTMduaPvXpjZ8,1779746389,1780351190,5,False,500,1780255685,1780351189,15.23,False,r0b
back__7SDG2vyv3avA6te2BzUAZ2pSzRRrMKeazaueAyy6q9na__1780351189,back,7SDG2vyv3avA6te2BzUAZ2pSzRRrMKeazaueAyy6q9na,1779746389,1780351190,5,False,500,1780262194,1780351189,15.15,False,r0b
back__AowrJaw84rGhmFFYRTqs3diCHwg8Q5zjMVWmWSfNkQJU__1780351189,back,AowrJaw84rGhmFFYRTqs3diCHwg8Q5zjMVWmWSfNkQJU,1779746389,1780351190,5,False,500,1780266419,1780351189,17.34,False,r0b
back__GJbUPSRG46jYWdXUmRXW9G2P8J6qAZ815AHUp4xQPRt6__1780351189,back,GJbUPSRG46jYWdXUmRXW9G2P8J6qAZ815AHUp4xQPRt6,1779746389,1780351190,5,False,500,1780231328,1780351189,14.13,False,r0b
back__g8J7SWGYyAKFKfXGjbR2oormaG5s942wKE5mhvf4MtV__1780351189,back,g8J7SWGYyAKFKfXGjbR2oormaG5s942wKE5mhvf4MtV,1779746389,1780351190,5,False,500,1780247362,1780351189,13.78,False,r0b
back__A155GZTHxHwNFSYVXxhVh4w4B67VnMkypotdKKK9DAfh__1780351189,back,A155GZTHxHwNFSYVXxhVh4w4B67VnMkypotdKKK9DAfh,1779746389,1780351190,5,False,500,1780246357,1780351189,14.48,False,r0b
back__9Q69su3amjKPyCnZUE8d5CKnTz5jcVesKnXURr7xUtnS__1780351228,back,9Q69su3amjKPyCnZUE8d5CKnTz5jcVesKnXURr7xUtnS,1779746428,1780351229,4,True,372,1779753218,1780351228,11.45,False,r0b
back__ErtWBKHRbXrwWTNC8Jq6whwcfeBXSwcFc8y2FEMUTVTR__1780351326,back,ErtWBKHRbXrwWTNC8Jq6whwcfeBXSwcFc8y2FEMUTVTR,1779746526,1780351327,5,False,500,1780087838,1780351326,15.6,False,r0b
back__63SxQQwJJSLm6qLXfiV14ZEN6zo5ke9fG1Q7qeyuDAvz__1780351457,back,63SxQQwJJSLm6qLXfiV14ZEN6zo5ke9fG1Q7qeyuDAvz,1779746657,1780351458,2,True,129,1780327015,1780351457,5.17,False,r0b
back__BwWK17cbHxwWBKZkUYvzxLcNQ1YVyaFezduWbtm2de6s__1780440014,back,BwWK17cbHxwWBKZkUYvzxLcNQ1YVyaFezduWbtm2de6s,1779835214,1780440015,5,False,500,1780439939,1780440014,16.62,False,r0b
back__8Fux3NDfxHxiK9W9ixzvQTw4GGgMazNwRvDS5Gvwejwk__1780440021,back,8Fux3NDfxHxiK9W9ixzvQTw4GGgMazNwRvDS5Gvwejwk,1779835221,1780440022,5,False,500,1780393102,1780440021,17.13,False,r0b
back__HviKRtiQLM55yYe8PH8i9hW9T5APhkirh3x2dFEo5GUL__1781278842,back,HviKRtiQLM55yYe8PH8i9hW9T5APhkirh3x2dFEo5GUL,1780674042,1781278843,1,True,33,1781264780,1781278842,2.88,False,r0b
back__BwWK17cbHxwWBKZkUYvzxLcNQ1YVyaFezduWbtm2de6s__1780725292,back,BwWK17cbHxwWBKZkUYvzxLcNQ1YVyaFezduWbtm2de6s,1780120492,1780725293,5,False,500,1780725210,1780725292,15.89,False,r0b
back__mMtkhHnTLgE6fPGKSxq3BUpCRMHx1deWUMemgZLVA1Y__1780725311,back,mMtkhHnTLgE6fPGKSxq3BUpCRMHx1deWUMemgZLVA1Y,1780120511,1780725312,5,False,500,1780355063,1780725311,16.74,False,r0b
back__2F89pkKeYoouYrqfB4P4QaiSkP5jLGu6J3bMKs7Qu4ux__1781190304,back,2F89pkKeYoouYrqfB4P4QaiSkP5jLGu6J3bMKs7Qu4ux,1780585504,1781190305,5,False,500,1781147805,1781190304,15.57,False,r0b
back__37ZVSn9u5APmrrXJxHJGceHM33LG2zK9p5oFEy8eN3nq__1781190304,back,37ZVSn9u5APmrrXJxHJGceHM33LG2zK9p5oFEy8eN3nq,1780585504,1781190305,5,False,500,1781125978,1781190304,16.57,False,r0b
back__Hk1S5SbpXrkWDecwxCcGdC8FkSrGzMAoGVmMdEeRdpoV__1781190305,back,Hk1S5SbpXrkWDecwxCcGdC8FkSrGzMAoGVmMdEeRdpoV,1780585505,1781190306,5,True,443,1780772451,1781190305,17.85,False,r0b
back__ARu4n5mFdZogZAravu7CcizaojWnS6oqka37gdLT5SZn__1781190385,back,ARu4n5mFdZogZAravu7CcizaojWnS6oqka37gdLT5SZn,1780585585,1781190386,5,False,500,1781190262,1781190385,21.71,False,r0b
back__7AAtJUxFGFFCrEMf952eXgjo6wLLgzLkbfdUVmQZD3zf__1781190404,back,7AAtJUxFGFFCrEMf952eXgjo6wLLgzLkbfdUVmQZD3zf,1780585604,1781190405,1,True,10,1781165880,1781190404,2.16,False,r0b
back__3Xk2EuuSwKgniGNA4XkB33YY4mnEvcMnTLNpkKgGa14X__1781190404,back,3Xk2EuuSwKgniGNA4XkB33YY4mnEvcMnTLNpkKgGa14X,1780585604,1781190405,5,False,500,1781122743,1781190404,22.24,False,r0b
back__BNqfkxRXdkH1EeM6ZiWtgcySKfxcBL58ENDo9KDZWYB__1781190404,back,BNqfkxRXdkH1EeM6ZiWtgcySKfxcBL58ENDo9KDZWYB,1780585604,1781190405,5,False,500,1781096535,1781190404,20.2,False,r0b
back__6UY5SP4ZaHHtRj714rfY5jA5EDffaCwG45PPFVQqjttJ__1781190422,back,6UY5SP4ZaHHtRj714rfY5jA5EDffaCwG45PPFVQqjttJ,1780585622,1781190423,1,True,30,1780844745,1781190422,3.03,False,r0b
back__GHy1P6vJrEoMvWtA7VBH8v5hUkKtxY5SsJNMNWELfdyV__1781190422,back,GHy1P6vJrEoMvWtA7VBH8v5hUkKtxY5SsJNMNWELfdyV,1780585622,1781190423,5,False,500,1781069040,1781190422,19.58,False,r0b
back__6cUt6WMbsT5xh8j59AD2ZzumVszcPMGey9VB7dHvz6En__1781190422,back,6cUt6WMbsT5xh8j59AD2ZzumVszcPMGey9VB7dHvz6En,1780585622,1781190423,5,False,500,1781154809,1781190422,20.85,False,r0b
back__5XEj4qt6STm1dKvwTiqiuLRYJoMWUey4BqiwDPTuaUVG__1781190422,back,5XEj4qt6STm1dKvwTiqiuLRYJoMWUey4BqiwDPTuaUVG,1780585622,1781190423,5,False,500,1781165914,1781190422,20.85,False,r0b
back__HNFjT6CDeTUyEXu3BwHL5GnzFbaqkFoTRzKHoGqPY7qa__1781190422,back,HNFjT6CDeTUyEXu3BwHL5GnzFbaqkFoTRzKHoGqPY7qa,1780585622,1781190423,5,False,500,1781136398,1781190422,18.85,False,r0b
back__6fKGtgUw3kfEG3cxEGBN4RrwybvBv35zY49iCjwQfyka__1781190422,back,6fKGtgUw3kfEG3cxEGBN4RrwybvBv35zY49iCjwQfyka,1780585622,1781190423,5,False,500,1781158450,1781190422,19.15,False,r0b
back__wuG4vhWfVK4zQBkGVyNNHqJn9tqrPZHZ6ojDa9Do47A__1781190422,back,wuG4vhWfVK4zQBkGVyNNHqJn9tqrPZHZ6ojDa9Do47A,1780585622,1781190423,5,False,500,1781131802,1781190422,18.68,False,r0b
back__Bk9dWqMbeoZMsXoDvW1F3ZfmFV8weSbxGWZCqTKa7puY__1781190423,back,Bk9dWqMbeoZMsXoDvW1F3ZfmFV8weSbxGWZCqTKa7puY,1780585623,1781190424,5,False,500,1780668948,1781190423,19.15,False,r0b
back__23nuEANjatU9atGBJBFcYmoFmae4W3FuFxZhbWRo3FKK__1781190434,back,23nuEANjatU9atGBJBFcYmoFmae4W3FuFxZhbWRo3FKK,1780585634,1781190435,1,True,39,1780773877,1781190434,2.79,False,r0b
back__6rzkH17dExdgyoCq37U9XPavmLazqU3rCkQw1vvpqbrE__1781190436,back,6rzkH17dExdgyoCq37U9XPavmLazqU3rCkQw1vvpqbrE,1780585636,1781190437,1,True,23,1781058143,1781190436,4.02,False,r0b
back__4QbRQ897R63WWMCYMXwmWyZoHJUZGUVMAgkPw45KWmjr__1781190437,back,4QbRQ897R63WWMCYMXwmWyZoHJUZGUVMAgkPw45KWmjr,1780585637,1781190438,1,True,23,1781057811,1781190437,3.86,False,r0b
back__8auBVoCFGe8SetWGZABiXAR91xNZ7kMqJLPvtvZe8aSq__1781190469,back,8auBVoCFGe8SetWGZABiXAR91xNZ7kMqJLPvtvZe8aSq,1780585669,1781190470,1,True,79,1780639069,1781190469,3.67,False,r0b
back__5i8rFRKn3TEWHTPC9JH7B6QQSNRmBx5TgUGiub1kAbJA__1781190469,back,5i8rFRKn3TEWHTPC9JH7B6QQSNRmBx5TgUGiub1kAbJA,1780585669,1781190470,5,False,500,1781102283,1781190469,15.0,False,r0b
back__B6rneBPNPGu5TyJ8nk6NSi7cVnThz75f66wZZ4PTvAZC__1781190469,back,B6rneBPNPGu5TyJ8nk6NSi7cVnThz75f66wZZ4PTvAZC,1780585669,1781190470,5,False,500,1781093417,1781190469,14.29,False,r0b
back__SF9TGdsfTPcA3ZVmPdPtYphgzRg6ZqUY4hnjPgjD1MW__1781190470,back,SF9TGdsfTPcA3ZVmPdPtYphgzRg6ZqUY4hnjPgjD1MW,1780585670,1781190471,5,False,500,1781096598,1781190470,15.05,False,r0b
back__DDDD2zvzaPMLuZiC2Vos2i6TLFjJJ3bi1pN7kXQc3R5R__1781190470,back,DDDD2zvzaPMLuZiC2Vos2i6TLFjJJ3bi1pN7kXQc3R5R,1780585670,1781190471,5,False,500,1781122373,1781190470,14.3,False,r0b
back__AbuGAb9M4AgXBchk42pJ3NSGgQKbiW6Lgc48BtMMKqkN__1781190470,back,AbuGAb9M4AgXBchk42pJ3NSGgQKbiW6Lgc48BtMMKqkN,1780585670,1781190471,5,False,500,1781150715,1781190470,13.8,False,r0b
back__AmoTosp6DmCpdnbfi2vfewi6xiZVPnihBmg3ETcKMUnh__1781190470,back,AmoTosp6DmCpdnbfi2vfewi6xiZVPnihBmg3ETcKMUnh,1780585670,1781190471,5,False,500,1781044554,1781190470,14.03,False,r0b
back__Fkemk4DNp9ncsixH8gJqoysHu8mvG2A1TMVbGTMoYa9d__1781190470,back,Fkemk4DNp9ncsixH8gJqoysHu8mvG2A1TMVbGTMoYa9d,1780585670,1781190471,5,False,500,1781111055,1781190470,18.35,False,r0b
back__8dtx2tr4TuJsYpri2suggFu1pg3DVjFLBBVmhtDy1MEF__1781190470,back,8dtx2tr4TuJsYpri2suggFu1pg3DVjFLBBVmhtDy1MEF,1780585670,1781190471,5,False,500,1781125088,1781190470,17.55,False,r0b
back__gbjEtErph1LHDcgwfgK73vTDnS5aNQVy6gErJSQFx2S__1781190480,back,gbjEtErph1LHDcgwfgK73vTDnS5aNQVy6gErJSQFx2S,1780585680,1781190481,3,True,203,1780593190,1781190480,8.78,False,r0b
back__EecxdCLAo9mmuZKvtMpXZfYyYcbHNWv6rDn6xzZ5d3X__1781190483,back,EecxdCLAo9mmuZKvtMpXZfYyYcbHNWv6rDn6xzZ5d3X,1780585683,1781190484,3,True,281,1780992520,1781190483,14.37,False,r0b
back__4YzpSZpxDdjNf3unjkCtdWEsz2FL5mok7e5XQaDNqry8__1781190483,back,4YzpSZpxDdjNf3unjkCtdWEsz2FL5mok7e5XQaDNqry8,1780585683,1781190484,3,True,289,1780834505,1781190483,14.32,False,r0b
back__BwWK17cbHxwWBKZkUYvzxLcNQ1YVyaFezduWbtm2de6s__1781311814,back,BwWK17cbHxwWBKZkUYvzxLcNQ1YVyaFezduWbtm2de6s,1780707014,1781311815,5,False,500,1781311718,1781311814,19.51,False,r0b
back__2tw33mipyCRpMmS2UMr7LWremZitksj88rnTKDyPtarS__1780489791,back,2tw33mipyCRpMmS2UMr7LWremZitksj88rnTKDyPtarS,1779884991,1780489792,5,True,478,1779886169,1780489791,17.74,False,r0b
back__DF9MXmawYzbqskNxL1wTSYRcG2Gv25pqvVxVKD4kvkM4__1780489792,back,DF9MXmawYzbqskNxL1wTSYRcG2Gv25pqvVxVKD4kvkM4,1779884992,1780489793,5,False,500,1780388384,1780489792,14.72,False,r0b
back__nya666pQkP3PzWxi7JngU3rRMHuc7zbLK8c8wxQ4qpT__1780489792,back,nya666pQkP3PzWxi7JngU3rRMHuc7zbLK8c8wxQ4qpT,1779884992,1780489793,5,False,500,1780464815,1780489792,16.81,False,r0b
back__DNc6ViFP2BLR5Qdt1p8fh68ThRRejf48r8RnwMJJRiQY__1780489844,back,DNc6ViFP2BLR5Qdt1p8fh68ThRRejf48r8RnwMJJRiQY,1779885044,1780489845,2,True,159,1780049879,1780489844,5.74,False,r0b
back__63SxQQwJJSLm6qLXfiV14ZEN6zo5ke9fG1Q7qeyuDAvz__1780489867,back,63SxQQwJJSLm6qLXfiV14ZEN6zo5ke9fG1Q7qeyuDAvz,1779885067,1780489868,4,True,333,1780327015,1780489867,12.58,False,r0b
back__EgcWMpKctgiQM2KGqqUttuFVVnMwiEd3jYTUJeLnjJZp__1780490089,back,EgcWMpKctgiQM2KGqqUttuFVVnMwiEd3jYTUJeLnjJZp,1779885289,1780490090,4,True,315,1780432933,1780490089,11.87,False,r0b
back__8xARNjUgB5Vnsjsgnuywz9eaK9wYcRYos6V37cLFrwV4__1780490482,back,8xARNjUgB5Vnsjsgnuywz9eaK9wYcRYos6V37cLFrwV4,1779885682,1780490483,5,False,500,1780086541,1780490482,16.4,False,r0b
back__ARhmM2nJhCj3FFoSTa8dYpSADXvVi6osATxRiuJ2UfKS__1780490811,back,ARhmM2nJhCj3FFoSTa8dYpSADXvVi6osATxRiuJ2UfKS,1779886011,1780490812,2,True,139,1779905700,1780490811,5.18,False,r0b
back__7u9ukQCmSTc8zEaU4nqwQaXHXSUUPpuinHbj2udsN4Bu__1781365295,back,7u9ukQCmSTc8zEaU4nqwQaXHXSUUPpuinHbj2udsN4Bu,1780760495,1781365296,1,True,75,1780777216,1781365295,1.72,False,r0b
back__yX3wv1tkokNiZwg1Ak8DbeocuYa9X5WKub9RfWDmqpb__1781365295,back,yX3wv1tkokNiZwg1Ak8DbeocuYa9X5WKub9RfWDmqpb,1780760495,1781365296,1,True,36,1781016806,1781365295,1.78,False,r0b
back__HnUmJk1FezMRF2qV7wyp8xeG4mCnPPznQfx8Cv5sUeJs__1781365295,back,HnUmJk1FezMRF2qV7wyp8xeG4mCnPPznQfx8Cv5sUeJs,1780760495,1781365296,5,False,500,1781192125,1781365295,16.63,False,r0b
back__Anubis512ho5t7S6LNSwoxUWdeQmX2kf3RvZ8ApHHF5w__1781365296,back,Anubis512ho5t7S6LNSwoxUWdeQmX2kf3RvZ8ApHHF5w,1780760496,1781365297,5,False,500,1781320503,1781365296,16.89,False,r0b
back__5DC3tMyFSXeujJn9KWnh1MkM8QCgXXm2tDEGpjhcwFck__1781365296,back,5DC3tMyFSXeujJn9KWnh1MkM8QCgXXm2tDEGpjhcwFck,1780760496,1781365297,5,False,500,1781121070,1781365296,17.4,False,r0b
back__Ez2jYoXp45DZxr7JVhiqbDNirgBT37MErjZGxA8jZkTf__1781365296,back,Ez2jYoXp45DZxr7JVhiqbDNirgBT37MErjZGxA8jZkTf,1780760496,1781365297,5,False,500,1781356456,1781365296,16.05,False,r0b
back__2pUFfVdpx1i1pEPHJJWqHpJuM3u7eQrPDbQfyYfC98Th__1781365297,back,2pUFfVdpx1i1pEPHJJWqHpJuM3u7eQrPDbQfyYfC98Th,1780760497,1781365298,5,False,500,1781333751,1781365297,17.01,False,r0b
back__DDDD2zvzaPMLuZiC2Vos2i6TLFjJJ3bi1pN7kXQc3R5R__1781365297,back,DDDD2zvzaPMLuZiC2Vos2i6TLFjJJ3bi1pN7kXQc3R5R,1780760497,1781365298,5,False,500,1781304274,1781365297,16.55,False,r0b
back__AbuGAb9M4AgXBchk42pJ3NSGgQKbiW6Lgc48BtMMKqkN__1781365297,back,AbuGAb9M4AgXBchk42pJ3NSGgQKbiW6Lgc48BtMMKqkN,1780760497,1781365298,5,False,500,1781327736,1781365297,13.37,False,r0b
back__hDXGUPwWr2NAF4hhU6jigxBYMi7XqFdDmRXQbSRCdKS__1781365297,back,hDXGUPwWr2NAF4hhU6jigxBYMi7XqFdDmRXQbSRCdKS,1780760497,1781365298,5,False,500,1781238858,1781365297,13.91,False,r0b
back__D9D1HV13vUR7spVqT89yYrrWThxJqQVmU6tJYcgaH1sF__1781365297,back,D9D1HV13vUR7spVqT89yYrrWThxJqQVmU6tJYcgaH1sF,1780760497,1781365298,5,False,500,1781053345,1781365297,13.56,False,r0b
back__DzRqREhHeiSVpGSurhnHvyqoFrweh99u9yUSdXL6CQft__1781365298,back,DzRqREhHeiSVpGSurhnHvyqoFrweh99u9yUSdXL6CQft,1780760498,1781365299,5,False,500,1781207948,1781365298,13.74,False,r0b
back__C3DzwFnpw9nwwRf4Xr8j4V8DrwfjawnuGXUPgYJJx6te__1781365298,back,C3DzwFnpw9nwwRf4Xr8j4V8DrwfjawnuGXUPgYJJx6te,1780760498,1781365299,5,False,500,1781310883,1781365298,14.41,False,r0b
back__BBBByrLHua2oYFKviRze4N9n7ay7FcXqy2NzQXfXYEMm__1781365298,back,BBBByrLHua2oYFKviRze4N9n7ay7FcXqy2NzQXfXYEMm,1780760498,1781365299,5,False,500,1781290972,1781365298,14.08,False,r0b
back__8aiYkBTacS6pAGcTfNYFYxeqDPmQqyH7MRGeD8VY1prc__1781365298,back,8aiYkBTacS6pAGcTfNYFYxeqDPmQqyH7MRGeD8VY1prc,1780760498,1781365299,5,False,500,1781191245,1781365298,13.47,False,r0b
back__BLw4fXAc9P7NYhnRH9GyccXKUmvpUSiqc67BGbanxcDp__1781365298,back,BLw4fXAc9P7NYhnRH9GyccXKUmvpUSiqc67BGbanxcDp,1780760498,1781365299,5,False,500,1781223991,1781365298,13.6,False,r0b
back__dsegg9CXSkMxMCzPz9YEYQ3PKrsonoAZoc5Sguk4BFn__1781365299,back,dsegg9CXSkMxMCzPz9YEYQ3PKrsonoAZoc5Sguk4BFn,1780760499,1781365300,3,True,241,1781269743,1781365299,7.56,False,r0b
back__BowfQDRVtuf1hnRJhHADpbSJb4wnuDiQKu3n1yxRYfjC__1781365299,back,BowfQDRVtuf1hnRJhHADpbSJb4wnuDiQKu3n1yxRYfjC,1780760499,1781365300,4,True,303,1780858527,1781365299,10.29,False,r0b
back__52NUhyYcpwwycY2To1bLMtp6pjDjtUMFeUqQxZfBJgAt__1781365299,back,52NUhyYcpwwycY2To1bLMtp6pjDjtUMFeUqQxZfBJgAt,1780760499,1781365300,5,False,500,1781033673,1781365299,16.17,False,r0b
back__nya666pQkP3PzWxi7JngU3rRMHuc7zbLK8c8wxQ4qpT__1781365299,back,nya666pQkP3PzWxi7JngU3rRMHuc7zbLK8c8wxQ4qpT,1780760499,1781365300,5,False,500,1781343627,1781365299,14.43,False,r0b
back__DoeeeUoq1oZMLkZfvofqtL7hjPFcZNdPwQCA9rbRBYDp__1781365299,back,DoeeeUoq1oZMLkZfvofqtL7hjPFcZNdPwQCA9rbRBYDp,1780760499,1781365300,5,False,500,1781257106,1781365299,15.19,False,r0b
back__423yJvYSHZqU91M9djStwGsFupARLsAxd1zstoEHELPu__1781365299,back,423yJvYSHZqU91M9djStwGsFupARLsAxd1zstoEHELPu,1780760499,1781365300,5,False,500,1781343130,1781365299,13.6,False,r0b
back__59rKTF3FicgoUhuNXX9xGx7AtG2hjXAanqbnUM7zwPQu__1781365300,back,59rKTF3FicgoUhuNXX9xGx7AtG2hjXAanqbnUM7zwPQu,1780760500,1781365301,2,True,175,1780762027,1781365300,5.97,False,r0b
back__AfLmsne1c33VLEXHcqByD1tkmQNAot6xEJz1mpXF8oiZ__1781365301,back,AfLmsne1c33VLEXHcqByD1tkmQNAot6xEJz1mpXF8oiZ,1780760501,1781365302,5,False,500,1781325966,1781365301,13.66,False,r0b
back__D9vqMRd9hztjN9YGNzQHBUJvdcBLf33Tru2StJ3JnKM7__1781365301,back,D9vqMRd9hztjN9YGNzQHBUJvdcBLf33Tru2StJ3JnKM7,1780760501,1781365302,5,False,500,1781329930,1781365301,12.36,False,r0b
back__814g5NDkNMPcMFCugzG3jtqEn8cKBNc2VQLnavW4RzEL__1781365301,back,814g5NDkNMPcMFCugzG3jtqEn8cKBNc2VQLnavW4RzEL,1780760501,1781365302,1,True,32,1781288687,1781365301,2.29,False,r0b
back__5Hxba5RLWyYwJTvjK6SSFFo4Wet5LU9tP9HnZvh5X324__1781365301,back,5Hxba5RLWyYwJTvjK6SSFFo4Wet5LU9tP9HnZvh5X324,1780760501,1781365302,1,True,33,1781288292,1781365301,2.11,False,r0b
back__Dpdn5FZL9wHeWipULCbfirkxBVyb8aZRn4bJBY6p2Xt9__1781365301,back,Dpdn5FZL9wHeWipULCbfirkxBVyb8aZRn4bJBY6p2Xt9,1780760501,1781365302,5,False,500,1781289805,1781365301,13.31,False,r0b
back__Bq5VTQ5dvWJgRA1wumMYkajnLQVFEXiHjCx1RZrERhKU__1781365301,back,Bq5VTQ5dvWJgRA1wumMYkajnLQVFEXiHjCx1RZrERhKU,1780760501,1781365302,5,False,500,1781290697,1781365301,13.96,False,r0b
back__7V7MkAVyqFohYYq9zAuzRaHRKts48LMKxv4pg8QVn6Nh__1781365303,back,7V7MkAVyqFohYYq9zAuzRaHRKts48LMKxv4pg8QVn6Nh,1780760503,1781365304,5,False,500,1781201331,1781365303,13.32,False,r0b
back__2mqrindMAjJEQPLhroYWyiYPo5h9iAsahfdd4QtsjwdY__1780326906,back,2mqrindMAjJEQPLhroYWyiYPo5h9iAsahfdd4QtsjwdY,1779722106,1780326907,5,False,500,1780264955,1780326906,12.84,False,r0b
back__33fsHPceAZf4dC8JdfbstfaW4Ays2bZUngFYhPStE1P8__1780326906,back,33fsHPceAZf4dC8JdfbstfaW4Ays2bZUngFYhPStE1P8,1779722106,1780326907,5,False,500,1779978686,1780326906,13.32,False,r0b
back__A1i5Jkxo2oAncsKtjStGq98fGk7v1drJRjTjDvDaZAL1__1780326908,back,A1i5Jkxo2oAncsKtjStGq98fGk7v1drJRjTjDvDaZAL1,1779722108,1780326909,5,False,500,1780085687,1780326908,13.6,False,r0b
back__3Sfme9Wt5S3NPzhc7xZpxwByn3EVYUXgkbHXi9im93An__1780326908,back,3Sfme9Wt5S3NPzhc7xZpxwByn3EVYUXgkbHXi9im93An,1779722108,1780326909,5,False,500,1780131531,1780326908,12.4,False,r0b
back__5DC3tMyFSXeujJn9KWnh1MkM8QCgXXm2tDEGpjhcwFck__1780326908,back,5DC3tMyFSXeujJn9KWnh1MkM8QCgXXm2tDEGpjhcwFck,1779722108,1780326909,5,False,500,1780055328,1780326908,12.34,False,r0b
back__Ez2jYoXp45DZxr7JVhiqbDNirgBT37MErjZGxA8jZkTf__1780326908,back,Ez2jYoXp45DZxr7JVhiqbDNirgBT37MErjZGxA8jZkTf,1779722108,1780326909,5,False,500,1780317845,1780326908,13.27,False,r0b
back__nya666pQkP3PzWxi7JngU3rRMHuc7zbLK8c8wxQ4qpT__1780326908,back,nya666pQkP3PzWxi7JngU3rRMHuc7zbLK8c8wxQ4qpT,1779722108,1780326909,5,False,500,1780304956,1780326908,13.59,False,r0b
back__4fTbqjnQmRM1awkTpefPeUeci93ceDdSimzs9SQqMy9d__1780326908,back,4fTbqjnQmRM1awkTpefPeUeci93ceDdSimzs9SQqMy9d,1779722108,1780326909,5,False,500,1780246960,1780326908,12.82,False,r0b
back__pFFv9ZfgHZpL1rsgvhEHpWRT7nGvSKKWywrhJgLtghU__1780326910,back,pFFv9ZfgHZpL1rsgvhEHpWRT7nGvSKKWywrhJgLtghU,1779722110,1780326911,5,False,500,1780175353,1780326910,13.48,False,r0b
back__423yJvYSHZqU91M9djStwGsFupARLsAxd1zstoEHELPu__1780326912,back,423yJvYSHZqU91M9djStwGsFupARLsAxd1zstoEHELPu,1779722112,1780326913,5,False,500,1780162501,1780326912,11.98,False,r0b
back__2r2WjKhUsMEVZnV1vqm6NbstAW6cH7xS6ajRdbQe8saB__1780326934,back,2r2WjKhUsMEVZnV1vqm6NbstAW6cH7xS6ajRdbQe8saB,1779722134,1780326935,4,True,379,1779732896,1780326934,9.51,False,r0b
back__225VdR1tf4qw97US8V7jJvx5sstddqgqZARC3R3SVATb__1780326934,back,225VdR1tf4qw97US8V7jJvx5sstddqgqZARC3R3SVATb,1779722134,1780326935,4,True,343,1779739145,1780326934,9.63,False,r0b
back__6J1T22cKBTw11McuSteoEMpFfMfmWgG9NzsKs11mQYGD__1780326941,back,6J1T22cKBTw11McuSteoEMpFfMfmWgG9NzsKs11mQYGD,1779722141,1780326942,5,False,500,1780287435,1780326941,12.05,False,r0b
back__2wwEV58i3DUDWGQfet1DKfYNRKF2pYtWxz1ErU2cs6zG__1780326941,back,2wwEV58i3DUDWGQfet1DKfYNRKF2pYtWxz1ErU2cs6zG,1779722141,1780326942,5,False,500,1780272530,1780326941,14.4,False,r0b
back__HNFjT6CDeTUyEXu3BwHL5GnzFbaqkFoTRzKHoGqPY7qa__1780326941,back,HNFjT6CDeTUyEXu3BwHL5GnzFbaqkFoTRzKHoGqPY7qa,1779722141,1780326942,5,False,500,1780278997,1780326941,14.22,False,r0b
back__Anubis512ho5t7S6LNSwoxUWdeQmX2kf3RvZ8ApHHF5w__1780326941,back,Anubis512ho5t7S6LNSwoxUWdeQmX2kf3RvZ8ApHHF5w,1779722141,1780326942,5,False,500,1780323615,1780326941,14.47,False,r0b
back__12SgYu373ViXFMHt7eWL85dbXem8ShHFe37MZkFj8ZYg__1780326948,back,12SgYu373ViXFMHt7eWL85dbXem8ShHFe37MZkFj8ZYg,1779722148,1780326949,5,False,500,1780208050,1780326948,13.66,False,r0b
back__ARu4n5mFdZogZAravu7CcizaojWnS6oqka37gdLT5SZn__1780327035,back,ARu4n5mFdZogZAravu7CcizaojWnS6oqka37gdLT5SZn,1779722235,1780327036,5,False,500,1780326943,1780327035,19.08,False,r0b
back__EmcCMGeP9qpWkMVdRZ78sNhcmBZjFVppRMP4avMjf4Qv__1780327047,back,EmcCMGeP9qpWkMVdRZ78sNhcmBZjFVppRMP4avMjf4Qv,1779722247,1780327048,2,True,134,1779783283,1780327047,4.91,False,r0b
back__GHy1P6vJrEoMvWtA7VBH8v5hUkKtxY5SsJNMNWELfdyV__1780327047,back,GHy1P6vJrEoMvWtA7VBH8v5hUkKtxY5SsJNMNWELfdyV,1779722247,1780327048,5,False,500,1780248114,1780327047,13.58,False,r0b
back__DeNwH63Xgj3a4bXXHw79BiL5iBUNBQVaRYeLHQTQxL7z__1780327047,back,DeNwH63Xgj3a4bXXHw79BiL5iBUNBQVaRYeLHQTQxL7z,1779722247,1780327048,5,False,500,1780310080,1780327047,16.68,False,r0b
back__6cUt6WMbsT5xh8j59AD2ZzumVszcPMGey9VB7dHvz6En__1780327147,back,6cUt6WMbsT5xh8j59AD2ZzumVszcPMGey9VB7dHvz6En,1779722347,1780327148,5,False,500,1780289033,1780327147,13.12,False,r0b
back__6fKGtgUw3kfEG3cxEGBN4RrwybvBv35zY49iCjwQfyka__1780327147,back,6fKGtgUw3kfEG3cxEGBN4RrwybvBv35zY49iCjwQfyka,1779722347,1780327148,5,False,500,1780291598,1780327147,13.21,False,r0b
back__BvtxeCwdFtQoUHPcpup1rf5WuopqaJJuQKXAwcZPAgNR__1780327356,back,BvtxeCwdFtQoUHPcpup1rf5WuopqaJJuQKXAwcZPAgNR,1779722556,1780327357,2,True,135,1779784080,1780327356,5.91,False,r0b
back__5XvRrfXa7SYxc9NKpRojTKuqRTEaQgE76Xp7WEHtDmK6__1780327356,back,5XvRrfXa7SYxc9NKpRojTKuqRTEaQgE76Xp7WEHtDmK6,1779722556,1780327357,3,True,289,1779767043,1780327356,7.44,False,r0b
back__Gw3ARoocuBTdkRhwHXJYspnd66Fn6FD8P3PqmqQKa6hV__1780327360,back,Gw3ARoocuBTdkRhwHXJYspnd66Fn6FD8P3PqmqQKa6hV,1779722560,1780327361,2,True,148,1779783711,1780327360,4.86,False,r0b
back__H6Q4HhDmGzh81pnXCbRswT2xtdLJGLTBtHLMjo29HciE__1780327360,back,H6Q4HhDmGzh81pnXCbRswT2xtdLJGLTBtHLMjo29HciE,1779722560,1780327361,5,False,500,1780308099,1780327360,12.78,False,r0b
back__6WRLHMZBRmjJPwTaCdfq3i5VRQLNwfhjrXzHqFLXHh1N__1780327431,back,6WRLHMZBRmjJPwTaCdfq3i5VRQLNwfhjrXzHqFLXHh1N,1779722631,1780327432,2,True,194,1779722843,1780327431,5.46,False,r0b
back__GNr8d4mYvxTSR48JZNPaTqjUB2Wb3Hp7MPpYy11AX8hS__1780327432,back,GNr8d4mYvxTSR48JZNPaTqjUB2Wb3Hp7MPpYy11AX8hS,1779722632,1780327433,5,False,500,1780296905,1780327432,12.67,False,r0b
back__63L6GJUcgepuCmQ3L8GftnRinfynCie2V6G7DV4QayAj__1780327475,back,63L6GJUcgepuCmQ3L8GftnRinfynCie2V6G7DV4QayAj,1779722675,1780327476,5,False,500,1780148424,1780327475,11.99,False,r0b
back__xYz3NuixcGrHDD6HnRWFwABMzqojaTktoM6qzaRrshv__1780477251,back,xYz3NuixcGrHDD6HnRWFwABMzqojaTktoM6qzaRrshv,1779872451,1780477252,5,False,500,1780439704,1780477251,14.23,False,r0b
back__HW3Ah9yxjnxoUmVgsfT369D8FuWMjTUF1Wo3SK8Enbyw__1780477294,back,HW3Ah9yxjnxoUmVgsfT369D8FuWMjTUF1Wo3SK8Enbyw,1779872494,1780477295,2,True,114,1780282186,1780477294,4.73,False,r0b
back__4Yh14adcDR3ushicaPzLtFn8vZdvLNdGh4HAtp67byks__1780477295,back,4Yh14adcDR3ushicaPzLtFn8vZdvLNdGh4HAtp67byks,1779872495,1780477296,5,False,500,1780351800,1780477295,15.45,False,r0b
back__Bz7VerhzQYfWLWmSE43icDPm3c9ydDovSyZtHyJre8Rk__1780477398,back,Bz7VerhzQYfWLWmSE43icDPm3c9ydDovSyZtHyJre8Rk,1779872598,1780477399,2,True,179,1779921631,1780477398,4.38,False,r0b
back__94rXCk9sicEjKjgac1GQ6LRXzXFGq4eZbvNdCjztQXx4__1780477398,back,94rXCk9sicEjKjgac1GQ6LRXzXFGq4eZbvNdCjztQXx4,1779872598,1780477399,1,True,14,1780470723,1780477398,2.22,False,r0b
back__7Ti57yNf4q6BENH3jS2B3mv5gUq7yjiZd4JEx6z4hYwc__1780477398,back,7Ti57yNf4q6BENH3jS2B3mv5gUq7yjiZd4JEx6z4hYwc,1779872598,1780477399,1,True,12,1780470695,1780477398,1.63,False,r0b
back__66a3hS7o5mKvtPUmQkR4ApKfoaWHnKEBMmvNdPezxdfE__1780477398,back,66a3hS7o5mKvtPUmQkR4ApKfoaWHnKEBMmvNdPezxdfE,1779872598,1780477399,5,False,500,1780415915,1780477398,15.14,False,r0b
back__43NqeB35NkZeYUuopgkXDXqsfCQ9VX5ZQqfVz1ukT582__1780477470,back,43NqeB35NkZeYUuopgkXDXqsfCQ9VX5ZQqfVz1ukT582,1779872670,1780477471,1,True,41,1779878604,1780477470,3.56,False,r0b
back__GtfwMSu3p9wQkBgRk1eK8cWGyy4Rt5xh7uPGVrHn3vQZ__1780477470,back,GtfwMSu3p9wQkBgRk1eK8cWGyy4Rt5xh7uPGVrHn3vQZ,1779872670,1780477471,1,True,32,1780358982,1780477470,3.0,False,r0b
back__6Uz9zaLzrY57srcoPULA1MWwfDZdkkXoooPQ2tJ3JLr1__1780477470,back,6Uz9zaLzrY57srcoPULA1MWwfDZdkkXoooPQ2tJ3JLr1,1779872670,1780477471,1,True,55,1779878604,1780477470,4.34,False,r0b
back__DB1m4Y8hgPLbjKihmW45g1RvFxNGa7Pog47u93x7hEhv__1780477470,back,DB1m4Y8hgPLbjKihmW45g1RvFxNGa7Pog47u93x7hEhv,1779872670,1780477471,5,False,500,1780425086,1780477470,15.46,False,r0b
back__Cu7AJiu9eEjBBxGHRh5yndV6AmD1myaCj2BepKwhzHbu__1780477470,back,Cu7AJiu9eEjBBxGHRh5yndV6AmD1myaCj2BepKwhzHbu,1779872670,1780477471,5,False,500,1780428082,1780477470,14.73,False,r0b
back__4TJQRgiLxQEemue7RPUvCLCNZRY1R4Hf5Bhr1QA3BJHm__1780477470,back,4TJQRgiLxQEemue7RPUvCLCNZRY1R4Hf5Bhr1QA3BJHm,1779872670,1780477471,5,False,500,1780208577,1780477470,14.96,False,r0b
back__D6wEasKxbZPJnigigsMuELX21j9X9LBohxn3CWY1zesX__1780477470,back,D6wEasKxbZPJnigigsMuELX21j9X9LBohxn3CWY1zesX,1779872670,1780477471,2,True,107,1780342697,1780477470,5.54,False,r0b
back__3Xk2EuuSwKgniGNA4XkB33YY4mnEvcMnTLNpkKgGa14X__1780477470,back,3Xk2EuuSwKgniGNA4XkB33YY4mnEvcMnTLNpkKgGa14X,1779872670,1780477471,5,False,500,1780412857,1780477470,13.29,False,r0b
back__2rfvVBeQrPQV658JeFr5ZLoCruvP87W48DYmHAvR68oU__1780477470,back,2rfvVBeQrPQV658JeFr5ZLoCruvP87W48DYmHAvR68oU,1779872670,1780477471,4,True,352,1779874471,1780477470,10.35,False,r0b
back__99GPGFkAEgKpRDuvAxpfwRq4CJ3KkZGaBCfdgQCPcXcj__1780477471,back,99GPGFkAEgKpRDuvAxpfwRq4CJ3KkZGaBCfdgQCPcXcj,1779872671,1780477472,5,False,500,1780419992,1780477471,12.16,False,r0b
back__B8dTTE5FuquJisXw7FoZfFGzQzRqSUvGBTJvyDmsUDyF__1780477473,back,B8dTTE5FuquJisXw7FoZfFGzQzRqSUvGBTJvyDmsUDyF,1779872673,1780477474,5,False,500,1780435357,1780477473,11.49,False,r0b
back__8GMNLAbt5eAKfhnAfKqYz3P85nXUKSMFy1ahuUgcvz5m__1780477475,back,8GMNLAbt5eAKfhnAfKqYz3P85nXUKSMFy1ahuUgcvz5m,1779872675,1780477476,1,True,47,1780353187,1780477475,2.17,False,r0b
back__7g6XRpbkWupy1emPXQAHg3BSFk2ZEvXDTse7JTKbLjt1__1780477475,back,7g6XRpbkWupy1emPXQAHg3BSFk2ZEvXDTse7JTKbLjt1,1779872675,1780477476,1,True,44,1780353211,1780477475,2.27,False,r0b
back__2BGqpNYVUrgKCNMRw3UnyBxV5SKrBTbdYpCrGFmQCxVN__1780477475,back,2BGqpNYVUrgKCNMRw3UnyBxV5SKrBTbdYpCrGFmQCxVN,1779872675,1780477476,5,False,500,1780449368,1780477475,11.21,False,r0b
back__CCCCQCrL6zVjnDeucDzcxJgxAs5ahNmrhw1CDexPhqrd__1780477475,back,CCCCQCrL6zVjnDeucDzcxJgxAs5ahNmrhw1CDexPhqrd,1779872675,1780477476,5,False,500,1780419064,1780477475,13.59,False,r0b
back__7B8E7tMmkPe9WmA3fVUHcNFK5rRvfbkRNc9nn2RziWFT__1780477476,back,7B8E7tMmkPe9WmA3fVUHcNFK5rRvfbkRNc9nn2RziWFT,1779872676,1780477477,5,False,500,1780258197,1780477476,12.14,False,r0b
back__8Wj1JoryvHB9ahqdQnuYbhZdGYQiXhjJt5QWPFktXa8b__1780477476,back,8Wj1JoryvHB9ahqdQnuYbhZdGYQiXhjJt5QWPFktXa8b,1779872676,1780477477,5,False,500,1780429967,1780477476,12.35,False,r0b
back__4aYPbTfQsRCR816F3a4oShLWQAm6mVynqj3mXb1k8LTE__1780477486,back,4aYPbTfQsRCR816F3a4oShLWQAm6mVynqj3mXb1k8LTE,1779872686,1780477487,5,False,500,1780395803,1780477486,13.85,False,r0b
back__5rajEGzBJvaS4Dps3veJp1HyEKDZChZbgPCP3vn5dCvW__1780477505,back,5rajEGzBJvaS4Dps3veJp1HyEKDZChZbgPCP3vn5dCvW,1779872705,1780477506,1,True,27,1779878604,1780477505,1.84,False,r0b
back__GJbUPSRG46jYWdXUmRXW9G2P8J6qAZ815AHUp4xQPRt6__1780477505,back,GJbUPSRG46jYWdXUmRXW9G2P8J6qAZ815AHUp4xQPRt6,1779872705,1780477506,5,False,500,1780331988,1780477505,15.1,False,r0b
back__7SDG2vyv3avA6te2BzUAZ2pSzRRrMKeazaueAyy6q9na__1780477505,back,7SDG2vyv3avA6te2BzUAZ2pSzRRrMKeazaueAyy6q9na,1779872705,1780477506,5,False,500,1780370257,1780477505,15.63,False,r0b
back__AmEbL82LhQa36NYDEMd3ooD5TjeLPytPuWHyNTXXvCWh__1780477505,back,AmEbL82LhQa36NYDEMd3ooD5TjeLPytPuWHyNTXXvCWh,1779872705,1780477506,5,False,500,1780359195,1780477505,14.34,False,r0b
back__oq3AohbPANdSxfvh9Cq7WZehByNeUCdu29zcsYzsLya__1780477505,back,oq3AohbPANdSxfvh9Cq7WZehByNeUCdu29zcsYzsLya,1779872705,1780477506,5,False,500,1780256606,1780477505,14.83,False,r0b
back__9uMhmMaVs7MuioMg62mxo4fBSxfrJqdbgSHED2QEdDpT__1780799313,back,9uMhmMaVs7MuioMg62mxo4fBSxfrJqdbgSHED2QEdDpT,1780194513,1780799314,5,False,500,1780311397,1780799313,15.43,False,r0b
back__F1uUKi2ADfNkRTGrveuBYT6qEhmHudx2sGNdmTsDUw61__1780799326,back,F1uUKi2ADfNkRTGrveuBYT6qEhmHudx2sGNdmTsDUw61,1780194526,1780799327,3,True,247,1780196071,1780799326,8.14,False,r0b
back__8GCfpN4jR9VjufKxcKmU1Y56upCzw2wJTS6c71pp2mRU__1780799326,back,8GCfpN4jR9VjufKxcKmU1Y56upCzw2wJTS6c71pp2mRU,1780194526,1780799327,4,True,328,1780196075,1780799326,10.08,False,r0b
back__4LcCHiXLydzePUy3zt7HCdw9eFJDL8bWXZFRVcagak8y__1780799326,back,4LcCHiXLydzePUy3zt7HCdw9eFJDL8bWXZFRVcagak8y,1780194526,1780799327,2,True,188,1780196117,1780799326,5.05,False,r0b
back__21CNKQH5tYrsd1KNSeZgmJdoa6D4uf1swiW8WR6kbe8y__1780799326,back,21CNKQH5tYrsd1KNSeZgmJdoa6D4uf1swiW8WR6kbe8y,1780194526,1780799327,3,True,269,1780196071,1780799326,7.81,False,r0b
back__BPb8AkGxBHj6DkC4FGu95kbGbxKhunG2bdAyLvVxjppC__1780799326,back,BPb8AkGxBHj6DkC4FGu95kbGbxKhunG2bdAyLvVxjppC,1780194526,1780799327,4,True,361,1780196085,1780799326,10.63,False,r0b
back__73JqGW31ykwD9biyifUwKPNB85EAQYkrsLX1Nkjup9zv__1780799330,back,73JqGW31ykwD9biyifUwKPNB85EAQYkrsLX1Nkjup9zv,1780194530,1780799331,2,True,156,1780767337,1780799330,5.14,False,r0b
back__GPmhvjnHEW2xx4oSzV1jEc55ovN9uwk1vmgxhigdAZQs__1780799330,back,GPmhvjnHEW2xx4oSzV1jEc55ovN9uwk1vmgxhigdAZQs,1780194530,1780799331,1,True,80,1780220426,1780799330,2.77,False,r0b
back__F1XNwxKGjQcULwG4LpNub9sbW3bZ1NSa3JrqcWw6Q5Yw__1780799332,back,F1XNwxKGjQcULwG4LpNub9sbW3bZ1NSa3JrqcWw6Q5Yw,1780194532,1780799333,4,True,399,1780195877,1780799332,12.03,False,r0b
back__6XYUTiUgS7sY8EW23Ps4ZV4Q7fYkfioMD5RwweA9gVet__1780799333,back,6XYUTiUgS7sY8EW23Ps4ZV4Q7fYkfioMD5RwweA9gVet,1780194533,1780799334,5,False,500,1780451400,1780799333,15.1,False,r0b
back__A7MgmrHLdN2bPMPytEVmqCkj6XeqRmqdm5fqwxYba3o1__1780799335,back,A7MgmrHLdN2bPMPytEVmqCkj6XeqRmqdm5fqwxYba3o1,1780194535,1780799336,5,True,465,1780196069,1780799335,14.98,False,r0b
back__22iSy72XF57fZAjarfNUrFimMDsKnF7oEwrFuzmg8Br5__1780799335,back,22iSy72XF57fZAjarfNUrFimMDsKnF7oEwrFuzmg8Br5,1780194535,1780799336,2,True,191,1780196113,1780799335,5.76,False,r0b
back__FDMssDbA5XcxpBV5gv7JXgP3TAiTNLv3ynJiCC6dWijH__1780799335,back,FDMssDbA5XcxpBV5gv7JXgP3TAiTNLv3ynJiCC6dWijH,1780194535,1780799336,4,True,354,1780196082,1780799335,12.19,False,r0b
back__GyLJnK3dyq7F2dNPURh3pbpGrkkBrb4eEwUkG4dGV2F1__1780799335,back,GyLJnK3dyq7F2dNPURh3pbpGrkkBrb4eEwUkG4dGV2F1,1780194535,1780799336,5,True,429,1780196075,1780799335,14.2,False,r0b
back__2jramWhwFBXj61AkbZ1CGW8EWykGyqEwjG6tZgoo9tz2__1780799335,back,2jramWhwFBXj61AkbZ1CGW8EWykGyqEwjG6tZgoo9tz2,1780194535,1780799336,2,True,194,1780196108,1780799335,5.41,False,r0b
back__4YJHP2os5GQBZcNAHe6PxgBEyo5jGKmNFkZTDizwNbLi__1780799336,back,4YJHP2os5GQBZcNAHe6PxgBEyo5jGKmNFkZTDizwNbLi,1780194536,1780799337,3,True,288,1780402501,1780799336,8.19,False,r0b
back__6kD49gY4jGTFNuLjRqC8ygsgTJYmLLDALAnCDVB9SAbD__1780799337,back,6kD49gY4jGTFNuLjRqC8ygsgTJYmLLDALAnCDVB9SAbD,1780194537,1780799338,3,True,265,1780196071,1780799337,7.86,False,r0b
back__4ixfYArTkd5yha1KQmgMC3ErK4hWibH3k3C193ZSA8H9__1780799337,back,4ixfYArTkd5yha1KQmgMC3ErK4hWibH3k3C193ZSA8H9,1780194537,1780799338,2,True,192,1780196108,1780799337,5.5,False,r0b
back__8MA2HGoH3fFdVMEZMtCxYpSFwkPB8WV8BbwFLermPZFo__1780799341,back,8MA2HGoH3fFdVMEZMtCxYpSFwkPB8WV8BbwFLermPZFo,1780194541,1780799342,5,False,500,1780544379,1780799341,15.7,False,r0b
back__haqqiUUXB5gp7gDbSjpEkw3phAjQb25r86uXJsZQgWq__1780799343,back,haqqiUUXB5gp7gDbSjpEkw3phAjQb25r86uXJsZQgWq,1780194543,1780799344,5,False,500,1780779319,1780799343,14.61,False,r0b
back__GBsZjBmE99LnVVvJqMtEpGWgtDMoR2jmLW4rjQqMwAvS__1780799346,back,GBsZjBmE99LnVVvJqMtEpGWgtDMoR2jmLW4rjQqMwAvS,1780194546,1780799347,3,True,284,1780196075,1780799346,8.29,False,r0b
back__BmLiGLuf4NaXqxTJRRfH7dJvg11mtYGdzg6K2hiJPRtR__1780799346,back,BmLiGLuf4NaXqxTJRRfH7dJvg11mtYGdzg6K2hiJPRtR,1780194546,1780799347,3,True,222,1780196097,1780799346,7.26,False,r0b
back__AoiZ7B3GNG6NYrUany2zvjAEPxgjKz8aDMJMggYKMQVr__1780799346,back,AoiZ7B3GNG6NYrUany2zvjAEPxgjKz8aDMJMggYKMQVr,1780194546,1780799347,3,True,230,1780196090,1780799346,8.15,False,r0b
back__CPQH8j4iSURtSAXohutVBrz6ETKCf7hqSgFQW85c2Ye3__1780799349,back,CPQH8j4iSURtSAXohutVBrz6ETKCf7hqSgFQW85c2Ye3,1780194549,1780799350,5,False,500,1780468701,1780799349,13.94,False,r0b
back__5H5upChfAGSWsSqDq2qKLUnWDtU5yNdeKKXjRT7aiZKY__1780799349,back,5H5upChfAGSWsSqDq2qKLUnWDtU5yNdeKKXjRT7aiZKY,1780194549,1780799350,5,False,500,1780699630,1780799349,14.56,False,r0b
back__3igJZZU4qLWwojFL17GnZzTnmj5So1rgk9poGmttJCQU__1780799354,back,3igJZZU4qLWwojFL17GnZzTnmj5So1rgk9poGmttJCQU,1780194554,1780799355,3,True,287,1780196082,1780799354,8.47,False,r0b
back__GdGqjz3jAGw4zzwv2KMPRXe3aLxfGA3XhMdptFZWk3Gk__1780799354,back,GdGqjz3jAGw4zzwv2KMPRXe3aLxfGA3XhMdptFZWk3Gk,1780194554,1780799355,5,False,500,1780532952,1780799354,14.48,False,r0b
back__EA91nzXp5QWMVg5ZabnuxD3B2N9yDMNsZkavbAGAKv6F__1780799361,back,EA91nzXp5QWMVg5ZabnuxD3B2N9yDMNsZkavbAGAKv6F,1780194561,1780799362,3,True,233,1780196071,1780799361,7.22,False,r0b
back__HZqQJv9uoz4piVYkvVo7rAewpifYfD2bw56AArr4VNR__1780799362,back,HZqQJv9uoz4piVYkvVo7rAewpifYfD2bw56AArr4VNR,1780194562,1780799363,2,True,199,1780196094,1780799362,5.54,False,r0b
back__5EU3WxZYkN1UvXV5TuNh2QdX2L5nVyZHCWi6cM8oGEjV__1780799362,back,5EU3WxZYkN1UvXV5TuNh2QdX2L5nVyZHCWi6cM8oGEjV,1780194562,1780799363,3,True,218,1780196101,1780799362,7.58,False,r0b
back__7gsnU48yCtRnCpDc8o4bTPLMeZ3whMLuDH1B5EJ1KExJ__1780963989,back,7gsnU48yCtRnCpDc8o4bTPLMeZ3whMLuDH1B5EJ1KExJ,1780359189,1780963990,5,False,500,1780963723,1780963989,12.11,False,r0b
back__BwWK17cbHxwWBKZkUYvzxLcNQ1YVyaFezduWbtm2de6s__1780963990,back,BwWK17cbHxwWBKZkUYvzxLcNQ1YVyaFezduWbtm2de6s,1780359190,1780963991,5,False,500,1780963883,1780963990,12.87,False,r0b
back__6VrR1eTzeEj6eubVpxAQbHFqJ6fQHUnMqxsCEhg7kgrj__1780963990,back,6VrR1eTzeEj6eubVpxAQbHFqJ6fQHUnMqxsCEhg7kgrj,1780359190,1780963991,5,False,500,1780919083,1780963990,13.56,False,r0b
back__FMXcpsVd7w2fe8KUWJ4HcafK15MZuPX46bzd6pAo9XLo__1780963994,back,FMXcpsVd7w2fe8KUWJ4HcafK15MZuPX46bzd6pAo9XLo,1780359194,1780963995,5,False,500,1780961140,1780963994,12.02,False,r0b
back__CMHj9ByR9Woa7NmMwiyDZZ3Dv54uzro4izSBZHwBZ2mb__1780964002,back,CMHj9ByR9Woa7NmMwiyDZZ3Dv54uzro4izSBZHwBZ2mb,1780359202,1780964003,1,True,19,1780549904,1780964002,1.51,False,r0b
back__Gue8rnckLCrNEksmCh3KCMu8SEjcPVHV1n1MUikmAn21__1780964030,back,Gue8rnckLCrNEksmCh3KCMu8SEjcPVHV1n1MUikmAn21,1780359230,1780964031,5,False,500,1780862580,1780964030,13.66,False,r0b
back__botV3ToWRV2xpnBQk4jG6TSis8nekHKUEj1Fdx2acko__1780964428,back,botV3ToWRV2xpnBQk4jG6TSis8nekHKUEj1Fdx2acko,1780359628,1780964429,5,False,500,1780361310,1780964428,15.38,False,r0b
back__J4hncUwhkJVSkxQ18jFEsrsCs2ugmjeatJd7k4zf6uKg__1780964517,back,J4hncUwhkJVSkxQ18jFEsrsCs2ugmjeatJd7k4zf6uKg,1780359717,1780964518,5,False,500,1780496686,1780964517,16.29,False,r0b
back__85nUHgQ7fEHAFSDBxFaQSZyHWsA886gfMYiDEfVGgUv__1780794005,back,85nUHgQ7fEHAFSDBxFaQSZyHWsA886gfMYiDEfVGgUv,1780189205,1780794006,5,False,500,1780443729,1780794005,13.99,False,r0b
back__3cowCuQVFfdKHMNr69rc2MarTGpMmvw5W3NfuEY7QTeR__1780794038,back,3cowCuQVFfdKHMNr69rc2MarTGpMmvw5W3NfuEY7QTeR,1780189238,1780794039,1,True,61,1780205934,1780794038,2.33,False,r0b
back__EaZNBezvDDhhm6hcafAUTZzm12PiYNMm6zzizGq9yzaP__1780794045,back,EaZNBezvDDhhm6hcafAUTZzm12PiYNMm6zzizGq9yzaP,1780189245,1780794046,5,True,463,1780189250,1780794045,14.88,False,r0b
back__ERmHMbmdrkN7zVzB7ZR6JDKjkzCkbmR5xEVMJTFVNMBE__1780794045,back,ERmHMbmdrkN7zVzB7ZR6JDKjkzCkbmR5xEVMJTFVNMBE,1780189245,1780794046,5,True,478,1780189250,1780794045,17.62,False,r0b
back__5jkNXdCCnfMp489XCydkEFKAP6uFywAqtmJ6emFiehBi__1780794236,back,5jkNXdCCnfMp489XCydkEFKAP6uFywAqtmJ6emFiehBi,1780189436,1780794237,1,True,13,1780429492,1780794236,1.82,False,r0b
back__6ep7hTj4L6oacjKG9axXZ2ipxv2QLDwgxwhREBbQ3Y9Z__1780794237,back,6ep7hTj4L6oacjKG9axXZ2ipxv2QLDwgxwhREBbQ3Y9Z,1780189437,1780794238,5,False,500,1780646968,1780794237,14.92,False,r0b
back__FeqP1rvy8LFgazENBMazjtTUF5PwDX4ZTcmM7Pz5yoUk__1780794237,back,FeqP1rvy8LFgazENBMazjtTUF5PwDX4ZTcmM7Pz5yoUk,1780189437,1780794238,5,False,500,1780596039,1780794237,14.57,False,r0b
back__ARu4n5mFdZogZAravu7CcizaojWnS6oqka37gdLT5SZn__1780794302,back,ARu4n5mFdZogZAravu7CcizaojWnS6oqka37gdLT5SZn,1780189502,1780794303,5,False,500,1780794185,1780794302,16.66,False,r0b
back__4QbGNCvJixt7xWH3cjWFCrXBzRibDhTyxDKaskPHuQaa__1781096692,back,4QbGNCvJixt7xWH3cjWFCrXBzRibDhTyxDKaskPHuQaa,1780491892,1781096693,1,True,5,1781094525,1781096692,1.67,False,r0b
back__2S26ujcGm8hQjiT8gVyEvhqCX7FBxFG9pHeg86ahFEL8__1781096692,back,2S26ujcGm8hQjiT8gVyEvhqCX7FBxFG9pHeg86ahFEL8,1780491892,1781096693,1,True,7,1781094524,1781096692,1.57,False,r0b
back__4oXuM3mTd9SoGft5nS2cGMDqjKrB2meKX6dAvaFHMjED__1781096693,back,4oXuM3mTd9SoGft5nS2cGMDqjKrB2meKX6dAvaFHMjED,1780491893,1781096694,1,True,28,1780494583,1781096693,1.86,False,r0b
back__GFotjQSaVNkT8AkkaGugmmVPXHCy8WZy4QCUwHcroQpm__1781096693,back,GFotjQSaVNkT8AkkaGugmmVPXHCy8WZy4QCUwHcroQpm,1780491893,1781096694,1,True,28,1780499927,1781096693,1.8,False,r0b
back__EbbHNZEJn8G4LCssR2CweuFDKEASMqNB4pMPCmKtK446__1781096694,back,EbbHNZEJn8G4LCssR2CweuFDKEASMqNB4pMPCmKtK446,1780491894,1781096695,1,True,15,1780757242,1781096694,1.85,False,r0b
back__9wEGcYNWREy1Mu99vbKA8R7P6He8wWGmr3zw5JdV2FGN__1781096694,back,9wEGcYNWREy1Mu99vbKA8R7P6He8wWGmr3zw5JdV2FGN,1780491894,1781096695,1,True,2,1781094752,1781096694,1.13,False,r0b
back__HukKeMeDxs1DbgDK6vhrQVkvX8pK6mbAYMCnoCCBef5E__1781096695,back,HukKeMeDxs1DbgDK6vhrQVkvX8pK6mbAYMCnoCCBef5E,1780491895,1781096696,1,True,9,1780610554,1781096695,1.47,False,r0b
back__2CVnGhJmRbJzn4gS4RAKrrm87exZfJ9wh2T2fkzub6y4__1781096697,back,2CVnGhJmRbJzn4gS4RAKrrm87exZfJ9wh2T2fkzub6y4,1780491897,1781096698,1,True,15,1780946955,1781096697,2.01,False,r0b
back__8s13yngBeaT4C3z2Qq5UmV4zkqzM3HV77WUwAYyPzBxV__1781096699,back,8s13yngBeaT4C3z2Qq5UmV4zkqzM3HV77WUwAYyPzBxV,1780491899,1781096700,1,True,29,1780607396,1781096699,2.46,False,r0b
back__6rmc1NVdrbJGy36Ay2B1gEp9gSLGL3bqW6wsTkn3XBq7__1781096699,back,6rmc1NVdrbJGy36Ay2B1gEp9gSLGL3bqW6wsTkn3XBq7,1780491899,1781096700,1,True,22,1780601531,1781096699,2.03,False,r0b
back__3XtzSK4kMZH4Hd1eVLoeyRucE4fw3vvkspXdWSppKTdZ__1781096699,back,3XtzSK4kMZH4Hd1eVLoeyRucE4fw3vvkspXdWSppKTdZ,1780491899,1781096700,1,True,30,1780503728,1781096699,1.77,False,r0b
back__CRdcCJruybPfNvmRaWrBbn7nyhWjFqEQLFZRDXGS4cdN__1781096699,back,CRdcCJruybPfNvmRaWrBbn7nyhWjFqEQLFZRDXGS4cdN,1780491899,1781096700,1,True,17,1780688111,1781096699,1.8,False,r0b
back__3Freu1EEepLcXcwEyeDzZAygSxyjSVJypeagzCgLwfSx__1781096699,back,3Freu1EEepLcXcwEyeDzZAygSxyjSVJypeagzCgLwfSx,1780491899,1781096700,1,True,36,1780511750,1781096699,1.74,False,r0b
back__E1DASCc1pgdMeoShE3q681qR5vUGEsd1tPB3XCHDkXRt__1781096700,back,E1DASCc1pgdMeoShE3q681qR5vUGEsd1tPB3XCHDkXRt,1780491900,1781096701,1,True,35,1780501646,1781096700,2.11,False,r0b
back__7k2f8Q8CCRhsxeMWZFzZ4SYMhMk9juW2yaeLGy7dAAJw__1781096701,back,7k2f8Q8CCRhsxeMWZFzZ4SYMhMk9juW2yaeLGy7dAAJw,1780491901,1781096702,1,True,9,1780527632,1781096701,1.46,False,r0b
back__J7foEcMtMxxizGtgAtXWjrNRrXYwRwkKu97aS38KsNfM__1781096702,back,J7foEcMtMxxizGtgAtXWjrNRrXYwRwkKu97aS38KsNfM,1780491902,1781096703,1,True,32,1780521942,1781096702,2.02,False,r0b
back__7xRCXUpEo6AS5pcqa1enP43MQUVbUCjpkaahAbtiqnCp__1781096702,back,7xRCXUpEo6AS5pcqa1enP43MQUVbUCjpkaahAbtiqnCp,1780491902,1781096703,1,True,32,1780510066,1781096702,2.17,False,r0b
back__7T8DM6SwpuCXrtzAYDTE3RAb4fvF723Tfirht3fVSpfw__1781096703,back,7T8DM6SwpuCXrtzAYDTE3RAb4fvF723Tfirht3fVSpfw,1780491903,1781096704,1,True,6,1781094524,1781096703,1.56,False,r0b
back__J4GfSB19oHA979jLMKe9p7uSs6h4ozyCrggnZ15RBLu__1781096709,back,J4GfSB19oHA979jLMKe9p7uSs6h4ozyCrggnZ15RBLu,1780491909,1781096710,5,False,500,1781050626,1781096709,16.28,False,r0b
back__12PPVhB8jC9pq5bfcbf9VZcptmXuvsAFyeH8VK7L93zq__1781098202,back,12PPVhB8jC9pq5bfcbf9VZcptmXuvsAFyeH8VK7L93zq,1780493402,1781098203,5,True,477,1780493410,1781098202,16.38,False,r0b
back__Cm4L6yHwguFoQRUgCqamgadebuxC123zEmVCRuFHvajP__1781098202,back,Cm4L6yHwguFoQRUgCqamgadebuxC123zEmVCRuFHvajP,1780493402,1781098203,1,True,96,1780493412,1781098202,3.62,False,r0b
back__MobS6L5HhVJtxpeafDgREsweWFh53xFoUeP9pgbaDSf__1781098202,back,MobS6L5HhVJtxpeafDgREsweWFh53xFoUeP9pgbaDSf,1780493402,1781098203,5,True,478,1780493410,1781098202,18.04,False,r0b
back__FpfHoCCfQJwMSW1xeWKeznykbY1X2LVqpuBLsHx2QKG6__1781098202,back,FpfHoCCfQJwMSW1xeWKeznykbY1X2LVqpuBLsHx2QKG6,1780493402,1781098203,5,False,500,1781055013,1781098202,17.22,False,r0b
back__429fEKUVSB3KscQKxeQkWxgZEEhVzUGrjWXxudvQaquU__1781098207,back,429fEKUVSB3KscQKxeQkWxgZEEhVzUGrjWXxudvQaquU,1780493407,1781098208,3,True,251,1780509936,1781098207,9.82,False,r0b
back__jmemehQbZXX7QqNE7Eyi81MdTZw6cEAT6TU4Kinwtru__1781098208,back,jmemehQbZXX7QqNE7Eyi81MdTZw6cEAT6TU4Kinwtru,1780493408,1781098209,5,False,500,1780599354,1781098208,16.54,False,r0b
back__H1ghwBLnyVdyeM9xSdXMss7ztkXoErH6YzDha8poGEbW__1781098208,back,H1ghwBLnyVdyeM9xSdXMss7ztkXoErH6YzDha8poGEbW,1780493408,1781098209,4,True,353,1780494441,1781098208,11.87,False,r0b
back__HQT2L7V9pkYocCUdTuYN73965FpJsnN2ZDjWhyMgK4x2__1781098211,back,HQT2L7V9pkYocCUdTuYN73965FpJsnN2ZDjWhyMgK4x2,1780493411,1781098212,5,False,500,1780640047,1781098211,15.66,False,r0b
back__Eqm4pdRd3kLSfie5mNHrVQgdaz3zLGVXmCT1qWsaaaJB__1781098211,back,Eqm4pdRd3kLSfie5mNHrVQgdaz3zLGVXmCT1qWsaaaJB,1780493411,1781098212,5,False,500,1780648174,1781098211,16.36,False,r0b
back__9erWXbbDmHJRgwaSQiK3LCDWW8ybQyYwiaSs4jPyod5X__1781098212,back,9erWXbbDmHJRgwaSQiK3LCDWW8ybQyYwiaSs4jPyod5X,1780493412,1781098213,5,False,500,1781080256,1781098212,15.77,False,r0b
back__5YrSPToJW3Q5TW6ppiSNduYTLF58GNr4j9yCefBP2xj9__1781098215,back,5YrSPToJW3Q5TW6ppiSNduYTLF58GNr4j9yCefBP2xj9,1780493415,1781098216,1,True,69,1780523136,1781098215,3.11,False,r0b
back__7gEnRjDud56BVmBQMWLTticJoouzrpnyaAnN5A3EEqiy__1780622808,back,7gEnRjDud56BVmBQMWLTticJoouzrpnyaAnN5A3EEqiy,1780018008,1780622809,5,False,500,1780510334,1780622808,14.38,False,r0b
back__5brv79eFZ2rGprXNvqgVJBkBptkkw8GJX1XydJyZLyAr__1780622808,back,5brv79eFZ2rGprXNvqgVJBkBptkkw8GJX1XydJyZLyAr,1780018008,1780622809,5,False,500,1780576324,1780622808,14.4,False,r0b
back__6PSJr6HhnRxTGj4dkA4fnXQrnB8AWGVS6WZVdVR9SSXq__1780622808,back,6PSJr6HhnRxTGj4dkA4fnXQrnB8AWGVS6WZVdVR9SSXq,1780018008,1780622809,5,False,500,1780531903,1780622808,17.25,False,r0b
back__DMBHvEhqVhXPzez2YruAyzB23xnzpdVdUAW1z4cqfZ3w__1780622808,back,DMBHvEhqVhXPzez2YruAyzB23xnzpdVdUAW1z4cqfZ3w,1780018008,1780622809,5,False,500,1780587130,1780622808,15.47,False,r0b
back__4rwTkbxNSZjG1PEZuNz3a6TeRorgs2ZnA65sFMxZgBsf__1780622808,back,4rwTkbxNSZjG1PEZuNz3a6TeRorgs2ZnA65sFMxZgBsf,1780018008,1780622809,1,True,91,1780137209,1780622808,2.36,False,r0b
back__3Sfme9Wt5S3NPzhc7xZpxwByn3EVYUXgkbHXi9im93An__1780622808,back,3Sfme9Wt5S3NPzhc7xZpxwByn3EVYUXgkbHXi9im93An,1780018008,1780622809,5,False,500,1780537458,1780622808,14.83,False,r0b
back__Ez2jYoXp45DZxr7JVhiqbDNirgBT37MErjZGxA8jZkTf__1780622808,back,Ez2jYoXp45DZxr7JVhiqbDNirgBT37MErjZGxA8jZkTf,1780018008,1780622809,5,False,500,1780609431,1780622808,17.8,False,r0b
back__FUCKpGkamKQQsKjJG9FSRSScZqExyyTp4TXak6EsJT3j__1780622810,back,FUCKpGkamKQQsKjJG9FSRSScZqExyyTp4TXak6EsJT3j,1780018010,1780622811,5,False,500,1780531581,1780622810,17.24,False,r0b
back__9kApwqgKiPor4atWfB3yARvAJJt95sd51P5HbEPsSMuy__1780622814,back,9kApwqgKiPor4atWfB3yARvAJJt95sd51P5HbEPsSMuy,1780018014,1780622815,1,True,78,1780344095,1780622814,2.57,False,r0b
back__8zFcYFNvMQGuc4Kuq91ZuLvziZP5yhvNv7d4FskJvbkL__1780622814,back,8zFcYFNvMQGuc4Kuq91ZuLvziZP5yhvNv7d4FskJvbkL,1780018014,1780622815,1,True,74,1780344070,1780622814,4.35,False,r0b
back__EWezPmUW8bnt95KujfaCHi7fdCeyNgnJXKg1BmN5c7mo__1780622814,back,EWezPmUW8bnt95KujfaCHi7fdCeyNgnJXKg1BmN5c7mo,1780018014,1780622815,5,False,500,1780576512,1780622814,13.24,False,r0b
back__DGJX5Phf9drKA2pq7vcXxBEBZ2cE38bQuiQrA1byvdbC__1780622814,back,DGJX5Phf9drKA2pq7vcXxBEBZ2cE38bQuiQrA1byvdbC,1780018014,1780622815,5,False,500,1780592894,1780622814,13.14,False,r0b
back__nya666pQkP3PzWxi7JngU3rRMHuc7zbLK8c8wxQ4qpT__1780622815,back,nya666pQkP3PzWxi7JngU3rRMHuc7zbLK8c8wxQ4qpT,1780018015,1780622816,5,False,500,1780605620,1780622815,15.0,False,r0b
back__9PGpTLxTUV3HZgDbLokaCkP1n8oKNcPKk8uqzxsTKWJj__1780622815,back,9PGpTLxTUV3HZgDbLokaCkP1n8oKNcPKk8uqzxsTKWJj,1780018015,1780622816,5,False,500,1780562746,1780622815,13.29,False,r0b
back__4mehyAudTNpPizjTyx2JiKBCwjbdK5oeZYkJabNRWdXE__1780622815,back,4mehyAudTNpPizjTyx2JiKBCwjbdK5oeZYkJabNRWdXE,1780018015,1780622816,1,True,81,1780344041,1780622815,2.86,False,r0b
back__9CWseDbEBe8eEEtuMN624rTjbRoRaQBmUMbDH5R4LMpZ__1780622815,back,9CWseDbEBe8eEEtuMN624rTjbRoRaQBmUMbDH5R4LMpZ,1780018015,1780622816,1,True,87,1780344018,1780622815,2.99,False,r0b
back__qv1u2vPiuvJCzRPJ3ywovSYJG117zGbisXjMJtrGkvd__1780622816,back,qv1u2vPiuvJCzRPJ3ywovSYJG117zGbisXjMJtrGkvd,1780018016,1780622817,5,False,500,1780582825,1780622816,16.98,False,r0b
back__4JQtbANx1W1axdpZ7E5RcUWERE31fe7Ju4oLRPa13qqZ__1780622816,back,4JQtbANx1W1axdpZ7E5RcUWERE31fe7Ju4oLRPa13qqZ,1780018016,1780622817,5,False,500,1780548490,1780622816,13.43,False,r0b
back__AE2qMcDk19ty8RXfipSyhcLsByf79d1uUkXFmSbh6Zgx__1780622824,back,AE2qMcDk19ty8RXfipSyhcLsByf79d1uUkXFmSbh6Zgx,1780018024,1780622825,4,True,377,1780538916,1780622824,13.48,False,r0b
back__6bSzBxJrGiPPQbTK4FhdfbsBGvh42YebK1HmfMGoWfEL__1780622837,back,6bSzBxJrGiPPQbTK4FhdfbsBGvh42YebK1HmfMGoWfEL,1780018037,1780622838,1,True,78,1780296231,1780622837,2.49,False,r0b
back__XoMuGMjkYtwVPq9kDjztBizAF618LE7Avpb8iBidYd5__1780622947,back,XoMuGMjkYtwVPq9kDjztBizAF618LE7Avpb8iBidYd5,1780018147,1780622948,1,True,64,1780596832,1780622947,2.89,False,r0b
back__9WyKR5WjkE65wUWVoMkgRQe3AsNPN2wTdBg2RLBa1Pt2__1780622947,back,9WyKR5WjkE65wUWVoMkgRQe3AsNPN2wTdBg2RLBa1Pt2,1780018147,1780622948,1,True,70,1780610956,1780622947,2.38,False,r0b
back__7qaQFEd4xDW7u1E8ZozoKKWCRARmbqh9MCY4s1mUcDWw__1780622948,back,7qaQFEd4xDW7u1E8ZozoKKWCRARmbqh9MCY4s1mUcDWw,1780018148,1780622949,3,True,290,1780582439,1780622948,13.56,False,r0b
back__8HXzQqEPX4kMLVaaozbvRN2e6xQASsCk5Jh9128G21Tp__1780622951,back,8HXzQqEPX4kMLVaaozbvRN2e6xQASsCk5Jh9128G21Tp,1780018151,1780622952,5,False,500,1780097209,1780622951,17.06,False,r0b
back__CsmA2ncNywPfY6KfDhSRTZWzgZDLiTG4YxhCRV53GmK8__1780622952,back,CsmA2ncNywPfY6KfDhSRTZWzgZDLiTG4YxhCRV53GmK8,1780018152,1780622953,5,False,500,1780524475,1780622952,27.02,False,r0b
back__HK3J9zTFz3qBTNtcja3v9cZmSRfGEM3upXwK6GBuKHrT__1780622952,back,HK3J9zTFz3qBTNtcja3v9cZmSRfGEM3upXwK6GBuKHrT,1780018152,1780622953,5,False,500,1780593245,1780622952,23.01,False,r0b
back__8goPWhA5aALaa6UuzcaKBUYje2BrX8V4oKfvJRYiXvcE__1780622954,back,8goPWhA5aALaa6UuzcaKBUYje2BrX8V4oKfvJRYiXvcE,1780018154,1780622955,5,False,500,1780132472,1780622954,21.78,False,r0b
back__6zHzYbaogUQ4RHQ8CthixjuiTDRgtpjCpkuVXhP6nVd__1780622962,back,6zHzYbaogUQ4RHQ8CthixjuiTDRgtpjCpkuVXhP6nVd,1780018162,1780622963,5,True,479,1780018249,1780622962,19.92,False,r0b
back__FaVqTAXTfTdL5qHoZ99NAXZKU7PkuTfVkPfNLwzzA1fX__1780622962,back,FaVqTAXTfTdL5qHoZ99NAXZKU7PkuTfVkPfNLwzzA1fX,1780018162,1780622963,5,False,500,1780560259,1780622962,14.6,False,r0b
back__8BoUQFP3rZXfimroYdPg1pWs4MQQgdzcSx6ZVznQwb1k__1780622962,back,8BoUQFP3rZXfimroYdPg1pWs4MQQgdzcSx6ZVznQwb1k,1780018162,1780622963,5,False,500,1780492278,1780622962,13.23,False,r0b
back__DHig6qvBJ75quQtD5Ea8KeBnDLqeUhWonqoCrMFZexfr__1780768286,back,DHig6qvBJ75quQtD5Ea8KeBnDLqeUhWonqoCrMFZexfr,1780163486,1780768287,5,False,500,1780678281,1780768286,23.98,False,r0b
back__6TDx5Xukdre8dttfUvwkka2n4y5hNTUhrEC6TcSvA7Eo__1780768319,back,6TDx5Xukdre8dttfUvwkka2n4y5hNTUhrEC6TcSvA7Eo,1780163519,1780768320,1,True,2,1780767850,1780768319,1.34,False,r0b
back__g4zSkj1m8t8mCnpGnNESsFCDjhvKcH9W1KzsWaifzXe__1780768333,back,g4zSkj1m8t8mCnpGnNESsFCDjhvKcH9W1KzsWaifzXe,1780163533,1780768334,5,False,500,1780666271,1780768333,29.04,False,r0b
back__B8NwEsEerbwhqum9QcEfGuDht6bBRuHyiVqmTLLzVc82__1780768333,back,B8NwEsEerbwhqum9QcEfGuDht6bBRuHyiVqmTLLzVc82,1780163533,1780768334,5,False,500,1780666358,1780768333,33.42,False,r0b
back__7rT13QitAiSyBVDiwJUF38QHv4e4X1wtRYTtW7WfYuve__1780768334,back,7rT13QitAiSyBVDiwJUF38QHv4e4X1wtRYTtW7WfYuve,1780163534,1780768335,5,False,500,1780512989,1780768334,31.91,False,r0b
back__AowTUid5daQr9EqwazF7hDm3jBTQSisv6LaHGhQL8k92__1780768334,back,AowTUid5daQr9EqwazF7hDm3jBTQSisv6LaHGhQL8k92,1780163534,1780768335,5,False,500,1780624196,1780768334,24.09,False,r0b
back__GVgp6di29WgBjEBw3F7C9z1nNq3jrTZNvqufFGrjjtH3__1780768335,back,GVgp6di29WgBjEBw3F7C9z1nNq3jrTZNvqufFGrjjtH3,1780163535,1780768336,1,True,7,1780704636,1780768335,1.39,False,r0b
back__9AbxPbsyTh2rNTKjkh8k4rQhBXiiCyTXDUFhMJTzHqkC__1780768335,back,9AbxPbsyTh2rNTKjkh8k4rQhBXiiCyTXDUFhMJTzHqkC,1780163535,1780768336,1,True,8,1780704646,1780768335,3.37,False,r0b
back__5X47na4enfLQNDDSR98SV7uMVnoVZH8tEJ8jBbTY7wtQ__1780768335,back,5X47na4enfLQNDDSR98SV7uMVnoVZH8tEJ8jBbTY7wtQ,1780163535,1780768336,1,True,13,1780704652,1780768335,2.68,False,r0b
back__HhP9b26VX4YPCY3dRnc2NPgbgR8yMuevhepiKmoaw6qF__1780768335,back,HhP9b26VX4YPCY3dRnc2NPgbgR8yMuevhepiKmoaw6qF,1780163535,1780768336,5,False,500,1780633299,1780768335,30.09,False,r0b
back__GCQkB9bsMfcUU6oUZPLrLjpuHTxVhrHbpD6FUTgSGDCA__1780768335,back,GCQkB9bsMfcUU6oUZPLrLjpuHTxVhrHbpD6FUTgSGDCA,1780163535,1780768336,5,False,500,1780696168,1780768335,19.33,False,r0b
back__QnXMbmMsDbAihxbL16xJxZ2br92P8Ac1zHbQ1rZEzqG__1780768335,back,QnXMbmMsDbAihxbL16xJxZ2br92P8Ac1zHbQ1rZEzqG,1780163535,1780768336,5,False,500,1780656800,1780768335,21.33,False,r0b
back__GQVfg8d9npbcWRspEhw9EHwMpXUZRHQT4vWLMWanqY33__1780768335,back,GQVfg8d9npbcWRspEhw9EHwMpXUZRHQT4vWLMWanqY33,1780163535,1780768336,5,False,500,1780693356,1780768335,25.95,False,r0b
back__8kLKsGS5qfydG7pfFbJSRAdx8CBhaePSHTr1yFh44bZ9__1780768335,back,8kLKsGS5qfydG7pfFbJSRAdx8CBhaePSHTr1yFh44bZ9,1780163535,1780768336,5,False,500,1780640730,1780768335,24.39,False,r0b
back__37jGtMXeZitM8QZTJkfCThtxFSs3zkW2jyzUp6wwrUwz__1780768335,back,37jGtMXeZitM8QZTJkfCThtxFSs3zkW2jyzUp6wwrUwz,1780163535,1780768336,5,False,500,1780407632,1780768335,25.56,False,r0b
back__9vscCdVAMtui8hLeBcShXKDf3qRYnDcBMgHw4mUDx7vB__1780768335,back,9vscCdVAMtui8hLeBcShXKDf3qRYnDcBMgHw4mUDx7vB,1780163535,1780768336,5,False,500,1780519067,1780768335,25.9,False,r0b
back__64hP97Bwr5PubotcTeGgfhkFrGiLVVxT2kVo9M9b4AEz__1780768337,back,64hP97Bwr5PubotcTeGgfhkFrGiLVVxT2kVo9M9b4AEz,1780163537,1780768338,5,False,500,1780755198,1780768337,23.24,False,r0b
back__SF9TGdsfTPcA3ZVmPdPtYphgzRg6ZqUY4hnjPgjD1MW__1780768337,back,SF9TGdsfTPcA3ZVmPdPtYphgzRg6ZqUY4hnjPgjD1MW,1780163537,1780768338,5,False,500,1780697590,1780768337,22.45,False,r0b
back__5i8rFRKn3TEWHTPC9JH7B6QQSNRmBx5TgUGiub1kAbJA__1780768337,back,5i8rFRKn3TEWHTPC9JH7B6QQSNRmBx5TgUGiub1kAbJA,1780163537,1780768338,5,False,500,1780697593,1780768337,17.39,False,r0b
back__9ZhdiX72ZNsoia9Yg4rjnJzL1VSQvbMvCZEhVJQvNCau__1780768337,back,9ZhdiX72ZNsoia9Yg4rjnJzL1VSQvbMvCZEhVJQvNCau,1780163537,1780768338,5,True,476,1780164970,1780768337,17.6,False,r0b
back__3Xk2EuuSwKgniGNA4XkB33YY4mnEvcMnTLNpkKgGa14X__1780768337,back,3Xk2EuuSwKgniGNA4XkB33YY4mnEvcMnTLNpkKgGa14X,1780163537,1780768338,5,False,500,1780700631,1780768337,16.34,False,r0b
back__Fz5rq8psMbG9cD6fPfuwt8ccijnLA5RNF1Fs9EC5Ztfr__1780768337,back,Fz5rq8psMbG9cD6fPfuwt8ccijnLA5RNF1Fs9EC5Ztfr,1780163537,1780768338,1,True,78,1780670878,1780768337,3.48,False,r0b
back__Anubis512ho5t7S6LNSwoxUWdeQmX2kf3RvZ8ApHHF5w__1780768338,back,Anubis512ho5t7S6LNSwoxUWdeQmX2kf3RvZ8ApHHF5w,1780163538,1780768339,5,False,500,1780745772,1780768338,17.13,False,r0b
back__SQHK48QT8SY1vYN44iXji7wQ6CJek8AjfX6mBp47TZq__1780768338,back,SQHK48QT8SY1vYN44iXji7wQ6CJek8AjfX6mBp47TZq,1780163538,1780768339,5,False,500,1780740138,1780768338,14.61,False,r0b
back__B6rneBPNPGu5TyJ8nk6NSi7cVnThz75f66wZZ4PTvAZC__1780768338,back,B6rneBPNPGu5TyJ8nk6NSi7cVnThz75f66wZZ4PTvAZC,1780163538,1780768339,5,False,500,1780700771,1780768338,15.82,False,r0b
back__6bkddg9U2N1UGLug2jNR3XjuY9wVb3mHiAfSwbJYrRmb__1780768342,back,6bkddg9U2N1UGLug2jNR3XjuY9wVb3mHiAfSwbJYrRmb,1780163542,1780768343,1,True,44,1780197866,1780768342,2.95,False,r0b
back__8ShH3vbii5vbxXpDSt8Nu8fg2JBrAcygSL2kCeGD9PQK__1780768377,back,8ShH3vbii5vbxXpDSt8Nu8fg2JBrAcygSL2kCeGD9PQK,1780163577,1780768378,2,True,137,1780164763,1780768377,8.35,False,r0b
back__omegoMAe1AMY5MFKQQr3JwXVy8F4eCvmBAfcpo8XAfq__1780768398,back,omegoMAe1AMY5MFKQQr3JwXVy8F4eCvmBAfcpo8XAfq,1780163598,1780768399,5,False,500,1780758705,1780768398,15.27,False,r0b
back__HesCZFsE7KQWLuYHxVSbTNAom3VbuWKPZ64Jm2nyhJXw__1780768398,back,HesCZFsE7KQWLuYHxVSbTNAom3VbuWKPZ64Jm2nyhJXw,1780163598,1780768399,5,False,500,1780763976,1780768398,15.32,False,r0b
back__8NPT2po3MKaRrg6ZQmJKCRatVD35x953xFfrSLZyDL9A__1780768451,back,8NPT2po3MKaRrg6ZQmJKCRatVD35x953xFfrSLZyDL9A,1780163651,1780768452,3,True,201,1780277110,1780768451,8.25,False,r0b
back__AVTvjQCL9cAG1nqraPvbMg6XQVjFyg6DbaMafbSvnVCv__1780932902,back,AVTvjQCL9cAG1nqraPvbMg6XQVjFyg6DbaMafbSvnVCv,1780328102,1780932903,2,True,125,1780919019,1780932902,5.66,False,r0b
back__F5XxfVmgYQr1ETfz7vKJj7MjPhhUUcarJCn9s58yr5vt__1780932903,back,F5XxfVmgYQr1ETfz7vKJj7MjPhhUUcarJCn9s58yr5vt,1780328103,1780932904,5,True,448,1780393566,1780932903,24.31,False,r0b
back__7e1yXghkMVDq8wpHEbLFRDNBBBZp1CdupVRw1qrDyeNA__1780932903,back,7e1yXghkMVDq8wpHEbLFRDNBBBZp1CdupVRw1qrDyeNA,1780328103,1780932904,5,True,482,1780394767,1780932903,19.47,False,r0b
back__jzvZL7MFBbTu1FSragJa9DTDhYMkh4bdyY3ivJm2sdb__1780932903,back,jzvZL7MFBbTu1FSragJa9DTDhYMkh4bdyY3ivJm2sdb,1780328103,1780932904,5,True,478,1780393599,1780932903,1491.34,False,r0b
back__C6nyDYhzNdgdNzCwtzp7NhrNfBJqA1W8P6d3pULVsU9M__1780932905,back,C6nyDYhzNdgdNzCwtzp7NhrNfBJqA1W8P6d3pULVsU9M,1780328105,1780932906,5,False,500,1780777043,1780932905,1486.34,False,r0b
back__54xrJ798DGwH1UA2H35QtAzKT55t8pL8bjBs9Arz3eoP__1780932906,back,54xrJ798DGwH1UA2H35QtAzKT55t8pL8bjBs9Arz3eoP,1780328106,1780932907,5,False,500,1780846381,1780932906,1488.49,False,r0b
back__6FdL6U1nEvo79juZvofz4192qowxv4SW26sEhzTG3oGr__1780932906,back,6FdL6U1nEvo79juZvofz4192qowxv4SW26sEhzTG3oGr,1780328106,1780932907,5,False,500,1780836830,1780932906,1371.78,False,r0b
back__Bj2wSAX4aKb8eYJ4oEt1xzEW9jiQf65XtFBFLjCgZuFN__1780932906,back,Bj2wSAX4aKb8eYJ4oEt1xzEW9jiQf65XtFBFLjCgZuFN,1780328106,1780932907,5,False,500,1780848575,1780932906,1388.37,False,r0b
back__HMtdBNox2D83iyxwRHLh7bjh2TpgQaNGWcxy9Am6C9yu__1780932906,back,HMtdBNox2D83iyxwRHLh7bjh2TpgQaNGWcxy9Am6C9yu,1780328106,1780932907,5,False,500,1780848571,1780932906,1380.86,False,r0b
back__5u8miDtshpKpeta4jaN42pkoKdo9ak8HcbHx17L8Nta__1780932907,back,5u8miDtshpKpeta4jaN42pkoKdo9ak8HcbHx17L8Nta,1780328107,1780932908,5,False,500,1780521785,1780932907,28.23,False,r0b
back__CCCCQCrL6zVjnDeucDzcxJgxAs5ahNmrhw1CDexPhqrd__1780932907,back,CCCCQCrL6zVjnDeucDzcxJgxAs5ahNmrhw1CDexPhqrd,1780328107,1780932908,5,False,500,1780874456,1780932907,21.26,False,r0b
back__AbuGAb9M4AgXBchk42pJ3NSGgQKbiW6Lgc48BtMMKqkN__1780932907,back,AbuGAb9M4AgXBchk42pJ3NSGgQKbiW6Lgc48BtMMKqkN,1780328107,1780932908,5,False,500,1780907901,1780932907,24.65,False,r0b
back__Etrk5GiyQSJp2Jgu7A6GJqV7rwSc3PfgcYb2uDe8PTMJ__1780932907,back,Etrk5GiyQSJp2Jgu7A6GJqV7rwSc3PfgcYb2uDe8PTMJ,1780328107,1780932908,5,False,500,1780913603,1780932907,16.57,False,r0b
back__3USuyHQVNyppevSmNiamBy8eFcjDJKqLWcCuJ6zJMG5H__1780932907,back,3USuyHQVNyppevSmNiamBy8eFcjDJKqLWcCuJ6zJMG5H,1780328107,1780932908,5,False,500,1780875833,1780932907,17.63,False,r0b
back__CJF7MNqb9xv1XrTs5St1Du5JuQXLsfFBB137vmYRKpnb__1780932908,back,CJF7MNqb9xv1XrTs5St1Du5JuQXLsfFBB137vmYRKpnb,1780328108,1780932909,5,False,500,1780761828,1780932908,15.63,False,r0b
back__FtEhZX7CuxNwAEvrvt36oCrKUSVL6ZVVQXgSxe2VKwD7__1780932908,back,FtEhZX7CuxNwAEvrvt36oCrKUSVL6ZVVQXgSxe2VKwD7,1780328108,1780932909,5,False,500,1780428775,1780932908,14.78,False,r0b
back__A8L9o7RYGreuRLyo3VRrso3K4gVvCn9bJLZK9DhzaCru__1780932908,back,A8L9o7RYGreuRLyo3VRrso3K4gVvCn9bJLZK9DhzaCru,1780328108,1780932909,5,False,500,1780428828,1780932908,14.2,False,r0b
back__CXMiGLCizCEdiLLXyY9rh3e6zD5AFM44JAMPAtA8ayjB__1780932908,back,CXMiGLCizCEdiLLXyY9rh3e6zD5AFM44JAMPAtA8ayjB,1780328108,1780932909,5,False,500,1780498027,1780932908,11.98,False,r0b
back__5t4fzb85DYYXqHMXPjFUKBSxLQisSciu1eYLpRDUKkQB__1780932908,back,5t4fzb85DYYXqHMXPjFUKBSxLQisSciu1eYLpRDUKkQB,1780328108,1780932909,5,False,500,1780577726,1780932908,12.57,False,r0b
back__Fim76SuFeKhKaaJey2GTHCwzQm9kAqjFu6ts8dUz9Xtc__1780932908,back,Fim76SuFeKhKaaJey2GTHCwzQm9kAqjFu6ts8dUz9Xtc,1780328108,1780932909,5,False,500,1780892795,1780932908,13.48,False,r0b
back__ayaCRDLwYRqAvPnrpwnkUsxrqx4hniVaWAGHYG5DGBD__1780932908,back,ayaCRDLwYRqAvPnrpwnkUsxrqx4hniVaWAGHYG5DGBD,1780328108,1780932909,5,False,500,1780889368,1780932908,13.62,False,r0b
back__4Ki54j4tyzRLkagnvPWnbHTgz113KQdfDus7wCmpweqo__1780932908,back,4Ki54j4tyzRLkagnvPWnbHTgz113KQdfDus7wCmpweqo,1780328108,1780932909,5,False,500,1780809212,1780932908,13.35,False,r0b
back__FKDRgbVucZo9eyLkah2VwBuQDsijx5wBWrjnrtzcuoJ9__1780932909,back,FKDRgbVucZo9eyLkah2VwBuQDsijx5wBWrjnrtzcuoJ9,1780328109,1780932910,5,True,411,1780328436,1780932909,10.44,False,r0b
back__5BJs9GE2iU2GNauiPdBeQDmvjwaStZGKjsH1nKcHyQm7__1780932910,back,5BJs9GE2iU2GNauiPdBeQDmvjwaStZGKjsH1nKcHyQm7,1780328110,1780932911,5,False,500,1780776002,1780932910,13.67,False,r0b
back__3SG3Rd7WyEFrbMZ1L54W4razuoZNKtbTK3dWw8vmM65n__1780932912,back,3SG3Rd7WyEFrbMZ1L54W4razuoZNKtbTK3dWw8vmM65n,1780328112,1780932913,5,False,500,1780818010,1780932912,13.82,False,r0b
back__5MTFCNHteKNV7YBxSSkb7Bdp2pDy6wsEduC5dtDb7FAE__1780932912,back,5MTFCNHteKNV7YBxSSkb7Bdp2pDy6wsEduC5dtDb7FAE,1780328112,1780932913,5,False,500,1780865966,1780932912,16.8,False,r0b
back__G6ntHKDb3dTVyoVCBc3yjUCbaVvASqBpCFbu63kFf4Qz__1780932912,back,G6ntHKDb3dTVyoVCBc3yjUCbaVvASqBpCFbu63kFf4Qz,1780328112,1780932913,1,True,97,1780753228,1780932912,3.66,False,r0b
back__As7HjL7dzzvbRbaD3WCun47robib2kmAKRXMvjHkSMB5__1780932913,back,As7HjL7dzzvbRbaD3WCun47robib2kmAKRXMvjHkSMB5,1780328113,1780932914,5,False,500,1780479445,1780932913,15.71,False,r0b
back__5rfYBLwi3aNTb1gJAUucVzHwKBy5NFS6tuq6rMYV5mN__1780932913,back,5rfYBLwi3aNTb1gJAUucVzHwKBy5NFS6tuq6rMYV5mN,1780328113,1780932914,5,False,500,1780857427,1780932913,14.12,False,r0b
back__5vqSaurVoUqLvnMV5bHcwvQqiradHDQnKkmhjAKhHsru__1780932913,back,5vqSaurVoUqLvnMV5bHcwvQqiradHDQnKkmhjAKhHsru,1780328113,1780932914,5,False,500,1780602870,1780932913,13.86,False,r0b
back__5nwvMfqRdjmww5GYFt1vfHvZHc3RH6xKccn6K3aX6m6F__1780983992,back,5nwvMfqRdjmww5GYFt1vfHvZHc3RH6xKccn6K3aX6m6F,1780379192,1780983993,5,False,500,1780892234,1780983992,13.86,False,r0b
back__DUEvcuhzYNhCBvt17yWGSZfiqvpRwgnofWivxPCLrBqL__1780984041,back,DUEvcuhzYNhCBvt17yWGSZfiqvpRwgnofWivxPCLrBqL,1780379241,1780984042,1,True,4,1780773106,1780984041,1.24,False,r0b
back__BkrGrQJvr8N7nEnPcPzcP6zA1YLn4ZLyaZgeeTwEMUsB__1780984042,back,BkrGrQJvr8N7nEnPcPzcP6zA1YLn4ZLyaZgeeTwEMUsB,1780379242,1780984043,5,False,500,1780876775,1780984042,16.62,False,r0b
back__C1LZHR1aKijWLNvUHjEvuo2r3xWxd9ZmJvt1tRaiQ2Hv__1780984082,back,C1LZHR1aKijWLNvUHjEvuo2r3xWxd9ZmJvt1tRaiQ2Hv,1780379282,1780984083,1,True,12,1780545324,1780984082,2.73,False,r0b
back__BxexxMumUmnmbCPvt5asdXBcRzCdk5haWxU4H4fx7pPv__1780984083,back,BxexxMumUmnmbCPvt5asdXBcRzCdk5haWxU4H4fx7pPv,1780379283,1780984084,5,False,500,1780859130,1780984083,23.97,False,r0b
back__5QqrHw7sTETKFtDktNxfzjMSDne1B6zVuC2oCfLwU3q2__1780744453,back,5QqrHw7sTETKFtDktNxfzjMSDne1B6zVuC2oCfLwU3q2,1780139653,1780744454,5,False,500,1780482331,1780744453,30.48,False,r0b
back__8oG2ZR6BPDfXB3RsErnzsoXnbwLMQGQgb4pWPxQfx3RF__1780744453,back,8oG2ZR6BPDfXB3RsErnzsoXnbwLMQGQgb4pWPxQfx3RF,1780139653,1780744454,5,False,500,1780484953,1780744453,19.58,False,r0b
back__DGJX5Phf9drKA2pq7vcXxBEBZ2cE38bQuiQrA1byvdbC__1780744453,back,DGJX5Phf9drKA2pq7vcXxBEBZ2cE38bQuiQrA1byvdbC,1780139653,1780744454,5,False,500,1780688425,1780744453,17.03,False,r0b
back__9LYG75uzydYsFZFi219pdgzvxb4wECXoPHaZ7AtaBano__1780744458,back,9LYG75uzydYsFZFi219pdgzvxb4wECXoPHaZ7AtaBano,1780139658,1780744459,5,False,500,1780660336,1780744458,52.63,False,r0b
back__7b6UxPg3TKwQGN9JeFzRuRs93ushNxfF68KoWE4SwKfm__1780744458,back,7b6UxPg3TKwQGN9JeFzRuRs93ushNxfF68KoWE4SwKfm,1780139658,1780744459,5,False,500,1780664892,1780744458,43.75,False,r0b
back__GutDADvZ6r6nYLFjzUU5ErnRTCVoUqwGweyuYkvK2ZCf__1780744458,back,GutDADvZ6r6nYLFjzUU5ErnRTCVoUqwGweyuYkvK2ZCf,1780139658,1780744459,5,False,500,1780661862,1780744458,29.76,False,r0b
back__GAbUnSPZqEXvHqxkQRKWsBhi64668rtNodUtSzdtJYEk__1780744460,back,GAbUnSPZqEXvHqxkQRKWsBhi64668rtNodUtSzdtJYEk,1780139660,1780744461,5,False,500,1780414200,1780744460,30.32,False,r0b
back__E7yKKGxVCxPV5rAqBsWK8xppcNZxPj7nfWJLXvbWNJrV__1780744460,back,E7yKKGxVCxPV5rAqBsWK8xppcNZxPj7nfWJLXvbWNJrV,1780139660,1780744461,5,False,500,1780414972,1780744460,31.93,False,r0b
back__ayaCRDLwYRqAvPnrpwnkUsxrqx4hniVaWAGHYG5DGBD__1780744461,back,ayaCRDLwYRqAvPnrpwnkUsxrqx4hniVaWAGHYG5DGBD,1780139661,1780744462,5,False,500,1780691774,1780744461,23.91,False,r0b
back__65JCZiPG9TPVbcA6Se6VcsVbFVWbf5NDf2L731g7bMqQ__1780744462,back,65JCZiPG9TPVbcA6Se6VcsVbFVWbf5NDf2L731g7bMqQ,1780139662,1780744463,5,False,500,1780343886,1780744462,12.58,False,r0b
back__1K1fkRtrgRYLrPdtwY5x6DGWQxcxBSx4MU8mQoHrafN__1780744462,back,1K1fkRtrgRYLrPdtwY5x6DGWQxcxBSx4MU8mQoHrafN,1780139662,1780744463,5,False,500,1780395608,1780744462,12.45,False,r0b
back__HZDX7xyAqe8XFNr8KyzFSNutmfW5TFRFp9RKSfzdKz6f__1780744462,back,HZDX7xyAqe8XFNr8KyzFSNutmfW5TFRFp9RKSfzdKz6f,1780139662,1780744463,5,False,500,1780713870,1780744462,11.51,False,r0b
back__3SG3Rd7WyEFrbMZ1L54W4razuoZNKtbTK3dWw8vmM65n__1780744464,back,3SG3Rd7WyEFrbMZ1L54W4razuoZNKtbTK3dWw8vmM65n,1780139664,1780744465,5,False,500,1780606150,1780744464,11.09,False,r0b
back__8CuaVMpPXUKCxLgpfXbRvQy2HfAiYovWKC381kSBi9HS__1780744464,back,8CuaVMpPXUKCxLgpfXbRvQy2HfAiYovWKC381kSBi9HS,1780139664,1780744465,2,True,153,1780142164,1780744464,4.27,False,r0b
back__GptXqJdJaZx5yste84mzRkMeDwqEFJqvgep2Nv7qQsRC__1780744464,back,GptXqJdJaZx5yste84mzRkMeDwqEFJqvgep2Nv7qQsRC,1780139664,1780744465,1,True,75,1780561959,1780744464,2.3,False,r0b
back__5nRxxqfqRpkG5JhP7GdXVvac9Bff9CxNw3npBH26VpLW__1780744465,back,5nRxxqfqRpkG5JhP7GdXVvac9Bff9CxNw3npBH26VpLW,1780139665,1780744466,4,True,336,1780139682,1780744465,8.53,False,r0b
back__6HxCPEGbm2Ui2YNnLHSUcS1s8ui7kv98Lwk3VCHGy8nb__1780744465,back,6HxCPEGbm2Ui2YNnLHSUcS1s8ui7kv98Lwk3VCHGy8nb,1780139665,1780744466,5,False,500,1780628337,1780744465,12.54,False,r0b
back__BHiLrrDbJTuAJhixesma1Bi2E1Bz1xxfKq61KPeJxJmE__1780744467,back,BHiLrrDbJTuAJhixesma1Bi2E1Bz1xxfKq61KPeJxJmE,1780139667,1780744468,5,False,500,1780734395,1780744467,12.23,False,r0b
back__PMJA8UQDyWTFw2Smhyp9jGA6aTaP7jKHR7BPudrgyYN__1780744468,back,PMJA8UQDyWTFw2Smhyp9jGA6aTaP7jKHR7BPudrgyYN,1780139668,1780744469,5,False,500,1780668464,1780744468,12.58,False,r0b
back__2c4gLYy6RfY1nNrv1vH7Cnn5AAWVhTezSWTktZbJmtQo__1780744468,back,2c4gLYy6RfY1nNrv1vH7Cnn5AAWVhTezSWTktZbJmtQo,1780139668,1780744469,3,True,287,1780160718,1780744468,7.34,False,r0b
back__AX78YQBANLBtF2PT5ngHF5oBsH4tiZavCf9QAFaJSdYn__1780744468,back,AX78YQBANLBtF2PT5ngHF5oBsH4tiZavCf9QAFaJSdYn,1780139668,1780744469,3,True,286,1780160718,1780744468,7.29,False,r0b
back__A21mzL3L492pdKUj2jDpxTZwm7PsJsxoKwDzjFSdTmCi__1780744468,back,A21mzL3L492pdKUj2jDpxTZwm7PsJsxoKwDzjFSdTmCi,1780139668,1780744469,3,True,208,1780465254,1780744468,6.16,False,r0b
back__5rfYBLwi3aNTb1gJAUucVzHwKBy5NFS6tuq6rMYV5mN__1780744468,back,5rfYBLwi3aNTb1gJAUucVzHwKBy5NFS6tuq6rMYV5mN,1780139668,1780744469,5,False,500,1780635460,1780744468,11.79,False,r0b
back__9PGpTLxTUV3HZgDbLokaCkP1n8oKNcPKk8uqzxsTKWJj__1780744468,back,9PGpTLxTUV3HZgDbLokaCkP1n8oKNcPKk8uqzxsTKWJj,1780139668,1780744469,5,False,500,1780648565,1780744468,12.22,False,r0b
back__82SehyYts2WoVeE2fyerWKBGZm46GhpebWpkTiS549fV__1780744471,back,82SehyYts2WoVeE2fyerWKBGZm46GhpebWpkTiS549fV,1780139671,1780744472,4,True,355,1780151997,1780744471,9.35,False,r0b
back__DPQY5LqFvQ17iuLmJDt3KVUHcvd4kTh1vxGoZMXqBYk__1780744475,back,DPQY5LqFvQ17iuLmJDt3KVUHcvd4kTh1vxGoZMXqBYk,1780139675,1780744476,5,False,500,1780406216,1780744475,12.27,False,r0b
back__Ez2jYoXp45DZxr7JVhiqbDNirgBT37MErjZGxA8jZkTf__1780744476,back,Ez2jYoXp45DZxr7JVhiqbDNirgBT37MErjZGxA8jZkTf,1780139676,1780744477,5,False,500,1780719245,1780744476,12.31,False,r0b
back__EBCutETVvWaYJGzHZxJ8JASukSVkJg5NWckN4gpBCfrj__1780744478,back,EBCutETVvWaYJGzHZxJ8JASukSVkJg5NWckN4gpBCfrj,1780139678,1780744479,2,True,167,1780269841,1780744478,5.31,False,r0b
back__9sqByHmPXPEYssDXRTxJBXZnL8kucNP4Zki8EEryMBkJ__1780744478,back,9sqByHmPXPEYssDXRTxJBXZnL8kucNP4Zki8EEryMBkJ,1780139678,1780744479,5,False,500,1780331746,1780744478,11.76,False,r0b
back__Ei8zsKBRv5n48hfjqjbhgphFCfTAgLTr5eJE4SVJDGnn__1780744481,back,Ei8zsKBRv5n48hfjqjbhgphFCfTAgLTr5eJE4SVJDGnn,1780139681,1780744482,5,False,500,1780647773,1780744481,13.17,False,r0b
back__J4GfSB19oHA979jLMKe9p7uSs6h4ozyCrggnZ15RBLu__1780943012,back,J4GfSB19oHA979jLMKe9p7uSs6h4ozyCrggnZ15RBLu,1780338212,1780943013,5,False,500,1780932257,1780943012,12.23,False,r0b
back__Eo8ZQxX9pXoUmosc9MaJYMMSE8VPB6JK1M1fSrzdi6h5__1780943012,back,Eo8ZQxX9pXoUmosc9MaJYMMSE8VPB6JK1M1fSrzdi6h5,1780338212,1780943013,5,False,500,1780927404,1780943012,12.77,False,r0b
back__EWXcTvxwrrXkkQCL6dB4jEm7uCcHEU5YKCjouHJvxeva__1780943024,back,EWXcTvxwrrXkkQCL6dB4jEm7uCcHEU5YKCjouHJvxeva,1780338224,1780943025,1,True,92,1780344969,1780943024,2.62,False,r0b
back__5vzcieADpHjwZSbi6T1rTo78xgd3nKLnz8aDeBajH3xK__1780642691,back,5vzcieADpHjwZSbi6T1rTo78xgd3nKLnz8aDeBajH3xK,1780037891,1780642692,2,True,130,1780622789,1780642691,4.87,False,r0b
back__GyLJnK3dyq7F2dNPURh3pbpGrkkBrb4eEwUkG4dGV2F1__1780642699,back,GyLJnK3dyq7F2dNPURh3pbpGrkkBrb4eEwUkG4dGV2F1,1780037899,1780642700,4,True,375,1780037913,1780642699,9.12,False,r0b
back__459CAn1vKWk7EGDz2xhsuZ3yvsHPxD3NCDk1NVoYGaW3__1780642699,back,459CAn1vKWk7EGDz2xhsuZ3yvsHPxD3NCDk1NVoYGaW3,1780037899,1780642700,5,False,500,1780111724,1780642699,11.48,False,r0b
back__7ogrnhx98HnKeSMoDbRLQsLb8LfF4nHvM7NXmQ7TYaLp__1780642699,back,7ogrnhx98HnKeSMoDbRLQsLb8LfF4nHvM7NXmQ7TYaLp,1780037899,1780642700,5,True,459,1780037913,1780642699,11.91,False,r0b
back__2hCmu9yGtFXRgmfBGKX254U2mnpC3B1TkXMXx1WJa463__1780642699,back,2hCmu9yGtFXRgmfBGKX254U2mnpC3B1TkXMXx1WJa463,1780037899,1780642700,5,True,404,1780037913,1780642699,9.49,False,r0b
back__AzSgLYPLDMF5W1FfhB2SkC39LwiNAGy6sm2KC83qnQBq__1780642699,back,AzSgLYPLDMF5W1FfhB2SkC39LwiNAGy6sm2KC83qnQBq,1780037899,1780642700,4,True,355,1780037913,1780642699,8.86,False,r0b
back__7wZHVugCGaeGH1p4Wae6fTzYKTermkDV5kMQzqG37BuA__1780642699,back,7wZHVugCGaeGH1p4Wae6fTzYKTermkDV5kMQzqG37BuA,1780037899,1780642700,1,True,31,1780630296,1780642699,1.98,False,r0b
back__8WQwXBsukXebf74xrj4MmJPYBdirPAxejiPeyCN5bMWf__1780642700,back,8WQwXBsukXebf74xrj4MmJPYBdirPAxejiPeyCN5bMWf,1780037900,1780642701,5,False,500,1780299100,1780642700,12.38,False,r0b
back__HrAQmLDCvE5q3HdKULU9ZowxGSeNa5GLZmD4MWJzY2wa__1780642701,back,HrAQmLDCvE5q3HdKULU9ZowxGSeNa5GLZmD4MWJzY2wa,1780037901,1780642702,3,True,280,1780037913,1780642701,6.69,False,r0b
back__BPb8AkGxBHj6DkC4FGu95kbGbxKhunG2bdAyLvVxjppC__1780642701,back,BPb8AkGxBHj6DkC4FGu95kbGbxKhunG2bdAyLvVxjppC,1780037901,1780642702,5,True,436,1780037913,1780642701,10.91,False,r0b
back__HnPGo9ZNvfVoRoqd5T2tCGkuoQNtE6vKmLR3viyMCD7V__1780642701,back,HnPGo9ZNvfVoRoqd5T2tCGkuoQNtE6vKmLR3viyMCD7V,1780037901,1780642702,3,True,211,1780037913,1780642701,6.18,False,r0b
back__6ud7KC9oL224NWAfRFKPH7Rjw6P9JuXQ5HabnaEr9XCW__1780642701,back,6ud7KC9oL224NWAfRFKPH7Rjw6P9JuXQ5HabnaEr9XCW,1780037901,1780642702,4,True,307,1780037913,1780642701,8.12,False,r0b
back__8Gs9J1t595q7tgfFP4pfAJxLKudTNXuBSJeG2EyjERwp__1780642701,back,8Gs9J1t595q7tgfFP4pfAJxLKudTNXuBSJeG2EyjERwp,1780037901,1780642702,4,True,362,1780037913,1780642701,9.35,False,r0b
back__C8TaRv2K5BSe854b74xSUS92Lqjyv9Kks5W4Fb6VY3fe__1780642701,back,C8TaRv2K5BSe854b74xSUS92Lqjyv9Kks5W4Fb6VY3fe,1780037901,1780642702,5,True,455,1780037913,1780642701,12.12,False,r0b
back__CPQH8j4iSURtSAXohutVBrz6ETKCf7hqSgFQW85c2Ye3__1780642705,back,CPQH8j4iSURtSAXohutVBrz6ETKCf7hqSgFQW85c2Ye3,1780037905,1780642706,5,False,500,1780377365,1780642705,13.0,False,r0b
back__9TR1HBnfZQFkhic7egngdXBWt2rUpvTMYYaDG2uvJ7W2__1780642706,back,9TR1HBnfZQFkhic7egngdXBWt2rUpvTMYYaDG2uvJ7W2,1780037906,1780642707,2,True,190,1780037913,1780642706,5.19,False,r0b
back__21CNKQH5tYrsd1KNSeZgmJdoa6D4uf1swiW8WR6kbe8y__1780642706,back,21CNKQH5tYrsd1KNSeZgmJdoa6D4uf1swiW8WR6kbe8y,1780037906,1780642707,3,True,230,1780037913,1780642706,7.05,False,r0b
back__EA91nzXp5QWMVg5ZabnuxD3B2N9yDMNsZkavbAGAKv6F__1780642706,back,EA91nzXp5QWMVg5ZabnuxD3B2N9yDMNsZkavbAGAKv6F,1780037906,1780642707,3,True,208,1780037913,1780642706,6.52,False,r0b
back__GBsZjBmE99LnVVvJqMtEpGWgtDMoR2jmLW4rjQqMwAvS__1780642706,back,GBsZjBmE99LnVVvJqMtEpGWgtDMoR2jmLW4rjQqMwAvS,1780037906,1780642707,3,True,259,1780037913,1780642706,7.09,False,r0b
back__J6BPUx4r9F6whmW679NRaRoMiwoN3KySY1PCbZcEC7JE__1780642706,back,J6BPUx4r9F6whmW679NRaRoMiwoN3KySY1PCbZcEC7JE,1780037906,1780642707,3,True,211,1780037908,1780642706,6.57,False,r0b
back__EkpdJ1HVckTnkD8MZnkgX3yULQmQiB2qUMbvJYPDvgLg__1780642706,back,EkpdJ1HVckTnkD8MZnkgX3yULQmQiB2qUMbvJYPDvgLg,1780037906,1780642707,3,True,268,1780037913,1780642706,6.62,False,r0b
back__A7MgmrHLdN2bPMPytEVmqCkj6XeqRmqdm5fqwxYba3o1__1780642706,back,A7MgmrHLdN2bPMPytEVmqCkj6XeqRmqdm5fqwxYba3o1,1780037906,1780642707,5,True,402,1780037913,1780642706,9.54,False,r0b
back__6kD49gY4jGTFNuLjRqC8ygsgTJYmLLDALAnCDVB9SAbD__1780642706,back,6kD49gY4jGTFNuLjRqC8ygsgTJYmLLDALAnCDVB9SAbD,1780037906,1780642707,3,True,265,1780037913,1780642706,6.56,False,r0b
back__BtkEQ3XdPfymRUFJHA3MLy1n82FBHy2DEN6sQNnwNxiZ__1780642706,back,BtkEQ3XdPfymRUFJHA3MLy1n82FBHy2DEN6sQNnwNxiZ,1780037906,1780642707,4,True,317,1780038137,1780642706,8.74,False,r0b
back__C5ePCZpy6EaPGWu5ricgu8KmEh4dmRjJvS67g5Ck1jou__1780642706,back,C5ePCZpy6EaPGWu5ricgu8KmEh4dmRjJvS67g5Ck1jou,1780037906,1780642707,5,False,500,1780337764,1780642706,10.55,False,r0b
back__BKk2dWnvHt7Y45FKFLZ9ozqMYm3z3TVuWfWT5zXPXXfE__1780642707,back,BKk2dWnvHt7Y45FKFLZ9ozqMYm3z3TVuWfWT5zXPXXfE,1780037907,1780642708,1,True,67,1780635728,1780642707,1.98,False,r0b
back__FMdL2mr1qVgxata25DLtR1Um7zdfKRC2vV4oV9HPJcb__1780642708,back,FMdL2mr1qVgxata25DLtR1Um7zdfKRC2vV4oV9HPJcb,1780037908,1780642709,5,False,500,1780585152,1780642708,11.54,False,r0b
back__HcyoQMdUxkC5toUq9GwCmKULZojZwfxuBwpWMoq4C59Z__1780642710,back,HcyoQMdUxkC5toUq9GwCmKULZojZwfxuBwpWMoq4C59Z,1780037910,1780642711,1,True,56,1780354051,1780642710,2.26,False,r0b
back__8DthCH5LbpVoD6dPH4FFc1gqiazPHJmJntM1RCMDboqa__1780642711,back,8DthCH5LbpVoD6dPH4FFc1gqiazPHJmJntM1RCMDboqa,1780037911,1780642712,1,True,53,1780462704,1780642711,2.12,False,r0b
back__CYrpb8sHRPGWZnNFY5tughrcGPiew5P5Rceb7vQH8Y1U__1780642722,back,CYrpb8sHRPGWZnNFY5tughrcGPiew5P5Rceb7vQH8Y1U,1780037922,1780642723,5,False,500,1780414013,1780642722,11.47,False,r0b
back__C5EMTGGE87SqLyuvhShLDMj2jUBwqBLJAZF6ybK8Jyqw__1781406952,back,C5EMTGGE87SqLyuvhShLDMj2jUBwqBLJAZF6ybK8Jyqw,1780802152,1781406953,5,False,500,1781357726,1781406952,12.07,False,r0b
back__4ETYbb3EdPUghgu6W2rFE3MZhjvwkhXtRYuipHEiqgiR__1781406952,back,4ETYbb3EdPUghgu6W2rFE3MZhjvwkhXtRYuipHEiqgiR,1780802152,1781406953,5,False,500,1781370028,1781406952,11.2,False,r0b
back__DQApNebkK5wCmy92T5c4Z9NePWjP7dC4avpLMzuxadxR__1781406952,back,DQApNebkK5wCmy92T5c4Z9NePWjP7dC4avpLMzuxadxR,1780802152,1781406953,5,False,500,1781392144,1781406952,11.52,False,r0b
back__DkRbRQ4ZWwrhMt8DWpHH9kjEGgHyuv9dUihF7YsoyhQf__1781406952,back,DkRbRQ4ZWwrhMt8DWpHH9kjEGgHyuv9dUihF7YsoyhQf,1780802152,1781406953,5,False,500,1780859173,1781406952,12.29,False,r0b
back__9imZtERBx9UTyEFpqGRgsMesEcJBSDfs3uS6kdakTWHz__1781406952,back,9imZtERBx9UTyEFpqGRgsMesEcJBSDfs3uS6kdakTWHz,1780802152,1781406953,2,True,152,1780839328,1781406952,4.81,False,r0b
back__2Zfud6rXjmXwF4DdEmjNHPLpuBzr1Gb96YD6RtdZSYYh__1781406952,back,2Zfud6rXjmXwF4DdEmjNHPLpuBzr1Gb96YD6RtdZSYYh,1780802152,1781406953,5,False,500,1780864176,1781406952,12.23,False,r0b
back__FRbUNvGxYNC1eFngpn7AD3f14aKKTJVC6zSMtvj2dyCS__1781406952,back,FRbUNvGxYNC1eFngpn7AD3f14aKKTJVC6zSMtvj2dyCS,1780802152,1781406953,5,False,500,1781184348,1781406952,11.48,False,r0b
back__8Dxc7BCjHrf8cpCHKi5FcJoH9ewrbnAxgTqZsi1yLENF__1781406952,back,8Dxc7BCjHrf8cpCHKi5FcJoH9ewrbnAxgTqZsi1yLENF,1780802152,1781406953,5,False,500,1781236602,1781406952,11.17,False,r0b
back__24aq2Law69U7SZBAVCrAs9qn9NDexoVEFNr44u94WgJQ__1781406952,back,24aq2Law69U7SZBAVCrAs9qn9NDexoVEFNr44u94WgJQ,1780802152,1781406953,5,False,500,1781135758,1781406952,11.82,False,r0b
back__JSPpg9V6yZBBXzwShyihRD57fjJeBHwG3EL2nVRZYT9__1781406952,back,JSPpg9V6yZBBXzwShyihRD57fjJeBHwG3EL2nVRZYT9,1780802152,1781406953,5,False,500,1781116200,1781406952,11.3,False,r0b
back__4BKrTf5N5FSkAKYMg4H9oPu4ouPAV4SAQzdix33ex61X__1781406954,back,4BKrTf5N5FSkAKYMg4H9oPu4ouPAV4SAQzdix33ex61X,1780802154,1781406955,5,False,500,1781232562,1781406954,11.01,False,r0b
back__haqqiUUXB5gp7gDbSjpEkw3phAjQb25r86uXJsZQgWq__1781406955,back,haqqiUUXB5gp7gDbSjpEkw3phAjQb25r86uXJsZQgWq,1780802155,1781406956,5,False,500,1781402564,1781406955,12.35,False,r0b
back__5jwETdxxEphgo9Z4CQUsPskE1RVS6UFT28NQhowxfDz5__1781406956,back,5jwETdxxEphgo9Z4CQUsPskE1RVS6UFT28NQhowxfDz5,1780802156,1781406957,4,True,356,1780824473,1781406956,9.17,False,r0b
back__5m8cWETcro7ez3kiwXCBK6HL1sHfbVfkPuxyiWNrCLPF__1781406956,back,5m8cWETcro7ez3kiwXCBK6HL1sHfbVfkPuxyiWNrCLPF,1780802156,1781406957,4,True,363,1780824473,1781406956,10.18,False,r0b
back__SoLovip3GNnjFUbU5oT3uRpCgxtgcSQEkkC8uvScTPJ__1781406956,back,SoLovip3GNnjFUbU5oT3uRpCgxtgcSQEkkC8uvScTPJ,1780802156,1781406957,5,False,500,1781325255,1781406956,12.04,False,r0b
back__4fKV2bw91ibvvZYZ2vZQuDwqEjiT8JGYyUNhmefTjNqd__1781406956,back,4fKV2bw91ibvvZYZ2vZQuDwqEjiT8JGYyUNhmefTjNqd,1780802156,1781406957,5,False,500,1781325555,1781406956,12.72,False,r0b
back__FLxWS3pBv82zeHRgjoJVAfpQirfpp2Vn2WMbTwPRrX4v__1781406956,back,FLxWS3pBv82zeHRgjoJVAfpQirfpp2Vn2WMbTwPRrX4v,1780802156,1781406957,4,True,395,1781330874,1781406956,8.89,False,r0b
back__E5ccL2W43wJjxuNF3361vrHqpEveWQcLwnzpvyrPQHmo__1781406957,back,E5ccL2W43wJjxuNF3361vrHqpEveWQcLwnzpvyrPQHmo,1780802157,1781406958,4,True,361,1781333548,1781406957,8.79,False,r0b
back__ayaCRDLwYRqAvPnrpwnkUsxrqx4hniVaWAGHYG5DGBD__1781406957,back,ayaCRDLwYRqAvPnrpwnkUsxrqx4hniVaWAGHYG5DGBD,1780802157,1781406958,5,False,500,1781374444,1781406957,11.53,False,r0b
back__BNwVduQq1AH3ee5hnLQtbJmPyrBJHaS29b6VQt3pzvsR__1781406957,back,BNwVduQq1AH3ee5hnLQtbJmPyrBJHaS29b6VQt3pzvsR,1780802157,1781406958,5,False,500,1781364293,1781406957,12.05,False,r0b
back__5HsChPkobFXfABqQgf223a4sdsyYuWecUG2VJXfCxE3r__1781406957,back,5HsChPkobFXfABqQgf223a4sdsyYuWecUG2VJXfCxE3r,1780802157,1781406958,5,False,500,1781389253,1781406957,11.77,False,r0b
back__DtfERffmpdQGbdokL2vVynWnd71b6hZvQieqgntM6xZC__1781406957,back,DtfERffmpdQGbdokL2vVynWnd71b6hZvQieqgntM6xZC,1780802157,1781406958,5,False,500,1781146464,1781406957,11.35,False,r0b
back__Fkemk4DNp9ncsixH8gJqoysHu8mvG2A1TMVbGTMoYa9d__1781406957,back,Fkemk4DNp9ncsixH8gJqoysHu8mvG2A1TMVbGTMoYa9d,1780802157,1781406958,5,False,500,1781364925,1781406957,11.77,False,r0b
back__8GSDbEhMy3LbuLnqyb1ehQr1wwX3yiMN5pL98NnEM32a__1781406957,back,8GSDbEhMy3LbuLnqyb1ehQr1wwX3yiMN5pL98NnEM32a,1780802157,1781406958,5,False,500,1781334232,1781406957,11.48,False,r0b
back__D9vqMRd9hztjN9YGNzQHBUJvdcBLf33Tru2StJ3JnKM7__1781406957,back,D9vqMRd9hztjN9YGNzQHBUJvdcBLf33Tru2StJ3JnKM7,1780802157,1781406958,5,False,500,1781380660,1781406957,12.32,False,r0b
back__AfLmsne1c33VLEXHcqByD1tkmQNAot6xEJz1mpXF8oiZ__1781406957,back,AfLmsne1c33VLEXHcqByD1tkmQNAot6xEJz1mpXF8oiZ,1780802157,1781406958,5,False,500,1781379529,1781406957,12.68,False,r0b
back__9BaZhbv7CBA8PBsZ19FSsGWUZxF8LGox2dEcwxxWz2QE__1781406957,back,9BaZhbv7CBA8PBsZ19FSsGWUZxF8LGox2dEcwxxWz2QE,1780802157,1781406958,5,False,500,1781237583,1781406957,12.8,False,r0b
back__kqVRrMSfaWYS7b9Q4SnNq55b2W2VBPJUjZ2sQqppUvr__1781406957,back,kqVRrMSfaWYS7b9Q4SnNq55b2W2VBPJUjZ2sQqppUvr,1780802157,1781406958,5,False,500,1781159648,1781406957,13.01,False,r0b
back__4ZkhRDkykUEByfM653z29vsWXhJptL1aZ1YpoR4tQmfD__1781406957,back,4ZkhRDkykUEByfM653z29vsWXhJptL1aZ1YpoR4tQmfD,1780802157,1781406958,5,False,500,1781170638,1781406957,13.02,False,r0b
back__Ez2jYoXp45DZxr7JVhiqbDNirgBT37MErjZGxA8jZkTf__1781406957,back,Ez2jYoXp45DZxr7JVhiqbDNirgBT37MErjZGxA8jZkTf,1780802157,1781406958,5,False,500,1781394113,1781406957,11.69,False,r0b
back__2CQgjcdNEo7WtbQLpJTAVcC3Ga61pNvRDTgP5grzctFG__1780812906,back,2CQgjcdNEo7WtbQLpJTAVcC3Ga61pNvRDTgP5grzctFG,1780208106,1780812907,5,False,500,1780785403,1780812906,11.3,False,r0b
back__2mqrindMAjJEQPLhroYWyiYPo5h9iAsahfdd4QtsjwdY__1780812906,back,2mqrindMAjJEQPLhroYWyiYPo5h9iAsahfdd4QtsjwdY,1780208106,1780812907,5,False,500,1780707195,1780812906,11.55,False,r0b
back__9yzDcVC569tYadQqmuNPGNNa3ZmHA6AY7tdgWnSEvDbi__1780812906,back,9yzDcVC569tYadQqmuNPGNNa3ZmHA6AY7tdgWnSEvDbi,1780208106,1780812907,5,False,500,1780784223,1780812906,11.2,False,r0b
back__5wn1F7fgvoACk9Rca2uN2nHchh4G2uxj8jk7dMgPzfhX__1780812906,back,5wn1F7fgvoACk9Rca2uN2nHchh4G2uxj8jk7dMgPzfhX,1780208106,1780812907,5,False,500,1780662557,1780812906,11.04,False,r0b
back__33fsHPceAZf4dC8JdfbstfaW4Ays2bZUngFYhPStE1P8__1780812906,back,33fsHPceAZf4dC8JdfbstfaW4Ays2bZUngFYhPStE1P8,1780208106,1780812907,5,False,500,1780396115,1780812906,11.41,False,r0b
back__429fEKUVSB3KscQKxeQkWxgZEEhVzUGrjWXxudvQaquU__1780812909,back,429fEKUVSB3KscQKxeQkWxgZEEhVzUGrjWXxudvQaquU,1780208109,1780812910,3,True,272,1780223137,1780812909,6.32,False,r0b
back__Eqm4pdRd3kLSfie5mNHrVQgdaz3zLGVXmCT1qWsaaaJB__1780812909,back,Eqm4pdRd3kLSfie5mNHrVQgdaz3zLGVXmCT1qWsaaaJB,1780208109,1780812910,5,False,500,1780451096,1780812909,11.14,False,r0b
back__HQT2L7V9pkYocCUdTuYN73965FpJsnN2ZDjWhyMgK4x2__1780812909,back,HQT2L7V9pkYocCUdTuYN73965FpJsnN2ZDjWhyMgK4x2,1780208109,1780812910,5,False,500,1780451085,1780812909,11.14,False,r0b
back__3Sfme9Wt5S3NPzhc7xZpxwByn3EVYUXgkbHXi9im93An__1780812909,back,3Sfme9Wt5S3NPzhc7xZpxwByn3EVYUXgkbHXi9im93An,1780208109,1780812910,5,False,500,1780672038,1780812909,11.19,False,r0b
back__DTbMwEZ6xfouMAbog188p6FGAk2k9LzJgY3Rd4i5MBRX__1780812909,back,DTbMwEZ6xfouMAbog188p6FGAk2k9LzJgY3Rd4i5MBRX,1780208109,1780812910,5,False,500,1780429421,1780812909,12.06,False,r0b
back__nya666pQkP3PzWxi7JngU3rRMHuc7zbLK8c8wxQ4qpT__1780812909,back,nya666pQkP3PzWxi7JngU3rRMHuc7zbLK8c8wxQ4qpT,1780208109,1780812910,5,False,500,1780785684,1780812909,28.32,False,r0b
back__ayaCRDLwYRqAvPnrpwnkUsxrqx4hniVaWAGHYG5DGBD__1780812909,back,ayaCRDLwYRqAvPnrpwnkUsxrqx4hniVaWAGHYG5DGBD,1780208109,1780812910,5,False,500,1780763555,1780812909,10.3,False,r0b
back__DDDD2zvzaPMLuZiC2Vos2i6TLFjJJ3bi1pN7kXQc3R5R__1780812909,back,DDDD2zvzaPMLuZiC2Vos2i6TLFjJJ3bi1pN7kXQc3R5R,1780208109,1780812910,5,False,500,1780701235,1780812909,10.79,False,r0b
back__9VVkRTn3qVyRuBFWLa3cQFS7sNkzi2YwQWnJvPYWcaRy__1780812909,back,9VVkRTn3qVyRuBFWLa3cQFS7sNkzi2YwQWnJvPYWcaRy,1780208109,1780812910,5,False,500,1780721697,1780812909,11.76,False,r0b
back__DkpMvCWwdNZL5UScy1eKjMkQCsyeFjhMLG2WTtmE9zQ2__1780812909,back,DkpMvCWwdNZL5UScy1eKjMkQCsyeFjhMLG2WTtmE9zQ2,1780208109,1780812910,5,False,500,1780712404,1780812909,10.87,False,r0b
back__Anubis512ho5t7S6LNSwoxUWdeQmX2kf3RvZ8ApHHF5w__1780812909,back,Anubis512ho5t7S6LNSwoxUWdeQmX2kf3RvZ8ApHHF5w,1780208109,1780812910,5,False,500,1780780918,1780812909,10.63,False,r0b
back__GH4UA91nvnKjXQQzJB2zZGaSSbguY47n3LRjANTYHwB1__1780812909,back,GH4UA91nvnKjXQQzJB2zZGaSSbguY47n3LRjANTYHwB1,1780208109,1780812910,1,True,45,1780794649,1780812909,1.85,False,r0b
back__Ez2jYoXp45DZxr7JVhiqbDNirgBT37MErjZGxA8jZkTf__1780812909,back,Ez2jYoXp45DZxr7JVhiqbDNirgBT37MErjZGxA8jZkTf,1780208109,1780812910,5,False,500,1780788256,1780812909,11.13,False,r0b
back__DoeeeUoq1oZMLkZfvofqtL7hjPFcZNdPwQCA9rbRBYDp__1780812909,back,DoeeeUoq1oZMLkZfvofqtL7hjPFcZNdPwQCA9rbRBYDp,1780208109,1780812910,5,False,500,1780665936,1780812909,11.42,False,r0b
back__AmoTosp6DmCpdnbfi2vfewi6xiZVPnihBmg3ETcKMUnh__1780812909,back,AmoTosp6DmCpdnbfi2vfewi6xiZVPnihBmg3ETcKMUnh,1780208109,1780812910,5,False,500,1780677435,1780812909,11.29,False,r0b
back__Go5aSkHhNenbhYojHQsAyjKacgvnB4cUpLwdMikn3Nyx__1780812909,back,Go5aSkHhNenbhYojHQsAyjKacgvnB4cUpLwdMikn3Nyx,1780208109,1780812910,5,False,500,1780697895,1780812909,11.48,False,r0b
back__E8oha6AYKZhSjAMS6Ek8CkWkaNu34qfipidYf6uqruVe__1780812909,back,E8oha6AYKZhSjAMS6Ek8CkWkaNu34qfipidYf6uqruVe,1780208109,1780812910,5,False,500,1780699266,1780812909,11.07,False,r0b
back__FaVqTAXTfTdL5qHoZ99NAXZKU7PkuTfVkPfNLwzzA1fX__1780812909,back,FaVqTAXTfTdL5qHoZ99NAXZKU7PkuTfVkPfNLwzzA1fX,1780208109,1780812910,5,False,500,1780744315,1780812909,11.13,False,r0b
back__B6rneBPNPGu5TyJ8nk6NSi7cVnThz75f66wZZ4PTvAZC__1780812910,back,B6rneBPNPGu5TyJ8nk6NSi7cVnThz75f66wZZ4PTvAZC,1780208110,1780812911,5,False,500,1780761608,1780812910,11.61,False,r0b
back__5i8rFRKn3TEWHTPC9JH7B6QQSNRmBx5TgUGiub1kAbJA__1780812910,back,5i8rFRKn3TEWHTPC9JH7B6QQSNRmBx5TgUGiub1kAbJA,1780208110,1780812911,5,False,500,1780762351,1780812910,11.47,False,r0b
back__BBBByrLHua2oYFKviRze4N9n7ay7FcXqy2NzQXfXYEMm__1780812910,back,BBBByrLHua2oYFKviRze4N9n7ay7FcXqy2NzQXfXYEMm,1780208110,1780812911,5,False,500,1780682811,1780812910,11.1,False,r0b
back__FnkkNsPf6bZwrff49Pve5SWaTLTL5f34s2mR2Qur1Z1c__1780812910,back,FnkkNsPf6bZwrff49Pve5SWaTLTL5f34s2mR2Qur1Z1c,1780208110,1780812911,5,False,500,1780715123,1780812910,12.5,False,r0b
back__AfLmsne1c33VLEXHcqByD1tkmQNAot6xEJz1mpXF8oiZ__1780812910,back,AfLmsne1c33VLEXHcqByD1tkmQNAot6xEJz1mpXF8oiZ,1780208110,1780812911,5,False,500,1780703439,1780812910,10.84,False,r0b
back__D9vqMRd9hztjN9YGNzQHBUJvdcBLf33Tru2StJ3JnKM7__1780812910,back,D9vqMRd9hztjN9YGNzQHBUJvdcBLf33Tru2StJ3JnKM7,1780208110,1780812911,5,False,500,1780703240,1780812910,10.69,False,r0b
back__CCCCQCrL6zVjnDeucDzcxJgxAs5ahNmrhw1CDexPhqrd__1780812911,back,CCCCQCrL6zVjnDeucDzcxJgxAs5ahNmrhw1CDexPhqrd,1780208111,1780812912,5,False,500,1780755405,1780812911,10.67,False,r0b
back__2Z4ZEZ49TdfH9ZUpgnfRUrbVVCVEV6kjQm8xjuNTTcvv__1780293508,back,2Z4ZEZ49TdfH9ZUpgnfRUrbVVCVEV6kjQm8xjuNTTcvv,1779688708,1780293509,3,True,231,1779707031,1780293508,6.27,False,r0b
back__FgstcyQdrpkMY72NBFhsZDYE6V8N7jsBc7h2J4aAbdVg__1780293508,back,FgstcyQdrpkMY72NBFhsZDYE6V8N7jsBc7h2J4aAbdVg,1779688708,1780293509,3,True,229,1779707031,1780293508,6.4,False,r0b
back__HjwL6EYsn4pvWBARt6LqzLXUvLRUWxCkPQzfdniRxgg__1780293508,back,HjwL6EYsn4pvWBARt6LqzLXUvLRUWxCkPQzfdniRxgg,1779688708,1780293509,5,False,500,1780161716,1780293508,10.42,False,r0b
back__ARu4n5mFdZogZAravu7CcizaojWnS6oqka37gdLT5SZn__1780293569,back,ARu4n5mFdZogZAravu7CcizaojWnS6oqka37gdLT5SZn,1779688769,1780293570,5,False,500,1780293421,1780293569,12.96,False,r0b
back__6ep7hTj4L6oacjKG9axXZ2ipxv2QLDwgxwhREBbQ3Y9Z__1780293569,back,6ep7hTj4L6oacjKG9axXZ2ipxv2QLDwgxwhREBbQ3Y9Z,1779688769,1780293570,5,False,500,1780159435,1780293569,11.07,False,r0b
back__4VbhBYRH4QGhEY8zn2qa64xzwrFXwcip9Eq45HdrTbdQ__1780293570,back,4VbhBYRH4QGhEY8zn2qa64xzwrFXwcip9Eq45HdrTbdQ,1779688770,1780293571,5,False,500,1779848804,1780293570,10.76,False,r0b
back__6oDNfpaj8Yoed8TMdEw9RQ7EHamQqmLqThcxPeq1XsMp__1780293620,back,6oDNfpaj8Yoed8TMdEw9RQ7EHamQqmLqThcxPeq1XsMp,1779688820,1780293621,1,True,43,1780285628,1780293620,2.02,False,r0b
back__Acui6E1sikgH8493pQz7v8YCxBKD8dFwvSJtzp1iAa5B__1780293620,back,Acui6E1sikgH8493pQz7v8YCxBKD8dFwvSJtzp1iAa5B,1779688820,1780293621,5,False,500,1780255237,1780293620,11.06,False,r0b
back__BscHmWYnsknsSEvrHfh42zu7mZisF82KD3GZhEodZG24__1780293711,back,BscHmWYnsknsSEvrHfh42zu7mZisF82KD3GZhEodZG24,1779688911,1780293712,1,True,15,1779704594,1780293711,1.77,False,r0b
back__4TCofgeEnNfqANBXfQ82j6nqFfMHrfJ3ufU6ePB9tCRR__1780294665,back,4TCofgeEnNfqANBXfQ82j6nqFfMHrfJ3ufU6ePB9tCRR,1779689865,1780294666,1,True,41,1779700477,1780294665,1.96,False,r0b
back__Cu7AJiu9eEjBBxGHRh5yndV6AmD1myaCj2BepKwhzHbu__1780294665,back,Cu7AJiu9eEjBBxGHRh5yndV6AmD1myaCj2BepKwhzHbu,1779689865,1780294666,5,False,500,1780253542,1780294665,11.7,False,r0b
back__DeNwH63Xgj3a4bXXHw79BiL5iBUNBQVaRYeLHQTQxL7z__1780294665,back,DeNwH63Xgj3a4bXXHw79BiL5iBUNBQVaRYeLHQTQxL7z,1779689865,1780294666,5,False,500,1780277198,1780294665,10.83,False,r0b
back__66a3hS7o5mKvtPUmQkR4ApKfoaWHnKEBMmvNdPezxdfE__1780294665,back,66a3hS7o5mKvtPUmQkR4ApKfoaWHnKEBMmvNdPezxdfE,1779689865,1780294666,5,False,500,1780251382,1780294665,10.67,False,r0b
back__9q4p3rGdpaQ92YU7hGaT74ZKgP9hjy1rFVDdamzSfuox__1780294665,back,9q4p3rGdpaQ92YU7hGaT74ZKgP9hjy1rFVDdamzSfuox,1779689865,1780294666,5,False,500,1780184826,1780294665,11.27,False,r0b
back__EPr3GY1rpyhDFyH8pGH1CcZo8nCV5aWM1idMgpo2MoDk__1780294672,back,EPr3GY1rpyhDFyH8pGH1CcZo8nCV5aWM1idMgpo2MoDk,1779689872,1780294673,1,True,77,1779700484,1780294672,2.18,False,r0b
back__CwaQsnqUCj1XETZgPLHWGKY1VTPMsKpkSVoLon3TmTWq__1780295156,back,CwaQsnqUCj1XETZgPLHWGKY1VTPMsKpkSVoLon3TmTWq,1779690356,1780295157,4,True,314,1779692386,1780295156,8.14,False,r0b
back__7ePRoh8dY2KnuqruYkk9RAZsRVt4gwSwJzfrzieZF3ds__1781161538,back,7ePRoh8dY2KnuqruYkk9RAZsRVt4gwSwJzfrzieZF3ds,1780556738,1781161539,2,True,100,1780559207,1781161538,3.21,False,r0b
back__7mFitDFEuQG5Qb3Zr7ysNYvXLU1gMEDn7pRTcBqrbreu__1781161538,back,7mFitDFEuQG5Qb3Zr7ysNYvXLU1gMEDn7pRTcBqrbreu,1780556738,1781161539,1,True,59,1780559207,1781161538,1.77,False,r0b
back__4kDGcQ333uNeXz4XMrKvicHzf2BLfNXhxwovfNGWq4Vd__1781161538,back,4kDGcQ333uNeXz4XMrKvicHzf2BLfNXhxwovfNGWq4Vd,1780556738,1781161539,2,True,141,1780559207,1781161538,3.95,False,r0b
back__FH2Ky5bFy5FDGQHNkeD8qk5CcpxDy2D5xz333MZaF1zp__1781161538,back,FH2Ky5bFy5FDGQHNkeD8qk5CcpxDy2D5xz333MZaF1zp,1780556738,1781161539,1,True,24,1780891957,1781161538,1.72,False,r0b
back__2pxoezQsJpu5pHQ8JyyeHyDsoPXpY3p6XiA1ZypMRqzD__1781161538,back,2pxoezQsJpu5pHQ8JyyeHyDsoPXpY3p6XiA1ZypMRqzD,1780556738,1781161539,2,True,106,1780559207,1781161538,3.07,False,r0b
back__CKTCnpbya5MiR8hK53KB9nUVvb278mBC16hYxuFqaN9T__1781161538,back,CKTCnpbya5MiR8hK53KB9nUVvb278mBC16hYxuFqaN9T,1780556738,1781161539,2,True,105,1780559207,1781161538,3.49,False,r0b
back__2CQgjcdNEo7WtbQLpJTAVcC3Ga61pNvRDTgP5grzctFG__1781161538,back,2CQgjcdNEo7WtbQLpJTAVcC3Ga61pNvRDTgP5grzctFG,1780556738,1781161539,5,False,500,1781145956,1781161538,14.09,False,r0b
back__Ewp2zpQcQ8B91Ftj7Yap778TpJHRe8VCL8xix2PnxHNc__1781161539,back,Ewp2zpQcQ8B91Ftj7Yap778TpJHRe8VCL8xix2PnxHNc,1780556739,1781161540,5,True,452,1780905265,1781161539,13.9,False,r0b
back__7z6pcVMTeFSAc8NGhNm7HcwY1f8jG5GhTwNktkjRAGE__1781161539,back,7z6pcVMTeFSAc8NGhNm7HcwY1f8jG5GhTwNktkjRAGE,1780556739,1781161540,5,False,500,1780878345,1781161539,13.64,False,r0b
back__GRevWsvJCmmZ6cF6GdAkpKNW6TCLm5MBKyBc3XtUeMmB__1781161539,back,GRevWsvJCmmZ6cF6GdAkpKNW6TCLm5MBKyBc3XtUeMmB,1780556739,1781161540,5,False,500,1781108475,1781161539,13.63,False,r0b
back__FDKdqQc5YfCNM3Y1VFwrc7NjY3SjKvn4dnyJv363yarJ__1781161539,back,FDKdqQc5YfCNM3Y1VFwrc7NjY3SjKvn4dnyJv363yarJ,1780556739,1781161540,5,False,500,1781120561,1781161539,13.64,False,r0b
back__25aWdwLbzNKusjseG6YsGN4K9pkAxKJrcLv1GwSBY82N__1781161539,back,25aWdwLbzNKusjseG6YsGN4K9pkAxKJrcLv1GwSBY82N,1780556739,1781161540,3,True,203,1780915837,1781161539,8.09,False,r0b
back__ABpETFUwM6G7dF8mzA1FpXiv9AmR8Y7k6vSeUUvJYkfG__1781161539,back,ABpETFUwM6G7dF8mzA1FpXiv9AmR8Y7k6vSeUUvJYkfG,1780556739,1781161540,4,True,363,1780556808,1781161539,8.93,False,r0b
back__4hhKeQmuawaXstij8ZqKJekY2LBKp6VbtThC4Vrzi5if__1781161539,back,4hhKeQmuawaXstij8ZqKJekY2LBKp6VbtThC4Vrzi5if,1780556739,1781161540,1,True,11,1781142516,1781161539,1.45,False,r0b
back__33dRNZXnexing9zjk7N4UNWjS1Q7BoYbZEz4LjMyH2Bn__1781161539,back,33dRNZXnexing9zjk7N4UNWjS1Q7BoYbZEz4LjMyH2Bn,1780556739,1781161540,5,False,500,1780628730,1781161539,11.12,False,r0b
back__GwUsqW9bc1nFDNFWTPhAs9dJpyPCZexJ3AbXxqe2otJ7__1781161539,back,GwUsqW9bc1nFDNFWTPhAs9dJpyPCZexJ3AbXxqe2otJ7,1780556739,1781161540,1,True,65,1781113197,1781161539,2.17,False,r0b
back__CrLg9TGpQrYP8WpRGZasGTARQyKcFmGcGEc8RN4qrste__1781161539,back,CrLg9TGpQrYP8WpRGZasGTARQyKcFmGcGEc8RN4qrste,1780556739,1781161540,1,True,18,1781137698,1781161539,1.49,False,r0b
back__Hi5MV1jhEKgrBYXbv5hdCNwUpgdxMZCs5WWwZmeiqAj7__1781161540,back,Hi5MV1jhEKgrBYXbv5hdCNwUpgdxMZCs5WWwZmeiqAj7,1780556740,1781161541,5,False,500,1781083279,1781161540,10.69,False,r0b
back__DBHkgFz9kcvCJcbMaoWRsd8ERNXgbZgcjENcLy92EMh2__1781161540,back,DBHkgFz9kcvCJcbMaoWRsd8ERNXgbZgcjENcLy92EMh2,1780556740,1781161541,3,True,265,1780562157,1781161540,6.96,False,r0b
back__2jkNhQTHNPxdzQ7yXtyUtafSsqvv6teAGkEBs68Lw3Qs__1781161540,back,2jkNhQTHNPxdzQ7yXtyUtafSsqvv6teAGkEBs68Lw3Qs,1780556740,1781161541,5,False,500,1781061507,1781161540,9.91,False,r0b
back__Cy78cfePXDG2CtPb2M81DeeGPwRBt6MXHFNYcmKKR9CU__1781161540,back,Cy78cfePXDG2CtPb2M81DeeGPwRBt6MXHFNYcmKKR9CU,1780556740,1781161541,5,False,500,1780959080,1781161540,10.76,False,r0b
back__2pUFfVdpx1i1pEPHJJWqHpJuM3u7eQrPDbQfyYfC98Th__1781161540,back,2pUFfVdpx1i1pEPHJJWqHpJuM3u7eQrPDbQfyYfC98Th,1780556740,1781161541,3,True,286,1780716692,1781161540,6.45,False,r0b
back__7fT5BtCwC8wkTi59T6mzrno49quLUjfHcvWvXfNgJoTK__1781161540,back,7fT5BtCwC8wkTi59T6mzrno49quLUjfHcvWvXfNgJoTK,1780556740,1781161541,5,True,427,1780581640,1781161540,11.2,False,r0b
back__4fTbqjnQmRM1awkTpefPeUeci93ceDdSimzs9SQqMy9d__1781161540,back,4fTbqjnQmRM1awkTpefPeUeci93ceDdSimzs9SQqMy9d,1780556740,1781161541,5,False,500,1781088140,1781161540,11.68,False,r0b
back__97V26zCSXhBRSGsnfK4dTai8sd34UHQkA3G7jS9MG9BC__1781161540,back,97V26zCSXhBRSGsnfK4dTai8sd34UHQkA3G7jS9MG9BC,1780556740,1781161541,5,False,500,1781094430,1781161540,12.0,False,r0b
back__8ZSBWsVodQTfoUeduc783dJoMFTUxJJqcoreqHWsTchb__1781161541,back,8ZSBWsVodQTfoUeduc783dJoMFTUxJJqcoreqHWsTchb,1780556741,1781161542,5,False,500,1781107573,1781161541,11.04,False,r0b
back__GJGzHR2CeXt7CgHZYwrceHAHmXahcqYSEJ4xwG5Jgnzx__1781161541,back,GJGzHR2CeXt7CgHZYwrceHAHmXahcqYSEJ4xwG5Jgnzx,1780556741,1781161542,5,False,500,1781076960,1781161541,10.98,False,r0b
back__CCCCQCrL6zVjnDeucDzcxJgxAs5ahNmrhw1CDexPhqrd__1781161541,back,CCCCQCrL6zVjnDeucDzcxJgxAs5ahNmrhw1CDexPhqrd,1780556741,1781161542,5,False,500,1781093011,1781161541,11.29,False,r0b
back__AbuGAb9M4AgXBchk42pJ3NSGgQKbiW6Lgc48BtMMKqkN__1781161541,back,AbuGAb9M4AgXBchk42pJ3NSGgQKbiW6Lgc48BtMMKqkN,1780556741,1781161542,5,False,500,1781105173,1781161541,10.99,False,r0b
back__FzVCscsaGByfD7duNzMyyuv6VV6AcN9t7pVADE9urGTz__1781161541,back,FzVCscsaGByfD7duNzMyyuv6VV6AcN9t7pVADE9urGTz,1780556741,1781161542,5,False,500,1780992685,1781161541,12.37,False,r0b
back__2CQgjcdNEo7WtbQLpJTAVcC3Ga61pNvRDTgP5grzctFG__1780624940,back,2CQgjcdNEo7WtbQLpJTAVcC3Ga61pNvRDTgP5grzctFG,1780020140,1780624941,5,False,500,1780612056,1780624940,11.11,False,r0b
back__6VbKd8GKyHBgC82r9xNpVeQbFAqpCHW4gn7zLt8y9ebQ__1780624940,back,6VbKd8GKyHBgC82r9xNpVeQbFAqpCHW4gn7zLt8y9ebQ,1780020140,1780624941,3,True,269,1780461512,1780624940,6.66,False,r0b
back__BBobbtG5pipw1rpxAMgdMoUmjrnt3xM2dDbVJHGfFviF__1780624942,back,BBobbtG5pipw1rpxAMgdMoUmjrnt3xM2dDbVJHGfFviF,1780020142,1780624943,5,False,500,1780167010,1780624942,11.94,False,r0b
back__Hi5MV1jhEKgrBYXbv5hdCNwUpgdxMZCs5WWwZmeiqAj7__1780624943,back,Hi5MV1jhEKgrBYXbv5hdCNwUpgdxMZCs5WWwZmeiqAj7,1780020143,1780624944,5,False,500,1780490410,1780624943,11.42,False,r0b
back__HDUApJgLvgydExUht2MpEwfGmB1z8ifBHm2HjRF2d7Ce__1780624943,back,HDUApJgLvgydExUht2MpEwfGmB1z8ifBHm2HjRF2d7Ce,1780020143,1780624944,5,False,500,1780608671,1780624943,11.88,False,r0b
back__FVJCYoL5NStXtgyKCRRU6K6whVHaEJC5cicAc3dARVRB__1780624943,back,FVJCYoL5NStXtgyKCRRU6K6whVHaEJC5cicAc3dARVRB,1780020143,1780624944,5,False,500,1780321738,1780624943,12.1,False,r0b
back__FUYgHqHtgYzxFP4rFTjpKM7YBnLeDu4MFt8m4aEmKNKH__1780624943,back,FUYgHqHtgYzxFP4rFTjpKM7YBnLeDu4MFt8m4aEmKNKH,1780020143,1780624944,5,False,500,1780602171,1780624943,12.96,False,r0b
back__3eYFkXukzeFxnV5VJ9UgqGjSghC8bYoGUCTE4YuaGpr4__1780624944,back,3eYFkXukzeFxnV5VJ9UgqGjSghC8bYoGUCTE4YuaGpr4,1780020144,1780624945,5,False,500,1780557078,1780624944,12.82,False,r0b
back__97Eudi1zZ8YN75o1icHX2CQ2FpmQXVJWSgupzMvRwkHW__1780624944,back,97Eudi1zZ8YN75o1icHX2CQ2FpmQXVJWSgupzMvRwkHW,1780020144,1780624945,5,False,500,1780541159,1780624944,12.65,False,r0b
back__F9BXgJK5H9QjbPYfyDXq7rG67eo4xNWK5gjMyrh5htXY__1780624944,back,F9BXgJK5H9QjbPYfyDXq7rG67eo4xNWK5gjMyrh5htXY,1780020144,1780624945,5,False,500,1780541304,1780624944,12.53,False,r0b
back__2jkNhQTHNPxdzQ7yXtyUtafSsqvv6teAGkEBs68Lw3Qs__1780624944,back,2jkNhQTHNPxdzQ7yXtyUtafSsqvv6teAGkEBs68Lw3Qs,1780020144,1780624945,5,False,500,1780597018,1780624944,11.38,False,r0b
back__2ccgxuZv5NEngCwWqj6zjwxHWVc8RDwXgMUfUnmpTYHQ__1780624944,back,2ccgxuZv5NEngCwWqj6zjwxHWVc8RDwXgMUfUnmpTYHQ,1780020144,1780624945,5,False,500,1780559209,1780624944,11.96,False,r0b
back__Cy78cfePXDG2CtPb2M81DeeGPwRBt6MXHFNYcmKKR9CU__1780624944,back,Cy78cfePXDG2CtPb2M81DeeGPwRBt6MXHFNYcmKKR9CU,1780020144,1780624945,5,False,500,1780485890,1780624944,10.93,False,r0b
back__CmHmEyUgTTWWeETRq2wm3k1dzV6phBKmxHp4uh5jdd9U__1780624944,back,CmHmEyUgTTWWeETRq2wm3k1dzV6phBKmxHp4uh5jdd9U,1780020144,1780624945,5,False,500,1780514944,1780624944,11.13,False,r0b
back__F1WYv89YB2T5ENvVjq5NA8aCFmPJj4uThoXUerDrbSnJ__1780624945,back,F1WYv89YB2T5ENvVjq5NA8aCFmPJj4uThoXUerDrbSnJ,1780020145,1780624946,5,False,500,1780592040,1780624945,10.95,False,r0b
back__8gQGv878ydpjjLqWL9Z3mUeKifQzwEe7uaJxwzniNrAW__1780624945,back,8gQGv878ydpjjLqWL9Z3mUeKifQzwEe7uaJxwzniNrAW,1780020145,1780624946,5,False,500,1780578710,1780624945,10.7,False,r0b
back__B1noB7cAikcp8iR95yAhtWyc7q8jnzUv5L2u9AS9vPRD__1780624945,back,B1noB7cAikcp8iR95yAhtWyc7q8jnzUv5L2u9AS9vPRD,1780020145,1780624946,5,False,500,1780509434,1780624945,11.31,False,r0b
back__AamsxzZQrHoxhXRtVu1w1uZuhGrEmwDMHdtJyMNa2iaz__1780624945,back,AamsxzZQrHoxhXRtVu1w1uZuhGrEmwDMHdtJyMNa2iaz,1780020145,1780624946,1,True,42,1780051875,1780624945,1.81,False,r0b
back__BNwVduQq1AH3ee5hnLQtbJmPyrBJHaS29b6VQt3pzvsR__1780624945,back,BNwVduQq1AH3ee5hnLQtbJmPyrBJHaS29b6VQt3pzvsR,1780020145,1780624946,5,False,500,1780499612,1780624945,11.9,False,r0b
back__8cKTsKRe8TN5QrQJE1pjzU3Ry6iFKF3ua1yf4BBHAv9g__1780624945,back,8cKTsKRe8TN5QrQJE1pjzU3Ry6iFKF3ua1yf4BBHAv9g,1780020145,1780624946,2,True,165,1780613153,1780624945,3.86,False,r0b
back__E35uoEGT6mR2ae94KNuSfk4X86y7bcNeomDNV4T7GaFs__1780624945,back,E35uoEGT6mR2ae94KNuSfk4X86y7bcNeomDNV4T7GaFs,1780020145,1780624946,5,False,500,1780491352,1780624945,12.07,False,r0b
back__3USuyHQVNyppevSmNiamBy8eFcjDJKqLWcCuJ6zJMG5H__1780624945,back,3USuyHQVNyppevSmNiamBy8eFcjDJKqLWcCuJ6zJMG5H,1780020145,1780624946,5,False,500,1780570451,1780624945,12.13,False,r0b
back__C5ePCZpy6EaPGWu5ricgu8KmEh4dmRjJvS67g5Ck1jou__1780624945,back,C5ePCZpy6EaPGWu5ricgu8KmEh4dmRjJvS67g5Ck1jou,1780020145,1780624946,5,False,500,1780325271,1780624945,11.45,False,r0b
back__4wwyjDYbzcgNJnNzzBGQbQE7RmwvbdJ8FXJwhXV2AkU9__1780624946,back,4wwyjDYbzcgNJnNzzBGQbQE7RmwvbdJ8FXJwhXV2AkU9,1780020146,1780624947,5,False,500,1780498924,1780624946,11.61,False,r0b
back__nya666pQkP3PzWxi7JngU3rRMHuc7zbLK8c8wxQ4qpT__1780624946,back,nya666pQkP3PzWxi7JngU3rRMHuc7zbLK8c8wxQ4qpT,1780020146,1780624947,5,False,500,1780607062,1780624946,12.01,False,r0b
back__SoLovip3GNnjFUbU5oT3uRpCgxtgcSQEkkC8uvScTPJ__1780624946,back,SoLovip3GNnjFUbU5oT3uRpCgxtgcSQEkkC8uvScTPJ,1780020146,1780624947,2,True,152,1780619321,1780624946,4.65,False,r0b
back__696969Y6orZEjp4gZtwcCZS7TNVuhMVE6G5mFvdJ4mYq__1780624946,back,696969Y6orZEjp4gZtwcCZS7TNVuhMVE6G5mFvdJ4mYq,1780020146,1780624947,5,False,500,1780544829,1780624946,12.32,False,r0b
back__9A7um9R3So5a9ZgiE8H4DmrcSPhLeA18u1VbsUUKjS5A__1780624946,back,9A7um9R3So5a9ZgiE8H4DmrcSPhLeA18u1VbsUUKjS5A,1780020146,1780624947,5,False,500,1780534463,1780624946,11.54,False,r0b
back__61ohufUkdgu8sxxP3Rj4zTMfN9qrNwg97SBzHNETng32__1780624946,back,61ohufUkdgu8sxxP3Rj4zTMfN9qrNwg97SBzHNETng32,1780020146,1780624947,5,False,500,1780196232,1780624946,10.7,False,r0b
back__E3MjAnpkj83hAdFrgTq7biRFgmFLM326WShDCHBycJPY__1780624946,back,E3MjAnpkj83hAdFrgTq7biRFgmFLM326WShDCHBycJPY,1780020146,1780624947,5,False,500,1780197635,1780624946,11.19,False,r0b
back__2RMG6hs6doSw5gszB9AQ7nmt5PcbTv7xyHzZoA8Vobfb__1781118280,back,2RMG6hs6doSw5gszB9AQ7nmt5PcbTv7xyHzZoA8Vobfb,1780513480,1781118281,1,True,8,1781074215,1781118280,1.37,False,r0b
back__CZi592uLmiYivGRuzzV5nBeRReGALAP1dZx85zURBgj8__1781118280,back,CZi592uLmiYivGRuzzV5nBeRReGALAP1dZx85zURBgj8,1780513480,1781118281,1,True,7,1781074247,1781118280,1.32,False,r0b
back__GQyfiAUpmc77vpkXnRrd8jhDuahwh1GUWYzWhCGZhtK7__1781118280,back,GQyfiAUpmc77vpkXnRrd8jhDuahwh1GUWYzWhCGZhtK7,1780513480,1781118281,1,True,5,1781075703,1781118280,1.7,False,r0b
back__HjRunvFZkoZwKnfP3eAY1UAZrADeJKW4LALRpoyENQsv__1781118280,back,HjRunvFZkoZwKnfP3eAY1UAZrADeJKW4LALRpoyENQsv,1780513480,1781118281,1,True,6,1781075680,1781118280,1.57,False,r0b
back__ALWfFH9K7p8rqMGNgK7GK3Bx8qxtVFGghd1tgfSrqpBx__1781118280,back,ALWfFH9K7p8rqMGNgK7GK3Bx8qxtVFGghd1tgfSrqpBx,1780513480,1781118281,1,True,6,1781077113,1781118280,1.31,False,r0b
back__8iKUziJzUnhP8R2RXufuQNkzimhhead7i7nNaAAaLiYg__1781118280,back,8iKUziJzUnhP8R2RXufuQNkzimhhead7i7nNaAAaLiYg,1780513480,1781118281,1,True,6,1781077145,1781118280,1.36,False,r0b
back__EQWf45Jf6JKAyZRzferofTDvmY7nwXkAZC6nWwL6cn6C__1781118280,back,EQWf45Jf6JKAyZRzferofTDvmY7nwXkAZC6nWwL6cn6C,1780513480,1781118281,1,True,6,1781077176,1781118280,1.35,False,r0b
back__7DxFkqiJfHat3LFKaE66QtBwLS5yFS5rmUruQiE4U1rQ__1781118280,back,7DxFkqiJfHat3LFKaE66QtBwLS5yFS5rmUruQiE4U1rQ,1780513480,1781118281,1,True,6,1781077207,1781118280,1.29,False,r0b
back__G2TSP56D6uTTkR2NjRkTNbBVWXbdYE5jA2DJH7En1Qao__1781118280,back,G2TSP56D6uTTkR2NjRkTNbBVWXbdYE5jA2DJH7En1Qao,1780513480,1781118281,1,True,6,1781077235,1781118280,1.44,False,r0b
back__9yzDcVC569tYadQqmuNPGNNa3ZmHA6AY7tdgWnSEvDbi__1781118280,back,9yzDcVC569tYadQqmuNPGNNa3ZmHA6AY7tdgWnSEvDbi,1780513480,1781118281,5,False,500,1781094264,1781118280,11.84,False,r0b
back__F6Fj8S517enoWj586ykV7cR7sX1PjZyPTPneYwtb5XZL__1781118281,back,F6Fj8S517enoWj586ykV7cR7sX1PjZyPTPneYwtb5XZL,1780513481,1781118282,4,True,330,1780961183,1781118281,9.19,False,r0b
back__8KNiaxtctVSzZcMdBTkiwTBbGb2eAYoiSjky9ArFByon__1781118283,back,8KNiaxtctVSzZcMdBTkiwTBbGb2eAYoiSjky9ArFByon,1780513483,1781118284,4,True,399,1780525964,1781118283,10.21,False,r0b
back__DLzcyP6fQj4F4W4bRnarCkgLfYL9hGh5aBG4fiX21xhA__1781118288,back,DLzcyP6fQj4F4W4bRnarCkgLfYL9hGh5aBG4fiX21xhA,1780513488,1781118289,1,True,56,1780542896,1781118288,1.83,False,r0b
back__EneyAe9nZS2R6r8j1PKrCdksnxBJSq4FJs8eaWdUSWJK__1781118288,back,EneyAe9nZS2R6r8j1PKrCdksnxBJSq4FJs8eaWdUSWJK,1780513488,1781118289,1,True,83,1780519761,1781118288,2.44,False,r0b
back__7ciZHB9e1UH7TDvPUHnKqKHAgPFwAzmHuEqXVHTTwPbb__1781118288,back,7ciZHB9e1UH7TDvPUHnKqKHAgPFwAzmHuEqXVHTTwPbb,1780513488,1781118289,1,True,64,1780542896,1781118288,2.14,False,r0b
back__Er6FsyKiutaEXYHp9XuBAm7jRnuvJxAGMz95ce127FWh__1781118288,back,Er6FsyKiutaEXYHp9XuBAm7jRnuvJxAGMz95ce127FWh,1780513488,1781118289,1,True,13,1781113898,1781118288,1.38,False,r0b
back__Hn9B5qcoHAQZg6YsjT6twgugzw1YTNF9qahC1n7UKBao__1781118288,back,Hn9B5qcoHAQZg6YsjT6twgugzw1YTNF9qahC1n7UKBao,1780513488,1781118289,5,False,500,1781103213,1781118288,14.05,False,r0b
back__NULLioEUhd89Jo5Acm9sX88bwjNjrsAVy6KWkXD7qZh__1781118288,back,NULLioEUhd89Jo5Acm9sX88bwjNjrsAVy6KWkXD7qZh,1780513488,1781118289,5,False,500,1781110273,1781118288,15.38,False,r0b
back__oq3AohbPANdSxfvh9Cq7WZehByNeUCdu29zcsYzsLya__1781118288,back,oq3AohbPANdSxfvh9Cq7WZehByNeUCdu29zcsYzsLya,1780513488,1781118289,5,False,500,1780884430,1781118288,13.28,False,r0b
back__DiQMtArRMo7KxdxYfqLGKzZB4g3XaXY4Bts2w13nEP2c__1781118288,back,DiQMtArRMo7KxdxYfqLGKzZB4g3XaXY4Bts2w13nEP2c,1780513488,1781118289,5,False,500,1781051391,1781118288,18.46,False,r0b
back__EMYtKhpk1DwJP4NPeNzw6WZ33VaxJD4PHWp2orXFMYNs__1781118373,back,EMYtKhpk1DwJP4NPeNzw6WZ33VaxJD4PHWp2orXFMYNs,1780513573,1781118374,1,True,2,1781046659,1781118373,1.41,False,r0b
back__BTvHQN9K4MVdbDbP2h4UajytxjUpeztBKrLh6LxdN9pP__1781118401,back,BTvHQN9K4MVdbDbP2h4UajytxjUpeztBKrLh6LxdN9pP,1780513601,1781118402,1,True,2,1781046687,1781118401,1.37,False,r0b
back__D5fHHoNEXyN9HLBvK6TuueUPTFnU2FLM2CnMtN2sjxqx__1781118414,back,D5fHHoNEXyN9HLBvK6TuueUPTFnU2FLM2CnMtN2sjxqx,1780513614,1781118415,5,False,500,1780829781,1781118414,17.28,False,r0b
back__FkPuwHtMxWwqbjozUJqpCydZtXjiaHr5X7d1FqUQYimN__1781118423,back,FkPuwHtMxWwqbjozUJqpCydZtXjiaHr5X7d1FqUQYimN,1780513623,1781118424,1,True,2,1781046740,1781118423,1.08,False,r0b
back__DNmD8Rj9upfysHsSMnqj3hp59nJRDLo4ezH19Mr8m6zM__1781118468,back,DNmD8Rj9upfysHsSMnqj3hp59nJRDLo4ezH19Mr8m6zM,1780513668,1781118469,1,True,2,1781046776,1781118468,1.18,False,r0b
back__4MM3LVLKCJJvRrmvQbFsm7oWmRwmiucC1VkL9SBWtoLc__1781118485,back,4MM3LVLKCJJvRrmvQbFsm7oWmRwmiucC1VkL9SBWtoLc,1780513685,1781118486,1,True,2,1781046857,1781118485,1.54,False,r0b
back__FuaqiiKWhnsBWxH9mFKfWNmigJYuJMw4ms5d2chbH33g__1781118504,back,FuaqiiKWhnsBWxH9mFKfWNmigJYuJMw4ms5d2chbH33g,1780513704,1781118505,1,True,2,1781046875,1781118504,1.32,False,r0b
back__5ZG6pEU61Ndwp7ZiQXH713NEFdLp6x14hepHkc1fty8m__1781118520,back,5ZG6pEU61Ndwp7ZiQXH713NEFdLp6x14hepHkc1fty8m,1780513720,1781118521,1,True,60,1780514581,1781118520,4.11,False,r0b
back__A38VF6XuZLitvCyruyvmDt8unV7BxKp6yrGMCTPySAxP__1781118523,back,A38VF6XuZLitvCyruyvmDt8unV7BxKp6yrGMCTPySAxP,1780513723,1781118524,1,True,2,1781046898,1781118523,1.35,False,r0b
back__2nibsWXP93nTFxw77u7nkcdKTA3nh28sKaLPY6mkF275__1781118534,back,2nibsWXP93nTFxw77u7nkcdKTA3nh28sKaLPY6mkF275,1780513734,1781118535,1,True,4,1781075593,1781118534,3.89,False,r0b
back__2mqrindMAjJEQPLhroYWyiYPo5h9iAsahfdd4QtsjwdY__1781038997,back,2mqrindMAjJEQPLhroYWyiYPo5h9iAsahfdd4QtsjwdY,1780434197,1781038998,5,False,500,1780950468,1781038997,15.23,False,r0b
back__5brv79eFZ2rGprXNvqgVJBkBptkkw8GJX1XydJyZLyAr__1781038997,back,5brv79eFZ2rGprXNvqgVJBkBptkkw8GJX1XydJyZLyAr,1780434197,1781038998,5,False,500,1780978695,1781038997,16.09,False,r0b
back__911pbYD5xrpWuQh1M5i6PGrMuAMH3N38Gig9pWbvx1VG__1781038997,back,911pbYD5xrpWuQh1M5i6PGrMuAMH3N38Gig9pWbvx1VG,1780434197,1781038998,5,True,452,1780434739,1781038997,15.03,False,r0b
back__sdf6cSvVHLR7ZaAxdpiiT92rjRnnTbGCNDVzZkVohx2__1781038997,back,sdf6cSvVHLR7ZaAxdpiiT92rjRnnTbGCNDVzZkVohx2,1780434197,1781038998,5,False,500,1780872963,1781038997,15.27,False,r0b
back__FtTWnrFen7fPCLj3KYVYnfJpthjpeye1hyaQRSJFt8pU__1781038997,back,FtTWnrFen7fPCLj3KYVYnfJpthjpeye1hyaQRSJFt8pU,1780434197,1781038998,4,True,318,1780444456,1781038997,11.74,False,r0b
back__4EQpdsiQYnoLuSYnqhmZfectShcxVgG8T9CWvjedjVtJ__1781038997,back,4EQpdsiQYnoLuSYnqhmZfectShcxVgG8T9CWvjedjVtJ,1780434197,1781038998,5,False,500,1780740348,1781038997,14.86,False,r0b
back__F52mb7KiBd7cjPT2ZEwDqqbiQcRuBDB9bMLnMFd2Vqww__1781038997,back,F52mb7KiBd7cjPT2ZEwDqqbiQcRuBDB9bMLnMFd2Vqww,1780434197,1781038998,5,False,500,1780602324,1781038997,13.8,False,r0b
back__EwxYvoG192w8QCKRWmkfFHmhUGFZpARAyAkLFeTpH2uz__1781038997,back,EwxYvoG192w8QCKRWmkfFHmhUGFZpARAyAkLFeTpH2uz,1780434197,1781038998,2,True,170,1780700458,1781038997,5.07,False,r0b
back__G9hX58aiqBVTZqvWSgBRv44kr5WKLyuRGKaiSE4LMUwP__1781038997,back,G9hX58aiqBVTZqvWSgBRv44kr5WKLyuRGKaiSE4LMUwP,1780434197,1781038998,5,False,500,1780509963,1781038997,12.9,False,r0b
back__4fTbqjnQmRM1awkTpefPeUeci93ceDdSimzs9SQqMy9d__1781038997,back,4fTbqjnQmRM1awkTpefPeUeci93ceDdSimzs9SQqMy9d,1780434197,1781038998,5,False,500,1780956335,1781038997,11.9,False,r0b
back__GLWWdYWFZ4S7xBqCRLGaFQsJmbUkbTzmLiYosKDQmqzQ__1781038998,back,GLWWdYWFZ4S7xBqCRLGaFQsJmbUkbTzmLiYosKDQmqzQ,1780434198,1781038999,2,True,136,1780435993,1781038998,4.68,False,r0b
back__831yhv67QpKqLBJjbmw2xoDUeeFHGUx8RnuRj9imeoEs__1781038998,back,831yhv67QpKqLBJjbmw2xoDUeeFHGUx8RnuRj9imeoEs,1780434198,1781038999,5,False,500,1780444081,1781038998,13.54,False,r0b
back__ZcjuUBMTb8GYPZQfqqSeLF7VQN2ktjsxT2dSXNzLwjV__1781038998,back,ZcjuUBMTb8GYPZQfqqSeLF7VQN2ktjsxT2dSXNzLwjV,1780434198,1781038999,2,True,132,1780435993,1781038998,4.99,False,r0b
back__78rvjxVQPXnZakdGqWSFW8xxMD9yjkxdGm8oD1VTRn6o__1781038998,back,78rvjxVQPXnZakdGqWSFW8xxMD9yjkxdGm8oD1VTRn6o,1780434198,1781038999,2,True,134,1780435993,1781038998,4.72,False,r0b
back__57stAMFvwctAjkBS76RXGoK4QKyS1QoxbGMbzFFe4DyZ__1781038998,back,57stAMFvwctAjkBS76RXGoK4QKyS1QoxbGMbzFFe4DyZ,1780434198,1781038999,5,False,500,1780988365,1781038998,14.42,False,r0b
back__5jH3dZBvnQ1oCs1aFdrJaDvnHZFDGCYJdMWWboWC4756__1781038998,back,5jH3dZBvnQ1oCs1aFdrJaDvnHZFDGCYJdMWWboWC4756,1780434198,1781038999,2,True,119,1780434391,1781038998,4.85,False,r0b
back__JC3pZstqyF74NUcAQJEPLkgAwfiqhg96FmHwtcCfq4qT__1781038998,back,JC3pZstqyF74NUcAQJEPLkgAwfiqhg96FmHwtcCfq4qT,1780434198,1781038999,5,False,500,1780661008,1781038998,15.62,False,r0b
back__8JoEC6Gq7E2cUwrnBTasAKBXMUTADDiwC2nVUVJTktV4__1781038998,back,8JoEC6Gq7E2cUwrnBTasAKBXMUTADDiwC2nVUVJTktV4,1780434198,1781038999,2,True,101,1780576379,1781038998,4.29,False,r0b
back__HYz9UwGwAbpMqKvPwBCyqWszYz6kCNDZQxYZ7Xq4XgJb__1781038998,back,HYz9UwGwAbpMqKvPwBCyqWszYz6kCNDZQxYZ7Xq4XgJb,1780434198,1781038999,5,False,500,1780785907,1781038998,14.41,False,r0b
back__dqASRkQ4yYzYtNQVvB7fsuWXoTYZbXfZHnwZfRw3puB__1781038998,back,dqASRkQ4yYzYtNQVvB7fsuWXoTYZbXfZHnwZfRw3puB,1780434198,1781038999,1,True,20,1780674414,1781038998,2.38,False,r0b
back__Ez2jYoXp45DZxr7JVhiqbDNirgBT37MErjZGxA8jZkTf__1781038998,back,Ez2jYoXp45DZxr7JVhiqbDNirgBT37MErjZGxA8jZkTf,1780434198,1781038999,5,False,500,1781029718,1781038998,12.89,False,r0b
back__nya666pQkP3PzWxi7JngU3rRMHuc7zbLK8c8wxQ4qpT__1781038999,back,nya666pQkP3PzWxi7JngU3rRMHuc7zbLK8c8wxQ4qpT,1780434199,1781039000,5,False,500,1781025487,1781038999,13.55,False,r0b
back__Anubis512ho5t7S6LNSwoxUWdeQmX2kf3RvZ8ApHHF5w__1781039000,back,Anubis512ho5t7S6LNSwoxUWdeQmX2kf3RvZ8ApHHF5w,1780434200,1781039001,5,False,500,1781025595,1781039000,12.29,False,r0b
back__Go5aSkHhNenbhYojHQsAyjKacgvnB4cUpLwdMikn3Nyx__1781039000,back,Go5aSkHhNenbhYojHQsAyjKacgvnB4cUpLwdMikn3Nyx,1780434200,1781039001,5,False,500,1780933330,1781039000,12.6,False,r0b
back__ayaCRDLwYRqAvPnrpwnkUsxrqx4hniVaWAGHYG5DGBD__1781039000,back,ayaCRDLwYRqAvPnrpwnkUsxrqx4hniVaWAGHYG5DGBD,1780434200,1781039001,5,False,500,1780990531,1781039000,11.82,False,r0b
back__Ff1mzBYTvoRbEjFjUdzZXkb4SbDSZBwGSzHQf8EQYioL__1781039000,back,Ff1mzBYTvoRbEjFjUdzZXkb4SbDSZBwGSzHQf8EQYioL,1780434200,1781039001,4,True,382,1780434204,1781039000,9.2,False,r0b
back__3K95DX2TLQkibB98AaegFPa7ojy51HKidreKkrN9Rg2d__1781039000,back,3K95DX2TLQkibB98AaegFPa7ojy51HKidreKkrN9Rg2d,1780434200,1781039001,5,False,500,1781021638,1781039000,12.15,False,r0b
back__EWezPmUW8bnt95KujfaCHi7fdCeyNgnJXKg1BmN5c7mo__1781039000,back,EWezPmUW8bnt95KujfaCHi7fdCeyNgnJXKg1BmN5c7mo,1780434200,1781039001,5,False,500,1780992351,1781039000,12.22,False,r0b
back__HDUApJgLvgydExUht2MpEwfGmB1z8ifBHm2HjRF2d7Ce__1781039000,back,HDUApJgLvgydExUht2MpEwfGmB1z8ifBHm2HjRF2d7Ce,1780434200,1781039001,5,False,500,1781020446,1781039000,12.7,False,r0b
back__8NVkytV1CtoNBXGFtwXwh4KQdbgVcA6hFmym1gMuRHru__1781039000,back,8NVkytV1CtoNBXGFtwXwh4KQdbgVcA6hFmym1gMuRHru,1780434200,1781039001,5,False,500,1780772833,1781039000,12.8,False,r0b
back__24ATE6AQw7G3GHJJtWJCk3GofPjdNysqeQj46KgVRosU__1780632371,back,24ATE6AQw7G3GHJJtWJCk3GofPjdNysqeQj46KgVRosU,1780027571,1780632372,2,True,186,1780033658,1780632371,4.52,False,r0b
back__S2XVoysKgsZ8ZPaUApxMCdYMjW2SFt8MjLCPwghb5VT__1780632371,back,S2XVoysKgsZ8ZPaUApxMCdYMjW2SFt8MjLCPwghb5VT,1780027571,1780632372,2,True,171,1780033658,1780632371,4.72,False,r0b
back__5XjVpF6CTwvESRoxm72oBmL1b4XaTXRDbrjgGQCMvtR6__1780632372,back,5XjVpF6CTwvESRoxm72oBmL1b4XaTXRDbrjgGQCMvtR6,1780027572,1780632373,3,True,278,1780028008,1780632372,7.39,False,r0b
back__DNio5ketGczp2dsB3jJCm3XNsRETaAM87q3YVMPA5F9z__1780632374,back,DNio5ketGczp2dsB3jJCm3XNsRETaAM87q3YVMPA5F9z,1780027574,1780632375,5,False,500,1780469290,1780632374,15.02,False,r0b
back__E8B7Edi7khrojzqFgW4iJJ2Lii2jvv9B9kivkwpPfHeq__1780632374,back,E8B7Edi7khrojzqFgW4iJJ2Lii2jvv9B9kivkwpPfHeq,1780027574,1780632375,5,False,500,1780466643,1780632374,15.14,False,r0b
back__BtHnhjh8Ta2vGZkrL76AmXMur1ADo3tpRo2kQMe2BCSU__1780632374,back,BtHnhjh8Ta2vGZkrL76AmXMur1ADo3tpRo2kQMe2BCSU,1780027574,1780632375,5,False,500,1780467065,1780632374,13.76,False,r0b
back__ExYpoMJEbJpYvTQ2MRtH8bXEUBRv81kjWfbVNftDwYRn__1780632375,back,ExYpoMJEbJpYvTQ2MRtH8bXEUBRv81kjWfbVNftDwYRn,1780027575,1780632376,2,True,121,1780363081,1780632375,4.4,False,r0b
back__Ngvg4vRwY141ZhFci1NzSQ4Tq8cu7YMLE6Wk72kmRRh__1780632376,back,Ngvg4vRwY141ZhFci1NzSQ4Tq8cu7YMLE6Wk72kmRRh,1780027576,1780632377,2,True,148,1780047668,1780632376,6.86,False,r0b
back__8nAZ585L6XxwQbvYu3q3629w8fBDDuyaHGbdS7FPqWBr__1780632376,back,8nAZ585L6XxwQbvYu3q3629w8fBDDuyaHGbdS7FPqWBr,1780027576,1780632377,2,True,151,1780047668,1780632376,6.73,False,r0b
back__J9xpqQcrhiAWw6YSiJixwfn4nmczHE19iKWxDCEDm66a__1780632376,back,J9xpqQcrhiAWw6YSiJixwfn4nmczHE19iKWxDCEDm66a,1780027576,1780632377,2,True,145,1780047668,1780632376,6.71,False,r0b
back__6g68oTA7dC55QEemSsjYwKeREK2JNTF7JHnC2GvCDyWZ__1780632376,back,6g68oTA7dC55QEemSsjYwKeREK2JNTF7JHnC2GvCDyWZ,1780027576,1780632377,5,False,500,1780542035,1780632376,12.9,False,r0b
back__9A7um9R3So5a9ZgiE8H4DmrcSPhLeA18u1VbsUUKjS5A__1780632377,back,9A7um9R3So5a9ZgiE8H4DmrcSPhLeA18u1VbsUUKjS5A,1780027577,1780632378,5,False,500,1780546792,1780632377,14.06,False,r0b
back__5cKktmrVEsLXnwL8TwQUQYqGMKhwPhsH8vXZAU2xchcv__1780632377,back,5cKktmrVEsLXnwL8TwQUQYqGMKhwPhsH8vXZAU2xchcv,1780027577,1780632378,5,False,500,1780263677,1780632377,12.58,False,r0b
back__ADkquSiH1zS6LmGoJxzwE6x44gpE6S3KWLALqNc3sTDs__1780632377,back,ADkquSiH1zS6LmGoJxzwE6x44gpE6S3KWLALqNc3sTDs,1780027577,1780632378,5,False,500,1780564603,1780632377,12.01,False,r0b
back__3jvM9vL8SAh1xVbXPkbd5uLiA5VaFN1VBMgb7ManU6vM__1780632377,back,3jvM9vL8SAh1xVbXPkbd5uLiA5VaFN1VBMgb7ManU6vM,1780027577,1780632378,5,False,500,1780570630,1780632377,12.26,False,r0b
back__2h6WT2yEMhpdLQRRX5tm58bEt174sbNZq7tMqzVtm3PW__1780632378,back,2h6WT2yEMhpdLQRRX5tm58bEt174sbNZq7tMqzVtm3PW,1780027578,1780632379,5,False,500,1780283350,1780632378,12.64,False,r0b
back__DZAa55HwXgv5hStwaTEJGXZz1DhHejvpb7Yr762urXam__1780632378,back,DZAa55HwXgv5hStwaTEJGXZz1DhHejvpb7Yr762urXam,1780027578,1780632379,5,False,500,1780296765,1780632378,12.13,False,r0b
back__9z82BivZty6EgP8osXeAzXmkYiLqWgka2XqSPBUd8Q5e__1780632378,back,9z82BivZty6EgP8osXeAzXmkYiLqWgka2XqSPBUd8Q5e,1780027578,1780632379,5,False,500,1780405616,1780632378,13.41,False,r0b
back__Bc5WebLpr1wuhJZk43jga2zxUiB5njsLubzRCGJeAmLb__1780632379,back,Bc5WebLpr1wuhJZk43jga2zxUiB5njsLubzRCGJeAmLb,1780027579,1780632380,1,True,77,1780069158,1780632379,2.17,False,r0b
back__HHhAG9sZ2XttuQwXS3z7TxsKnwThHMM61hSeHttEFM2L__1780632379,back,HHhAG9sZ2XttuQwXS3z7TxsKnwThHMM61hSeHttEFM2L,1780027579,1780632380,4,True,331,1780142600,1780632379,10.52,False,r0b
back__B7ZnJZLqzfntamcPLQrQAMGjCvb5x28jHjnX6r2rzGE__1780632381,back,B7ZnJZLqzfntamcPLQrQAMGjCvb5x28jHjnX6r2rzGE,1780027581,1780632382,5,True,438,1780046819,1780632381,13.44,False,r0b
back__25ntXCWLv1Ni9KYmXwLwAt3tuGppoeK15PjdKf8mUXNg__1780632381,back,25ntXCWLv1Ni9KYmXwLwAt3tuGppoeK15PjdKf8mUXNg,1780027581,1780632382,1,True,95,1780564637,1780632381,2.45,False,r0b
back__4yAnGuemj9evfWTwmUvNaXQT7Y4kb6YKPc1GPpFZUf7S__1780632382,back,4yAnGuemj9evfWTwmUvNaXQT7Y4kb6YKPc1GPpFZUf7S,1780027582,1780632383,3,True,238,1780043625,1780632382,7.5,False,r0b
back__4JkdRWg74pKQSU64PA7xBqtBb6efBkf7ZZJsnuokCCYB__1780632383,back,4JkdRWg74pKQSU64PA7xBqtBb6efBkf7ZZJsnuokCCYB,1780027583,1780632384,1,True,50,1780356079,1780632383,2.04,False,r0b
back__8PonJoXG67TwpxhyhhGcR4GjsnM1q8MwXhiMj2ukiNDU__1780632385,back,8PonJoXG67TwpxhyhhGcR4GjsnM1q8MwXhiMj2ukiNDU,1780027585,1780632386,5,False,500,1780607113,1780632385,14.59,False,r0b
back__BZRFYAg3e2DjAkCWjALn4Ebu5oC8PgSDenJJwm2HC93__1780632385,back,BZRFYAg3e2DjAkCWjALn4Ebu5oC8PgSDenJJwm2HC93,1780027585,1780632386,5,False,500,1780607510,1780632385,16.71,False,r0b
back__xet8XfnoXS7TvRdJpZBNkQQcKMTADsBRb1eqBTpAWhn__1780632385,back,xet8XfnoXS7TvRdJpZBNkQQcKMTADsBRb1eqBTpAWhn,1780027585,1780632386,5,False,500,1780037523,1780632385,14.65,False,r0b
back__2wrRvukmGuqbJ4aVeygYqxxMGYwiARizE6WZNpN1UeNU__1780632385,back,2wrRvukmGuqbJ4aVeygYqxxMGYwiARizE6WZNpN1UeNU,1780027585,1780632386,5,False,500,1780553749,1780632385,14.27,False,r0b
back__AnvVWuF5Dps532ARNhkgaqh1HKvV93qxkKeMsRpTUPce__1780632385,back,AnvVWuF5Dps532ARNhkgaqh1HKvV93qxkKeMsRpTUPce,1780027585,1780632386,5,False,500,1780552940,1780632385,14.11,False,r0b
back__jnSkoNw3anwkz9TUcNjDuSZqxLNoQKkWBerxRe2Wqdr__1780632386,back,jnSkoNw3anwkz9TUcNjDuSZqxLNoQKkWBerxRe2Wqdr,1780027586,1780632387,2,True,130,1780290422,1780632386,5.27,False,r0b
back__xYz3NuixcGrHDD6HnRWFwABMzqojaTktoM6qzaRrshv__1780810062,back,xYz3NuixcGrHDD6HnRWFwABMzqojaTktoM6qzaRrshv,1780205262,1780810063,5,False,500,1780758613,1780810062,13.57,False,r0b
back__Hn9B5qcoHAQZg6YsjT6twgugzw1YTNF9qahC1n7UKBao__1780810062,back,Hn9B5qcoHAQZg6YsjT6twgugzw1YTNF9qahC1n7UKBao,1780205262,1780810063,5,False,500,1780777777,1780810062,13.84,False,r0b
back__ARu4n5mFdZogZAravu7CcizaojWnS6oqka37gdLT5SZn__1780810781,back,ARu4n5mFdZogZAravu7CcizaojWnS6oqka37gdLT5SZn,1780205981,1780810782,5,False,500,1780810614,1780810781,13.81,False,r0b
back__D1hS4zJXnoxpCWA6fwEBxPASvDmW9ALf3gNFyMTdoB5n__1780810781,back,D1hS4zJXnoxpCWA6fwEBxPASvDmW9ALf3gNFyMTdoB5n,1780205981,1780810782,5,False,500,1780774505,1780810781,11.6,False,r0b
back__AowTUid5daQr9EqwazF7hDm3jBTQSisv6LaHGhQL8k92__1780810782,back,AowTUid5daQr9EqwazF7hDm3jBTQSisv6LaHGhQL8k92,1780205982,1780810783,5,False,500,1780667312,1780810782,11.37,False,r0b
back__2CQgjcdNEo7WtbQLpJTAVcC3Ga61pNvRDTgP5grzctFG__1781028311,back,2CQgjcdNEo7WtbQLpJTAVcC3Ga61pNvRDTgP5grzctFG,1780423511,1781028312,5,False,500,1781021056,1781028311,11.93,False,r0b
back__8S5Hp9Je5XHUrUM8u9cDQngr6jSL4CvCCzzYz6L4jU7k__1781028311,back,8S5Hp9Je5XHUrUM8u9cDQngr6jSL4CvCCzzYz6L4jU7k,1780423511,1781028312,5,False,500,1780785655,1781028311,11.32,False,r0b
back__DFrVj4rKrNguXdF2vKBX5xCNo6jyEZzXxDreR6KDAmv5__1781028366,back,DFrVj4rKrNguXdF2vKBX5xCNo6jyEZzXxDreR6KDAmv5,1780423566,1781028367,1,True,15,1780586976,1781028366,1.98,False,r0b
back__5qymuXQTaXHQiftQ5krPmu1pNyTiLfu1pNTXfGUa46w2__1781028366,back,5qymuXQTaXHQiftQ5krPmu1pNyTiLfu1pNTXfGUa46w2,1780423566,1781028367,1,True,35,1780458854,1781028366,2.2,False,r0b
back__43iXUSB3Kryuu9kWww9mVcE8dGERgfkLjgy1jwNoxK4E__1781028366,back,43iXUSB3Kryuu9kWww9mVcE8dGERgfkLjgy1jwNoxK4E,1780423566,1781028367,1,True,37,1780434491,1781028366,2.09,False,r0b
back__DDDD2zvzaPMLuZiC2Vos2i6TLFjJJ3bi1pN7kXQc3R5R__1781028366,back,DDDD2zvzaPMLuZiC2Vos2i6TLFjJJ3bi1pN7kXQc3R5R,1780423566,1781028367,5,False,500,1780970073,1781028366,11.94,False,r0b
back__Cu7AJiu9eEjBBxGHRh5yndV6AmD1myaCj2BepKwhzHbu__1781028366,back,Cu7AJiu9eEjBBxGHRh5yndV6AmD1myaCj2BepKwhzHbu,1780423566,1781028367,5,False,500,1780985146,1781028366,11.85,False,r0b
back__AbuGAb9M4AgXBchk42pJ3NSGgQKbiW6Lgc48BtMMKqkN__1781028366,back,AbuGAb9M4AgXBchk42pJ3NSGgQKbiW6Lgc48BtMMKqkN,1780423566,1781028367,5,False,500,1780991579,1781028366,11.63,False,r0b
back__3FtXNn4C6f3AWysrPteECquTop8oGff51BqKhitK6Egr__1781028409,back,3FtXNn4C6f3AWysrPteECquTop8oGff51BqKhitK6Egr,1780423609,1781028410,5,False,500,1780843804,1781028409,12.03,False,r0b
back__E1mx2VppWXVciew5BjcegTvdBRShJezNxk3usDdRi7vq__1781028418,back,E1mx2VppWXVciew5BjcegTvdBRShJezNxk3usDdRi7vq,1780423618,1781028419,5,True,415,1780425169,1781028418,9.91,False,r0b
back__AKngVQZ9bqhLyF4T6D6LUL8VwUzUCMPL1E64vPDkokTX__1781028482,back,AKngVQZ9bqhLyF4T6D6LUL8VwUzUCMPL1E64vPDkokTX,1780423682,1781028483,2,True,185,1780493766,1781028482,3.96,False,r0b
back__2GA18QQ73g6NiruAXoba4EmoGfno97kW5T8ogW8q3ZKD__1781028599,back,2GA18QQ73g6NiruAXoba4EmoGfno97kW5T8ogW8q3ZKD,1780423799,1781028600,2,True,174,1780429071,1781028599,4.94,False,r0b
back__GJbUPSRG46jYWdXUmRXW9G2P8J6qAZ815AHUp4xQPRt6__1781028599,back,GJbUPSRG46jYWdXUmRXW9G2P8J6qAZ815AHUp4xQPRt6,1780423799,1781028600,5,False,500,1780879366,1781028599,11.89,False,r0b
back__7SDG2vyv3avA6te2BzUAZ2pSzRRrMKeazaueAyy6q9na__1781028599,back,7SDG2vyv3avA6te2BzUAZ2pSzRRrMKeazaueAyy6q9na,1780423799,1781028600,5,False,500,1780940531,1781028599,12.08,False,r0b
back__EXyNF1iX7mVDMChgzPhRaSu4SLjgKpadXoXLZNtMuvxC__1781028599,back,EXyNF1iX7mVDMChgzPhRaSu4SLjgKpadXoXLZNtMuvxC,1780423799,1781028600,5,False,500,1780869505,1781028599,11.39,False,r0b
back__D8TURQavvG1zVPD9gfkVfU2HfXC889FAqyNp1vTQdhmh__1781029366,back,D8TURQavvG1zVPD9gfkVfU2HfXC889FAqyNp1vTQdhmh,1780424566,1781029367,1,True,89,1780694430,1781029366,1.91,False,r0b
back__HmpMUY36XUaeZ8nXzKvaPTvmM6EMSYRn4yEdapqkcVEJ__1781029703,back,HmpMUY36XUaeZ8nXzKvaPTvmM6EMSYRn4yEdapqkcVEJ,1780424903,1781029704,5,False,500,1780696883,1781029703,10.12,False,r0b
back__2omUWkUei1zs19JpygAxFGaC2LJqTiqmSMxN5hNGEJqp__1780852307,back,2omUWkUei1zs19JpygAxFGaC2LJqTiqmSMxN5hNGEJqp,1780247507,1780852308,5,False,500,1780634066,1780852307,11.02,False,r0b
back__popsP556X4XMXK5m8P39axrL7QayAGPDU8AKYVE8kxS__1780852308,back,popsP556X4XMXK5m8P39axrL7QayAGPDU8AKYVE8kxS,1780247508,1780852309,5,False,500,1780586922,1780852308,11.4,False,r0b
back__64RbXRqFZeruJvp4TWnaxcRcdBuLQDBQWvDQ8hV66GbP__1780852310,back,64RbXRqFZeruJvp4TWnaxcRcdBuLQDBQWvDQ8hV66GbP,1780247510,1780852311,2,True,139,1780249372,1780852310,4.24,False,r0b
back__2uG6k53Ak3DmgTvbY1E14puVuYxQj2j4a4DVqUc113pf__1780852310,back,2uG6k53Ak3DmgTvbY1E14puVuYxQj2j4a4DVqUc113pf,1780247510,1780852311,2,True,138,1780249372,1780852310,4.43,False,r0b
back__7Y3rF3ZcuX4icRrsVPh9Gc1GFYxSpBzip3eQ4oAAHhr6__1780852310,back,7Y3rF3ZcuX4icRrsVPh9Gc1GFYxSpBzip3eQ4oAAHhr6,1780247510,1780852311,2,True,179,1780249105,1780852310,4.81,False,r0b
back__2BGqpNYVUrgKCNMRw3UnyBxV5SKrBTbdYpCrGFmQCxVN__1780852310,back,2BGqpNYVUrgKCNMRw3UnyBxV5SKrBTbdYpCrGFmQCxVN,1780247510,1780852311,5,False,500,1780818373,1780852310,11.05,False,r0b
back__haqqiUUXB5gp7gDbSjpEkw3phAjQb25r86uXJsZQgWq__1780852310,back,haqqiUUXB5gp7gDbSjpEkw3phAjQb25r86uXJsZQgWq,1780247510,1780852311,5,False,500,1780848567,1780852310,11.71,False,r0b
back__HdsPBNhGkxsV1tFwZfjYCdLDarq3BaLxM7mB9VhjdMnC__1780852312,back,HdsPBNhGkxsV1tFwZfjYCdLDarq3BaLxM7mB9VhjdMnC,1780247512,1780852313,1,True,34,1780346522,1780852312,1.77,False,r0b
back__H3n5JUhCL2kBmYV5ve4VLjZMcN6WKDuASxHATs5PYeUq__1780852312,back,H3n5JUhCL2kBmYV5ve4VLjZMcN6WKDuASxHATs5PYeUq,1780247512,1780852313,5,False,500,1780607618,1780852312,11.04,False,r0b
back__76VMCqqzCdny4658aDFFU7jw44jRTiqCCRdtWF8cAJwb__1780852312,back,76VMCqqzCdny4658aDFFU7jw44jRTiqCCRdtWF8cAJwb,1780247512,1780852313,5,False,500,1780763070,1780852312,10.29,False,r0b
back__6fKGtgUw3kfEG3cxEGBN4RrwybvBv35zY49iCjwQfyka__1780852312,back,6fKGtgUw3kfEG3cxEGBN4RrwybvBv35zY49iCjwQfyka,1780247512,1780852313,5,False,500,1780804171,1780852312,11.56,False,r0b
back__6cUt6WMbsT5xh8j59AD2ZzumVszcPMGey9VB7dHvz6En__1780852312,back,6cUt6WMbsT5xh8j59AD2ZzumVszcPMGey9VB7dHvz6En,1780247512,1780852313,5,False,500,1780796540,1780852312,10.89,False,r0b
back__2wwEV58i3DUDWGQfet1DKfYNRKF2pYtWxz1ErU2cs6zG__1780852312,back,2wwEV58i3DUDWGQfet1DKfYNRKF2pYtWxz1ErU2cs6zG,1780247512,1780852313,5,False,500,1780777843,1780852312,11.35,False,r0b
back__6J1T22cKBTw11McuSteoEMpFfMfmWgG9NzsKs11mQYGD__1780852312,back,6J1T22cKBTw11McuSteoEMpFfMfmWgG9NzsKs11mQYGD,1780247512,1780852313,5,False,500,1780795084,1780852312,12.37,False,r0b
back__HNFjT6CDeTUyEXu3BwHL5GnzFbaqkFoTRzKHoGqPY7qa__1780852312,back,HNFjT6CDeTUyEXu3BwHL5GnzFbaqkFoTRzKHoGqPY7qa,1780247512,1780852313,5,False,500,1780790316,1780852312,11.74,False,r0b
back__Anubis512ho5t7S6LNSwoxUWdeQmX2kf3RvZ8ApHHF5w__1780852312,back,Anubis512ho5t7S6LNSwoxUWdeQmX2kf3RvZ8ApHHF5w,1780247512,1780852313,5,False,500,1780827125,1780852312,11.31,False,r0b
back__DzceWUqPfQQRgSm4hpbjniRhXoZMimLuuy3dt8wsRkfH__1780852312,back,DzceWUqPfQQRgSm4hpbjniRhXoZMimLuuy3dt8wsRkfH,1780247512,1780852313,3,True,208,1780348142,1780852312,6.09,False,r0b
back__BBBByrLHua2oYFKviRze4N9n7ay7FcXqy2NzQXfXYEMm__1780852315,back,BBBByrLHua2oYFKviRze4N9n7ay7FcXqy2NzQXfXYEMm,1780247515,1780852316,5,False,500,1780713868,1780852315,11.72,False,r0b
back__8aiYkBTacS6pAGcTfNYFYxeqDPmQqyH7MRGeD8VY1prc__1780852315,back,8aiYkBTacS6pAGcTfNYFYxeqDPmQqyH7MRGeD8VY1prc,1780247515,1780852316,3,True,220,1780668132,1780852315,6.74,False,r0b
back__A6YNrjdiA9H14Bzgn5beM5VupVf6EqovYiTvi6bPPNWn__1780852315,back,A6YNrjdiA9H14Bzgn5beM5VupVf6EqovYiTvi6bPPNWn,1780247515,1780852316,5,True,486,1780302059,1780852315,11.95,False,r0b
back__5XEj4qt6STm1dKvwTiqiuLRYJoMWUey4BqiwDPTuaUVG__1780852315,back,5XEj4qt6STm1dKvwTiqiuLRYJoMWUey4BqiwDPTuaUVG,1780247515,1780852316,5,False,500,1780815940,1780852315,11.77,False,r0b
back__FoCdBZJgFwwS9fE5Gn73Wj2iHmc4usZN86NDPDAs4AvT__1780852315,back,FoCdBZJgFwwS9fE5Gn73Wj2iHmc4usZN86NDPDAs4AvT,1780247515,1780852316,2,True,136,1780826281,1780852315,4.29,False,r0b
back__3jvM9vL8SAh1xVbXPkbd5uLiA5VaFN1VBMgb7ManU6vM__1780852315,back,3jvM9vL8SAh1xVbXPkbd5uLiA5VaFN1VBMgb7ManU6vM,1780247515,1780852316,5,False,500,1780806568,1780852315,12.47,False,r0b
back__ayaCRDLwYRqAvPnrpwnkUsxrqx4hniVaWAGHYG5DGBD__1780852315,back,ayaCRDLwYRqAvPnrpwnkUsxrqx4hniVaWAGHYG5DGBD,1780247515,1780852316,5,False,500,1780799967,1780852315,11.71,False,r0b
back__Ez2jYoXp45DZxr7JVhiqbDNirgBT37MErjZGxA8jZkTf__1780852315,back,Ez2jYoXp45DZxr7JVhiqbDNirgBT37MErjZGxA8jZkTf,1780247515,1780852316,5,False,500,1780843766,1780852315,11.88,False,r0b
back__DDDD2zvzaPMLuZiC2Vos2i6TLFjJJ3bi1pN7kXQc3R5R__1780852315,back,DDDD2zvzaPMLuZiC2Vos2i6TLFjJJ3bi1pN7kXQc3R5R,1780247515,1780852316,5,False,500,1780746780,1780852315,11.96,False,r0b
back__9VVkRTn3qVyRuBFWLa3cQFS7sNkzi2YwQWnJvPYWcaRy__1780852315,back,9VVkRTn3qVyRuBFWLa3cQFS7sNkzi2YwQWnJvPYWcaRy,1780247515,1780852316,5,False,500,1780765122,1780852315,10.88,False,r0b
back__3SG3Rd7WyEFrbMZ1L54W4razuoZNKtbTK3dWw8vmM65n__1780852315,back,3SG3Rd7WyEFrbMZ1L54W4razuoZNKtbTK3dWw8vmM65n,1780247515,1780852316,5,False,500,1780718860,1780852315,10.86,False,r0b
back__ANQAWcduKeTYn3fVki7hdkTDRUWgB5DTLyissf6AU6Ty__1780852315,back,ANQAWcduKeTYn3fVki7hdkTDRUWgB5DTLyissf6AU6Ty,1780247515,1780852316,5,False,500,1780765791,1780852315,11.26,False,r0b
back__FnkkNsPf6bZwrff49Pve5SWaTLTL5f34s2mR2Qur1Z1c__1780852315,back,FnkkNsPf6bZwrff49Pve5SWaTLTL5f34s2mR2Qur1Z1c,1780247515,1780852316,5,False,500,1780772874,1780852315,11.98,False,r0b
back__2CQgjcdNEo7WtbQLpJTAVcC3Ga61pNvRDTgP5grzctFG__1780610010,back,2CQgjcdNEo7WtbQLpJTAVcC3Ga61pNvRDTgP5grzctFG,1780005210,1780610011,5,False,500,1780601676,1780610010,11.68,False,r0b
back__9yzDcVC569tYadQqmuNPGNNa3ZmHA6AY7tdgWnSEvDbi__1780610010,back,9yzDcVC569tYadQqmuNPGNNa3ZmHA6AY7tdgWnSEvDbi,1780005210,1780610011,5,False,500,1780598936,1780610010,11.37,False,r0b
back__37ZVSn9u5APmrrXJxHJGceHM33LG2zK9p5oFEy8eN3nq__1780610010,back,37ZVSn9u5APmrrXJxHJGceHM33LG2zK9p5oFEy8eN3nq,1780005210,1780610011,5,False,500,1780558577,1780610010,13.12,False,r0b
back__7An4Fz1re3TKTKFcSDgALNwhurvDzBQBSBeVjv7hcYuw__1780610015,back,7An4Fz1re3TKTKFcSDgALNwhurvDzBQBSBeVjv7hcYuw,1780005215,1780610016,4,True,302,1780083194,1780610015,8.54,False,r0b
back__Bf8f7FUccQXsBFmyBnAhBNmBnXPMB9tEjDREasZsbf5p__1780610015,back,Bf8f7FUccQXsBFmyBnAhBNmBnXPMB9tEjDREasZsbf5p,1780005215,1780610016,4,True,305,1780083194,1780610015,9.37,False,r0b
back__LuitxHPxN8UU78q5Fp6VjotgtYKAGJNviS2gb2TSt5T__1780610016,back,LuitxHPxN8UU78q5Fp6VjotgtYKAGJNviS2gb2TSt5T,1780005216,1780610017,3,True,288,1780013983,1780610016,7.53,False,r0b
back__6xX7LudE5AqnTUc8dJJfzuarkSc6WMw7qRHgQXUdWauJ__1780610016,back,6xX7LudE5AqnTUc8dJJfzuarkSc6WMw7qRHgQXUdWauJ,1780005216,1780610017,3,True,284,1780013983,1780610016,7.67,False,r0b
back__LuitxRGMJErT1N5JDArXVuxtsomBUsLZHf9Yf1TVBBn__1780610016,back,LuitxRGMJErT1N5JDArXVuxtsomBUsLZHf9Yf1TVBBn,1780005216,1780610017,4,True,309,1780013983,1780610016,8.83,False,r0b
back__DiQMtArRMo7KxdxYfqLGKzZB4g3XaXY4Bts2w13nEP2c__1780610016,back,DiQMtArRMo7KxdxYfqLGKzZB4g3XaXY4Bts2w13nEP2c,1780005216,1780610017,5,False,500,1780534657,1780610016,11.52,False,r0b
back__Ez2jYoXp45DZxr7JVhiqbDNirgBT37MErjZGxA8jZkTf__1780610016,back,Ez2jYoXp45DZxr7JVhiqbDNirgBT37MErjZGxA8jZkTf,1780005216,1780610017,5,False,500,1780601954,1780610016,11.05,False,r0b
back__D7z9nvG5PM3KjSjVBkfovQFv7xC65dDnVpQFJQ6KGdzw__1780610018,back,D7z9nvG5PM3KjSjVBkfovQFv7xC65dDnVpQFJQ6KGdzw,1780005218,1780610019,5,False,500,1780595009,1780610018,11.31,False,r0b
back__C3W947Fka39oegXqdmGUrXErwAG2TAoAxdaavqHHsFCf__1780610018,back,C3W947Fka39oegXqdmGUrXErwAG2TAoAxdaavqHHsFCf,1780005218,1780610019,5,False,500,1780594951,1780610018,11.36,False,r0b
back__nya666pQkP3PzWxi7JngU3rRMHuc7zbLK8c8wxQ4qpT__1780610018,back,nya666pQkP3PzWxi7JngU3rRMHuc7zbLK8c8wxQ4qpT,1780005218,1780610019,5,False,500,1780596061,1780610018,11.04,False,r0b
back__696969Y6orZEjp4gZtwcCZS7TNVuhMVE6G5mFvdJ4mYq__1780610018,back,696969Y6orZEjp4gZtwcCZS7TNVuhMVE6G5mFvdJ4mYq,1780005218,1780610019,5,False,500,1780527823,1780610018,11.95,False,r0b
back__Aemby6yXpjA8CzFoq7cDbgPah5iuTgdnmLt8rFHBTUi8__1780610018,back,Aemby6yXpjA8CzFoq7cDbgPah5iuTgdnmLt8rFHBTUi8,1780005218,1780610019,5,False,500,1780202148,1780610018,12.61,False,r0b
back__Cvnk6o8QEBceac3ARf5Wdjj6n9RDuZ1bCDx7gRC4hHWt__1780610018,back,Cvnk6o8QEBceac3ARf5Wdjj6n9RDuZ1bCDx7gRC4hHWt,1780005218,1780610019,5,False,500,1780161081,1780610018,12.33,False,r0b
back__2zBWFYhhi28vSbhPpSjJpQYaceTKxiCL2j6zLq8ockTn__1780610018,back,2zBWFYhhi28vSbhPpSjJpQYaceTKxiCL2j6zLq8ockTn,1780005218,1780610019,5,False,500,1780524490,1780610018,10.57,False,r0b
back__5i8rFRKn3TEWHTPC9JH7B6QQSNRmBx5TgUGiub1kAbJA__1780610018,back,5i8rFRKn3TEWHTPC9JH7B6QQSNRmBx5TgUGiub1kAbJA,1780005218,1780610019,5,False,500,1780578002,1780610018,11.34,False,r0b
back__SF9TGdsfTPcA3ZVmPdPtYphgzRg6ZqUY4hnjPgjD1MW__1780610019,back,SF9TGdsfTPcA3ZVmPdPtYphgzRg6ZqUY4hnjPgjD1MW,1780005219,1780610020,5,False,500,1780578002,1780610019,11.37,False,r0b
back__HhJENixhxdPcScuUFwH438MwrVaYbsqYmUBa9Tw8HXAL__1780610019,back,HhJENixhxdPcScuUFwH438MwrVaYbsqYmUBa9Tw8HXAL,1780005219,1780610020,5,False,500,1780548620,1780610019,12.11,False,r0b
back__Gq1RQQcvbZu9Ud2wVRy6Krh9RsS1ZYbLBsBuMuvCgyRU__1780610021,back,Gq1RQQcvbZu9Ud2wVRy6Krh9RsS1ZYbLBsBuMuvCgyRU,1780005221,1780610022,5,False,500,1780536164,1780610021,12.43,False,r0b
back__2TxC3V72BzT3RRvTwXrT6jooV5U5eRwJHX5gb2M6xWsC__1780610022,back,2TxC3V72BzT3RRvTwXrT6jooV5U5eRwJHX5gb2M6xWsC,1780005222,1780610023,1,True,34,1780605999,1780610022,1.78,False,r0b
back__BtHnhjh8Ta2vGZkrL76AmXMur1ADo3tpRo2kQMe2BCSU__1780610022,back,BtHnhjh8Ta2vGZkrL76AmXMur1ADo3tpRo2kQMe2BCSU,1780005222,1780610023,5,False,500,1780367529,1780610022,12.37,False,r0b
back__E8B7Edi7khrojzqFgW4iJJ2Lii2jvv9B9kivkwpPfHeq__1780610022,back,E8B7Edi7khrojzqFgW4iJJ2Lii2jvv9B9kivkwpPfHeq,1780005222,1780610023,5,False,500,1780367385,1780610022,12.58,False,r0b
back__DNio5ketGczp2dsB3jJCm3XNsRETaAM87q3YVMPA5F9z__1780610022,back,DNio5ketGczp2dsB3jJCm3XNsRETaAM87q3YVMPA5F9z,1780005222,1780610023,5,False,500,1780367529,1780610022,12.92,False,r0b
back__759Cc9F1mtWgkFMNhddZteJ78yfkG156XL6qfPgx59jL__1780610024,back,759Cc9F1mtWgkFMNhddZteJ78yfkG156XL6qfPgx59jL,1780005224,1780610025,3,True,209,1780006630,1780610024,6.63,False,r0b
back__BNqfkxRXdkH1EeM6ZiWtgcySKfxcBL58ENDo9KDZWYB__1780610024,back,BNqfkxRXdkH1EeM6ZiWtgcySKfxcBL58ENDo9KDZWYB,1780005224,1780610025,2,True,163,1780582430,1780610024,4.68,False,r0b
back__6MbyPg1LwdaMd3QU96JUtrkYwKyC3dPn5ybYSwU3chft__1780610024,back,6MbyPg1LwdaMd3QU96JUtrkYwKyC3dPn5ybYSwU3chft,1780005224,1780610025,4,True,309,1780150462,1780610024,8.42,False,r0b
back__FayR5aA3qpU4Cf1jwGkR2HTJgWoAmPUTdNknxvGefWLB__1780610024,back,FayR5aA3qpU4Cf1jwGkR2HTJgWoAmPUTdNknxvGefWLB,1780005224,1780610025,5,True,448,1780522936,1780610024,10.18,False,r0b
back__GFFcGHFjpvNfAFBaH5Tue8wmPv93P9tTYEdqNkXKzZn6__1780610024,back,GFFcGHFjpvNfAFBaH5Tue8wmPv93P9tTYEdqNkXKzZn6,1780005224,1780610025,3,True,241,1780570195,1780610024,6.88,False,r0b
back__X23REkUmGPAYtj1zc77tz5ofGmTqhEP5JB3NNn2R3CG__1780584429,back,X23REkUmGPAYtj1zc77tz5ofGmTqhEP5JB3NNn2R3CG,1779979629,1780584430,5,False,500,1780094458,1780584429,11.91,False,r0b
back__CG8qyvvLoJQiWKTdrd8isWy1ErjsBoEdbJJz6GLe8P2u__1780584429,back,CG8qyvvLoJQiWKTdrd8isWy1ErjsBoEdbJJz6GLe8P2u,1779979629,1780584430,5,False,500,1780087816,1780584429,11.18,False,r0b
back__5CDYEbtEsg9wZpmRs5j7P4WXy4FS9AU1EKbqFS8wqTth__1780584429,back,5CDYEbtEsg9wZpmRs5j7P4WXy4FS9AU1EKbqFS8wqTth,1779979629,1780584430,5,False,500,1780092660,1780584429,11.77,False,r0b
back__2CQgjcdNEo7WtbQLpJTAVcC3Ga61pNvRDTgP5grzctFG__1780584429,back,2CQgjcdNEo7WtbQLpJTAVcC3Ga61pNvRDTgP5grzctFG,1779979629,1780584430,5,False,500,1780573778,1780584429,11.93,False,r0b
back__EDdCrbpARQyvRV2XzV78XBXxG4fZZaQB6nH8dhw7Xn3v__1780584429,back,EDdCrbpARQyvRV2XzV78XBXxG4fZZaQB6nH8dhw7Xn3v,1779979629,1780584430,5,False,500,1780330488,1780584429,12.06,False,r0b
back__Ao6GNH3Z3rrrd3ZNr71rU6X2fpaApM65ZvQZsEydeEi1__1780584429,back,Ao6GNH3Z3rrrd3ZNr71rU6X2fpaApM65ZvQZsEydeEi1,1779979629,1780584430,5,False,500,1780487120,1780584429,11.93,False,r0b
back__6QL9HzM7CpAZmH41dHUWuwkGEzMiKJJbZzy7KhV56SH__1780584429,back,6QL9HzM7CpAZmH41dHUWuwkGEzMiKJJbZzy7KhV56SH,1779979629,1780584430,5,True,408,1779998350,1780584429,12.17,False,r0b
back__3pBzGwbJPHVLFDZUrCTHzqkq5BAGENjhmecLALCNwyEo__1780584429,back,3pBzGwbJPHVLFDZUrCTHzqkq5BAGENjhmecLALCNwyEo,1779979629,1780584430,1,True,48,1779994234,1780584429,1.85,False,r0b
back__Anubis512ho5t7S6LNSwoxUWdeQmX2kf3RvZ8ApHHF5w__1780584429,back,Anubis512ho5t7S6LNSwoxUWdeQmX2kf3RvZ8ApHHF5w,1779979629,1780584430,5,False,500,1780532146,1780584429,13.02,False,r0b
back__GFrra49Go4bN7zKB5AjwrWXmwL6aFz5aena6KAEHNiej__1780584430,back,GFrra49Go4bN7zKB5AjwrWXmwL6aFz5aena6KAEHNiej,1779979630,1780584431,5,False,500,1780345714,1780584430,13.58,False,r0b
back__KKBT9eWDXqKvj42aPRrofdasuGSoypz8yMjkszwnK44__1780584430,back,KKBT9eWDXqKvj42aPRrofdasuGSoypz8yMjkszwnK44,1779979630,1780584431,5,False,500,1780337122,1780584430,14.08,False,r0b
back__48Z2gqfLTEXR897CKnLZXt5NGdmgXwVYgusJx4Tp1P6i__1780584430,back,48Z2gqfLTEXR897CKnLZXt5NGdmgXwVYgusJx4Tp1P6i,1779979630,1780584431,5,False,500,1780336859,1780584430,13.16,False,r0b
back__6Vwo34xDFS2XycmJqQxu3gGd6ozvGmqTXgegRNS6deqr__1780584430,back,6Vwo34xDFS2XycmJqQxu3gGd6ozvGmqTXgegRNS6deqr,1779979630,1780584431,5,False,500,1780345705,1780584430,13.74,False,r0b
back__ANmRP2GWTasxZzfajBQ9oStNSfYTe21PeCQkH93gbN6k__1780584430,back,ANmRP2GWTasxZzfajBQ9oStNSfYTe21PeCQkH93gbN6k,1779979630,1780584431,5,False,500,1780336865,1780584430,12.97,False,r0b
back__FfbyDLrGEumCSSbL5gSLui1b7L7pi3mDJvuJy99sLsKV__1780584430,back,FfbyDLrGEumCSSbL5gSLui1b7L7pi3mDJvuJy99sLsKV,1779979630,1780584431,5,False,500,1780091183,1780584430,11.89,False,r0b
back__AmdAbVa17PbsL8kqPmL4A1PyxnLveRfjM5eLrCMz3nKY__1780584430,back,AmdAbVa17PbsL8kqPmL4A1PyxnLveRfjM5eLrCMz3nKY,1779979630,1780584431,5,False,500,1780328935,1780584430,12.13,False,r0b
back__2gSzFCwozvNBHH3sDNHAJxwqbAXvL93brVapmSWTExU3__1780584430,back,2gSzFCwozvNBHH3sDNHAJxwqbAXvL93brVapmSWTExU3,1779979630,1780584431,5,False,500,1780344806,1780584430,12.43,False,r0b
back__4sGJy7dK9bDw3BAk5Sm2B14Na4WRXKNwMKvo9Vn8aSp5__1780584430,back,4sGJy7dK9bDw3BAk5Sm2B14Na4WRXKNwMKvo9Vn8aSp5,1779979630,1780584431,5,False,500,1780151216,1780584430,13.12,False,r0b
back__EwZguuowsts46vLSFf6iokY9NQEGCebnQSBvBM57JXVi__1780584430,back,EwZguuowsts46vLSFf6iokY9NQEGCebnQSBvBM57JXVi,1779979630,1780584431,5,False,500,1780083455,1780584430,12.29,False,r0b
back__56S29mZ3wqvw8hATuUUFqKhGcSGYFASRRFNT38W8q7G3__1780584430,back,56S29mZ3wqvw8hATuUUFqKhGcSGYFASRRFNT38W8q7G3,1779979630,1780584431,5,False,500,1780551842,1780584430,12.36,False,r0b
back__CD6qwwae8p4SGdKChKGK6eQyYA7icBcN2UzKfdUz6jaG__1780584430,back,CD6qwwae8p4SGdKChKGK6eQyYA7icBcN2UzKfdUz6jaG,1779979630,1780584431,5,False,500,1780497755,1780584430,11.52,False,r0b
back__2jkNhQTHNPxdzQ7yXtyUtafSsqvv6teAGkEBs68Lw3Qs__1780584430,back,2jkNhQTHNPxdzQ7yXtyUtafSsqvv6teAGkEBs68Lw3Qs,1779979630,1780584431,5,False,500,1780560438,1780584430,11.83,False,r0b
back__Cy78cfePXDG2CtPb2M81DeeGPwRBt6MXHFNYcmKKR9CU__1780584430,back,Cy78cfePXDG2CtPb2M81DeeGPwRBt6MXHFNYcmKKR9CU,1779979630,1780584431,5,False,500,1780444876,1780584430,15.74,False,r0b
back__AqSTgWq3tCKRuJCRN3ssVn8cFuQNASVxvpBwaLVmfKgP__1780584431,back,AqSTgWq3tCKRuJCRN3ssVn8cFuQNASVxvpBwaLVmfKgP,1779979631,1780584432,5,False,500,1780287534,1780584431,16.25,False,r0b
back__C61P8QiqPAPDfzGTCFPUgnsgPYeiMQQ1cwLqZf1r637q__1780584431,back,C61P8QiqPAPDfzGTCFPUgnsgPYeiMQQ1cwLqZf1r637q,1779979631,1780584432,5,False,500,1780483792,1780584431,11.9,False,r0b
back__CA8McCKLUWfgm8TWG4GxWc49MmfJAQJhjoXdb9TronM9__1780584431,back,CA8McCKLUWfgm8TWG4GxWc49MmfJAQJhjoXdb9TronM9,1779979631,1780584432,1,True,76,1779985278,1780584431,2.04,False,r0b
back__kzvoB9aZp9rZGTBteUTMyss7HKb5xfBKN27EuY2R8Jd__1780584431,back,kzvoB9aZp9rZGTBteUTMyss7HKb5xfBKN27EuY2R8Jd,1779979631,1780584432,5,False,500,1780393740,1780584431,22.95,False,r0b
back__AvcwFK7QtYMLmDjzby4wSy8zm658naJZsuuzL6jK85H1__1780584431,back,AvcwFK7QtYMLmDjzby4wSy8zm658naJZsuuzL6jK85H1,1779979631,1780584432,5,False,500,1780349172,1780584431,17.44,False,r0b
back__C6nyDYhzNdgdNzCwtzp7NhrNfBJqA1W8P6d3pULVsU9M__1780584431,back,C6nyDYhzNdgdNzCwtzp7NhrNfBJqA1W8P6d3pULVsU9M,1779979631,1780584432,5,False,500,1780446803,1780584431,20.39,False,r0b
back__GW4oDYDVYA4kaH8gzSicdjHXHNj5Ru3WWcW7gWQbWegg__1780584431,back,GW4oDYDVYA4kaH8gzSicdjHXHNj5Ru3WWcW7gWQbWegg,1779979631,1780584432,5,False,500,1780497529,1780584431,21.01,False,r0b
back__7gEnRjDud56BVmBQMWLTticJoouzrpnyaAnN5A3EEqiy__1780440729,back,7gEnRjDud56BVmBQMWLTticJoouzrpnyaAnN5A3EEqiy,1779835929,1780440730,5,False,500,1780355020,1780440729,20.16,False,r0b
back__HCUzXYc3F7zrnxWDYb5Pv6iptdaW5pbuGVSdn3kEiZax__1780440729,back,HCUzXYc3F7zrnxWDYb5Pv6iptdaW5pbuGVSdn3kEiZax,1779835929,1780440730,5,False,500,1780363235,1780440729,16.55,False,r0b
back__J4GfSB19oHA979jLMKe9p7uSs6h4ozyCrggnZ15RBLu__1780440730,back,J4GfSB19oHA979jLMKe9p7uSs6h4ozyCrggnZ15RBLu,1779835930,1780440731,5,False,500,1780429384,1780440730,12.77,False,r0b
back__GbjYhc9qQHpyL2E8yMaqaa7XeNChhA86E7TxaYDxAHmA__1780440837,back,GbjYhc9qQHpyL2E8yMaqaa7XeNChhA86E7TxaYDxAHmA,1779836037,1780440838,2,True,156,1779844251,1780440837,5.15,False,r0b
back__GHy1P6vJrEoMvWtA7VBH8v5hUkKtxY5SsJNMNWELfdyV__1780440837,back,GHy1P6vJrEoMvWtA7VBH8v5hUkKtxY5SsJNMNWELfdyV,1779836037,1780440838,5,False,500,1780343639,1780440837,11.2,False,r0b
back__FeqP1rvy8LFgazENBMazjtTUF5PwDX4ZTcmM7Pz5yoUk__1780440837,back,FeqP1rvy8LFgazENBMazjtTUF5PwDX4ZTcmM7Pz5yoUk,1779836037,1780440838,5,False,500,1780305366,1780440837,12.38,False,r0b
back__6ngQMfKvdJpN6rYXz7hPLwR4gD1HvuAhm714bsPSkDEa__1780440884,back,6ngQMfKvdJpN6rYXz7hPLwR4gD1HvuAhm714bsPSkDEa,1779836084,1780440885,5,True,459,1779836303,1780440884,11.0,False,r0b
back__A4ege1RE19ZjRsHqCqDRTdRoZynv9YUH6aG4bapUatCJ__1780440884,back,A4ege1RE19ZjRsHqCqDRTdRoZynv9YUH6aG4bapUatCJ,1779836084,1780440885,5,False,500,1779922383,1780440884,12.22,False,r0b
back__3nCiGg8zDs9XkfyFtqfEghg6o9fgKgLviLE3FVLvUt3F__1780440884,back,3nCiGg8zDs9XkfyFtqfEghg6o9fgKgLviLE3FVLvUt3F,1779836084,1780440885,5,True,453,1779836303,1780440884,28.1,False,r0b
back__DN19MDuZRKsj4RG26sXtUaoPuQenHkxyQmGQDbgVgmzv__1780440884,back,DN19MDuZRKsj4RG26sXtUaoPuQenHkxyQmGQDbgVgmzv,1779836084,1780440885,5,False,500,1780325117,1780440884,12.66,False,r0b
back__DDDD2zvzaPMLuZiC2Vos2i6TLFjJJ3bi1pN7kXQc3R5R__1780440884,back,DDDD2zvzaPMLuZiC2Vos2i6TLFjJJ3bi1pN7kXQc3R5R,1779836084,1780440885,5,False,500,1780387870,1780440884,12.23,False,r0b
back__8NiawzfdxF2ENMau3kygCNvApmWFR5MJZMBjY7Lik73e__1780440884,back,8NiawzfdxF2ENMau3kygCNvApmWFR5MJZMBjY7Lik73e,1779836084,1780440885,5,False,500,1780366282,1780440884,12.28,False,r0b
back__AbuGAb9M4AgXBchk42pJ3NSGgQKbiW6Lgc48BtMMKqkN__1780440884,back,AbuGAb9M4AgXBchk42pJ3NSGgQKbiW6Lgc48BtMMKqkN,1779836084,1780440885,5,False,500,1780414278,1780440884,12.15,False,r0b
back__FwFxVQXEFacPK5fUe7b4YauQzf38ShrhA2L7QSnpUrxB__1780440884,back,FwFxVQXEFacPK5fUe7b4YauQzf38ShrhA2L7QSnpUrxB,1779836084,1780440885,5,False,500,1780394402,1780440884,11.87,False,r0b
back__5ApKMhrQATggszpgLoG8uFSRVScaVSrsEjsn7fk27vRx__1780441009,back,5ApKMhrQATggszpgLoG8uFSRVScaVSrsEjsn7fk27vRx,1779836209,1780441010,1,True,47,1779853824,1780441009,2.09,False,r0b
back__3Xk2EuuSwKgniGNA4XkB33YY4mnEvcMnTLNpkKgGa14X__1780441009,back,3Xk2EuuSwKgniGNA4XkB33YY4mnEvcMnTLNpkKgGa14X,1779836209,1780441010,5,False,500,1780388751,1780441009,11.67,False,r0b
back__CdHueyD8NrLDYQtayAeAvFJTCWmmBsgCV3dmgqxDS6mP__1780441009,back,CdHueyD8NrLDYQtayAeAvFJTCWmmBsgCV3dmgqxDS6mP,1779836209,1780441010,5,False,500,1780407047,1780441009,12.75,False,r0b
back__2ezv4U5HmPpkt2xLsKnw1FyyGmjFBeW7c166p99Hw2xB__1780310613,back,2ezv4U5HmPpkt2xLsKnw1FyyGmjFBeW7c166p99Hw2xB,1779705813,1780310614,5,False,500,1780213969,1780310613,12.27,False,r0b
back__5nwvMfqRdjmww5GYFt1vfHvZHc3RH6xKccn6K3aX6m6F__1780310613,back,5nwvMfqRdjmww5GYFt1vfHvZHc3RH6xKccn6K3aX6m6F,1779705813,1780310614,5,False,500,1780225590,1780310613,10.88,False,r0b
back__Anubis512ho5t7S6LNSwoxUWdeQmX2kf3RvZ8ApHHF5w__1780310613,back,Anubis512ho5t7S6LNSwoxUWdeQmX2kf3RvZ8ApHHF5w,1779705813,1780310614,5,False,500,1780294685,1780310613,11.83,False,r0b
back__H8otARykpJVcPJaeQPaYvFqBM4vZNXCg5CsXKXT8vrAB__1780310622,back,H8otARykpJVcPJaeQPaYvFqBM4vZNXCg5CsXKXT8vrAB,1779705822,1780310623,1,True,84,1779713600,1780310622,2.06,False,r0b
back__AowTUid5daQr9EqwazF7hDm3jBTQSisv6LaHGhQL8k92__1780310622,back,AowTUid5daQr9EqwazF7hDm3jBTQSisv6LaHGhQL8k92,1779705822,1780310623,5,False,500,1780108956,1780310622,11.36,False,r0b
back__37ZVSn9u5APmrrXJxHJGceHM33LG2zK9p5oFEy8eN3nq__1781457014,back,37ZVSn9u5APmrrXJxHJGceHM33LG2zK9p5oFEy8eN3nq,1780852214,1781457015,5,False,500,1781397104,1781457014,10.42,False,r0b
back__B21iKKRi7TELGbfCr8sHLxpYmZBC62q8H7QsLMuHrLSz__1781457014,back,B21iKKRi7TELGbfCr8sHLxpYmZBC62q8H7QsLMuHrLSz,1780852214,1781457015,1,True,6,1781452409,1781457014,1.62,False,r0b
back__E8oha6AYKZhSjAMS6Ek8CkWkaNu34qfipidYf6uqruVe__1781457014,back,E8oha6AYKZhSjAMS6Ek8CkWkaNu34qfipidYf6uqruVe,1780852214,1781457015,5,False,500,1781379265,1781457014,11.53,False,r0b
back__A5XRgech459NofuBNNbXVWTcKKEXxVXyRPyKPi1wVtXP__1781457017,back,A5XRgech459NofuBNNbXVWTcKKEXxVXyRPyKPi1wVtXP,1780852217,1781457018,5,False,500,1781390000,1781457017,10.94,False,r0b
back__52NUhyYcpwwycY2To1bLMtp6pjDjtUMFeUqQxZfBJgAt__1781457020,back,52NUhyYcpwwycY2To1bLMtp6pjDjtUMFeUqQxZfBJgAt,1780852220,1781457021,5,False,500,1781043146,1781457020,12.83,False,r0b
back__6xwH2wDoDJFaSP8oKVTjKvh7hdJsbCDmnfRUY7JwcHtT__1781457028,back,6xwH2wDoDJFaSP8oKVTjKvh7hdJsbCDmnfRUY7JwcHtT,1780852228,1781457029,5,False,500,1781411761,1781457028,12.37,False,r0b
back__3rcEFTEWBz3HwDydLPevZG3LudeynpRpVL5mZhJkWMTC__1781457107,back,3rcEFTEWBz3HwDydLPevZG3LudeynpRpVL5mZhJkWMTC,1780852307,1781457108,1,True,18,1781448764,1781457107,1.74,False,r0b
back__2BGqpNYVUrgKCNMRw3UnyBxV5SKrBTbdYpCrGFmQCxVN__1781457107,back,2BGqpNYVUrgKCNMRw3UnyBxV5SKrBTbdYpCrGFmQCxVN,1780852307,1781457108,5,False,500,1781421936,1781457107,10.6,False,r0b
back__9on1tPRQxNDz7duMnVcsnbNqtLg8voSzfwEXcXoVzSfa__1781457120,back,9on1tPRQxNDz7duMnVcsnbNqtLg8voSzfwEXcXoVzSfa,1780852320,1781457121,5,False,500,1780973496,1781457120,13.1,False,r0b
back__E79qwNHoJx45qS4xi3fuuG3JYAwXEFdg9pCPjwnweJ96__1781457173,back,E79qwNHoJx45qS4xi3fuuG3JYAwXEFdg9pCPjwnweJ96,1780852373,1781457174,5,False,500,1781170110,1781457173,11.78,False,r0b
back__AKGT4qrvfoqiNkKrFHJLrkdusJ3QVPCbqZZB5j3jg3bR__1781457205,back,AKGT4qrvfoqiNkKrFHJLrkdusJ3QVPCbqZZB5j3jg3bR,1780852405,1781457206,1,True,72,1781271204,1781457205,2.31,False,r0b
back__12GUCR28vLWLfiKbH2GLuncTs7bWUugV6CsPKRvHYimP__1781457205,back,12GUCR28vLWLfiKbH2GLuncTs7bWUugV6CsPKRvHYimP,1780852405,1781457206,5,False,500,1780919424,1781457205,11.31,False,r0b
back__HNFjT6CDeTUyEXu3BwHL5GnzFbaqkFoTRzKHoGqPY7qa__1781457205,back,HNFjT6CDeTUyEXu3BwHL5GnzFbaqkFoTRzKHoGqPY7qa,1780852405,1781457206,5,False,500,1781404280,1781457205,10.09,False,r0b
back__Cu7AJiu9eEjBBxGHRh5yndV6AmD1myaCj2BepKwhzHbu__1781457205,back,Cu7AJiu9eEjBBxGHRh5yndV6AmD1myaCj2BepKwhzHbu,1780852405,1781457206,5,False,500,1781394438,1781457205,12.22,False,r0b
back__3TB4EwTwSrkWgjubYYbd6JNmVcTSJ44EgMMwKm8HZABQ__1781457205,back,3TB4EwTwSrkWgjubYYbd6JNmVcTSJ44EgMMwKm8HZABQ,1780852405,1781457206,5,False,500,1781384823,1781457205,12.01,False,r0b
back__8vMEEi7ucqTSxPixntJMdckpfHgYHcGpeytQm5wBSrtW__1781457243,back,8vMEEi7ucqTSxPixntJMdckpfHgYHcGpeytQm5wBSrtW,1780852443,1781457244,1,True,13,1781448825,1781457243,1.41,False,r0b
back__CdHueyD8NrLDYQtayAeAvFJTCWmmBsgCV3dmgqxDS6mP__1781457243,back,CdHueyD8NrLDYQtayAeAvFJTCWmmBsgCV3dmgqxDS6mP,1780852443,1781457244,5,False,500,1781381321,1781457243,11.24,False,r0b
back__DEdEW3SMPU2dCfXEcgj2YppmX9H3bnMDJaU4ctn2BQDQ__1781457367,back,DEdEW3SMPU2dCfXEcgj2YppmX9H3bnMDJaU4ctn2BQDQ,1780852567,1781457368,2,True,169,1780855557,1781457367,4.42,False,r0b
back__9s6jeGZWxA6B5BnywXSd7DFujjoLSBXoi6zeVSrurCiq__1781457367,back,9s6jeGZWxA6B5BnywXSd7DFujjoLSBXoi6zeVSrurCiq,1780852567,1781457368,2,True,118,1780855557,1781457367,3.93,False,r0b
back__fRECQzM5DMh9cmzzDv8guiXgEdMQExjChvpQozQNhCT__1781457367,back,fRECQzM5DMh9cmzzDv8guiXgEdMQExjChvpQozQNhCT,1780852567,1781457368,2,True,143,1780855557,1781457367,4.0,False,r0b
back__JE94caWTh51Yyo16oY3eoST7nZJJUa7HAN6puWB3b8BV__1781457367,back,JE94caWTh51Yyo16oY3eoST7nZJJUa7HAN6puWB3b8BV,1780852567,1781457368,1,True,36,1781125782,1781457367,2.07,False,r0b
back__7D7vjy9BAYxY19U4dGUZ56xbkqvGwDGpD2NQ3hokzNbC__1781457367,back,7D7vjy9BAYxY19U4dGUZ56xbkqvGwDGpD2NQ3hokzNbC,1780852567,1781457368,1,True,88,1780855557,1781457367,2.26,False,r0b
back__FKF3d7u3KpqgsPpf9C5ZyXgvjqFFHcmTxsWtuYNGiiLu__1781457367,back,FKF3d7u3KpqgsPpf9C5ZyXgvjqFFHcmTxsWtuYNGiiLu,1780852567,1781457368,3,True,266,1781430776,1781457367,6.42,False,r0b
back__3Xk2EuuSwKgniGNA4XkB33YY4mnEvcMnTLNpkKgGa14X__1781457367,back,3Xk2EuuSwKgniGNA4XkB33YY4mnEvcMnTLNpkKgGa14X,1780852567,1781457368,5,False,500,1781368810,1781457367,11.27,False,r0b
back__Hn9B5qcoHAQZg6YsjT6twgugzw1YTNF9qahC1n7UKBao__1781457367,back,Hn9B5qcoHAQZg6YsjT6twgugzw1YTNF9qahC1n7UKBao,1780852567,1781457368,5,False,500,1781424458,1781457367,11.03,False,r0b
back__SF9TGdsfTPcA3ZVmPdPtYphgzRg6ZqUY4hnjPgjD1MW__1781457367,back,SF9TGdsfTPcA3ZVmPdPtYphgzRg6ZqUY4hnjPgjD1MW,1780852567,1781457368,5,False,500,1781419457,1781457367,11.54,False,r0b
back__sdQ3nsqfX1cgqYLipBFf6C39LSk1Jg1P2psAdnKWBng__1781457367,back,sdQ3nsqfX1cgqYLipBFf6C39LSk1Jg1P2psAdnKWBng,1780852567,1781457368,5,False,500,1781451978,1781457367,12.38,False,r0b
back__88RqrAr2VuNxZv2A1dBBKDpPnfRgNdshuR9RrN7MhwZK__1781457372,back,88RqrAr2VuNxZv2A1dBBKDpPnfRgNdshuR9RrN7MhwZK,1780852572,1781457373,5,False,500,1781408779,1781457372,12.18,False,r0b
back__5UQYoJBkxGhMUBWpgXXWZwvtHdSkXxjJpgD4crpiqMyA__1781457372,back,5UQYoJBkxGhMUBWpgXXWZwvtHdSkXxjJpgD4crpiqMyA,1780852572,1781457373,5,False,500,1781198223,1781457372,12.13,False,r0b
back__Fuv7vNA1c95SSQegWb6TUU3Nxu12t6KXGH8mwTeEFPPJ__1781457380,back,Fuv7vNA1c95SSQegWb6TUU3Nxu12t6KXGH8mwTeEFPPJ,1780852580,1781457381,5,False,500,1781334994,1781457380,11.08,False,r0b
back__9yzDcVC569tYadQqmuNPGNNa3ZmHA6AY7tdgWnSEvDbi__1780469887,back,9yzDcVC569tYadQqmuNPGNNa3ZmHA6AY7tdgWnSEvDbi,1779865087,1780469888,5,False,500,1780437835,1780469887,11.26,False,r0b
back__63mQXMFoS3jNYkUhysUCMkyodZKGWm53aiNN8HZzXyRr__1780469888,back,63mQXMFoS3jNYkUhysUCMkyodZKGWm53aiNN8HZzXyRr,1779865088,1780469889,2,True,101,1779904730,1780469888,3.58,False,r0b
back__AjH7pgnrACPU5q7MfHZ5X3dXnuHAvXyPqM6nykCbGJYC__1780469888,back,AjH7pgnrACPU5q7MfHZ5X3dXnuHAvXyPqM6nykCbGJYC,1779865088,1780469889,2,True,118,1779868643,1780469888,3.8,False,r0b
back__9KmYzDwDSc5pHtmcwxsBZMzJhkRRzwKmkdYMogYPe5i9__1780469888,back,9KmYzDwDSc5pHtmcwxsBZMzJhkRRzwKmkdYMogYPe5i9,1779865088,1780469889,1,True,70,1780122775,1780469888,2.21,False,r0b
back__EdA9biWFAALSYeGrnRQ7SZvf27wJi34gSBR7C7BCHq7R__1780469888,back,EdA9biWFAALSYeGrnRQ7SZvf27wJi34gSBR7C7BCHq7R,1779865088,1780469889,1,True,18,1780454925,1780469888,1.58,False,r0b
back__3Sfme9Wt5S3NPzhc7xZpxwByn3EVYUXgkbHXi9im93An__1780469888,back,3Sfme9Wt5S3NPzhc7xZpxwByn3EVYUXgkbHXi9im93An,1779865088,1780469889,5,False,500,1780352278,1780469888,10.59,False,r0b
back__85YwZaQa8SATizDxCwZ8z5EpdpLvy5Ub9zp1a3TkaHrL__1780469888,back,85YwZaQa8SATizDxCwZ8z5EpdpLvy5Ub9zp1a3TkaHrL,1779865088,1780469889,5,False,500,1780238759,1780469888,11.19,False,r0b
back__qv1u2vPiuvJCzRPJ3ywovSYJG117zGbisXjMJtrGkvd__1780469888,back,qv1u2vPiuvJCzRPJ3ywovSYJG117zGbisXjMJtrGkvd,1779865088,1780469889,5,False,500,1780435915,1780469888,10.94,False,r0b
back__3K95DX2TLQkibB98AaegFPa7ojy51HKidreKkrN9Rg2d__1780469888,back,3K95DX2TLQkibB98AaegFPa7ojy51HKidreKkrN9Rg2d,1779865088,1780469889,5,False,500,1780427959,1780469888,11.57,False,r0b
back__4fTbqjnQmRM1awkTpefPeUeci93ceDdSimzs9SQqMy9d__1780469888,back,4fTbqjnQmRM1awkTpefPeUeci93ceDdSimzs9SQqMy9d,1779865088,1780469889,5,False,500,1780407178,1780469888,11.39,False,r0b
back__nya666pQkP3PzWxi7JngU3rRMHuc7zbLK8c8wxQ4qpT__1780469888,back,nya666pQkP3PzWxi7JngU3rRMHuc7zbLK8c8wxQ4qpT,1779865088,1780469889,5,False,500,1780448641,1780469888,12.02,False,r0b
back__tcnyrSx8TBJjRVAo4ZibcUyfbjhK8cMWoDXWZkTbni5__1780469888,back,tcnyrSx8TBJjRVAo4ZibcUyfbjhK8cMWoDXWZkTbni5,1779865088,1780469889,4,True,375,1779879648,1780469888,8.81,False,r0b
back__Hwp5DP7eRLFTwVFCknryCRG6VsuqjB2xuiD348GkpLGa__1780469888,back,Hwp5DP7eRLFTwVFCknryCRG6VsuqjB2xuiD348GkpLGa,1779865088,1780469889,5,False,500,1780079024,1780469888,10.82,False,r0b
back__ayaCRDLwYRqAvPnrpwnkUsxrqx4hniVaWAGHYG5DGBD__1780469888,back,ayaCRDLwYRqAvPnrpwnkUsxrqx4hniVaWAGHYG5DGBD,1779865088,1780469889,5,False,500,1780432119,1780469888,11.46,False,r0b
back__7HwqTbpxyHvaEtdwzYomrhtWCF1XpHcqqQkEVnq9jCML__1780469888,back,7HwqTbpxyHvaEtdwzYomrhtWCF1XpHcqqQkEVnq9jCML,1779865088,1780469889,5,True,470,1780368290,1780469888,10.61,False,r0b
back__GpWzQoGQRY5Lcb4NTeZvb2HjCcG5y8Wy46TBejzZu18g__1780469888,back,GpWzQoGQRY5Lcb4NTeZvb2HjCcG5y8Wy46TBejzZu18g,1779865088,1780469889,5,False,500,1780314450,1780469888,11.71,False,r0b
back__Hizm5RqiLwx7EeXXYEQ8tp25ZHZZDbPXChSj1qskVUi8__1780469890,back,Hizm5RqiLwx7EeXXYEQ8tp25ZHZZDbPXChSj1qskVUi8,1779865090,1780469891,5,False,500,1780128448,1780469890,11.99,False,r0b
back__AVjEtg2ECYKXYeqdRQXvaaAZBjfTjYuSMTR4WLhKoeQN__1780469890,back,AVjEtg2ECYKXYeqdRQXvaaAZBjfTjYuSMTR4WLhKoeQN,1779865090,1780469891,5,False,500,1780133020,1780469890,11.66,False,r0b
back__4NGX3sD6PQJLwPCSHdLTACFzLRqR1JhpUEtjpsmCAwGn__1780469890,back,4NGX3sD6PQJLwPCSHdLTACFzLRqR1JhpUEtjpsmCAwGn,1779865090,1780469891,5,False,500,1780132020,1780469890,11.76,False,r0b
back__CoLABCacdPmEYPtiCkEaD5kED6tj9AD46caJsPnxgcYa__1780469890,back,CoLABCacdPmEYPtiCkEaD5kED6tj9AD46caJsPnxgcYa,1779865090,1780469891,5,False,500,1780195925,1780469890,11.73,False,r0b
back__D4STqggKEadihWNWuzYZ91ag8n3sGdsMc3oxJtrujDAb__1780469890,back,D4STqggKEadihWNWuzYZ91ag8n3sGdsMc3oxJtrujDAb,1779865090,1780469891,5,False,500,1780363606,1780469890,12.75,False,r0b
back__EY9UZTYGBXUxda5WeFHt8yqXm29fbKFjCBfrW5iJxUxB__1780469891,back,EY9UZTYGBXUxda5WeFHt8yqXm29fbKFjCBfrW5iJxUxB,1779865091,1780469892,5,False,500,1780431819,1780469891,11.91,False,r0b
back__Dpdn5FZL9wHeWipULCbfirkxBVyb8aZRn4bJBY6p2Xt9__1780469891,back,Dpdn5FZL9wHeWipULCbfirkxBVyb8aZRn4bJBY6p2Xt9,1779865091,1780469892,5,False,500,1780431819,1780469891,11.95,False,r0b
back__Bq5VTQ5dvWJgRA1wumMYkajnLQVFEXiHjCx1RZrERhKU__1780469891,back,Bq5VTQ5dvWJgRA1wumMYkajnLQVFEXiHjCx1RZrERhKU,1779865091,1780469892,5,False,500,1780431817,1780469891,11.39,False,r0b
back__GQPKqpfEm3SmqGVJCyFjd5icjyFuBSD84EbaUzky2ksi__1780469892,back,GQPKqpfEm3SmqGVJCyFjd5icjyFuBSD84EbaUzky2ksi,1779865092,1780469893,5,False,500,1780350007,1780469892,11.03,False,r0b
back__8gvywiPi18gyy1r7tGAxdN1gm9tZKz552RFPNWvAZoKK__1780469894,back,8gvywiPi18gyy1r7tGAxdN1gm9tZKz552RFPNWvAZoKK,1779865094,1780469895,1,True,44,1780465757,1780469894,2.21,False,r0b
back__HHivwbAZ1MkKv8QAo6uES1SBLWg7PrqWEmq5zX4GtJ92__1780469894,back,HHivwbAZ1MkKv8QAo6uES1SBLWg7PrqWEmq5zX4GtJ92,1779865094,1780469895,2,True,118,1780421404,1780469894,4.15,False,r0b
back__DXr63w8BdwiRrNjcVNhp1suw1CSTpZkj3D4WMgLJXgSB__1780469894,back,DXr63w8BdwiRrNjcVNhp1suw1CSTpZkj3D4WMgLJXgSB,1779865094,1780469895,1,True,85,1780454607,1780469894,2.23,False,r0b
back__NCBbdaMCv4m8vK9eguvMeHUM8VKN8yb66eYamSuammJ__1780469894,back,NCBbdaMCv4m8vK9eguvMeHUM8VKN8yb66eYamSuammJ,1779865094,1780469895,2,True,195,1780033600,1780469894,4.72,False,r0b
back__ExQ2NU9Fj3FcGzd5hPWP7LTe5QxnrwvBhkfVByhwhWw3__1780469894,back,ExQ2NU9Fj3FcGzd5hPWP7LTe5QxnrwvBhkfVByhwhWw3,1779865094,1780469895,5,False,500,1780311291,1780469894,11.76,False,r0b
back__7geTmBsLGSxyGgnUniKc2MmTngyLYtRrS6nVUFEWUcaw__1780355965,back,7geTmBsLGSxyGgnUniKc2MmTngyLYtRrS6nVUFEWUcaw,1779751165,1780355966,1,True,12,1780262083,1780355965,1.42,False,r0b
back__5Ecfy9CjKoQevrDwcUxkZn4iaXcvRvNPhPUrSG7PBj9J__1780355965,back,5Ecfy9CjKoQevrDwcUxkZn4iaXcvRvNPhPUrSG7PBj9J,1779751165,1780355966,1,True,36,1780249097,1780355965,1.67,False,r0b
back__4jb5VzjLKnWU8ACLqBj8W6dKDaRBpBtHiPD3sVFHXzst__1780355965,back,4jb5VzjLKnWU8ACLqBj8W6dKDaRBpBtHiPD3sVFHXzst,1779751165,1780355966,1,True,7,1780195625,1780355965,1.21,False,r0b
back__Be5YYXMmEPrqts8vD7mSrDuS9Zxe9y13Sbz83Qg8bJ3m__1780355965,back,Be5YYXMmEPrqts8vD7mSrDuS9Zxe9y13Sbz83Qg8bJ3m,1779751165,1780355966,1,True,49,1780195357,1780355965,1.71,False,r0b
back__A3dzrN4JAGLCkP4cw64sRzuXdJdr4uP6xKA7MSRnz1nC__1780355965,back,A3dzrN4JAGLCkP4cw64sRzuXdJdr4uP6xKA7MSRnz1nC,1779751165,1780355966,1,True,48,1779907415,1780355965,1.83,False,r0b
back__4a2umrC6nG7MEhcCBX23uEmiB8DPJpv4ujRZs8sTSUxm__1780355965,back,4a2umrC6nG7MEhcCBX23uEmiB8DPJpv4ujRZs8sTSUxm,1779751165,1780355966,1,True,25,1779908953,1780355965,1.68,False,r0b
back__Fuk9fTLX49eDj4tCGF1z7YJbGqUPL47QHRpfwCVVsfHZ__1780355965,back,Fuk9fTLX49eDj4tCGF1z7YJbGqUPL47QHRpfwCVVsfHZ,1779751165,1780355966,1,True,50,1779755467,1780355965,2.15,False,r0b
back__BPKRXEyb2ZXQJRL38x82LuhJVA9RL7dHuwZVnqDKFVou__1780355965,back,BPKRXEyb2ZXQJRL38x82LuhJVA9RL7dHuwZVnqDKFVou,1779751165,1780355966,5,True,414,1780025679,1780355965,9.49,False,r0b
back__DiQMtArRMo7KxdxYfqLGKzZB4g3XaXY4Bts2w13nEP2c__1780355965,back,DiQMtArRMo7KxdxYfqLGKzZB4g3XaXY4Bts2w13nEP2c,1779751165,1780355966,5,False,500,1780343133,1780355965,11.75,False,r0b
back__AYkzV5sfHEeePG3egRnhdrPfewZSp4NbYgkAvZBkqTnF__1780355966,back,AYkzV5sfHEeePG3egRnhdrPfewZSp4NbYgkAvZBkqTnF,1779751166,1780355967,1,True,6,1780253531,1780355966,1.26,False,r0b
back__EEcKvinAVa5v9Sn2BDebwdokCVvqd7o2H4xHfzogoJ67__1780355966,back,EEcKvinAVa5v9Sn2BDebwdokCVvqd7o2H4xHfzogoJ67,1779751166,1780355967,1,True,4,1780085111,1780355966,1.13,False,r0b
back__7T1MgmWyXYTAKLQubUcF1eh2smHZGuRaTH9MW75DHGFk__1780355966,back,7T1MgmWyXYTAKLQubUcF1eh2smHZGuRaTH9MW75DHGFk,1779751166,1780355967,1,True,8,1780353459,1780355966,1.28,False,r0b
back__5miHi7dtkbFwxeqZSV5T2EDiYAbVWnLZtpzvTt7iN7My__1780355967,back,5miHi7dtkbFwxeqZSV5T2EDiYAbVWnLZtpzvTt7iN7My,1779751167,1780355968,1,True,21,1780332957,1780355967,1.74,False,r0b
back__D73FPgopXfHZek7u8B4BhcL9P4pfWPfkJkeUAmcsnh2k__1780355967,back,D73FPgopXfHZek7u8B4BhcL9P4pfWPfkJkeUAmcsnh2k,1779751167,1780355968,1,True,20,1780332958,1780355967,1.67,False,r0b
back__Gt38W6ie2XehdEcbCDWZz4U1NAB2udpuCYZccEC66VHn__1780355967,back,Gt38W6ie2XehdEcbCDWZz4U1NAB2udpuCYZccEC66VHn,1779751167,1780355968,1,True,20,1780332956,1780355967,1.64,False,r0b
back__Anubis512ho5t7S6LNSwoxUWdeQmX2kf3RvZ8ApHHF5w__1780355967,back,Anubis512ho5t7S6LNSwoxUWdeQmX2kf3RvZ8ApHHF5w,1779751167,1780355968,5,False,500,1780350669,1780355967,11.69,False,r0b
back__H4CFJUuzYsEhzHkD65H3aXBrFyWC7zj5wZC9GfyJMTb4__1780355967,back,H4CFJUuzYsEhzHkD65H3aXBrFyWC7zj5wZC9GfyJMTb4,1779751167,1780355968,1,True,10,1780013826,1780355967,1.55,False,r0b
back__3HfLs1VDGvZ3iMGiu1iQNRudULCwjfZyDwrVR4FEyVf4__1780355967,back,3HfLs1VDGvZ3iMGiu1iQNRudULCwjfZyDwrVR4FEyVf4,1779751167,1780355968,2,True,165,1779751288,1780355967,4.51,False,r0b
back__GGsCzM7aohuZEvYgmPxbPZ4a7f64j4d2YM4zo1Vs3rXz__1780355967,back,GGsCzM7aohuZEvYgmPxbPZ4a7f64j4d2YM4zo1Vs3rXz,1779751167,1780355968,5,False,500,1780143065,1780355967,12.1,False,r0b
back__JEAYzwR2kYLRCVWkXTyB35rejx1xqxauu2TpFcQMguxZ__1780355967,back,JEAYzwR2kYLRCVWkXTyB35rejx1xqxauu2TpFcQMguxZ,1779751167,1780355968,5,False,500,1780144417,1780355967,11.97,False,r0b
back__GBvEJBdHfGYAjTdU2AN45BcoydgnDDWx6frFzXUkHdt6__1780355967,back,GBvEJBdHfGYAjTdU2AN45BcoydgnDDWx6frFzXUkHdt6,1779751167,1780355968,5,False,500,1780144550,1780355967,12.54,False,r0b
back__6TAXiK1fT87LrYNWd4Likpe9hkXHreLyCNvUCBVR1uVK__1780355968,back,6TAXiK1fT87LrYNWd4Likpe9hkXHreLyCNvUCBVR1uVK,1779751168,1780355969,5,False,500,1780182703,1780355968,10.89,False,r0b
back__CDkVHiRu363Atxe9Hv1a8zgWEtZn4G1xNyuqWb9iJ5Xt__1780355968,back,CDkVHiRu363Atxe9Hv1a8zgWEtZn4G1xNyuqWb9iJ5Xt,1779751168,1780355969,5,False,500,1779981641,1780355968,11.52,False,r0b
back__DSMMszFoe51bNs99kxhZqy9eKFiUH4Gd713wRZshq3bu__1780355968,back,DSMMszFoe51bNs99kxhZqy9eKFiUH4Gd713wRZshq3bu,1779751168,1780355969,5,False,500,1779897489,1780355968,12.29,False,r0b
back__6kDduHAZ7ZoYhhxfDhj8knXdjeFNEEFUbezQvKtDDPLZ__1780355968,back,6kDduHAZ7ZoYhhxfDhj8knXdjeFNEEFUbezQvKtDDPLZ,1779751168,1780355969,5,False,500,1780277358,1780355968,10.92,False,r0b
back__DzceWUqPfQQRgSm4hpbjniRhXoZMimLuuy3dt8wsRkfH__1780355968,back,DzceWUqPfQQRgSm4hpbjniRhXoZMimLuuy3dt8wsRkfH,1779751168,1780355969,1,True,51,1779829620,1780355968,2.19,False,r0b
back__Amw6N53huSD3NjdCo5FbzzGCTt1AkqT7jPEfWAPjd48Y__1780355968,back,Amw6N53huSD3NjdCo5FbzzGCTt1AkqT7jPEfWAPjd48Y,1779751168,1780355969,5,False,500,1780253337,1780355968,12.24,False,r0b
back__CMY9PVCzMR1AvN17rK9iArYpcZZxTLZoiCgK8qHDSWj5__1780355968,back,CMY9PVCzMR1AvN17rK9iArYpcZZxTLZoiCgK8qHDSWj5,1779751168,1780355969,5,False,500,1780271738,1780355968,12.03,False,r0b
back__HWY5Ayh8c9k1swUVNGGFuK6BFdrVerQBF96ihqUcWFmh__1780355968,back,HWY5Ayh8c9k1swUVNGGFuK6BFdrVerQBF96ihqUcWFmh,1779751168,1780355969,5,False,500,1780328884,1780355968,12.01,False,r0b
back__DtuCsfYR9LKe8RPck3dzpmbU9jeEWiz2RWxQYimWMu2S__1780355969,back,DtuCsfYR9LKe8RPck3dzpmbU9jeEWiz2RWxQYimWMu2S,1779751169,1780355970,5,False,500,1780343648,1780355969,11.01,False,r0b
back__67Nwfi9hgwqhxGoovT2JGLU67uxfomLwQAWncjXXzU6U__1781269603,back,67Nwfi9hgwqhxGoovT2JGLU67uxfomLwQAWncjXXzU6U,1780664803,1781269604,5,False,500,1780873239,1781269603,12.82,False,r0b
back__66B95ED19CLsJtsVYPkTBQT3EZPPpEawCimCPruVucSX__1781269603,back,66B95ED19CLsJtsVYPkTBQT3EZPPpEawCimCPruVucSX,1780664803,1781269604,5,False,500,1780683172,1781269603,12.68,False,r0b
back__FrNh9juFCJHS3LvCprAqTSQ9FfUgw1u9rLge5ERHwpwj__1781269603,back,FrNh9juFCJHS3LvCprAqTSQ9FfUgw1u9rLge5ERHwpwj,1780664803,1781269604,5,False,500,1781209681,1781269603,11.28,False,r0b
back__985sqazousgFWXYTMnoLHBsdUfWJfHoCcPCYhkYBhVdZ__1781269604,back,985sqazousgFWXYTMnoLHBsdUfWJfHoCcPCYhkYBhVdZ,1780664804,1781269605,4,True,320,1780665886,1781269604,8.8,False,r0b
back__7vZu6HQakBZmvYjD2GWKLRcdm4vVtaS5qxxrY3bZ1uQP__1781269604,back,7vZu6HQakBZmvYjD2GWKLRcdm4vVtaS5qxxrY3bZ1uQP,1780664804,1781269605,4,True,321,1780665886,1781269604,9.66,False,r0b
back__2ccgxuZv5NEngCwWqj6zjwxHWVc8RDwXgMUfUnmpTYHQ__1781269605,back,2ccgxuZv5NEngCwWqj6zjwxHWVc8RDwXgMUfUnmpTYHQ,1780664805,1781269606,5,False,500,1781201043,1781269605,11.69,False,r0b
back__7qaQFEd4xDW7u1E8ZozoKKWCRARmbqh9MCY4s1mUcDWw__1781269605,back,7qaQFEd4xDW7u1E8ZozoKKWCRARmbqh9MCY4s1mUcDWw,1780664805,1781269606,5,False,500,1781201186,1781269605,11.02,False,r0b
back__CMY9PVCzMR1AvN17rK9iArYpcZZxTLZoiCgK8qHDSWj5__1781269605,back,CMY9PVCzMR1AvN17rK9iArYpcZZxTLZoiCgK8qHDSWj5,1780664805,1781269606,5,False,500,1781204548,1781269605,12.65,False,r0b
back__HWY5Ayh8c9k1swUVNGGFuK6BFdrVerQBF96ihqUcWFmh__1781269605,back,HWY5Ayh8c9k1swUVNGGFuK6BFdrVerQBF96ihqUcWFmh,1780664805,1781269606,5,False,500,1781204526,1781269605,12.17,False,r0b
back__Amw6N53huSD3NjdCo5FbzzGCTt1AkqT7jPEfWAPjd48Y__1781269605,back,Amw6N53huSD3NjdCo5FbzzGCTt1AkqT7jPEfWAPjd48Y,1780664805,1781269606,5,False,500,1781204533,1781269605,11.52,False,r0b
back__APUYxGfKmJL7dJbve8k6k2ANeLUqAvLJKCBzr3ujL62G__1781269605,back,APUYxGfKmJL7dJbve8k6k2ANeLUqAvLJKCBzr3ujL62G,1780664805,1781269606,5,False,500,1781228136,1781269605,12.43,False,r0b
back__BNwVduQq1AH3ee5hnLQtbJmPyrBJHaS29b6VQt3pzvsR__1781269605,back,BNwVduQq1AH3ee5hnLQtbJmPyrBJHaS29b6VQt3pzvsR,1780664805,1781269606,5,False,500,1780994493,1781269605,11.74,False,r0b
back__5HsChPkobFXfABqQgf223a4sdsyYuWecUG2VJXfCxE3r__1781269605,back,5HsChPkobFXfABqQgf223a4sdsyYuWecUG2VJXfCxE3r,1780664805,1781269606,5,False,500,1781255352,1781269605,11.22,False,r0b
back__Ez2jYoXp45DZxr7JVhiqbDNirgBT37MErjZGxA8jZkTf__1781269605,back,Ez2jYoXp45DZxr7JVhiqbDNirgBT37MErjZGxA8jZkTf,1780664805,1781269606,5,False,500,1781256657,1781269605,10.73,False,r0b
back__DDDD2zvzaPMLuZiC2Vos2i6TLFjJJ3bi1pN7kXQc3R5R__1781269605,back,DDDD2zvzaPMLuZiC2Vos2i6TLFjJJ3bi1pN7kXQc3R5R,1780664805,1781269606,5,False,500,1781218114,1781269605,11.11,False,r0b
back__Anubis512ho5t7S6LNSwoxUWdeQmX2kf3RvZ8ApHHF5w__1781269605,back,Anubis512ho5t7S6LNSwoxUWdeQmX2kf3RvZ8ApHHF5w,1780664805,1781269606,5,False,500,1781238450,1781269605,11.64,False,r0b
back__FLXsNvk2kNARLsEmcj4KnkLK9pBB1FS1H6fELaS2njgD__1781269605,back,FLXsNvk2kNARLsEmcj4KnkLK9pBB1FS1H6fELaS2njgD,1780664805,1781269606,4,True,335,1781013327,1781269605,8.56,False,r0b
back__6XZdcuivtoYyUD1bWuxSNm7cifmNYW5krcAV9rSnJuM2__1781269606,back,6XZdcuivtoYyUD1bWuxSNm7cifmNYW5krcAV9rSnJuM2,1780664806,1781269607,4,True,323,1780665820,1781269606,9.54,False,r0b
back__6hYU7Z9BSmWaQgqkcJrs3VduTQAy5hgE2PKFEgwwxRhm__1781269606,back,6hYU7Z9BSmWaQgqkcJrs3VduTQAy5hgE2PKFEgwwxRhm,1780664806,1781269607,1,True,65,1780912577,1781269606,2.44,False,r0b
back__BFEWe5Ww1YLeh2vGgPkjrhjrwWBDJUs1n2mNjDmvnsQ1__1781269606,back,BFEWe5Ww1YLeh2vGgPkjrhjrwWBDJUs1n2mNjDmvnsQ1,1780664806,1781269607,4,True,367,1780665820,1781269606,9.15,False,r0b
back__D4STqggKEadihWNWuzYZ91ag8n3sGdsMc3oxJtrujDAb__1781269606,back,D4STqggKEadihWNWuzYZ91ag8n3sGdsMc3oxJtrujDAb,1780664806,1781269607,5,False,500,1781245358,1781269606,10.86,False,r0b
back__GW4oDYDVYA4kaH8gzSicdjHXHNj5Ru3WWcW7gWQbWegg__1781269607,back,GW4oDYDVYA4kaH8gzSicdjHXHNj5Ru3WWcW7gWQbWegg,1780664807,1781269608,5,False,500,1781205978,1781269607,11.17,False,r0b
back__5MTFCNHteKNV7YBxSSkb7Bdp2pDy6wsEduC5dtDb7FAE__1781269607,back,5MTFCNHteKNV7YBxSSkb7Bdp2pDy6wsEduC5dtDb7FAE,1780664807,1781269608,5,False,500,1781167160,1781269607,11.28,False,r0b
back__3yaGWxjR43RtYYUz29KRRDs7KVZxL7RrcDUjRTUY9qKz__1781269608,back,3yaGWxjR43RtYYUz29KRRDs7KVZxL7RrcDUjRTUY9qKz,1780664808,1781269609,3,True,282,1780721495,1781269608,6.64,False,r0b
back__9k8fSCeUiFPt6umv9E5iWWeiHsPKtbN1W3BJNwXHfcdm__1781269609,back,9k8fSCeUiFPt6umv9E5iWWeiHsPKtbN1W3BJNwXHfcdm,1780664809,1781269610,2,True,155,1780829197,1781269609,4.97,False,r0b
back__Gq1RQQcvbZu9Ud2wVRy6Krh9RsS1ZYbLBsBuMuvCgyRU__1781269611,back,Gq1RQQcvbZu9Ud2wVRy6Krh9RsS1ZYbLBsBuMuvCgyRU,1780664811,1781269612,5,False,500,1781207711,1781269611,12.49,False,r0b
back__DNw3N9rfwv9WZj9E7f23XaN9K7JQCCwfWy8v7MwJUmfx__1781269613,back,DNw3N9rfwv9WZj9E7f23XaN9K7JQCCwfWy8v7MwJUmfx,1780664813,1781269614,5,False,500,1780833412,1781269613,13.22,False,r0b
back__Dwo2kj88YYhwcFJiybTjXezR9a6QjkMASz5xXD7kujXC__1781269613,back,Dwo2kj88YYhwcFJiybTjXezR9a6QjkMASz5xXD7kujXC,1780664813,1781269614,5,False,500,1781102813,1781269613,10.52,False,r0b
back__kkMrXRWnhkR9vgzmjPSLZTV7N7LsMeyXifPiW1HFWMn__1781269617,back,kkMrXRWnhkR9vgzmjPSLZTV7N7LsMeyXifPiW1HFWMn,1780664817,1781269618,5,False,500,1781119677,1781269617,12.06,False,r0b
back__Dfxb4C82fDRMYGEvPv5sJnCDLQVuL9UKCf4Eojnudk4__1781269617,back,Dfxb4C82fDRMYGEvPv5sJnCDLQVuL9UKCf4Eojnudk4,1780664817,1781269618,1,True,78,1781258688,1781269617,2.27,False,r0b
back__EJjzXiNsufdjqGranbbGkToRkfsQ7R46eSh2zYbS6Fwa__1780554898,back,EJjzXiNsufdjqGranbbGkToRkfsQ7R46eSh2zYbS6Fwa,1779950098,1780554899,4,True,368,1779950442,1780554898,8.93,False,r0b
back__6SwaPoBVAxbivAxF8jp1D25beGXeUf7BptoGiomPSbXg__1780554898,back,6SwaPoBVAxbivAxF8jp1D25beGXeUf7BptoGiomPSbXg,1779950098,1780554899,4,True,368,1779950442,1780554898,9.26,False,r0b
back__qv1u2vPiuvJCzRPJ3ywovSYJG117zGbisXjMJtrGkvd__1780554898,back,qv1u2vPiuvJCzRPJ3ywovSYJG117zGbisXjMJtrGkvd,1779950098,1780554899,5,False,500,1780513685,1780554898,10.67,False,r0b
back__3s4vqy2GvwvnHYLMp8MNMwo3mRnqJWGrWXwJBywxLyKN__1780554903,back,3s4vqy2GvwvnHYLMp8MNMwo3mRnqJWGrWXwJBywxLyKN,1779950103,1780554904,5,True,407,1779950713,1780554903,11.03,False,r0b
back__DtK8Juu8UgwTFfHq5mGv6GFHxYrXXiNq8eurd4wdYvnw__1780554903,back,DtK8Juu8UgwTFfHq5mGv6GFHxYrXXiNq8eurd4wdYvnw,1779950103,1780554904,4,True,356,1779950490,1780554903,10.37,False,r0b
back__F11VdEewvN7PgfM3J6KpU916NxdWTUHNcEZSWipgtbge__1780554903,back,F11VdEewvN7PgfM3J6KpU916NxdWTUHNcEZSWipgtbge,1779950103,1780554904,4,True,352,1779950713,1780554903,8.9,False,r0b
back__B6JXTwVNsnc7w5S7crTU1s8JoALAdRmGfqVtr8ZTXtiV__1780554914,back,B6JXTwVNsnc7w5S7crTU1s8JoALAdRmGfqVtr8ZTXtiV,1779950114,1780554915,4,True,389,1779950442,1780554914,9.67,False,r0b
back__DWujJDzSBYixJ8o8X1mRWy4QoVnKWQkFziReJ4dHyynw__1780554914,back,DWujJDzSBYixJ8o8X1mRWy4QoVnKWQkFziReJ4dHyynw,1779950114,1780554915,4,True,385,1779950713,1780554914,9.41,False,r0b
back__Bdbq3LHqh7xHHAoAcw7LmFZr7C4DhvfUvbHkpLDGcMHS__1780554914,back,Bdbq3LHqh7xHHAoAcw7LmFZr7C4DhvfUvbHkpLDGcMHS,1779950114,1780554915,5,True,446,1779950290,1780554914,11.22,False,r0b
back__DeYQvDiVhJLRxvDbYSJP5vDcSbeppTkofDN5QhGTHmn9__1780554914,back,DeYQvDiVhJLRxvDbYSJP5vDcSbeppTkofDN5QhGTHmn9,1779950114,1780554915,5,True,402,1779950713,1780554914,10.55,False,r0b
back__DQgTPE4QW6kHKs2fbQUZFFA2KZtStNdpFh2f2VYGoiRh__1780554914,back,DQgTPE4QW6kHKs2fbQUZFFA2KZtStNdpFh2f2VYGoiRh,1779950114,1780554915,5,False,500,1780516925,1780554914,11.59,False,r0b
back__NULLioEUhd89Jo5Acm9sX88bwjNjrsAVy6KWkXD7qZh__1780554914,back,NULLioEUhd89Jo5Acm9sX88bwjNjrsAVy6KWkXD7qZh,1779950114,1780554915,5,False,500,1780504140,1780554914,12.92,False,r0b
back__A7XHyQx2vRhiEegLLHdq5Qr3vag4pKMvGgVAorttQB5U__1780554919,back,A7XHyQx2vRhiEegLLHdq5Qr3vag4pKMvGgVAorttQB5U,1779950119,1780554920,5,True,414,1779950713,1780554919,11.54,False,r0b
back__7kxMomRW3PfLCkkMLaYhw8UgW2CGW2GDZRH68dNa7s4q__1780554919,back,7kxMomRW3PfLCkkMLaYhw8UgW2CGW2GDZRH68dNa7s4q,1779950119,1780554920,4,True,359,1779950383,1780554919,9.63,False,r0b
back__EibKP6SP3xwCjuUh57LmvWg4HZQW2XeDEzeivKV2ytk1__1780554919,back,EibKP6SP3xwCjuUh57LmvWg4HZQW2XeDEzeivKV2ytk1,1779950119,1780554920,5,True,445,1779950713,1780554919,11.13,False,r0b
back__7GdUX7Q82J4btnV5Q9z6AihcKNsM2qQD64saig2bq4Qi__1780554919,back,7GdUX7Q82J4btnV5Q9z6AihcKNsM2qQD64saig2bq4Qi,1779950119,1780554920,5,True,439,1779950339,1780554919,11.94,False,r0b
back__DGJX5Phf9drKA2pq7vcXxBEBZ2cE38bQuiQrA1byvdbC__1780554920,back,DGJX5Phf9drKA2pq7vcXxBEBZ2cE38bQuiQrA1byvdbC,1779950120,1780554921,5,False,500,1780516083,1780554920,11.84,False,r0b
back__7pc2yF9aRhUMSWwErYmhHTfz3ogreykL4K3jMmzABcu2__1780554926,back,7pc2yF9aRhUMSWwErYmhHTfz3ogreykL4K3jMmzABcu2,1779950126,1780554927,5,False,500,1780116327,1780554926,12.06,False,r0b
back__GYAVBLqXF35FVM7GvwJ62jAdbxMQiv5udzVv1WNL9WxR__1780554926,back,GYAVBLqXF35FVM7GvwJ62jAdbxMQiv5udzVv1WNL9WxR,1779950126,1780554927,5,False,500,1780029662,1780554926,11.62,False,r0b
back__EHWxgiZULFXKaFwiTMJTD48R3YbhQ9cKApFkqMyrTwU1__1780554926,back,EHWxgiZULFXKaFwiTMJTD48R3YbhQ9cKApFkqMyrTwU1,1779950126,1780554927,5,True,449,1779950382,1780554926,12.43,False,r0b
back__Gz6e4zsV9xXufGTRQMGBGHweef7tjS8arinYHPuX1PzD__1780554926,back,Gz6e4zsV9xXufGTRQMGBGHweef7tjS8arinYHPuX1PzD,1779950126,1780554927,4,True,369,1779950442,1780554926,10.02,False,r0b
back__HrUT5GSNDXot1JkkQemPeSnJ3JTnaMzXCuHiGdBF1EQW__1780554926,back,HrUT5GSNDXot1JkkQemPeSnJ3JTnaMzXCuHiGdBF1EQW,1779950126,1780554927,5,False,500,1780030355,1780554926,12.44,False,r0b
back__C5ePCZpy6EaPGWu5ricgu8KmEh4dmRjJvS67g5Ck1jou__1780554926,back,C5ePCZpy6EaPGWu5ricgu8KmEh4dmRjJvS67g5Ck1jou,1779950126,1780554927,5,False,500,1780254657,1780554926,11.74,False,r0b
back__HG99ndkaysEa96i7Ab4VK32JYVit4QP62mEiC3bC2yUr__1780554937,back,HG99ndkaysEa96i7Ab4VK32JYVit4QP62mEiC3bC2yUr,1779950137,1780554938,4,True,393,1779950387,1780554937,9.6,False,r0b
back__53Eg4YE5uaWYWTPEUzGs1Eh1N17avSwiQkYpusNqz3Jd__1780554937,back,53Eg4YE5uaWYWTPEUzGs1Eh1N17avSwiQkYpusNqz3Jd,1779950137,1780554938,4,True,374,1779950387,1780554937,9.88,False,r0b
back__Cgz6Sm1RiwMCZWFXGouDmuzUd2EQCNDh1WcK9VDhxqT5__1780554938,back,Cgz6Sm1RiwMCZWFXGouDmuzUd2EQCNDh1WcK9VDhxqT5,1779950138,1780554939,4,True,342,1779950492,1780554938,9.43,False,r0b
back__AEcdcV8hH75T3iaipiFJdu4zgmwKDJ4wMotE8JfUwqwz__1780554938,back,AEcdcV8hH75T3iaipiFJdu4zgmwKDJ4wMotE8JfUwqwz,1779950138,1780554939,4,True,396,1779950713,1780554938,9.21,False,r0b
back__AiXHpHjKyCfAhcLx7mYGrRGvXRzR6R2AvetSMKeBTMQb__1780554945,back,AiXHpHjKyCfAhcLx7mYGrRGvXRzR6R2AvetSMKeBTMQb,1779950145,1780554946,5,True,424,1779950362,1780554945,12.35,False,r0b
back__5JngeBWZppUJ8FwjnN15PUxKHfU5e8tH2rTouGQDN8vt__1780554945,back,5JngeBWZppUJ8FwjnN15PUxKHfU5e8tH2rTouGQDN8vt,1779950145,1780554946,4,True,370,1779950713,1780554945,9.55,False,r0b
back__48rHxsuAUCQYkJdBEXJPUU3UkAXVRs51vJK7Qq5oewWn__1780554945,back,48rHxsuAUCQYkJdBEXJPUU3UkAXVRs51vJK7Qq5oewWn,1779950145,1780554946,5,False,500,1780287226,1780554945,12.9,False,r0b
back__x1m4kgcSdqz91S16baLNVhPy7nQauthxzjAYyFEebgg__1781108269,back,x1m4kgcSdqz91S16baLNVhPy7nQauthxzjAYyFEebgg,1780503469,1781108270,5,False,500,1780941028,1781108269,12.62,False,r0b
back__Gc8VyE7sd2D4FC1QeP9yD8Uy9UeP3r7GnFDQqhyRtgsS__1781108271,back,Gc8VyE7sd2D4FC1QeP9yD8Uy9UeP3r7GnFDQqhyRtgsS,1780503471,1781108272,5,False,500,1780768751,1781108271,13.26,False,r0b
back__8BZQcH4HM37rWoXtmtCzB81kXAjg2WiCVRgz4zechRGG__1781108271,back,8BZQcH4HM37rWoXtmtCzB81kXAjg2WiCVRgz4zechRGG,1780503471,1781108272,2,True,177,1780509036,1781108271,5.23,False,r0b
back__DreALpD3FPgkojwGQ1F5Gtw9HY7YKRZ9dTRDHbA8dJqS__1781108271,back,DreALpD3FPgkojwGQ1F5Gtw9HY7YKRZ9dTRDHbA8dJqS,1780503471,1781108272,2,True,181,1780504900,1781108271,4.88,False,r0b
back__DTbMwEZ6xfouMAbog188p6FGAk2k9LzJgY3Rd4i5MBRX__1781108271,back,DTbMwEZ6xfouMAbog188p6FGAk2k9LzJgY3Rd4i5MBRX,1780503471,1781108272,5,False,500,1780690677,1781108271,11.13,False,r0b
back__3nDtLwqRK4PJjqSphVyqF33C3MA2iyuMLRH4BTYkC8oC__1781108271,back,3nDtLwqRK4PJjqSphVyqF33C3MA2iyuMLRH4BTYkC8oC,1780503471,1781108272,5,False,500,1781001603,1781108271,11.24,False,r0b
back__6fKGtgUw3kfEG3cxEGBN4RrwybvBv35zY49iCjwQfyka__1781108272,back,6fKGtgUw3kfEG3cxEGBN4RrwybvBv35zY49iCjwQfyka,1780503472,1781108273,5,False,500,1781078371,1781108272,11.18,False,r0b
back__nya666pQkP3PzWxi7JngU3rRMHuc7zbLK8c8wxQ4qpT__1781108272,back,nya666pQkP3PzWxi7JngU3rRMHuc7zbLK8c8wxQ4qpT,1780503472,1781108273,5,False,500,1781090767,1781108272,11.85,False,r0b
back__696969Y6orZEjp4gZtwcCZS7TNVuhMVE6G5mFvdJ4mYq__1781108272,back,696969Y6orZEjp4gZtwcCZS7TNVuhMVE6G5mFvdJ4mYq,1780503472,1781108273,5,False,500,1781030152,1781108272,12.15,False,r0b
back__9VVkRTn3qVyRuBFWLa3cQFS7sNkzi2YwQWnJvPYWcaRy__1781108272,back,9VVkRTn3qVyRuBFWLa3cQFS7sNkzi2YwQWnJvPYWcaRy,1780503472,1781108273,5,False,500,1780948120,1781108272,10.86,False,r0b
back__Go5aSkHhNenbhYojHQsAyjKacgvnB4cUpLwdMikn3Nyx__1781108272,back,Go5aSkHhNenbhYojHQsAyjKacgvnB4cUpLwdMikn3Nyx,1780503472,1781108273,5,False,500,1780961716,1781108272,12.31,False,r0b
back__6EruHA4BzJxnrFWqEa3qoAq9bqtMoYY4d7gvtptEEXzs__1781108273,back,6EruHA4BzJxnrFWqEa3qoAq9bqtMoYY4d7gvtptEEXzs,1780503473,1781108274,2,True,124,1780511877,1781108273,3.96,False,r0b
back__EGYSAB11Xj2FwurDGtZy6RjaJx2EEJkXmBqrohAfGCJK__1781108275,back,EGYSAB11Xj2FwurDGtZy6RjaJx2EEJkXmBqrohAfGCJK,1780503475,1781108276,3,True,259,1780559851,1781108275,6.86,False,r0b
back__DtWfHXFuV1oDchgjwXVEHeohnJTXrQdyumTupbSNPjb2__1781108275,back,DtWfHXFuV1oDchgjwXVEHeohnJTXrQdyumTupbSNPjb2,1780503475,1781108276,5,False,500,1780928468,1781108275,11.98,False,r0b
back__A1i5Jkxo2oAncsKtjStGq98fGk7v1drJRjTjDvDaZAL1__1781108277,back,A1i5Jkxo2oAncsKtjStGq98fGk7v1drJRjTjDvDaZAL1,1780503477,1781108278,5,False,500,1781071663,1781108277,13.41,False,r0b
back__BzXxZSi3Upo5h97Ph7D178wRaQbrVTQBqxeGZxCVa2V1__1781108278,back,BzXxZSi3Upo5h97Ph7D178wRaQbrVTQBqxeGZxCVa2V1,1780503478,1781108279,1,True,95,1780919871,1781108278,2.64,False,r0b
back__GAxRrNkged8bpNecFAxUTNNXbNhY1s95MHg7n9Xyimrv__1781108278,back,GAxRrNkged8bpNecFAxUTNNXbNhY1s95MHg7n9Xyimrv,1780503478,1781108279,2,True,123,1780901196,1781108278,4.27,False,r0b
back__5zz1QLsCDgKTWiC1RciKuEaw2LaZei3M6NPtV8t7gxZj__1781108280,back,5zz1QLsCDgKTWiC1RciKuEaw2LaZei3M6NPtV8t7gxZj,1780503480,1781108281,3,True,246,1780525410,1781108280,6.65,False,r0b
back__DSnJr98RDGyBLSfhinq82GyqUYjQeCPtthpUr4mRFsTM__1781108286,back,DSnJr98RDGyBLSfhinq82GyqUYjQeCPtthpUr4mRFsTM,1780503486,1781108287,3,True,248,1780505349,1781108286,6.54,False,r0b
back__FGB3zBg8RXhG9RT6BqfhPRtuWhwAU85NcxCdgsDJDMGD__1781108286,back,FGB3zBg8RXhG9RT6BqfhPRtuWhwAU85NcxCdgsDJDMGD,1780503486,1781108287,3,True,247,1780505349,1781108286,7.17,False,r0b
back__8dtx2tr4TuJsYpri2suggFu1pg3DVjFLBBVmhtDy1MEF__1781108286,back,8dtx2tr4TuJsYpri2suggFu1pg3DVjFLBBVmhtDy1MEF,1780503486,1781108287,5,False,500,1781046648,1781108286,11.62,False,r0b
back__72uqVNyghpxYhPzqcCnz9edLEh52XVz1veK5don7CyfT__1781108286,back,72uqVNyghpxYhPzqcCnz9edLEh52XVz1veK5don7CyfT,1780503486,1781108287,5,False,500,1780805404,1781108286,12.09,False,r0b
back__d4uZpXsNtK7TR9BjysQPdkjMPVftoDS1DguZnBDfk3E__1781108286,back,d4uZpXsNtK7TR9BjysQPdkjMPVftoDS1DguZnBDfk3E,1780503486,1781108287,5,False,500,1781005525,1781108286,11.38,False,r0b
back__CmHmEyUgTTWWeETRq2wm3k1dzV6phBKmxHp4uh5jdd9U__1781108288,back,CmHmEyUgTTWWeETRq2wm3k1dzV6phBKmxHp4uh5jdd9U,1780503488,1781108289,5,False,500,1780930578,1781108288,11.02,False,r0b
back__FMdL2mr1qVgxata25DLtR1Um7zdfKRC2vV4oV9HPJcb__1781108288,back,FMdL2mr1qVgxata25DLtR1Um7zdfKRC2vV4oV9HPJcb,1780503488,1781108289,5,False,500,1781063933,1781108288,12.57,False,r0b
back__DDDD2zvzaPMLuZiC2Vos2i6TLFjJJ3bi1pN7kXQc3R5R__1781108288,back,DDDD2zvzaPMLuZiC2Vos2i6TLFjJJ3bi1pN7kXQc3R5R,1780503488,1781108289,5,False,500,1781034659,1781108288,10.99,False,r0b
back__CZbhXC7ECnDCZrnstvo24gLS4EdPZqJqu7A4Hh37KHxw__1781108288,back,CZbhXC7ECnDCZrnstvo24gLS4EdPZqJqu7A4Hh37KHxw,1780503488,1781108289,5,False,500,1780668782,1781108288,11.75,False,r0b
back__HDTUywf9nHiRw9n8QYz5RSUvjweh2UKfeakYV9bWaX22__1781108288,back,HDTUywf9nHiRw9n8QYz5RSUvjweh2UKfeakYV9bWaX22,1780503488,1781108289,2,True,101,1780512834,1781108288,4.28,False,r0b
back__GHRR4Cva5mdLkY1sfjjQUBhiJDt9WuAUw9jfUNXFzg3N__1781108288,back,GHRR4Cva5mdLkY1sfjjQUBhiJDt9WuAUw9jfUNXFzg3N,1780503488,1781108289,1,True,87,1780513208,1781108288,3.18,False,r0b
back__AbuGAb9M4AgXBchk42pJ3NSGgQKbiW6Lgc48BtMMKqkN__1781108288,back,AbuGAb9M4AgXBchk42pJ3NSGgQKbiW6Lgc48BtMMKqkN,1780503488,1781108289,5,False,500,1781027873,1781108288,12.28,False,r0b
back__Era6Q3HWcPo5VGAErW2cXBD1d2AWMpaHw6FKnYdZFsrj__1780918533,back,Era6Q3HWcPo5VGAErW2cXBD1d2AWMpaHw6FKnYdZFsrj,1780313733,1780918534,1,True,69,1780331106,1780918533,2.44,False,r0b
back__4nmzoULkXCPFLkrgh7S2y1pJrZGTgXWo6Cnrjah9TbHn__1780918533,back,4nmzoULkXCPFLkrgh7S2y1pJrZGTgXWo6Cnrjah9TbHn,1780313733,1780918534,1,True,68,1780331566,1780918533,5.28,False,r0b
back__4MaRfdA6fjEgGXtUZcCEE7gPHKC86Wa8Vpbv12duLEXi__1780918533,back,4MaRfdA6fjEgGXtUZcCEE7gPHKC86Wa8Vpbv12duLEXi,1780313733,1780918534,1,True,62,1780331161,1780918533,1.93,False,r0b
back__9cU81cZim9EZbuoStfCii5xcpksPPN7NkxotbCUawLsq__1780918533,back,9cU81cZim9EZbuoStfCii5xcpksPPN7NkxotbCUawLsq,1780313733,1780918534,1,True,10,1780911326,1780918533,1.55,False,r0b
back__FyuqUnbzHDmTcWm6K5UmRNVegxWAcgfER4Mm3S6x5Jsv__1780918533,back,FyuqUnbzHDmTcWm6K5UmRNVegxWAcgfER4Mm3S6x5Jsv,1780313733,1780918534,1,True,51,1780630428,1780918533,2.0,False,r0b
back__DGaCiYrUMCqtV2fG3vfvvHmwgFqrfKhEQeDXm2dmbvaA__1780918533,back,DGaCiYrUMCqtV2fG3vfvvHmwgFqrfKhEQeDXm2dmbvaA,1780313733,1780918534,5,True,425,1780317833,1780918533,11.54,False,r0b
back__25aWdwLbzNKusjseG6YsGN4K9pkAxKJrcLv1GwSBY82N__1780918533,back,25aWdwLbzNKusjseG6YsGN4K9pkAxKJrcLv1GwSBY82N,1780313733,1780918534,2,True,161,1780318103,1780918533,4.42,False,r0b
back__BqD8S4E6UMH3E4gx7QQDDaiHaeguMoTzmWrzupmzAisn__1780918533,back,BqD8S4E6UMH3E4gx7QQDDaiHaeguMoTzmWrzupmzAisn,1780313733,1780918534,1,True,4,1780852944,1780918533,1.44,False,r0b
back__5Fk9wB5XmVLCfhRnYBFLhdwLUme67LHnrHBDJYAYSii6__1780918534,back,5Fk9wB5XmVLCfhRnYBFLhdwLUme67LHnrHBDJYAYSii6,1780313734,1780918535,4,True,350,1780335593,1780918534,8.84,False,r0b
back__Dh6EbKxf4oFS43XBKT9FuH2HHcB3ixVeLUCTQY616rkc__1780918534,back,Dh6EbKxf4oFS43XBKT9FuH2HHcB3ixVeLUCTQY616rkc,1780313734,1780918535,5,True,417,1780335593,1780918534,10.5,False,r0b
back__BsZd8HTCmd8w3mJrfbcbYXcY8DXCCXQNbedNqk1a7a3n__1780918534,back,BsZd8HTCmd8w3mJrfbcbYXcY8DXCCXQNbedNqk1a7a3n,1780313734,1780918535,4,True,348,1780335593,1780918534,9.15,False,r0b
back__SADWY55TzkbdnMAtQdcZWFtmCsjLrrLdZ5Sd7mkoPDd__1780918534,back,SADWY55TzkbdnMAtQdcZWFtmCsjLrrLdZ5Sd7mkoPDd,1780313734,1780918535,5,False,500,1780761709,1780918534,11.48,False,r0b
back__9tid6pXgWfWE5KY6kPiYjY1B8EQrzDrq6f7FoatjW57X__1780918535,back,9tid6pXgWfWE5KY6kPiYjY1B8EQrzDrq6f7FoatjW57X,1780313735,1780918536,5,False,500,1780673493,1780918535,12.07,False,r0b
back__J2L495ZPcJ6Btuyd4YqXz5uw7hpKiQXGcLvALwumabED__1780918535,back,J2L495ZPcJ6Btuyd4YqXz5uw7hpKiQXGcLvALwumabED,1780313735,1780918536,5,False,500,1780760714,1780918535,11.13,False,r0b
back__EM1ZyNA3g4rr9MBzSEA36QqWd7t7cp54zDidm3YskyeU__1780918535,back,EM1ZyNA3g4rr9MBzSEA36QqWd7t7cp54zDidm3YskyeU,1780313735,1780918536,5,False,500,1780762892,1780918535,11.71,False,r0b
back__PMJA8UQDyWTFw2Smhyp9jGA6aTaP7jKHR7BPudrgyYN__1780918535,back,PMJA8UQDyWTFw2Smhyp9jGA6aTaP7jKHR7BPudrgyYN,1780313735,1780918536,5,False,500,1780817064,1780918535,11.59,False,r0b
back__7Lf6kEy7eEHounyS82DsSd1k7FvoAUFyu9b4EA743WyV__1780918535,back,7Lf6kEy7eEHounyS82DsSd1k7FvoAUFyu9b4EA743WyV,1780313735,1780918536,5,True,497,1780370917,1780918535,11.47,False,r0b
back__DMUpdSpX4JeijaWsFssqEfoncncfuCoayBoieqH8VnM3__1780918535,back,DMUpdSpX4JeijaWsFssqEfoncncfuCoayBoieqH8VnM3,1780313735,1780918536,1,True,94,1780398100,1780918535,2.32,False,r0b
back__qgv5NviBeiPa1AgEAYeDzWzZLT2aCxTcVW3GqbzgHDn__1780918535,back,qgv5NviBeiPa1AgEAYeDzWzZLT2aCxTcVW3GqbzgHDn,1780313735,1780918536,5,False,500,1780870432,1780918535,11.95,False,r0b
back__856E8vGfoijxQvLZeHq4BVSkRdLPt5myMKa4NpFVAvnA__1780918535,back,856E8vGfoijxQvLZeHq4BVSkRdLPt5myMKa4NpFVAvnA,1780313735,1780918536,5,False,500,1780870432,1780918535,11.29,False,r0b
back__6rLvfMMpewTpKs3qmeU85SFjp7tNzQik6U9Uts167siF__1780918535,back,6rLvfMMpewTpKs3qmeU85SFjp7tNzQik6U9Uts167siF,1780313735,1780918536,5,False,500,1780822303,1780918535,11.27,False,r0b
back__GnAmiz6VM2LieEqcbe5AQaZDYnQ3LpCbqbLQt2jWZGJH__1780918535,back,GnAmiz6VM2LieEqcbe5AQaZDYnQ3LpCbqbLQt2jWZGJH,1780313735,1780918536,5,False,500,1780823865,1780918535,11.36,False,r0b
back__D4yrdUWHTf2wUWr7TZc3gZdMLsZ77y6RfHN4U28etf1j__1780918535,back,D4yrdUWHTf2wUWr7TZc3gZdMLsZ77y6RfHN4U28etf1j,1780313735,1780918536,5,False,500,1780833680,1780918535,11.38,False,r0b
back__ERtTu12eJgVDm9kni1VcQbb51n5Ld7RPehev2aH31DHZ__1780918535,back,ERtTu12eJgVDm9kni1VcQbb51n5Ld7RPehev2aH31DHZ,1780313735,1780918536,5,False,500,1780822361,1780918535,11.44,False,r0b
back__CwECpxSLwWAABV5PneYevZXAtF5wnZCcykMtjUJDWvJf__1780918535,back,CwECpxSLwWAABV5PneYevZXAtF5wnZCcykMtjUJDWvJf,1780313735,1780918536,5,False,500,1780426478,1780918535,11.03,False,r0b
back__AhKMhfkRR3wNXZUC9rCHKAcibZUcdErdnkmJ6ewoVmBL__1780918535,back,AhKMhfkRR3wNXZUC9rCHKAcibZUcdErdnkmJ6ewoVmBL,1780313735,1780918536,1,True,35,1780892708,1780918535,2.11,False,r0b
back__J5xbgXFyv3zabwX67FUsitcxFhzAVBSj2tbdiimNUStC__1780918535,back,J5xbgXFyv3zabwX67FUsitcxFhzAVBSj2tbdiimNUStC,1780313735,1780918536,5,False,500,1780341243,1780918535,10.43,False,r0b
back__2jkNhQTHNPxdzQ7yXtyUtafSsqvv6teAGkEBs68Lw3Qs__1780918535,back,2jkNhQTHNPxdzQ7yXtyUtafSsqvv6teAGkEBs68Lw3Qs,1780313735,1780918536,5,False,500,1780873335,1780918535,10.37,False,r0b
back__Cy78cfePXDG2CtPb2M81DeeGPwRBt6MXHFNYcmKKR9CU__1780918535,back,Cy78cfePXDG2CtPb2M81DeeGPwRBt6MXHFNYcmKKR9CU,1780313735,1780918536,5,False,500,1780762029,1780918535,11.58,False,r0b
back__EkuXDEQKrBTqfadB1SecQ4WTLoVj4n2zNua9wUi7z5Wr__1780918536,back,EkuXDEQKrBTqfadB1SecQ4WTLoVj4n2zNua9wUi7z5Wr,1780313736,1780918537,3,True,227,1780319701,1780918536,6.25,False,r0b
back__2CQgjcdNEo7WtbQLpJTAVcC3Ga61pNvRDTgP5grzctFG__1781422595,back,2CQgjcdNEo7WtbQLpJTAVcC3Ga61pNvRDTgP5grzctFG,1780817795,1781422596,5,False,500,1781407922,1781422595,11.75,False,r0b
back__FUoY8NrMifG55ZBqxPze3vGKc222dMxnA1vtDS6GwgN__1781422595,back,FUoY8NrMifG55ZBqxPze3vGKc222dMxnA1vtDS6GwgN,1780817795,1781422596,5,False,500,1781369095,1781422595,11.12,False,r0b
back__AZKA6Skte1XFM1dQwUfcaXmX6MWKyJkitjgzXedU7EBT__1781422597,back,AZKA6Skte1XFM1dQwUfcaXmX6MWKyJkitjgzXedU7EBT,1780817797,1781422598,2,True,131,1781076879,1781422597,4.13,False,r0b
back__ARu4n5mFdZogZAravu7CcizaojWnS6oqka37gdLT5SZn__1781423172,back,ARu4n5mFdZogZAravu7CcizaojWnS6oqka37gdLT5SZn,1780818372,1781423173,5,False,500,1781423025,1781423172,12.79,False,r0b
back__2CQgjcdNEo7WtbQLpJTAVcC3Ga61pNvRDTgP5grzctFG__1781295226,back,2CQgjcdNEo7WtbQLpJTAVcC3Ga61pNvRDTgP5grzctFG,1780690426,1781295227,5,False,500,1781286643,1781295226,12.17,False,r0b
back__8f4yETijdCMaBy1YFZL16tnXPpk47qwD8K19EV4myPU8__1781295226,back,8f4yETijdCMaBy1YFZL16tnXPpk47qwD8K19EV4myPU8,1780690426,1781295227,5,False,500,1781213830,1781295226,11.94,False,r0b
back__2F89pkKeYoouYrqfB4P4QaiSkP5jLGu6J3bMKs7Qu4ux__1781295226,back,2F89pkKeYoouYrqfB4P4QaiSkP5jLGu6J3bMKs7Qu4ux,1780690426,1781295227,5,False,500,1781271722,1781295226,11.79,False,r0b
back__HCUzXYc3F7zrnxWDYb5Pv6iptdaW5pbuGVSdn3kEiZax__1781295226,back,HCUzXYc3F7zrnxWDYb5Pv6iptdaW5pbuGVSdn3kEiZax,1780690426,1781295227,5,False,500,1781157086,1781295226,11.95,False,r0b
back__FUoY8NrMifG55ZBqxPze3vGKc222dMxnA1vtDS6GwgN__1781295226,back,FUoY8NrMifG55ZBqxPze3vGKc222dMxnA1vtDS6GwgN,1780690426,1781295227,5,False,500,1781260016,1781295226,10.92,False,r0b
back__J4fYFzGZAznSbugkQvo1Urd7fgn7RBvUQhyULaCEt9Za__1781295226,back,J4fYFzGZAznSbugkQvo1Urd7fgn7RBvUQhyULaCEt9Za,1780690426,1781295227,5,False,500,1781104326,1781295226,14.49,False,r0b
back__DHmU2GWGyBDG9bW1ZYNidFz6xEfmwZvRbE5KbYkXiRDb__1781295226,back,DHmU2GWGyBDG9bW1ZYNidFz6xEfmwZvRbE5KbYkXiRDb,1780690426,1781295227,5,False,500,1781086436,1781295226,14.35,False,r0b
back__3USuyHQVNyppevSmNiamBy8eFcjDJKqLWcCuJ6zJMG5H__1781295226,back,3USuyHQVNyppevSmNiamBy8eFcjDJKqLWcCuJ6zJMG5H,1780690426,1781295227,5,False,500,1781276971,1781295226,19.4,False,r0b
back__83PH5pFXG5yne6YiSHSKMLdSVG1e9uousuSXHNYdPXo4__1781295226,back,83PH5pFXG5yne6YiSHSKMLdSVG1e9uousuSXHNYdPXo4,1780690426,1781295227,5,False,500,1781023173,1781295226,13.35,False,r0b
back__3rEC2WVfnxHseZ2H6hZvRrfWcDjmsMYt1CKC3aG9YG4x__1781295226,back,3rEC2WVfnxHseZ2H6hZvRrfWcDjmsMYt1CKC3aG9YG4x,1780690426,1781295227,5,False,500,1781026846,1781295226,17.04,False,r0b
back__nya666pQkP3PzWxi7JngU3rRMHuc7zbLK8c8wxQ4qpT__1781295226,back,nya666pQkP3PzWxi7JngU3rRMHuc7zbLK8c8wxQ4qpT,1780690426,1781295227,5,False,500,1781277642,1781295226,14.84,False,r0b
back__423yJvYSHZqU91M9djStwGsFupARLsAxd1zstoEHELPu__1781295226,back,423yJvYSHZqU91M9djStwGsFupARLsAxd1zstoEHELPu,1780690426,1781295227,5,False,500,1781277319,1781295226,11.91,False,r0b
back__AhKMhfkRR3wNXZUC9rCHKAcibZUcdErdnkmJ6ewoVmBL__1781295228,back,AhKMhfkRR3wNXZUC9rCHKAcibZUcdErdnkmJ6ewoVmBL,1780690428,1781295229,5,False,500,1781191112,1781295228,13.09,False,r0b
back__2ccgxuZv5NEngCwWqj6zjwxHWVc8RDwXgMUfUnmpTYHQ__1781295228,back,2ccgxuZv5NEngCwWqj6zjwxHWVc8RDwXgMUfUnmpTYHQ,1780690428,1781295229,5,False,500,1781237494,1781295228,14.18,False,r0b
back__qgv5NviBeiPa1AgEAYeDzWzZLT2aCxTcVW3GqbzgHDn__1781295228,back,qgv5NviBeiPa1AgEAYeDzWzZLT2aCxTcVW3GqbzgHDn,1780690428,1781295229,5,False,500,1781279833,1781295228,17.02,False,r0b
back__856E8vGfoijxQvLZeHq4BVSkRdLPt5myMKa4NpFVAvnA__1781295228,back,856E8vGfoijxQvLZeHq4BVSkRdLPt5myMKa4NpFVAvnA,1780690428,1781295229,5,False,500,1781279833,1781295228,18.27,False,r0b
back__FjJiYpUcEYZ3XHWQD2Q9atydmuFhZRQwC3wZQxfRLgAf__1781295228,back,FjJiYpUcEYZ3XHWQD2Q9atydmuFhZRQwC3wZQxfRLgAf,1780690428,1781295229,5,False,500,1781138105,1781295228,16.85,False,r0b
back__9T8zvX5FTuafDTJW1D756kgK3PLRjAncdJvSyGuJRxBU__1781295229,back,9T8zvX5FTuafDTJW1D756kgK3PLRjAncdJvSyGuJRxBU,1780690429,1781295230,5,False,500,1780873535,1781295229,19.84,False,r0b
back__696969Y6orZEjp4gZtwcCZS7TNVuhMVE6G5mFvdJ4mYq__1781295229,back,696969Y6orZEjp4gZtwcCZS7TNVuhMVE6G5mFvdJ4mYq,1780690429,1781295230,5,False,500,1781217314,1781295229,20.14,False,r0b
back__49Pvtit7pgtrUpSBpmN8A3BnVFqZ14BUfvqd5VCAykbP__1781295229,back,49Pvtit7pgtrUpSBpmN8A3BnVFqZ14BUfvqd5VCAykbP,1780690429,1781295230,5,False,500,1781232539,1781295229,19.27,False,r0b
back__DSvaXBCJqSozEWpEewoDdE6BgFveRvwiMQ9BSRFgATKC__1781295229,back,DSvaXBCJqSozEWpEewoDdE6BgFveRvwiMQ9BSRFgATKC,1780690429,1781295230,4,True,355,1781183606,1781295229,17.38,False,r0b
back__CrzeyKbt2vwykWXEMXFQsCD3DcgJu6kXXAQCcEa6bJMK__1781295229,back,CrzeyKbt2vwykWXEMXFQsCD3DcgJu6kXXAQCcEa6bJMK,1780690429,1781295230,2,True,153,1781270815,1781295229,8.61,False,r0b
back__C9KxYWnSc9GzdbQY8rxaf6d2mCHwbWPX64ZM94Daa9ti__1781295229,back,C9KxYWnSc9GzdbQY8rxaf6d2mCHwbWPX64ZM94Daa9ti,1780690429,1781295230,5,False,500,1780934132,1781295229,22.96,False,r0b
back__A7BvvGF6yZJfygDN5PiN9WgHXuxPDY5zpPJeLizkH2mi__1781295229,back,A7BvvGF6yZJfygDN5PiN9WgHXuxPDY5zpPJeLizkH2mi,1780690429,1781295230,5,False,500,1781170285,1781295229,20.24,False,r0b
back__ANQAWcduKeTYn3fVki7hdkTDRUWgB5DTLyissf6AU6Ty__1781295230,back,ANQAWcduKeTYn3fVki7hdkTDRUWgB5DTLyissf6AU6Ty,1780690430,1781295231,5,False,500,1781225260,1781295230,18.1,False,r0b
back__ayaCRDLwYRqAvPnrpwnkUsxrqx4hniVaWAGHYG5DGBD__1781295230,back,ayaCRDLwYRqAvPnrpwnkUsxrqx4hniVaWAGHYG5DGBD,1780690430,1781295231,5,False,500,1781268858,1781295230,17.76,False,r0b
back__Bq5VTQ5dvWJgRA1wumMYkajnLQVFEXiHjCx1RZrERhKU__1781295231,back,Bq5VTQ5dvWJgRA1wumMYkajnLQVFEXiHjCx1RZrERhKU,1780690431,1781295232,5,False,500,1781270933,1781295231,18.79,False,r0b
back__EY9UZTYGBXUxda5WeFHt8yqXm29fbKFjCBfrW5iJxUxB__1781295231,back,EY9UZTYGBXUxda5WeFHt8yqXm29fbKFjCBfrW5iJxUxB,1780690431,1781295232,5,False,500,1781270945,1781295231,14.39,False,r0b
back__Dpdn5FZL9wHeWipULCbfirkxBVyb8aZRn4bJBY6p2Xt9__1781295231,back,Dpdn5FZL9wHeWipULCbfirkxBVyb8aZRn4bJBY6p2Xt9,1780690431,1781295232,5,False,500,1781270944,1781295231,11.89,False,r0b
back__GhsmzKxdyLizq3EeQqaxNSzWXtuu3xot1YACwhdbLFtP__1781295231,back,GhsmzKxdyLizq3EeQqaxNSzWXtuu3xot1YACwhdbLFtP,1780690431,1781295232,1,True,84,1780776441,1781295231,1.93,False,r0b
back__xYz3NuixcGrHDD6HnRWFwABMzqojaTktoM6qzaRrshv__1781002739,back,xYz3NuixcGrHDD6HnRWFwABMzqojaTktoM6qzaRrshv,1780397939,1781002740,5,False,500,1780955965,1781002739,11.23,False,r0b
back__ENDfDqGUn4ck8cvZBBXDzRk446APBX4KHK3a4AwPKYcD__1781003110,back,ENDfDqGUn4ck8cvZBBXDzRk446APBX4KHK3a4AwPKYcD,1780398310,1781003111,1,True,9,1780777357,1781003110,1.36,False,r0b
back__3FtXNn4C6f3AWysrPteECquTop8oGff51BqKhitK6Egr__1781003110,back,3FtXNn4C6f3AWysrPteECquTop8oGff51BqKhitK6Egr,1780398310,1781003111,5,False,500,1780805751,1781003110,12.06,False,r0b
back__otq3sTTS5gDgbg6snDfqVesMwwhxKWZtz4xpM7GFoc8__1781003110,back,otq3sTTS5gDgbg6snDfqVesMwwhxKWZtz4xpM7GFoc8,1780398310,1781003111,5,False,500,1780878176,1781003110,12.04,False,r0b
back__AWLjqFBMTFUSzx53XUmEsvSUPb4dQ81LzE6dVqqVfjiu__1781003207,back,AWLjqFBMTFUSzx53XUmEsvSUPb4dQ81LzE6dVqqVfjiu,1780398407,1781003208,1,True,12,1780726843,1781003207,1.56,False,r0b
back__ACeUotKyioPgU4N66Rw49fN2i6QcAFuy2MRJwUoxm1UU__1781003207,back,ACeUotKyioPgU4N66Rw49fN2i6QcAFuy2MRJwUoxm1UU,1780398407,1781003208,5,False,500,1780846531,1781003207,11.35,False,r0b
back__4asNBqXDh6uWiYatVP7p5TneS2Fau8Ddk8UDCHpZAk2X__1781003207,back,4asNBqXDh6uWiYatVP7p5TneS2Fau8Ddk8UDCHpZAk2X,1780398407,1781003208,5,False,500,1780954316,1781003207,11.45,False,r0b
back__9PBA8UqjKSLCdkNeyd6uYKMQJA7KnxzDMc3vMRmov8wo__1781003397,back,9PBA8UqjKSLCdkNeyd6uYKMQJA7KnxzDMc3vMRmov8wo,1780398597,1781003398,1,True,13,1780724985,1781003397,1.42,False,r0b
back__5XEj4qt6STm1dKvwTiqiuLRYJoMWUey4BqiwDPTuaUVG__1781003397,back,5XEj4qt6STm1dKvwTiqiuLRYJoMWUey4BqiwDPTuaUVG,1780398597,1781003398,5,False,500,1780967535,1781003397,12.26,False,r0b
back__DgeDubMWwMtyEra6WdFVeK3uRHoo3FWDu9cgwgtV3w4y__1781003529,back,DgeDubMWwMtyEra6WdFVeK3uRHoo3FWDu9cgwgtV3w4y,1780398729,1781003530,1,True,6,1780953835,1781003529,1.43,False,r0b
back__HNFjT6CDeTUyEXu3BwHL5GnzFbaqkFoTRzKHoGqPY7qa__1781003529,back,HNFjT6CDeTUyEXu3BwHL5GnzFbaqkFoTRzKHoGqPY7qa,1780398729,1781003530,5,False,500,1780957372,1781003529,12.81,False,r0b
back__6J1T22cKBTw11McuSteoEMpFfMfmWgG9NzsKs11mQYGD__1781003529,back,6J1T22cKBTw11McuSteoEMpFfMfmWgG9NzsKs11mQYGD,1780398729,1781003530,5,False,500,1780962433,1781003529,11.66,False,r0b
back__2wwEV58i3DUDWGQfet1DKfYNRKF2pYtWxz1ErU2cs6zG__1781003529,back,2wwEV58i3DUDWGQfet1DKfYNRKF2pYtWxz1ErU2cs6zG,1780398729,1781003530,5,False,500,1780955090,1781003529,12.1,False,r0b
back__FbJ9KXQCjF5unLY8qjdQxB5tvPb4GM95sv2N9CiNfLDg__1781003789,back,FbJ9KXQCjF5unLY8qjdQxB5tvPb4GM95sv2N9CiNfLDg,1780398989,1781003790,1,True,33,1780766735,1781003789,1.88,False,r0b
back__D1hS4zJXnoxpCWA6fwEBxPASvDmW9ALf3gNFyMTdoB5n__1781003789,back,D1hS4zJXnoxpCWA6fwEBxPASvDmW9ALf3gNFyMTdoB5n,1780398989,1781003790,5,False,500,1780977554,1781003789,12.62,False,r0b
back__8dtx2tr4TuJsYpri2suggFu1pg3DVjFLBBVmhtDy1MEF__1781003790,back,8dtx2tr4TuJsYpri2suggFu1pg3DVjFLBBVmhtDy1MEF,1780398990,1781003791,5,False,500,1780947855,1781003790,11.64,False,r0b
back__SF9TGdsfTPcA3ZVmPdPtYphgzRg6ZqUY4hnjPgjD1MW__1781003790,back,SF9TGdsfTPcA3ZVmPdPtYphgzRg6ZqUY4hnjPgjD1MW,1780398990,1781003791,5,False,500,1780961830,1781003790,10.82,False,r0b
back__5i8rFRKn3TEWHTPC9JH7B6QQSNRmBx5TgUGiub1kAbJA__1781003790,back,5i8rFRKn3TEWHTPC9JH7B6QQSNRmBx5TgUGiub1kAbJA,1780398990,1781003791,5,False,500,1780961828,1781003790,11.05,False,r0b
back__B6rneBPNPGu5TyJ8nk6NSi7cVnThz75f66wZZ4PTvAZC__1781003790,back,B6rneBPNPGu5TyJ8nk6NSi7cVnThz75f66wZZ4PTvAZC,1780398990,1781003791,5,False,500,1780961831,1781003790,11.61,False,r0b
back__g49wRsbdDm3MJUhmrgF6zqV1GvUr5S6ebTrdrUzp5J6__1780739510,back,g49wRsbdDm3MJUhmrgF6zqV1GvUr5S6ebTrdrUzp5J6,1780134710,1780739511,5,False,500,1780442467,1780739510,10.93,False,r0b
back__7cp6zxvhxbfS7QgYTB7ts2RqFf7zDYwtjfuHcEHhKLAz__1780739510,back,7cp6zxvhxbfS7QgYTB7ts2RqFf7zDYwtjfuHcEHhKLAz,1780134710,1780739511,5,False,500,1780654112,1780739510,11.82,False,r0b
back__8S5Hp9Je5XHUrUM8u9cDQngr6jSL4CvCCzzYz6L4jU7k__1780739510,back,8S5Hp9Je5XHUrUM8u9cDQngr6jSL4CvCCzzYz6L4jU7k,1780134710,1780739511,5,False,500,1780532122,1780739510,10.68,False,r0b
back__6Gieomm3N9j56R15EBfZdg2RTcNXDKWUvdPZ4CJtDuJ__1780739512,back,6Gieomm3N9j56R15EBfZdg2RTcNXDKWUvdPZ4CJtDuJ,1780134712,1780739513,3,True,238,1780161019,1780739512,6.56,False,r0b
back__A6H1ATyjjekcmwZxEazGbMjxr2mhe8S94nCoBvYd2hiA__1780739512,back,A6H1ATyjjekcmwZxEazGbMjxr2mhe8S94nCoBvYd2hiA,1780134712,1780739513,3,True,214,1780161019,1780739512,6.59,False,r0b
back__3gaYvKoi38YzwpybxMNVY6Ji74FXNRLiBdoQvWhqen8r__1780739512,back,3gaYvKoi38YzwpybxMNVY6Ji74FXNRLiBdoQvWhqen8r,1780134712,1780739513,3,True,225,1780161019,1780739512,6.07,False,r0b
back__5rkV9qXi3HkBWH9tHoKZhQXnFUHHZ2LQyFAGfNJCijGL__1780739512,back,5rkV9qXi3HkBWH9tHoKZhQXnFUHHZ2LQyFAGfNJCijGL,1780134712,1780739513,3,True,206,1780161019,1780739512,5.6,False,r0b
back__vqg2uSMzbdWe671TQ1Rbc1x6e5bMvqMdmLx5iKriE6f__1780739516,back,vqg2uSMzbdWe671TQ1Rbc1x6e5bMvqMdmLx5iKriE6f,1780134716,1780739517,3,True,298,1780161019,1780739516,6.38,False,r0b
back__5ELE2BBpEMav3rugoUyJoNfg9qtCRPULtx8KJQdVdaXc__1780739516,back,5ELE2BBpEMav3rugoUyJoNfg9qtCRPULtx8KJQdVdaXc,1780134716,1780739517,3,True,256,1780161019,1780739516,7.06,False,r0b
back__BKBF7uAkknfR9naLkVGadCEy6QUdrZGVPYKcWeweVMmW__1780739561,back,BKBF7uAkknfR9naLkVGadCEy6QUdrZGVPYKcWeweVMmW,1780134761,1780739562,3,True,266,1780244599,1780739561,7.09,False,r0b
back__AZNsezb13699fivitS3fic5MYrpZJtm6wc989zXQp9Zy__1780739561,back,AZNsezb13699fivitS3fic5MYrpZJtm6wc989zXQp9Zy,1780134761,1780739562,4,True,346,1780241805,1780739561,9.37,False,r0b
back__2BGqpNYVUrgKCNMRw3UnyBxV5SKrBTbdYpCrGFmQCxVN__1780739561,back,2BGqpNYVUrgKCNMRw3UnyBxV5SKrBTbdYpCrGFmQCxVN,1780134761,1780739562,5,False,500,1780694855,1780739561,10.71,False,r0b
back__97jv9pjCf5D7VUZEyj6XnXBC5JF23Vsagc3bvSF6GRmL__1780739561,back,97jv9pjCf5D7VUZEyj6XnXBC5JF23Vsagc3bvSF6GRmL,1780134761,1780739562,5,False,500,1780701710,1780739561,11.72,False,r0b
back__D4STqggKEadihWNWuzYZ91ag8n3sGdsMc3oxJtrujDAb__1780739562,back,D4STqggKEadihWNWuzYZ91ag8n3sGdsMc3oxJtrujDAb,1780134762,1780739563,5,False,500,1780551527,1780739562,11.49,False,r0b
back__4qFfFMuDqLFMQ3XQjCcFddxx9Y764JTR9AT5f2C79ujs__1780739564,back,4qFfFMuDqLFMQ3XQjCcFddxx9Y764JTR9AT5f2C79ujs,1780134764,1780739565,5,False,500,1780726800,1780739564,11.4,False,r0b
back__8GSDbEhMy3LbuLnqyb1ehQr1wwX3yiMN5pL98NnEM32a__1780739564,back,8GSDbEhMy3LbuLnqyb1ehQr1wwX3yiMN5pL98NnEM32a,1780134764,1780739565,5,False,500,1780626608,1780739564,11.49,False,r0b
back__7m1VSCJqPBYChUPCWQbsTg8DX8rc1MxpCtVpshY3RJWu__1780739574,back,7m1VSCJqPBYChUPCWQbsTg8DX8rc1MxpCtVpshY3RJWu,1780134774,1780739575,5,True,448,1780200886,1780739574,11.46,False,r0b
back__3b248UGZNhXhkMBdPWXJJw8KkPcze6at8qDbbBXqjgy6__1780739574,back,3b248UGZNhXhkMBdPWXJJw8KkPcze6at8qDbbBXqjgy6,1780134774,1780739575,4,True,392,1780171248,1780739574,9.14,False,r0b
back__4nmoo15ucuheA7d69qS1hVHQ4oBNYque7UL85eG4GNkY__1780739574,back,4nmoo15ucuheA7d69qS1hVHQ4oBNYque7UL85eG4GNkY,1780134774,1780739575,5,True,418,1780171248,1780739574,11.11,False,r0b
back__2o1XAHzVHHfgZz7m34UJxJXCzdfR6Xg7kY6fpgPHndUZ__1780739574,back,2o1XAHzVHHfgZz7m34UJxJXCzdfR6Xg7kY6fpgPHndUZ,1780134774,1780739575,4,True,372,1780171248,1780739574,9.24,False,r0b
back__G2mgnzpr59vYjKpwU9q5zVfS9yQ9HezMwjuqF7LACvR4__1780739574,back,G2mgnzpr59vYjKpwU9q5zVfS9yQ9HezMwjuqF7LACvR4,1780134774,1780739575,5,False,500,1780451144,1780739574,11.67,False,r0b
back__DGJX5Phf9drKA2pq7vcXxBEBZ2cE38bQuiQrA1byvdbC__1780739574,back,DGJX5Phf9drKA2pq7vcXxBEBZ2cE38bQuiQrA1byvdbC,1780134774,1780739575,5,False,500,1780686294,1780739574,10.75,False,r0b
back__BSj59RZzCzzpxUEecxzaq1SyHR7oHxtwJiZA2SnWEdmy__1780739576,back,BSj59RZzCzzpxUEecxzaq1SyHR7oHxtwJiZA2SnWEdmy,1780134776,1780739577,2,True,173,1780278335,1780739576,4.89,False,r0b
back__7W8SEZv79hk4445o56Fd6RzhbUsozkzGXi8vkc7vNRr8__1780739576,back,7W8SEZv79hk4445o56Fd6RzhbUsozkzGXi8vkc7vNRr8,1780134776,1780739577,5,False,500,1780591243,1780739576,12.05,False,r0b
back__Ern4CTJxt5qEJYbSPjpkNCbYKSKX2Q4316DMqQZirXt5__1780739583,back,Ern4CTJxt5qEJYbSPjpkNCbYKSKX2Q4316DMqQZirXt5,1780134783,1780739584,1,True,33,1780378635,1780739583,1.84,False,r0b
back__3WHv2zbUca3sFusTZ3x8Wb7zk8YAivzk7HdnkhuT9EQw__1780739583,back,3WHv2zbUca3sFusTZ3x8Wb7zk8YAivzk7HdnkhuT9EQw,1780134783,1780739584,1,True,38,1780392556,1780739583,1.71,False,r0b
back__5o4JedeZdV2vKma9Dqt7hAEyU8JTqRq4Cs271BvSU7ah__1780739583,back,5o4JedeZdV2vKma9Dqt7hAEyU8JTqRq4Cs271BvSU7ah,1780134783,1780739584,1,True,28,1780728285,1780739583,1.75,False,r0b
back__3WZCvKUeUS4VtWLrtjWp7N7YrBS1DUK6N5fDG43dy6Yg__1780739607,back,3WZCvKUeUS4VtWLrtjWp7N7YrBS1DUK6N5fDG43dy6Yg,1780134807,1780739608,1,True,24,1780422791,1780739607,1.58,False,r0b
back__BhWUPMEkLRD3ZFt5t22hmgELcWYmQc1G6Fx3YZXv47Lx__1780739607,back,BhWUPMEkLRD3ZFt5t22hmgELcWYmQc1G6Fx3YZXv47Lx,1780134807,1780739608,1,True,18,1780629615,1780739607,1.61,False,r0b
back__Dbw2puFEuMiMZBwm9gkG4bJapgV9GkWmJQcwBEKfpZBi__1780739608,back,Dbw2puFEuMiMZBwm9gkG4bJapgV9GkWmJQcwBEKfpZBi,1780134808,1780739609,3,True,282,1780264212,1780739608,7.48,False,r0b
back__5E4UzzhijZHtoyEpXzswbseGx3BRB3ZtrK6kQeAkNbzT__1780605376,back,5E4UzzhijZHtoyEpXzswbseGx3BRB3ZtrK6kQeAkNbzT,1780000576,1780605377,1,True,74,1780001162,1780605376,1.93,False,r0b
back__BFkaDkZ9yfJnx11DJACHfbxjqETKU5QdVLuEo6u35Kpr__1780605376,back,BFkaDkZ9yfJnx11DJACHfbxjqETKU5QdVLuEo6u35Kpr,1780000576,1780605377,1,True,58,1780013197,1780605376,1.83,False,r0b
back__GTW3oxxrYT2vyzv9sB3r8vSkhPfswsFGXJa95XLQt6zz__1780605376,back,GTW3oxxrYT2vyzv9sB3r8vSkhPfswsFGXJa95XLQt6zz,1780000576,1780605377,1,True,88,1780008123,1780605376,2.19,False,r0b
back__JJY6NUPV3ugqCk3ANLd8P9hJnuAKq36GDvnHLJ2zd3y__1780605376,back,JJY6NUPV3ugqCk3ANLd8P9hJnuAKq36GDvnHLJ2zd3y,1780000576,1780605377,5,False,500,1780358665,1780605376,11.95,False,r0b
back__GoLAbRjdoaL4FXYzwdEs5PE8MYLwmo6t2s36JtTqPty2__1780605376,back,GoLAbRjdoaL4FXYzwdEs5PE8MYLwmo6t2s36JtTqPty2,1780000576,1780605377,5,False,500,1780518894,1780605376,11.26,False,r0b
back__3rDoRtzZqcaV8j6kAeZcmKWPzH9FhfnCWrTQYL2PFW4S__1780605376,back,3rDoRtzZqcaV8j6kAeZcmKWPzH9FhfnCWrTQYL2PFW4S,1780000576,1780605377,1,True,2,1780605362,1780605376,1.18,False,r0b
back__G99wCJCuHRBqp1r2f68Y8zUkkybabwKbnPDYsw9tMFPF__1780605377,back,G99wCJCuHRBqp1r2f68Y8zUkkybabwKbnPDYsw9tMFPF,1780000577,1780605378,1,True,37,1780004249,1780605377,2.29,False,r0b
back__6RAetmLi9ZnctayKe8xiUYh1pyTjxVZfmMHYDSzHKyPw__1780605378,back,6RAetmLi9ZnctayKe8xiUYh1pyTjxVZfmMHYDSzHKyPw,1780000578,1780605379,1,True,64,1780001641,1780605378,1.89,False,r0b
back__6BvqTm6YuwayaV6M26qZdD11193NvUPFJo7fk8s2R31x__1780605378,back,6BvqTm6YuwayaV6M26qZdD11193NvUPFJo7fk8s2R31x,1780000578,1780605379,2,True,111,1780001114,1780605378,3.54,False,r0b
back__CXhbhdMZCcbTKbmmdcyU4KurPqDZYsKfj1CECPStBU5d__1780605378,back,CXhbhdMZCcbTKbmmdcyU4KurPqDZYsKfj1CECPStBU5d,1780000578,1780605379,1,True,25,1780016028,1780605378,1.58,False,r0b
back__2AJ5QeVwySiLNU8tAfBKrMwYppadszbnbAmNDvriMTva__1780605380,back,2AJ5QeVwySiLNU8tAfBKrMwYppadszbnbAmNDvriMTva,1780000580,1780605381,1,True,46,1780015711,1780605380,2.03,False,r0b
back__8PAgR41nzCCyfaWLr1xhVQxBFENT3d7sGTmf31WGFpDE__1780605380,back,8PAgR41nzCCyfaWLr1xhVQxBFENT3d7sGTmf31WGFpDE,1780000580,1780605381,1,True,45,1780011636,1780605380,1.8,False,r0b
back__ASwfPTkfDTsjef1v2BmKg46eVYYuzUQKtLttgufeeaYT__1780605380,back,ASwfPTkfDTsjef1v2BmKg46eVYYuzUQKtLttgufeeaYT,1780000580,1780605381,1,True,26,1780404001,1780605380,1.56,False,r0b
back__5LT1UXET7z55Ywovcfm1M4kYCnuHQWjgtPTL1s8Hbvvp__1780605380,back,5LT1UXET7z55Ywovcfm1M4kYCnuHQWjgtPTL1s8Hbvvp,1780000580,1780605381,1,True,21,1780582015,1780605380,1.66,False,r0b
back__GYGdTm8xLAZhHL5tEY4w2ZxqAcKbe4trJ3KGPGz6qJbm__1780605382,back,GYGdTm8xLAZhHL5tEY4w2ZxqAcKbe4trJ3KGPGz6qJbm,1780000582,1780605383,1,True,62,1780002905,1780605382,2.12,False,r0b
back__2JEZrNdi3AtzpsdiPAfdCfkeB5cAb4v7Jf9ydgNNkYM3__1780605383,back,2JEZrNdi3AtzpsdiPAfdCfkeB5cAb4v7Jf9ydgNNkYM3,1780000583,1780605384,1,True,22,1780177878,1780605383,1.73,False,r0b
back__JAd6YtauL9hMURZfZQ3gB2GvqHE7gTZVuGAE9BrvCusu__1780605383,back,JAd6YtauL9hMURZfZQ3gB2GvqHE7gTZVuGAE9BrvCusu,1780000583,1780605384,1,True,74,1780010500,1780605383,2.17,False,r0b
back__A65dJQ2NVDYvD4GTfatjWMbthk95pW2ZNt9DH9EV5dez__1780605383,back,A65dJQ2NVDYvD4GTfatjWMbthk95pW2ZNt9DH9EV5dez,1780000583,1780605384,1,True,53,1780177353,1780605383,2.07,False,r0b
back__2m6Q8d1bWM7h2mZAkM7Ktm2TLsxNNotHNP2jXXKNXedS__1780605383,back,2m6Q8d1bWM7h2mZAkM7Ktm2TLsxNNotHNP2jXXKNXedS,1780000583,1780605384,1,True,51,1780096068,1780605383,2.15,False,r0b
back__7oCrPm2GPHkHjXy4MfXR7phWkn6Ka1XTvpP2jdnqU8UX__1780605383,back,7oCrPm2GPHkHjXy4MfXR7phWkn6Ka1XTvpP2jdnqU8UX,1780000583,1780605384,1,True,32,1780003526,1780605383,1.91,False,r0b
back__B5YgSn818epi6gautLWWu8a6drUximykCjbwnQ1osKsC__1780605384,back,B5YgSn818epi6gautLWWu8a6drUximykCjbwnQ1osKsC,1780000584,1780605385,1,True,46,1780258815,1780605384,2.04,False,r0b
back__GDzrP8wxLunTSV2FQhyMeXaanmCLhohnxvxsd2FNjbRe__1780605384,back,GDzrP8wxLunTSV2FQhyMeXaanmCLhohnxvxsd2FNjbRe,1780000584,1780605385,1,True,76,1780016126,1780605384,1.86,False,r0b
back__6HX9KnMa4QyDKWUQSwqWTvX6LLz1YMchdZe1xKaBTtxK__1780605384,back,6HX9KnMa4QyDKWUQSwqWTvX6LLz1YMchdZe1xKaBTtxK,1780000584,1780605385,1,True,58,1780094843,1780605384,2.21,False,r0b
back__3EYyc2o7dJFhrPkNNH7syFTHio87Qcy422NBQA624FDX__1780605385,back,3EYyc2o7dJFhrPkNNH7syFTHio87Qcy422NBQA624FDX,1780000585,1780605386,1,True,24,1780182248,1780605385,1.61,False,r0b
back__2c7ePmWB4penzsc8hbkdh6ob3yDkQydQrj1RqyGSFV3g__1780605386,back,2c7ePmWB4penzsc8hbkdh6ob3yDkQydQrj1RqyGSFV3g,1780000586,1780605387,1,True,45,1780002738,1780605386,2.14,False,r0b
back__6MjRdX9gxU5aA424jq5eNoYaUxbhKFQ4vAbGKgDf1Rkv__1780605386,back,6MjRdX9gxU5aA424jq5eNoYaUxbhKFQ4vAbGKgDf1Rkv,1780000586,1780605387,1,True,59,1780016096,1780605386,2.39,False,r0b
back__EyrPfNvkeWTsBP1n8WHnQVwbhFFRb49L6zinoSNmZRyH__1780605386,back,EyrPfNvkeWTsBP1n8WHnQVwbhFFRb49L6zinoSNmZRyH,1780000586,1780605387,1,True,13,1780601191,1780605386,1.92,False,r0b
back__8co14AW1wyQq7kYcjnUBaQ2oErMVccrKHyvonL3g2Sgh__1780605386,back,8co14AW1wyQq7kYcjnUBaQ2oErMVccrKHyvonL3g2Sgh,1780000586,1780605387,4,True,347,1780043611,1780605386,8.98,False,r0b
back__51KuYxV9u7gNxyAc9SJ5p9JQ33CobsNXrJduzTJMENFs__1780605387,back,51KuYxV9u7gNxyAc9SJ5p9JQ33CobsNXrJduzTJMENFs,1780000587,1780605388,1,True,73,1780016047,1780605387,2.05,False,r0b
back__69R9Szw2miGZobfFu5osF7coKtKGCuE9AAa8DDuDspe7__1780605388,back,69R9Szw2miGZobfFu5osF7coKtKGCuE9AAa8DDuDspe7,1780000588,1780605389,1,True,81,1780007650,1780605388,2.11,False,r0b
back__1rGfwdD9MxczV81rorhCeGrTv6h33kiYgy67oDw3vQB__1780345153,back,1rGfwdD9MxczV81rorhCeGrTv6h33kiYgy67oDw3vQB,1779740353,1780345154,3,True,280,1780037028,1780345153,6.24,False,r0b
back__B82D6PstPnHqPFireeokhT2FSL6vMxotwNtVL3pNHudP__1780345153,back,B82D6PstPnHqPFireeokhT2FSL6vMxotwNtVL3pNHudP,1779740353,1780345154,3,True,285,1780040429,1780345153,6.6,False,r0b
back__AskrSN65qRj5jjh85P23NGv9JU2uMgPW3cn3WKJ24p2E__1780345153,back,AskrSN65qRj5jjh85P23NGv9JU2uMgPW3cn3WKJ24p2E,1779740353,1780345154,3,True,286,1780043120,1780345153,5.96,False,r0b
back__5U3e1oEPWSADLmGxHsudDEpp1mP2kKoBJcdHRCsVEuTy__1780345154,back,5U3e1oEPWSADLmGxHsudDEpp1mP2kKoBJcdHRCsVEuTy,1779740354,1780345155,5,False,500,1780069744,1780345154,11.42,False,r0b
back__G6GeE2X8GVyrZ3cRmfF9LcEEDzCpUhyMLbtnQ78QaGyH__1780345156,back,G6GeE2X8GVyrZ3cRmfF9LcEEDzCpUhyMLbtnQ78QaGyH,1779740356,1780345157,3,True,299,1780048553,1780345156,6.92,False,r0b
back__51FznSKnFDmMSAPrqMATzqAT8pDdj7DmamaN4T6vxeTw__1780345156,back,51FznSKnFDmMSAPrqMATzqAT8pDdj7DmamaN4T6vxeTw,1779740356,1780345157,4,True,316,1780175859,1780345156,8.59,False,r0b
back__6D9iCxggvvaLZ52vD4xtg1bnBgg3oHk1yUnbS3Nu1yBU__1780345156,back,6D9iCxggvvaLZ52vD4xtg1bnBgg3oHk1yUnbS3Nu1yBU,1779740356,1780345157,4,True,309,1780098465,1780345156,8.69,False,r0b
back__57WGG6voxaXBkHLDFyXso1xstVwguWyaCAWgX9TawYXo__1780345159,back,57WGG6voxaXBkHLDFyXso1xstVwguWyaCAWgX9TawYXo,1779740359,1780345160,3,True,280,1780116218,1780345159,6.74,False,r0b
back__EMrrs9REDDLANS9XHzTpBpSbeGVnNAcZtCmkLRdJpVrF__1780345159,back,EMrrs9REDDLANS9XHzTpBpSbeGVnNAcZtCmkLRdJpVrF,1779740359,1780345160,3,True,270,1780103347,1780345159,6.46,False,r0b
back__DKWj3vTxNABkXaA175U2jVog6sRNa58Mfeu6atU4FJ3X__1780345159,back,DKWj3vTxNABkXaA175U2jVog6sRNa58Mfeu6atU4FJ3X,1779740359,1780345160,3,True,279,1780179036,1780345159,6.42,False,r0b
back__E8oha6AYKZhSjAMS6Ek8CkWkaNu34qfipidYf6uqruVe__1780345159,back,E8oha6AYKZhSjAMS6Ek8CkWkaNu34qfipidYf6uqruVe,1779740359,1780345160,5,False,500,1780298507,1780345159,11.66,False,r0b
back__4Q4Cf7xQoE2fG6mmU72ScQoW9SRkvtTDz6tTgFeSf4ay__1780345160,back,4Q4Cf7xQoE2fG6mmU72ScQoW9SRkvtTDz6tTgFeSf4ay,1779740360,1780345161,3,True,248,1780210888,1780345160,6.94,False,r0b
back__3pjhW3AgvXQzvi3EDuj4vGMs6xschMu2HHYuS726mruN__1780345160,back,3pjhW3AgvXQzvi3EDuj4vGMs6xschMu2HHYuS726mruN,1779740360,1780345161,3,True,240,1780214109,1780345160,6.91,False,r0b
back__B8WsueSh2JNPsSDoAzF7o2ytiooyCvQyH8TwoJeB53hD__1780345160,back,B8WsueSh2JNPsSDoAzF7o2ytiooyCvQyH8TwoJeB53hD,1779740360,1780345161,3,True,234,1780180660,1780345160,6.4,False,r0b
back__3SG3Rd7WyEFrbMZ1L54W4razuoZNKtbTK3dWw8vmM65n__1780345162,back,3SG3Rd7WyEFrbMZ1L54W4razuoZNKtbTK3dWw8vmM65n,1779740362,1780345163,5,True,413,1780312535,1780345162,11.83,False,r0b
back__Acui6E1sikgH8493pQz7v8YCxBKD8dFwvSJtzp1iAa5B__1780345162,back,Acui6E1sikgH8493pQz7v8YCxBKD8dFwvSJtzp1iAa5B,1779740362,1780345163,5,False,500,1780322836,1780345162,11.79,False,r0b
back__3trcdB94yHL3NWD6rzoeJK575ktK48PmgL8kuHoosJvE__1780345163,back,3trcdB94yHL3NWD6rzoeJK575ktK48PmgL8kuHoosJvE,1779740363,1780345164,4,True,391,1780215821,1780345163,10.33,False,r0b
back__A65tyaq4u8AHscgPHhNUycGU6cXYETs37yrvs6JtXPR__1780345163,back,A65tyaq4u8AHscgPHhNUycGU6cXYETs37yrvs6JtXPR,1779740363,1780345164,4,True,384,1780231427,1780345163,9.4,False,r0b
back__Ez2jYoXp45DZxr7JVhiqbDNirgBT37MErjZGxA8jZkTf__1780345167,back,Ez2jYoXp45DZxr7JVhiqbDNirgBT37MErjZGxA8jZkTf,1779740367,1780345168,5,False,500,1780338558,1780345167,12.44,False,r0b
back__9LqVsVft4FavpvknRYQEybUAyuvsT9UFvyZsczsHxAd1__1780345175,back,9LqVsVft4FavpvknRYQEybUAyuvsT9UFvyZsczsHxAd1,1779740375,1780345176,3,True,296,1779744366,1780345175,7.77,False,r0b
back__4Ko82451yccA7Jk15w7fZgHjeGceASA8awe4BLGvd1aD__1780345201,back,4Ko82451yccA7Jk15w7fZgHjeGceASA8awe4BLGvd1aD,1779740401,1780345202,1,True,26,1779743493,1780345201,2.16,False,r0b
back__5a2gQ6KzbowUfPDmmhHXaQh8et6LmETUtRkGCHWgzvDg__1780345214,back,5a2gQ6KzbowUfPDmmhHXaQh8et6LmETUtRkGCHWgzvDg,1779740414,1780345215,1,True,27,1779780103,1780345214,1.79,False,r0b
back__7rnTq4E9bgkYTqMx62142zAFXnyifkDdJgGZc8jNq1xg__1780345271,back,7rnTq4E9bgkYTqMx62142zAFXnyifkDdJgGZc8jNq1xg,1779740471,1780345272,4,True,329,1779743004,1780345271,9.09,False,r0b
back__6zHzYbaogUQ4RHQ8CthixjuiTDRgtpjCpkuVXhP6nVd__1780345279,back,6zHzYbaogUQ4RHQ8CthixjuiTDRgtpjCpkuVXhP6nVd,1779740479,1780345280,5,False,500,1779891188,1780345279,11.43,False,r0b
back__HHZLrYPYibz6soxkr7AbqXwysGKDEv656a8rbxj3AAmN__1780345279,back,HHZLrYPYibz6soxkr7AbqXwysGKDEv656a8rbxj3AAmN,1779740479,1780345280,5,False,500,1779995050,1780345279,11.01,False,r0b
back__Cu7AJiu9eEjBBxGHRh5yndV6AmD1myaCj2BepKwhzHbu__1780345280,back,Cu7AJiu9eEjBBxGHRh5yndV6AmD1myaCj2BepKwhzHbu,1779740480,1780345281,5,False,500,1780317130,1780345280,11.85,False,r0b
back__EnopGPZrtuZWwphqHziTTjhyAzoGh5ENSEBQYXRbxEag__1780345282,back,EnopGPZrtuZWwphqHziTTjhyAzoGh5ENSEBQYXRbxEag,1779740482,1780345283,1,True,96,1779741092,1780345282,2.57,False,r0b
back__3Xk2EuuSwKgniGNA4XkB33YY4mnEvcMnTLNpkKgGa14X__1780345282,back,3Xk2EuuSwKgniGNA4XkB33YY4mnEvcMnTLNpkKgGa14X,1779740482,1780345283,5,False,500,1780312574,1780345282,11.35,False,r0b
back__BTacsXqq4UYZNdPcfedZPLtJsXjF87LfYLoLAcVXNegp__1780345311,back,BTacsXqq4UYZNdPcfedZPLtJsXjF87LfYLoLAcVXNegp,1779740511,1780345312,5,False,500,1780093943,1780345311,11.14,False,r0b
back__5V3GABzpLK7syuJbytgzspP9DFugHHiG6k7ork4HYumf__1780345402,back,5V3GABzpLK7syuJbytgzspP9DFugHHiG6k7ork4HYumf,1779740602,1780345403,5,False,500,1779914393,1780345402,12.61,False,r0b
back__C6GY1sX96ULkj4EkVLjVDdN7vxejHcGeepec7T7VGzxC__1780748354,back,C6GY1sX96ULkj4EkVLjVDdN7vxejHcGeepec7T7VGzxC,1780143554,1780748355,5,False,500,1780503657,1780748354,12.17,False,r0b
back__EuKbiJuzfnwTkWnSFCsrV58PcD5CAzEo25pZAZJP6649__1780748354,back,EuKbiJuzfnwTkWnSFCsrV58PcD5CAzEo25pZAZJP6649,1780143554,1780748355,5,False,500,1780503784,1780748354,11.96,False,r0b
back__HoCezVGvY7aZosLs7cxV7UtoA8NjtLnpWLw9YiJ2mPCL__1780748354,back,HoCezVGvY7aZosLs7cxV7UtoA8NjtLnpWLw9YiJ2mPCL,1780143554,1780748355,5,False,500,1780502270,1780748354,13.02,False,r0b
back__9njcFwd5Y43pnwb88ueBsA4oHGaYurYkCS9BoqAT6Vg6__1780748357,back,9njcFwd5Y43pnwb88ueBsA4oHGaYurYkCS9BoqAT6Vg6,1780143557,1780748358,5,False,500,1780488696,1780748357,12.32,False,r0b
back__8VRPd3DYrYf54Hh8jKGGdyHzV68qw6q9dTj6UZ1VcJBM__1780748357,back,8VRPd3DYrYf54Hh8jKGGdyHzV68qw6q9dTj6UZ1VcJBM,1780143557,1780748358,5,False,500,1780488816,1780748357,12.83,False,r0b
back__EWNZNHuPw7xXpn1mBmcbQx5pRbZK7ZBNCHYzTEdAU6C9__1780748357,back,EWNZNHuPw7xXpn1mBmcbQx5pRbZK7ZBNCHYzTEdAU6C9,1780143557,1780748358,5,True,434,1780495069,1780748357,11.54,False,r0b
back__34DqgaxDJASNpHpM7UBxx3dQ8XK2u6a2oECHUMTecywx__1780748360,back,34DqgaxDJASNpHpM7UBxx3dQ8XK2u6a2oECHUMTecywx,1780143560,1780748361,3,True,244,1780667021,1780748360,7.33,False,r0b
back__CsAa7Xj625o6HFcsXfsDMXMqGyQPBLShsaBgqLXQu3fY__1780748360,back,CsAa7Xj625o6HFcsXfsDMXMqGyQPBLShsaBgqLXQu3fY,1780143560,1780748361,1,True,68,1780735066,1780748360,2.59,False,r0b
back__FuLHHEJwzVMUC8Fx1uCRRpJHhhmXpsocj5wj8LfPK8z3__1780748360,back,FuLHHEJwzVMUC8Fx1uCRRpJHhhmXpsocj5wj8LfPK8z3,1780143560,1780748361,5,False,500,1780394476,1780748360,11.62,False,r0b
back__FrJMVN7VK77nqm5YizyRXqBZ86Ro94LCui5C12Fn7cb2__1780748368,back,FrJMVN7VK77nqm5YizyRXqBZ86Ro94LCui5C12Fn7cb2,1780143568,1780748369,5,False,500,1780411280,1780748368,12.0,False,r0b
back__BHiLrrDbJTuAJhixesma1Bi2E1Bz1xxfKq61KPeJxJmE__1780748371,back,BHiLrrDbJTuAJhixesma1Bi2E1Bz1xxfKq61KPeJxJmE,1780143571,1780748372,5,False,500,1780738967,1780748371,12.18,False,r0b
back__9YBk9kiDah69drRtpqhev28QcoAamWramBCfBcvBo4uX__1780748372,back,9YBk9kiDah69drRtpqhev28QcoAamWramBCfBcvBo4uX,1780143572,1780748373,2,True,162,1780145765,1780748372,4.74,False,r0b
back__HfqckzgVY2L16qYd1W5m674jBFt5jLGNW7iksKFLMJaf__1780748372,back,HfqckzgVY2L16qYd1W5m674jBFt5jLGNW7iksKFLMJaf,1780143572,1780748373,5,True,452,1780145765,1780748372,10.98,False,r0b
back__7TNYdvwDzuRKvquzn24grcGwvrtpsYK58GAWdRBnm3UT__1780748377,back,7TNYdvwDzuRKvquzn24grcGwvrtpsYK58GAWdRBnm3UT,1780143577,1780748378,5,False,500,1780510349,1780748377,11.73,False,r0b
back__35d3mSz3xRSyzJJr9u6m4GLgpt5YxWThY2Y2G6tZqvS6__1780748377,back,35d3mSz3xRSyzJJr9u6m4GLgpt5YxWThY2Y2G6tZqvS6,1780143577,1780748378,2,True,154,1780429165,1780748377,5.05,False,r0b
back__HdFB61p3pCZWjvPBP2GeVwczcE21VZGVswuDMPob4iCH__1780748377,back,HdFB61p3pCZWjvPBP2GeVwczcE21VZGVswuDMPob4iCH,1780143577,1780748378,2,True,185,1780251252,1780748377,4.71,False,r0b
back__CC8UBYbqyas6b6qSjUov2NWyHK8Kz55vY3ZfGca6Qeki__1780748377,back,CC8UBYbqyas6b6qSjUov2NWyHK8Kz55vY3ZfGca6Qeki,1780143577,1780748378,3,True,212,1780158401,1780748377,5.51,False,r0b
back__6LRCxFtV2HUEj64B43QScgkTJGA7znKaxESvhiABUJNp__1780748377,back,6LRCxFtV2HUEj64B43QScgkTJGA7znKaxESvhiABUJNp,1780143577,1780748378,5,False,500,1780662676,1780748377,11.8,False,r0b
back__qv1u2vPiuvJCzRPJ3ywovSYJG117zGbisXjMJtrGkvd__1780748377,back,qv1u2vPiuvJCzRPJ3ywovSYJG117zGbisXjMJtrGkvd,1780143577,1780748378,5,False,500,1780695003,1780748377,12.49,False,r0b
back__EWezPmUW8bnt95KujfaCHi7fdCeyNgnJXKg1BmN5c7mo__1780748377,back,EWezPmUW8bnt95KujfaCHi7fdCeyNgnJXKg1BmN5c7mo,1780143577,1780748378,5,False,500,1780653899,1780748377,12.03,False,r0b
back__Ez2jYoXp45DZxr7JVhiqbDNirgBT37MErjZGxA8jZkTf__1780748377,back,Ez2jYoXp45DZxr7JVhiqbDNirgBT37MErjZGxA8jZkTf,1780143577,1780748378,5,False,500,1780729796,1780748377,12.47,False,r0b
back__DGJX5Phf9drKA2pq7vcXxBEBZ2cE38bQuiQrA1byvdbC__1780748377,back,DGJX5Phf9drKA2pq7vcXxBEBZ2cE38bQuiQrA1byvdbC,1780143577,1780748378,5,False,500,1780691426,1780748377,11.41,False,r0b
back__8uP9Ud3GhcHWkqfm6tMS91Szv2ytdVsCveavN3zzsGmR__1780748377,back,8uP9Ud3GhcHWkqfm6tMS91Szv2ytdVsCveavN3zzsGmR,1780143577,1780748378,5,False,500,1780505449,1780748377,12.72,False,r0b
back__3EMZCY4r8XpzgRifkvT3SawbvthBeFhvCZ3MGEJAZ7Vv__1780748377,back,3EMZCY4r8XpzgRifkvT3SawbvthBeFhvCZ3MGEJAZ7Vv,1780143577,1780748378,5,False,500,1780506113,1780748377,13.04,False,r0b
back__8YpojbwdE8k5Qj7VnvCsjjuTL7CAQVCS8Ft9HBcEtMxt__1780748377,back,8YpojbwdE8k5Qj7VnvCsjjuTL7CAQVCS8Ft9HBcEtMxt,1780143577,1780748378,5,False,500,1780393218,1780748377,11.82,False,r0b
back__qgv5NviBeiPa1AgEAYeDzWzZLT2aCxTcVW3GqbzgHDn__1780748378,back,qgv5NviBeiPa1AgEAYeDzWzZLT2aCxTcVW3GqbzgHDn,1780143578,1780748379,5,False,500,1780668555,1780748378,12.81,False,r0b
back__7whuGgGShi5MDXa5y5VdMJVTbiSr2w3bWTMpvGdjnyVB__1780748378,back,7whuGgGShi5MDXa5y5VdMJVTbiSr2w3bWTMpvGdjnyVB,1780143578,1780748379,5,False,500,1780668374,1780748378,12.89,False,r0b
back__856E8vGfoijxQvLZeHq4BVSkRdLPt5myMKa4NpFVAvnA__1780748378,back,856E8vGfoijxQvLZeHq4BVSkRdLPt5myMKa4NpFVAvnA,1780143578,1780748379,5,False,500,1780668535,1780748378,12.89,False,r0b
back__HQvThrrwfb1GL5me99bLmXKM8AoystzagcD4YKaEv9VT__1780748380,back,HQvThrrwfb1GL5me99bLmXKM8AoystzagcD4YKaEv9VT,1780143580,1780748381,1,True,6,1780648765,1780748380,1.49,False,r0b
back__EqEdxrpkb2X85xzhMgbMSQeomzTo4La9N1KvJfvCRafk__1780748380,back,EqEdxrpkb2X85xzhMgbMSQeomzTo4La9N1KvJfvCRafk,1780143580,1780748381,1,True,44,1780571529,1780748380,2.15,False,r0b
back__BwWK17cbHxwWBKZkUYvzxLcNQ1YVyaFezduWbtm2de6s__1781262721,back,BwWK17cbHxwWBKZkUYvzxLcNQ1YVyaFezduWbtm2de6s,1780657921,1781262722,5,False,500,1781262578,1781262721,11.45,False,r0b
back__56Wzj9aLZPeSsLiSmjwtCJ7MNNBQYRhQEh3NdjRLAG5j__1781262793,back,56Wzj9aLZPeSsLiSmjwtCJ7MNNBQYRhQEh3NdjRLAG5j,1780657993,1781262794,5,False,500,1781003168,1781262793,12.17,False,r0b
back__botV3ToWRV2xpnBQk4jG6TSis8nekHKUEj1Fdx2acko__1781262892,back,botV3ToWRV2xpnBQk4jG6TSis8nekHKUEj1Fdx2acko,1780658092,1781262893,4,True,375,1780682993,1781262892,9.5,False,r0b
back__HKAw6jkecM7tZKp4fZo3SUwPR6f3EcY4t8Ma4YeQWyy9__1781262906,back,HKAw6jkecM7tZKp4fZo3SUwPR6f3EcY4t8Ma4YeQWyy9,1780658106,1781262907,5,False,500,1781203979,1781262906,12.61,False,r0b
back__8MjRnvLtGdvpA7ZVw2BW1QXD5yBpPNm5Y82p8VjQGnWu__1781262916,back,8MjRnvLtGdvpA7ZVw2BW1QXD5yBpPNm5Y82p8VjQGnWu,1780658116,1781262917,4,True,357,1780990996,1781262916,8.23,False,r0b
back__2mqrindMAjJEQPLhroYWyiYPo5h9iAsahfdd4QtsjwdY__1780568277,back,2mqrindMAjJEQPLhroYWyiYPo5h9iAsahfdd4QtsjwdY,1779963477,1780568278,5,False,500,1780498932,1780568277,11.66,False,r0b
back__2CQgjcdNEo7WtbQLpJTAVcC3Ga61pNvRDTgP5grzctFG__1780568277,back,2CQgjcdNEo7WtbQLpJTAVcC3Ga61pNvRDTgP5grzctFG,1779963477,1780568278,5,False,500,1780551977,1780568277,11.82,False,r0b
back__4qFfFMuDqLFMQ3XQjCcFddxx9Y764JTR9AT5f2C79ujs__1780568280,back,4qFfFMuDqLFMQ3XQjCcFddxx9Y764JTR9AT5f2C79ujs,1779963480,1780568281,5,False,500,1780559042,1780568280,12.14,False,r0b
back__CkLT4ADywSJkXPhwjfnQSd2ujWv8eb5FLKxN1FejvELr__1780568280,back,CkLT4ADywSJkXPhwjfnQSd2ujWv8eb5FLKxN1FejvELr,1779963480,1780568281,5,False,500,1780493753,1780568280,11.68,False,r0b
back__6V2dPZaApqELwkVAWCkwAJNn5GNdeWKcLgsGTVF8jsfD__1780568291,back,6V2dPZaApqELwkVAWCkwAJNn5GNdeWKcLgsGTVF8jsfD,1779963491,1780568292,5,False,500,1780378871,1780568291,12.79,False,r0b
back__GumbVYaXgz6CbMxeZcz1khKgQfjspq5PX14FpaDLC1zu__1780568291,back,GumbVYaXgz6CbMxeZcz1khKgQfjspq5PX14FpaDLC1zu,1779963491,1780568292,5,False,500,1780380349,1780568291,13.53,False,r0b
back__Hdre2LuaZCr3gR5BnhBXjHF9xyZL75dPGozFHTyaS9Qs__1780568291,back,Hdre2LuaZCr3gR5BnhBXjHF9xyZL75dPGozFHTyaS9Qs,1779963491,1780568292,5,False,500,1780379004,1780568291,13.68,False,r0b
back__8m29kNmRr4swsDKCcN6vyLsxtx5Negkwy1y2xwFaKwGb__1780568295,back,8m29kNmRr4swsDKCcN6vyLsxtx5Negkwy1y2xwFaKwGb,1779963495,1780568296,1,True,42,1780091168,1780568295,1.89,False,r0b
back__HduNTdpVaWdX14sHcDNNP6oLsw62SQLEPwwie4ZgdugH__1780568295,back,HduNTdpVaWdX14sHcDNNP6oLsw62SQLEPwwie4ZgdugH,1779963495,1780568296,3,True,218,1779964087,1780568295,7.54,False,r0b
back__64fy1zVMgbazih9jc9UpbZjMt6o5EwpJ9xZU5qic6auH__1780568305,back,64fy1zVMgbazih9jc9UpbZjMt6o5EwpJ9xZU5qic6auH,1779963505,1780568306,5,False,500,1780429036,1780568305,14.11,False,r0b
back__Fg88AA8GTXNVEAf55XJmiaqoq8S51GVntf3KzoZb6X5e__1780568307,back,Fg88AA8GTXNVEAf55XJmiaqoq8S51GVntf3KzoZb6X5e,1779963507,1780568308,5,False,500,1780420086,1780568307,13.42,False,r0b
back__Dpdn5FZL9wHeWipULCbfirkxBVyb8aZRn4bJBY6p2Xt9__1780568310,back,Dpdn5FZL9wHeWipULCbfirkxBVyb8aZRn4bJBY6p2Xt9,1779963510,1780568311,5,False,500,1780525676,1780568310,12.8,False,r0b
back__Bq5VTQ5dvWJgRA1wumMYkajnLQVFEXiHjCx1RZrERhKU__1780568310,back,Bq5VTQ5dvWJgRA1wumMYkajnLQVFEXiHjCx1RZrERhKU,1779963510,1780568311,5,False,500,1780525677,1780568310,12.3,False,r0b
back__EY9UZTYGBXUxda5WeFHt8yqXm29fbKFjCBfrW5iJxUxB__1780568310,back,EY9UZTYGBXUxda5WeFHt8yqXm29fbKFjCBfrW5iJxUxB,1779963510,1780568311,5,False,500,1780525673,1780568310,12.48,False,r0b
back__FwFxVQXEFacPK5fUe7b4YauQzf38ShrhA2L7QSnpUrxB__1780568310,back,FwFxVQXEFacPK5fUe7b4YauQzf38ShrhA2L7QSnpUrxB,1779963510,1780568311,5,False,500,1780503175,1780568310,11.65,False,r0b
back__GpWzQoGQRY5Lcb4NTeZvb2HjCcG5y8Wy46TBejzZu18g__1780568311,back,GpWzQoGQRY5Lcb4NTeZvb2HjCcG5y8Wy46TBejzZu18g,1779963511,1780568312,5,False,500,1780360385,1780568311,13.58,False,r0b
back__8Ph15WkfmxBcqJkhAt1cek7ywkZxH76S6HB2oGjhWfum__1780568315,back,8Ph15WkfmxBcqJkhAt1cek7ywkZxH76S6HB2oGjhWfum,1779963515,1780568316,1,True,60,1779965114,1780568315,1.83,False,r0b
back__7ra1X9aUZ3cmG8GqfkxaLafJfRTvQTRG2aEeQQjRdmX7__1780568315,back,7ra1X9aUZ3cmG8GqfkxaLafJfRTvQTRG2aEeQQjRdmX7,1779963515,1780568316,1,True,9,1780477489,1780568315,1.02,False,r0b
back__Ft1ZFvxArsQv7NxfnS5FuDZC5NHU6igyRrSxwzyk97s7__1780568315,back,Ft1ZFvxArsQv7NxfnS5FuDZC5NHU6igyRrSxwzyk97s7,1779963515,1780568316,1,True,48,1779965114,1780568315,2.12,False,r0b
back__B54xDTfSGDBDNdGmsQLA4d8Lxkz5CCwzm19S2maz3A8P__1780568316,back,B54xDTfSGDBDNdGmsQLA4d8Lxkz5CCwzm19S2maz3A8P,1779963516,1780568317,1,True,91,1780075154,1780568316,2.66,False,r0b
back__BZRFYAg3e2DjAkCWjALn4Ebu5oC8PgSDenJJwm2HC93__1780568317,back,BZRFYAg3e2DjAkCWjALn4Ebu5oC8PgSDenJJwm2HC93,1779963517,1780568318,5,False,500,1780545305,1780568317,26.01,False,r0b
back__8PonJoXG67TwpxhyhhGcR4GjsnM1q8MwXhiMj2ukiNDU__1780568317,back,8PonJoXG67TwpxhyhhGcR4GjsnM1q8MwXhiMj2ukiNDU,1779963517,1780568318,5,False,500,1780534486,1780568317,23.32,False,r0b
back__A7X9Fd1vBkLc1NBu9KwS4SHPxhcG2Tpnnn2Bh9scPDxq__1780568367,back,A7X9Fd1vBkLc1NBu9KwS4SHPxhcG2Tpnnn2Bh9scPDxq,1779963567,1780568368,1,True,21,1780091181,1780568367,1.78,False,r0b
back__6j7BnEVqBZqTwUWscdM8FYR62fFDs3rbYxiwNVvENLMp__1780568371,back,6j7BnEVqBZqTwUWscdM8FYR62fFDs3rbYxiwNVvENLMp,1779963571,1780568372,3,True,249,1780024746,1780568371,10.27,False,r0b
back__BGA4WCewCajQkxWwMV9iUifmCDStqavk9StawbRofD7z__1780568427,back,BGA4WCewCajQkxWwMV9iUifmCDStqavk9StawbRofD7z,1779963627,1780568428,1,True,22,1780477679,1780568427,1.59,False,r0b
back__2t6wTzZ8QbDDgopWw79SWnq1jwFU9eKYiGX9UPM56y7o__1780568519,back,2t6wTzZ8QbDDgopWw79SWnq1jwFU9eKYiGX9UPM56y7o,1779963719,1780568520,1,True,66,1780492368,1780568519,2.17,False,r0b
back__GoU7oDAEK1kaBxGVsWF6e7fJYdGjuBSzBbyMJ42XLmba__1780568521,back,GoU7oDAEK1kaBxGVsWF6e7fJYdGjuBSzBbyMJ42XLmba,1779963721,1780568522,3,True,287,1779967642,1780568521,17.61,False,r0b
back__ALiNLAYCKkku1VFA14hxeJzGtGKC9bZBKhWPPMtGg62Y__1780568521,back,ALiNLAYCKkku1VFA14hxeJzGtGKC9bZBKhWPPMtGg62Y,1779963721,1780568522,3,True,215,1779967642,1780568521,10.02,False,r0b
back__DeNwH63Xgj3a4bXXHw79BiL5iBUNBQVaRYeLHQTQxL7z__1780568521,back,DeNwH63Xgj3a4bXXHw79BiL5iBUNBQVaRYeLHQTQxL7z,1779963721,1780568522,5,False,500,1780549200,1780568521,26.11,False,r0b
back__71NE7RtQPz6254shETyps5nd1y3L374b1yX12S1pziXy__1780568535,back,71NE7RtQPz6254shETyps5nd1y3L374b1yX12S1pziXy,1779963735,1780568536,5,False,500,1780375239,1780568535,18.22,False,r0b
back__5CDYEbtEsg9wZpmRs5j7P4WXy4FS9AU1EKbqFS8wqTth__1780274874,back,5CDYEbtEsg9wZpmRs5j7P4WXy4FS9AU1EKbqFS8wqTth,1779670074,1780274875,5,False,500,1779901018,1780274874,17.65,False,r0b
back__X23REkUmGPAYtj1zc77tz5ofGmTqhEP5JB3NNn2R3CG__1780274874,back,X23REkUmGPAYtj1zc77tz5ofGmTqhEP5JB3NNn2R3CG,1779670074,1780274875,5,False,500,1779821816,1780274874,11.9,False,r0b
back__CG8qyvvLoJQiWKTdrd8isWy1ErjsBoEdbJJz6GLe8P2u__1780274874,back,CG8qyvvLoJQiWKTdrd8isWy1ErjsBoEdbJJz6GLe8P2u,1779670074,1780274875,5,False,500,1779809038,1780274874,12.53,False,r0b
back__5brv79eFZ2rGprXNvqgVJBkBptkkw8GJX1XydJyZLyAr__1780274874,back,5brv79eFZ2rGprXNvqgVJBkBptkkw8GJX1XydJyZLyAr,1779670074,1780274875,5,False,500,1780237346,1780274874,10.92,False,r0b
back__2CQgjcdNEo7WtbQLpJTAVcC3Ga61pNvRDTgP5grzctFG__1780274874,back,2CQgjcdNEo7WtbQLpJTAVcC3Ga61pNvRDTgP5grzctFG,1779670074,1780274875,5,False,500,1780266701,1780274874,11.9,False,r0b
back__onzuooBLiz51VQ49om8xBA14FhuGpphm9SAni483M1L__1780274874,back,onzuooBLiz51VQ49om8xBA14FhuGpphm9SAni483M1L,1779670074,1780274875,5,False,500,1780248019,1780274874,11.39,False,r0b
back__AzzZKBXu26PjWyhvAd9ehsge2eT37RuGE96U3y6o6Hkj__1780274874,back,AzzZKBXu26PjWyhvAd9ehsge2eT37RuGE96U3y6o6Hkj,1779670074,1780274875,2,True,150,1780004071,1780274874,4.1,False,r0b
back__6LRCxFtV2HUEj64B43QScgkTJGA7znKaxESvhiABUJNp__1780274874,back,6LRCxFtV2HUEj64B43QScgkTJGA7znKaxESvhiABUJNp,1779670074,1780274875,5,False,500,1780142898,1780274874,11.1,False,r0b
back__GT3j697N2kwzU2TEYAYoqeJmd7xgG7zQTXjKGmDf6nZF__1780274874,back,GT3j697N2kwzU2TEYAYoqeJmd7xgG7zQTXjKGmDf6nZF,1779670074,1780274875,5,False,500,1780205912,1780274874,11.62,False,r0b
back__GEPiePuVYQcbShk7ACa2YASeLuRHqvcSZpS89keWZecG__1780274875,back,GEPiePuVYQcbShk7ACa2YASeLuRHqvcSZpS89keWZecG,1779670075,1780274876,5,True,434,1779673587,1780274875,11.51,False,r0b
back__76VMCqqzCdny4658aDFFU7jw44jRTiqCCRdtWF8cAJwb__1780274875,back,76VMCqqzCdny4658aDFFU7jw44jRTiqCCRdtWF8cAJwb,1779670075,1780274876,5,False,500,1780242313,1780274875,10.99,False,r0b
back__A13xqCVw5mfupM985EtRCdf5KTfngKxBEEqCxg3BSvMb__1780274875,back,A13xqCVw5mfupM985EtRCdf5KTfngKxBEEqCxg3BSvMb,1779670075,1780274876,5,False,500,1780182680,1780274875,11.46,False,r0b
back__AiZmc96qy4sDHSRmZQYJbRnykikbKGCt25sZQYdZ52Rb__1780274875,back,AiZmc96qy4sDHSRmZQYJbRnykikbKGCt25sZQYdZ52Rb,1779670075,1780274876,5,False,500,1780181838,1780274875,12.65,False,r0b
back__4EfEgViu8rUtpwGiYeAEaVz3ZcLRxhvmi2Yah2Tbems3__1780274875,back,4EfEgViu8rUtpwGiYeAEaVz3ZcLRxhvmi2Yah2Tbems3,1779670075,1780274876,5,False,500,1780092099,1780274875,12.41,False,r0b
back__6KgpBB5J4jWussR232qXxkMrTUMnt5ZqffKjk2Es4UCm__1780274875,back,6KgpBB5J4jWussR232qXxkMrTUMnt5ZqffKjk2Es4UCm,1779670075,1780274876,5,False,500,1780197103,1780274875,11.64,False,r0b
back__7trT7cBbhtxbPheMAjhNwMqoewxnzhVsRWPbqg5DNo8s__1780274875,back,7trT7cBbhtxbPheMAjhNwMqoewxnzhVsRWPbqg5DNo8s,1779670075,1780274876,5,False,500,1780140098,1780274875,12.11,False,r0b
back__7XQyoTSoEmZYJQHxtERJ8S7QjJkyaTpgagzHykQyukJi__1780274875,back,7XQyoTSoEmZYJQHxtERJ8S7QjJkyaTpgagzHykQyukJi,1779670075,1780274876,5,False,500,1780177286,1780274875,11.93,False,r0b
back__831yhv67QpKqLBJjbmw2xoDUeeFHGUx8RnuRj9imeoEs__1780274875,back,831yhv67QpKqLBJjbmw2xoDUeeFHGUx8RnuRj9imeoEs,1779670075,1780274876,5,False,500,1780182762,1780274875,11.23,False,r0b
back__3cZQqQHiVG9Tn7Q6ztrYh2xWQJWJaCsrDcobkJVvk4fh__1780274875,back,3cZQqQHiVG9Tn7Q6ztrYh2xWQJWJaCsrDcobkJVvk4fh,1779670075,1780274876,5,False,500,1780124519,1780274875,11.76,False,r0b
back__DtuCsfYR9LKe8RPck3dzpmbU9jeEWiz2RWxQYimWMu2S__1780274876,back,DtuCsfYR9LKe8RPck3dzpmbU9jeEWiz2RWxQYimWMu2S,1779670076,1780274877,5,False,500,1780257798,1780274876,11.05,False,r0b
back__8Vceaxp4Xc6VQ4onWWo6ag5zn9s4Zy4GnbEsnTdkyuVy__1780274876,back,8Vceaxp4Xc6VQ4onWWo6ag5zn9s4Zy4GnbEsnTdkyuVy,1779670076,1780274877,5,False,500,1780189329,1780274876,10.34,False,r0b
back__2qKU91U5P4vCXUh4JzPSRwvPPdvpoyzLHS3mgKiSZQXo__1780274876,back,2qKU91U5P4vCXUh4JzPSRwvPPdvpoyzLHS3mgKiSZQXo,1779670076,1780274877,5,False,500,1780132340,1780274876,10.74,False,r0b
back__Cy78cfePXDG2CtPb2M81DeeGPwRBt6MXHFNYcmKKR9CU__1780274876,back,Cy78cfePXDG2CtPb2M81DeeGPwRBt6MXHFNYcmKKR9CU,1779670076,1780274877,5,False,500,1780152873,1780274876,10.76,False,r0b
back__R2yYRbJ34LiCCYGMUGHx1x86px3L1QLrrx53EUzYdLy__1780274876,back,R2yYRbJ34LiCCYGMUGHx1x86px3L1QLrrx53EUzYdLy,1779670076,1780274877,5,False,500,1780260962,1780274876,9.81,False,r0b
back__8acHTKPssJZDjMrFM83ja5oaRRut7cc92Euv3GPPcxj1__1780274876,back,8acHTKPssJZDjMrFM83ja5oaRRut7cc92Euv3GPPcxj1,1779670076,1780274877,5,False,500,1780133262,1780274876,11.2,False,r0b
back__EVZidVd8RjGuqTX85W4nj1QH6MevfXFcGPMKiFZr8AAX__1780274877,back,EVZidVd8RjGuqTX85W4nj1QH6MevfXFcGPMKiFZr8AAX,1779670077,1780274878,5,False,500,1780187707,1780274877,10.98,False,r0b
back__BUFFKUywSEHLCJHoo9FjgcvqSGDCULpG6ydpetAATRaH__1780274877,back,BUFFKUywSEHLCJHoo9FjgcvqSGDCULpG6ydpetAATRaH,1779670077,1780274878,5,False,500,1780177157,1780274877,10.48,False,r0b
back__Anubis512ho5t7S6LNSwoxUWdeQmX2kf3RvZ8ApHHF5w__1780274877,back,Anubis512ho5t7S6LNSwoxUWdeQmX2kf3RvZ8ApHHF5w,1779670077,1780274878,5,False,500,1780266295,1780274877,11.31,False,r0b
back__9A7um9R3So5a9ZgiE8H4DmrcSPhLeA18u1VbsUUKjS5A__1780274877,back,9A7um9R3So5a9ZgiE8H4DmrcSPhLeA18u1VbsUUKjS5A,1779670077,1780274878,5,False,500,1780185312,1780274877,11.79,False,r0b
back__3jvM9vL8SAh1xVbXPkbd5uLiA5VaFN1VBMgb7ManU6vM__1780274877,back,3jvM9vL8SAh1xVbXPkbd5uLiA5VaFN1VBMgb7ManU6vM,1779670077,1780274878,5,False,500,1780195674,1780274877,11.92,False,r0b
back__ARu4n5mFdZogZAravu7CcizaojWnS6oqka37gdLT5SZn__1781241123,back,ARu4n5mFdZogZAravu7CcizaojWnS6oqka37gdLT5SZn,1780636323,1781241124,5,False,500,1781241004,1781241123,12.6,False,r0b
back__4LDMPScLRGnZX2pdEuXdWyZnrEdqpEBr2tgetbSNbEVK__1781241460,back,4LDMPScLRGnZX2pdEuXdWyZnrEdqpEBr2tgetbSNbEVK,1780636660,1781241461,1,True,30,1781034758,1781241460,2.06,False,r0b
back__2ezv4U5HmPpkt2xLsKnw1FyyGmjFBeW7c166p99Hw2xB__1780847445,back,2ezv4U5HmPpkt2xLsKnw1FyyGmjFBeW7c166p99Hw2xB,1780242645,1780847446,5,False,500,1780733936,1780847445,11.57,False,r0b
back__9caZyf8nauMWaGqnNuvKDRAqzL7C4gE8EMLMci8itqXV__1780847449,back,9caZyf8nauMWaGqnNuvKDRAqzL7C4gE8EMLMci8itqXV,1780242649,1780847450,5,False,500,1780588256,1780847449,10.54,False,r0b
back__4HgMCR7abFKHDPgYfMrtjvKniPXj4zHwuSNNRVx7QEzQ__1780847449,back,4HgMCR7abFKHDPgYfMrtjvKniPXj4zHwuSNNRVx7QEzQ,1780242649,1780847450,5,False,500,1780544165,1780847449,11.65,False,r0b
back__365ox2yoGYXQfzubohqCgzhg2MrG5PKxBRi4p9gpNQGi__1780847450,back,365ox2yoGYXQfzubohqCgzhg2MrG5PKxBRi4p9gpNQGi,1780242650,1780847451,5,False,500,1780344322,1780847450,11.63,False,r0b
back__8ffjvojhshDexboDqQWU8DXt3C2gSAoZHZVDZH3Wvie2__1780847450,back,8ffjvojhshDexboDqQWU8DXt3C2gSAoZHZVDZH3Wvie2,1780242650,1780847451,4,True,386,1780316720,1780847450,8.99,False,r0b
back__FFBGbmZ6fi3ChrpTD1Zrm6hhmeikUQSKiBPK9UxTgUMe__1780847454,back,FFBGbmZ6fi3ChrpTD1Zrm6hhmeikUQSKiBPK9UxTgUMe,1780242654,1780847455,5,False,500,1780534551,1780847454,12.13,False,r0b
back__GaAWFvrKeuN1DLcJKngkGXzvMjNEfybbSQxinRZVPzer__1780847454,back,GaAWFvrKeuN1DLcJKngkGXzvMjNEfybbSQxinRZVPzer,1780242654,1780847455,1,True,88,1780747149,1780847454,2.28,False,r0b
back__ayaCRDLwYRqAvPnrpwnkUsxrqx4hniVaWAGHYG5DGBD__1780847454,back,ayaCRDLwYRqAvPnrpwnkUsxrqx4hniVaWAGHYG5DGBD,1780242654,1780847455,5,False,500,1780790767,1780847454,11.37,False,r0b
back__FZpvKnMPQVxayKvBz55dzCFUCTxLaVe2k9dqhKG2Qjhr__1780847458,back,FZpvKnMPQVxayKvBz55dzCFUCTxLaVe2k9dqhKG2Qjhr,1780242658,1780847459,5,False,500,1780764145,1780847458,11.25,False,r0b
back__35CrinzJHMpSQzozb4kPBHNcZz3nahLP2BAWs53rFnbg__1780847468,back,35CrinzJHMpSQzozb4kPBHNcZz3nahLP2BAWs53rFnbg,1780242668,1780847469,3,True,219,1780278296,1780847468,6.27,False,r0b
back__xDLFqaPhzUGbtA6Ux8wLzkSVm9BqdSqwCoEUyE2tbPS__1780847468,back,xDLFqaPhzUGbtA6Ux8wLzkSVm9BqdSqwCoEUyE2tbPS,1780242668,1780847469,2,True,153,1780282552,1780847468,4.25,False,r0b
back__3khXjeQhjs4mk13dNwRo1a3FKFKmBnyfRjapmjJbgoJZ__1780847469,back,3khXjeQhjs4mk13dNwRo1a3FKFKmBnyfRjapmjJbgoJZ,1780242669,1780847470,2,True,174,1780327851,1780847469,4.65,False,r0b
back__HNFjT6CDeTUyEXu3BwHL5GnzFbaqkFoTRzKHoGqPY7qa__1780847469,back,HNFjT6CDeTUyEXu3BwHL5GnzFbaqkFoTRzKHoGqPY7qa,1780242669,1780847470,5,False,500,1780785236,1780847469,11.3,False,r0b
back__2wwEV58i3DUDWGQfet1DKfYNRKF2pYtWxz1ErU2cs6zG__1780847469,back,2wwEV58i3DUDWGQfet1DKfYNRKF2pYtWxz1ErU2cs6zG,1780242669,1780847470,5,False,500,1780772114,1780847469,11.43,False,r0b
back__66a3hS7o5mKvtPUmQkR4ApKfoaWHnKEBMmvNdPezxdfE__1780847469,back,66a3hS7o5mKvtPUmQkR4ApKfoaWHnKEBMmvNdPezxdfE,1780242669,1780847470,5,False,500,1780783379,1780847469,11.59,False,r0b
back__4TJQRgiLxQEemue7RPUvCLCNZRY1R4Hf5Bhr1QA3BJHm__1780847469,back,4TJQRgiLxQEemue7RPUvCLCNZRY1R4Hf5Bhr1QA3BJHm,1780242669,1780847470,5,False,500,1780423761,1780847469,11.41,False,r0b
back__5HnzXhdADMB3gn2GphZATAwfrEzzMvG5hBwT36Wtd7JX__1780847469,back,5HnzXhdADMB3gn2GphZATAwfrEzzMvG5hBwT36Wtd7JX,1780242669,1780847470,5,False,500,1780645584,1780847469,11.39,False,r0b
back__BtHZ3witDuRsbznHTrj93YQn4LWvNXJjHG9B1K2KJnun__1780847477,back,BtHZ3witDuRsbznHTrj93YQn4LWvNXJjHG9B1K2KJnun,1780242677,1780847478,2,True,110,1780270853,1780847477,3.92,False,r0b
back__DBQwpVEC2rF7UafqBv6VYGS5nMxMm762LTcUaz7wuDXd__1780847477,back,DBQwpVEC2rF7UafqBv6VYGS5nMxMm762LTcUaz7wuDXd,1780242677,1780847478,1,True,77,1780774347,1780847477,2.29,False,r0b
back__GYg8SYFdHfAx4RCLZz9ns212BBbQqw14HeEZiowf8r4G__1780847477,back,GYg8SYFdHfAx4RCLZz9ns212BBbQqw14HeEZiowf8r4G,1780242677,1780847478,4,True,350,1780246881,1780847477,8.5,False,r0b
back__3Xk2EuuSwKgniGNA4XkB33YY4mnEvcMnTLNpkKgGa14X__1780847477,back,3Xk2EuuSwKgniGNA4XkB33YY4mnEvcMnTLNpkKgGa14X,1780242677,1780847478,5,False,500,1780767427,1780847477,10.85,False,r0b
back__CdHueyD8NrLDYQtayAeAvFJTCWmmBsgCV3dmgqxDS6mP__1780847477,back,CdHueyD8NrLDYQtayAeAvFJTCWmmBsgCV3dmgqxDS6mP,1780242677,1780847478,5,False,500,1780758309,1780847477,11.32,False,r0b
back__AmoTosp6DmCpdnbfi2vfewi6xiZVPnihBmg3ETcKMUnh__1780847477,back,AmoTosp6DmCpdnbfi2vfewi6xiZVPnihBmg3ETcKMUnh,1780242677,1780847478,5,False,500,1780700279,1780847477,11.87,False,r0b
back__97V26zCSXhBRSGsnfK4dTai8sd34UHQkA3G7jS9MG9BC__1780847477,back,97V26zCSXhBRSGsnfK4dTai8sd34UHQkA3G7jS9MG9BC,1780242677,1780847478,5,False,500,1780762370,1780847477,11.52,False,r0b
back__79zUzfETJgeumwWmBTJ9Z9T6UdTuLUEVAWVgrctMrYu1__1780847479,back,79zUzfETJgeumwWmBTJ9Z9T6UdTuLUEVAWVgrctMrYu1,1780242679,1780847480,5,False,500,1780764175,1780847479,11.81,False,r0b
back__itji9kDAwWygNctsk9S7GYSAKYyC3GoF8q9VdMpq1hD__1780847481,back,itji9kDAwWygNctsk9S7GYSAKYyC3GoF8q9VdMpq1hD,1780242681,1780847482,2,True,187,1780760364,1780847481,4.52,False,r0b
back__GjXobpiEexQqqLkghB29AtcwyJRokbeGDSkz8Kn7GGr1__1780847523,back,GjXobpiEexQqqLkghB29AtcwyJRokbeGDSkz8Kn7GGr1,1780242723,1780847524,5,False,500,1780617937,1780847523,11.86,False,r0b
back__HTrwGhfPj18pfoYw7ta9vCu9HWpVoTcaXx8hnaNyfiuG__1780847524,back,HTrwGhfPj18pfoYw7ta9vCu9HWpVoTcaXx8hnaNyfiuG,1780242724,1780847525,1,True,66,1780763238,1780847524,2.27,False,r0b
back__HesCZFsE7KQWLuYHxVSbTNAom3VbuWKPZ64Jm2nyhJXw__1780847524,back,HesCZFsE7KQWLuYHxVSbTNAom3VbuWKPZ64Jm2nyhJXw,1780242724,1780847525,5,False,500,1780842147,1780847524,12.4,False,r0b
back__C3W947Fka39oegXqdmGUrXErwAG2TAoAxdaavqHHsFCf__1780847526,back,C3W947Fka39oegXqdmGUrXErwAG2TAoAxdaavqHHsFCf,1780242726,1780847527,5,False,500,1780778576,1780847526,11.82,False,r0b
back__5jRiLgyWKMgTrahupNWS636MozXVi4KTkfWVZTFyXaYX__1780316831,back,5jRiLgyWKMgTrahupNWS636MozXVi4KTkfWVZTFyXaYX,1779712031,1780316832,5,False,500,1780065241,1780316831,11.64,False,r0b
back__82N59E3ipvD1LfsuguHgutFigh22CQgdn1TspvHt1dkM__1780316831,back,82N59E3ipvD1LfsuguHgutFigh22CQgdn1TspvHt1dkM,1779712031,1780316832,5,False,500,1780065122,1780316831,11.06,False,r0b
back__tMMUfVscp2V4txTtikrRzGW3GBxmF6SkbC3N25HPULQ__1780316835,back,tMMUfVscp2V4txTtikrRzGW3GBxmF6SkbC3N25HPULQ,1779712035,1780316836,5,True,495,1780042785,1780316835,12.92,False,r0b
back__2KeNyHLaEpTeNTdR5T7KkzKTFeND7DeaaWwTfjN1BJHx__1780316835,back,2KeNyHLaEpTeNTdR5T7KkzKTFeND7DeaaWwTfjN1BJHx,1779712035,1780316836,2,True,190,1780139774,1780316835,5.47,False,r0b
back__3UNPM7X6LbmxUms5ij6zm9P7J1Ev2Wd7TwwXmYrPX3n3__1780316836,back,3UNPM7X6LbmxUms5ij6zm9P7J1Ev2Wd7TwwXmYrPX3n3,1779712036,1780316837,5,False,500,1779999794,1780316836,12.15,False,r0b
back__kkMrXRWnhkR9vgzmjPSLZTV7N7LsMeyXifPiW1HFWMn__1780316836,back,kkMrXRWnhkR9vgzmjPSLZTV7N7LsMeyXifPiW1HFWMn,1779712036,1780316837,5,False,500,1779999792,1780316836,12.78,False,r0b
back__BHrGPLx4X2HiLdj3ysy9MoRpTXJmoDo5hEdcHBcuFXKD__1780316838,back,BHrGPLx4X2HiLdj3ysy9MoRpTXJmoDo5hEdcHBcuFXKD,1779712038,1780316839,2,True,188,1779732342,1780316838,5.97,False,r0b
back__9piEBNcSQt6NJN2kPPZqJ2V5gT6oQKbGa5i7ZPDTx3jr__1780316838,back,9piEBNcSQt6NJN2kPPZqJ2V5gT6oQKbGa5i7ZPDTx3jr,1779712038,1780316839,2,True,194,1779732342,1780316838,5.16,False,r0b
back__6JR4Jk463k6RCW6JoYrybD2CaMGrWBqQyHT5npCRCWJW__1780316838,back,6JR4Jk463k6RCW6JoYrybD2CaMGrWBqQyHT5npCRCWJW,1779712038,1780316839,3,True,254,1779732342,1780316838,6.57,False,r0b
back__GT3j697N2kwzU2TEYAYoqeJmd7xgG7zQTXjKGmDf6nZF__1780316838,back,GT3j697N2kwzU2TEYAYoqeJmd7xgG7zQTXjKGmDf6nZF,1779712038,1780316839,5,False,500,1780241087,1780316838,11.1,False,r0b
back__48Z2gqfLTEXR897CKnLZXt5NGdmgXwVYgusJx4Tp1P6i__1780316839,back,48Z2gqfLTEXR897CKnLZXt5NGdmgXwVYgusJx4Tp1P6i,1779712039,1780316840,5,False,500,1780026200,1780316839,12.67,False,r0b
back__6Vwo34xDFS2XycmJqQxu3gGd6ozvGmqTXgegRNS6deqr__1780316839,back,6Vwo34xDFS2XycmJqQxu3gGd6ozvGmqTXgegRNS6deqr,1779712039,1780316840,5,False,500,1780058712,1780316839,11.1,False,r0b
back__ANmRP2GWTasxZzfajBQ9oStNSfYTe21PeCQkH93gbN6k__1780316839,back,ANmRP2GWTasxZzfajBQ9oStNSfYTe21PeCQkH93gbN6k,1779712039,1780316840,5,False,500,1780026964,1780316839,11.84,False,r0b
back__KKBT9eWDXqKvj42aPRrofdasuGSoypz8yMjkszwnK44__1780316839,back,KKBT9eWDXqKvj42aPRrofdasuGSoypz8yMjkszwnK44,1779712039,1780316840,5,False,500,1780027410,1780316839,12.31,False,r0b
back__GFrra49Go4bN7zKB5AjwrWXmwL6aFz5aena6KAEHNiej__1780316839,back,GFrra49Go4bN7zKB5AjwrWXmwL6aFz5aena6KAEHNiej,1779712039,1780316840,5,False,500,1780058335,1780316839,11.65,False,r0b
back__Ez2jYoXp45DZxr7JVhiqbDNirgBT37MErjZGxA8jZkTf__1780316839,back,Ez2jYoXp45DZxr7JVhiqbDNirgBT37MErjZGxA8jZkTf,1779712039,1780316840,5,False,500,1780300562,1780316839,11.09,False,r0b
back__DDDD2zvzaPMLuZiC2Vos2i6TLFjJJ3bi1pN7kXQc3R5R__1780316839,back,DDDD2zvzaPMLuZiC2Vos2i6TLFjJJ3bi1pN7kXQc3R5R,1779712039,1780316840,5,False,500,1780260761,1780316839,11.26,False,r0b
back__GhJ2tJfPBCaGDwCSFyCkw4sSV3qMWfyyHcWSgPUA9PZj__1780316840,back,GhJ2tJfPBCaGDwCSFyCkw4sSV3qMWfyyHcWSgPUA9PZj,1779712040,1780316841,5,False,500,1780045477,1780316840,11.13,False,r0b
back__Etrk5GiyQSJp2Jgu7A6GJqV7rwSc3PfgcYb2uDe8PTMJ__1780316840,back,Etrk5GiyQSJp2Jgu7A6GJqV7rwSc3PfgcYb2uDe8PTMJ,1779712040,1780316841,5,False,500,1780296450,1780316840,12.26,False,r0b
back__8NiawzfdxF2ENMau3kygCNvApmWFR5MJZMBjY7Lik73e__1780316840,back,8NiawzfdxF2ENMau3kygCNvApmWFR5MJZMBjY7Lik73e,1779712040,1780316841,5,False,500,1780228442,1780316840,15.34,False,r0b
back__E8oha6AYKZhSjAMS6Ek8CkWkaNu34qfipidYf6uqruVe__1780316840,back,E8oha6AYKZhSjAMS6Ek8CkWkaNu34qfipidYf6uqruVe,1779712040,1780316841,5,False,500,1780237407,1780316840,11.74,False,r0b
back__BiitQuHc9wQ3cYjSdQHBt2c8DFWBQbDQJoN6zo2YWX82__1780316842,back,BiitQuHc9wQ3cYjSdQHBt2c8DFWBQbDQJoN6zo2YWX82,1779712042,1780316843,1,True,49,1780310552,1780316842,2.02,False,r0b
back__5eXZEVF4DAdctPeE8xpZS1p9CarmAgWcRYDBSoYRzeb4__1780316844,back,5eXZEVF4DAdctPeE8xpZS1p9CarmAgWcRYDBSoYRzeb4,1779712044,1780316845,5,False,500,1779864104,1780316844,12.06,False,r0b
back__HXbwX1oGic2A5skRxVrsrQDrbAiq21u4JEzvKaFTdJBm__1780316844,back,HXbwX1oGic2A5skRxVrsrQDrbAiq21u4JEzvKaFTdJBm,1779712044,1780316845,5,False,500,1779902419,1780316844,12.0,False,r0b
back__6yAemYo2JfrpRLVvYrzF2EbsoztDvzt9WBQNd3nt6jrD__1780316844,back,6yAemYo2JfrpRLVvYrzF2EbsoztDvzt9WBQNd3nt6jrD,1779712044,1780316845,5,False,500,1779814705,1780316844,12.24,False,r0b
back__Cash9bVSLNHts4BDPoAmB3xRvedUMXhXbWyF6GaC6ZdZ__1780316845,back,Cash9bVSLNHts4BDPoAmB3xRvedUMXhXbWyF6GaC6ZdZ,1779712045,1780316846,5,False,500,1780224167,1780316845,11.56,False,r0b
back__BdLkM5ZF1xu55hN7wvpr5cQBdfLFSaaiwpf1FiYqKzBn__1780316849,back,BdLkM5ZF1xu55hN7wvpr5cQBdfLFSaaiwpf1FiYqKzBn,1779712049,1780316850,1,True,61,1780144109,1780316849,2.19,False,r0b
back__3G9NWApm2r2K1JsmeEYPe6unLKNMx7mqfDaoyH9ZCWST__1780316849,back,3G9NWApm2r2K1JsmeEYPe6unLKNMx7mqfDaoyH9ZCWST,1779712049,1780316850,4,True,392,1779717945,1780316849,10.11,False,r0b
back__8rt3CzqviZ7onf8GY4pUwj18ZGDPmupBDFAZj2e1gdLs__1780316849,back,8rt3CzqviZ7onf8GY4pUwj18ZGDPmupBDFAZj2e1gdLs,1779712049,1780316850,4,True,367,1779717945,1780316849,9.73,False,r0b
back__2e1w3Xo441Ytvwn54wCn8itAXwCKbiizc9ynGEv14Vis__1780316849,back,2e1w3Xo441Ytvwn54wCn8itAXwCKbiizc9ynGEv14Vis,1779712049,1780316850,5,False,500,1779998198,1780316849,11.4,False,r0b
back__1uVqKCwP2XNYaJrzYjf5jBDJArZdb46h6VQ5b3mzgyf__1781025035,back,1uVqKCwP2XNYaJrzYjf5jBDJArZdb46h6VQ5b3mzgyf,1780420235,1781025036,5,True,454,1780420405,1781025035,11.89,False,r0b
back__DEEBeFwq8yLtN9dT9vwkgHfPz6KdNkGRA36A4CoKpGAG__1781025035,back,DEEBeFwq8yLtN9dT9vwkgHfPz6KdNkGRA36A4CoKpGAG,1780420235,1781025036,5,True,453,1780420405,1781025035,11.95,False,r0b
back__3ansVDDVNHZB7BYVMtyaAiq3jMP6rQ8hQwPXnVsC7KFc__1781025035,back,3ansVDDVNHZB7BYVMtyaAiq3jMP6rQ8hQwPXnVsC7KFc,1780420235,1781025036,1,True,83,1780436727,1781025035,2.69,False,r0b
back__2mqrindMAjJEQPLhroYWyiYPo5h9iAsahfdd4QtsjwdY__1781025035,back,2mqrindMAjJEQPLhroYWyiYPo5h9iAsahfdd4QtsjwdY,1780420235,1781025036,5,False,500,1780941047,1781025035,10.74,False,r0b
back__GRevWsvJCmmZ6cF6GdAkpKNW6TCLm5MBKyBc3XtUeMmB__1781025035,back,GRevWsvJCmmZ6cF6GdAkpKNW6TCLm5MBKyBc3XtUeMmB,1780420235,1781025036,5,False,500,1780927075,1781025035,11.13,False,r0b
back__2uepPiVjMXvmUaPEKjRWV4QVeiUWDt9BFJgW5ueVvBM8__1781025035,back,2uepPiVjMXvmUaPEKjRWV4QVeiUWDt9BFJgW5ueVvBM8,1780420235,1781025036,5,False,500,1781010867,1781025035,11.17,False,r0b
back__GWJaS84RZ392uack89DRiUarwmvUhWcRynB1GwpFniqG__1781025036,back,GWJaS84RZ392uack89DRiUarwmvUhWcRynB1GwpFniqG,1780420236,1781025037,5,False,500,1780873838,1781025036,11.81,False,r0b
back__7bWimGRToZRULUjo4iynrwGRUgdmLsCWZTGh3JvxEGdj__1781025036,back,7bWimGRToZRULUjo4iynrwGRUgdmLsCWZTGh3JvxEGdj,1780420236,1781025037,5,False,500,1780930649,1781025036,12.29,False,r0b
back__EM1ZyNA3g4rr9MBzSEA36QqWd7t7cp54zDidm3YskyeU__1781025036,back,EM1ZyNA3g4rr9MBzSEA36QqWd7t7cp54zDidm3YskyeU,1780420236,1781025037,5,False,500,1780932432,1781025036,12.63,False,r0b
back__J2L495ZPcJ6Btuyd4YqXz5uw7hpKiQXGcLvALwumabED__1781025036,back,J2L495ZPcJ6Btuyd4YqXz5uw7hpKiQXGcLvALwumabED,1780420236,1781025037,5,False,500,1780929884,1781025036,11.93,False,r0b
back__PMJA8UQDyWTFw2Smhyp9jGA6aTaP7jKHR7BPudrgyYN__1781025036,back,PMJA8UQDyWTFw2Smhyp9jGA6aTaP7jKHR7BPudrgyYN,1780420236,1781025037,5,False,500,1780944109,1781025036,11.65,False,r0b
back__WSNokM2gDrognRmWoCEMwSqNEhz46kdRULsfK4dSRGX__1781025036,back,WSNokM2gDrognRmWoCEMwSqNEhz46kdRULsfK4dSRGX,1780420236,1781025037,2,True,138,1780935335,1781025036,4.1,False,r0b
back__7Lf6kEy7eEHounyS82DsSd1k7FvoAUFyu9b4EA743WyV__1781025036,back,7Lf6kEy7eEHounyS82DsSd1k7FvoAUFyu9b4EA743WyV,1780420236,1781025037,5,False,500,1780858193,1781025036,10.65,False,r0b
back__9oieEBu7gprdMmWrSKQFMk48DiCa3AH2edY2eZn8ortJ__1781025036,back,9oieEBu7gprdMmWrSKQFMk48DiCa3AH2edY2eZn8ortJ,1780420236,1781025037,5,False,500,1780941894,1781025036,10.96,False,r0b
back__Ez2jYoXp45DZxr7JVhiqbDNirgBT37MErjZGxA8jZkTf__1781025036,back,Ez2jYoXp45DZxr7JVhiqbDNirgBT37MErjZGxA8jZkTf,1780420236,1781025037,5,False,500,1781016888,1781025036,11.48,False,r0b
back__5nsDhZRGdxtWFDdBbexvYUEh59EeFKpsRCH75mRkywjn__1781025037,back,5nsDhZRGdxtWFDdBbexvYUEh59EeFKpsRCH75mRkywjn,1780420237,1781025038,5,True,469,1780979781,1781025037,11.23,False,r0b
back__HDUApJgLvgydExUht2MpEwfGmB1z8ifBHm2HjRF2d7Ce__1781025037,back,HDUApJgLvgydExUht2MpEwfGmB1z8ifBHm2HjRF2d7Ce,1780420237,1781025038,5,False,500,1780969519,1781025037,11.7,False,r0b
back__CwECpxSLwWAABV5PneYevZXAtF5wnZCcykMtjUJDWvJf__1781025038,back,CwECpxSLwWAABV5PneYevZXAtF5wnZCcykMtjUJDWvJf,1780420238,1781025039,5,False,500,1780500745,1781025038,10.72,False,r0b
back__G9hX58aiqBVTZqvWSgBRv44kr5WKLyuRGKaiSE4LMUwP__1781025038,back,G9hX58aiqBVTZqvWSgBRv44kr5WKLyuRGKaiSE4LMUwP,1780420238,1781025039,5,False,500,1780496829,1781025038,11.1,False,r0b
back__3JD7zrZVXfGozgaSrnn3GzAcGsHCM5ATazX8EqwJqZWY__1781025039,back,3JD7zrZVXfGozgaSrnn3GzAcGsHCM5ATazX8EqwJqZWY,1780420239,1781025040,5,False,500,1780841888,1781025039,11.66,False,r0b
back__HGhccGfHWwoMdK8aP8LdUUpZhRJWRVcKgrFiqwCSUVfh__1781025039,back,HGhccGfHWwoMdK8aP8LdUUpZhRJWRVcKgrFiqwCSUVfh,1780420239,1781025040,5,False,500,1780923247,1781025039,11.27,False,r0b
back__5AKwwm5Lqv7Entbc3WFzcempFfdUJnjkc4SMNLuR31vw__1781025039,back,5AKwwm5Lqv7Entbc3WFzcempFfdUJnjkc4SMNLuR31vw,1780420239,1781025040,5,False,500,1780828865,1781025039,11.65,False,r0b
back__CGBDpvDpzFfdLFNp33qtAFTbav3zLkCqXeqiV9jGrLSJ__1781025039,back,CGBDpvDpzFfdLFNp33qtAFTbav3zLkCqXeqiV9jGrLSJ,1780420239,1781025040,5,False,500,1780521768,1781025039,12.23,False,r0b
back__HZQiFYinuyw4kuhvKZg4juLF8c1x47qBAyvKKCxqiwoy__1781025039,back,HZQiFYinuyw4kuhvKZg4juLF8c1x47qBAyvKKCxqiwoy,1780420239,1781025040,3,True,227,1780421022,1781025039,6.62,False,r0b
back__2ke4vRh79c6JavJwFiYbzQsVhJsLAXuaYeVcyUfpft5V__1781025040,back,2ke4vRh79c6JavJwFiYbzQsVhJsLAXuaYeVcyUfpft5V,1780420240,1781025041,5,False,500,1780947954,1781025040,12.33,False,r0b
back__2ccgxuZv5NEngCwWqj6zjwxHWVc8RDwXgMUfUnmpTYHQ__1781025041,back,2ccgxuZv5NEngCwWqj6zjwxHWVc8RDwXgMUfUnmpTYHQ,1780420241,1781025042,5,False,500,1780945420,1781025041,11.62,False,r0b
back__AnsYXzDfFFq3CZQX3WgTA2S11wRGdF8DnQTQWY7ABHT__1781025042,back,AnsYXzDfFFq3CZQX3WgTA2S11wRGdF8DnQTQWY7ABHT,1780420242,1781025043,2,True,162,1780918297,1781025042,4.63,False,r0b
back__4sAUSQFdvWRBxR8UoLBYbw8CcXuwXWxnN8pXa4mtm5nU__1781025042,back,4sAUSQFdvWRBxR8UoLBYbw8CcXuwXWxnN8pXa4mtm5nU,1780420242,1781025043,5,False,500,1780998843,1781025042,12.96,False,r0b
back__C4JRuZx3nAFGqJ8ZcYuwWhRGxL4N9ZwpsErjfhGqxxAf__1781025042,back,C4JRuZx3nAFGqJ8ZcYuwWhRGxL4N9ZwpsErjfhGqxxAf,1780420242,1781025043,5,False,500,1780833776,1781025042,11.45,False,r0b
back__96MQs75zJ6TxCDbxnoHJiBxegN3mWMGBH8M64mv9a89i__1781025042,back,96MQs75zJ6TxCDbxnoHJiBxegN3mWMGBH8M64mv9a89i,1780420242,1781025043,5,False,500,1781008276,1781025042,12.25,False,r0b
back__GRANRPGS4wFKVAGwM5ScD6rreNHFs7SmET7GhH2U7EWB__1780616415,back,GRANRPGS4wFKVAGwM5ScD6rreNHFs7SmET7GhH2U7EWB,1780011615,1780616416,5,False,500,1780517203,1780616415,10.82,False,r0b
back__Azt52k9YkREqksKPNkrF3Mb5Hj8eg2i6gC5XZc8E3C1x__1780616417,back,Azt52k9YkREqksKPNkrF3Mb5Hj8eg2i6gC5XZc8E3C1x,1780011617,1780616418,5,False,500,1780338222,1780616417,13.48,False,r0b
back__3Sfme9Wt5S3NPzhc7xZpxwByn3EVYUXgkbHXi9im93An__1780616417,back,3Sfme9Wt5S3NPzhc7xZpxwByn3EVYUXgkbHXi9im93An,1780011617,1780616418,5,False,500,1780531845,1780616417,12.28,False,r0b
back__C6nyDYhzNdgdNzCwtzp7NhrNfBJqA1W8P6d3pULVsU9M__1780616417,back,C6nyDYhzNdgdNzCwtzp7NhrNfBJqA1W8P6d3pULVsU9M,1780011617,1780616418,5,False,500,1780589456,1780616417,12.08,False,r0b
back__FFFz6LeDp41sqe5VusaLH7V2HFhidCnqTiYQhE6V2Zco__1780616418,back,FFFz6LeDp41sqe5VusaLH7V2HFhidCnqTiYQhE6V2Zco,1780011618,1780616419,5,False,500,1780068968,1780616418,12.65,False,r0b
back__6ANGS6SSCxkv6hV3iymHHMESqDz7EFaecCwHA8qTswpr__1780616418,back,6ANGS6SSCxkv6hV3iymHHMESqDz7EFaecCwHA8qTswpr,1780011618,1780616419,5,True,436,1780064889,1780616418,12.33,False,r0b
back__142RBkogk4kJoKFCdzBy4JMfUxcBYzNqFqFa8nW7fFqP__1780616418,back,142RBkogk4kJoKFCdzBy4JMfUxcBYzNqFqFa8nW7fFqP,1780011618,1780616419,3,True,281,1780021262,1780616418,6.9,False,r0b
back__9999huSCf6QpepPHQVFLZ9smhsbwkV4XWPLboiy9qqRj__1780616419,back,9999huSCf6QpepPHQVFLZ9smhsbwkV4XWPLboiy9qqRj,1780011619,1780616420,5,False,500,1780593291,1780616419,12.53,False,r0b
back__5hpZag8AmNHtDnfs3oC8W74HRuL4WarDviYnAfHbm1XJ__1780616419,back,5hpZag8AmNHtDnfs3oC8W74HRuL4WarDviYnAfHbm1XJ,1780011619,1780616420,5,False,500,1780596143,1780616419,11.98,False,r0b
back__J75Z6pbpL4WyP1K53wTrnLeyfW8YtqzgMb6hAiTjuSoH__1780616419,back,J75Z6pbpL4WyP1K53wTrnLeyfW8YtqzgMb6hAiTjuSoH,1780011619,1780616420,5,False,500,1780234802,1780616419,12.56,False,r0b
back__4meALVrGXB7P32TXCZuK5Y5bvE2Y8sx55TEVZRMsbZZ2__1780616419,back,4meALVrGXB7P32TXCZuK5Y5bvE2Y8sx55TEVZRMsbZZ2,1780011619,1780616420,5,False,500,1780333298,1780616419,13.26,False,r0b
back__6RGDFBUkXkAEDuWSARb7ysq1W7hfyhUqxtTT5aFrANJP__1780616419,back,6RGDFBUkXkAEDuWSARb7ysq1W7hfyhUqxtTT5aFrANJP,1780011619,1780616420,5,False,500,1780326039,1780616419,12.26,False,r0b
back__C1riAte36NeUScnE4vAiXHXeSu2xo8gzksKpnvc2ipDr__1780616419,back,C1riAte36NeUScnE4vAiXHXeSu2xo8gzksKpnvc2ipDr,1780011619,1780616420,5,False,500,1780339992,1780616419,12.55,False,r0b
back__5rfYBLwi3aNTb1gJAUucVzHwKBy5NFS6tuq6rMYV5mN__1780616419,back,5rfYBLwi3aNTb1gJAUucVzHwKBy5NFS6tuq6rMYV5mN,1780011619,1780616420,5,False,500,1780521523,1780616419,12.03,False,r0b
back__Ez2jYoXp45DZxr7JVhiqbDNirgBT37MErjZGxA8jZkTf__1780616420,back,Ez2jYoXp45DZxr7JVhiqbDNirgBT37MErjZGxA8jZkTf,1780011620,1780616421,5,False,500,1780605502,1780616420,11.32,False,r0b
back__AWvhxir6W4YFpc21QhkmwrntnfcREbkdYgxq1UK2T1aN__1780616420,back,AWvhxir6W4YFpc21QhkmwrntnfcREbkdYgxq1UK2T1aN,1780011620,1780616421,5,False,500,1780490047,1780616420,11.62,False,r0b
back__Gae2YJcnNuCELsvmGyMogijcZXz7sTzduDgFFzzJPhKr__1780616420,back,Gae2YJcnNuCELsvmGyMogijcZXz7sTzduDgFFzzJPhKr,1780011620,1780616421,5,False,500,1780490042,1780616420,11.73,False,r0b
back__GfPkWHdE3HxnW3YGVfqj22oCXPot5TLcc2hxrfbXBx3q__1780616420,back,GfPkWHdE3HxnW3YGVfqj22oCXPot5TLcc2hxrfbXBx3q,1780011620,1780616421,5,False,500,1780490042,1780616420,11.5,False,r0b
back__AfHuC4rn989dYfvp1WSTzE7sqRd4nEa7q8PHj3fAtq9u__1780616420,back,AfHuC4rn989dYfvp1WSTzE7sqRd4nEa7q8PHj3fAtq9u,1780011620,1780616421,5,False,500,1780490097,1780616420,11.79,False,r0b
back__BAusYjRk3y5gbKMzPvn2i21f1559tZL95LFho85H369K__1780616420,back,BAusYjRk3y5gbKMzPvn2i21f1559tZL95LFho85H369K,1780011620,1780616421,1,True,58,1780608668,1780616420,1.96,False,r0b
back__4HSvNQnbMNdLLsbARbRZMvZrwF6o6XP5C76TGqCPVrEi__1780616420,back,4HSvNQnbMNdLLsbARbRZMvZrwF6o6XP5C76TGqCPVrEi,1780011620,1780616421,5,False,500,1780070914,1780616420,10.7,False,r0b
back__EeXvxkcGqMDZeTaVeawzxm9mbzZwqDUMmfG3bF7uzumH__1780616420,back,EeXvxkcGqMDZeTaVeawzxm9mbzZwqDUMmfG3bF7uzumH,1780011620,1780616421,5,False,500,1780129284,1780616420,11.52,False,r0b
back__6PU45i6inSAwhPQt3jEDZyJfHnMTf3QnvbiFURhCmi7d__1780616420,back,6PU45i6inSAwhPQt3jEDZyJfHnMTf3QnvbiFURhCmi7d,1780011620,1780616421,3,True,227,1780582429,1780616420,5.11,False,r0b
back__23yswHWhgykK6Qg2tt6PSNL8roQ9cDgUbQvbgxuwGpka__1780616420,back,23yswHWhgykK6Qg2tt6PSNL8roQ9cDgUbQvbgxuwGpka,1780011620,1780616421,5,False,500,1780490030,1780616420,12.24,False,r0b
back__DzRqREhHeiSVpGSurhnHvyqoFrweh99u9yUSdXL6CQft__1780616420,back,DzRqREhHeiSVpGSurhnHvyqoFrweh99u9yUSdXL6CQft,1780011620,1780616421,5,False,500,1780358424,1780616420,10.87,False,r0b
back__7K7WwY9yEMpbAacgHvCfquyCHpRkVyNdroNrXZvj2drK__1780616420,back,7K7WwY9yEMpbAacgHvCfquyCHpRkVyNdroNrXZvj2drK,1780011620,1780616421,5,False,500,1780440636,1780616420,11.06,False,r0b
back__2HJMgsEqKrcRNDqo1P9g9pCFEXSdi2VtKqDKg9qhikco__1780616421,back,2HJMgsEqKrcRNDqo1P9g9pCFEXSdi2VtKqDKg9qhikco,1780011621,1780616422,5,False,500,1780513973,1780616421,11.69,False,r0b
back__69qaveug9QzXysbPRV3SpLuvDkRdJTGGbK9TmAo3yYb3__1780616421,back,69qaveug9QzXysbPRV3SpLuvDkRdJTGGbK9TmAo3yYb3,1780011621,1780616422,5,False,500,1780510523,1780616421,11.23,False,r0b
back__CCppvqptuK9gsTR4HmD2DL5jR8LSsv9besoKEErfxbDZ__1780616422,back,CCppvqptuK9gsTR4HmD2DL5jR8LSsv9besoKEErfxbDZ,1780011622,1780616423,5,False,500,1780549152,1780616422,12.42,False,r0b
back__911pQNYGvQ6tN6C5Kovsj5P1mbtVFQU9RKpWtTzND3Vc__1780616422,back,911pQNYGvQ6tN6C5Kovsj5P1mbtVFQU9RKpWtTzND3Vc,1780011622,1780616423,5,False,500,1780550355,1780616422,11.52,False,r0b
back__rzyTyP3gNnAwmkutS1FY7Wv2RdSFzZi5BbzmU4Cw73t__1780332440,back,rzyTyP3gNnAwmkutS1FY7Wv2RdSFzZi5BbzmU4Cw73t,1779727640,1780332441,5,False,500,1779908172,1780332440,12.21,False,r0b
back__4ETYbb3EdPUghgu6W2rFE3MZhjvwkhXtRYuipHEiqgiR__1780332440,back,4ETYbb3EdPUghgu6W2rFE3MZhjvwkhXtRYuipHEiqgiR,1779727640,1780332441,5,False,500,1780317675,1780332440,10.9,False,r0b
back__4EQpdsiQYnoLuSYnqhmZfectShcxVgG8T9CWvjedjVtJ__1780332440,back,4EQpdsiQYnoLuSYnqhmZfectShcxVgG8T9CWvjedjVtJ,1779727640,1780332441,5,False,500,1780221523,1780332440,11.25,False,r0b
back__2Evhhj1BiaAhoDbgPSayU6M5FAAPGAya61iWAETKh3oG__1780332440,back,2Evhhj1BiaAhoDbgPSayU6M5FAAPGAya61iWAETKh3oG,1779727640,1780332441,5,False,500,1780290393,1780332440,12.66,False,r0b
back__7a1pQjFwNFhy2suHfhzN2wUyJBnPnUjacPs3m3jhu5Pk__1780332440,back,7a1pQjFwNFhy2suHfhzN2wUyJBnPnUjacPs3m3jhu5Pk,1779727640,1780332441,5,False,500,1780292085,1780332440,12.37,False,r0b
back__EnUzucchLek8XJskx3MFXphTp2HTjWk4vYPrCGQCLSmi__1780332441,back,EnUzucchLek8XJskx3MFXphTp2HTjWk4vYPrCGQCLSmi,1779727641,1780332442,5,False,500,1780292085,1780332441,12.27,False,r0b
back__A3Mpq82gqcqVwgwEEQArApaDvXQBPVeuL27EefYHGhrK__1780332441,back,A3Mpq82gqcqVwgwEEQArApaDvXQBPVeuL27EefYHGhrK,1779727641,1780332442,4,True,305,1779780376,1780332441,8.75,False,r0b
back__5ywMefptun2J2oiL539vaTm9mraEnyiwHLYrHNC1zr5G__1780332441,back,5ywMefptun2J2oiL539vaTm9mraEnyiwHLYrHNC1zr5G,1779727641,1780332442,3,True,223,1779787948,1780332441,7.35,False,r0b
back__9oieEBu7gprdMmWrSKQFMk48DiCa3AH2edY2eZn8ortJ__1780332441,back,9oieEBu7gprdMmWrSKQFMk48DiCa3AH2edY2eZn8ortJ,1779727641,1780332442,5,False,500,1780254073,1780332441,11.2,False,r0b
back__5qX2FWXYH2winfoGJXBvL4yTQQHn9tv3gwsqjZabz83L__1780332441,back,5qX2FWXYH2winfoGJXBvL4yTQQHn9tv3gwsqjZabz83L,1779727641,1780332442,5,False,500,1780226679,1780332441,10.37,False,r0b
back__HurJbsfi9t4kJZg6UwjC29A3gnB7rDwWwoj75xobsfhh__1780332441,back,HurJbsfi9t4kJZg6UwjC29A3gnB7rDwWwoj75xobsfhh,1779727641,1780332442,5,False,500,1779736680,1780332441,11.38,False,r0b
back__2nuWtG1VBFjZMuzDNSiArgTj3r4UWLyRV3eEVSiutCma__1780332442,back,2nuWtG1VBFjZMuzDNSiArgTj3r4UWLyRV3eEVSiutCma,1779727642,1780332443,4,True,310,1779809090,1780332442,8.08,False,r0b
back__C6nyDYhzNdgdNzCwtzp7NhrNfBJqA1W8P6d3pULVsU9M__1780332442,back,C6nyDYhzNdgdNzCwtzp7NhrNfBJqA1W8P6d3pULVsU9M,1779727642,1780332443,5,False,500,1780159196,1780332442,10.86,False,r0b
back__JEDfaWUiAST2XJJDmp8vPsKoQHBeonMRue1kkcnW74cr__1780332443,back,JEDfaWUiAST2XJJDmp8vPsKoQHBeonMRue1kkcnW74cr,1779727643,1780332444,5,False,500,1780003681,1780332443,11.42,False,r0b
back__6U5dbKVCVu2wEj8raP6ugvCZAuHopAGbHeJoYAom1rzK__1780332443,back,6U5dbKVCVu2wEj8raP6ugvCZAuHopAGbHeJoYAom1rzK,1779727643,1780332444,5,False,500,1780154246,1780332443,10.94,False,r0b
back__5yzcoiJauWeKr6eMQxi8bHUdRgNVDtJCiUWaPNWJbhaC__1780332443,back,5yzcoiJauWeKr6eMQxi8bHUdRgNVDtJCiUWaPNWJbhaC,1779727643,1780332444,5,False,500,1780154249,1780332443,10.95,False,r0b
back__DmWYFzd3cFixF3sNZovxH62vWfCksWHEncxk5HE2aKJ6__1780332443,back,DmWYFzd3cFixF3sNZovxH62vWfCksWHEncxk5HE2aKJ6,1779727643,1780332444,5,False,500,1780154272,1780332443,11.57,False,r0b
back__unLUCKyNxVPP74TxxdupaN3R7NNzKYkiPad2A6eZnxX__1780332443,back,unLUCKyNxVPP74TxxdupaN3R7NNzKYkiPad2A6eZnxX,1779727643,1780332444,5,False,500,1780089840,1780332443,11.15,False,r0b
back__4vw54BmAogeRV3vPKWyFet5yf8DTLcREzdSzx4rw9Ud9__1780332443,back,4vw54BmAogeRV3vPKWyFet5yf8DTLcREzdSzx4rw9Ud9,1779727643,1780332444,5,False,500,1780246760,1780332443,11.21,False,r0b
back__54ZXfX8fqPmRL19PZvRNtzdsDNPM3SZBwa7iCQTW2b17__1780332443,back,54ZXfX8fqPmRL19PZvRNtzdsDNPM3SZBwa7iCQTW2b17,1779727643,1780332444,5,False,500,1780328934,1780332443,8.71,False,r0b
back__7XQyoTSoEmZYJQHxtERJ8S7QjJkyaTpgagzHykQyukJi__1780332443,back,7XQyoTSoEmZYJQHxtERJ8S7QjJkyaTpgagzHykQyukJi,1779727643,1780332444,5,False,500,1780191484,1780332443,11.48,False,r0b
back__Hqu85svBmrKDaPyFgwKFXzz1XbfCQZeR5sWMaXbFcVEa__1780332443,back,Hqu85svBmrKDaPyFgwKFXzz1XbfCQZeR5sWMaXbFcVEa,1779727643,1780332444,5,False,500,1780301336,1780332443,11.22,False,r0b
back__Ez2jYoXp45DZxr7JVhiqbDNirgBT37MErjZGxA8jZkTf__1780332443,back,Ez2jYoXp45DZxr7JVhiqbDNirgBT37MErjZGxA8jZkTf,1779727643,1780332444,5,False,500,1780328676,1780332443,10.43,False,r0b
back__CyaE1VxvBrahnPWkqm5VsdCvyS2QmNht2UFrKJHga54o__1780332444,back,CyaE1VxvBrahnPWkqm5VsdCvyS2QmNht2UFrKJHga54o,1779727644,1780332445,5,False,500,1780271303,1780332444,11.43,False,r0b
back__EBLANMXSCc8njEdbJBMADxCtx6TqiCiMqGHFe2bon3a__1780332444,back,EBLANMXSCc8njEdbJBMADxCtx6TqiCiMqGHFe2bon3a,1779727644,1780332445,5,False,500,1780166201,1780332444,10.99,False,r0b
back__niggerd597QYedtvjQDVHZTCCGyJrwHNm2i49dkm5zS__1780332444,back,niggerd597QYedtvjQDVHZTCCGyJrwHNm2i49dkm5zS,1779727644,1780332445,5,False,500,1780317467,1780332444,11.14,False,r0b
back__Fpr4qrRmtARMKUz5TUAVVyaYvqGgsRht9pye6EkqGt3Y__1780332444,back,Fpr4qrRmtARMKUz5TUAVVyaYvqGgsRht9pye6EkqGt3Y,1779727644,1780332445,1,True,2,1780332429,1780332444,1.09,False,r0b
back__EVZidVd8RjGuqTX85W4nj1QH6MevfXFcGPMKiFZr8AAX__1780332444,back,EVZidVd8RjGuqTX85W4nj1QH6MevfXFcGPMKiFZr8AAX,1779727644,1780332445,5,False,500,1780253117,1780332444,9.9,False,r0b
back__DzRqREhHeiSVpGSurhnHvyqoFrweh99u9yUSdXL6CQft__1780332444,back,DzRqREhHeiSVpGSurhnHvyqoFrweh99u9yUSdXL6CQft,1779727644,1780332445,5,False,500,1780125564,1780332444,10.66,False,r0b
back__7K7WwY9yEMpbAacgHvCfquyCHpRkVyNdroNrXZvj2drK__1780332444,back,7K7WwY9yEMpbAacgHvCfquyCHpRkVyNdroNrXZvj2drK,1779727644,1780332445,5,False,500,1780185264,1780332444,11.12,False,r0b
back__4RhwhnbDR4G96kogUjKr4Rzxb3xHfnFQVmJirgzg6paR__1781379182,back,4RhwhnbDR4G96kogUjKr4Rzxb3xHfnFQVmJirgzg6paR,1780774382,1781379183,3,True,251,1780796713,1781379182,6.45,False,r0b
back__GAWhCain5BRDCuc6JarBRmnekSBdLbcHXz5XoGwagfng__1781379182,back,GAWhCain5BRDCuc6JarBRmnekSBdLbcHXz5XoGwagfng,1780774382,1781379183,3,True,272,1780785287,1781379182,6.5,False,r0b
back__GgPEb5oGpHfsrWwyUywwPUTwtw2XjPXzBqzTFDbNXUpx__1781379182,back,GgPEb5oGpHfsrWwyUywwPUTwtw2XjPXzBqzTFDbNXUpx,1780774382,1781379183,3,True,249,1780800581,1781379182,6.57,False,r0b
back__T9pYQ6192p967MxDciWoY4a4Mv8b1mJu3HK7epxLr7t__1781379182,back,T9pYQ6192p967MxDciWoY4a4Mv8b1mJu3HK7epxLr7t,1780774382,1781379183,2,True,109,1780854251,1781379182,3.78,False,r0b
back__4AcU3uhy8cwF4Ghbu887sRCV8982wqqXiZ6MDh85RXK4__1781379182,back,4AcU3uhy8cwF4Ghbu887sRCV8982wqqXiZ6MDh85RXK4,1780774382,1781379183,3,True,207,1780865196,1781379182,5.97,False,r0b
back__2Q18gCBvgyx52dDLYzVipZinVS7CCv9vQDN12QT3m3AR__1781379182,back,2Q18gCBvgyx52dDLYzVipZinVS7CCv9vQDN12QT3m3AR,1780774382,1781379183,3,True,205,1780803281,1781379182,6.18,False,r0b
back__YvVEuuMmjMAX7uszbXbvSw8nPa3N66XJeYap1AXtvts__1781379182,back,YvVEuuMmjMAX7uszbXbvSw8nPa3N66XJeYap1AXtvts,1780774382,1781379183,2,True,112,1780865456,1781379182,3.57,False,r0b
back__5KvQp5NNu74HtkC31SZLYmxeuYWNBz67VGxRXijEkS8u__1781379182,back,5KvQp5NNu74HtkC31SZLYmxeuYWNBz67VGxRXijEkS8u,1780774382,1781379183,2,True,168,1780801812,1781379182,4.75,False,r0b
back__F36LQNAbwjRh3BqzZW3iAZFE9VzqtkHGGCB3sKwafkXd__1781379182,back,F36LQNAbwjRh3BqzZW3iAZFE9VzqtkHGGCB3sKwafkXd,1780774382,1781379183,3,True,206,1780800731,1781379182,6.18,False,r0b
back__6J32v5P6CyppYZKDnobgMudPJeJVvP6wJFXMZyTMyUWj__1781379182,back,6J32v5P6CyppYZKDnobgMudPJeJVvP6wJFXMZyTMyUWj,1780774382,1781379183,2,True,140,1780801092,1781379182,4.18,False,r0b
back__GnsyW5emojV3JRNSorqv6vxH8BdkxxgBnS8EffwWKXYe__1781379182,back,GnsyW5emojV3JRNSorqv6vxH8BdkxxgBnS8EffwWKXYe,1780774382,1781379183,2,True,153,1780801452,1781379182,4.29,False,r0b
back__Fsnj6Z36AyAqdZMKMMiaPBzwsJyMg17XGcA5XPFSWmQ8__1781379182,back,Fsnj6Z36AyAqdZMKMMiaPBzwsJyMg17XGcA5XPFSWmQ8,1780774382,1781379183,3,True,251,1780802742,1781379182,6.86,False,r0b
back__2CQgjcdNEo7WtbQLpJTAVcC3Ga61pNvRDTgP5grzctFG__1781379182,back,2CQgjcdNEo7WtbQLpJTAVcC3Ga61pNvRDTgP5grzctFG,1780774382,1781379183,5,False,500,1781370445,1781379182,11.33,False,r0b
back__DpVShLKenyV6JcUkbdu3fZrT5mxGq532t5vJKYvtMKQD__1781379182,back,DpVShLKenyV6JcUkbdu3fZrT5mxGq532t5vJKYvtMKQD,1780774382,1781379183,5,False,500,1780943788,1781379182,11.85,False,r0b
back__BrtnZgE3SSrUCG8UwHQojSPKuU8gQNYVxW5D11vSySG3__1781379182,back,BrtnZgE3SSrUCG8UwHQojSPKuU8gQNYVxW5D11vSySG3,1780774382,1781379183,2,True,100,1780932519,1781379182,3.14,False,r0b
back__83hruSMPkfwcowzbpvGhQUQaFfQS5ZxNxaZEYTwL5GAp__1781379182,back,83hruSMPkfwcowzbpvGhQUQaFfQS5ZxNxaZEYTwL5GAp,1780774382,1781379183,2,True,186,1781000421,1781379182,4.66,False,r0b
back__Hb3vzSSuJs4MAiVFhNYWZgbTwnDdmv66SbDZF75rCD2K__1781379182,back,Hb3vzSSuJs4MAiVFhNYWZgbTwnDdmv66SbDZF75rCD2K,1780774382,1781379183,1,True,49,1781028281,1781379182,1.68,False,r0b
back__24bi56rMTR9udy186tNNNKzdt8Dhnn7fWLscmCQjXY4u__1781379182,back,24bi56rMTR9udy186tNNNKzdt8Dhnn7fWLscmCQjXY4u,1780774382,1781379183,3,True,234,1780786032,1781379182,6.48,False,r0b
back__FRoexPJRhn29wzzg9nrmcn4dRqQXMExHUkYUqFJQkqK__1781379182,back,FRoexPJRhn29wzzg9nrmcn4dRqQXMExHUkYUqFJQkqK,1780774382,1781379183,2,True,122,1781086497,1781379182,3.73,False,r0b
back__5yWdTFfXMQ1uNnpnW4NztSqgceyQSX68Rvm15EGY4jXZ__1781379182,back,5yWdTFfXMQ1uNnpnW4NztSqgceyQSX68Rvm15EGY4jXZ,1780774382,1781379183,4,True,390,1780780256,1781379182,8.67,False,r0b
back__PKDnR9amKmsUsMnaKdYxqfjW4rhNJPFraqMtXEdA8Ns__1781379182,back,PKDnR9amKmsUsMnaKdYxqfjW4rhNJPFraqMtXEdA8Ns,1780774382,1781379183,1,True,92,1781333392,1781379182,2.01,False,r0b
back__niggerd597QYedtvjQDVHZTCCGyJrwHNm2i49dkm5zS__1781379182,back,niggerd597QYedtvjQDVHZTCCGyJrwHNm2i49dkm5zS,1780774382,1781379183,5,False,500,1781363602,1781379182,11.23,False,r0b
back__BnnNJJgy9w2MLQ9XBKJKG9FQa2r9qdW7u5VpzEkwUcc3__1781379182,back,BnnNJJgy9w2MLQ9XBKJKG9FQa2r9qdW7u5VpzEkwUcc3,1780774382,1781379183,5,False,500,1781188656,1781379182,12.13,False,r0b
back__HsBK95XGUpVD3ENufWapD3Jib6zodHE6xj3VLArNBX3v__1781379182,back,HsBK95XGUpVD3ENufWapD3Jib6zodHE6xj3VLArNBX3v,1780774382,1781379183,3,True,280,1781167892,1781379182,6.97,False,r0b
back__DqT5xdwda2UciyZQZk2zve4GUpcfrjVJ2wxABTBARZTh__1781379182,back,DqT5xdwda2UciyZQZk2zve4GUpcfrjVJ2wxABTBARZTh,1780774382,1781379183,2,True,147,1780786073,1781379182,4.46,False,r0b
back__6eHnRCd139n5QawrvXB8QedshG2z5ZGzNgsuDwK8uTRj__1781379182,back,6eHnRCd139n5QawrvXB8QedshG2z5ZGzNgsuDwK8uTRj,1780774382,1781379183,3,True,213,1780999021,1781379182,5.98,False,r0b
back__B27vwq89vX3oDa8fFNGiqQWB2wRiSmsmD8Hw2JuRefC8__1781379182,back,B27vwq89vX3oDa8fFNGiqQWB2wRiSmsmD8Hw2JuRefC8,1780774382,1781379183,5,False,500,1781314539,1781379182,12.23,False,r0b
back__5mFMB48J9WD5PiQtsxNUuR8Zs3fQD7brqqN1nAsLove__1781379182,back,5mFMB48J9WD5PiQtsxNUuR8Zs3fQD7brqqN1nAsLove,1780774382,1781379183,5,False,500,1781197425,1781379182,10.79,False,r0b
back__DGNEzBFc1KoyGDcM82hRkAEmQtGyhWNUQSCZjgJ23fjq__1781379182,back,DGNEzBFc1KoyGDcM82hRkAEmQtGyhWNUQSCZjgJ23fjq,1780774382,1781379183,2,True,155,1780799956,1781379182,4.08,False,r0b
back__CZdLqeytEAZM5FL1hi4aD1yDocSpWUd9XJ9WwAGPkmwp__1781379182,back,CZdLqeytEAZM5FL1hi4aD1yDocSpWUd9XJ9WwAGPkmwp,1780774382,1781379183,5,True,482,1781283800,1781379182,11.11,False,r0b
back__Kx1dbpoRzSVqhu3xd1ChREyutznjzGHph4Nh28s9j55__1780609687,back,Kx1dbpoRzSVqhu3xd1ChREyutznjzGHph4Nh28s9j55,1780004887,1780609688,5,False,500,1780603156,1780609687,11.19,False,r0b
back__xYz3NuixcGrHDD6HnRWFwABMzqojaTktoM6qzaRrshv__1780609687,back,xYz3NuixcGrHDD6HnRWFwABMzqojaTktoM6qzaRrshv,1780004887,1780609688,5,False,500,1780590515,1780609687,11.04,False,r0b
back__GgXicFDK9fiL7pfVdf9Cw6PFsovxdEXdYisQnDgZqxUC__1780609687,back,GgXicFDK9fiL7pfVdf9Cw6PFsovxdEXdYisQnDgZqxUC,1780004887,1780609688,5,False,500,1780587072,1780609687,11.02,False,r0b
back__5nwvMfqRdjmww5GYFt1vfHvZHc3RH6xKccn6K3aX6m6F__1780609687,back,5nwvMfqRdjmww5GYFt1vfHvZHc3RH6xKccn6K3aX6m6F,1780004887,1780609688,5,False,500,1780520092,1780609687,11.14,False,r0b
back__EaZNBezvDDhhm6hcafAUTZzm12PiYNMm6zzizGq9yzaP__1780609918,back,EaZNBezvDDhhm6hcafAUTZzm12PiYNMm6zzizGq9yzaP,1780005118,1780609919,5,True,480,1780008374,1780609918,11.54,False,r0b
back__ERmHMbmdrkN7zVzB7ZR6JDKjkzCkbmR5xEVMJTFVNMBE__1780609918,back,ERmHMbmdrkN7zVzB7ZR6JDKjkzCkbmR5xEVMJTFVNMBE,1780005118,1780609919,5,True,492,1780008374,1780609918,11.21,False,r0b
back__8tqhKMbT9rfRUzjZRy3NshgZDBPN5gmBvVZGFm7iu5H9__1780749123,back,8tqhKMbT9rfRUzjZRy3NshgZDBPN5gmBvVZGFm7iu5H9,1780144323,1780749124,1,True,27,1780680398,1780749123,1.45,False,r0b
back__FDQgYzoHR5wP3LJ8fLmTWwcVXH6Hc9KWJNn7cpUc8jXp__1780749123,back,FDQgYzoHR5wP3LJ8fLmTWwcVXH6Hc9KWJNn7cpUc8jXp,1780144323,1780749124,1,True,87,1780241958,1780749123,2.57,False,r0b
back__DMBHvEhqVhXPzez2YruAyzB23xnzpdVdUAW1z4cqfZ3w__1780749123,back,DMBHvEhqVhXPzez2YruAyzB23xnzpdVdUAW1z4cqfZ3w,1780144323,1780749124,5,False,500,1780708335,1780749123,11.17,False,r0b
back__9yzDcVC569tYadQqmuNPGNNa3ZmHA6AY7tdgWnSEvDbi__1780749123,back,9yzDcVC569tYadQqmuNPGNNa3ZmHA6AY7tdgWnSEvDbi,1780144323,1780749124,5,False,500,1780720664,1780749123,11.44,False,r0b
back__8QpeZybSzWRF4WKeJQkezeaY1QjnZrEbWGo9SJ7o53kS__1780749124,back,8QpeZybSzWRF4WKeJQkezeaY1QjnZrEbWGo9SJ7o53kS,1780144324,1780749125,1,True,7,1780680401,1780749124,1.49,False,r0b
back__4Afb54ck4HkuaYNtGu5WQogQXoLTgZR7h3qu84qQSFb4__1780749124,back,4Afb54ck4HkuaYNtGu5WQogQXoLTgZR7h3qu84qQSFb4,1780144324,1780749125,1,True,7,1780680396,1780749124,1.47,False,r0b
back__A5te7ZVGWQg11KdXozPgcuv1xB3JawrdFq1SKZL1XXyS__1780749124,back,A5te7ZVGWQg11KdXozPgcuv1xB3JawrdFq1SKZL1XXyS,1780144324,1780749125,1,True,6,1780680395,1780749124,1.28,False,r0b
back__AsmCFhCBwAQz6w7JNuKLxWHSK4ieUr8HbsA7QtXbEhYW__1780749124,back,AsmCFhCBwAQz6w7JNuKLxWHSK4ieUr8HbsA7QtXbEhYW,1780144324,1780749125,1,True,8,1780680409,1780749124,1.41,False,r0b
back__FZzwqFkiEaYSZgC2AWRpqxJN9N5BVZTdUnAedrUVx7ox__1780749124,back,FZzwqFkiEaYSZgC2AWRpqxJN9N5BVZTdUnAedrUVx7ox,1780144324,1780749125,1,True,8,1780680403,1780749124,1.53,False,r0b
back__FxBnpEgT9w3znpEKNruh4TUQAXY2hwgwTuR6zfHFyit4__1780749124,back,FxBnpEgT9w3znpEKNruh4TUQAXY2hwgwTuR6zfHFyit4,1780144324,1780749125,1,True,8,1780680406,1780749124,1.27,False,r0b
back__7kMjmNM7DUb66pp6QEB6qXRdc7dvaXY9GVs2BRDAiUzk__1780749124,back,7kMjmNM7DUb66pp6QEB6qXRdc7dvaXY9GVs2BRDAiUzk,1780144324,1780749125,1,True,8,1780680400,1780749124,1.37,False,r0b
back__Cp9FUZb4hcEn3na7wsWWyw37B1qzTH5PEMY1BRbB1FPx__1780749124,back,Cp9FUZb4hcEn3na7wsWWyw37B1qzTH5PEMY1BRbB1FPx,1780144324,1780749125,1,True,8,1780680397,1780749124,1.31,False,r0b
back__4YU6HJXQiXU3MKAAKhj149nodbgCfV2AwAgWDAt5b62a__1780749124,back,4YU6HJXQiXU3MKAAKhj149nodbgCfV2AwAgWDAt5b62a,1780144324,1780749125,1,True,8,1780680409,1780749124,1.33,False,r0b
back__6kgwtJfymJ3zGzT5Yx81anBmKs4XtVAQU1JhejpGfqzT__1780749124,back,6kgwtJfymJ3zGzT5Yx81anBmKs4XtVAQU1JhejpGfqzT,1780144324,1780749125,1,True,7,1780680399,1780749124,1.29,False,r0b
back__6MzPN8dzEaYV2LhZbz9kHbNbRV4a1Vdcm9pqzfLJB3BB__1780749124,back,6MzPN8dzEaYV2LhZbz9kHbNbRV4a1Vdcm9pqzfLJB3BB,1780144324,1780749125,1,True,7,1780680408,1780749124,1.32,False,r0b
back__6yyQs172aCAPNC2bSMHrNjXQEmaqdtwawWP4zhqfzRAF__1780749124,back,6yyQs172aCAPNC2bSMHrNjXQEmaqdtwawWP4zhqfzRAF,1780144324,1780749125,1,True,10,1780680405,1780749124,1.36,False,r0b
back__7ysR9VxxrxpRvYsneEp4AigPJMN4tNRZu9fuQ2mYxrVc__1780749124,back,7ysR9VxxrxpRvYsneEp4AigPJMN4tNRZu9fuQ2mYxrVc,1780144324,1780749125,1,True,8,1780680400,1780749124,1.49,False,r0b
back__HAjCZbw6yZXKGD7E3hGuwzx1Uqo1bLPtSB8aSp5XkNaM__1780749124,back,HAjCZbw6yZXKGD7E3hGuwzx1Uqo1bLPtSB8aSp5XkNaM,1780144324,1780749125,1,True,8,1780680398,1780749124,1.4,False,r0b
back__41ms9WkJPj2hgYrzos8wowmxqaL5dEkLUunpzF9MpB4d__1780749124,back,41ms9WkJPj2hgYrzos8wowmxqaL5dEkLUunpzF9MpB4d,1780144324,1780749125,1,True,8,1780680412,1780749124,1.44,False,r0b
back__FaLbz9ha9kMTiRVDNQkwsCzghVmZz8CJhvb2PancaHwD__1780749124,back,FaLbz9ha9kMTiRVDNQkwsCzghVmZz8CJhvb2PancaHwD,1780144324,1780749125,1,True,8,1780680407,1780749124,1.35,False,r0b
back__7451mjCNtZo6cvfyDZJejSPVGBA6SbdCHoKtFLKu7drT__1780749124,back,7451mjCNtZo6cvfyDZJejSPVGBA6SbdCHoKtFLKu7drT,1780144324,1780749125,1,True,8,1780680396,1780749124,1.45,False,r0b
back__8CuGFXDHih523bZJiMT8B2v4Nhog57pW1MX5zSTqsKVj__1780749124,back,8CuGFXDHih523bZJiMT8B2v4Nhog57pW1MX5zSTqsKVj,1780144324,1780749125,1,True,8,1780680406,1780749124,1.31,False,r0b
back__Dpj9ova1PyF6STYvyybmpLxcg1RLWFSyYC3PzhLtCwuH__1780749124,back,Dpj9ova1PyF6STYvyybmpLxcg1RLWFSyYC3PzhLtCwuH,1780144324,1780749125,1,True,8,1780680403,1780749124,1.45,False,r0b
back__Anubis512ho5t7S6LNSwoxUWdeQmX2kf3RvZ8ApHHF5w__1780749124,back,Anubis512ho5t7S6LNSwoxUWdeQmX2kf3RvZ8ApHHF5w,1780144324,1780749125,5,False,500,1780702586,1780749124,10.93,False,r0b
back__8Vceaxp4Xc6VQ4onWWo6ag5zn9s4Zy4GnbEsnTdkyuVy__1780749125,back,8Vceaxp4Xc6VQ4onWWo6ag5zn9s4Zy4GnbEsnTdkyuVy,1780144325,1780749126,5,False,500,1780631169,1780749125,9.72,False,r0b
back__2qKU91U5P4vCXUh4JzPSRwvPPdvpoyzLHS3mgKiSZQXo__1780749125,back,2qKU91U5P4vCXUh4JzPSRwvPPdvpoyzLHS3mgKiSZQXo,1780144325,1780749126,5,False,500,1780653052,1780749125,11.03,False,r0b
back__AJ5GrFgjRkrchsKRfHijs44KD6L6Yd5pceuiiF1FX3Rt__1780749126,back,AJ5GrFgjRkrchsKRfHijs44KD6L6Yd5pceuiiF1FX3Rt,1780144326,1780749127,1,True,2,1780748562,1780749126,1.07,False,r0b
back__HNB8GoroTRFQ8VQUtrXqaNkpcLJHDiLBSbyYQUr2hUch__1780749128,back,HNB8GoroTRFQ8VQUtrXqaNkpcLJHDiLBSbyYQUr2hUch,1780144328,1780749129,1,True,12,1780680412,1780749128,1.44,False,r0b
back__8Wj1JoryvHB9ahqdQnuYbhZdGYQiXhjJt5QWPFktXa8b__1780749129,back,8Wj1JoryvHB9ahqdQnuYbhZdGYQiXhjJt5QWPFktXa8b,1780144329,1780749130,5,False,500,1780696607,1780749129,10.64,False,r0b
back__94gc7H2aQtRm48DwCKQUpmctQiJJ1P5xzU98sd3F5xLz__1780749129,back,94gc7H2aQtRm48DwCKQUpmctQiJJ1P5xzU98sd3F5xLz,1780144329,1780749130,1,True,13,1780150254,1780749129,1.53,False,r0b
back__BwWK17cbHxwWBKZkUYvzxLcNQ1YVyaFezduWbtm2de6s__1780978556,back,BwWK17cbHxwWBKZkUYvzxLcNQ1YVyaFezduWbtm2de6s,1780373756,1780978557,5,False,500,1780978461,1780978556,10.95,False,r0b
back__BwWK17cbHxwWBKZkUYvzxLcNQ1YVyaFezduWbtm2de6s__1781129795,back,BwWK17cbHxwWBKZkUYvzxLcNQ1YVyaFezduWbtm2de6s,1780524995,1781129796,5,False,500,1781129680,1781129795,11.06,False,r0b
back__BwWK17cbHxwWBKZkUYvzxLcNQ1YVyaFezduWbtm2de6s__1780823203,back,BwWK17cbHxwWBKZkUYvzxLcNQ1YVyaFezduWbtm2de6s,1780218403,1780823204,5,False,500,1780823088,1780823203,10.69,False,r0b
