k,mint,dui,v1,v2,v3,_merge,ok
0,12JgxJS6q8ovNwxfSLqr9aVuKK1b7uYaQfQtJpjsTzLB,0E-9,0.000000000000000000,0.000000000000000000,0.000000000000000000,both,True
0,2139GnkYdPrnUrLYf3BwyRVyp77XHwmMr4g9RbqkjArP,0E-9,0.000000000000000000,0.000000000000000000,0.000000000000000000,both,True
0,2Pc9GC6Dm1et68yi8uxoNM9vzMHDBwALagDYMh3xD4YA,0E-9,0.000000000000000000,0.000000000000000000,0.000000000000000000,both,True
0,2SatJhCxmyxzqoyRqXWt5X3TTADhJFAmSfS6X1QSyCP4,0E-9,0.000000000000000000,0.000000000000000000,0.000000000000000000,both,True
0,2x9YUHMGfe2cyXVFVQoWJWUUcn5PVRXv8kByN175oFQ2,0E-9,0.000000000000000000,0.000000000000000000,0.000000000000000000,both,True
0,3WiFbkpnYYeySfHCr2iGcQu9RrFCSrMVKAzJVeKcCCaG,0E-9,0.000000000000000000,0.000000000000000000,0.000000000000000000,both,True
0,4BJ6CmahNrKTQXkY8VLxuFCi7seaX3rzof2EEDvNFChe,0E-9,0.000000000000000000,0.000000000000000000,0.000000000000000000,both,True
0,4TNnsRkNvau6tyQvxWkmWv9UPTAfqUqJ73qQSEpDUw3E,0E-9,0.000000000000000000,0.000000000000000000,0.000000000000000000,both,True
0,4oMQJ1h9617Z422LArHmCMbRBsgbrNRRpkFLij3xLKn8,0E-9,0.000000000000000000,0.000000000000000000,0.000000000000000000,both,True
0,4qPhbdpgj6w33VcepAPzh7ev2WdctzCTxUPZBUuyywXD,0E-9,0.000000000000000000,0.000000000000000000,0.000000000000000000,both,True
0,4up6HMHWykACg3B3VMvY2dfdoueky4ajapiHvutNMRY3,0E-9,0.000000000000000000,0.000000000000000000,0.000000000000000000,both,True
0,4vfhefdDFV1JoP5zr5qN1R4pjYNgf2tWAbWqqMvkYFTM,0E-9,0.000000000000000000,0.000000000000000000,0.000000000000000000,both,True
0,4xTRPVpiB5F7xSULHpvLsQGwm7xHFw9aJY9XeGxPWvFZ,0E-9,0.000000000000000000,0.000000000000000000,0.000000000000000000,both,True
0,5MDBYuksid9ivbCUWEffhputrTwTSDijEVMkYBXtGEXY,0E-9,0.000000000000000000,0.000000000000000000,0.000000000000000000,both,True
0,6D9UVzucTgifMEoBWn5Gwhx3kmqvMsV6dW7rYdMYPSsx,0E-9,0.000000000000000000,0.000000000000000000,0.000000000000000000,both,True
0,6LhufnCFrFtJtudeXJvFCSocF1ardNDp7tGdc6tDHeME,0E-7,0.000000000000000000,0.000000000000000000,0.000000000000000000,both,True
0,6XJjhMiXBZLG8kiQ9UWqBBowXzzjJKTEBZ1RuMbvMnH3,0E-9,0.000000000000000000,0.000000000000000000,0.000000000000000000,both,True
0,7R1CvgP2eX4FYMkeUSUyXyoGMPm5h1UhGqKR1svMtsv7,0E-9,0.000000000000000000,0.000000000000000000,0.000000000000000000,both,True
0,7SPBTQzBAdBRA3n1MzBxsi28o84xGiS7q36eF3PbB9u7,0E-9,0.000000000000000000,0.000000000000000000,0.000000000000000000,both,True
0,7m3s9gCDwryHj1aA9BFtrxsLdge8ULMBmtDfjrJT6vGf,0E-9,0.000000000000000000,0.000000000000000000,0.000000000000000000,both,True
0,8FmBEnyz2JcSDA4GeVs1QQXjxWwCoim9BdtWr66fGeqc,0E-9,0.000000000000000000,0.000000000000000000,0.000000000000000000,both,True
0,8QAKi4ZB5mvczZsu91Y5DALHJAeYotvyEcKSUAyEKdLs,0E-9,0.000000000000000000,0.000000000000000000,0.000000000000000000,both,True
0,8RhH5j3i64jNn32HJx7NEfVvnhos5Rwg1bDAW9453xfd,0E-9,0.000000000000000000,0.000000000000000000,0.000000000000000000,both,True
0,8zySe2dfS3gpjLmZ3c4LotvtcUdiryraGsFTq7VLk396,0E-9,0.000000000000000000,0.000000000000000000,0.000000000000000000,both,True
0,9PXZyuPdn1sFNngW1KCxSwfQnGwpVB5yUe9crkygaDnn,0E-9,0.000000000000000000,0.000000000000000000,0.000000000000000000,both,True
0,9UQfwQ9wu7XnD25Ba8XSYvrqdfXfQJKq5UBF8wfBXJpY,0E-9,0.000000000000000000,0.000000000000000000,0.000000000000000000,both,True
0,9vRw8Wq61qeEK6vdir8jqnCLc3ZEcKxgqo1o96VygGh5,0E-9,0.000000000000000000,0.000000000000000000,0.000000000000000000,both,True
0,ARC6qEuDjcY1cj6yBCGwe1K1rqmYdUfAggsAQUPHjyyS,0E-9,0.000000000000000000,0.000000000000000000,0.000000000000000000,both,True
0,AWpYhy45Rr6eC1Z4Q59yWfwZxQNVVKwBCA8Ejjiqu15,0E-9,0.000000000000000000,0.000000000000000000,0.000000000000000000,both,True
0,AjAUccLstcbsVL25e4Weauobj2dNDG5mxsZdfzsKm3L7,0E-9,0.000000000000000000,0.000000000000000000,0.000000000000000000,both,True
0,At4vJHujJMx5Tq6WFngUWDoNSCEbV31bcNvwBxZMzXVC,0E-9,0.000000000000000000,0.000000000000000000,0.000000000000000000,both,True
0,B1nA1NaVxxDNmAa8VawGxvSTC6eXgjPs83pTqCwnYFAp,0E-9,0.000000000000000000,0.000000000000000000,0.000000000000000000,both,True
0,BioscTvnppiigfJxkGuSx1XiV9RMAPhKtisvaXv3D27j,0E-9,0.000000000000000000,0.000000000000000000,0.000000000000000000,both,True
0,Bsy2rSuRrhYFMnfPK8sookR47bFmCuK5jKW8epwHR2Hk,0E-9,0.000000000000000000,0.000000000000000000,0.000000000000000000,both,True
0,Bv1nJeYQ9WQ7o4aBDg8rBr3313dVce3EeqHEjAZLM7iN,0E-9,0.000000000000000000,0.000000000000000000,0.000000000000000000,both,True
0,CeQjqxtG9XTUfUi7XEKFgZA3Mwabq9uWayhHvPdqxQnr,0E-9,0.000000000000000000,0.000000000000000000,0.000000000000000000,both,True
0,D6pfFdtMXuiHpdZfkQh5DEKiE2zXrf29aRMj5VcSN8yc,0E-9,0.000000000000000000,0.000000000000000000,0.000000000000000000,both,True
0,DMa8qbZPx3J9iMEn4PDsoottsny2yUpnbmaFi3LWrsYt,0E-9,0.000000000000000000,0.000000000000000000,0.000000000000000000,both,True
0,DkxE1NY8AoMMYYGWKSLdHkC8uTNRHbi1UGb39brmnGEh,0E-9,0.000000000000000000,0.000000000000000000,0.000000000000000000,both,True
0,DmWjPPRfniQoZUFd7nANUfYdHRrahSabgcFVgdkmfKt2,0E-9,0.000000000000000000,0.000000000000000000,0.000000000000000000,both,True
0,DvU5zqY1qT5P2sXFWVMfPsCzPVSZauSRDoUgu74Kbak8,0E-9,0.000000000000000000,0.000000000000000000,0.000000000000000000,both,True
0,E3uawy5KVMh5VFWXH8mM8AXT95AqyfAU5auVMBdMhDHf,0E-9,0.000000000000000000,0.000000000000000000,0.000000000000000000,both,True
0,EgXdpeU5nn6aUK8vGbdHEZi343CiPn49bkUjtZ63jtQe,0E-9,0.000000000000000000,0.000000000000000000,0.000000000000000000,both,True
0,Ej6aQpR1H58KmZnmViGZeNVeWTzgF8Z1TPBEdB6JoCqv,0E-9,0.000000000000000000,0.000000000000000000,0.000000000000000000,both,True
0,Ep1xPoQQDS2gN9mfCwPBkuSoqVLgzuybMwwX5fUmeMtF,0E-9,0.000000000000000000,0.000000000000000000,0.000000000000000000,both,True
0,FqJy4G5Gt3Qv2i2KQWUF888D4pkYXqz9X9nu6MfUt2SS,0E-9,0.000000000000000000,0.000000000000000000,0.000000000000000000,both,True
0,GDbtTSq5eZX7f4EQUcEJVGJfroqd7vhWHSZJ5d3kLna7,0E-9,0.000000000000000000,0.000000000000000000,0.000000000000000000,both,True
0,GKPquhUBrmauVKpZTJkpFwio1PdQ9kSEE761ofNhN7cK,0E-9,0.000000000000000000,0.000000000000000000,0.000000000000000000,both,True
0,GSLy3NiknXdk9v4cmzG7chXyPbNBxahkyAY9bE8aao3X,0E-9,0.000000000000000000,0.000000000000000000,0.000000000000000000,both,True
0,GSbV4i26apekeUuk5L7NWNwuYRfSnLUqyAPxQLuk5iyc,0E-9,0.000000000000000000,0.000000000000000000,0.000000000000000000,both,True
0,H3XrMzJpscNexK6STgFVXhvGfKKQsptDoGSNZtm4HZp2,0E-9,0.000000000000000000,0.000000000000000000,0.000000000000000000,both,True
0,HAa5YsGCYuzGy3p9SZqBNBRp88RWUBEMfW3V5VEQcyjz,0E-9,0.000000000000000000,0.000000000000000000,0.000000000000000000,both,True
0,HCvnAAR1scNdonbjMF7xhBKju2wBg7krDsNXwu2AMW1P,0E-9,0.000000000000000000,0.000000000000000000,0.000000000000000000,both,True
0,HHpzY4b5VKhceduqJGAma4Ts5inS6jYvbnt1Uvu755Rs,0E-9,0.000000000000000000,0.000000000000000000,0.000000000000000000,both,True
0,HZUP9KXdVk6KXDyGTkWyFN7GtK71uZnjpjWUVK1YjW8q,0E-9,0.000000000000000000,0.000000000000000000,0.000000000000000000,both,True
0,HsEtFqzWEYnZgha63PJF5PoAkcUU3zAzKZAMoH8KmPy5,0E-9,0.000000000000000000,0.000000000000000000,0.000000000000000000,both,True
0,HutsDK6wQ8YmHJo5TewYj2AjCLe17v7NgRhB1uBz8HpN,0E-9,0.000000000000000000,0.000000000000000000,0.000000000000000000,both,True
0,J7SJuW8r35jxrd7NRMsruLYfGsJqAxosgmrTzd8J6j8X,0E-9,0.000000000000000000,0.000000000000000000,0.000000000000000000,both,True
0,gacR4Bs7Be4qUdFF2BiwpG2BptCR6dH73vGa89YTUp6,0E-9,0.000000000000000000,0.000000000000000000,0.000000000000000000,both,True
0,uXW78Gs4D6HaeGoeGCrNDhxcKqyGWqAXS9FLWKemfrX,0E-9,0.000000000000000000,0.000000000000000000,0.000000000000000000,both,True
1,vRseBFqTy9QLmmo5qGiwo74AVpdqqMTnxPqWoWMpump,-1263.150287,-1263.150287000000000000,2448.796870000000000000,1185.646583000000000000,both,True
2,3FDvp4d7RVqU1Ng6DQXBpVnyG844CeJYx8WW5PBHpump,0.000000,0.000000000000000000,0.000000000000000000,0.000000000000000000,both,True
2,3MSba8QA7y1o9nfoWBYgRtaxS8SdKE7zh8HgPf4Cpump,0.000000,0.000000000000000000,0.000000000000000000,0.000000000000000000,both,True
2,3zBghFTCRc8gDPJLW9ZGLxJYnBSiNspPtpcaumDmpump,0.000000,0.000000000000000000,0.000000000000000000,0.000000000000000000,both,True
2,CASHx9KJUStyftLFWGvEVf59SGeG9sh5FfcnZMVPCASH,0,0.000000000000000000,0.000000000000000000,0.000000000000000000,both,True
2,EhHyfjRwj2jhmSE7GW5uJfizaLcNDa5C4HWPiSqjpump,1240.01486,1240.014860000000000000,0.000000000000000000,1240.014860000000000000,both,True
2,EoCwEvMRstBu45eaquW7SiUdWxWMVweTtQpgYZ8Ppump,0.000000,0.000000000000000000,0.000000000000000000,0.000000000000000000,both,True
3,2KcRU2PYfhkoyaKGhhijFm54EAL3XgDcSyQRQJd9CjE4,0.000000,0.000000000000000000,0.000000000000000000,0.000000000000000000,both,True
3,2aqaQ9tSyZCxLwg8Y1agCnUsaQyWRNYr1TAdyqoTAjCA,0.000000,0.000000000000000000,0.000000000000000000,0.000000000000000000,both,True
3,48wBHLQ1SJg5Lzcmw2jRjBUWY6TL9emCR1GtX6PGEeuZ,0.000000,0.000000000000000000,0.000000000000000000,0.000000000000000000,both,True
3,4KgYEJLmPoHQG2hJwuQwUmqpjqr9FRZ84A4HH8EqwXZ5,0.000000,0.000000000000000000,0.000000000000000000,0.000000000000000000,both,True
3,4WxrRH9HQeNusVtgyoVXKm9wdK5NoEeKGW9GtPFKz6zU,0.000000,0.000000000000000000,0.000000000000000000,0.000000000000000000,both,True
3,4bJJCbG7sYR8xXSt1TNVp2FPUFdyoKncka7fuWjXgMRi,0.000000,0.000000000000000000,0.000000000000000000,0.000000000000000000,both,True
3,4rzXk3ZUS1NKqYgNgWCNYggBCMR18EPN1vWDsiqExvH3,0.000000,0.000000000000000000,0.000000000000000000,0.000000000000000000,both,True
3,4wXPmzHBkmTsjs2a1yrvRfn6jG718sKJQQxpqmJCbMmd,0.000000,0.000000000000000000,0.000000000000000000,0.000000000000000000,both,True
3,61FqZrwJ8XFM98NqYdFu1qbnkgFctZpZrxDmu4jgCNTN,0.000000,0.000000000000000000,0.000000000000000000,0.000000000000000000,both,True
3,62xAnJUVPf3uCaK28jYFPpUSxuNzwNyKb4jtWymDgcjX,0.000000,0.000000000000000000,0.000000000000000000,0.000000000000000000,both,True
3,6RnhiTGp3fwdwUag6zFpgH9ikNwnGhSjm1amsSTvExmv,0.000000,0.000000000000000000,0.000000000000000000,0.000000000000000000,both,True
3,6VqyH5qGW1D8QvGAuj78Mw5wMgC5A3cJ5uFaLZEfRLYf,0.000000,0.000000000000000000,0.000000000000000000,0.000000000000000000,both,True
3,6XCTcNB8ayuWR59VwKELCHY4G7TgFywzeF6TZL8SeWbv,0.000000,0.000000000000000000,0.000000000000000000,0.000000000000000000,both,True
3,7tNhKvC96oxj36VP3xkbG7AkBZfKBSXsMh25CViDvR37,0.000000,0.000000000000000000,0.000000000000000000,0.000000000000000000,both,True
3,86uFTSKJKV7PvD88cDaBiUBKFRV9ZLdftou5CBfPgtNo,0.000000,0.000000000000000000,0.000000000000000000,0.000000000000000000,both,True
3,8TwvABmsNA8XLaSWoNhAZJjCwVvELuJUjjQV4hhE6Zh5,0.000000,0.000000000000000000,0.000000000000000000,0.000000000000000000,both,True
3,8iQykAC2eWJ9jzkyq7C2sSsqoCSXcmpbH7icJa2tsmxB,0.000000,0.000000000000000000,0.000000000000000000,0.000000000000000000,both,True
3,8s7nP9AN5yDLM6hUHDvR11soC2ASc4qcx1cMiFVgmCKN,0.000000,0.000000000000000000,0.000000000000000000,0.000000000000000000,both,True
3,8syrWGUphN6RxeihZLSyL41BBUwEJG4L2wh9eAPEGX9C,0.000000,0.000000000000000000,0.000000000000000000,0.000000000000000000,both,True
3,9UKowDQsy6BQ8icJgF4Qi1bt6ehKu4ELGiRPu2Uue9Zr,0.000000,0.000000000000000000,0.000000000000000000,0.000000000000000000,both,True
3,9pxonBnzjVeMxL9CuiaBvaBdHoRbPzcqa6tk4wCEoDg8,0.000000,0.000000000000000000,0.000000000000000000,0.000000000000000000,both,True
3,AuPceqWF82M8f3Zsj5JDaVLVsX5KTuiThrBaVjExeFWF,0.000000,0.000000000000000000,0.000000000000000000,0.000000000000000000,both,True
3,CpLMJ24T3Nfcaa3bBeoE4MT4qDuf2Yr7AFKwRajZfMJR,0.000000,0.000000000000000000,0.000000000000000000,0.000000000000000000,both,True
3,DLqiJEwaqCBX3AzwBK6SS14jDM5Pnj1Ct7G61PPMbTRB,0.000000,0.000000000000000000,0.000000000000000000,0.000000000000000000,both,True
3,DW82niG3TxdescbNjuob8EBR8ncw36JcwYYznuWBzzvm,0.000000,0.000000000000000000,0.000000000000000000,0.000000000000000000,both,True
3,DrseSu2Rk27L3GQLPUgC6gWfQaNi815rprxg9WPhUAkA,0.000000,0.000000000000000000,0.000000000000000000,0.000000000000000000,both,True
3,FkUFSdHRr49rPM7FaMX93bfxe8jShQv7vsLXgLbbXkmy,0.000000,0.000000000000000000,0.000000000000000000,0.000000000000000000,both,True
3,GaQKQAg9kNqTqGJPckMokxYnVC9KfQg8y8Q9cHL1HBHj,0.000000,0.000000000000000000,0.000000000000000000,0.000000000000000000,both,True
3,GpinwiXxQCqQCJW2az73KRGE7ER2c6q7iGgP5mMAWGqi,0.000000,0.000000000000000000,0.000000000000000000,0.000000000000000000,both,True
3,Gsy9ygKKWWLPSx9uAhV9BsjVqtsQCyk1zNeKKFmY1jjN,0.000000,0.000000000000000000,0.000000000000000000,0.000000000000000000,both,True
3,Gt2p8ZCtWAmi1VCXe6JGMry183yodfmXqnNHUFS48Sap,0.000000,0.000000000000000000,0.000000000000000000,0.000000000000000000,both,True
3,Gvx6WdQHmR3QfvMBrLCdVv8inKWzpXNmgUP9biJqW9C2,0.000000,0.000000000000000000,0.000000000000000000,0.000000000000000000,both,True
3,HAnX5DAHrwAa32VNZzYof2CC2noYpyvi74w8PZBmh4Wb,0.000000,0.000000000000000000,0.000000000000000000,0.000000000000000000,both,True
3,Hqk1Wp7qwRzkvZwnwT8yyX7dh6q9MmuiSDEY2efe6qza,0.000000,0.000000000000000000,0.000000000000000000,0.000000000000000000,both,True
3,QMDRA4zqqbikUnKACnTpqzE5Rf82ZhfTrJVqZRocKBm,0.000000,0.000000000000000000,0.000000000000000000,0.000000000000000000,both,True
3,c5b3xJMebEWDETtcEzL8322vkr444XBAcJYPGy4vQvt,0.000000,0.000000000000000000,0.000000000000000000,0.000000000000000000,both,True
3,cgLmHGmkHxErbGmnJHxuTVKuNaKGyFEATwaMao7hvMb,0.000000,0.000000000000000000,0.000000000000000000,0.000000000000000000,both,True
3,saK3KWUt2K4QPzGGwUC3puf5fVp1sL9FLFuUvUPoAxJ,0.000000,0.000000000000000000,0.000000000000000000,0.000000000000000000,both,True
3,wpou8TpiAsp41VwkNadSRWadqW7p8cStWV3AZGFpcqw,0.000000,0.000000000000000000,0.000000000000000000,0.000000000000000000,both,True
4,27xmKfhKQ9CvCE1XSsSNkxYQswGr6s3RWvGcMCbyLra1,198596.548694,198596.548694000000000000,0.000000000000000000,198596.548694000000000000,both,True
4,2SsAWfcUzuegF8TEwt6ah5oZRpsPDKKXi3XNYPeD5fpg,382468.421286,382468.421286000000000000,0.000000000000000000,382468.421286000000000000,both,True
4,2iQUDhwpJh8pgPhJJcd7DF7V9knkUo4eKngDYK1uYfHd,0.000000,0.000000000000000000,0.000000000000000000,0.000000000000000000,both,True
4,2tGeNqJxddeqhE7dfQant8q64L7JHi67N5NCk8nuMHH6,261173.876350,261173.876350000000000000,0.000000000000000000,261173.876350000000000000,both,True
4,2wxLZdTqhGK4dFyBopQY7yd4Gn7Q1z5QZXGDziDTGrnj,1161299.555042,1161299.555042000000000000,0.000000000000000000,1161299.555042000000000000,both,True
4,3474RtS1VZZsrLmVH1VRBkvdta3yYUaYMNdCa6YrLcct,0.000000,0.000000000000000000,0.000000000000000000,0.000000000000000000,both,True
4,4DLfCtz91b1H42M8JMaXWNQrfDBSBE3EJQJca297tNVw,0.000000,0.000000000000000000,0.000000000000000000,0.000000000000000000,both,True
4,4E8XAED8FbGq8TrTLbYNy5DHRotriRK7JVLXLYwdoyVH,789098.243282,789098.243282000000000000,0.000000000000000000,789098.243282000000000000,both,True
4,4cEz1S4PWNeVgu3ruzei1F4toLbtVFrCNPtS9uQAdhQH,0.000000,0.000000000000000000,0.000000000000000000,0.000000000000000000,both,True
4,4zMXP8f6LH8VCWagojga7UXp9EPvbHE3YtwBea5XGRa1,-109752.443349,-109752.443349000000000000,109752.443349000000000000,0.000000000000000000,both,True
4,5Cg1rDE9B7gDUShfV15d1PVximMvjJUp5QmEoUerjooL,606366.13086,606366.130860000000000000,0.000000000000000000,606366.130860000000000000,both,True
4,5QPuCAf6SbLPgf1WCG7G8wuMeZR9KRmQWYc7eSGipm8M,0.000000,0.000000000000000000,0.000000000000000000,0.000000000000000000,both,True
4,6YEzg3Nj6i2sxLNKEVRLrnev8pXfux7VY7F3jtFB1HHX,0.000000,0.000000000000000000,0.000000000000000000,0.000000000000000000,both,True
4,7yWfLNraLDBB7XsuFbN2rzxFQ6L4jkihkD1DWZoksa4T,0.000000,0.000000000000000000,0.000000000000000000,0.000000000000000000,both,True
4,84tbnjux3HLxBR3XwrSFmDvhu3uyKr277p49iFdQh21H,0.000000,0.000000000000000000,0.000000000000000000,0.000000000000000000,both,True
4,96WuLZDQfiwHadZixhbvCFFifczwqos4z4QkZvaV7U86,0.000000,0.000000000000000000,0.000000000000000000,0.000000000000000000,both,True
4,9K7wfDNdPYerbtECv524GrWkptpTVP1tzsXFCGJ2dXWP,-282099.583333,-282099.583333000000000000,282099.583333000000000000,0.000000000000000000,both,True
4,9q2ZHZv1YtPAQXmrveRnW79NmQPtY4PJbHhm4QTzwVAx,-791433.773269,-791433.773269000000000000,791433.773269000000000000,0.000000000000000000,both,True
4,9uPyGR873ssyzc94HPAbXFDaCmYKSgDRKyaS5H31TFRg,-400447.297679,-400447.297679000000000000,400447.297679000000000000,0.000000000000000000,both,True
4,AEbLZ5HsDLmVa6KJPwmq6LCxd4AV2s19v7YTNHMDwHPF,0,0.000000000000000000,0.000000000000000000,0.000000000000000000,both,True
4,AVNhdo5S6tMCTJGyAEhkvjFYdtYxEmjQ7J9N7SXPM6pV,0.000000,0.000000000000000000,0.000000000000000000,0.000000000000000000,both,True
4,B4JhKWo7Q5ekiyuKuEeUogF8J6pvSWG1ptnD3ak9pGSP,-211884.065171,-211884.065171000000000000,211884.065171000000000000,0.000000000000000000,both,True
4,BmWkT2AqG8K2QHSzEuV3NDeFK46nuQZFuWsNYnpwudTa,69460.867139,69460.867139000000000000,0.000000000000000000,69460.867139000000000000,both,True
4,BocWQtsq92PHRPuSYMjG7wE4nqyiu6Ce3dFe1Tk4Ygpr,1154254.119724,1154254.119724000000000000,0.000000000000000000,1154254.119724000000000000,both,True
4,Bv7hgpFRZhy31zceDqGw62R4yiC1wsztzGNDBea2UnnZ,-846482.329832,-846482.329832000000000000,846482.329832000000000000,0.000000000000000000,both,True
4,C4inpXBbehuGZw5i42yWXL7uoNpBJZ8kPYL4Q6JR2xmH,0.000000,0.000000000000000000,0.000000000000000000,0.000000000000000000,both,True
4,CEyD7LWspPUekjGXYVDaJXJidcmrvuPW6CSsHw1mvJ29,0.000000,0.000000000000000000,0.000000000000000000,0.000000000000000000,both,True
4,CQstetzH9TD7zCMZK9Uwe7mPoGzmwycT6srthaPSa9kg,130295.591532,130295.591532000000000000,0.000000000000000000,130295.591532000000000000,both,True
4,DXGj5DVpGjLe3QWEWWsy137cpDK8NycQJxtBNprtVSr3,-1361389.47504,-1361389.475040000000000000,1361389.475040000000000000,0.000000000000000000,both,True
4,DyhgnH9tq9aXi1CPivSFAS68QXsK9XuL2k9vE3yxq2Nr,0.000000,0.000000000000000000,0.000000000000000000,0.000000000000000000,both,True
4,EK39aSTDx4Cn3A7EkqVQQJHPu6wxURUTMT53vfFmzcP3,141880.762054,141880.762054000000000000,0.000000000000000000,141880.762054000000000000,both,True
4,EVUqi7zTYLxJh1w88M6B43WQEFaoZbV4qygLK361aQaB,0.000000,0.000000000000000000,0.000000000000000000,0.000000000000000000,both,True
4,EgdmSzfZshUd7S4LNVtzUajdXcbnKj2icfyQ7jRVoDn5,138230.718600,138230.718600000000000000,0.000000000000000000,138230.718600000000000000,both,True
4,Ep2yz6QTWtuWtPbVPgYCmDDrnpSybYF9pzW7JH6SUqRL,1904548.331696,1904548.331696000000000000,0.000000000000000000,1904548.331696000000000000,both,True
4,Ev59oPU9uZg21z8fp6diWe276b69Mx86DsbFgvFmpFdW,0.000000,0.000000000000000000,0.000000000000000000,0.000000000000000000,both,True
4,FBPNHpNYnYbawocxSDk65qk1FuoYPFfurboWfAYuRDN6,431493.767143,431493.767143000000000000,0.000000000000000000,431493.767143000000000000,both,True
4,FHMibQWbmH31gJMh4kchvqtJbP8Ds1M5RjS7EUusUsPC,0.000000,0.000000000000000000,0.000000000000000000,0.000000000000000000,both,True
4,Fr8118qSzrUR2XbgJwtZXmN85gwnH1myZ4k5qiqrTdXV,0.000000,0.000000000000000000,0.000000000000000000,0.000000000000000000,both,True
4,FvNnLBamUgC7xxXFA1hDgCNjedyqwhEoPEpqAGbSGDL2,-134950.814362,-134950.814362000000000000,134950.814362000000000000,0.000000000000000000,both,True
4,FykpjJBrwyuTf4FQBuCWgXpdE6frHoZoBNxmPtYg1Gni,265796.241375,265796.241375000000000000,0.000000000000000000,265796.241375000000000000,both,True
4,GLx7nscdxhkygPhmNjW795HAGaggUbziHTWggvAPQNci,155915.812293,155915.812293000000000000,0.000000000000000000,155915.812293000000000000,both,True
4,GXJMz4dCHCeHASvcHcSi6nFDqmBPZD5JVSHcSKSuGSSK,14135.554219,14135.554219000000000000,0.000000000000000000,14135.554219000000000000,both,True
4,GrbGEUX1SpnciSaXq7XXhJAkWpx88Geb5TfChW5RQXkj,112275.326955,112275.326955000000000000,0.000000000000000000,112275.326955000000000000,both,True
4,GzGrj75iDcfEe3inGNaRVnkkLCNrbDybNzyA4nvayx9G,586523.507825,586523.507825000000000000,0.000000000000000000,586523.507825000000000000,both,True
4,HYRKsC7hyQhYvjxttYt9uakWDD2AMgPmJaTsTdKyczRx,0.000000,0.000000000000000000,0.000000000000000000,0.000000000000000000,both,True
4,HfRmzRTng89ZFZL5vjghBjmQko9wr9j7bxp9HewfM7xb,983256.227003,983256.227003000000000000,0.000000000000000000,983256.227003000000000000,both,True
4,J99yzwankhaD6zwtZLmTUsVMHvLCtB8ZsUCz23FZAuKW,95005.759265,95005.759265000000000000,0.000000000000000000,95005.759265000000000000,both,True
4,JDVVu4MqqmJXA63Mxuw5XVGACiymqp2KAX7k2fPdok7P,-876745.967903,-876745.967903000000000000,876745.967903000000000000,0.000000000000000000,both,True
4,WtvazCx7gwvfCNnEPPgzrCJ2vQ1VzdznhFMHfrthd6u,110356.497678,110356.497678000000000000,0.000000000000000000,110356.497678000000000000,both,True
5,3UGhtw8XrK6y2P1HTh2X9MJMLzPJcD4wi6wLSPCAZSrd,0.000000,0.000000000000000000,0.000000000000000000,0.000000000000000000,both,True
5,4bqzGWv2a3rQjHZ5xCYfCRkf1YwVpiCkRDsV2tuXZMay,0.000000,0.000000000000000000,0.000000000000000000,0.000000000000000000,both,True
5,9cFD39fzeF7osjLdpZnP4VQMhVv5c9w3caHcFuDNqZE,15260202.880947,15260202.880947000000000000,0.000000000000000000,15260202.880947000000000000,both,True
5,AQZiqxCJ5sgihKX7dX7G4SxaHBJopGnaEi15uQt9Afmm,-478642.622286,-478642.622286000000000000,478642.622286000000000000,0.000000000000000000,both,True
5,HauJKWuSQRf5HJTKzRvsbHKNgaYe1FJDVuazB5YByQiG,0.000000,0.000000000000000000,0.000000000000000000,0.000000000000000000,both,True
6,27xmKfhKQ9CvCE1XSsSNkxYQswGr6s3RWvGcMCbyLra1,61967.867090,61967.867090000000000000,0.000000000000000000,61967.867090000000000000,both,True
6,2SsAWfcUzuegF8TEwt6ah5oZRpsPDKKXi3XNYPeD5fpg,93426.342906,93426.342906000000000000,0.000000000000000000,93426.342906000000000000,both,True
6,2iQUDhwpJh8pgPhJJcd7DF7V9knkUo4eKngDYK1uYfHd,0.000000,0.000000000000000000,0.000000000000000000,0.000000000000000000,both,True
6,2tGeNqJxddeqhE7dfQant8q64L7JHi67N5NCk8nuMHH6,1099456.46707,1099456.467070000000000000,0.000000000000000000,1099456.467070000000000000,both,True
6,2wxLZdTqhGK4dFyBopQY7yd4Gn7Q1z5QZXGDziDTGrnj,470320.022911,470320.022911000000000000,0.000000000000000000,470320.022911000000000000,both,True
6,3474RtS1VZZsrLmVH1VRBkvdta3yYUaYMNdCa6YrLcct,0.000000,0.000000000000000000,0.000000000000000000,0.000000000000000000,both,True
6,35gk5tUSsAgEGAevFYKF9WSy3H6GGZdUMR4fRqWBNEWp,4596604.870957,4596604.870957000000000000,0.000000000000000000,4596604.870957000000000000,both,True
6,4E8XAED8FbGq8TrTLbYNy5DHRotriRK7JVLXLYwdoyVH,408367.947941,408367.947941000000000000,0.000000000000000000,408367.947941000000000000,both,True
6,4cEz1S4PWNeVgu3ruzei1F4toLbtVFrCNPtS9uQAdhQH,0.000000,0.000000000000000000,0.000000000000000000,0.000000000000000000,both,True
6,4zMXP8f6LH8VCWagojga7UXp9EPvbHE3YtwBea5XGRa1,-470910.607273,-470910.607273000000000000,470910.607273000000000000,0.000000000000000000,both,True
6,521ZNTazCWNHKZsagnUNTqEGoD8YLCX6PRGCpUctuwVL,0.000000,0.000000000000000000,0.000000000000000000,0.000000000000000000,both,True
6,5QPuCAf6SbLPgf1WCG7G8wuMeZR9KRmQWYc7eSGipm8M,0.000000,0.000000000000000000,0.000000000000000000,0.000000000000000000,both,True
6,6YEzg3Nj6i2sxLNKEVRLrnev8pXfux7VY7F3jtFB1HHX,0.000000,0.000000000000000000,0.000000000000000000,0.000000000000000000,both,True
6,7yWfLNraLDBB7XsuFbN2rzxFQ6L4jkihkD1DWZoksa4T,0.000000,0.000000000000000000,0.000000000000000000,0.000000000000000000,both,True
6,84tbnjux3HLxBR3XwrSFmDvhu3uyKr277p49iFdQh21H,0.000000,0.000000000000000000,0.000000000000000000,0.000000000000000000,both,True
6,96WuLZDQfiwHadZixhbvCFFifczwqos4z4QkZvaV7U86,0.000000,0.000000000000000000,0.000000000000000000,0.000000000000000000,both,True
6,9E62SpGmYZmyMNRpAoNtJnCiH4bj4BhwVWKUPtNmkqt2,211735.000025,211735.000025000000000000,0.000000000000000000,211735.000025000000000000,both,True
6,9K7wfDNdPYerbtECv524GrWkptpTVP1tzsXFCGJ2dXWP,-486845.369136,-486845.369136000000000000,486845.369136000000000000,0.000000000000000000,both,True
6,9q2ZHZv1YtPAQXmrveRnW79NmQPtY4PJbHhm4QTzwVAx,-288940.725378,-288940.725378000000000000,288940.725378000000000000,0.000000000000000000,both,True
6,9uPyGR873ssyzc94HPAbXFDaCmYKSgDRKyaS5H31TFRg,-241257.434242,-241257.434242000000000000,241257.434242000000000000,0.000000000000000000,both,True
6,AEbLZ5HsDLmVa6KJPwmq6LCxd4AV2s19v7YTNHMDwHPF,-1062103.931335,-1062103.931335000000000000,1062103.931335000000000000,0.000000000000000000,both,True
6,AVNhdo5S6tMCTJGyAEhkvjFYdtYxEmjQ7J9N7SXPM6pV,0.000000,0.000000000000000000,0.000000000000000000,0.000000000000000000,both,True
6,AVgdj6F4i8h8tvmECv2VwL3GrQw6SLRF5w4pRqEUkLCN,-358750.507462,-358750.507462000000000000,358750.507462000000000000,0.000000000000000000,both,True
6,B4JhKWo7Q5ekiyuKuEeUogF8J6pvSWG1ptnD3ak9pGSP,-145815.146818,-145815.146818000000000000,145815.146818000000000000,0.000000000000000000,both,True
6,BmWkT2AqG8K2QHSzEuV3NDeFK46nuQZFuWsNYnpwudTa,505456.864941,505456.864941000000000000,0.000000000000000000,505456.864941000000000000,both,True
6,Bv7hgpFRZhy31zceDqGw62R4yiC1wsztzGNDBea2UnnZ,-826826.572136,-826826.572136000000000000,826826.572136000000000000,0.000000000000000000,both,True
6,C4inpXBbehuGZw5i42yWXL7uoNpBJZ8kPYL4Q6JR2xmH,0.000000,0.000000000000000000,0.000000000000000000,0.000000000000000000,both,True
6,CEyD7LWspPUekjGXYVDaJXJidcmrvuPW6CSsHw1mvJ29,0.000000,0.000000000000000000,0.000000000000000000,0.000000000000000000,both,True
6,CQstetzH9TD7zCMZK9Uwe7mPoGzmwycT6srthaPSa9kg,65393.773744,65393.773744000000000000,0.000000000000000000,65393.773744000000000000,both,True
6,DLMQYMf8h2PGXs4xZkrd7eE4S2Ub3ui9UtACwNoKuRmk,0.000000,0.000000000000000000,0.000000000000000000,0.000000000000000000,both,True
6,DXGj5DVpGjLe3QWEWWsy137cpDK8NycQJxtBNprtVSr3,-794612.589989,-794612.589989000000000000,794612.589989000000000000,0.000000000000000000,both,True
6,DyhgnH9tq9aXi1CPivSFAS68QXsK9XuL2k9vE3yxq2Nr,0.000000,0.000000000000000000,0.000000000000000000,0.000000000000000000,both,True
6,EK39aSTDx4Cn3A7EkqVQQJHPu6wxURUTMT53vfFmzcP3,259177.908067,259177.908067000000000000,0.000000000000000000,259177.908067000000000000,both,True
6,EVUqi7zTYLxJh1w88M6B43WQEFaoZbV4qygLK361aQaB,0.000000,0.000000000000000000,0.000000000000000000,0.000000000000000000,both,True
6,EgdmSzfZshUd7S4LNVtzUajdXcbnKj2icfyQ7jRVoDn5,232535.898071,232535.898071000000000000,0.000000000000000000,232535.898071000000000000,both,True
6,Ep2yz6QTWtuWtPbVPgYCmDDrnpSybYF9pzW7JH6SUqRL,197121.613539,197121.613539000000000000,0.000000000000000000,197121.613539000000000000,both,True
6,Ev59oPU9uZg21z8fp6diWe276b69Mx86DsbFgvFmpFdW,0.000000,0.000000000000000000,0.000000000000000000,0.000000000000000000,both,True
6,FBPNHpNYnYbawocxSDk65qk1FuoYPFfurboWfAYuRDN6,22292.600189,22292.600189000000000000,0.000000000000000000,22292.600189000000000000,both,True
6,FHMibQWbmH31gJMh4kchvqtJbP8Ds1M5RjS7EUusUsPC,0.000000,0.000000000000000000,0.000000000000000000,0.000000000000000000,both,True
6,Fr8118qSzrUR2XbgJwtZXmN85gwnH1myZ4k5qiqrTdXV,0.000000,0.000000000000000000,0.000000000000000000,0.000000000000000000,both,True
6,FvNnLBamUgC7xxXFA1hDgCNjedyqwhEoPEpqAGbSGDL2,-118418.611417,-118418.611417000000000000,118418.611417000000000000,0.000000000000000000,both,True
6,FykpjJBrwyuTf4FQBuCWgXpdE6frHoZoBNxmPtYg1Gni,161668.183398,161668.183398000000000000,0.000000000000000000,161668.183398000000000000,both,True
6,GLx7nscdxhkygPhmNjW795HAGaggUbziHTWggvAPQNci,212165.201395,212165.201395000000000000,0.000000000000000000,212165.201395000000000000,both,True
6,GXJMz4dCHCeHASvcHcSi6nFDqmBPZD5JVSHcSKSuGSSK,43373.20415,43373.204150000000000000,0.000000000000000000,43373.204150000000000000,both,True
6,GzGrj75iDcfEe3inGNaRVnkkLCNrbDybNzyA4nvayx9G,281126.832345,281126.832345000000000000,0.000000000000000000,281126.832345000000000000,both,True
6,HYRKsC7hyQhYvjxttYt9uakWDD2AMgPmJaTsTdKyczRx,0.000000,0.000000000000000000,0.000000000000000000,0.000000000000000000,both,True
6,HfRmzRTng89ZFZL5vjghBjmQko9wr9j7bxp9HewfM7xb,477043.913128,477043.913128000000000000,0.000000000000000000,477043.913128000000000000,both,True
6,J99yzwankhaD6zwtZLmTUsVMHvLCtB8ZsUCz23FZAuKW,74860.423423,74860.423423000000000000,0.000000000000000000,74860.423423000000000000,both,True
6,JDVVu4MqqmJXA63Mxuw5XVGACiymqp2KAX7k2fPdok7P,-153279.119162,-153279.119162000000000000,153279.119162000000000000,0.000000000000000000,both,True
6,WtvazCx7gwvfCNnEPPgzrCJ2vQ1VzdznhFMHfrthd6u,35298.702987,35298.702987000000000000,0.000000000000000000,35298.702987000000000000,both,True
6,ciyenSpmVz71RQv2dbJsiU6pkHVw5i5nfhucVTiL96i,0.000000,0.000000000000000000,0.000000000000000000,0.000000000000000000,both,True
7,7CxEWR2oDLiReTRZtqQzwZDk4LKsbKmQ7jGCDqghpdoZ,-122162.933359,-122162.933359000000000000,122162.933359000000000000,0.000000000000000000,both,True
7,AUezMGf7ZybLutNTdRY9yQbHJuGDSC1T51dxgvRNSwEs,117068.936840,117068.936840000000000000,0.000000000000000000,117068.936840000000000000,both,True
7,EdpN5jArYC9Ld8nAcdEmpbJNfsT7xS2K2joacDZoc8ZL,-98081.322981,-98081.322981000000000000,98081.322981000000000000,0.000000000000000000,both,True
7,FQv5p2kPzL5PNkKvAskjhF9Wvmz21Rx9zHUDRVkXex2T,2964.154801,2964.154801000000000000,0.000000000000000000,2964.154801000000000000,both,True
8,2UTve1PV763VYMgg7NSNbK5vtAFe6WEm1SiiB91xpump,0,0.000000000000000000,0.000000000000000000,0.000000000000000000,both,True
8,3b2hPWqAFnEEqLWVhTkkqjc5VcqmQyA1QskcPxWjpump,0,0.000000000000000000,0.000000000000000000,0.000000000000000000,both,True
8,3fokqV8jtzuZPhJpqSp7NsrUbPUJEturaTNCHrPepump,0,0.000000000000000000,0.000000000000000000,0.000000000000000000,both,True
8,45n7rv2CV3HrGbKfQzBWogWVfrDP3XaV6JktCLa7pump,0.000000,0.000000000000000000,0.000000000000000000,0.000000000000000000,both,True
8,54vDNkm4mk3hjp2dCj8WMTZZmnpTrAma6Wtyh4Z1pump,0,0.000000000000000000,0.000000000000000000,0.000000000000000000,both,True
8,58Vu4W5sEDu56HVd2kT469XfNH28T2WV6M9MvNz2pump,0,0.000000000000000000,0.000000000000000000,0.000000000000000000,both,True
8,5iRSkfCKwWdE8ZSgX3aZ7NfbaFoYyPA8vSyfRykKpump,0,0.000000000000000000,0.000000000000000000,0.000000000000000000,both,True
8,5m7twD2uZfoYEfAMvuL2KKuTCX7iAzzPoxas2G5Epump,0,0.000000000000000000,0.000000000000000000,0.000000000000000000,both,True
8,5tji8PDwj27a7zzifypuGu9abVpHpGTn5VoRG79fpump,0.000000,0.000000000000000000,0.000000000000000000,0.000000000000000000,both,True
8,66kTwrgsdHib369fJKfVRmaJhcL1mQwcyBnEEvRipump,0,0.000000000000000000,0.000000000000000000,0.000000000000000000,both,True
8,6Zc6PEXBoPeJGf3xs6hkx6VbqWPsaBgtB4xo3Gqopump,0,0.000000000000000000,0.000000000000000000,0.000000000000000000,both,True
8,6iLKohCDci7fxofGwyRTVzDtCTN3GXBcxASrjELQpump,0,0.000000000000000000,0.000000000000000000,0.000000000000000000,both,True
8,6wnx4dy7C2P9RGdVuor8S5nPXgF37vVkEqVJvbqnpump,0.000000,0.000000000000000000,0.000000000000000000,0.000000000000000000,both,True
8,74SMFepRZCLU5LGpn7tLr7JknVspnFDWXBD3qs6Hpump,0.00000,0.000000000000000000,0.000000000000000000,0.000000000000000000,both,True
8,7JzrcKVvWQ1z2FB1QvHHWg9YbNHs8f8vKFCZ9UrQpump,0.000000,0.000000000000000000,0.000000000000000000,0.000000000000000000,both,True
8,93DtAJ5ucYZUh58GfrhH3P9CdnBSgE35Hvq9D92Kpump,0,0.000000000000000000,0.000000000000000000,0.000000000000000000,both,True
8,9EW2gtY219rNdGybZqivttNdQapmKWFtr68u8Yaipump,0.000000,0.000000000000000000,0.000000000000000000,0.000000000000000000,both,True
8,9pra4n1PUsEHrYenhwQuNvm3B5gZDw5AmpNzXjXKpump,0.000000,0.000000000000000000,0.000000000000000000,0.000000000000000000,both,True
8,9tgtpPEJYvLXbi4RWZFLedf4efsDsxhoNfoyA9pppump,0,0.000000000000000000,0.000000000000000000,0.000000000000000000,both,True
8,A8u5Um2vvzordb686oQiyKQja3xnNFKsHcDPw1o9pump,0,0.000000000000000000,0.000000000000000000,0.000000000000000000,both,True
8,ASKXC6XjQmYRN75jqM6pNEF5rjMrjo6Nvr7Do6fapump,0,0.000000000000000000,0.000000000000000000,0.000000000000000000,both,True
8,AeTWujisehK4aWKUymTAZvhPrqcciJ3S3AsJKLNBpump,0,0.000000000000000000,0.000000000000000000,0.000000000000000000,both,True
8,B5SiN3qC667X1cacyUX7ow24ULyKdv6nt5B7brgqpump,0,0.000000000000000000,0.000000000000000000,0.000000000000000000,both,True
8,CMkb8VPfZmAoFuCsywAAAKMN98moyKQiREBHk5Eqpump,0.000000,0.000000000000000000,0.000000000000000000,0.000000000000000000,both,True
8,CUvYcqS2v68hVvNuZveepGWA1YUuS95se1SJHJgCpump,0,0.000000000000000000,0.000000000000000000,0.000000000000000000,both,True
8,CW91xbiNUGk7oALGLTzCEQPYA8ywpeJ55aSrJKpcpump,0.000000,0.000000000000000000,0.000000000000000000,0.000000000000000000,both,True
8,CqD43qZjiYfomwEhn54tmis7sDSCErvjhfYnmcuTpump,0,0.000000000000000000,0.000000000000000000,0.000000000000000000,both,True
8,DQtoqSoztJs4asvoQkSNnPqn1gzymrpufMpDZd3ipump,0.000000,0.000000000000000000,0.000000000000000000,0.000000000000000000,both,True
8,DrGTDurV1atYaKgRd5JESM1FTsfADXn3hBLPumtEpump,0,0.000000000000000000,0.000000000000000000,0.000000000000000000,both,True
8,EfQ7VTTpz6Xbq6CWBapnSnybg2U3Hzg8d7j7U41Vpump,0.00000,0.000000000000000000,0.000000000000000000,0.000000000000000000,both,True
8,EyA1JfGAjbXL5y98UtpMVau8T2F1HD6V9Xn74NH3w3GH,0.000000,0.000000000000000000,0.000000000000000000,0.000000000000000000,both,True
8,F3DeZE7KK7pzA2oSr5pEmRPoddTdM1HKJrJKwTkipump,0,0.000000000000000000,0.000000000000000000,0.000000000000000000,both,True
8,F7VxBBN8asXq9iECNQ5AwDSFDd4N8QnVs9m7NEeqpump,0.000000,0.000000000000000000,0.000000000000000000,0.000000000000000000,both,True
8,FWz2JouHneJGGU4Zu6P4PCyo6wETBmqY9wdGtKfpump,0,0.000000000000000000,0.000000000000000000,0.000000000000000000,both,True
8,FjMeuvpPF9kuoQ4XAL7zaYS88fDp7e8yG7SAiPDkpump,0,0.000000000000000000,0.000000000000000000,0.000000000000000000,both,True
8,GBuwDuznQJ2ivaSJkuB7XBcXx29eXpiYUjEGtLqZpump,0.000000,0.000000000000000000,0.000000000000000000,0.000000000000000000,both,True
8,Gk781YCr2xhjhhNw975rcMN2qv4Uptdrd92XGEqFpump,0,0.000000000000000000,0.000000000000000000,0.000000000000000000,both,True
8,GsqsqpioqK7M9bcaMBEYGtnuLkiNeRsHhee5J8cgpump,0.000000,0.000000000000000000,0.000000000000000000,0.000000000000000000,both,True
8,HK6oTivZVNoxJjnPA173tnHJzhSptNoZFUA6hs19pump,0,0.000000000000000000,0.000000000000000000,0.000000000000000000,both,True
8,HKaB8wfEhmJF7ahkkxNjgvWUiARJi3Pe45bkugntpump,0,0.000000000000000000,0.000000000000000000,0.000000000000000000,both,True
8,HnmMQMEJSC9Ziq6RmuZ4PyUk9CxdVpcV6wE7RqiPpump,0,0.000000000000000000,0.000000000000000000,0.000000000000000000,both,True
8,HrAUpy68R5bnYUmM6Fe8FUpZVggKz7v9xMa1QpJtpump,0,0.000000000000000000,0.000000000000000000,0.000000000000000000,both,True
8,J4x1EMmQjF6WEzXq2tUtzY89x5aMhYz5CzfevcJEpump,201559.456206,201559.456206000000000000,1866.241178000000000000,203425.697384000000000000,both,True
8,NHUPkWfmHZ9oHgLvFmME2AyJAqzmXp1DekE6Qj7pump,0,0.000000000000000000,0.000000000000000000,0.000000000000000000,both,True
8,pVmzt8qD4E9tz91FGHZdxHuFW6QAm1eFETeeB5Epump,0,0.000000000000000000,0.000000000000000000,0.000000000000000000,both,True
9,4RxuoSWRJERZfUnvtS1sGjJWAVgHEVGAGnbCQpVApump,0.000000,0.000000000000000000,0.000000000000000000,0.000000000000000000,both,True
9,Afq2mBPCoX3cdFdjFfu7x3DkLJjBscmMKWWtQDoopump,0.000000,0.000000000000000000,0.000000000000000000,0.000000000000000000,both,True
9,EPjFWdd5AufqSSqeM2qN1xzybapC8G4wEGGkZwyTDt1v,0.000000,0.000000000000000000,10.112329000000000000,10.112329000000000000,both,True
9,GHHyenjmTaMPbck5EmxLRRKkNCXeuawZxbzaNDGDpump,0.000000,0.000000000000000000,0.000000000000000000,0.000000000000000000,both,True
9,VtwGKv7dcpY7aFb8H7MvZfEtUAKwtsHcXSkejCAparq,0.000000,0.000000000000000000,0.000000000000000000,0.000000000000000000,both,True
10,23WW1QDsaFFtee287AUPcD2RMBxR8D59JQGjEyEdreR5,0E-9,0.000000000000000000,0.000000000000000000,0.000000000000000000,both,True
10,2coo78bQJ7c67L12jgAyjCsjpP8itbPyh9LajFSV9o3p,0E-9,0.000000000000000000,0.000000000000000000,0.000000000000000000,both,True
10,2ocbZGRQBfA3FYGaPy5fhUPhAhpFKtdK2z7JoUKMPYN1,0E-9,0.000000000000000000,0.000000000000000000,0.000000000000000000,both,True
10,33jjwUNptVi5RbfCfMr11BvTSdWmHQUXqzNrDQQY7yGQ,0E-9,0.000000000000000000,0.000000000000000000,0.000000000000000000,both,True
10,3DkicULGoTWxczbwrDa9x3Zo43pjfVRJDZKj3V5hQckJ,0E-9,0.000000000000000000,0.000000000000000000,0.000000000000000000,both,True
10,3JJjztj8D6QjZtjNAyr1JpybDhs1ZUYRNJq81UQcDcLm,0E-9,0.000000000000000000,0.000000000000000000,0.000000000000000000,both,True
10,3LgTPTe6rpChdNuqfLFhZhTitSHfsykrmeNnxzaDG3zV,0E-9,0.000000000000000000,0.000000000000000000,0.000000000000000000,both,True
10,3t5KNYzgVM4CPupMmfjKPGPpBL822RXSp9VjWttEbgGo,0E-9,0.000000000000000000,0.000000000000000000,0.000000000000000000,both,True
10,42z6LMMgQq8zHPSChFbhBGTjLv8HLHK9yGzD9ZYzvq1F,0E-8,0.000000000000000000,0.000000000000000000,0.000000000000000000,both,True
10,4FWCsJKCWd5Mv2gqZcXAqCx1MCER1NfvhS1E4yPZJeUZ,0E-9,0.000000000000000000,0.000000000000000000,0.000000000000000000,both,True
10,4RXLKxAXUgwnEgpFDaFJ6ewgqDUdmiXTWCDsWhmJqBfC,0E-9,0.000000000000000000,0.000000000000000000,0.000000000000000000,both,True
10,56cVhRVPDte3hLXEkTNAXAK7FSpciuPtkME2HskRLDGQ,0E-8,0.000000000000000000,0.000000000000000000,0.000000000000000000,both,True
10,5AvWoxxM5sxi4mr9YHi68Ez42QW1x1oC6UPTCcXMXFnD,0E-9,0.000000000000000000,0.000000000000000000,0.000000000000000000,both,True
10,5SrPtcjEsGJq5pq8nMnwxAVaFj47oHuMd8UvkCSVngFR,0E-9,0.000000000000000000,0.000000000000000000,0.000000000000000000,both,True
10,5nFVdf4LGNEute1TLSRSCqUGE2zinNLYyWAtUAHLoNo7,0E-9,0.000000000000000000,0.000000000000000000,0.000000000000000000,both,True
10,5vKALa8pRsvqRUiFYnqVtgRkRs3i1GY47ZYbKwNn2fUL,0E-9,0.000000000000000000,0.000000000000000000,0.000000000000000000,both,True
10,6MufC6MZr4fhwU3zZQsbcJ94AwyyEjF5Ssc5roojg1SC,0E-9,0.000000000000000000,0.000000000000000000,0.000000000000000000,both,True
10,6PCxeDUdGwCsJY8kdAfoKZZzmkQbbAbFfiR8pRg7xY3X,0E-9,0.000000000000000000,0.000000000000000000,0.000000000000000000,both,True
10,6TZEcFpvjCNnXH85wj6nxWRGdmgXuF3JyaDWM8M5J7D7,0E-7,0.000000000000000000,0.000000000000000000,0.000000000000000000,both,True
10,6wgFHPMy83FDFnVxRT2s5eM5SN2cvN8vj7cDnHMRx8Yw,0E-8,0.000000000000000000,0.000000000000000000,0.000000000000000000,both,True
10,83mMmnErvpQTwHsgYV5zBc3rZhyv1HrfDzdkiTDbgC6X,0E-9,0.000000000000000000,0.000000000000000000,0.000000000000000000,both,True
10,83sWzmwx9D7mprdtCtuV5hm3wqsL4YLrBpp3r4je4Pxp,0E-9,0.000000000000000000,0.000000000000000000,0.000000000000000000,both,True
10,8JSqEhTRTcSM4FSDML25A3SQqeEh1KtYZhfaNCNP4uet,0E-8,0.000000000000000000,0.000000000000000000,0.000000000000000000,both,True
10,8LnSckPZCoqRUMQKe52gJ3jnYgYppDpkk1ZoMUZgWf6j,0E-8,0.000000000000000000,0.000000000000000000,0.000000000000000000,both,True
10,8T7S9QX7qvULmSnDnQGqTJHYZLK3UdgE8EmFH1AhNGbR,0E-9,0.000000000000000000,0.000000000000000000,0.000000000000000000,both,True
10,8ZXDPjNMsUNZS9icJKoqJMfa3VsULyHcsJ29dkkK4zof,0E-9,0.000000000000000000,0.000000000000000000,0.000000000000000000,both,True
10,8mDCHqK8wDAehjWSWbs42u2XRnUwpAW1vHcUrNpxYWaJ,0E-9,0.000000000000000000,0.000000000000000000,0.000000000000000000,both,True
10,9LsY1NcMDWT615AeWh6QqvYk1RnsgcArP1dkt9B1XFbL,0E-9,0.000000000000000000,0.000000000000000000,0.000000000000000000,both,True
10,9TgXi8yH8ZJ6MtiGxQougNq1c9rqVrhC16oHaeyoqJCr,0E-9,0.000000000000000000,0.000000000000000000,0.000000000000000000,both,True
10,9fqAe5dqnBD4h3cDCnLwPEw2ataQLXhpTpsJjsEfWwMw,0E-9,0.000000000000000000,0.000000000000000000,0.000000000000000000,both,True
10,9t84LcLo1ZD2RPS81dKuDGbMqpQVTztsZKxGVWH9WhXu,0E-9,0.000000000000000000,0.000000000000000000,0.000000000000000000,both,True
10,A3uYsci1NQBse8LHhpvMKdRDHwrHz1j1uHT5bx1z7RSt,0E-9,0.000000000000000000,0.000000000000000000,0.000000000000000000,both,True
10,B6HpWQM9CsvEWHLDuWrvGUKc6P3z9cp56y8MXGnD5NpG,0E-9,0.000000000000000000,0.000000000000000000,0.000000000000000000,both,True
10,BmyadDmSnh3mmJ8Z6RfgGuAsGRKHRDeY6hm6RmwmemQj,0E-9,0.000000000000000000,0.000000000000000000,0.000000000000000000,both,True
10,CHZVwj3WrgbddCo9TzM8UpKH53Y6gLujfVxZjXDs11r5,0E-9,0.000000000000000000,0.000000000000000000,0.000000000000000000,both,True
10,CMVQH5k5C49D5n8Vr8tYA7z4RYRMfJux1byo78hyWtk4,0E-9,0.000000000000000000,0.000000000000000000,0.000000000000000000,both,True
10,CNTgQB7wxQciy6iGrKiwUoyUYKs667wPbRB5LWn7RWLT,0E-9,0.000000000000000000,0.000000000000000000,0.000000000000000000,both,True
10,D311DYW4c87yGVtjdv82Qqj4omv3oYNM4f8pR9n5HZYz,-1391.105536381,-1391.105536381000000000,1391.105536381000000000,0.000000000000000000,both,True
10,D4XJP7cWYN64kAe1G4EiKxPiezDPTRiru5Zxa1GkeEda,0E-9,0.000000000000000000,0.000000000000000000,0.000000000000000000,both,True
10,D8DbPBDoiit9b1vNhLwVMN7M9CN7d5Zj2dJBpjAiTgqk,0E-9,0.000000000000000000,0.000000000000000000,0.000000000000000000,both,True
10,D9CtJcBEzRk4tRqppwqSq2sAANKHf17UtjmcLYjQWwfi,0E-9,0.000000000000000000,0.000000000000000000,0.000000000000000000,both,True
10,DDmaFLA8oPtwLdYFkuae9aGg5RC48ZMLJcioqhHGkSEY,0E-9,0.000000000000000000,0.000000000000000000,0.000000000000000000,both,True
10,DLkipyFJSgcEBkkLpipzFVNXUyX6dWu7ZR5ZkvHhg3a7,0E-9,0.000000000000000000,0.000000000000000000,0.000000000000000000,both,True
10,DdHGGNdPLXargBXD7jsWrLCCsm5D2AeSHxgx2AVGBdQ4,0E-9,0.000000000000000000,0.000000000000000000,0.000000000000000000,both,True
10,Dj6iJ9XZvBNaYSmFeHrzJrSKFw2dLzUz53nguNAAUt62,0E-9,0.000000000000000000,0.000000000000000000,0.000000000000000000,both,True
10,E15wDenFzVhg4QQKjk8vP4Z8gCbC9zMRLrEjWdV1zPRy,0E-9,0.000000000000000000,0.000000000000000000,0.000000000000000000,both,True
10,ENKuCh9gHRT2zgrLd4PF9PqwiQEXxaV7aDQU3aW2YNzY,0E-9,0.000000000000000000,0.000000000000000000,0.000000000000000000,both,True
10,EQwpyQ2nxRtAqnTstdRZt3HrsNsHmEuhrzTCy2m2w75,0E-9,0.000000000000000000,0.000000000000000000,0.000000000000000000,both,True
10,EUGGG6fEWvNF6fRe3KcSLwr3CiRGc6ohqsXCQKMeuYU5,0E-9,0.000000000000000000,0.000000000000000000,0.000000000000000000,both,True
10,Ehv1BnK1atChYihtPwpUQwTWx2WXFR5dm6jVhADL4Ufp,0E-9,0.000000000000000000,0.000000000000000000,0.000000000000000000,both,True
10,F6E2r51kXod2DNVt7RuKeU7vY9ge5pxg9fdFz6D2k4LN,0E-9,0.000000000000000000,0.000000000000000000,0.000000000000000000,both,True
10,F8zwEmdVKzkD8UC35U8SZC7f9BPSsgLYoZx62pCmse3B,0E-9,0.000000000000000000,0.000000000000000000,0.000000000000000000,both,True
10,Fa25TxVQuM1RGQE2KvxdJcV7v7UhBcm5rKBDbW2WmbkR,0E-9,0.000000000000000000,0.000000000000000000,0.000000000000000000,both,True
10,G45u4yZsZ4hW8cdd7yVc7d3GoyfcFX9KAyo2JFLA78K5,0E-9,0.000000000000000000,0.000000000000000000,0.000000000000000000,both,True
10,GB1oAbrXHx7XVrsCMu4u924sB3MXnrCFrGrmVeAiaYxr,0E-9,0.000000000000000000,0.000000000000000000,0.000000000000000000,both,True
10,Ga6UP3R63BJBe6EbbFEbs7F8tCeGM3JZiSZWiQbpYApP,0E-9,0.000000000000000000,0.000000000000000000,0.000000000000000000,both,True
10,GkBUGje66GLy6Q8eAwjFfRQ9do1wzweGBoSDAyDwBJf8,0E-9,0.000000000000000000,0.000000000000000000,0.000000000000000000,both,True
10,GoaarkBjGfsMTuXsAe6uKbCnr7WckVfpvdkbCi92GhAG,0E-9,0.000000000000000000,0.000000000000000000,0.000000000000000000,both,True
10,H9sCZQcbiQymqZ9UoNQRkp2enHpXWoskqn1haxZLMYPo,0E-9,0.000000000000000000,0.000000000000000000,0.000000000000000000,both,True
10,HGMuRFDaEeEi2EascxEnfcA3VtVP5vyq1BzcVDSLDpuc,0E-9,0.000000000000000000,0.000000000000000000,0.000000000000000000,both,True
10,Heo79asPgySw9errh68PfBVvNE7tZrz4dSC1hyq9hUD,0E-9,0.000000000000000000,0.000000000000000000,0.000000000000000000,both,True
10,QuFHuRHUJgzKkw5DYJCy2EX2rDsH8nLMQSSBvXsmDUr,0E-9,0.000000000000000000,0.000000000000000000,0.000000000000000000,both,True
10,R875qs6nSkzEJAT2GssEufCEpxBdV18fCBwXagwq88D,0E-9,0.000000000000000000,0.000000000000000000,0.000000000000000000,both,True
10,UMEJV2B5acba5k3hkbzDjBDj5dKfsMZXiXG81v5rvvi,0E-9,0.000000000000000000,0.000000000000000000,0.000000000000000000,both,True
10,gYjiDKX8bkhd9vRTVXXbYVnszdQuqdfs4iJMdfhL3io,0E-9,0.000000000000000000,0.000000000000000000,0.000000000000000000,both,True
11,PqJX5oPnvrKycq5rA85mi29at47SF372qFaTDdmpump,0.000000,0.000000000000000000,0.000000000000000000,0.000000000000000000,both,True
11,TWmjnKx1hchF97zZFVwapESYjxSD4whdAddN5Hbpump,0.000000,0.000000000000000000,0.000000000000000000,0.000000000000000000,both,True
12,2NK1zUACYojPGdVESHwHT8shKHusNWxiMSAgMRcwpump,0.00000,0.000000000000000000,0.000000000000000000,0.000000000000000000,both,True
12,2b5cadAwrBCb5rNR87X8N55JrwJL4e48m2DLLhy2pump,0,0.000000000000000000,0.000000000000000000,0.000000000000000000,both,True
12,2etbhsr85QZEbVvpXeTtvvSuCeMt8FkX3dkYN4fqpump,0,0.000000000000000000,0.000000000000000000,0.000000000000000000,both,True
12,2ssMotVbTUfRJev2UnibHzHsoeszPzgwbfsTZPSHpump,0,0.000000000000000000,0.000000000000000000,0.000000000000000000,both,True
12,31n7Gq3ytbJL2zpTtRSPcrc52KpZErrJJFPpDVxdpump,0,0.000000000000000000,0.000000000000000000,0.000000000000000000,both,True
12,3CCUsS8pvivmWppopBQVdrUjUuEK8McEaL2FNTocpump,0,0.000000000000000000,0.000000000000000000,0.000000000000000000,both,True
12,3oL99tu2qnxka3HnxY8g1cXNpgBJ5ojoSWWFiDMopump,0.000000,0.000000000000000000,0.000000000000000000,0.000000000000000000,both,True
12,3tLDpUCJtwcEj4aabmCU3g13ovJSX4V1EDCnKFy2pump,0,0.000000000000000000,0.000000000000000000,0.000000000000000000,both,True
12,42CGFaPHar2PrRpFjiwUzx25QrV3FJGW5sjihcSXpump,0,0.000000000000000000,0.000000000000000000,0.000000000000000000,both,True
12,4cfEdG5Z814n3SvJYBDvvHg3VVFmRDgVqKUdaganpump,0,0.000000000000000000,0.000000000000000000,0.000000000000000000,both,True
12,4gBz9kvbjKhLyVf5iECDYtwnLrwYChtxhdJcAqKTpump,-36661350.942452,-36661350.942452000000000000,0.000000000000000000,0.000000000000000000,both,True
12,4gzFVy4e42XuGgkmP2LuRJXJXhcswp1YEq1XRqJZpump,0.000000,0.000000000000000000,0.000000000000000000,0.000000000000000000,both,True
12,51VadfXMV2MN1HVer9yXBWPmhQuqcNv1aryL1erCpump,0.000000,0.000000000000000000,0.000000000000000000,0.000000000000000000,both,True
12,5SSZNdU6SWVSfGV4fZ3SjPsqGirVh6UVEa5tRCHVpump,0,0.000000000000000000,0.000000000000000000,0.000000000000000000,both,True
12,5hUgLbyVf9Xk3DYvAoU6rLqy46WmHDagQUtVJgokpump,0.000000,0.000000000000000000,0.000000000000000000,0.000000000000000000,both,True
12,5wxVBRmjaRLw71SE7nNFzTioEtQdzM5EkdP5k1BDBAGS,0,0.000000000000000000,0.000000000000000000,0.000000000000000000,both,True
12,5zheKR5rkuX7po7oVjbmUQNSiEaeFRX6U4HeQtMTpump,0,0.000000000000000000,0.000000000000000000,0.000000000000000000,both,True
12,7HzXuJB4yJKFvGz5meJey8EhE6xuW2w2t4a8Jjd8pump,0,0.000000000000000000,0.000000000000000000,0.000000000000000000,both,True
12,7QpiDt12WkMyU8niRizYEYwKoz9yR2QHU6ZxZbx3pump,0,0.000000000000000000,0.000000000000000000,0.000000000000000000,both,True
12,7eQvgxMoYCegp8pFzRThfrWbdJsHEpowmaom6zfh8ncN,0,0.000000000000000000,0.000000000000000000,0.000000000000000000,both,True
12,7oRrQkMjJPNDafQN4WvfRZBWNfu9LAjdAiyxZfFFpump,0,0.000000000000000000,0.000000000000000000,0.000000000000000000,both,True
12,7smor16q8K3GmzLyixWfoPuSLwWQSRASUV5A8bu3pump,-52646548.077274,-52646548.077274000000000000,0.000000000000000000,0.000000000000000000,both,True
12,9Tm6XuQUjpCD4SaKWKJVV91NcycvAq8TdEEBF92vpump,14977075.584699,14977075.584699000000000000,0.000000000000000000,14977075.584699000000000000,both,True
12,9zwhS3b1oYuUEqWNpu2SPkEH24JMVWFEVQvHuYXZpump,0,0.000000000000000000,0.000000000000000000,0.000000000000000000,both,True
12,AYMGBDrkbKdoFbawZjCP91FKEPJG2qpTvtcwhmf2pump,0,0.000000000000000000,0.000000000000000000,0.000000000000000000,both,True
12,AyJP7M81KhuH53U4MyVT88okK1n9pjhxZhsnNixHpump,0,0.000000000000000000,0.000000000000000000,0.000000000000000000,both,True
12,B428P1rqok8L3yfCUEV75oZ5c4au2EDrhfQmXibXpump,0,0.000000000000000000,0.000000000000000000,0.000000000000000000,both,True
12,B6f27ETGcjgGNB1fqULJbXVmw9FnL8HgBp7R83hmpump,-8044398.089479,-8044398.089479000000000000,8044398.089479000000000000,0.000000000000000000,both,True
12,BBigCqRMg57zqgBQMvccvFok2Kt24uwnid47w4rWpump,0,0.000000000000000000,0.000000000000000000,0.000000000000000000,both,True
12,BF4nmjYsifAX5xFba3Cq7esdLTkHLop8eiUrViWvpump,-9357365.966790,-9357365.966790000000000000,0.000000000000000000,0.000000000000000000,both,True
12,BYezNoW27oDMkaZrc2MdUparEUuk5f364zGkHKRapump,0.000000,0.000000000000000000,0.000000000000000000,0.000000000000000000,both,True
12,BgJb11D5NG9h8hTxDxxSnFZ3xMns5XeC1trY4kBSpump,0.000000,0.000000000000000000,0.000000000000000000,0.000000000000000000,both,True
12,Br1JxELQYP34YdRW4gbEPLasHEtyz8eCmT2FvmnYpump,0,0.000000000000000000,0.000000000000000000,0.000000000000000000,both,True
12,C1rAh55ejiET9cT8mzRbzjo1Yd7HLsJzSZGfypezpump,0,0.000000000000000000,0.000000000000000000,0.000000000000000000,both,True
12,Ccqfi93tCcidcwweF3xgdSYLDH79wq85s65kPdV3pump,0,0.000000000000000000,0.000000000000000000,0.000000000000000000,both,True
12,CotLSBurTrJz4q6prqtAHZTwRoEB3cGtz3kmQq7vpump,0,0.000000000000000000,0.000000000000000000,0.000000000000000000,both,True
12,D9fKWztdSboZyFraJgJ7AjjZsLUCFLz1M4LPt55Fpump,0,0.000000000000000000,0.000000000000000000,0.000000000000000000,both,True
12,D9msuWXNknQmyuvbL8EKejz8Vbps3CseiQDdBDr4pump,0,0.000000000000000000,0.000000000000000000,0.000000000000000000,both,True
12,DCimDUvp3sjCPcRKGCLYgrNC6AGUjGv95X1KHqrdBAGS,-35482066.454805084,-35482066.454805084000000000,0.000000000000000000,0.000000000000000000,both,True
12,DVSHrizCpD2thBW1Nrtieo4p3SERgmGZqWpZvtkPpump,0,0.000000000000000000,0.000000000000000000,0.000000000000000000,both,True
12,DdBhcxiK7fktthMDJASiqXTz1MvMGTFSZJqnVSDZpump,0,0.000000000000000000,0.000000000000000000,0.000000000000000000,both,True
12,DqUjBBbtnJutmLRNY2ZM8NzypJuMC3axeZQmxj3Mpump,0.000000,0.000000000000000000,0.000000000000000000,0.000000000000000000,both,True
12,E3VGNe4itEyvzxHSvsDp41XNvjfHQ4HGMKoecbHWpump,818255.237289,818255.237289000000000000,25485740.892852000000000000,26303996.130141000000000000,both,True
12,EA8rUUTi3dauq8sw4v8kw3KWFhzo4JPwMesRJrrF8n8c,0,0.000000000000000000,0.000000000000000000,0.000000000000000000,both,True
12,EPjFWdd5AufqSSqeM2qN1xzybapC8G4wEGGkZwyTDt1v,11.984890,11.984890000000000000,33.911834000000000000,45.896724000000000000,both,True
12,EmcxFTNVDqyLHp11NvwvLZ4D7LKGbG9i7B8RF7dwpump,0,0.000000000000000000,0.000000000000000000,0.000000000000000000,both,True
12,EswNePdFSAxDQafx7jD5ksukEorfa87cq2o89eAXpump,0,0.000000000000000000,0.000000000000000000,0.000000000000000000,both,True
12,F1eq1Tm9M2mK9fo92DZRbXex856mJX192s1sM9jJpump,0,0.000000000000000000,0.000000000000000000,0.000000000000000000,both,True
12,FSDXHCupqSfimQc8ZSdT2woHGxxMWFjtRNnZGKoAdXBq,0,0.000000000000000000,0.000000000000000000,0.000000000000000000,both,True
12,FUdxwFNTU5iMuPwULAgsJJPcvA3WwmAKFiEnHMrM9y5D,0,0.000000000000000000,0.000000000000000000,0.000000000000000000,both,True
12,FoygxJyRSJiExgRWW9owFRVJjru9sjhScANWkyEgpump,0,0.000000000000000000,0.000000000000000000,0.000000000000000000,both,True
12,GDccKDY21aDjthH7UTNKb7Gi4DfJ44cbbzoEPqhBpump,0,0.000000000000000000,0.000000000000000000,0.000000000000000000,both,True
12,GRA1LtNniEwuK2UVBsta2zpBc9P8yXn6dgcUoWZUtr5,0.000000,0.000000000000000000,0.000000000000000000,0.000000000000000000,both,True
12,GZDfz8uSH9KTpCUSvNffiRdoM1PKd4SWgb72B9Avpump,0,0.000000000000000000,0.000000000000000000,0.000000000000000000,both,True
12,GeDeA15TuR4Px6rVzdVjHKf7FZKAnMXL2d5XPGSBpump,-31553866.024632,-31553866.024632000000000000,31553866.024632000000000000,0.000000000000000000,both,True
12,Gp5evBHwtaRFA6dgpbJ1o8s1HgQAVveCUe8184gApump,0.000000,0.000000000000000000,0.000000000000000000,0.000000000000000000,both,True
12,H7bz5p1T6X6zS6AoxMepwiMMHq33WCD8UGmJfkgFhtvN,-453384.320534,-453384.320534000000000000,453384.320534000000000000,0.000000000000000000,both,True
12,HDNsyP12sJtmnKRCs1yxHMu2JBMRe9qN9HjFLEH4pump,0,0.000000000000000000,0.000000000000000000,0.000000000000000000,both,True
12,HTze13N7z2wZNReEo8zkcQsPjAYBpoUUwx4DJL7Xpump,0,0.000000000000000000,0.000000000000000000,0.000000000000000000,both,True
12,TWStGT4Mr7PnjmCLPuqD8GB54BkZeks4i85BPduBAGS,0,0.000000000000000000,0.000000000000000000,0.000000000000000000,both,True
12,VtwGKv7dcpY7aFb8H7MvZfEtUAKwtsHcXSkejCAparq,0,0.000000000000000000,0.000000000000000000,0.000000000000000000,both,True
12,aLqb3HVkpHardDE992xHf1NBnw55C2f88hkEZ3mpump,0,0.000000000000000000,0.000000000000000000,0.000000000000000000,both,True
12,cTxqg4vt21u1Q2f9DSEig6S1fxmxLSsUV2v2wWspump,0,0.000000000000000000,0.000000000000000000,0.000000000000000000,both,True
12,eUZLLwKgoCMewem3sBiUjuGfboL4e47GYUHQFLqpump,0,0.000000000000000000,0.000000000000000000,0.000000000000000000,both,True
12,fxahEm5tei1DcD5pgivooZu17daFTwmspvdVRPYpump,0.000000,0.000000000000000000,0.000000000000000000,0.000000000000000000,both,True
12,gLeB2g2DivWPLdhgBYfWuWaQ5fAaYdtHUKK1kfAEASY,0,0.000000000000000000,0.000000000000000000,0.000000000000000000,both,True
12,kRY7946oDXXVAVxE87fnDBBiEbPA53xNz7qH4nvEASY,0,0.000000000000000000,0.000000000000000000,0.000000000000000000,both,True
13,2aCUgJHE4U5sd7uaBEr7jn8kq5NZZK8to9yP32sQPhRK,0.000000,0.000000000000000000,0.000000000000000000,0.000000000000000000,both,True
13,3Bdpgsat9ksfmGarVXvdb4WG2BB88cEKbUbUnfrYudKp,0.000000,0.000000000000000000,0.000000000000000000,0.000000000000000000,both,True
13,3GkrJr4v2RLyVNWmQexy4yogkN1kSDiQYj16YEj2zhK5,0.000000,0.000000000000000000,0.000000000000000000,0.000000000000000000,both,True
13,3HHVkWKpiNbLCeTF2MPZnLU1KSRgUCWNjdze5yThAGHk,0.000000,0.000000000000000000,0.000000000000000000,0.000000000000000000,both,True
13,3RzS8Gy7JQo8qHNFjaN7T1jH8HqafxxEykeaoGhB9Psm,0.000000,0.000000000000000000,0.000000000000000000,0.000000000000000000,both,True
13,4cPigeDi3GLoJ4eqVr7gvdxiYHRhfPh6iwVhP7MPv16N,0.000000,0.000000000000000000,0.000000000000000000,0.000000000000000000,both,True
13,66fcfYyNwtqct5Gg3s4GZSUAwepVXv52kwuGGDbckuva,0.000000,0.000000000000000000,0.000000000000000000,0.000000000000000000,both,True
13,6XBcmmkkRRVhFXiWPZwbrrDuWZ83FySNXC7itMffHhHN,0.000000,0.000000000000000000,0.000000000000000000,0.000000000000000000,both,True
13,7Fub9WkZ65NmgfGDBNV4e3Bdmux5WUGEzeP2WmkFHpcH,0.000000,0.000000000000000000,0.000000000000000000,0.000000000000000000,both,True
13,7swdC2AjrJYS49QQN7xBRtBrSV8i4hBnJqygD3vd75BY,0.000000,0.000000000000000000,0.000000000000000000,0.000000000000000000,both,True
13,83h3YMThMTE65CiV7yqNwm2JdqXWvLTzzkbjL3DUmQ7V,0.000000,0.000000000000000000,0.000000000000000000,0.000000000000000000,both,True
13,8vQggPaaHEBau2vN1JdHWR3AbQqKzuNy1ewgg7aPuWip,0.000000,0.000000000000000000,0.000000000000000000,0.000000000000000000,both,True
13,91khKCDqF2VKYbwEgkoq2nqz7Z66GVjK6TKsAWF4j8La,0.000000,0.000000000000000000,0.000000000000000000,0.000000000000000000,both,True
13,9JgH98kAYgvW5YRz2SVTmACc5qDzZBx1f9ZWZsNcXJPg,0.000000,0.000000000000000000,0.000000000000000000,0.000000000000000000,both,True
13,9WfM9fxHA6XiWNkK85HFHA43e8o5La3Dcehc81KjykDE,0.000000,0.000000000000000000,0.000000000000000000,0.000000000000000000,both,True
13,ADg77NHkTfUzg7LjUMTU7A4tQAtHDdioUbhePdc5Q4YN,0.000000,0.000000000000000000,0.000000000000000000,0.000000000000000000,both,True
13,Asv6h2VTtQ3ozVB54k7gEgw9wWu3ZqLFiLQwLMd4G3Fr,0.000000,0.000000000000000000,0.000000000000000000,0.000000000000000000,both,True
13,BQixvCedTddokdtFRKcdx5V9pj7XrVaAyAmqFbCpr2gq,0.000000,0.000000000000000000,0.000000000000000000,0.000000000000000000,both,True
13,BRPt4oF3KEAwdRgj8rGY1CyPboN6T2mA997KuaXtgEqw,0.000000,0.000000000000000000,0.000000000000000000,0.000000000000000000,both,True
13,BU91JZBCuuKfpYTbsgU5r5g7BQvBPTCSM4nk5zzYoyDF,0.000000,0.000000000000000000,0.000000000000000000,0.000000000000000000,both,True
13,DsKnx7AuyLha6Nd9xjKKkPE4BZbFTD6u5ZX8sVwaJYJu,0.000000,0.000000000000000000,0.000000000000000000,0.000000000000000000,both,True
13,E3a65yDKc4CuJ4JqQHKUHdGfBMgk2qSXPwAHs6XqwzBb,0.000000,0.000000000000000000,0.000000000000000000,0.000000000000000000,both,True
13,FBXV5YRvDACq74usP2w4Jyu9AtBntdJH7DPw8N8ShD38,0.000000,0.000000000000000000,0.000000000000000000,0.000000000000000000,both,True
13,FWUoCJoLwAGLuAMqcy6Nfxy5fuQQVpTuDXncWVQDgnrF,0.000000,0.000000000000000000,0.000000000000000000,0.000000000000000000,both,True
13,FXQj45yTuEMWmSrRUo3cBMkKYDXAwB7XyegFeF1G7L9C,0.000000,0.000000000000000000,0.000000000000000000,0.000000000000000000,both,True
13,GDV4RJXY1SY8gzyaVEUxbNyaDb7HbXvBqe7a6VS586QH,0.000000,0.000000000000000000,0.000000000000000000,0.000000000000000000,both,True
13,GaogpRcXMDz9sTCaXaQ1VdzwD6KXgrWR1xVsAoxRRaWU,0.000000,0.000000000000000000,0.000000000000000000,0.000000000000000000,both,True
13,Hw95UMtDxeim8xoU1xHqyTM6KeSqvTaLJCWyskvoAZGY,0.000000,0.000000000000000000,0.000000000000000000,0.000000000000000000,both,True
13,J2LhYZE6Vfb86a2Lj15KDTywPYZNfgByXFw8D9vpQNrh,0.000000,0.000000000000000000,0.000000000000000000,0.000000000000000000,both,True
14,8pNiw1yRRvTLQ3uSgdKVwtXgq4TBvzsRvJncW1JHpump,416893.928315,416893.928315000000000000,0.000000000000000000,416893.928315000000000000,both,True
15,23z3Sw5ivgeJDdYnTzAcpgBb82zqoXNSdK1X3aJ3A7d6,0.000000,0.000000000000000000,0.000000000000000000,0.000000000000000000,both,True
15,AAe7a78Lyr6D8HyjSgvNbFa9irBhLNFxvGdBAnK1Zmcg,0.000000,0.000000000000000000,0.000000000000000000,0.000000000000000000,both,True
15,GGMcb1VKXJdWdbBZCXcVjDbtCD1kBYJdYDhbkcqCacxk,0.000000,0.000000000000000000,0.000000000000000000,0.000000000000000000,both,True
15,GiR3HawdaiEkVKRZYzXR2V2h5Neg6uzqooA8gLT5E36M,0.000000,0.000000000000000000,0.000000000000000000,0.000000000000000000,both,True
16,4icCzim9RSnTgfiyMix1rbnHsjRz2ZxA3fsBLWvepFfB,0.000000,0.000000000000000000,0.000000000000000000,0.000000000000000000,both,True
16,887qFowoLmMsKv4m7p5iELHx36VMSjmoEEfx8kcwWmP5,0.000000,0.000000000000000000,0.000000000000000000,0.000000000000000000,both,True
16,8FN1Ury8kjLNymuyZbEXcWz9hSYnyk6DYPxY9KKeNhfj,0.000000,0.000000000000000000,0.000000000000000000,0.000000000000000000,both,True
16,8LGhYzAePdPQKpXa2kXzTtCf4oXja7XxLX7qW62ugdb9,0.000000,0.000000000000000000,0.000000000000000000,0.000000000000000000,both,True
16,8yuHfWwqDKpNSSZMmyszV9tRACmfAhzAjzKNV7sZGsxo,-714575.431249,-714575.431249000000000000,714575.431249000000000000,0.000000000000000000,both,True
16,A5HRmWiD58sK4Ui3CVZGEPQ8aKGGoEbsZuVVWPa94rxb,0.000000,0.000000000000000000,0.000000000000000000,0.000000000000000000,both,True
16,BU2HKANWu3qZUyYuDsTRnHevDGgeGFvDzxcznxVS6BFJ,0.000000,0.000000000000000000,0.000000000000000000,0.000000000000000000,both,True
16,ChAnBXeskiPeJ9LqkKzx5Aumw223VPVpiC78KZ32qN8E,13435135.827779,13435135.827779000000000000,0.000000000000000000,13435135.827779000000000000,both,True
17,23WW1QDsaFFtee287AUPcD2RMBxR8D59JQGjEyEdreR5,0E-8,0.000000000000000000,0.000000000000000000,0.000000000000000000,both,True
17,2coo78bQJ7c67L12jgAyjCsjpP8itbPyh9LajFSV9o3p,0E-9,0.000000000000000000,0.000000000000000000,0.000000000000000000,both,True
17,2ocbZGRQBfA3FYGaPy5fhUPhAhpFKtdK2z7JoUKMPYN1,0E-8,0.000000000000000000,0.000000000000000000,0.000000000000000000,both,True
17,33jjwUNptVi5RbfCfMr11BvTSdWmHQUXqzNrDQQY7yGQ,0E-9,0.000000000000000000,0.000000000000000000,0.000000000000000000,both,True
17,3DkicULGoTWxczbwrDa9x3Zo43pjfVRJDZKj3V5hQckJ,0E-9,0.000000000000000000,0.000000000000000000,0.000000000000000000,both,True
17,3JJjztj8D6QjZtjNAyr1JpybDhs1ZUYRNJq81UQcDcLm,0E-9,0.000000000000000000,0.000000000000000000,0.000000000000000000,both,True
17,3LgTPTe6rpChdNuqfLFhZhTitSHfsykrmeNnxzaDG3zV,0E-9,0.000000000000000000,0.000000000000000000,0.000000000000000000,both,True
17,42z6LMMgQq8zHPSChFbhBGTjLv8HLHK9yGzD9ZYzvq1F,0E-9,0.000000000000000000,0.000000000000000000,0.000000000000000000,both,True
17,4FWCsJKCWd5Mv2gqZcXAqCx1MCER1NfvhS1E4yPZJeUZ,0E-8,0.000000000000000000,0.000000000000000000,0.000000000000000000,both,True
17,4RXLKxAXUgwnEgpFDaFJ6ewgqDUdmiXTWCDsWhmJqBfC,0E-9,0.000000000000000000,0.000000000000000000,0.000000000000000000,both,True
17,5AvWoxxM5sxi4mr9YHi68Ez42QW1x1oC6UPTCcXMXFnD,0E-9,0.000000000000000000,0.000000000000000000,0.000000000000000000,both,True
17,5SrPtcjEsGJq5pq8nMnwxAVaFj47oHuMd8UvkCSVngFR,0E-8,0.000000000000000000,0.000000000000000000,0.000000000000000000,both,True
17,5nFVdf4LGNEute1TLSRSCqUGE2zinNLYyWAtUAHLoNo7,0E-9,0.000000000000000000,0.000000000000000000,0.000000000000000000,both,True
17,5vKALa8pRsvqRUiFYnqVtgRkRs3i1GY47ZYbKwNn2fUL,0E-9,0.000000000000000000,0.000000000000000000,0.000000000000000000,both,True
17,6MufC6MZr4fhwU3zZQsbcJ94AwyyEjF5Ssc5roojg1SC,0E-8,0.000000000000000000,0.000000000000000000,0.000000000000000000,both,True
17,6TZEcFpvjCNnXH85wj6nxWRGdmgXuF3JyaDWM8M5J7D7,0E-9,0.000000000000000000,0.000000000000000000,0.000000000000000000,both,True
17,6wgFHPMy83FDFnVxRT2s5eM5SN2cvN8vj7cDnHMRx8Yw,0E-9,0.000000000000000000,0.000000000000000000,0.000000000000000000,both,True
17,83mMmnErvpQTwHsgYV5zBc3rZhyv1HrfDzdkiTDbgC6X,0E-9,0.000000000000000000,0.000000000000000000,0.000000000000000000,both,True
17,83sWzmwx9D7mprdtCtuV5hm3wqsL4YLrBpp3r4je4Pxp,0E-9,0.000000000000000000,0.000000000000000000,0.000000000000000000,both,True
17,8JSqEhTRTcSM4FSDML25A3SQqeEh1KtYZhfaNCNP4uet,0E-9,0.000000000000000000,0.000000000000000000,0.000000000000000000,both,True
17,8LnSckPZCoqRUMQKe52gJ3jnYgYppDpkk1ZoMUZgWf6j,0E-9,0.000000000000000000,0.000000000000000000,0.000000000000000000,both,True
17,8T7S9QX7qvULmSnDnQGqTJHYZLK3UdgE8EmFH1AhNGbR,0E-9,0.000000000000000000,0.000000000000000000,0.000000000000000000,both,True
17,8ZXDPjNMsUNZS9icJKoqJMfa3VsULyHcsJ29dkkK4zof,0E-9,0.000000000000000000,0.000000000000000000,0.000000000000000000,both,True
17,8mDCHqK8wDAehjWSWbs42u2XRnUwpAW1vHcUrNpxYWaJ,0E-9,0.000000000000000000,0.000000000000000000,0.000000000000000000,both,True
17,9LsY1NcMDWT615AeWh6QqvYk1RnsgcArP1dkt9B1XFbL,0E-9,0.000000000000000000,0.000000000000000000,0.000000000000000000,both,True
17,9TgXi8yH8ZJ6MtiGxQougNq1c9rqVrhC16oHaeyoqJCr,0E-9,0.000000000000000000,0.000000000000000000,0.000000000000000000,both,True
17,9fqAe5dqnBD4h3cDCnLwPEw2ataQLXhpTpsJjsEfWwMw,0E-8,0.000000000000000000,0.000000000000000000,0.000000000000000000,both,True
17,9t84LcLo1ZD2RPS81dKuDGbMqpQVTztsZKxGVWH9WhXu,0E-9,0.000000000000000000,0.000000000000000000,0.000000000000000000,both,True
17,A3uYsci1NQBse8LHhpvMKdRDHwrHz1j1uHT5bx1z7RSt,0E-9,0.000000000000000000,0.000000000000000000,0.000000000000000000,both,True
17,B6HpWQM9CsvEWHLDuWrvGUKc6P3z9cp56y8MXGnD5NpG,0E-9,0.000000000000000000,0.000000000000000000,0.000000000000000000,both,True
17,BmyadDmSnh3mmJ8Z6RfgGuAsGRKHRDeY6hm6RmwmemQj,0E-9,0.000000000000000000,0.000000000000000000,0.000000000000000000,both,True
17,CHZVwj3WrgbddCo9TzM8UpKH53Y6gLujfVxZjXDs11r5,0E-9,0.000000000000000000,0.000000000000000000,0.000000000000000000,both,True
17,CMVQH5k5C49D5n8Vr8tYA7z4RYRMfJux1byo78hyWtk4,0E-9,0.000000000000000000,0.000000000000000000,0.000000000000000000,both,True
17,CNTgQB7wxQciy6iGrKiwUoyUYKs667wPbRB5LWn7RWLT,0E-9,0.000000000000000000,0.000000000000000000,0.000000000000000000,both,True
17,D311DYW4c87yGVtjdv82Qqj4omv3oYNM4f8pR9n5HZYz,-948.208371108,-948.208371108000000000,948.208371108000000000,0.000000000000000000,both,True
17,D4XJP7cWYN64kAe1G4EiKxPiezDPTRiru5Zxa1GkeEda,0E-9,0.000000000000000000,0.000000000000000000,0.000000000000000000,both,True
17,D8DbPBDoiit9b1vNhLwVMN7M9CN7d5Zj2dJBpjAiTgqk,0E-9,0.000000000000000000,0.000000000000000000,0.000000000000000000,both,True
17,D9CtJcBEzRk4tRqppwqSq2sAANKHf17UtjmcLYjQWwfi,0E-9,0.000000000000000000,0.000000000000000000,0.000000000000000000,both,True
17,DDmaFLA8oPtwLdYFkuae9aGg5RC48ZMLJcioqhHGkSEY,0E-8,0.000000000000000000,0.000000000000000000,0.000000000000000000,both,True
17,DLkipyFJSgcEBkkLpipzFVNXUyX6dWu7ZR5ZkvHhg3a7,0E-9,0.000000000000000000,0.000000000000000000,0.000000000000000000,both,True
17,DdHGGNdPLXargBXD7jsWrLCCsm5D2AeSHxgx2AVGBdQ4,0E-9,0.000000000000000000,0.000000000000000000,0.000000000000000000,both,True
17,Dj6iJ9XZvBNaYSmFeHrzJrSKFw2dLzUz53nguNAAUt62,0E-9,0.000000000000000000,0.000000000000000000,0.000000000000000000,both,True
17,E15wDenFzVhg4QQKjk8vP4Z8gCbC9zMRLrEjWdV1zPRy,0E-9,0.000000000000000000,0.000000000000000000,0.000000000000000000,both,True
17,ENKuCh9gHRT2zgrLd4PF9PqwiQEXxaV7aDQU3aW2YNzY,0E-9,0.000000000000000000,0.000000000000000000,0.000000000000000000,both,True
17,EQwpyQ2nxRtAqnTstdRZt3HrsNsHmEuhrzTCy2m2w75,0E-8,0.000000000000000000,0.000000000000000000,0.000000000000000000,both,True
17,EUGGG6fEWvNF6fRe3KcSLwr3CiRGc6ohqsXCQKMeuYU5,0E-9,0.000000000000000000,0.000000000000000000,0.000000000000000000,both,True
17,F6E2r51kXod2DNVt7RuKeU7vY9ge5pxg9fdFz6D2k4LN,0E-9,0.000000000000000000,0.000000000000000000,0.000000000000000000,both,True
17,F8zwEmdVKzkD8UC35U8SZC7f9BPSsgLYoZx62pCmse3B,0E-9,0.000000000000000000,0.000000000000000000,0.000000000000000000,both,True
17,G45u4yZsZ4hW8cdd7yVc7d3GoyfcFX9KAyo2JFLA78K5,0E-9,0.000000000000000000,0.000000000000000000,0.000000000000000000,both,True
17,GB1oAbrXHx7XVrsCMu4u924sB3MXnrCFrGrmVeAiaYxr,0E-9,0.000000000000000000,0.000000000000000000,0.000000000000000000,both,True
17,Ga6UP3R63BJBe6EbbFEbs7F8tCeGM3JZiSZWiQbpYApP,0E-9,0.000000000000000000,0.000000000000000000,0.000000000000000000,both,True
17,GkBUGje66GLy6Q8eAwjFfRQ9do1wzweGBoSDAyDwBJf8,0E-9,0.000000000000000000,0.000000000000000000,0.000000000000000000,both,True
17,GoaarkBjGfsMTuXsAe6uKbCnr7WckVfpvdkbCi92GhAG,0E-9,0.000000000000000000,0.000000000000000000,0.000000000000000000,both,True
17,H9sCZQcbiQymqZ9UoNQRkp2enHpXWoskqn1haxZLMYPo,0E-9,0.000000000000000000,0.000000000000000000,0.000000000000000000,both,True
17,HGMuRFDaEeEi2EascxEnfcA3VtVP5vyq1BzcVDSLDpuc,0E-9,0.000000000000000000,0.000000000000000000,0.000000000000000000,both,True
17,Heo79asPgySw9errh68PfBVvNE7tZrz4dSC1hyq9hUD,0E-9,0.000000000000000000,0.000000000000000000,0.000000000000000000,both,True
17,QuFHuRHUJgzKkw5DYJCy2EX2rDsH8nLMQSSBvXsmDUr,0E-9,0.000000000000000000,0.000000000000000000,0.000000000000000000,both,True
17,R875qs6nSkzEJAT2GssEufCEpxBdV18fCBwXagwq88D,0E-9,0.000000000000000000,0.000000000000000000,0.000000000000000000,both,True
17,UMEJV2B5acba5k3hkbzDjBDj5dKfsMZXiXG81v5rvvi,0E-9,0.000000000000000000,0.000000000000000000,0.000000000000000000,both,True
17,gYjiDKX8bkhd9vRTVXXbYVnszdQuqdfs4iJMdfhL3io,0E-9,0.000000000000000000,0.000000000000000000,0.000000000000000000,both,True
18,12fbmEh9PztQLTMEtP7yrB7js8zm4cfUE2cP4H1cdH2v,0.000000,0.000000000000000000,0.000000000000000000,0.000000000000000000,both,True
18,3UHnUjfycw38AciyAkezmzptVKeA6RYFKnCsDTbZdHAj,0.000000,0.000000000000000000,0.000000000000000000,0.000000000000000000,both,True
18,AVXbEeznGYYGUTkVBtFy2patdmGgP9PadQg3Rcwzdv4n,0.000000,0.000000000000000000,0.000000000000000000,0.000000000000000000,both,True
18,FEefYeJGoTAVUyXYu1wMshqtSNq3VrboMdNyDQCUhfk,-35442.467276,-35442.467276000000000000,35442.467276000000000000,0.000000000000000000,both,True
18,J1aSbCY1wmHuTRV735i1TcULFSWfRiW1ZM2cE71YhUyh,0.000000,0.000000000000000000,0.000000000000000000,0.000000000000000000,both,True
18,ymwzVjkWEqXx1AFSv1eCxZ3aF5S43LzpuvtoncH5nLA,0.000000,0.000000000000000000,0.000000000000000000,0.000000000000000000,both,True
19,2juXubcTG9NMMNasmHwfGeRuabcXEGrFyRN7F4Ywg67D,0.000000,0.000000000000000000,0.000000000000000000,0.000000000000000000,both,True
19,3qokv5gxt1zB1XdTxnouhSYNKUho1TNiwfv5whgs8L7J,0.0000,0.000000000000000000,0.000000000000000000,0.000000000000000000,both,True
19,46W3XT9VfynLeSPx7VUS61LLpfs3c2CorZ5D98Ftocw2,0.000000,0.000000000000000000,0.000000000000000000,0.000000000000000000,both,True
19,4dthXy9xWKVQ81EHLtunkizDBfVfWDFFzqRG16kZMBvP,0.00000,0.000000000000000000,0.000000000000000000,0.000000000000000000,both,True
19,58Jgm3ZkhnSgUgzzCM5x1xGkb7fxja27o9JyuBDzvpDH,0.000000,0.000000000000000000,0.000000000000000000,0.000000000000000000,both,True
19,6NkcV6N3pSMW7LmvaLaBuFG6b7Nj3AQBETcmrj8MHGc3,320.968851,320.968851000000000000,0.000000000000000000,320.968851000000000000,both,True
19,99tFZetrPh6dRsqsz68JfjXUGUbWKQvW6M9ny3KyDTtZ,0.00000,0.000000000000000000,0.000000000000000000,0.000000000000000000,both,True
19,CN32ksUgtzPbKaVuuoN3gCr5Z7inUx5zjqpMFis5g1GK,118.274820,118.274820000000000000,0.000000000000000000,118.274820000000000000,both,True
19,CjkhxjS7GoVpFXo3q6vxyJUbG1GfmoMiHkhjTA2PrbHM,-345.449716,-345.449716000000000000,345.449716000000000000,0.000000000000000000,both,True
19,FAvQcxGxthJ9XNmNvqCpNiLACAerNyx6nUTThUytRoGM,0.000000,0.000000000000000000,0.000000000000000000,0.000000000000000000,both,True
19,HLT6mWa2nHDsyrT2B3fTL5VKaRjWA96ZL1Nv13bWdVU2,0.000000,0.000000000000000000,0.000000000000000000,0.000000000000000000,both,True
19,RDbrtCtkFxe7y7JCbZnHFsQt8MAmnWGGLmGp1UoNVaH,0.00000,0.000000000000000000,0.000000000000000000,0.000000000000000000,both,True
19,jVu5ge9YUvFhYvAzFmPwgouV7rR4UUHLbsqSfKmunWc,0.000000,0.000000000000000000,0.000000000000000000,0.000000000000000000,both,True
20,23Qh8n1rrXzSb8gbKTLLi4wMHDW3GpdVkfyJXNoYpump,0.000000,0.000000000000000000,0.000000000000000000,0.000000000000000000,both,True
20,2EgPp2DCUWAZRVyeAEvXZVSYgj1Naj2b25rUxvJ8pump,0.000000,0.000000000000000000,0.000000000000000000,0.000000000000000000,both,True
20,2ooWoiYZtrMpvGmh84vs8XgBg2dVbZ47z2idWwuJRkkK,0.000000,0.000000000000000000,0.000000000000000000,0.000000000000000000,both,True
20,36rvb3qhon7vJchtBYzh4w6XUvRJyLkT8XzxonxWpump,0.000000,0.000000000000000000,0.000000000000000000,0.000000000000000000,both,True
20,3GVntiigVVNEsQy7L1f8Yw8kzC1ef8oYtoDi5UE4pump,0.000000,0.000000000000000000,0.000000000000000000,0.000000000000000000,both,True
20,3Hu6x2ojZ4zdRcfAVwwCPyh7vSuWCmmKRJeTbUFxpump,0.000000,0.000000000000000000,0.000000000000000000,0.000000000000000000,both,True
20,3LMMxkrapNSsW2TbRb1BDmwzCu55enBi3JzftyBLpump,0.000000,0.000000000000000000,0.000000000000000000,0.000000000000000000,both,True
20,3U1JsTX5dp24LNs8dUWXhryBbeFLNX93JbtWdCsopump,0.000000,0.000000000000000000,0.000000000000000000,0.000000000000000000,both,True
20,3Y3CTZGaU3uMcekwNMKmMvgqqXqFM9BPkRjtAKJXpump,0,0.000000000000000000,0.000000000000000000,0.000000000000000000,both,True
20,3oL99tu2qnxka3HnxY8g1cXNpgBJ5ojoSWWFiDMopump,0.000000,0.000000000000000000,0.000000000000000000,0.000000000000000000,both,True
20,3rSL7oDdAqUSo6bpkcDaMtxTynPeFhne6HQaZStbpump,0.000000,0.000000000000000000,0.000000000000000000,0.000000000000000000,both,True
20,3rZcNpM2Viub5G7kyX6ssQzaBeGoy7KUk2pYqhcqYKpZ,0,0.000000000000000000,0.000000000000000000,0.000000000000000000,both,True
20,467jS5WDRy33hRacWqJrcPwTPhxVqg1PXU59Tetbpump,0.000000,0.000000000000000000,0.000000000000000000,0.000000000000000000,both,True
20,4EL7nmuUrAJJmV6pKUWskYQTH3hsmdJQnUCP238Vpump,0.000000,0.000000000000000000,0.000000000000000000,0.000000000000000000,both,True
20,4T7tbbhSSAtQPEtkugqa9EKCq13G8uhqNqCqCN1upump,0.000000,0.000000000000000000,0.000000000000000000,0.000000000000000000,both,True
20,4YGDAXTuSxXkEzs1VoKXHgxcVfFVdQyihV8VEAgFpump,0,0.000000000000000000,0.000000000000000000,0.000000000000000000,both,True
20,4c5LK64544TyniKzErqsEfGzfC7P5ygY9x3JqDKEpump,0.000000,0.000000000000000000,0.000000000000000000,0.000000000000000000,both,True
20,5L7cMuzQhqHJWu7u5g8F4akeDhfdvEV8dDGCS1xHpump,0.00000,0.000000000000000000,0.000000000000000000,0.000000000000000000,both,True
20,5Q5YpUztJStwdGLf97BAZ8K8D7ni8D3WxRNGW7WEpump,0.000000,0.000000000000000000,0.000000000000000000,0.000000000000000000,both,True
20,5nAAFAWPAH5w5UMBfQof5WfzNLzq29KoDtrbTE5Jwb4y,0.000000,0.000000000000000000,0.000000000000000000,0.000000000000000000,both,True
20,5pbtcLyZ86LuQ7yPoqCKcRqiecVgT3qVbtYP2PsFpump,0.000000,0.000000000000000000,0.000000000000000000,0.000000000000000000,both,True
20,5v8mwouUyFbeB3A1fhXWMjZNNarsZpQtKuN8F7sppump,0.000000,0.000000000000000000,0.000000000000000000,0.000000000000000000,both,True
20,5zmMpN8S8VNNi6XqcSH2QovtNFNFWNguYiQbFzJGpump,0.000000,0.000000000000000000,0.000000000000000000,0.000000000000000000,both,True
20,64zrc7isCHHNY91LEiWBDdRzELJybiopq7NNfQjipump,0.000000,0.000000000000000000,0.000000000000000000,0.000000000000000000,both,True
20,66jV6HvwLXWewDxmWCsmT7HHM7JmEE1pLL4PpcC8pump,0,0.000000000000000000,0.000000000000000000,0.000000000000000000,both,True
20,6AvdeNwxk1gby75Lw9m5hDqG3fnmbgUVjz2coDhXcsGG,0.000000,0.000000000000000000,0.000000000000000000,0.000000000000000000,both,True
20,6EQmsvEg6YASS8fZu4fuazDhTS2okSBhivwUVia5bonk,0.000000,0.000000000000000000,0.000000000000000000,0.000000000000000000,both,True
20,6K9htkd4Rs7WaKLkQVNAQjqYUEr11MuS8xGXoUd2pump,0.000000,0.000000000000000000,0.000000000000000000,0.000000000000000000,both,True
20,6UtFvHA3XLspUSYKYd1m8kqSyA8UpSyjf5meHHakpump,0,0.000000000000000000,0.000000000000000000,0.000000000000000000,both,True
20,6X4TYLdWwmRaxUHkY69yXnsQw649DfJsMR3gQZWNpump,0.000000,0.000000000000000000,0.000000000000000000,0.000000000000000000,both,True
20,6oNBTiF9VsW8J1UATSgnA2XTY4G8jcbAtkQWkZbYpump,0.000000,0.000000000000000000,0.000000000000000000,0.000000000000000000,both,True
20,6xNdnDY9QZqfcGvie1bKHuUxvvaxuyjoeNpzXE5Fpump,0.000000,0.000000000000000000,0.000000000000000000,0.000000000000000000,both,True
20,6zW4sy1z5WLgU45nXggNrfM7bPjLaq4jEL9wSdtzpump,0.000000,0.000000000000000000,0.000000000000000000,0.000000000000000000,both,True
20,78avmi6iuvKNZiv67ezwhe6wN1uSoqgE9z5o2a4Ypump,0,0.000000000000000000,0.000000000000000000,0.000000000000000000,both,True
20,7D86jL6ttQd8Rd4nLfgVXKDuEMtEYVqmbWFvtj4M5o8J,0.000000,0.000000000000000000,0.000000000000000000,0.000000000000000000,both,True
20,7Q3oPAgACeNAbhtWArezAzkLiJEJNuSGmRHxv6c3pump,0.00000,0.000000000000000000,0.000000000000000000,0.000000000000000000,both,True
20,7XHEHM1DEgSSme84QDvHSMND3TnKczEinoa9h2F5pump,0.000000,0.000000000000000000,0.000000000000000000,0.000000000000000000,both,True
20,7rr4iXsv954JBSUmXdEajvVwovrAzRp3UbDAFmkRpump,0.000000,0.000000000000000000,0.000000000000000000,0.000000000000000000,both,True
20,7z4h7omifgHHyH9ujsquHtW3KZicTKVqR26yh69GwgJR,0.000000,0.000000000000000000,0.000000000000000000,0.000000000000000000,both,True
20,8AZhaYbN9pwdoXAdLrfAKftG4pXNiRTrWxQJDMmJpump,0,0.000000000000000000,0.000000000000000000,0.000000000000000000,both,True
20,8NHv6CsA8MVmLindhxJrWnwQGGi8MYvCrCZJTVfpump,0.000000,0.000000000000000000,0.000000000000000000,0.000000000000000000,both,True
20,8UCj91vJAMsSW5hJ5Q9Kv6eFJ95LDyDBKZP9jyCEpump,0.000000,0.000000000000000000,0.000000000000000000,0.000000000000000000,both,True
20,8V9S5krny2G7xHsEH3aKv6hSmisTdNiGsKqEq4Expump,0.000000,0.000000000000000000,0.000000000000000000,0.000000000000000000,both,True
20,8y7osHxMeB9xoiNjh5LqoMrmbdeGdyayJ44vvZ8Spump,0,0.000000000000000000,0.000000000000000000,0.000000000000000000,both,True
20,94PzZJMXELsxYPZ9GsQeTE4nF6vKNve84FCY7ic4pump,0.000000,0.000000000000000000,0.000000000000000000,0.000000000000000000,both,True
20,99XKciZLj9UsHdFUr3HKgr8LGK61pYzGhKAG3Gkipump,0.000000,0.000000000000000000,0.000000000000000000,0.000000000000000000,both,True
20,99Z5JTQs6uUGrdpXWF4ccSmu6Qkbdt3R9xowzkoJpump,0.000000,0.000000000000000000,0.000000000000000000,0.000000000000000000,both,True
20,9DeqQ82FAc1EP3v7onieEt4w3E49d2vgWp19FA4spump,0.000000,0.000000000000000000,0.000000000000000000,0.000000000000000000,both,True
20,9TBHVCmtnZ9yLdPqyXGVUTk7PH8o2qYAYz6Vj2BGpump,0.000000,0.000000000000000000,0.000000000000000000,0.000000000000000000,both,True
20,9TDonrnNiK97LcmSrjxKbg8Qb5YXfST2ZoBQEMxVpump,0.000000,0.000000000000000000,0.000000000000000000,0.000000000000000000,both,True
20,9WLBMMg94MiKw2CWgovDbgLE6fwgvx9dHJbnu3Bdpump,0.000000,0.000000000000000000,0.000000000000000000,0.000000000000000000,both,True
20,AGtJJUeugCYwpfEA59tUMEuXzc2SPU8AKQexyybspump,0,0.000000000000000000,0.000000000000000000,0.000000000000000000,both,True
20,AK2fkYP1gvte1N9X9mN5Nbv37ihTUDLRnrpmxpBxpump,0.000000,0.000000000000000000,0.000000000000000000,0.000000000000000000,both,True
20,AQ37Epit6TRabS2fwT8DDtWz9ppFSK8RgKGTxHzLYN8Z,0,0.000000000000000000,0.000000000000000000,0.000000000000000000,both,True
20,ATScnABNzVqjzkd5ezPh3VqkXVoRhd1cx6nQaRYEpump,0.000000,0.000000000000000000,0.000000000000000000,0.000000000000000000,both,True
20,AXmpQxE5JUXbW7eA9DnLViyFnQMXNycUuChswJyGpump,0,0.000000000000000000,0.000000000000000000,0.000000000000000000,both,True
20,AcJH29hCsCEfa7WJfJMQkk5TxDnF1v5yc8gJ5DR7pump,0,0.000000000000000000,0.000000000000000000,0.000000000000000000,both,True
20,AepcVT1EzyGS7SZ5ePikRj44frzWsLquzrEU5cbJpump,0.000000,0.000000000000000000,0.000000000000000000,0.000000000000000000,both,True
20,At2im4gt8rX7aiXs9CvqejqZHEDL3siXGUZo4Hvupump,0.000000,0.000000000000000000,0.000000000000000000,0.000000000000000000,both,True
20,AyuUuojCxRLxfEd1Z5Fqh2jy3CdtmFEkoF9wgVcapump,0.000000,0.000000000000000000,0.000000000000000000,0.000000000000000000,both,True
20,BFe7W4QtkqfLNLFSMBd25oiUkCp4kbaQd8PDk2Gwpump,0.000000,0.000000000000000000,0.000000000000000000,0.000000000000000000,both,True
20,BcHEaaTCvycPwwsJ9yQTXdHP9X2gCLkznDbZ8VySpump,0.000000,0.000000000000000000,0.000000000000000000,0.000000000000000000,both,True
20,C2GQizXEisVibGT8HR5VGXdeaz2qo2RxiC7DKoRepump,0.000000,0.000000000000000000,0.000000000000000000,0.000000000000000000,both,True
20,C5Y7rtcR4TTCAnzgDMiZRiBP96hdHXCv9DB2Gonypump,0.00000,0.000000000000000000,0.000000000000000000,0.000000000000000000,both,True
20,C6Njk1P67kBpeWneSFxW78YYV8dZ9YkD8asnmek8pump,0.000000,0.000000000000000000,0.000000000000000000,0.000000000000000000,both,True
20,CDZSRATTymh8H3ysZW45RfvwZP31ZWAkrXGVi4NEpump,0.000000,0.000000000000000000,0.000000000000000000,0.000000000000000000,both,True
20,CFRA1qetepm5ahwSVeaShNSRYRzmzRoa8iaCfiigpump,0.000000,0.000000000000000000,0.000000000000000000,0.000000000000000000,both,True
20,CLqiChB23KHBfCVNgyt6rWMx1bX21rHnLpT1vDn8pump,0.000000,0.000000000000000000,0.000000000000000000,0.000000000000000000,both,True
20,CQKFNWDd1bTVMdXbunLsU5jws8VYFmoyQwTS96Hqpump,0.00000,0.000000000000000000,0.000000000000000000,0.000000000000000000,both,True
20,CXPhfaAj8e1xoaurW4uKH4n6ddY6TFcdxPmsJqXnpump,0.000000,0.000000000000000000,0.000000000000000000,0.000000000000000000,both,True
20,Ca9PPSAFGEJ5XBLTvF7595Zrco3d5mzHpMH3ZnPtpump,0,0.000000000000000000,0.000000000000000000,0.000000000000000000,both,True
20,Ct6ALZWeR5m6LP7eRNusTjK1mLe67betMJ3P9CMkpump,0,0.000000000000000000,0.000000000000000000,0.000000000000000000,both,True
20,CwznRzb5gTk3sSzoA1sD79TRG1PEyv5baVDNPk4zpump,0.000000,0.000000000000000000,0.000000000000000000,0.000000000000000000,both,True
20,DWVqYqwFWbja117ypcvnncDxPbtizwhPZHtjRAhnpump,0.000000,0.000000000000000000,0.000000000000000000,0.000000000000000000,both,True
20,Dr14gE2DaA8gCh46kQejKEzg3kEeLYxvfxXfSb1Apump,0.000000,0.000000000000000000,0.000000000000000000,0.000000000000000000,both,True
20,DwGr4K7QYF9fi4N61nUoYRUzeQRwAhqKvPHtDRmGpump,0.000000,0.000000000000000000,0.000000000000000000,0.000000000000000000,both,True
20,E2oecxpiXHyoYYs6hsFt1D2MaZ9VMs8AzHV9HKrzpump,0,0.000000000000000000,0.000000000000000000,0.000000000000000000,both,True
20,E6rqsxKzfMmjPrmw5Sv4AXkLks9ssfb5d838uP7Kpump,0.000000,0.000000000000000000,0.000000000000000000,0.000000000000000000,both,True
20,E82bCuyiTciRx4KuHfqbo5v29nhNbwWzHMT8dJ4Spump,0.000000,0.000000000000000000,0.000000000000000000,0.000000000000000000,both,True
20,E8PQp13Ty8Rt4gxgS6tQZVXsL5ftb4ettGe7yV3rpump,0.000000,0.000000000000000000,0.000000000000000000,0.000000000000000000,both,True
20,EDzDuuvbdsAndY4WWUrBNuuioGc2nxSnKMZhJnt3pump,0.000000,0.000000000000000000,0.000000000000000000,0.000000000000000000,both,True
20,EPjFWdd5AufqSSqeM2qN1xzybapC8G4wEGGkZwyTDt1v,0,0.000000000000000000,0.000000000000000000,0.000000000000000000,both,True
20,EUv97vpXQH1g5YJ6jiW93d6zGGo5samb4fGg2PoVb4ht,0.000000,0.000000000000000000,0.000000000000000000,0.000000000000000000,both,True
20,EYnBsBb6Dx3ZtWYGhTuVhJCNYxGuV8MzSAXRdwv6pump,0,0.000000000000000000,0.000000000000000000,0.000000000000000000,both,True
20,EZtvntdTP7Ec7SNtPM65yQQGkhThr6xKmcYVqZsCpump,0.000000,0.000000000000000000,0.000000000000000000,0.000000000000000000,both,True
20,EfgPzuBVLtxoBjAG2jgXkekGA8UE2KW8v3TjryY1pump,0.000000,0.000000000000000000,0.000000000000000000,0.000000000000000000,both,True
20,EoidYsqQkMNTaWvzp6vhqvvKqf3VLKsLbsKG7YUgpump,0.000000,0.000000000000000000,0.000000000000000000,0.000000000000000000,both,True
20,EosDca5FW61BYAsd9QYPRJL25TuGXZ6nGbW1ewBfpump,0.000000,0.000000000000000000,0.000000000000000000,0.000000000000000000,both,True
20,F2C2D9tEb91MGG3A649aGRYAEaSRKroAscmHfrQNpump,0.000000,0.000000000000000000,0.000000000000000000,0.000000000000000000,both,True
20,F5VZrHKG5bMg8NasnwcPeMpmYuFAayaJmEGwzNTZpump,0.000000,0.000000000000000000,0.000000000000000000,0.000000000000000000,both,True
20,FAPxbLuMEYV8GHjkZarRyibVtVLLd9LNJnX2eaXczGB,0.000000,0.000000000000000000,0.000000000000000000,0.000000000000000000,both,True
20,FDZdL3N3kTgVyZnFgYaT6CByw8CQwVhw84bGM96npump,0.000000,0.000000000000000000,0.000000000000000000,0.000000000000000000,both,True
20,FEMrZ9f6Qet34D1dbHNekxpXVT3J2D386srEYwYbpump,0.000000,0.000000000000000000,0.000000000000000000,0.000000000000000000,both,True
20,FPQ3tb13FvD8HctadD35EGg5sVjLVAby44VJUhAQpump,0.000000,0.000000000000000000,0.000000000000000000,0.000000000000000000,both,True
20,FX9YigCEPhn4bv9TwaUjerBBqrDN3Wo9mM3581FVpump,0,0.000000000000000000,0.000000000000000000,0.000000000000000000,both,True
20,FbCUAShvgygfy6zbJLYKYE2nyyvumM85VmcK196Apump,0,0.000000000000000000,0.000000000000000000,0.000000000000000000,both,True
20,FidATnGQxYjwmByxZ9zQRvYiHdsYVPXHiKKNFp6Epump,0,0.000000000000000000,0.000000000000000000,0.000000000000000000,both,True
20,FvfHhP6V4YmYT1GvX3FLvua1NkhJB4PLxxXt5arKpump,0.000000,0.000000000000000000,0.000000000000000000,0.000000000000000000,both,True
20,Fy2DDq34totJCe8DXn7iE4Z1T1YKwwRJCW2vfWrdpump,0.000000,0.000000000000000000,0.000000000000000000,0.000000000000000000,both,True
20,Fy512AVupNCADBTyPZNcaZ9hAcPrgWk4bP91iP2Jpump,0.000000,0.000000000000000000,0.000000000000000000,0.000000000000000000,both,True
20,G5KNk6CvpRBbpG3WCcAtTZBzmxmLodiTtjL7po84pump,0.000000,0.000000000000000000,0.000000000000000000,0.000000000000000000,both,True
20,G7Xi9RZYXEmXQ5ruucd9YNYzC3Z6MnUPyMArzwdcpump,0.000000,0.000000000000000000,0.000000000000000000,0.000000000000000000,both,True
20,GAE6EyRkoCF22xTPfxBinvzhmMsFSBv3rCjj7TUzpump,0.000000,0.000000000000000000,0.000000000000000000,0.000000000000000000,both,True
20,GAvp5SPkx8FhopH8TdjjQKuABge4Ta7gv4B3MxMwpump,0.000000,0.000000000000000000,0.000000000000000000,0.000000000000000000,both,True
20,GFknoNofZXGHfMXLJW2VaESJgiqzqcJxe9whpPbNpump,0.00000,0.000000000000000000,0.000000000000000000,0.000000000000000000,both,True
20,GH9XuZTNCaFKWKZ8WVhL7ANd7czGXeBUtxGVmtASpump,0.000000,0.000000000000000000,0.000000000000000000,0.000000000000000000,both,True
20,GNRxbRjqfTeMuwcREVhREqe8Y47CjxbxLSaToyimpump,0,0.000000000000000000,0.000000000000000000,0.000000000000000000,both,True
20,GSLdphvp1Gf5jun7JivGPRyPVKRv7wuEWT9cS5iKpump,0.000000,0.000000000000000000,0.000000000000000000,0.000000000000000000,both,True
20,Gp5evBHwtaRFA6dgpbJ1o8s1HgQAVveCUe8184gApump,0.000000,0.000000000000000000,0.000000000000000000,0.000000000000000000,both,True
20,Gquq1ZxT2XCcYUHA5anGRBEwDESc48jeFAuJKnz3pump,0.000000,0.000000000000000000,0.000000000000000000,0.000000000000000000,both,True
20,H4BYHwhakdvZXwC4JUJuZ4VWGNp79T2A67W2fcvotHwX,0.000000,0.000000000000000000,0.000000000000000000,0.000000000000000000,both,True
20,H8K2p2XfmRxDnbbje22XWdVLrL4HhhP9R7W2eWHopump,0.000000,0.000000000000000000,0.000000000000000000,0.000000000000000000,both,True
20,H8mMRioy3UmrRpYsgtKoy7wH1e32z1Nd4jPPTMqpJNXG,0.00000,0.000000000000000000,0.000000000000000000,0.000000000000000000,both,True
20,H9dRmgcRtJPL2TdMx8r1maSJJzAgGK93XEgNgg9ipump,0.000000,0.000000000000000000,0.000000000000000000,0.000000000000000000,both,True
20,HDHN1ZMNmrQS8dutc157Vh19YZ3zVtJgMjC1Pgy4pump,0.000000,0.000000000000000000,0.000000000000000000,0.000000000000000000,both,True
20,HY163YRNJoUwPB17nGfaUKP9YcAFJabhHq72NWi5pump,0.000000,0.000000000000000000,0.000000000000000000,0.000000000000000000,both,True
20,HoR6jELQNaEGaAFHzohYbgUugbkcSq24ewb7RLebpump,0.000000,0.000000000000000000,0.000000000000000000,0.000000000000000000,both,True
20,JDcQK5PcrDcmhoRubAvWfCJJXCnzmj9R3XYhxVL7pump,0.000000,0.000000000000000000,0.000000000000000000,0.000000000000000000,both,True
20,JDuVytjnCUa5mDp8C1rYMv3QwrUrnZHM3cYmZvWtpump,0.000000,0.000000000000000000,0.000000000000000000,0.000000000000000000,both,True
20,TETRkfgFKkbuibu8DbNVyFWJNBV7Ca8YkFsjt5JG1Bh,0.000000,0.000000000000000000,0.000000000000000000,0.000000000000000000,both,True
20,USD1ttGY1N17NEEHLmELoaybftRBUSErhqYiQzvEmuB,0,0.000000000000000000,0.000000000000000000,0.000000000000000000,both,True
20,kGoz7BkKYncSi746uSRypcqz2racvNjhZNEU2Tkpump,0.00000,0.000000000000000000,0.000000000000000000,0.000000000000000000,both,True
20,qMZBgNdqro4bPnRwAK2N6zMt1mQs1E3ceEbC1u1pump,0.000000,0.000000000000000000,0.000000000000000000,0.000000000000000000,both,True
20,sKfrsgtbcrofuFJjPMhwcomcAS2RXX7cWoHRKJppump,0.000000,0.000000000000000000,0.000000000000000000,0.000000000000000000,both,True
20,vWo51P1qX5QuoVdjmVpkx9VaJhmx95Hr1kMFdu1pump,0.000000,0.000000000000000000,0.000000000000000000,0.000000000000000000,both,True
20,w1PwmmXmFxmENa1u5Kci5VaPFa49pmy5DGi16A3pump,0.000000,0.000000000000000000,0.000000000000000000,0.000000000000000000,both,True
20,wa2zbE9EFHYaeMzD7nPNdWqjAtJ25r88eND3pCgpump,-104750.6146,-104750.614600000000000000,104750.614600000000000000,0.000000000000000000,both,True
21,7PSEYqFd35hAndx4fbzL9n2EpmiXwyTNaw7r61rupump,-6348.093361,-6348.093361000000000000,6348.093361000000000000,0.000000000000000000,both,True
22,19bzpXc3mjRyzLYeF4gS2JznLZyVEnAQ8zGVLUrpump,0.000000,0.000000000000000000,0.000000000000000000,0.000000000000000000,both,True
22,22srMGQzPxwYv2kDgMzRkejmXYQnkP6pRtwuwuggpump,0.000000,0.000000000000000000,0.000000000000000000,0.000000000000000000,both,True
22,26VeuC4GDotbkfo4fcVhnUbzqqZVBmuyCYn4w6xQpump,0.000000,0.000000000000000000,0.000000000000000000,0.000000000000000000,both,True
22,2E4MBM3zQ3e7uRgrndYgJpjWqcJ8ReB4vuHURjwGpump,0.00000,0.000000000000000000,0.000000000000000000,0.000000000000000000,both,True
22,2NK1zUACYojPGdVESHwHT8shKHusNWxiMSAgMRcwpump,0.000000,0.000000000000000000,0.000000000000000000,0.000000000000000000,both,True
22,2SAwGWW71LiH3hPrTZ2SesuzmRyDYo2hcJNDPHGdpump,0.00000,0.000000000000000000,0.000000000000000000,0.000000000000000000,both,True
22,2THbigBoy88uDrFubx2kt4Mp2Xe1qyRsbvsbE37uX9Jw,0.000000,0.000000000000000000,0.000000000000000000,0.000000000000000000,both,True
22,2TbA8rPnVy6UWiVUTTiy4AgH9AhpDL1VfsLcwD5npump,0.000000,0.000000000000000000,0.000000000000000000,0.000000000000000000,both,True
22,2extVte5P3HSffZwLDSEyq2rDvBjiFHCGyKMYjCnpump,0,0.000000000000000000,0.000000000000000000,0.000000000000000000,both,True
22,31nzxEDSD6ZMyryJYxtNP2eCmErjoC2PKe1i6iUBpump,0,0.000000000000000000,0.000000000000000000,0.000000000000000000,both,True
22,32gZBsEP82aD93HiNj5fVv5oJoqhrnk7EgRJ3SSnpump,0.000000,0.000000000000000000,0.000000000000000000,0.000000000000000000,both,True
22,36rvb3qhon7vJchtBYzh4w6XUvRJyLkT8XzxonxWpump,0.000000,0.000000000000000000,0.000000000000000000,0.000000000000000000,both,True
22,3G8zFxHAnuWXiiC9MobE9EUUqV6m6MjL51YnN6tGpump,0,0.000000000000000000,0.000000000000000000,0.000000000000000000,both,True
22,3Rfggtzk69k14bMa1PSieaVnsvYjUQ2JsDehG9wjpump,-2560345.920114,-2560345.920114000000000000,2560345.920114000000000000,0.000000000000000000,both,True
22,3oL99tu2qnxka3HnxY8g1cXNpgBJ5ojoSWWFiDMopump,0.000000,0.000000000000000000,0.000000000000000000,0.000000000000000000,both,True
22,3rZcNpM2Viub5G7kyX6ssQzaBeGoy7KUk2pYqhcqYKpZ,0.00000,0.000000000000000000,0.000000000000000000,0.000000000000000000,both,True
22,41PJ2haghUmK2upXnSKqazRowNjZ4WVso9qidXkLpump,0.000000,0.000000000000000000,0.000000000000000000,0.000000000000000000,both,True
22,45n7rv2CV3HrGbKfQzBWogWVfrDP3XaV6JktCLa7pump,0.000000,0.000000000000000000,0.000000000000000000,0.000000000000000000,both,True
22,4EL7nmuUrAJJmV6pKUWskYQTH3hsmdJQnUCP238Vpump,0.000000,0.000000000000000000,0.000000000000000000,0.000000000000000000,both,True
22,4UdPeZD7iEt3ccUoiwgTHbkh5Ymbqkxzjk4Gxkttpump,0.000000,0.000000000000000000,0.000000000000000000,0.000000000000000000,both,True
22,4c5LK64544TyniKzErqsEfGzfC7P5ygY9x3JqDKEpump,0.000000,0.000000000000000000,0.000000000000000000,0.000000000000000000,both,True
22,4ftDjzqLxG49ChraM9YfxKKY6xdqsR7WJgqZBKwhpump,0.000000,0.000000000000000000,0.000000000000000000,0.000000000000000000,both,True
22,4jRRgDttsW8BpmciNkTcXyiaykLfBDrN86JLmyDLpump,0,0.000000000000000000,0.000000000000000000,0.000000000000000000,both,True
22,4t7qooQxXRrKutJKwUpkhCFWCjsLH6KENGpShaZxpump,0.000000,0.000000000000000000,0.000000000000000000,0.000000000000000000,both,True
22,51jx1GKdtSKhwAqweSjxoyygYLbKmNwSKJcmUNrNpump,0.000000,0.000000000000000000,0.000000000000000000,0.000000000000000000,both,True
22,5RD2T1SCSfKM5BDW56MkLYG5nKwQHwdmnBWKs8P4pump,0.000000,0.000000000000000000,0.000000000000000000,0.000000000000000000,both,True
22,5RsuGpJBrX9Rrd2gq94iWkLTaUaWHxLh1KhJiX6Hpump,0.000000,0.000000000000000000,0.000000000000000000,0.000000000000000000,both,True
22,5Sgx4R6W2e7ZH2toZ2J5x9zYmEAsrZg4ay4Bk7Jtpump,0.000000,0.000000000000000000,0.000000000000000000,0.000000000000000000,both,True
22,5XyFn7XURFenwZ5UVRqrUgpkodKfhGGzvQaHrAefpump,0.000000,0.000000000000000000,0.000000000000000000,0.000000000000000000,both,True
22,5ezkMVpAJ1DGLPB9EieB1mxZAVjiaHoLUwKaDJeVpump,0.000000,0.000000000000000000,0.000000000000000000,0.000000000000000000,both,True
22,5nAAFAWPAH5w5UMBfQof5WfzNLzq29KoDtrbTE5Jwb4y,10324279.212308,10324279.212308000000000000,0.000000000000000000,10324279.212308000000000000,both,True
22,5qmkqhoj5sEsXaK4rgiHuFNu2T3nmAAvYicyF3wMpump,0.000000,0.000000000000000000,0.000000000000000000,0.000000000000000000,both,True
22,5v8mwouUyFbeB3A1fhXWMjZNNarsZpQtKuN8F7sppump,0,0.000000000000000000,0.000000000000000000,0.000000000000000000,both,True
22,5vfR1t3iyX1SkiSJesM9uRdtvc49A3a9DENu738Epump,0.000000,0.000000000000000000,0.000000000000000000,0.000000000000000000,both,True
22,5zmMpN8S8VNNi6XqcSH2QovtNFNFWNguYiQbFzJGpump,0.000000,0.000000000000000000,0.000000000000000000,0.000000000000000000,both,True
22,6DEvB7wEj1iR4mMe4Yji7n1L7hiz9BCd4tBWiLVvpump,0,0.000000000000000000,0.000000000000000000,0.000000000000000000,both,True
22,6GkxGrzysZ6aXMiaR1MJWNaesfoy82ox1Fz2fickpump,13879010.614037,13879010.614037000000000000,0.000000000000000000,13879010.614037000000000000,both,True
22,6J5cAGMzK1Y664QpqpK3Bp8HtRchTzJA4LUcUmiyiRWC,0.000000,0.000000000000000000,0.000000000000000000,0.000000000000000000,both,True
22,6JGdENrmJuV4VWjkjkYdogdT8TYCV7StBjLPBxJvDLvx,0.000000,0.000000000000000000,0.000000000000000000,0.000000000000000000,both,True
22,6K7A966NJpF9AvY9nqt3WGbbKVAmfDotntyjmd2vpump,0.000000,0.000000000000000000,0.000000000000000000,0.000000000000000000,both,True
22,6TPQEMKviAYz3h7gWwtTZJSACMtF2tbofNnPwSyLpump,0.000000,0.000000000000000000,0.000000000000000000,0.000000000000000000,both,True
22,6VkSSgXoz5mfH7k8gYQkvQPoQH5aWj7HFMVtyzacpump,0.000000,0.000000000000000000,0.000000000000000000,0.000000000000000000,both,True
22,6X4TYLdWwmRaxUHkY69yXnsQw649DfJsMR3gQZWNpump,0.000000,0.000000000000000000,0.000000000000000000,0.000000000000000000,both,True
22,6Z1T4QwGzkyqFLkd4Xqt2Xx4iSLSfjxBtrnK2SzDpump,0.000000,0.000000000000000000,0.000000000000000000,0.000000000000000000,both,True
22,6Zjkmpm5yhQ1EsVGij96BZ7ySMdBN7ompJ1F2KH6pump,0.000000,0.000000000000000000,0.000000000000000000,0.000000000000000000,both,True
22,6a2NQoBCqzydMt13MixTRd93p3nbpLET1mUDJrPjpump,0.000000,0.000000000000000000,0.000000000000000000,0.000000000000000000,both,True
22,6bbXSPAq38WbGz4VPfEUi9EeogQDwqSMZBayn7W9pump,0.000000,0.000000000000000000,0.000000000000000000,0.000000000000000000,both,True
22,6dvMip6ppKYchP4DCV5pZ5co16q64CRbw2mN765bpump,0.000000,0.000000000000000000,0.000000000000000000,0.000000000000000000,both,True
22,6i4rkBdz8hqct4bdn4Sy8XSAtLceGSnSsCUbsjbupump,0.000000,0.000000000000000000,0.000000000000000000,0.000000000000000000,both,True
22,6o96Fw3cmaJPGBan5rhFhQdzhuTy87tFZzJu5Qyfpump,0.000000,0.000000000000000000,0.000000000000000000,0.000000000000000000,both,True
22,72yWLCSRPf1VyGpUy2DgcKow4u2go6AWcyQZuB8Wpump,0.000000,0.000000000000000000,0.000000000000000000,0.000000000000000000,both,True
22,79p16tKEN7j24cH3Bkf9uBBDPpQreuYDxGZfG18Qpump,0.000000,0.000000000000000000,0.000000000000000000,0.000000000000000000,both,True
22,7D86jL6ttQd8Rd4nLfgVXKDuEMtEYVqmbWFvtj4M5o8J,0.00000,0.000000000000000000,0.000000000000000000,0.000000000000000000,both,True
22,7EvFtRPLReCQg6AuFD9Dx3WjwG9UtDjtRMmgJyicpump,0.000000,0.000000000000000000,0.000000000000000000,0.000000000000000000,both,True
22,7XHEHM1DEgSSme84QDvHSMND3TnKczEinoa9h2F5pump,3731388.367117,3731388.367117000000000000,0.000000000000000000,3731388.367117000000000000,both,True
22,7esrjyaEC5N1pRZ6DumxQ1GCXJwyGJQUrEm7BBKHpump,0,0.000000000000000000,0.000000000000000000,0.000000000000000000,both,True
22,7fFFVRx4zFD8t27inWfTSyTUrdcrPgDcWJ4Whvo3pump,0.000000,0.000000000000000000,0.000000000000000000,0.000000000000000000,both,True
22,7oRrQkMjJPNDafQN4WvfRZBWNfu9LAjdAiyxZfFFpump,0.000000,0.000000000000000000,0.000000000000000000,0.000000000000000000,both,True
22,7smor16q8K3GmzLyixWfoPuSLwWQSRASUV5A8bu3pump,0.000000,0.000000000000000000,0.000000000000000000,0.000000000000000000,both,True
22,81cJxn2qXgn17ZXPWFcrVc5QG65mo67E3QGT36xbpump,0.000000,0.000000000000000000,0.000000000000000000,0.000000000000000000,both,True
22,86gbmr4wEyGjvRzY4tAYHmEyv1AvjPYCxyrGG4djpump,0.000000,0.000000000000000000,0.000000000000000000,0.000000000000000000,both,True
22,8RRojEU8nGWoCh5N11LLK2GJBNRUzPoH4rUz8ibCpump,0,0.000000000000000000,0.000000000000000000,0.000000000000000000,both,True
22,8owrAoASbt4YxC8kjV9t1GeeSuyaJNqYR6ST7K36pump,0.000000,0.000000000000000000,0.000000000000000000,0.000000000000000000,both,True
22,8q4gUHXuZrxpP1EnkcNR5mYKu4JJcqrh78qYVBCipump,0.000000,0.000000000000000000,0.000000000000000000,0.000000000000000000,both,True
22,934ywxzXizz82SwVttZ22ifcYVJ7s9NuGBDMu3Jjpump,0.000000,0.000000000000000000,0.000000000000000000,0.000000000000000000,both,True
22,94PzZJMXELsxYPZ9GsQeTE4nF6vKNve84FCY7ic4pump,0.000000,0.000000000000000000,0.000000000000000000,0.000000000000000000,both,True
22,9M9FKSWdCVFN8GVTqhZ89hBxwoAKd8xxBezP6P1Ypump,0.000000,0.000000000000000000,0.000000000000000000,0.000000000000000000,both,True
22,9Tm6XuQUjpCD4SaKWKJVV91NcycvAq8TdEEBF92vpump,0.000000,0.000000000000000000,0.000000000000000000,0.000000000000000000,both,True
22,9cEVQL4eTyLvqjoRo4pYUhwJZ6ampRsSxdixCdd6pump,0.00000,0.000000000000000000,0.000000000000000000,0.000000000000000000,both,True
22,9tcb8WA9Fq9hUhdWhk2gcJjCiKB85N7AstbXCzCCpump,0.000000,0.000000000000000000,0.000000000000000000,0.000000000000000000,both,True
22,AKQsb5XKL7RohnLGWjRui5ArUYVSZWJ5VwDSa2EEpump,0.000000,0.000000000000000000,0.000000000000000000,0.000000000000000000,both,True
22,AQ37Epit6TRabS2fwT8DDtWz9ppFSK8RgKGTxHzLYN8Z,0.000000,0.000000000000000000,0.000000000000000000,0.000000000000000000,both,True
22,AVGf7SEbUi4SHjkWsZkME5xX4UCkztRYw26NdjaH9hnn,0.000000,0.000000000000000000,0.000000000000000000,0.000000000000000000,both,True
22,AXCeFjrSnwXVzGjPewp3kzuEnGHYhvx1x53kkbh9pump,0,0.000000000000000000,0.000000000000000000,0.000000000000000000,both,True
22,AXmpQxE5JUXbW7eA9DnLViyFnQMXNycUuChswJyGpump,0.000000,0.000000000000000000,0.000000000000000000,0.000000000000000000,both,True
22,AaJ8TeBife3m1VzLmeuSFFKLmnRkdS26fza9rKaSpump,0.000000,0.000000000000000000,0.000000000000000000,0.000000000000000000,both,True
22,AeqsYNmzS5qudPe6dNP4sUS9Pu3cPhKfbwoKfF1ppump,0.000000,0.000000000000000000,0.000000000000000000,0.000000000000000000,both,True
22,AiqSVmeXUPc5qLpQbYtMkaY6KDe8LBVaEyc2pCEfDNMY,0.000000,0.000000000000000000,0.000000000000000000,0.000000000000000000,both,True
22,BTEdeukv9CZH6Bx5ncYJ1CnK2p6J5jBkhDR4Tf9pump,-6828972.373752,-6828972.373752000000000000,6828972.373752000000000000,0.000000000000000000,both,True
22,BWvirFeEEgeG7wJv6zhJX37Y8yqZHJFW8YaeNSKopump,0.00000,0.000000000000000000,0.000000000000000000,0.000000000000000000,both,True
22,BeHe66NGnQ32iXxMruEuqMpaVzsQe6jakjMN5nCVpump,0.000000,0.000000000000000000,0.000000000000000000,0.000000000000000000,both,True
22,BgJb11D5NG9h8hTxDxxSnFZ3xMns5XeC1trY4kBSpump,0.000000,0.000000000000000000,0.000000000000000000,0.000000000000000000,both,True
22,BkgoRXBQRWUCtH7JkwrXi6ouvGtimbsgrYVZVidAdDpL,0.000000,0.000000000000000000,0.000000000000000000,0.000000000000000000,both,True
22,Bo6kT4SyMSPXNLwyEoWXgdWmb1aWKHbpaEU9TuYgpump,0.000000,0.000000000000000000,0.000000000000000000,0.000000000000000000,both,True
22,BoPsRaBgRtAHDAydEdKndvnFFo1L1KCFuuqNGPnSpump,0.000000,0.000000000000000000,0.000000000000000000,0.000000000000000000,both,True
22,BxVHLVaDaFAVtuuEsqUr5s12R4Nn5KxM8XB2uk4Fpump,0.000000,0.000000000000000000,0.000000000000000000,0.000000000000000000,both,True
22,ByQSFYTqqL2Fhcu2t2SA2T5haJr6UTM9wqsaRMNMpump,0.00000,0.000000000000000000,0.000000000000000000,0.000000000000000000,both,True
22,C2GQizXEisVibGT8HR5VGXdeaz2qo2RxiC7DKoRepump,0.000000,0.000000000000000000,0.000000000000000000,0.000000000000000000,both,True
22,C5Y7rtcR4TTCAnzgDMiZRiBP96hdHXCv9DB2Gonypump,0.000000,0.000000000000000000,0.000000000000000000,0.000000000000000000,both,True
22,CDPBzztS5hjxCLPXkpkdGbxaJU9KayEegeFRcgcTpump,0.000000,0.000000000000000000,0.000000000000000000,0.000000000000000000,both,True
22,CFRA1qetepm5ahwSVeaShNSRYRzmzRoa8iaCfiigpump,0.000000,0.000000000000000000,0.000000000000000000,0.000000000000000000,both,True
22,CQRrccjortnZom3JwzFHVcMBcZScTphwmVbyoxQ9pump,0.000000,0.000000000000000000,0.000000000000000000,0.000000000000000000,both,True
22,CSo6otzXzQ3AbsjiRmUm2xcNbhiyTEZYe7YKBf3Ypump,0.00000,0.000000000000000000,0.000000000000000000,0.000000000000000000,both,True
22,CWse1LvcLgCTPSFN8UfJZLo8yFBp7hjN48UtZYXrpump,0.000000,0.000000000000000000,0.000000000000000000,0.000000000000000000,both,True
22,CXPhfaAj8e1xoaurW4uKH4n6ddY6TFcdxPmsJqXnpump,0.000000,0.000000000000000000,0.000000000000000000,0.000000000000000000,both,True
22,Ccqfi93tCcidcwweF3xgdSYLDH79wq85s65kPdV3pump,0.000000,0.000000000000000000,0.000000000000000000,0.000000000000000000,both,True
22,CeVKtv6XtESx1K6woNFj6Jb5tL3fB1kjsAY7QLzQTWCP,0.000000,0.000000000000000000,0.000000000000000000,0.000000000000000000,both,True
22,CeYDoTwBmHkAxoEGj7ViJJ4aPCa24yx7byKoJ4eupump,0.000000,0.000000000000000000,0.000000000000000000,0.000000000000000000,both,True
22,CfjapkZZkE3vyeFtGdHxG9zie336NxAHGBfMnTrSpump,0.000000,0.000000000000000000,0.000000000000000000,0.000000000000000000,both,True
22,CgHE4SAtNuzbCpQmkPzwYZ7cBMQLK7R4J2gVSVrDpump,0,0.000000000000000000,0.000000000000000000,0.000000000000000000,both,True
22,CshKwyvQKLWdwSNiyemF5dF7sftMxm7dGn3fLdfFpump,0.000000,0.000000000000000000,0.000000000000000000,0.000000000000000000,both,True
22,CySx2YUZrXsxhzAwR96d47G9aupWjjsMhLNjwSJcpump,0.000000,0.000000000000000000,0.000000000000000000,0.000000000000000000,both,True
22,D7tPMVZTNPcuDsops55Wf6gJXcRpcfDTcTpsgUBYpump,0.000000,0.000000000000000000,0.000000000000000000,0.000000000000000000,both,True
22,DThksS4X1V6PVtawVub4G9zLMi3Fh1MgPuDGoqM8pump,0.000000,0.000000000000000000,0.000000000000000000,0.000000000000000000,both,True
22,DVSHrizCpD2thBW1Nrtieo4p3SERgmGZqWpZvtkPpump,0.000000,0.000000000000000000,0.000000000000000000,0.000000000000000000,both,True
22,DYrWewaqjmiMpnTh8SGzfo9NkiTzFckTTmnRMDQypump,0,0.000000000000000000,0.000000000000000000,0.000000000000000000,both,True
22,DcJGGJooE5naoGrxZ3ajGwuR5gTqAUmWzzDR9qqepump,0.000000,0.000000000000000000,0.000000000000000000,0.000000000000000000,both,True
22,Dr14gE2DaA8gCh46kQejKEzg3kEeLYxvfxXfSb1Apump,0.000000,0.000000000000000000,0.000000000000000000,0.000000000000000000,both,True
22,DxaKAWcGQUxEJEweKqUhAE1YDotCjckhZMr2jcERpump,0.000000,0.000000000000000000,0.000000000000000000,0.000000000000000000,both,True
22,E2oecxpiXHyoYYs6hsFt1D2MaZ9VMs8AzHV9HKrzpump,0.000000,0.000000000000000000,0.000000000000000000,0.000000000000000000,both,True
22,Eb3ExVkmnNayuUm8r9BStHqo1UwaEW7fRhJDn9MFpump,0,0.000000000000000000,0.000000000000000000,0.000000000000000000,both,True
22,EfgPzuBVLtxoBjAG2jgXkekGA8UE2KW8v3TjryY1pump,0,0.000000000000000000,0.000000000000000000,0.000000000000000000,both,True
22,Ej2RZTCTL979dziuW7W6hmxsQwZDXQbduHG8H97Vpump,0.000000,0.000000000000000000,0.000000000000000000,0.000000000000000000,both,True
22,F5Doq5oupDZQv6tz7QyTD2ug8cCPsNNTUuTuSkKdpump,0,0.000000000000000000,0.000000000000000000,0.000000000000000000,both,True
22,F5VZrHKG5bMg8NasnwcPeMpmYuFAayaJmEGwzNTZpump,0.000000,0.000000000000000000,0.000000000000000000,0.000000000000000000,both,True
22,FCyxzUW9uBjcMNuXwa1Lfam7apxkBBR4mFtomF2Qpump,0.000000,0.000000000000000000,0.000000000000000000,0.000000000000000000,both,True
22,FGrZohCshCczT4TywDzhuawSZ83sYkh17hoqahjXpump,0.000000,0.000000000000000000,0.000000000000000000,0.000000000000000000,both,True
22,FQXHLPpBZSwhEZoTfEoYZ3EDzZEeqyUoDraYNP3Xpump,0.000000,0.000000000000000000,0.000000000000000000,0.000000000000000000,both,True
22,FUBgF1fCqjRknxRKuy7GaEuv8XHCVKBuHmXNG3Bspump,0.000000,0.000000000000000000,0.000000000000000000,0.000000000000000000,both,True
22,FdfnFzFzCArFBVW9wqPd5sesdrK7uXTzQkw4vRwDpump,0.000000,0.000000000000000000,0.000000000000000000,0.000000000000000000,both,True
22,FgREDDjGKDEb2YG2RoqaYaWLrSR9g2zfFXQqG38apump,0.000000,0.000000000000000000,0.000000000000000000,0.000000000000000000,both,True
22,FjWeJFuuVPZYbsUPXyAwdc64CzNsJaMbk1VdQvZpump,0.000000,0.000000000000000000,0.000000000000000000,0.000000000000000000,both,True
22,FmjFCPF7SeUgfkMej6n1NrLyoWT35enLvz9StE4spump,0.000000,0.000000000000000000,0.000000000000000000,0.000000000000000000,both,True
22,FoygxJyRSJiExgRWW9owFRVJjru9sjhScANWkyEgpump,0.000000,0.000000000000000000,0.000000000000000000,0.000000000000000000,both,True
22,FprBC5RHZ9yf6Xq8mqtXMdArBkBhAq724BNmNY9Kpump,0.000000,0.000000000000000000,0.000000000000000000,0.000000000000000000,both,True
22,G3suP4ioz6LayUUGYAYeQNhLuXw8fbv1NshGVYxEpump,0.000000,0.000000000000000000,0.000000000000000000,0.000000000000000000,both,True
22,G5KNk6CvpRBbpG3WCcAtTZBzmxmLodiTtjL7po84pump,0.000000,0.000000000000000000,0.000000000000000000,0.000000000000000000,both,True
22,GdXm5R29zuUfJn6p2pqpTZra9GmCc6PKB4VKF2Zbpump,0,0.000000000000000000,0.000000000000000000,0.000000000000000000,both,True
22,Gmkb13vhcKSUERaA3Jxp3NYBPgXcNXtjCj6MK6jSuqkn,0.000000,0.000000000000000000,0.000000000000000000,0.000000000000000000,both,True
22,Gw9JqUE8RzFpGDckxuyrdp26LX5qpi1qKveC5Co2pump,0.000000,0.000000000000000000,0.000000000000000000,0.000000000000000000,both,True
22,H3tUiinRLVGqU6sFe5oNQso1985UYnVut4GKjucEpump,0.000000,0.000000000000000000,0.000000000000000000,0.000000000000000000,both,True
22,H4BYHwhakdvZXwC4JUJuZ4VWGNp79T2A67W2fcvotHwX,0.000000,0.000000000000000000,0.000000000000000000,0.000000000000000000,both,True
22,H8K2p2XfmRxDnbbje22XWdVLrL4HhhP9R7W2eWHopump,0.000000,0.000000000000000000,0.000000000000000000,0.000000000000000000,both,True
22,H9kLnaBsU76zzjo7YKjYS5pZHsHjHiF2oBnYmCDaFSTR,0.000000,0.000000000000000000,0.000000000000000000,0.000000000000000000,both,True
22,HENbwYB9roXganed9MFXm9kQ9YnhMb1cTHxeg44gpump,0.000000,0.000000000000000000,0.000000000000000000,0.000000000000000000,both,True
22,HM4kWYi3bfcm1ntoYRd9H5VSXW7pXjoTf79nVbVmpump,0.000000,0.000000000000000000,0.000000000000000000,0.000000000000000000,both,True
22,HeoE9UUvPJ8ZySMbXS5okAymjyKqGnnMN5exFe1mpump,0,0.000000000000000000,0.000000000000000000,0.000000000000000000,both,True
22,HmmV6MbfUt1FTSSmVj4Sx1gHiJnYkgCsmbxg1kjypump,2379673.308203,2379673.308203000000000000,0.000000000000000000,2379673.308203000000000000,both,True
22,HuiWtuuz3F7jTUZqzANkgonAHeSD53BgE51ZTCzXpump,0.000000,0.000000000000000000,0.000000000000000000,0.000000000000000000,both,True
22,HxP7JrxQaBriaGTJ6PRWRnNfwEt7vzFmh5XmQY8Qpump,0.000000,0.000000000000000000,0.000000000000000000,0.000000000000000000,both,True
22,J4x1EMmQjF6WEzXq2tUtzY89x5aMhYz5CzfevcJEpump,0.000000,0.000000000000000000,0.000000000000000000,0.000000000000000000,both,True
22,J8cXU1EFi1SCTJ9XYpBnjqQ7nVLETNLFaRaHCP3RLiFE,0.000000,0.000000000000000000,0.000000000000000000,0.000000000000000000,both,True
22,JDcQK5PcrDcmhoRubAvWfCJJXCnzmj9R3XYhxVL7pump,0,0.000000000000000000,0.000000000000000000,0.000000000000000000,both,True
22,P1aUxpeDEzeRKvrzjDo7Yq13rKTWt3s1fnTExm9pump,0.00000,0.000000000000000000,0.000000000000000000,0.000000000000000000,both,True
22,TWmjnKx1hchF97zZFVwapESYjxSD4whdAddN5Hbpump,0.000000,0.000000000000000000,0.000000000000000000,0.000000000000000000,both,True
22,dFybjfpAbTxjen9Ux2Q2dQSFTmrbcVRzYsGoiV5pump,-2153756.670377,-2153756.670377000000000000,2153756.670377000000000000,0.000000000000000000,both,True
22,dHEDFCZr12N68dPQfPuF2F1cxSRBakUgDggeRqnpump,0,0.000000000000000000,0.000000000000000000,0.000000000000000000,both,True
22,qMZBgNdqro4bPnRwAK2N6zMt1mQs1E3ceEbC1u1pump,0.000000,0.000000000000000000,0.000000000000000000,0.000000000000000000,both,True
22,vPqxCA5pPv1nnWCPBJBLnBDTTthiV8dCD1YPx6Wpump,0.000000,0.000000000000000000,0.000000000000000000,0.000000000000000000,both,True
23,7CxEWR2oDLiReTRZtqQzwZDk4LKsbKmQ7jGCDqghpdoZ,-2836403.401205,-2836403.401205000000000000,2836403.401205000000000000,0.000000000000000000,both,True
23,AUezMGf7ZybLutNTdRY9yQbHJuGDSC1T51dxgvRNSwEs,15652970.751727,15652970.751727000000000000,0.000000000000000000,15652970.751727000000000000,both,True
23,EdpN5jArYC9Ld8nAcdEmpbJNfsT7xS2K2joacDZoc8ZL,-26448969.000552,-26448969.000552000000000000,26448969.000552000000000000,0.000000000000000000,both,True
23,FQv5p2kPzL5PNkKvAskjhF9Wvmz21Rx9zHUDRVkXex2T,22403929.331690,22403929.331690000000000000,0.000000000000000000,22403929.331690000000000000,both,True
24,64KDsv2r2ZEz3LZoNZrYJPqGAfcPvkG33QccQiH6MUEN,0.000000,0.000000000000000000,0.000000000000000000,0.000000000000000000,both,True
24,91YqRXY1eLJ4Z6dFKq6xM4HwwfLpCqiF26DF2Dm9RNXZ,0.000000,0.000000000000000000,0.000000000000000000,0.000000000000000000,both,True
24,9DXpVWWiijgPwMmrYnvuZEb92zVbVPvPARfuCMULPJef,0.000000,0.000000000000000000,0.000000000000000000,0.000000000000000000,both,True
24,CuuezR8f9jR1ejy9surMMmdoJwjL5iyGexYuh4yunFn3,14514812.653603,14514812.653603000000000000,0.000000000000000000,14514812.653603000000000000,both,True
24,Ee1CJ3QLzMbVMbYCzcUaMuPnhU4BqcSKSCjfgz7FFXhp,0.000000,0.000000000000000000,0.000000000000000000,0.000000000000000000,both,True
24,HrqMizuPv7moXzhBDsV4AL4GKi886iWHDDouXDjGAbBV,0.000000,0.000000000000000000,0.000000000000000000,0.000000000000000000,both,True
24,HzhDa4z5b9VxS9oLNbz715xqTt8xsYFoavVuVMTWJFpQ,0.000000,0.000000000000000000,0.000000000000000000,0.000000000000000000,both,True
25,36XvqyBtUUv6azcB7qaQcx99Kwt8ZSstxKPwZHx9pump,0.000000,0.000000000000000000,0.000000000000000000,0.000000000000000000,both,True
25,3oL99tu2qnxka3HnxY8g1cXNpgBJ5ojoSWWFiDMopump,0.000000,0.000000000000000000,0.000000000000000000,0.000000000000000000,both,True
25,5CeGxtVjRy2ywyaw5iPLHh1qk5EZoMhuKirmKyXXpump,3169866.9934,3169866.993400000000000000,0.000000000000000000,3169866.993400000000000000,both,True
25,DRF8cCfkHLVPnC3H8TwWMGJ7Rv1jQZPjoYXRHeKypump,0.000000,0.000000000000000000,0.000000000000000000,0.000000000000000000,both,True
26,2dZpdigEycD5mFrPQeiWEE2iSDJzjEjd2KrQMrazqdBr,285979.156306,285979.156306000000000000,0.000000000000000000,285979.156306000000000000,both,True
26,3EGFj7bmuCAq2mZoSWWa1d67KQ5SjT3oJwQfUpKeYgjf,434511.470051,434511.470051000000000000,0.000000000000000000,434511.470051000000000000,both,True
26,3dfWaFx6xEGUdZMt86s8b94HfuskE1nJLLK7tyiz9spQ,118770.978239,118770.978239000000000000,0.000000000000000000,118770.978239000000000000,both,True
26,3jpWSrkaMJacRnfD5iL96ih1KMVtStgz1MuKSs3m3nFg,0.000000,0.000000000000000000,0.000000000000000000,0.000000000000000000,both,True
26,3kdU28doXopLQ564gyS2CYgDm3pKnjMZ9JQJQsJ69UR5,270812.325550,270812.325550000000000000,0.000000000000000000,270812.325550000000000000,both,True
26,5SpK3q7PKcszHPQnZe6RKeXvqF5NLb8ZuYE7jPLtXs9C,888176.152333,888176.152333000000000000,0.000000000000000000,888176.152333000000000000,both,True
26,5aUzCKNeB5yvhvVsK9LaSM2sj92sGn5BC6tWhkZRzJ44,163015.119593,163015.119593000000000000,0.000000000000000000,163015.119593000000000000,both,True
26,7gkxTg8yyJkhePbNDUCZB2h6wHqLak98qVqfG5thZnbr,0.000000,0.000000000000000000,0.000000000000000000,0.000000000000000000,both,True
26,7hut1DKZJNxeEt3JS9TNmxo7sFNxX9j4GNs3SpepFjXU,0.000000,0.000000000000000000,0.000000000000000000,0.000000000000000000,both,True
26,8QVHJx3LmdqipuXCmwNsQyXQgxjGzSWwnfZLmRWB2HJ6,339303.500223,339303.500223000000000000,0.000000000000000000,339303.500223000000000000,both,True
26,9fSitb3D6JF28ctKHuNTkhXCWokoNjbx4gZ4cn3U9Bvs,0.000000,0.000000000000000000,0.000000000000000000,0.000000000000000000,both,True
26,9npPhoCxoBdzwe4awbd89K2SyRarQLek6CysDPhPAWk3,1156423.344411,1156423.344411000000000000,0.000000000000000000,1156423.344411000000000000,both,True
26,9pNqBDzPrkZAgL7ph6LiNqcSWdBKV2Y4Ai6aBCppP1Uj,70895.878355,70895.878355000000000000,0.000000000000000000,70895.878355000000000000,both,True
26,Ax3unq7jVAndEwAaUEqy5NcxE9MTDMpPxnJJNZSBPjva,434232.635061,434232.635061000000000000,0.000000000000000000,434232.635061000000000000,both,True
26,BBQV2tWXDdVMnRJbUCcjAVCA4TNoCGwWtkrmH5BSVZws,0.000000,0.000000000000000000,0.000000000000000000,0.000000000000000000,both,True
26,CSdAfcRuarVrbUZ4frJWX1p28TsAi4CoorxG5eTwQsPx,505396.516875,505396.516875000000000000,0.000000000000000000,505396.516875000000000000,both,True
26,CxK8jdqmht9xXHYh6829ZpE11CGEum3wtAZRGkpz7ctx,0.000000,0.000000000000000000,0.000000000000000000,0.000000000000000000,both,True
26,DCp82sCFqa9L2CxXUgpSYohcH9hLHZjLra8YsjbZDzWT,0.000000,0.000000000000000000,0.000000000000000000,0.000000000000000000,both,True
26,DwEKc9xVvFdmHsHh1jiYMZYNEK68Uih8V6m2CQTWVxmU,0.000000,0.000000000000000000,0.000000000000000000,0.000000000000000000,both,True
26,Ff92N982ycWUpJp8msFGvNF9X28FyFG98bKMJRzN1LXK,0.000000,0.000000000000000000,0.000000000000000000,0.000000000000000000,both,True
26,GMfbsUtxHNFFHoFsmhpBLyKyoN3NjPMZh8nJGpqJ2Nzi,610017.417471,610017.417471000000000000,0.000000000000000000,610017.417471000000000000,both,True
26,GPTHQQ4THeEGvuFK4dptXf7V62ykpFkc5kUiN6wWh97n,0.000000,0.000000000000000000,0.000000000000000000,0.000000000000000000,both,True
26,GSkgSBZKzwxva3ZXHWmZ58ruuDWfRb5dYKaXK8qUydC5,61579.548222,61579.548222000000000000,0.000000000000000000,61579.548222000000000000,both,True
26,LsvgyRQxGDiPEsA3gNDqDH3YVAyxFSVUS4EM7FRKbUr,0.000000,0.000000000000000000,0.000000000000000000,0.000000000000000000,both,True
27,21C9zW7u9aLF6X9swAMJ1aGzwNRA2rr7PzzQScM8pump,0.000000,0.000000000000000000,0.000000000000000000,0.000000000000000000,both,True
27,25DWrd7fpos6UiFnY1RQxzb4db5Nrupmf6e9uDfspump,0.000000,0.000000000000000000,0.000000000000000000,0.000000000000000000,both,True
27,2ERpK5ZgramfH7qsBUULuedG3ZQxHnRsfv6J9Kedpump,0.000000,0.000000000000000000,0.000000000000000000,0.000000000000000000,both,True
27,2ExbRwVmGQHXyNB8M8Z4CQU39TqZMGrVFbSQMSfnpump,0.000000,0.000000000000000000,0.000000000000000000,0.000000000000000000,both,True
27,2F1KDa2SwGgzgRtJwweX1t1EY764MnnvYD1tLA7Npump,0.000000,0.000000000000000000,0.000000000000000000,0.000000000000000000,both,True
27,2Gh7ZgHoWHiQwhTqNC4JgtG13iREpaNpjWvszsuvpump,0.000000,0.000000000000000000,0.000000000000000000,0.000000000000000000,both,True
27,2HXzDERdh4FB14hXaUARwAGNiN9ujaDxGup3rwfKpump,0,0.000000000000000000,0.000000000000000000,0.000000000000000000,both,True
27,2NYyjgqLd4TWoZvX7VjzBfdpUGQ5sAmDcwjiuZXTpump,0.000000,0.000000000000000000,0.000000000000000000,0.000000000000000000,both,True
27,2Tf8YDa55STK3sMiJaPN8TVKR4q6Lm2hLLzub7QHpump,0.000000,0.000000000000000000,0.000000000000000000,0.000000000000000000,both,True
27,2U8nyRRwGc4fH1Y3y39hEXG7Fhm5hcUQSG3mjqNUpump,0.000000,0.000000000000000000,0.000000000000000000,0.000000000000000000,both,True
27,2X1yZcJgQxyrKKuWNofE7Njm7BcPQ6iDqQpyjxy1pump,0.000000,0.000000000000000000,0.000000000000000000,0.000000000000000000,both,True
27,2dZ6CehHsm554XbG2XmwddVGSdDT1UviJeqFJ812pump,0.000000,0.000000000000000000,0.000000000000000000,0.000000000000000000,both,True
27,2ftNFZqpgL46SWuSEGSSZSQFWP6ziJb4qLTfSkYjpump,0,0.000000000000000000,0.000000000000000000,0.000000000000000000,both,True
27,2iW4EZqvUzmeD887U4wDET9EkerEqPdzGNmnfRjopump,0.000000,0.000000000000000000,0.000000000000000000,0.000000000000000000,both,True
27,2jEeJktq43fTsJdtZWUx2ZPaqMgiU3dxo6GfVfc9pump,0.000000,0.000000000000000000,0.000000000000000000,0.000000000000000000,both,True
27,2m3ZpkuAykjFXypQ5kDnysW297M9cDHJ2sEixbxJpump,0.000000,0.000000000000000000,0.000000000000000000,0.000000000000000000,both,True
27,2nmkZCgVCg641AsRorkBqwwAKdYYZbDwFk3PLrpRpump,1211499.017515,1211499.017515000000000000,0.000000000000000000,1211499.017515000000000000,both,True
27,2o8fjdBKjktmz4tiACUkb94jKxwJRn9aSyGAYV3mpump,0.000000,0.000000000000000000,0.000000000000000000,0.000000000000000000,both,True
27,2ozDefiAKVcCG3jV2RhjGcdtspF4bb83YmCAjm3Dpump,0.000000,0.000000000000000000,0.000000000000000000,0.000000000000000000,both,True
27,2stujH74ktPU5csxnXasUcf9Q8GwpWdfJdiGpgq4pump,0.000000,0.000000000000000000,0.000000000000000000,0.000000000000000000,both,True
27,2uhM8iGuWSmKcJkTieZtjoVEiYdvKvdPoNWtZcadpump,0.000000,0.000000000000000000,0.000000000000000000,0.000000000000000000,both,True
27,2xePHXFA5GzJ9LGzyK2sJWdkZG1L1bssMEKkGNJppump,0.000000,0.000000000000000000,0.000000000000000000,0.000000000000000000,both,True
27,2zjNNjEHmRzZ4rrXbB7nUmPDYbv519EQVgwTPTJnpump,0.000000,0.000000000000000000,0.000000000000000000,0.000000000000000000,both,True
27,337ZowWTxYeKXTtu9Y2Bom3xmonzrrz7jbJEivDgpump,0.000000,0.000000000000000000,0.000000000000000000,0.000000000000000000,both,True
27,39AJP2hCJ4G1KcwQLjk9CpSAtNwE8ix1tDRmNAtEpump,0.000000,0.000000000000000000,0.000000000000000000,0.000000000000000000,both,True
27,3FZM5hbh9bDMxQTfFHhWya5gkEnLcaTNcTucqrdTpump,0.000000,0.000000000000000000,0.000000000000000000,0.000000000000000000,both,True
27,3FiS6KtUjXSMZCWApZDoFVuXRHLhGT37JdM6QfXMpump,0.0000,0.000000000000000000,0.000000000000000000,0.000000000000000000,both,True
27,3J3tdHhV5eRADbWX7mcB6eoer1NqqwWxAbvM67i1pump,286965.796041,286965.796041000000000000,0.000000000000000000,286965.796041000000000000,both,True
27,3K1ggazy37cPJyqWyABc8uHSnHPTXHRt4KAoQxt7pump,0.000000,0.000000000000000000,0.000000000000000000,0.000000000000000000,both,True
27,3K1xKSJMvWyzAfp28q2knMvGQ9ZFqRx6fKwirmaypump,0.000000,0.000000000000000000,0.000000000000000000,0.000000000000000000,both,True
27,3MSba8QA7y1o9nfoWBYgRtaxS8SdKE7zh8HgPf4Cpump,0.000000,0.000000000000000000,0.000000000000000000,0.000000000000000000,both,True
27,3PFUNA1MyTaH3dRJ92HXkCPCZV2QL3isNszqo2xdpump,0.000000,0.000000000000000000,0.000000000000000000,0.000000000000000000,both,True
27,3PuUpnaQPcWgbsd6Hb7WgxWaB6ncuJnHQ8XcezR8pump,0.000000,0.000000000000000000,0.000000000000000000,0.000000000000000000,both,True
27,3Q3HNXTY2jRczTyDxH9fq9uGE8pAyiTvoUEFUgL6pump,0.000000,0.000000000000000000,0.000000000000000000,0.000000000000000000,both,True
27,3R5sdM9AWSu1EVVAW9UzQbmi6oknkaN9d3BkyitNpump,0.000000,0.000000000000000000,0.000000000000000000,0.000000000000000000,both,True
27,3afmMALgbtmVc2NWs3uVDEP6uKtF8xYw9H6wLhWSpump,0.000000,0.000000000000000000,0.000000000000000000,0.000000000000000000,both,True
27,3anTgvmZ7UEoWV3vSUdef9kd8zMh3kXgmRSWfhY1pump,0.000000,0.000000000000000000,0.000000000000000000,0.000000000000000000,both,True
27,3b9ceAoyDeHpvBYjyBDHvgoqsHoXgjDbv58e4VXMpump,0.000000,0.000000000000000000,0.000000000000000000,0.000000000000000000,both,True
27,3bGFRkn5zYhkSykcYSykx4cnePij2BUdeKaZdzXLpump,0.000000,0.000000000000000000,0.000000000000000000,0.000000000000000000,both,True
27,3cB2q2LmvSNyFNLm24EoVReAQm8udxUMJvBk6d4cpump,0.000000,0.000000000000000000,0.000000000000000000,0.000000000000000000,both,True
27,3dzrjYLFnCQa2wkSKVG46kVqZeZVLDzzWDdBLjSPpump,0.000000,0.000000000000000000,0.000000000000000000,0.000000000000000000,both,True
27,3eQu3rKgPoZ8tWhmY3q81DnepmUH3biBDNXaRqU9pump,0.00000,0.000000000000000000,0.000000000000000000,0.000000000000000000,both,True
27,3idoLDU6FfpMkYqM4xP5J93Q5KGTigjmsRuTv6iipump,0.000000,0.000000000000000000,0.000000000000000000,0.000000000000000000,both,True
27,3ijeZbYoJbVFvAtvAm4YETJzJjuDSCp7R5zvsQEPpump,0.000000,0.000000000000000000,0.000000000000000000,0.000000000000000000,both,True
27,3kubVpyCinnwhBtqUxzbfzfVKGnZrbPRUFEbp5Rgpump,0.000000,0.000000000000000000,0.000000000000000000,0.000000000000000000,both,True
27,3nUc8CZPbjeDaRs9HVuVDqGWSPSzoCRF3sUEoSXrpump,0,0.000000000000000000,0.000000000000000000,0.000000000000000000,both,True
27,3t4w3warvx2pf2s9uETQDZi924qvddy8gWW3hQoupump,0.000000,0.000000000000000000,0.000000000000000000,0.000000000000000000,both,True
27,3wBtcB9DEXU5WoUy2sCR726daogtMv7G26FciRZ3pump,0.000000,0.000000000000000000,0.000000000000000000,0.000000000000000000,both,True
27,3xLdYHXyQd5Tyk97uKRdga3UABNuyFDJoar57GvQpump,0.000000,0.000000000000000000,0.000000000000000000,0.000000000000000000,both,True
27,3z13j1gmKiXmmKFSGHhm2oMdguPZYGE5hSvYk2j5pump,0.000000,0.000000000000000000,0.000000000000000000,0.000000000000000000,both,True
27,42awXU2f6FUtENfzFbTUfecYwBS1gTKHMgRZuZp5pump,0.00000,0.000000000000000000,0.000000000000000000,0.000000000000000000,both,True
27,42m3cQfCmiZKpG4NtXmYqzBnLfL6WRU5Xk1RDaNWpump,0.000000,0.000000000000000000,0.000000000000000000,0.000000000000000000,both,True
27,44ogE5bD7MkVkGUndjDH64r8tZgS7n8XordQ17YQpump,0.000000,0.000000000000000000,0.000000000000000000,0.000000000000000000,both,True
27,4AP2T8AWuARC25h8a3CeAiNrEaYGNrH15oYjCQFgpump,0.000000,0.000000000000000000,0.000000000000000000,0.000000000000000000,both,True
27,4Boh6GHkAmN22hbsnPNsGKaFVucmSVDVAycdzfrspump,0.000000,0.000000000000000000,0.000000000000000000,0.000000000000000000,both,True
27,4E7NjbheRtbB9Fg787RPJiyxh7nVoSqogT8bJgU1pump,0.000000,0.000000000000000000,0.000000000000000000,0.000000000000000000,both,True
27,4H6gg7jAcggCRfiR8xoy7jcsCMe69XFmpTvDCakRpump,0.000000,0.000000000000000000,0.000000000000000000,0.000000000000000000,both,True
27,4JdHSuX4ki8Dy7J8nMFFaenJwzR8PtmUE7uVzdDhpump,0.000000,0.000000000000000000,0.000000000000000000,0.000000000000000000,both,True
27,4JzohwZfvXsimpvLD2Z6m8iDW2qYyMo852pWBhm3pump,0.000000,0.000000000000000000,0.000000000000000000,0.000000000000000000,both,True
27,4LFxCk3r9wcmVAVhXh1tTBH5MDuDS9kjMfA3CXf9pump,0,0.000000000000000000,0.000000000000000000,0.000000000000000000,both,True
27,4PzohRKdqfjdT3YbuPk9NwG7ov3yoW6QqUPtTGoopump,0.000000,0.000000000000000000,0.000000000000000000,0.000000000000000000,both,True
27,4TDdCdrCTmMnHFFAgCitrkhVkgCdJGGr9jrUduGgpump,0.000000,0.000000000000000000,0.000000000000000000,0.000000000000000000,both,True
27,4WMXLek5rGvp3iCRqhoyCLEQnrGqnT4GmsX6dNLWpump,0.000000,0.000000000000000000,0.000000000000000000,0.000000000000000000,both,True
27,4Yqj5Wi8eSHfGkvsaifz7B3x6z8AaJoXZJ6TVJxipump,0.000000,0.000000000000000000,0.000000000000000000,0.000000000000000000,both,True
27,4dAv6a7AaP4kQD4nvDNxKGKZwtKYLrpa8r9FM9Yqpump,0.000000,0.000000000000000000,0.000000000000000000,0.000000000000000000,both,True
27,4iujU1UoJbhjzh6ZHBAFvFvQ3AkcYUmkaAftS6Vapump,0.000000,0.000000000000000000,0.000000000000000000,0.000000000000000000,both,True
27,4kftfjpm2TXsXvsZxHbmfbWXMyU6rByZiAx4v1eCpump,0.000000,0.000000000000000000,0.000000000000000000,0.000000000000000000,both,True
27,4nAjZaPF1hBoiRpCTXzHW3MwGdvgkJJJ3Yfef928pump,0.000000,0.000000000000000000,0.000000000000000000,0.000000000000000000,both,True
27,4nrQaduxHrUfpBFm5Jyq9zPQtVBjSZXDZdG5zVPYpump,0.000000,0.000000000000000000,0.000000000000000000,0.000000000000000000,both,True
27,4obEc934KWKnDd8GvgqMT2CWZomoMtycunAAGv9kpump,0.000000,0.000000000000000000,0.000000000000000000,0.000000000000000000,both,True
27,4oxpnCk1mNdbxmLbf3LCUosmauiMrwg74XKEmcsRpump,0.000000,0.000000000000000000,0.000000000000000000,0.000000000000000000,both,True
27,4qkTAMzywoHb9JYJSikp4xCSRMyRn1bcgSSgyk62pump,0.000000,0.000000000000000000,0.000000000000000000,0.000000000000000000,both,True
27,4tT1Kz4YQTF1dXazLScXRNH1brXDQnUZfoYyXGAEpump,0.000000,0.000000000000000000,0.000000000000000000,0.000000000000000000,both,True
27,4u1omyMCiCXjR2Pumam1phqfn78WP7TnFtedtkCipump,0.000000,0.000000000000000000,0.000000000000000000,0.000000000000000000,both,True
27,4vVoLjfSFRtoxNmfYrXWwfGffsUc3oUNuY3BCyfepump,0.000000,0.000000000000000000,0.000000000000000000,0.000000000000000000,both,True
27,4vzcEP6ptysyGGqEKiaSbU4VZ24pQnEpkA1xfxcspump,0.000000,0.000000000000000000,0.000000000000000000,0.000000000000000000,both,True
27,4xDwFKZ5LoY3TZCe7uryZ8zYV1NHY4SHf5UVm89Hpump,0.000000,0.000000000000000000,0.000000000000000000,0.000000000000000000,both,True
27,4zUqbAW5eRgmmLi6shnP89pyXrzsY8oPqTeRjRf3pump,0.000000,0.000000000000000000,0.000000000000000000,0.000000000000000000,both,True
27,52Xos6SdsFcTxUPaqa1sRzv9M8DaarH9QqT28BK8pump,0.000000,0.000000000000000000,0.000000000000000000,0.000000000000000000,both,True
27,53GgjzrVd81f5MgsnZkMHxdxchNF3HFqBvrjahrXpump,0.000000,0.000000000000000000,0.000000000000000000,0.000000000000000000,both,True
27,59HaSJcb55TLoWvVWXWX7kc4qbvJ2g2KdXoL32fUpump,0.000000,0.000000000000000000,0.000000000000000000,0.000000000000000000,both,True
27,59QDzGPuAeb2pXU2gjeVuzT21uEejJJ6foYjniN1pump,0.000000,0.000000000000000000,0.000000000000000000,0.000000000000000000,both,True
27,5AAM63tWuAZqhBMk3PLKgBQRMKd8dVwbpHQyLa7Cpump,0.000000,0.000000000000000000,0.000000000000000000,0.000000000000000000,both,True
27,5CrtSacRZsRdWPxSsfejfdFAV6xM6SEgbPDp1PdQpump,0.000000,0.000000000000000000,0.000000000000000000,0.000000000000000000,both,True
27,5EnvF8vvzu2LfPR26yWGSW5XA1n4WfyjtRauTYDhpump,0.000000,0.000000000000000000,0.000000000000000000,0.000000000000000000,both,True
27,5H5XaXA8PrTTiQmN8f42pfA3TDrFEUyEZRSsWyu6pump,0.000000,0.000000000000000000,0.000000000000000000,0.000000000000000000,both,True
27,5HiMY3PZAo93g2wFRMcwcviFxvZuTe14j9uYxi1apump,0.000000,0.000000000000000000,0.000000000000000000,0.000000000000000000,both,True
27,5JoeG58w17QsPQHAsRbmDZ8nFEnKbmzFPSxXq7VLpump,0.000000,0.000000000000000000,0.000000000000000000,0.000000000000000000,both,True
27,5K9qwmMtLvnYyH1sB4d5ZMtuSjQkq6J2Q9Nf9Zxopump,0.000000,0.000000000000000000,0.000000000000000000,0.000000000000000000,both,True
27,5KszDZqDR8cGXJ8vAfYNuipxCQJAW5Mm3yTa75oKpump,0.000000,0.000000000000000000,0.000000000000000000,0.000000000000000000,both,True
27,5TKRX1AZeuV2tyiqfN6TMpck3EXRJJCTtF3FXULPHc9G,0.000000,0.000000000000000000,0.000000000000000000,0.000000000000000000,both,True
27,5UCYQb4pVRPcFnFNBthUbhzwmrBmhYm4U1mfkZDtpump,0.00000,0.000000000000000000,0.000000000000000000,0.000000000000000000,both,True
27,5Y5PDH6B273Cg2DwQUwpkKRotvspnyZqSJCskPtHpump,0.000000,0.000000000000000000,0.000000000000000000,0.000000000000000000,both,True
27,5YKmLJNxRmbfywWkFrK7M6nnfv2NQrgvYUFvxGP5pump,0.000000,0.000000000000000000,0.000000000000000000,0.000000000000000000,both,True
27,5biva8iUFUiM3jUdEE4bNepGcEYjgtgGB8eTApuMpump,0.000000,0.000000000000000000,0.000000000000000000,0.000000000000000000,both,True
27,5i3ZoUsKWccrUhsEGbNpJKgAWg56jkzrniyvWbMPpump,0.000000,0.000000000000000000,0.000000000000000000,0.000000000000000000,both,True
27,5mGo5KEFnHoJsaPr2jZWjmFZShyGgq7c2PYeR5Aupump,0.000000,0.000000000000000000,0.000000000000000000,0.000000000000000000,both,True
27,5oFCsupuZvm3dG4zJfrNyazz4KYgJqw6tZkvW9U1pump,0.000000,0.000000000000000000,0.000000000000000000,0.000000000000000000,both,True
27,5pFZYcLv1JVoqQJUQTMFXqry4NjuZM412jMKrToQpump,0.000000,0.000000000000000000,0.000000000000000000,0.000000000000000000,both,True
27,5riL7c9aMUfXB8ymiD9d79KmkUxs8evwo7V89LTNpump,0.000000,0.000000000000000000,0.000000000000000000,0.000000000000000000,both,True
27,5tq2y4pZQBwwXMj6Bo62Tnm3uQNdraptEAiorYe4pump,0.000000,0.000000000000000000,0.000000000000000000,0.000000000000000000,both,True
27,5uzg5QNqVPd8j91vMMTmR4KVyskT6HWf7gSUNnZtpump,0.000000,0.000000000000000000,0.000000000000000000,0.000000000000000000,both,True
27,5xTWTZdRdZDGHv66VSZX3uYuYQhSFecfvWeewndGpump,0.000000,0.000000000000000000,0.000000000000000000,0.000000000000000000,both,True
27,5yj4vpM7ZzdNSKNr8hsSTA29qyC23bYJMA8xvAwzpump,0.000000,0.000000000000000000,0.000000000000000000,0.000000000000000000,both,True
27,616bZc4ZpqL1ihfZuTCuvPh9WYP6zPS9g5c3QuKQpump,0.000000,0.000000000000000000,0.000000000000000000,0.000000000000000000,both,True
27,63aouZStbaufC8etSyEP3zD38gUwmFJysXpAYQJwpump,0.000000,0.000000000000000000,0.000000000000000000,0.000000000000000000,both,True
27,65BFf6sxTrJ18CHrxLNYzkxbQy4suW3CuoBtfViXpump,0.000000,0.000000000000000000,0.000000000000000000,0.000000000000000000,both,True
27,67eotsH6YJA9JxExRqRRWY1HP3Snx1vKvxieB7RZpump,0.000000,0.000000000000000000,0.000000000000000000,0.000000000000000000,both,True
27,68oMQJAgNJvZvgYbXFMr9JYHLBzNFXT456TrbfiZpump,0.000000,0.000000000000000000,0.000000000000000000,0.000000000000000000,both,True
27,6BWnrhkAMzTHtRkuFGBgqrAwn2VDujDQgbbGfPK9pump,0.000000,0.000000000000000000,0.000000000000000000,0.000000000000000000,both,True
27,6ESz3D3GwN8ZvXDr4P9c9SXXW9m9qHzAwaoXW4Nzpump,0,0.000000000000000000,0.000000000000000000,0.000000000000000000,both,True
27,6HpxZvHk3RVLrzqPpdXBaFt6VeQHwKJyQcmGtQGYpump,0.000000,0.000000000000000000,0.000000000000000000,0.000000000000000000,both,True
27,6Htk6cD13s8HDnaUPM7WeG8BmcBJN9uLaEyMUitipump,0.000000,0.000000000000000000,0.000000000000000000,0.000000000000000000,both,True
27,6L5PpxrC2WMzxuN7uSWMQ7KEE7pEmUX9wV9Z2GFtpump,0.000000,0.000000000000000000,0.000000000000000000,0.000000000000000000,both,True
27,6Son9Z7nHB5Np6q1yYGgU6LmM6Si8u8hRf28Limrpump,0.000000,0.000000000000000000,0.000000000000000000,0.000000000000000000,both,True
27,6UL3SwU5FgE4BBvkwvoFCzmGPA1Vp94TgmyqYQmcpump,0.000000,0.000000000000000000,0.000000000000000000,0.000000000000000000,both,True
27,6VGH72bqrpqwHMaKusSt9EztRKhhw4jSb4imfvr2pump,0.000000,0.000000000000000000,0.000000000000000000,0.000000000000000000,both,True
27,6VN1N8qA8avzjPHWQTxdd49wjrWwiaLPrWr8eZHYpump,0.000000,0.000000000000000000,0.000000000000000000,0.000000000000000000,both,True
27,6WTvVSD5UBji4NwaJ5kkzhbRuFzm62c5LoPchk9Spump,0.000000,0.000000000000000000,0.000000000000000000,0.000000000000000000,both,True
27,6Ysaj4gqszyJ2iWRfGS4X1tyaQUHRYDZGtj2UESBpump,0.000000,0.000000000000000000,0.000000000000000000,0.000000000000000000,both,True
27,6aappG8PC15cW7Stav6iUMDSJ932Wk2a3WG8WkGmpump,0.000000,0.000000000000000000,0.000000000000000000,0.000000000000000000,both,True
27,6d1e8QpVZjSBfBgmBqv5pEqQSCt3eDBUea5fwU5qpump,0.000000,0.000000000000000000,0.000000000000000000,0.000000000000000000,both,True
27,6e63VP73baaxrehDonRrGwK59mrACFiCCA6AMA7Npump,0.000000,0.000000000000000000,0.000000000000000000,0.000000000000000000,both,True
27,6f4yukC5iCCTzoK6j4p6nsMinmxzG7MDnQ7FvHHCpump,0.000000,0.000000000000000000,0.000000000000000000,0.000000000000000000,both,True
27,6hSnBFbbYmvjsyMw6kk9QNzwA3rfW6mj2xTVvoHSpump,0.000000,0.000000000000000000,0.000000000000000000,0.000000000000000000,both,True
27,6htkcB1LWm7ctasLRe2hbUHJ6WJayGLCX6LVYtympump,0.000000,0.000000000000000000,0.000000000000000000,0.000000000000000000,both,True
27,6jPUth6dwqH6mHb3PM9CWF4YzQEZbgWURriGtN1Qpump,0.000000,0.000000000000000000,0.000000000000000000,0.000000000000000000,both,True
27,6jv7T2eVR5bjXaqMjo6zNucNouPuSyegwgCasNoTpump,0.000000,0.000000000000000000,0.000000000000000000,0.000000000000000000,both,True
27,6useSeAYwrCnzDTyt4HoSn4AA8oRjEXxRF4sCYaHpump,0.000000,0.000000000000000000,0.000000000000000000,0.000000000000000000,both,True
27,6uyPJ5sbG8YYxja6samNY6W1VKbPzDShHgkD5aZ7pump,0.000000,0.000000000000000000,0.000000000000000000,0.000000000000000000,both,True
27,6vjdehhspktaeUb4zK7t4VzDgRWHDPgp3w8NUmNNpump,0.000000,0.000000000000000000,0.000000000000000000,0.000000000000000000,both,True
27,6xhve16pYosUysVJkZrbEBo7PNfpVYxqdb4kP8ZRpump,0.000000,0.000000000000000000,0.000000000000000000,0.000000000000000000,both,True
27,73nZmNShX7PcX4QELKGtxEBmqUhELpcESdzQ6P3Apump,0.000000,0.000000000000000000,0.000000000000000000,0.000000000000000000,both,True
27,76YixFTbuhWT8P8V2Qo3JUqGrugq9DSD1PjRgD9apump,0.000000,0.000000000000000000,0.000000000000000000,0.000000000000000000,both,True
27,7ASiWWjC2nBTJ14h3atriQodenixkEhXRcaZKr6Dpump,0.000000,0.000000000000000000,0.000000000000000000,0.000000000000000000,both,True
27,7BKMCcwC14fWNnHiuk3sy2Ub8mkQoGrBgBFHouW5pump,0.000000,0.000000000000000000,0.000000000000000000,0.000000000000000000,both,True
27,7CdJH8ayvuTmu6DCcD9nLhgasJdSXJeZcp5SzNypump,0.000000,0.000000000000000000,0.000000000000000000,0.000000000000000000,both,True
27,7JNvyhdDUMNNn3UF127hcV5UKKFVeN4Bymth8P8Rpump,0.000000,0.000000000000000000,0.000000000000000000,0.000000000000000000,both,True
27,7JzrcKVvWQ1z2FB1QvHHWg9YbNHs8f8vKFCZ9UrQpump,0.000000,0.000000000000000000,0.000000000000000000,0.000000000000000000,both,True
27,7Lr9f2KJiewYW7H49TseFQXKbKWT7XSY4WeWuPfWpump,0.000000,0.000000000000000000,0.000000000000000000,0.000000000000000000,both,True
27,7MxcyZAuoTLFEid1osv2He5GPrQD4Bdge8xYKeHCpump,0.000000,0.000000000000000000,0.000000000000000000,0.000000000000000000,both,True
27,7PRsg5Dmh1kGgLrQ6V7RWU3oyxhuCrUVueYBwAnppump,0.000000,0.000000000000000000,0.000000000000000000,0.000000000000000000,both,True
27,7Qjd9weVxdVB2ozLkFWMQjjXPqkXdQpWr6bvHdbtpump,0.000000,0.000000000000000000,0.000000000000000000,0.000000000000000000,both,True
27,7THcf6sTsiaqtKsMYsXjievF59pXxgz3o1D3LEVxpump,0.000000,0.000000000000000000,0.000000000000000000,0.000000000000000000,both,True
27,7UqHm15rUFKfwPGBknJcp8pVUFcajsPLkKJbFA7mpump,0.000000,0.000000000000000000,0.000000000000000000,0.000000000000000000,both,True
27,7WnCHw5u5iB91kgdR6ehpYZnj1tn12WGQoibw6kDpump,0.000000,0.000000000000000000,0.000000000000000000,0.000000000000000000,both,True
27,7YCRLWToBTPq4jjjj4jGjJxbNKiZi8uvYkizdMsUpump,0.000000,0.000000000000000000,0.000000000000000000,0.000000000000000000,both,True
27,7YjPiL6twcdreKHUXC9hoCifi3jvxmqbtitfhKF4pump,0.000000,0.000000000000000000,0.000000000000000000,0.000000000000000000,both,True
27,7cPKFg7rxmhSYjRLsRPBLYrBvGJSfP7jU3QiHmEzpump,0.000000,0.000000000000000000,0.000000000000000000,0.000000000000000000,both,True
27,7eEcsGaE1LdU3sAVyuboT6sJK6PFsb6MiyxxdDDopump,0.000000,0.000000000000000000,0.000000000000000000,0.000000000000000000,both,True
27,7gTfgh7AGsyx8GmJHnKN8VAUEPFVBqAtrqZpYCW7pump,0.000000,0.000000000000000000,0.000000000000000000,0.000000000000000000,both,True
27,7iSnWUgNXqzaCf9caG7n3P28ncDfuNuon2rGpjJppump,0.000000,0.000000000000000000,0.000000000000000000,0.000000000000000000,both,True
27,7oWsghFY2TVj57AV5bRpz2fpaJfSQfttiNLef7p9pump,0.000000,0.000000000000000000,0.000000000000000000,0.000000000000000000,both,True
27,7tzZX9YFu2hKMuLF4TTz3HoHxuNf3odSDevG8MH1pump,0.000000,0.000000000000000000,0.000000000000000000,0.000000000000000000,both,True
27,7uLvLfg2n6akpbZRvsqMP6RXUQq1SRJCSjyG1RLdpump,0.000000,0.000000000000000000,0.000000000000000000,0.000000000000000000,both,True
27,7wLjmDDrPwx6DAKdCYKtCDRF5Ns9H7dD7RuxkEmipump,0.000000,0.000000000000000000,0.000000000000000000,0.000000000000000000,both,True
27,7wMtV1MmANWSRBC2uW95eRosmAJQjfJX24iUDtHMpump,0.000000,0.000000000000000000,0.000000000000000000,0.000000000000000000,both,True
27,7zSxwHMxH9xZtUwSPeey6BGhxBnLhDmtKM7oe82epump,0.000000,0.000000000000000000,0.000000000000000000,0.000000000000000000,both,True
27,81cJxn2qXgn17ZXPWFcrVc5QG65mo67E3QGT36xbpump,0.000000,0.000000000000000000,0.000000000000000000,0.000000000000000000,both,True
27,846MF624kyFGpaoKbEQD546JFbdvEixMY2XGott6pump,0.000000,0.000000000000000000,0.000000000000000000,0.000000000000000000,both,True
27,8596qSQguSi2nZ3aLYVeLuNEghZLW1GbErJ7eUi5pump,0.000000,0.000000000000000000,0.000000000000000000,0.000000000000000000,both,True
27,864zDh3qtzf4GuC8tvpC4tLULo56Hh9xyTxbWMyipump,0.000000,0.000000000000000000,0.000000000000000000,0.000000000000000000,both,True
27,8BeQqKZiv9tgnZ3BsEvq54JaEezHPeZxjroV7wropump,0.000000,0.000000000000000000,0.000000000000000000,0.000000000000000000,both,True
27,8BqrdFi694UeZMDxmkmkEqim2bG5LTgQgVmoeCznpump,0.000000,0.000000000000000000,0.000000000000000000,0.000000000000000000,both,True
27,8BwybLWU2xnt2GskjpA4rgdPihrxTmpZ1GavtqSTpump,0.000000,0.000000000000000000,0.000000000000000000,0.000000000000000000,both,True
27,8CFCXaUcivt5ddbKw8VD5BKnDxEComUMS9Y4NhCBpump,0.000000,0.000000000000000000,0.000000000000000000,0.000000000000000000,both,True
27,8HTcBmaVcMsquAetndA13ZBd5oEJbBbGrr74fDBSpump,0.000000,0.000000000000000000,0.000000000000000000,0.000000000000000000,both,True
27,8HYUS324VTutYRmm4w7C94UjMLdeAusE84A2K1P8pump,0.000000,0.000000000000000000,0.000000000000000000,0.000000000000000000,both,True
27,8Jx48LcKaBsz4RjJE9H3MZfvtcRfJPVFFL1oZ5yGpump,0,0.000000000000000000,0.000000000000000000,0.000000000000000000,both,True
27,8Mp297ySvU1JmthGfrjimtVYcbGmEo1ufx1XpJ8npump,0.000000,0.000000000000000000,0.000000000000000000,0.000000000000000000,both,True
27,8P5b3cNXSAeQfgQkERQ976S3BzCkUuJt97FcrTWBpump,0.000000,0.000000000000000000,0.000000000000000000,0.000000000000000000,both,True
27,8WRdiamw2CBUAMmPJNPyT2rwE49eCDKysonaNRRqpump,0.000000,0.000000000000000000,0.000000000000000000,0.000000000000000000,both,True
27,8WmXyeAdjzusAAFuqb78NsmrR1eEyK5MCWA9YqKZpump,0.000000,0.000000000000000000,0.000000000000000000,0.000000000000000000,both,True
27,8Z7e5m8BnsCgNTsTBxZNPvgaMmqVjEDh21QAhKq6pump,0.000000,0.000000000000000000,0.000000000000000000,0.000000000000000000,both,True
27,8aqAAZaGRVJbMEbKQj4bTcEXtgrNVvBw6FdADBNKpump,0.000000,0.000000000000000000,0.000000000000000000,0.000000000000000000,both,True
27,8auMHe1WyKSe3Bo9ZfHoduKauqnWmZD5epYPi19zpump,0.000000,0.000000000000000000,0.000000000000000000,0.000000000000000000,both,True
27,8bhTraq16hKNshvkxEUXrGJQXYLF8dGV4sbE4MwHpump,0.000000,0.000000000000000000,0.000000000000000000,0.000000000000000000,both,True
27,8c6afjvPU2wLGp8QRTF7jkb1e68ANDx9KhMqWvY1pump,0.000000,0.000000000000000000,0.000000000000000000,0.000000000000000000,both,True
27,8cwTW4AQLx2sYDmQTVNs55iHtWk8CnvwD3Ta7MbZpump,0.000000,0.000000000000000000,0.000000000000000000,0.000000000000000000,both,True
27,8dg6PnfUBNu5wPVU3rGJ4yEyLGAg5jCzw16yTabVpump,0.000000,0.000000000000000000,0.000000000000000000,0.000000000000000000,both,True
27,8fzZzEGt3cqXbsfwnqQbzhgstLnB2TTj9zmHbxLNpump,0.00000,0.000000000000000000,0.000000000000000000,0.000000000000000000,both,True
27,8gBw7huMws5J1Htz1H2AxGFkeTUka1jh8iUucwHgpump,0.000000,0.000000000000000000,0.000000000000000000,0.000000000000000000,both,True
27,8hRCjxXoGVxr2GBuo4aHpwRzSA3s4yJEDHWBYFwHpump,0.00000,0.000000000000000000,0.000000000000000000,0.000000000000000000,both,True
27,8i7N33sEdHgsYqVncaJpYNpBaBWegScDGFD665jFpump,0.000000,0.000000000000000000,0.000000000000000000,0.000000000000000000,both,True
27,8iQkLLQ67r2Ndf3nXXc2wTH1Q1kfZnMukBpeg45Kpump,0.000000,0.000000000000000000,0.000000000000000000,0.000000000000000000,both,True
27,8kT6kudtBfJYVjCqkJNDUCUkTZ8ewDaFKruaaHu3pump,0.000000,0.000000000000000000,0.000000000000000000,0.000000000000000000,both,True
27,8nenzozLDyaafvkBUUsyK1oXS2digU4RcjWYWsufpump,0.000000,0.000000000000000000,0.000000000000000000,0.000000000000000000,both,True
27,8nwhjzKVpr8iHBevSrGfFXAEcqbGwyNJAspHUHmWpump,0.000000,0.000000000000000000,0.000000000000000000,0.000000000000000000,both,True
27,8o1Y8okgsA4iEwfD6T4yMEoKaB1tsNZPVZxoHNYxpump,0.000000,0.000000000000000000,0.000000000000000000,0.000000000000000000,both,True
27,8qQYHPgZSDW4phsF8yYWQ5KhvoyN6f1CR9EQqTa8pump,0.000000,0.000000000000000000,0.000000000000000000,0.000000000000000000,both,True
27,8sv1GVsEniTWQjksy7EMYPLmuByraZkmb5a28P2wpump,0.000000,0.000000000000000000,0.000000000000000000,0.000000000000000000,both,True
27,8upAbk1FaYGXCo3xNzzeTSkCpdRjsNDsGA8Za5E9pump,0.000000,0.000000000000000000,0.000000000000000000,0.000000000000000000,both,True
27,8vHP8EfBPxqQgqu17JXqTcsCQ6AQazvxjhTja1SMpump,0.000000,0.000000000000000000,0.000000000000000000,0.000000000000000000,both,True
27,8x7GcnA2sed5KvKBjgFbLjf6Ei2fRHCF9RSaHVuFpump,0.000000,0.000000000000000000,0.000000000000000000,0.000000000000000000,both,True
27,91YNPpjnqNhCQfBBKYTRRsuynCNfzBVpo3h3XRQTpump,0.000000,0.000000000000000000,0.000000000000000000,0.000000000000000000,both,True
27,91mrUBXxkSTTZqhu3nWaLWzs7kA5vhRqFBu83WEhpump,0.000000,0.000000000000000000,0.000000000000000000,0.000000000000000000,both,True
27,98n89p9WVgEgHLq2gooi1YNMaTCuK6C3BbLAqHgNpump,0.000000,0.000000000000000000,0.000000000000000000,0.000000000000000000,both,True
27,98sMhvDwXj1RQi5c5Mndm3vPe9cBqPrbLaufMXFNMh5g,-0.1,-0.100000000000000000,0.100000000000000000,0.000000000000000000,both,True
27,99u8hpRXhMBrSy5qR7DHRWb35e2FiSqB6131UC1jpump,0.000000,0.000000000000000000,0.000000000000000000,0.000000000000000000,both,True
27,9A8tHU3c1hMurYf9H818CLrcphMdGUawFrd8UucBpump,0.000000,0.000000000000000000,0.000000000000000000,0.000000000000000000,both,True
27,9CBLyNC3yyVQS8WHseuxcaGvsVirNjxwVjoF6zZNpump,0.000000,0.000000000000000000,0.000000000000000000,0.000000000000000000,both,True
27,9DNmfLUGFy8vkP5CRD483HxRK1Pys4yP3T9ZZfnhpump,0.00000,0.000000000000000000,0.000000000000000000,0.000000000000000000,both,True
27,9LSuwEb8WSLt5G6Ay3Uhpe8uLd3Pu3AxdsHxJdeJpump,0.000000,0.000000000000000000,0.000000000000000000,0.000000000000000000,both,True
27,9Q5n5gdx9nyef9azsRD2EqR2iRjY43n4weUkznWzpump,0.000000,0.000000000000000000,0.000000000000000000,0.000000000000000000,both,True
27,9QbnqwbtZkk4EvK2cQ22j4ba5H1Ec3pUFSbResQopump,0.000000,0.000000000000000000,0.000000000000000000,0.000000000000000000,both,True
27,9QmCikbNZgatybJyJfrqE19WyUWfBFYTqd7xqi6Dpump,0.000000,0.000000000000000000,0.000000000000000000,0.000000000000000000,both,True
27,9RiUKgTjBzsPyRoxz7gFC7evR5XZTisbvMmRt21Qpump,0.000000,0.000000000000000000,0.000000000000000000,0.000000000000000000,both,True
27,9W3awRcmcvjQsQDvcBe2E8a5ptPdjZuCM42E9Vtapump,0.000000,0.000000000000000000,0.000000000000000000,0.000000000000000000,both,True
27,9i42zkYPyz13uVcv1Aqks9MMjUGCctsris2ybRoLpump,0.000000,0.000000000000000000,0.000000000000000000,0.000000000000000000,both,True
27,9kfBkULhuv71q9R5dUhDv5iig4ciZqKWRwgku5Wopump,0.000000,0.000000000000000000,0.000000000000000000,0.000000000000000000,both,True
27,9kqtuRefSukfyUBaWgV6MX5nZz4aMWKzDGpoueCLpump,0.000000,0.000000000000000000,0.000000000000000000,0.000000000000000000,both,True
27,9phW6wVce6YykdFyfY3AF2nczCB6DMZQvMJNodFspump,0.000000,0.000000000000000000,0.000000000000000000,0.000000000000000000,both,True
27,9sNDCYfEfxMUt9j9ABWbHZ5yuhzE2EW2ZRVYSNK7pump,0.000000,0.000000000000000000,0.000000000000000000,0.000000000000000000,both,True
27,9uDuS8VkNK25Qn8kCxSh5j39znLCT1NL1rvUsHvCpump,0.000000,0.000000000000000000,0.000000000000000000,0.000000000000000000,both,True
27,9v5QHeiTgdQvUhcyWHuEckZXdTF3oeNQ7vGmUgKepump,0.000000,0.000000000000000000,0.000000000000000000,0.000000000000000000,both,True
27,A22NmgiFmo9yjKXj9BS6BQjAHXTw3N9jxoZoMVTDpump,0.000000,0.000000000000000000,0.000000000000000000,0.000000000000000000,both,True
27,A4yExeUbVQdiKk9Cdent1ourhHMRfPf2LSqWdSiUpump,0.000000,0.000000000000000000,0.000000000000000000,0.000000000000000000,both,True
27,A66SXjogfWiAAkVdHSAWcWwzZU2EDiXn4je86gcipump,0.000000,0.000000000000000000,0.000000000000000000,0.000000000000000000,both,True
27,A6DPQ9jMYJJ6EmavPrkcnbasiLd1itDcFcNwBxAqpump,0.000000,0.000000000000000000,0.000000000000000000,0.000000000000000000,both,True
27,A6N79W7VcsdNaZ1Rjr5UEXLBrcwYBugU2sVoPZHtpump,0.00000,0.000000000000000000,0.000000000000000000,0.000000000000000000,both,True
27,A7gbh7qozjGqtAxn93wpvQTJY2F6mtbgPxH3djPkpump,0.000000,0.000000000000000000,0.000000000000000000,0.000000000000000000,both,True
27,A8nC5J5T1vftVabb7X8anZRGsod7LvagurUZKomjpump,0.000000,0.000000000000000000,0.000000000000000000,0.000000000000000000,both,True
27,ABYsGeJ6yDLpBjnzYuXqFn4JHTRo9x75fPcijXSmpump,0.000000,0.000000000000000000,0.000000000000000000,0.000000000000000000,both,True
27,ACK4UGq7uJMUEN9JXAcGHpH9PGMpwNNcmHYdCMepump,0.000000,0.000000000000000000,0.000000000000000000,0.000000000000000000,both,True
27,ACu3zzZntZPhPT57gj8fghKt7ZWvSpPGe1hx8scppump,0.000000,0.000000000000000000,0.000000000000000000,0.000000000000000000,both,True
27,AE3a4cJx3cY87jT5qcnNWuVKaJpXFp3cC32noKnepump,0.000000,0.000000000000000000,0.000000000000000000,0.000000000000000000,both,True
27,AEDCySFFdoLAURWHEecQfpe8TZv6qMi7eFRN8LEwpump,0.000000,0.000000000000000000,0.000000000000000000,0.000000000000000000,both,True
27,ALDbP4PP45zUyZUkRZYLxDCFAMhtjYusCzsQfemtpump,0.000000,0.000000000000000000,0.000000000000000000,0.000000000000000000,both,True
27,APYUyrQfTNh8GzShuzdyZ5XrFVEHHhBtLiGvHQ4gpump,0.000000,0.000000000000000000,0.000000000000000000,0.000000000000000000,both,True
27,AQSy9zaWAopmsBFjPeYKD9QQX1YcBUsCnspzxPnZpump,0.000000,0.000000000000000000,0.000000000000000000,0.000000000000000000,both,True
27,ATAQEkAkmgns8cLEi5aJHcSdzBCxZPWp3BQ47vKYpump,0.000000,0.000000000000000000,0.000000000000000000,0.000000000000000000,both,True
27,AWA5fWu6BqeSF36QBevsUqtL1HJruncMWd5bUFqopump,0.000000,0.000000000000000000,0.000000000000000000,0.000000000000000000,both,True
27,AXRCCK5dMAzsEKgupm6uqQAQaEWcV2WfXWZKdgEipump,0.000000,0.000000000000000000,0.000000000000000000,0.000000000000000000,both,True
27,AZHYscwpdo3cus3PsuepYQAQ5R81jHF8PaiyLDWPpump,0.000000,0.000000000000000000,0.000000000000000000,0.000000000000000000,both,True
27,AbD5vNscbgQBHHz2d9E1q78XaUrwqwHWgcFB67XEpump,0.00000,0.000000000000000000,0.000000000000000000,0.000000000000000000,both,True
27,AhoHCyVTwjP4bjvRtycyzA9jW6YfXjeSEhXLrSa7pump,0.000000,0.000000000000000000,0.000000000000000000,0.000000000000000000,both,True
27,AqFLbPKLxK5Wv3NZk7TmYKj4teLgzH7AjTwXujJEpump,0.00000,0.000000000000000000,0.000000000000000000,0.000000000000000000,both,True
27,AsDTrhy3K52WNC1sqJLPqxjHseHSfD4qiYcJBi9Apump,0.000000,0.000000000000000000,0.000000000000000000,0.000000000000000000,both,True
27,AsDt85ZzTAPVLhpYKT4LYrHsWtxnaRZtyx68UTKPpump,0.00000,0.000000000000000000,0.000000000000000000,0.000000000000000000,both,True
27,AtTrtCUkYzxsDRDkuUw2U3REnaK6yAorhir6HCsBpump,0.000000,0.000000000000000000,0.000000000000000000,0.000000000000000000,both,True
27,AwMvxCVxCGR69EbH9pBK3RACMsWZy8usVAZKtSTmpump,0.000000,0.000000000000000000,0.000000000000000000,0.000000000000000000,both,True
27,Ayp7YNTnQnUhPQe1gaUYehXrd9a8ex5maUuRF5FLpump,0.000000,0.000000000000000000,0.000000000000000000,0.000000000000000000,both,True
27,B3QzXZ9qhVdPvaiKLACysdxdZgCjZaekjeC84rQApump,0.000000,0.000000000000000000,0.000000000000000000,0.000000000000000000,both,True
27,B4uXsBVucvsMnUb3iSWyw1dzDJPa4dkVQBkspzbopump,0.000000,0.000000000000000000,0.000000000000000000,0.000000000000000000,both,True
27,B5dKfwvovUqrXGUJ2PjQgbHUzxbDSzqammbZWyzMpump,0.000000,0.000000000000000000,0.000000000000000000,0.000000000000000000,both,True
27,B7CJCXDXvTxZjjsqhgv8GHzD5KC1jjrd79nwc7B5pump,0.000000,0.000000000000000000,0.000000000000000000,0.000000000000000000,both,True
27,BCWx3WPynvDVSZp14cBYyRMRwVQ6EAfzwcwcPQCKpump,0.000000,0.000000000000000000,0.000000000000000000,0.000000000000000000,both,True
27,BD5KD7BrhARQFmoB9gaZnoe1f59zc5fPcDox6LQ2pump,0.000000,0.000000000000000000,0.000000000000000000,0.000000000000000000,both,True
27,BEaN3UqTGCenRYV8wFzWBgcu7EpzDfhXjdb1VBtRpump,0.000000,0.000000000000000000,0.000000000000000000,0.000000000000000000,both,True
27,BHmzHEteLBwQpt2NgAK1p665V1wbzTuizsaZFcyJpump,0.000000,0.000000000000000000,0.000000000000000000,0.000000000000000000,both,True
27,BMCqDtcLkaQn9mweYRWVK5LoVPPNDdXgdPxRovkMpump,0.000000,0.000000000000000000,0.000000000000000000,0.000000000000000000,both,True
27,BMVSr5ELD2up1VXF219j6QToNQUp9xrbZLXicBpQpump,0.000000,0.000000000000000000,0.000000000000000000,0.000000000000000000,both,True
27,BMngG2o4EdTQuyMH3ySXQ3BbyW6QVAfcbuWNYTTTpump,0.000000,0.000000000000000000,0.000000000000000000,0.000000000000000000,both,True
27,BMrdnM9Gy2fPCw2nAm4ordW3u7f2qUzk53b2gAQgpump,0.000000,0.000000000000000000,0.000000000000000000,0.000000000000000000,both,True
27,BPK3eRbR8SwzVzDC1kqfjKDjg67Uzdr7b9juoLMppump,0.000000,0.000000000000000000,0.000000000000000000,0.000000000000000000,both,True
27,BTcE4mJwjYNJp9qyLnas8s3FTZ37WiwFua7c2gGspump,0.000000,0.000000000000000000,0.000000000000000000,0.000000000000000000,both,True
27,BUdoki72fuoUpfZemfvFqYWPFdAVAbEhXkJMWmFzpump,0.00000,0.000000000000000000,0.000000000000000000,0.000000000000000000,both,True
27,BWUqgrjDQrHGdcCa51BbXZGDoUAm11n6DD8kAXqCpump,0.000000,0.000000000000000000,0.000000000000000000,0.000000000000000000,both,True
27,BXB184hYZJKqsk6Se7RxfXCrgFSRHhCAEYbGN9Mtpump,0.000000,0.000000000000000000,0.000000000000000000,0.000000000000000000,both,True
27,Bam5rMu1b9mHs29RpCTLpfn5C6GDASsuAyKD76dFpump,0.000000,0.000000000000000000,0.000000000000000000,0.000000000000000000,both,True
27,BcHY6PmDm5jnxy8uK8QPfkC79LRSVcex6wQBk7Aopump,0.000000,0.000000000000000000,0.000000000000000000,0.000000000000000000,both,True
27,Bco98mo1KsWHW4j8UoDMWqQAFWwDH6yrW4yisYZCpump,0.000000,0.000000000000000000,0.000000000000000000,0.000000000000000000,both,True
27,BdF8KpnM8V5Y3s677ahQ9qorRom9NuZ9pJwRRUaSpump,0,0.000000000000000000,0.000000000000000000,0.000000000000000000,both,True
27,BdLB1oK7YvkbALZXryVbwXAwUEf6sMgwgUrCycuvpump,0.000000,0.000000000000000000,0.000000000000000000,0.000000000000000000,both,True
27,BdxTMkMdXe3WAUom6oobKNdsTEpW8HLmWifyPFUypump,0.000000,0.000000000000000000,0.000000000000000000,0.000000000000000000,both,True
27,Bi2LWKN7fDQZmjzGsVApgHc93M1jM2iHe9Kg2PHpump,0.000000,0.000000000000000000,0.000000000000000000,0.000000000000000000,both,True
27,BiFrfwYEauTvuejZy1xCUUJQKxnV9d9LAQhctB7jpump,0.000000,0.000000000000000000,0.000000000000000000,0.000000000000000000,both,True
27,Bkqnyw7FX9SYpvB5Q1AoQc5gRdb8yqLpei5r513Hpump,0.000000,0.000000000000000000,0.000000000000000000,0.000000000000000000,both,True
27,BnLNZaMtqPMZA1WnhhELVmpMcEvNaaYgCLqB2sDFpump,0.000000,0.000000000000000000,0.000000000000000000,0.000000000000000000,both,True
27,BoHhUEbGT2KcnfgjsDLBbrJPbTHMHpHejFdQXmX1pump,0.000000,0.000000000000000000,0.000000000000000000,0.000000000000000000,both,True
27,BqVvueEXps2VKEzfWnVj9hpuBnd7VgabqGECBfRwpump,0.000000,0.000000000000000000,0.000000000000000000,0.000000000000000000,both,True
27,Br5U7qunV3XvNwYxU5cjwPZoFgdeq9j5mpKGNqsEpump,0.000000,0.000000000000000000,0.000000000000000000,0.000000000000000000,both,True
27,BuAsfw4LDyfaJENYQ2eHWEX3rHSWtTdGL9nroXfqpump,0.000000,0.000000000000000000,0.000000000000000000,0.000000000000000000,both,True
27,BvMoUC8agrKXmrFjDM74dHTYy5i2Auh14po7ztjcpump,0.000000,0.000000000000000000,0.000000000000000000,0.000000000000000000,both,True
27,Bw9UapE6M3oE6CKz5NmPixWZQvhAB52RFjRjNbXKpump,0.000000,0.000000000000000000,0.000000000000000000,0.000000000000000000,both,True
27,BzTxaRRZ2iZ1gjg2k1cCfiY6iEKesY85XG6N1v6Spump,0.000000,0.000000000000000000,0.000000000000000000,0.000000000000000000,both,True
27,C1c1fLvH9p269eLdSAMNovKj3oq8VDLvvHm4RauCpump,0.00000,0.000000000000000000,0.000000000000000000,0.000000000000000000,both,True
27,C4snntz1sdjJsRPoQpY8scVGVVchnjeUcfmP5fUkpump,0.000000,0.000000000000000000,0.000000000000000000,0.000000000000000000,both,True
27,C4tUxC4isxQt4UxC29AezXyVN7e8nQ6pxQjDPS28pump,0.000000,0.000000000000000000,0.000000000000000000,0.000000000000000000,both,True
27,C5vhc1DWPBftsGsLeK9J8rReccqtQkqrPMsoN1ropump,0.000000,0.000000000000000000,0.000000000000000000,0.000000000000000000,both,True
27,C8Xo7bsxAf9DXtq3T598vLhfxGXLYaqqMFmaokRXpump,0.000000,0.000000000000000000,0.000000000000000000,0.000000000000000000,both,True
27,C8xPR2g3nnW8xDrGeV5HDWRm8zuKc2zhv8MsPGbopump,0.000000,0.000000000000000000,0.000000000000000000,0.000000000000000000,both,True
27,CBfvXyrrQMWedRjaEefw4cJx35HLHs37p988GP6Npump,0.000000,0.000000000000000000,0.000000000000000000,0.000000000000000000,both,True
27,CCRMkDtmuZhM8yKtP443A4SNpGaWDxJATJLHvEivpump,0.000000,0.000000000000000000,0.000000000000000000,0.000000000000000000,both,True
27,CGxpacxeSWA7wLXYBKrd3bgSzJYWAmfvytwGPNKvpump,0.000000,0.000000000000000000,0.000000000000000000,0.000000000000000000,both,True
27,CHHspPC4fygD787PEg2nPScMrNYVF4Fpj953bGovpump,0.000000,0.000000000000000000,0.000000000000000000,0.000000000000000000,both,True
27,CMkb8VPfZmAoFuCsywAAAKMN98moyKQiREBHk5Eqpump,0.000000,0.000000000000000000,0.000000000000000000,0.000000000000000000,both,True
27,CTCYyTPzXBn9BMX3a6jJkdMomyuykHwHbemBS5Umpump,0.000000,0.000000000000000000,0.000000000000000000,0.000000000000000000,both,True
27,CTu86B5qxbCTDY8wWMfsJPvr6MTNMn8ZBtxDsfSApump,0.000000,0.000000000000000000,0.000000000000000000,0.000000000000000000,both,True
27,CXHkt4pMQkaj21yaAHGwmhdmXVBdfqaHwGyRdmRmpump,0.000000,0.000000000000000000,0.000000000000000000,0.000000000000000000,both,True
27,CZATKdpeqerpgEchRULGu3aBPruwX8Lj1gAhAsRGpump,0.000000,0.000000000000000000,0.000000000000000000,0.000000000000000000,both,True
27,CdG6prXr7WsFZ3YX6QZwrFv6Bzzi52Tc9jS5pLjgpump,0.000000,0.000000000000000000,0.000000000000000000,0.000000000000000000,both,True
27,CgREdfXkZnGchut7ULSsnB6yiPr7q6MwCtnTMMarpump,0.000000,0.000000000000000000,0.000000000000000000,0.000000000000000000,both,True
27,Cgejnm5ToK8oTsWguqggf3DTMXh5vDNrgrHjoBgQpump,0.000000,0.000000000000000000,0.000000000000000000,0.000000000000000000,both,True
27,Ci2mVvvDCpd6aJToQvntPKNG6bXmGzqzxXHPuLKJpump,0.000000,0.000000000000000000,0.000000000000000000,0.000000000000000000,both,True
27,Cj3jbrY1UnB6ya39BiFgh8YgiNtq8UsFV7t7WbkKpump,0.000000,0.000000000000000000,0.000000000000000000,0.000000000000000000,both,True
27,CjrTfUwTCn3bxK3WWhh3zMMhkcSGPucKdaVaK9JQpump,0.000000,0.000000000000000000,0.000000000000000000,0.000000000000000000,both,True
27,CnGd2LXd9fQ6g39dwosKsn1uxQyHkpyQTZebLfbDpump,0.000000,0.000000000000000000,0.000000000000000000,0.000000000000000000,both,True
27,Csp3UvywdmAXbKoZNLBJyz3pzEhiq45yNzyms6yQrCmw,0.000000,0.000000000000000000,0.000000000000000000,0.000000000000000000,both,True
27,CuP9VwYa1GAzS6tNvmdUBjNXqt1jVG5kR9dxyNwpump,0.000000,0.000000000000000000,0.000000000000000000,0.000000000000000000,both,True
27,CvttdsoGVUPPSSyryHYHLSce1dSRbbp7CnxALvyBpump,0.000000,0.000000000000000000,0.000000000000000000,0.000000000000000000,both,True
27,D1NiGjbGsW84Ahez4UJxvmqbRyHhRSsAoLTSKMnXpump,0.000000,0.000000000000000000,0.000000000000000000,0.000000000000000000,both,True
27,D3Ck5GAWDpagZv4LsASeKS3a5sXqjaZhx3JxszaWpump,0.000000,0.000000000000000000,0.000000000000000000,0.000000000000000000,both,True
27,D58QwqVFrjRJ6LwBcdTcyyArB9H25vzxyDtYifKSpump,0.000000,0.000000000000000000,0.000000000000000000,0.000000000000000000,both,True
27,D7YVHNvYZWqM7fDPpGWg5R15GTrE5eXwkH55Nksvpump,0.000000,0.000000000000000000,0.000000000000000000,0.000000000000000000,both,True
27,D8j8cEGxKuaBfKyPi2B6gCSW4GZMW1XG3S6BNdJpump,0.000000,0.000000000000000000,0.000000000000000000,0.000000000000000000,both,True
27,D9kyJeSX2m7a1zL9HHEWUZtCRw9DwvHLDaQAJbyqpump,0.000000,0.000000000000000000,0.000000000000000000,0.000000000000000000,both,True
27,DAuUSPvcfcXawNuC8tYSoHB1mvptHfBW1HTV7smPpump,0.000000,0.000000000000000000,0.000000000000000000,0.000000000000000000,both,True
27,DB5JggXvPzTMrSRkK3YcZYZkhL2ieocZxEXycVnapump,0.000000,0.000000000000000000,0.000000000000000000,0.000000000000000000,both,True
27,DBj7SKCk2XZZDz1kk8iSvu7rWXt3xfKdMkNQ6Cxapump,0.000000,0.000000000000000000,0.000000000000000000,0.000000000000000000,both,True
27,DDG6oA2iFRU1Y99TGVPaQgYjhQU3sPPfzLtCwSCjpump,0.00000,0.000000000000000000,0.000000000000000000,0.000000000000000000,both,True
27,DE3836sezEWTRVVJmFFEC1UNrLqGq18AvAe7YZq4pump,0.000000,0.000000000000000000,0.000000000000000000,0.000000000000000000,both,True
27,DH1LLPSWjDUCSStYFBKQPCaPJafHhG8nkusj1uvspump,0.000000,0.000000000000000000,0.000000000000000000,0.000000000000000000,both,True
27,DM7FADcXC4y9GVQxsSyzNeYdTra8Ctx8HyeaJt2Zpump,0.000000,0.000000000000000000,0.000000000000000000,0.000000000000000000,both,True
27,DQHGsLHg419h9MYb9PPwSTJphJCjvqoFaP18Gzofpump,0.000000,0.000000000000000000,0.000000000000000000,0.000000000000000000,both,True
27,DSqGeCDKPUXb5M1nTW4TNcCfnf6NHu3NRssga4fLpump,0.000000,0.000000000000000000,0.000000000000000000,0.000000000000000000,both,True
27,DULXXSHDmg31kafHmbezkiAEh5KdzSKftzACRFcZpump,0.000000,0.000000000000000000,0.000000000000000000,0.000000000000000000,both,True
27,DVTMELsxbUEHiKSaK84aQnojrrwBUMvrePQSXoytpump,0.000000,0.000000000000000000,0.000000000000000000,0.000000000000000000,both,True
27,Da1TkJJzLp484HxJy6iDE5jpR7GWmnBWdVPtRdf7pump,0.000000,0.000000000000000000,0.000000000000000000,0.000000000000000000,both,True
27,Dbf6NbXKUVuBa7LzApbrJoo2DBRmiLo5imaYum2npump,0.00000,0.000000000000000000,0.000000000000000000,0.000000000000000000,both,True
27,Dd17wpv18xryRtBPLpJBRD7xcFvwd8x7FJVaUZdJpump,0.000000,0.000000000000000000,0.000000000000000000,0.000000000000000000,both,True
27,DeVEQjqqNisL7zQSSVajW78ABYxcPweNqx78atwXpump,0.000000,0.000000000000000000,0.000000000000000000,0.000000000000000000,both,True
27,DfsQN87rwgCaaxZkq4gDtzr6KmxZ9EKTsKjbqkTLpump,0.000000,0.000000000000000000,0.000000000000000000,0.000000000000000000,both,True
27,DgGqeFDyfmp471gXTXxgrjCPkHRWfRBJgTKg5nZqpump,0.000000,0.000000000000000000,0.000000000000000000,0.000000000000000000,both,True
27,DiScQvhMNRHvZSv3xu9LZP2TvV9pxyggzh1owfrhpump,0.000000,0.000000000000000000,0.000000000000000000,0.000000000000000000,both,True
27,DkpSuPbJaawJVNVkC9K2oKVF9J3fPb6xLZvKcEWapump,0.000000,0.000000000000000000,0.000000000000000000,0.000000000000000000,both,True
27,DnfUkVH8ZNpeEp19akdVEpVVKTmhw2aodzuNJo1Qpump,0.000000,0.000000000000000000,0.000000000000000000,0.000000000000000000,both,True
27,Dp2jD4fMMYfkzVJML59m5yGDvZvGvguwdbKasWrupump,0.000000,0.000000000000000000,0.000000000000000000,0.000000000000000000,both,True
27,Ds7poQtfAkuAZ32DSJecyuM1ABKjfXBu1GrJbRrypump,0.000000,0.000000000000000000,0.000000000000000000,0.000000000000000000,both,True
27,DvWJG83NdkpHuQrj82qy7LnH4Ta73uPigybeUgwfpump,0.000000,0.000000000000000000,0.000000000000000000,0.000000000000000000,both,True
27,DvYKqg7rMf5xWPmFkovKrpbABTbiTtSP4BmviagMpump,0.000000,0.000000000000000000,0.000000000000000000,0.000000000000000000,both,True
27,DybspQ5rPzJgryCLQbtVtuodHn9gLHxRq8qA31hmpump,0.000000,0.000000000000000000,0.000000000000000000,0.000000000000000000,both,True
27,EAF6CpxotqRYQVMbrWFYf1aZah9QsHgmgHKAtfqepump,0.000000,0.000000000000000000,0.000000000000000000,0.000000000000000000,both,True
27,EAX125guauLc8JJdReLDumeRBboSDURAW4dofzbdpump,0.000000,0.000000000000000000,0.000000000000000000,0.000000000000000000,both,True
27,EFTJNGPro5JxPr8nZkDMMDX4qKWX1Lr2V6sSdkYUpump,0.000000,0.000000000000000000,0.000000000000000000,0.000000000000000000,both,True
27,EG5scXrTYPdGzUMDEE7UsPPYBC65XAtQdY7K5okvpump,0.000000,0.000000000000000000,0.000000000000000000,0.000000000000000000,both,True
27,EK1v1dtisVma6f4Y6y1Hk3Q2PLzvLJ8efB8fQP1Cpump,0.000000,0.000000000000000000,0.000000000000000000,0.000000000000000000,both,True
27,EPjFWdd5AufqSSqeM2qN1xzybapC8G4wEGGkZwyTDt1v,378.988768,378.988768000000000000,1315.165380000000000000,1694.154148000000000000,both,True
27,EUdbM52Ar18MJAdYWNSzQZZacoHy3gV9M3FU6f3ipump,0.000000,0.000000000000000000,0.000000000000000000,0.000000000000000000,both,True
27,EWPuZY8BY4te7KicNcybZtWPzya82qqDdcPon8bZpump,0.000000,0.000000000000000000,0.000000000000000000,0.000000000000000000,both,True
27,EXGuG2baGrAAC31QzABFREfGq12FCrKMN3ncjB7gpump,0.000000,0.000000000000000000,0.000000000000000000,0.000000000000000000,both,True
27,Ef2KNjNEf7yr8Ab4kUQCAC8zXkXhayi56HLYCWz7pump,0.000000,0.000000000000000000,0.000000000000000000,0.000000000000000000,both,True
27,EfVHc6btzN444yz3SC2oYhFz9KTDJo9ThupHHzLwpump,0.000000,0.000000000000000000,0.000000000000000000,0.000000000000000000,both,True
27,EiT6WJb5giVkr5jd6aU5oJs5uaNXCfN16cXHj4t5pump,0.000000,0.000000000000000000,0.000000000000000000,0.000000000000000000,both,True
27,Emr5F1Q7TKy8E2VP62wRAQhjhwqHYeMC6o9qSGH4pump,0.00000,0.000000000000000000,0.000000000000000000,0.000000000000000000,both,True
27,ErriAJGCtfmGYq22tQCeZtTb5qP7XqN2FuSfYnydpump,0.000000,0.000000000000000000,0.000000000000000000,0.000000000000000000,both,True
27,EsM72ozyu97RhzKHYGytdLkK2dVzpAXodSLMP51zpump,0.000000,0.000000000000000000,0.000000000000000000,0.000000000000000000,both,True
27,Eui8eu9t4VvfPQ8cRyt3FF4GbZ5jT4F2zozuetCCpump,0.00000,0.000000000000000000,0.000000000000000000,0.000000000000000000,both,True
27,EupJLmbQMipVxjdnBwuStmAcuWfQmH7RhAYHbVnLpump,0.000000,0.000000000000000000,0.000000000000000000,0.000000000000000000,both,True
27,EvtZUYJQU3rMLuKGdC9b3drTJtKify5VocLg3bWHpump,0.000000,0.000000000000000000,0.000000000000000000,0.000000000000000000,both,True
27,ExG3o4Ts6troYys215WupWXaPeax9n8EMrmBSWmypump,0.000000,0.000000000000000000,0.000000000000000000,0.000000000000000000,both,True
27,ExS9mZYQ9orPQoBxnr5jizoZjNjiwQcE2dwAMMSZpump,0.000000,0.000000000000000000,0.000000000000000000,0.000000000000000000,both,True
27,F61wBtqibCHg5Y1FQkhKyRh4ZNpYkzt34x7bFDhbpump,0.000000,0.000000000000000000,0.000000000000000000,0.000000000000000000,both,True
27,F7Kd9hUH3xNZjseYvc8E7oaLqXyyHnGU6mqW6Y9vpump,0.000000,0.000000000000000000,0.000000000000000000,0.000000000000000000,both,True
27,F85edDefYvFXyTAqFdu1cFSeZhzRzXMVmScaGuAdpump,0.000000,0.000000000000000000,0.000000000000000000,0.000000000000000000,both,True
27,F9CCxDJg9i2eE6JeR5XCj8jfEPeNAAj5NQnK3kABpump,0.000000,0.000000000000000000,0.000000000000000000,0.000000000000000000,both,True
27,FApKwWhXJUZYXkZZMKx8jLwVp6JLQnbHaUdHQgeMpump,0.000000,0.000000000000000000,0.000000000000000000,0.000000000000000000,both,True
27,FCUPgRxHLnv4n4hNRannEM2kYR7EpdxsojfrhX9Ypump,0.000000,0.000000000000000000,0.000000000000000000,0.000000000000000000,both,True
27,FEygWF7aLRFThwKDwzL93hXM7SS66BuFMLPMR35Dpump,0.000000,0.000000000000000000,0.000000000000000000,0.000000000000000000,both,True
27,FVmBzTc8omCx7PQt5zcsvak8xZf3KoGA3cCH1q5Upump,0.000000,0.000000000000000000,0.000000000000000000,0.000000000000000000,both,True
27,FWAj2nBiBtBnLwHhNKphPR2djCc1WZFhaM8ksimtpump,0.000000,0.000000000000000000,0.000000000000000000,0.000000000000000000,both,True
27,FWCndXw3im3HGsuWxaMxnxtPRvZVYosRNuqCVqzLpump,0.000000,0.000000000000000000,0.000000000000000000,0.000000000000000000,both,True
27,FbyQUxkfKTCnUwXSYeQwH76kcX7EcDAveSWvK85Epump,0.000000,0.000000000000000000,0.000000000000000000,0.000000000000000000,both,True
27,Fc4Ac9jDHsAzbPuMjcp56T6UdY1Kei37CkE4J3Lkpump,0.000000,0.000000000000000000,0.000000000000000000,0.000000000000000000,both,True
27,FdCDAmMLvTrcV4UL8RPNMPnVLdpZEdZ7XEGcqttspump,0.000000,0.000000000000000000,0.000000000000000000,0.000000000000000000,both,True
27,FdHZJCjsciU76vDYK8LUkSCAdNhUyZH8TFA8VXV9pump,0.000000,0.000000000000000000,0.000000000000000000,0.000000000000000000,both,True
27,FdkS9cqZta12SgebjucXZioMv44tTLpW4yiZ2abXpump,0.000000,0.000000000000000000,0.000000000000000000,0.000000000000000000,both,True
27,FhaCoCi3LC9VLRKCNRrN3oUXGR1bLJnnRVEeDNYCpump,3313602.345740,3313602.345740000000000000,0.000000000000000000,3313602.345740000000000000,both,True
27,FkBDdNMYPvb6SaQKdDqXGNuyNSDjd4dv1cZVuqFBpump,0.000000,0.000000000000000000,0.000000000000000000,0.000000000000000000,both,True
27,Fm3A7tRUaTZUFuxL92gbwfBwYpGtHKeCwJr6n5Fvpump,0.000000,0.000000000000000000,0.000000000000000000,0.000000000000000000,both,True
27,FmddStAaqfWsFesfPeeaJaLfS4AFs7pF2TYdCQxzpump,0.000000,0.000000000000000000,0.000000000000000000,0.000000000000000000,both,True
27,FnzwGVn5LejuLHs9GDWtwXXeCSL8PosJrRTND5Zppump,0.000000,0.000000000000000000,0.000000000000000000,0.000000000000000000,both,True
27,FpyoprViTz1isjU2k1R7SEDvnAWTSbuPbK4KntYRpump,0.000000,0.000000000000000000,0.000000000000000000,0.000000000000000000,both,True
27,Fq8Xp3TbursEA9xX4J8PdToJkAgboWZD1CfzdoAYpump,0.00000,0.000000000000000000,0.000000000000000000,0.000000000000000000,both,True
27,Fx9nPFm7jHhQtD5dxu5jaufc7XpSzsKBgE8yAxdkpump,0.000000,0.000000000000000000,0.000000000000000000,0.000000000000000000,both,True
27,FyRC8q7v2HTweRWe7VLR1QWqVskyZgnngUhHsBxBpump,0.000000,0.000000000000000000,0.000000000000000000,0.000000000000000000,both,True
27,FzhUSedEFcBMaCdNrkw1HZ1khgdjZ2Mzn6z53dU4pump,0.00000,0.000000000000000000,0.000000000000000000,0.000000000000000000,both,True
27,FzpW9PvMqjFQhAEC7y7xhSqZCxwDHWR9cFSV8x24pump,0.000000,0.000000000000000000,0.000000000000000000,0.000000000000000000,both,True
27,G3UXvCrYzqXeFn8hBMMvnmsZTSKHVv7wXPf5RU45pump,0.000000,0.000000000000000000,0.000000000000000000,0.000000000000000000,both,True
27,G55aZ5Ti8cpLjjAgUcHf4EZ5Zcb3EmVgREzj6awspump,0.000000,0.000000000000000000,0.000000000000000000,0.000000000000000000,both,True
27,GAW8Hi14FveoEyhYrpwXFiZLXP5cENXbgphANeLDpump,0.000000,0.000000000000000000,0.000000000000000000,0.000000000000000000,both,True
27,GCURdJzyheufhHyVHhhKHLoGqGm4L3uccACuHsKppump,0.000000,0.000000000000000000,0.000000000000000000,0.000000000000000000,both,True
27,GDcBPnAXoKiAsVYujUaBUgfE2YE9PTVFmMQTDRbTpump,0.000000,0.000000000000000000,0.000000000000000000,0.000000000000000000,both,True
27,GEVHLvC61hbKq463VMbEW6Mphxd1PnafzXZRunaRpump,0.000000,0.000000000000000000,0.000000000000000000,0.000000000000000000,both,True
27,GEmKAWewtZR1wXiRXqmVcD4oRfjoSSDtJVXBGagKpump,0.000000,0.000000000000000000,0.000000000000000000,0.000000000000000000,both,True
27,GJqs6ocVqEamtyQsgmrMNFyTsLhYsoo9G1DwSMrMpump,0.000000,0.000000000000000000,0.000000000000000000,0.000000000000000000,both,True
27,GNZNZHRqkY1M2WfLqPio7nXw4aBXUmXu9fGRegutpump,0.000000,0.000000000000000000,0.000000000000000000,0.000000000000000000,both,True
27,GNagyrSNXzEufzzy5sHdz68iBxXv499KFAJERvCvpump,0.000000,0.000000000000000000,0.000000000000000000,0.000000000000000000,both,True
27,GRMp277NAMg8pa9PzaxKEeHwXAhQGg5oaqEBZ9x3pump,0.000000,0.000000000000000000,0.000000000000000000,0.000000000000000000,both,True
27,GSiNbaT5niy3U6UfzzR7WxtzJXwyLi69RF8TvvTzpump,0.000000,0.000000000000000000,0.000000000000000000,0.000000000000000000,both,True
27,GTNPAWo2LAG1RE5tYUbQFofHAzT9PRYH2bQvo67Wpump,0.000000,0.000000000000000000,0.000000000000000000,0.000000000000000000,both,True
27,GTiRhtGfLdT17GGhG5j6SGPdPfNXS3zYWQ4h3CMUpump,0.000000,0.000000000000000000,0.000000000000000000,0.000000000000000000,both,True
27,GUbMPCV3BLWRUWC5cEF2F3FY29zDnBxckYvT8obLpump,0.000000,0.000000000000000000,0.000000000000000000,0.000000000000000000,both,True
27,GYSZKGCTkfcRc74nrgJ9W8giYUbyFRFnFWoBiY4Fpump,0.000000,0.000000000000000000,0.000000000000000000,0.000000000000000000,both,True
27,GYxYrJV8RL8BU3DaEGRvPGVGqbgzucXk2LZdYBYYpump,0.000000,0.000000000000000000,0.000000000000000000,0.000000000000000000,both,True
27,GcJ217y4Kc4c9iY1kfpTTHaceNZN3uM32JZeT7pUpump,0.000000,0.000000000000000000,0.000000000000000000,0.000000000000000000,both,True
27,GdoVgFWMehx5ZBTAm9r71VFKtLnnvJWfvnoRvsKFpump,0.000000,0.000000000000000000,0.000000000000000000,0.000000000000000000,both,True
27,Ge3FCrXmCtHfEjqvnPH1aCkp2ZUFS6zfPCArnJvKpump,0.000000,0.000000000000000000,0.000000000000000000,0.000000000000000000,both,True
27,Gfs5RjqWVUuCyXCZbAkmHyPNPXjkpm7SDiPkXmhnpump,0.000000,0.000000000000000000,0.000000000000000000,0.000000000000000000,both,True
27,Gi1BU5tXMpFVnhBMypJLWhABGitqxTSLCMhfHSobpump,0.000000,0.000000000000000000,0.000000000000000000,0.000000000000000000,both,True
27,GjdChwix7GZtMJuNZ8vvwUVgeQ838qp3oM4BPAuLpump,0,0.000000000000000000,0.000000000000000000,0.000000000000000000,both,True
27,GkGDHpkeDeHCLYuhUn4uSBGtbamwrYUHmJqDLWiupump,0,0.000000000000000000,0.000000000000000000,0.000000000000000000,both,True
27,GkGkzNBoPZq91uhS5AGRuFRH9ixjA8zG3tmCH5Zpump,0.000000,0.000000000000000000,0.000000000000000000,0.000000000000000000,both,True
27,GmiwFmDYSodzdkdRZwwTdFDSmK4SkcKFamvaWCYJ9cVm,0.000000,0.000000000000000000,0.000000000000000000,0.000000000000000000,both,True
27,Gst4TC7JEucHYZDJkgGk17887dr1fe3mcK2Foo3pump,0.000000,0.000000000000000000,0.000000000000000000,0.000000000000000000,both,True
27,GtW1SaL6Qbgabgp74GgtszHyZSSZtL23EMVtDrmkpump,0.000000,0.000000000000000000,0.000000000000000000,0.000000000000000000,both,True
27,GwFfXDvnJ1bpFgrjD9XXy7U5anVLjamnuk8KTCsHpump,0.000000,0.000000000000000000,0.000000000000000000,0.000000000000000000,both,True
27,GyBBFhE3f8as8YpmddRbwuuTzVJtPnpC6muvSBs5pump,0.000000,0.000000000000000000,0.000000000000000000,0.000000000000000000,both,True
27,H41kAJqAAjcuK82SSgBUmBYqenbMdRABwXDP3iLBpump,0.000000,0.000000000000000000,0.000000000000000000,0.000000000000000000,both,True
27,H7szBS8Siza5Bagb5ovEgQq1pWQ3jjee5yYpdUh5pump,0.000000,0.000000000000000000,0.000000000000000000,0.000000000000000000,both,True
27,H9oHT8Dp1CaW9MaE1dhYSLrViohskzV7TW8qMNyhpump,0.000000,0.000000000000000000,0.000000000000000000,0.000000000000000000,both,True
27,HAnVLPQ3VJHJmbgQuWjo1NQK5Th9qG6MA6LDKmbZpump,0.000000,0.000000000000000000,0.000000000000000000,0.000000000000000000,both,True
27,HEvgERoPajqiuToDccA6hyYzvUZYig245ynVjXYwpump,0.000000,0.000000000000000000,0.000000000000000000,0.000000000000000000,both,True
27,HHajJiSdpEwrw3mBQYQGZyXZ2QYtXQfpFC8BLzZypump,0.000000,0.000000000000000000,0.000000000000000000,0.000000000000000000,both,True
27,HHd64TfuUiqvyo1QdRyD6PTWxKhszRLx3phzMmKepump,0.000000,0.000000000000000000,0.000000000000000000,0.000000000000000000,both,True
27,HJuDhfn5cSUNSpvmYHEo8iTqjgmfLQ5NNjaUqsoFpump,0.000000,0.000000000000000000,0.000000000000000000,0.000000000000000000,both,True
27,HLmgnzpWoXbmgnsiuVkZpjGGGKSiomntPaUmAt5rpump,0.000000,0.000000000000000000,0.000000000000000000,0.000000000000000000,both,True
27,HM6MzE94okke92KFP9JzDaL6FXrLDHxUh5LNepwxpump,0.000000,0.000000000000000000,0.000000000000000000,0.000000000000000000,both,True
27,HQcbnvjVT5ATXykRVsR9wAY2TTpCM5fXgRmrhN7Tpump,0.000000,0.000000000000000000,0.000000000000000000,0.000000000000000000,both,True
27,HSswTgbNYg6dCLxMRxiPXe1Hi3u4YLtQ2Mfi3Wscpump,0.000000,0.000000000000000000,0.000000000000000000,0.000000000000000000,both,True
27,HVbWJZkJeMQrKcKzchTmB7ysDUuRRXyaedLpT1Japump,0.000000,0.000000000000000000,0.000000000000000000,0.000000000000000000,both,True
27,HXMoKDT32Gg1MwWExUixh2SdUGcQqTHCotjRWn8Epump,0.000000,0.000000000000000000,0.000000000000000000,0.000000000000000000,both,True
27,HXZ28PqWqtCX5gyeGURNi8pQ9kXmKDF4c3gBxdGmpump,0.000000,0.000000000000000000,0.000000000000000000,0.000000000000000000,both,True
27,HZnAudG8NRS8ba4nCmPZzUQyyi3SDfopoiSVeruHpump,0.000000,0.000000000000000000,0.000000000000000000,0.000000000000000000,both,True
27,Hc3UMsne6DNczr744YNxsg3LWV44NLKbMWxxMwTfpump,0.000000,0.000000000000000000,0.000000000000000000,0.000000000000000000,both,True
27,HepgXArhKKSxcqYTKrsrDthKXMsNjinXittBY8GKpump,0.000000,0.000000000000000000,0.000000000000000000,0.000000000000000000,both,True
27,HfN2t8raUJaFEvkLhegioTymyszQbFRB6wLdF29Spump,0.000000,0.000000000000000000,0.000000000000000000,0.000000000000000000,both,True
27,HhFQbUHxhejf2ADf51qVaCMd7dqdsgF8YyRsqvoapump,0.000000,0.000000000000000000,0.000000000000000000,0.000000000000000000,both,True
27,HowMmHRwQWHNPuDkTdo1UeySxM1bSh3saoKUiX7mpump,0.000000,0.000000000000000000,0.000000000000000000,0.000000000000000000,both,True
27,HpYa5bDB6HeRhTzsgmAj2JRo6oH3NC5CDRitzKVbpump,0.000000,0.000000000000000000,0.000000000000000000,0.000000000000000000,both,True
27,Hr55SZVJnP9AibF8q3chEwbue4ghwMs51a557a5epump,0.000000,0.000000000000000000,0.000000000000000000,0.000000000000000000,both,True
27,HtJNjuwK4XGzyovBUnVNHh337N6ootStv3Gb95icpump,0.000000,0.000000000000000000,0.000000000000000000,0.000000000000000000,both,True
27,HuLRLnPKchFZbj8VHhHZmh5bDq4kmEBp4niUFk1bpump,0.000000,0.000000000000000000,0.000000000000000000,0.000000000000000000,both,True
27,Hx9Lyk3napGyndp48yv7wbYZE3Cs8SJoozmbJk93pump,0.000000,0.000000000000000000,0.000000000000000000,0.000000000000000000,both,True
27,HyfLsQnsCRnqLKYSE7P65ENakseP7LyLBR59fRWLpump,0.000000,0.000000000000000000,0.000000000000000000,0.000000000000000000,both,True
27,J1MBuxg1RjRLkDD7X5d39w2yxGLcdZn2DYfTw8LGpump,0.00000,0.000000000000000000,0.000000000000000000,0.000000000000000000,both,True
27,J1YFRoL5N436umRhidBasr7NDWfCQcrJt8wnqyMmpump,0.000000,0.000000000000000000,0.000000000000000000,0.000000000000000000,both,True
27,J1mTzSfSumrYeiUZFSGY7kATTtAmMbCTkhsD32Nepump,0.000000,0.000000000000000000,0.000000000000000000,0.000000000000000000,both,True
27,J3NxffwZfgezEdt7UKGNbGAzvG4ZFq2kVK58mCwBpump,0.000000,0.000000000000000000,0.000000000000000000,0.000000000000000000,both,True
27,J3QQX2GSXisacPf3NPbD3M38qxMiMBpSk951rdLSpump,0.00000,0.000000000000000000,0.000000000000000000,0.000000000000000000,both,True
27,J3SacSjBuRjAnZSBXWszRCNU1xWgYJuZQW88WKMLpump,0.000000,0.000000000000000000,0.000000000000000000,0.000000000000000000,both,True
27,J5ao9WXipsiWRFAcQ63roJv5LR8ev9ULZ9xzJHCfpump,0.000000,0.000000000000000000,0.000000000000000000,0.000000000000000000,both,True
27,J9SS8zvpo3Lx1WaGfJ6fPQYjdDztoV6sD7Bfqsocpump,0.000000,0.000000000000000000,0.000000000000000000,0.000000000000000000,both,True
27,JAmoMDBJrSWrXL4MdFrHLwdpUYprUrcADVfvQnQopump,0.000000,0.000000000000000000,0.000000000000000000,0.000000000000000000,both,True
27,JCQtmKLkLbjtMoMDQK9XzrXdNjAXfsBNtDKrJbDxpump,0.000000,0.000000000000000000,0.000000000000000000,0.000000000000000000,both,True
27,JCfRZPGKKaVkNCZhXryeEs986C1mokdgaR85UVJRpump,0.000000,0.000000000000000000,0.000000000000000000,0.000000000000000000,both,True
27,JCzwYiTS7uLoVrfnWaW99sU1UepQgbbUsDCnNacXpump,0.000000,0.000000000000000000,0.000000000000000000,0.000000000000000000,both,True
27,JDxW7A2rxzTDNyoF87P81zKYZA8sFhyaqRqdj1fxpump,0.000000,0.000000000000000000,0.000000000000000000,0.000000000000000000,both,True
27,KCT2P1aLVC2K7VeSpQfNqmozfDCvEXBALFSumgUpump,0.000000,0.000000000000000000,0.000000000000000000,0.000000000000000000,both,True
27,KJFzCQqaFfcxJKMHxysxTyMvm2vwJPNYVtubG5dpump,0.000000,0.000000000000000000,0.000000000000000000,0.000000000000000000,both,True
27,KR7XboGg315QjsQYRxoyVFXMEhDZNV4xhwHLrE4pump,0.000000,0.000000000000000000,0.000000000000000000,0.000000000000000000,both,True
27,MoNBG7s4cvx4DjMxJhYwZZsH57aZFpdNfKRjvempump,0.000000,0.000000000000000000,0.000000000000000000,0.000000000000000000,both,True
27,P4QfxnfJy2ySQisM7gfsBLUTPpwD3UkPxHypsBcpump,0.000000,0.000000000000000000,0.000000000000000000,0.000000000000000000,both,True
27,Qd2A6fZ497bbURLaSewJ1z1fFQoPd7X5UkhiUeUpump,0.000000,0.000000000000000000,0.000000000000000000,0.000000000000000000,both,True
27,QighZfR2njZcaVEjWizKZPtyjKDgvLxMWTvTx1Wpump,0.000000,0.000000000000000000,0.000000000000000000,0.000000000000000000,both,True
27,Sc3rQUJWZcy2LUMrbKbemnpKzfePui1rLqVuoK2pump,0.000000,0.000000000000000000,0.000000000000000000,0.000000000000000000,both,True
27,V7FWaV4amtMyoQ32HYp3SGAY9s9qBBoxm5HKUycpump,0.000000,0.000000000000000000,0.000000000000000000,0.000000000000000000,both,True
27,WN54zCmbG2aFPSvy1oUnsZTUNyGWDNbHPHagQx3pump,0.000000,0.000000000000000000,0.000000000000000000,0.000000000000000000,both,True
27,atantYYJ1YFSSn9EZS5NbDFn5SiVddNrt6hFN47pump,0.000000,0.000000000000000000,0.000000000000000000,0.000000000000000000,both,True
27,e4hSk2a3MniE6a6g1bByberA5DhN3RPXtBGVCW1pump,0.000000,0.000000000000000000,0.000000000000000000,0.000000000000000000,both,True
27,fotkr6okih6VfVB8iiKWQNVsYKZUpcTHGPETpXvpump,402608.301038,402608.301038000000000000,0.000000000000000000,402608.301038000000000000,both,True
27,hce2JNQYgEFbCkZNmdt1A8PtiZCdW7ApeAMHjWApump,0.000000,0.000000000000000000,0.000000000000000000,0.000000000000000000,both,True
27,hdD2xeH3a19V7GEEmZiMxHqhpiRjA7joARxDdb3pump,0.000000,0.000000000000000000,0.000000000000000000,0.000000000000000000,both,True
27,jZh1GJzoUGs1zdPG9JcdpnG4KVzGNf7UfKFCoNRpump,0.000000,0.000000000000000000,0.000000000000000000,0.000000000000000000,both,True
27,kNAnZvYhhJVMJA81aGFoAp7gtyooAfaN1t71AW2pump,0.000000,0.000000000000000000,0.000000000000000000,0.000000000000000000,both,True
27,mrT3c4tSD9NWBjB1oy5G9N9CcYYfMW2Gv4gP4MJpump,0.000000,0.000000000000000000,0.000000000000000000,0.000000000000000000,both,True
27,nn3nisxERV1hmyVto5W93qHozA3D7jQMTxUomsZpump,0.000000,0.000000000000000000,0.000000000000000000,0.000000000000000000,both,True
27,oetntAAHVQXtLuVmyoEcLRBqfhxtnE9159DVp5Kpump,0.000000,0.000000000000000000,0.000000000000000000,0.000000000000000000,both,True
27,rRbbEQ5rb9rvbMYEhxUbTr6cpEX5Q1nr3t38SL6pump,0.000000,0.000000000000000000,0.000000000000000000,0.000000000000000000,both,True
27,sVW9Vbezyjkm5JnhEtE9A9ss16wo7VSYDvgkohwpump,0.000000,0.000000000000000000,0.000000000000000000,0.000000000000000000,both,True
27,vSeg2ttF42ukoJVzh8Vvo4xwmHYMPazLARK8E6vpump,0.000000,0.000000000000000000,0.000000000000000000,0.000000000000000000,both,True
27,y71fF2XMBj4BjhM5zPNnETr292oGHh3VYXnSNz7pump,0.000000,0.000000000000000000,0.000000000000000000,0.000000000000000000,both,True
27,ymiUk88zUr2qF4egLXPqCUq9GXkPosdsMF5pf4spump,0.000000,0.000000000000000000,0.000000000000000000,0.000000000000000000,both,True
27,yoe5FxAp8PU45FFqVeVg1YaZJHYVnzpkst4FQfNpump,0.000000,0.000000000000000000,0.000000000000000000,0.000000000000000000,both,True
27,zSx84Nz4zo17srrGZMiLNceQHMTkhxZ28spdpQEpump,0.000000,0.000000000000000000,0.000000000000000000,0.000000000000000000,both,True
27,ze7bJZT1Pef2HUhiiHBNqzXDnTr4C3Ag1u7esFRpump,0.000000,0.000000000000000000,0.000000000000000000,0.000000000000000000,both,True
28,3BjBsJHzVpV2jfCSbtSnqnytYdQHUXfL1ykaJmuNh9Zf,0.000000,0.000000000000000000,0.000000000000000000,0.000000000000000000,both,True
28,47QvZPXhLG5q34JMthCEa1oEBtrGuGvjcTDyAbGWZkdA,0.000000,0.000000000000000000,0.000000000000000000,0.000000000000000000,both,True
28,4MJCtyJrzvSKKUGAtcJbG3nzPbvtcif6Q2NuXdLG4LE5,0.000000,0.000000000000000000,0.000000000000000000,0.000000000000000000,both,True
28,4WMXt8fNDsnzi49SbdXfSRDcZzFvCAczz5uPPbu6VANu,0.000000,0.000000000000000000,0.000000000000000000,0.000000000000000000,both,True
28,4aSYq6sbZZk4CwunD6q1xx1pDXfo499cfWiAo82z1zKA,0.000000,0.000000000000000000,0.000000000000000000,0.000000000000000000,both,True
28,4qV4aRGPA3BSTxPwwP5enuTwf3xQch3vkWPreViCVHpb,-13439187.501689,-13439187.501689000000000000,13439187.501689000000000000,0.000000000000000000,both,True
28,4zenJTp6uiKTPy8vDLut9BxCnxRFHyC4MYquPDUQv9Fj,0.000000,0.000000000000000000,0.000000000000000000,0.000000000000000000,both,True
28,54eAouzgpurXAM8rGadncrcKDMnuHhViKHxkWQp83sQz,0.000000,0.000000000000000000,0.000000000000000000,0.000000000000000000,both,True
28,5tnf39vFhKb49ovRvTe7eWyWuEmbhYCP2cQzH3MjWYiE,0.000000,0.000000000000000000,0.000000000000000000,0.000000000000000000,both,True
28,6jJtFmerDGih66L87wdCz4NwW3hVXhRYdWVtK1r4vCAh,0.000000,0.000000000000000000,0.000000000000000000,0.000000000000000000,both,True
28,73xn5CPgvkgXn3exANDBZKVy2LQrqQVcGtoRTYYvvMW8,0.000000,0.000000000000000000,0.000000000000000000,0.000000000000000000,both,True
28,7NDUSNv5SYwuTeNpDaNHAtSUjFYHg7SQSavHQVPtLKN6,0.000000,0.000000000000000000,0.000000000000000000,0.000000000000000000,both,True
28,8JJ535dWCbTuCahqGwGNJZQXYYCZnSrqChiQQpZK1Jrs,0.000000,0.000000000000000000,0.000000000000000000,0.000000000000000000,both,True
28,8KebufsVNzBYhuvdLWjQPgM9TdWNbdLJ53CgJNu7xYfP,0.000000,0.000000000000000000,0.000000000000000000,0.000000000000000000,both,True
28,9NdANBWH3ytatuBktRUdazXcct8gq3dd92ZYKDkYfnna,0.000000,0.000000000000000000,0.000000000000000000,0.000000000000000000,both,True
28,9uBLuSeUdY56ejW8S9ofWwbaH8qWBUJAfBw1YqTti5ok,0.000000,0.000000000000000000,0.000000000000000000,0.000000000000000000,both,True
28,AYHDwwEwbWUoqrwAi3DyivDDmqBy7wHzk52pACHihJ4U,0.000000,0.000000000000000000,0.000000000000000000,0.000000000000000000,both,True
28,Bg6TDve9Qc8ipa8ob7p5wwwPWwP4rKxmKPQRA4ri4QzF,0.000000,0.000000000000000000,0.000000000000000000,0.000000000000000000,both,True
28,CRSBLojuNn2yPe3M2qKBNDaP8di2vJHdsoz5jjypSg5Z,0.000000,0.000000000000000000,0.000000000000000000,0.000000000000000000,both,True
28,CnMdeUB4gUx96ZtBaThuDfYHfwyka84S4bKmeHX1wtvN,0.000000,0.000000000000000000,0.000000000000000000,0.000000000000000000,both,True
28,CsvmfBjDjWmW5SKYZU3i9WRq97Zp3ni95CW4gWgoS4FH,0.000000,0.000000000000000000,0.000000000000000000,0.000000000000000000,both,True
28,CyAuF4co4eAho8BzLm6RzJrBX8M4DCWsfPgEZNWtLQnU,0.000000,0.000000000000000000,0.000000000000000000,0.000000000000000000,both,True
28,DWwSnEk6r9RGrLdWfzQdrdXUHNPgZ4zfC61Mbnj6FnEv,0.000000,0.000000000000000000,0.000000000000000000,0.000000000000000000,both,True
28,DtP7NrR2eFkjq7AfvZ8pzGKGHkYJApCuMcXWPN2X12VL,0.000000,0.000000000000000000,0.000000000000000000,0.000000000000000000,both,True
28,E3JG1NBUYk2fEPfPH3jkza3GP2v29cwCnCtBiEcFPPTe,0.000000,0.000000000000000000,0.000000000000000000,0.000000000000000000,both,True
28,ESZDdakwP7vY2o4ShXGiXanF2ja7gTFSgehdSwHAsq4c,0.000000,0.000000000000000000,0.000000000000000000,0.000000000000000000,both,True
28,EwRbGQYhkefzwwM5hD6sCRL9yx7RYLetymkqjVVzdLQo,0.000000,0.000000000000000000,0.000000000000000000,0.000000000000000000,both,True
28,F5Lsq4KKZ6QJYhxVuWvh98LQUYJmi8dGbbsZ3Um8MYBC,0.000000,0.000000000000000000,0.000000000000000000,0.000000000000000000,both,True
28,F9o4YCWmTQSRdrNLdfSMtGM9kauPUpSNxpYAydgwBfB2,0.000000,0.000000000000000000,0.000000000000000000,0.000000000000000000,both,True
28,GFdHQnCtVkoSEHrB5XwcbszqDP4EVzPP62Mw4bQ8kDms,0.000000,0.000000000000000000,0.000000000000000000,0.000000000000000000,both,True
28,GQHKpQUAnfTmEUeUFD8DxiRcNN9mCgTADd6rMJWRvkgh,0.000000,0.000000000000000000,0.000000000000000000,0.000000000000000000,both,True
28,HkYte1oMkyDHQPYJk4Ry7rqEvFPtQFRUxjFS6mfwFV9Z,0.000000,0.000000000000000000,0.000000000000000000,0.000000000000000000,both,True
28,HzcyLQTX8FeiWxUNCHxneNXPpiELx5usnHqHqxQ46we5,0.000000,0.000000000000000000,0.000000000000000000,0.000000000000000000,both,True
28,J26i7DagEbDc5TaFjzi8vQGXuH1NieSMH2YxgYJKRw4d,0.000000,0.000000000000000000,0.000000000000000000,0.000000000000000000,both,True
28,LioBpvePbDYFsdcXzaEpdChMpZXy7tDR8eSTf2ucLvA,0.000000,0.000000000000000000,0.000000000000000000,0.000000000000000000,both,True
28,Xh6g1Zd1zCMQHrkM9vbxiTjW4G1zvkfgJxRhTr35f7a,0.000000,0.000000000000000000,0.000000000000000000,0.000000000000000000,both,True
28,uZCi8qdUrkjDw3bgcanThKLnTLF9dXURb22fDzrVUGV,0.000000,0.000000000000000000,0.000000000000000000,0.000000000000000000,both,True
29,21xk7FH6UXzJatVJKRrA5ksQECcWy6ERUXUVGZk6Q8ab,0.000000,0.000000000000000000,0.000000000000000000,0.000000000000000000,both,True
29,2u3B3mr7DT4NGdah2XpYq2MRqS9AgpPAac6VFGpdJAKi,0.000000,0.000000000000000000,0.000000000000000000,0.000000000000000000,both,True
29,3b3JCJGdqfZQTxDJUHwNCs4fFoMBZ24rxKuK7JRV1bzf,-7048330.598423,-7048330.598423000000000000,7048330.598423000000000000,0.000000000000000000,both,True
29,5S8gqLJcSfcJqi7tdCCvCGesJoG798yatRSghinU9X3x,-8074288.859186,-8074288.859186000000000000,8074288.859186000000000000,0.000000000000000000,both,True
29,5U1bbLgEZm7C981sJ1Wa9kaigZnJMgSfuKmNwPWGjQoW,0.000000,0.000000000000000000,0.000000000000000000,0.000000000000000000,both,True
29,5WLZsqDYrv3eVGfoBbnCSVCi7jfxQN2U5osryunj9dzg,0.000000,0.000000000000000000,0.000000000000000000,0.000000000000000000,both,True
29,61kwqMpmxiKL8wNioWZ6rvaa8sbRLG7gX4xNNorwGJji,0.000000,0.000000000000000000,0.000000000000000000,0.000000000000000000,both,True
29,6J24HmqPNpnYVCASxmtmqua4JiQNAaQatRktRmnECpup,0.000000,0.000000000000000000,0.000000000000000000,0.000000000000000000,both,True
29,6RSK3qKPRAbutRsiLevaoAegZaq76mYpV3CafEqzcVPb,9965055.810995,9965055.810995000000000000,0.000000000000000000,9965055.810995000000000000,both,True
29,6yHsvC9nLrpcwNGE9YXaZXTVV6FZfzhaNixLB6poZ7Xo,-10674649.859911,-10674649.859911000000000000,10674649.859911000000000000,0.000000000000000000,both,True
29,7yKxcgdaEWnV19q2fP8GaB8Ueqmg2MfEwwxcgG9TsQfB,-2011955.026493,-2011955.026493000000000000,2011955.026493000000000000,0.000000000000000000,both,True
29,8LoxnuAdi74NP1ekuu9AhkLFkVVrZxVfRujq4JXjAbxc,0.000000,0.000000000000000000,0.000000000000000000,0.000000000000000000,both,True
29,8kPMxVEKLha1o3M5CbyGUP3ZdarsnwEqzxnh92H4qY8,-20589640.914773,-20589640.914773000000000000,20589640.914773000000000000,0.000000000000000000,both,True
29,8ymgRxtmSrfiqUStfLkHToEMqNmZE4tT9G3AEseeMqy6,9815479.896717,9815479.896717000000000000,0.000000000000000000,9815479.896717000000000000,both,True
29,Aha2V5Sg12iDzQ2qvUERnk57PgVv3tSFF6dUs7YcWBdw,0.000000,0.000000000000000000,0.000000000000000000,0.000000000000000000,both,True
29,Bv2rFf8KP7EyvUFCXkyHNpscVPNMgyNLV5aAmWeujkZr,0.000000,0.000000000000000000,0.000000000000000000,0.000000000000000000,both,True
29,CpYxXLZdA86734er1PMbN6C6j7VSmKGrZqQMAQAvGkKt,-941546.317522,-941546.317522000000000000,941546.317522000000000000,0.000000000000000000,both,True
29,E7w4X9Nn5zq4zCnos4vMdLqy3qJZuyfnR6PQNU2aLBBJ,17412399.223515,17412399.223515000000000000,0.000000000000000000,17412399.223515000000000000,both,True
29,F1cu7ZjKCuCF55xHtKwaWYy9HgyTXFwq77fiLYGnz7u5,0.000000,0.000000000000000000,0.000000000000000000,0.000000000000000000,both,True
29,F4FMkzN8xzL26jMtEkX58YzpPBXMLdQPBP15byb57QNg,0.000000,0.000000000000000000,0.000000000000000000,0.000000000000000000,both,True
29,Fj9AS4yN4BnkB5AQBVuTpYqyFPqPDqcPcwH7r7sb78Ex,0.000000,0.000000000000000000,0.000000000000000000,0.000000000000000000,both,True
29,GMsh6TLYhu8F6ud9DPzAskvEicvtcyWevVu5L2XnQDYW,0.000000,0.000000000000000000,0.000000000000000000,0.000000000000000000,both,True
29,GSCM3fsPjSKkz18YPz1eHLaB7gZ2uz1UpXvXg9E7Qi5E,0.000000,0.000000000000000000,0.000000000000000000,0.000000000000000000,both,True
29,GWekqSkMmkPYHa2HTQvSLu3P7uW56p5vDs4wePfPknuW,0.000000,0.000000000000000000,0.000000000000000000,0.000000000000000000,both,True
