market,class,weekend_start_utc,usd_volume
cash_AMZN,美股个股,2026-03-13T20:00Z,984799.87
cash_AMZN,美股个股,2026-03-20T20:00Z,2594169.71
cash_AMZN,美股个股,2026-03-27T20:00Z,3701176.05
cash_AMZN,美股个股,2026-04-03T20:00Z,949620.11
cash_AMZN,美股个股,2026-04-10T20:00Z,3361694.85
cash_AMZN,美股个股,2026-04-17T20:00Z,1300512.72
cash_AMZN,美股个股,2026-04-24T20:00Z,872685.52
cash_AMZN,美股个股,2026-05-01T20:00Z,335214.33
cash_AMZN,美股个股,2026-05-08T20:00Z,581487.0
cash_AMZN,美股个股,2026-05-15T20:00Z,796725.2
cash_AMZN,美股个股,2026-05-22T20:00Z,1089849.19
cash_AMZN,美股个股,2026-05-29T20:00Z,1415961.23
cash_AMZN,美股个股,2026-06-05T20:00Z,2217644.9
cash_AMZN,美股个股,2026-06-12T20:00Z,910623.44
cash_AMZN,美股个股,2026-06-19T20:00Z,374091.16
cash_AMZN,美股个股,2026-06-26T20:00Z,879955.32
cash_CAR,美股个股,2026-05-01T20:00Z,13004.85
cash_CAR,美股个股,2026-05-08T20:00Z,40128.62
cash_CAR,美股个股,2026-05-15T20:00Z,8027.68
cash_CAR,美股个股,2026-05-22T20:00Z,160505.84
cash_CAR,美股个股,2026-05-29T20:00Z,31625.25
cash_CAR,美股个股,2026-06-05T20:00Z,37484.25
cash_CAR,美股个股,2026-06-12T20:00Z,175063.18
cash_CAR,美股个股,2026-06-19T20:00Z,6400.48
cash_CAR,美股个股,2026-06-26T20:00Z,20.06
cash_EWY,美股ETF,2026-03-13T20:00Z,3127905.24
cash_EWY,美股ETF,2026-03-20T20:00Z,4056838.92
cash_EWY,美股ETF,2026-03-27T20:00Z,1573130.23
cash_EWY,美股ETF,2026-04-03T20:00Z,1213739.26
cash_EWY,美股ETF,2026-04-10T20:00Z,5190665.89
cash_EWY,美股ETF,2026-04-17T20:00Z,1905016.44
cash_EWY,美股ETF,2026-04-24T20:00Z,446632.7
cash_EWY,美股ETF,2026-05-01T20:00Z,716356.76
cash_EWY,美股ETF,2026-05-08T20:00Z,3036894.93
cash_EWY,美股ETF,2026-05-15T20:00Z,1571124.74
cash_EWY,美股ETF,2026-05-22T20:00Z,7607818.48
cash_EWY,美股ETF,2026-05-29T20:00Z,2582881.3
cash_EWY,美股ETF,2026-06-05T20:00Z,16713547.27
cash_EWY,美股ETF,2026-06-12T20:00Z,4570582.28
cash_EWY,美股ETF,2026-06-19T20:00Z,1759299.02
cash_EWY,美股ETF,2026-06-26T20:00Z,1742811.54
cash_GOLD,商品,2026-03-13T20:00Z,1833585.23
cash_GOLD,商品,2026-03-20T20:00Z,19692965.38
cash_GOLD,商品,2026-03-27T20:00Z,4732112.3
cash_GOLD,商品,2026-04-03T20:00Z,1400389.34
cash_GOLD,商品,2026-04-10T20:00Z,879356.44
cash_GOLD,商品,2026-04-17T20:00Z,1861618.31
cash_GOLD,商品,2026-04-24T20:00Z,234451.64
cash_GOLD,商品,2026-05-01T20:00Z,424564.93
cash_GOLD,商品,2026-05-08T20:00Z,302713.53
cash_GOLD,商品,2026-05-15T20:00Z,566722.87
cash_GOLD,商品,2026-05-22T20:00Z,664933.73
cash_GOLD,商品,2026-05-29T20:00Z,295457.18
cash_GOLD,商品,2026-06-05T20:00Z,3192595.82
cash_GOLD,商品,2026-06-12T20:00Z,1069569.42
cash_GOLD,商品,2026-06-19T20:00Z,47947.67
cash_GOLD,商品,2026-06-26T20:00Z,21526.67
cash_GOOGL,美股个股,2026-03-13T20:00Z,992627.36
cash_GOOGL,美股个股,2026-03-20T20:00Z,1688236.8
cash_GOOGL,美股个股,2026-03-27T20:00Z,1957639.19
cash_GOOGL,美股个股,2026-04-03T20:00Z,937857.61
cash_GOOGL,美股个股,2026-04-10T20:00Z,1762195.31
cash_GOOGL,美股个股,2026-04-17T20:00Z,1014245.87
cash_GOOGL,美股个股,2026-04-24T20:00Z,859684.56
cash_GOOGL,美股个股,2026-05-01T20:00Z,835509.46
cash_GOOGL,美股个股,2026-05-08T20:00Z,681029.74
cash_GOOGL,美股个股,2026-05-15T20:00Z,862357.03
cash_GOOGL,美股个股,2026-05-22T20:00Z,1352655.41
cash_GOOGL,美股个股,2026-05-29T20:00Z,1049569.53
cash_GOOGL,美股个股,2026-06-05T20:00Z,4319530.66
cash_GOOGL,美股个股,2026-06-12T20:00Z,1246759.42
cash_GOOGL,美股个股,2026-06-19T20:00Z,413828.83
cash_GOOGL,美股个股,2026-06-26T20:00Z,871822.16
cash_HOOD,美股个股,2026-03-13T20:00Z,5774893.45
cash_HOOD,美股个股,2026-03-20T20:00Z,10188752.04
cash_HOOD,美股个股,2026-03-27T20:00Z,5305622.38
cash_HOOD,美股个股,2026-04-03T20:00Z,2721850.46
cash_HOOD,美股个股,2026-04-10T20:00Z,8129916.8
cash_HOOD,美股个股,2026-04-17T20:00Z,6525270.07
cash_HOOD,美股个股,2026-04-24T20:00Z,1777263.23
cash_HOOD,美股个股,2026-05-01T20:00Z,2497781.87
cash_HOOD,美股个股,2026-05-08T20:00Z,2220876.9
cash_HOOD,美股个股,2026-05-15T20:00Z,2238623.66
cash_HOOD,美股个股,2026-05-22T20:00Z,3767140.56
cash_HOOD,美股个股,2026-05-29T20:00Z,4261809.99
cash_HOOD,美股个股,2026-06-05T20:00Z,8651391.37
cash_HOOD,美股个股,2026-06-12T20:00Z,2576118.01
cash_HOOD,美股个股,2026-06-19T20:00Z,629325.9
cash_HOOD,美股个股,2026-06-26T20:00Z,492816.99
cash_INTC,美股个股,2026-03-13T20:00Z,2719388.42
cash_INTC,美股个股,2026-03-20T20:00Z,4884843.98
cash_INTC,美股个股,2026-03-27T20:00Z,5430208.82
cash_INTC,美股个股,2026-04-03T20:00Z,5193593.25
cash_INTC,美股个股,2026-04-10T20:00Z,7092228.2
cash_INTC,美股个股,2026-04-17T20:00Z,3329731.7
cash_INTC,美股个股,2026-04-24T20:00Z,6097199.82
cash_INTC,美股个股,2026-05-01T20:00Z,4597290.28
cash_INTC,美股个股,2026-05-08T20:00Z,7663873.54
cash_INTC,美股个股,2026-05-15T20:00Z,5275957.53
cash_INTC,美股个股,2026-05-22T20:00Z,6927907.07
cash_INTC,美股个股,2026-05-29T20:00Z,5091502.77
cash_INTC,美股个股,2026-06-05T20:00Z,11790715.83
cash_INTC,美股个股,2026-06-12T20:00Z,4076375.54
cash_INTC,美股个股,2026-06-19T20:00Z,4490426.07
cash_INTC,美股个股,2026-06-26T20:00Z,3335260.18
cash_KWEB,美股ETF,2026-03-20T20:00Z,234439.39
cash_KWEB,美股ETF,2026-03-27T20:00Z,175181.84
cash_KWEB,美股ETF,2026-04-03T20:00Z,4748.95
cash_KWEB,美股ETF,2026-04-10T20:00Z,477766.08
cash_KWEB,美股ETF,2026-04-17T20:00Z,532768.7
cash_KWEB,美股ETF,2026-04-24T20:00Z,49124.19
cash_KWEB,美股ETF,2026-05-01T20:00Z,2038.5
cash_KWEB,美股ETF,2026-05-08T20:00Z,48500.9
cash_KWEB,美股ETF,2026-05-15T20:00Z,45152.27
cash_KWEB,美股ETF,2026-05-22T20:00Z,32257.53
cash_KWEB,美股ETF,2026-05-29T20:00Z,30345.44
cash_KWEB,美股ETF,2026-06-05T20:00Z,250536.38
cash_KWEB,美股ETF,2026-06-12T20:00Z,33969.7
cash_KWEB,美股ETF,2026-06-19T20:00Z,0.0
cash_KWEB,美股ETF,2026-06-26T20:00Z,827.46
cash_META,美股个股,2026-03-13T20:00Z,3318467.02
cash_META,美股个股,2026-03-20T20:00Z,2027230.86
cash_META,美股个股,2026-03-27T20:00Z,4801152.15
cash_META,美股个股,2026-04-03T20:00Z,664964.43
cash_META,美股个股,2026-04-10T20:00Z,2603972.96
cash_META,美股个股,2026-04-17T20:00Z,950532.42
cash_META,美股个股,2026-04-24T20:00Z,777227.82
cash_META,美股个股,2026-05-01T20:00Z,1400876.71
cash_META,美股个股,2026-05-08T20:00Z,1043618.42
cash_META,美股个股,2026-05-15T20:00Z,823379.26
cash_META,美股个股,2026-05-22T20:00Z,612381.9
cash_META,美股个股,2026-05-29T20:00Z,2328403.24
cash_META,美股个股,2026-06-05T20:00Z,3935008.24
cash_META,美股个股,2026-06-12T20:00Z,971741.95
cash_META,美股个股,2026-06-19T20:00Z,279868.04
cash_META,美股个股,2026-06-26T20:00Z,485577.19
cash_MSFT,美股个股,2026-03-13T20:00Z,944096.01
cash_MSFT,美股个股,2026-03-20T20:00Z,1358147.8
cash_MSFT,美股个股,2026-03-27T20:00Z,1616543.31
cash_MSFT,美股个股,2026-04-03T20:00Z,641887.64
cash_MSFT,美股个股,2026-04-10T20:00Z,1824804.44
cash_MSFT,美股个股,2026-04-17T20:00Z,698556.44
cash_MSFT,美股个股,2026-04-24T20:00Z,625791.4
cash_MSFT,美股个股,2026-05-01T20:00Z,573951.57
cash_MSFT,美股个股,2026-05-08T20:00Z,576499.88
cash_MSFT,美股个股,2026-05-15T20:00Z,691042.31
cash_MSFT,美股个股,2026-05-22T20:00Z,436214.91
cash_MSFT,美股个股,2026-05-29T20:00Z,2967905.87
cash_MSFT,美股个股,2026-06-05T20:00Z,1837328.35
cash_MSFT,美股个股,2026-06-12T20:00Z,465750.51
cash_MSFT,美股个股,2026-06-19T20:00Z,278443.74
cash_MSFT,美股个股,2026-06-26T20:00Z,217042.98
cash_NVDA,美股个股,2026-03-13T20:00Z,3210883.65
cash_NVDA,美股个股,2026-03-20T20:00Z,3663228.46
cash_NVDA,美股个股,2026-03-27T20:00Z,4206371.33
cash_NVDA,美股个股,2026-04-03T20:00Z,987802.59
cash_NVDA,美股个股,2026-04-10T20:00Z,4165604.49
cash_NVDA,美股个股,2026-04-17T20:00Z,2111472.0
cash_NVDA,美股个股,2026-04-24T20:00Z,1587970.62
cash_NVDA,美股个股,2026-05-01T20:00Z,1860354.38
cash_NVDA,美股个股,2026-05-08T20:00Z,1203074.12
cash_NVDA,美股个股,2026-05-15T20:00Z,1380592.26
cash_NVDA,美股个股,2026-05-22T20:00Z,3936460.84
cash_NVDA,美股个股,2026-05-29T20:00Z,4755758.06
cash_NVDA,美股个股,2026-06-05T20:00Z,9919161.64
cash_NVDA,美股个股,2026-06-12T20:00Z,1699934.64
cash_NVDA,美股个股,2026-06-19T20:00Z,361651.67
cash_NVDA,美股个股,2026-06-26T20:00Z,662248.96
cash_SILVER,商品,2026-03-13T20:00Z,3920889.99
cash_SILVER,商品,2026-03-20T20:00Z,21153915.57
cash_SILVER,商品,2026-03-27T20:00Z,5904832.53
cash_SILVER,商品,2026-04-03T20:00Z,3472327.62
cash_SILVER,商品,2026-04-10T20:00Z,5713607.25
cash_SILVER,商品,2026-04-17T20:00Z,5956610.66
cash_SILVER,商品,2026-04-24T20:00Z,1960631.67
cash_SILVER,商品,2026-05-01T20:00Z,2837985.9
cash_SILVER,商品,2026-05-08T20:00Z,2764686.93
cash_SILVER,商品,2026-05-15T20:00Z,1786069.36
cash_SILVER,商品,2026-05-22T20:00Z,6377796.29
cash_SILVER,商品,2026-05-29T20:00Z,1047898.51
cash_SILVER,商品,2026-06-05T20:00Z,5047376.54
cash_SILVER,商品,2026-06-12T20:00Z,1586774.78
cash_SILVER,商品,2026-06-19T20:00Z,948279.42
cash_SILVER,商品,2026-06-26T20:00Z,419161.94
cash_TSLA,美股个股,2026-03-13T20:00Z,5041241.29
cash_TSLA,美股个股,2026-03-20T20:00Z,10911647.84
cash_TSLA,美股个股,2026-03-27T20:00Z,11436420.59
cash_TSLA,美股个股,2026-04-03T20:00Z,2681503.26
cash_TSLA,美股个股,2026-04-10T20:00Z,8299854.76
cash_TSLA,美股个股,2026-04-17T20:00Z,3340205.17
cash_TSLA,美股个股,2026-04-24T20:00Z,1498718.07
cash_TSLA,美股个股,2026-05-01T20:00Z,1232212.85
cash_TSLA,美股个股,2026-05-08T20:00Z,1145191.57
cash_TSLA,美股个股,2026-05-15T20:00Z,1369949.8
cash_TSLA,美股个股,2026-05-22T20:00Z,3209051.32
cash_TSLA,美股个股,2026-05-29T20:00Z,2143001.91
cash_TSLA,美股个股,2026-06-05T20:00Z,5908634.07
cash_TSLA,美股个股,2026-06-12T20:00Z,2122340.17
cash_TSLA,美股个股,2026-06-19T20:00Z,382180.65
cash_TSLA,美股个股,2026-06-26T20:00Z,654459.05
cash_USA500,美股指数,2026-03-13T20:00Z,67997587.7
cash_USA500,美股指数,2026-03-20T20:00Z,26093000.37
cash_USA500,美股指数,2026-03-27T20:00Z,27643331.35
cash_USA500,美股指数,2026-04-03T20:00Z,11761003.64
cash_USA500,美股指数,2026-04-10T20:00Z,23838274.56
cash_USA500,美股指数,2026-04-17T20:00Z,18749786.58
cash_USA500,美股指数,2026-04-24T20:00Z,15281922.52
cash_USA500,美股指数,2026-05-01T20:00Z,18441719.32
cash_USA500,美股指数,2026-05-08T20:00Z,6400724.3
cash_USA500,美股指数,2026-05-15T20:00Z,5102677.81
cash_USA500,美股指数,2026-05-22T20:00Z,19123269.76
cash_USA500,美股指数,2026-05-29T20:00Z,9922269.41
cash_USA500,美股指数,2026-06-05T20:00Z,19511876.29
cash_USA500,美股指数,2026-06-12T20:00Z,12495654.14
cash_USA500,美股指数,2026-06-19T20:00Z,2334899.14
cash_USA500,美股指数,2026-06-26T20:00Z,2743015.67
cash_WTI,商品,2026-03-13T20:00Z,29588446.9
cash_WTI,商品,2026-03-20T20:00Z,21193819.87
cash_WTI,商品,2026-03-27T20:00Z,18410581.43
cash_WTI,商品,2026-04-03T20:00Z,5160893.57
cash_WTI,商品,2026-04-10T20:00Z,22941018.73
cash_WTI,商品,2026-04-17T20:00Z,22051846.22
cash_WTI,商品,2026-04-24T20:00Z,6164251.78
cash_WTI,商品,2026-05-01T20:00Z,7351195.45
cash_WTI,商品,2026-05-08T20:00Z,8388442.92
cash_WTI,商品,2026-05-15T20:00Z,2300088.95
cash_WTI,商品,2026-05-22T20:00Z,18923630.05
cash_WTI,商品,2026-05-29T20:00Z,5689676.22
cash_WTI,商品,2026-06-05T20:00Z,17891667.58
cash_WTI,商品,2026-06-12T20:00Z,14239352.93
cash_WTI,商品,2026-06-19T20:00Z,3074301.81
cash_WTI,商品,2026-06-26T20:00Z,4688960.97
flx_COIN,美股个股,2026-03-13T20:00Z,219177.4
flx_COIN,美股个股,2026-03-20T20:00Z,349068.16
flx_COIN,美股个股,2026-03-27T20:00Z,127802.4
flx_COIN,美股个股,2026-04-03T20:00Z,18734.99
flx_COIN,美股个股,2026-04-10T20:00Z,409207.64
flx_COIN,美股个股,2026-04-17T20:00Z,131718.95
flx_COIN,美股个股,2026-04-24T20:00Z,67710.66
flx_COIN,美股个股,2026-05-01T20:00Z,194651.31
flx_COIN,美股个股,2026-05-08T20:00Z,157686.28
flx_COIN,美股个股,2026-05-15T20:00Z,92901.47
flx_COIN,美股个股,2026-05-22T20:00Z,25666.73
flx_COIN,美股个股,2026-05-29T20:00Z,96028.65
flx_COIN,美股个股,2026-06-05T20:00Z,44066.68
flx_COIN,美股个股,2026-06-12T20:00Z,4375.19
flx_COPPER,商品,2026-03-13T20:00Z,173365.54
flx_COPPER,商品,2026-03-20T20:00Z,178345.71
flx_COPPER,商品,2026-03-27T20:00Z,12164.32
flx_COPPER,商品,2026-04-03T20:00Z,101732.14
flx_COPPER,商品,2026-04-10T20:00Z,44643.39
flx_COPPER,商品,2026-04-17T20:00Z,25387.65
flx_COPPER,商品,2026-04-24T20:00Z,44687.11
flx_COPPER,商品,2026-05-01T20:00Z,3567.1
flx_COPPER,商品,2026-05-08T20:00Z,355612.32
flx_COPPER,商品,2026-05-15T20:00Z,33525.72
flx_COPPER,商品,2026-05-22T20:00Z,61583.63
flx_COPPER,商品,2026-05-29T20:00Z,6422.6
flx_COPPER,商品,2026-06-05T20:00Z,180615.7
flx_COPPER,商品,2026-06-12T20:00Z,7091.81
flx_CRCL,美股个股,2026-03-13T20:00Z,126656.55
flx_CRCL,美股个股,2026-03-20T20:00Z,416509.53
flx_CRCL,美股个股,2026-03-27T20:00Z,277938.54
flx_CRCL,美股个股,2026-04-03T20:00Z,21059.59
flx_CRCL,美股个股,2026-04-10T20:00Z,451247.01
flx_CRCL,美股个股,2026-04-17T20:00Z,98597.57
flx_CRCL,美股个股,2026-04-24T20:00Z,62879.36
flx_CRCL,美股个股,2026-05-01T20:00Z,238413.25
flx_CRCL,美股个股,2026-05-08T20:00Z,210575.42
flx_CRCL,美股个股,2026-05-15T20:00Z,57226.87
flx_CRCL,美股个股,2026-05-22T20:00Z,51937.82
flx_CRCL,美股个股,2026-05-29T20:00Z,39767.9
flx_CRCL,美股个股,2026-06-05T20:00Z,222513.33
flx_CRCL,美股个股,2026-06-12T20:00Z,40716.51
flx_GAS,商品,2026-04-03T20:00Z,12341.75
flx_GAS,商品,2026-04-10T20:00Z,919203.39
flx_GAS,商品,2026-04-17T20:00Z,438873.71
flx_GAS,商品,2026-04-24T20:00Z,621.21
flx_GAS,商品,2026-05-01T20:00Z,4536.42
flx_GAS,商品,2026-05-08T20:00Z,65380.79
flx_GAS,商品,2026-05-15T20:00Z,595.57
flx_GAS,商品,2026-05-22T20:00Z,12090.99
flx_GAS,商品,2026-05-29T20:00Z,41467.45
flx_GAS,商品,2026-06-05T20:00Z,11.35
flx_GAS,商品,2026-06-12T20:00Z,16952.07
flx_GOLD,商品,2026-03-13T20:00Z,269435.47
flx_GOLD,商品,2026-03-20T20:00Z,344033.22
flx_GOLD,商品,2026-03-27T20:00Z,148848.52
flx_GOLD,商品,2026-04-03T20:00Z,473295.63
flx_GOLD,商品,2026-04-10T20:00Z,12662.16
flx_GOLD,商品,2026-04-17T20:00Z,147569.11
flx_GOLD,商品,2026-04-24T20:00Z,15848.59
flx_GOLD,商品,2026-05-01T20:00Z,47678.78
flx_GOLD,商品,2026-05-08T20:00Z,30574.81
flx_GOLD,商品,2026-05-15T20:00Z,20322.18
flx_GOLD,商品,2026-05-22T20:00Z,19279.03
flx_GOLD,商品,2026-05-29T20:00Z,334656.44
flx_GOLD,商品,2026-06-05T20:00Z,63668.79
flx_GOLD,商品,2026-06-12T20:00Z,212391.45
flx_NVDA,美股个股,2026-03-13T20:00Z,127425.68
flx_NVDA,美股个股,2026-03-20T20:00Z,108575.14
flx_NVDA,美股个股,2026-03-27T20:00Z,1442674.15
flx_NVDA,美股个股,2026-04-03T20:00Z,9653.06
flx_NVDA,美股个股,2026-04-10T20:00Z,11423.45
flx_NVDA,美股个股,2026-04-17T20:00Z,7616.44
flx_NVDA,美股个股,2026-04-24T20:00Z,99298.35
flx_NVDA,美股个股,2026-05-01T20:00Z,222387.95
flx_NVDA,美股个股,2026-05-08T20:00Z,47774.56
flx_NVDA,美股个股,2026-05-15T20:00Z,11195.87
flx_NVDA,美股个股,2026-05-22T20:00Z,63357.27
flx_NVDA,美股个股,2026-05-29T20:00Z,60328.13
flx_NVDA,美股个股,2026-06-05T20:00Z,35490.49
flx_NVDA,美股个股,2026-06-12T20:00Z,2089.71
flx_OIL,商品,2026-03-13T20:00Z,16871904.79
flx_OIL,商品,2026-03-20T20:00Z,8993043.64
flx_OIL,商品,2026-03-27T20:00Z,6647940.06
flx_OIL,商品,2026-04-03T20:00Z,2434317.96
flx_OIL,商品,2026-04-10T20:00Z,3063927.96
flx_OIL,商品,2026-04-17T20:00Z,5698685.76
flx_OIL,商品,2026-04-24T20:00Z,774342.9
flx_OIL,商品,2026-05-01T20:00Z,1501954.61
flx_OIL,商品,2026-05-08T20:00Z,573258.41
flx_OIL,商品,2026-05-15T20:00Z,90012.36
flx_OIL,商品,2026-05-22T20:00Z,847376.78
flx_OIL,商品,2026-05-29T20:00Z,132468.22
flx_OIL,商品,2026-06-05T20:00Z,90668.18
flx_OIL,商品,2026-06-12T20:00Z,147001.37
flx_PALLADIUM,商品,2026-03-13T20:00Z,50877.87
flx_PALLADIUM,商品,2026-03-20T20:00Z,110023.6
flx_PALLADIUM,商品,2026-03-27T20:00Z,60001.11
flx_PALLADIUM,商品,2026-04-03T20:00Z,3246.25
flx_PALLADIUM,商品,2026-04-10T20:00Z,726.3
flx_PALLADIUM,商品,2026-04-17T20:00Z,1881.94
flx_PALLADIUM,商品,2026-04-24T20:00Z,6379.77
flx_PALLADIUM,商品,2026-05-01T20:00Z,671.79
flx_PALLADIUM,商品,2026-05-08T20:00Z,13833.23
flx_PALLADIUM,商品,2026-05-15T20:00Z,3938.73
flx_PALLADIUM,商品,2026-05-22T20:00Z,44491.72
flx_PALLADIUM,商品,2026-05-29T20:00Z,20368.09
flx_PALLADIUM,商品,2026-06-05T20:00Z,2631.73
flx_PALLADIUM,商品,2026-06-12T20:00Z,39.96
flx_PLATINUM,商品,2026-03-13T20:00Z,114653.27
flx_PLATINUM,商品,2026-03-20T20:00Z,106087.63
flx_PLATINUM,商品,2026-03-27T20:00Z,25940.51
flx_PLATINUM,商品,2026-04-03T20:00Z,196995.88
flx_PLATINUM,商品,2026-04-10T20:00Z,43202.62
flx_PLATINUM,商品,2026-04-17T20:00Z,43791.71
flx_PLATINUM,商品,2026-04-24T20:00Z,10122.67
flx_PLATINUM,商品,2026-05-01T20:00Z,61277.71
flx_PLATINUM,商品,2026-05-08T20:00Z,18376.64
flx_PLATINUM,商品,2026-05-15T20:00Z,108842.22
flx_PLATINUM,商品,2026-05-22T20:00Z,23408.26
flx_PLATINUM,商品,2026-05-29T20:00Z,28970.4
flx_PLATINUM,商品,2026-06-05T20:00Z,5888.46
flx_PLATINUM,商品,2026-06-12T20:00Z,1282.7
flx_SILVER,商品,2026-03-13T20:00Z,585158.3
flx_SILVER,商品,2026-03-20T20:00Z,1452327.6
flx_SILVER,商品,2026-03-27T20:00Z,985460.02
flx_SILVER,商品,2026-04-03T20:00Z,467987.79
flx_SILVER,商品,2026-04-10T20:00Z,491370.45
flx_SILVER,商品,2026-04-17T20:00Z,538601.95
flx_SILVER,商品,2026-04-24T20:00Z,166376.9
flx_SILVER,商品,2026-05-01T20:00Z,478237.35
flx_SILVER,商品,2026-05-08T20:00Z,83708.0
flx_SILVER,商品,2026-05-15T20:00Z,533349.23
flx_SILVER,商品,2026-05-22T20:00Z,278153.32
flx_SILVER,商品,2026-05-29T20:00Z,13965.72
flx_SILVER,商品,2026-06-05T20:00Z,24915.31
flx_SILVER,商品,2026-06-12T20:00Z,16351.04
flx_TSLA,美股个股,2026-03-13T20:00Z,99238.89
flx_TSLA,美股个股,2026-03-20T20:00Z,194013.25
flx_TSLA,美股个股,2026-03-27T20:00Z,1181399.31
flx_TSLA,美股个股,2026-04-03T20:00Z,24714.75
flx_TSLA,美股个股,2026-04-10T20:00Z,267644.99
flx_TSLA,美股个股,2026-04-17T20:00Z,52916.66
flx_TSLA,美股个股,2026-04-24T20:00Z,27521.55
flx_TSLA,美股个股,2026-05-01T20:00Z,111651.42
flx_TSLA,美股个股,2026-05-08T20:00Z,50407.21
flx_TSLA,美股个股,2026-05-15T20:00Z,129083.33
flx_TSLA,美股个股,2026-05-22T20:00Z,52806.48
flx_TSLA,美股个股,2026-05-29T20:00Z,16059.63
flx_TSLA,美股个股,2026-06-05T20:00Z,56199.28
flx_TSLA,美股个股,2026-06-12T20:00Z,4725.38
flx_USA100,美股指数,2026-04-03T20:00Z,3400.14
flx_USA100,美股指数,2026-04-10T20:00Z,5992.36
flx_USA100,美股指数,2026-04-17T20:00Z,170.83
flx_USA100,美股指数,2026-04-24T20:00Z,4304.17
flx_USA100,美股指数,2026-05-01T20:00Z,1430.71
flx_USA100,美股指数,2026-05-08T20:00Z,1507.1
flx_USA100,美股指数,2026-05-15T20:00Z,3384.0
flx_USA100,美股指数,2026-05-22T20:00Z,35046.4
flx_USA100,美股指数,2026-05-29T20:00Z,231034.65
flx_USA100,美股指数,2026-06-05T20:00Z,20914.72
flx_USA100,美股指数,2026-06-12T20:00Z,9254.5
flx_USA500,美股指数,2026-03-13T20:00Z,186395.49
flx_USA500,美股指数,2026-03-20T20:00Z,666113.46
flx_USA500,美股指数,2026-03-27T20:00Z,471675.04
flx_USA500,美股指数,2026-04-03T20:00Z,250267.32
flx_USA500,美股指数,2026-04-10T20:00Z,209820.8
flx_USA500,美股指数,2026-04-17T20:00Z,164657.12
flx_USA500,美股指数,2026-04-24T20:00Z,145610.8
flx_USA500,美股指数,2026-05-01T20:00Z,106974.94
flx_USA500,美股指数,2026-05-08T20:00Z,79491.79
flx_USA500,美股指数,2026-05-15T20:00Z,17487.74
flx_USA500,美股指数,2026-05-22T20:00Z,7691.03
flx_USA500,美股指数,2026-05-29T20:00Z,71128.5
flx_USA500,美股指数,2026-06-05T20:00Z,97874.55
flx_USA500,美股指数,2026-06-12T20:00Z,64527.67
flx_USDE,外汇与利率,2026-03-13T20:00Z,7001.25
flx_USDE,外汇与利率,2026-03-20T20:00Z,3537.57
flx_USDE,外汇与利率,2026-03-27T20:00Z,255.51
flx_USDE,外汇与利率,2026-04-03T20:00Z,191562.25
flx_USDE,外汇与利率,2026-04-10T20:00Z,93543.73
flx_USDE,外汇与利率,2026-04-17T20:00Z,2527752.1
flx_USDE,外汇与利率,2026-04-24T20:00Z,285415.49
flx_USDE,外汇与利率,2026-05-01T20:00Z,178414.36
flx_USDE,外汇与利率,2026-05-08T20:00Z,22591.12
flx_USDE,外汇与利率,2026-05-15T20:00Z,210.37
flx_USDE,外汇与利率,2026-05-22T20:00Z,22031.27
flx_USDE,外汇与利率,2026-05-29T20:00Z,24637.02
flx_USDE,外汇与利率,2026-06-05T20:00Z,205.02
flx_USDE,外汇与利率,2026-06-12T20:00Z,150822.38
flx_XMR,加密,2026-03-13T20:00Z,6758.2
flx_XMR,加密,2026-03-20T20:00Z,23011.42
flx_XMR,加密,2026-03-27T20:00Z,10753.35
flx_XMR,加密,2026-04-03T20:00Z,19492.42
flx_XMR,加密,2026-04-10T20:00Z,7246.5
flx_XMR,加密,2026-04-17T20:00Z,4211.17
flx_XMR,加密,2026-04-24T20:00Z,42906.99
flx_XMR,加密,2026-05-01T20:00Z,11130.16
flx_XMR,加密,2026-05-08T20:00Z,14518.22
flx_XMR,加密,2026-05-15T20:00Z,9837.66
flx_XMR,加密,2026-05-22T20:00Z,3276.45
flx_XMR,加密,2026-05-29T20:00Z,52726.95
flx_XMR,加密,2026-06-05T20:00Z,29046.79
flx_XMR,加密,2026-06-12T20:00Z,12748.34
hyna_1000PEPE,加密,2026-03-13T20:00Z,803255.13
hyna_1000PEPE,加密,2026-03-20T20:00Z,624516.0
hyna_1000PEPE,加密,2026-03-27T20:00Z,967028.79
hyna_1000PEPE,加密,2026-04-03T20:00Z,623696.06
hyna_1000PEPE,加密,2026-04-10T20:00Z,295091.63
hyna_1000PEPE,加密,2026-04-17T20:00Z,239367.31
hyna_1000PEPE,加密,2026-04-24T20:00Z,149556.93
hyna_1000PEPE,加密,2026-05-01T20:00Z,122396.1
hyna_1000PEPE,加密,2026-05-08T20:00Z,156892.28
hyna_1000PEPE,加密,2026-05-15T20:00Z,326893.17
hyna_1000PEPE,加密,2026-05-22T20:00Z,348384.2
hyna_1000PEPE,加密,2026-05-29T20:00Z,84185.88
hyna_1000PEPE,加密,2026-06-05T20:00Z,166723.27
hyna_1000PEPE,加密,2026-06-12T20:00Z,195659.47
hyna_1000PEPE,加密,2026-06-19T20:00Z,66146.98
hyna_1000PEPE,加密,2026-06-26T20:00Z,87081.94
hyna_1000PEPE,加密,2026-07-03T20:00Z,317760.79
hyna_1000PEPE,加密,2026-07-10T20:00Z,19983.95
hyna_1000PEPE,加密,2026-07-17T20:00Z,97064.23
hyna_1000PEPE,加密,2026-07-24T20:00Z,11884.42
hyna_1000PEPE,加密,2026-07-31T20:00Z,18189.07
hyna_1000PEPE,加密,2026-08-07T20:00Z,12086.01
hyna_1000PEPE,加密,2026-08-14T20:00Z,9497.35
hyna_1000PEPE,加密,2026-08-21T20:00Z,68899.59
hyna_1000PEPE,加密,2026-08-28T20:00Z,60589.45
hyna_ADA,加密,2026-03-13T20:00Z,17738.1
hyna_ADA,加密,2026-03-20T20:00Z,37227.66
hyna_ADA,加密,2026-03-27T20:00Z,126298.7
hyna_ADA,加密,2026-04-03T20:00Z,15451.15
hyna_ADA,加密,2026-04-10T20:00Z,87217.59
hyna_ADA,加密,2026-04-17T20:00Z,51398.53
hyna_ADA,加密,2026-04-24T20:00Z,21853.96
hyna_ADA,加密,2026-05-01T20:00Z,7555.96
hyna_ADA,加密,2026-05-08T20:00Z,22760.95
hyna_ADA,加密,2026-05-15T20:00Z,86270.11
hyna_ADA,加密,2026-05-22T20:00Z,137953.04
hyna_ADA,加密,2026-05-29T20:00Z,2311.15
hyna_ADA,加密,2026-06-05T20:00Z,13063.79
hyna_ADA,加密,2026-06-12T20:00Z,313.17
hyna_ADA,加密,2026-06-19T20:00Z,0.0
hyna_ADA,加密,2026-06-26T20:00Z,1537.8
hyna_ADA,加密,2026-07-03T20:00Z,19225.16
hyna_ADA,加密,2026-07-10T20:00Z,4943.63
hyna_ADA,加密,2026-07-17T20:00Z,0.0
hyna_ADA,加密,2026-07-24T20:00Z,0.0
hyna_ADA,加密,2026-07-31T20:00Z,39.36
hyna_ADA,加密,2026-08-07T20:00Z,6440.39
hyna_ADA,加密,2026-08-14T20:00Z,2805.31
hyna_ADA,加密,2026-08-21T20:00Z,5469.56
hyna_ADA,加密,2026-08-28T20:00Z,21.44
hyna_BASED,加密,2026-04-03T20:00Z,97457.31
hyna_BASED,加密,2026-04-10T20:00Z,289218.9
hyna_BASED,加密,2026-04-17T20:00Z,116197.94
hyna_BASED,加密,2026-04-24T20:00Z,128643.96
hyna_BASED,加密,2026-05-01T20:00Z,119222.8
hyna_BASED,加密,2026-05-08T20:00Z,118351.62
hyna_BASED,加密,2026-05-15T20:00Z,85010.38
hyna_BASED,加密,2026-05-22T20:00Z,42543.98
hyna_BASED,加密,2026-05-29T20:00Z,97889.83
hyna_BASED,加密,2026-06-05T20:00Z,40988.94
hyna_BASED,加密,2026-06-12T20:00Z,35779.07
hyna_BASED,加密,2026-06-19T20:00Z,200725.6
hyna_BASED,加密,2026-06-26T20:00Z,111645.0
hyna_BASED,加密,2026-07-03T20:00Z,52235.22
hyna_BASED,加密,2026-07-10T20:00Z,8771.43
hyna_BASED,加密,2026-07-17T20:00Z,18615.83
hyna_BASED,加密,2026-07-24T20:00Z,26735.49
hyna_BASED,加密,2026-07-31T20:00Z,42134.98
hyna_BASED,加密,2026-08-07T20:00Z,28312.98
hyna_BASED,加密,2026-08-14T20:00Z,123865.26
hyna_BASED,加密,2026-08-21T20:00Z,52225.3
hyna_BASED,加密,2026-08-28T20:00Z,5363.06
hyna_BCH,加密,2026-03-13T20:00Z,6000.7
hyna_BCH,加密,2026-03-20T20:00Z,87683.24
hyna_BCH,加密,2026-03-27T20:00Z,156360.64
hyna_BCH,加密,2026-04-03T20:00Z,58924.44
hyna_BCH,加密,2026-04-10T20:00Z,34163.08
hyna_BCH,加密,2026-04-17T20:00Z,1709.71
hyna_BCH,加密,2026-04-24T20:00Z,13021.17
hyna_BCH,加密,2026-05-01T20:00Z,0.0
hyna_BCH,加密,2026-05-08T20:00Z,6597.47
hyna_BCH,加密,2026-05-15T20:00Z,49053.75
hyna_BCH,加密,2026-05-22T20:00Z,133754.46
hyna_BCH,加密,2026-05-29T20:00Z,987.59
hyna_BCH,加密,2026-06-05T20:00Z,5178.23
hyna_BCH,加密,2026-06-12T20:00Z,69473.14
hyna_BCH,加密,2026-06-19T20:00Z,0.0
hyna_BCH,加密,2026-06-26T20:00Z,0.0
hyna_BCH,加密,2026-07-03T20:00Z,0.0
hyna_BCH,加密,2026-07-10T20:00Z,36460.22
hyna_BNB,加密,2026-03-13T20:00Z,1175364.01
hyna_BNB,加密,2026-03-20T20:00Z,100747.15
hyna_BNB,加密,2026-03-27T20:00Z,606784.17
hyna_BNB,加密,2026-04-03T20:00Z,69928.7
hyna_BNB,加密,2026-04-10T20:00Z,530667.08
hyna_BNB,加密,2026-04-17T20:00Z,100958.66
hyna_BNB,加密,2026-04-24T20:00Z,1088255.3
hyna_BNB,加密,2026-05-01T20:00Z,18451.09
hyna_BNB,加密,2026-05-08T20:00Z,22157.22
hyna_BNB,加密,2026-05-15T20:00Z,43047.46
hyna_BNB,加密,2026-05-22T20:00Z,42532.42
hyna_BNB,加密,2026-05-29T20:00Z,152134.79
hyna_BNB,加密,2026-06-05T20:00Z,44420.71
hyna_BNB,加密,2026-06-12T20:00Z,37539.34
hyna_BNB,加密,2026-06-19T20:00Z,7906.38
hyna_BNB,加密,2026-06-26T20:00Z,8364.73
hyna_BNB,加密,2026-07-03T20:00Z,38032.23
hyna_BNB,加密,2026-07-10T20:00Z,52882.9
hyna_BNB,加密,2026-07-17T20:00Z,1606.93
hyna_BNB,加密,2026-07-24T20:00Z,572.83
hyna_BNB,加密,2026-07-31T20:00Z,39489.16
hyna_BNB,加密,2026-08-07T20:00Z,800.7
hyna_BNB,加密,2026-08-14T20:00Z,8102.34
hyna_BNB,加密,2026-08-21T20:00Z,37878.74
hyna_BNB,加密,2026-08-28T20:00Z,19995.05
hyna_BTC,加密,2026-03-13T20:00Z,12281035.19
hyna_BTC,加密,2026-03-20T20:00Z,14636000.47
hyna_BTC,加密,2026-03-27T20:00Z,9152049.96
hyna_BTC,加密,2026-04-03T20:00Z,6360426.56
hyna_BTC,加密,2026-04-10T20:00Z,10047836.04
hyna_BTC,加密,2026-04-17T20:00Z,15083513.41
hyna_BTC,加密,2026-04-24T20:00Z,7066131.49
hyna_BTC,加密,2026-05-01T20:00Z,4349834.01
hyna_BTC,加密,2026-05-08T20:00Z,4652173.68
hyna_BTC,加密,2026-05-15T20:00Z,7050920.86
hyna_BTC,加密,2026-05-22T20:00Z,14405909.74
hyna_BTC,加密,2026-05-29T20:00Z,1513456.82
hyna_BTC,加密,2026-06-05T20:00Z,6939839.04
hyna_BTC,加密,2026-06-12T20:00Z,1696357.43
hyna_BTC,加密,2026-06-19T20:00Z,837458.13
hyna_BTC,加密,2026-06-26T20:00Z,3274259.08
hyna_BTC,加密,2026-07-03T20:00Z,502153.37
hyna_BTC,加密,2026-07-10T20:00Z,353219.33
hyna_BTC,加密,2026-07-17T20:00Z,408716.0
hyna_BTC,加密,2026-07-24T20:00Z,307240.26
hyna_BTC,加密,2026-07-31T20:00Z,553853.72
hyna_BTC,加密,2026-08-07T20:00Z,211181.44
hyna_BTC,加密,2026-08-14T20:00Z,292478.07
hyna_BTC,加密,2026-08-21T20:00Z,5080454.34
hyna_BTC,加密,2026-08-28T20:00Z,1187008.68
hyna_DOGE,加密,2026-03-13T20:00Z,155538.91
hyna_DOGE,加密,2026-03-20T20:00Z,536639.91
hyna_DOGE,加密,2026-03-27T20:00Z,486656.1
hyna_DOGE,加密,2026-04-03T20:00Z,31792.37
hyna_DOGE,加密,2026-04-10T20:00Z,514044.49
hyna_DOGE,加密,2026-04-17T20:00Z,103061.76
hyna_DOGE,加密,2026-04-24T20:00Z,36407.88
hyna_DOGE,加密,2026-05-01T20:00Z,28587.55
hyna_DOGE,加密,2026-05-08T20:00Z,13296.24
hyna_DOGE,加密,2026-05-15T20:00Z,26804.67
hyna_DOGE,加密,2026-05-22T20:00Z,414851.91
hyna_DOGE,加密,2026-05-29T20:00Z,98724.89
hyna_DOGE,加密,2026-06-05T20:00Z,56750.86
hyna_DOGE,加密,2026-06-12T20:00Z,5628.7
hyna_DOGE,加密,2026-06-19T20:00Z,681.58
hyna_DOGE,加密,2026-06-26T20:00Z,1934.56
hyna_DOGE,加密,2026-07-03T20:00Z,1224.92
hyna_DOGE,加密,2026-07-10T20:00Z,1456.1
hyna_DOGE,加密,2026-07-17T20:00Z,306.44
hyna_DOGE,加密,2026-07-24T20:00Z,201.99
hyna_DOGE,加密,2026-07-31T20:00Z,7628.62
hyna_DOGE,加密,2026-08-07T20:00Z,0.0
hyna_DOGE,加密,2026-08-14T20:00Z,0.0
hyna_DOGE,加密,2026-08-21T20:00Z,118281.41
hyna_DOGE,加密,2026-08-28T20:00Z,4702.53
hyna_ENA,加密,2026-03-13T20:00Z,272432.26
hyna_ENA,加密,2026-03-20T20:00Z,235186.95
hyna_ENA,加密,2026-03-27T20:00Z,96096.46
hyna_ENA,加密,2026-04-03T20:00Z,11165.1
hyna_ENA,加密,2026-04-10T20:00Z,49389.32
hyna_ENA,加密,2026-04-17T20:00Z,464083.46
hyna_ENA,加密,2026-04-24T20:00Z,28158.93
hyna_ENA,加密,2026-05-01T20:00Z,160556.37
hyna_ENA,加密,2026-05-08T20:00Z,34105.97
hyna_ENA,加密,2026-05-15T20:00Z,7246.77
hyna_ENA,加密,2026-05-22T20:00Z,321948.44
hyna_ENA,加密,2026-05-29T20:00Z,34291.01
hyna_ENA,加密,2026-06-05T20:00Z,40902.32
hyna_ENA,加密,2026-06-12T20:00Z,51294.61
hyna_ENA,加密,2026-06-19T20:00Z,844.09
hyna_ENA,加密,2026-06-26T20:00Z,320.95
hyna_ENA,加密,2026-07-03T20:00Z,390.41
hyna_ENA,加密,2026-07-10T20:00Z,69009.93
hyna_ENA,加密,2026-07-17T20:00Z,0.0
hyna_ENA,加密,2026-07-24T20:00Z,2837.51
hyna_ENA,加密,2026-07-31T20:00Z,21885.12
hyna_ENA,加密,2026-08-07T20:00Z,351394.74
hyna_ENA,加密,2026-08-14T20:00Z,1473.08
hyna_ENA,加密,2026-08-21T20:00Z,54749.73
hyna_ENA,加密,2026-08-28T20:00Z,9919.84
hyna_ETH,加密,2026-03-13T20:00Z,6194904.72
hyna_ETH,加密,2026-03-20T20:00Z,6287499.37
hyna_ETH,加密,2026-03-27T20:00Z,3485611.26
hyna_ETH,加密,2026-04-03T20:00Z,2633669.31
hyna_ETH,加密,2026-04-10T20:00Z,5272679.4
hyna_ETH,加密,2026-04-17T20:00Z,3032695.66
hyna_ETH,加密,2026-04-24T20:00Z,1183167.07
hyna_ETH,加密,2026-05-01T20:00Z,1448289.62
hyna_ETH,加密,2026-05-08T20:00Z,2320009.26
hyna_ETH,加密,2026-05-15T20:00Z,1427720.61
hyna_ETH,加密,2026-05-22T20:00Z,4582774.84
hyna_ETH,加密,2026-05-29T20:00Z,1258297.18
hyna_ETH,加密,2026-06-05T20:00Z,4664925.17
hyna_ETH,加密,2026-06-12T20:00Z,702149.39
hyna_ETH,加密,2026-06-19T20:00Z,706631.32
hyna_ETH,加密,2026-06-26T20:00Z,686591.5
hyna_ETH,加密,2026-07-03T20:00Z,679037.78
hyna_ETH,加密,2026-07-10T20:00Z,721527.45
hyna_ETH,加密,2026-07-17T20:00Z,377566.66
hyna_ETH,加密,2026-07-24T20:00Z,224460.11
hyna_ETH,加密,2026-07-31T20:00Z,681374.63
hyna_ETH,加密,2026-08-07T20:00Z,39761.2
hyna_ETH,加密,2026-08-14T20:00Z,758286.08
hyna_ETH,加密,2026-08-21T20:00Z,5177811.54
hyna_ETH,加密,2026-08-28T20:00Z,849467.02
hyna_FARTCOIN,加密,2026-03-13T20:00Z,415970.44
hyna_FARTCOIN,加密,2026-03-20T20:00Z,297678.45
hyna_FARTCOIN,加密,2026-03-27T20:00Z,314248.63
hyna_FARTCOIN,加密,2026-04-03T20:00Z,232748.55
hyna_FARTCOIN,加密,2026-04-10T20:00Z,1202737.21
hyna_FARTCOIN,加密,2026-04-17T20:00Z,114139.19
hyna_FARTCOIN,加密,2026-04-24T20:00Z,65833.27
hyna_FARTCOIN,加密,2026-05-01T20:00Z,16933.07
hyna_FARTCOIN,加密,2026-05-08T20:00Z,191575.77
hyna_FARTCOIN,加密,2026-05-15T20:00Z,81838.53
hyna_FARTCOIN,加密,2026-05-22T20:00Z,465617.74
hyna_FARTCOIN,加密,2026-05-29T20:00Z,11619.17
hyna_FARTCOIN,加密,2026-06-05T20:00Z,10392.21
hyna_FARTCOIN,加密,2026-06-12T20:00Z,1220.63
hyna_FARTCOIN,加密,2026-06-19T20:00Z,13310.18
hyna_FARTCOIN,加密,2026-06-26T20:00Z,12836.15
hyna_FARTCOIN,加密,2026-07-03T20:00Z,34369.38
hyna_FARTCOIN,加密,2026-07-10T20:00Z,16255.96
hyna_FARTCOIN,加密,2026-07-17T20:00Z,35208.86
hyna_FARTCOIN,加密,2026-07-24T20:00Z,10552.43
hyna_FARTCOIN,加密,2026-07-31T20:00Z,18645.92
hyna_FARTCOIN,加密,2026-08-07T20:00Z,25016.83
hyna_FARTCOIN,加密,2026-08-14T20:00Z,14164.15
hyna_FARTCOIN,加密,2026-08-21T20:00Z,203421.67
hyna_FARTCOIN,加密,2026-08-28T20:00Z,27683.2
hyna_HYPE,加密,2026-03-13T20:00Z,3982248.54
hyna_HYPE,加密,2026-03-20T20:00Z,3124304.17
hyna_HYPE,加密,2026-03-27T20:00Z,3389539.2
hyna_HYPE,加密,2026-04-03T20:00Z,1893342.26
hyna_HYPE,加密,2026-04-10T20:00Z,2764260.37
hyna_HYPE,加密,2026-04-17T20:00Z,2268816.16
hyna_HYPE,加密,2026-04-24T20:00Z,1131551.61
hyna_HYPE,加密,2026-05-01T20:00Z,921165.23
hyna_HYPE,加密,2026-05-08T20:00Z,956909.77
hyna_HYPE,加密,2026-05-15T20:00Z,3197759.56
hyna_HYPE,加密,2026-05-22T20:00Z,5892739.0
hyna_HYPE,加密,2026-05-29T20:00Z,2390968.08
hyna_HYPE,加密,2026-06-05T20:00Z,989611.99
hyna_HYPE,加密,2026-06-12T20:00Z,1110393.11
hyna_HYPE,加密,2026-06-19T20:00Z,417330.7
hyna_HYPE,加密,2026-06-26T20:00Z,473166.37
hyna_HYPE,加密,2026-07-03T20:00Z,358313.4
hyna_HYPE,加密,2026-07-10T20:00Z,306806.83
hyna_HYPE,加密,2026-07-17T20:00Z,148542.17
hyna_HYPE,加密,2026-07-24T20:00Z,291078.34
hyna_HYPE,加密,2026-07-31T20:00Z,154219.42
hyna_HYPE,加密,2026-08-07T20:00Z,176626.33
hyna_HYPE,加密,2026-08-14T20:00Z,31461.15
hyna_HYPE,加密,2026-08-21T20:00Z,1024350.84
hyna_HYPE,加密,2026-08-28T20:00Z,695851.3
hyna_IP,加密,2026-03-13T20:00Z,146123.42
hyna_IP,加密,2026-03-20T20:00Z,242732.0
hyna_IP,加密,2026-03-27T20:00Z,93182.77
hyna_IP,加密,2026-04-03T20:00Z,934209.24
hyna_IP,加密,2026-04-10T20:00Z,70202.04
hyna_IP,加密,2026-04-17T20:00Z,546448.12
hyna_IP,加密,2026-04-24T20:00Z,164151.69
hyna_IP,加密,2026-05-01T20:00Z,26239.14
hyna_IP,加密,2026-05-08T20:00Z,1108.94
hyna_IP,加密,2026-05-15T20:00Z,45.58
hyna_IP,加密,2026-05-22T20:00Z,42213.4
hyna_IP,加密,2026-05-29T20:00Z,5384.47
hyna_IP,加密,2026-06-05T20:00Z,278.76
hyna_IP,加密,2026-06-12T20:00Z,26129.06
hyna_IP,加密,2026-06-19T20:00Z,1635.18
hyna_IP,加密,2026-06-26T20:00Z,27121.71
hyna_LIGHTER,加密,2026-03-13T20:00Z,560137.66
hyna_LIGHTER,加密,2026-03-20T20:00Z,75954.29
hyna_LIGHTER,加密,2026-03-27T20:00Z,411142.91
hyna_LIGHTER,加密,2026-04-03T20:00Z,55330.5
hyna_LIGHTER,加密,2026-04-10T20:00Z,51086.76
hyna_LIGHTER,加密,2026-04-17T20:00Z,37913.84
hyna_LIGHTER,加密,2026-04-24T20:00Z,6444.38
hyna_LIGHTER,加密,2026-05-01T20:00Z,1070.23
hyna_LIGHTER,加密,2026-05-08T20:00Z,6962.36
hyna_LIGHTER,加密,2026-05-15T20:00Z,8442.85
hyna_LIGHTER,加密,2026-05-22T20:00Z,131473.42
hyna_LIGHTER,加密,2026-05-29T20:00Z,1347.34
hyna_LIGHTER,加密,2026-06-05T20:00Z,8305.24
hyna_LIGHTER,加密,2026-06-12T20:00Z,4073.8
hyna_LIGHTER,加密,2026-06-19T20:00Z,4250.95
hyna_LIGHTER,加密,2026-06-26T20:00Z,13591.0
hyna_LIGHTER,加密,2026-07-03T20:00Z,14071.47
hyna_LIGHTER,加密,2026-07-10T20:00Z,74405.67
hyna_LINK,加密,2026-03-13T20:00Z,527554.09
hyna_LINK,加密,2026-03-20T20:00Z,428903.76
hyna_LINK,加密,2026-03-27T20:00Z,293624.29
hyna_LINK,加密,2026-04-03T20:00Z,224103.65
hyna_LINK,加密,2026-04-10T20:00Z,491258.31
hyna_LINK,加密,2026-04-17T20:00Z,238677.94
hyna_LINK,加密,2026-04-24T20:00Z,148032.14
hyna_LINK,加密,2026-05-01T20:00Z,11297.97
hyna_LINK,加密,2026-05-08T20:00Z,226511.42
hyna_LINK,加密,2026-05-15T20:00Z,307538.2
hyna_LINK,加密,2026-05-22T20:00Z,379624.97
hyna_LINK,加密,2026-05-29T20:00Z,5972.16
hyna_LINK,加密,2026-06-05T20:00Z,39115.27
hyna_LINK,加密,2026-06-12T20:00Z,17472.93
hyna_LINK,加密,2026-06-19T20:00Z,8005.88
hyna_LINK,加密,2026-06-26T20:00Z,866.53
hyna_LINK,加密,2026-07-03T20:00Z,10.54
hyna_LINK,加密,2026-07-10T20:00Z,9082.33
hyna_LINK,加密,2026-07-17T20:00Z,0.0
hyna_LINK,加密,2026-07-24T20:00Z,556.99
hyna_LINK,加密,2026-07-31T20:00Z,5866.67
hyna_LINK,加密,2026-08-07T20:00Z,0.0
hyna_LINK,加密,2026-08-14T20:00Z,8918.93
hyna_LINK,加密,2026-08-21T20:00Z,128499.74
hyna_LINK,加密,2026-08-28T20:00Z,2553.4
hyna_LTC,加密,2026-03-13T20:00Z,15175.88
hyna_LTC,加密,2026-03-20T20:00Z,190302.95
hyna_LTC,加密,2026-03-27T20:00Z,14906.24
hyna_LTC,加密,2026-04-03T20:00Z,14007.06
hyna_LTC,加密,2026-04-10T20:00Z,10199.07
hyna_LTC,加密,2026-04-17T20:00Z,11659.16
hyna_LTC,加密,2026-04-24T20:00Z,23236.14
hyna_LTC,加密,2026-05-01T20:00Z,6295.31
hyna_LTC,加密,2026-05-08T20:00Z,155900.44
hyna_LTC,加密,2026-05-15T20:00Z,28642.2
hyna_LTC,加密,2026-05-22T20:00Z,262694.49
hyna_LTC,加密,2026-05-29T20:00Z,8783.22
hyna_LTC,加密,2026-06-05T20:00Z,7430.92
hyna_LTC,加密,2026-06-12T20:00Z,5978.18
hyna_LTC,加密,2026-06-19T20:00Z,2977.33
hyna_LTC,加密,2026-06-26T20:00Z,14112.58
hyna_LTC,加密,2026-07-03T20:00Z,588.0
hyna_LTC,加密,2026-07-10T20:00Z,19373.07
hyna_LTC,加密,2026-07-17T20:00Z,759.75
hyna_LTC,加密,2026-07-24T20:00Z,370.68
hyna_LTC,加密,2026-07-31T20:00Z,2251.47
hyna_LTC,加密,2026-08-07T20:00Z,0.0
hyna_LTC,加密,2026-08-14T20:00Z,78.56
hyna_LTC,加密,2026-08-21T20:00Z,13698.63
hyna_LTC,加密,2026-08-28T20:00Z,4822.85
hyna_PUMP,加密,2026-03-13T20:00Z,136256.66
hyna_PUMP,加密,2026-03-20T20:00Z,102266.64
hyna_PUMP,加密,2026-03-27T20:00Z,77031.2
hyna_PUMP,加密,2026-04-03T20:00Z,66026.76
hyna_PUMP,加密,2026-04-10T20:00Z,86249.94
hyna_PUMP,加密,2026-04-17T20:00Z,44131.61
hyna_PUMP,加密,2026-04-24T20:00Z,25967.03
hyna_PUMP,加密,2026-05-01T20:00Z,56986.97
hyna_PUMP,加密,2026-05-08T20:00Z,20207.33
hyna_PUMP,加密,2026-05-15T20:00Z,23056.39
hyna_PUMP,加密,2026-05-22T20:00Z,219798.46
hyna_PUMP,加密,2026-05-29T20:00Z,16313.58
hyna_PUMP,加密,2026-06-05T20:00Z,35990.93
hyna_PUMP,加密,2026-06-12T20:00Z,13737.05
hyna_PUMP,加密,2026-06-19T20:00Z,7375.0
hyna_PUMP,加密,2026-06-26T20:00Z,19141.28
hyna_PUMP,加密,2026-07-03T20:00Z,10013.95
hyna_PUMP,加密,2026-07-10T20:00Z,7476.7
hyna_PUMP,加密,2026-07-17T20:00Z,8882.84
hyna_PUMP,加密,2026-07-24T20:00Z,10203.4
hyna_PUMP,加密,2026-07-31T20:00Z,50025.18
hyna_PUMP,加密,2026-08-07T20:00Z,100460.02
hyna_PUMP,加密,2026-08-14T20:00Z,117690.9
hyna_PUMP,加密,2026-08-21T20:00Z,455234.5
hyna_PUMP,加密,2026-08-28T20:00Z,380816.59
hyna_SOL,加密,2026-03-13T20:00Z,1664675.63
hyna_SOL,加密,2026-03-20T20:00Z,3040591.39
hyna_SOL,加密,2026-03-27T20:00Z,3819608.35
hyna_SOL,加密,2026-04-03T20:00Z,2103706.1
hyna_SOL,加密,2026-04-10T20:00Z,1224698.96
hyna_SOL,加密,2026-04-17T20:00Z,951578.93
hyna_SOL,加密,2026-04-24T20:00Z,520687.48
hyna_SOL,加密,2026-05-01T20:00Z,416365.1
hyna_SOL,加密,2026-05-08T20:00Z,719541.04
hyna_SOL,加密,2026-05-15T20:00Z,956419.5
hyna_SOL,加密,2026-05-22T20:00Z,1967510.61
hyna_SOL,加密,2026-05-29T20:00Z,349771.45
hyna_SOL,加密,2026-06-05T20:00Z,560285.94
hyna_SOL,加密,2026-06-12T20:00Z,246325.94
hyna_SOL,加密,2026-06-19T20:00Z,218042.65
hyna_SOL,加密,2026-06-26T20:00Z,283551.8
hyna_SOL,加密,2026-07-03T20:00Z,802203.14
hyna_SOL,加密,2026-07-10T20:00Z,543204.01
hyna_SOL,加密,2026-07-17T20:00Z,27328.15
hyna_SOL,加密,2026-07-24T20:00Z,62538.12
hyna_SOL,加密,2026-07-31T20:00Z,42400.11
hyna_SOL,加密,2026-08-07T20:00Z,69069.08
hyna_SOL,加密,2026-08-14T20:00Z,33994.79
hyna_SOL,加密,2026-08-21T20:00Z,5106320.33
hyna_SOL,加密,2026-08-28T20:00Z,96708.99
hyna_SUI,加密,2026-03-13T20:00Z,134339.2
hyna_SUI,加密,2026-03-20T20:00Z,381875.2
hyna_SUI,加密,2026-03-27T20:00Z,214930.53
hyna_SUI,加密,2026-04-03T20:00Z,93895.41
hyna_SUI,加密,2026-04-10T20:00Z,262837.49
hyna_SUI,加密,2026-04-17T20:00Z,194714.91
hyna_SUI,加密,2026-04-24T20:00Z,82578.47
hyna_SUI,加密,2026-05-01T20:00Z,26819.32
hyna_SUI,加密,2026-05-08T20:00Z,1363604.98
hyna_SUI,加密,2026-05-15T20:00Z,87416.29
hyna_SUI,加密,2026-05-22T20:00Z,277518.44
hyna_SUI,加密,2026-05-29T20:00Z,10233.42
hyna_SUI,加密,2026-06-05T20:00Z,26183.73
hyna_SUI,加密,2026-06-12T20:00Z,12.27
hyna_SUI,加密,2026-06-19T20:00Z,1872.15
hyna_SUI,加密,2026-06-26T20:00Z,124.49
hyna_SUI,加密,2026-07-03T20:00Z,3646.25
hyna_SUI,加密,2026-07-10T20:00Z,49047.01
hyna_SUI,加密,2026-07-17T20:00Z,3016.29
hyna_SUI,加密,2026-07-24T20:00Z,0.0
hyna_SUI,加密,2026-07-31T20:00Z,0.0
hyna_SUI,加密,2026-08-07T20:00Z,3202.77
hyna_SUI,加密,2026-08-14T20:00Z,3002.45
hyna_SUI,加密,2026-08-21T20:00Z,4339.94
hyna_SUI,加密,2026-08-28T20:00Z,38197.34
hyna_XMR,加密,2026-03-13T20:00Z,205388.24
hyna_XMR,加密,2026-03-20T20:00Z,10802.87
hyna_XMR,加密,2026-03-27T20:00Z,5597.74
hyna_XMR,加密,2026-04-03T20:00Z,5052.86
hyna_XMR,加密,2026-04-10T20:00Z,5528.78
hyna_XMR,加密,2026-04-17T20:00Z,2031.95
hyna_XMR,加密,2026-04-24T20:00Z,31066.76
hyna_XMR,加密,2026-05-01T20:00Z,24375.54
hyna_XMR,加密,2026-05-08T20:00Z,5861.25
hyna_XMR,加密,2026-05-15T20:00Z,17299.59
hyna_XMR,加密,2026-05-22T20:00Z,65511.64
hyna_XMR,加密,2026-05-29T20:00Z,1055632.25
hyna_XMR,加密,2026-06-05T20:00Z,129604.67
hyna_XMR,加密,2026-06-12T20:00Z,58317.25
hyna_XMR,加密,2026-06-19T20:00Z,95077.0
hyna_XMR,加密,2026-06-26T20:00Z,539.6
hyna_XMR,加密,2026-07-03T20:00Z,12549.42
hyna_XMR,加密,2026-07-10T20:00Z,9360.58
hyna_XPL,加密,2026-03-13T20:00Z,628410.79
hyna_XPL,加密,2026-03-20T20:00Z,499945.98
hyna_XPL,加密,2026-03-27T20:00Z,25986.69
hyna_XPL,加密,2026-04-03T20:00Z,555492.3
hyna_XPL,加密,2026-04-10T20:00Z,274425.35
hyna_XPL,加密,2026-04-17T20:00Z,53992.65
hyna_XPL,加密,2026-04-24T20:00Z,34375.94
hyna_XPL,加密,2026-05-01T20:00Z,458413.29
hyna_XPL,加密,2026-05-08T20:00Z,166634.25
hyna_XPL,加密,2026-05-15T20:00Z,99892.61
hyna_XPL,加密,2026-05-22T20:00Z,295137.97
hyna_XPL,加密,2026-05-29T20:00Z,14270.92
hyna_XPL,加密,2026-06-05T20:00Z,4356.92
hyna_XPL,加密,2026-06-12T20:00Z,58434.58
hyna_XPL,加密,2026-06-19T20:00Z,1619.05
hyna_XPL,加密,2026-06-26T20:00Z,444.23
hyna_XPL,加密,2026-07-03T20:00Z,3714.89
hyna_XPL,加密,2026-07-10T20:00Z,43983.34
hyna_XPL,加密,2026-07-17T20:00Z,5120.36
hyna_XPL,加密,2026-07-24T20:00Z,5415.41
hyna_XPL,加密,2026-07-31T20:00Z,845.6
hyna_XPL,加密,2026-08-07T20:00Z,1729.46
hyna_XPL,加密,2026-08-14T20:00Z,572.33
hyna_XPL,加密,2026-08-21T20:00Z,23210.15
hyna_XPL,加密,2026-08-28T20:00Z,56776.62
hyna_XRP,加密,2026-03-13T20:00Z,724566.66
hyna_XRP,加密,2026-03-20T20:00Z,435724.13
hyna_XRP,加密,2026-03-27T20:00Z,372866.05
hyna_XRP,加密,2026-04-03T20:00Z,231425.5
hyna_XRP,加密,2026-04-10T20:00Z,268948.58
hyna_XRP,加密,2026-04-17T20:00Z,321234.24
hyna_XRP,加密,2026-04-24T20:00Z,142831.68
hyna_XRP,加密,2026-05-01T20:00Z,93490.04
hyna_XRP,加密,2026-05-08T20:00Z,295531.84
hyna_XRP,加密,2026-05-15T20:00Z,297028.99
hyna_XRP,加密,2026-05-22T20:00Z,123130.06
hyna_XRP,加密,2026-05-29T20:00Z,52422.56
hyna_XRP,加密,2026-06-05T20:00Z,95638.79
hyna_XRP,加密,2026-06-12T20:00Z,12283.12
hyna_XRP,加密,2026-06-19T20:00Z,11191.58
hyna_XRP,加密,2026-06-26T20:00Z,260681.48
hyna_XRP,加密,2026-07-03T20:00Z,41423.66
hyna_XRP,加密,2026-07-10T20:00Z,4206.37
hyna_XRP,加密,2026-07-17T20:00Z,863.39
hyna_XRP,加密,2026-07-24T20:00Z,18090.95
hyna_XRP,加密,2026-07-31T20:00Z,1813.27
hyna_XRP,加密,2026-08-07T20:00Z,8637.01
hyna_XRP,加密,2026-08-14T20:00Z,51.91
hyna_XRP,加密,2026-08-21T20:00Z,325084.41
hyna_XRP,加密,2026-08-28T20:00Z,36786.22
hyna_ZEC,加密,2026-03-13T20:00Z,342270.73
hyna_ZEC,加密,2026-03-20T20:00Z,294455.48
hyna_ZEC,加密,2026-03-27T20:00Z,241849.35
hyna_ZEC,加密,2026-04-03T20:00Z,209961.64
hyna_ZEC,加密,2026-04-10T20:00Z,907005.84
hyna_ZEC,加密,2026-04-17T20:00Z,280574.89
hyna_ZEC,加密,2026-04-24T20:00Z,70324.51
hyna_ZEC,加密,2026-05-01T20:00Z,1411331.26
hyna_ZEC,加密,2026-05-08T20:00Z,161614.9
hyna_ZEC,加密,2026-05-15T20:00Z,416101.14
hyna_ZEC,加密,2026-05-22T20:00Z,1645666.19
hyna_ZEC,加密,2026-05-29T20:00Z,345197.21
hyna_ZEC,加密,2026-06-05T20:00Z,1446581.64
hyna_ZEC,加密,2026-06-12T20:00Z,88606.13
hyna_ZEC,加密,2026-06-19T20:00Z,26121.36
hyna_ZEC,加密,2026-06-26T20:00Z,24419.35
hyna_ZEC,加密,2026-07-03T20:00Z,22790.94
hyna_ZEC,加密,2026-07-10T20:00Z,78082.49
hyna_ZEC,加密,2026-07-17T20:00Z,6026.1
hyna_ZEC,加密,2026-07-24T20:00Z,7320.28
hyna_ZEC,加密,2026-07-31T20:00Z,17346.17
hyna_ZEC,加密,2026-08-07T20:00Z,14222.07
hyna_ZEC,加密,2026-08-14T20:00Z,28285.55
hyna_ZEC,加密,2026-08-21T20:00Z,1483356.28
hyna_ZEC,加密,2026-08-28T20:00Z,370633.98
io_ANTH,未上市公司,2026-08-21T20:00Z,765292.49
io_ANTH,未上市公司,2026-08-28T20:00Z,69354356.28
io_ANTH,未上市公司,2026-09-04T20:00Z,18313901.37
io_ANTH,未上市公司,2026-09-11T20:00Z,14867825.31
io_ANTH,未上市公司,2026-09-18T20:00Z,7977110.9
io_ANTH,未上市公司,2026-09-25T20:00Z,7214315.95
io_DRAM,未分类,2026-09-18T20:00Z,1082578.84
io_DRAM,未分类,2026-09-25T20:00Z,669282.18
io_EWY,美股ETF,2026-09-18T20:00Z,131585.95
io_EWY,美股ETF,2026-09-25T20:00Z,154082.54
io_GPRO,美股个股,2026-09-04T20:00Z,1519903.47
io_GPRO,美股个股,2026-09-11T20:00Z,449779.22
io_GPRO,美股个股,2026-09-18T20:00Z,60708.58
io_GPRO,美股个股,2026-09-25T20:00Z,95846.21
io_IONQ,美股个股,2026-09-11T20:00Z,43630.16
io_IONQ,美股个股,2026-09-18T20:00Z,57795.57
io_IONQ,美股个股,2026-09-25T20:00Z,330891.34
io_NBIS,美股个股,2026-08-28T20:00Z,7201184.83
io_NBIS,美股个股,2026-09-04T20:00Z,6451079.01
io_NBIS,美股个股,2026-09-11T20:00Z,4110724.15
io_NBIS,美股个股,2026-09-18T20:00Z,2036832.41
io_NBIS,美股个股,2026-09-25T20:00Z,2561315.94
io_OAI,未上市公司,2026-09-04T20:00Z,3549133.9
io_OAI,未上市公司,2026-09-11T20:00Z,11131349.14
io_OAI,未上市公司,2026-09-18T20:00Z,1715453.84
io_OAI,未上市公司,2026-09-25T20:00Z,1805637.17
io_SNDK,美股个股,2026-08-21T20:00Z,4910048.46
io_SNDK,美股个股,2026-08-28T20:00Z,29870181.72
io_SNDK,美股个股,2026-09-04T20:00Z,23305145.99
io_SNDK,美股个股,2026-09-11T20:00Z,21365227.28
io_SNDK,美股个股,2026-09-18T20:00Z,15273039.26
io_SNDK,美股个股,2026-09-25T20:00Z,31304377.86
km_AAPL,美股个股,2026-03-13T20:00Z,45371.21
km_AAPL,美股个股,2026-03-20T20:00Z,25103.41
km_AAPL,美股个股,2026-03-27T20:00Z,37219.17
km_AAPL,美股个股,2026-04-03T20:00Z,38715.86
km_AAPL,美股个股,2026-04-10T20:00Z,130383.52
km_AAPL,美股个股,2026-04-17T20:00Z,92507.67
km_AAPL,美股个股,2026-04-24T20:00Z,62038.24
km_AAPL,美股个股,2026-05-01T20:00Z,140831.05
km_AAPL,美股个股,2026-05-08T20:00Z,185033.4
km_AAPL,美股个股,2026-05-15T20:00Z,104676.99
km_AAPL,美股个股,2026-05-22T20:00Z,224940.47
km_AAPL,美股个股,2026-05-29T20:00Z,35272.0
km_AAPL,美股个股,2026-06-05T20:00Z,480829.65
km_BABA,美股个股,2026-03-13T20:00Z,79884.32
km_BABA,美股个股,2026-03-20T20:00Z,133925.82
km_BABA,美股个股,2026-03-27T20:00Z,246680.5
km_BABA,美股个股,2026-04-03T20:00Z,57116.66
km_BABA,美股个股,2026-04-10T20:00Z,519399.95
km_BABA,美股个股,2026-04-17T20:00Z,212029.68
km_BABA,美股个股,2026-04-24T20:00Z,93239.54
km_BABA,美股个股,2026-05-01T20:00Z,213291.93
km_BABA,美股个股,2026-05-08T20:00Z,391192.97
km_BABA,美股个股,2026-05-15T20:00Z,86193.76
km_BABA,美股个股,2026-05-22T20:00Z,354461.28
km_BABA,美股个股,2026-05-29T20:00Z,145482.38
km_BABA,美股个股,2026-06-05T20:00Z,120789.06
km_BMNR,美股个股,2026-03-13T20:00Z,69118.35
km_BMNR,美股个股,2026-03-20T20:00Z,102242.45
km_BMNR,美股个股,2026-03-27T20:00Z,163070.58
km_BMNR,美股个股,2026-04-03T20:00Z,38821.03
km_BMNR,美股个股,2026-04-10T20:00Z,186237.12
km_BMNR,美股个股,2026-04-17T20:00Z,468335.91
km_BMNR,美股个股,2026-04-24T20:00Z,161637.63
km_BMNR,美股个股,2026-05-01T20:00Z,289252.93
km_BMNR,美股个股,2026-05-08T20:00Z,192399.22
km_BMNR,美股个股,2026-05-15T20:00Z,175841.88
km_BMNR,美股个股,2026-05-22T20:00Z,155220.3
km_BMNR,美股个股,2026-05-29T20:00Z,29567.02
km_BMNR,美股个股,2026-06-05T20:00Z,94509.4
km_EUR,外汇与利率,2026-05-01T20:00Z,55308.61
km_EUR,外汇与利率,2026-05-08T20:00Z,231341.2
km_EUR,外汇与利率,2026-05-15T20:00Z,95203.69
km_EUR,外汇与利率,2026-05-22T20:00Z,264629.65
km_EUR,外汇与利率,2026-05-29T20:00Z,43766.12
km_EUR,外汇与利率,2026-06-05T20:00Z,26285.14
km_EUR,外汇与利率,2026-06-12T20:00Z,146153.86
km_GLDMINE,商品,2026-03-13T20:00Z,2429.21
km_GLDMINE,商品,2026-03-20T20:00Z,17448.19
km_GLDMINE,商品,2026-03-27T20:00Z,57716.71
km_GLDMINE,商品,2026-04-03T20:00Z,1656.24
km_GLDMINE,商品,2026-04-10T20:00Z,26173.34
km_GLDMINE,商品,2026-04-17T20:00Z,1251.28
km_GLDMINE,商品,2026-04-24T20:00Z,74.2
km_GLDMINE,商品,2026-05-01T20:00Z,4019.28
km_GLDMINE,商品,2026-05-08T20:00Z,3134.68
km_GLDMINE,商品,2026-05-15T20:00Z,622.27
km_GLDMINE,商品,2026-05-22T20:00Z,20051.04
km_GLDMINE,商品,2026-05-29T20:00Z,2602.91
km_GLDMINE,商品,2026-06-05T20:00Z,402.68
km_GOLD,商品,2026-03-13T20:00Z,241525.36
km_GOLD,商品,2026-03-20T20:00Z,519903.74
km_GOLD,商品,2026-03-27T20:00Z,226805.09
km_GOLD,商品,2026-04-03T20:00Z,483417.45
km_GOLD,商品,2026-04-10T20:00Z,246990.38
km_GOLD,商品,2026-04-17T20:00Z,3585237.62
km_GOLD,商品,2026-04-24T20:00Z,146780.8
km_GOLD,商品,2026-05-01T20:00Z,103905.08
km_GOLD,商品,2026-05-08T20:00Z,95619.86
km_GOLD,商品,2026-05-15T20:00Z,187811.32
km_GOLD,商品,2026-05-22T20:00Z,82576.15
km_GOLD,商品,2026-05-29T20:00Z,342647.99
km_GOLD,商品,2026-06-05T20:00Z,258195.42
km_GOLD,商品,2026-06-12T20:00Z,82204.33
km_GOOGL,美股个股,2026-03-13T20:00Z,47270.91
km_GOOGL,美股个股,2026-03-20T20:00Z,122409.7
km_GOOGL,美股个股,2026-03-27T20:00Z,294512.13
km_GOOGL,美股个股,2026-04-03T20:00Z,157033.77
km_GOOGL,美股个股,2026-04-10T20:00Z,711131.18
km_GOOGL,美股个股,2026-04-17T20:00Z,282970.22
km_GOOGL,美股个股,2026-04-24T20:00Z,46546.87
km_GOOGL,美股个股,2026-05-01T20:00Z,272184.04
km_GOOGL,美股个股,2026-05-08T20:00Z,251615.81
km_GOOGL,美股个股,2026-05-15T20:00Z,130468.78
km_GOOGL,美股个股,2026-05-22T20:00Z,98832.91
km_GOOGL,美股个股,2026-05-29T20:00Z,60193.52
km_GOOGL,美股个股,2026-06-05T20:00Z,875768.8
km_MU,美股个股,2026-03-13T20:00Z,1163090.31
km_MU,美股个股,2026-03-20T20:00Z,287451.46
km_MU,美股个股,2026-03-27T20:00Z,635010.18
km_MU,美股个股,2026-04-03T20:00Z,126204.86
km_MU,美股个股,2026-04-10T20:00Z,1679668.47
km_MU,美股个股,2026-04-17T20:00Z,361791.43
km_MU,美股个股,2026-04-24T20:00Z,286308.92
km_MU,美股个股,2026-05-01T20:00Z,963975.16
km_MU,美股个股,2026-05-08T20:00Z,1031046.23
km_MU,美股个股,2026-05-15T20:00Z,593485.67
km_MU,美股个股,2026-05-22T20:00Z,576069.83
km_MU,美股个股,2026-05-29T20:00Z,875071.53
km_MU,美股个股,2026-06-05T20:00Z,2324854.31
km_MU,美股个股,2026-06-12T20:00Z,428466.49
km_NVDA,美股个股,2026-03-13T20:00Z,876816.91
km_NVDA,美股个股,2026-03-20T20:00Z,395265.54
km_NVDA,美股个股,2026-03-27T20:00Z,891467.34
km_NVDA,美股个股,2026-04-03T20:00Z,508237.63
km_NVDA,美股个股,2026-04-10T20:00Z,1162399.55
km_NVDA,美股个股,2026-04-17T20:00Z,1944774.78
km_NVDA,美股个股,2026-04-24T20:00Z,905622.83
km_NVDA,美股个股,2026-05-01T20:00Z,1165299.97
km_NVDA,美股个股,2026-05-08T20:00Z,972703.43
km_NVDA,美股个股,2026-05-15T20:00Z,548465.82
km_NVDA,美股个股,2026-05-22T20:00Z,1478111.41
km_NVDA,美股个股,2026-05-29T20:00Z,2650534.18
km_NVDA,美股个股,2026-06-05T20:00Z,1324054.44
km_NVDA,美股个股,2026-06-12T20:00Z,174472.0
km_PLTR,美股个股,2026-03-13T20:00Z,146537.18
km_PLTR,美股个股,2026-03-20T20:00Z,346087.84
km_PLTR,美股个股,2026-03-27T20:00Z,75001.03
km_PLTR,美股个股,2026-04-03T20:00Z,162739.54
km_PLTR,美股个股,2026-04-10T20:00Z,797761.78
km_PLTR,美股个股,2026-04-17T20:00Z,478061.0
km_PLTR,美股个股,2026-04-24T20:00Z,366722.27
km_PLTR,美股个股,2026-05-01T20:00Z,511806.41
km_PLTR,美股个股,2026-05-08T20:00Z,219142.58
km_PLTR,美股个股,2026-05-15T20:00Z,106608.46
km_PLTR,美股个股,2026-05-22T20:00Z,59977.86
km_PLTR,美股个股,2026-05-29T20:00Z,585219.34
km_PLTR,美股个股,2026-06-05T20:00Z,190871.61
km_RTX,美股个股,2026-03-13T20:00Z,8963.31
km_RTX,美股个股,2026-03-20T20:00Z,22406.14
km_RTX,美股个股,2026-03-27T20:00Z,50036.64
km_RTX,美股个股,2026-04-03T20:00Z,4752.19
km_RTX,美股个股,2026-04-10T20:00Z,32725.42
km_RTX,美股个股,2026-04-17T20:00Z,316632.55
km_RTX,美股个股,2026-04-24T20:00Z,46553.27
km_RTX,美股个股,2026-05-01T20:00Z,103691.0
km_RTX,美股个股,2026-05-08T20:00Z,2236.28
km_RTX,美股个股,2026-05-15T20:00Z,82.78
km_RTX,美股个股,2026-05-22T20:00Z,2908.51
km_RTX,美股个股,2026-05-29T20:00Z,446.71
km_RTX,美股个股,2026-06-05T20:00Z,2154.61
km_SEMI,未分类,2026-03-13T20:00Z,1949.88
km_SEMI,未分类,2026-03-20T20:00Z,24519.39
km_SEMI,未分类,2026-03-27T20:00Z,33713.3
km_SEMI,未分类,2026-04-03T20:00Z,185.07
km_SEMI,未分类,2026-04-10T20:00Z,20911.71
km_SEMI,未分类,2026-04-17T20:00Z,20318.72
km_SEMI,未分类,2026-04-24T20:00Z,33101.73
km_SEMI,未分类,2026-05-01T20:00Z,13971.67
km_SEMI,未分类,2026-05-08T20:00Z,5909.55
km_SEMI,未分类,2026-05-15T20:00Z,45560.75
km_SEMI,未分类,2026-05-22T20:00Z,76843.99
km_SEMI,未分类,2026-05-29T20:00Z,2403.7
km_SEMI,未分类,2026-06-05T20:00Z,115139.63
km_SILVER,商品,2026-03-13T20:00Z,849134.36
km_SILVER,商品,2026-03-20T20:00Z,2050724.63
km_SILVER,商品,2026-03-27T20:00Z,496720.48
km_SILVER,商品,2026-04-03T20:00Z,1885191.54
km_SILVER,商品,2026-04-10T20:00Z,2495223.25
km_SILVER,商品,2026-04-17T20:00Z,2077048.37
km_SILVER,商品,2026-04-24T20:00Z,980883.51
km_SILVER,商品,2026-05-01T20:00Z,1331004.51
km_SILVER,商品,2026-05-08T20:00Z,1557235.89
km_SILVER,商品,2026-05-15T20:00Z,667064.41
km_SILVER,商品,2026-05-22T20:00Z,559711.61
km_SILVER,商品,2026-05-29T20:00Z,187011.37
km_SILVER,商品,2026-06-05T20:00Z,1475843.66
km_SILVER,商品,2026-06-12T20:00Z,75115.62
km_SMALL2000,美股指数,2026-03-13T20:00Z,659842.43
km_SMALL2000,美股指数,2026-03-20T20:00Z,1895600.39
km_SMALL2000,美股指数,2026-03-27T20:00Z,453416.55
km_SMALL2000,美股指数,2026-04-03T20:00Z,54027.77
km_SMALL2000,美股指数,2026-04-10T20:00Z,3933737.47
km_SMALL2000,美股指数,2026-04-17T20:00Z,5481490.23
km_SMALL2000,美股指数,2026-04-24T20:00Z,700751.01
km_SMALL2000,美股指数,2026-05-01T20:00Z,100445.31
km_SMALL2000,美股指数,2026-05-08T20:00Z,235163.46
km_SMALL2000,美股指数,2026-05-15T20:00Z,75355.45
km_SMALL2000,美股指数,2026-05-22T20:00Z,222266.16
km_SMALL2000,美股指数,2026-05-29T20:00Z,101226.67
km_SMALL2000,美股指数,2026-06-05T20:00Z,562181.83
km_SMALL2000,美股指数,2026-06-12T20:00Z,974645.51
km_TENCENT,非美股票与指数,2026-04-10T20:00Z,6808.65
km_TENCENT,非美股票与指数,2026-04-17T20:00Z,56749.53
km_TENCENT,非美股票与指数,2026-04-24T20:00Z,28074.6
km_TENCENT,非美股票与指数,2026-05-01T20:00Z,61008.94
km_TENCENT,非美股票与指数,2026-05-08T20:00Z,6923.89
km_TENCENT,非美股票与指数,2026-05-15T20:00Z,972.96
km_TENCENT,非美股票与指数,2026-05-22T20:00Z,80393.41
km_TENCENT,非美股票与指数,2026-05-29T20:00Z,38672.64
km_TENCENT,非美股票与指数,2026-06-05T20:00Z,4568.58
km_TSLA,美股个股,2026-03-13T20:00Z,594289.35
km_TSLA,美股个股,2026-03-20T20:00Z,254346.2
km_TSLA,美股个股,2026-03-27T20:00Z,874245.71
km_TSLA,美股个股,2026-04-03T20:00Z,85655.31
km_TSLA,美股个股,2026-04-10T20:00Z,1317030.89
km_TSLA,美股个股,2026-04-17T20:00Z,474726.99
km_TSLA,美股个股,2026-04-24T20:00Z,215168.47
km_TSLA,美股个股,2026-05-01T20:00Z,702300.9
km_TSLA,美股个股,2026-05-08T20:00Z,396776.45
km_TSLA,美股个股,2026-05-15T20:00Z,297120.38
km_TSLA,美股个股,2026-05-22T20:00Z,213958.05
km_TSLA,美股个股,2026-05-29T20:00Z,186454.98
km_TSLA,美股个股,2026-06-05T20:00Z,913673.95
km_US500,美股指数,2026-03-13T20:00Z,7436094.72
km_US500,美股指数,2026-03-20T20:00Z,7701746.5
km_US500,美股指数,2026-03-27T20:00Z,4443389.83
km_US500,美股指数,2026-04-03T20:00Z,2484121.83
km_US500,美股指数,2026-04-10T20:00Z,4671655.21
km_US500,美股指数,2026-04-17T20:00Z,3904110.64
km_US500,美股指数,2026-04-24T20:00Z,3756594.57
km_US500,美股指数,2026-05-01T20:00Z,8085552.7
km_US500,美股指数,2026-05-08T20:00Z,12769832.33
km_US500,美股指数,2026-05-15T20:00Z,7487289.5
km_US500,美股指数,2026-05-22T20:00Z,8843594.43
km_US500,美股指数,2026-05-29T20:00Z,5970742.01
km_US500,美股指数,2026-06-05T20:00Z,10846304.35
km_US500,美股指数,2026-06-12T20:00Z,5963792.08
km_USBOND,外汇与利率,2026-03-13T20:00Z,113994.53
km_USBOND,外汇与利率,2026-03-20T20:00Z,310876.93
km_USBOND,外汇与利率,2026-03-27T20:00Z,17943.63
km_USBOND,外汇与利率,2026-04-03T20:00Z,3003.84
km_USBOND,外汇与利率,2026-04-10T20:00Z,102063.27
km_USBOND,外汇与利率,2026-04-17T20:00Z,15711.96
km_USBOND,外汇与利率,2026-04-24T20:00Z,943028.69
km_USBOND,外汇与利率,2026-05-01T20:00Z,2067288.18
km_USBOND,外汇与利率,2026-05-08T20:00Z,11510.45
km_USBOND,外汇与利率,2026-05-15T20:00Z,782317.32
km_USBOND,外汇与利率,2026-05-22T20:00Z,828042.7
km_USBOND,外汇与利率,2026-05-29T20:00Z,4143553.69
km_USBOND,外汇与利率,2026-06-05T20:00Z,964304.56
km_USBOND,外汇与利率,2026-06-12T20:00Z,456184.73
km_USENERGY,商品,2026-03-13T20:00Z,81014.37
km_USENERGY,商品,2026-03-20T20:00Z,762833.67
km_USENERGY,商品,2026-03-27T20:00Z,271261.05
km_USENERGY,商品,2026-04-03T20:00Z,65141.17
km_USENERGY,商品,2026-04-10T20:00Z,77795.9
km_USENERGY,商品,2026-04-17T20:00Z,245374.12
km_USENERGY,商品,2026-04-24T20:00Z,14548.03
km_USENERGY,商品,2026-05-01T20:00Z,275087.34
km_USENERGY,商品,2026-05-08T20:00Z,54262.18
km_USENERGY,商品,2026-05-15T20:00Z,141047.2
km_USENERGY,商品,2026-05-22T20:00Z,369657.85
km_USENERGY,商品,2026-05-29T20:00Z,76139.51
km_USENERGY,商品,2026-06-05T20:00Z,44394.14
km_USOIL,商品,2026-03-13T20:00Z,8359955.15
km_USOIL,商品,2026-03-20T20:00Z,5432514.03
km_USOIL,商品,2026-03-27T20:00Z,4404229.09
km_USOIL,商品,2026-04-03T20:00Z,1722437.75
km_USOIL,商品,2026-04-10T20:00Z,7808623.0
km_USOIL,商品,2026-04-17T20:00Z,7746625.61
km_USOIL,商品,2026-04-24T20:00Z,2591549.49
km_USOIL,商品,2026-05-01T20:00Z,3316033.42
km_USOIL,商品,2026-05-08T20:00Z,777696.59
km_USOIL,商品,2026-05-15T20:00Z,573582.64
km_USOIL,商品,2026-05-22T20:00Z,1836242.39
km_USOIL,商品,2026-05-29T20:00Z,1369690.36
km_USOIL,商品,2026-06-05T20:00Z,1956837.9
km_USOIL,商品,2026-06-12T20:00Z,2171018.12
km_USTECH,美股指数,2026-03-13T20:00Z,2584218.46
km_USTECH,美股指数,2026-03-20T20:00Z,631032.87
km_USTECH,美股指数,2026-03-27T20:00Z,559945.9
km_USTECH,美股指数,2026-04-03T20:00Z,175513.34
km_USTECH,美股指数,2026-04-10T20:00Z,705717.46
km_USTECH,美股指数,2026-04-17T20:00Z,1084514.12
km_USTECH,美股指数,2026-04-24T20:00Z,846430.14
km_USTECH,美股指数,2026-05-01T20:00Z,1788019.8
km_USTECH,美股指数,2026-05-08T20:00Z,1019620.47
km_USTECH,美股指数,2026-05-15T20:00Z,647162.37
km_USTECH,美股指数,2026-05-22T20:00Z,1211794.45
km_USTECH,美股指数,2026-05-29T20:00Z,564142.6
km_USTECH,美股指数,2026-06-05T20:00Z,2289817.57
km_USTECH,美股指数,2026-06-12T20:00Z,536277.34
km_XIAOMI,非美股票与指数,2026-04-10T20:00Z,2772.47
km_XIAOMI,非美股票与指数,2026-04-17T20:00Z,45783.79
km_XIAOMI,非美股票与指数,2026-04-24T20:00Z,3517.43
km_XIAOMI,非美股票与指数,2026-05-01T20:00Z,12148.28
km_XIAOMI,非美股票与指数,2026-05-08T20:00Z,73686.36
km_XIAOMI,非美股票与指数,2026-05-15T20:00Z,233571.31
km_XIAOMI,非美股票与指数,2026-05-22T20:00Z,92455.76
km_XIAOMI,非美股票与指数,2026-05-29T20:00Z,26895.02
km_XIAOMI,非美股票与指数,2026-06-05T20:00Z,54630.62
mkts_BVIV,加密,2026-09-25T20:00Z,0.0
mkts_SMALL2000,美股指数,2026-08-28T20:00Z,1604426.53
mkts_SMALL2000,美股指数,2026-09-04T20:00Z,794107.96
mkts_SMALL2000,美股指数,2026-09-11T20:00Z,936507.99
mkts_SMALL2000,美股指数,2026-09-18T20:00Z,739667.83
mkts_SMALL2000,美股指数,2026-09-25T20:00Z,783776.62
mkts_US500,美股指数,2026-07-03T20:00Z,3093759.0
mkts_US500,美股指数,2026-07-10T20:00Z,3801097.56
mkts_US500,美股指数,2026-07-17T20:00Z,2931970.98
mkts_US500,美股指数,2026-07-24T20:00Z,4889490.85
mkts_US500,美股指数,2026-07-31T20:00Z,3327004.26
mkts_US500,美股指数,2026-08-07T20:00Z,3404486.96
mkts_US500,美股指数,2026-08-14T20:00Z,2847689.98
mkts_US500,美股指数,2026-08-21T20:00Z,6029074.85
mkts_US500,美股指数,2026-08-28T20:00Z,8369488.53
mkts_US500,美股指数,2026-09-04T20:00Z,3584417.71
mkts_US500,美股指数,2026-09-11T20:00Z,3021534.59
mkts_US500,美股指数,2026-09-18T20:00Z,8000666.25
mkts_US500,美股指数,2026-09-25T20:00Z,12220749.07
mkts_USBOND,外汇与利率,2026-08-28T20:00Z,955920.28
mkts_USBOND,外汇与利率,2026-09-04T20:00Z,248443.29
mkts_USBOND,外汇与利率,2026-09-11T20:00Z,319799.82
mkts_USBOND,外汇与利率,2026-09-18T20:00Z,771672.19
mkts_USBOND,外汇与利率,2026-09-25T20:00Z,485575.93
mkts_USTECH,美股指数,2026-07-03T20:00Z,1462840.04
mkts_USTECH,美股指数,2026-07-10T20:00Z,1989570.86
mkts_USTECH,美股指数,2026-07-17T20:00Z,1328097.22
mkts_USTECH,美股指数,2026-07-24T20:00Z,4358177.46
mkts_USTECH,美股指数,2026-07-31T20:00Z,5200856.73
mkts_USTECH,美股指数,2026-08-07T20:00Z,6626731.36
mkts_USTECH,美股指数,2026-08-14T20:00Z,1001522.57
mkts_USTECH,美股指数,2026-08-21T20:00Z,2275358.96
mkts_USTECH,美股指数,2026-08-28T20:00Z,4991864.68
mkts_USTECH,美股指数,2026-09-04T20:00Z,3423391.3
mkts_USTECH,美股指数,2026-09-11T20:00Z,2359495.86
mkts_USTECH,美股指数,2026-09-18T20:00Z,4281901.63
mkts_USTECH,美股指数,2026-09-25T20:00Z,4397457.81
para_10Y,外汇与利率,2026-08-14T20:00Z,714763.59
para_10Y,外汇与利率,2026-08-21T20:00Z,2096.0
para_10Y,外汇与利率,2026-08-28T20:00Z,813171.88
para_10Y,外汇与利率,2026-09-04T20:00Z,438622.39
para_10Y,外汇与利率,2026-09-11T20:00Z,225545.57
para_10Y,外汇与利率,2026-09-18T20:00Z,204099.83
para_10Y,外汇与利率,2026-09-25T20:00Z,83424.22
para_2Y,外汇与利率,2026-09-25T20:00Z,83263.85
para_30Y,外汇与利率,2026-09-25T20:00Z,22386.82
para_AAOI,美股个股,2026-07-31T20:00Z,15917.43
para_AAOI,美股个股,2026-08-07T20:00Z,245293.46
para_AAOI,美股个股,2026-08-14T20:00Z,179442.26
para_AAOI,美股个股,2026-08-21T20:00Z,331254.06
para_AAOI,美股个股,2026-08-28T20:00Z,85628.44
para_AAOI,美股个股,2026-09-04T20:00Z,3724.36
para_AAOI,美股个股,2026-09-11T20:00Z,158772.34
para_AAOI,美股个股,2026-09-18T20:00Z,31452.13
para_AAOI,美股个股,2026-09-25T20:00Z,1683.64
para_ANSEM,未分类,2026-08-28T20:00Z,606783.53
para_ANSEM,未分类,2026-09-04T20:00Z,1872911.82
para_ANSEM,未分类,2026-09-11T20:00Z,1066905.71
para_ANSEM,未分类,2026-09-18T20:00Z,1156698.04
para_ANSEM,未分类,2026-09-25T20:00Z,974334.86
para_AVGO,美股个股,2026-05-22T20:00Z,1503677.46
para_AVGO,美股个股,2026-05-29T20:00Z,3592427.58
para_AVGO,美股个股,2026-06-05T20:00Z,1255345.49
para_AVGO,美股个股,2026-06-12T20:00Z,38200.84
para_AVGO,美股个股,2026-06-19T20:00Z,24718.08
para_AVGO,美股个股,2026-06-26T20:00Z,2468.08
para_AVGO,美股个股,2026-07-03T20:00Z,3386.18
para_AVGO,美股个股,2026-07-10T20:00Z,2610.79
para_AVGO,美股个股,2026-07-17T20:00Z,72430.34
para_AVGO,美股个股,2026-07-24T20:00Z,20027.95
para_AVGO,美股个股,2026-07-31T20:00Z,37097.15
para_AVGO,美股个股,2026-08-07T20:00Z,5841.22
para_AVGO,美股个股,2026-08-14T20:00Z,14537.7
para_AVGO,美股个股,2026-08-21T20:00Z,44872.6
para_AVGO,美股个股,2026-08-28T20:00Z,67859.04
para_AVGO,美股个股,2026-09-04T20:00Z,34965.5
para_AVGO,美股个股,2026-09-11T20:00Z,125753.32
para_AVGO,美股个股,2026-09-18T20:00Z,84631.7
para_AVGO,美股个股,2026-09-25T20:00Z,50381.37
para_BTCD,加密,2026-04-03T20:00Z,59518.66
para_BTCD,加密,2026-04-10T20:00Z,183008.95
para_BTCD,加密,2026-04-17T20:00Z,162161.5
para_BTCD,加密,2026-04-24T20:00Z,193170.5
para_BTCD,加密,2026-05-01T20:00Z,12119.19
para_BTCD,加密,2026-05-08T20:00Z,33255.55
para_BTCD,加密,2026-05-15T20:00Z,58698.49
para_BTCD,加密,2026-05-22T20:00Z,44884.75
para_BTCD,加密,2026-05-29T20:00Z,102371.74
para_BTCD,加密,2026-06-05T20:00Z,69667.91
para_BTCD,加密,2026-06-12T20:00Z,98332.98
para_BTCD,加密,2026-06-19T20:00Z,14824.14
para_BTCD,加密,2026-06-26T20:00Z,7733.46
para_BTCD,加密,2026-07-03T20:00Z,36242.04
para_BTCD,加密,2026-07-10T20:00Z,13494.17
para_BTCD,加密,2026-07-17T20:00Z,58724.48
para_BTCD,加密,2026-07-24T20:00Z,41825.92
para_BTCD,加密,2026-07-31T20:00Z,141648.86
para_BTCD,加密,2026-08-07T20:00Z,745695.63
para_BTCD,加密,2026-08-14T20:00Z,4506.16
para_BTCD,加密,2026-08-21T20:00Z,185140.44
para_BTCD,加密,2026-08-28T20:00Z,130807.72
para_BTCD,加密,2026-09-04T20:00Z,166323.47
para_BTCD,加密,2026-09-11T20:00Z,42001.46
para_BTCD,加密,2026-09-18T20:00Z,558012.57
para_BTCD,加密,2026-09-25T20:00Z,1577300.54
para_CIEN,美股个股,2026-08-07T20:00Z,9727.28
para_CIEN,美股个股,2026-08-14T20:00Z,2696.12
para_CIEN,美股个股,2026-08-21T20:00Z,10692.05
para_CIEN,美股个股,2026-08-28T20:00Z,2018.05
para_CIEN,美股个股,2026-09-04T20:00Z,100422.27
para_CIEN,美股个股,2026-09-11T20:00Z,63911.26
para_CIEN,美股个股,2026-09-18T20:00Z,7787.78
para_CIEN,美股个股,2026-09-25T20:00Z,4708.78
para_CIFR,美股个股,2026-09-11T20:00Z,12348.76
para_CIFR,美股个股,2026-09-18T20:00Z,14950.69
para_CIFR,美股个股,2026-09-25T20:00Z,22827.4
para_COHR,美股个股,2026-07-17T20:00Z,109477.87
para_COHR,美股个股,2026-07-24T20:00Z,12133.3
para_COHR,美股个股,2026-07-31T20:00Z,52628.34
para_COHR,美股个股,2026-08-07T20:00Z,229084.75
para_COHR,美股个股,2026-08-14T20:00Z,131443.74
para_COHR,美股个股,2026-08-21T20:00Z,644681.3
para_COHR,美股个股,2026-08-28T20:00Z,7604.19
para_COHR,美股个股,2026-09-04T20:00Z,45361.38
para_COHR,美股个股,2026-09-11T20:00Z,23402.1
para_COHR,美股个股,2026-09-18T20:00Z,82862.22
para_COHR,美股个股,2026-09-25T20:00Z,732.85
para_CRDO,美股个股,2026-07-17T20:00Z,813822.91
para_CRDO,美股个股,2026-07-24T20:00Z,20872.26
para_CRDO,美股个股,2026-07-31T20:00Z,98882.58
para_CRDO,美股个股,2026-08-07T20:00Z,34912.33
para_CRDO,美股个股,2026-08-14T20:00Z,43414.67
para_CRDO,美股个股,2026-08-21T20:00Z,46149.21
para_CRDO,美股个股,2026-08-28T20:00Z,21258.32
para_CRDO,美股个股,2026-09-04T20:00Z,354805.61
para_CRDO,美股个股,2026-09-11T20:00Z,1003987.37
para_CRDO,美股个股,2026-09-18T20:00Z,197023.4
para_CRDO,美股个股,2026-09-25T20:00Z,218284.74
para_CRWD,美股个股,2026-08-14T20:00Z,8142.72
para_CRWD,美股个股,2026-08-21T20:00Z,70554.55
para_CRWD,美股个股,2026-08-28T20:00Z,2752.74
para_CRWD,美股个股,2026-09-04T20:00Z,31805.42
para_CRWD,美股个股,2026-09-11T20:00Z,70733.06
para_CRWD,美股个股,2026-09-18T20:00Z,17256.21
para_CRWD,美股个股,2026-09-25T20:00Z,8688.62
para_GLW,美股个股,2026-07-17T20:00Z,634745.15
para_GLW,美股个股,2026-07-24T20:00Z,22907.66
para_GLW,美股个股,2026-07-31T20:00Z,66450.63
para_GLW,美股个股,2026-08-07T20:00Z,11050.14
para_GLW,美股个股,2026-08-14T20:00Z,4598.67
para_GLW,美股个股,2026-08-21T20:00Z,1640.71
para_GLW,美股个股,2026-08-28T20:00Z,4124.08
para_GLW,美股个股,2026-09-04T20:00Z,26573.17
para_GLW,美股个股,2026-09-11T20:00Z,47850.21
para_GLW,美股个股,2026-09-18T20:00Z,2628.38
para_GLW,美股个股,2026-09-25T20:00Z,7127.06
para_IGV,美股ETF,2026-09-04T20:00Z,25744.56
para_IGV,美股ETF,2026-09-11T20:00Z,40868.08
para_IGV,美股ETF,2026-09-18T20:00Z,3615.44
para_IGV,美股ETF,2026-09-25T20:00Z,1599.07
para_IREN,美股个股,2026-07-24T20:00Z,9708.2
para_IREN,美股个股,2026-07-31T20:00Z,175891.65
para_IREN,美股个股,2026-08-07T20:00Z,102916.2
para_IREN,美股个股,2026-08-14T20:00Z,150492.02
para_IREN,美股个股,2026-08-21T20:00Z,462007.79
para_IREN,美股个股,2026-08-28T20:00Z,50192.08
para_IREN,美股个股,2026-09-04T20:00Z,182936.91
para_IREN,美股个股,2026-09-11T20:00Z,284588.98
para_IREN,美股个股,2026-09-18T20:00Z,36561.35
para_IREN,美股个股,2026-09-25T20:00Z,4227.52
para_LRCX,美股个股,2026-07-24T20:00Z,7381.59
para_LRCX,美股个股,2026-07-31T20:00Z,5770.34
para_LRCX,美股个股,2026-08-07T20:00Z,49.81
para_LRCX,美股个股,2026-08-14T20:00Z,37188.26
para_LRCX,美股个股,2026-08-21T20:00Z,304549.34
para_LRCX,美股个股,2026-08-28T20:00Z,9457.19
para_LRCX,美股个股,2026-09-04T20:00Z,63032.69
para_LRCX,美股个股,2026-09-11T20:00Z,133696.52
para_LRCX,美股个股,2026-09-18T20:00Z,38458.62
para_LRCX,美股个股,2026-09-25T20:00Z,36029.83
para_MELI,美股个股,2026-08-28T20:00Z,31168.23
para_MELI,美股个股,2026-09-04T20:00Z,6991.29
para_MELI,美股个股,2026-09-11T20:00Z,8873.2
para_MELI,美股个股,2026-09-18T20:00Z,1487.08
para_MELI,美股个股,2026-09-25T20:00Z,0.0
para_NET,美股个股,2026-08-07T20:00Z,42789.82
para_NET,美股个股,2026-08-14T20:00Z,58388.25
para_NET,美股个股,2026-08-21T20:00Z,7243.02
para_NET,美股个股,2026-08-28T20:00Z,22453.81
para_NET,美股个股,2026-09-04T20:00Z,2540.04
para_NET,美股个股,2026-09-11T20:00Z,75378.92
para_NET,美股个股,2026-09-18T20:00Z,5880.35
para_NET,美股个股,2026-09-25T20:00Z,58433.5
para_OTHERS,加密,2026-04-03T20:00Z,192089.63
para_OTHERS,加密,2026-04-10T20:00Z,233492.25
para_OTHERS,加密,2026-04-17T20:00Z,1206037.93
para_OTHERS,加密,2026-04-24T20:00Z,270233.26
para_OTHERS,加密,2026-05-01T20:00Z,162042.81
para_OTHERS,加密,2026-05-08T20:00Z,341089.44
para_OTHERS,加密,2026-05-15T20:00Z,104251.72
para_OTHERS,加密,2026-05-22T20:00Z,422526.34
para_OTHERS,加密,2026-05-29T20:00Z,71383.24
para_OTHERS,加密,2026-06-05T20:00Z,89726.28
para_OTHERS,加密,2026-06-12T20:00Z,115395.47
para_OTHERS,加密,2026-06-19T20:00Z,69761.75
para_OTHERS,加密,2026-06-26T20:00Z,7012.31
para_OTHERS,加密,2026-07-03T20:00Z,94890.66
para_OTHERS,加密,2026-07-10T20:00Z,278901.84
para_OTHERS,加密,2026-07-17T20:00Z,157720.87
para_OTHERS,加密,2026-07-24T20:00Z,170.55
para_OTHERS,加密,2026-07-31T20:00Z,617512.89
para_OTHERS,加密,2026-08-07T20:00Z,237322.62
para_OTHERS,加密,2026-08-14T20:00Z,11343.49
para_OTHERS,加密,2026-08-21T20:00Z,240909.16
para_OTHERS,加密,2026-08-28T20:00Z,95931.1
para_OTHERS,加密,2026-09-04T20:00Z,152182.16
para_OTHERS,加密,2026-09-11T20:00Z,193026.61
para_OTHERS,加密,2026-09-18T20:00Z,419666.6
para_OTHERS,加密,2026-09-25T20:00Z,730261.65
para_RDDT,美股个股,2026-08-07T20:00Z,5365.63
para_RDDT,美股个股,2026-08-14T20:00Z,34235.17
para_RDDT,美股个股,2026-08-21T20:00Z,49802.87
para_RDDT,美股个股,2026-08-28T20:00Z,34934.63
para_RDDT,美股个股,2026-09-04T20:00Z,11356.49
para_RDDT,美股个股,2026-09-11T20:00Z,53794.41
para_RDDT,美股个股,2026-09-18T20:00Z,4251.47
para_RDDT,美股个股,2026-09-25T20:00Z,25235.86
para_SMCI,美股个股,2026-08-14T20:00Z,12103.2
para_SMCI,美股个股,2026-08-21T20:00Z,71516.87
para_SMCI,美股个股,2026-08-28T20:00Z,97151.33
para_SMCI,美股个股,2026-09-04T20:00Z,11714.66
para_SMCI,美股个股,2026-09-11T20:00Z,149284.25
para_SMCI,美股个股,2026-09-18T20:00Z,15740.86
para_SMCI,美股个股,2026-09-25T20:00Z,35283.39
para_SOFI,美股个股,2026-09-04T20:00Z,7083.11
para_SOFI,美股个股,2026-09-11T20:00Z,46951.63
para_SOFI,美股个股,2026-09-18T20:00Z,40771.59
para_SOFI,美股个股,2026-09-25T20:00Z,102146.01
para_STX,美股个股,2026-07-24T20:00Z,523479.63
para_STX,美股个股,2026-07-31T20:00Z,102979.04
para_STX,美股个股,2026-08-07T20:00Z,121253.02
para_STX,美股个股,2026-08-14T20:00Z,72634.3
para_STX,美股个股,2026-08-21T20:00Z,143711.09
para_STX,美股个股,2026-08-28T20:00Z,520.57
para_STX,美股个股,2026-09-04T20:00Z,102755.2
para_STX,美股个股,2026-09-11T20:00Z,63049.32
para_STX,美股个股,2026-09-18T20:00Z,25408.84
para_STX,美股个股,2026-09-25T20:00Z,250166.29
para_TER,美股个股,2026-07-31T20:00Z,53408.45
para_TER,美股个股,2026-08-07T20:00Z,35551.99
para_TER,美股个股,2026-08-14T20:00Z,1742.38
para_TER,美股个股,2026-08-21T20:00Z,36628.79
para_TER,美股个股,2026-08-28T20:00Z,5217.46
para_TER,美股个股,2026-09-04T20:00Z,45711.93
para_TER,美股个股,2026-09-11T20:00Z,38383.23
para_TER,美股个股,2026-09-18T20:00Z,53803.73
para_TER,美股个股,2026-09-25T20:00Z,6236.8
para_TOTAL2,加密,2026-04-03T20:00Z,369450.71
para_TOTAL2,加密,2026-04-10T20:00Z,676319.38
para_TOTAL2,加密,2026-04-17T20:00Z,2050393.18
para_TOTAL2,加密,2026-04-24T20:00Z,41941741.92
para_TOTAL2,加密,2026-05-01T20:00Z,242169.1
para_TOTAL2,加密,2026-05-08T20:00Z,1357502.12
para_TOTAL2,加密,2026-05-15T20:00Z,343911.03
para_TOTAL2,加密,2026-05-22T20:00Z,666608.91
para_TOTAL2,加密,2026-05-29T20:00Z,231687.46
para_TOTAL2,加密,2026-06-05T20:00Z,268103.9
para_TOTAL2,加密,2026-06-12T20:00Z,94585.39
para_TOTAL2,加密,2026-06-19T20:00Z,89789.59
para_TOTAL2,加密,2026-06-26T20:00Z,57294.72
para_TOTAL2,加密,2026-07-03T20:00Z,591857.25
para_TOTAL2,加密,2026-07-10T20:00Z,66806.74
para_TOTAL2,加密,2026-07-17T20:00Z,384608.11
para_TOTAL2,加密,2026-07-24T20:00Z,16188.64
para_TOTAL2,加密,2026-07-31T20:00Z,786394.94
para_TOTAL2,加密,2026-08-07T20:00Z,310883.37
para_TOTAL2,加密,2026-08-14T20:00Z,61828.57
para_TOTAL2,加密,2026-08-21T20:00Z,552152.38
para_TOTAL2,加密,2026-08-28T20:00Z,133966.63
para_TOTAL2,加密,2026-09-04T20:00Z,110860.8
para_TOTAL2,加密,2026-09-11T20:00Z,277478.55
para_TOTAL2,加密,2026-09-18T20:00Z,82445.85
para_TOTAL2,加密,2026-09-25T20:00Z,646026.27
para_TREAD,未分类,2026-09-18T20:00Z,349653.73
para_TREAD,未分类,2026-09-25T20:00Z,2874930.64
para_TTWO,美股个股,2026-09-04T20:00Z,9121.05
para_TTWO,美股个股,2026-09-11T20:00Z,6986.63
para_TTWO,美股个股,2026-09-18T20:00Z,39760.8
para_TTWO,美股个股,2026-09-25T20:00Z,42004.94
para_UNITREE,非美股票与指数,2026-08-07T20:00Z,1021466.68
para_UNITREE,非美股票与指数,2026-08-14T20:00Z,822842.58
para_UNITREE,非美股票与指数,2026-08-21T20:00Z,4040135.33
para_UNITREE,非美股票与指数,2026-08-28T20:00Z,313088.74
para_UNITREE,非美股票与指数,2026-09-04T20:00Z,147266.67
para_UNITREE,非美股票与指数,2026-09-11T20:00Z,426275.5
para_UNITREE,非美股票与指数,2026-09-18T20:00Z,2111822.31
para_UNITREE,非美股票与指数,2026-09-25T20:00Z,182046.71
para_VST,美股个股,2026-08-07T20:00Z,60767.62
para_VST,美股个股,2026-08-14T20:00Z,1205698.53
para_VST,美股个股,2026-08-21T20:00Z,310370.9
para_VST,美股个股,2026-08-28T20:00Z,170023.82
para_VST,美股个股,2026-09-04T20:00Z,168005.76
para_VST,美股个股,2026-09-11T20:00Z,102972.77
para_VST,美股个股,2026-09-18T20:00Z,257587.74
para_VST,美股个股,2026-09-25T20:00Z,198153.72
vntl_ANTHROPIC,未上市公司,2026-03-13T20:00Z,35793.5
vntl_ANTHROPIC,未上市公司,2026-03-20T20:00Z,23976.22
vntl_ANTHROPIC,未上市公司,2026-03-27T20:00Z,41045.43
vntl_ANTHROPIC,未上市公司,2026-04-03T20:00Z,51316.14
vntl_ANTHROPIC,未上市公司,2026-04-10T20:00Z,675598.22
vntl_ANTHROPIC,未上市公司,2026-04-17T20:00Z,1283580.5
vntl_ANTHROPIC,未上市公司,2026-04-24T20:00Z,175835.47
vntl_ANTHROPIC,未上市公司,2026-05-01T20:00Z,238857.37
vntl_ANTHROPIC,未上市公司,2026-05-08T20:00Z,10382606.09
vntl_ANTHROPIC,未上市公司,2026-05-15T20:00Z,90859.3
vntl_ANTHROPIC,未上市公司,2026-05-22T20:00Z,126715.47
vntl_ANTHROPIC,未上市公司,2026-05-29T20:00Z,383596.71
vntl_ANTHROPIC,未上市公司,2026-06-05T20:00Z,829421.19
vntl_ANTHROPIC,未上市公司,2026-06-12T20:00Z,362030.49
vntl_BIOTECH,未分类,2026-03-13T20:00Z,63037.6
vntl_BIOTECH,未分类,2026-03-20T20:00Z,30541.81
vntl_BIOTECH,未分类,2026-03-27T20:00Z,21934.14
vntl_BIOTECH,未分类,2026-04-03T20:00Z,920.21
vntl_BIOTECH,未分类,2026-04-10T20:00Z,276927.57
vntl_BIOTECH,未分类,2026-04-17T20:00Z,7248.47
vntl_BIOTECH,未分类,2026-04-24T20:00Z,1263.77
vntl_BIOTECH,未分类,2026-05-01T20:00Z,36898.26
vntl_BIOTECH,未分类,2026-05-08T20:00Z,1109.0
vntl_BIOTECH,未分类,2026-05-15T20:00Z,13119.54
vntl_BIOTECH,未分类,2026-05-22T20:00Z,1627.91
vntl_BIOTECH,未分类,2026-05-29T20:00Z,50640.48
vntl_BIOTECH,未分类,2026-06-05T20:00Z,1043.11
vntl_BIOTECH,未分类,2026-06-12T20:00Z,1302.05
vntl_DEFENSE,未分类,2026-03-13T20:00Z,48913.23
vntl_DEFENSE,未分类,2026-03-20T20:00Z,37300.64
vntl_DEFENSE,未分类,2026-03-27T20:00Z,81627.9
vntl_DEFENSE,未分类,2026-04-03T20:00Z,12562.63
vntl_DEFENSE,未分类,2026-04-10T20:00Z,16721.36
vntl_DEFENSE,未分类,2026-04-17T20:00Z,1851.83
vntl_DEFENSE,未分类,2026-04-24T20:00Z,1524.97
vntl_DEFENSE,未分类,2026-05-01T20:00Z,1048.87
vntl_DEFENSE,未分类,2026-05-08T20:00Z,1118.63
vntl_DEFENSE,未分类,2026-05-15T20:00Z,22478.55
vntl_DEFENSE,未分类,2026-05-22T20:00Z,8797.44
vntl_DEFENSE,未分类,2026-05-29T20:00Z,96830.5
vntl_DEFENSE,未分类,2026-06-05T20:00Z,2641.61
vntl_DEFENSE,未分类,2026-06-12T20:00Z,3474.65
vntl_ENERGY,未分类,2026-03-13T20:00Z,97986.38
vntl_ENERGY,未分类,2026-03-20T20:00Z,415924.87
vntl_ENERGY,未分类,2026-03-27T20:00Z,301172.69
vntl_ENERGY,未分类,2026-04-03T20:00Z,40145.87
vntl_ENERGY,未分类,2026-04-10T20:00Z,121956.84
vntl_ENERGY,未分类,2026-04-17T20:00Z,161699.33
vntl_ENERGY,未分类,2026-04-24T20:00Z,9420.59
vntl_ENERGY,未分类,2026-05-01T20:00Z,277559.72
vntl_ENERGY,未分类,2026-05-08T20:00Z,2658.22
vntl_ENERGY,未分类,2026-05-15T20:00Z,15693.33
vntl_ENERGY,未分类,2026-05-22T20:00Z,11324.79
vntl_ENERGY,未分类,2026-05-29T20:00Z,14539.1
vntl_ENERGY,未分类,2026-06-05T20:00Z,2736.1
vntl_ENERGY,未分类,2026-06-12T20:00Z,2911.35
vntl_INFOTECH,未分类,2026-03-13T20:00Z,1330.65
vntl_INFOTECH,未分类,2026-03-20T20:00Z,187557.99
vntl_INFOTECH,未分类,2026-03-27T20:00Z,405.92
vntl_INFOTECH,未分类,2026-04-03T20:00Z,3741.48
vntl_INFOTECH,未分类,2026-04-10T20:00Z,81167.33
vntl_INFOTECH,未分类,2026-04-17T20:00Z,1468.71
vntl_INFOTECH,未分类,2026-04-24T20:00Z,3451.15
vntl_INFOTECH,未分类,2026-05-01T20:00Z,33550.85
vntl_INFOTECH,未分类,2026-05-08T20:00Z,438.89
vntl_INFOTECH,未分类,2026-05-15T20:00Z,65337.49
vntl_INFOTECH,未分类,2026-05-22T20:00Z,1348.65
vntl_INFOTECH,未分类,2026-05-29T20:00Z,50107.62
vntl_INFOTECH,未分类,2026-06-05T20:00Z,24528.46
vntl_INFOTECH,未分类,2026-06-12T20:00Z,558.32
vntl_MAG7,美股指数,2026-03-13T20:00Z,11851369.37
vntl_MAG7,美股指数,2026-03-20T20:00Z,1023120.26
vntl_MAG7,美股指数,2026-03-27T20:00Z,345976.32
vntl_MAG7,美股指数,2026-04-03T20:00Z,319593.39
vntl_MAG7,美股指数,2026-04-10T20:00Z,509688.33
vntl_MAG7,美股指数,2026-04-17T20:00Z,48087.45
vntl_MAG7,美股指数,2026-04-24T20:00Z,199393.18
vntl_MAG7,美股指数,2026-05-01T20:00Z,159514.98
vntl_MAG7,美股指数,2026-05-08T20:00Z,36132.97
vntl_MAG7,美股指数,2026-05-15T20:00Z,1228420.63
vntl_MAG7,美股指数,2026-05-22T20:00Z,143359.58
vntl_MAG7,美股指数,2026-05-29T20:00Z,9400.79
vntl_MAG7,美股指数,2026-06-05T20:00Z,44756.27
vntl_MAG7,美股指数,2026-06-12T20:00Z,15631.17
vntl_NUCLEAR,未分类,2026-03-13T20:00Z,193788.09
vntl_NUCLEAR,未分类,2026-03-20T20:00Z,196838.43
vntl_NUCLEAR,未分类,2026-03-27T20:00Z,46135.19
vntl_NUCLEAR,未分类,2026-04-03T20:00Z,643.4
vntl_NUCLEAR,未分类,2026-04-10T20:00Z,89038.66
vntl_NUCLEAR,未分类,2026-04-17T20:00Z,7260.05
vntl_NUCLEAR,未分类,2026-04-24T20:00Z,31553.81
vntl_NUCLEAR,未分类,2026-05-01T20:00Z,13037.91
vntl_NUCLEAR,未分类,2026-05-08T20:00Z,29263.26
vntl_NUCLEAR,未分类,2026-05-15T20:00Z,21468.13
vntl_NUCLEAR,未分类,2026-05-22T20:00Z,13123.99
vntl_NUCLEAR,未分类,2026-05-29T20:00Z,61394.23
vntl_NUCLEAR,未分类,2026-06-05T20:00Z,135992.84
vntl_NUCLEAR,未分类,2026-06-12T20:00Z,3845.35
vntl_OPENAI,未上市公司,2026-03-13T20:00Z,137715.3
vntl_OPENAI,未上市公司,2026-03-20T20:00Z,16614.86
vntl_OPENAI,未上市公司,2026-03-27T20:00Z,11222.16
vntl_OPENAI,未上市公司,2026-04-03T20:00Z,1187.66
vntl_OPENAI,未上市公司,2026-04-10T20:00Z,277519.44
vntl_OPENAI,未上市公司,2026-04-17T20:00Z,157266.64
vntl_OPENAI,未上市公司,2026-04-24T20:00Z,345807.78
vntl_OPENAI,未上市公司,2026-05-01T20:00Z,37984.42
vntl_OPENAI,未上市公司,2026-05-08T20:00Z,269127.12
vntl_OPENAI,未上市公司,2026-05-15T20:00Z,25044.16
vntl_OPENAI,未上市公司,2026-05-22T20:00Z,209461.16
vntl_OPENAI,未上市公司,2026-05-29T20:00Z,184713.39
vntl_OPENAI,未上市公司,2026-06-05T20:00Z,149306.06
vntl_OPENAI,未上市公司,2026-06-12T20:00Z,898464.37
vntl_ROBOT,未分类,2026-03-13T20:00Z,102575.21
vntl_ROBOT,未分类,2026-03-20T20:00Z,247045.54
vntl_ROBOT,未分类,2026-03-27T20:00Z,4759.61
vntl_ROBOT,未分类,2026-04-03T20:00Z,1730.64
vntl_ROBOT,未分类,2026-04-10T20:00Z,11705.46
vntl_ROBOT,未分类,2026-04-17T20:00Z,8226.0
vntl_ROBOT,未分类,2026-04-24T20:00Z,4304.32
vntl_ROBOT,未分类,2026-05-01T20:00Z,1172.7
vntl_ROBOT,未分类,2026-05-08T20:00Z,12581.36
vntl_ROBOT,未分类,2026-05-15T20:00Z,84248.17
vntl_ROBOT,未分类,2026-05-22T20:00Z,47666.53
vntl_ROBOT,未分类,2026-05-29T20:00Z,6478.82
vntl_ROBOT,未分类,2026-06-05T20:00Z,14414.36
vntl_ROBOT,未分类,2026-06-12T20:00Z,27219.54
vntl_SEMIS,未分类,2026-03-13T20:00Z,3027.52
vntl_SEMIS,未分类,2026-03-20T20:00Z,25758.11
vntl_SEMIS,未分类,2026-03-27T20:00Z,3148.8
vntl_SEMIS,未分类,2026-04-03T20:00Z,3684.76
vntl_SEMIS,未分类,2026-04-10T20:00Z,76880.91
vntl_SEMIS,未分类,2026-04-17T20:00Z,39509.46
vntl_SEMIS,未分类,2026-04-24T20:00Z,150382.44
vntl_SEMIS,未分类,2026-05-01T20:00Z,43482.99
vntl_SEMIS,未分类,2026-05-08T20:00Z,38890.19
vntl_SEMIS,未分类,2026-05-15T20:00Z,22116.87
vntl_SEMIS,未分类,2026-05-22T20:00Z,60819.74
vntl_SEMIS,未分类,2026-05-29T20:00Z,5688.47
vntl_SEMIS,未分类,2026-06-05T20:00Z,87547.44
vntl_SEMIS,未分类,2026-06-12T20:00Z,18819.42
vntl_SOY,商品,2026-04-24T20:00Z,1039.39
vntl_SOY,商品,2026-05-01T20:00Z,2120.14
vntl_SOY,商品,2026-05-08T20:00Z,5165.78
vntl_SOY,商品,2026-05-15T20:00Z,20021.15
vntl_SOY,商品,2026-05-22T20:00Z,975.5
vntl_SOY,商品,2026-05-29T20:00Z,31605.6
vntl_SOY,商品,2026-06-05T20:00Z,2732.82
vntl_SOY,商品,2026-06-12T20:00Z,0.0
vntl_SPACEX,未上市公司,2026-03-13T20:00Z,69062.47
vntl_SPACEX,未上市公司,2026-03-20T20:00Z,7586.45
vntl_SPACEX,未上市公司,2026-03-27T20:00Z,49255.77
vntl_SPACEX,未上市公司,2026-04-03T20:00Z,6206.09
vntl_SPACEX,未上市公司,2026-04-10T20:00Z,93225.3
vntl_SPACEX,未上市公司,2026-04-17T20:00Z,104991.33
vntl_SPACEX,未上市公司,2026-04-24T20:00Z,96836.83
vntl_SPACEX,未上市公司,2026-05-01T20:00Z,22782.05
vntl_SPACEX,未上市公司,2026-05-08T20:00Z,721177.99
vntl_SPACEX,未上市公司,2026-05-15T20:00Z,909425.99
vntl_SPACEX,未上市公司,2026-05-22T20:00Z,384184.23
vntl_SPACEX,未上市公司,2026-05-29T20:00Z,351643.83
vntl_SPACEX,未上市公司,2026-06-05T20:00Z,482265.55
vntl_WHEAT,商品,2026-04-10T20:00Z,15272.34
vntl_WHEAT,商品,2026-04-17T20:00Z,34743.69
vntl_WHEAT,商品,2026-04-24T20:00Z,17300.56
vntl_WHEAT,商品,2026-05-01T20:00Z,16919.32
vntl_WHEAT,商品,2026-05-08T20:00Z,38159.96
vntl_WHEAT,商品,2026-05-15T20:00Z,178058.22
vntl_WHEAT,商品,2026-05-22T20:00Z,126001.11
vntl_WHEAT,商品,2026-05-29T20:00Z,10892.15
vntl_WHEAT,商品,2026-06-05T20:00Z,21723.16
vntl_WHEAT,商品,2026-06-12T20:00Z,45702.5
xyz_AAOI,美股个股,2026-08-21T20:00Z,2788108.58
xyz_AAOI,美股个股,2026-08-28T20:00Z,237965.32
xyz_AAOI,美股个股,2026-09-04T20:00Z,383368.24
xyz_AAOI,美股个股,2026-09-11T20:00Z,713306.1
xyz_AAOI,美股个股,2026-09-18T20:00Z,432848.56
xyz_AAOI,美股个股,2026-09-25T20:00Z,422801.82
xyz_AAPL,美股个股,2026-03-13T20:00Z,990093.89
xyz_AAPL,美股个股,2026-03-20T20:00Z,1346683.9
xyz_AAPL,美股个股,2026-03-27T20:00Z,1634431.19
xyz_AAPL,美股个股,2026-04-03T20:00Z,315891.39
xyz_AAPL,美股个股,2026-04-10T20:00Z,2260252.78
xyz_AAPL,美股个股,2026-04-17T20:00Z,1648255.56
xyz_AAPL,美股个股,2026-04-24T20:00Z,2955546.92
xyz_AAPL,美股个股,2026-05-01T20:00Z,1614679.22
xyz_AAPL,美股个股,2026-05-08T20:00Z,2758655.53
xyz_AAPL,美股个股,2026-05-15T20:00Z,4323071.56
xyz_AAPL,美股个股,2026-05-22T20:00Z,2488706.2
xyz_AAPL,美股个股,2026-05-29T20:00Z,1560910.05
xyz_AAPL,美股个股,2026-06-05T20:00Z,9427596.56
xyz_AAPL,美股个股,2026-06-12T20:00Z,2436889.19
xyz_AAPL,美股个股,2026-06-19T20:00Z,1393992.34
xyz_AAPL,美股个股,2026-06-26T20:00Z,7001681.73
xyz_AAPL,美股个股,2026-07-03T20:00Z,2563970.46
xyz_AAPL,美股个股,2026-07-10T20:00Z,3312522.64
xyz_AAPL,美股个股,2026-07-17T20:00Z,11211147.86
xyz_AAPL,美股个股,2026-07-24T20:00Z,10931099.3
xyz_AAPL,美股个股,2026-07-31T20:00Z,15764797.42
xyz_AAPL,美股个股,2026-08-07T20:00Z,6375720.22
xyz_AAPL,美股个股,2026-08-14T20:00Z,4114874.34
xyz_AAPL,美股个股,2026-08-21T20:00Z,8791448.32
xyz_AAPL,美股个股,2026-08-28T20:00Z,9235431.84
xyz_AAPL,美股个股,2026-09-04T20:00Z,4237127.93
xyz_AAPL,美股个股,2026-09-11T20:00Z,5353449.38
xyz_AAPL,美股个股,2026-09-18T20:00Z,5994602.34
xyz_AAPL,美股个股,2026-09-25T20:00Z,3947929.59
xyz_AMAT,美股个股,2026-07-03T20:00Z,297448.94
xyz_AMAT,美股个股,2026-07-10T20:00Z,600512.51
xyz_AMAT,美股个股,2026-07-17T20:00Z,208861.48
xyz_AMAT,美股个股,2026-07-24T20:00Z,454921.51
xyz_AMAT,美股个股,2026-07-31T20:00Z,425033.6
xyz_AMAT,美股个股,2026-08-07T20:00Z,317749.72
xyz_AMAT,美股个股,2026-08-14T20:00Z,427929.04
xyz_AMAT,美股个股,2026-08-21T20:00Z,729989.91
xyz_AMAT,美股个股,2026-08-28T20:00Z,290474.89
xyz_AMAT,美股个股,2026-09-04T20:00Z,328149.82
xyz_AMAT,美股个股,2026-09-11T20:00Z,547805.94
xyz_AMAT,美股个股,2026-09-18T20:00Z,1096627.35
xyz_AMAT,美股个股,2026-09-25T20:00Z,500457.12
xyz_AMD,美股个股,2026-03-13T20:00Z,1438620.53
xyz_AMD,美股个股,2026-03-20T20:00Z,1486591.04
xyz_AMD,美股个股,2026-03-27T20:00Z,808285.67
xyz_AMD,美股个股,2026-04-03T20:00Z,441127.67
xyz_AMD,美股个股,2026-04-10T20:00Z,3116953.73
xyz_AMD,美股个股,2026-04-17T20:00Z,2595995.31
xyz_AMD,美股个股,2026-04-24T20:00Z,4124300.64
xyz_AMD,美股个股,2026-05-01T20:00Z,3623527.29
xyz_AMD,美股个股,2026-05-08T20:00Z,5932482.91
xyz_AMD,美股个股,2026-05-15T20:00Z,3061320.33
xyz_AMD,美股个股,2026-05-22T20:00Z,8610350.78
xyz_AMD,美股个股,2026-05-29T20:00Z,7316275.21
xyz_AMD,美股个股,2026-06-05T20:00Z,38097733.23
xyz_AMD,美股个股,2026-06-12T20:00Z,8258643.21
xyz_AMD,美股个股,2026-06-19T20:00Z,4132827.06
xyz_AMD,美股个股,2026-06-26T20:00Z,8009053.92
xyz_AMD,美股个股,2026-07-03T20:00Z,4249233.29
xyz_AMD,美股个股,2026-07-10T20:00Z,5831745.25
xyz_AMD,美股个股,2026-07-17T20:00Z,6207394.99
xyz_AMD,美股个股,2026-07-24T20:00Z,5331630.84
xyz_AMD,美股个股,2026-07-31T20:00Z,8536055.68
xyz_AMD,美股个股,2026-08-07T20:00Z,2792818.16
xyz_AMD,美股个股,2026-08-14T20:00Z,3823911.45
xyz_AMD,美股个股,2026-08-21T20:00Z,4205288.73
xyz_AMD,美股个股,2026-08-28T20:00Z,1868843.02
xyz_AMD,美股个股,2026-09-04T20:00Z,2451278.93
xyz_AMD,美股个股,2026-09-11T20:00Z,5477486.97
xyz_AMD,美股个股,2026-09-18T20:00Z,5109622.3
xyz_AMD,美股个股,2026-09-25T20:00Z,13266894.57
xyz_AMZN,美股个股,2026-03-13T20:00Z,850340.7
xyz_AMZN,美股个股,2026-03-20T20:00Z,1927602.07
xyz_AMZN,美股个股,2026-03-27T20:00Z,4272096.54
xyz_AMZN,美股个股,2026-04-03T20:00Z,792777.41
xyz_AMZN,美股个股,2026-04-10T20:00Z,4267710.01
xyz_AMZN,美股个股,2026-04-17T20:00Z,3883944.38
xyz_AMZN,美股个股,2026-04-24T20:00Z,3288562.18
xyz_AMZN,美股个股,2026-05-01T20:00Z,1287032.15
xyz_AMZN,美股个股,2026-05-08T20:00Z,2204398.35
xyz_AMZN,美股个股,2026-05-15T20:00Z,1534187.5
xyz_AMZN,美股个股,2026-05-22T20:00Z,3328329.18
xyz_AMZN,美股个股,2026-05-29T20:00Z,2565900.21
xyz_AMZN,美股个股,2026-06-05T20:00Z,7382375.61
xyz_AMZN,美股个股,2026-06-12T20:00Z,4377382.64
xyz_AMZN,美股个股,2026-06-19T20:00Z,1859868.6
xyz_AMZN,美股个股,2026-06-26T20:00Z,3609339.54
xyz_AMZN,美股个股,2026-07-03T20:00Z,1876888.85
xyz_AMZN,美股个股,2026-07-10T20:00Z,1911260.82
xyz_AMZN,美股个股,2026-07-17T20:00Z,1986861.28
xyz_AMZN,美股个股,2026-07-24T20:00Z,2193811.5
xyz_AMZN,美股个股,2026-07-31T20:00Z,13932102.41
xyz_AMZN,美股个股,2026-08-07T20:00Z,3618194.12
xyz_AMZN,美股个股,2026-08-14T20:00Z,1377441.77
xyz_AMZN,美股个股,2026-08-21T20:00Z,2991122.1
xyz_AMZN,美股个股,2026-08-28T20:00Z,4084219.11
xyz_AMZN,美股个股,2026-09-04T20:00Z,4002489.58
xyz_AMZN,美股个股,2026-09-11T20:00Z,2449907.82
xyz_AMZN,美股个股,2026-09-18T20:00Z,2980794.39
xyz_AMZN,美股个股,2026-09-25T20:00Z,5449621.95
xyz_ARM,美股个股,2026-05-22T20:00Z,411861.61
xyz_ARM,美股个股,2026-05-29T20:00Z,10075763.34
xyz_ARM,美股个股,2026-06-05T20:00Z,5588698.76
xyz_ARM,美股个股,2026-06-12T20:00Z,2275545.96
xyz_ARM,美股个股,2026-06-19T20:00Z,1265266.02
xyz_ARM,美股个股,2026-06-26T20:00Z,2857044.98
xyz_ARM,美股个股,2026-07-03T20:00Z,560164.6
xyz_ARM,美股个股,2026-07-10T20:00Z,1762432.64
xyz_ARM,美股个股,2026-07-17T20:00Z,1116130.97
xyz_ARM,美股个股,2026-07-24T20:00Z,1122428.93
xyz_ARM,美股个股,2026-07-31T20:00Z,1490375.78
xyz_ARM,美股个股,2026-08-07T20:00Z,505516.87
xyz_ARM,美股个股,2026-08-14T20:00Z,406255.2
xyz_ARM,美股个股,2026-08-21T20:00Z,2350961.66
xyz_ARM,美股个股,2026-08-28T20:00Z,900854.69
xyz_ARM,美股个股,2026-09-04T20:00Z,787304.55
xyz_ARM,美股个股,2026-09-11T20:00Z,2474309.16
xyz_ARM,美股个股,2026-09-18T20:00Z,2516001.25
xyz_ARM,美股个股,2026-09-25T20:00Z,1504623.01
xyz_ASML,美股个股,2026-05-29T20:00Z,219036.22
xyz_ASML,美股个股,2026-06-05T20:00Z,1212393.9
xyz_ASML,美股个股,2026-06-12T20:00Z,288011.96
xyz_ASML,美股个股,2026-06-19T20:00Z,365692.97
xyz_ASML,美股个股,2026-06-26T20:00Z,244033.65
xyz_ASML,美股个股,2026-07-03T20:00Z,276095.53
xyz_ASML,美股个股,2026-07-10T20:00Z,190435.03
xyz_ASML,美股个股,2026-07-17T20:00Z,358611.17
xyz_ASML,美股个股,2026-07-24T20:00Z,489196.33
xyz_ASML,美股个股,2026-07-31T20:00Z,879686.83
xyz_ASML,美股个股,2026-08-07T20:00Z,609785.86
xyz_ASML,美股个股,2026-08-14T20:00Z,373512.31
xyz_ASML,美股个股,2026-08-21T20:00Z,256329.67
xyz_ASML,美股个股,2026-08-28T20:00Z,160792.63
xyz_ASML,美股个股,2026-09-04T20:00Z,242061.22
xyz_ASML,美股个股,2026-09-11T20:00Z,193662.32
xyz_ASML,美股个股,2026-09-18T20:00Z,486350.17
xyz_ASML,美股个股,2026-09-25T20:00Z,185820.19
xyz_AVGO,美股个股,2026-06-05T20:00Z,5538171.03
xyz_AVGO,美股个股,2026-06-12T20:00Z,1129498.9
xyz_AVGO,美股个股,2026-06-19T20:00Z,508142.58
xyz_AVGO,美股个股,2026-06-26T20:00Z,1235211.61
xyz_AVGO,美股个股,2026-07-03T20:00Z,387998.07
xyz_AVGO,美股个股,2026-07-10T20:00Z,734626.07
xyz_AVGO,美股个股,2026-07-17T20:00Z,371567.08
xyz_AVGO,美股个股,2026-07-24T20:00Z,662817.95
xyz_AVGO,美股个股,2026-07-31T20:00Z,1087315.75
xyz_AVGO,美股个股,2026-08-07T20:00Z,672063.7
xyz_AVGO,美股个股,2026-08-14T20:00Z,730095.42
xyz_AVGO,美股个股,2026-08-21T20:00Z,1026581.75
xyz_AVGO,美股个股,2026-08-28T20:00Z,875262.86
xyz_AVGO,美股个股,2026-09-04T20:00Z,1167369.59
xyz_AVGO,美股个股,2026-09-11T20:00Z,1720165.87
xyz_AVGO,美股个股,2026-09-18T20:00Z,1219127.17
xyz_AVGO,美股个股,2026-09-25T20:00Z,1820621.13
xyz_BABA,美股个股,2026-03-13T20:00Z,267508.45
xyz_BABA,美股个股,2026-03-20T20:00Z,1460895.81
xyz_BABA,美股个股,2026-03-27T20:00Z,280068.23
xyz_BABA,美股个股,2026-04-03T20:00Z,165932.05
xyz_BABA,美股个股,2026-04-10T20:00Z,1697611.03
xyz_BABA,美股个股,2026-04-17T20:00Z,1093213.91
xyz_BABA,美股个股,2026-04-24T20:00Z,648692.44
xyz_BABA,美股个股,2026-05-01T20:00Z,521741.3
xyz_BABA,美股个股,2026-05-08T20:00Z,2129446.53
xyz_BABA,美股个股,2026-05-15T20:00Z,969987.77
xyz_BABA,美股个股,2026-05-22T20:00Z,1251450.02
xyz_BABA,美股个股,2026-05-29T20:00Z,952762.84
xyz_BABA,美股个股,2026-06-05T20:00Z,2546611.47
xyz_BABA,美股个股,2026-06-12T20:00Z,1429087.57
xyz_BABA,美股个股,2026-06-19T20:00Z,220232.02
xyz_BABA,美股个股,2026-06-26T20:00Z,526852.39
xyz_BABA,美股个股,2026-07-03T20:00Z,291872.34
xyz_BABA,美股个股,2026-07-10T20:00Z,1480017.49
xyz_BABA,美股个股,2026-07-17T20:00Z,5052711.64
xyz_BABA,美股个股,2026-07-24T20:00Z,335549.51
xyz_BABA,美股个股,2026-07-31T20:00Z,1160804.15
xyz_BABA,美股个股,2026-08-07T20:00Z,1626661.44
xyz_BABA,美股个股,2026-08-14T20:00Z,975907.28
xyz_BABA,美股个股,2026-08-21T20:00Z,6039246.75
xyz_BABA,美股个股,2026-08-28T20:00Z,418430.47
xyz_BABA,美股个股,2026-09-04T20:00Z,495590.44
xyz_BABA,美股个股,2026-09-11T20:00Z,579791.74
xyz_BABA,美股个股,2026-09-18T20:00Z,1910518.82
xyz_BABA,美股个股,2026-09-25T20:00Z,871200.27
xyz_BB,美股个股,2026-05-29T20:00Z,8111610.43
xyz_BB,美股个股,2026-06-05T20:00Z,12379777.57
xyz_BB,美股个股,2026-06-12T20:00Z,740548.62
xyz_BB,美股个股,2026-06-19T20:00Z,1739389.63
xyz_BB,美股个股,2026-06-26T20:00Z,6130947.2
xyz_BB,美股个股,2026-07-03T20:00Z,2783506.51
xyz_BB,美股个股,2026-07-10T20:00Z,506894.67
xyz_BB,美股个股,2026-07-17T20:00Z,2789450.57
xyz_BB,美股个股,2026-07-24T20:00Z,397685.66
xyz_BB,美股个股,2026-07-31T20:00Z,219591.4
xyz_BB,美股个股,2026-08-07T20:00Z,202872.54
xyz_BB,美股个股,2026-08-14T20:00Z,147320.15
xyz_BB,美股个股,2026-08-21T20:00Z,2562194.15
xyz_BB,美股个股,2026-08-28T20:00Z,446876.02
xyz_BB,美股个股,2026-09-04T20:00Z,347526.61
xyz_BB,美股个股,2026-09-11T20:00Z,180613.98
xyz_BB,美股个股,2026-09-18T20:00Z,638654.27
xyz_BB,美股个股,2026-09-25T20:00Z,5176906.04
xyz_BE,美股个股,2026-06-26T20:00Z,826778.57
xyz_BE,美股个股,2026-07-03T20:00Z,346334.69
xyz_BE,美股个股,2026-07-10T20:00Z,1449287.55
xyz_BE,美股个股,2026-07-17T20:00Z,1517627.62
xyz_BE,美股个股,2026-07-24T20:00Z,654764.59
xyz_BE,美股个股,2026-07-31T20:00Z,1717855.32
xyz_BE,美股个股,2026-08-07T20:00Z,234007.38
xyz_BE,美股个股,2026-08-14T20:00Z,2730948.14
xyz_BE,美股个股,2026-08-21T20:00Z,1320905.94
xyz_BE,美股个股,2026-08-28T20:00Z,430351.47
xyz_BE,美股个股,2026-09-04T20:00Z,7955273.63
xyz_BE,美股个股,2026-09-11T20:00Z,2673584.68
xyz_BE,美股个股,2026-09-18T20:00Z,1225483.18
xyz_BE,美股个股,2026-09-25T20:00Z,1553719.22
xyz_BIRD,美股个股,2026-04-17T20:00Z,54284.18
xyz_BIRD,美股个股,2026-04-24T20:00Z,7793354.05
xyz_BIRD,美股个股,2026-05-01T20:00Z,246190.76
xyz_BIRD,美股个股,2026-05-08T20:00Z,910514.74
xyz_BIRD,美股个股,2026-05-15T20:00Z,1029019.08
xyz_BIRD,美股个股,2026-05-22T20:00Z,482102.56
xyz_BIRD,美股个股,2026-05-29T20:00Z,544179.87
xyz_BIRD,美股个股,2026-06-05T20:00Z,216757.66
xyz_BIRD,美股个股,2026-06-12T20:00Z,28302.0
xyz_BIRD,美股个股,2026-06-19T20:00Z,50848.17
xyz_BIRD,美股个股,2026-06-26T20:00Z,81484.22
xyz_BIRD,美股个股,2026-07-03T20:00Z,28362.26
xyz_BIRD,美股个股,2026-07-10T20:00Z,96538.96
xyz_BIRD,美股个股,2026-07-17T20:00Z,570989.18
xyz_BIRD,美股个股,2026-07-24T20:00Z,577277.43
xyz_BIRD,美股个股,2026-07-31T20:00Z,28747.97
xyz_BIRD,美股个股,2026-08-07T20:00Z,140973.9
xyz_BIRD,美股个股,2026-08-14T20:00Z,52797.62
xyz_BIRD,美股个股,2026-08-21T20:00Z,57000.64
xyz_BIRD,美股个股,2026-08-28T20:00Z,33371.15
xyz_BIRD,美股个股,2026-09-04T20:00Z,30724.96
xyz_BIRD,美股个股,2026-09-11T20:00Z,56297.99
xyz_BIRD,美股个股,2026-09-18T20:00Z,59141.35
xyz_BIRD,美股个股,2026-09-25T20:00Z,88897.57
xyz_BMNR,美股个股,2026-09-04T20:00Z,217412.74
xyz_BMNR,美股个股,2026-09-11T20:00Z,108396.12
xyz_BMNR,美股个股,2026-09-18T20:00Z,504383.44
xyz_BMNR,美股个股,2026-09-25T20:00Z,198554.23
xyz_BOT,未分类,2026-06-26T20:00Z,3825830.03
xyz_BOT,未分类,2026-07-03T20:00Z,1082537.49
xyz_BOT,未分类,2026-07-10T20:00Z,242901.37
xyz_BOT,未分类,2026-07-17T20:00Z,1069762.54
xyz_BOT,未分类,2026-07-24T20:00Z,201890.32
xyz_BOT,未分类,2026-07-31T20:00Z,268519.99
xyz_BOT,未分类,2026-08-07T20:00Z,410835.76
xyz_BOT,未分类,2026-08-14T20:00Z,194319.81
xyz_BOT,未分类,2026-08-21T20:00Z,403540.32
xyz_BOT,未分类,2026-08-28T20:00Z,86778.41
xyz_BOT,未分类,2026-09-04T20:00Z,170029.87
xyz_BOT,未分类,2026-09-11T20:00Z,196032.43
xyz_BOT,未分类,2026-09-18T20:00Z,261536.05
xyz_BOT,未分类,2026-09-25T20:00Z,87801.94
xyz_BRENTOIL,商品,2026-03-13T20:00Z,181169347.7
xyz_BRENTOIL,商品,2026-03-20T20:00Z,235788434.75
xyz_BRENTOIL,商品,2026-03-27T20:00Z,197191083.08
xyz_BRENTOIL,商品,2026-04-03T20:00Z,108651307.96
xyz_BRENTOIL,商品,2026-04-10T20:00Z,398854478.51
xyz_BRENTOIL,商品,2026-04-17T20:00Z,258376681.43
xyz_BRENTOIL,商品,2026-04-24T20:00Z,133418965.52
xyz_BRENTOIL,商品,2026-05-01T20:00Z,136883574.11
xyz_BRENTOIL,商品,2026-05-08T20:00Z,161071536.02
xyz_BRENTOIL,商品,2026-05-15T20:00Z,63998074.43
xyz_BRENTOIL,商品,2026-05-22T20:00Z,417543344.84
xyz_BRENTOIL,商品,2026-05-29T20:00Z,64049028.56
xyz_BRENTOIL,商品,2026-06-05T20:00Z,140500299.36
xyz_BRENTOIL,商品,2026-06-12T20:00Z,165832370.27
xyz_BRENTOIL,商品,2026-06-19T20:00Z,100859930.84
xyz_BRENTOIL,商品,2026-06-26T20:00Z,90196293.23
xyz_BRENTOIL,商品,2026-07-03T20:00Z,16359044.99
xyz_BRENTOIL,商品,2026-07-10T20:00Z,121172310.76
xyz_BRENTOIL,商品,2026-07-17T20:00Z,123924514.84
xyz_BRENTOIL,商品,2026-07-24T20:00Z,182252500.94
xyz_BRENTOIL,商品,2026-07-31T20:00Z,238347723.83
xyz_BRENTOIL,商品,2026-08-07T20:00Z,75149071.27
xyz_BRENTOIL,商品,2026-08-14T20:00Z,47659680.76
xyz_BRENTOIL,商品,2026-08-21T20:00Z,35729613.15
xyz_BRENTOIL,商品,2026-08-28T20:00Z,51076567.89
xyz_BRENTOIL,商品,2026-09-04T20:00Z,61964311.1
xyz_BRENTOIL,商品,2026-09-11T20:00Z,89461843.13
xyz_BRENTOIL,商品,2026-09-18T20:00Z,92555398.92
xyz_BRENTOIL,商品,2026-09-25T20:00Z,93878836.22
xyz_BX,美股个股,2026-05-08T20:00Z,1288326.83
xyz_BX,美股个股,2026-05-15T20:00Z,2042.17
xyz_BX,美股个股,2026-05-22T20:00Z,7627.0
xyz_BX,美股个股,2026-05-29T20:00Z,8747.56
xyz_BX,美股个股,2026-06-05T20:00Z,14847.66
xyz_BX,美股个股,2026-06-12T20:00Z,120780.63
xyz_BX,美股个股,2026-06-19T20:00Z,42695.05
xyz_BX,美股个股,2026-06-26T20:00Z,39791.55
xyz_BX,美股个股,2026-07-03T20:00Z,42811.99
xyz_BX,美股个股,2026-07-10T20:00Z,259211.95
xyz_BX,美股个股,2026-07-17T20:00Z,2546000.23
xyz_BX,美股个股,2026-07-24T20:00Z,220036.13
xyz_BX,美股个股,2026-07-31T20:00Z,467217.16
xyz_BX,美股个股,2026-08-07T20:00Z,90279.94
xyz_BX,美股个股,2026-08-14T20:00Z,49675.04
xyz_BX,美股个股,2026-08-21T20:00Z,115811.49
xyz_BX,美股个股,2026-08-28T20:00Z,32487.33
xyz_BX,美股个股,2026-09-04T20:00Z,77151.25
xyz_BX,美股个股,2026-09-11T20:00Z,54525.76
xyz_BX,美股个股,2026-09-18T20:00Z,112374.7
xyz_BX,美股个股,2026-09-25T20:00Z,38992.18
xyz_CBRS,未上市公司,2026-05-01T20:00Z,5980070.31
xyz_CBRS,未上市公司,2026-05-08T20:00Z,6585484.32
xyz_CBRS,未上市公司,2026-05-15T20:00Z,23593113.73
xyz_CBRS,未上市公司,2026-05-22T20:00Z,11198520.02
xyz_CBRS,未上市公司,2026-05-29T20:00Z,2591059.83
xyz_CBRS,未上市公司,2026-06-05T20:00Z,7609970.04
xyz_CBRS,未上市公司,2026-06-12T20:00Z,1881921.42
xyz_CBRS,未上市公司,2026-06-19T20:00Z,2954244.67
xyz_CBRS,未上市公司,2026-06-26T20:00Z,19714806.97
xyz_CBRS,未上市公司,2026-07-03T20:00Z,1749368.71
xyz_CBRS,未上市公司,2026-07-10T20:00Z,2827937.31
xyz_CBRS,未上市公司,2026-07-17T20:00Z,1973205.02
xyz_CBRS,未上市公司,2026-07-24T20:00Z,2120090.06
xyz_CBRS,未上市公司,2026-07-31T20:00Z,4104191.75
xyz_CBRS,未上市公司,2026-08-07T20:00Z,2689490.68
xyz_CBRS,未上市公司,2026-08-14T20:00Z,1368523.41
xyz_CBRS,未上市公司,2026-08-21T20:00Z,5907654.66
xyz_CBRS,未上市公司,2026-08-28T20:00Z,3246429.66
xyz_CBRS,未上市公司,2026-09-04T20:00Z,1998969.4
xyz_CBRS,未上市公司,2026-09-11T20:00Z,2736967.97
xyz_CBRS,未上市公司,2026-09-18T20:00Z,1920921.48
xyz_CBRS,未上市公司,2026-09-25T20:00Z,1368696.77
xyz_CL,商品,2026-03-13T20:00Z,556725007.08
xyz_CL,商品,2026-03-20T20:00Z,239925172.0
xyz_CL,商品,2026-03-27T20:00Z,294650506.14
xyz_CL,商品,2026-04-03T20:00Z,235289857.1
xyz_CL,商品,2026-04-10T20:00Z,1008142565.37
xyz_CL,商品,2026-04-17T20:00Z,697306803.47
xyz_CL,商品,2026-04-24T20:00Z,177919082.38
xyz_CL,商品,2026-05-01T20:00Z,238220338.5
xyz_CL,商品,2026-05-08T20:00Z,282232061.35
xyz_CL,商品,2026-05-15T20:00Z,110784407.97
xyz_CL,商品,2026-05-22T20:00Z,704086747.24
xyz_CL,商品,2026-05-29T20:00Z,118691070.92
xyz_CL,商品,2026-06-05T20:00Z,318802518.79
xyz_CL,商品,2026-06-12T20:00Z,279828661.2
xyz_CL,商品,2026-06-19T20:00Z,173639459.23
xyz_CL,商品,2026-06-26T20:00Z,213517393.37
xyz_CL,商品,2026-07-03T20:00Z,29015658.85
xyz_CL,商品,2026-07-10T20:00Z,187640854.23
xyz_CL,商品,2026-07-17T20:00Z,198156518.48
xyz_CL,商品,2026-07-24T20:00Z,311978418.07
xyz_CL,商品,2026-07-31T20:00Z,402280821.19
xyz_CL,商品,2026-08-07T20:00Z,108509376.17
xyz_CL,商品,2026-08-14T20:00Z,74533969.16
xyz_CL,商品,2026-08-21T20:00Z,39018157.09
xyz_CL,商品,2026-08-28T20:00Z,96978438.27
xyz_CL,商品,2026-09-04T20:00Z,98410289.57
xyz_CL,商品,2026-09-11T20:00Z,157370094.88
xyz_CL,商品,2026-09-18T20:00Z,144923326.01
xyz_CL,商品,2026-09-25T20:00Z,144523735.49
xyz_COIN,美股个股,2026-03-13T20:00Z,4385910.01
xyz_COIN,美股个股,2026-03-20T20:00Z,6889817.05
xyz_COIN,美股个股,2026-03-27T20:00Z,3086824.34
xyz_COIN,美股个股,2026-04-03T20:00Z,2238936.82
xyz_COIN,美股个股,2026-04-10T20:00Z,8352415.72
xyz_COIN,美股个股,2026-04-17T20:00Z,8382865.06
xyz_COIN,美股个股,2026-04-24T20:00Z,3088843.51
xyz_COIN,美股个股,2026-05-01T20:00Z,3829273.24
xyz_COIN,美股个股,2026-05-08T20:00Z,6895438.38
xyz_COIN,美股个股,2026-05-15T20:00Z,3501341.29
xyz_COIN,美股个股,2026-05-22T20:00Z,5484682.02
xyz_COIN,美股个股,2026-05-29T20:00Z,2876059.31
xyz_COIN,美股个股,2026-06-05T20:00Z,7615619.92
xyz_COIN,美股个股,2026-06-12T20:00Z,1942101.55
xyz_COIN,美股个股,2026-06-19T20:00Z,1683120.85
xyz_COIN,美股个股,2026-06-26T20:00Z,3108226.91
xyz_COIN,美股个股,2026-07-03T20:00Z,4173692.67
xyz_COIN,美股个股,2026-07-10T20:00Z,1872805.52
xyz_COIN,美股个股,2026-07-17T20:00Z,2238926.54
xyz_COIN,美股个股,2026-07-24T20:00Z,1489954.66
xyz_COIN,美股个股,2026-07-31T20:00Z,3261859.18
xyz_COIN,美股个股,2026-08-07T20:00Z,3299142.19
xyz_COIN,美股个股,2026-08-14T20:00Z,1766276.98
xyz_COIN,美股个股,2026-08-21T20:00Z,13463532.75
xyz_COIN,美股个股,2026-08-28T20:00Z,3797177.83
xyz_COIN,美股个股,2026-09-04T20:00Z,3789105.26
xyz_COIN,美股个股,2026-09-11T20:00Z,2732400.1
xyz_COIN,美股个股,2026-09-18T20:00Z,8981126.53
xyz_COIN,美股个股,2026-09-25T20:00Z,2960565.75
xyz_COPPER,商品,2026-03-13T20:00Z,4034292.67
xyz_COPPER,商品,2026-03-20T20:00Z,13725718.71
xyz_COPPER,商品,2026-03-27T20:00Z,1081832.88
xyz_COPPER,商品,2026-04-03T20:00Z,1232722.31
xyz_COPPER,商品,2026-04-10T20:00Z,3743425.45
xyz_COPPER,商品,2026-04-17T20:00Z,1680186.34
xyz_COPPER,商品,2026-04-24T20:00Z,3678019.41
xyz_COPPER,商品,2026-05-01T20:00Z,1605322.97
xyz_COPPER,商品,2026-05-08T20:00Z,15235854.2
xyz_COPPER,商品,2026-05-15T20:00Z,4303805.0
xyz_COPPER,商品,2026-05-22T20:00Z,6300973.93
xyz_COPPER,商品,2026-05-29T20:00Z,1540736.29
xyz_COPPER,商品,2026-06-05T20:00Z,15257395.52
xyz_COPPER,商品,2026-06-12T20:00Z,3894550.25
xyz_COPPER,商品,2026-06-19T20:00Z,934030.82
xyz_COPPER,商品,2026-06-26T20:00Z,1451017.87
xyz_COPPER,商品,2026-07-03T20:00Z,964398.65
xyz_COPPER,商品,2026-07-10T20:00Z,2918393.22
xyz_COPPER,商品,2026-07-17T20:00Z,2859011.65
xyz_COPPER,商品,2026-07-24T20:00Z,814709.9
xyz_COPPER,商品,2026-07-31T20:00Z,2010842.12
xyz_COPPER,商品,2026-08-07T20:00Z,2399781.19
xyz_COPPER,商品,2026-08-14T20:00Z,10107795.51
xyz_COPPER,商品,2026-08-21T20:00Z,3020217.71
xyz_COPPER,商品,2026-08-28T20:00Z,3159621.04
xyz_COPPER,商品,2026-09-04T20:00Z,1659115.33
xyz_COPPER,商品,2026-09-11T20:00Z,5204293.08
xyz_COPPER,商品,2026-09-18T20:00Z,4011559.51
xyz_COPPER,商品,2026-09-25T20:00Z,1929818.75
xyz_COST,美股个股,2026-03-27T20:00Z,587.94
xyz_COST,美股个股,2026-04-03T20:00Z,1043879.43
xyz_COST,美股个股,2026-04-10T20:00Z,7612.95
xyz_COST,美股个股,2026-04-17T20:00Z,53845.41
xyz_COST,美股个股,2026-04-24T20:00Z,16936316.35
xyz_COST,美股个股,2026-05-01T20:00Z,7723.89
xyz_COST,美股个股,2026-05-08T20:00Z,31116.68
xyz_COST,美股个股,2026-05-15T20:00Z,66002.03
xyz_COST,美股个股,2026-05-22T20:00Z,54045.24
xyz_COST,美股个股,2026-05-29T20:00Z,62650.97
xyz_COST,美股个股,2026-06-05T20:00Z,1524050.53
xyz_COST,美股个股,2026-06-12T20:00Z,10328.26
xyz_COST,美股个股,2026-06-19T20:00Z,40736.48
xyz_COST,美股个股,2026-06-26T20:00Z,12986.41
xyz_COST,美股个股,2026-07-03T20:00Z,13327.92
xyz_COST,美股个股,2026-07-10T20:00Z,260658.15
xyz_COST,美股个股,2026-07-17T20:00Z,954081.44
xyz_COST,美股个股,2026-07-24T20:00Z,81607.04
xyz_COST,美股个股,2026-07-31T20:00Z,32301.19
xyz_COST,美股个股,2026-08-07T20:00Z,18237.88
xyz_COST,美股个股,2026-08-14T20:00Z,31717.34
xyz_COST,美股个股,2026-08-21T20:00Z,272446.43
xyz_COST,美股个股,2026-08-28T20:00Z,228679.04
xyz_COST,美股个股,2026-09-04T20:00Z,89344.11
xyz_COST,美股个股,2026-09-11T20:00Z,34060.98
xyz_COST,美股个股,2026-09-18T20:00Z,80240.39
xyz_COST,美股个股,2026-09-25T20:00Z,389403.68
xyz_CRCL,美股个股,2026-03-13T20:00Z,6651419.09
xyz_CRCL,美股个股,2026-03-20T20:00Z,15220741.79
xyz_CRCL,美股个股,2026-03-27T20:00Z,6113786.67
xyz_CRCL,美股个股,2026-04-03T20:00Z,4407456.56
xyz_CRCL,美股个股,2026-04-10T20:00Z,16230552.96
xyz_CRCL,美股个股,2026-04-17T20:00Z,13806148.86
xyz_CRCL,美股个股,2026-04-24T20:00Z,4724951.66
xyz_CRCL,美股个股,2026-05-01T20:00Z,7095711.06
xyz_CRCL,美股个股,2026-05-08T20:00Z,13579347.03
xyz_CRCL,美股个股,2026-05-15T20:00Z,9189437.53
xyz_CRCL,美股个股,2026-05-22T20:00Z,11908297.16
xyz_CRCL,美股个股,2026-05-29T20:00Z,8227563.1
xyz_CRCL,美股个股,2026-06-05T20:00Z,25064275.83
xyz_CRCL,美股个股,2026-06-12T20:00Z,7743902.16
xyz_CRCL,美股个股,2026-06-19T20:00Z,4400772.69
xyz_CRCL,美股个股,2026-06-26T20:00Z,5476879.75
xyz_CRCL,美股个股,2026-07-03T20:00Z,11644872.83
xyz_CRCL,美股个股,2026-07-10T20:00Z,10760656.32
xyz_CRCL,美股个股,2026-07-17T20:00Z,9862971.71
xyz_CRCL,美股个股,2026-07-24T20:00Z,5484485.08
xyz_CRCL,美股个股,2026-07-31T20:00Z,11670185.24
xyz_CRCL,美股个股,2026-08-07T20:00Z,6424885.4
xyz_CRCL,美股个股,2026-08-14T20:00Z,4951922.82
xyz_CRCL,美股个股,2026-08-21T20:00Z,33341005.01
xyz_CRCL,美股个股,2026-08-28T20:00Z,13757721.19
xyz_CRCL,美股个股,2026-09-04T20:00Z,19385758.49
xyz_CRCL,美股个股,2026-09-11T20:00Z,12092986.15
xyz_CRCL,美股个股,2026-09-18T20:00Z,27706992.75
xyz_CRCL,美股个股,2026-09-25T20:00Z,18397003.5
xyz_CRWD,美股个股,2026-08-21T20:00Z,873141.81
xyz_CRWD,美股个股,2026-08-28T20:00Z,322680.19
xyz_CRWD,美股个股,2026-09-04T20:00Z,70196.07
xyz_CRWD,美股个股,2026-09-11T20:00Z,78074.39
xyz_CRWD,美股个股,2026-09-18T20:00Z,79486.17
xyz_CRWD,美股个股,2026-09-25T20:00Z,202412.88
xyz_CRWV,美股个股,2026-03-13T20:00Z,935829.14
xyz_CRWV,美股个股,2026-03-20T20:00Z,632619.31
xyz_CRWV,美股个股,2026-03-27T20:00Z,187699.62
xyz_CRWV,美股个股,2026-04-03T20:00Z,197458.13
xyz_CRWV,美股个股,2026-04-10T20:00Z,1384426.99
xyz_CRWV,美股个股,2026-04-17T20:00Z,969689.35
xyz_CRWV,美股个股,2026-04-24T20:00Z,573030.52
xyz_CRWV,美股个股,2026-05-01T20:00Z,671921.52
xyz_CRWV,美股个股,2026-05-08T20:00Z,1233593.31
xyz_CRWV,美股个股,2026-05-15T20:00Z,1339286.13
xyz_CRWV,美股个股,2026-05-22T20:00Z,2025452.66
xyz_CRWV,美股个股,2026-05-29T20:00Z,8705988.89
xyz_CRWV,美股个股,2026-06-05T20:00Z,10220653.48
xyz_CRWV,美股个股,2026-06-12T20:00Z,6176948.77
xyz_CRWV,美股个股,2026-06-19T20:00Z,1185100.98
xyz_CRWV,美股个股,2026-06-26T20:00Z,1437468.14
xyz_CRWV,美股个股,2026-07-03T20:00Z,1169466.51
xyz_CRWV,美股个股,2026-07-10T20:00Z,1635416.46
xyz_CRWV,美股个股,2026-07-17T20:00Z,1775604.98
xyz_CRWV,美股个股,2026-07-24T20:00Z,1463176.51
xyz_CRWV,美股个股,2026-07-31T20:00Z,1867862.95
xyz_CRWV,美股个股,2026-08-07T20:00Z,1756513.46
xyz_CRWV,美股个股,2026-08-14T20:00Z,1274159.11
xyz_CRWV,美股个股,2026-08-21T20:00Z,3307382.38
xyz_CRWV,美股个股,2026-08-28T20:00Z,763231.75
xyz_CRWV,美股个股,2026-09-04T20:00Z,1913544.04
xyz_CRWV,美股个股,2026-09-11T20:00Z,3043185.85
xyz_CRWV,美股个股,2026-09-18T20:00Z,2031206.27
xyz_CRWV,美股个股,2026-09-25T20:00Z,2167759.79
xyz_CVX,美股个股,2026-09-18T20:00Z,31970.76
xyz_CVX,美股个股,2026-09-25T20:00Z,82925.59
xyz_CXMT,非美股票与指数,2026-07-17T20:00Z,9434511.77
xyz_CXMT,非美股票与指数,2026-07-24T20:00Z,41626403.23
xyz_CXMT,非美股票与指数,2026-07-31T20:00Z,12289130.47
xyz_CXMT,非美股票与指数,2026-08-07T20:00Z,8217505.13
xyz_CXMT,非美股票与指数,2026-08-14T20:00Z,4905477.57
xyz_CXMT,非美股票与指数,2026-08-21T20:00Z,1784969.79
xyz_CXMT,非美股票与指数,2026-08-28T20:00Z,3445628.97
xyz_CXMT,非美股票与指数,2026-09-04T20:00Z,1660327.18
xyz_CXMT,非美股票与指数,2026-09-11T20:00Z,2071475.2
xyz_CXMT,非美股票与指数,2026-09-18T20:00Z,1969889.81
xyz_CXMT,非美股票与指数,2026-09-25T20:00Z,9667512.04
xyz_DELL,美股个股,2026-06-05T20:00Z,666005.71
xyz_DELL,美股个股,2026-06-12T20:00Z,631531.45
xyz_DELL,美股个股,2026-06-19T20:00Z,141387.57
xyz_DELL,美股个股,2026-06-26T20:00Z,165953.39
xyz_DELL,美股个股,2026-07-03T20:00Z,53794.56
xyz_DELL,美股个股,2026-07-10T20:00Z,202201.67
xyz_DELL,美股个股,2026-07-17T20:00Z,1507744.66
xyz_DELL,美股个股,2026-07-24T20:00Z,785581.62
xyz_DELL,美股个股,2026-07-31T20:00Z,1569158.76
xyz_DELL,美股个股,2026-08-07T20:00Z,312635.12
xyz_DELL,美股个股,2026-08-14T20:00Z,807423.81
xyz_DELL,美股个股,2026-08-21T20:00Z,1012047.02
xyz_DELL,美股个股,2026-08-28T20:00Z,720300.58
xyz_DELL,美股个股,2026-09-04T20:00Z,1404162.13
xyz_DELL,美股个股,2026-09-11T20:00Z,4000501.18
xyz_DELL,美股个股,2026-09-18T20:00Z,1770742.29
xyz_DELL,美股个股,2026-09-25T20:00Z,1172245.46
xyz_DKNG,美股个股,2026-03-27T20:00Z,715.61
xyz_DKNG,美股个股,2026-04-03T20:00Z,963399.86
xyz_DKNG,美股个股,2026-04-10T20:00Z,27490.09
xyz_DKNG,美股个股,2026-04-17T20:00Z,2256.85
xyz_DKNG,美股个股,2026-04-24T20:00Z,1821097.57
xyz_DKNG,美股个股,2026-05-01T20:00Z,5250.77
xyz_DKNG,美股个股,2026-05-08T20:00Z,12838.31
xyz_DKNG,美股个股,2026-05-15T20:00Z,25518.75
xyz_DKNG,美股个股,2026-05-22T20:00Z,68970.07
xyz_DKNG,美股个股,2026-05-29T20:00Z,305135.55
xyz_DKNG,美股个股,2026-06-05T20:00Z,21827.72
xyz_DKNG,美股个股,2026-06-12T20:00Z,81872.68
xyz_DKNG,美股个股,2026-06-19T20:00Z,29010.15
xyz_DKNG,美股个股,2026-06-26T20:00Z,56445.0
xyz_DKNG,美股个股,2026-07-03T20:00Z,8617.94
xyz_DKNG,美股个股,2026-07-10T20:00Z,79841.0
xyz_DKNG,美股个股,2026-07-17T20:00Z,2942439.29
xyz_DKNG,美股个股,2026-07-24T20:00Z,73303.52
xyz_DKNG,美股个股,2026-07-31T20:00Z,103787.08
xyz_DKNG,美股个股,2026-08-07T20:00Z,320297.44
xyz_DKNG,美股个股,2026-08-14T20:00Z,104344.69
xyz_DKNG,美股个股,2026-08-21T20:00Z,79113.24
xyz_DKNG,美股个股,2026-08-28T20:00Z,76547.1
xyz_DKNG,美股个股,2026-09-04T20:00Z,16647.32
xyz_DKNG,美股个股,2026-09-11T20:00Z,214823.22
xyz_DKNG,美股个股,2026-09-18T20:00Z,131086.42
xyz_DKNG,美股个股,2026-09-25T20:00Z,130998.47
xyz_DRAM,未分类,2026-05-08T20:00Z,8619474.52
xyz_DRAM,未分类,2026-05-15T20:00Z,5907073.28
xyz_DRAM,未分类,2026-05-22T20:00Z,6719067.29
xyz_DRAM,未分类,2026-05-29T20:00Z,6327797.24
xyz_DRAM,未分类,2026-06-05T20:00Z,22758893.75
xyz_DRAM,未分类,2026-06-12T20:00Z,15997494.12
xyz_DRAM,未分类,2026-06-19T20:00Z,32709199.95
xyz_DRAM,未分类,2026-06-26T20:00Z,44694353.03
xyz_DRAM,未分类,2026-07-03T20:00Z,33944342.87
xyz_DRAM,未分类,2026-07-10T20:00Z,52449011.78
xyz_DRAM,未分类,2026-07-17T20:00Z,64699572.73
xyz_DRAM,未分类,2026-07-24T20:00Z,58765854.22
xyz_DRAM,未分类,2026-07-31T20:00Z,123588365.96
xyz_DRAM,未分类,2026-08-07T20:00Z,39957042.48
xyz_DRAM,未分类,2026-08-14T20:00Z,29939113.66
xyz_DRAM,未分类,2026-08-21T20:00Z,61720939.72
xyz_DRAM,未分类,2026-08-28T20:00Z,26155321.15
xyz_DRAM,未分类,2026-09-04T20:00Z,28286929.84
xyz_DRAM,未分类,2026-09-11T20:00Z,47022366.05
xyz_DRAM,未分类,2026-09-18T20:00Z,37241627.19
xyz_DRAM,未分类,2026-09-25T20:00Z,67167615.83
xyz_EBAY,美股个股,2026-05-08T20:00Z,33021.51
xyz_EBAY,美股个股,2026-05-15T20:00Z,35566.09
xyz_EBAY,美股个股,2026-05-22T20:00Z,15130.92
xyz_EBAY,美股个股,2026-05-29T20:00Z,10073.09
xyz_EBAY,美股个股,2026-06-05T20:00Z,30032.82
xyz_EBAY,美股个股,2026-06-12T20:00Z,14939.56
xyz_EBAY,美股个股,2026-06-19T20:00Z,9191.95
xyz_EBAY,美股个股,2026-06-26T20:00Z,98922.83
xyz_EBAY,美股个股,2026-07-03T20:00Z,20629.11
xyz_EBAY,美股个股,2026-07-10T20:00Z,95953.13
xyz_EBAY,美股个股,2026-07-17T20:00Z,931423.78
xyz_EBAY,美股个股,2026-07-24T20:00Z,82994.07
xyz_EBAY,美股个股,2026-07-31T20:00Z,120776.57
xyz_EBAY,美股个股,2026-08-07T20:00Z,57737.13
xyz_EBAY,美股个股,2026-08-14T20:00Z,62079.94
xyz_EBAY,美股个股,2026-08-21T20:00Z,15577.37
xyz_EBAY,美股个股,2026-08-28T20:00Z,56848.66
xyz_EBAY,美股个股,2026-09-04T20:00Z,17803.4
xyz_EBAY,美股个股,2026-09-11T20:00Z,34628.17
xyz_EBAY,美股个股,2026-09-18T20:00Z,126677.21
xyz_EBAY,美股个股,2026-09-25T20:00Z,13730.19
xyz_EUR,外汇与利率,2026-03-13T20:00Z,20461862.09
xyz_EUR,外汇与利率,2026-03-20T20:00Z,15566286.21
xyz_EUR,外汇与利率,2026-03-27T20:00Z,30362273.08
xyz_EUR,外汇与利率,2026-04-03T20:00Z,8989121.95
xyz_EUR,外汇与利率,2026-04-10T20:00Z,10371436.05
xyz_EUR,外汇与利率,2026-04-17T20:00Z,11423116.62
xyz_EUR,外汇与利率,2026-04-24T20:00Z,2209904.71
xyz_EUR,外汇与利率,2026-05-01T20:00Z,11094255.92
xyz_EUR,外汇与利率,2026-05-08T20:00Z,2007662.44
xyz_EUR,外汇与利率,2026-05-15T20:00Z,796222.87
xyz_EUR,外汇与利率,2026-05-22T20:00Z,1628367.17
xyz_EUR,外汇与利率,2026-05-29T20:00Z,1131558.48
xyz_EUR,外汇与利率,2026-06-05T20:00Z,1058014.09
xyz_EUR,外汇与利率,2026-06-12T20:00Z,1558416.27
xyz_EUR,外汇与利率,2026-06-19T20:00Z,1928348.21
xyz_EUR,外汇与利率,2026-06-26T20:00Z,999102.94
xyz_EUR,外汇与利率,2026-07-03T20:00Z,364942.6
xyz_EUR,外汇与利率,2026-07-10T20:00Z,924957.48
xyz_EUR,外汇与利率,2026-07-17T20:00Z,618242.7
xyz_EUR,外汇与利率,2026-07-24T20:00Z,669539.21
xyz_EUR,外汇与利率,2026-07-31T20:00Z,1246174.75
xyz_EUR,外汇与利率,2026-08-07T20:00Z,619631.07
xyz_EUR,外汇与利率,2026-08-14T20:00Z,409721.25
xyz_EUR,外汇与利率,2026-08-21T20:00Z,19736731.31
xyz_EUR,外汇与利率,2026-08-28T20:00Z,1205378.46
xyz_EUR,外汇与利率,2026-09-04T20:00Z,1980202.13
xyz_EUR,外汇与利率,2026-09-11T20:00Z,733717.58
xyz_EUR,外汇与利率,2026-09-18T20:00Z,17986372.08
xyz_EUR,外汇与利率,2026-09-25T20:00Z,1361344.64
xyz_EWJ,美股ETF,2026-03-13T20:00Z,109012.76
xyz_EWJ,美股ETF,2026-03-20T20:00Z,674628.01
xyz_EWJ,美股ETF,2026-03-27T20:00Z,152293.55
xyz_EWJ,美股ETF,2026-04-03T20:00Z,946652.49
xyz_EWJ,美股ETF,2026-04-10T20:00Z,444881.42
xyz_EWJ,美股ETF,2026-04-17T20:00Z,201922.77
xyz_EWJ,美股ETF,2026-04-24T20:00Z,1701151.76
xyz_EWJ,美股ETF,2026-05-01T20:00Z,212122.85
xyz_EWJ,美股ETF,2026-05-08T20:00Z,295643.39
xyz_EWJ,美股ETF,2026-05-15T20:00Z,510991.03
xyz_EWJ,美股ETF,2026-05-22T20:00Z,724832.3
xyz_EWJ,美股ETF,2026-05-29T20:00Z,61418.08
xyz_EWJ,美股ETF,2026-06-05T20:00Z,1509181.63
xyz_EWJ,美股ETF,2026-06-12T20:00Z,399810.15
xyz_EWJ,美股ETF,2026-06-19T20:00Z,301409.89
xyz_EWJ,美股ETF,2026-06-26T20:00Z,763478.23
xyz_EWJ,美股ETF,2026-07-03T20:00Z,241728.99
xyz_EWJ,美股ETF,2026-07-10T20:00Z,833473.96
xyz_EWJ,美股ETF,2026-07-17T20:00Z,948491.18
xyz_EWJ,美股ETF,2026-07-24T20:00Z,360938.3
xyz_EWJ,美股ETF,2026-07-31T20:00Z,697546.91
xyz_EWJ,美股ETF,2026-08-07T20:00Z,146974.94
xyz_EWJ,美股ETF,2026-08-14T20:00Z,114203.44
xyz_EWJ,美股ETF,2026-08-21T20:00Z,142767.91
xyz_EWJ,美股ETF,2026-08-28T20:00Z,248135.77
xyz_EWJ,美股ETF,2026-09-04T20:00Z,802388.99
xyz_EWJ,美股ETF,2026-09-11T20:00Z,461104.5
xyz_EWJ,美股ETF,2026-09-18T20:00Z,338467.4
xyz_EWJ,美股ETF,2026-09-25T20:00Z,212605.11
xyz_EWT,美股ETF,2026-05-22T20:00Z,49216.01
xyz_EWT,美股ETF,2026-05-29T20:00Z,3475.83
xyz_EWT,美股ETF,2026-06-05T20:00Z,176038.66
xyz_EWT,美股ETF,2026-06-12T20:00Z,109595.26
xyz_EWT,美股ETF,2026-06-19T20:00Z,76928.71
xyz_EWT,美股ETF,2026-06-26T20:00Z,208688.81
xyz_EWT,美股ETF,2026-07-03T20:00Z,21634.18
xyz_EWT,美股ETF,2026-07-10T20:00Z,177464.72
xyz_EWT,美股ETF,2026-07-17T20:00Z,2452343.18
xyz_EWT,美股ETF,2026-07-24T20:00Z,548102.83
xyz_EWT,美股ETF,2026-07-31T20:00Z,183879.63
xyz_EWT,美股ETF,2026-08-07T20:00Z,60667.73
xyz_EWT,美股ETF,2026-08-14T20:00Z,204901.23
xyz_EWT,美股ETF,2026-08-21T20:00Z,65558.55
xyz_EWT,美股ETF,2026-08-28T20:00Z,389207.93
xyz_EWT,美股ETF,2026-09-04T20:00Z,207773.29
xyz_EWT,美股ETF,2026-09-11T20:00Z,209354.33
xyz_EWT,美股ETF,2026-09-18T20:00Z,142722.57
xyz_EWT,美股ETF,2026-09-25T20:00Z,66974.11
xyz_EWY,美股ETF,2026-03-13T20:00Z,3639229.45
xyz_EWY,美股ETF,2026-03-20T20:00Z,7762197.69
xyz_EWY,美股ETF,2026-03-27T20:00Z,3589524.29
xyz_EWY,美股ETF,2026-04-03T20:00Z,3300746.16
xyz_EWY,美股ETF,2026-04-10T20:00Z,11566162.73
xyz_EWY,美股ETF,2026-04-17T20:00Z,4970399.99
xyz_EWY,美股ETF,2026-04-24T20:00Z,1513890.25
xyz_EWY,美股ETF,2026-05-01T20:00Z,2444976.94
xyz_EWY,美股ETF,2026-05-08T20:00Z,9196048.02
xyz_EWY,美股ETF,2026-05-15T20:00Z,4894789.68
xyz_EWY,美股ETF,2026-05-22T20:00Z,17567936.34
xyz_EWY,美股ETF,2026-05-29T20:00Z,6685449.32
xyz_EWY,美股ETF,2026-06-05T20:00Z,26758151.51
xyz_EWY,美股ETF,2026-06-12T20:00Z,11712031.79
xyz_EWY,美股ETF,2026-06-19T20:00Z,8759355.83
xyz_EWY,美股ETF,2026-06-26T20:00Z,9088646.13
xyz_EWY,美股ETF,2026-07-03T20:00Z,6402715.08
xyz_EWY,美股ETF,2026-07-10T20:00Z,7661807.22
xyz_EWY,美股ETF,2026-07-17T20:00Z,20291127.56
xyz_EWY,美股ETF,2026-07-24T20:00Z,19288000.95
xyz_EWY,美股ETF,2026-07-31T20:00Z,23682102.95
xyz_EWY,美股ETF,2026-08-07T20:00Z,5357870.39
xyz_EWY,美股ETF,2026-08-14T20:00Z,6720273.35
xyz_EWY,美股ETF,2026-08-21T20:00Z,12215644.94
xyz_EWY,美股ETF,2026-08-28T20:00Z,10031786.03
xyz_EWY,美股ETF,2026-09-04T20:00Z,7489672.17
xyz_EWY,美股ETF,2026-09-11T20:00Z,17165751.84
xyz_EWY,美股ETF,2026-09-18T20:00Z,7559401.67
xyz_EWY,美股ETF,2026-09-25T20:00Z,7823118.99
xyz_EWZ,美股ETF,2026-05-08T20:00Z,3000.47
xyz_EWZ,美股ETF,2026-05-15T20:00Z,4310.07
xyz_EWZ,美股ETF,2026-05-22T20:00Z,6444.7
xyz_EWZ,美股ETF,2026-05-29T20:00Z,298366.1
xyz_EWZ,美股ETF,2026-06-05T20:00Z,9834.95
xyz_EWZ,美股ETF,2026-06-12T20:00Z,71706.71
xyz_EWZ,美股ETF,2026-06-19T20:00Z,22818.98
xyz_EWZ,美股ETF,2026-06-26T20:00Z,20640.45
xyz_EWZ,美股ETF,2026-07-03T20:00Z,367783.23
xyz_EWZ,美股ETF,2026-07-10T20:00Z,440191.53
xyz_EWZ,美股ETF,2026-07-17T20:00Z,480846.0
xyz_EWZ,美股ETF,2026-07-24T20:00Z,584016.89
xyz_EWZ,美股ETF,2026-07-31T20:00Z,381229.23
xyz_EWZ,美股ETF,2026-08-07T20:00Z,87043.25
xyz_EWZ,美股ETF,2026-08-14T20:00Z,15168.34
xyz_EWZ,美股ETF,2026-08-21T20:00Z,43520.61
xyz_EWZ,美股ETF,2026-08-28T20:00Z,128155.15
xyz_EWZ,美股ETF,2026-09-04T20:00Z,1914698.73
xyz_EWZ,美股ETF,2026-09-11T20:00Z,70031.41
xyz_EWZ,美股ETF,2026-09-18T20:00Z,41063.19
xyz_EWZ,美股ETF,2026-09-25T20:00Z,71477.24
xyz_GBP,外汇与利率,2026-05-22T20:00Z,14646.67
xyz_GBP,外汇与利率,2026-05-29T20:00Z,7559.46
xyz_GBP,外汇与利率,2026-06-05T20:00Z,22734.11
xyz_GBP,外汇与利率,2026-06-12T20:00Z,309237.74
xyz_GBP,外汇与利率,2026-06-19T20:00Z,401661.4
xyz_GBP,外汇与利率,2026-06-26T20:00Z,801587.33
xyz_GBP,外汇与利率,2026-07-03T20:00Z,115873.32
xyz_GBP,外汇与利率,2026-07-10T20:00Z,151748.35
xyz_GBP,外汇与利率,2026-07-17T20:00Z,22633.36
xyz_GBP,外汇与利率,2026-07-24T20:00Z,5857278.8
xyz_GBP,外汇与利率,2026-07-31T20:00Z,14112134.63
xyz_GBP,外汇与利率,2026-08-07T20:00Z,16553.47
xyz_GBP,外汇与利率,2026-08-14T20:00Z,967733.22
xyz_GBP,外汇与利率,2026-08-21T20:00Z,62190.58
xyz_GBP,外汇与利率,2026-08-28T20:00Z,36853.54
xyz_GBP,外汇与利率,2026-09-04T20:00Z,52205.58
xyz_GBP,外汇与利率,2026-09-11T20:00Z,22229.84
xyz_GBP,外汇与利率,2026-09-18T20:00Z,163480.37
xyz_GBP,外汇与利率,2026-09-25T20:00Z,194542.76
xyz_GEV,美股个股,2026-08-07T20:00Z,8727.09
xyz_GEV,美股个股,2026-08-14T20:00Z,4656.77
xyz_GEV,美股个股,2026-08-21T20:00Z,62169.92
xyz_GEV,美股个股,2026-08-28T20:00Z,119681.35
xyz_GEV,美股个股,2026-09-04T20:00Z,46132.07
xyz_GEV,美股个股,2026-09-11T20:00Z,30124.64
xyz_GEV,美股个股,2026-09-18T20:00Z,56181.85
xyz_GEV,美股个股,2026-09-25T20:00Z,34174.16
xyz_GIGADEV,非美股票与指数,2026-07-24T20:00Z,708279.89
xyz_GIGADEV,非美股票与指数,2026-07-31T20:00Z,73822.54
xyz_GIGADEV,非美股票与指数,2026-08-07T20:00Z,841706.44
xyz_GIGADEV,非美股票与指数,2026-08-14T20:00Z,43795.77
xyz_GIGADEV,非美股票与指数,2026-08-21T20:00Z,60598.65
xyz_GIGADEV,非美股票与指数,2026-08-28T20:00Z,40944.04
xyz_GIGADEV,非美股票与指数,2026-09-04T20:00Z,213699.51
xyz_GIGADEV,非美股票与指数,2026-09-11T20:00Z,53247.42
xyz_GIGADEV,非美股票与指数,2026-09-18T20:00Z,79839.15
xyz_GIGADEV,非美股票与指数,2026-09-25T20:00Z,1953475.65
xyz_GME,美股个股,2026-05-08T20:00Z,378816.2
xyz_GME,美股个股,2026-05-15T20:00Z,83065.91
xyz_GME,美股个股,2026-05-22T20:00Z,105961.07
xyz_GME,美股个股,2026-05-29T20:00Z,3293567.15
xyz_GME,美股个股,2026-06-05T20:00Z,619344.53
xyz_GME,美股个股,2026-06-12T20:00Z,196927.82
xyz_GME,美股个股,2026-06-19T20:00Z,600995.69
xyz_GME,美股个股,2026-06-26T20:00Z,487364.62
xyz_GME,美股个股,2026-07-03T20:00Z,51075.26
xyz_GME,美股个股,2026-07-10T20:00Z,1371504.32
xyz_GME,美股个股,2026-07-17T20:00Z,614459.49
xyz_GME,美股个股,2026-07-24T20:00Z,233732.57
xyz_GME,美股个股,2026-07-31T20:00Z,77666.63
xyz_GME,美股个股,2026-08-07T20:00Z,141538.47
xyz_GME,美股个股,2026-08-14T20:00Z,346808.69
xyz_GME,美股个股,2026-08-21T20:00Z,187974.94
xyz_GME,美股个股,2026-08-28T20:00Z,175206.47
xyz_GME,美股个股,2026-09-04T20:00Z,635075.88
xyz_GME,美股个股,2026-09-11T20:00Z,323232.2
xyz_GME,美股个股,2026-09-18T20:00Z,241141.24
xyz_GME,美股个股,2026-09-25T20:00Z,770250.49
xyz_GOLD,商品,2026-03-13T20:00Z,39388558.18
xyz_GOLD,商品,2026-03-20T20:00Z,68008672.26
xyz_GOLD,商品,2026-03-27T20:00Z,34149029.48
xyz_GOLD,商品,2026-04-03T20:00Z,19716376.11
xyz_GOLD,商品,2026-04-10T20:00Z,23048701.1
xyz_GOLD,商品,2026-04-17T20:00Z,37037902.13
xyz_GOLD,商品,2026-04-24T20:00Z,21337087.53
xyz_GOLD,商品,2026-05-01T20:00Z,16103408.7
xyz_GOLD,商品,2026-05-08T20:00Z,21696724.56
xyz_GOLD,商品,2026-05-15T20:00Z,34501459.83
xyz_GOLD,商品,2026-05-22T20:00Z,48389807.53
xyz_GOLD,商品,2026-05-29T20:00Z,21910900.07
xyz_GOLD,商品,2026-06-05T20:00Z,27740982.22
xyz_GOLD,商品,2026-06-12T20:00Z,25718153.89
xyz_GOLD,商品,2026-06-19T20:00Z,9584539.51
xyz_GOLD,商品,2026-06-26T20:00Z,11079464.14
xyz_GOLD,商品,2026-07-03T20:00Z,22229614.86
xyz_GOLD,商品,2026-07-10T20:00Z,8406513.22
xyz_GOLD,商品,2026-07-17T20:00Z,11411677.36
xyz_GOLD,商品,2026-07-24T20:00Z,10125097.72
xyz_GOLD,商品,2026-07-31T20:00Z,22971900.97
xyz_GOLD,商品,2026-08-07T20:00Z,51832064.67
xyz_GOLD,商品,2026-08-14T20:00Z,10310022.34
xyz_GOLD,商品,2026-08-21T20:00Z,26115536.54
xyz_GOLD,商品,2026-08-28T20:00Z,59683524.67
xyz_GOLD,商品,2026-09-04T20:00Z,20797628.44
xyz_GOLD,商品,2026-09-11T20:00Z,19519562.74
xyz_GOLD,商品,2026-09-18T20:00Z,33546154.37
xyz_GOLD,商品,2026-09-25T20:00Z,15393040.7
xyz_GOOGL,美股个股,2026-03-13T20:00Z,1951912.12
xyz_GOOGL,美股个股,2026-03-20T20:00Z,2600820.41
xyz_GOOGL,美股个股,2026-03-27T20:00Z,5681608.56
xyz_GOOGL,美股个股,2026-04-03T20:00Z,2554941.83
xyz_GOOGL,美股个股,2026-04-10T20:00Z,6575757.73
xyz_GOOGL,美股个股,2026-04-17T20:00Z,3549312.34
xyz_GOOGL,美股个股,2026-04-24T20:00Z,3201398.98
xyz_GOOGL,美股个股,2026-05-01T20:00Z,2815350.88
xyz_GOOGL,美股个股,2026-05-08T20:00Z,3292990.87
xyz_GOOGL,美股个股,2026-05-15T20:00Z,5671236.91
xyz_GOOGL,美股个股,2026-05-22T20:00Z,5358788.56
xyz_GOOGL,美股个股,2026-05-29T20:00Z,6739018.37
xyz_GOOGL,美股个股,2026-06-05T20:00Z,12835298.26
xyz_GOOGL,美股个股,2026-06-12T20:00Z,6901394.62
xyz_GOOGL,美股个股,2026-06-19T20:00Z,3167911.67
xyz_GOOGL,美股个股,2026-06-26T20:00Z,7262257.23
xyz_GOOGL,美股个股,2026-07-03T20:00Z,2010763.31
xyz_GOOGL,美股个股,2026-07-10T20:00Z,3800718.5
xyz_GOOGL,美股个股,2026-07-17T20:00Z,6423995.18
xyz_GOOGL,美股个股,2026-07-24T20:00Z,25383708.81
xyz_GOOGL,美股个股,2026-07-31T20:00Z,16378252.93
xyz_GOOGL,美股个股,2026-08-07T20:00Z,13894963.15
xyz_GOOGL,美股个股,2026-08-14T20:00Z,8983752.16
xyz_GOOGL,美股个股,2026-08-21T20:00Z,23335021.29
xyz_GOOGL,美股个股,2026-08-28T20:00Z,4703602.19
xyz_GOOGL,美股个股,2026-09-04T20:00Z,5702881.61
xyz_GOOGL,美股个股,2026-09-11T20:00Z,33435332.21
xyz_GOOGL,美股个股,2026-09-18T20:00Z,9914469.24
xyz_GOOGL,美股个股,2026-09-25T20:00Z,7246723.08
xyz_HIMS,美股个股,2026-03-27T20:00Z,15797.98
xyz_HIMS,美股个股,2026-04-03T20:00Z,982681.36
xyz_HIMS,美股个股,2026-04-10T20:00Z,16637.78
xyz_HIMS,美股个股,2026-04-17T20:00Z,3184303.82
xyz_HIMS,美股个股,2026-04-24T20:00Z,523746.22
xyz_HIMS,美股个股,2026-05-01T20:00Z,911112.67
xyz_HIMS,美股个股,2026-05-08T20:00Z,9220122.39
xyz_HIMS,美股个股,2026-05-15T20:00Z,650222.3
xyz_HIMS,美股个股,2026-05-22T20:00Z,910867.11
xyz_HIMS,美股个股,2026-05-29T20:00Z,565045.64
xyz_HIMS,美股个股,2026-06-05T20:00Z,964989.36
xyz_HIMS,美股个股,2026-06-12T20:00Z,342878.16
xyz_HIMS,美股个股,2026-06-19T20:00Z,1789544.21
xyz_HIMS,美股个股,2026-06-26T20:00Z,928766.33
xyz_HIMS,美股个股,2026-07-03T20:00Z,253134.27
xyz_HIMS,美股个股,2026-07-10T20:00Z,247344.13
xyz_HIMS,美股个股,2026-07-17T20:00Z,542781.65
xyz_HIMS,美股个股,2026-07-24T20:00Z,1226046.66
xyz_HIMS,美股个股,2026-07-31T20:00Z,189487.32
xyz_HIMS,美股个股,2026-08-07T20:00Z,136529.71
xyz_HIMS,美股个股,2026-08-14T20:00Z,72499.94
xyz_HIMS,美股个股,2026-08-21T20:00Z,199387.51
xyz_HIMS,美股个股,2026-08-28T20:00Z,313364.76
xyz_HIMS,美股个股,2026-09-04T20:00Z,1666170.51
xyz_HIMS,美股个股,2026-09-11T20:00Z,199675.5
xyz_HIMS,美股个股,2026-09-18T20:00Z,191043.47
xyz_HIMS,美股个股,2026-09-25T20:00Z,292790.79
xyz_HOOD,美股个股,2026-03-13T20:00Z,3262459.5
xyz_HOOD,美股个股,2026-03-20T20:00Z,9408078.13
xyz_HOOD,美股个股,2026-03-27T20:00Z,4722739.4
xyz_HOOD,美股个股,2026-04-03T20:00Z,1574769.5
xyz_HOOD,美股个股,2026-04-10T20:00Z,6789278.52
xyz_HOOD,美股个股,2026-04-17T20:00Z,12520512.34
xyz_HOOD,美股个股,2026-04-24T20:00Z,4149878.29
xyz_HOOD,美股个股,2026-05-01T20:00Z,2630597.87
xyz_HOOD,美股个股,2026-05-08T20:00Z,2954233.61
xyz_HOOD,美股个股,2026-05-15T20:00Z,1715471.48
xyz_HOOD,美股个股,2026-05-22T20:00Z,2912765.16
xyz_HOOD,美股个股,2026-05-29T20:00Z,9126776.26
xyz_HOOD,美股个股,2026-06-05T20:00Z,10049010.17
xyz_HOOD,美股个股,2026-06-12T20:00Z,3270853.95
xyz_HOOD,美股个股,2026-06-19T20:00Z,1678492.93
xyz_HOOD,美股个股,2026-06-26T20:00Z,4233122.92
xyz_HOOD,美股个股,2026-07-03T20:00Z,2680187.47
xyz_HOOD,美股个股,2026-07-10T20:00Z,4306284.06
xyz_HOOD,美股个股,2026-07-17T20:00Z,2685692.39
xyz_HOOD,美股个股,2026-07-24T20:00Z,1982569.59
xyz_HOOD,美股个股,2026-07-31T20:00Z,2717457.77
xyz_HOOD,美股个股,2026-08-07T20:00Z,1700179.71
xyz_HOOD,美股个股,2026-08-14T20:00Z,1295838.07
xyz_HOOD,美股个股,2026-08-21T20:00Z,11170092.78
xyz_HOOD,美股个股,2026-08-28T20:00Z,8490846.78
xyz_HOOD,美股个股,2026-09-04T20:00Z,25070957.76
xyz_HOOD,美股个股,2026-09-11T20:00Z,14828975.94
xyz_HOOD,美股个股,2026-09-18T20:00Z,11649009.14
xyz_HOOD,美股个股,2026-09-25T20:00Z,3772393.17
xyz_HYUNDAI,非美股票与指数,2026-03-13T20:00Z,60697.59
xyz_HYUNDAI,非美股票与指数,2026-03-20T20:00Z,155654.24
xyz_HYUNDAI,非美股票与指数,2026-03-27T20:00Z,4980.04
xyz_HYUNDAI,非美股票与指数,2026-04-03T20:00Z,50396.8
xyz_HYUNDAI,非美股票与指数,2026-04-10T20:00Z,718039.29
xyz_HYUNDAI,非美股票与指数,2026-04-17T20:00Z,149365.76
xyz_HYUNDAI,非美股票与指数,2026-04-24T20:00Z,2029991.64
xyz_HYUNDAI,非美股票与指数,2026-05-01T20:00Z,121946.91
xyz_HYUNDAI,非美股票与指数,2026-05-08T20:00Z,263594.92
xyz_HYUNDAI,非美股票与指数,2026-05-15T20:00Z,632350.3
xyz_HYUNDAI,非美股票与指数,2026-05-22T20:00Z,206459.69
xyz_HYUNDAI,非美股票与指数,2026-05-29T20:00Z,386600.46
xyz_HYUNDAI,非美股票与指数,2026-06-05T20:00Z,862737.01
xyz_HYUNDAI,非美股票与指数,2026-06-12T20:00Z,226205.84
xyz_HYUNDAI,非美股票与指数,2026-06-19T20:00Z,120172.3
xyz_HYUNDAI,非美股票与指数,2026-06-26T20:00Z,139888.33
xyz_HYUNDAI,非美股票与指数,2026-07-03T20:00Z,181232.59
xyz_HYUNDAI,非美股票与指数,2026-07-10T20:00Z,83646.82
xyz_HYUNDAI,非美股票与指数,2026-07-17T20:00Z,4534910.85
xyz_HYUNDAI,非美股票与指数,2026-07-24T20:00Z,321770.38
xyz_HYUNDAI,非美股票与指数,2026-07-31T20:00Z,143085.39
xyz_HYUNDAI,非美股票与指数,2026-08-07T20:00Z,188185.77
xyz_HYUNDAI,非美股票与指数,2026-08-14T20:00Z,373621.6
xyz_HYUNDAI,非美股票与指数,2026-08-21T20:00Z,261731.34
xyz_HYUNDAI,非美股票与指数,2026-08-28T20:00Z,121901.11
xyz_HYUNDAI,非美股票与指数,2026-09-04T20:00Z,201183.98
xyz_HYUNDAI,非美股票与指数,2026-09-11T20:00Z,238781.81
xyz_HYUNDAI,非美股票与指数,2026-09-18T20:00Z,79434.66
xyz_HYUNDAI,非美股票与指数,2026-09-25T20:00Z,68238.79
xyz_IBM,美股个股,2026-06-05T20:00Z,936973.56
xyz_IBM,美股个股,2026-06-12T20:00Z,200919.93
xyz_IBM,美股个股,2026-06-19T20:00Z,320111.78
xyz_IBM,美股个股,2026-06-26T20:00Z,392430.25
xyz_IBM,美股个股,2026-07-03T20:00Z,658375.04
xyz_IBM,美股个股,2026-07-10T20:00Z,270101.98
xyz_IBM,美股个股,2026-07-17T20:00Z,839509.13
xyz_IBM,美股个股,2026-07-24T20:00Z,890977.98
xyz_IBM,美股个股,2026-07-31T20:00Z,310618.47
xyz_IBM,美股个股,2026-08-07T20:00Z,880051.79
xyz_IBM,美股个股,2026-08-14T20:00Z,150818.64
xyz_IBM,美股个股,2026-08-21T20:00Z,352563.09
xyz_IBM,美股个股,2026-08-28T20:00Z,215171.51
xyz_IBM,美股个股,2026-09-04T20:00Z,82106.54
xyz_IBM,美股个股,2026-09-11T20:00Z,197857.22
xyz_IBM,美股个股,2026-09-18T20:00Z,677875.27
xyz_IBM,美股个股,2026-09-25T20:00Z,72694.13
xyz_INTC,美股个股,2026-03-13T20:00Z,1818626.47
xyz_INTC,美股个股,2026-03-20T20:00Z,2769505.8
xyz_INTC,美股个股,2026-03-27T20:00Z,4744664.9
xyz_INTC,美股个股,2026-04-03T20:00Z,2032993.06
xyz_INTC,美股个股,2026-04-10T20:00Z,7000246.75
xyz_INTC,美股个股,2026-04-17T20:00Z,4485255.39
xyz_INTC,美股个股,2026-04-24T20:00Z,6361998.0
xyz_INTC,美股个股,2026-05-01T20:00Z,9901674.25
xyz_INTC,美股个股,2026-05-08T20:00Z,18680668.17
xyz_INTC,美股个股,2026-05-15T20:00Z,6718285.55
xyz_INTC,美股个股,2026-05-22T20:00Z,21897177.42
xyz_INTC,美股个股,2026-05-29T20:00Z,18810110.73
xyz_INTC,美股个股,2026-06-05T20:00Z,32398084.72
xyz_INTC,美股个股,2026-06-12T20:00Z,24785278.6
xyz_INTC,美股个股,2026-06-19T20:00Z,30532113.13
xyz_INTC,美股个股,2026-06-26T20:00Z,11668911.14
xyz_INTC,美股个股,2026-07-03T20:00Z,9642496.64
xyz_INTC,美股个股,2026-07-10T20:00Z,14724319.35
xyz_INTC,美股个股,2026-07-17T20:00Z,12644539.47
xyz_INTC,美股个股,2026-07-24T20:00Z,20259808.38
xyz_INTC,美股个股,2026-07-31T20:00Z,19490172.19
xyz_INTC,美股个股,2026-08-07T20:00Z,5850426.99
xyz_INTC,美股个股,2026-08-14T20:00Z,20227843.84
xyz_INTC,美股个股,2026-08-21T20:00Z,17031514.42
xyz_INTC,美股个股,2026-08-28T20:00Z,4935894.03
xyz_INTC,美股个股,2026-09-04T20:00Z,13283669.27
xyz_INTC,美股个股,2026-09-11T20:00Z,12251332.82
xyz_INTC,美股个股,2026-09-18T20:00Z,18678020.12
xyz_INTC,美股个股,2026-09-25T20:00Z,15768188.35
xyz_IREN,美股个股,2026-08-21T20:00Z,416485.91
xyz_IREN,美股个股,2026-08-28T20:00Z,289482.53
xyz_IREN,美股个股,2026-09-04T20:00Z,511152.11
xyz_IREN,美股个股,2026-09-11T20:00Z,650303.39
xyz_IREN,美股个股,2026-09-18T20:00Z,320144.66
xyz_IREN,美股个股,2026-09-25T20:00Z,410352.71
xyz_JP225,非美股票与指数,2026-04-10T20:00Z,520280.05
xyz_JP225,非美股票与指数,2026-04-17T20:00Z,244901.06
xyz_JP225,非美股票与指数,2026-04-24T20:00Z,303063.25
xyz_JP225,非美股票与指数,2026-05-01T20:00Z,65054.25
xyz_JP225,非美股票与指数,2026-05-08T20:00Z,301452.23
xyz_JP225,非美股票与指数,2026-05-15T20:00Z,127691.92
xyz_JP225,非美股票与指数,2026-05-22T20:00Z,479374.77
xyz_JP225,非美股票与指数,2026-05-29T20:00Z,91964.51
xyz_JP225,非美股票与指数,2026-06-05T20:00Z,900709.81
xyz_JP225,非美股票与指数,2026-06-12T20:00Z,245322.31
xyz_JP225,非美股票与指数,2026-06-19T20:00Z,306946.32
xyz_JP225,非美股票与指数,2026-06-26T20:00Z,153840.34
xyz_JP225,非美股票与指数,2026-07-03T20:00Z,175904.43
xyz_JP225,非美股票与指数,2026-07-10T20:00Z,1681265.42
xyz_JP225,非美股票与指数,2026-07-17T20:00Z,897142.32
xyz_JP225,非美股票与指数,2026-07-24T20:00Z,1182217.99
xyz_JP225,非美股票与指数,2026-07-31T20:00Z,1040224.93
xyz_JP225,非美股票与指数,2026-08-07T20:00Z,471442.56
xyz_JP225,非美股票与指数,2026-08-14T20:00Z,124725.13
xyz_JP225,非美股票与指数,2026-08-21T20:00Z,102415.91
xyz_JP225,非美股票与指数,2026-08-28T20:00Z,689983.73
xyz_JP225,非美股票与指数,2026-09-04T20:00Z,1090228.14
xyz_JP225,非美股票与指数,2026-09-11T20:00Z,790255.02
xyz_JP225,非美股票与指数,2026-09-18T20:00Z,426620.55
xyz_JP225,非美股票与指数,2026-09-25T20:00Z,117794.73
xyz_JPY,外汇与利率,2026-03-13T20:00Z,13610246.1
xyz_JPY,外汇与利率,2026-03-20T20:00Z,20213588.83
xyz_JPY,外汇与利率,2026-03-27T20:00Z,19345012.34
xyz_JPY,外汇与利率,2026-04-03T20:00Z,6555514.53
xyz_JPY,外汇与利率,2026-04-10T20:00Z,13816149.53
xyz_JPY,外汇与利率,2026-04-17T20:00Z,14337244.39
xyz_JPY,外汇与利率,2026-04-24T20:00Z,911425.71
xyz_JPY,外汇与利率,2026-05-01T20:00Z,9505823.62
xyz_JPY,外汇与利率,2026-05-08T20:00Z,691487.6
xyz_JPY,外汇与利率,2026-05-15T20:00Z,1412179.72
xyz_JPY,外汇与利率,2026-05-22T20:00Z,958166.49
xyz_JPY,外汇与利率,2026-05-29T20:00Z,561739.89
xyz_JPY,外汇与利率,2026-06-05T20:00Z,9300448.82
xyz_JPY,外汇与利率,2026-06-12T20:00Z,3398012.12
xyz_JPY,外汇与利率,2026-06-19T20:00Z,2008300.02
xyz_JPY,外汇与利率,2026-06-26T20:00Z,1917872.04
xyz_JPY,外汇与利率,2026-07-03T20:00Z,3016774.59
xyz_JPY,外汇与利率,2026-07-10T20:00Z,1205386.04
xyz_JPY,外汇与利率,2026-07-17T20:00Z,3499362.0
xyz_JPY,外汇与利率,2026-07-24T20:00Z,4092379.91
xyz_JPY,外汇与利率,2026-07-31T20:00Z,15084004.42
xyz_JPY,外汇与利率,2026-08-07T20:00Z,2702686.86
xyz_JPY,外汇与利率,2026-08-14T20:00Z,974513.92
xyz_JPY,外汇与利率,2026-08-21T20:00Z,1448091.28
xyz_JPY,外汇与利率,2026-08-28T20:00Z,2469515.58
xyz_JPY,外汇与利率,2026-09-04T20:00Z,4517738.37
xyz_JPY,外汇与利率,2026-09-11T20:00Z,1524832.8
xyz_JPY,外汇与利率,2026-09-18T20:00Z,19680310.11
xyz_JPY,外汇与利率,2026-09-25T20:00Z,1148413.41
xyz_KIOXIA,非美股票与指数,2026-06-26T20:00Z,735284.93
xyz_KIOXIA,非美股票与指数,2026-07-03T20:00Z,1226169.17
xyz_KIOXIA,非美股票与指数,2026-07-10T20:00Z,499128.28
xyz_KIOXIA,非美股票与指数,2026-07-17T20:00Z,744934.56
xyz_KIOXIA,非美股票与指数,2026-07-24T20:00Z,1061138.7
xyz_KIOXIA,非美股票与指数,2026-07-31T20:00Z,3545064.9
xyz_KIOXIA,非美股票与指数,2026-08-07T20:00Z,1423842.69
xyz_KIOXIA,非美股票与指数,2026-08-14T20:00Z,1381532.7
xyz_KIOXIA,非美股票与指数,2026-08-21T20:00Z,687839.66
xyz_KIOXIA,非美股票与指数,2026-08-28T20:00Z,829661.32
xyz_KIOXIA,非美股票与指数,2026-09-04T20:00Z,1397302.78
xyz_KIOXIA,非美股票与指数,2026-09-11T20:00Z,4719904.07
xyz_KIOXIA,非美股票与指数,2026-09-18T20:00Z,1069374.86
xyz_KIOXIA,非美股票与指数,2026-09-25T20:00Z,1976935.74
xyz_KORU,美股ETF,2026-08-07T20:00Z,169728.68
xyz_KORU,美股ETF,2026-08-14T20:00Z,1242164.4
xyz_KORU,美股ETF,2026-08-21T20:00Z,1870715.96
xyz_KORU,美股ETF,2026-08-28T20:00Z,1603033.74
xyz_KORU,美股ETF,2026-09-04T20:00Z,1112390.94
xyz_KORU,美股ETF,2026-09-11T20:00Z,3212294.0
xyz_KORU,美股ETF,2026-09-18T20:00Z,3234216.52
xyz_KORU,美股ETF,2026-09-25T20:00Z,1601779.91
xyz_KR200,非美股票与指数,2026-04-10T20:00Z,59783.55
xyz_KR200,非美股票与指数,2026-04-17T20:00Z,31069.46
xyz_KR200,非美股票与指数,2026-04-24T20:00Z,1459413.54
xyz_KR200,非美股票与指数,2026-05-01T20:00Z,69420.95
xyz_KR200,非美股票与指数,2026-05-08T20:00Z,119682.69
xyz_KR200,非美股票与指数,2026-05-15T20:00Z,323574.68
xyz_KR200,非美股票与指数,2026-05-22T20:00Z,426296.75
xyz_KR200,非美股票与指数,2026-05-29T20:00Z,179284.12
xyz_KR200,非美股票与指数,2026-06-05T20:00Z,444299.15
xyz_KR200,非美股票与指数,2026-06-12T20:00Z,88136.16
xyz_KR200,非美股票与指数,2026-06-19T20:00Z,143026.62
xyz_KR200,非美股票与指数,2026-06-26T20:00Z,166921.59
xyz_KR200,非美股票与指数,2026-07-03T20:00Z,107103.19
xyz_KR200,非美股票与指数,2026-07-10T20:00Z,297647.46
xyz_KR200,非美股票与指数,2026-07-17T20:00Z,225705.51
xyz_KR200,非美股票与指数,2026-07-24T20:00Z,171834.41
xyz_KR200,非美股票与指数,2026-07-31T20:00Z,724965.19
xyz_KR200,非美股票与指数,2026-08-07T20:00Z,297774.44
xyz_KR200,非美股票与指数,2026-08-14T20:00Z,180541.33
xyz_KR200,非美股票与指数,2026-08-21T20:00Z,187476.17
xyz_KR200,非美股票与指数,2026-08-28T20:00Z,355426.55
xyz_KR200,非美股票与指数,2026-09-04T20:00Z,519581.12
xyz_KR200,非美股票与指数,2026-09-11T20:00Z,340783.49
xyz_KR200,非美股票与指数,2026-09-18T20:00Z,741945.01
xyz_KR200,非美股票与指数,2026-09-25T20:00Z,186995.29
xyz_KSTR,未分类,2026-09-18T20:00Z,7550.88
xyz_KSTR,未分类,2026-09-25T20:00Z,247981.36
xyz_LITE,美股个股,2026-05-08T20:00Z,4249999.17
xyz_LITE,美股个股,2026-05-15T20:00Z,1131365.27
xyz_LITE,美股个股,2026-05-22T20:00Z,2509713.74
xyz_LITE,美股个股,2026-05-29T20:00Z,1764805.21
xyz_LITE,美股个股,2026-06-05T20:00Z,2663804.94
xyz_LITE,美股个股,2026-06-12T20:00Z,2484645.29
xyz_LITE,美股个股,2026-06-19T20:00Z,1623825.34
xyz_LITE,美股个股,2026-06-26T20:00Z,778466.28
xyz_LITE,美股个股,2026-07-03T20:00Z,432000.13
xyz_LITE,美股个股,2026-07-10T20:00Z,586252.85
xyz_LITE,美股个股,2026-07-17T20:00Z,2066417.67
xyz_LITE,美股个股,2026-07-24T20:00Z,616439.01
xyz_LITE,美股个股,2026-07-31T20:00Z,1391386.61
xyz_LITE,美股个股,2026-08-07T20:00Z,3356879.48
xyz_LITE,美股个股,2026-08-14T20:00Z,1808431.4
xyz_LITE,美股个股,2026-08-21T20:00Z,3367910.29
xyz_LITE,美股个股,2026-08-28T20:00Z,852208.21
xyz_LITE,美股个股,2026-09-04T20:00Z,832495.41
xyz_LITE,美股个股,2026-09-11T20:00Z,1625086.22
xyz_LITE,美股个股,2026-09-18T20:00Z,1294142.89
xyz_LITE,美股个股,2026-09-25T20:00Z,629529.29
xyz_LLY,美股个股,2026-03-27T20:00Z,3398.13
xyz_LLY,美股个股,2026-04-03T20:00Z,795292.82
xyz_LLY,美股个股,2026-04-10T20:00Z,8135.31
xyz_LLY,美股个股,2026-04-17T20:00Z,38777.02
xyz_LLY,美股个股,2026-04-24T20:00Z,6413095.1
xyz_LLY,美股个股,2026-05-01T20:00Z,68783.7
xyz_LLY,美股个股,2026-05-08T20:00Z,345004.81
xyz_LLY,美股个股,2026-05-15T20:00Z,229960.65
xyz_LLY,美股个股,2026-05-22T20:00Z,738321.74
xyz_LLY,美股个股,2026-05-29T20:00Z,734727.87
xyz_LLY,美股个股,2026-06-05T20:00Z,4050341.35
xyz_LLY,美股个股,2026-06-12T20:00Z,502086.18
xyz_LLY,美股个股,2026-06-19T20:00Z,134970.49
xyz_LLY,美股个股,2026-06-26T20:00Z,1303924.0
xyz_LLY,美股个股,2026-07-03T20:00Z,224073.05
xyz_LLY,美股个股,2026-07-10T20:00Z,159883.25
xyz_LLY,美股个股,2026-07-17T20:00Z,1197871.7
xyz_LLY,美股个股,2026-07-24T20:00Z,532444.67
xyz_LLY,美股个股,2026-07-31T20:00Z,189677.67
xyz_LLY,美股个股,2026-08-07T20:00Z,549336.14
xyz_LLY,美股个股,2026-08-14T20:00Z,621398.42
xyz_LLY,美股个股,2026-08-21T20:00Z,781450.23
xyz_LLY,美股个股,2026-08-28T20:00Z,367909.22
xyz_LLY,美股个股,2026-09-04T20:00Z,559607.08
xyz_LLY,美股个股,2026-09-11T20:00Z,299295.05
xyz_LLY,美股个股,2026-09-18T20:00Z,322157.19
xyz_LLY,美股个股,2026-09-25T20:00Z,200503.74
xyz_LYTE,美股个股,2026-08-07T20:00Z,932717.46
xyz_LYTE,美股个股,2026-08-14T20:00Z,274600.75
xyz_LYTE,美股个股,2026-08-21T20:00Z,412003.02
xyz_LYTE,美股个股,2026-08-28T20:00Z,174222.84
xyz_LYTE,美股个股,2026-09-04T20:00Z,38216.07
xyz_LYTE,美股个股,2026-09-11T20:00Z,85026.36
xyz_LYTE,美股个股,2026-09-18T20:00Z,100395.14
xyz_LYTE,美股个股,2026-09-25T20:00Z,18514.19
xyz_MAGS,美股ETF,2026-08-21T20:00Z,82010.24
xyz_MAGS,美股ETF,2026-08-28T20:00Z,127680.28
xyz_MAGS,美股ETF,2026-09-04T20:00Z,131151.48
xyz_MAGS,美股ETF,2026-09-11T20:00Z,61824.79
xyz_MAGS,美股ETF,2026-09-18T20:00Z,38225.41
xyz_MAGS,美股ETF,2026-09-25T20:00Z,49054.58
xyz_META,美股个股,2026-03-13T20:00Z,3979502.59
xyz_META,美股个股,2026-03-20T20:00Z,1896313.98
xyz_META,美股个股,2026-03-27T20:00Z,3952953.97
xyz_META,美股个股,2026-04-03T20:00Z,794188.34
xyz_META,美股个股,2026-04-10T20:00Z,2799285.02
xyz_META,美股个股,2026-04-17T20:00Z,2052785.43
xyz_META,美股个股,2026-04-24T20:00Z,1817650.35
xyz_META,美股个股,2026-05-01T20:00Z,2292733.26
xyz_META,美股个股,2026-05-08T20:00Z,2068885.62
xyz_META,美股个股,2026-05-15T20:00Z,3774639.54
xyz_META,美股个股,2026-05-22T20:00Z,3875332.23
xyz_META,美股个股,2026-05-29T20:00Z,2136334.48
xyz_META,美股个股,2026-06-05T20:00Z,5112315.56
xyz_META,美股个股,2026-06-12T20:00Z,3238609.73
xyz_META,美股个股,2026-06-19T20:00Z,816447.68
xyz_META,美股个股,2026-06-26T20:00Z,3619770.42
xyz_META,美股个股,2026-07-03T20:00Z,4300902.26
xyz_META,美股个股,2026-07-10T20:00Z,16137240.03
xyz_META,美股个股,2026-07-17T20:00Z,9671284.17
xyz_META,美股个股,2026-07-24T20:00Z,6145228.14
xyz_META,美股个股,2026-07-31T20:00Z,9608659.48
xyz_META,美股个股,2026-08-07T20:00Z,5448917.5
xyz_META,美股个股,2026-08-14T20:00Z,3278949.7
xyz_META,美股个股,2026-08-21T20:00Z,8986804.76
xyz_META,美股个股,2026-08-28T20:00Z,5684754.33
xyz_META,美股个股,2026-09-04T20:00Z,9197972.74
xyz_META,美股个股,2026-09-11T20:00Z,5014101.03
xyz_META,美股个股,2026-09-18T20:00Z,12172526.32
xyz_META,美股个股,2026-09-25T20:00Z,20798182.34
xyz_MINIMAX,非美股票与指数,2026-06-19T20:00Z,486261.66
xyz_MINIMAX,非美股票与指数,2026-06-26T20:00Z,1179605.5
xyz_MINIMAX,非美股票与指数,2026-07-03T20:00Z,1238996.49
xyz_MINIMAX,非美股票与指数,2026-07-10T20:00Z,991434.92
xyz_MINIMAX,非美股票与指数,2026-07-17T20:00Z,973176.5
xyz_MINIMAX,非美股票与指数,2026-07-24T20:00Z,208929.52
xyz_MINIMAX,非美股票与指数,2026-07-31T20:00Z,579852.14
xyz_MINIMAX,非美股票与指数,2026-08-07T20:00Z,659713.97
xyz_MINIMAX,非美股票与指数,2026-08-14T20:00Z,320411.29
xyz_MINIMAX,非美股票与指数,2026-08-21T20:00Z,913465.4
xyz_MINIMAX,非美股票与指数,2026-08-28T20:00Z,355945.15
xyz_MINIMAX,非美股票与指数,2026-09-04T20:00Z,703118.32
xyz_MINIMAX,非美股票与指数,2026-09-11T20:00Z,2368619.34
xyz_MINIMAX,非美股票与指数,2026-09-18T20:00Z,1189210.7
xyz_MINIMAX,非美股票与指数,2026-09-25T20:00Z,312561.67
xyz_MRNA,美股个股,2026-08-21T20:00Z,3948829.0
xyz_MRNA,美股个股,2026-08-28T20:00Z,924614.82
xyz_MRNA,美股个股,2026-09-04T20:00Z,884899.42
xyz_MRNA,美股个股,2026-09-11T20:00Z,895314.5
xyz_MRNA,美股个股,2026-09-18T20:00Z,781088.17
xyz_MRNA,美股个股,2026-09-25T20:00Z,1469916.27
xyz_MRVL,美股个股,2026-05-08T20:00Z,122908.86
xyz_MRVL,美股个股,2026-05-15T20:00Z,2071080.62
xyz_MRVL,美股个股,2026-05-22T20:00Z,1658444.42
xyz_MRVL,美股个股,2026-05-29T20:00Z,1237160.59
xyz_MRVL,美股个股,2026-06-05T20:00Z,129049066.04
xyz_MRVL,美股个股,2026-06-12T20:00Z,16635121.91
xyz_MRVL,美股个股,2026-06-19T20:00Z,10655847.37
xyz_MRVL,美股个股,2026-06-26T20:00Z,9793466.71
xyz_MRVL,美股个股,2026-07-03T20:00Z,4113703.37
xyz_MRVL,美股个股,2026-07-10T20:00Z,9011346.54
xyz_MRVL,美股个股,2026-07-17T20:00Z,10100306.04
xyz_MRVL,美股个股,2026-07-24T20:00Z,5868235.6
xyz_MRVL,美股个股,2026-07-31T20:00Z,17356565.09
xyz_MRVL,美股个股,2026-08-07T20:00Z,5917223.23
xyz_MRVL,美股个股,2026-08-14T20:00Z,4462371.16
xyz_MRVL,美股个股,2026-08-21T20:00Z,7249550.79
xyz_MRVL,美股个股,2026-08-28T20:00Z,3884970.62
xyz_MRVL,美股个股,2026-09-04T20:00Z,4330255.15
xyz_MRVL,美股个股,2026-09-11T20:00Z,9476810.12
xyz_MRVL,美股个股,2026-09-18T20:00Z,2951802.09
xyz_MRVL,美股个股,2026-09-25T20:00Z,3136871.93
xyz_MSFT,美股个股,2026-03-13T20:00Z,627585.66
xyz_MSFT,美股个股,2026-03-20T20:00Z,1482744.11
xyz_MSFT,美股个股,2026-03-27T20:00Z,2333603.03
xyz_MSFT,美股个股,2026-04-03T20:00Z,443879.37
xyz_MSFT,美股个股,2026-04-10T20:00Z,3624682.48
xyz_MSFT,美股个股,2026-04-17T20:00Z,3095899.66
xyz_MSFT,美股个股,2026-04-24T20:00Z,2681264.95
xyz_MSFT,美股个股,2026-05-01T20:00Z,2384177.01
xyz_MSFT,美股个股,2026-05-08T20:00Z,2201651.92
xyz_MSFT,美股个股,2026-05-15T20:00Z,3365793.14
xyz_MSFT,美股个股,2026-05-22T20:00Z,2732821.29
xyz_MSFT,美股个股,2026-05-29T20:00Z,15840445.08
xyz_MSFT,美股个股,2026-06-05T20:00Z,6790295.88
xyz_MSFT,美股个股,2026-06-12T20:00Z,3784751.2
xyz_MSFT,美股个股,2026-06-19T20:00Z,1825453.35
xyz_MSFT,美股个股,2026-06-26T20:00Z,6734889.54
xyz_MSFT,美股个股,2026-07-03T20:00Z,3967106.55
xyz_MSFT,美股个股,2026-07-10T20:00Z,5089275.35
xyz_MSFT,美股个股,2026-07-17T20:00Z,5431523.67
xyz_MSFT,美股个股,2026-07-24T20:00Z,4683627.44
xyz_MSFT,美股个股,2026-07-31T20:00Z,18138307.82
xyz_MSFT,美股个股,2026-08-07T20:00Z,4714410.78
xyz_MSFT,美股个股,2026-08-14T20:00Z,2643815.86
xyz_MSFT,美股个股,2026-08-21T20:00Z,4493802.0
xyz_MSFT,美股个股,2026-08-28T20:00Z,2396346.47
xyz_MSFT,美股个股,2026-09-04T20:00Z,3600231.25
xyz_MSFT,美股个股,2026-09-11T20:00Z,3116643.09
xyz_MSFT,美股个股,2026-09-18T20:00Z,4296600.93
xyz_MSFT,美股个股,2026-09-25T20:00Z,4339752.31
xyz_MSTR,美股个股,2026-03-13T20:00Z,6024568.56
xyz_MSTR,美股个股,2026-03-20T20:00Z,8476321.59
xyz_MSTR,美股个股,2026-03-27T20:00Z,2913195.07
xyz_MSTR,美股个股,2026-04-03T20:00Z,2704287.94
xyz_MSTR,美股个股,2026-04-10T20:00Z,8483556.32
xyz_MSTR,美股个股,2026-04-17T20:00Z,16815748.06
xyz_MSTR,美股个股,2026-04-24T20:00Z,6602976.69
xyz_MSTR,美股个股,2026-05-01T20:00Z,7503107.79
xyz_MSTR,美股个股,2026-05-08T20:00Z,5970207.77
xyz_MSTR,美股个股,2026-05-15T20:00Z,5885863.79
xyz_MSTR,美股个股,2026-05-22T20:00Z,9258750.95
xyz_MSTR,美股个股,2026-05-29T20:00Z,3958986.88
xyz_MSTR,美股个股,2026-06-05T20:00Z,18705509.02
xyz_MSTR,美股个股,2026-06-12T20:00Z,7565768.04
xyz_MSTR,美股个股,2026-06-19T20:00Z,9977011.78
xyz_MSTR,美股个股,2026-06-26T20:00Z,18055139.22
xyz_MSTR,美股个股,2026-07-03T20:00Z,16875773.03
xyz_MSTR,美股个股,2026-07-10T20:00Z,6933941.67
xyz_MSTR,美股个股,2026-07-17T20:00Z,4720961.14
xyz_MSTR,美股个股,2026-07-24T20:00Z,4320267.92
xyz_MSTR,美股个股,2026-07-31T20:00Z,5287112.82
xyz_MSTR,美股个股,2026-08-07T20:00Z,3915146.58
xyz_MSTR,美股个股,2026-08-14T20:00Z,3893878.48
xyz_MSTR,美股个股,2026-08-21T20:00Z,21418562.92
xyz_MSTR,美股个股,2026-08-28T20:00Z,9255743.65
xyz_MSTR,美股个股,2026-09-04T20:00Z,6364221.25
xyz_MSTR,美股个股,2026-09-11T20:00Z,3915748.35
xyz_MSTR,美股个股,2026-09-18T20:00Z,23177069.9
xyz_MSTR,美股个股,2026-09-25T20:00Z,6456251.82
xyz_MU,美股个股,2026-03-13T20:00Z,2862431.14
xyz_MU,美股个股,2026-03-20T20:00Z,4839300.14
xyz_MU,美股个股,2026-03-27T20:00Z,11575689.53
xyz_MU,美股个股,2026-04-03T20:00Z,1920514.55
xyz_MU,美股个股,2026-04-10T20:00Z,8706717.37
xyz_MU,美股个股,2026-04-17T20:00Z,4564038.52
xyz_MU,美股个股,2026-04-24T20:00Z,2373523.64
xyz_MU,美股个股,2026-05-01T20:00Z,18866185.13
xyz_MU,美股个股,2026-05-08T20:00Z,36531543.07
xyz_MU,美股个股,2026-05-15T20:00Z,27127728.35
xyz_MU,美股个股,2026-05-22T20:00Z,41371552.94
xyz_MU,美股个股,2026-05-29T20:00Z,61359050.01
xyz_MU,美股个股,2026-06-05T20:00Z,153232902.42
xyz_MU,美股个股,2026-06-12T20:00Z,50605404.27
xyz_MU,美股个股,2026-06-19T20:00Z,37777240.38
xyz_MU,美股个股,2026-06-26T20:00Z,79014488.11
xyz_MU,美股个股,2026-07-03T20:00Z,70174187.46
xyz_MU,美股个股,2026-07-10T20:00Z,67764497.76
xyz_MU,美股个股,2026-07-17T20:00Z,79635923.89
xyz_MU,美股个股,2026-07-24T20:00Z,91248173.78
xyz_MU,美股个股,2026-07-31T20:00Z,134372507.22
xyz_MU,美股个股,2026-08-07T20:00Z,32895817.78
xyz_MU,美股个股,2026-08-14T20:00Z,26726143.82
xyz_MU,美股个股,2026-08-21T20:00Z,44511598.8
xyz_MU,美股个股,2026-08-28T20:00Z,20665687.01
xyz_MU,美股个股,2026-09-04T20:00Z,36028690.59
xyz_MU,美股个股,2026-09-11T20:00Z,67168617.45
xyz_MU,美股个股,2026-09-18T20:00Z,26865128.83
xyz_MU,美股个股,2026-09-25T20:00Z,27846147.95
xyz_NATGAS,商品,2026-03-13T20:00Z,6122057.64
xyz_NATGAS,商品,2026-03-20T20:00Z,23533221.24
xyz_NATGAS,商品,2026-03-27T20:00Z,7122630.15
xyz_NATGAS,商品,2026-04-03T20:00Z,2836507.47
xyz_NATGAS,商品,2026-04-10T20:00Z,7418735.17
xyz_NATGAS,商品,2026-04-17T20:00Z,1449860.16
xyz_NATGAS,商品,2026-04-24T20:00Z,1762609.13
xyz_NATGAS,商品,2026-05-01T20:00Z,2049856.85
xyz_NATGAS,商品,2026-05-08T20:00Z,8038397.39
xyz_NATGAS,商品,2026-05-15T20:00Z,3903629.19
xyz_NATGAS,商品,2026-05-22T20:00Z,3845071.83
xyz_NATGAS,商品,2026-05-29T20:00Z,18741191.35
xyz_NATGAS,商品,2026-06-05T20:00Z,4260991.5
xyz_NATGAS,商品,2026-06-12T20:00Z,1859660.15
xyz_NATGAS,商品,2026-06-19T20:00Z,1184908.12
xyz_NATGAS,商品,2026-06-26T20:00Z,5212523.11
xyz_NATGAS,商品,2026-07-03T20:00Z,969924.89
xyz_NATGAS,商品,2026-07-10T20:00Z,9965707.03
xyz_NATGAS,商品,2026-07-17T20:00Z,8782121.53
xyz_NATGAS,商品,2026-07-24T20:00Z,1964064.08
xyz_NATGAS,商品,2026-07-31T20:00Z,4237772.18
xyz_NATGAS,商品,2026-08-07T20:00Z,2771453.77
xyz_NATGAS,商品,2026-08-14T20:00Z,3698522.54
xyz_NATGAS,商品,2026-08-21T20:00Z,1426272.32
xyz_NATGAS,商品,2026-08-28T20:00Z,2593569.8
xyz_NATGAS,商品,2026-09-04T20:00Z,2588162.74
xyz_NATGAS,商品,2026-09-11T20:00Z,3455518.07
xyz_NATGAS,商品,2026-09-18T20:00Z,1489230.24
xyz_NATGAS,商品,2026-09-25T20:00Z,4399011.39
xyz_NBIS,美股个股,2026-06-12T20:00Z,5074372.24
xyz_NBIS,美股个股,2026-06-19T20:00Z,2648633.24
xyz_NBIS,美股个股,2026-06-26T20:00Z,5268995.99
xyz_NBIS,美股个股,2026-07-03T20:00Z,5504074.97
xyz_NBIS,美股个股,2026-07-10T20:00Z,3407458.8
xyz_NBIS,美股个股,2026-07-17T20:00Z,6894518.23
xyz_NBIS,美股个股,2026-07-24T20:00Z,6160064.49
xyz_NBIS,美股个股,2026-07-31T20:00Z,17361967.62
xyz_NBIS,美股个股,2026-08-07T20:00Z,6029820.01
xyz_NBIS,美股个股,2026-08-14T20:00Z,13520656.81
xyz_NBIS,美股个股,2026-08-21T20:00Z,5800494.55
xyz_NBIS,美股个股,2026-08-28T20:00Z,1775978.3
xyz_NBIS,美股个股,2026-09-04T20:00Z,5370371.03
xyz_NBIS,美股个股,2026-09-11T20:00Z,9992334.51
xyz_NBIS,美股个股,2026-09-18T20:00Z,2964454.45
xyz_NBIS,美股个股,2026-09-25T20:00Z,4160916.93
xyz_NCLD,未分类,2026-08-07T20:00Z,347871.59
xyz_NCLD,未分类,2026-08-14T20:00Z,400962.19
xyz_NCLD,未分类,2026-08-21T20:00Z,165679.26
xyz_NCLD,未分类,2026-08-28T20:00Z,51920.71
xyz_NCLD,未分类,2026-09-04T20:00Z,25944.1
xyz_NCLD,未分类,2026-09-11T20:00Z,29090.85
xyz_NCLD,未分类,2026-09-18T20:00Z,126394.74
xyz_NCLD,未分类,2026-09-25T20:00Z,1228734.3
xyz_NET,美股个股,2026-08-21T20:00Z,32221.5
xyz_NET,美股个股,2026-08-28T20:00Z,111918.26
xyz_NET,美股个股,2026-09-04T20:00Z,15973.17
xyz_NET,美股个股,2026-09-11T20:00Z,140065.8
xyz_NET,美股个股,2026-09-18T20:00Z,54351.63
xyz_NET,美股个股,2026-09-25T20:00Z,221307.73
xyz_NFLX,美股个股,2026-03-13T20:00Z,351808.42
xyz_NFLX,美股个股,2026-03-20T20:00Z,333538.05
xyz_NFLX,美股个股,2026-03-27T20:00Z,643259.59
xyz_NFLX,美股个股,2026-04-03T20:00Z,192129.12
xyz_NFLX,美股个股,2026-04-10T20:00Z,672775.09
xyz_NFLX,美股个股,2026-04-17T20:00Z,827362.08
xyz_NFLX,美股个股,2026-04-24T20:00Z,574091.18
xyz_NFLX,美股个股,2026-05-01T20:00Z,839678.37
xyz_NFLX,美股个股,2026-05-08T20:00Z,288109.92
xyz_NFLX,美股个股,2026-05-15T20:00Z,506919.8
xyz_NFLX,美股个股,2026-05-22T20:00Z,467203.64
xyz_NFLX,美股个股,2026-05-29T20:00Z,654620.79
xyz_NFLX,美股个股,2026-06-05T20:00Z,841066.78
xyz_NFLX,美股个股,2026-06-12T20:00Z,410140.75
xyz_NFLX,美股个股,2026-06-19T20:00Z,183286.68
xyz_NFLX,美股个股,2026-06-26T20:00Z,580323.26
xyz_NFLX,美股个股,2026-07-03T20:00Z,396407.88
xyz_NFLX,美股个股,2026-07-10T20:00Z,502736.39
xyz_NFLX,美股个股,2026-07-17T20:00Z,1099795.54
xyz_NFLX,美股个股,2026-07-24T20:00Z,739244.0
xyz_NFLX,美股个股,2026-07-31T20:00Z,707505.84
xyz_NFLX,美股个股,2026-08-07T20:00Z,1038962.65
xyz_NFLX,美股个股,2026-08-14T20:00Z,419590.17
xyz_NFLX,美股个股,2026-08-21T20:00Z,766783.81
xyz_NFLX,美股个股,2026-08-28T20:00Z,324712.06
xyz_NFLX,美股个股,2026-09-04T20:00Z,645435.08
xyz_NFLX,美股个股,2026-09-11T20:00Z,410711.83
xyz_NFLX,美股个股,2026-09-18T20:00Z,970725.97
xyz_NFLX,美股个股,2026-09-25T20:00Z,493255.16
xyz_NOK,美股个股,2026-06-19T20:00Z,323383.73
xyz_NOK,美股个股,2026-06-26T20:00Z,773340.6
xyz_NOK,美股个股,2026-07-03T20:00Z,237491.15
xyz_NOK,美股个股,2026-07-10T20:00Z,300809.28
xyz_NOK,美股个股,2026-07-17T20:00Z,536948.05
xyz_NOK,美股个股,2026-07-24T20:00Z,960545.13
xyz_NOK,美股个股,2026-07-31T20:00Z,563294.54
xyz_NOK,美股个股,2026-08-07T20:00Z,158535.7
xyz_NOK,美股个股,2026-08-14T20:00Z,182268.19
xyz_NOK,美股个股,2026-08-21T20:00Z,153168.15
xyz_NOK,美股个股,2026-08-28T20:00Z,122124.67
xyz_NOK,美股个股,2026-09-04T20:00Z,93098.04
xyz_NOK,美股个股,2026-09-11T20:00Z,192899.6
xyz_NOK,美股个股,2026-09-18T20:00Z,284462.21
xyz_NOK,美股个股,2026-09-25T20:00Z,166888.27
xyz_NOW,美股个股,2026-06-05T20:00Z,519051.97
xyz_NOW,美股个股,2026-06-12T20:00Z,762549.94
xyz_NOW,美股个股,2026-06-19T20:00Z,126314.51
xyz_NOW,美股个股,2026-06-26T20:00Z,275482.6
xyz_NOW,美股个股,2026-07-03T20:00Z,95465.41
xyz_NOW,美股个股,2026-07-10T20:00Z,87502.67
xyz_NOW,美股个股,2026-07-17T20:00Z,617766.98
xyz_NOW,美股个股,2026-07-24T20:00Z,328923.56
xyz_NOW,美股个股,2026-07-31T20:00Z,155183.13
xyz_NOW,美股个股,2026-08-07T20:00Z,357558.42
xyz_NOW,美股个股,2026-08-14T20:00Z,82988.77
xyz_NOW,美股个股,2026-08-21T20:00Z,223667.75
xyz_NOW,美股个股,2026-08-28T20:00Z,247170.87
xyz_NOW,美股个股,2026-09-04T20:00Z,132717.56
xyz_NOW,美股个股,2026-09-11T20:00Z,93843.04
xyz_NOW,美股个股,2026-09-18T20:00Z,70473.15
xyz_NOW,美股个股,2026-09-25T20:00Z,22436.91
xyz_NVDA,美股个股,2026-03-13T20:00Z,9149041.67
xyz_NVDA,美股个股,2026-03-20T20:00Z,12221112.05
xyz_NVDA,美股个股,2026-03-27T20:00Z,11664206.46
xyz_NVDA,美股个股,2026-04-03T20:00Z,3732346.81
xyz_NVDA,美股个股,2026-04-10T20:00Z,14915022.87
xyz_NVDA,美股个股,2026-04-17T20:00Z,8048711.86
xyz_NVDA,美股个股,2026-04-24T20:00Z,11114236.03
xyz_NVDA,美股个股,2026-05-01T20:00Z,9092514.01
xyz_NVDA,美股个股,2026-05-08T20:00Z,19568014.26
xyz_NVDA,美股个股,2026-05-15T20:00Z,16045675.39
xyz_NVDA,美股个股,2026-05-22T20:00Z,40085369.27
xyz_NVDA,美股个股,2026-05-29T20:00Z,38417596.1
xyz_NVDA,美股个股,2026-06-05T20:00Z,51986108.84
xyz_NVDA,美股个股,2026-06-12T20:00Z,16712768.21
xyz_NVDA,美股个股,2026-06-19T20:00Z,11147378.61
xyz_NVDA,美股个股,2026-06-26T20:00Z,10836629.07
xyz_NVDA,美股个股,2026-07-03T20:00Z,8327617.73
xyz_NVDA,美股个股,2026-07-10T20:00Z,19317102.18
xyz_NVDA,美股个股,2026-07-17T20:00Z,11661278.18
xyz_NVDA,美股个股,2026-07-24T20:00Z,8839406.71
xyz_NVDA,美股个股,2026-07-31T20:00Z,21742437.71
xyz_NVDA,美股个股,2026-08-07T20:00Z,9964760.6
xyz_NVDA,美股个股,2026-08-14T20:00Z,10526487.34
xyz_NVDA,美股个股,2026-08-21T20:00Z,25884682.4
xyz_NVDA,美股个股,2026-08-28T20:00Z,18161593.46
xyz_NVDA,美股个股,2026-09-04T20:00Z,17411318.97
xyz_NVDA,美股个股,2026-09-11T20:00Z,31054801.68
xyz_NVDA,美股个股,2026-09-18T20:00Z,13415957.81
xyz_NVDA,美股个股,2026-09-25T20:00Z,10156570.82
xyz_ORCL,美股个股,2026-03-13T20:00Z,462106.92
xyz_ORCL,美股个股,2026-03-20T20:00Z,412808.46
xyz_ORCL,美股个股,2026-03-27T20:00Z,398809.07
xyz_ORCL,美股个股,2026-04-03T20:00Z,211097.12
xyz_ORCL,美股个股,2026-04-10T20:00Z,1006125.34
xyz_ORCL,美股个股,2026-04-17T20:00Z,5514585.02
xyz_ORCL,美股个股,2026-04-24T20:00Z,1027576.05
xyz_ORCL,美股个股,2026-05-01T20:00Z,1110038.53
xyz_ORCL,美股个股,2026-05-08T20:00Z,2257870.23
xyz_ORCL,美股个股,2026-05-15T20:00Z,3017626.59
xyz_ORCL,美股个股,2026-05-22T20:00Z,3769843.47
xyz_ORCL,美股个股,2026-05-29T20:00Z,9575649.11
xyz_ORCL,美股个股,2026-06-05T20:00Z,13162926.61
xyz_ORCL,美股个股,2026-06-12T20:00Z,5650640.3
xyz_ORCL,美股个股,2026-06-19T20:00Z,1759898.88
xyz_ORCL,美股个股,2026-06-26T20:00Z,2685750.03
xyz_ORCL,美股个股,2026-07-03T20:00Z,1755637.48
xyz_ORCL,美股个股,2026-07-10T20:00Z,6911401.35
xyz_ORCL,美股个股,2026-07-17T20:00Z,2888790.3
xyz_ORCL,美股个股,2026-07-24T20:00Z,3662227.44
xyz_ORCL,美股个股,2026-07-31T20:00Z,3654533.07
xyz_ORCL,美股个股,2026-08-07T20:00Z,2398869.63
xyz_ORCL,美股个股,2026-08-14T20:00Z,469568.44
xyz_ORCL,美股个股,2026-08-21T20:00Z,2630566.5
xyz_ORCL,美股个股,2026-08-28T20:00Z,864759.54
xyz_ORCL,美股个股,2026-09-04T20:00Z,2283217.16
xyz_ORCL,美股个股,2026-09-11T20:00Z,25618896.51
xyz_ORCL,美股个股,2026-09-18T20:00Z,2557997.11
xyz_ORCL,美股个股,2026-09-25T20:00Z,2956402.36
xyz_OURA,未上市公司,2026-09-25T20:00Z,198134.22
xyz_PALLADIUM,商品,2026-03-13T20:00Z,92460.82
xyz_PALLADIUM,商品,2026-03-20T20:00Z,123669.76
xyz_PALLADIUM,商品,2026-03-27T20:00Z,124881.53
xyz_PALLADIUM,商品,2026-04-03T20:00Z,44794.44
xyz_PALLADIUM,商品,2026-04-10T20:00Z,75239.0
xyz_PALLADIUM,商品,2026-04-17T20:00Z,77702.39
xyz_PALLADIUM,商品,2026-04-24T20:00Z,134333.17
xyz_PALLADIUM,商品,2026-05-01T20:00Z,160993.37
xyz_PALLADIUM,商品,2026-05-08T20:00Z,235591.3
xyz_PALLADIUM,商品,2026-05-15T20:00Z,301691.11
xyz_PALLADIUM,商品,2026-05-22T20:00Z,837314.35
xyz_PALLADIUM,商品,2026-05-29T20:00Z,131018.03
xyz_PALLADIUM,商品,2026-06-05T20:00Z,452108.77
xyz_PALLADIUM,商品,2026-06-12T20:00Z,82804.98
xyz_PALLADIUM,商品,2026-06-19T20:00Z,183611.36
xyz_PALLADIUM,商品,2026-06-26T20:00Z,76966.73
xyz_PALLADIUM,商品,2026-07-03T20:00Z,235519.77
xyz_PALLADIUM,商品,2026-07-10T20:00Z,90639.44
xyz_PALLADIUM,商品,2026-07-17T20:00Z,117707.57
xyz_PALLADIUM,商品,2026-07-24T20:00Z,121548.4
xyz_PALLADIUM,商品,2026-07-31T20:00Z,1380160.85
xyz_PALLADIUM,商品,2026-08-07T20:00Z,172919.31
xyz_PALLADIUM,商品,2026-08-14T20:00Z,135203.68
xyz_PALLADIUM,商品,2026-08-21T20:00Z,251959.56
xyz_PALLADIUM,商品,2026-08-28T20:00Z,541129.17
xyz_PALLADIUM,商品,2026-09-04T20:00Z,269176.78
xyz_PALLADIUM,商品,2026-09-11T20:00Z,280271.14
xyz_PALLADIUM,商品,2026-09-18T20:00Z,225357.85
xyz_PALLADIUM,商品,2026-09-25T20:00Z,65745.25
xyz_PLATINUM,商品,2026-03-13T20:00Z,619885.72
xyz_PLATINUM,商品,2026-03-20T20:00Z,1443242.67
xyz_PLATINUM,商品,2026-03-27T20:00Z,1756682.24
xyz_PLATINUM,商品,2026-04-03T20:00Z,355046.88
xyz_PLATINUM,商品,2026-04-10T20:00Z,2141131.58
xyz_PLATINUM,商品,2026-04-17T20:00Z,1359911.54
xyz_PLATINUM,商品,2026-04-24T20:00Z,1539093.02
xyz_PLATINUM,商品,2026-05-01T20:00Z,1299451.86
xyz_PLATINUM,商品,2026-05-08T20:00Z,481238.38
xyz_PLATINUM,商品,2026-05-15T20:00Z,1201775.84
xyz_PLATINUM,商品,2026-05-22T20:00Z,587406.32
xyz_PLATINUM,商品,2026-05-29T20:00Z,554220.18
xyz_PLATINUM,商品,2026-06-05T20:00Z,861760.24
xyz_PLATINUM,商品,2026-06-12T20:00Z,261210.46
xyz_PLATINUM,商品,2026-06-19T20:00Z,375932.6
xyz_PLATINUM,商品,2026-06-26T20:00Z,560152.27
xyz_PLATINUM,商品,2026-07-03T20:00Z,372783.11
xyz_PLATINUM,商品,2026-07-10T20:00Z,668931.37
xyz_PLATINUM,商品,2026-07-17T20:00Z,1491852.41
xyz_PLATINUM,商品,2026-07-24T20:00Z,530179.89
xyz_PLATINUM,商品,2026-07-31T20:00Z,851654.8
xyz_PLATINUM,商品,2026-08-07T20:00Z,728257.9
xyz_PLATINUM,商品,2026-08-14T20:00Z,606460.52
xyz_PLATINUM,商品,2026-08-21T20:00Z,829386.07
xyz_PLATINUM,商品,2026-08-28T20:00Z,607958.84
xyz_PLATINUM,商品,2026-09-04T20:00Z,513342.81
xyz_PLATINUM,商品,2026-09-11T20:00Z,697375.22
xyz_PLATINUM,商品,2026-09-18T20:00Z,418974.06
xyz_PLATINUM,商品,2026-09-25T20:00Z,333207.19
xyz_PLTR,美股个股,2026-03-13T20:00Z,2326614.67
xyz_PLTR,美股个股,2026-03-20T20:00Z,4841573.68
xyz_PLTR,美股个股,2026-03-27T20:00Z,2022862.46
xyz_PLTR,美股个股,2026-04-03T20:00Z,1278766.14
xyz_PLTR,美股个股,2026-04-10T20:00Z,7436903.06
xyz_PLTR,美股个股,2026-04-17T20:00Z,4682276.28
xyz_PLTR,美股个股,2026-04-24T20:00Z,2687026.95
xyz_PLTR,美股个股,2026-05-01T20:00Z,2313147.09
xyz_PLTR,美股个股,2026-05-08T20:00Z,2168189.58
xyz_PLTR,美股个股,2026-05-15T20:00Z,2325192.56
xyz_PLTR,美股个股,2026-05-22T20:00Z,2708446.23
xyz_PLTR,美股个股,2026-05-29T20:00Z,6925170.06
xyz_PLTR,美股个股,2026-06-05T20:00Z,7636862.95
xyz_PLTR,美股个股,2026-06-12T20:00Z,2313121.58
xyz_PLTR,美股个股,2026-06-19T20:00Z,1297011.45
xyz_PLTR,美股个股,2026-06-26T20:00Z,2523258.54
xyz_PLTR,美股个股,2026-07-03T20:00Z,1720129.37
xyz_PLTR,美股个股,2026-07-10T20:00Z,1724746.39
xyz_PLTR,美股个股,2026-07-17T20:00Z,1063946.26
xyz_PLTR,美股个股,2026-07-24T20:00Z,1644766.2
xyz_PLTR,美股个股,2026-07-31T20:00Z,1667492.18
xyz_PLTR,美股个股,2026-08-07T20:00Z,19543519.55
xyz_PLTR,美股个股,2026-08-14T20:00Z,1592318.04
xyz_PLTR,美股个股,2026-08-21T20:00Z,3233502.95
xyz_PLTR,美股个股,2026-08-28T20:00Z,1850284.02
xyz_PLTR,美股个股,2026-09-04T20:00Z,1252705.14
xyz_PLTR,美股个股,2026-09-11T20:00Z,7147733.62
xyz_PLTR,美股个股,2026-09-18T20:00Z,1598279.58
xyz_PLTR,美股个股,2026-09-25T20:00Z,5354083.68
xyz_PURRDAT,加密,2026-05-15T20:00Z,655467.0
xyz_PURRDAT,加密,2026-05-22T20:00Z,2657972.37
xyz_PURRDAT,加密,2026-05-29T20:00Z,7111969.34
xyz_PURRDAT,加密,2026-06-05T20:00Z,1834194.38
xyz_PURRDAT,加密,2026-06-12T20:00Z,2654176.68
xyz_PURRDAT,加密,2026-06-19T20:00Z,1747916.96
xyz_PURRDAT,加密,2026-06-26T20:00Z,1660896.84
xyz_PURRDAT,加密,2026-07-03T20:00Z,1227192.11
xyz_PURRDAT,加密,2026-07-10T20:00Z,1802218.01
xyz_PURRDAT,加密,2026-07-17T20:00Z,650637.95
xyz_PURRDAT,加密,2026-07-24T20:00Z,703819.02
xyz_PURRDAT,加密,2026-07-31T20:00Z,975392.37
xyz_PURRDAT,加密,2026-08-07T20:00Z,361060.99
xyz_PURRDAT,加密,2026-08-14T20:00Z,3332333.6
xyz_PURRDAT,加密,2026-08-21T20:00Z,12120440.62
xyz_PURRDAT,加密,2026-08-28T20:00Z,2828492.87
xyz_PURRDAT,加密,2026-09-04T20:00Z,2915250.84
xyz_PURRDAT,加密,2026-09-11T20:00Z,748100.43
xyz_PURRDAT,加密,2026-09-18T20:00Z,2897611.43
xyz_PURRDAT,加密,2026-09-25T20:00Z,2036962.8
xyz_QCOM,美股个股,2026-06-26T20:00Z,597382.6
xyz_QCOM,美股个股,2026-07-03T20:00Z,808650.4
xyz_QCOM,美股个股,2026-07-10T20:00Z,645630.99
xyz_QCOM,美股个股,2026-07-17T20:00Z,771297.65
xyz_QCOM,美股个股,2026-07-24T20:00Z,982890.18
xyz_QCOM,美股个股,2026-07-31T20:00Z,483818.6
xyz_QCOM,美股个股,2026-08-07T20:00Z,164019.8
xyz_QCOM,美股个股,2026-08-14T20:00Z,163635.4
xyz_QCOM,美股个股,2026-08-21T20:00Z,336426.8
xyz_QCOM,美股个股,2026-08-28T20:00Z,205165.66
xyz_QCOM,美股个股,2026-09-04T20:00Z,410494.69
xyz_QCOM,美股个股,2026-09-11T20:00Z,529534.03
xyz_QCOM,美股个股,2026-09-18T20:00Z,466778.66
xyz_QCOM,美股个股,2026-09-25T20:00Z,999617.94
xyz_QNT,未分类,2026-05-29T20:00Z,1962666.04
xyz_QNT,未分类,2026-06-05T20:00Z,2137884.32
xyz_QNT,未分类,2026-06-12T20:00Z,444405.15
xyz_QNT,未分类,2026-06-19T20:00Z,664578.67
xyz_QNT,未分类,2026-06-26T20:00Z,918931.06
xyz_QNT,未分类,2026-07-03T20:00Z,196597.46
xyz_QNT,未分类,2026-07-10T20:00Z,234997.3
xyz_QNT,未分类,2026-07-17T20:00Z,1228267.06
xyz_QNT,未分类,2026-07-24T20:00Z,751996.03
xyz_QNT,未分类,2026-07-31T20:00Z,173553.3
xyz_QNT,未分类,2026-08-07T20:00Z,260601.53
xyz_QNT,未分类,2026-08-14T20:00Z,171245.12
xyz_QNT,未分类,2026-08-21T20:00Z,307680.33
xyz_QNT,未分类,2026-08-28T20:00Z,89931.62
xyz_QNT,未分类,2026-09-04T20:00Z,191109.48
xyz_QNT,未分类,2026-09-11T20:00Z,106823.76
xyz_QNT,未分类,2026-09-18T20:00Z,122494.97
xyz_QNT,未分类,2026-09-25T20:00Z,736173.86
xyz_RDDT,美股个股,2026-08-21T20:00Z,70778.79
xyz_RDDT,美股个股,2026-08-28T20:00Z,96831.65
xyz_RDDT,美股个股,2026-09-04T20:00Z,60661.92
xyz_RDDT,美股个股,2026-09-11T20:00Z,61700.12
xyz_RDDT,美股个股,2026-09-18T20:00Z,58303.74
xyz_RDDT,美股个股,2026-09-25T20:00Z,61033.71
xyz_RIVN,美股个股,2026-03-13T20:00Z,685593.07
xyz_RIVN,美股个股,2026-03-20T20:00Z,68633.29
xyz_RIVN,美股个股,2026-03-27T20:00Z,34419.07
xyz_RIVN,美股个股,2026-04-03T20:00Z,120209.4
xyz_RIVN,美股个股,2026-04-10T20:00Z,237044.19
xyz_RIVN,美股个股,2026-04-17T20:00Z,556759.63
xyz_RIVN,美股个股,2026-04-24T20:00Z,2716850.98
xyz_RIVN,美股个股,2026-05-01T20:00Z,1810331.87
xyz_RIVN,美股个股,2026-05-08T20:00Z,75646.77
xyz_RIVN,美股个股,2026-05-15T20:00Z,218125.59
xyz_RIVN,美股个股,2026-05-22T20:00Z,401093.84
xyz_RIVN,美股个股,2026-05-29T20:00Z,474637.88
xyz_RIVN,美股个股,2026-06-05T20:00Z,592172.6
xyz_RIVN,美股个股,2026-06-12T20:00Z,360414.52
xyz_RIVN,美股个股,2026-06-19T20:00Z,160826.41
xyz_RIVN,美股个股,2026-06-26T20:00Z,602842.63
xyz_RIVN,美股个股,2026-07-03T20:00Z,76034.97
xyz_RIVN,美股个股,2026-07-10T20:00Z,433822.53
xyz_RIVN,美股个股,2026-07-17T20:00Z,556704.92
xyz_RIVN,美股个股,2026-07-24T20:00Z,221440.45
xyz_RIVN,美股个股,2026-07-31T20:00Z,230707.38
xyz_RIVN,美股个股,2026-08-07T20:00Z,66734.58
xyz_RIVN,美股个股,2026-08-14T20:00Z,123474.94
xyz_RIVN,美股个股,2026-08-21T20:00Z,88972.29
xyz_RIVN,美股个股,2026-08-28T20:00Z,27329.34
xyz_RIVN,美股个股,2026-09-04T20:00Z,64034.74
xyz_RIVN,美股个股,2026-09-11T20:00Z,43073.78
xyz_RIVN,美股个股,2026-09-18T20:00Z,57917.16
xyz_RIVN,美股个股,2026-09-25T20:00Z,73255.37
xyz_RKLB,美股个股,2026-05-08T20:00Z,1861341.6
xyz_RKLB,美股个股,2026-05-15T20:00Z,1336493.18
xyz_RKLB,美股个股,2026-05-22T20:00Z,5227785.76
xyz_RKLB,美股个股,2026-05-29T20:00Z,1834395.75
xyz_RKLB,美股个股,2026-06-05T20:00Z,4504754.53
xyz_RKLB,美股个股,2026-06-12T20:00Z,3916513.02
xyz_RKLB,美股个股,2026-06-19T20:00Z,836591.58
xyz_RKLB,美股个股,2026-06-26T20:00Z,1218031.58
xyz_RKLB,美股个股,2026-07-03T20:00Z,383158.34
xyz_RKLB,美股个股,2026-07-10T20:00Z,1175498.92
xyz_RKLB,美股个股,2026-07-17T20:00Z,1362779.98
xyz_RKLB,美股个股,2026-07-24T20:00Z,1022584.15
xyz_RKLB,美股个股,2026-07-31T20:00Z,589924.27
xyz_RKLB,美股个股,2026-08-07T20:00Z,1128086.0
xyz_RKLB,美股个股,2026-08-14T20:00Z,1382789.73
xyz_RKLB,美股个股,2026-08-21T20:00Z,1224487.28
xyz_RKLB,美股个股,2026-08-28T20:00Z,931859.8
xyz_RKLB,美股个股,2026-09-04T20:00Z,1412333.72
xyz_RKLB,美股个股,2026-09-11T20:00Z,832096.29
xyz_RKLB,美股个股,2026-09-18T20:00Z,888096.04
xyz_RKLB,美股个股,2026-09-25T20:00Z,2225102.06
xyz_SHAZ,未分类,2026-07-10T20:00Z,313630.81
xyz_SHAZ,未分类,2026-07-17T20:00Z,358682.64
xyz_SHAZ,未分类,2026-07-24T20:00Z,246608.03
xyz_SHAZ,未分类,2026-07-31T20:00Z,371328.91
xyz_SHAZ,未分类,2026-08-07T20:00Z,149310.89
xyz_SHAZ,未分类,2026-08-14T20:00Z,775314.68
xyz_SHAZ,未分类,2026-08-21T20:00Z,411240.41
xyz_SHAZ,未分类,2026-08-28T20:00Z,273983.14
xyz_SHAZ,未分类,2026-09-04T20:00Z,2982011.51
xyz_SHAZ,未分类,2026-09-11T20:00Z,424472.3
xyz_SHAZ,未分类,2026-09-18T20:00Z,126784.13
xyz_SHAZ,未分类,2026-09-25T20:00Z,94214.04
xyz_SHEIN,未上市公司,2026-08-28T20:00Z,1762577.58
xyz_SHEIN,未上市公司,2026-09-04T20:00Z,295859.34
xyz_SHEIN,未上市公司,2026-09-11T20:00Z,496741.23
xyz_SHEIN,未上市公司,2026-09-18T20:00Z,578226.52
xyz_SHEIN,未上市公司,2026-09-25T20:00Z,502145.59
xyz_SILVER,商品,2026-03-13T20:00Z,37606234.08
xyz_SILVER,商品,2026-03-20T20:00Z,56946298.57
xyz_SILVER,商品,2026-03-27T20:00Z,41166503.05
xyz_SILVER,商品,2026-04-03T20:00Z,38406410.29
xyz_SILVER,商品,2026-04-10T20:00Z,52752150.41
xyz_SILVER,商品,2026-04-17T20:00Z,48343348.84
xyz_SILVER,商品,2026-04-24T20:00Z,52536340.49
xyz_SILVER,商品,2026-05-01T20:00Z,78640621.04
xyz_SILVER,商品,2026-05-08T20:00Z,68356627.9
xyz_SILVER,商品,2026-05-15T20:00Z,72761757.38
xyz_SILVER,商品,2026-05-22T20:00Z,123183155.24
xyz_SILVER,商品,2026-05-29T20:00Z,27936808.22
xyz_SILVER,商品,2026-06-05T20:00Z,69392951.19
xyz_SILVER,商品,2026-06-12T20:00Z,46129551.42
xyz_SILVER,商品,2026-06-19T20:00Z,35605649.99
xyz_SILVER,商品,2026-06-26T20:00Z,27961250.91
xyz_SILVER,商品,2026-07-03T20:00Z,23002086.7
xyz_SILVER,商品,2026-07-10T20:00Z,15632150.29
xyz_SILVER,商品,2026-07-17T20:00Z,24341120.33
xyz_SILVER,商品,2026-07-24T20:00Z,35665320.72
xyz_SILVER,商品,2026-07-31T20:00Z,35435569.44
xyz_SILVER,商品,2026-08-07T20:00Z,25039918.02
xyz_SILVER,商品,2026-08-14T20:00Z,15031565.7
xyz_SILVER,商品,2026-08-21T20:00Z,43926609.19
xyz_SILVER,商品,2026-08-28T20:00Z,47189322.96
xyz_SILVER,商品,2026-09-04T20:00Z,14869675.91
xyz_SILVER,商品,2026-09-11T20:00Z,13935589.96
xyz_SILVER,商品,2026-09-18T20:00Z,39294264.65
xyz_SILVER,商品,2026-09-25T20:00Z,15225546.11
xyz_SKHX,非美股票与指数,2026-03-13T20:00Z,720942.33
xyz_SKHX,非美股票与指数,2026-03-20T20:00Z,2280519.03
xyz_SKHX,非美股票与指数,2026-03-27T20:00Z,265074.54
xyz_SKHX,非美股票与指数,2026-04-03T20:00Z,395189.79
xyz_SKHX,非美股票与指数,2026-04-10T20:00Z,1123114.36
xyz_SKHX,非美股票与指数,2026-04-17T20:00Z,558183.88
xyz_SKHX,非美股票与指数,2026-04-24T20:00Z,998681.37
xyz_SKHX,非美股票与指数,2026-05-01T20:00Z,1427763.15
xyz_SKHX,非美股票与指数,2026-05-08T20:00Z,5144735.64
xyz_SKHX,非美股票与指数,2026-05-15T20:00Z,4097263.19
xyz_SKHX,非美股票与指数,2026-05-22T20:00Z,8319322.5
xyz_SKHX,非美股票与指数,2026-05-29T20:00Z,9194541.75
xyz_SKHX,非美股票与指数,2026-06-05T20:00Z,62909452.27
xyz_SKHX,非美股票与指数,2026-06-12T20:00Z,27537401.03
xyz_SKHX,非美股票与指数,2026-06-19T20:00Z,80564064.59
xyz_SKHX,非美股票与指数,2026-06-26T20:00Z,80062425.65
xyz_SKHX,非美股票与指数,2026-07-03T20:00Z,105851201.76
xyz_SKHX,非美股票与指数,2026-07-10T20:00Z,126010824.52
xyz_SKHX,非美股票与指数,2026-07-17T20:00Z,192020477.05
xyz_SKHX,非美股票与指数,2026-07-24T20:00Z,145169112.35
xyz_SKHX,非美股票与指数,2026-07-31T20:00Z,185519059.86
xyz_SKHX,非美股票与指数,2026-08-07T20:00Z,64107352.99
xyz_SKHX,非美股票与指数,2026-08-14T20:00Z,40674547.38
xyz_SKHX,非美股票与指数,2026-08-21T20:00Z,77560637.78
xyz_SKHX,非美股票与指数,2026-08-28T20:00Z,79333408.74
xyz_SKHX,非美股票与指数,2026-09-04T20:00Z,87994887.52
xyz_SKHX,非美股票与指数,2026-09-11T20:00Z,152208409.92
xyz_SKHX,非美股票与指数,2026-09-18T20:00Z,61002808.5
xyz_SKHX,非美股票与指数,2026-09-25T20:00Z,26526406.62
xyz_SKHY,非美股票与指数,2026-07-10T20:00Z,59118484.94
xyz_SKHY,非美股票与指数,2026-07-17T20:00Z,56114518.3
xyz_SKHY,非美股票与指数,2026-07-24T20:00Z,44315258.44
xyz_SKHY,非美股票与指数,2026-07-31T20:00Z,43856699.97
xyz_SKHY,非美股票与指数,2026-08-07T20:00Z,16444691.25
xyz_SKHY,非美股票与指数,2026-08-14T20:00Z,16105756.07
xyz_SKHY,非美股票与指数,2026-08-21T20:00Z,23323973.0
xyz_SKHY,非美股票与指数,2026-08-28T20:00Z,16096149.45
xyz_SKHY,非美股票与指数,2026-09-04T20:00Z,20521451.51
xyz_SKHY,非美股票与指数,2026-09-11T20:00Z,29372476.91
xyz_SKHY,非美股票与指数,2026-09-18T20:00Z,15628180.83
xyz_SKHY,非美股票与指数,2026-09-25T20:00Z,7303488.72
xyz_SMH,美股ETF,2026-06-19T20:00Z,1295752.58
xyz_SMH,美股ETF,2026-06-26T20:00Z,1191655.14
xyz_SMH,美股ETF,2026-07-03T20:00Z,424165.39
xyz_SMH,美股ETF,2026-07-10T20:00Z,288986.49
xyz_SMH,美股ETF,2026-07-17T20:00Z,458194.66
xyz_SMH,美股ETF,2026-07-24T20:00Z,797269.78
xyz_SMH,美股ETF,2026-07-31T20:00Z,593807.86
xyz_SMH,美股ETF,2026-08-07T20:00Z,98845.17
xyz_SMH,美股ETF,2026-08-14T20:00Z,178500.89
xyz_SMH,美股ETF,2026-08-21T20:00Z,219490.51
xyz_SMH,美股ETF,2026-08-28T20:00Z,68217.09
xyz_SMH,美股ETF,2026-09-04T20:00Z,673068.54
xyz_SMH,美股ETF,2026-09-11T20:00Z,474775.35
xyz_SMH,美股ETF,2026-09-18T20:00Z,242527.86
xyz_SMH,美股ETF,2026-09-25T20:00Z,158254.76
xyz_SMSN,非美股票与指数,2026-03-13T20:00Z,366116.2
xyz_SMSN,非美股票与指数,2026-03-20T20:00Z,639589.8
xyz_SMSN,非美股票与指数,2026-03-27T20:00Z,64013.58
xyz_SMSN,非美股票与指数,2026-04-03T20:00Z,538241.98
xyz_SMSN,非美股票与指数,2026-04-10T20:00Z,758394.75
xyz_SMSN,非美股票与指数,2026-04-17T20:00Z,187197.05
xyz_SMSN,非美股票与指数,2026-04-24T20:00Z,141752.22
xyz_SMSN,非美股票与指数,2026-05-01T20:00Z,248049.89
xyz_SMSN,非美股票与指数,2026-05-08T20:00Z,532992.3
xyz_SMSN,非美股票与指数,2026-05-15T20:00Z,1053490.48
xyz_SMSN,非美股票与指数,2026-05-22T20:00Z,3883571.02
xyz_SMSN,非美股票与指数,2026-05-29T20:00Z,1009220.68
xyz_SMSN,非美股票与指数,2026-06-05T20:00Z,11826154.47
xyz_SMSN,非美股票与指数,2026-06-12T20:00Z,7852393.47
xyz_SMSN,非美股票与指数,2026-06-19T20:00Z,13246501.05
xyz_SMSN,非美股票与指数,2026-06-26T20:00Z,10411574.54
xyz_SMSN,非美股票与指数,2026-07-03T20:00Z,10814260.55
xyz_SMSN,非美股票与指数,2026-07-10T20:00Z,7320548.42
xyz_SMSN,非美股票与指数,2026-07-17T20:00Z,16312080.66
xyz_SMSN,非美股票与指数,2026-07-24T20:00Z,13119504.4
xyz_SMSN,非美股票与指数,2026-07-31T20:00Z,28604335.77
xyz_SMSN,非美股票与指数,2026-08-07T20:00Z,9044193.71
xyz_SMSN,非美股票与指数,2026-08-14T20:00Z,8411141.95
xyz_SMSN,非美股票与指数,2026-08-21T20:00Z,12778270.66
xyz_SMSN,非美股票与指数,2026-08-28T20:00Z,8186490.93
xyz_SMSN,非美股票与指数,2026-09-04T20:00Z,11484247.81
xyz_SMSN,非美股票与指数,2026-09-11T20:00Z,20518635.76
xyz_SMSN,非美股票与指数,2026-09-18T20:00Z,8497571.35
xyz_SMSN,非美股票与指数,2026-09-25T20:00Z,13551063.4
xyz_SNDK,美股个股,2026-03-13T20:00Z,2746354.23
xyz_SNDK,美股个股,2026-03-20T20:00Z,3202736.72
xyz_SNDK,美股个股,2026-03-27T20:00Z,1481202.79
xyz_SNDK,美股个股,2026-04-03T20:00Z,3894917.21
xyz_SNDK,美股个股,2026-04-10T20:00Z,7274077.46
xyz_SNDK,美股个股,2026-04-17T20:00Z,4146321.47
xyz_SNDK,美股个股,2026-04-24T20:00Z,1787285.09
xyz_SNDK,美股个股,2026-05-01T20:00Z,22820452.47
xyz_SNDK,美股个股,2026-05-08T20:00Z,32668960.23
xyz_SNDK,美股个股,2026-05-15T20:00Z,18448871.46
xyz_SNDK,美股个股,2026-05-22T20:00Z,16339412.67
xyz_SNDK,美股个股,2026-05-29T20:00Z,18725393.34
xyz_SNDK,美股个股,2026-06-05T20:00Z,43914806.21
xyz_SNDK,美股个股,2026-06-12T20:00Z,30810802.45
xyz_SNDK,美股个股,2026-06-19T20:00Z,11599145.0
xyz_SNDK,美股个股,2026-06-26T20:00Z,32853150.57
xyz_SNDK,美股个股,2026-07-03T20:00Z,21289641.44
xyz_SNDK,美股个股,2026-07-10T20:00Z,44380065.56
xyz_SNDK,美股个股,2026-07-17T20:00Z,84391627.34
xyz_SNDK,美股个股,2026-07-24T20:00Z,54337143.12
xyz_SNDK,美股个股,2026-07-31T20:00Z,91631763.66
xyz_SNDK,美股个股,2026-08-07T20:00Z,30217787.36
xyz_SNDK,美股个股,2026-08-14T20:00Z,138646097.91
xyz_SNDK,美股个股,2026-08-21T20:00Z,55186558.3
xyz_SNDK,美股个股,2026-08-28T20:00Z,26690256.34
xyz_SNDK,美股个股,2026-09-04T20:00Z,67632119.7
xyz_SNDK,美股个股,2026-09-11T20:00Z,93834573.85
xyz_SNDK,美股个股,2026-09-18T20:00Z,64313914.26
xyz_SNDK,美股个股,2026-09-25T20:00Z,13795086.63
xyz_SNXX,未分类,2026-09-18T20:00Z,371301.72
xyz_SNXX,未分类,2026-09-25T20:00Z,35775.63
xyz_SOFTBANK,非美股票与指数,2026-06-26T20:00Z,97822.33
xyz_SOFTBANK,非美股票与指数,2026-07-03T20:00Z,97858.33
xyz_SOFTBANK,非美股票与指数,2026-07-10T20:00Z,207869.47
xyz_SOFTBANK,非美股票与指数,2026-07-17T20:00Z,208126.75
xyz_SOFTBANK,非美股票与指数,2026-07-24T20:00Z,621500.76
xyz_SOFTBANK,非美股票与指数,2026-07-31T20:00Z,25531.27
xyz_SOFTBANK,非美股票与指数,2026-08-07T20:00Z,15591.44
xyz_SOFTBANK,非美股票与指数,2026-08-14T20:00Z,103403.47
xyz_SOFTBANK,非美股票与指数,2026-08-21T20:00Z,79326.14
xyz_SOFTBANK,非美股票与指数,2026-08-28T20:00Z,48045.37
xyz_SOFTBANK,非美股票与指数,2026-09-04T20:00Z,201556.27
xyz_SOFTBANK,非美股票与指数,2026-09-11T20:00Z,1226813.76
xyz_SOFTBANK,非美股票与指数,2026-09-18T20:00Z,1034043.26
xyz_SOFTBANK,非美股票与指数,2026-09-25T20:00Z,52319.31
xyz_SOXL,美股ETF,2026-08-07T20:00Z,2901276.94
xyz_SOXL,美股ETF,2026-08-14T20:00Z,1316547.65
xyz_SOXL,美股ETF,2026-08-21T20:00Z,3528108.82
xyz_SOXL,美股ETF,2026-08-28T20:00Z,12130074.38
xyz_SOXL,美股ETF,2026-09-04T20:00Z,5102755.48
xyz_SOXL,美股ETF,2026-09-11T20:00Z,11423970.71
xyz_SOXL,美股ETF,2026-09-18T20:00Z,7175153.92
xyz_SOXL,美股ETF,2026-09-25T20:00Z,14174358.31
xyz_SP500,美股指数,2026-03-20T20:00Z,59359191.11
xyz_SP500,美股指数,2026-03-27T20:00Z,92191373.04
xyz_SP500,美股指数,2026-04-03T20:00Z,66031108.08
xyz_SP500,美股指数,2026-04-10T20:00Z,213626448.81
xyz_SP500,美股指数,2026-04-17T20:00Z,149411316.46
xyz_SP500,美股指数,2026-04-24T20:00Z,101444628.14
xyz_SP500,美股指数,2026-05-01T20:00Z,76839278.64
xyz_SP500,美股指数,2026-05-08T20:00Z,76431967.66
xyz_SP500,美股指数,2026-05-15T20:00Z,99107987.01
xyz_SP500,美股指数,2026-05-22T20:00Z,248680153.21
xyz_SP500,美股指数,2026-05-29T20:00Z,96742652.39
xyz_SP500,美股指数,2026-06-05T20:00Z,312254407.05
xyz_SP500,美股指数,2026-06-12T20:00Z,148813356.08
xyz_SP500,美股指数,2026-06-19T20:00Z,83664871.63
xyz_SP500,美股指数,2026-06-26T20:00Z,89061906.19
xyz_SP500,美股指数,2026-07-03T20:00Z,74099354.69
xyz_SP500,美股指数,2026-07-10T20:00Z,81347933.22
xyz_SP500,美股指数,2026-07-17T20:00Z,170059690.82
xyz_SP500,美股指数,2026-07-24T20:00Z,86918633.82
xyz_SP500,美股指数,2026-07-31T20:00Z,165147856.43
xyz_SP500,美股指数,2026-08-07T20:00Z,122298854.46
xyz_SP500,美股指数,2026-08-14T20:00Z,83486355.04
xyz_SP500,美股指数,2026-08-21T20:00Z,129247452.91
xyz_SP500,美股指数,2026-08-28T20:00Z,53971330.75
xyz_SP500,美股指数,2026-09-04T20:00Z,60699516.05
xyz_SP500,美股指数,2026-09-11T20:00Z,92273645.13
xyz_SP500,美股指数,2026-09-18T20:00Z,103682891.27
xyz_SP500,美股指数,2026-09-25T20:00Z,89328530.87
xyz_SPCX,未上市公司,2026-05-22T20:00Z,38200205.14
xyz_SPCX,未上市公司,2026-05-29T20:00Z,14235262.11
xyz_SPCX,未上市公司,2026-06-05T20:00Z,33767111.82
xyz_SPCX,未上市公司,2026-06-12T20:00Z,165590092.12
xyz_SPCX,未上市公司,2026-06-19T20:00Z,67593853.41
xyz_SPCX,未上市公司,2026-06-26T20:00Z,82525342.55
xyz_SPCX,未上市公司,2026-07-03T20:00Z,25132817.63
xyz_SPCX,未上市公司,2026-07-10T20:00Z,42498378.85
xyz_SPCX,未上市公司,2026-07-17T20:00Z,54888012.04
xyz_SPCX,未上市公司,2026-07-24T20:00Z,88808612.56
xyz_SPCX,未上市公司,2026-07-31T20:00Z,25992859.12
xyz_SPCX,未上市公司,2026-08-07T20:00Z,297898586.82
xyz_SPCX,未上市公司,2026-08-14T20:00Z,40909954.28
xyz_SPCX,未上市公司,2026-08-21T20:00Z,53673962.15
xyz_SPCX,未上市公司,2026-08-28T20:00Z,10603001.2
xyz_SPCX,未上市公司,2026-09-04T20:00Z,23586266.23
xyz_SPCX,未上市公司,2026-09-11T20:00Z,21612820.6
xyz_SPCX,未上市公司,2026-09-18T20:00Z,21276722.19
xyz_SPCX,未上市公司,2026-09-25T20:00Z,7500736.62
xyz_STRC,美股个股,2026-06-26T20:00Z,3445831.8
xyz_STRC,美股个股,2026-07-03T20:00Z,739118.61
xyz_STRC,美股个股,2026-07-10T20:00Z,1665955.03
xyz_STRC,美股个股,2026-07-17T20:00Z,654224.01
xyz_STRC,美股个股,2026-07-24T20:00Z,589746.49
xyz_STRC,美股个股,2026-07-31T20:00Z,200151.89
xyz_STRC,美股个股,2026-08-07T20:00Z,771379.75
xyz_STRC,美股个股,2026-08-14T20:00Z,467566.69
xyz_STRC,美股个股,2026-08-21T20:00Z,708458.86
xyz_STRC,美股个股,2026-08-28T20:00Z,735439.35
xyz_STRC,美股个股,2026-09-04T20:00Z,124601.93
xyz_STRC,美股个股,2026-09-11T20:00Z,212351.64
xyz_STRC,美股个股,2026-09-18T20:00Z,288884.68
xyz_STRC,美股个股,2026-09-25T20:00Z,134782.13
xyz_TLT,美股ETF,2026-09-18T20:00Z,91433.35
xyz_TLT,美股ETF,2026-09-25T20:00Z,106778.77
xyz_TSLA,美股个股,2026-03-13T20:00Z,7759417.5
xyz_TSLA,美股个股,2026-03-20T20:00Z,12531704.99
xyz_TSLA,美股个股,2026-03-27T20:00Z,16097650.01
xyz_TSLA,美股个股,2026-04-03T20:00Z,4130819.47
xyz_TSLA,美股个股,2026-04-10T20:00Z,19639160.28
xyz_TSLA,美股个股,2026-04-17T20:00Z,11758562.7
xyz_TSLA,美股个股,2026-04-24T20:00Z,7452473.74
xyz_TSLA,美股个股,2026-05-01T20:00Z,4356100.53
xyz_TSLA,美股个股,2026-05-08T20:00Z,9533503.74
xyz_TSLA,美股个股,2026-05-15T20:00Z,8700956.72
xyz_TSLA,美股个股,2026-05-22T20:00Z,16855538.44
xyz_TSLA,美股个股,2026-05-29T20:00Z,6984677.34
xyz_TSLA,美股个股,2026-06-05T20:00Z,18444877.45
xyz_TSLA,美股个股,2026-06-12T20:00Z,12662101.27
xyz_TSLA,美股个股,2026-06-19T20:00Z,3989801.4
xyz_TSLA,美股个股,2026-06-26T20:00Z,9473707.3
xyz_TSLA,美股个股,2026-07-03T20:00Z,5066805.43
xyz_TSLA,美股个股,2026-07-10T20:00Z,5346606.0
xyz_TSLA,美股个股,2026-07-17T20:00Z,6032761.99
xyz_TSLA,美股个股,2026-07-24T20:00Z,18379755.24
xyz_TSLA,美股个股,2026-07-31T20:00Z,9823255.61
xyz_TSLA,美股个股,2026-08-07T20:00Z,8139751.0
xyz_TSLA,美股个股,2026-08-14T20:00Z,8326928.23
xyz_TSLA,美股个股,2026-08-21T20:00Z,13387627.22
xyz_TSLA,美股个股,2026-08-28T20:00Z,5669719.2
xyz_TSLA,美股个股,2026-09-04T20:00Z,10906371.74
xyz_TSLA,美股个股,2026-09-11T20:00Z,11255607.5
xyz_TSLA,美股个股,2026-09-18T20:00Z,8180847.48
xyz_TSLA,美股个股,2026-09-25T20:00Z,6925469.35
xyz_TSM,美股个股,2026-03-13T20:00Z,1396129.16
xyz_TSM,美股个股,2026-03-20T20:00Z,1472616.62
xyz_TSM,美股个股,2026-03-27T20:00Z,178698.09
xyz_TSM,美股个股,2026-04-03T20:00Z,293429.25
xyz_TSM,美股个股,2026-04-10T20:00Z,1660746.61
xyz_TSM,美股个股,2026-04-17T20:00Z,1225611.87
xyz_TSM,美股个股,2026-04-24T20:00Z,9954081.94
xyz_TSM,美股个股,2026-05-01T20:00Z,1413682.03
xyz_TSM,美股个股,2026-05-08T20:00Z,2752561.06
xyz_TSM,美股个股,2026-05-15T20:00Z,2325969.62
xyz_TSM,美股个股,2026-05-22T20:00Z,1844926.97
xyz_TSM,美股个股,2026-05-29T20:00Z,4534228.49
xyz_TSM,美股个股,2026-06-05T20:00Z,14257154.07
xyz_TSM,美股个股,2026-06-12T20:00Z,2191238.18
xyz_TSM,美股个股,2026-06-19T20:00Z,1197847.27
xyz_TSM,美股个股,2026-06-26T20:00Z,1460875.74
xyz_TSM,美股个股,2026-07-03T20:00Z,1998836.77
xyz_TSM,美股个股,2026-07-10T20:00Z,1025880.28
xyz_TSM,美股个股,2026-07-17T20:00Z,2962174.98
xyz_TSM,美股个股,2026-07-24T20:00Z,817461.34
xyz_TSM,美股个股,2026-07-31T20:00Z,2227129.04
xyz_TSM,美股个股,2026-08-07T20:00Z,471796.73
xyz_TSM,美股个股,2026-08-14T20:00Z,880081.57
xyz_TSM,美股个股,2026-08-21T20:00Z,1305618.43
xyz_TSM,美股个股,2026-08-28T20:00Z,318874.1
xyz_TSM,美股个股,2026-09-04T20:00Z,993129.27
xyz_TSM,美股个股,2026-09-11T20:00Z,422816.04
xyz_TSM,美股个股,2026-09-18T20:00Z,1277261.04
xyz_TSM,美股个股,2026-09-25T20:00Z,457357.47
xyz_UNITREE,非美股票与指数,2026-08-07T20:00Z,3357102.34
xyz_UNITREE,非美股票与指数,2026-08-14T20:00Z,2879551.89
xyz_UNITREE,非美股票与指数,2026-08-21T20:00Z,6654771.62
xyz_UNITREE,非美股票与指数,2026-08-28T20:00Z,2458524.58
xyz_UNITREE,非美股票与指数,2026-09-04T20:00Z,995035.26
xyz_UNITREE,非美股票与指数,2026-09-11T20:00Z,3291809.11
xyz_UNITREE,非美股票与指数,2026-09-18T20:00Z,1037630.58
xyz_UNITREE,非美股票与指数,2026-09-25T20:00Z,509209.71
xyz_URNM,美股ETF,2026-03-13T20:00Z,122490.11
xyz_URNM,美股ETF,2026-03-20T20:00Z,349427.98
xyz_URNM,美股ETF,2026-03-27T20:00Z,34685.02
xyz_URNM,美股ETF,2026-04-03T20:00Z,351952.31
xyz_URNM,美股ETF,2026-04-10T20:00Z,91363.34
xyz_URNM,美股ETF,2026-04-17T20:00Z,83089.18
xyz_URNM,美股ETF,2026-04-24T20:00Z,1803654.26
xyz_URNM,美股ETF,2026-05-01T20:00Z,377210.08
xyz_URNM,美股ETF,2026-05-08T20:00Z,245792.6
xyz_URNM,美股ETF,2026-05-15T20:00Z,1881266.67
xyz_URNM,美股ETF,2026-05-22T20:00Z,299013.98
xyz_URNM,美股ETF,2026-05-29T20:00Z,79329.86
xyz_URNM,美股ETF,2026-06-05T20:00Z,277061.92
xyz_URNM,美股ETF,2026-06-12T20:00Z,48187.55
xyz_URNM,美股ETF,2026-06-19T20:00Z,164375.42
xyz_URNM,美股ETF,2026-06-26T20:00Z,110575.25
xyz_URNM,美股ETF,2026-07-03T20:00Z,558970.6
xyz_URNM,美股ETF,2026-07-10T20:00Z,50784.19
xyz_URNM,美股ETF,2026-07-17T20:00Z,61365.18
xyz_URNM,美股ETF,2026-07-24T20:00Z,31966.58
xyz_URNM,美股ETF,2026-07-31T20:00Z,98351.96
xyz_URNM,美股ETF,2026-08-07T20:00Z,84739.24
xyz_URNM,美股ETF,2026-08-14T20:00Z,79024.5
xyz_URNM,美股ETF,2026-08-21T20:00Z,225659.23
xyz_URNM,美股ETF,2026-08-28T20:00Z,214878.03
xyz_URNM,美股ETF,2026-09-04T20:00Z,57708.96
xyz_URNM,美股ETF,2026-09-11T20:00Z,379166.44
xyz_URNM,美股ETF,2026-09-18T20:00Z,95462.27
xyz_URNM,美股ETF,2026-09-25T20:00Z,41751.52
xyz_USAR,美股个股,2026-03-13T20:00Z,97631.46
xyz_USAR,美股个股,2026-03-20T20:00Z,280939.71
xyz_USAR,美股个股,2026-03-27T20:00Z,73472.59
xyz_USAR,美股个股,2026-04-03T20:00Z,7274.3
xyz_USAR,美股个股,2026-04-10T20:00Z,553301.94
xyz_USAR,美股个股,2026-04-17T20:00Z,88112.53
xyz_USAR,美股个股,2026-04-24T20:00Z,2507280.82
xyz_USAR,美股个股,2026-05-01T20:00Z,331097.42
xyz_USAR,美股个股,2026-05-08T20:00Z,721505.86
xyz_USAR,美股个股,2026-05-15T20:00Z,265363.57
xyz_USAR,美股个股,2026-05-22T20:00Z,323137.73
xyz_USAR,美股个股,2026-05-29T20:00Z,1418681.42
xyz_USAR,美股个股,2026-06-05T20:00Z,3180082.81
xyz_USAR,美股个股,2026-06-12T20:00Z,1397231.22
xyz_USAR,美股个股,2026-06-19T20:00Z,263604.3
xyz_USAR,美股个股,2026-06-26T20:00Z,864912.45
xyz_USAR,美股个股,2026-07-03T20:00Z,158629.58
xyz_USAR,美股个股,2026-07-10T20:00Z,176553.43
xyz_USAR,美股个股,2026-07-17T20:00Z,38353.16
xyz_USAR,美股个股,2026-07-24T20:00Z,253527.85
xyz_USAR,美股个股,2026-07-31T20:00Z,508842.02
xyz_USAR,美股个股,2026-08-07T20:00Z,591432.45
xyz_USAR,美股个股,2026-08-14T20:00Z,154491.45
xyz_USAR,美股个股,2026-08-21T20:00Z,246005.47
xyz_USAR,美股个股,2026-08-28T20:00Z,144618.79
xyz_USAR,美股个股,2026-09-04T20:00Z,240494.29
xyz_USAR,美股个股,2026-09-11T20:00Z,555137.63
xyz_USAR,美股个股,2026-09-18T20:00Z,341247.39
xyz_USAR,美股个股,2026-09-25T20:00Z,155390.59
xyz_WDC,美股个股,2026-06-12T20:00Z,100353.31
xyz_WDC,美股个股,2026-06-19T20:00Z,2194319.58
xyz_WDC,美股个股,2026-06-26T20:00Z,814477.8
xyz_WDC,美股个股,2026-07-03T20:00Z,458035.57
xyz_WDC,美股个股,2026-07-10T20:00Z,387801.23
xyz_WDC,美股个股,2026-07-17T20:00Z,396011.82
xyz_WDC,美股个股,2026-07-24T20:00Z,314408.91
xyz_WDC,美股个股,2026-07-31T20:00Z,583307.05
xyz_WDC,美股个股,2026-08-07T20:00Z,357399.73
xyz_WDC,美股个股,2026-08-14T20:00Z,433440.93
xyz_WDC,美股个股,2026-08-21T20:00Z,702450.03
xyz_WDC,美股个股,2026-08-28T20:00Z,449825.46
xyz_WDC,美股个股,2026-09-04T20:00Z,652787.28
xyz_WDC,美股个股,2026-09-11T20:00Z,622979.3
xyz_WDC,美股个股,2026-09-18T20:00Z,1478021.28
xyz_WDC,美股个股,2026-09-25T20:00Z,1921266.76
xyz_XBI,美股ETF,2026-08-28T20:00Z,37449.65
xyz_XBI,美股ETF,2026-09-04T20:00Z,57800.82
xyz_XBI,美股ETF,2026-09-11T20:00Z,81392.85
xyz_XBI,美股ETF,2026-09-18T20:00Z,17160.68
xyz_XBI,美股ETF,2026-09-25T20:00Z,11411.62
xyz_XLE,美股ETF,2026-05-08T20:00Z,910829.08
xyz_XLE,美股ETF,2026-05-15T20:00Z,207693.73
xyz_XLE,美股ETF,2026-05-22T20:00Z,375880.48
xyz_XLE,美股ETF,2026-05-29T20:00Z,135429.12
xyz_XLE,美股ETF,2026-06-05T20:00Z,120115.17
xyz_XLE,美股ETF,2026-06-12T20:00Z,194482.24
xyz_XLE,美股ETF,2026-06-19T20:00Z,389199.12
xyz_XLE,美股ETF,2026-06-26T20:00Z,204950.27
xyz_XLE,美股ETF,2026-07-03T20:00Z,22844.66
xyz_XLE,美股ETF,2026-07-10T20:00Z,436707.81
xyz_XLE,美股ETF,2026-07-17T20:00Z,464381.1
xyz_XLE,美股ETF,2026-07-24T20:00Z,1318645.37
xyz_XLE,美股ETF,2026-07-31T20:00Z,576447.93
xyz_XLE,美股ETF,2026-08-07T20:00Z,1313091.73
xyz_XLE,美股ETF,2026-08-14T20:00Z,160949.36
xyz_XLE,美股ETF,2026-08-21T20:00Z,553068.4
xyz_XLE,美股ETF,2026-08-28T20:00Z,104738.99
xyz_XLE,美股ETF,2026-09-04T20:00Z,108752.51
xyz_XLE,美股ETF,2026-09-11T20:00Z,105632.35
xyz_XLE,美股ETF,2026-09-18T20:00Z,138224.05
xyz_XLE,美股ETF,2026-09-25T20:00Z,88548.35
xyz_XYZ100,美股指数,2026-03-13T20:00Z,210627093.57
xyz_XYZ100,美股指数,2026-03-20T20:00Z,115873002.11
xyz_XYZ100,美股指数,2026-03-27T20:00Z,72692235.12
xyz_XYZ100,美股指数,2026-04-03T20:00Z,49412243.74
xyz_XYZ100,美股指数,2026-04-10T20:00Z,138350921.55
xyz_XYZ100,美股指数,2026-04-17T20:00Z,74534990.73
xyz_XYZ100,美股指数,2026-04-24T20:00Z,75520226.96
xyz_XYZ100,美股指数,2026-05-01T20:00Z,67175724.27
xyz_XYZ100,美股指数,2026-05-08T20:00Z,126611529.13
xyz_XYZ100,美股指数,2026-05-15T20:00Z,64632440.29
xyz_XYZ100,美股指数,2026-05-22T20:00Z,158053077.63
xyz_XYZ100,美股指数,2026-05-29T20:00Z,86628359.0
xyz_XYZ100,美股指数,2026-06-05T20:00Z,399344515.67
xyz_XYZ100,美股指数,2026-06-12T20:00Z,188240168.72
xyz_XYZ100,美股指数,2026-06-19T20:00Z,93263446.15
xyz_XYZ100,美股指数,2026-06-26T20:00Z,141517168.79
xyz_XYZ100,美股指数,2026-07-03T20:00Z,45965709.94
xyz_XYZ100,美股指数,2026-07-10T20:00Z,79277934.25
xyz_XYZ100,美股指数,2026-07-17T20:00Z,74791163.27
xyz_XYZ100,美股指数,2026-07-24T20:00Z,96729038.91
xyz_XYZ100,美股指数,2026-07-31T20:00Z,187069920.56
xyz_XYZ100,美股指数,2026-08-07T20:00Z,99041785.13
xyz_XYZ100,美股指数,2026-08-14T20:00Z,66704343.95
xyz_XYZ100,美股指数,2026-08-21T20:00Z,109644108.1
xyz_XYZ100,美股指数,2026-08-28T20:00Z,81968185.81
xyz_XYZ100,美股指数,2026-09-04T20:00Z,70909658.85
xyz_XYZ100,美股指数,2026-09-11T20:00Z,124444029.36
xyz_XYZ100,美股指数,2026-09-18T20:00Z,92435514.4
xyz_XYZ100,美股指数,2026-09-25T20:00Z,89825646.88
xyz_ZHIPU,非美股票与指数,2026-06-26T20:00Z,2862842.1
xyz_ZHIPU,非美股票与指数,2026-07-03T20:00Z,430482.08
xyz_ZHIPU,非美股票与指数,2026-07-10T20:00Z,1294031.17
xyz_ZHIPU,非美股票与指数,2026-07-17T20:00Z,650725.39
xyz_ZHIPU,非美股票与指数,2026-07-24T20:00Z,851022.45
xyz_ZHIPU,非美股票与指数,2026-07-31T20:00Z,1198146.04
xyz_ZHIPU,非美股票与指数,2026-08-07T20:00Z,547002.14
xyz_ZHIPU,非美股票与指数,2026-08-14T20:00Z,202981.42
xyz_ZHIPU,非美股票与指数,2026-08-21T20:00Z,3906389.51
xyz_ZHIPU,非美股票与指数,2026-08-28T20:00Z,480067.52
xyz_ZHIPU,非美股票与指数,2026-09-04T20:00Z,559558.55
xyz_ZHIPU,非美股票与指数,2026-09-11T20:00Z,4194837.27
xyz_ZHIPU,非美股票与指数,2026-09-18T20:00Z,6478085.75
xyz_ZHIPU,非美股票与指数,2026-09-25T20:00Z,326357.83
xyz_ZM,美股个股,2026-05-08T20:00Z,145244.88
xyz_ZM,美股个股,2026-05-15T20:00Z,14679.12
xyz_ZM,美股个股,2026-05-22T20:00Z,222473.18
xyz_ZM,美股个股,2026-05-29T20:00Z,252690.45
xyz_ZM,美股个股,2026-06-05T20:00Z,645599.87
xyz_ZM,美股个股,2026-06-12T20:00Z,169392.79
xyz_ZM,美股个股,2026-06-19T20:00Z,33486.38
xyz_ZM,美股个股,2026-06-26T20:00Z,67900.56
xyz_ZM,美股个股,2026-07-03T20:00Z,16771.74
xyz_ZM,美股个股,2026-07-10T20:00Z,124200.0
xyz_ZM,美股个股,2026-07-17T20:00Z,2489776.23
xyz_ZM,美股个股,2026-07-24T20:00Z,158394.43
xyz_ZM,美股个股,2026-07-31T20:00Z,96683.93
xyz_ZM,美股个股,2026-08-07T20:00Z,73947.99
xyz_ZM,美股个股,2026-08-14T20:00Z,81850.35
xyz_ZM,美股个股,2026-08-21T20:00Z,104978.52
xyz_ZM,美股个股,2026-08-28T20:00Z,60158.61
xyz_ZM,美股个股,2026-09-04T20:00Z,165817.07
xyz_ZM,美股个股,2026-09-11T20:00Z,55912.48
xyz_ZM,美股个股,2026-09-18T20:00Z,45862.37
xyz_ZM,美股个股,2026-09-25T20:00Z,101976.05
