auction,token,pool_id,migration_timestamp,post_flood,bid_id,owner,ordinary_public,submitted_block,submitted_timestamp,submitted_utc,auction_progress,late_quarter,max_price_q96,ethusd,submitted_eth,submitted_usd,exited_observed,claimed_observed,accepted_eth,accepted_usd_at_submit,accepted_to_submitted,tokens_filled_raw,capacity_witness_5x_24h,witness_block,witness_tx,witness_net_multiple_before_gas,witness_net_native_for_allocation_eth,witness_gas_cost_eth,witness_net_native_after_gas_eth,witness_net_multiple_after_gas,witness_transaction_sender,witness_observed_swap_tokens,owner_total_tokens_filled_raw,direct_same_owner_full_size_witness,matched_target_bands
0x073792d6552b84fbc8f3b3bdd9e223cbfa294880,0x577be142874bf666baf422b41a6099725cb12949,0xcf711c4f9a41b9e8656116f42c1f7414dedd97e34d112063c12343afac6ac318,1783962409,False,0,0xc54ffcdeec010ef5ca5314a2d0fd9bfe9d93f2d2,True,8833110,1783962311,2026-07-13T17:05:11+00:00,0.14086021505376345,False,49043817159579910230201,1751.67,0.3,525.501,True,True,0.3,525.501,1.0,136157886221254637882327290,False,,,,,,,,,,136157886221254637882327290,False,
0x073792d6552b84fbc8f3b3bdd9e223cbfa294880,0x577be142874bf666baf422b41a6099725cb12949,0xcf711c4f9a41b9e8656116f42c1f7414dedd97e34d112063c12343afac6ac318,1783962409,False,1,0xe28601398a5448d1147e6e8b0e0c6d686f0d216d,True,8833112,1783962311,2026-07-13T17:05:11+00:00,0.14301075268817204,False,160040888278813961851,1751.67,0.4,700.668,True,True,0.02992917268230952,52.42603391242111,0.0748229317057738,14848773012878774064155944,True,8834204,0xfc429a006dbeb862dc353ce3ddbb05a132f5920c8bde966cc7d6ddd9e58c0abe,5.851026835062863,0.17511639251542335,9.92617593e-06,0.17510646633949337,5.850695179522787,0xa83b73f5644cde337b61da79589f10ea15548811,20058454.14140507,194630229332543231738424700,False,
0x073792d6552b84fbc8f3b3bdd9e223cbfa294880,0x577be142874bf666baf422b41a6099725cb12949,0xcf711c4f9a41b9e8656116f42c1f7414dedd97e34d112063c12343afac6ac318,1783962409,False,2,0x94511a976b755e8d174138a1e6ef298998c0e2dc,True,8833126,1783962312,2026-07-13T17:05:12+00:00,0.15806451612903225,False,160040888278813961851,1751.67,0.15,262.7505,True,True,0.009888169262829913,17.320809452621273,0.06592112841886608,4900236761627092214600235,True,8834204,0xfc429a006dbeb862dc353ce3ddbb05a132f5920c8bde966cc7d6ddd9e58c0abe,5.844366001765032,0.05779008025938113,9.92617593e-06,0.05778015408345113,5.843362158114487,0xa83b73f5644cde337b61da79589f10ea15548811,20058454.14140507,4900236761627092214600235,False,
0x073792d6552b84fbc8f3b3bdd9e223cbfa294880,0x577be142874bf666baf422b41a6099725cb12949,0xcf711c4f9a41b9e8656116f42c1f7414dedd97e34d112063c12343afac6ac318,1783962409,False,3,0x0b2d1965fd4d2250d03a277bce935e0d7f0e282e,True,8833136,1783962313,2026-07-13T17:05:13+00:00,0.16881720430107527,False,160040888278813961851,1751.67,0.2,350.334,True,True,0.011891418651686999,20.829841309600564,0.059457093258435,5886840916676732021973822,True,8834204,0xfc429a006dbeb862dc353ce3ddbb05a132f5920c8bde966cc7d6ddd9e58c0abe,5.838279253665406,0.06942542281079406,9.92617593e-06,0.06941549663486406,5.837444519289235,0xa83b73f5644cde337b61da79589f10ea15548811,20058454.14140507,5886840916676732021973822,False,
0x073792d6552b84fbc8f3b3bdd9e223cbfa294880,0x577be142874bf666baf422b41a6099725cb12949,0xcf711c4f9a41b9e8656116f42c1f7414dedd97e34d112063c12343afac6ac318,1783962409,False,4,0x73ae2419bc96b9146f3dfd991ceccfb7a5f72a4a,True,8833198,1783962319,2026-07-13T17:05:19+00:00,0.23548387096774193,False,2456073037942194464050,1751.67,0.3,525.501,True,True,0.3,525.501,1.0,135334655765907204058949402,False,,,,,,,,,,135334655765907204058949402,False,
0x073792d6552b84fbc8f3b3bdd9e223cbfa294880,0x577be142874bf666baf422b41a6099725cb12949,0xcf711c4f9a41b9e8656116f42c1f7414dedd97e34d112063c12343afac6ac318,1783962409,False,5,0xe28601398a5448d1147e6e8b0e0c6d686f0d216d,True,8833244,1783962324,2026-07-13T17:05:24+00:00,0.2849462365591398,False,369203237316471812983,1751.67,0.4,700.668,True,True,0.4,700.668,1.0,179781456319664457674268756,False,,,,,,,,,,194630229332543231738424700,False,
0x073792d6552b84fbc8f3b3bdd9e223cbfa294880,0x577be142874bf666baf422b41a6099725cb12949,0xcf711c4f9a41b9e8656116f42c1f7414dedd97e34d112063c12343afac6ac318,1783962409,False,6,0x17e41377c0bf9e84b99fbce65665e47e12a407a2,True,8833469,1783962347,2026-07-13T17:05:47+00:00,0.5268817204301075,False,167963704530240395606,1751.67,0.5,875.835,True,True,8.2860752949986e-05,0.14514469511990197,0.000165721505899972,39085260825465074583849,True,8834195,0x6c14508794c8e7726d6dc9afb321403cb1d9ccc56d8e216a669b04cab7173cba,6.416310219675781,0.0005316602959630252,9.831148568e-06,0.0005218291473950252,6.297663596057311,0xce1813292a847f9191e8178a77648f465a9e18f7,4599038.70903359,39085260825465074583849,False,
0x073792d6552b84fbc8f3b3bdd9e223cbfa294880,0x577be142874bf666baf422b41a6099725cb12949,0xcf711c4f9a41b9e8656116f42c1f7414dedd97e34d112063c12343afac6ac318,1783962409,False,7,0xce7146b7bf05ca5d27cd8c189b98c7129cf71c90,True,8833493,1783962349,2026-07-13T17:05:49+00:00,0.5526881720430108,False,175886520781666829361,1751.67,0.5,875.835,True,True,0.006144001889971544,10.762263790606454,0.012288003779943088,2767568418906100524459101,True,8834195,0x6c14508794c8e7726d6dc9afb321403cb1d9ccc56d8e216a669b04cab7173cba,6.127287236807504,0.03764606436334383,9.831148568e-06,0.03763623321477583,6.125687115462482,0xce1813292a847f9191e8178a77648f465a9e18f7,4599038.70903359,2767568418906100524459101,False,
0x073792d6552b84fbc8f3b3bdd9e223cbfa294880,0x577be142874bf666baf422b41a6099725cb12949,0xcf711c4f9a41b9e8656116f42c1f7414dedd97e34d112063c12343afac6ac318,1783962409,False,8,0x9ec2f5e65548f87e107aa61bec0a4c13ce6ba663,True,8833622,1783962362,2026-07-13T17:06:02+00:00,0.6913978494623656,False,177471084031952116112,1751.67,0.05,87.5835,True,True,0.004647634556504144,8.141122023591613,0.09295269113008288,2074836855582206716997057,True,8834195,0x6c14508794c8e7726d6dc9afb321403cb1d9ccc56d8e216a669b04cab7173cba,6.0725793150502945,0.02822312947174001,9.831148568e-06,0.02821329832317201,6.070464013503136,0xce1813292a847f9191e8178a77648f465a9e18f7,4599038.70903359,2074836855582206716997057,False,
0x073792d6552b84fbc8f3b3bdd9e223cbfa294880,0x577be142874bf666baf422b41a6099725cb12949,0xcf711c4f9a41b9e8656116f42c1f7414dedd97e34d112063c12343afac6ac318,1783962409,False,9,0x3c2b361b3ca3b48a4bb7000036c764aff7e053dc,True,8833692,1783962369,2026-07-13T17:06:09+00:00,0.7666666666666667,True,179055647282237402863,1751.67,0.03,52.5501,True,True,0.006699404655066456,11.73514615214026,0.2233134885022152,2981113833446055752116728,True,8834195,0x6c14508794c8e7726d6dc9afb321403cb1d9ccc56d8e216a669b04cab7173cba,6.0529008975616385,0.040550832449780375,9.831148568e-06,0.040541001301212375,6.051433431559183,0xce1813292a847f9191e8178a77648f465a9e18f7,4599038.70903359,2981113833446055752116728,False,
0x073792d6552b84fbc8f3b3bdd9e223cbfa294880,0x577be142874bf666baf422b41a6099725cb12949,0xcf711c4f9a41b9e8656116f42c1f7414dedd97e34d112063c12343afac6ac318,1783962409,False,10,0x83fc81b4449c791eeff735c73ed2b87a22823cc4,True,8833772,1783962377,2026-07-13T17:06:17+00:00,0.8526881720430107,True,179055647282237402863,1751.67,0.05,87.5835,True,True,0.004762779975034075,8.342818798867938,0.0952555995006815,2107424767714192116844404,True,8834195,0x6c14508794c8e7726d6dc9afb321403cb1d9ccc56d8e216a669b04cab7173cba,6.018839675094097,0.028666409077478763,9.831148568e-06,0.028656577928910763,6.016775513276937,0xce1813292a847f9191e8178a77648f465a9e18f7,4599038.70903359,2107424767714192116844404,False,
0x073792d6552b84fbc8f3b3bdd9e223cbfa294880,0x577be142874bf666baf422b41a6099725cb12949,0xcf711c4f9a41b9e8656116f42c1f7414dedd97e34d112063c12343afac6ac318,1783962409,False,11,0x6d9f02d58551a58b980c4e82d3b0fc11e6d77377,True,8833874,1783962387,2026-07-13T17:06:27+00:00,0.9623655913978495,True,180640210532522689614,1751.67,0.062471365637000044,109.42921704536387,True,True,0.029913877853378946,52.3992424194283,0.47884142676179614,13120121865517081898723405,True,8834204,0xfc429a006dbeb862dc353ce3ddbb05a132f5920c8bde966cc7d6ddd9e58c0abe,5.172510566843912,0.1547298492918807,9.92617593e-06,0.15471992311595067,5.172178741729875,0xa83b73f5644cde337b61da79589f10ea15548811,20058454.14140507,13120121865517081898723405,False,100
0x11df3c186d664eeeef42f7d76414ec9eaeab94e3,0x08c38cd88cb4170837de8c9865a53441fe083eb8,0x538196c40bb051aec18c2eec80ebb5c74803d059df4fcf187a50c57b8a3b2cc7,1787068856,True,0,0xdce1505cceab94532ea1031a582016eb87ffaee4,True,39823587,1787068668,2026-08-18T15:57:48+00:00,0.03166666666666667,False,1584563250285286751000,1916.5,0.0600117546,115.0125276909,False,False,,,,,False,,,,,,,,,,,False,
0x11df3c186d664eeeef42f7d76414ec9eaeab94e3,0x08c38cd88cb4170837de8c9865a53441fe083eb8,0x538196c40bb051aec18c2eec80ebb5c74803d059df4fcf187a50c57b8a3b2cc7,1787068856,True,1,0xe7bbb611e7142d5f2ac70c975cc7f34e8063ab9c,True,39823587,1787068668,2026-08-18T15:57:48+00:00,0.03166666666666667,False,1584563250285286751000,1916.5,0.08643824955,165.658905262575,False,False,,,,,False,,,,,,,,,,,False,
0x11df3c186d664eeeef42f7d76414ec9eaeab94e3,0x08c38cd88cb4170837de8c9865a53441fe083eb8,0x538196c40bb051aec18c2eec80ebb5c74803d059df4fcf187a50c57b8a3b2cc7,1787068856,True,2,0x1cb66bb2d398f436a02b84958eeb091bebfa0c13,True,39823588,1787068668,2026-08-18T15:57:48+00:00,0.03222222222222222,False,1584563250285286751000,1916.5,0.064400430275,123.4234246220375,False,False,,,,,False,,,,,,,,,,,False,
0x11df3c186d664eeeef42f7d76414ec9eaeab94e3,0x08c38cd88cb4170837de8c9865a53441fe083eb8,0x538196c40bb051aec18c2eec80ebb5c74803d059df4fcf187a50c57b8a3b2cc7,1787068856,True,3,0x2b95e257ea6b33d568ab6e05bfebccba359b4c4a,True,39823588,1787068668,2026-08-18T15:57:48+00:00,0.03222222222222222,False,1584563250285286751000,1916.5,0.083738299975,160.4844519020875,False,False,,,,,False,,,,,,,,,,,False,
0x11df3c186d664eeeef42f7d76414ec9eaeab94e3,0x08c38cd88cb4170837de8c9865a53441fe083eb8,0x538196c40bb051aec18c2eec80ebb5c74803d059df4fcf187a50c57b8a3b2cc7,1787068856,True,4,0xd74bf379e2bc96e8001ce0bca96ca252cea6b050,True,39823588,1787068668,2026-08-18T15:57:48+00:00,0.03222222222222222,False,1584563250285286751000,1916.5,0.0525963014,100.8008116331,False,False,,,,,False,,,,,,,,,,,False,
0x11df3c186d664eeeef42f7d76414ec9eaeab94e3,0x08c38cd88cb4170837de8c9865a53441fe083eb8,0x538196c40bb051aec18c2eec80ebb5c74803d059df4fcf187a50c57b8a3b2cc7,1787068856,True,5,0xdea8ce890aa46286f5ec54d9bb10576c31edf181,True,39823589,1787068668,2026-08-18T15:57:48+00:00,0.03277777777777778,False,1584563250285286751000,1916.5,0.03871945535,74.205836178275,False,False,,,,,False,,,,,,,,,,,False,
0x11df3c186d664eeeef42f7d76414ec9eaeab94e3,0x08c38cd88cb4170837de8c9865a53441fe083eb8,0x538196c40bb051aec18c2eec80ebb5c74803d059df4fcf187a50c57b8a3b2cc7,1787068856,True,6,0xc256f95962cc58ad11833b74ab4a06f5529552b0,True,39823618,1787068671,2026-08-18T15:57:51+00:00,0.04888888888888889,False,1584563250285286751000,1916.5,0.0455643222,87.3240234963,False,False,,,,,False,,,,,,,,,,,False,
0x11df3c186d664eeeef42f7d76414ec9eaeab94e3,0x08c38cd88cb4170837de8c9865a53441fe083eb8,0x538196c40bb051aec18c2eec80ebb5c74803d059df4fcf187a50c57b8a3b2cc7,1787068856,True,7,0x1a9798b5864944e777d178555f6eae7d723a93df,True,39823619,1787068671,2026-08-18T15:57:51+00:00,0.049444444444444444,False,1584563250285286751000,1916.5,0.0677881369,129.91596436885,False,False,,,,,False,,,,,,,,,,,False,
0x11df3c186d664eeeef42f7d76414ec9eaeab94e3,0x08c38cd88cb4170837de8c9865a53441fe083eb8,0x538196c40bb051aec18c2eec80ebb5c74803d059df4fcf187a50c57b8a3b2cc7,1787068856,True,8,0x368c2708776d26d755e75c91ef0135ecde4652a1,True,39823619,1787068671,2026-08-18T15:57:51+00:00,0.049444444444444444,False,1584563250285286751000,1916.5,0.05074926435,97.260965126775,False,False,,,,,False,,,,,,,,,,,False,
0x11df3c186d664eeeef42f7d76414ec9eaeab94e3,0x08c38cd88cb4170837de8c9865a53441fe083eb8,0x538196c40bb051aec18c2eec80ebb5c74803d059df4fcf187a50c57b8a3b2cc7,1787068856,True,9,0x37c18cd8ebcd9b6e78f12803b7cefa3c54b3961c,True,39823619,1787068671,2026-08-18T15:57:51+00:00,0.049444444444444444,False,1584563250285286751000,1916.5,0.044644458675,85.5611050506375,False,False,,,,,False,,,,,,,,,,,False,
0x11df3c186d664eeeef42f7d76414ec9eaeab94e3,0x08c38cd88cb4170837de8c9865a53441fe083eb8,0x538196c40bb051aec18c2eec80ebb5c74803d059df4fcf187a50c57b8a3b2cc7,1787068856,True,10,0xb0530d94572a069908387346c7fedae6b5721906,True,39823619,1787068671,2026-08-18T15:57:51+00:00,0.049444444444444444,False,1584563250285286751000,1916.5,0.063140902225,121.0095391142125,False,False,,,,,False,,,,,,,,,,,False,
0x11df3c186d664eeeef42f7d76414ec9eaeab94e3,0x08c38cd88cb4170837de8c9865a53441fe083eb8,0x538196c40bb051aec18c2eec80ebb5c74803d059df4fcf187a50c57b8a3b2cc7,1787068856,True,11,0xc00e4bb29cc6319d016a95a5efceee256c033935,True,39823656,1787068675,2026-08-18T15:57:55+00:00,0.07,False,1584563250285286751000,1916.5,0.088840800375,170.2633939186875,False,False,,,,,False,,,,,,,,,,,False,
0x11df3c186d664eeeef42f7d76414ec9eaeab94e3,0x08c38cd88cb4170837de8c9865a53441fe083eb8,0x538196c40bb051aec18c2eec80ebb5c74803d059df4fcf187a50c57b8a3b2cc7,1787068856,True,12,0x18685c5f5e9e3a6f13b285e7167c94008ab918b5,True,39823657,1787068675,2026-08-18T15:57:55+00:00,0.07055555555555555,False,1584563250285286751000,1916.5,0.0617650495,118.37271736675,False,False,,,,,False,,,,,,,,,,,False,
0x11df3c186d664eeeef42f7d76414ec9eaeab94e3,0x08c38cd88cb4170837de8c9865a53441fe083eb8,0x538196c40bb051aec18c2eec80ebb5c74803d059df4fcf187a50c57b8a3b2cc7,1787068856,True,13,0x72a2379cffdd90c05ec560d2740b6916f409c0d6,True,39823659,1787068675,2026-08-18T15:57:55+00:00,0.07166666666666667,False,1584563250285286751000,1916.5,0.06717406895,128.739103142675,False,False,,,,,False,,,,,,,,,,,False,
0x11df3c186d664eeeef42f7d76414ec9eaeab94e3,0x08c38cd88cb4170837de8c9865a53441fe083eb8,0x538196c40bb051aec18c2eec80ebb5c74803d059df4fcf187a50c57b8a3b2cc7,1787068856,True,14,0xf7908d5fccc5f812a60dee0314ef31b9a8cf7585,True,39823659,1787068675,2026-08-18T15:57:55+00:00,0.07166666666666667,False,1584563250285286751000,1916.5,0.072084654975,138.1502412595875,False,False,,,,,False,,,,,,,,,,,False,
0x11df3c186d664eeeef42f7d76414ec9eaeab94e3,0x08c38cd88cb4170837de8c9865a53441fe083eb8,0x538196c40bb051aec18c2eec80ebb5c74803d059df4fcf187a50c57b8a3b2cc7,1787068856,True,15,0xdc8b1762d02cff7da742620a0eb831ace3f6621a,True,39823659,1787068675,2026-08-18T15:57:55+00:00,0.07166666666666667,False,1584563250285286751000,1916.5,0.040641429575,77.8892997804875,False,False,,,,,False,,,,,,,,,,,False,
0x11df3c186d664eeeef42f7d76414ec9eaeab94e3,0x08c38cd88cb4170837de8c9865a53441fe083eb8,0x538196c40bb051aec18c2eec80ebb5c74803d059df4fcf187a50c57b8a3b2cc7,1787068856,True,16,0x62f71be5485e3fbef3f32f23704043fd23b8da44,True,39823670,1787068676,2026-08-18T15:57:56+00:00,0.07777777777777778,False,1584563250285286751000,1916.5,0.0311658582,59.7293672403,False,False,,,,,False,,,,,,,,,,,False,
0x11df3c186d664eeeef42f7d76414ec9eaeab94e3,0x08c38cd88cb4170837de8c9865a53441fe083eb8,0x538196c40bb051aec18c2eec80ebb5c74803d059df4fcf187a50c57b8a3b2cc7,1787068856,True,17,0xe998ed408fdb556756cbdaa4d67ee4b2070c60e2,True,39823688,1787068678,2026-08-18T15:57:58+00:00,0.08777777777777777,False,1584563250285286751000,1916.5,0.055536562925,106.4358228457625,False,False,,,,,False,,,,,,,,,,,False,
0x12903b152060c204305359ee265f13c57363fa8e,0x4a6eec8a30b49d289b9fc865fd374b4d61eab8fb,0x1f00bab0dfb60102287e2508b7d41a0a97a9dec2c9317bc9c81a4fb91a731be3,1784847473,False,0,0x01eb4528b7619ead9c568a4d6998cefc4770e83f,True,17663318,1784847375,2026-07-23T22:56:15+00:00,0.14313725490196078,False,42150165655712860788400,1881.98,0.3,564.594,True,True,0.3,564.594,1.0,74005239499859787904692907,False,,,,,,,,,,74005239499859787904692907,False,
0x12903b152060c204305359ee265f13c57363fa8e,0x4a6eec8a30b49d289b9fc865fd374b4d61eab8fb,0x1f00bab0dfb60102287e2508b7d41a0a97a9dec2c9317bc9c81a4fb91a731be3,1784847473,False,1,0x371903abb32f5f69b536b77495e92adedfea25da,True,17663331,1784847376,2026-07-23T22:56:16+00:00,0.15588235294117647,False,3515214793936766369840,1881.98,0.3,564.594,True,True,0.3,564.594,1.0,73295409366944752341303824,False,,,,,,,,,,73295409366944752341303824,False,
0x12903b152060c204305359ee265f13c57363fa8e,0x4a6eec8a30b49d289b9fc865fd374b4d61eab8fb,0x1f00bab0dfb60102287e2508b7d41a0a97a9dec2c9317bc9c81a4fb91a731be3,1784847473,False,2,0x0b2d1965fd4d2250d03a277bce935e0d7f0e282e,True,17663333,1784847376,2026-07-23T22:56:16+00:00,0.15784313725490196,False,148799955652813664440,1881.98,0.3,564.594,True,True,0.004948648849095764,9.313258161021245,0.016495496163652548,2656896013148983337073706,True,17664354,0x48d551374c6105ecaad0a715c5fe7c4b4564c7037e08d01a41cec654597ad79d,5.7579802575544194,0.028494222374662807,2.6288226824e-05,0.028467934147838807,5.752668054642951,0x037e581c062ec961d043e20dbe969864f69c67a6,10900489.761883209,2656896013148983337073706,False,
0x12903b152060c204305359ee265f13c57363fa8e,0x4a6eec8a30b49d289b9fc865fd374b4d61eab8fb,0x1f00bab0dfb60102287e2508b7d41a0a97a9dec2c9317bc9c81a4fb91a731be3,1784847473,False,3,0xc54ffcdeec010ef5ca5314a2d0fd9bfe9d93f2d2,True,17663355,1784847379,2026-07-23T22:56:19+00:00,0.17941176470588235,False,49043581423034792827160,1881.98,0.3,564.594,True,True,0.3,564.594,1.0,71954174601339602068053122,False,,,,,,,,,,71954174601339602068053122,False,
0x12903b152060c204305359ee265f13c57363fa8e,0x4a6eec8a30b49d289b9fc865fd374b4d61eab8fb,0x1f00bab0dfb60102287e2508b7d41a0a97a9dec2c9317bc9c81a4fb91a731be3,1784847473,False,4,0x73ae2419bc96b9146f3dfd991ceccfb7a5f72a4a,True,17663392,1784847382,2026-07-23T22:56:22+00:00,0.21568627450980393,False,42150165655712860788400,1881.98,0.3,564.594,True,True,0.3,564.594,1.0,69842863859916419241972722,False,,,,,,,,,,69842863859916419241972722,False,
0x12903b152060c204305359ee265f13c57363fa8e,0x4a6eec8a30b49d289b9fc865fd374b4d61eab8fb,0x1f00bab0dfb60102287e2508b7d41a0a97a9dec2c9317bc9c81a4fb91a731be3,1784847473,False,5,0xe28601398a5448d1147e6e8b0e0c6d686f0d216d,True,17663402,1784847383,2026-07-23T22:56:23+00:00,0.22549019607843138,False,24728784709232449085400,1881.98,0.3,564.594,True,True,0.3,564.594,1.0,69489361821287029684223276,False,,,,,,,,,,69489361821287029684223276,False,
0x12903b152060c204305359ee265f13c57363fa8e,0x4a6eec8a30b49d289b9fc865fd374b4d61eab8fb,0x1f00bab0dfb60102287e2508b7d41a0a97a9dec2c9317bc9c81a4fb91a731be3,1784847473,False,6,0xc24eaa702df6b39a74257e45d03a503812e4108c,True,17663407,1784847384,2026-07-23T22:56:24+00:00,0.23039215686274508,False,42150165655712860788400,1881.98,0.3,564.594,True,True,0.3,564.594,1.0,69386589680914232260064273,False,,,,,,,,,,69386589680914232260064273,False,
0x12903b152060c204305359ee265f13c57363fa8e,0x4a6eec8a30b49d289b9fc865fd374b4d61eab8fb,0x1f00bab0dfb60102287e2508b7d41a0a97a9dec2c9317bc9c81a4fb91a731be3,1784847473,False,7,0x86f9bdbb42578a327f9909b90c804ee0d39b899e,True,17663409,1784847384,2026-07-23T22:56:24+00:00,0.2323529411764706,False,32186461694524951752680,1881.98,0.3,564.594,True,True,0.3,564.594,1.0,69369465156589193162409307,False,,,,,,,,,,69369465156589193162409307,False,
0x331d4fd3a07c06295f4601e2b92f811a51740c4f,0xddb55e8e4990293d59e948b0b15bb5d3b096ea79,0x08395d90abab0bfb8a7281e5f2f56e3efd957d96726efaabcb2cccf7cb109021,1784910022,False,0,0x000033d84a962ca25ca24a0ab86515f8acc0a992,True,18282222,1784909476,2026-07-24T16:11:16+00:00,0.03234750462107209,False,344566012908317269626,1855.6,0.05,92.78,True,True,0.045627362362026795,84.66613359897691,0.9125472472405358,10565707562134016688586438,True,18299744,0x69559e790dde90003055e5413328cb269e5e276a43432f2c4500c3e2c04f0755,15.433806643195368,0.7042038883345314,2.334357719e-05,0.7041805447573414,15.43329502963759,0xf77011e5c66815fafed85b8b19e85e45611ed7a5,16296302.708003622,14761997789656281016389134,False,
0x331d4fd3a07c06295f4601e2b92f811a51740c4f,0xddb55e8e4990293d59e948b0b15bb5d3b096ea79,0x08395d90abab0bfb8a7281e5f2f56e3efd957d96726efaabcb2cccf7cb109021,1784910022,False,1,0xfe1dd4de41ac1edb68f26ee28628faa73cfc88db,True,18282306,1784909485,2026-07-24T16:11:25+00:00,0.04787430683918669,False,344566012908317269626,1855.6,0.3,556.68,True,True,0.2735714813856544,507.63924085922037,0.9119049379521814,63348147521908231846495558,False,,,,,,,,,,178731333807776674831319735,False,
0x331d4fd3a07c06295f4601e2b92f811a51740c4f,0xddb55e8e4990293d59e948b0b15bb5d3b096ea79,0x08395d90abab0bfb8a7281e5f2f56e3efd957d96726efaabcb2cccf7cb109021,1784910022,False,2,0xf77011e5c66815fafed85b8b19e85e45611ed7a5,False,18282403,1784909494,2026-07-24T16:11:34+00:00,0.06580406654343808,False,344566012908317269626,1855.6,0.05,92.78,True,True,0.04555756924537571,84.53662549171918,0.9111513849075142,10549010970926469223750259,True,18299744,0x69559e790dde90003055e5413328cb269e5e276a43432f2c4500c3e2c04f0755,15.43302403968203,0.7030910613533621,2.334357719e-05,0.703067717776172,15.432511642344405,0xf77011e5c66815fafed85b8b19e85e45611ed7a5,16296302.708003622,,False,
0x331d4fd3a07c06295f4601e2b92f811a51740c4f,0xddb55e8e4990293d59e948b0b15bb5d3b096ea79,0x08395d90abab0bfb8a7281e5f2f56e3efd957d96726efaabcb2cccf7cb109021,1784910022,False,3,0x21bfa9765bd5fbc3a64f756507884e4c5331c7ab,True,18282599,1784909514,2026-07-24T16:11:54+00:00,0.10203327171903882,False,344566012908317269626,1855.6,0.05,92.78,True,True,0.04547943538512114,84.3916403006308,0.909588707702423,10530319025549389073654058,True,18299744,0x69559e790dde90003055e5413328cb269e5e276a43432f2c4500c3e2c04f0755,15.432145060110791,0.7018452441151252,2.334357719e-05,0.7018219005379351,15.431631782472396,0xf77011e5c66815fafed85b8b19e85e45611ed7a5,16296302.708003622,10530319025549389073654058,False,
0x331d4fd3a07c06295f4601e2b92f811a51740c4f,0xddb55e8e4990293d59e948b0b15bb5d3b096ea79,0x08395d90abab0bfb8a7281e5f2f56e3efd957d96726efaabcb2cccf7cb109021,1784910022,False,4,0xf1cf9993d2fdb9b5fa0a62bc444025f246296509,True,18282738,1784909528,2026-07-24T16:12:08+00:00,0.1277264325323475,False,344566012908317269626,1855.6,0.2,371.12,True,True,0.18168516253430925,337.1349875986643,0.9084258126715463,42065636280164950086082725,False,,,,,,,,,,42065636280164950086082725,False,
0x331d4fd3a07c06295f4601e2b92f811a51740c4f,0xddb55e8e4990293d59e948b0b15bb5d3b096ea79,0x08395d90abab0bfb8a7281e5f2f56e3efd957d96726efaabcb2cccf7cb109021,1784910022,False,5,0xf77011e5c66815fafed85b8b19e85e45611ed7a5,False,18282922,1784909546,2026-07-24T16:12:26+00:00,0.16173752310536044,False,1849057217785227328092,1855.6,0.05,92.78,True,True,0.05,92.78,1.0,11568289129766777590651518,True,18299744,0x69559e790dde90003055e5413328cb269e5e276a43432f2c4500c3e2c04f0755,15.420518008193811,0.7710259004096905,2.334357719e-05,0.7710025568325005,15.420051136650011,0xf77011e5c66815fafed85b8b19e85e45611ed7a5,16296302.708003622,,False,
0x331d4fd3a07c06295f4601e2b92f811a51740c4f,0xddb55e8e4990293d59e948b0b15bb5d3b096ea79,0x08395d90abab0bfb8a7281e5f2f56e3efd957d96726efaabcb2cccf7cb109021,1784910022,False,6,0x000033d84a962ca25ca24a0ab86515f8acc0a992,True,18282935,1784909548,2026-07-24T16:12:28+00:00,0.16414048059149722,False,344566012908317269626,1855.6,0.02,37.112,True,True,0.018125572599233235,33.633812515137194,0.9062786299616618,4196290227522264327802696,True,18298690,0x2df04b2f1f1c145e6c416a184a3d8fe238f05bfa4bc0809ff7d9493f3daf09ff,7.442561478935663,0.13490068841070504,2.4352302898e-05,0.13487633610780705,7.441217946047823,0xf1cf9993d2fdb9b5fa0a62bc444025f246296509,5977776.601889126,14761997789656281016389134,False,
0x331d4fd3a07c06295f4601e2b92f811a51740c4f,0xddb55e8e4990293d59e948b0b15bb5d3b096ea79,0x08395d90abab0bfb8a7281e5f2f56e3efd957d96726efaabcb2cccf7cb109021,1784910022,False,7,0xf77011e5c66815fafed85b8b19e85e45611ed7a5,False,18283049,1784909559,2026-07-24T16:12:39+00:00,0.18521256931608132,False,344566012908317269626,1855.6,0.05,92.78,True,True,0.04524947357745995,83.96492317033469,0.9049894715491991,10475305315313994787447234,True,18299744,0x69559e790dde90003055e5413328cb269e5e276a43432f2c4500c3e2c04f0755,15.429540452970336,0.6981785830390307,2.334357719e-05,0.6981552394618407,15.429024566809804,0xf77011e5c66815fafed85b8b19e85e45611ed7a5,16296302.708003622,,False,
0x331d4fd3a07c06295f4601e2b92f811a51740c4f,0xddb55e8e4990293d59e948b0b15bb5d3b096ea79,0x08395d90abab0bfb8a7281e5f2f56e3efd957d96726efaabcb2cccf7cb109021,1784910022,False,8,0xa28ffccfac08a5bef456bff3ac5c37d65fa1b7c7,True,18283928,1784909648,2026-07-24T16:14:08+00:00,0.3476894639556377,False,344566012908317269626,1855.6,0.05,92.78,True,True,0.044633764620228236,82.82241362929553,0.8926752924045648,10328009403410278476440142,True,18299744,0x69559e790dde90003055e5413328cb269e5e276a43432f2c4500c3e2c04f0755,15.422434643961726,0.6883613177694412,2.334357719e-05,0.6883379741922512,15.421911641311409,0xf77011e5c66815fafed85b8b19e85e45611ed7a5,16296302.708003622,10328009403410278476440142,False,
0x331d4fd3a07c06295f4601e2b92f811a51740c4f,0xddb55e8e4990293d59e948b0b15bb5d3b096ea79,0x08395d90abab0bfb8a7281e5f2f56e3efd957d96726efaabcb2cccf7cb109021,1784910022,False,9,0x2fc9478c3858733b6e9b87458d71044a2071a300,True,18284470,1784909702,2026-07-24T16:15:02+00:00,0.44787430683918666,False,344566012908317269626,1855.6,0.5,927.8,True,True,0.44121821139501227,818.7245130645848,0.8824364227900245,102055372825304958999867097,False,,,,,,,,,,102055372825304958999867097,False,
0x331d4fd3a07c06295f4601e2b92f811a51740c4f,0xddb55e8e4990293d59e948b0b15bb5d3b096ea79,0x08395d90abab0bfb8a7281e5f2f56e3efd957d96726efaabcb2cccf7cb109021,1784910022,False,10,0xfe1dd4de41ac1edb68f26ee28628faa73cfc88db,True,18285677,1784909822,2026-07-24T16:17:02+00:00,0.6709796672828097,False,603843408760120363602,1855.6,0.2,371.12,True,True,0.2,371.12,1.0,46164265844035211698689911,False,,,,,,,,,,178731333807776674831319735,False,
0x331d4fd3a07c06295f4601e2b92f811a51740c4f,0xddb55e8e4990293d59e948b0b15bb5d3b096ea79,0x08395d90abab0bfb8a7281e5f2f56e3efd957d96726efaabcb2cccf7cb109021,1784910022,False,11,0x0c3db8b025f67da9806bf8ebd2faf270342a7478,True,18286145,1784909869,2026-07-24T16:17:49+00:00,0.7574861367837338,True,344566012908317269626,1855.6,0.1,185.56,True,True,0.08270875462267124,153.47436507782874,0.8270875462267124,19086964666953542302897450,True,18307736,0x917ca49cfbb7844610fbdd8a04c36ccee6b1d800914961a418a58d2178c3a637,8.670807210282904,0.7171516659357772,2.3887596096e-05,0.7171277783396811,8.670518394471264,0x40e56fa7759c1bdc67764fcd76c8ee7bc9486c08,20464688.45691676,19086964666953542302897450,False,
0x331d4fd3a07c06295f4601e2b92f811a51740c4f,0xddb55e8e4990293d59e948b0b15bb5d3b096ea79,0x08395d90abab0bfb8a7281e5f2f56e3efd957d96726efaabcb2cccf7cb109021,1784910022,False,12,0xa1f0593ea20cf67ce33e35935fc46e055e4b3f12,True,18286172,1784909872,2026-07-24T16:17:52+00:00,0.7624768946395564,True,344566012908317269626,1855.6,0.2,371.12,True,True,0.16514054844227696,306.4348016894892,0.8257027422113848,38107672064835448010041100,False,,,,,,,,,,38107672064835448010041100,False,
0x331d4fd3a07c06295f4601e2b92f811a51740c4f,0xddb55e8e4990293d59e948b0b15bb5d3b096ea79,0x08395d90abab0bfb8a7281e5f2f56e3efd957d96726efaabcb2cccf7cb109021,1784910022,False,13,0x3dc877899b91651f40d6522f35f786d57f306bde,True,18286292,1784909884,2026-07-24T16:18:04+00:00,0.7846580406654344,True,344566012908317269626,1855.6,0.02,37.112,False,False,,,,,False,,,,,,,,,,,False,
0x331d4fd3a07c06295f4601e2b92f811a51740c4f,0xddb55e8e4990293d59e948b0b15bb5d3b096ea79,0x08395d90abab0bfb8a7281e5f2f56e3efd957d96726efaabcb2cccf7cb109021,1784910022,False,14,0x32822232817e8e5a95c49c2bc66b9e16a60b01a0,True,18286497,1784909905,2026-07-24T16:18:25+00:00,0.822550831792976,True,344566012908317269626,1855.6,0.06,111.336,True,True,0.04841337740957887,89.83586312121456,0.8068896234929812,11162262136201348511980608,True,18299744,0x69559e790dde90003055e5413328cb269e5e276a43432f2c4500c3e2c04f0755,15.366914293207456,0.7439642212977046,2.334357719e-05,0.7439408777205145,15.366432121162475,0xf77011e5c66815fafed85b8b19e85e45611ed7a5,16296302.708003622,11162262136201348511980608,False,100
0x331d4fd3a07c06295f4601e2b92f811a51740c4f,0xddb55e8e4990293d59e948b0b15bb5d3b096ea79,0x08395d90abab0bfb8a7281e5f2f56e3efd957d96726efaabcb2cccf7cb109021,1784910022,False,15,0x058c0111b8911d40034ecaab3bf22e2c707b9954,True,18286650,1784909920,2026-07-24T16:18:40+00:00,0.8508317929759704,True,344566012908317269626,1855.6,0.003,5.5668,True,True,0.002389423953241794,4.433815087635473,0.796474651080598,550638392462083364980108,True,18298416,0xd511bce569bcfb6b4ea79f4e6701e513f89edeea520ef177f9f437353fede1da,5.140603633191791,0.012283081455270259,2.444863557e-05,0.01225863281970026,5.130371612399989,0x48426ee0df35a7dc8cf09f9043a3108921b234c3,2290417.881740332,550638392462083364980108,False,
0x331d4fd3a07c06295f4601e2b92f811a51740c4f,0xddb55e8e4990293d59e948b0b15bb5d3b096ea79,0x08395d90abab0bfb8a7281e5f2f56e3efd957d96726efaabcb2cccf7cb109021,1784910022,False,16,0xf4dd3ab2d2de6f9dae3805d4563d0ecbd66eb9c3,True,18286777,1784909933,2026-07-24T16:18:53+00:00,0.8743068391866913,True,344566012908317269626,1855.6,0.2,371.12,True,True,0.15736362329675682,292.00393938946195,0.7868181164837841,36247200055029627924348647,False,,,,,,,,,,36247200055029627924348647,False,300
0x331d4fd3a07c06295f4601e2b92f811a51740c4f,0xddb55e8e4990293d59e948b0b15bb5d3b096ea79,0x08395d90abab0bfb8a7281e5f2f56e3efd957d96726efaabcb2cccf7cb109021,1784910022,False,17,0xfe1dd4de41ac1edb68f26ee28628faa73cfc88db,True,18287144,1784909970,2026-07-24T16:19:30+00:00,0.9421441774491682,True,344566012908317269626,1855.6,0.4,742.24,True,True,0.301035473720174,558.6014250351549,0.7525886843004349,69218920441833231286134266,False,,,,,,,,,,178731333807776674831319735,False,
0x4355a3009f59e1199df133881444a1d2eb9a12c4,0xbe4f4bc2ecdca72a6e0d9c963ad71a5869a9fa65,0x4dfca89eb922ce39226d9f004fa737b8ce0959d68c509f7ddb711477350f53a1,1783957770,False,0,0x124c4b71bcc1f9bb0c8b8c1413cb335a9cc7df04,True,8787237,1783957713,2026-07-13T15:48:33+00:00,0.2519230769230769,False,2490757112908914244650,1775.39,0.30682047547274877,544.7260039495634,True,True,0.30682047547274877,544.7260039495634,1.0,54107230053888965744312166,False,,,,,,,,,,54107230053888965744312166,False,
0x4355a3009f59e1199df133881444a1d2eb9a12c4,0xbe4f4bc2ecdca72a6e0d9c963ad71a5869a9fa65,0x4dfca89eb922ce39226d9f004fa737b8ce0959d68c509f7ddb711477350f53a1,1783957770,False,1,0x911a141d1670f3f053ef82e8ce25bd428a3d9e97,True,8787262,1783957716,2026-07-13T15:48:36+00:00,0.3,False,450835964881362614175,1775.39,0.15,266.3085,True,True,0.11838115172941582,210.17271296888754,0.7892076781961055,20889120812524333800733370,False,,,,,,,,,,20889120812524333800733370,False,
0x4355a3009f59e1199df133881444a1d2eb9a12c4,0xbe4f4bc2ecdca72a6e0d9c963ad71a5869a9fa65,0x4dfca89eb922ce39226d9f004fa737b8ce0959d68c509f7ddb711477350f53a1,1783957770,False,2,0xccb09e51823ae0c3655fbc4d5afc123980f8d913,True,8787265,1783957716,2026-07-13T15:48:36+00:00,0.3057692307692308,False,450835964881362614175,1775.39,0.5,887.695,True,True,0.39412080019396395,699.7181274563617,0.7882416003879279,69542791030323699789477871,False,,,,,,,,,,134341982276057649249760231,False,
0x4355a3009f59e1199df133881444a1d2eb9a12c4,0xbe4f4bc2ecdca72a6e0d9c963ad71a5869a9fa65,0x4dfca89eb922ce39226d9f004fa737b8ce0959d68c509f7ddb711477350f53a1,1783957770,False,3,0xd8ba9e5886b7000bace2c9dbdd0be98ac77d4a28,True,8787285,1783957718,2026-07-13T15:48:38+00:00,0.34423076923076923,False,593675082467536907775,1775.39,0.35,621.3865,True,True,0.35,621.3865,1.0,61691297372586288407483262,False,,,,,,,,,,149567253948668440607128157,False,
0x4355a3009f59e1199df133881444a1d2eb9a12c4,0xbe4f4bc2ecdca72a6e0d9c963ad71a5869a9fa65,0x4dfca89eb922ce39226d9f004fa737b8ce0959d68c509f7ddb711477350f53a1,1783957770,False,4,0xccb09e51823ae0c3655fbc4d5afc123980f8d913,True,8787386,1783957728,2026-07-13T15:48:48+00:00,0.5384615384615384,False,450835964881362614175,1775.39,0.5,887.695,True,True,0.3679674004267468,653.285643043642,0.7359348008534936,64799191245733949460282360,False,,,,,,,,,,134341982276057649249760231,False,
0x4355a3009f59e1199df133881444a1d2eb9a12c4,0xbe4f4bc2ecdca72a6e0d9c963ad71a5869a9fa65,0x4dfca89eb922ce39226d9f004fa737b8ce0959d68c509f7ddb711477350f53a1,1783957770,False,5,0x1a7c2839b016bee78c0a5fe84d9751ad45331113,True,8787387,1783957729,2026-07-13T15:48:49+00:00,0.5403846153846154,False,450835964881362614175,1775.39,0.217388004548314,385.9484893950312,True,True,0.15986043525554905,283.8146181483492,0.7353691644012511,28150831298143534674134226,False,,,,,,,,,,28150831298143534674134226,False,
0x4355a3009f59e1199df133881444a1d2eb9a12c4,0xbe4f4bc2ecdca72a6e0d9c963ad71a5869a9fa65,0x4dfca89eb922ce39226d9f004fa737b8ce0959d68c509f7ddb711477350f53a1,1783957770,False,6,0x93f086e1ede295fb83b9ef9b30f3d2edda961f9a,True,8787445,1783957734,2026-07-13T15:48:54+00:00,0.6519230769230769,False,450835964881362614175,1775.39,0.3,532.617,True,True,0.2090351271661283,371.11887441947255,0.6967837572204276,36749196504336824620109205,False,,,,,,,,,,36749196504336824620109205,False,
0x4355a3009f59e1199df133881444a1d2eb9a12c4,0xbe4f4bc2ecdca72a6e0d9c963ad71a5869a9fa65,0x4dfca89eb922ce39226d9f004fa737b8ce0959d68c509f7ddb711477350f53a1,1783957770,False,7,0xd8ba9e5886b7000bace2c9dbdd0be98ac77d4a28,True,8787452,1783957735,2026-07-13T15:48:55+00:00,0.6653846153846154,False,785615146723958614800,1775.39,0.5,887.695,True,True,0.5,887.695,1.0,87875956576082152199644895,False,,,,,,,,,,149567253948668440607128157,False,
0x4355a3009f59e1199df133881444a1d2eb9a12c4,0xbe4f4bc2ecdca72a6e0d9c963ad71a5869a9fa65,0x4dfca89eb922ce39226d9f004fa737b8ce0959d68c509f7ddb711477350f53a1,1783957770,False,8,0x9ec2f5e65548f87e107aa61bec0a4c13ce6ba663,True,8787457,1783957736,2026-07-13T15:48:56+00:00,0.675,False,477618299428770294225,1775.39,0.1,177.539,True,True,0.1,177.539,1.0,17573611842416611833179643,False,,,,,,,,,,17573611842416611833179643,False,
0x4355a3009f59e1199df133881444a1d2eb9a12c4,0xbe4f4bc2ecdca72a6e0d9c963ad71a5869a9fa65,0x4dfca89eb922ce39226d9f004fa737b8ce0959d68c509f7ddb711477350f53a1,1783957770,False,9,0x46b8a7fd36509b9877fd40c4fa96608166e39d82,True,8787457,1783957736,2026-07-13T15:48:56+00:00,0.675,False,1133785495840258455450,1775.39,0.333572709979137,592.22165356986,True,True,0.333572709979137,592.22165356986,1.0,58620773263963639470642994,False,,,,,,,,,,58620773263963639470642994,False,
0x57851c8805955be3346f075d1afbeee756e5473b,0x256819b2893bbd5f4b441f478ea966e023be6763,0x558d86ff6299e0f250d8bd3aa38a6b924b1d6ac53f9711327b45c5cce2947ff5,1786389104,True,0,0xc835721c699235b7a5dfdcb122b143f6d55bceb4,True,33038891,1786388977,2026-08-10T19:09:37+00:00,0.005,False,499137423839865326250,1876.82,1e-05,0.0187682,True,True,1e-05,0.0187682,1.0,5029460902981590665215,False,,,,,,,,,,46192901943536473710353,False,
0x57851c8805955be3346f075d1afbeee756e5473b,0x256819b2893bbd5f4b441f478ea966e023be6763,0x558d86ff6299e0f250d8bd3aa38a6b924b1d6ac53f9711327b45c5cce2947ff5,1786389104,True,1,0xb802b9c371955111b8b4e9f7ae1663450860d860,False,33038942,1786388982,2026-08-10T19:09:42+00:00,0.0475,False,792281625142643375000,1876.82,1.01,1895.5882,False,False,,,,,False,,,,,,,,,,,False,
0x57851c8805955be3346f075d1afbeee756e5473b,0x256819b2893bbd5f4b441f478ea966e023be6763,0x558d86ff6299e0f250d8bd3aa38a6b924b1d6ac53f9711327b45c5cce2947ff5,1786389104,True,2,0xc835721c699235b7a5dfdcb122b143f6d55bceb4,True,33038948,1786388983,2026-08-10T19:09:43+00:00,0.0525,False,499137423839865326250,1876.82,5.7142857142857e-05,0.10724685714285688,True,True,5.7142857142857e-05,0.10724685714285688,1.0,27468035136149823539388,False,,,,,,,,,,46192901943536473710353,False,
0x57851c8805955be3346f075d1afbeee756e5473b,0x256819b2893bbd5f4b441f478ea966e023be6763,0x558d86ff6299e0f250d8bd3aa38a6b924b1d6ac53f9711327b45c5cce2947ff5,1786389104,True,3,0xd835a42e7a4a8693a326cd7e03c53ca1dd101cfa,True,33039046,1786388993,2026-08-10T19:09:53+00:00,0.13416666666666666,False,792282417424268517643375,1876.82,0.03,56.3046,True,True,0.03,56.3046,1.0,14380178295217697979466889,False,,,,,,,,,,14380178295217697979466889,False,
0x57851c8805955be3346f075d1afbeee756e5473b,0x256819b2893bbd5f4b441f478ea966e023be6763,0x558d86ff6299e0f250d8bd3aa38a6b924b1d6ac53f9711327b45c5cce2947ff5,1786389104,True,4,0xc835721c699235b7a5dfdcb122b143f6d55bceb4,True,33039051,1786388993,2026-08-10T19:09:53+00:00,0.13833333333333334,False,499137423839865326250,1876.82,2.8571428571428e-05,0.053623428571427496,True,True,2.8571428571428e-05,0.053623428571427496,1.0,13695405904405059505750,False,,,,,,,,,,46192901943536473710353,False,
0x5809c57037685e81709622468426051d41b58c62,0xff0a037e3ecd3560b93e6b2163fea48b81feefd1,0xc38ad275369425047272f9b96f87c564005f2e1935ea89dfbce361b325fda901,1783957038,False,0,0xd6d17923a7c8da26bb386da87fcdd47554013ea6,True,8779812,1783956970,2026-07-13T15:36:10+00:00,0.15151515151515152,False,74612564099319565711,1775.39,0.13,230.8007,True,True,0.01102984225562358,19.58227164221155,0.08484494042787369,11741576104944737904304538,True,8780561,0x5edc9fb1840446b634a1c0bba00b2a3c557202b120a1d21ddee01877032605e4,7.805999200777467,0.0860989398320992,9.922794136e-06,0.08608901703796319,7.805099569222814,0xf9631c2e2b19b7795bf3e145580e54b1c65e2e98,18218751.51604767,11741576104944737904304538,False,
0x5809c57037685e81709622468426051d41b58c62,0xff0a037e3ecd3560b93e6b2163fea48b81feefd1,0xc38ad275369425047272f9b96f87c564005f2e1935ea89dfbce361b325fda901,1783957038,False,1,0x9ec2f5e65548f87e107aa61bec0a4c13ce6ba663,True,8779818,1783956971,2026-07-13T15:36:11+00:00,0.1606060606060606,False,445459169820690080433,1775.39,0.1,177.539,True,True,0.1,177.539,1.0,52837599776700277549033822,False,,,,,,,,,,52837599776700277549033822,False,
0x5809c57037685e81709622468426051d41b58c62,0xff0a037e3ecd3560b93e6b2163fea48b81feefd1,0xc38ad275369425047272f9b96f87c564005f2e1935ea89dfbce361b325fda901,1783957038,False,2,0x68634e035322376a824b69af143fb087ea214d55,True,8779834,1783956972,2026-07-13T15:36:12+00:00,0.18484848484848485,False,74612564099319565711,1775.39,0.18158653243101033,322.38691381269143,True,True,0.011788117517658766,20.928505959676198,0.06491735570828962,12517340768279965742889709,True,8780561,0x5edc9fb1840446b634a1c0bba00b2a3c557202b120a1d21ddee01877032605e4,7.786441502404034,0.09178748747471423,9.922794136e-06,0.09177756468057824,7.785599740000398,0xf9631c2e2b19b7795bf3e145580e54b1c65e2e98,18218751.51604767,12517340768279965742889709,False,
0x5809c57037685e81709622468426051d41b58c62,0xff0a037e3ecd3560b93e6b2163fea48b81feefd1,0xc38ad275369425047272f9b96f87c564005f2e1935ea89dfbce361b325fda901,1783957038,False,3,0x371903abb32f5f69b536b77495e92adedfea25da,True,8779834,1783956972,2026-07-13T15:36:12+00:00,0.18484848484848485,False,74612564099319565711,1775.39,0.1,177.539,False,False,,,,,False,,,,,,,,,,,False,
0x5809c57037685e81709622468426051d41b58c62,0xff0a037e3ecd3560b93e6b2163fea48b81feefd1,0xc38ad275369425047272f9b96f87c564005f2e1935ea89dfbce361b325fda901,1783957038,False,4,0x73ae2419bc96b9146f3dfd991ceccfb7a5f72a4a,True,8779901,1783956979,2026-07-13T15:36:19+00:00,0.2863636363636364,False,140360269097729876090,1775.39,0.1,177.539,True,True,0.025366023826540327,45.03458504140143,0.25366023826540324,18122632594632032598109375,True,8780561,0x5edc9fb1840446b634a1c0bba00b2a3c557202b120a1d21ddee01877032605e4,5.238902263520577,0.132890119641379,9.922794136e-06,0.132880196847243,5.23851107906834,0xf9631c2e2b19b7795bf3e145580e54b1c65e2e98,18218751.51604767,18122632594632032598109375,False,
0x5809c57037685e81709622468426051d41b58c62,0xff0a037e3ecd3560b93e6b2163fea48b81feefd1,0xc38ad275369425047272f9b96f87c564005f2e1935ea89dfbce361b325fda901,1783957038,False,5,0x1a7c2839b016bee78c0a5fe84d9751ad45331113,True,8779903,1783956979,2026-07-13T15:36:19+00:00,0.28939393939393937,False,147008913423411817589,1775.39,0.1,177.539,True,True,0.02697280673818702,47.88725135490986,0.2697280673818702,18923466097698424925034661,True,8780840,0x6ed8c9ba03da7baa78860bf312302ef1b6f86787e59bc92e8ddda28ce7fcb325,10.240465647773853,0.2762141008264473,9.61234743e-06,0.2762044884790173,10.24010927598343,0x60289ad360193c9aa557a7f66409ff4cc4126692,32502025.98724228,18923466097698424925034661,False,
0x5809c57037685e81709622468426051d41b58c62,0xff0a037e3ecd3560b93e6b2163fea48b81feefd1,0xc38ad275369425047272f9b96f87c564005f2e1935ea89dfbce361b325fda901,1783957038,False,6,0x60289ad360193c9aa557a7f66409ff4cc4126692,True,8779905,1783956980,2026-07-13T15:36:20+00:00,0.2924242424242424,False,188378255894321675805,1775.39,0.15,266.3085,True,True,0.07755361084418112,137.68790515665071,0.5170240722945408,45727799865602690642269419,False,,,,,,,,,,65004051974484563856233393,False,
0x5809c57037685e81709622468426051d41b58c62,0xff0a037e3ecd3560b93e6b2163fea48b81feefd1,0xc38ad275369425047272f9b96f87c564005f2e1935ea89dfbce361b325fda901,1783957038,False,7,0x15849fe6067809762944055e735e4ddd7feb46a0,True,8779914,1783956981,2026-07-13T15:36:21+00:00,0.30606060606060603,False,128540456963184202314,1775.39,0.2,355.078,True,True,0.0427201073422514,75.8448513743597,0.213600536711257,30368363475233858148116042,True,8780840,0x6ed8c9ba03da7baa78860bf312302ef1b6f86787e59bc92e8ddda28ce7fcb325,10.3761015322622,0.44326817125234047,9.61234743e-06,0.4432585589049105,10.375876524694851,0x60289ad360193c9aa557a7f66409ff4cc4126692,32502025.98724228,30368363475233858148116042,False,
0x5809c57037685e81709622468426051d41b58c62,0xff0a037e3ecd3560b93e6b2163fea48b81feefd1,0xc38ad275369425047272f9b96f87c564005f2e1935ea89dfbce361b325fda901,1783957038,False,8,0xc54ffcdeec010ef5ca5314a2d0fd9bfe9d93f2d2,True,8779985,1783956988,2026-07-13T15:36:28+00:00,0.41363636363636364,False,111549477019774796261,1775.39,0.11,195.2929,True,True,0.000271980890471656,0.48287215313447335,0.0024725535497423273,193174784559883016671783,True,8780560,0x9e9c3337b718ff0c95ad47c0365d8e8a278b279baadb4684d19abe1a5ba4826c,5.806317121836115,0.0015792073011578094,1.358352294e-05,0.0015656237782178093,5.756374190491034,0xeee4e6c364174a2730a5038d5a9bca52223437ed,7223194.662651236,193174784559883016671783,False,
0x5809c57037685e81709622468426051d41b58c62,0xff0a037e3ecd3560b93e6b2163fea48b81feefd1,0xc38ad275369425047272f9b96f87c564005f2e1935ea89dfbce361b325fda901,1783957038,False,9,0xccb09e51823ae0c3655fbc4d5afc123980f8d913,True,8780049,1783956994,2026-07-13T15:36:34+00:00,0.5106060606060606,False,112288215278183900872,1775.39,0.5,887.695,True,True,0.0003023462032559,0.5367824257984923,0.0006046924065118,213329012913639164578378,True,8780560,0x9e9c3337b718ff0c95ad47c0365d8e8a278b279baadb4684d19abe1a5ba4826c,5.7681176670872,0.0017439684765770942,1.358352294e-05,0.0017303849536370942,5.723190617255841,0xeee4e6c364174a2730a5038d5a9bca52223437ed,7223194.662651236,213329012913639164578378,False,
0x5809c57037685e81709622468426051d41b58c62,0xff0a037e3ecd3560b93e6b2163fea48b81feefd1,0xc38ad275369425047272f9b96f87c564005f2e1935ea89dfbce361b325fda901,1783957038,False,10,0x36f987da605928f41b799231b22e53a0eda30f79,True,8780079,1783956997,2026-07-13T15:36:37+00:00,0.556060606060606,False,230486336623640638632,1775.39,0.31950449045481605,567.2450773085759,True,True,0.31950449045481605,567.2450773085759,1.0,129465565312613960566570748,False,,,,,,,,,,129465565312613960566570748,False,
0x5809c57037685e81709622468426051d41b58c62,0xff0a037e3ecd3560b93e6b2163fea48b81feefd1,0xc38ad275369425047272f9b96f87c564005f2e1935ea89dfbce361b325fda901,1783957038,False,11,0x60289ad360193c9aa557a7f66409ff4cc4126692,True,8780113,1783957001,2026-07-13T15:36:41+00:00,0.6075757575757575,False,177297182018185106640,1775.39,0.15,266.3085,True,True,0.04021334847217979,71.39437674402328,0.26808898981453194,19276252108881873213963974,True,8780840,0x6ed8c9ba03da7baa78860bf312302ef1b6f86787e59bc92e8ddda28ce7fcb325,6.996768739008725,0.2813634994810118,9.61234743e-06,0.2813538871335818,6.996529705260102,0x60289ad360193c9aa557a7f66409ff4cc4126692,32502025.98724228,65004051974484563856233393,False,
0x5809c57037685e81709622468426051d41b58c62,0xff0a037e3ecd3560b93e6b2163fea48b81feefd1,0xc38ad275369425047272f9b96f87c564005f2e1935ea89dfbce361b325fda901,1783957038,False,12,0x8c3108292daf647905ab6cea97da9ddae1763338,True,8780152,1783957004,2026-07-13T15:36:44+00:00,0.6666666666666666,False,172864752467730478974,1775.39,0.1,177.539,True,True,0.01679046693843659,29.809627097830937,0.1679046693843659,7695483459169422317918728,True,8780658,0x98a6069426c198c03b617e619fdedf93695516e04c177f2310224540a7fd805e,13.271035299598495,0.22282687943673346,9.74957529e-06,0.22281712986144345,13.27045463824311,0x371903abb32f5f69b536b77495e92adedfea25da,9417726.725737574,78752645760478954345522262,False,
0x5809c57037685e81709622468426051d41b58c62,0xff0a037e3ecd3560b93e6b2163fea48b81feefd1,0xc38ad275369425047272f9b96f87c564005f2e1935ea89dfbce361b325fda901,1783957038,False,13,0x94511a976b755e8d174138a1e6ef298998c0e2dc,True,8780234,1783957013,2026-07-13T15:36:53+00:00,0.7909090909090909,True,173603490726139583585,1775.39,0.1,177.539,True,True,0.003730749750348208,6.623535799270705,0.03730749750348208,1702618111446379741546961,True,8780632,0xa89dba5f472d07d121d75805e8c79d9ef295c3e75d1c2b9d48b4c82ceedfbce7,7.448266687702656,0.027787619085673558,9.638280822e-06,0.027777980804851558,7.445683217497746,0x0c8acf06e7a60c88c9ef680bd9f886ed55acac3f,4710020.653485985,1702618111446379741546961,False,
0x5809c57037685e81709622468426051d41b58c62,0xff0a037e3ecd3560b93e6b2163fea48b81feefd1,0xc38ad275369425047272f9b96f87c564005f2e1935ea89dfbce361b325fda901,1783957038,False,14,0xf9631c2e2b19b7795bf3e145580e54b1c65e2e98,True,8780251,1783957014,2026-07-13T15:36:54+00:00,0.8166666666666667,True,2609223528700957486052,1775.39,0.2,355.078,True,True,0.2,355.078,1.0,72875006064190678949991940,False,,,,,,,,,,72875006064190678949991940,False,
0x5809c57037685e81709622468426051d41b58c62,0xff0a037e3ecd3560b93e6b2163fea48b81feefd1,0xc38ad275369425047272f9b96f87c564005f2e1935ea89dfbce361b325fda901,1783957038,False,15,0x8c3108292daf647905ab6cea97da9ddae1763338,True,8780287,1783957018,2026-07-13T15:36:58+00:00,0.8712121212121212,True,365675437912506782445,1775.39,0.2,355.078,True,True,0.2,355.078,1.0,71057162301309532027603534,False,,,,,,,,,,78752645760478954345522262,False,
0x5809c57037685e81709622468426051d41b58c62,0xff0a037e3ecd3560b93e6b2163fea48b81feefd1,0xc38ad275369425047272f9b96f87c564005f2e1935ea89dfbce361b325fda901,1783957038,False,16,0xd401bfeca15420cff401dd5113707b6416491d3c,True,8780353,1783957025,2026-07-13T15:37:05+00:00,0.9712121212121212,True,223098954039549592522,1775.39,0.2,355.078,True,True,0.001096260291837027,1.9462895595245393,0.005481301459185135,389310155816336571538517,True,8780632,0xa89dba5f472d07d121d75805e8c79d9ef295c3e75d1c2b9d48b4c82ceedfbce7,5.795836660960672,0.0063537455893844874,9.638280822e-06,0.006344107308562487,5.787044697141707,0x0c8acf06e7a60c88c9ef680bd9f886ed55acac3f,4710020.653485985,389310155816336571538517,False,300
0x59466f4c3df086ee2480115a92b81252a97607aa,0x2fd5668857d2b8e45d8891f6d34df10c9a101623,0xc49a236d0e90906c937d95b39d7daf0381ff2638a872949bf6f559940d94a740,1785422235,False,0,0x371903abb32f5f69b536b77495e92adedfea25da,True,23391861,1785422178,2026-07-30T14:36:18+00:00,0.2863636363636364,False,6774088737992214756474,1915.57,0.5,957.785,True,True,0.5,957.785,1.0,93563542609633172605149909,False,,,,,,,,,,93563542609633172605149909,False,
0x59466f4c3df086ee2480115a92b81252a97607aa,0x2fd5668857d2b8e45d8891f6d34df10c9a101623,0xc49a236d0e90906c937d95b39d7daf0381ff2638a872949bf6f559940d94a740,1785422235,False,1,0x01eb4528b7619ead9c568a4d6998cefc4770e83f,True,23391871,1785422179,2026-07-30T14:36:19+00:00,0.3015151515151515,False,41357333873529378363420,1915.57,0.5,957.785,True,True,0.5,957.785,1.0,90921859191146848812674898,False,,,,,,,,,,90921859191146848812674898,False,
0x59466f4c3df086ee2480115a92b81252a97607aa,0x2fd5668857d2b8e45d8891f6d34df10c9a101623,0xc49a236d0e90906c937d95b39d7daf0381ff2638a872949bf6f559940d94a740,1785422235,False,2,0xe28601398a5448d1147e6e8b0e0c6d686f0d216d,True,23391916,1785422183,2026-07-30T14:36:23+00:00,0.3696969696969697,False,3512032122473859239838,1915.57,0.5,957.785,True,True,0.5,957.785,1.0,81602881880887178601864730,False,,,,,,,,,,81602881880887178601864730,False,
0x59466f4c3df086ee2480115a92b81252a97607aa,0x2fd5668857d2b8e45d8891f6d34df10c9a101623,0xc49a236d0e90906c937d95b39d7daf0381ff2638a872949bf6f559940d94a740,1785422235,False,3,0x6e99975fe56011de5070360cb3ab4c5ec6328251,True,23391933,1785422185,2026-07-30T14:36:25+00:00,0.39545454545454545,False,41357333873529378363420,1915.57,0.3,574.671,True,True,0.3,574.671,1.0,47839958596766876998713544,False,,,,,,,,,,47839958596766876998713544,False,
0x59466f4c3df086ee2480115a92b81252a97607aa,0x2fd5668857d2b8e45d8891f6d34df10c9a101623,0xc49a236d0e90906c937d95b39d7daf0381ff2638a872949bf6f559940d94a740,1785422235,False,4,0x64cd46175ff7986196c135aa6d885040206733b6,True,23391947,1785422186,2026-07-30T14:36:26+00:00,0.4166666666666667,False,41357333873529378363420,1915.57,0.5,957.785,True,True,0.5,957.785,1.0,78649423126173123480433841,False,,,,,,,,,,78649423126173123480433841,False,
0x59466f4c3df086ee2480115a92b81252a97607aa,0x2fd5668857d2b8e45d8891f6d34df10c9a101623,0xc49a236d0e90906c937d95b39d7daf0381ff2638a872949bf6f559940d94a740,1785422235,False,5,0x921b56c06d972d31061aa1d62d15848c421a5047,True,23391967,1785422188,2026-07-30T14:36:28+00:00,0.44696969696969696,False,426938365839845467845,1915.57,0.4,766.228,True,True,0.0885428608180404,169.61004789721366,0.221357152045101,16431149617041249001228602,True,23411334,0x67dce1e981e23bb3e31695899a1629bab51f21354eab2b39845aaea45f4b1f6e,5.791867973334987,0.5128285598394655,9.32758376e-06,0.5128192322557055,5.79176262792742,0x4337019d937ebcbd73dd750072d86c1ce664b350,17091076.251668673,41545939608914637616176831,False,
0x59466f4c3df086ee2480115a92b81252a97607aa,0x2fd5668857d2b8e45d8891f6d34df10c9a101623,0xc49a236d0e90906c937d95b39d7daf0381ff2638a872949bf6f559940d94a740,1785422235,False,6,0xdb2cbfad7cc0a52d992688e3c9f2e2ad5a6eb626,True,23392150,1785422207,2026-07-30T14:36:47+00:00,0.7242424242424242,False,428175868349526179346,1915.57,0.1,191.557,True,True,0.030642536922071573,58.697924451812646,0.3064253692207157,5686422419160001653645509,True,23394286,0x6f067eef7afd7261fcac7b0de0833662123d3ce168f446cd1df73510e4518f49,5.081345006823738,0.1557053019853804,4.0497627e-06,0.15570125222268041,5.081212845354526,0x1fb07574dc38c0d50703b2e85c010aebb23a745d,11470827.144738168,5686422419160001653645509,False,
0x59466f4c3df086ee2480115a92b81252a97607aa,0x2fd5668857d2b8e45d8891f6d34df10c9a101623,0xc49a236d0e90906c937d95b39d7daf0381ff2638a872949bf6f559940d94a740,1785422235,False,7,0xcd0c022519a6d901c97b18dabef8c8ae3dd8443e,True,23392198,1785422212,2026-07-30T14:36:52+00:00,0.796969696969697,True,428175868349526179346,1915.57,0.01,19.1557,True,True,0.002209052045347078,4.231593826505502,0.2209052045347078,409940048622568824921631,True,23394279,0x7f4a8c631deec9e318850e2903af95067442c4ad39530e2b221d2bfbccbe9918,5.423992882084054,0.011981882570115772,3.9715676e-06,0.011977911002515771,5.422195021500205,0xb62372d6017b48c07c6ea81dfd9ecb2eb6181b8f,1518735.1013206884,409940048622568824921631,False,
0x59466f4c3df086ee2480115a92b81252a97607aa,0x2fd5668857d2b8e45d8891f6d34df10c9a101623,0xc49a236d0e90906c937d95b39d7daf0381ff2638a872949bf6f559940d94a740,1785422235,False,8,0x921b56c06d972d31061aa1d62d15848c421a5047,True,23392281,1785422220,2026-07-30T14:37:00+00:00,0.9227272727272727,True,8186079101537906579115,1915.57,0.2,383.114,True,True,0.2,383.114,1.0,25114789991873388614948229,False,,,,,,,,,,41545939608914637616176831,False,300
0x59466f4c3df086ee2480115a92b81252a97607aa,0x2fd5668857d2b8e45d8891f6d34df10c9a101623,0xc49a236d0e90906c937d95b39d7daf0381ff2638a872949bf6f559940d94a740,1785422235,False,9,0x0053bc8f80e2014e38d240b91127115d7d70cff9,True,23392313,1785422223,2026-07-30T14:37:03+00:00,0.9712121212121212,True,1433027906210263918158,1915.57,0.5,957.785,True,True,0.5,957.785,1.0,59780032518695591406247234,False,,,,,,,,,,59780032518695591406247234,False,
0x6177d4c81f1ec5e1ceccadb790c72a77a3894727,0xb72808e26208a6fa75466e02b36780f90da84400,0x74a5d2182421b83ca2f62cd5b4d80ee812c377a3fb78ad1bcec6853675043652,1783965910,False,0,0xb926a3876cd83f8cb1f478253f03b53477450632,True,8866061,1783965608,2026-07-13T18:00:08+00:00,0.027333333333333334,False,400102220697034904779,1763.09,0.3,528.927,True,True,0.007105181616987428,12.527074657094364,0.02368393872329143,1412165585306496987361460,True,8869499,0x128ee962fa5828b2f91a9f244ddef7d72fe0d9d6c278cffed9d64cb0852a588d,5.211887418280153,0.03703140667417221,9.802430874e-06,0.03702160424329821,5.210507801065223,0x24f5553e41b7a65644c977aa5d06df2028434e6d,1937309.7674197203,1412165585306496987361460,False,
0x6177d4c81f1ec5e1ceccadb790c72a77a3894727,0xb72808e26208a6fa75466e02b36780f90da84400,0x74a5d2182421b83ca2f62cd5b4d80ee812c377a3fb78ad1bcec6853675043652,1783965910,False,1,0x7df035880a2644cc7f7a13ad1cee9ff307cb0885,True,8866062,1783965608,2026-07-13T18:00:08+00:00,0.027666666666666666,False,400102220697034904779,1763.09,0.05,88.1545,True,True,0.001176566941168912,2.074393408305497,0.02353133882337824,233834700799983306808226,True,8869499,0x128ee962fa5828b2f91a9f244ddef7d72fe0d9d6c278cffed9d64cb0852a588d,5.211669954798446,0.00613187857709913,9.802430874e-06,0.00612207614622513,5.203338570895834,0x24f5553e41b7a65644c977aa5d06df2028434e6d,1937309.7674197203,470176634827896970590832,False,
0x6177d4c81f1ec5e1ceccadb790c72a77a3894727,0xb72808e26208a6fa75466e02b36780f90da84400,0x74a5d2182421b83ca2f62cd5b4d80ee812c377a3fb78ad1bcec6853675043652,1783965910,False,2,0xe23f42cd4d88e9e0f843b1516f8fcd6c6e6ebe81,True,8866065,1783965609,2026-07-13T18:00:09+00:00,0.028666666666666667,False,400102220697034904779,1763.09,0.6,1057.854,True,True,0.013843951661883527,24.40813273555023,0.023073252769805878,2751037758896703483024722,True,8869553,0xc392ce15f8ca666f417bbfccdd6b749fc17bb092f4312cf083e46268d5902562,6.401699907482415,0.0886248240730708,1.2064474632e-05,0.08861275959843881,6.400828445711481,0xb38da767dbc72336f7ed30dfae16206e7b3ce7ce,4624634.218521199,8908483770641443881185301,False,
0x6177d4c81f1ec5e1ceccadb790c72a77a3894727,0xb72808e26208a6fa75466e02b36780f90da84400,0x74a5d2182421b83ca2f62cd5b4d80ee812c377a3fb78ad1bcec6853675043652,1783965910,False,3,0xad363004929c5bf5a51849ef7a27052a245b20dd,True,8866068,1783965609,2026-07-13T18:00:09+00:00,0.029666666666666668,False,400102220697034904779,1763.09,0.36290344972808836,639.8314431810953,True,True,0.008206965968598039,14.469619629575515,0.0226147367150884,1630650703884534813384779,True,8869499,0x128ee962fa5828b2f91a9f244ddef7d72fe0d9d6c278cffed9d64cb0852a588d,5.210301988705482,0.04276077110742457,9.802430874e-06,0.04275096867655057,5.209107584962186,0x24f5553e41b7a65644c977aa5d06df2028434e6d,1937309.7674197203,2355331064879059127767074,False,
0x6177d4c81f1ec5e1ceccadb790c72a77a3894727,0xb72808e26208a6fa75466e02b36780f90da84400,0x74a5d2182421b83ca2f62cd5b4d80ee812c377a3fb78ad1bcec6853675043652,1783965910,False,4,0x3b32f61130784200f92452411bed78ec0f115f15,True,8866071,1783965609,2026-07-13T18:00:09+00:00,0.030666666666666665,False,400102220697034904779,1763.09,0.15657378619561352,276.05367670362426,True,True,0.00346901593482916,6.116187304537943,0.022155790053484354,689166190227677353577196,True,8869499,0x128ee962fa5828b2f91a9f244ddef7d72fe0d9d6c278cffed9d64cb0852a588d,5.209574517023709,0.018072097013235172,9.802430874e-06,0.018062294582361173,5.206748807641524,0x24f5553e41b7a65644c977aa5d06df2028434e6d,1937309.7674197203,689166190227677353577196,False,
0x6177d4c81f1ec5e1ceccadb790c72a77a3894727,0xb72808e26208a6fa75466e02b36780f90da84400,0x74a5d2182421b83ca2f62cd5b4d80ee812c377a3fb78ad1bcec6853675043652,1783965910,False,5,0xa556a6cb02c76de7dcc1f145fcf87677e51c1d4d,True,8866094,1783965612,2026-07-13T18:00:12+00:00,0.03833333333333333,False,400102220697034904779,1763.09,0.2,352.618,True,True,0.003724565618660544,6.566744396604219,0.01862282809330272,738968641744670304570751,True,8869499,0x128ee962fa5828b2f91a9f244ddef7d72fe0d9d6c278cffed9d64cb0852a588d,5.202774049982585,0.01937807334822441,9.802430874e-06,0.01936827091735041,5.200142218011391,0x24f5553e41b7a65644c977aa5d06df2028434e6d,1937309.7674197203,3031922347501335812845674,False,
0x6177d4c81f1ec5e1ceccadb790c72a77a3894727,0xb72808e26208a6fa75466e02b36780f90da84400,0x74a5d2182421b83ca2f62cd5b4d80ee812c377a3fb78ad1bcec6853675043652,1783965910,False,6,0xd50f643d011d730b71ee0ed58d7094efb836ce01,True,8866117,1783965614,2026-07-13T18:00:14+00:00,0.046,False,400102220697034904779,1763.09,1.017946408765013,1794.731133829507,True,True,0.015334593385713675,27.036268252417923,0.015064244299773915,3036553145685876161998165,True,8869553,0xc392ce15f8ca666f417bbfccdd6b749fc17bb092f4312cf083e46268d5902562,6.379218190199445,0.09782271706545677,1.2064474632e-05,0.09781065259082478,6.378431441289413,0xb38da767dbc72336f7ed30dfae16206e7b3ce7ce,4624634.218521199,8155532048324290948389665,False,
0x6177d4c81f1ec5e1ceccadb790c72a77a3894727,0xb72808e26208a6fa75466e02b36780f90da84400,0x74a5d2182421b83ca2f62cd5b4d80ee812c377a3fb78ad1bcec6853675043652,1783965910,False,7,0xf0b4b5c7292df68af867e6e565767eb81132087d,True,8866173,1783965620,2026-07-13T18:00:20+00:00,0.06466666666666666,False,427832077577027422932,1763.09,0.5536000873509855,976.0467780076491,True,True,0.15317172398518294,270.0555348410362,0.27668298377285333,29384900045669270757525126,True,8869664,0xce51b2dc9e824ba3d55c97142621a5080c03cb1386af2160fe9c0d0bee90e3aa,7.883704955707704,1.2075606794562792,9.9750645e-06,1.2075507043917793,7.883639832300847,0x4b0cf4f22e3f83c3e73dd6ce399b48a114ae8cb2,37935257.020754024,29384900045669270757525126,False,
0x6177d4c81f1ec5e1ceccadb790c72a77a3894727,0xb72808e26208a6fa75466e02b36780f90da84400,0x74a5d2182421b83ca2f62cd5b4d80ee812c377a3fb78ad1bcec6853675043652,1783965910,False,8,0xa556a6cb02c76de7dcc1f145fcf87677e51c1d4d,True,8866184,1783965621,2026-07-13T18:00:21+00:00,0.06833333333333333,False,404063628822748121658,1763.09,0.1,176.309,True,True,0.003218650441960784,5.674770407716639,0.03218650441960784,634355982154381483503110,True,8869499,0x128ee962fa5828b2f91a9f244ddef7d72fe0d9d6c278cffed9d64cb0852a588d,5.168253561383125,0.01663480160951119,9.802430874e-06,0.01662499917863719,5.165208051766358,0x24f5553e41b7a65644c977aa5d06df2028434e6d,1937309.7674197203,3031922347501335812845674,False,
0x6177d4c81f1ec5e1ceccadb790c72a77a3894727,0xb72808e26208a6fa75466e02b36780f90da84400,0x74a5d2182421b83ca2f62cd5b4d80ee812c377a3fb78ad1bcec6853675043652,1783965910,False,9,0x874a4d88453f572b81a0bae000efe72498df4d88,True,8866186,1783965621,2026-07-13T18:00:21+00:00,0.069,False,404063628822748121658,1763.09,0.2,352.618,True,True,0.00637559659377669,11.240750598521744,0.03187798296888345,1256491379956459832114826,True,8869499,0x128ee962fa5828b2f91a9f244ddef7d72fe0d9d6c278cffed9d64cb0852a588d,5.168009098349973,0.03294914120404703,9.802430874e-06,0.03293933877317303,5.166471606018107,0x24f5553e41b7a65644c977aa5d06df2028434e6d,1937309.7674197203,1256491379956459832114826,False,
0x6177d4c81f1ec5e1ceccadb790c72a77a3894727,0xb72808e26208a6fa75466e02b36780f90da84400,0x74a5d2182421b83ca2f62cd5b4d80ee812c377a3fb78ad1bcec6853675043652,1783965910,False,10,0x69834f6954e64c51d104a8cf81f1a622f3f12973,True,8866211,1783965623,2026-07-13T18:00:23+00:00,0.07733333333333334,False,404063628822748121658,1763.09,0.6,1057.854,True,True,0.016802881016512103,29.624991491402323,0.02800480169418684,3309222137604479320299614,True,8869553,0xc392ce15f8ca666f417bbfccdd6b749fc17bb092f4312cf083e46268d5902562,6.344552620238451,0.1066067627808668,1.2064474632e-05,0.10659469830623479,6.343834619877671,0xb38da767dbc72336f7ed30dfae16206e7b3ce7ce,4624634.218521199,3309222137604479320299614,False,
0x6177d4c81f1ec5e1ceccadb790c72a77a3894727,0xb72808e26208a6fa75466e02b36780f90da84400,0x74a5d2182421b83ca2f62cd5b4d80ee812c377a3fb78ad1bcec6853675043652,1783965910,False,11,0x0db8ee66410784748aa69af9431c39688e45529f,True,8866222,1783965624,2026-07-13T18:00:24+00:00,0.081,False,404063628822748121658,1763.09,0.3564502173045347,628.4538136274521,True,True,0.009371349493466461,16.522532578435783,0.026290766672362582,1844952181469074446188354,True,8869499,0x128ee962fa5828b2f91a9f244ddef7d72fe0d9d6c278cffed9d64cb0852a588d,5.162589165850538,0.048380427364368886,9.802430874e-06,0.048370624933494887,5.161543165924825,0x24f5553e41b7a65644c977aa5d06df2028434e6d,1937309.7674197203,1844952181469074446188354,False,
0x6177d4c81f1ec5e1ceccadb790c72a77a3894727,0xb72808e26208a6fa75466e02b36780f90da84400,0x74a5d2182421b83ca2f62cd5b4d80ee812c377a3fb78ad1bcec6853675043652,1783965910,False,12,0xad363004929c5bf5a51849ef7a27052a245b20dd,True,8866260,1783965628,2026-07-13T18:00:28+00:00,0.09366666666666666,False,404063628822748121658,1763.09,0.18144520050727617,319.90421856237356,True,True,0.003687466756638973,6.501335763962607,0.02032275720895192,724680360994524314382295,True,8869499,0x128ee962fa5828b2f91a9f244ddef7d72fe0d9d6c278cffed9d64cb0852a588d,5.153508115116518,0.019003389854561334,9.802430874e-06,0.018993587423687334,5.150849804812744,0x24f5553e41b7a65644c977aa5d06df2028434e6d,1937309.7674197203,2355331064879059127767074,False,
0x6177d4c81f1ec5e1ceccadb790c72a77a3894727,0xb72808e26208a6fa75466e02b36780f90da84400,0x74a5d2182421b83ca2f62cd5b4d80ee812c377a3fb78ad1bcec6853675043652,1783965910,False,13,0xd50f643d011d730b71ee0ed58d7094efb836ce01,True,8866277,1783965630,2026-07-13T18:00:30+00:00,0.09933333333333333,False,404063628822748121658,1763.09,0.25447684558669026,448.66558168543776,True,True,0.004486199813459209,7.909574029111797,0.017629108075103584,880605864255471910003576,True,8869499,0x128ee962fa5828b2f91a9f244ddef7d72fe0d9d6c278cffed9d64cb0852a588d,5.14739559171526,0.023092245143353753,9.802430874e-06,0.023082442712479754,5.145210572928404,0x24f5553e41b7a65644c977aa5d06df2028434e6d,1937309.7674197203,8155532048324290948389665,False,
0x6177d4c81f1ec5e1ceccadb790c72a77a3894727,0xb72808e26208a6fa75466e02b36780f90da84400,0x74a5d2182421b83ca2f62cd5b4d80ee812c377a3fb78ad1bcec6853675043652,1783965910,False,14,0x6f0f03b663bd8bb97af53af4ed9d1e7c82985460,True,8866289,1783965631,2026-07-13T18:00:31+00:00,0.10333333333333333,False,404063628822748121658,1763.09,1.0991893749868158,1937.969795145505,True,True,0.017277908354818915,30.46250744129768,0.015718773077683868,3387825167611552053897346,True,8869553,0xc392ce15f8ca666f417bbfccdd6b749fc17bb092f4312cf083e46268d5902562,6.316676835393569,0.10913896346893764,1.2064474632e-05,0.10912689899430565,6.315978575257894,0xb38da767dbc72336f7ed30dfae16206e7b3ce7ce,4624634.218521199,3387825167611552053897346,False,
0x6177d4c81f1ec5e1ceccadb790c72a77a3894727,0xb72808e26208a6fa75466e02b36780f90da84400,0x74a5d2182421b83ca2f62cd5b4d80ee812c377a3fb78ad1bcec6853675043652,1783965910,False,15,0xb3414eac847772ad3b4cfb6e98cafafcc3c01be4,True,8866336,1783965636,2026-07-13T18:00:36+00:00,0.119,False,408025036948461338537,1763.09,0.6,1057.854,True,True,0.036887107661463275,65.03529064684929,0.06147851276910546,7198626132341558964195498,True,8869576,0xce9e32984f5b4b89d1f5b8d44a1f0eda2ee4620e0b9c185cd0e309f0fd0513c4,7.238134718924523,0.2669938546451441,9.810066288e-06,0.2669840445788561,7.237868770550961,0x4462f08bd34026569d01b94108ff9d98c873cdf9,8923384.89777431,7198626132341558964195498,False,
0x6177d4c81f1ec5e1ceccadb790c72a77a3894727,0xb72808e26208a6fa75466e02b36780f90da84400,0x74a5d2182421b83ca2f62cd5b4d80ee812c377a3fb78ad1bcec6853675043652,1783965910,False,16,0x7aa3b6895bfd67448f11eb38e7ef2b6f95ad6af8,True,8866374,1783965640,2026-07-13T18:00:40+00:00,0.13166666666666665,False,408025036948461338537,1763.09,0.2,352.618,True,True,0.01097722497431175,19.353835579959302,0.05488612487155875,2140937092643961074785640,True,8869553,0xc392ce15f8ca666f417bbfccdd6b749fc17bb092f4312cf083e46268d5902562,6.283045089356294,0.06897039946960871,1.2064474632e-05,0.06895833499497671,6.281946043407958,0xb38da767dbc72336f7ed30dfae16206e7b3ce7ce,4624634.218521199,2140937092643961074785640,False,
0x6177d4c81f1ec5e1ceccadb790c72a77a3894727,0xb72808e26208a6fa75466e02b36780f90da84400,0x74a5d2182421b83ca2f62cd5b4d80ee812c377a3fb78ad1bcec6853675043652,1783965910,False,17,0x4462f08bd34026569d01b94108ff9d98c873cdf9,True,8866438,1783965646,2026-07-13T18:00:46+00:00,0.153,False,408025036948461338537,1763.09,0.5994286216129832,1056.8466084796344,True,True,0.025180381864637582,44.395279461723874,0.04200730655283111,4902514594326655663228604,True,8869576,0xce9e32984f5b4b89d1f5b8d44a1f0eda2ee4620e0b9c185cd0e309f0fd0513c4,7.221180986504077,0.181832094753833,9.810066288e-06,0.181822284687545,7.220791394863222,0x4462f08bd34026569d01b94108ff9d98c873cdf9,8923384.89777431,8923384897774310686141035,True,
0x6177d4c81f1ec5e1ceccadb790c72a77a3894727,0xb72808e26208a6fa75466e02b36780f90da84400,0x74a5d2182421b83ca2f62cd5b4d80ee812c377a3fb78ad1bcec6853675043652,1783965910,False,18,0x1541486abe975374cb3a8a9feac2b6deea92bc50,True,8866478,1783965650,2026-07-13T18:00:50+00:00,0.16633333333333333,False,408025036948461338537,1763.09,0.2,352.618,True,True,0.0067556551316929,11.910828006136436,0.0337782756584645,1312922357130991786889503,True,8869499,0x128ee962fa5828b2f91a9f244ddef7d72fe0d9d6c278cffed9d64cb0852a588d,5.096313766932238,0.03442893825229295,9.802430874e-06,0.03441913582141895,5.094862770591703,0x24f5553e41b7a65644c977aa5d06df2028434e6d,1937309.7674197203,1312922357130991786889503,False,
0x6177d4c81f1ec5e1ceccadb790c72a77a3894727,0xb72808e26208a6fa75466e02b36780f90da84400,0x74a5d2182421b83ca2f62cd5b4d80ee812c377a3fb78ad1bcec6853675043652,1783965910,False,19,0x8e51f6d507f2c9736c259416eb97e8d8ca34eb84,True,8866492,1783965652,2026-07-13T18:00:52+00:00,0.171,False,408025036948461338537,1763.09,0.3486023643177322,614.6173425049506,True,True,0.010759477712971532,18.96992756096298,0.030864614857186827,2089218973392530566354526,True,8869553,0xc392ce15f8ca666f417bbfccdd6b749fc17bb092f4312cf083e46268d5902562,6.25534987582664,0.06730429757579598,1.2064474632e-05,0.06729223310116399,6.254228587697807,0xb38da767dbc72336f7ed30dfae16206e7b3ce7ce,4624634.218521199,2089218973392530566354526,False,
0x6177d4c81f1ec5e1ceccadb790c72a77a3894727,0xb72808e26208a6fa75466e02b36780f90da84400,0x74a5d2182421b83ca2f62cd5b4d80ee812c377a3fb78ad1bcec6853675043652,1783965910,False,20,0x86f3cabf22e7fcaf23021065f489c0e73fdbd96a,True,8866572,1783965660,2026-07-13T18:01:00+00:00,0.19766666666666666,False,495176015714152109875,1763.09,0.3,528.927,True,True,0.06976004850418831,122.99324391724934,0.232533495013961,13159407325878595332580979,True,8869664,0xce51b2dc9e824ba3d55c97142621a5080c03cb1386af2160fe9c0d0bee90e3aa,7.752009591178797,0.5407805650855657,9.9750645e-06,0.5407705900210658,7.751866600101326,0x4b0cf4f22e3f83c3e73dd6ce399b48a114ae8cb2,37935257.020754024,13159407325878595332580979,False,
0x6177d4c81f1ec5e1ceccadb790c72a77a3894727,0xb72808e26208a6fa75466e02b36780f90da84400,0x74a5d2182421b83ca2f62cd5b4d80ee812c377a3fb78ad1bcec6853675043652,1783965910,False,21,0x0774a5d417e860261aaa0d19ea39fdb662fc52a9,True,8866599,1783965662,2026-07-13T18:01:02+00:00,0.20666666666666667,False,411986445074174555416,1763.09,0.6786892792415997,1196.5902813380721,True,True,0.03264530695039885,57.556614231178706,0.04810051955863852,6322937125823768956491842,True,8869576,0xce9e32984f5b4b89d1f5b8d44a1f0eda2ee4620e0b9c185cd0e309f0fd0513c4,7.183725906843353,0.2345149372764336,9.810066288e-06,0.2345051272101456,7.183425402201051,0x4462f08bd34026569d01b94108ff9d98c873cdf9,8923384.89777431,6322937125823768956491842,False,
0x6177d4c81f1ec5e1ceccadb790c72a77a3894727,0xb72808e26208a6fa75466e02b36780f90da84400,0x74a5d2182421b83ca2f62cd5b4d80ee812c377a3fb78ad1bcec6853675043652,1783965910,False,22,0x878a051559152383fbd35315eb03f3ef5fbf76a6,True,8866671,1783965670,2026-07-13T18:01:10+00:00,0.23066666666666666,False,411986445074174555416,1763.09,0.10260650344053136,180.90450015096644,True,True,0.003322992692386593,5.858735186019878,0.03238579018836298,642788975025904036990819,True,8869499,0x128ee962fa5828b2f91a9f244ddef7d72fe0d9d6c278cffed9d64cb0852a588d,5.07251825923183,0.016855941107424933,9.802430874e-06,0.016846138676550933,5.069568378873544,0x24f5553e41b7a65644c977aa5d06df2028434e6d,1937309.7674197203,1760848402255594207209672,False,
0x6177d4c81f1ec5e1ceccadb790c72a77a3894727,0xb72808e26208a6fa75466e02b36780f90da84400,0x74a5d2182421b83ca2f62cd5b4d80ee812c377a3fb78ad1bcec6853675043652,1783965910,False,23,0x89e44ccf4e9767eb01ba3d54ef14e9c7da7947e8,True,8866679,1783965670,2026-07-13T18:01:10+00:00,0.23333333333333334,False,411986445074174555416,1763.09,0.595992590393335,1050.788576196585,True,True,0.018170037151361087,32.035410801193215,0.03048701853720946,3513890210007163165839368,True,8869553,0xc392ce15f8ca666f417bbfccdd6b749fc17bb092f4312cf083e46268d5902562,6.23004534357981,0.1132001553475093,1.2064474632e-05,0.1131880908728773,6.229381367247154,0xb38da767dbc72336f7ed30dfae16206e7b3ce7ce,4624634.218521199,12420320940360724230897798,False,
0x6177d4c81f1ec5e1ceccadb790c72a77a3894727,0xb72808e26208a6fa75466e02b36780f90da84400,0x74a5d2182421b83ca2f62cd5b4d80ee812c377a3fb78ad1bcec6853675043652,1783965910,False,24,0x8243b9a23d933d33e1db3f6c5544776f19ff296e,True,8866751,1783965678,2026-07-13T18:01:18+00:00,0.25733333333333336,False,411986445074174555416,1763.09,1.2521183932011135,2207.597417868951,True,True,0.01634853984160114,28.823947109328557,0.01305670448607112,3143949969538680799483405,True,8869553,0xc392ce15f8ca666f417bbfccdd6b749fc17bb092f4312cf083e46268d5902562,6.195202280866769,0.10128251131552864,1.2064474632e-05,0.10127044684089663,6.19446432660609,0xb38da767dbc72336f7ed30dfae16206e7b3ce7ce,4624634.218521199,43489007392952230256975419,False,
0x6177d4c81f1ec5e1ceccadb790c72a77a3894727,0xb72808e26208a6fa75466e02b36780f90da84400,0x74a5d2182421b83ca2f62cd5b4d80ee812c377a3fb78ad1bcec6853675043652,1783965910,False,25,0x45827fa9560be11b31978662e8ae3873d8b4373d,True,8866837,1783965686,2026-07-13T18:01:26+00:00,0.286,False,415947853199887772295,1763.09,1.2644669219091724,2229.368985348843,True,True,0.029901091007278346,52.71831454402238,0.023647191151613345,5714356781266558999267177,True,8869576,0xce9e32984f5b4b89d1f5b8d44a1f0eda2ee4620e0b9c185cd0e309f0fd0513c4,7.08813473774284,0.2119429618650997,9.810066288e-06,0.2119331517988117,7.087806653851667,0x4462f08bd34026569d01b94108ff9d98c873cdf9,8923384.89777431,37351861465908758718108046,False,
0x6177d4c81f1ec5e1ceccadb790c72a77a3894727,0xb72808e26208a6fa75466e02b36780f90da84400,0x74a5d2182421b83ca2f62cd5b4d80ee812c377a3fb78ad1bcec6853675043652,1783965910,False,26,0xce7146b7bf05ca5d27cd8c189b98c7129cf71c90,True,8866869,1783965690,2026-07-13T18:01:30+00:00,0.2966666666666667,False,415947853199887772295,1763.09,2.0,3526.18,True,True,0.031217772284965247,55.039742137899374,0.015608886142482624,5946242339993380169627308,True,8869576,0xce9e32984f5b4b89d1f5b8d44a1f0eda2ee4620e0b9c185cd0e309f0fd0513c4,7.0646775340753,0.2205434945254725,9.810066288e-06,0.2205336844591845,7.064363287876101,0x4462f08bd34026569d01b94108ff9d98c873cdf9,8923384.89777431,64895862054928936791683702,False,
0x6177d4c81f1ec5e1ceccadb790c72a77a3894727,0xb72808e26208a6fa75466e02b36780f90da84400,0x74a5d2182421b83ca2f62cd5b4d80ee812c377a3fb78ad1bcec6853675043652,1783965910,False,27,0xd0551c3dca4b82ad9e27512f8a9f7e83f5a609cc,True,8866984,1783965701,2026-07-13T18:01:41+00:00,0.335,False,419909261325600989174,1763.09,0.11305726547680162,199.33013418949417,True,True,0.005643891406268115,9.95068849947725,0.04992064315783574,1069564711506904681021105,True,8869552,0x69784253a75f94a0335a4797d0a9f83edf9b98aa76b591568c16a6e23a3b5479,6.301174941928016,0.03556314710413952,1.2983593602e-05,0.03555016351053752,6.298874473568972,0xeee4e6c364174a2730a5038d5a9bca52223437ed,1918802.4946206058,1069564711506904681021105,False,
0x6177d4c81f1ec5e1ceccadb790c72a77a3894727,0xb72808e26208a6fa75466e02b36780f90da84400,0x74a5d2182421b83ca2f62cd5b4d80ee812c377a3fb78ad1bcec6853675043652,1783965910,False,28,0x97cc37537739e8ac9596e529b9121ebcd10730eb,True,8866985,1783965701,2026-07-13T18:01:41+00:00,0.3353333333333333,False,419909261325600989174,1763.09,0.22436477572437852,395.5752924318945,True,True,0.011140538623288053,19.641772241332934,0.04965368822855543,2111164402236214099697266,True,8869553,0xc392ce15f8ca666f417bbfccdd6b749fc17bb092f4312cf083e46268d5902562,6.104845825131502,0.06801127070409632,1.2064474632e-05,0.06799920622946432,6.103762890540998,0xb38da767dbc72336f7ed30dfae16206e7b3ce7ce,4624634.218521199,2111164402236214099697266,False,
0x6177d4c81f1ec5e1ceccadb790c72a77a3894727,0xb72808e26208a6fa75466e02b36780f90da84400,0x74a5d2182421b83ca2f62cd5b4d80ee812c377a3fb78ad1bcec6853675043652,1783965910,False,29,0x755273aa4a8ed3f514328701d2f139e5f8c04728,True,8866995,1783965702,2026-07-13T18:01:42+00:00,0.33866666666666667,False,419909261325600989174,1763.09,0.9307341710744245,1640.9681096796069,True,True,0.043722042442283046,77.08589580956482,0.046975864646519885,8282901428669384312363996,True,8869576,0xce9e32984f5b4b89d1f5b8d44a1f0eda2ee4620e0b9c185cd0e309f0fd0513c4,7.026413404999718,0.30720914511042424,9.810066288e-06,0.3071993350441362,7.026189031531783,0x4462f08bd34026569d01b94108ff9d98c873cdf9,8923384.89777431,9819815430791110765588798,False,
0x6177d4c81f1ec5e1ceccadb790c72a77a3894727,0xb72808e26208a6fa75466e02b36780f90da84400,0x74a5d2182421b83ca2f62cd5b4d80ee812c377a3fb78ad1bcec6853675043652,1783965910,False,30,0xd50f643d011d730b71ee0ed58d7094efb836ce01,True,8867018,1783965705,2026-07-13T18:01:45+00:00,0.3463333333333333,False,590249810731269314971,1763.09,0.06360832971068357,112.14721002960908,True,True,0.026069031306120427,45.962048405507865,0.4098367529015922,4238373038382942876387924,True,8869553,0xc392ce15f8ca666f417bbfccdd6b749fc17bb092f4312cf083e46268d5902562,5.2376095464516,0.13653940723568198,1.2064474632e-05,0.13652734276104997,5.237146756925963,0xb38da767dbc72336f7ed30dfae16206e7b3ce7ce,4624634.218521199,8155532048324290948389665,False,
0x6177d4c81f1ec5e1ceccadb790c72a77a3894727,0xb72808e26208a6fa75466e02b36780f90da84400,0x74a5d2182421b83ca2f62cd5b4d80ee812c377a3fb78ad1bcec6853675043652,1783965910,False,31,0x8001033ca4b8669c40e9d8b272601576ba452687,True,8867066,1783965709,2026-07-13T18:01:49+00:00,0.36233333333333334,False,419909261325600989174,1763.09,1.5366781142196386,2709.3018163995025,True,True,0.042290185376861425,74.5614029360906,0.027520522994067223,7979280259785173941735486,True,8869576,0xce9e32984f5b4b89d1f5b8d44a1f0eda2ee4620e0b9c185cd0e309f0fd0513c4,6.9980296328104385,0.2959479704443229,9.810066288e-06,0.29593816037803494,6.997797662527013,0x4462f08bd34026569d01b94108ff9d98c873cdf9,8923384.89777431,42426220374109063560770727,False,
0x6177d4c81f1ec5e1ceccadb790c72a77a3894727,0xb72808e26208a6fa75466e02b36780f90da84400,0x74a5d2182421b83ca2f62cd5b4d80ee812c377a3fb78ad1bcec6853675043652,1783965910,False,32,0xa556a6cb02c76de7dcc1f145fcf87677e51c1d4d,True,8867167,1783965720,2026-07-13T18:02:00+00:00,0.396,False,431793485702740639811,1763.09,0.1,176.309,True,True,0.008828129162026853,15.564786244277924,0.08828129162026853,1658597723602284024771813,True,8869552,0x69784253a75f94a0335a4797d0a9f83edf9b98aa76b591568c16a6e23a3b5479,6.2469137092040325,0.05514856108888946,1.2983593602e-05,0.05513557749528746,6.245443001949562,0xeee4e6c364174a2730a5038d5a9bca52223437ed,1918802.4946206058,3031922347501335812845674,False,
0x6177d4c81f1ec5e1ceccadb790c72a77a3894727,0xb72808e26208a6fa75466e02b36780f90da84400,0x74a5d2182421b83ca2f62cd5b4d80ee812c377a3fb78ad1bcec6853675043652,1783965910,False,33,0x1aa3e58fee07aeddfb6aaf7fe5f82f961de1d824,True,8867174,1783965720,2026-07-13T18:02:00+00:00,0.3983333333333333,False,423870669451314206053,1763.09,0.10378058438859039,182.97451052967983,True,True,0.008121699857001258,14.319287800880348,0.078258374674311,1526513612772161637222284,True,8869552,0x69784253a75f94a0335a4797d0a9f83edf9b98aa76b591568c16a6e23a3b5479,6.249522935237424,0.05075674952944387,1.2983593602e-05,0.05074376593584187,6.247924305168522,0xeee4e6c364174a2730a5038d5a9bca52223437ed,1918802.4946206058,1526513612772161637222284,False,
0x6177d4c81f1ec5e1ceccadb790c72a77a3894727,0xb72808e26208a6fa75466e02b36780f90da84400,0x74a5d2182421b83ca2f62cd5b4d80ee812c377a3fb78ad1bcec6853675043652,1783965910,False,34,0x7df035880a2644cc7f7a13ad1cee9ff307cb0885,True,8867227,1783965726,2026-07-13T18:02:06+00:00,0.416,False,423870669451314206053,1763.09,0.02,35.2618,True,True,0.001258720518979711,2.219237559807939,0.06293602594898555,236341934027913663782606,True,8869552,0x69784253a75f94a0335a4797d0a9f83edf9b98aa76b591568c16a6e23a3b5479,6.243161848107098,0.007858395921523698,1.2983593602e-05,0.007845412327921698,6.232846934346477,0xeee4e6c364174a2730a5038d5a9bca52223437ed,1918802.4946206058,470176634827896970590832,False,
0x6177d4c81f1ec5e1ceccadb790c72a77a3894727,0xb72808e26208a6fa75466e02b36780f90da84400,0x74a5d2182421b83ca2f62cd5b4d80ee812c377a3fb78ad1bcec6853675043652,1783965910,False,35,0x18f2c6f0151101f2f7064676ac3949e2fff005e8,True,8867241,1783965727,2026-07-13T18:02:07+00:00,0.4206666666666667,False,423870669451314206053,1763.09,0.3,528.927,True,True,0.017634886301227334,31.0918916888309,0.05878295433742444,3309972866727051924110351,True,8869553,0xc392ce15f8ca666f417bbfccdd6b749fc17bb092f4312cf083e46268d5902562,6.046591156704111,0.10663094755848367,1.2064474632e-05,0.10661888308385166,6.045907031248131,0xb38da767dbc72336f7ed30dfae16206e7b3ce7ce,4624634.218521199,3309972866727051924110351,False,
0x6177d4c81f1ec5e1ceccadb790c72a77a3894727,0xb72808e26208a6fa75466e02b36780f90da84400,0x74a5d2182421b83ca2f62cd5b4d80ee812c377a3fb78ad1bcec6853675043652,1783965910,False,36,0x8243b9a23d933d33e1db3f6c5544776f19ff296e,True,8867282,1783965731,2026-07-13T18:02:11+00:00,0.43433333333333335,False,423870669451314206053,1763.09,0.6260521693484568,1103.7863192565706,True,True,0.029052473565361354,51.222125618352955,0.04640583482938293,5444886017784397210286823,True,8869576,0xce9e32984f5b4b89d1f5b8d44a1f0eda2ee4620e0b9c185cd0e309f0fd0513c4,6.951160635401115,0.20194841060857133,9.810066288e-06,0.20193860054228333,6.950822968239455,0x4462f08bd34026569d01b94108ff9d98c873cdf9,8923384.89777431,43489007392952230256975419,False,
0x6177d4c81f1ec5e1ceccadb790c72a77a3894727,0xb72808e26208a6fa75466e02b36780f90da84400,0x74a5d2182421b83ca2f62cd5b4d80ee812c377a3fb78ad1bcec6853675043652,1783965910,False,37,0x6fda9f37bf115cf6cde4235f6bbc6fec818b9c04,True,8867323,1783965735,2026-07-13T18:02:15+00:00,0.448,False,495176015714152109875,1763.09,0.28,493.6652,True,True,0.016211052845874246,28.581545162032423,0.05789661730669373,2911964484179683417660187,True,8869553,0xc392ce15f8ca666f417bbfccdd6b749fc17bb092f4312cf083e46268d5902562,5.786736232722741,0.0938090868738036,1.2064474632e-05,0.09379702239917159,5.7859920198238814,0xb38da767dbc72336f7ed30dfae16206e7b3ce7ce,4624634.218521199,2911964484179683417660187,False,
0x6177d4c81f1ec5e1ceccadb790c72a77a3894727,0xb72808e26208a6fa75466e02b36780f90da84400,0x74a5d2182421b83ca2f62cd5b4d80ee812c377a3fb78ad1bcec6853675043652,1783965910,False,38,0x16fe0ba7783ce3d86f789b038f137fde58540bb4,True,8867405,1783965743,2026-07-13T18:02:23+00:00,0.47533333333333333,False,427832077577027422932,1763.09,0.2,352.618,True,True,0.003199313168744018,5.640677054680891,0.01599656584372009,598002461447479828541624,True,8869552,0x69784253a75f94a0335a4797d0a9f83edf9b98aa76b591568c16a6e23a3b5479,6.214974320124714,0.019883649185780897,1.2983593602e-05,0.0198706655921789,6.210916076083823,0xeee4e6c364174a2730a5038d5a9bca52223437ed,1918802.4946206058,598002461447479828541624,False,
0x6177d4c81f1ec5e1ceccadb790c72a77a3894727,0xb72808e26208a6fa75466e02b36780f90da84400,0x74a5d2182421b83ca2f62cd5b4d80ee812c377a3fb78ad1bcec6853675043652,1783965910,False,39,0xce7146b7bf05ca5d27cd8c189b98c7129cf71c90,True,8867452,1783965748,2026-07-13T18:02:28+00:00,0.491,False,503098831965578543633,1763.09,2.0,3526.18,True,True,0.37187184927472067,655.6435387377672,0.18593592463736033,58949619714935556622056394,False,,,,,,,,,,64895862054928936791683702,False,
0x6177d4c81f1ec5e1ceccadb790c72a77a3894727,0xb72808e26208a6fa75466e02b36780f90da84400,0x74a5d2182421b83ca2f62cd5b4d80ee812c377a3fb78ad1bcec6853675043652,1783965910,False,40,0x1f10324b71c85f9a8cdb80613a3a3ffff543dfb6,True,8867587,1783965762,2026-07-13T18:02:42+00:00,0.536,False,499137423839865326754,1763.09,0.2,352.618,True,True,0.011373821523430677,20.053070989745393,0.056869107617153386,1805368495782647032203325,True,8869552,0x69784253a75f94a0335a4797d0a9f83edf9b98aa76b591568c16a6e23a3b5479,5.277795652804322,0.06002870579213466,1.2983593602e-05,0.060015722198532656,5.276654119716674,0xeee4e6c364174a2730a5038d5a9bca52223437ed,1918802.4946206058,1805368495782647032203325,False,
0x6177d4c81f1ec5e1ceccadb790c72a77a3894727,0xb72808e26208a6fa75466e02b36780f90da84400,0x74a5d2182421b83ca2f62cd5b4d80ee812c377a3fb78ad1bcec6853675043652,1783965910,False,41,0xe4adbf7cca8da113e9d214b62eb9f867dc46a086,True,8867754,1783965779,2026-07-13T18:02:59+00:00,0.5916666666666667,False,503098831965578543633,1763.09,0.2,352.618,True,True,0.017727446586872236,31.25508380284857,0.08863723293436118,2791723871948383696206683,True,8869553,0xc392ce15f8ca666f417bbfccdd6b749fc17bb092f4312cf083e46268d5902562,5.073236513465701,0.08993552931503314,1.2064474632e-05,0.08992346484040115,5.0725559600327585,0xb38da767dbc72336f7ed30dfae16206e7b3ce7ce,4624634.218521199,2791723871948383696206683,False,
0x6177d4c81f1ec5e1ceccadb790c72a77a3894727,0xb72808e26208a6fa75466e02b36780f90da84400,0x74a5d2182421b83ca2f62cd5b4d80ee812c377a3fb78ad1bcec6853675043652,1783965910,False,42,0x8001033ca4b8669c40e9d8b272601576ba452687,True,8867867,1783965790,2026-07-13T18:03:10+00:00,0.6293333333333333,False,606095443234122182487,1763.09,0.7683319768061323,1354.6384249871237,True,True,0.24540317119413688,432.6678771006708,0.3193973160068772,34446940114323889619035241,True,8869664,0xce51b2dc9e824ba3d55c97142621a5080c03cb1386af2160fe9c0d0bee90e3aa,5.768398095766636,1.415583185411353,9.9750645e-06,1.415573210346853,5.768357448107311,0x4b0cf4f22e3f83c3e73dd6ce399b48a114ae8cb2,37935257.020754024,42426220374109063560770727,False,
0x6177d4c81f1ec5e1ceccadb790c72a77a3894727,0xb72808e26208a6fa75466e02b36780f90da84400,0x74a5d2182421b83ca2f62cd5b4d80ee812c377a3fb78ad1bcec6853675043652,1783965910,False,43,0x755273aa4a8ed3f514328701d2f139e5f8c04728,True,8868029,1783965806,2026-07-13T18:03:26+00:00,0.6833333333333333,False,507060240091291760512,1763.09,0.4653599271838082,820.4714340185004,True,True,0.009759403913472964,17.206707445805048,0.020971732509357615,1536914002121726453224802,True,8869552,0x69784253a75f94a0335a4797d0a9f83edf9b98aa76b591568c16a6e23a3b5479,5.236238206719249,0.051102563646532484,1.2983593602e-05,0.05108958005293048,5.234907839238088,0xeee4e6c364174a2730a5038d5a9bca52223437ed,1918802.4946206058,9819815430791110765588798,False,
0x6177d4c81f1ec5e1ceccadb790c72a77a3894727,0xb72808e26208a6fa75466e02b36780f90da84400,0x74a5d2182421b83ca2f62cd5b4d80ee812c377a3fb78ad1bcec6853675043652,1783965910,False,44,0xc4aff972b86b3013692dc63e155948e45e4d033a,True,8868034,1783965807,2026-07-13T18:03:27+00:00,0.685,False,507060240091291760512,1763.09,0.2,352.618,True,True,0.003737015968249056,6.588695483460228,0.01868507984124528,588506451692764663504198,True,8869552,0x69784253a75f94a0335a4797d0a9f83edf9b98aa76b591568c16a6e23a3b5479,5.236238206719248,0.019567905792065632,1.2983593602e-05,0.019554922198463633,5.232763885573095,0xeee4e6c364174a2730a5038d5a9bca52223437ed,1918802.4946206058,588506451692764663504198,False,
0x6177d4c81f1ec5e1ceccadb790c72a77a3894727,0xb72808e26208a6fa75466e02b36780f90da84400,0x74a5d2182421b83ca2f62cd5b4d80ee812c377a3fb78ad1bcec6853675043652,1783965910,False,45,0x41ebf068339c46ff5802915fa40b47389c4961b1,True,8868074,1783965811,2026-07-13T18:03:31+00:00,0.6983333333333334,False,586288402605556098092,1763.09,2.0,3526.18,True,True,0.07738755285432393,136.44122056192998,0.038693776427161965,10457777412746476439576241,True,8869664,0xce51b2dc9e824ba3d55c97142621a5080c03cb1386af2160fe9c0d0bee90e3aa,5.553324168147029,0.42975816757967267,9.9750645e-06,0.42974819251517266,5.553195270615939,0x4b0cf4f22e3f83c3e73dd6ce399b48a114ae8cb2,37935257.020754024,10457777412746476439576241,False,
0x6177d4c81f1ec5e1ceccadb790c72a77a3894727,0xb72808e26208a6fa75466e02b36780f90da84400,0x74a5d2182421b83ca2f62cd5b4d80ee812c377a3fb78ad1bcec6853675043652,1783965910,False,46,0x12391d87410b85ed64ebeeaf06580388e4456bb9,True,8868159,1783965819,2026-07-13T18:03:39+00:00,0.7266666666666667,False,590249810731269314971,1763.09,0.20731360808790178,365.5125492836987,True,True,0.01914705467648609,33.75798062956586,0.09235792504449426,2577674664576927660341451,True,8869664,0xce51b2dc9e824ba3d55c97142621a5080c03cb1386af2160fe9c0d0bee90e3aa,5.5323655821571895,0.1059285062918735,9.9750645e-06,0.1059185312273735,5.531844610933754,0x4b0cf4f22e3f83c3e73dd6ce399b48a114ae8cb2,37935257.020754024,2577674664576927660341451,False,
0x6177d4c81f1ec5e1ceccadb790c72a77a3894727,0xb72808e26208a6fa75466e02b36780f90da84400,0x74a5d2182421b83ca2f62cd5b4d80ee812c377a3fb78ad1bcec6853675043652,1783965910,False,47,0xc2b2caf758f2e735dc79b81da266661fda2a24af,True,8868187,1783965822,2026-07-13T18:03:42+00:00,0.736,False,590249810731269314971,1763.09,0.1,176.309,True,True,0.007933265817189058,13.987061629627856,0.07933265817189059,1067285021172452656409674,True,8869568,0x162a4706a39daf4a3be9d756867359b8ee95eeeb1653f314c394e8f9fc0ddaea,5.223856018404296,0.04144223838472414,1.0074921596e-05,0.041432163463128134,5.222586059496053,0x98140e22e10f74ed59da9ff31f94486f961d0e53,1757859.9169707075,1067285021172452656409674,False,
0x6177d4c81f1ec5e1ceccadb790c72a77a3894727,0xb72808e26208a6fa75466e02b36780f90da84400,0x74a5d2182421b83ca2f62cd5b4d80ee812c377a3fb78ad1bcec6853675043652,1783965910,False,48,0xd131a3f2ca82fb0301c38d2a2541975e2b449e87,True,8868191,1783965822,2026-07-13T18:03:42+00:00,0.7373333333333333,False,590249810731269314971,1763.09,0.056784138760698544,100.11554720759999,True,True,0.00439743896256393,7.753080660506839,0.07744132531613718,591529830153731269968865,True,8869568,0x162a4706a39daf4a3be9d756867359b8ee95eeeb1653f314c394e8f9fc0ddaea,5.223235659878878,0.022968860001404696,1.0074921596e-05,0.022958785079808697,5.220944571433587,0x98140e22e10f74ed59da9ff31f94486f961d0e53,1757859.9169707075,591529830153731269968865,False,
0x6177d4c81f1ec5e1ceccadb790c72a77a3894727,0xb72808e26208a6fa75466e02b36780f90da84400,0x74a5d2182421b83ca2f62cd5b4d80ee812c377a3fb78ad1bcec6853675043652,1783965910,False,49,0x45827fa9560be11b31978662e8ae3873d8b4373d,True,8868205,1783965824,2026-07-13T18:03:44+00:00,0.742,False,657593748868394001914,1763.09,0.6322176752550093,1114.6566610653542,True,True,0.24136752634701897,425.55267202716567,0.3817791494830665,31637504684642199718840869,True,8869664,0xce51b2dc9e824ba3d55c97142621a5080c03cb1386af2160fe9c0d0bee90e3aa,5.386518158123848,1.300130563449654,9.9750645e-06,1.300120588385154,5.38647683083906,0x4b0cf4f22e3f83c3e73dd6ce399b48a114ae8cb2,37935257.020754024,37351861465908758718108046,False,
0x6177d4c81f1ec5e1ceccadb790c72a77a3894727,0xb72808e26208a6fa75466e02b36780f90da84400,0x74a5d2182421b83ca2f62cd5b4d80ee812c377a3fb78ad1bcec6853675043652,1783965910,False,50,0xbf72e47a54f3632e0ef20491d3d1ad6e43100b94,True,8868210,1783965824,2026-07-13T18:03:44+00:00,0.7436666666666667,False,590249810731269314971,1763.09,0.2,352.618,True,True,0.013670065834459297,24.101556372076843,0.06835032917229648,1837636351103945678182296,True,8869630,0xda53a244cf034d1a0b9c5d48a57972c8f79cacdc1d85a127961fcf4ef7c3cd33,6.26977224149037,0.0857081993082388,9.69568632e-06,0.08569850362191879,6.269062977435798,0x4f2e667a65fe97abf0f70fae226f796936ff2c3f,2119356.22274902,1837636351103945678182296,False,
0x6177d4c81f1ec5e1ceccadb790c72a77a3894727,0xb72808e26208a6fa75466e02b36780f90da84400,0x74a5d2182421b83ca2f62cd5b4d80ee812c377a3fb78ad1bcec6853675043652,1783965910,False,51,0x878a051559152383fbd35315eb03f3ef5fbf76a6,True,8868239,1783965827,2026-07-13T18:03:47+00:00,0.7533333333333333,True,590249810731269314971,1763.09,0.15389770244319703,271.3355002005763,True,True,0.008329542732861192,14.685733496880239,0.05412389269382101,1118059427229690170218853,True,8869568,0x162a4706a39daf4a3be9d756867359b8ee95eeeb1653f314c394e8f9fc0ddaea,5.212025327214922,0.043413787687791534,1.0074921596e-05,0.043403712766195535,5.210815786437101,0x98140e22e10f74ed59da9ff31f94486f961d0e53,1757859.9169707075,1760848402255594207209672,False,300
0x6177d4c81f1ec5e1ceccadb790c72a77a3894727,0xb72808e26208a6fa75466e02b36780f90da84400,0x74a5d2182421b83ca2f62cd5b4d80ee812c377a3fb78ad1bcec6853675043652,1783965910,False,52,0x8243b9a23d933d33e1db3f6c5544776f19ff296e,True,8868330,1783965836,2026-07-13T18:03:56+00:00,0.7836666666666666,True,677400789496960086309,1763.09,0.3130189827054954,551.8806382182319,True,True,0.28621586909256436,504.62433663840926,0.9143722422797955,34900171405629152247205191,True,8869664,0xce51b2dc9e824ba3d55c97142621a5080c03cb1386af2160fe9c0d0bee90e3aa,5.010932999830934,1.4342085435112213,9.9750645e-06,1.4341985684467213,5.010898148288525,0x4b0cf4f22e3f83c3e73dd6ce399b48a114ae8cb2,37935257.020754024,43489007392952230256975419,False,
0x6177d4c81f1ec5e1ceccadb790c72a77a3894727,0xb72808e26208a6fa75466e02b36780f90da84400,0x74a5d2182421b83ca2f62cd5b4d80ee812c377a3fb78ad1bcec6853675043652,1783965910,False,53,0xbc48821932bada751e4fc2ca26a87901e5b5caa6,True,8868383,1783965842,2026-07-13T18:04:02+00:00,0.8013333333333333,True,594211218856982531850,1763.09,0.2,352.618,True,True,0.012873530171514524,22.697192310095545,0.06436765085757262,1718975973273950475776227,True,8869568,0x162a4706a39daf4a3be9d756867359b8ee95eeeb1653f314c394e8f9fc0ddaea,5.184835015499225,0.06674713000635425,1.0074921596e-05,0.06673705508475825,5.184052407973412,0x98140e22e10f74ed59da9ff31f94486f961d0e53,1757859.9169707075,1718975973273950475776227,False,
0x6177d4c81f1ec5e1ceccadb790c72a77a3894727,0xb72808e26208a6fa75466e02b36780f90da84400,0x74a5d2182421b83ca2f62cd5b4d80ee812c377a3fb78ad1bcec6853675043652,1783965910,False,54,0x3eb9abf21f69cc329b2e606e1b9302a1b3e79c19,True,8868407,1783965844,2026-07-13T18:04:04+00:00,0.8093333333333333,True,756628952011224423889,1763.09,0.1,176.309,True,True,0.1,176.309,1.0,12093257223327346275132679,False,,,,,,,,,,70686229487073272881713957,False,
0x6177d4c81f1ec5e1ceccadb790c72a77a3894727,0xb72808e26208a6fa75466e02b36780f90da84400,0x74a5d2182421b83ca2f62cd5b4d80ee812c377a3fb78ad1bcec6853675043652,1783965910,False,55,0x89e44ccf4e9767eb01ba3d54ef14e9c7da7947e8,True,8868497,1783965853,2026-07-13T18:04:13+00:00,0.8393333333333334,True,637786708239827917519,1763.09,0.29798919183914946,525.381764239686,True,True,0.06824855867913694,120.32835132159956,0.22903031569002877,8906430730353561065058430,True,8869664,0xce51b2dc9e824ba3d55c97142621a5080c03cb1386af2160fe9c0d0bee90e3aa,5.36284142964918,0.36600619799831874,9.9750645e-06,0.3659962229338187,5.362695271771372,0x4b0cf4f22e3f83c3e73dd6ce399b48a114ae8cb2,37935257.020754024,12420320940360724230897798,False,500
0x6177d4c81f1ec5e1ceccadb790c72a77a3894727,0xb72808e26208a6fa75466e02b36780f90da84400,0x74a5d2182421b83ca2f62cd5b4d80ee812c377a3fb78ad1bcec6853675043652,1783965910,False,56,0x419c2919847346417693527402a0da1fe60c4ee4,True,8868568,1783965860,2026-07-13T18:04:20+00:00,0.863,True,610056851359835399366,1763.09,0.05,88.1545,True,True,0.00736493586944836,12.985044782065708,0.1472987173889672,962057339786730804888148,True,8869568,0x162a4706a39daf4a3be9d756867359b8ee95eeeb1653f314c394e8f9fc0ddaea,5.07218140933369,0.03735629079795083,1.0074921596e-05,0.03734621587635483,5.070813451516461,0x98140e22e10f74ed59da9ff31f94486f961d0e53,1757859.9169707075,962057339786730804888148,False,100
0x6177d4c81f1ec5e1ceccadb790c72a77a3894727,0xb72808e26208a6fa75466e02b36780f90da84400,0x74a5d2182421b83ca2f62cd5b4d80ee812c377a3fb78ad1bcec6853675043652,1783965910,False,57,0xe23f42cd4d88e9e0f843b1516f8fcd6c6e6ebe81,True,8868608,1783965864,2026-07-13T18:04:24+00:00,0.8763333333333333,True,610056851359835399366,1763.09,0.38,669.9742,True,True,0.047145037054817394,83.12094338097799,0.12406588698636156,6157446011744740398160579,True,8869664,0xce51b2dc9e824ba3d55c97142621a5080c03cb1386af2160fe9c0d0bee90e3aa,5.367219744971125,0.25303777375801123,9.9750645e-06,0.2530277986935113,5.3670081624775445,0x4b0cf4f22e3f83c3e73dd6ce399b48a114ae8cb2,37935257.020754024,8908483770641443881185301,False,
0x6177d4c81f1ec5e1ceccadb790c72a77a3894727,0xb72808e26208a6fa75466e02b36780f90da84400,0x74a5d2182421b83ca2f62cd5b4d80ee812c377a3fb78ad1bcec6853675043652,1783965910,False,58,0x4462f08bd34026569d01b94108ff9d98c873cdf9,True,8868766,1783965880,2026-07-13T18:04:40+00:00,0.929,True,653632340742680785035,1763.09,0.29970717911775957,528.4107304307307,True,True,0.03164791284500408,55.79811865789824,0.10559611197224317,4020870303447655022912431,True,8869664,0xce51b2dc9e824ba3d55c97142621a5080c03cb1386af2160fe9c0d0bee90e3aa,5.221072648118597,0.16523605212509201,9.9750645e-06,0.165226077060592,5.220757459418829,0x4b0cf4f22e3f83c3e73dd6ce399b48a114ae8cb2,37935257.020754024,8923384897774310686141035,False,
0x6177d4c81f1ec5e1ceccadb790c72a77a3894727,0xb72808e26208a6fa75466e02b36780f90da84400,0x74a5d2182421b83ca2f62cd5b4d80ee812c377a3fb78ad1bcec6853675043652,1783965910,False,59,0x3eb9abf21f69cc329b2e606e1b9302a1b3e79c19,True,8868858,1783965890,2026-07-13T18:04:50+00:00,0.9596666666666667,True,1679637045302403956696,1763.09,0.5,881.545,True,True,0.5,881.545,1.0,58592972263745926606581278,False,,,,,,,,,,70686229487073272881713957,False,
0x6177d4c81f1ec5e1ceccadb790c72a77a3894727,0xb72808e26208a6fa75466e02b36780f90da84400,0x74a5d2182421b83ca2f62cd5b4d80ee812c377a3fb78ad1bcec6853675043652,1783965910,False,60,0x4b0cf4f22e3f83c3e73dd6ce399b48a114ae8cb2,True,8868922,1783965896,2026-07-13T18:04:56+00:00,0.981,True,677400789496960086309,1763.09,0.7452390814118943,1313.9235720464967,True,True,0.6486928950548938,1143.7039563423327,0.8704493782396802,75870514041508047762560415,False,,,,,,,,,,75870514041508047762560415,False,
0x79683ab428934e6bc51d5a9095dbd66052640e8e,0x678f0fda6312f474a6eb407ca1d004948478760e,0x204519d0c39a3ba6499dce41ce46f8be1fd5fde1c3053966b09c27e3cdf335b6,1784045468,False,0,0xc54ffcdeec010ef5ca5314a2d0fd9bfe9d93f2d2,True,9661852,1784045356,2026-07-14T16:09:16+00:00,0.125,False,49043817159579910230201,1872.66,0.3,561.798,True,True,0.3,561.798,1.0,80897721878890434672705021,False,,,,,,,,,,80897721878890434672705021,False,
0x79683ab428934e6bc51d5a9095dbd66052640e8e,0x678f0fda6312f474a6eb407ca1d004948478760e,0x204519d0c39a3ba6499dce41ce46f8be1fd5fde1c3053966b09c27e3cdf335b6,1784045468,False,1,0x371903abb32f5f69b536b77495e92adedfea25da,True,9661891,1784045360,2026-07-14T16:09:20+00:00,0.1575,False,42388651508381705876001,1872.66,0.3,561.798,False,False,,,,,False,,,,,,,,,,,False,
0x79683ab428934e6bc51d5a9095dbd66052640e8e,0x678f0fda6312f474a6eb407ca1d004948478760e,0x204519d0c39a3ba6499dce41ce46f8be1fd5fde1c3053966b09c27e3cdf335b6,1784045468,False,2,0xe28601398a5448d1147e6e8b0e0c6d686f0d216d,True,9661912,1784045362,2026-07-14T16:09:22+00:00,0.175,False,2891827931770648320575,1872.66,0.3,561.798,True,True,0.3,561.798,1.0,78659494989768349835258502,False,,,,,,,,,,78659494989768349835258502,False,
0x79683ab428934e6bc51d5a9095dbd66052640e8e,0x678f0fda6312f474a6eb407ca1d004948478760e,0x204519d0c39a3ba6499dce41ce46f8be1fd5fde1c3053966b09c27e3cdf335b6,1784045468,False,3,0x73ae2419bc96b9146f3dfd991ceccfb7a5f72a4a,True,9661914,1784045362,2026-07-14T16:09:22+00:00,0.17666666666666667,False,42388651508381705876001,1872.66,0.3,561.798,True,True,0.3,561.798,1.0,78582105308758582797228967,False,,,,,,,,,,78582105308758582797228967,False,
0x79683ab428934e6bc51d5a9095dbd66052640e8e,0x678f0fda6312f474a6eb407ca1d004948478760e,0x204519d0c39a3ba6499dce41ce46f8be1fd5fde1c3053966b09c27e3cdf335b6,1784045468,False,4,0x94511a976b755e8d174138a1e6ef298998c0e2dc,True,9661942,1784045365,2026-07-14T16:09:25+00:00,0.2,False,42388651508381705876001,1872.66,0.25,468.165,True,True,0.25,468.165,1.0,64892290826026706246995289,False,,,,,,,,,,64892290826026706246995289,False,
0x79683ab428934e6bc51d5a9095dbd66052640e8e,0x678f0fda6312f474a6eb407ca1d004948478760e,0x204519d0c39a3ba6499dce41ce46f8be1fd5fde1c3053966b09c27e3cdf335b6,1784045468,False,5,0x06ff3f1a370c7e26d9c67dc334afb264ca41a611,True,9662039,1784045375,2026-07-14T16:09:35+00:00,0.2808333333333333,False,42388651508381705876001,1872.66,0.15,280.899,True,True,0.15,280.899,1.0,38190936332377177377052294,False,,,,,,,,,,38190936332377177377052294,False,
0x79683ab428934e6bc51d5a9095dbd66052640e8e,0x678f0fda6312f474a6eb407ca1d004948478760e,0x204519d0c39a3ba6499dce41ce46f8be1fd5fde1c3053966b09c27e3cdf335b6,1784045468,False,6,0x17e41377c0bf9e84b99fbce65665e47e12a407a2,True,9662148,1784045385,2026-07-14T16:09:45+00:00,0.37166666666666665,False,42307838782617156251700,1872.66,0.3,561.798,True,True,0.3,561.798,1.0,75144483901362790201374448,False,,,,,,,,,,75144483901362790201374448,False,
0x79683ab428934e6bc51d5a9095dbd66052640e8e,0x678f0fda6312f474a6eb407ca1d004948478760e,0x204519d0c39a3ba6499dce41ce46f8be1fd5fde1c3053966b09c27e3cdf335b6,1784045468,False,7,0xb55f8775763c2e9cd6a3e6ae5045ae3b1fffad44,True,9662522,1784045423,2026-07-14T16:10:23+00:00,0.6833333333333333,False,313743523556486776698,1872.66,0.05,93.633,True,True,0.000273024234737577,0.5112815634236709,0.00546048469475154,68945513822620269208816,False,,,,,,,,,,68945513822620269208816,False,
0x79683ab428934e6bc51d5a9095dbd66052640e8e,0x678f0fda6312f474a6eb407ca1d004948478760e,0x204519d0c39a3ba6499dce41ce46f8be1fd5fde1c3053966b09c27e3cdf335b6,1784045468,False,8,0xd15031d0942634ccac10274e68945a23d2720922,True,9662634,1784045431,2026-07-14T16:10:31+00:00,0.7766666666666666,True,316912650057057350200,1872.66,0.5,936.33,True,True,0.002254514645590677,4.2219393962118374,0.004509029291181354,563628661397669192691285,False,,,,,,,,,,563628661397669192691285,False,
0x79683ab428934e6bc51d5a9095dbd66052640e8e,0x678f0fda6312f474a6eb407ca1d004948478760e,0x204519d0c39a3ba6499dce41ce46f8be1fd5fde1c3053966b09c27e3cdf335b6,1784045468,False,9,0xc9f75e3f5cf794d4ee12282484549b424bdd999e,True,9662766,1784045444,2026-07-14T16:10:44+00:00,0.8866666666666667,True,318497213307342636951,1872.66,0.03,56.1798,True,True,0.014224039248146593,26.6367893384342,0.4741346416048864,3538318220931987847052686,False,,,,,,,,,,3538318220931987847052686,False,
0x80281ed133d623a6c42273a6643fc92f50e34492,0x6a65ec9022916e8c3ec6bf1c4312966156326bc2,0xc6736cfd4d4d234d0a3a200f5a11d019d5d363190351040daaa272cc81da069e,1785423541,False,0,0x01eb4528b7619ead9c568a4d6998cefc4770e83f,True,23404383,1785423432,2026-07-30T14:57:12+00:00,0.12330097087378641,False,41436788040125217847805,1915.57,0.5,957.785,True,True,0.5,957.785,1.0,62983087475316228797945213,False,,,,,,,,,,62983087475316228797945213,False,
0x80281ed133d623a6c42273a6643fc92f50e34492,0x6a65ec9022916e8c3ec6bf1c4312966156326bc2,0xc6736cfd4d4d234d0a3a200f5a11d019d5d363190351040daaa272cc81da069e,1785423541,False,1,0x64cd46175ff7986196c135aa6d885040206733b6,True,23404394,1785423433,2026-07-30T14:57:13+00:00,0.13398058252427184,False,41436788040125217847805,1915.57,0.5,957.785,True,True,0.5,957.785,1.0,61777311141200489458023396,False,,,,,,,,,,61777311141200489458023396,False,
0x80281ed133d623a6c42273a6643fc92f50e34492,0x6a65ec9022916e8c3ec6bf1c4312966156326bc2,0xc6736cfd4d4d234d0a3a200f5a11d019d5d363190351040daaa272cc81da069e,1785423541,False,2,0x371903abb32f5f69b536b77495e92adedfea25da,True,23404421,1785423436,2026-07-30T14:57:16+00:00,0.16019417475728157,False,643647777853810923190,1915.57,0.5,957.785,True,True,0.20813541222395499,398.6979515938415,0.41627082444790997,30137548086185855868208614,False,,,,,,,,,,30137548086185855868208614,False,
0x80281ed133d623a6c42273a6643fc92f50e34492,0x6a65ec9022916e8c3ec6bf1c4312966156326bc2,0xc6736cfd4d4d234d0a3a200f5a11d019d5d363190351040daaa272cc81da069e,1785423541,False,3,0x0b2d1965fd4d2250d03a277bce935e0d7f0e282e,True,23404436,1785423438,2026-07-30T14:57:18+00:00,0.17475728155339806,False,41436788040125217847805,1915.57,0.4,766.228,True,True,0.4,766.228,1.0,46061301560204450766169910,False,,,,,,,,,,57089807123164108109052035,False,
0x80281ed133d623a6c42273a6643fc92f50e34492,0x6a65ec9022916e8c3ec6bf1c4312966156326bc2,0xc6736cfd4d4d234d0a3a200f5a11d019d5d363190351040daaa272cc81da069e,1785423541,False,4,0x8295935703d543a6db78b9eede2f67f7d43b8622,True,23404442,1785423438,2026-07-30T14:57:18+00:00,0.18058252427184465,False,41436788040125217847805,1915.57,0.5,957.785,True,True,0.5,957.785,1.0,57300347768174541919079331,False,,,,,,,,,,57300347768174541919079331,False,
0x80281ed133d623a6c42273a6643fc92f50e34492,0x6a65ec9022916e8c3ec6bf1c4312966156326bc2,0xc6736cfd4d4d234d0a3a200f5a11d019d5d363190351040daaa272cc81da069e,1785423541,False,5,0x6e99975fe56011de5070360cb3ab4c5ec6328251,True,23404446,1785423439,2026-07-30T14:57:19+00:00,0.18446601941747573,False,41436788040125217847805,1915.57,0.5,957.785,True,True,0.5,957.785,1.0,57185205777418240354385760,False,,,,,,,,,,57185205777418240354385760,False,
0x80281ed133d623a6c42273a6643fc92f50e34492,0x6a65ec9022916e8c3ec6bf1c4312966156326bc2,0xc6736cfd4d4d234d0a3a200f5a11d019d5d363190351040daaa272cc81da069e,1785423541,False,6,0xe28601398a5448d1147e6e8b0e0c6d686f0d216d,True,23404454,1785423439,2026-07-30T14:57:19+00:00,0.19223300970873786,False,8147638944051899247210,1915.57,0.5,957.785,True,True,0.5,957.785,1.0,57045131699720608761193324,False,,,,,,,,,,57045131699720608761193324,False,
0x80281ed133d623a6c42273a6643fc92f50e34492,0x6a65ec9022916e8c3ec6bf1c4312966156326bc2,0xc6736cfd4d4d234d0a3a200f5a11d019d5d363190351040daaa272cc81da069e,1785423541,False,7,0x0b2d1965fd4d2250d03a277bce935e0d7f0e282e,True,23404618,1785423456,2026-07-30T14:57:36+00:00,0.35145631067961164,False,276344678867332528802770,1915.57,0.1,191.557,True,True,0.1,191.557,1.0,11028505562959657342882125,False,,,,,,,,,,57089807123164108109052035,False,
0x80281ed133d623a6c42273a6643fc92f50e34492,0x6a65ec9022916e8c3ec6bf1c4312966156326bc2,0xc6736cfd4d4d234d0a3a200f5a11d019d5d363190351040daaa272cc81da069e,1785423541,False,8,0xf6c375196ee38c1d4daee3cfd2811751249b6077,True,23404781,1785423472,2026-07-30T14:57:52+00:00,0.5097087378640777,False,569863764294959427117,1915.57,0.35,670.4495,True,True,7.5216893297775e-05,0.14408322429441886,0.00021490540942221427,10457405119251752778774,False,,,,,,,,,,10457405119251752778774,False,
0x80281ed133d623a6c42273a6643fc92f50e34492,0x6a65ec9022916e8c3ec6bf1c4312966156326bc2,0xc6736cfd4d4d234d0a3a200f5a11d019d5d363190351040daaa272cc81da069e,1785423541,False,9,0xd6d17923a7c8da26bb386da87fcdd47554013ea6,True,23404907,1785423485,2026-07-30T14:58:05+00:00,0.6320388349514563,False,14975015007189030234901,1915.57,0.2,383.114,True,True,0.2,383.114,1.0,20091212031488199085175377,False,,,,,,,,,,20091212031488199085175377,False,
0x80281ed133d623a6c42273a6643fc92f50e34492,0x6a65ec9022916e8c3ec6bf1c4312966156326bc2,0xc6736cfd4d4d234d0a3a200f5a11d019d5d363190351040daaa272cc81da069e,1785423541,False,10,0x3a9732edd0624b39d006c89a0e327020dc06eb99,True,23404984,1785423493,2026-07-30T14:58:13+00:00,0.7067961165048544,False,2662503978634300794464,1915.57,0.5,957.785,True,True,0.5,957.785,1.0,48745721439626593218170470,False,,,,,,,,,,48745721439626593218170470,False,
0x80281ed133d623a6c42273a6643fc92f50e34492,0x6a65ec9022916e8c3ec6bf1c4312966156326bc2,0xc6736cfd4d4d234d0a3a200f5a11d019d5d363190351040daaa272cc81da069e,1785423541,False,11,0x0151a57202fc04bdea14652b2fd2fc1720c391b2,True,23404999,1785423494,2026-07-30T14:58:14+00:00,0.7213592233009709,False,41436788040125217847805,1915.57,0.2,383.114,True,True,0.2,383.114,1.0,19413547912786045140332799,False,,,,,,,,,,19413547912786045140332799,False,
0x80281ed133d623a6c42273a6643fc92f50e34492,0x6a65ec9022916e8c3ec6bf1c4312966156326bc2,0xc6736cfd4d4d234d0a3a200f5a11d019d5d363190351040daaa272cc81da069e,1785423541,False,12,0x63db185de4f443bd0a64b9593e4fbf7d0f2da1e8,True,23405145,1785423509,2026-07-30T14:58:29+00:00,0.8631067961165049,True,2968629141272088916469,1915.57,0.3,574.671,True,True,0.3,574.671,1.0,28220622139799837535437434,False,,,,,,,,,,28220622139799837535437434,False,500
0x89bb4892c10acac45923388bb6dcae930f2514c0,0x38673a2ea3a527214422c9dc0c83ac3bbd83bc72,0xb9c092777fe7fe978ab4dc7bac7b4f637c487a7aee97a51d2e36069099f53aec,1783960739,False,0,0xc54ffcdeec010ef5ca5314a2d0fd9bfe9d93f2d2,True,8816811,1783960678,2026-07-13T16:37:58+00:00,0.17,False,160040888278813961851,1770.21,0.2,354.042,True,True,0.03493724896124115,61.8462674836787,0.17468624480620576,17433551564653201676660463,True,8817575,0x2a1133d864810f6489bf82a608341084a2dc5bf15f3f9ad623b6af6934449c4c,10.007975394299828,0.3496511279486287,8.04354649e-06,0.3496430844021387,10.007745165912386,0x2473e8a11ecc93e3e6eebb0a78cd3d2559f99890,20189199.32324107,17433551564653201676660463,False,
0x89bb4892c10acac45923388bb6dcae930f2514c0,0x38673a2ea3a527214422c9dc0c83ac3bbd83bc72,0xb9c092777fe7fe978ab4dc7bac7b4f637c487a7aee97a51d2e36069099f53aec,1783960739,False,1,0x371903abb32f5f69b536b77495e92adedfea25da,True,8816843,1783960682,2026-07-13T16:38:02+00:00,0.22333333333333333,False,160040888278813961851,1770.21,0.3,531.063,True,True,0.043547729127905575,77.08862557950972,0.14515909709301858,21719372990964116186498946,True,8817710,0xa9cb678e2bb78e0e995a81e8dc1a72b44675c2b1dc0c13408f2c39e1eafb8b4f,7.3729453021362525,0.32107502489229345,9.77023209e-06,0.32106525466020347,7.372720945268841,0x73ae2419bc96b9146f3dfd991ceccfb7a5f72a4a,31003977.575283088,21719372990964116186498946,False,
0x89bb4892c10acac45923388bb6dcae930f2514c0,0x38673a2ea3a527214422c9dc0c83ac3bbd83bc72,0xb9c092777fe7fe978ab4dc7bac7b4f637c487a7aee97a51d2e36069099f53aec,1783960739,False,2,0x86788933928fb1cb4700e80a2936b3344a1ae9c7,True,8816845,1783960682,2026-07-13T16:38:02+00:00,0.22666666666666666,False,160040888278813961851,1770.21,0.2,354.042,True,True,0.028630897386513445,50.68270086257996,0.14315448693256722,14279035789088198599917065,True,8817575,0x2a1133d864810f6489bf82a608341084a2dc5bf15f3f9ad623b6af6934449c4c,10.002601905254478,0.2863834687474849,8.04354649e-06,0.28637542520099485,10.002320965876946,0x2473e8a11ecc93e3e6eebb0a78cd3d2559f99890,20189199.32324107,14279035789088198599917065,False,
0x89bb4892c10acac45923388bb6dcae930f2514c0,0x38673a2ea3a527214422c9dc0c83ac3bbd83bc72,0xb9c092777fe7fe978ab4dc7bac7b4f637c487a7aee97a51d2e36069099f53aec,1783960739,False,3,0x94511a976b755e8d174138a1e6ef298998c0e2dc,True,8816859,1783960683,2026-07-13T16:38:03+00:00,0.25,False,160040888278813961851,1770.21,0.2,354.042,True,True,0.025642222554704653,45.39211878856373,0.12821111277352326,12784063332627589363943044,True,8817575,0x2a1133d864810f6489bf82a608341084a2dc5bf15f3f9ad623b6af6934449c4c,9.999132221482219,0.2563999737771654,8.04354649e-06,0.2563919302306754,9.998818537811747,0x2473e8a11ecc93e3e6eebb0a78cd3d2559f99890,20189199.32324107,12784063332627589363943044,False,
0x89bb4892c10acac45923388bb6dcae930f2514c0,0x38673a2ea3a527214422c9dc0c83ac3bbd83bc72,0xb9c092777fe7fe978ab4dc7bac7b4f637c487a7aee97a51d2e36069099f53aec,1783960739,False,4,0x8c3108292daf647905ab6cea97da9ddae1763338,True,8816895,1783960687,2026-07-13T16:38:07+00:00,0.31,False,559350827350706223103,1770.21,0.1,177.021,True,True,0.1,177.021,1.0,41755285393026930568948542,True,8824358,0x8f76f805ea683e96608fed00a50ae21f3bae441ca2d87de54d5441c34dfa052e,10.12110109636967,1.012110109636967,9.88745256e-06,1.012100222184407,10.121002221844071,0xd401bfeca15420cff401dd5113707b6416491d3c,46189299.11042187,41755285393026930568948542,False,
0x89bb4892c10acac45923388bb6dcae930f2514c0,0x38673a2ea3a527214422c9dc0c83ac3bbd83bc72,0xb9c092777fe7fe978ab4dc7bac7b4f637c487a7aee97a51d2e36069099f53aec,1783960739,False,5,0x73ae2419bc96b9146f3dfd991ceccfb7a5f72a4a,True,8816930,1783960690,2026-07-13T16:38:10+00:00,0.36833333333333335,False,2283355643661098208191,1770.21,0.3,531.063,True,True,0.3,531.063,1.0,124015910301132349162285008,False,,,,,,,,,,124015910301132349162285008,False,
0x89bb4892c10acac45923388bb6dcae930f2514c0,0x38673a2ea3a527214422c9dc0c83ac3bbd83bc72,0xb9c092777fe7fe978ab4dc7bac7b4f637c487a7aee97a51d2e36069099f53aec,1783960739,False,6,0xe28601398a5448d1147e6e8b0e0c6d686f0d216d,True,8816934,1783960691,2026-07-13T16:38:11+00:00,0.375,False,858833281654625419042,1770.21,0.3,531.063,True,True,0.3,531.063,1.0,123872910308270243428222985,False,,,,,,,,,,123872910308270243428222985,False,
0x89bb4892c10acac45923388bb6dcae930f2514c0,0x38673a2ea3a527214422c9dc0c83ac3bbd83bc72,0xb9c092777fe7fe978ab4dc7bac7b4f637c487a7aee97a51d2e36069099f53aec,1783960739,False,7,0xbe053615f67b836a4fded86076faf425b4c6a8f2,True,8817029,1783960700,2026-07-13T16:38:20+00:00,0.5333333333333333,False,161625451529099248602,1770.21,0.5,885.105,True,True,0.025706733531797494,45.50631676532324,0.05141346706359499,12601339966567398144520354,True,8817575,0x2a1133d864810f6489bf82a608341084a2dc5bf15f3f9ad623b6af6934449c4c,9.831479896903806,0.25273523393293007,8.04354649e-06,0.25272719038644004,9.831167000421644,0x2473e8a11ecc93e3e6eebb0a78cd3d2559f99890,20189199.32324107,81797341946059339632375472,False,
0x89bb4892c10acac45923388bb6dcae930f2514c0,0x38673a2ea3a527214422c9dc0c83ac3bbd83bc72,0xb9c092777fe7fe978ab4dc7bac7b4f637c487a7aee97a51d2e36069099f53aec,1783960739,False,8,0xf1ba5cbf20d2f65b715d3c5c3f1da27bc28ec070,True,8817077,1783960705,2026-07-13T16:38:25+00:00,0.6133333333333333,False,2741294422993546079230,1770.21,0.1,177.021,True,True,0.1,177.021,1.0,38988469511325968555695040,True,8824358,0x8f76f805ea683e96608fed00a50ae21f3bae441ca2d87de54d5441c34dfa052e,9.450450111945717,0.9450450111945717,9.88745256e-06,0.9450351237420117,9.450351237420117,0xd401bfeca15420cff401dd5113707b6416491d3c,46189299.11042187,38988469511325968555695040,False,
0x89bb4892c10acac45923388bb6dcae930f2514c0,0x38673a2ea3a527214422c9dc0c83ac3bbd83bc72,0xb9c092777fe7fe978ab4dc7bac7b4f637c487a7aee97a51d2e36069099f53aec,1783960739,False,9,0x0b2d1965fd4d2250d03a277bce935e0d7f0e282e,True,8817141,1783960712,2026-07-13T16:38:32+00:00,0.72,False,163210014779384535353,1770.21,0.2,354.042,True,True,0.009193664554178279,16.27471693045193,0.0459683227708914,4462943958338970046798350,True,8817531,0xc287a9ebce1ee4bf9ce702c987d11c380cd5c68cf5b344ad69503f5c706266a2,12.621309661371482,0.11603608726105885,9.741555824e-06,0.11602634570523485,12.620250066933748,0xe28601398a5448d1147e6e8b0e0c6d686f0d216d,4663988.377814968,4462943958338970046798350,False,
0x89bb4892c10acac45923388bb6dcae930f2514c0,0x38673a2ea3a527214422c9dc0c83ac3bbd83bc72,0xb9c092777fe7fe978ab4dc7bac7b4f637c487a7aee97a51d2e36069099f53aec,1783960739,False,10,0x3b32f61130784200f92452411bed78ec0f115f15,True,8817198,1783960717,2026-07-13T16:38:37+00:00,0.815,True,164794578029669822104,1770.21,0.1,177.021,True,True,0.004232375939216537,7.492194211360506,0.04232375939216537,2034796124623335083932641,True,8817491,0xc82691ff7098bf7aa46ac73def6358fbd5f5e1c14cb84fcdc4a564c1991f2fc3,12.947126052406468,0.054797104786208715,7.961687544e-06,0.054789143098664714,12.945244913382348,0x9df99ef939c4e0e5435b0825dac460e5c8aa14c9,2489503.187099941,2034796124623335083932641,False,
0x89bb4892c10acac45923388bb6dcae930f2514c0,0x38673a2ea3a527214422c9dc0c83ac3bbd83bc72,0xb9c092777fe7fe978ab4dc7bac7b4f637c487a7aee97a51d2e36069099f53aec,1783960739,False,11,0xbe053615f67b836a4fded86076faf425b4c6a8f2,True,8817222,1783960720,2026-07-13T16:38:40+00:00,0.855,True,370787800566757099734,1770.21,0.2,354.042,True,True,0.2,354.042,1.0,69196001979491941487855118,False,,,,,,,,,,81797341946059339632375472,False,300
0x89bb4892c10acac45923388bb6dcae930f2514c0,0x38673a2ea3a527214422c9dc0c83ac3bbd83bc72,0xb9c092777fe7fe978ab4dc7bac7b4f637c487a7aee97a51d2e36069099f53aec,1783960739,False,12,0x5d4c2d14ed22fd646c38e4a57bfa86da153f3c1b,True,8817298,1783960727,2026-07-13T16:38:47+00:00,0.9816666666666667,True,2010810764612028887019,1770.21,0.05,88.5105,True,True,0.05,88.5105,1.0,16856318779889757694307939,True,8817575,0x2a1133d864810f6489bf82a608341084a2dc5bf15f3f9ad623b6af6934449c4c,6.761480416187761,0.33807402080938803,8.04354649e-06,0.33806597726289805,6.761319545257961,0x2473e8a11ecc93e3e6eebb0a78cd3d2559f99890,20189199.32324107,16856318779889757694307939,False,100
0x89d4c7aef3623816b2c55ab68b0c044105b3fb5d,0x12bc14c180c8a46a34177ec6126b7209ad9a9818,0x0efe8767dc4668ff115120fb4f601f086374aaa2f6686419ee29eb13929987de,1785421511,False,0,0x60b55f7779eb39691ce2a38e3972d6b9ebea0ee3,True,23381758,1785421166,2026-07-30T14:19:26+00:00,0.07138888888888889,False,417333931405675724722,1915.57,0.5,957.785,True,True,0.18871827795769144,361.503071707415,0.3774365559153829,36139141447764729798897191,False,,,,,,,,,,71656980609858246469276551,False,
0x89d4c7aef3623816b2c55ab68b0c044105b3fb5d,0x12bc14c180c8a46a34177ec6126b7209ad9a9818,0x0efe8767dc4668ff115120fb4f601f086374aaa2f6686419ee29eb13929987de,1785421511,False,1,0x8f1070bd877311f1916b7a76671915a11d3961f2,True,23381771,1785421167,2026-07-30T14:19:27+00:00,0.075,False,590878734564471570646,1915.57,0.4,766.228,True,True,0.24431200501395933,467.99674744459,0.6107800125348983,44093592326798862446166767,False,,,,,,,,,,44093592326798862446166767,False,
0x89d4c7aef3623816b2c55ab68b0c044105b3fb5d,0x12bc14c180c8a46a34177ec6126b7209ad9a9818,0x0efe8767dc4668ff115120fb4f601f086374aaa2f6686419ee29eb13929987de,1785421511,False,2,0xe797d0bca0baf579ba9f40592cf920c7739aa729,True,23381778,1785421168,2026-07-30T14:19:28+00:00,0.07694444444444444,False,578482677195986153080,1915.57,0.4,766.228,True,True,0.24162375756765736,462.8472212838774,0.6040593939191433,43714892569821761798909827,False,,,,,,,,,,43714892569821761798909827,False,
0x89d4c7aef3623816b2c55ab68b0c044105b3fb5d,0x12bc14c180c8a46a34177ec6126b7209ad9a9818,0x0efe8767dc4668ff115120fb4f601f086374aaa2f6686419ee29eb13929987de,1785421511,False,3,0x921b56c06d972d31061aa1d62d15848c421a5047,False,23382153,1785421206,2026-07-30T14:20:06+00:00,0.1811111111111111,False,417333931405675724722,1915.57,0.2,383.114,True,True,0.06756484496260057,129.42519006500876,0.33782422481300284,12935414264665592735961089,True,23386178,0xfc136aa01d6339eb190b09e9e47eebcb91a705e32c63c1e7d11eb6cffb60262c,7.620925041738903,0.5149066189166892,3.95378335e-06,0.5149026651333392,7.6208665233873525,0x921b56c06d972d31061aa1d62d15848c421a5047,26432239.42079219,,False,
0x89d4c7aef3623816b2c55ab68b0c044105b3fb5d,0x12bc14c180c8a46a34177ec6126b7209ad9a9818,0x0efe8767dc4668ff115120fb4f601f086374aaa2f6686419ee29eb13929987de,1785421511,False,4,0x0053bc8f80e2014e38d240b91127115d7d70cff9,True,23382158,1785421206,2026-07-30T14:20:06+00:00,0.1825,False,533030466844872955338,1915.57,0.2,383.114,True,True,0.10336168971739876,197.99655197195753,0.5168084485869938,19118827712879412786063081,True,23386178,0xfc136aa01d6339eb190b09e9e47eebcb91a705e32c63c1e7d11eb6cffb60262c,7.3629150862742225,0.7610433445630305,3.95378335e-06,0.7610393907796805,7.3628768343516695,0x921b56c06d972d31061aa1d62d15848c421a5047,26432239.42079219,40076552253098408493750213,False,
0x89d4c7aef3623816b2c55ab68b0c044105b3fb5d,0x12bc14c180c8a46a34177ec6126b7209ad9a9818,0x0efe8767dc4668ff115120fb4f601f086374aaa2f6686419ee29eb13929987de,1785421511,False,5,0x0053bc8f80e2014e38d240b91127115d7d70cff9,True,23382609,1785421252,2026-07-30T14:20:52+00:00,0.30777777777777776,False,900780168776607009796,1915.57,0.2,383.114,True,True,0.12450324468700583,238.49468042508775,0.6225162234350291,20957724540218995707687132,True,23386178,0xfc136aa01d6339eb190b09e9e47eebcb91a705e32c63c1e7d11eb6cffb60262c,6.7005675663106965,0.8342424032501957,3.95378335e-06,0.8342384494668458,6.700535809842341,0x921b56c06d972d31061aa1d62d15848c421a5047,26432239.42079219,40076552253098408493750213,False,
0x89d4c7aef3623816b2c55ab68b0c044105b3fb5d,0x12bc14c180c8a46a34177ec6126b7209ad9a9818,0x0efe8767dc4668ff115120fb4f601f086374aaa2f6686419ee29eb13929987de,1785421511,False,6,0x921b56c06d972d31061aa1d62d15848c421a5047,False,23382883,1785421279,2026-07-30T14:21:19+00:00,0.3838888888888889,False,466918160879617394986,1915.57,0.1,191.557,True,True,0.029020436392900164,55.59067734114777,0.2902043639290016,5540809508992776750303247,True,23386101,0x36fa54a7b2430911b15aab7890b4206df057cc00eaf5ab0c4aa74f291aa857e7,5.90158582712294,0.17126659611326236,3.997913996e-06,0.17126259819926637,5.9014480651009675,0xe797d0bca0baf579ba9f40592cf920c7739aa729,10928723.14245544,,False,
0x89d4c7aef3623816b2c55ab68b0c044105b3fb5d,0x12bc14c180c8a46a34177ec6126b7209ad9a9818,0x0efe8767dc4668ff115120fb4f601f086374aaa2f6686419ee29eb13929987de,1785421511,False,7,0x48b3360c85d9c66a683948fe924ebd82e5e6c437,True,23383035,1785421295,2026-07-30T14:21:35+00:00,0.4261111111111111,False,479314218248102812552,1915.57,0.4,766.228,True,True,0.1274301790621427,244.1014281060687,0.3185754476553568,23737659318627091893882096,True,23386178,0xfc136aa01d6339eb190b09e9e47eebcb91a705e32c63c1e7d11eb6cffb60262c,7.415043991600608,0.9449003836033308,3.95378335e-06,0.9448964298199809,7.41501296454423,0x921b56c06d972d31061aa1d62d15848c421a5047,26432239.42079219,23737659318627091893882096,False,
0x89d4c7aef3623816b2c55ab68b0c044105b3fb5d,0x12bc14c180c8a46a34177ec6126b7209ad9a9818,0x0efe8767dc4668ff115120fb4f601f086374aaa2f6686419ee29eb13929987de,1785421511,False,8,0x2810dccd4549350ee2df1fff37c858e23f4f27ea,True,23383517,1785421341,2026-07-30T14:22:21+00:00,0.56,False,417333931405675724722,1915.57,0.14,268.1798,True,True,0.010500397934530175,20.11424727144797,0.07500284238950125,1994197414556856869532936,True,23386100,0x93a10de40418a706d118f3fd0ccde2d120a875da9cf88be56c86179743edf0d1,6.231029646404237,0.06542829082909934,4.10765422e-06,0.06542418317487934,6.230638456065965,0x2810dccd4549350ee2df1fff37c858e23f4f27ea,1994197.414556857,1994197414556856869532936,True,
0x89d4c7aef3623816b2c55ab68b0c044105b3fb5d,0x12bc14c180c8a46a34177ec6126b7209ad9a9818,0x0efe8767dc4668ff115120fb4f601f086374aaa2f6686419ee29eb13929987de,1785421511,False,9,0x6580135c26c05f1e928b3134775cc5be1a3927d1,True,23383526,1785421342,2026-07-30T14:22:22+00:00,0.5625,False,417333931405675724722,1915.57,0.1,191.557,True,True,0.007233480434865167,13.856238116614668,0.07233480434865167,1373229733577936481298489,True,23386100,0x93a10de40418a706d118f3fd0ccde2d120a875da9cf88be56c86179743edf0d1,6.228641195348619,0.04505475422234942,4.10765422e-06,0.04505064656812942,6.228073328433516,0x2810dccd4549350ee2df1fff37c858e23f4f27ea,1994197.414556857,1373229733577936481298489,False,
0x89d4c7aef3623816b2c55ab68b0c044105b3fb5d,0x12bc14c180c8a46a34177ec6126b7209ad9a9818,0x0efe8767dc4668ff115120fb4f601f086374aaa2f6686419ee29eb13929987de,1785421511,False,10,0x31bd9bd93a36ce91a06c01a8d58268131cee886e,True,23383678,1785421358,2026-07-30T14:22:38+00:00,0.6047222222222223,False,508238352107902120206,1915.57,0.35,670.4495,True,True,0.10100990592668224,193.4915454959747,0.2885997312190921,17598887241495399619313229,True,23386178,0xfc136aa01d6339eb190b09e9e47eebcb91a705e32c63c1e7d11eb6cffb60262c,6.935365836512592,0.7005406507132628,3.95378335e-06,0.7005366969299127,6.93532669398183,0x921b56c06d972d31061aa1d62d15848c421a5047,26432239.42079219,17598887241495399619313229,False,
0x89d4c7aef3623816b2c55ab68b0c044105b3fb5d,0x12bc14c180c8a46a34177ec6126b7209ad9a9818,0x0efe8767dc4668ff115120fb4f601f086374aaa2f6686419ee29eb13929987de,1785421511,False,11,0x63f507639b66645519c85fcb181818f7cc569e84,True,23383795,1785421369,2026-07-30T14:22:49+00:00,0.6372222222222222,False,421465950528504197244,1915.57,0.05,95.7785,True,True,0.003390194219588769,6.4941543412176586,0.06780388439177538,643606566280858946867324,True,23386082,0x9126da469fea074c048f1742b12ea939c15253a3814626c4957dec3b4a0ebbb7,5.319232135228717,0.01803323003750322,3.2790144e-06,0.018029951023103223,5.318264929756814,0xf2a9655099c7eeb963dff923f67d4902e320c213,967201.159707045,643606566280858946867324,False,
0x89d4c7aef3623816b2c55ab68b0c044105b3fb5d,0x12bc14c180c8a46a34177ec6126b7209ad9a9818,0x0efe8767dc4668ff115120fb4f601f086374aaa2f6686419ee29eb13929987de,1785421511,False,12,0xd0632fe89af26a6f2c6494c5f7e9458f18b54a8a,True,23383808,1785421371,2026-07-30T14:22:51+00:00,0.6408333333333334,False,549558543336186845426,1915.57,0.2,383.114,True,True,0.051099055354717385,97.88381746583597,0.2554952767735869,8757634319034706051611272,True,23386101,0x36fa54a7b2430911b15aab7890b4206df057cc00eaf5ab0c4aa74f291aa857e7,5.297529479597994,0.2706987521212251,3.997913996e-06,0.2706947542072291,5.29745124108716,0xe797d0bca0baf579ba9f40592cf920c7739aa729,10928723.14245544,115022849638744110350723959,False,
0x89d4c7aef3623816b2c55ab68b0c044105b3fb5d,0x12bc14c180c8a46a34177ec6126b7209ad9a9818,0x0efe8767dc4668ff115120fb4f601f086374aaa2f6686419ee29eb13929987de,1785421511,False,13,0x7fc6d8472390b94fd975df4044846dd59c7f6004,True,23383866,1785421377,2026-07-30T14:22:57+00:00,0.6569444444444444,False,421465950528504197244,1915.57,0.01,19.1557,True,True,0.000430522223109997,0.8246954549228169,0.0430522223109997,81731874864985538595281,True,23386082,0x9126da469fea074c048f1742b12ea939c15253a3814626c4957dec3b4a0ebbb7,5.319232135228709,0.0022900476440967997,3.2790144e-06,0.0022867686296967997,5.311615770209702,0xf2a9655099c7eeb963dff923f67d4902e320c213,967201.159707045,81731874864985538595281,False,
0x89d4c7aef3623816b2c55ab68b0c044105b3fb5d,0x12bc14c180c8a46a34177ec6126b7209ad9a9818,0x0efe8767dc4668ff115120fb4f601f086374aaa2f6686419ee29eb13929987de,1785421511,False,14,0xd0632fe89af26a6f2c6494c5f7e9458f18b54a8a,True,23383981,1785421388,2026-07-30T14:23:08+00:00,0.6888888888888889,False,867724015793979229620,1915.57,0.5,957.785,True,True,0.19077008741898913,365.433456357193,0.38154017483797825,28368204165692573488261829,False,,,,,,,,,,115022849638744110350723959,False,
0x89d4c7aef3623816b2c55ab68b0c044105b3fb5d,0x12bc14c180c8a46a34177ec6126b7209ad9a9818,0x0efe8767dc4668ff115120fb4f601f086374aaa2f6686419ee29eb13929987de,1785421511,False,15,0x1135e3aef9b062b773e15e4aff7a8e9078650b1a,True,23384103,1785421400,2026-07-30T14:23:20+00:00,0.7227777777777777,False,483446237370931285074,1915.57,0.13,249.0241,True,True,0.021455217676340874,41.09897132426829,0.16504013597185288,3546436571510530096020137,True,23386101,0x36fa54a7b2430911b15aab7890b4206df057cc00eaf5ab0c4aa74f291aa857e7,5.1092684106427395,0.10962046591719216,3.997913996e-06,0.10961646800319616,5.109082073032173,0xe797d0bca0baf579ba9f40592cf920c7739aa729,10928723.14245544,3546436571510530096020137,False,
0x89d4c7aef3623816b2c55ab68b0c044105b3fb5d,0x12bc14c180c8a46a34177ec6126b7209ad9a9818,0x0efe8767dc4668ff115120fb4f601f086374aaa2f6686419ee29eb13929987de,1785421511,False,16,0xd0632fe89af26a6f2c6494c5f7e9458f18b54a8a,True,23384494,1785421440,2026-07-30T14:24:00+00:00,0.8313888888888888,True,1231341698602884811556,1915.57,1.0,1915.57,True,True,0.9591684377449463,1837.3542842910867,0.9591684377449463,77897011154016830810850858,False,,,,,,,,,,115022849638744110350723959,False,
0x89d4c7aef3623816b2c55ab68b0c044105b3fb5d,0x12bc14c180c8a46a34177ec6126b7209ad9a9818,0x0efe8767dc4668ff115120fb4f601f086374aaa2f6686419ee29eb13929987de,1785421511,False,17,0x60b55f7779eb39691ce2a38e3972d6b9ebea0ee3,True,23384772,1785421468,2026-07-30T14:24:28+00:00,0.9086111111111111,True,1628015534394418173668,1915.57,0.5,957.785,True,True,0.5,957.785,1.0,35517839162093516670379360,False,,,,,,,,,,71656980609858246469276551,False,
0x89d4c7aef3623816b2c55ab68b0c044105b3fb5d,0x12bc14c180c8a46a34177ec6126b7209ad9a9818,0x0efe8767dc4668ff115120fb4f601f086374aaa2f6686419ee29eb13929987de,1785421511,False,18,0x0dd34a0bdb31dd04255d26ead8b7c65e11ed78aa,True,23384892,1785421480,2026-07-30T14:24:40+00:00,0.9419444444444445,True,1256133813339855646688,1915.57,0.8,1532.456,True,True,0.8,1532.456,1.0,53640205909941930810279905,False,,,,,,,,,,53640205909941930810279905,False,
0x89d4c7aef3623816b2c55ab68b0c044105b3fb5d,0x12bc14c180c8a46a34177ec6126b7209ad9a9818,0x0efe8767dc4668ff115120fb4f601f086374aaa2f6686419ee29eb13929987de,1785421511,False,19,0xc4210bfd73206c3208ae1f0854ee146ed8f1271b,True,23385043,1785421495,2026-07-30T14:24:55+00:00,0.9838888888888889,True,1313982081059454261996,1915.57,1.0,1915.57,True,True,1.0,1915.57,1.0,64342954197164650699118938,False,,,,,,,,,,64342954197164650699118938,False,
0xa0266f6b55e610a6e5ff563fbc00a63d9b9626d0,0x8295cf34769a9a02402162e64181b32d08c04f3b,0xf7728f1b3e4e5ba9d080fab8e7c36c37445b38a3e229d0250b7a43029c2e371e,1786641900,True,0,0x25c5ae1ca3294bbecbb829227e22d1758d5e4916,True,35563375,1786641442,2026-08-13T17:17:22+00:00,0.029109159347553325,False,554582913832003959783424,1874.93,0.2,374.986,True,True,0.024543707179059456,46.01773290123395,0.12271853589529728,7911925197784538371706,True,35572027,0x2a9c1ac6f91ad1ee008a6fe0a9da6b5b0f8894793a75d8660dea177f6e2479bf,47.04231268501977,1.1545927475668796,1.1843745858e-05,1.1545809038210215,47.0418301276876,0x62e5332dcb286f1753d245707c91a38821bb5645,8333.157392484849,7911925197784538371706,False,
0xa0266f6b55e610a6e5ff563fbc00a63d9b9626d0,0x8295cf34769a9a02402162e64181b32d08c04f3b,0xf7728f1b3e4e5ba9d080fab8e7c36c37445b38a3e229d0250b7a43029c2e371e,1786641900,True,1,0x2fe8c89e67786a658df2020570aa469283960ec0,True,35563417,1786641446,2026-08-13T17:17:26+00:00,0.0396486825595985,False,554582913832003959783424,1874.93,0.2,374.986,True,True,0.022617663916431816,42.4065366068355,0.11308831958215906,5932724789636946769037,True,35571504,0x125502837df7d840e805961c4ab4490d23abce2260009f972959bdf3607b7f4e,46.22657452848894,1.0455371266932503,1.0957279374e-05,1.0455261694138764,46.22609007176457,0xa23fa579023b4a1cbcb4f79bd97750cc819c9218,6793.490735161377,5932724789636946769037,False,
0xa0266f6b55e610a6e5ff563fbc00a63d9b9626d0,0x8295cf34769a9a02402162e64181b32d08c04f3b,0xf7728f1b3e4e5ba9d080fab8e7c36c37445b38a3e229d0250b7a43029c2e371e,1786641900,True,2,0xd22ef2d40836d79ce8ea27c3f1ff5d04b5783227,True,35563434,1786641448,2026-08-13T17:17:28+00:00,0.043914680050188205,False,84264726928705231781888,1874.93,0.2,374.986,True,True,0.000553550148639112,1.0378677801879304,0.00276775074319556,520464051029098389598,True,35567994,0x89dc63f427ffb07e7577ad9ff0631b1f952575567522273152fdf6f23fb27ea1,19.128215213171526,0.010588426374452021,1.1556391136e-05,0.010576869983316022,19.107338349233522,0xb29ce9439db075d151a5f36497ca81cfb94d3b22,3948.3556096204543,520464051029098389598,False,
0xa0266f6b55e610a6e5ff563fbc00a63d9b9626d0,0x8295cf34769a9a02402162e64181b32d08c04f3b,0xf7728f1b3e4e5ba9d080fab8e7c36c37445b38a3e229d0250b7a43029c2e371e,1786641900,True,3,0x8f8952ce273546d8db48586e20aa884adcb95945,True,35563450,1786641450,2026-08-13T17:17:30+00:00,0.0479297365119197,False,554582913832003959783424,1874.93,0.25,468.7325,True,True,0.02634302679880391,49.39133123588142,0.10537210719521564,5434481672333633690738,True,35571504,0x125502837df7d840e805961c4ab4490d23abce2260009f972959bdf3607b7f4e,36.356135328286726,0.9577306472539989,1.0957279374e-05,0.9577196899746249,36.35571938218237,0xa23fa579023b4a1cbcb4f79bd97750cc819c9218,6793.490735161377,5434481672333633690738,False,
0xa0266f6b55e610a6e5ff563fbc00a63d9b9626d0,0x8295cf34769a9a02402162e64181b32d08c04f3b,0xf7728f1b3e4e5ba9d080fab8e7c36c37445b38a3e229d0250b7a43029c2e371e,1786641900,True,4,0xa2a85ea4db18e55129eb0079ed260828137eb98b,True,35563450,1786641450,2026-08-13T17:17:30+00:00,0.0479297365119197,False,588008414093565667311616,1874.93,0.4,749.972,True,True,0.10837322485931551,203.19221048547644,0.2709330621482888,18003143562047053092120,True,35574049,0x4e2691b30b578d77f8bd609bd309f486f6b2d47433e03749023553860b3e83f7,8.261523744782254,0.8953279704738616,1.426705464e-05,0.8953137034192216,8.261392097369727,0x1e03fa0a2d55da323b2a84fa5e311e401065d2aa,24020.44136638863,26890311131523167898302,False,
0xa0266f6b55e610a6e5ff563fbc00a63d9b9626d0,0x8295cf34769a9a02402162e64181b32d08c04f3b,0xf7728f1b3e4e5ba9d080fab8e7c36c37445b38a3e229d0250b7a43029c2e371e,1786641900,True,5,0x5b9dbf61b0021fa7e3e0f0f5283f7b45620fc09f,True,35563454,1786641450,2026-08-13T17:17:30+00:00,0.04893350062735257,False,599002673561496560074752,1874.93,0.19,356.2367,True,True,0.0531984515752255,99.74337281193755,0.27999185039592367,8715744821850720256409,True,35572112,0x50ea65447d4830df1a09f77fdc34a99c484acfde65d8b888850265ae42747149,16.665346658974325,0.8865706372217917,1.2798948268e-05,0.8865578382735237,16.665106070237453,0x2181868add06a1c52b0c77e82fd7c1e5bd6afb21,9044.444282798337,8715744821850720256409,False,
0xa0266f6b55e610a6e5ff563fbc00a63d9b9626d0,0x8295cf34769a9a02402162e64181b32d08c04f3b,0xf7728f1b3e4e5ba9d080fab8e7c36c37445b38a3e229d0250b7a43029c2e371e,1786641900,True,6,0x86a45ad3fe4c909936fd08fb7dc93c46b8c7dfc5,True,35563469,1786641452,2026-08-13T17:17:32+00:00,0.05269761606022585,False,905661347042844146139136,1874.93,0.12370234763577478,231.93324265274322,True,True,0.08553239898180871,160.3672608229626,0.6914371522976068,11417122042065338713193,True,35572607,0x758c462a7967c4a634bc9e12df2963c6c69b491a4c919836c12b55578eeb0f7d,9.258544223538584,0.7919054985184226,1.252003757e-05,0.7918929784808526,9.25839784581834,0x70ccf8259180014fa703c7616462ec881979b28b,11463.99792854475,19346555215535859563338,False,
0xa0266f6b55e610a6e5ff563fbc00a63d9b9626d0,0x8295cf34769a9a02402162e64181b32d08c04f3b,0xf7728f1b3e4e5ba9d080fab8e7c36c37445b38a3e229d0250b7a43029c2e371e,1786641900,True,7,0x062ad1faf75130cadf7367980a80c715fb7cc909,True,35563476,1786641452,2026-08-13T17:17:32+00:00,0.054454203262233374,False,554582913832003959783424,1874.93,0.2,374.986,True,True,0.019839490108577874,37.197655189275906,0.09919745054288936,3823153899198266650355,True,35568970,0xb888bcd3be1debf3fae83833275efe6d0f41c81991e2e4ddbae2c45c7a715cfd,12.116665429604597,0.24038846393958785,1.0558086912e-05,0.24037790585267585,12.11613325428889,0x78e50889fa6909d41784df790b2b8fcdbbf6cb2f,5079.920903860676,3823153899198266650355,False,
0xa0266f6b55e610a6e5ff563fbc00a63d9b9626d0,0x8295cf34769a9a02402162e64181b32d08c04f3b,0xf7728f1b3e4e5ba9d080fab8e7c36c37445b38a3e229d0250b7a43029c2e371e,1786641900,True,8,0xd0e935a071417bd6bb3542013ea16bb9e92043c0,True,35563484,1786641453,2026-08-13T17:17:33+00:00,0.056461731493099125,False,554582913832003959783424,1874.93,0.3,562.479,True,True,0.02918411160409204,54.71816636986029,0.09728037201364013,5544711503716841131323,True,35571504,0x125502837df7d840e805961c4ab4490d23abce2260009f972959bdf3607b7f4e,33.48248889402443,0.9771566926659812,1.0957279374e-05,0.9771457353866071,33.48211344043781,0xa23fa579023b4a1cbcb4f79bd97750cc819c9218,6793.490735161377,5544711503716841131323,False,
0xa0266f6b55e610a6e5ff563fbc00a63d9b9626d0,0x8295cf34769a9a02402162e64181b32d08c04f3b,0xf7728f1b3e4e5ba9d080fab8e7c36c37445b38a3e229d0250b7a43029c2e371e,1786641900,True,9,0xcf09d559dbcb1e0eb7d701f39901f46380ad25d7,True,35563518,1786641456,2026-08-13T17:17:36+00:00,0.06499372647427855,False,554582913832003959783424,1874.93,0.2,374.986,True,True,0.017808184892511222,33.38910010051607,0.08904092446255611,3245964670661692758311,True,35568970,0xb888bcd3be1debf3fae83833275efe6d0f41c81991e2e4ddbae2c45c7a715cfd,11.46082745659277,0.2040965343681732,1.0558086912e-05,0.2040859762812612,11.460234578263186,0x78e50889fa6909d41784df790b2b8fcdbbf6cb2f,5079.920903860676,3245964670661692758311,False,
0xa0266f6b55e610a6e5ff563fbc00a63d9b9626d0,0x8295cf34769a9a02402162e64181b32d08c04f3b,0xf7728f1b3e4e5ba9d080fab8e7c36c37445b38a3e229d0250b7a43029c2e371e,1786641900,True,10,0x893c71464ecedc71bbfbd34e24434e4e2c48342a,True,35563557,1786641460,2026-08-13T17:17:40+00:00,0.07478042659974905,False,554582913832003959783424,1874.93,0.2,374.986,True,True,0.015880524037814404,29.774870934219358,0.07940262018907202,2774284216832955458702,True,35568887,0x0c0c560eed87da2404f9c953cc8685bc8c1a6465f57c7e10f773217bd739a79e,11.715091686356194,0.18604179513037922,1.037265152e-05,0.18603142247885923,11.714438518268334,0x68634e035322376a824b69af143fb087ea214d55,2934.360746271766,2774284216832955458702,False,
0xa0266f6b55e610a6e5ff563fbc00a63d9b9626d0,0x8295cf34769a9a02402162e64181b32d08c04f3b,0xf7728f1b3e4e5ba9d080fab8e7c36c37445b38a3e229d0250b7a43029c2e371e,1786641900,True,11,0x04051ada2673279bc032f0360b54a92c442c86b5,True,35563622,1786641467,2026-08-13T17:17:47+00:00,0.09109159347553325,False,405754582645315297345536,1874.93,0.44,824.9692,True,True,0.000806889016511209,1.512860423727361,0.0018338386738891114,157554188826025020891,True,35568597,0x10c5fab55d04887d44028f30122826ea21945811b0369f9308adc0d91b144dc6,5.913667810236143,0.004771673603375437,9.01345893e-06,0.004762660144445437,5.902497179894722,0x4ce0902028840dad3da79a38ca2309f814a132b6,653.6207731606436,34311952941156506192677,False,
0xa0266f6b55e610a6e5ff563fbc00a63d9b9626d0,0x8295cf34769a9a02402162e64181b32d08c04f3b,0xf7728f1b3e4e5ba9d080fab8e7c36c37445b38a3e229d0250b7a43029c2e371e,1786641900,True,12,0x9dd7765be109d711c630b7fadbc02e988311c62f,True,35563628,1786641468,2026-08-13T17:17:48+00:00,0.09259723964868256,False,555173209642362665435136,1874.93,0.2,374.986,True,True,0.022465586845667688,42.121402744547716,0.11232793422833844,3438888569760709863251,True,35568970,0xb888bcd3be1debf3fae83833275efe6d0f41c81991e2e4ddbae2c45c7a715cfd,9.62481027874853,0.21622701119030013,1.0558086912e-05,0.21621645310338813,9.624340311639079,0x78e50889fa6909d41784df790b2b8fcdbbf6cb2f,5079.920903860676,3438888569760709863251,False,
0xa0266f6b55e610a6e5ff563fbc00a63d9b9626d0,0x8295cf34769a9a02402162e64181b32d08c04f3b,0xf7728f1b3e4e5ba9d080fab8e7c36c37445b38a3e229d0250b7a43029c2e371e,1786641900,True,13,0x8bfee4f379d78955c5a42e9335af361a7e9101e3,True,35563659,1786641471,2026-08-13T17:17:51+00:00,0.10037641154328733,False,554582913832003959783424,1874.93,0.25,468.7325,True,True,0.013300762284395789,24.937998229882197,0.053203049137583155,2076577050369689819210,True,35568887,0x0c0c560eed87da2404f9c953cc8685bc8c1a6465f57c7e10f773217bd739a79e,10.469624087970947,0.13925398120108565,1.037265152e-05,0.13924360854956566,10.46884423405745,0x68634e035322376a824b69af143fb087ea214d55,2934.360746271766,18936935224299670142765,False,
0xa0266f6b55e610a6e5ff563fbc00a63d9b9626d0,0x8295cf34769a9a02402162e64181b32d08c04f3b,0xf7728f1b3e4e5ba9d080fab8e7c36c37445b38a3e229d0250b7a43029c2e371e,1786641900,True,14,0x12081cb9478eb8a2b624056d3b7cab1b2e659581,True,35563706,1786641475,2026-08-13T17:17:55+00:00,0.11217063989962359,False,2030322439728768089063424,1874.93,0.051184174860302,95.96674497082603,True,True,0.051184174860302,95.96674497082603,1.0,5517935574379073531154,True,35571504,0x125502837df7d840e805961c4ab4490d23abce2260009f972959bdf3607b7f4e,18.998800204427255,0.9724379117993459,1.0957279374e-05,0.972426954519972,18.998586128896996,0xa23fa579023b4a1cbcb4f79bd97750cc819c9218,6793.490735161377,5517935574379073531154,False,
0xa0266f6b55e610a6e5ff563fbc00a63d9b9626d0,0x8295cf34769a9a02402162e64181b32d08c04f3b,0xf7728f1b3e4e5ba9d080fab8e7c36c37445b38a3e229d0250b7a43029c2e371e,1786641900,True,15,0xa2a85ea4db18e55129eb0079ed260828137eb98b,True,35563716,1786641476,2026-08-13T17:17:56+00:00,0.11468005018820578,False,561592676580013589397504,1874.93,0.4,749.972,True,True,0.06198372100365535,116.21513802138354,0.1549593025091384,8887167569476114806182,True,35572112,0x50ea65447d4830df1a09f77fdc34a99c484acfde65d8b888850265ae42747149,14.584601315756911,0.9040078589054211,1.2798948268e-05,0.9039950599571531,14.58439482689079,0x2181868add06a1c52b0c77e82fd7c1e5bd6afb21,9044.444282798337,26890311131523167898302,False,
0xa0266f6b55e610a6e5ff563fbc00a63d9b9626d0,0x8295cf34769a9a02402162e64181b32d08c04f3b,0xf7728f1b3e4e5ba9d080fab8e7c36c37445b38a3e229d0250b7a43029c2e371e,1786641900,True,16,0xc3dfbb05fcbf300c1de0c6ac087515c9238f8053,True,35563761,1786641481,2026-08-13T17:18:01+00:00,0.1259723964868256,False,730491065318898243993600,1874.93,0.3,562.479,True,True,0.1704091967090311,319.5053151856637,0.5680306556967704,21887978985331782348264,True,35574049,0x4e2691b30b578d77f8bd609bd309f486f6b2d47433e03749023553860b3e83f7,6.387728390398984,1.0885276638033632,1.426705464e-05,1.0885133967487233,6.3876446680711085,0x1e03fa0a2d55da323b2a84fa5e311e401065d2aa,24020.44136638863,21887978985331782348264,False,
0xa0266f6b55e610a6e5ff563fbc00a63d9b9626d0,0x8295cf34769a9a02402162e64181b32d08c04f3b,0xf7728f1b3e4e5ba9d080fab8e7c36c37445b38a3e229d0250b7a43029c2e371e,1786641900,True,17,0x212ebf0471b2ce850f5e65c2cca0f2a5485a2121,True,35563782,1786641483,2026-08-13T17:18:03+00:00,0.13124215809284817,False,662238112246172903014400,1874.93,0.25,468.7325,True,True,0.10140550483638704,190.12822318288715,0.40562201934554815,13492247394106916497519,True,35572822,0xc2630d7da8b65bad7ff16b25452fb48a713db032c4a9e3a2cf020742a782e72c,8.045318477589072,0.8158395817894327,1.2234542928e-05,0.8158273472465046,8.045197827897049,0x1ffd2a9aa88d4c793e6d11229fa21ae677d250dd,14736.037446755265,13492247394106916497519,False,
0xa0266f6b55e610a6e5ff563fbc00a63d9b9626d0,0x8295cf34769a9a02402162e64181b32d08c04f3b,0xf7728f1b3e4e5ba9d080fab8e7c36c37445b38a3e229d0250b7a43029c2e371e,1786641900,True,18,0xe7b0a90eabfc1c035599b0ea646afd19c49cca22,True,35563792,1786641484,2026-08-13T17:18:04+00:00,0.13375156838143037,False,584392852255118595194880,1874.93,0.19,356.2367,True,True,0.03539321588815072,66.35980226517043,0.18628008362184587,4994050953153481936836,True,35568970,0xb888bcd3be1debf3fae83833275efe6d0f41c81991e2e4ddbae2c45c7a715cfd,8.872066442365258,0.3140109629686509,1.0558086912e-05,0.31400040488173886,8.87176813415429,0x78e50889fa6909d41784df790b2b8fcdbbf6cb2f,5079.920903860676,4994050953153481936836,False,
0xa0266f6b55e610a6e5ff563fbc00a63d9b9626d0,0x8295cf34769a9a02402162e64181b32d08c04f3b,0xf7728f1b3e4e5ba9d080fab8e7c36c37445b38a3e229d0250b7a43029c2e371e,1786641900,True,19,0x86301948112422e065ccb5586181e9c7e2e28f8c,True,35563833,1786641488,2026-08-13T17:18:08+00:00,0.1440401505646173,False,554656700808298797989888,1874.93,0.15,281.2395,True,True,0.006669851442090029,12.505504564317858,0.04446567628060019,952851471176639891778,True,35568787,0x1ffa2ef4e8624df27d33e98429a6bf6aa4453f6e15d63f9389d9238800977a30,5.083352317328247,0.0339052047843835,7.207756716e-06,0.0338979970276675,5.082271670063674,0x915332d97875b8d6fc55146d4c1b0bae1881303a,954.4502263460452,952851471176639891778,False,
0xa0266f6b55e610a6e5ff563fbc00a63d9b9626d0,0x8295cf34769a9a02402162e64181b32d08c04f3b,0xf7728f1b3e4e5ba9d080fab8e7c36c37445b38a3e229d0250b7a43029c2e371e,1786641900,True,20,0xd8ba9e5886b7000bace2c9dbdd0be98ac77d4a28,True,35563856,1786641490,2026-08-13T17:18:10+00:00,0.14981179422835633,False,633830126372660193525760,1874.93,0.25,468.7325,True,True,0.06836504674879233,128.1796771007132,0.27346018699516933,9297007854198257882211,True,35572607,0x758c462a7967c4a634bc9e12df2963c6c69b491a4c919836c12b55578eeb0f7d,9.432477931336038,0.6448517947327402,1.252003757e-05,0.6448392746951702,9.432294796266797,0x70ccf8259180014fa703c7616462ec881979b28b,11463.99792854475,16685125800935324829453,False,
0xa0266f6b55e610a6e5ff563fbc00a63d9b9626d0,0x8295cf34769a9a02402162e64181b32d08c04f3b,0xf7728f1b3e4e5ba9d080fab8e7c36c37445b38a3e229d0250b7a43029c2e371e,1786641900,True,21,0x05632ac286561724b9def68f024f02af5be87591,True,35563877,1786641493,2026-08-13T17:18:13+00:00,0.1550815558343789,False,554656700808298797989888,1874.93,0.2,374.986,True,True,0.006395053613675992,11.990277871889528,0.03197526806837996,913590514420325841066,True,35568787,0x1ffa2ef4e8624df27d33e98429a6bf6aa4453f6e15d63f9389d9238800977a30,5.083332935085831,0.03250818665603883,7.207756716e-06,0.03250097889932283,5.08220585200703,0x915332d97875b8d6fc55146d4c1b0bae1881303a,954.4502263460452,913590514420325841066,False,
0xa0266f6b55e610a6e5ff563fbc00a63d9b9626d0,0x8295cf34769a9a02402162e64181b32d08c04f3b,0xf7728f1b3e4e5ba9d080fab8e7c36c37445b38a3e229d0250b7a43029c2e371e,1786641900,True,22,0x1ffd2a9aa88d4c793e6d11229fa21ae677d250dd,True,35563885,1786641493,2026-08-13T17:18:13+00:00,0.15708908406524466,False,277328350404149398994944000,1874.93,0.15,281.2395,True,True,0.15,281.2395,1.0,15855350882297428240218,True,35574049,0x4e2691b30b578d77f8bd609bd309f486f6b2d47433e03749023553860b3e83f7,5.256763104611261,0.7885144656916893,1.426705464e-05,0.7885001986370492,5.2566679909136615,0x1e03fa0a2d55da323b2a84fa5e311e401065d2aa,24020.44136638863,30687291642555737381421,False,
0xa0266f6b55e610a6e5ff563fbc00a63d9b9626d0,0x8295cf34769a9a02402162e64181b32d08c04f3b,0xf7728f1b3e4e5ba9d080fab8e7c36c37445b38a3e229d0250b7a43029c2e371e,1786641900,True,23,0x4544821fddbbd9f0cea6bc67dd694a61f4d76f42,True,35563910,1786641496,2026-08-13T17:18:16+00:00,0.1633626097867001,False,554656700808298797989888,1874.93,0.29230909635428093,548.059094027532,True,True,0.006545107031902158,12.271617527324313,0.02239104808414664,935021552509866052866,True,35568787,0x1ffa2ef4e8624df27d33e98429a6bf6aa4453f6e15d63f9389d9238800977a30,5.083303400244535,0.033270764830232655,7.207756716e-06,0.03326355707351666,5.082202156723097,0x915332d97875b8d6fc55146d4c1b0bae1881303a,954.4502263460452,935021552509866052866,False,
0xa0266f6b55e610a6e5ff563fbc00a63d9b9626d0,0x8295cf34769a9a02402162e64181b32d08c04f3b,0xf7728f1b3e4e5ba9d080fab8e7c36c37445b38a3e229d0250b7a43029c2e371e,1786641900,True,24,0xa23fa579023b4a1cbcb4f79bd97750cc819c9218,True,35563974,1786641502,2026-08-13T17:18:22+00:00,0.1794228356336261,False,991770748378920333082624,1874.93,0.35,656.2255,True,True,0.2399817558056634,449.9489934127124,0.6856621594447525,28604171516468957595677,False,,,,,,,,,,28604171516468957595677,False,
0xa0266f6b55e610a6e5ff563fbc00a63d9b9626d0,0x8295cf34769a9a02402162e64181b32d08c04f3b,0xf7728f1b3e4e5ba9d080fab8e7c36c37445b38a3e229d0250b7a43029c2e371e,1786641900,True,25,0xfdaf199ae935753c70824f6c73d4877ddceea57b,True,35563994,1786641504,2026-08-13T17:18:24+00:00,0.18444165621079048,False,685333435826457261637632,1874.93,0.4,749.972,True,True,0.19735823950502235,370.0328839951515,0.49339559876255584,25209570873545332220359,False,,,,,,,,,,25209570873545332220359,False,
0xa0266f6b55e610a6e5ff563fbc00a63d9b9626d0,0x8295cf34769a9a02402162e64181b32d08c04f3b,0xf7728f1b3e4e5ba9d080fab8e7c36c37445b38a3e229d0250b7a43029c2e371e,1786641900,True,26,0x03c531f55e1212afa037627ce848a175ced5e191,True,35564058,1786641511,2026-08-13T17:18:31+00:00,0.20050188205771644,False,555246996618657503641600,1874.93,0.2,374.986,True,True,0.003302359257807834,6.191692443241642,0.01651179628903917,471213455545763346843,True,35568787,0x1ffa2ef4e8624df27d33e98429a6bf6aa4453f6e15d63f9389d9238800977a30,5.077319915654777,0.016767134428314644,7.207756716e-06,0.016759926671598643,5.075137307357706,0x915332d97875b8d6fc55146d4c1b0bae1881303a,954.4502263460452,471213455545763346843,False,
0xa0266f6b55e610a6e5ff563fbc00a63d9b9626d0,0x8295cf34769a9a02402162e64181b32d08c04f3b,0xf7728f1b3e4e5ba9d080fab8e7c36c37445b38a3e229d0250b7a43029c2e371e,1786641900,True,27,0x7e2fa25081f34a54a9d98d825d06734379446e40,True,35564153,1786641520,2026-08-13T17:18:40+00:00,0.22434127979924717,False,555320783594952341848064,1874.93,0.3,562.479,True,True,0.001151139688643339,2.1583063364280557,0.003837132295477797,164234231857917908107,True,35568787,0x1ffa2ef4e8624df27d33e98429a6bf6aa4453f6e15d63f9389d9238800977a30,5.076645278408475,0.005843927865139808,7.207756716e-06,0.005836720108423809,5.0703838691398095,0x915332d97875b8d6fc55146d4c1b0bae1881303a,954.4502263460452,13512737538681902303904,False,
0xa0266f6b55e610a6e5ff563fbc00a63d9b9626d0,0x8295cf34769a9a02402162e64181b32d08c04f3b,0xf7728f1b3e4e5ba9d080fab8e7c36c37445b38a3e229d0250b7a43029c2e371e,1786641900,True,28,0x214bcde50a5b7e026782004106aeedbbe4f14121,True,35564186,1786641524,2026-08-13T17:18:44+00:00,0.23262233375156838,False,673453732642988310396928,1874.93,0.25,468.7325,True,True,0.10131519103711023,189.95889113120907,0.4052607641484409,12859941775029475972791,True,35572822,0xc2630d7da8b65bad7ff16b25452fb48a713db032c4a9e3a2cf020742a782e72c,7.675115341830054,0.7776057770893675,1.2234542928e-05,0.7775935425464395,7.674994584589182,0x1ffd2a9aa88d4c793e6d11229fa21ae677d250dd,14736.037446755265,12859941775029475972791,False,
0xa0266f6b55e610a6e5ff563fbc00a63d9b9626d0,0x8295cf34769a9a02402162e64181b32d08c04f3b,0xf7728f1b3e4e5ba9d080fab8e7c36c37445b38a3e229d0250b7a43029c2e371e,1786641900,True,29,0x79ae7f0eccf445692855b56aa672e3087dcd16e7,True,35564299,1786641535,2026-08-13T17:18:55+00:00,0.26097867001254704,False,669543022899361885454336,1874.93,0.3,562.479,True,True,0.09373477590126665,175.74614338056188,0.31244925300422216,11929805122695174382822,True,35572822,0xc2630d7da8b65bad7ff16b25452fb48a713db032c4a9e3a2cf020742a782e72c,7.69578772861557,0.7213629381254982,1.2234542928e-05,0.7213507035825703,7.695657205628659,0x1ffd2a9aa88d4c793e6d11229fa21ae677d250dd,14736.037446755265,11929805122695174382822,False,
0xa0266f6b55e610a6e5ff563fbc00a63d9b9626d0,0x8295cf34769a9a02402162e64181b32d08c04f3b,0xf7728f1b3e4e5ba9d080fab8e7c36c37445b38a3e229d0250b7a43029c2e371e,1786641900,True,30,0xd0725e8e705a60f45f2be1ec3d8c235496bbccda,True,35564316,1786641537,2026-08-13T17:18:57+00:00,0.26524466750313674,False,1083045238055635194478592,1874.93,0.024993330315593,46.86074480861478,True,True,0.018830842326727434,35.30651120365107,0.7534346999358916,2074517078059603247688,True,35568887,0x0c0c560eed87da2404f9c953cc8685bc8c1a6465f57c7e10f773217bd739a79e,7.387658943228113,0.13911584072356642,1.037265152e-05,0.1391054680720464,7.38710811011401,0x68634e035322376a824b69af143fb087ea214d55,2934.360746271766,3731745252065878638094,False,
0xa0266f6b55e610a6e5ff563fbc00a63d9b9626d0,0x8295cf34769a9a02402162e64181b32d08c04f3b,0xf7728f1b3e4e5ba9d080fab8e7c36c37445b38a3e229d0250b7a43029c2e371e,1786641900,True,31,0x1ffd2a9aa88d4c793e6d11229fa21ae677d250dd,True,35564431,1786641548,2026-08-13T17:19:08+00:00,0.29410288582183186,False,291052137699178946691596288,1874.93,0.15,281.2395,True,True,0.15,281.2395,1.0,14831940760258309141203,True,35584129,0xe7398534fc46236d295acc5a0fe06ed9fe20e6dd9fb796e808e65cc48550d7a3,6.165757247105092,0.9248635870657638,1.357122096e-05,0.9248500158448038,6.1656667722986915,0xdf5dc950f1e4cfc22abfaaeb23be8d44ab395069,19272.543759007123,30687291642555737381421,False,
0xa0266f6b55e610a6e5ff563fbc00a63d9b9626d0,0x8295cf34769a9a02402162e64181b32d08c04f3b,0xf7728f1b3e4e5ba9d080fab8e7c36c37445b38a3e229d0250b7a43029c2e371e,1786641900,True,32,0x218f7b64bc72c18a51c22508a64cad50ea2c6b21,True,35564469,1786641552,2026-08-13T17:19:12+00:00,0.30363864491844417,False,633830126372660193525760,1874.93,0.25,468.7325,True,True,0.028228180195932803,52.925861894760295,0.11291272078373121,3583554767484198735029,True,35568970,0xb888bcd3be1debf3fae83833275efe6d0f41c81991e2e4ddbae2c45c7a715cfd,7.982207381217238,0.22532318831830508,1.0558086912e-05,0.22531263023139309,7.981833354735945,0x78e50889fa6909d41784df790b2b8fcdbbf6cb2f,5079.920903860676,3583554767484198735029,False,
0xa0266f6b55e610a6e5ff563fbc00a63d9b9626d0,0x8295cf34769a9a02402162e64181b32d08c04f3b,0xf7728f1b3e4e5ba9d080fab8e7c36c37445b38a3e229d0250b7a43029c2e371e,1786641900,True,33,0xeeb88de8b69a0d322fefa1a982a2106087cf8f2d,True,35564503,1786641555,2026-08-13T17:19:15+00:00,0.31217063989962357,False,631321369178635694505984,1874.93,0.2,374.986,True,True,0.004049543122599095,7.592609886854722,0.020247715612995473,521544577248855724619,True,35568887,0x0c0c560eed87da2404f9c953cc8685bc8c1a6465f57c7e10f773217bd739a79e,8.636643163832128,0.03497445892643888,1.037265152e-05,0.03496408627491888,8.634081726354868,0x68634e035322376a824b69af143fb087ea214d55,2934.360746271766,521544577248855724619,False,
0xa0266f6b55e610a6e5ff563fbc00a63d9b9626d0,0x8295cf34769a9a02402162e64181b32d08c04f3b,0xf7728f1b3e4e5ba9d080fab8e7c36c37445b38a3e229d0250b7a43029c2e371e,1786641900,True,34,0x04051ada2673279bc032f0360b54a92c442c86b5,True,35564530,1786641558,2026-08-13T17:19:18+00:00,0.3189460476787955,False,1379226160903115755225088,1874.93,0.35,656.2255,True,True,0.35,656.2255,1.0,34154398752330481171786,False,,,,,,,,,,34311952941156506192677,False,
0xa0266f6b55e610a6e5ff563fbc00a63d9b9626d0,0x8295cf34769a9a02402162e64181b32d08c04f3b,0xf7728f1b3e4e5ba9d080fab8e7c36c37445b38a3e229d0250b7a43029c2e371e,1786641900,True,35,0xc6eea0186313b1480168ab65c1924d2551f2686e,True,35564638,1786641569,2026-08-13T17:19:29+00:00,0.34604767879548304,False,631395156154930532712448,1874.93,0.1,187.493,True,True,0.00120090053501242,2.2516044401108366,0.0120090053501242,150690327323455800230,True,35568803,0x9733c1f7cc7ff1ede657cc9640770e1042e189879f71565d1c886657ecc31650,5.5382438071794065,0.006650879951070971,8.937592898e-06,0.006641942358172971,5.530801398222608,0x12875878c0d46b8c1f709cf63c13302ce2b1f061,505.85213265350586,658488977796211519526,False,
0xa0266f6b55e610a6e5ff563fbc00a63d9b9626d0,0x8295cf34769a9a02402162e64181b32d08c04f3b,0xf7728f1b3e4e5ba9d080fab8e7c36c37445b38a3e229d0250b7a43029c2e371e,1786641900,True,36,0x5d80776044712e7d6b1dc4da3c2ce702d929fa7d,True,35564700,1786641575,2026-08-13T17:19:35+00:00,0.3616060225846926,False,1032943881151440052289536,1874.93,0.2,374.986,True,True,0.14324071883680162,268.56632096868447,0.716203594184008,15152023984079299887186,True,35574049,0x4e2691b30b578d77f8bd609bd309f486f6b2d47433e03749023553860b3e83f7,5.2606325145647626,0.7535367829225078,1.426705464e-05,0.7535225158678678,5.260532912616686,0x1e03fa0a2d55da323b2a84fa5e311e401065d2aa,24020.44136638863,15152023984079299887186,False,
0xa0266f6b55e610a6e5ff563fbc00a63d9b9626d0,0x8295cf34769a9a02402162e64181b32d08c04f3b,0xf7728f1b3e4e5ba9d080fab8e7c36c37445b38a3e229d0250b7a43029c2e371e,1786641900,True,37,0xc6eea0186313b1480168ab65c1924d2551f2686e,True,35564811,1786641586,2026-08-13T17:19:46+00:00,0.3894604767879548,False,633903913348955031732224,1874.93,0.1,187.493,True,True,0.004062792541465776,7.617451619770428,0.04062792541465776,507798650472755719296,True,35568887,0x0c0c560eed87da2404f9c953cc8685bc8c1a6465f57c7e10f773217bd739a79e,8.38159102992242,0.03405266552198526,1.037265152e-05,0.034042292870465264,8.379037945704082,0x68634e035322376a824b69af143fb087ea214d55,2934.360746271766,658488977796211519526,False,
0xa0266f6b55e610a6e5ff563fbc00a63d9b9626d0,0x8295cf34769a9a02402162e64181b32d08c04f3b,0xf7728f1b3e4e5ba9d080fab8e7c36c37445b38a3e229d0250b7a43029c2e371e,1786641900,True,38,0xb0dc4980d62543f761554427debd832919b9f7a7,True,35564832,1786641589,2026-08-13T17:19:49+00:00,0.3947302383939774,False,633903913348955031732224,1874.93,0.275,515.60575,True,True,0.008874783490978547,16.63959781074041,0.03227193996719472,1109210361216202017387,True,35568887,0x0c0c560eed87da2404f9c953cc8685bc8c1a6465f57c7e10f773217bd739a79e,8.381383661677583,0.07438296535221353,1.037265152e-05,0.07437259270069353,8.380214883697754,0x68634e035322376a824b69af143fb087ea214d55,2934.360746271766,1109210361216202017387,False,
0xa0266f6b55e610a6e5ff563fbc00a63d9b9626d0,0x8295cf34769a9a02402162e64181b32d08c04f3b,0xf7728f1b3e4e5ba9d080fab8e7c36c37445b38a3e229d0250b7a43029c2e371e,1786641900,True,39,0x2181868add06a1c52b0c77e82fd7c1e5bd6afb21,True,35564943,1786641600,2026-08-13T17:20:00+00:00,0.42258469259723963,False,673453732642988310396928,1874.93,0.25,468.7325,True,True,0.05238152876878099,98.21169973445053,0.20952611507512395,6338409245619518621388,True,35571504,0x125502837df7d840e805961c4ab4490d23abce2260009f972959bdf3607b7f4e,21.324917697291962,1.1170317898525857,1.0957279374e-05,1.1170208325732118,21.32470851516934,0xa23fa579023b4a1cbcb4f79bd97750cc819c9218,6793.490735161377,14479674875110460273490,False,
0xa0266f6b55e610a6e5ff563fbc00a63d9b9626d0,0x8295cf34769a9a02402162e64181b32d08c04f3b,0xf7728f1b3e4e5ba9d080fab8e7c36c37445b38a3e229d0250b7a43029c2e371e,1786641900,True,40,0x4ff992b013c1952682df99f9cfab47a6e921c27e,True,35564961,1786641602,2026-08-13T17:20:02+00:00,0.4271016311166876,False,633977700325249869938688,1874.93,0.15,281.2395,True,True,4.411316900761e-06,0.008270910396743821,2.9408779338406665e-05,551282059504744631,True,35568887,0x0c0c560eed87da2404f9c953cc8685bc8c1a6465f57c7e10f773217bd739a79e,8.380408174751674,3.6968636216557704e-05,1.037265152e-05,2.6595984696557704e-05,6.0290351599926115,0x68634e035322376a824b69af143fb087ea214d55,2934.360746271766,551282059504744631,False,
0xa0266f6b55e610a6e5ff563fbc00a63d9b9626d0,0x8295cf34769a9a02402162e64181b32d08c04f3b,0xf7728f1b3e4e5ba9d080fab8e7c36c37445b38a3e229d0250b7a43029c2e371e,1786641900,True,41,0xd0725e8e705a60f45f2be1ec3d8c235496bbccda,True,35564982,1786641604,2026-08-13T17:20:04+00:00,0.4323713927227102,False,1521930173057332846526464,1874.93,0.018,33.74874,True,True,0.018,33.74874,1.0,1657228174006275390406,True,35568887,0x0c0c560eed87da2404f9c953cc8685bc8c1a6465f57c7e10f773217bd739a79e,6.17403906608647,0.11113270318955645,1.037265152e-05,0.11112233053803645,6.173462807668692,0x68634e035322376a824b69af143fb087ea214d55,2934.360746271766,3731745252065878638094,False,
0xa0266f6b55e610a6e5ff563fbc00a63d9b9626d0,0x8295cf34769a9a02402162e64181b32d08c04f3b,0xf7728f1b3e4e5ba9d080fab8e7c36c37445b38a3e229d0250b7a43029c2e371e,1786641900,True,42,0xcc25e3da6ae56c40a257b45dfa73f15b8f651de3,True,35565164,1786641622,2026-08-13T17:20:22+00:00,0.4780426599749059,False,638700066808119515152384,1874.93,0.0563928497427985,105.73264576826519,True,True,3.40011447068e-07,0.0006374976624512052,6.029336141350443e-06,42177046136258653,False,,,,,,,,,,42177046136258653,False,
0xa0266f6b55e610a6e5ff563fbc00a63d9b9626d0,0x8295cf34769a9a02402162e64181b32d08c04f3b,0xf7728f1b3e4e5ba9d080fab8e7c36c37445b38a3e229d0250b7a43029c2e371e,1786641900,True,43,0x0e606f11d2460454b63d73dc71941ee2c642c87b,True,35565186,1786641624,2026-08-13T17:20:24+00:00,0.4835633626097867,False,1189667418801676402819072,1874.93,0.25,468.7325,True,True,0.23530126336248786,441.1733977162294,0.9412050534499514,21289907842741344105073,False,,,,,,,,,,21289907842741344105073,False,
0xa0266f6b55e610a6e5ff563fbc00a63d9b9626d0,0x8295cf34769a9a02402162e64181b32d08c04f3b,0xf7728f1b3e4e5ba9d080fab8e7c36c37445b38a3e229d0250b7a43029c2e371e,1786641900,True,44,0x68634e035322376a824b69af143fb087ea214d55,True,35565219,1786641627,2026-08-13T17:20:27+00:00,0.4918444165621079,False,1333920957458085096456192,1874.93,0.3,562.479,True,True,0.3,562.479,1.0,26524823504693786518439,False,,,,,,,,,,26524823504693786518439,False,
0xa0266f6b55e610a6e5ff563fbc00a63d9b9626d0,0x8295cf34769a9a02402162e64181b32d08c04f3b,0xf7728f1b3e4e5ba9d080fab8e7c36c37445b38a3e229d0250b7a43029c2e371e,1786641900,True,45,0x86a45ad3fe4c909936fd08fb7dc93c46b8c7dfc5,True,35565404,1786641644,2026-08-13T17:20:44+00:00,0.5382685069008782,False,2872305626229166863024128,1874.93,0.0927664878192321,173.9306710069128,True,True,0.0927664878192321,173.9306710069128,1.0,7929433173470520850145,True,35572027,0x2a9c1ac6f91ad1ee008a6fe0a9da6b5b0f8894793a75d8660dea177f6e2479bf,12.473768554135203,1.1571476986371036,1.1843745858e-05,1.1571358548912456,12.473640881457964,0x62e5332dcb286f1753d245707c91a38821bb5645,8333.157392484849,19346555215535859563338,False,
0xa0266f6b55e610a6e5ff563fbc00a63d9b9626d0,0x8295cf34769a9a02402162e64181b32d08c04f3b,0xf7728f1b3e4e5ba9d080fab8e7c36c37445b38a3e229d0250b7a43029c2e371e,1786641900,True,46,0xefe6d3c387b1461d941d13f957a5cf8ae9b78ee5,True,35565475,1786641651,2026-08-13T17:20:51+00:00,0.5560853199498118,False,673527519619283148603392,1874.93,0.05133161477035748,96.24318448138634,True,True,0.001592265132507768,2.9853856648927897,0.03101919040792099,187320991343323723437,True,35568803,0x9733c1f7cc7ff1ede657cc9640770e1042e189879f71565d1c886657ecc31650,5.1923599938791325,0.00826761377368199,8.937592898e-06,0.00825867618078399,5.186746862802197,0x12875878c0d46b8c1f709cf63c13302ce2b1f061,505.85213265350586,3024643875354708619692,False,
0xa0266f6b55e610a6e5ff563fbc00a63d9b9626d0,0x8295cf34769a9a02402162e64181b32d08c04f3b,0xf7728f1b3e4e5ba9d080fab8e7c36c37445b38a3e229d0250b7a43029c2e371e,1786641900,True,47,0xbd721b312c2c52a8d14d87a22daa43c10952f6c8,True,35565529,1786641656,2026-08-13T17:20:56+00:00,0.5696361355081556,False,673527519619283148603392,1874.93,0.15,281.2395,True,True,7.6351122298445e-05,0.1431530097310235,0.0005090074819896333,8981309522477968274,True,35568803,0x9733c1f7cc7ff1ede657cc9640770e1042e189879f71565d1c886657ecc31650,5.191800203553232,0.0003963997722905845,8.937592898e-06,0.00038746217939258443,5.07474111353666,0x12875878c0d46b8c1f709cf63c13302ce2b1f061,505.85213265350586,8981309522477968274,False,
0xa0266f6b55e610a6e5ff563fbc00a63d9b9626d0,0x8295cf34769a9a02402162e64181b32d08c04f3b,0xf7728f1b3e4e5ba9d080fab8e7c36c37445b38a3e229d0250b7a43029c2e371e,1786641900,True,48,0x83cd3bfe18ee5009745cced7bd975b1fe24de7fb,True,35565530,1786641656,2026-08-13T17:20:56+00:00,0.5698870765370138,False,1245966881714637954351104,1874.93,0.25,468.7325,True,True,0.23849238707481193,447.15653129817713,0.9539695482992477,20046424851396505716944,False,,,,,,,,,,20046424851396505716944,False,
0xa0266f6b55e610a6e5ff563fbc00a63d9b9626d0,0x8295cf34769a9a02402162e64181b32d08c04f3b,0xf7728f1b3e4e5ba9d080fab8e7c36c37445b38a3e229d0250b7a43029c2e371e,1786641900,True,49,0xc0aa26f3646eabe151ce07722766f2f988885723,True,35565570,1786641660,2026-08-13T17:21:00+00:00,0.5799247176913426,False,1086734586870377104801792,1874.93,0.1,187.493,True,True,0.05872976185358694,110.11419239214577,0.5872976185358695,5336035730991807052066,True,35571504,0x125502837df7d840e805961c4ab4490d23abce2260009f972959bdf3607b7f4e,16.012006059605383,0.9403813026788151,1.0957279374e-05,0.9403703453994412,16.01181948845256,0xa23fa579023b4a1cbcb4f79bd97750cc819c9218,6793.490735161377,5336035730991807052066,False,
0xa0266f6b55e610a6e5ff563fbc00a63d9b9626d0,0x8295cf34769a9a02402162e64181b32d08c04f3b,0xf7728f1b3e4e5ba9d080fab8e7c36c37445b38a3e229d0250b7a43029c2e371e,1786641900,True,50,0xd8ba9e5886b7000bace2c9dbdd0be98ac77d4a28,True,35565683,1786641672,2026-08-13T17:21:12+00:00,0.6082810539523212,False,972512347565967561195520,1874.93,0.25,468.7325,True,True,0.0784150513890296,147.02273230083327,0.3136602055561184,7388117946737066947242,True,35572027,0x2a9c1ac6f91ad1ee008a6fe0a9da6b5b0f8894793a75d8660dea177f6e2479bf,13.749314346778522,1.0781531910665598,1.1843745858e-05,1.0781413473207018,13.749163307588365,0x62e5332dcb286f1753d245707c91a38821bb5645,8333.157392484849,16685125800935324829453,False,
0xa0266f6b55e610a6e5ff563fbc00a63d9b9626d0,0x8295cf34769a9a02402162e64181b32d08c04f3b,0xf7728f1b3e4e5ba9d080fab8e7c36c37445b38a3e229d0250b7a43029c2e371e,1786641900,True,51,0x2f4af4e9016ea2f611089dc3f43c260a62c39ce4,True,35565808,1786641685,2026-08-13T17:21:25+00:00,0.6396486825595985,False,342703611401376049922048000,1874.93,0.15,281.2395,True,True,0.15,281.2395,1.0,11616660388179829941588,True,35604305,0x5013414b28af1471032af7a07d2cef43e972f0753cfc4d681da4777823f433fd,5.644199318903421,0.8466298978355131,1.2718070312e-05,0.8466171797652011,5.6441145317680075,0xb56424e16aa257b314140957e4248098e311a7c9,14534.704054673713,11616660388179829941588,False,
0xa0266f6b55e610a6e5ff563fbc00a63d9b9626d0,0x8295cf34769a9a02402162e64181b32d08c04f3b,0xf7728f1b3e4e5ba9d080fab8e7c36c37445b38a3e229d0250b7a43029c2e371e,1786641900,True,52,0xa3f441ebdae425daad76f177b59620515ec66c11,True,35565850,1786641689,2026-08-13T17:21:29+00:00,0.6501882057716437,False,1262568951380976550805504,1874.93,0.25,468.7325,True,True,0.25,468.7325,1.0,19169868631770597680173,False,,,,,,,,,,19169868631770597680173,False,
0xa0266f6b55e610a6e5ff563fbc00a63d9b9626d0,0x8295cf34769a9a02402162e64181b32d08c04f3b,0xf7728f1b3e4e5ba9d080fab8e7c36c37445b38a3e229d0250b7a43029c2e371e,1786641900,True,53,0x8bfee4f379d78955c5a42e9335af361a7e9101e3,True,35566079,1786641712,2026-08-13T17:21:52+00:00,0.7076537013801757,False,1167162391031750749847552,1874.93,0.25,468.7325,True,True,0.2240343347639485,420.04869527896994,0.896137339055794,16860358173929980323555,False,,,,,,,,,,18936935224299670142765,False,
0xa0266f6b55e610a6e5ff563fbc00a63d9b9626d0,0x8295cf34769a9a02402162e64181b32d08c04f3b,0xf7728f1b3e4e5ba9d080fab8e7c36c37445b38a3e229d0250b7a43029c2e371e,1786641900,True,54,0xefe6d3c387b1461d941d13f957a5cf8ae9b78ee5,True,35566130,1786641717,2026-08-13T17:21:57+00:00,0.7204516938519447,False,45613928153848261824741376,1874.93,0.0384951164164541,72.1756486227023,True,True,0.0384951164164541,72.1756486227023,1.0,2837322884011384896255,True,35570857,0xb5708037d4616d7a64426c2d33a2347cb623ec58224f48146f3e620826426cb1,12.20368632085208,0.4697823256310893,1.0666620064e-05,0.4697716590110253,12.203409230637607,0x86ef6fba97d8aa0bfe11fcbe25f32ebae0211be3,4045.136760281204,3024643875354708619692,False,
0xa0266f6b55e610a6e5ff563fbc00a63d9b9626d0,0x8295cf34769a9a02402162e64181b32d08c04f3b,0xf7728f1b3e4e5ba9d080fab8e7c36c37445b38a3e229d0250b7a43029c2e371e,1786641900,True,55,0xb745e6a94aae2de48b5e76600d4e6f1708cc7923,True,35566216,1786641726,2026-08-13T17:22:06+00:00,0.7420326223337516,False,1308907172494134944464896,1874.93,0.25,468.7325,True,True,0.25,468.7325,1.0,18264185535385833329832,False,,,,,,,,,,18264185535385833329832,False,
0xa0266f6b55e610a6e5ff563fbc00a63d9b9626d0,0x8295cf34769a9a02402162e64181b32d08c04f3b,0xf7728f1b3e4e5ba9d080fab8e7c36c37445b38a3e229d0250b7a43029c2e371e,1786641900,True,56,0x2181868add06a1c52b0c77e82fd7c1e5bd6afb21,True,35566522,1786641756,2026-08-13T17:22:36+00:00,0.8188205771643664,True,1109165827664007919566848,1874.93,0.2,374.986,True,True,0.11338587083978258,212.59057081363355,0.5669293541989129,8141265629490941652102,True,35572027,0x2a9c1ac6f91ad1ee008a6fe0a9da6b5b0f8894793a75d8660dea177f6e2479bf,10.47803000050522,1.1880605562926518,1.1843745858e-05,1.1880487125467938,10.477925545287206,0x62e5332dcb286f1753d245707c91a38821bb5645,8333.157392484849,14479674875110460273490,False,300
0xa0266f6b55e610a6e5ff563fbc00a63d9b9626d0,0x8295cf34769a9a02402162e64181b32d08c04f3b,0xf7728f1b3e4e5ba9d080fab8e7c36c37445b38a3e229d0250b7a43029c2e371e,1786641900,True,57,0x7e2fa25081f34a54a9d98d825d06734379446e40,True,35566625,1786641767,2026-08-13T17:22:47+00:00,0.8446675031367629,True,498333699849899193069993984,1874.93,0.1,187.493,True,True,0.1,187.493,1.0,6989733769929515605083,True,35572027,0x2a9c1ac6f91ad1ee008a6fe0a9da6b5b0f8894793a75d8660dea177f6e2479bf,10.200167110330783,1.0200167110330782,1.1843745858e-05,1.0200048672872204,10.200048672872203,0x62e5332dcb286f1753d245707c91a38821bb5645,8333.157392484849,13512737538681902303904,False,
0xa0266f6b55e610a6e5ff563fbc00a63d9b9626d0,0x8295cf34769a9a02402162e64181b32d08c04f3b,0xf7728f1b3e4e5ba9d080fab8e7c36c37445b38a3e229d0250b7a43029c2e371e,1786641900,True,58,0x7e2fa25081f34a54a9d98d825d06734379446e40,True,35567123,1786641817,2026-08-13T17:23:37+00:00,0.9696361355081556,True,554619807320151378886656000,1874.93,0.1,187.493,True,True,0.1,187.493,1.0,6358769536894468790714,True,35571504,0x125502837df7d840e805961c4ab4490d23abce2260009f972959bdf3607b7f4e,11.206199287252051,1.1206199287252052,1.0957279374e-05,1.1206089714458312,11.206089714458312,0xa23fa579023b4a1cbcb4f79bd97750cc819c9218,6793.490735161377,13512737538681902303904,False,
0xa2bc7c6ea11fc8688d9a9846e97e27b95230ea29,0x688db8ab311e39a9e3343e861ff5420b1b7bdde8,0x529d1c9db233b932c9e06328dc579bfd51671e19b7dda6a811cc7a78d9e4f171,1783960997,False,0,0x3b32f61130784200f92452411bed78ec0f115f15,True,8818697,1783960868,2026-07-13T16:41:08+00:00,0.06333333333333334,False,400102220697034904779,1770.21,0.1,177.021,True,True,0.052351021627943216,92.67230199600135,0.5235102162794322,10435445637454718425048859,True,8820226,0x62dc93847633a0c999ab45a01bcce513f3fe888d641f70714ec30811997c9c46,5.4817027306245905,0.2869727382088833,1.0285071732e-05,0.2869624531371513,5.481506266994805,0x1d19456b1ac3eadc003910c38fc923cd4ea9a8fa,11857178.86004134,10435445637454718425048859,False,
0xa2bc7c6ea11fc8688d9a9846e97e27b95230ea29,0x688db8ab311e39a9e3343e861ff5420b1b7bdde8,0x529d1c9db233b932c9e06328dc579bfd51671e19b7dda6a811cc7a78d9e4f171,1783960997,False,1,0x000461a73d3985eef4923655782aa5d0de75c111,True,8818928,1783960891,2026-07-13T16:41:31+00:00,0.25583333333333336,False,400102220697034904779,1770.21,1.0,1770.21,True,True,0.4640730516030655,821.5067566782626,0.4640730516030655,92423665576395477609737532,False,,,,,,,,,,92423665576395477609737532,False,
0xa2bc7c6ea11fc8688d9a9846e97e27b95230ea29,0x688db8ab311e39a9e3343e861ff5420b1b7bdde8,0x529d1c9db233b932c9e06328dc579bfd51671e19b7dda6a811cc7a78d9e4f171,1783960997,False,2,0x6f0f03b663bd8bb97af53af4ed9d1e7c82985460,True,8818968,1783960895,2026-07-13T16:41:35+00:00,0.2891666666666667,False,400102220697034904779,1770.21,0.3439089646239904,608.791088267034,True,True,0.15491044908654628,274.22402607749507,0.45044027641418466,30844220324955288049418631,False,,,,,,,,,,30844220324955288049418631,False,
0xa2bc7c6ea11fc8688d9a9846e97e27b95230ea29,0x688db8ab311e39a9e3343e861ff5420b1b7bdde8,0x529d1c9db233b932c9e06328dc579bfd51671e19b7dda6a811cc7a78d9e4f171,1783960997,False,3,0x4b0cf4f22e3f83c3e73dd6ce399b48a114ae8cb2,True,8819050,1783960904,2026-07-13T16:41:44+00:00,0.3575,False,400102220697034904779,1770.21,0.3604444364690213,638.0623458818262,True,True,0.15096923007908955,267.2472407783051,0.41884189296417323,30041039311047783688980149,False,,,,,,,,,,30041039311047783688980149,False,
0xa2bc7c6ea11fc8688d9a9846e97e27b95230ea29,0x688db8ab311e39a9e3343e861ff5420b1b7bdde8,0x529d1c9db233b932c9e06328dc579bfd51671e19b7dda6a811cc7a78d9e4f171,1783960997,False,4,0x4462f08bd34026569d01b94108ff9d98c873cdf9,True,8819143,1783960913,2026-07-13T16:41:53+00:00,0.435,False,400102220697034904779,1770.21,0.2127620221889109,376.633459299032,True,True,0.08008330165772727,141.7642614275254,0.3763984795492379,15919874662124764665015896,True,8821931,0x911c3f85ced529304864ed524c948248d8c56597e8ec3187fe081f63b9798427,5.469806300989322,0.43804014801146524,9.775158354e-06,0.43803037285311125,5.4696842386098785,0x8001033ca4b8669c40e9d8b272601576ba452687,22528782.825275537,15919874662124764665015896,False,
0xa2bc7c6ea11fc8688d9a9846e97e27b95230ea29,0x688db8ab311e39a9e3343e861ff5420b1b7bdde8,0x529d1c9db233b932c9e06328dc579bfd51671e19b7dda6a811cc7a78d9e4f171,1783960997,False,5,0x365f6bc10224ab1dd38fde4a8ef15c0ac66070ea,True,8819169,1783960916,2026-07-13T16:41:56+00:00,0.45666666666666667,False,400102220697034904779,1770.21,0.1,177.021,True,True,0.0363109366909145,64.27798323962377,0.363109366909145,7215727826043590853347963,True,8820220,0xf6e06d871d4806f7ac780a654fb8ecde933b7cf04061821530acaf2722394e95,6.033006877662476,0.21906413079065395,9.70817393e-06,0.21905442261672395,6.032739515407059,0x9ec2f5e65548f87e107aa61bec0a4c13ce6ba663,9803921.56862745,26868517171858866165744169,False,
0xa2bc7c6ea11fc8688d9a9846e97e27b95230ea29,0x688db8ab311e39a9e3343e861ff5420b1b7bdde8,0x529d1c9db233b932c9e06328dc579bfd51671e19b7dda6a811cc7a78d9e4f171,1783960997,False,6,0xb47c23f57fa19c0ecaa275a52584eeb89e4649a9,True,8819182,1783960917,2026-07-13T16:41:57+00:00,0.4675,False,400102220697034904779,1770.21,0.11154408688085302,197.45645803735482,True,True,0.03973759514439741,70.34388830056375,0.3562501272420074,7895138064218079202268698,True,8820220,0xf6e06d871d4806f7ac780a654fb8ecde933b7cf04061821530acaf2722394e95,6.031832563198925,0.2396905203751918,9.70817393e-06,0.2396808122012618,6.031588256166889,0x9ec2f5e65548f87e107aa61bec0a4c13ce6ba663,9803921.56862745,22178219890783444389921388,False,
0xa2bc7c6ea11fc8688d9a9846e97e27b95230ea29,0x688db8ab311e39a9e3343e861ff5420b1b7bdde8,0x529d1c9db233b932c9e06328dc579bfd51671e19b7dda6a811cc7a78d9e4f171,1783960997,False,7,0x0774a5d417e860261aaa0d19ea39fdb662fc52a9,True,8819245,1783960923,2026-07-13T16:42:03+00:00,0.52,False,400102220697034904779,1770.21,0.23762803738648847,420.6515280619357,True,True,0.07602608312958527,134.58213261682312,0.3199373439504244,15087332211145581038679738,True,8821542,0x9567a6ae32283b3deda89ba8b0c231bc755dde8ecd799d0dde41cf5ecf77bdb1,6.538406071282776,0.4970894035103293,9.755566728e-06,0.4970796479436013,6.538277752601523,0x6f0f03b663bd8bb97af53af4ed9d1e7c82985460,15422110.162477644,15087332211145581038679738,False,
0xa2bc7c6ea11fc8688d9a9846e97e27b95230ea29,0x688db8ab311e39a9e3343e861ff5420b1b7bdde8,0x529d1c9db233b932c9e06328dc579bfd51671e19b7dda6a811cc7a78d9e4f171,1783960997,False,8,0x89e44ccf4e9767eb01ba3d54ef14e9c7da7947e8,True,8819321,1783960931,2026-07-13T16:42:11+00:00,0.5833333333333334,False,400102220697034904779,1770.21,0.20822508399962178,368.6021259469705,True,True,0.056056517226032734,99.2318073586954,0.26921116394475586,11100300440798561658649680,True,8820226,0x62dc93847633a0c999ab45a01bcce513f3fe888d641f70714ec30811997c9c46,5.445506283879087,0.3052561168067376,1.0285071732e-05,0.3052458317350056,5.445322807055322,0x1d19456b1ac3eadc003910c38fc923cd4ea9a8fa,11857178.86004134,11100300440798561658649680,False,
0xa2bc7c6ea11fc8688d9a9846e97e27b95230ea29,0x688db8ab311e39a9e3343e861ff5420b1b7bdde8,0x529d1c9db233b932c9e06328dc579bfd51671e19b7dda6a811cc7a78d9e4f171,1783960997,False,9,0x199cc4e872de273e630c9ad104cf8d4516a95a99,True,8819456,1783960943,2026-07-13T16:42:23+00:00,0.6958333333333333,False,404063628822748121658,1770.21,0.1,177.021,True,True,0.089784144953334,158.9367912378414,0.89784144953334,17671531911932833022743252,True,8821931,0x911c3f85ced529304864ed524c948248d8c56597e8ec3187fe081f63b9798427,5.415627951569014,0.4862375250169997,9.775158354e-06,0.4862277498586457,5.4155190775761834,0x8001033ca4b8669c40e9d8b272601576ba452687,22528782.825275537,31536189555593498795087295,False,
0xa2bc7c6ea11fc8688d9a9846e97e27b95230ea29,0x688db8ab311e39a9e3343e861ff5420b1b7bdde8,0x529d1c9db233b932c9e06328dc579bfd51671e19b7dda6a811cc7a78d9e4f171,1783960997,False,10,0x8243b9a23d933d33e1db3f6c5544776f19ff296e,True,8819474,1783960945,2026-07-13T16:42:25+00:00,0.7108333333333333,False,404063628822748121658,1770.21,0.25287534007213547,447.64245574909495,True,True,0.2264782684527254,400.91409559769903,0.8956123139097706,44569391921452475418088051,False,,,,,,,,,,44569391921452475418088051,False,
0xa2bc7c6ea11fc8688d9a9846e97e27b95230ea29,0x688db8ab311e39a9e3343e861ff5420b1b7bdde8,0x529d1c9db233b932c9e06328dc579bfd51671e19b7dda6a811cc7a78d9e4f171,1783960997,False,11,0x45827fa9560be11b31978662e8ae3873d8b4373d,True,8819559,1783960953,2026-07-13T16:42:33+00:00,0.7816666666666666,True,404063628822748121658,1770.21,0.3101702444384998,549.0664684074767,True,True,0.27398008306743116,485.0022828467973,0.8833216208840936,53872634128931569150178836,False,,,,,,,,,,53872634128931569150178836,False,500
0xa2bc7c6ea11fc8688d9a9846e97e27b95230ea29,0x688db8ab311e39a9e3343e861ff5420b1b7bdde8,0x529d1c9db233b932c9e06328dc579bfd51671e19b7dda6a811cc7a78d9e4f171,1783960997,False,12,0x199cc4e872de273e630c9ad104cf8d4516a95a99,True,8819570,1783960954,2026-07-13T16:42:34+00:00,0.7908333333333334,True,404063628822748121658,1770.21,0.08,141.6168,True,True,0.07052030746555045,124.83575347859205,0.8815038433193806,13864657643660665772344043,True,8821542,0x9567a6ae32283b3deda89ba8b0c231bc755dde8ecd799d0dde41cf5ecf77bdb1,6.477642938184736,0.45680537165283913,9.755566728e-06,0.45679561608611113,6.477504601199566,0x6f0f03b663bd8bb97af53af4ed9d1e7c82985460,15422110.162477644,31536189555593498795087295,False,100
0xa2bc7c6ea11fc8688d9a9846e97e27b95230ea29,0x688db8ab311e39a9e3343e861ff5420b1b7bdde8,0x529d1c9db233b932c9e06328dc579bfd51671e19b7dda6a811cc7a78d9e4f171,1783960997,False,13,0x365f6bc10224ab1dd38fde4a8ef15c0ac66070ea,True,8819577,1783960955,2026-07-13T16:42:35+00:00,0.7966666666666666,True,570442770102703230576,1770.21,0.1,177.021,True,True,0.1,177.021,1.0,19652789345815275312396206,True,8821931,0x911c3f85ced529304864ed524c948248d8c56597e8ec3187fe081f63b9798427,5.407524202662346,0.5407524202662346,9.775158354e-06,0.5407426451078806,5.407426451078806,0x8001033ca4b8669c40e9d8b272601576ba452687,22528782.825275537,26868517171858866165744169,False,
0xa2bc7c6ea11fc8688d9a9846e97e27b95230ea29,0x688db8ab311e39a9e3343e861ff5420b1b7bdde8,0x529d1c9db233b932c9e06328dc579bfd51671e19b7dda6a811cc7a78d9e4f171,1783960997,False,14,0x755273aa4a8ed3f514328701d2f139e5f8c04728,True,8819634,1783960961,2026-07-13T16:42:41+00:00,0.8441666666666666,True,404063628822748121658,1770.21,0.20744818066544785,367.22684389578245,True,True,0.18040211686342492,319.34963129280345,0.8696249650622863,35438571829468300348497904,False,,,,,,,,,,35438571829468300348497904,False,300
0xa2bc7c6ea11fc8688d9a9846e97e27b95230ea29,0x688db8ab311e39a9e3343e861ff5420b1b7bdde8,0x529d1c9db233b932c9e06328dc579bfd51671e19b7dda6a811cc7a78d9e4f171,1783960997,False,15,0xb47c23f57fa19c0ecaa275a52584eeb89e4649a9,True,8819636,1783960961,2026-07-13T16:42:41+00:00,0.8458333333333333,True,404063628822748121658,1770.21,0.08365128441070976,148.0803401766825,True,True,0.07271097237964888,128.71369041617825,0.8692152534401467,14283081826565365187652690,True,8821542,0x9567a6ae32283b3deda89ba8b0c231bc755dde8ecd799d0dde41cf5ecf77bdb1,6.472082188668631,0.47059138925910227,9.755566728e-06,0.47058163369237427,6.471948019554827,0x6f0f03b663bd8bb97af53af4ed9d1e7c82985460,15422110.162477644,22178219890783444389921388,False,
0xa2bc7c6ea11fc8688d9a9846e97e27b95230ea29,0x688db8ab311e39a9e3343e861ff5420b1b7bdde8,0x529d1c9db233b932c9e06328dc579bfd51671e19b7dda6a811cc7a78d9e4f171,1783960997,False,16,0x8001033ca4b8669c40e9d8b272601576ba452687,True,8819736,1783960971,2026-07-13T16:42:51+00:00,0.9291666666666667,True,404063628822748121658,1770.21,0.3629143297116091,642.4345755987874,True,True,0.3063914464237473,542.3772023737818,0.8442528204031574,60076754200734768632815608,False,,,,,,,,,,60076754200734768632815608,False,
0xa2bc7c6ea11fc8688d9a9846e97e27b95230ea29,0x688db8ab311e39a9e3343e861ff5420b1b7bdde8,0x529d1c9db233b932c9e06328dc579bfd51671e19b7dda6a811cc7a78d9e4f171,1783960997,False,17,0x9ec2f5e65548f87e107aa61bec0a4c13ce6ba663,True,8819801,1783960978,2026-07-13T16:42:58+00:00,0.9833333333333333,True,633825300114114700640,1770.21,0.1,177.021,True,True,0.1,177.021,1.0,19607843137254901964136248,True,8821931,0x911c3f85ced529304864ed524c948248d8c56597e8ec3187fe081f63b9798427,5.395157117953331,0.5395157117953331,9.775158354e-06,0.5395059366369791,5.395059366369791,0x8001033ca4b8669c40e9d8b272601576ba452687,22528782.825275537,19607843137254901964136248,False,
0xa46f388764416221ebb28e1cbb18d82900c42548,0x2db70c6d774d8bf9019b15901183d7331ee7a3fb,0x33ecab24d2d5a444154abce4ececbd1c76168400c3677404e44c1dbfe93abe49,1783968348,False,0,0x3db02a32c8c82ed33eb9e159c9348cb0beb3a734,True,8890748,1783968083,2026-07-13T18:41:23+00:00,0.276,False,227852830991500123141,1763.09,1.5,2644.635,True,True,1.427553524105,2516.9053428142843,0.9517023494033333,496383749604677561394774121,False,,,,,,,,,,499999999999999999999999998,False,
0xa46f388764416221ebb28e1cbb18d82900c42548,0x2db70c6d774d8bf9019b15901183d7331ee7a3fb,0x33ecab24d2d5a444154abce4ececbd1c76168400c3677404e44c1dbfe93abe49,1783968348,False,1,0x3db02a32c8c82ed33eb9e159c9348cb0beb3a734,True,8891015,1783968109,2026-07-13T18:41:49+00:00,0.365,False,230108799615178342182,1763.09,0.01,17.6309,True,True,0.01,17.6309,1.0,3477163841656190966563345,False,,,,,,,,,,499999999999999999999999998,False,
0xa46f388764416221ebb28e1cbb18d82900c42548,0x2db70c6d774d8bf9019b15901183d7331ee7a3fb,0x33ecab24d2d5a444154abce4ececbd1c76168400c3677404e44c1dbfe93abe49,1783968348,False,2,0x3db02a32c8c82ed33eb9e159c9348cb0beb3a734,True,8891212,1783968129,2026-07-13T18:42:09+00:00,0.43066666666666664,False,230108799615178342182,1763.09,0.0001,0.176309,True,True,0.0001,0.176309,1.0,34771638416561909665633,False,,,,,,,,,,499999999999999999999999998,False,
0xa46f388764416221ebb28e1cbb18d82900c42548,0x2db70c6d774d8bf9019b15901183d7331ee7a3fb,0x33ecab24d2d5a444154abce4ececbd1c76168400c3677404e44c1dbfe93abe49,1783968348,False,3,0x3db02a32c8c82ed33eb9e159c9348cb0beb3a734,True,8891392,1783968147,2026-07-13T18:42:27+00:00,0.49066666666666664,False,230108799615178342182,1763.09,0.0001,0.176309,True,True,0.0001,0.176309,1.0,34771638416561909665633,False,,,,,,,,,,499999999999999999999999998,False,
0xa46f388764416221ebb28e1cbb18d82900c42548,0x2db70c6d774d8bf9019b15901183d7331ee7a3fb,0x33ecab24d2d5a444154abce4ececbd1c76168400c3677404e44c1dbfe93abe49,1783968348,False,4,0x3db02a32c8c82ed33eb9e159c9348cb0beb3a734,True,8891773,1783968186,2026-07-13T18:43:06+00:00,0.6176666666666667,False,230108799615178342182,1763.09,0.0001,0.176309,True,True,0.0001,0.176309,1.0,34771638416561909665633,False,,,,,,,,,,499999999999999999999999998,False,
0xa46f388764416221ebb28e1cbb18d82900c42548,0x2db70c6d774d8bf9019b15901183d7331ee7a3fb,0x33ecab24d2d5a444154abce4ececbd1c76168400c3677404e44c1dbfe93abe49,1783968348,False,5,0x3db02a32c8c82ed33eb9e159c9348cb0beb3a734,True,8891992,1783968208,2026-07-13T18:43:28+00:00,0.6906666666666667,False,230108799615178342182,1763.09,0.0001,0.176309,True,True,0.0001,0.176309,1.0,34771638416561909665633,False,,,,,,,,,,499999999999999999999999998,False,
0xaedfcb2e9eb32d80d1c46668975df205f02f5564,0x8818dc82609a9e37dee1dfad3e51379a82d81593,0x9ae444518c3d6eee7b5ab463f13ce142c1dc38289886e7ae5db3dff6b1f551e6,1785272294,False,0,0x749c5e7acf6905f3972854be7a8f77c38dc6360a,True,21894456,1785272039,2026-07-28T20:53:59+00:00,0.055859375,False,208714747310391274673,1916.11,0.5,958.055,True,True,0.06452365947445632,123.63442915560049,0.12904731894891264,24652150340496867636191295,True,21897082,0x0a4fa08d2921afbff167b136264c187f4684660171dfbdf94e0b50af3c718b77,5.8095383800272105,0.3748526761366603,5.36333434e-06,0.3748473128023203,5.809455258047092,0x371903abb32f5f69b536b77495e92adedfea25da,25556530.2338395,24652150340496867636191295,False,
0xaedfcb2e9eb32d80d1c46668975df205f02f5564,0x8818dc82609a9e37dee1dfad3e51379a82d81593,0x9ae444518c3d6eee7b5ab463f13ce142c1dc38289886e7ae5db3dff6b1f551e6,1785272294,False,1,0x60289ad360193c9aa557a7f66409ff4cc4126692,True,21894479,1785272041,2026-07-28T20:54:01+00:00,0.06484375,False,409163564034232399854,1916.11,0.25,479.0275,True,True,0.110668342645165,212.0527180258271,0.44267337058066,32442072071842324208057274,False,,,,,,,,,,32442072071842324208057274,False,
0xaedfcb2e9eb32d80d1c46668975df205f02f5564,0x8818dc82609a9e37dee1dfad3e51379a82d81593,0x9ae444518c3d6eee7b5ab463f13ce142c1dc38289886e7ae5db3dff6b1f551e6,1785272294,False,2,0x921b56c06d972d31061aa1d62d15848c421a5047,True,21894597,1785272053,2026-07-28T20:54:13+00:00,0.1109375,False,553817349298860015964,1916.11,0.05,95.8055,True,True,0.05,95.8055,1.0,11502673693296843053304475,True,21900249,0xbe466f7e1a36da09f7ff2f61dddd5dbcfb5bf9dd09b1d90e81ec9019e9797cda,5.129430916277509,0.2564715458138755,5.336450892e-06,0.2564662093629835,5.1293241872596695,0x1e5c75f991df569c6fac02efbbbc58e2f879adec,16905617.80413635,18924816159317741001129225,False,
0xaedfcb2e9eb32d80d1c46668975df205f02f5564,0x8818dc82609a9e37dee1dfad3e51379a82d81593,0x9ae444518c3d6eee7b5ab463f13ce142c1dc38289886e7ae5db3dff6b1f551e6,1785272294,False,3,0xff28e5ce1277dcdf7ae7b41c60b4cfb6884806bf,True,21894666,1785272060,2026-07-28T20:54:20+00:00,0.137890625,False,574482175765235389694,1916.11,0.35,670.6385,True,True,0.35,670.6385,1.0,79715527843469464216433684,False,,,,,,,,,,79715527843469464216433684,False,
0xaedfcb2e9eb32d80d1c46668975df205f02f5564,0x8818dc82609a9e37dee1dfad3e51379a82d81593,0x9ae444518c3d6eee7b5ab463f13ce142c1dc38289886e7ae5db3dff6b1f551e6,1785272294,False,4,0x921b56c06d972d31061aa1d62d15848c421a5047,True,21894698,1785272063,2026-07-28T20:54:23+00:00,0.150390625,False,208714747310391274673,1916.11,0.05,95.8055,True,True,0.004251722540949585,8.146768077938908,0.0850344508189917,1621062206384100518960404,True,21897071,0x5a481b17f6729ae6ea14c2d74f9d960a45606f2945f0f651b88cffe583d6f2da,7.4682192240963525,0.031752796015843486,4.63127976e-06,0.03174816473608348,7.467129952697433,0x533477e39fbb8cc3642369ce47099685653a0882,21009827.161484938,18924816159317741001129225,False,
0xaedfcb2e9eb32d80d1c46668975df205f02f5564,0x8818dc82609a9e37dee1dfad3e51379a82d81593,0x9ae444518c3d6eee7b5ab463f13ce142c1dc38289886e7ae5db3dff6b1f551e6,1785272294,False,5,0x921b56c06d972d31061aa1d62d15848c421a5047,True,21894816,1785272075,2026-07-28T20:54:35+00:00,0.196484375,False,208714747310391274673,1916.11,0.06,114.9666,True,True,0.003435785753264412,6.583343439687472,0.0572630958877402,1306099730249438247059351,True,21897071,0x5a481b17f6729ae6ea14c2d74f9d960a45606f2945f0f651b88cffe583d6f2da,7.4461633267826155,0.025583421874639647,4.63127976e-06,0.02557879059487965,7.444815373186964,0x533477e39fbb8cc3642369ce47099685653a0882,21009827.161484938,18924816159317741001129225,False,
0xaedfcb2e9eb32d80d1c46668975df205f02f5564,0x8818dc82609a9e37dee1dfad3e51379a82d81593,0x9ae444518c3d6eee7b5ab463f13ce142c1dc38289886e7ae5db3dff6b1f551e6,1785272294,False,6,0xd8ba9e5886b7000bace2c9dbdd0be98ac77d4a28,True,21894848,1785272078,2026-07-28T20:54:38+00:00,0.208984375,False,400897633447682250362,1916.11,0.275,526.93025,True,True,0.09466413393652251,181.38689367711015,0.34423321431462733,26913286465944734853678948,False,,,,,,,,,,26913286465944734853678948,False,
0xaedfcb2e9eb32d80d1c46668975df205f02f5564,0x8818dc82609a9e37dee1dfad3e51379a82d81593,0x9ae444518c3d6eee7b5ab463f13ce142c1dc38289886e7ae5db3dff6b1f551e6,1785272294,False,7,0x921b56c06d972d31061aa1d62d15848c421a5047,True,21894949,1785272088,2026-07-28T20:54:48+00:00,0.2484375,False,210781229957028812046,1916.11,0.05,95.8055,True,True,0.004476938521350388,8.578306670144691,0.08953877042700777,1699446815842032081490940,True,21897071,0x5a481b17f6729ae6ea14c2d74f9d960a45606f2945f0f651b88cffe583d6f2da,7.435475381694714,0.03328816616086155,4.63127976e-06,0.03328353488110154,7.434440906966524,0x533477e39fbb8cc3642369ce47099685653a0882,21009827.161484938,18924816159317741001129225,False,
0xaedfcb2e9eb32d80d1c46668975df205f02f5564,0x8818dc82609a9e37dee1dfad3e51379a82d81593,0x9ae444518c3d6eee7b5ab463f13ce142c1dc38289886e7ae5db3dff6b1f551e6,1785272294,False,8,0x8a494ed488c5bc157e0fb2983fdfb90e2d63b691,False,21895008,1785272094,2026-07-28T20:54:54+00:00,0.271484375,False,210781229957028812046,1916.11,0.1,191.611,True,True,0.007363824548824998,14.109897856249066,0.07363824548824997,2795309366487632772869142,True,21897071,0x5a481b17f6729ae6ea14c2d74f9d960a45606f2945f0f651b88cffe583d6f2da,7.435475381694714,0.05475353614790746,4.63127976e-06,0.054748904868147465,7.434846458540816,0x533477e39fbb8cc3642369ce47099685653a0882,21009827.161484938,,False,
0xaedfcb2e9eb32d80d1c46668975df205f02f5564,0x8818dc82609a9e37dee1dfad3e51379a82d81593,0x9ae444518c3d6eee7b5ab463f13ce142c1dc38289886e7ae5db3dff6b1f551e6,1785272294,False,9,0x371903abb32f5f69b536b77495e92adedfea25da,True,21895249,1785272118,2026-07-28T20:55:18+00:00,0.365625,False,390565220214494563497,1916.11,0.7,1341.277,True,True,0.15701191963576508,300.85210933328585,0.22430274233680728,38080186214020277688216544,False,,,,,,,,,,38080186214020277688216544,False,
0xaedfcb2e9eb32d80d1c46668975df205f02f5564,0x8818dc82609a9e37dee1dfad3e51379a82d81593,0x9ae444518c3d6eee7b5ab463f13ce142c1dc38289886e7ae5db3dff6b1f551e6,1785272294,False,10,0xa105977b93814e4f90a704bf3078653d076746f0,True,21895380,1785272132,2026-07-28T20:55:32+00:00,0.416796875,False,285174605235980157474,1916.11,0.15,287.4165,True,True,0.000167144247235247,0.3202667635699291,0.0011142949815683134,46436573734608684518199,True,21897071,0x5a481b17f6729ae6ea14c2d74f9d960a45606f2945f0f651b88cffe583d6f2da,5.4419058952983015,0.0009095832643946875,4.63127976e-06,0.0009049519846346875,5.414197614357698,0x533477e39fbb8cc3642369ce47099685653a0882,21009827.161484938,46436573734608684518199,False,
0xaedfcb2e9eb32d80d1c46668975df205f02f5564,0x8818dc82609a9e37dee1dfad3e51379a82d81593,0x9ae444518c3d6eee7b5ab463f13ce142c1dc38289886e7ae5db3dff6b1f551e6,1785272294,False,11,0x3a9732edd0624b39d006c89a0e327020dc06eb99,True,21895445,1785272138,2026-07-28T20:55:38+00:00,0.4421875,False,287241087882617694847,1916.11,0.4,766.444,True,True,2.548878437582e-05,0.04883931463035246,6.372196093955e-05,7030434140549270530745,True,21897071,0x5a481b17f6729ae6ea14c2d74f9d960a45606f2945f0f651b88cffe583d6f2da,5.402755493173751,0.00013770966980078278,4.63127976e-06,0.00013307839004078278,5.221056762794381,0x533477e39fbb8cc3642369ce47099685653a0882,21009827.161484938,7030434140549270530745,False,
0xaedfcb2e9eb32d80d1c46668975df205f02f5564,0x8818dc82609a9e37dee1dfad3e51379a82d81593,0x9ae444518c3d6eee7b5ab463f13ce142c1dc38289886e7ae5db3dff6b1f551e6,1785272294,False,12,0x8a494ed488c5bc157e0fb2983fdfb90e2d63b691,False,21895449,1785272139,2026-07-28T20:55:39+00:00,0.44375,False,2308261116294129245641,1916.11,0.05,95.8055,True,True,0.05,95.8055,1.0,9696317963439511109998115,False,,,,,,,,,,,False,
0xaedfcb2e9eb32d80d1c46668975df205f02f5564,0x8818dc82609a9e37dee1dfad3e51379a82d81593,0x9ae444518c3d6eee7b5ab463f13ce142c1dc38289886e7ae5db3dff6b1f551e6,1785272294,False,13,0x921b56c06d972d31061aa1d62d15848c421a5047,True,21895476,1785272141,2026-07-28T20:55:41+00:00,0.454296875,False,419495977267420086719,1916.11,0.05,95.8055,True,True,0.013101495923843675,25.103907354636103,0.26202991847687346,2795533713545327100314055,True,21900002,0x1b0d34f05c12d1250c504da945822b6cc21a56224188128387ae13e896866496,5.012943273607801,0.06567705586563218,2.87615447e-06,0.06567417971116217,5.012723744900033,0x7ccaf7ce05332b68015c8a7716daee929e0ded1a,4206782.891342381,18924816159317741001129225,False,
0xaedfcb2e9eb32d80d1c46668975df205f02f5564,0x8818dc82609a9e37dee1dfad3e51379a82d81593,0x9ae444518c3d6eee7b5ab463f13ce142c1dc38289886e7ae5db3dff6b1f551e6,1785272294,False,14,0xf9631c2e2b19b7795bf3e145580e54b1c65e2e98,True,21895566,1785272150,2026-07-28T20:55:50+00:00,0.489453125,False,384365772274581951378,1916.11,0.2,383.222,True,True,0.013920913912595295,26.674002357062967,0.06960456956297648,3090007606942595298201431,True,21899951,0x720910634bf94143316e6c33e5e2acf3884c83d50b3d6beac2c8498a58ec88bc,5.036294162410129,0.07010981747341763,5.364121014e-06,0.07010445335240363,5.035908834187595,0x0f84d2da979180394fbf9c4499febd0f602a6767,6281216.841013277,40446853901530704421998435,False,
0xaedfcb2e9eb32d80d1c46668975df205f02f5564,0x8818dc82609a9e37dee1dfad3e51379a82d81593,0x9ae444518c3d6eee7b5ab463f13ce142c1dc38289886e7ae5db3dff6b1f551e6,1785272294,False,15,0x8295935703d543a6db78b9eede2f67f7d43b8622,True,21895662,1785272160,2026-07-28T20:56:00+00:00,0.526953125,False,41356517207157035445849,1916.11,0.1,191.611,True,True,0.1,191.611,1.0,18920829779192315715923288,False,,,,,,,,,,18920829779192315715923288,False,
0xaedfcb2e9eb32d80d1c46668975df205f02f5564,0x8818dc82609a9e37dee1dfad3e51379a82d81593,0x9ae444518c3d6eee7b5ab463f13ce142c1dc38289886e7ae5db3dff6b1f551e6,1785272294,False,16,0x347ffc6db9acc54ac2019795173b9599e8b82bd9,True,21895733,1785272167,2026-07-28T20:56:07+00:00,0.5546875,False,518687144306021880623,1916.11,0.2,383.222,True,True,0.2,383.222,1.0,37684694841572502428692429,False,,,,,,,,,,37684694841572502428692429,False,
0xaedfcb2e9eb32d80d1c46668975df205f02f5564,0x8818dc82609a9e37dee1dfad3e51379a82d81593,0x9ae444518c3d6eee7b5ab463f13ce142c1dc38289886e7ae5db3dff6b1f551e6,1785272294,False,17,0xf9631c2e2b19b7795bf3e145580e54b1c65e2e98,True,21895742,1785272168,2026-07-28T20:56:08+00:00,0.558203125,False,624077759284536286646,1916.11,0.1,191.611,True,True,0.1,191.611,1.0,18835290013024271868433370,False,,,,,,,,,,40446853901530704421998435,False,
0xaedfcb2e9eb32d80d1c46668975df205f02f5564,0x8818dc82609a9e37dee1dfad3e51379a82d81593,0x9ae444518c3d6eee7b5ab463f13ce142c1dc38289886e7ae5db3dff6b1f551e6,1785272294,False,18,0xe28601398a5448d1147e6e8b0e0c6d686f0d216d,True,21895873,1785272181,2026-07-28T20:56:21+00:00,0.609375,False,13082901635862249108463,1916.11,0.4,766.444,True,True,0.4,766.444,1.0,74974740017619926304559680,False,,,,,,,,,,74974740017619926304559680,False,
0xaedfcb2e9eb32d80d1c46668975df205f02f5564,0x8818dc82609a9e37dee1dfad3e51379a82d81593,0x9ae444518c3d6eee7b5ab463f13ce142c1dc38289886e7ae5db3dff6b1f551e6,1785272294,False,19,0xf8dab0990e5c3eaed17072ad949e4934437c92f9,True,21895902,1785272184,2026-07-28T20:56:24+00:00,0.620703125,False,392631702861132100870,1916.11,0.04,76.6444,True,False,0.0,0.0,0.0,0,False,,,,,,,,,,581602098964408244494378,False,
0xaedfcb2e9eb32d80d1c46668975df205f02f5564,0x8818dc82609a9e37dee1dfad3e51379a82d81593,0x9ae444518c3d6eee7b5ab463f13ce142c1dc38289886e7ae5db3dff6b1f551e6,1785272294,False,20,0x4959e556a1be6bba4c89deea1bb49140e5ca7d29,True,21895902,1785272184,2026-07-28T20:56:24+00:00,0.620703125,False,427761907853970236211,1916.11,0.2,383.222,True,True,0.1239200786761046,237.4445019520708,0.619600393380523,23352394715561846122467103,False,,,,,,,,,,23352394715561846122467103,False,
0xaedfcb2e9eb32d80d1c46668975df205f02f5564,0x8818dc82609a9e37dee1dfad3e51379a82d81593,0x9ae444518c3d6eee7b5ab463f13ce142c1dc38289886e7ae5db3dff6b1f551e6,1785272294,False,21,0x8a494ed488c5bc157e0fb2983fdfb90e2d63b691,False,21895919,1785272186,2026-07-28T20:56:26+00:00,0.62734375,False,1987956306065310952826,1916.11,0.08,153.2888,True,True,0.08,153.2888,1.0,14970441888619954161652906,False,,,,,,,,,,,False,
0xaedfcb2e9eb32d80d1c46668975df205f02f5564,0x8818dc82609a9e37dee1dfad3e51379a82d81593,0x9ae444518c3d6eee7b5ab463f13ce142c1dc38289886e7ae5db3dff6b1f551e6,1785272294,False,22,0xf8dab0990e5c3eaed17072ad949e4934437c92f9,True,21896051,1785272199,2026-07-28T20:56:39+00:00,0.67890625,False,402964116094319787735,1916.11,0.05,95.8055,True,True,0.001709615019072542,3.2758104341950887,0.03419230038145084,337865941993850210352183,True,21900245,0x6c810276ee6c66cc7a5991e6c483dffa1f298f41d3c0c72cd5a34a3bb8ee4393,5.515375904696898,0.009429169482500627,4.858486542e-06,0.009424310995958626,5.512534044694618,0x1e50ed5bd344afb042a02dbd0a39fb7b4a013c61,406785.9051321405,581602098964408244494378,False,
0xaedfcb2e9eb32d80d1c46668975df205f02f5564,0x8818dc82609a9e37dee1dfad3e51379a82d81593,0x9ae444518c3d6eee7b5ab463f13ce142c1dc38289886e7ae5db3dff6b1f551e6,1785272294,False,23,0x73ae2419bc96b9146f3dfd991ceccfb7a5f72a4a,True,21896114,1785272205,2026-07-28T20:56:45+00:00,0.703515625,False,41358583689803672983222,1916.11,0.3,574.833,True,True,0.3,574.833,1.0,55795309324044631158588593,False,,,,,,,,,,55795309324044631158588593,False,
0xaedfcb2e9eb32d80d1c46668975df205f02f5564,0x8818dc82609a9e37dee1dfad3e51379a82d81593,0x9ae444518c3d6eee7b5ab463f13ce142c1dc38289886e7ae5db3dff6b1f551e6,1785272294,False,24,0xf8dab0990e5c3eaed17072ad949e4934437c92f9,True,21896305,1785272225,2026-07-28T20:57:05+00:00,0.778125,True,421562459914057624092,1916.11,0.05,95.8055,True,True,0.001296887503657656,2.484979114633471,0.02593775007315312,243736156970558034142195,True,21900245,0x6c810276ee6c66cc7a5991e6c483dffa1f298f41d3c0c72cd5a34a3bb8ee4393,5.245014340741169,0.00680219355501242,4.858486542e-06,0.00679733506847042,5.24126807398457,0x1e50ed5bd344afb042a02dbd0a39fb7b4a013c61,406785.9051321405,581602098964408244494378,False,100
0xaedfcb2e9eb32d80d1c46668975df205f02f5564,0x8818dc82609a9e37dee1dfad3e51379a82d81593,0x9ae444518c3d6eee7b5ab463f13ce142c1dc38289886e7ae5db3dff6b1f551e6,1785272294,False,25,0xf9631c2e2b19b7795bf3e145580e54b1c65e2e98,True,21896538,1785272248,2026-07-28T20:57:28+00:00,0.869140625,True,748066718082788529026,1916.11,0.1,191.611,True,True,0.1,191.611,1.0,18521556281563837255363634,False,,,,,,,,,,40446853901530704421998435,False,
0xb17aaf93d30020e575ca25565e399f5de2181fcc,0xc98d46ec0ffcd0ba6b09d96122cd643067212132,0x6d55a5f0a4ed8b39d41f7038ba837d2461c1a43dab3ad72b40e066704a4dbffc,1785452232,False,0,0x8240f3afc40fe5c68bb2ea5dfc5d94a911b38ded,True,23686502,1785451741,2026-07-30T22:49:01+00:00,0.0027083333333333334,False,320081776557627923803,1923.99,0.001,1.92399,True,True,0.000492559553918771,0.9476796561441763,0.492559553918771,123097360069727331551115,True,23691435,0x10cafc9d61b00859ccfb2ab77cfe9ea84868d692c9da1fbfbab9f3015326a7ea,5.538610149561074,0.0027280953445977803,2.23574708e-06,0.0027258595975177802,5.534071110449534,0x4b10f6d49c94802069aa2e095b3c67c85836c805,2349948.754675514,123097360069727331551115,False,
0xb17aaf93d30020e575ca25565e399f5de2181fcc,0xc98d46ec0ffcd0ba6b09d96122cd643067212132,0x6d55a5f0a4ed8b39d41f7038ba837d2461c1a43dab3ad72b40e066704a4dbffc,1785452232,False,1,0x8bfee4f379d78955c5a42e9335af361a7e9101e3,True,23687964,1785451888,2026-07-30T22:51:28+00:00,0.3072916666666667,False,532413252095856348504,1923.99,0.167,321.30633,True,True,0.1315103710894505,253.02463887239185,0.7874872520326377,27913946268074645030556029,False,,,,,,,,,,27913946268074645030556029,False,
0xb17aaf93d30020e575ca25565e399f5de2181fcc,0xc98d46ec0ffcd0ba6b09d96122cd643067212132,0x6d55a5f0a4ed8b39d41f7038ba837d2461c1a43dab3ad72b40e066704a4dbffc,1785452232,False,2,0xfd7e55a555555c2f25053a38ec744de1afea4fa4,True,23687969,1785451888,2026-07-30T22:51:28+00:00,0.30833333333333335,False,320081776557627923803,1923.99,0.4,769.596,True,True,0.10735599691359682,206.55186450179116,0.2683899922839921,26814472834744037664086535,False,,,,,,,,,,26814472834744037664086535,False,
0xb17aaf93d30020e575ca25565e399f5de2181fcc,0xc98d46ec0ffcd0ba6b09d96122cd643067212132,0x6d55a5f0a4ed8b39d41f7038ba837d2461c1a43dab3ad72b40e066704a4dbffc,1785452232,False,3,0x34b5471c7e0f5ba2d72a135bdf519831f2543a6e,True,23688029,1785451894,2026-07-30T22:51:34+00:00,0.32083333333333336,False,323250903058198497306,1923.99,0.1,192.399,True,True,0.02950225111819769,56.76203612890118,0.2950225111819769,7359393959722288670966467,True,23691680,0xcdbe7baedf9126def7ef48c309702dd53166bcb9ba891df595c0e8e711094489,8.241295492580873,0.24313676916139168,2.114529248e-06,0.24313465463214368,8.241223819092653,0xea7ca3b7c4f9671c792167afbd399e78122232b6,9682524.696336543,17997512855095858806630933,False,
0xb17aaf93d30020e575ca25565e399f5de2181fcc,0xc98d46ec0ffcd0ba6b09d96122cd643067212132,0x6d55a5f0a4ed8b39d41f7038ba837d2461c1a43dab3ad72b40e066704a4dbffc,1785452232,False,4,0x4959e556a1be6bba4c89deea1bb49140e5ca7d29,True,23688157,1785451907,2026-07-30T22:51:47+00:00,0.3475,False,703546083126667317666,1923.99,0.3,577.197,True,True,0.3,577.197,1.0,57290678749456414241242423,False,,,,,,,,,,57290678749456414241242423,False,
0xb17aaf93d30020e575ca25565e399f5de2181fcc,0xc98d46ec0ffcd0ba6b09d96122cd643067212132,0x6d55a5f0a4ed8b39d41f7038ba837d2461c1a43dab3ad72b40e066704a4dbffc,1785452232,False,5,0xd8ba9e5886b7000bace2c9dbdd0be98ac77d4a28,True,23688239,1785451915,2026-07-30T22:51:55+00:00,0.3645833333333333,False,519736746093574054492,1923.99,0.3,577.197,True,True,0.23049932727487313,443.4784006835832,0.7683310909162437,47904336513251945501266536,False,,,,,,,,,,96398448929384915225266075,False,
0xb17aaf93d30020e575ca25565e399f5de2181fcc,0xc98d46ec0ffcd0ba6b09d96122cd643067212132,0x6d55a5f0a4ed8b39d41f7038ba837d2461c1a43dab3ad72b40e066704a4dbffc,1785452232,False,6,0xc3dfbb05fcbf300c1de0c6ac087515c9238f8053,True,23688298,1785451921,2026-07-30T22:52:01+00:00,0.376875,False,345434788562192511827,1923.99,0.25,480.9975,True,True,0.07027616826006647,135.21064497068528,0.2811046730402659,17367103117322500694114050,False,,,,,,,,,,17367103117322500694114050,False,
0xb17aaf93d30020e575ca25565e399f5de2181fcc,0xc98d46ec0ffcd0ba6b09d96122cd643067212132,0x6d55a5f0a4ed8b39d41f7038ba837d2461c1a43dab3ad72b40e066704a4dbffc,1785452232,False,7,0xa105977b93814e4f90a704bf3078653d076746f0,True,23688306,1785451922,2026-07-30T22:52:02+00:00,0.37854166666666667,False,732068221631802479193,1923.99,0.3,577.197,True,True,0.3,577.197,1.0,56406330918912972829141103,False,,,,,,,,,,56406330918912972829141103,False,
0xb17aaf93d30020e575ca25565e399f5de2181fcc,0xc98d46ec0ffcd0ba6b09d96122cd643067212132,0x6d55a5f0a4ed8b39d41f7038ba837d2461c1a43dab3ad72b40e066704a4dbffc,1785452232,False,8,0x34b5471c7e0f5ba2d72a135bdf519831f2543a6e,True,23688521,1785451944,2026-07-30T22:52:24+00:00,0.42333333333333334,False,320081776557627923803,1923.99,0.1,192.399,True,True,0.012253136262153576,23.574911637020858,0.12253136262153576,3055930030945703409645779,True,23691444,0xa1683287bf528d7636a92c859ebdfc1d7c5922d1137d50e319b956ffc440779c,5.103526353376598,0.0625342038254152,4.085098496e-06,0.0625301187269192,5.103192961303859,0x24f5553e41b7a65644c977aa5d06df2028434e6d,5040786.326177944,17997512855095858806630933,False,
0xb17aaf93d30020e575ca25565e399f5de2181fcc,0xc98d46ec0ffcd0ba6b09d96122cd643067212132,0x6d55a5f0a4ed8b39d41f7038ba837d2461c1a43dab3ad72b40e066704a4dbffc,1785452232,False,9,0xd8ba9e5886b7000bace2c9dbdd0be98ac77d4a28,True,23688778,1785451969,2026-07-30T22:52:49+00:00,0.476875,False,617979667611261833085,1923.99,0.34,654.1566,True,True,0.2505094022960843,481.97758492364324,0.7367923596943656,48494112416132969723999539,False,,,,,,,,,,96398448929384915225266075,False,
0xb17aaf93d30020e575ca25565e399f5de2181fcc,0xc98d46ec0ffcd0ba6b09d96122cd643067212132,0x6d55a5f0a4ed8b39d41f7038ba837d2461c1a43dab3ad72b40e066704a4dbffc,1785452232,False,10,0x8f8952ce273546d8db48586e20aa884adcb95945,True,23688991,1785451991,2026-07-30T22:53:11+00:00,0.52125,False,646501806116396994612,1923.99,0.275,529.09725,True,True,0.275,529.09725,1.0,46689948558256903892107237,False,,,,,,,,,,46689948558256903892107237,False,
0xb17aaf93d30020e575ca25565e399f5de2181fcc,0xc98d46ec0ffcd0ba6b09d96122cd643067212132,0x6d55a5f0a4ed8b39d41f7038ba837d2461c1a43dab3ad72b40e066704a4dbffc,1785452232,False,11,0x807a21435a4002cb2babad3b4f6de9f24505b9e3,True,23689139,1785452006,2026-07-30T22:53:26+00:00,0.5520833333333334,False,1001443974180301226948,1923.99,0.5,961.995,True,True,0.5,961.995,1.0,82570033467629865434362381,False,,,,,,,,,,82570033467629865434362381,False,
0xb17aaf93d30020e575ca25565e399f5de2181fcc,0xc98d46ec0ffcd0ba6b09d96122cd643067212132,0x6d55a5f0a4ed8b39d41f7038ba837d2461c1a43dab3ad72b40e066704a4dbffc,1785452232,False,12,0x76746d731750f6ce28dd595beaeef78a985e4ee1,True,23689448,1785452037,2026-07-30T22:53:57+00:00,0.6164583333333333,False,408817318573603981887,1923.99,0.05,96.1995,True,True,0.001545678071159962,2.9738691521310554,0.03091356142319924,299550013790690268511729,True,23691680,0xcdbe7baedf9126def7ef48c309702dd53166bcb9ba891df595c0e8e711094489,6.4026371145681304,0.009896415785582853,2.114529248e-06,0.009894301256334852,6.401269087624193,0xea7ca3b7c4f9671c792167afbd399e78122232b6,9682524.696336543,299550013790690268511729,False,
0xb17aaf93d30020e575ca25565e399f5de2181fcc,0xc98d46ec0ffcd0ba6b09d96122cd643067212132,0x6d55a5f0a4ed8b39d41f7038ba837d2461c1a43dab3ad72b40e066704a4dbffc,1785452232,False,13,0x2254b804c64091457f48567e76fee730a05a4c2a,True,23689811,1785452073,2026-07-30T22:54:33+00:00,0.6920833333333334,False,456354216082162584432,1923.99,0.2,384.798,True,True,0.03471156187025683,66.78469792275544,0.17355780935128415,6026312824697366003324128,True,23691680,0xcdbe7baedf9126def7ef48c309702dd53166bcb9ba891df595c0e8e711094489,5.735695748467284,0.19909495784189118,2.114529248e-06,0.19909284331264318,5.735634831322273,0xea7ca3b7c4f9671c792167afbd399e78122232b6,9682524.696336543,6026312824697366003324128,False,
0xb17aaf93d30020e575ca25565e399f5de2181fcc,0xc98d46ec0ffcd0ba6b09d96122cd643067212132,0x6d55a5f0a4ed8b39d41f7038ba837d2461c1a43dab3ad72b40e066704a4dbffc,1785452232,False,14,0x34b5471c7e0f5ba2d72a135bdf519831f2543a6e,True,23690035,1785452096,2026-07-30T22:54:56+00:00,0.73875,False,513398493092432907486,1923.99,0.1,192.399,True,True,0.043673407859104514,84.0271999868385,0.4367340785910451,7582188864427866726018687,True,23691680,0xcdbe7baedf9126def7ef48c309702dd53166bcb9ba891df595c0e8e711094489,5.735695748467284,0.25049737977854347,2.114529248e-06,0.25049526524929544,5.735647331607881,0xea7ca3b7c4f9671c792167afbd399e78122232b6,9682524.696336543,17997512855095858806630933,False,
0xb17aaf93d30020e575ca25565e399f5de2181fcc,0xc98d46ec0ffcd0ba6b09d96122cd643067212132,0x6d55a5f0a4ed8b39d41f7038ba837d2461c1a43dab3ad72b40e066704a4dbffc,1785452232,False,15,0xccb09e51823ae0c3655fbc4d5afc123980f8d913,True,23690583,1785452151,2026-07-30T22:55:51+00:00,0.8529166666666667,True,798619878143784522756,1923.99,0.5,961.995,True,True,0.5,961.995,1.0,64102564102564102579106253,False,,,,,,,,,,64102564102564102579106253,False,
0xb1db93897b969798f93b367f9be6fa05780fb9d6,0x0acfd9562ee8d9fb46993d54a6e5b3652d943c12,0xeeb75f95e54338fdc56402405a572e813cb3b616576e2e11f6074ffafa5200e3,1785206952,False,0,0x01353b8cc22cd3cddd9af812a851cfe45a994f38,True,21244155,1785206773,2026-07-28T02:46:13+00:00,0.06777777777777778,False,299087467196004774628,1874.0,0.2,374.8,True,True,0.051224439687965966,95.99459997524822,0.2561221984398298,13589503278627039536017006,True,21257738,0x1274ad96113518d7f50e82a4bd3d993b2bd06297647299c89fc53b7a5dfb025f,12.212460817424017,0.6255764625837841,5.971774464e-06,0.6255704908093201,12.212344236852314,0x9cce2dac7c15f92601111b1e46153eaee020ef22,24073577.98405192,13589503278627039536017006,False,
0xb1db93897b969798f93b367f9be6fa05780fb9d6,0x0acfd9562ee8d9fb46993d54a6e5b3652d943c12,0xeeb75f95e54338fdc56402405a572e813cb3b616576e2e11f6074ffafa5200e3,1785206952,False,1,0x749c5e7acf6905f3972854be7a8f77c38dc6360a,True,21244175,1785206775,2026-07-28T02:46:15+00:00,0.07888888888888888,False,299087467196004774628,1874.0,0.4,749.6,True,True,0.10086153818655925,189.01452256161204,0.25215384546639813,26753082999325355203691510,False,,,,,,,,,,26753082999325355203691510,False,
0xb1db93897b969798f93b367f9be6fa05780fb9d6,0x0acfd9562ee8d9fb46993d54a6e5b3652d943c12,0xeeb75f95e54338fdc56402405a572e813cb3b616576e2e11f6074ffafa5200e3,1785206952,False,2,0x4959e556a1be6bba4c89deea1bb49140e5ca7d29,True,21244180,1785206775,2026-07-28T02:46:15+00:00,0.08166666666666667,False,299087467196004774628,1874.0,0.2,374.8,True,True,0.05023102655833689,94.13294377032334,0.25115513279168444,13322945554618162534598405,True,21257738,0x1274ad96113518d7f50e82a4bd3d993b2bd06297647299c89fc53b7a5dfb025f,12.20970065542518,0.6133057978920056,5.971774464e-06,0.6132998261175415,12.209581769253163,0x9cce2dac7c15f92601111b1e46153eaee020ef22,24073577.98405192,13322945554618162534598405,False,
0xb1db93897b969798f93b367f9be6fa05780fb9d6,0x0acfd9562ee8d9fb46993d54a6e5b3652d943c12,0xeeb75f95e54338fdc56402405a572e813cb3b616576e2e11f6074ffafa5200e3,1785206952,False,3,0xff28e5ce1277dcdf7ae7b41c60b4cfb6884806bf,True,21244209,1785206778,2026-07-28T02:46:18+00:00,0.09777777777777778,False,829153374404765711840,1874.0,0.55,1030.7,True,True,0.55,1030.7,1.0,143954816129991841826338825,False,,,,,,,,,,143954816129991841826338825,False,
0xb1db93897b969798f93b367f9be6fa05780fb9d6,0x0acfd9562ee8d9fb46993d54a6e5b3652d943c12,0xeeb75f95e54338fdc56402405a572e813cb3b616576e2e11f6074ffafa5200e3,1785206952,False,4,0x8bfee4f379d78955c5a42e9335af361a7e9101e3,True,21244219,1785206779,2026-07-28T02:46:19+00:00,0.10333333333333333,False,707741630295496446892,1874.0,0.25,468.5,True,True,0.25,468.5,1.0,65430085248049753419327444,False,,,,,,,,,,65430085248049753419327444,False,
0xb1db93897b969798f93b367f9be6fa05780fb9d6,0x0acfd9562ee8d9fb46993d54a6e5b3652d943c12,0xeeb75f95e54338fdc56402405a572e813cb3b616576e2e11f6074ffafa5200e3,1785206952,False,5,0xd0e935a071417bd6bb3542013ea16bb9e92043c0,True,21244252,1785206782,2026-07-28T02:46:22+00:00,0.12166666666666667,False,299087467196004774628,1874.0,0.2,374.8,True,True,0.04729442047349945,88.62974396733797,0.23647210236749724,12534980295313443328397360,True,21257738,0x1274ad96113518d7f50e82a4bd3d993b2bd06297647299c89fc53b7a5dfb025f,12.200863394469014,0.5770327635177454,5.971774464e-06,0.5770267917432813,12.20073712641447,0x9cce2dac7c15f92601111b1e46153eaee020ef22,24073577.98405192,12534980295313443328397360,False,
0xb1db93897b969798f93b367f9be6fa05780fb9d6,0x0acfd9562ee8d9fb46993d54a6e5b3652d943c12,0xeeb75f95e54338fdc56402405a572e813cb3b616576e2e11f6074ffafa5200e3,1785206952,False,6,0xad40395bd7af5a13bb9040975e5f0caa754c0b00,True,21244290,1785206786,2026-07-28T02:46:26+00:00,0.14277777777777778,False,319816301556123917424,1874.0,0.25,468.5,True,True,0.25,468.5,1.0,65398145348964166813696679,False,,,,,,,,,,104018379140845556561547107,False,
0xb1db93897b969798f93b367f9be6fa05780fb9d6,0x0acfd9562ee8d9fb46993d54a6e5b3652d943c12,0xeeb75f95e54338fdc56402405a572e813cb3b616576e2e11f6074ffafa5200e3,1785206952,False,7,0x60289ad360193c9aa557a7f66409ff4cc4126692,True,21244456,1785206803,2026-07-28T02:46:43+00:00,0.235,False,669245223626703753128,1874.0,0.3,562.2,True,True,0.3,562.2,1.0,78415236556803969130354227,False,,,,,,,,,,78415236556803969130354227,False,
0xb1db93897b969798f93b367f9be6fa05780fb9d6,0x0acfd9562ee8d9fb46993d54a6e5b3652d943c12,0xeeb75f95e54338fdc56402405a572e813cb3b616576e2e11f6074ffafa5200e3,1785206952,False,8,0x76746d731750f6ce28dd595beaeef78a985e4ee1,True,21244805,1785206838,2026-07-28T02:47:18+00:00,0.4288888888888889,False,302048729247450366456,1874.0,0.05,93.7,True,True,0.022715916934418823,42.56962833510087,0.45431833868837646,6007823084484622139302206,True,21250634,0x290f3b0472fb95cafb4f543ecfcdb4dfbe960f9b49b6ac5e22dda4e1a6b238ce,5.540194137929457,0.12585058983775962,6.865124624e-06,0.12584372471313565,5.539891921442057,0x4959e556a1be6bba4c89deea1bb49140e5ca7d29,6260293.3579452345,26273504413946212629283708,False,
0xb1db93897b969798f93b367f9be6fa05780fb9d6,0x0acfd9562ee8d9fb46993d54a6e5b3652d943c12,0xeeb75f95e54338fdc56402405a572e813cb3b616576e2e11f6074ffafa5200e3,1785206952,False,9,0x76746d731750f6ce28dd595beaeef78a985e4ee1,True,21245134,1785206871,2026-07-28T02:47:51+00:00,0.6116666666666667,False,302048729247450366456,1874.0,0.05,93.7,True,True,0.01671533914613594,31.324545559858752,0.3343067829227188,4416157531339307304522266,True,21250416,0x87a6f8976610a99b6fd6b79a53afc03ac336c88dc8d2588ec774cbd74a5c265d,6.1972218202265745,0.1035886644889211,6.901530316e-06,0.10358176295860509,6.1968089341788755,0x715d54b785152eefecc32d7d02b79440a9e84295,4482550.840531132,26273504413946212629283708,False,
0xb1db93897b969798f93b367f9be6fa05780fb9d6,0x0acfd9562ee8d9fb46993d54a6e5b3652d943c12,0xeeb75f95e54338fdc56402405a572e813cb3b616576e2e11f6074ffafa5200e3,1785206952,False,10,0xc05101a24ef8a847cab6760f74449b3c353691ee,True,21245318,1785206890,2026-07-28T02:48:10+00:00,0.7138888888888889,False,302048729247450366456,1874.0,0.0589007516543578,110.3800086002665,True,True,0.01386753378697612,25.987758316793247,0.23543899521611833,3657634624160175758846927,True,21250416,0x87a6f8976610a99b6fd6b79a53afc03ac336c88dc8d2588ec774cbd74a5c265d,6.186838283457088,0.0857961889303985,6.901530316e-06,0.0857892874000825,6.186340608064908,0x715d54b785152eefecc32d7d02b79440a9e84295,4482550.840531132,3657634624160175758846927,False,
0xb1db93897b969798f93b367f9be6fa05780fb9d6,0x0acfd9562ee8d9fb46993d54a6e5b3652d943c12,0xeeb75f95e54338fdc56402405a572e813cb3b616576e2e11f6074ffafa5200e3,1785206952,False,11,0x76746d731750f6ce28dd595beaeef78a985e4ee1,True,21245332,1785206891,2026-07-28T02:48:11+00:00,0.7216666666666667,False,302048729247450366456,1874.0,0.05,93.7,True,True,0.011325940757444829,21.22481297945161,0.22651881514889657,2986608566203532579318973,True,21250416,0x87a6f8976610a99b6fd6b79a53afc03ac336c88dc8d2588ec774cbd74a5c265d,6.1854556565093795,0.07005610432342724,6.901530316e-06,0.07004920279311125,6.184846300477611,0x715d54b785152eefecc32d7d02b79440a9e84295,4482550.840531132,26273504413946212629283708,False,
0xb1db93897b969798f93b367f9be6fa05780fb9d6,0x0acfd9562ee8d9fb46993d54a6e5b3652d943c12,0xeeb75f95e54338fdc56402405a572e813cb3b616576e2e11f6074ffafa5200e3,1785206952,False,12,0x4beb6970683d026102c2da4a149de224db640f30,True,21245477,1785206906,2026-07-28T02:48:26+00:00,0.8022222222222222,True,302048729247450366456,1874.0,0.1,187.4,True,True,0.011948223099247542,22.390970087989892,0.11948223099247542,3134049806540816351047790,True,21250416,0x87a6f8976610a99b6fd6b79a53afc03ac336c88dc8d2588ec774cbd74a5c265d,6.152763865849971,0.07351459534616421,6.901530316e-06,0.07350769381584822,6.152186246043354,0x715d54b785152eefecc32d7d02b79440a9e84295,4482550.840531132,3134049806540816351047790,False,
0xb1db93897b969798f93b367f9be6fa05780fb9d6,0x0acfd9562ee8d9fb46993d54a6e5b3652d943c12,0xeeb75f95e54338fdc56402405a572e813cb3b616576e2e11f6074ffafa5200e3,1785206952,False,13,0xafa0adb782345aaa73d9341f6b5c0da0afcedec6,True,21245605,1785206918,2026-07-28T02:48:38+00:00,0.8733333333333333,True,305009991298895958284,1874.0,0.5,937.0,True,True,0.023230628410262643,43.5341976408322,0.046461256820525286,6034294139542297203072741,True,21250634,0x290f3b0472fb95cafb4f543ecfcdb4dfbe960f9b49b6ac5e22dda4e1a6b238ce,5.441312115672794,0.12640509982345474,6.865124624e-06,0.12639823469883074,5.441016595271763,0x4959e556a1be6bba4c89deea1bb49140e5ca7d29,6260293.3579452345,6034294139542297203072741,False,
0xb1db93897b969798f93b367f9be6fa05780fb9d6,0x0acfd9562ee8d9fb46993d54a6e5b3652d943c12,0xeeb75f95e54338fdc56402405a572e813cb3b616576e2e11f6074ffafa5200e3,1785206952,False,14,0xad40395bd7af5a13bb9040975e5f0caa754c0b00,True,21245676,1785206926,2026-07-28T02:48:46+00:00,0.9127777777777778,True,435305521562501998716,1874.0,0.15,281.1,True,True,0.15,281.1,1.0,38620233791881389747850428,False,,,,,,,,,,104018379140845556561547107,False,300
0xb1db93897b969798f93b367f9be6fa05780fb9d6,0x0acfd9562ee8d9fb46993d54a6e5b3652d943c12,0xeeb75f95e54338fdc56402405a572e813cb3b616576e2e11f6074ffafa5200e3,1785206952,False,15,0x990969af978ec30774afa1b5c00492efb85d130c,True,21245744,1785206932,2026-07-28T02:48:52+00:00,0.9505555555555556,True,307971253350341550112,1874.0,1.0,1874.0,True,True,0.011200757216704238,20.990219024103745,0.011200757216704238,2881487812235376517476937,True,21250416,0x87a6f8976610a99b6fd6b79a53afc03ac336c88dc8d2588ec774cbd74a5c265d,6.034441483814394,0.06759031399861351,6.901530316e-06,0.06758341246829752,6.033825317408635,0x715d54b785152eefecc32d7d02b79440a9e84295,4482550.840531132,2881487812235376517476937,False,
0xb1db93897b969798f93b367f9be6fa05780fb9d6,0x0acfd9562ee8d9fb46993d54a6e5b3652d943c12,0xeeb75f95e54338fdc56402405a572e813cb3b616576e2e11f6074ffafa5200e3,1785206952,False,16,0x76746d731750f6ce28dd595beaeef78a985e4ee1,True,21245800,1785206938,2026-07-28T02:48:58+00:00,0.9816666666666667,True,310932515401787141940,1874.0,0.05,93.7,True,True,0.05,93.7,1.0,12862915231918750606140263,True,21257738,0x1274ad96113518d7f50e82a4bd3d993b2bd06297647299c89fc53b7a5dfb025f,11.84257708956052,0.592128854478026,5.971774464e-06,0.592122882703562,11.84245765407124,0x9cce2dac7c15f92601111b1e46153eaee020ef22,24073577.98405192,26273504413946212629283708,False,100
0xbadfe4ce3339b2664d899221b682ee0a116b4b3d,0xe2b7cd9dbc5a93626700575a1d96a74e1dcc238d,0x6d49b75dfdd71871877528e6d74b076df6ab90ea2aa3d0caa3becb1ba8793181,1784911800,False,0,0x371903abb32f5f69b536b77495e92adedfea25da,True,18304873,1784911744,2026-07-24T16:49:04+00:00,0.202,False,424662951076456849268,1855.6,0.5,927.8,True,True,0.14943805384317535,277.2972527113962,0.2988761076863507,46399536506207576312578368,False,,,,,,,,,,46399536506207576312578368,False,
0xbadfe4ce3339b2664d899221b682ee0a116b4b3d,0xe2b7cd9dbc5a93626700575a1d96a74e1dcc238d,0x6d49b75dfdd71871877528e6d74b076df6ab90ea2aa3d0caa3becb1ba8793181,1784911800,False,1,0xe28601398a5448d1147e6e8b0e0c6d686f0d216d,True,18304906,1784911748,2026-07-24T16:49:08+00:00,0.268,False,28469847917875747055217,1855.6,0.4,742.24,True,True,0.4,742.24,1.0,72951759238990553319963825,False,,,,,,,,,,72951759238990553319963825,False,
0xbadfe4ce3339b2664d899221b682ee0a116b4b3d,0xe2b7cd9dbc5a93626700575a1d96a74e1dcc238d,0x6d49b75dfdd71871877528e6d74b076df6ab90ea2aa3d0caa3becb1ba8793181,1784911800,False,2,0xbc2ae9a296a4779c2736197dbeeb820eaca88ec0,True,18304920,1784911749,2026-07-24T16:49:09+00:00,0.296,False,42784792320953027563751,1855.6,0.3,556.68,True,True,0.3,556.68,1.0,52646960497034265991416552,False,,,,,,,,,,52646960497034265991416552,False,
0xbadfe4ce3339b2664d899221b682ee0a116b4b3d,0xe2b7cd9dbc5a93626700575a1d96a74e1dcc238d,0x6d49b75dfdd71871877528e6d74b076df6ab90ea2aa3d0caa3becb1ba8793181,1784911800,False,3,0x01eb4528b7619ead9c568a4d6998cefc4770e83f,True,18304923,1784911749,2026-07-24T16:49:09+00:00,0.302,False,42784792320953027563751,1855.6,0.3,556.68,True,True,0.3,556.68,1.0,52313302961257129486384200,False,,,,,,,,,,52313302961257129486384200,False,
0xbadfe4ce3339b2664d899221b682ee0a116b4b3d,0xe2b7cd9dbc5a93626700575a1d96a74e1dcc238d,0x6d49b75dfdd71871877528e6d74b076df6ab90ea2aa3d0caa3becb1ba8793181,1784911800,False,4,0x73ae2419bc96b9146f3dfd991ceccfb7a5f72a4a,True,18304965,1784911754,2026-07-24T16:49:14+00:00,0.386,False,42784792320953027563751,1855.6,0.3,556.68,True,True,0.3,556.68,1.0,48946420632457801973384948,False,,,,,,,,,,63766839570577959406501904,False,
0xbadfe4ce3339b2664d899221b682ee0a116b4b3d,0xe2b7cd9dbc5a93626700575a1d96a74e1dcc238d,0x6d49b75dfdd71871877528e6d74b076df6ab90ea2aa3d0caa3becb1ba8793181,1784911800,False,5,0xc54ffcdeec010ef5ca5314a2d0fd9bfe9d93f2d2,True,18304997,1784911757,2026-07-24T16:49:17+00:00,0.45,False,42150967020838912863351,1855.6,0.3,556.68,True,True,0.3,556.68,1.0,46994559703646890151651820,False,,,,,,,,,,46994559703646890151651820,False,
0xbadfe4ce3339b2664d899221b682ee0a116b4b3d,0xe2b7cd9dbc5a93626700575a1d96a74e1dcc238d,0x6d49b75dfdd71871877528e6d74b076df6ab90ea2aa3d0caa3becb1ba8793181,1784911800,False,6,0x1fb07574dc38c0d50703b2e85c010aebb23a745d,True,18305029,1784911760,2026-07-24T16:49:20+00:00,0.514,False,554597137599850362850,1855.6,0.35,649.46,False,False,,,,,False,,,,,,,,,,,False,
0xbadfe4ce3339b2664d899221b682ee0a116b4b3d,0xe2b7cd9dbc5a93626700575a1d96a74e1dcc238d,0x6d49b75dfdd71871877528e6d74b076df6ab90ea2aa3d0caa3becb1ba8793181,1784911800,False,7,0x8295935703d543a6db78b9eede2f67f7d43b8622,True,18305066,1784911764,2026-07-24T16:49:24+00:00,0.588,False,42784792320953027563751,1855.6,0.4,742.24,True,True,0.4,742.24,1.0,59518684630525426896753601,False,,,,,,,,,,59518684630525426896753601,False,
0xbadfe4ce3339b2664d899221b682ee0a116b4b3d,0xe2b7cd9dbc5a93626700575a1d96a74e1dcc238d,0x6d49b75dfdd71871877528e6d74b076df6ab90ea2aa3d0caa3becb1ba8793181,1784911800,False,8,0x73ae2419bc96b9146f3dfd991ceccfb7a5f72a4a,True,18305073,1784911765,2026-07-24T16:49:25+00:00,0.602,False,42784792320953027563751,1855.6,0.1,185.56,True,True,0.1,185.56,1.0,14820418938120157433116956,False,,,,,,,,,,63766839570577959406501904,False,
0xbadfe4ce3339b2664d899221b682ee0a116b4b3d,0xe2b7cd9dbc5a93626700575a1d96a74e1dcc238d,0x6d49b75dfdd71871877528e6d74b076df6ab90ea2aa3d0caa3becb1ba8793181,1784911800,False,9,0x0b2d1965fd4d2250d03a277bce935e0d7f0e282e,True,18305142,1784911772,2026-07-24T16:49:32+00:00,0.74,False,42784792320953027563751,1855.6,0.4,742.24,True,True,0.4,742.24,1.0,57142857142857142888548681,False,,,,,,,,,,57142857142857142888548681,False,
0xbbfff1b56a24d6a4f4ef7de8e349451314e0d231,0x85be654b61303dd91897a754972e5f8600ac0416,0x17677bb6507416bc4741135d8220d252c2515ba957e17a942ee76173de5a925a,1783965609,False,0,0x1abf13ed6fee4324ca2782ea3603504337487feb,True,8860064,1783965008,2026-07-13T17:50:08+00:00,0.012333333333333333,False,453247084089655886253,1751.67,0.3,525.501,True,True,0.10504555755730446,184.00515180640352,0.3501518585243482,18483659853027426735545900,False,,,,,,,,,,35578668930004940743328878,False,
0xbbfff1b56a24d6a4f4ef7de8e349451314e0d231,0x85be654b61303dd91897a754972e5f8600ac0416,0x17677bb6507416bc4741135d8220d252c2515ba957e17a942ee76173de5a925a,1783965609,False,1,0x8e60e817a957c93f069917000edcd924c61f36d8,True,8860132,1783965015,2026-07-13T17:50:15+00:00,0.023666666666666666,False,453247084089655886253,1751.67,0.2,350.334,True,True,0.06934052072175421,121.46170993267522,0.3467026036087711,12200427620171336872320292,False,,,,,,,,,,29270854321557048041591684,False,
0xbbfff1b56a24d6a4f4ef7de8e349451314e0d231,0x85be654b61303dd91897a754972e5f8600ac0416,0x17677bb6507416bc4741135d8220d252c2515ba957e17a942ee76173de5a925a,1783965609,False,2,0x576232fabf3481eb2ae2fbafc4e9538f5d29be4f,True,8860180,1783965020,2026-07-13T17:50:20+00:00,0.03166666666666667,False,453247084089655886253,1751.67,0.15,262.7505,True,True,0.051636856052625454,90.45073164170243,0.34424570701750307,9085138907745520162270266,False,,,,,,,,,,12450416015813717552351455,False,
0xbbfff1b56a24d6a4f4ef7de8e349451314e0d231,0x85be654b61303dd91897a754972e5f8600ac0416,0x17677bb6507416bc4741135d8220d252c2515ba957e17a942ee76173de5a925a,1783965609,False,3,0x9ae84c4aec60ebd2b05d089aff123b8c2db142ec,True,8860205,1783965023,2026-07-13T17:50:23+00:00,0.035833333333333335,False,44925312463579654230483,1751.67,0.3,525.501,True,True,0.3,525.501,1.0,51792689126372853957299698,False,,,,,,,,,,51792689126372853957299698,False,
0xbbfff1b56a24d6a4f4ef7de8e349451314e0d231,0x85be654b61303dd91897a754972e5f8600ac0416,0x17677bb6507416bc4741135d8220d252c2515ba957e17a942ee76173de5a925a,1783965609,False,4,0x26ee094480064c5dd07070a04f753485630ee75f,True,8860237,1783965026,2026-07-13T17:50:26+00:00,0.041166666666666664,False,453247084089655886253,1751.67,0.3,525.501,True,True,0.10239120984183922,179.3556105436545,0.34130403280613075,18014191765707240617035489,False,,,,,,,,,,69289765223353461590214824,False,
0xbbfff1b56a24d6a4f4ef7de8e349451314e0d231,0x85be654b61303dd91897a754972e5f8600ac0416,0x17677bb6507416bc4741135d8220d252c2515ba957e17a942ee76173de5a925a,1783965609,False,5,0x63fef5a9911e7e84b2256396bdd989ed100b3dc0,True,8860599,1783965062,2026-07-13T17:51:02+00:00,0.1015,False,1054584799614545873955,1751.67,0.3,525.501,True,True,0.3,525.501,1.0,51755278964406512498635791,False,,,,,,,,,,86130480408328172947705911,False,
0xbbfff1b56a24d6a4f4ef7de8e349451314e0d231,0x85be654b61303dd91897a754972e5f8600ac0416,0x17677bb6507416bc4741135d8220d252c2515ba957e17a942ee76173de5a925a,1783965609,False,6,0x80993adfab4ef59586be08ca04295caee59df3ba,True,8861040,1783965107,2026-07-13T17:51:47+00:00,0.175,False,462222273873609468159,1751.67,0.3,525.501,True,True,0.1604277451750138,281.0164683907164,0.5347591505833793,27988432722848959346726807,False,,,,,,,,,,27988432722848959346726807,False,
0xbbfff1b56a24d6a4f4ef7de8e349451314e0d231,0x85be654b61303dd91897a754972e5f8600ac0416,0x17677bb6507416bc4741135d8220d252c2515ba957e17a942ee76173de5a925a,1783965609,False,7,0xfd20726b98a9575a1ff37e51aa9be324cc341c98,True,8861289,1783965132,2026-07-13T17:52:12+00:00,0.2165,False,453247084089655886253,1751.67,0.08141940951506489,142.61993706525374,True,True,0.022186274050363688,38.86303066580056,0.272493674205026,3898115725339181785954851,False,,,,,,,,,,3898115725339181785954851,False,
0xbbfff1b56a24d6a4f4ef7de8e349451314e0d231,0x85be654b61303dd91897a754972e5f8600ac0416,0x17677bb6507416bc4741135d8220d252c2515ba957e17a942ee76173de5a925a,1783965609,False,8,0xa2b61fe34716840254d2483868d72ac0b943bf14,True,8861481,1783965151,2026-07-13T17:52:31+00:00,0.2485,False,453247084089655886253,1751.67,0.02,35.0334,True,True,0.005111017399560114,8.952815848287464,0.2555508699780057,897607010331496024783464,False,,,,,,,,,,3096802501767158475022347,False,
0xbbfff1b56a24d6a4f4ef7de8e349451314e0d231,0x85be654b61303dd91897a754972e5f8600ac0416,0x17677bb6507416bc4741135d8220d252c2515ba957e17a942ee76173de5a925a,1783965609,False,9,0x5b25527e27112f4bc27cfdd07651465a5e8b7ad8,True,8861607,1783965162,2026-07-13T17:52:42+00:00,0.2695,False,453247084089655886253,1751.67,0.3,525.501,True,True,0.07312130907508071,128.08440346754662,0.24373769691693573,12837294914944320153220552,False,,,,,,,,,,18910075142307332552595010,False,
0xbbfff1b56a24d6a4f4ef7de8e349451314e0d231,0x85be654b61303dd91897a754972e5f8600ac0416,0x17677bb6507416bc4741135d8220d252c2515ba957e17a942ee76173de5a925a,1783965609,False,10,0x0e9fa261a3c9ac32c70560ccf196cd9f2ab01c0f,True,8861692,1783965170,2026-07-13T17:52:50+00:00,0.2836666666666667,False,453247084089655886253,1751.67,0.1,175.167,True,True,0.023555443435213985,41.26136360216128,0.23555443435213985,4134362910972963955395560,False,,,,,,,,,,4134362910972963955395560,False,
0xbbfff1b56a24d6a4f4ef7de8e349451314e0d231,0x85be654b61303dd91897a754972e5f8600ac0416,0x17677bb6507416bc4741135d8220d252c2515ba957e17a942ee76173de5a925a,1783965609,False,11,0x63fef5a9911e7e84b2256396bdd989ed100b3dc0,True,8861905,1783965192,2026-07-13T17:53:12+00:00,0.31916666666666665,False,45082378284798841913838,1751.67,0.2,350.334,True,True,0.2,350.334,1.0,34375201443921660449070120,False,,,,,,,,,,86130480408328172947705911,False,
0xbbfff1b56a24d6a4f4ef7de8e349451314e0d231,0x85be654b61303dd91897a754972e5f8600ac0416,0x17677bb6507416bc4741135d8220d252c2515ba957e17a942ee76173de5a925a,1783965609,False,12,0x1be40d85f1a6aa9cd34d3dd5ac3208458259dcb5,True,8862032,1783965204,2026-07-13T17:53:24+00:00,0.3403333333333333,False,45082378284798841913838,1751.67,0.1,175.167,True,True,0.1,175.167,1.0,17179208657523965438953897,False,,,,,,,,,,34240279213033752957414168,False,
0xbbfff1b56a24d6a4f4ef7de8e349451314e0d231,0x85be654b61303dd91897a754972e5f8600ac0416,0x17677bb6507416bc4741135d8220d252c2515ba957e17a942ee76173de5a925a,1783965609,False,13,0xca2f8227c8af4e6797743838e499dac3f3d3434f,True,8862261,1783965227,2026-07-13T17:53:47+00:00,0.3785,False,453247084089655886253,1751.67,0.013,22.77171,True,True,0.002251678311645359,3.944197348159826,0.17320602397271992,394110807152818589620714,False,,,,,,,,,,5724522559382886447755269,False,
0xbbfff1b56a24d6a4f4ef7de8e349451314e0d231,0x85be654b61303dd91897a754972e5f8600ac0416,0x17677bb6507416bc4741135d8220d252c2515ba957e17a942ee76173de5a925a,1783965609,False,14,0x83fc81b4449c791eeff735c73ed2b87a22823cc4,True,8862415,1783965243,2026-07-13T17:54:03+00:00,0.4041666666666667,False,453247084089655886253,1751.67,0.2,350.334,True,True,0.0308098424392648,53.968676705586965,0.15404921219632398,5385599355194304979595786,False,,,,,,,,,,11040072173625218512655699,False,
0xbbfff1b56a24d6a4f4ef7de8e349451314e0d231,0x85be654b61303dd91897a754972e5f8600ac0416,0x17677bb6507416bc4741135d8220d252c2515ba957e17a942ee76173de5a925a,1783965609,False,15,0x6d9f02d58551a58b980c4e82d3b0fc11e6d77377,True,8862466,1783965248,2026-07-13T17:54:08+00:00,0.4126666666666667,False,457734678981632677206,1751.67,0.07521528810464304,131.75236371426007,True,True,0.021055668976257637,36.882583675641214,0.2799386867595854,3674087089093174545398241,False,,,,,,,,,,7457431262812901893673327,False,
0xbbfff1b56a24d6a4f4ef7de8e349451314e0d231,0x85be654b61303dd91897a754972e5f8600ac0416,0x17677bb6507416bc4741135d8220d252c2515ba957e17a942ee76173de5a925a,1783965609,False,16,0x1dd150812ea4bf8180caca44756cbde92a696ca5,True,8862484,1783965250,2026-07-13T17:54:10+00:00,0.4156666666666667,False,457734678981632677206,1751.67,0.03,52.5501,True,True,0.008337025991574766,14.603718318661771,0.27790086638582556,1454734600902596835139633,False,,,,,,,,,,5797316403690579438346472,False,
0xbbfff1b56a24d6a4f4ef7de8e349451314e0d231,0x85be654b61303dd91897a754972e5f8600ac0416,0x17677bb6507416bc4741135d8220d252c2515ba957e17a942ee76173de5a925a,1783965609,False,17,0xd7cb10194df08d6ac3dcc027b7c4f886dd7f056f,True,8862661,1783965268,2026-07-13T17:54:28+00:00,0.44516666666666665,False,457734678981632677206,1751.67,0.03,52.5501,True,True,0.007716910490170057,13.517480598316183,0.2572303496723352,1346263543396548895077730,False,,,,,,,,,,3925846826715561686094872,False,
0xbbfff1b56a24d6a4f4ef7de8e349451314e0d231,0x85be654b61303dd91897a754972e5f8600ac0416,0x17677bb6507416bc4741135d8220d252c2515ba957e17a942ee76173de5a925a,1783965609,False,18,0x6d9f02d58551a58b980c4e82d3b0fc11e6d77377,True,8863292,1783965331,2026-07-13T17:55:31+00:00,0.5503333333333333,False,457734678981632677206,1751.67,0.02,35.0334,True,True,0.003415100083255884,5.982128362836835,0.1707550041627942,594982413990019561055395,False,,,,,,,,,,7457431262812901893673327,False,
0xbbfff1b56a24d6a4f4ef7de8e349451314e0d231,0x85be654b61303dd91897a754972e5f8600ac0416,0x17677bb6507416bc4741135d8220d252c2515ba957e17a942ee76173de5a925a,1783965609,False,19,0x83fc81b4449c791eeff735c73ed2b87a22823cc4,True,8863346,1783965337,2026-07-13T17:55:37+00:00,0.5593333333333333,False,457734678981632677206,1751.67,0.2,350.334,True,True,0.032462514179856516,56.86361221342926,0.16231257089928258,5654472818430913533059913,False,,,,,,,,,,11040072173625218512655699,False,
0xbbfff1b56a24d6a4f4ef7de8e349451314e0d231,0x85be654b61303dd91897a754972e5f8600ac0416,0x17677bb6507416bc4741135d8220d252c2515ba957e17a942ee76173de5a925a,1783965609,False,20,0x1abf13ed6fee4324ca2782ea3603504337487feb,True,8863349,1783965337,2026-07-13T17:55:37+00:00,0.5598333333333333,False,228867339490816338603000,1751.67,0.1,175.167,True,True,0.1,175.167,1.0,17095009076977514007782978,False,,,,,,,,,,35578668930004940743328878,False,
0xbbfff1b56a24d6a4f4ef7de8e349451314e0d231,0x85be654b61303dd91897a754972e5f8600ac0416,0x17677bb6507416bc4741135d8220d252c2515ba957e17a942ee76173de5a925a,1783965609,False,21,0x8df528953f3d470a827fcd540bea3ccf9d768da8,True,8863379,1783965340,2026-07-13T17:55:40+00:00,0.5648333333333333,False,228867339490816338603000,1751.67,0.017513712362531332,30.678244534075258,True,True,0.017513712362531332,30.678244534075258,1.0,2993578308197842911903097,False,,,,,,,,,,11511721491234980387585586,False,
0xbbfff1b56a24d6a4f4ef7de8e349451314e0d231,0x85be654b61303dd91897a754972e5f8600ac0416,0x17677bb6507416bc4741135d8220d252c2515ba957e17a942ee76173de5a925a,1783965609,False,22,0x26ee094480064c5dd07070a04f753485630ee75f,True,8863391,1783965341,2026-07-13T17:55:41+00:00,0.5668333333333333,False,228867339490816338603000,1751.67,0.3,525.501,True,True,0.3,525.501,1.0,51275573457646220973179335,False,,,,,,,,,,69289765223353461590214824,False,
0xbbfff1b56a24d6a4f4ef7de8e349451314e0d231,0x85be654b61303dd91897a754972e5f8600ac0416,0x17677bb6507416bc4741135d8220d252c2515ba957e17a942ee76173de5a925a,1783965609,False,23,0xa0b9676eac8f7e875d27fa79536d4bc3368f18c4,True,8863423,1783965344,2026-07-13T17:55:44+00:00,0.5721666666666667,False,457734678981632677206,1751.67,0.11,192.6837,True,True,0.016461398236049612,28.834937448141023,0.1496490748731783,2866298170564577435969706,False,,,,,,,,,,2866298170564577435969706,False,
0xbbfff1b56a24d6a4f4ef7de8e349451314e0d231,0x85be654b61303dd91897a754972e5f8600ac0416,0x17677bb6507416bc4741135d8220d252c2515ba957e17a942ee76173de5a925a,1783965609,False,24,0xca2f8227c8af4e6797743838e499dac3f3d3434f,True,8863500,1783965352,2026-07-13T17:55:52+00:00,0.585,False,457734678981632677206,1751.67,0.01,17.5167,True,True,0.001365412176437602,2.3917515471004545,0.1365412176437602,237644201129182907846745,False,,,,,,,,,,5724522559382886447755269,False,
0xbbfff1b56a24d6a4f4ef7de8e349451314e0d231,0x85be654b61303dd91897a754972e5f8600ac0416,0x17677bb6507416bc4741135d8220d252c2515ba957e17a942ee76173de5a925a,1783965609,False,25,0x8e60e817a957c93f069917000edcd924c61f36d8,True,8863658,1783965368,2026-07-13T17:56:08+00:00,0.6113333333333333,False,228867339490816338603000,1751.67,0.1,175.167,True,True,0.1,175.167,1.0,17070426701385711169271392,False,,,,,,,,,,29270854321557048041591684,False,
0xbbfff1b56a24d6a4f4ef7de8e349451314e0d231,0x85be654b61303dd91897a754972e5f8600ac0416,0x17677bb6507416bc4741135d8220d252c2515ba957e17a942ee76173de5a925a,1783965609,False,26,0x1be40d85f1a6aa9cd34d3dd5ac3208458259dcb5,True,8863766,1783965379,2026-07-13T17:56:19+00:00,0.6293333333333333,False,228867339490816338603000,1751.67,0.1,175.167,True,True,0.1,175.167,1.0,17061070555509787518460271,False,,,,,,,,,,34240279213033752957414168,False,
0xbbfff1b56a24d6a4f4ef7de8e349451314e0d231,0x85be654b61303dd91897a754972e5f8600ac0416,0x17677bb6507416bc4741135d8220d252c2515ba957e17a942ee76173de5a925a,1783965609,False,27,0x6d9f02d58551a58b980c4e82d3b0fc11e6d77377,True,8863880,1783965390,2026-07-13T17:56:30+00:00,0.6483333333333333,False,457734678981632677206,1751.67,0.10280694737305755,180.08384550496373,True,True,0.006699901212738034,11.736015957316832,0.06516973204569505,1159669316061642878467495,False,,,,,,,,,,7457431262812901893673327,False,
0xbbfff1b56a24d6a4f4ef7de8e349451314e0d231,0x85be654b61303dd91897a754972e5f8600ac0416,0x17677bb6507416bc4741135d8220d252c2515ba957e17a942ee76173de5a925a,1783965609,False,28,0x1dd150812ea4bf8180caca44756cbde92a696ca5,True,8864001,1783965402,2026-07-13T17:56:42+00:00,0.6685,False,462222273873609468159,1751.67,0.1,175.167,True,True,0.025245181351374907,44.22122681776288,0.25245181351374907,4342581802787982603206839,False,,,,,,,,,,5797316403690579438346472,False,
0xbbfff1b56a24d6a4f4ef7de8e349451314e0d231,0x85be654b61303dd91897a754972e5f8600ac0416,0x17677bb6507416bc4741135d8220d252c2515ba957e17a942ee76173de5a925a,1783965609,False,29,0xf3031ead5d4af7fbc0bfdad62885dd2c5e9ffc31,True,8864059,1783965408,2026-07-13T17:56:48+00:00,0.6781666666666667,False,4388867804353301552034,1751.67,0.05,87.5835,True,True,0.05,87.5835,1.0,8519965924217343236165776,False,,,,,,,,,,13453640404873223029100530,False,
0xbbfff1b56a24d6a4f4ef7de8e349451314e0d231,0x85be654b61303dd91897a754972e5f8600ac0416,0x17677bb6507416bc4741135d8220d252c2515ba957e17a942ee76173de5a925a,1783965609,False,30,0x8df528953f3d470a827fcd540bea3ccf9d768da8,True,8864117,1783965414,2026-07-13T17:56:54+00:00,0.6878333333333333,False,231111136936804734079500,1751.67,0.05,87.5835,True,True,0.05,87.5835,1.0,8518143183037137475682489,False,,,,,,,,,,11511721491234980387585586,False,
0xbbfff1b56a24d6a4f4ef7de8e349451314e0d231,0x85be654b61303dd91897a754972e5f8600ac0416,0x17677bb6507416bc4741135d8220d252c2515ba957e17a942ee76173de5a925a,1783965609,False,31,0x6d9f02d58551a58b980c4e82d3b0fc11e6d77377,True,8864131,1783965416,2026-07-13T17:56:56+00:00,0.6901666666666667,False,462222273873609468159,1751.67,0.05139605224394478,90.02892283415075,True,True,0.011803369096213445,20.675607544764205,0.22965516962645818,2028692443668064908752196,False,,,,,,,,,,7457431262812901893673327,False,
0xbbfff1b56a24d6a4f4ef7de8e349451314e0d231,0x85be654b61303dd91897a754972e5f8600ac0416,0x17677bb6507416bc4741135d8220d252c2515ba957e17a942ee76173de5a925a,1783965609,False,32,0xd7cb10194df08d6ac3dcc027b7c4f886dd7f056f,True,8864213,1783965424,2026-07-13T17:57:04+00:00,0.7038333333333333,False,462222273873609468159,1751.67,0.07,122.6169,True,True,0.015018263746708761,26.307042057197336,0.21454662495298232,2579583283319012791017142,False,,,,,,,,,,3925846826715561686094872,False,
0xbbfff1b56a24d6a4f4ef7de8e349451314e0d231,0x85be654b61303dd91897a754972e5f8600ac0416,0x17677bb6507416bc4741135d8220d252c2515ba957e17a942ee76173de5a925a,1783965609,False,33,0x576232fabf3481eb2ae2fbafc4e9538f5d29be4f,True,8864308,1783965433,2026-07-13T17:57:13+00:00,0.7196666666666667,False,462222273873609468159,1751.67,0.1,175.167,True,True,0.019610654616952865,34.351395372877825,0.19610654616952863,3365277108068197390081189,False,,,,,,,,,,12450416015813717552351455,False,
0xbbfff1b56a24d6a4f4ef7de8e349451314e0d231,0x85be654b61303dd91897a754972e5f8600ac0416,0x17677bb6507416bc4741135d8220d252c2515ba957e17a942ee76173de5a925a,1783965609,False,34,0x5b25527e27112f4bc27cfdd07651465a5e8b7ad8,True,8864400,1783965443,2026-07-13T17:57:23+00:00,0.735,False,462222273873609468159,1751.67,0.2,350.334,True,True,0.0354289964117375,62.059910144548226,0.1771449820586875,6072780227363012399374458,False,,,,,,,,,,18910075142307332552595010,False,
0xbbfff1b56a24d6a4f4ef7de8e349451314e0d231,0x85be654b61303dd91897a754972e5f8600ac0416,0x17677bb6507416bc4741135d8220d252c2515ba957e17a942ee76173de5a925a,1783965609,False,35,0xa2b61fe34716840254d2483868d72ac0b943bf14,True,8864535,1783965456,2026-07-13T17:57:36+00:00,0.7575,True,466709868765586259112,1751.67,0.02,35.0334,True,True,0.012911904966239543,22.617396572212822,0.6455952483119772,2199195491435662450238883,False,,,,,,,,,,3096802501767158475022347,False,
0xbbfff1b56a24d6a4f4ef7de8e349451314e0d231,0x85be654b61303dd91897a754972e5f8600ac0416,0x17677bb6507416bc4741135d8220d252c2515ba957e17a942ee76173de5a925a,1783965609,False,36,0xad4bdcafab490b8663d072c0161fdfd971684895,True,8864543,1783965457,2026-07-13T17:57:37+00:00,0.7588333333333334,True,466709868765586259112,1751.67,0.03,52.5501,True,True,0.01934522037908399,33.886442181430056,0.6448406793027996,3294868384045644655865977,False,,,,,,,,,,8387635935146529606153787,False,
0xbbfff1b56a24d6a4f4ef7de8e349451314e0d231,0x85be654b61303dd91897a754972e5f8600ac0416,0x17677bb6507416bc4741135d8220d252c2515ba957e17a942ee76173de5a925a,1783965609,False,37,0xf3031ead5d4af7fbc0bfdad62885dd2c5e9ffc31,True,8865112,1783965514,2026-07-13T17:58:34+00:00,0.8536666666666667,True,466709868765586259112,1751.67,0.05,87.5835,True,True,0.02902501097986077,50.842240983092715,0.5805002195972154,4933674480655879792934754,False,,,,,,,,,,13453640404873223029100530,False,100
0xbbfff1b56a24d6a4f4ef7de8e349451314e0d231,0x85be654b61303dd91897a754972e5f8600ac0416,0x17677bb6507416bc4741135d8220d252c2515ba957e17a942ee76173de5a925a,1783965609,False,38,0xf6363b237b96f6238bcfdfce17eebab1d6e2ecfd,True,8865342,1783965537,2026-07-13T17:58:57+00:00,0.892,True,1121898722994197738250,1751.67,0.005,8.75835,True,True,0.005,8.75835,1.0,848823560106844474612487,False,,,,,,,,,,848823560106844474612487,False,
0xbbfff1b56a24d6a4f4ef7de8e349451314e0d231,0x85be654b61303dd91897a754972e5f8600ac0416,0x17677bb6507416bc4741135d8220d252c2515ba957e17a942ee76173de5a925a,1783965609,False,39,0xce7146b7bf05ca5d27cd8c189b98c7129cf71c90,True,8865352,1783965538,2026-07-13T17:58:58+00:00,0.8936666666666667,True,466709868765586259112,1751.67,0.5,875.835,True,True,0.27252875590519754,477.38044585645736,0.5450575118103951,46264186827196120740448591,False,,,,,,,,,,46264186827196120740448591,False,
0xbbfff1b56a24d6a4f4ef7de8e349451314e0d231,0x85be654b61303dd91897a754972e5f8600ac0416,0x17677bb6507416bc4741135d8220d252c2515ba957e17a942ee76173de5a925a,1783965609,False,40,0xad4bdcafab490b8663d072c0161fdfd971684895,True,8865485,1783965550,2026-07-13T17:59:10+00:00,0.9158333333333334,True,471197463657563050065,1751.67,0.03,52.5501,True,True,0.03,52.5501,1.0,5092767551100884950287810,False,,,,,,,,,,8387635935146529606153787,False,
0xbbfff1b56a24d6a4f4ef7de8e349451314e0d231,0x85be654b61303dd91897a754972e5f8600ac0416,0x17677bb6507416bc4741135d8220d252c2515ba957e17a942ee76173de5a925a,1783965609,False,41,0xb0a66a4604e352bcd2d1c290382cb64c299eb701,True,8865708,1783965573,2026-07-13T17:59:33+00:00,0.953,True,471197463657563050065,1751.67,0.035,61.30845,True,True,0.035,61.30845,1.0,5941562142951032442002445,False,,,,,,,,,,5941562142951032442002445,False,
0xbbfff1b56a24d6a4f4ef7de8e349451314e0d231,0x85be654b61303dd91897a754972e5f8600ac0416,0x17677bb6507416bc4741135d8220d252c2515ba957e17a942ee76173de5a925a,1783965609,False,42,0xca2f8227c8af4e6797743838e499dac3f3d3434f,True,8865948,1783965597,2026-07-13T17:59:57+00:00,0.993,True,632750879768727524373,1751.67,0.03,52.5501,True,True,0.03,52.5501,1.0,5092767551100884950287810,False,,,,,,,,,,5724522559382886447755269,False,
0xcde14842a6655ab9b17c773c3b3b88c4438554ec,0x0f5c38d1860fb3146bedb66d030bdb6a7bb54966,0xce373808885e343495db877d8b02eb70066b1f364a1bd1bb849e87807bc02b19,1787783866,True,0,0xf1ae32f036b0ee496f726bd5f5594242594e1206,True,46944908,1787783468,2026-08-26T22:31:08+00:00,0.021333333333333333,False,792281625142643375000,2493.9,0.0890678817,222.12639017163,True,True,0.0890678817,222.12639017163,1.0,42830995312779591207193085,False,,,,,,,,,,42830995312779591207193085,False,
0xcde14842a6655ab9b17c773c3b3b88c4438554ec,0x0f5c38d1860fb3146bedb66d030bdb6a7bb54966,0xce373808885e343495db877d8b02eb70066b1f364a1bd1bb849e87807bc02b19,1787783866,True,1,0xc970733eb0a05ccbe540c10ef8d8ba22c43e4eb3,True,46944908,1787783468,2026-08-26T22:31:08+00:00,0.021333333333333333,False,792281625142643375000,2493.9,0.03714682545,92.640467989755,True,True,0.03714682545,92.640467989755,1.0,17863178918889586984484849,False,,,,,,,,,,17863178918889586984484849,False,
0xcde14842a6655ab9b17c773c3b3b88c4438554ec,0x0f5c38d1860fb3146bedb66d030bdb6a7bb54966,0xce373808885e343495db877d8b02eb70066b1f364a1bd1bb849e87807bc02b19,1787783866,True,2,0xfd52eaefbfe71549c0ca402029afeefa7554da07,True,46944909,1787783468,2026-08-26T22:31:08+00:00,0.021666666666666667,False,792281625142643375000,2493.9,0.03656177385,91.181407804515,True,True,0.03656177385,91.181407804515,1.0,17575371012905867006122474,False,,,,,,,,,,17575371012905867006122474,False,
0xcde14842a6655ab9b17c773c3b3b88c4438554ec,0x0f5c38d1860fb3146bedb66d030bdb6a7bb54966,0xce373808885e343495db877d8b02eb70066b1f364a1bd1bb849e87807bc02b19,1787783866,True,3,0x3707d173698ebc73b04dce5535310147ba5efa42,True,46944909,1787783468,2026-08-26T22:31:08+00:00,0.021666666666666667,False,792281625142643375000,2493.9,0.079598946,198.5118114294,True,True,0.079598946,198.5118114294,1.0,38263488361527060069147179,False,,,,,,,,,,38263488361527060069147179,False,
0xcde14842a6655ab9b17c773c3b3b88c4438554ec,0x0f5c38d1860fb3146bedb66d030bdb6a7bb54966,0xce373808885e343495db877d8b02eb70066b1f364a1bd1bb849e87807bc02b19,1787783866,True,4,0x7883736b07c41286355d49b3591f09633454f174,True,46944909,1787783468,2026-08-26T22:31:08+00:00,0.021666666666666667,False,792281625142643375000,2493.9,0.04331815215,108.031139646885,True,True,0.04331815215,108.031139646885,1.0,20823185405424632060046461,False,,,,,,,,,,20823185405424632060046461,False,
0xcde14842a6655ab9b17c773c3b3b88c4438554ec,0x0f5c38d1860fb3146bedb66d030bdb6a7bb54966,0xce373808885e343495db877d8b02eb70066b1f364a1bd1bb849e87807bc02b19,1787783866,True,5,0xccafd115912c3d304a333149ebd1066f3f9a2373,True,46944909,1787783468,2026-08-26T22:31:08+00:00,0.021666666666666667,False,792281625142643375000,2493.9,0.0872672073,217.63568828547,True,True,0.0872672073,217.63568828547,1.0,41949648062758510591507319,False,,,,,,,,,,41949648062758510591507319,False,
0xcde14842a6655ab9b17c773c3b3b88c4438554ec,0x0f5c38d1860fb3146bedb66d030bdb6a7bb54966,0xce373808885e343495db877d8b02eb70066b1f364a1bd1bb849e87807bc02b19,1787783866,True,6,0x8cd303baff88a18772b7574294b1f8f81ca730e9,True,46944940,1787783472,2026-08-26T22:31:12+00:00,0.032,False,792281625142643375000,2493.9,0.0769596114,191.92957487046,True,True,0.0769596114,191.92957487046,1.0,36568040823290958920591360,False,,,,,,,,,,36568040823290958920591360,False,
0xcde14842a6655ab9b17c773c3b3b88c4438554ec,0x0f5c38d1860fb3146bedb66d030bdb6a7bb54966,0xce373808885e343495db877d8b02eb70066b1f364a1bd1bb849e87807bc02b19,1787783866,True,7,0x7e9407056f4008e7fe99080a2c5d1df6529ce82b,True,46944940,1787783472,2026-08-26T22:31:12+00:00,0.032,False,792281625142643375000,2493.9,0.06485958885,161.753328633015,True,True,0.06485958885,161.753328633015,1.0,30818607964653354519300437,False,,,,,,,,,,30818607964653354519300437,False,
0xcde14842a6655ab9b17c773c3b3b88c4438554ec,0x0f5c38d1860fb3146bedb66d030bdb6a7bb54966,0xce373808885e343495db877d8b02eb70066b1f364a1bd1bb849e87807bc02b19,1787783866,True,8,0x6ca81b879627f3d38027ee01ae02afb613fde679,True,46944941,1787783472,2026-08-26T22:31:12+00:00,0.03233333333333333,False,792281625142643375000,2493.9,0.0380825613,94.97409962607,True,True,0.0380825613,94.97409962607,1.0,18088759405653129641645403,False,,,,,,,,,,18088759405653129641645403,False,
0xcde14842a6655ab9b17c773c3b3b88c4438554ec,0x0f5c38d1860fb3146bedb66d030bdb6a7bb54966,0xce373808885e343495db877d8b02eb70066b1f364a1bd1bb849e87807bc02b19,1787783866,True,9,0x2a51b9ef732b063a5a35b295c6c8d6aa8d16c3dd,True,46944941,1787783472,2026-08-26T22:31:12+00:00,0.03233333333333333,False,792281625142643375000,2493.9,0.03571693545,89.074465318755,True,True,0.03571693545,89.074465318755,1.0,16965115528148396796544525,False,,,,,,,,,,16965115528148396796544525,False,
0xcde14842a6655ab9b17c773c3b3b88c4438554ec,0x0f5c38d1860fb3146bedb66d030bdb6a7bb54966,0xce373808885e343495db877d8b02eb70066b1f364a1bd1bb849e87807bc02b19,1787783866,True,10,0x4a5f8815960e78daa084e91f7176919110745f2c,True,46944942,1787783472,2026-08-26T22:31:12+00:00,0.03266666666666666,False,792281625142643375000,2493.9,0.08637277005,215.405051227695,True,True,0.08637277005,215.405051227695,1.0,41014911356306408186452166,False,,,,,,,,,,41014911356306408186452166,False,
0xcde14842a6655ab9b17c773c3b3b88c4438554ec,0x0f5c38d1860fb3146bedb66d030bdb6a7bb54966,0xce373808885e343495db877d8b02eb70066b1f364a1bd1bb849e87807bc02b19,1787783866,True,11,0x1eaa9a90a8c018752a4ade30145222caea99a372,True,46944942,1787783472,2026-08-26T22:31:12+00:00,0.03266666666666666,False,792281625142643375000,2493.9,0.0345606408,86.19078209112,True,True,0.0345606408,86.19078209112,1.0,16411440990124254884542200,False,,,,,,,,,,16411440990124254884542200,False,
0xcde14842a6655ab9b17c773c3b3b88c4438554ec,0x0f5c38d1860fb3146bedb66d030bdb6a7bb54966,0xce373808885e343495db877d8b02eb70066b1f364a1bd1bb849e87807bc02b19,1787783866,True,12,0x534829f5f881b77f5baaf4b5c630bef4e2197666,True,46944972,1787783475,2026-08-26T22:31:15+00:00,0.042666666666666665,False,792281625142643375000,2493.9,0.07863370515,196.104597273585,True,True,0.07863370515,196.104597273585,1.0,37152569166221021792994353,False,,,,,,,,,,37152569166221021792994353,False,
0xcde14842a6655ab9b17c773c3b3b88c4438554ec,0x0f5c38d1860fb3146bedb66d030bdb6a7bb54966,0xce373808885e343495db877d8b02eb70066b1f364a1bd1bb849e87807bc02b19,1787783866,True,13,0xf430d8443bbe071d118db9a7dbe192f3cc761909,True,46944973,1787783475,2026-08-26T22:31:15+00:00,0.043,False,792281625142643375000,2493.9,0.06502888245,162.175529942055,True,True,0.06502888245,162.175529942055,1.0,30721003320467295738325079,False,,,,,,,,,,30721003320467295738325079,False,
0xcde14842a6655ab9b17c773c3b3b88c4438554ec,0x0f5c38d1860fb3146bedb66d030bdb6a7bb54966,0xce373808885e343495db877d8b02eb70066b1f364a1bd1bb849e87807bc02b19,1787783866,True,14,0xf74d5791217a0b245596a658eae28368d998a37d,True,46944974,1787783475,2026-08-26T22:31:15+00:00,0.043333333333333335,False,792281625142643375000,2493.9,0.0518813736,129.38695762104,True,True,0.0518813736,129.38695762104,1.0,24507847490992477861238935,False,,,,,,,,,,24507847490992477861238935,False,
0xcde14842a6655ab9b17c773c3b3b88c4438554ec,0x0f5c38d1860fb3146bedb66d030bdb6a7bb54966,0xce373808885e343495db877d8b02eb70066b1f364a1bd1bb849e87807bc02b19,1787783866,True,15,0x99aed546ceffa241dd4dbce03d0dff99e5c92d0b,True,46944974,1787783475,2026-08-26T22:31:15+00:00,0.043333333333333335,False,792281625142643375000,2493.9,0.0832162506,207.53300737134,True,True,0.0832162506,207.53300737134,1.0,39309891719540195065610430,False,,,,,,,,,,39309891719540195065610430,False,
0xcde14842a6655ab9b17c773c3b3b88c4438554ec,0x0f5c38d1860fb3146bedb66d030bdb6a7bb54966,0xce373808885e343495db877d8b02eb70066b1f364a1bd1bb849e87807bc02b19,1787783866,True,16,0xf8656e697cfd907f5fef92d150feb2eaad548258,True,46945009,1787783479,2026-08-26T22:31:19+00:00,0.055,False,792281625142643375000,2493.9,0.0617268939,153.94070069721,True,True,0.0617268939,153.94070069721,1.0,29135945160317258673934492,False,,,,,,,,,,29135945160317258673934492,False,
0xd4eb50a6bd3cb003f47f532d9f07282b90abcb62,0x1aa48c19d4d90959b3d6716f9f1ab9beb522fa65,0x04c0796a1501fceb58c9335537211b958bd8a960d980cf63328598f3c6414179,1783995921,False,0,0xfb1184d632771644b672c890bb7306c1d4f4dc4a,True,9164690,1783995550,2026-07-14T02:19:10+00:00,0.04728260869565217,False,681362197622673302930,1780.76,0.1,178.076,True,True,0.1,178.076,1.0,35010922085063590379593520,False,,,,,,,,,,97419956467795686947752796,False,
0xd4eb50a6bd3cb003f47f532d9f07282b90abcb62,0x1aa48c19d4d90959b3d6716f9f1ab9beb522fa65,0x04c0796a1501fceb58c9335537211b958bd8a960d980cf63328598f3c6414179,1783995921,False,1,0x371903abb32f5f69b536b77495e92adedfea25da,True,9164728,1783995554,2026-07-14T02:19:14+00:00,0.057608695652173914,False,160040888278813961851,1780.76,0.4,712.304,False,False,,,,,False,,,,,,,,,,,False,
0xd4eb50a6bd3cb003f47f532d9f07282b90abcb62,0x1aa48c19d4d90959b3d6716f9f1ab9beb522fa65,0x04c0796a1501fceb58c9335537211b958bd8a960d980cf63328598f3c6414179,1783995921,False,2,0x3a9732edd0624b39d006c89a0e327020dc06eb99,True,9164856,1783995567,2026-07-14T02:19:27+00:00,0.09239130434782608,False,160040888278813961851,1780.76,0.3,534.228,False,False,,,,,False,,,,,,,,,,,False,
0xd4eb50a6bd3cb003f47f532d9f07282b90abcb62,0x1aa48c19d4d90959b3d6716f9f1ab9beb522fa65,0x04c0796a1501fceb58c9335537211b958bd8a960d980cf63328598f3c6414179,1783995921,False,3,0x1fb07574dc38c0d50703b2e85c010aebb23a745d,True,9165022,1783995584,2026-07-14T02:19:44+00:00,0.1375,False,160040888278813961851,1780.76,0.3,534.228,False,False,,,,,False,,,,,,,,,,,False,
0xd4eb50a6bd3cb003f47f532d9f07282b90abcb62,0x1aa48c19d4d90959b3d6716f9f1ab9beb522fa65,0x04c0796a1501fceb58c9335537211b958bd8a960d980cf63328598f3c6414179,1783995921,False,4,0xfb1184d632771644b672c890bb7306c1d4f4dc4a,True,9165314,1783995613,2026-07-14T02:20:13+00:00,0.21684782608695652,False,161625451529099248602,1780.76,0.3,534.228,True,True,0.029505472105870408,52.54216450724979,0.09835157368623469,14562144430578986494015644,False,,,,,,,,,,97419956467795686947752796,False,
0xd4eb50a6bd3cb003f47f532d9f07282b90abcb62,0x1aa48c19d4d90959b3d6716f9f1ab9beb522fa65,0x04c0796a1501fceb58c9335537211b958bd8a960d980cf63328598f3c6414179,1783995921,False,5,0x4e62184151afdb90b681ccb9288da5061214d5e3,True,9165342,1783995616,2026-07-14T02:20:16+00:00,0.22445652173913044,False,161625451529099248602,1780.76,0.1,178.076,True,True,0.009375955445204478,16.696326418602325,0.09375955445204477,4626644871432357224955650,True,9180833,0x2611df79600d31d435af0d37fab225399d8ff28f75d05fd59891a1fb889cc345,6.228650421658731,0.058399548837226346,9.564399104e-06,0.05838998443812234,6.227630323050126,0xdf651625a9c9fd3c5d8145737e1039d2a262c23e,8470670.690393794,4626644871432357224955650,False,
0xd4eb50a6bd3cb003f47f532d9f07282b90abcb62,0x1aa48c19d4d90959b3d6716f9f1ab9beb522fa65,0x04c0796a1501fceb58c9335537211b958bd8a960d980cf63328598f3c6414179,1783995921,False,6,0x17e41377c0bf9e84b99fbce65665e47e12a407a2,True,9165545,1783995636,2026-07-14T02:20:36+00:00,0.2796195652173913,False,44527811896266842989851,1780.76,0.2,356.152,True,True,0.2,356.152,1.0,65517159891904228643244082,False,,,,,,,,,,65517159891904228643244082,False,
0xd4eb50a6bd3cb003f47f532d9f07282b90abcb62,0x1aa48c19d4d90959b3d6716f9f1ab9beb522fa65,0x04c0796a1501fceb58c9335537211b958bd8a960d980cf63328598f3c6414179,1783995921,False,7,0x86788933928fb1cb4700e80a2936b3344a1ae9c7,True,9165570,1783995639,2026-07-14T02:20:39+00:00,0.28641304347826085,False,44527811896266842989851,1780.76,0.1,178.076,True,True,0.1,178.076,1.0,32671369317319256260232754,False,,,,,,,,,,32671369317319256260232754,False,
0xd4eb50a6bd3cb003f47f532d9f07282b90abcb62,0x1aa48c19d4d90959b3d6716f9f1ab9beb522fa65,0x04c0796a1501fceb58c9335537211b958bd8a960d980cf63328598f3c6414179,1783995921,False,8,0x73ae2419bc96b9146f3dfd991ceccfb7a5f72a4a,True,9165659,1783995648,2026-07-14T02:20:48+00:00,0.3105978260869565,False,2421212646435918155528,1780.76,0.3,534.228,True,True,0.3,534.228,1.0,97060162200168564806731104,False,,,,,,,,,,97060162200168564806731104,False,
0xd4eb50a6bd3cb003f47f532d9f07282b90abcb62,0x1aa48c19d4d90959b3d6716f9f1ab9beb522fa65,0x04c0796a1501fceb58c9335537211b958bd8a960d980cf63328598f3c6414179,1783995921,False,9,0x544f3697e561f72db031e519ebd3fa766ad4cb8f,True,9165932,1783995675,2026-07-14T02:21:15+00:00,0.3847826086956522,False,331173719309624930959,1780.76,0.3,534.228,True,True,0.18930591270288544,337.1083971047903,0.6310197090096181,67325835556841944601929786,False,,,,,,,,,,67325835556841944601929786,False,
0xd4eb50a6bd3cb003f47f532d9f07282b90abcb62,0x1aa48c19d4d90959b3d6716f9f1ab9beb522fa65,0x04c0796a1501fceb58c9335537211b958bd8a960d980cf63328598f3c6414179,1783995921,False,10,0x27f6087a658002b813fe3fbf853abc73ea29e4e2,True,9166440,1783995726,2026-07-14T02:22:06+00:00,0.5228260869565218,False,185393900283378549867,1780.76,0.01,17.8076,True,True,0.000844158161195227,1.5032430871300124,0.0844158161195227,360751350938131137514949,True,9180804,0x8da8aacd54c08fc25bdcc6f111b64413f3dc9df9a6d07e74cadb0cdbad40f1ef,5.4016741586813986,0.004559867325168264,9.571726482e-06,0.004550295598686265,5.390335375356189,0xf5c210ff3a1231880cb65bc97a01481961224a40,857374.0719530006,360751350938131137514949,False,
0xd4eb50a6bd3cb003f47f532d9f07282b90abcb62,0x1aa48c19d4d90959b3d6716f9f1ab9beb522fa65,0x04c0796a1501fceb58c9335537211b958bd8a960d980cf63328598f3c6414179,1783995921,False,11,0x40a83662963002dbf723d68a70e4bbcf2d7a9ae9,True,9166776,1783995760,2026-07-14T02:22:40+00:00,0.6141304347826086,False,186978463533663836618,1780.76,0.02,35.6152,True,True,0.000421965413109817,0.7514191290494378,0.02109827065549085,178798903860091864974878,True,9180804,0x8da8aacd54c08fc25bdcc6f111b64413f3dc9df9a6d07e74cadb0cdbad40f1ef,5.355897259031555,0.0022600033994809865,9.571726482e-06,0.0022504316729989866,5.333213583581811,0xf5c210ff3a1231880cb65bc97a01481961224a40,857374.0719530006,178798903860091864974878,False,
0xd4eb50a6bd3cb003f47f532d9f07282b90abcb62,0x1aa48c19d4d90959b3d6716f9f1ab9beb522fa65,0x04c0796a1501fceb58c9335537211b958bd8a960d980cf63328598f3c6414179,1783995921,False,12,0xe5875cadeac02410725cfef806604a8baed7342e,True,9166866,1783995769,2026-07-14T02:22:49+00:00,0.6385869565217391,False,225007981540510718642,1780.76,0.24,427.3824,True,True,0.014657581275369492,26.101634431926975,0.06107325531403955,5161120167383623820756694,False,,,,,,,,,,5161120167383623820756694,False,
0xd4eb50a6bd3cb003f47f532d9f07282b90abcb62,0x1aa48c19d4d90959b3d6716f9f1ab9beb522fa65,0x04c0796a1501fceb58c9335537211b958bd8a960d980cf63328598f3c6414179,1783995921,False,13,0x22fe6d67a8274d22edf6198b5e3aa75ac2ecd70a,True,9166966,1783995779,2026-07-14T02:22:59+00:00,0.6657608695652174,False,226592544790796005393,1780.76,0.1,178.076,False,False,,,,,False,,,,,,,,,,,False,
0xd4eb50a6bd3cb003f47f532d9f07282b90abcb62,0x1aa48c19d4d90959b3d6716f9f1ab9beb522fa65,0x04c0796a1501fceb58c9335537211b958bd8a960d980cf63328598f3c6414179,1783995921,False,14,0xc0c0e4f7cb82c826a2596f50ae01cafeac61085d,True,9167395,1783995822,2026-07-14T02:23:42+00:00,0.7823369565217392,True,226592544790796005393,1780.76,0.2,356.152,True,True,0.007308680709123917,13.015006259579506,0.036543403545619586,2555482765427942871906979,False,,,,,,,,,,2555482765427942871906979,False,
0xd4eb50a6bd3cb003f47f532d9f07282b90abcb62,0x1aa48c19d4d90959b3d6716f9f1ab9beb522fa65,0x04c0796a1501fceb58c9335537211b958bd8a960d980cf63328598f3c6414179,1783995921,False,15,0xd6d17923a7c8da26bb386da87fcdd47554013ea6,True,9167562,1783995839,2026-07-14T02:23:59+00:00,0.8277173913043478,True,508644803341577047071,1780.76,0.3,534.228,True,True,0.3,534.228,1.0,75132961205164406396369508,False,,,,,,,,,,75132961205164406396369508,False,500
0xd4eb50a6bd3cb003f47f532d9f07282b90abcb62,0x1aa48c19d4d90959b3d6716f9f1ab9beb522fa65,0x04c0796a1501fceb58c9335537211b958bd8a960d980cf63328598f3c6414179,1783995921,False,16,0xfb1184d632771644b672c890bb7306c1d4f4dc4a,True,9168162,1783995899,2026-07-14T02:24:59+00:00,0.9907608695652174,True,378710616818183533489,1780.76,0.2,356.152,True,True,0.2,356.152,1.0,47846889952153110074143632,False,,,,,,,,,,97419956467795686947752796,False,300
0xd77ceb8cceec1e84af5dea5cb9c745b62a683850,0xcd04340f9399492e457e5aba55aff51a3a410b1a,0x48e94d991f89112d7aeccb8270f8645611f1a2dfd570a67d5da6c35c8f81077a,1783994133,False,0,0x371903abb32f5f69b536b77495e92adedfea25da,True,9150045,1783994081,2026-07-14T01:54:41+00:00,0.20408163265306123,False,167752832976207185061,1782.95,1.0,1782.95,True,True,0.25817816879255473,460.31876604868546,0.25817816879255473,122167155767788571323095447,False,,,,,,,,,,122167155767788571323095447,False,
0xd77ceb8cceec1e84af5dea5cb9c745b62a683850,0xcd04340f9399492e457e5aba55aff51a3a410b1a,0x48e94d991f89112d7aeccb8270f8645611f1a2dfd570a67d5da6c35c8f81077a,1783994133,False,1,0x86788933928fb1cb4700e80a2936b3344a1ae9c7,True,9150079,1783994084,2026-07-14T01:54:44+00:00,0.27346938775510204,False,44527581180783548755449,1782.95,0.2,356.59,True,True,0.2,356.59,1.0,94458211058052857169226138,False,,,,,,,,,,94458211058052857169226138,False,
0xd77ceb8cceec1e84af5dea5cb9c745b62a683850,0xcd04340f9399492e457e5aba55aff51a3a410b1a,0x48e94d991f89112d7aeccb8270f8645611f1a2dfd570a67d5da6c35c8f81077a,1783994133,False,2,0x73ae2419bc96b9146f3dfd991ceccfb7a5f72a4a,True,9150155,1783994092,2026-07-14T01:54:52+00:00,0.42857142857142855,False,2554493634825808422018,1782.95,0.3,534.885,True,True,0.3,534.885,1.0,141687316587079285753839207,False,,,,,,,,,,141687316587079285753839207,False,
0xd77ceb8cceec1e84af5dea5cb9c745b62a683850,0xcd04340f9399492e457e5aba55aff51a3a410b1a,0x48e94d991f89112d7aeccb8270f8645611f1a2dfd570a67d5da6c35c8f81077a,1783994133,False,3,0xe28601398a5448d1147e6e8b0e0c6d686f0d216d,True,9150200,1783994096,2026-07-14T01:54:56+00:00,0.5204081632653061,False,489971145821595243495,1782.95,0.3,534.885,True,True,0.3,534.885,1.0,141687316587079285753839207,False,,,,,,,,,,141687316587079285753839207,False,
0xd8d697088dcda8d965fb56d77f152117d397c80b,0xb42b0e5a9377e4e20fbf535fe9e115dee1142726,0x9c8eefd3ae474517d40106a7ee63212708e6eb43e90e7c2cfb4efd20a252d2cb,1785944788,True,0,0x28581d8065da7e25710f25f9dd30f9d361757a7d,True,28598247,1785944185,2026-08-05T15:36:25+00:00,0.0006666666666666666,False,83189570639977554375,1872.41,1e-06,0.00187241,False,False,,,,,False,,,,,,,,,,,False,
0xd8d697088dcda8d965fb56d77f152117d397c80b,0xb42b0e5a9377e4e20fbf535fe9e115dee1142726,0x9c8eefd3ae474517d40106a7ee63212708e6eb43e90e7c2cfb4efd20a252d2cb,1785944788,True,1,0xefea6039fed264e9a1d3319d7d814a79b1a633a1,True,28598259,1785944187,2026-08-05T15:36:27+00:00,0.0026666666666666666,False,396140812571321687500,1872.41,0.008,14.97928,True,True,0.008,14.97928,1.0,3953122292982965237972788,False,,,,,,,,,,3953122292982965237972788,False,
0xd8d697088dcda8d965fb56d77f152117d397c80b,0xb42b0e5a9377e4e20fbf535fe9e115dee1142726,0x9c8eefd3ae474517d40106a7ee63212708e6eb43e90e7c2cfb4efd20a252d2cb,1785944788,True,2,0xe1686ba5abc49afdec739da029f1fcc5c873fd3f,False,28598294,1785944190,2026-08-05T15:36:30+00:00,0.0085,False,792281625142643375000,1872.41,0.52,973.6532,False,False,,,,,False,,,,,,,,,,,False,
0xd8d697088dcda8d965fb56d77f152117d397c80b,0xb42b0e5a9377e4e20fbf535fe9e115dee1142726,0x9c8eefd3ae474517d40106a7ee63212708e6eb43e90e7c2cfb4efd20a252d2cb,1785944788,True,3,0x6bf8124652fbcc3dc5226646d2a3918cd8bf0f1c,True,28598294,1785944190,2026-08-05T15:36:30+00:00,0.0085,False,792281625142643375000,1872.41,0.06795020071,127.2306353114111,False,False,,,,,False,,,,,,,,,,,False,
0xd8d697088dcda8d965fb56d77f152117d397c80b,0xb42b0e5a9377e4e20fbf535fe9e115dee1142726,0x9c8eefd3ae474517d40106a7ee63212708e6eb43e90e7c2cfb4efd20a252d2cb,1785944788,True,4,0x4a8f5c9d717e306fdad2bddb3913ddc93763e851,True,28598294,1785944190,2026-08-05T15:36:30+00:00,0.0085,False,792281625142643375000,1872.41,0.04814604907,90.1491437391587,False,False,,,,,False,,,,,,,,,,,False,
0xd8d697088dcda8d965fb56d77f152117d397c80b,0xb42b0e5a9377e4e20fbf535fe9e115dee1142726,0x9c8eefd3ae474517d40106a7ee63212708e6eb43e90e7c2cfb4efd20a252d2cb,1785944788,True,5,0x1cf186b3bf04fd4db6e8ae906b8b8900e511fdfc,True,28598294,1785944190,2026-08-05T15:36:30+00:00,0.0085,False,792281625142643375000,1872.41,0.08280008534,155.0357077914694,False,False,,,,,False,,,,,,,,,,,False,
0xd8d697088dcda8d965fb56d77f152117d397c80b,0xb42b0e5a9377e4e20fbf535fe9e115dee1142726,0x9c8eefd3ae474517d40106a7ee63212708e6eb43e90e7c2cfb4efd20a252d2cb,1785944788,True,6,0x4921d5f1c2c479161148f755a9a0013ad726a998,True,28598295,1785944190,2026-08-05T15:36:30+00:00,0.008666666666666666,False,792281625142643375000,1872.41,0.11671206218,218.5328323464538,False,False,,,,,False,,,,,,,,,,,False,
0xd8d697088dcda8d965fb56d77f152117d397c80b,0xb42b0e5a9377e4e20fbf535fe9e115dee1142726,0x9c8eefd3ae474517d40106a7ee63212708e6eb43e90e7c2cfb4efd20a252d2cb,1785944788,True,7,0xaa5df952a4b5f452ec4999c8358912e4a55866bf,True,28598295,1785944190,2026-08-05T15:36:30+00:00,0.008666666666666666,False,792281625142643375000,1872.41,0.05120418219,95.8752227743779,False,False,,,,,False,,,,,,,,,,,False,
0xd8d697088dcda8d965fb56d77f152117d397c80b,0xb42b0e5a9377e4e20fbf535fe9e115dee1142726,0x9c8eefd3ae474517d40106a7ee63212708e6eb43e90e7c2cfb4efd20a252d2cb,1785944788,True,8,0x32ffd4ff281ac76c5329cbe00f77b69627d8ee7b,True,28598295,1785944190,2026-08-05T15:36:30+00:00,0.008666666666666666,False,792281625142643375000,1872.41,0.04941905731,92.5327370978171,False,False,,,,,False,,,,,,,,,,,False,
0xd8d697088dcda8d965fb56d77f152117d397c80b,0xb42b0e5a9377e4e20fbf535fe9e115dee1142726,0x9c8eefd3ae474517d40106a7ee63212708e6eb43e90e7c2cfb4efd20a252d2cb,1785944788,True,9,0x75c9e1726ffe1ec033e6660cc16c4cd8c48ca9d4,True,28598334,1785944194,2026-08-05T15:36:34+00:00,0.015166666666666667,False,792281625142643375000,1872.41,0.0737683632,138.124620939312,False,False,,,,,False,,,,,,,,,,,False,
0xebbb8d4b2ae142b172b268baff6e8253a934de8d,0xe1cedb14dd5fad0739c36c25a59e738129453867,0x6c559f5b876a2b77d5a4b8b42e6bea9c63b476456269adc7cba20fd652414c0b,1783965362,False,0,0x7eaf232fff53499fd3ead3c93924671b149e4837,True,8862950,1783965297,2026-07-13T17:54:57+00:00,0.17333333333333334,False,159950162939718917501,1751.67,0.4,700.668,True,True,0.337744269675206,591.616504861968,0.844360674188015,167361412896747429880515374,False,,,,,,,,,,167361412896747429880515374,False,
0xebbb8d4b2ae142b172b268baff6e8253a934de8d,0xe1cedb14dd5fad0739c36c25a59e738129453867,0x6c559f5b876a2b77d5a4b8b42e6bea9c63b476456269adc7cba20fd652414c0b,1783965362,False,1,0x68d1a4f5b0fe50072b5b887b68787cd06d25f129,True,8862976,1783965299,2026-07-13T17:54:59+00:00,0.21666666666666667,False,159950162939718917501,1751.67,0.4,700.668,True,True,0.33594263292266413,588.4606318116431,0.8398565823066603,166413592365833171519562287,False,,,,,,,,,,166413592365833171519562287,False,
0xebbb8d4b2ae142b172b268baff6e8253a934de8d,0xe1cedb14dd5fad0739c36c25a59e738129453867,0x6c559f5b876a2b77d5a4b8b42e6bea9c63b476456269adc7cba20fd652414c0b,1783965362,False,2,0x50b11a2aa57379b19a96004ef3ab91bc5dd63308,True,8862981,1783965300,2026-07-13T17:55:00+00:00,0.225,False,159950162939718917501,1751.67,0.4,700.668,True,True,0.3355841426729702,587.8326751959617,0.8389603566824255,166224994737419398599922338,False,,,,,,,,,,166224994737419398599922338,False,
0xed62559117227c201a5b0eafeb07b0f66ebfa4c3,0xf003e027cbdcc38eeada80cdbe39c4abf5061b1c,0xaae0437fc169c994e24a5209ef492c44093010e680e3c14c4d6d96dcce7cbb32,1783963325,False,0,0xf9631c2e2b19b7795bf3e145580e54b1c65e2e98,True,8840909,1783963091,2026-07-13T17:18:11+00:00,0.04541666666666667,False,660707506170211136406,1751.67,0.3,525.501,True,True,0.3,525.501,1.0,149006270328712769067801083,False,,,,,,,,,,149006270328712769067801083,False,
0xed62559117227c201a5b0eafeb07b0f66ebfa4c3,0xf003e027cbdcc38eeada80cdbe39c4abf5061b1c,0xaae0437fc169c994e24a5209ef492c44093010e680e3c14c4d6d96dcce7cbb32,1783963325,False,1,0x7906d5e4a10fbb07f5491018ab29df072a76eb3d,True,8840956,1783963096,2026-07-13T17:18:16+00:00,0.065,False,700621712841162194775,1751.67,0.3,525.501,True,True,0.3,525.501,1.0,147780958520155862169073921,False,,,,,,,,,,147780958520155862169073921,False,
0xed62559117227c201a5b0eafeb07b0f66ebfa4c3,0xf003e027cbdcc38eeada80cdbe39c4abf5061b1c,0xaae0437fc169c994e24a5209ef492c44093010e680e3c14c4d6d96dcce7cbb32,1783963325,False,2,0x347ffc6db9acc54ac2019795173b9599e8b82bd9,True,8841030,1783963103,2026-07-13T17:18:23+00:00,0.09583333333333334,False,478121241611605231101,1751.67,0.3,525.501,True,True,0.3,525.501,1.0,146253677515273720017263383,False,,,,,,,,,,146253677515273720017263383,False,
0xed62559117227c201a5b0eafeb07b0f66ebfa4c3,0xf003e027cbdcc38eeada80cdbe39c4abf5061b1c,0xaae0437fc169c994e24a5209ef492c44093010e680e3c14c4d6d96dcce7cbb32,1783963325,False,3,0x49b3e70dfc8b18654f5335532c17406794ac5ddd,True,8841221,1783963122,2026-07-13T17:18:42+00:00,0.17541666666666667,False,144370534767269785590,1751.67,0.2,350.334,True,True,0.000137453488533759,0.24077315225992962,0.000687267442668795,75432201905052888285668,False,,,,,,,,,,75432201905052888285668,False,
0xed62559117227c201a5b0eafeb07b0f66ebfa4c3,0xf003e027cbdcc38eeada80cdbe39c4abf5061b1c,0xaae0437fc169c994e24a5209ef492c44093010e680e3c14c4d6d96dcce7cbb32,1783963325,False,4,0x387bd4252f4fdd1919e8234c37203ce4b2aee1fe,True,8841337,1783963134,2026-07-13T17:18:54+00:00,0.22375,False,145219773207077254917,1751.67,0.2,350.334,True,True,0.002111876268810477,3.6993103037872483,0.010559381344052385,1152185219272745321009287,False,,,,,,,,,,1152185219272745321009287,False,
0xed62559117227c201a5b0eafeb07b0f66ebfa4c3,0xf003e027cbdcc38eeada80cdbe39c4abf5061b1c,0xaae0437fc169c994e24a5209ef492c44093010e680e3c14c4d6d96dcce7cbb32,1783963325,False,5,0x7133a5aaf4da27a61e17c929ba0af49064286731,True,8842052,1783963206,2026-07-13T17:20:06+00:00,0.5216666666666666,False,146069011646884724244,1751.67,0.04,70.0668,True,True,0.000131727900336448,0.23074381118234588,0.0032931975084112,71449511281344077654439,False,,,,,,,,,,71449511281344077654439,False,
0xed62559117227c201a5b0eafeb07b0f66ebfa4c3,0xf003e027cbdcc38eeada80cdbe39c4abf5061b1c,0xaae0437fc169c994e24a5209ef492c44093010e680e3c14c4d6d96dcce7cbb32,1783963325,False,6,0x5de95aee3a96b6f9d1d82670314ec5a2c819e1d8,True,8842079,1783963209,2026-07-13T17:20:09+00:00,0.5329166666666667,False,165601495762456518765,1751.67,0.03,52.5501,True,True,0.007602952345764938,13.317863535506069,0.25343174485883124,3926451463898463437108288,False,,,,,,,,,,3926451463898463437108288,False,
0xed62559117227c201a5b0eafeb07b0f66ebfa4c3,0xf003e027cbdcc38eeada80cdbe39c4abf5061b1c,0xaae0437fc169c994e24a5209ef492c44093010e680e3c14c4d6d96dcce7cbb32,1783963325,False,7,0x6e1526d700f70354419eb8153a5b51e0cc916ba1,False,8842218,1783963223,2026-07-13T17:20:23+00:00,0.5908333333333333,False,151164442285729540206,1751.67,0.015,26.27505,True,True,0.000173752829626407,0.30435761907168835,0.0115835219750938,91067166423527368487774,False,,,,,,,,,,,False,
0xed62559117227c201a5b0eafeb07b0f66ebfa4c3,0xf003e027cbdcc38eeada80cdbe39c4abf5061b1c,0xaae0437fc169c994e24a5209ef492c44093010e680e3c14c4d6d96dcce7cbb32,1783963325,False,8,0x6e1526d700f70354419eb8153a5b51e0cc916ba1,False,8842353,1783963236,2026-07-13T17:20:36+00:00,0.6470833333333333,False,585125285027346366303,1751.67,0.02,35.0334,True,True,0.02,35.0334,1.0,9062041790528221483824143,False,,,,,,,,,,,False,
0xed62559117227c201a5b0eafeb07b0f66ebfa4c3,0xf003e027cbdcc38eeada80cdbe39c4abf5061b1c,0xaae0437fc169c994e24a5209ef492c44093010e680e3c14c4d6d96dcce7cbb32,1783963325,False,9,0x04516ddec198ab38cc296b7806a131174315cecf,True,8842480,1783963249,2026-07-13T17:20:49+00:00,0.7,False,156259872924574356168,1751.67,0.010888942767378597,19.073834377334066,True,True,9.3840018289787e-05,0.1643767448376712,0.008617918221676726,47579535809512966282257,False,,,,,,,,,,47579535809512966282257,False,
0xed62559117227c201a5b0eafeb07b0f66ebfa4c3,0xf003e027cbdcc38eeada80cdbe39c4abf5061b1c,0xaae0437fc169c994e24a5209ef492c44093010e680e3c14c4d6d96dcce7cbb32,1783963325,False,10,0xc9f75e3f5cf794d4ee12282484549b424bdd999e,True,8842581,1783963257,2026-07-13T17:20:57+00:00,0.7420833333333333,False,157109111364381825495,1751.67,0.03,52.5501,True,True,7.9628316664754e-05,0.13948253345214964,0.0026542772221584666,40155565508994579740664,False,,,,,,,,,,40155565508994579740664,False,
0xed62559117227c201a5b0eafeb07b0f66ebfa4c3,0xf003e027cbdcc38eeada80cdbe39c4abf5061b1c,0xaae0437fc169c994e24a5209ef492c44093010e680e3c14c4d6d96dcce7cbb32,1783963325,False,11,0x64f3f1691101cd41b9908fc10a6c7a292d5defd3,True,8842610,1783963260,2026-07-13T17:21:00+00:00,0.7541666666666667,True,175792357040146150689,1751.67,0.3,525.501,True,True,0.008946346950846467,15.671047563389228,0.029821156502821553,4032044635301100733514134,False,,,,,,,,,,4032044635301100733514134,False,
0xed62559117227c201a5b0eafeb07b0f66ebfa4c3,0xf003e027cbdcc38eeada80cdbe39c4abf5061b1c,0xaae0437fc169c994e24a5209ef492c44093010e680e3c14c4d6d96dcce7cbb32,1783963325,False,12,0x7710c5cc27fa9e158e0d81be1d0c2eba612e9fab,True,8842759,1783963275,2026-07-13T17:21:15+00:00,0.81625,True,176641595479953620016,1751.67,0.01,17.5167,True,True,0.000727058245725859,1.2735661172906154,0.0727058245725859,326200950156712157555581,False,,,,,,,,,,326200950156712157555581,False,
0xed62559117227c201a5b0eafeb07b0f66ebfa4c3,0xf003e027cbdcc38eeada80cdbe39c4abf5061b1c,0xaae0437fc169c994e24a5209ef492c44093010e680e3c14c4d6d96dcce7cbb32,1783963325,False,13,0x83fc81b4449c791eeff735c73ed2b87a22823cc4,True,8842765,1783963276,2026-07-13T17:21:16+00:00,0.81875,True,176641595479953620016,1751.67,0.1,175.167,True,True,0.006852784800734974,12.003817551903431,0.06852784800734973,3073644949779263775984397,False,,,,,,,,,,3073644949779263775984397,False,
0xed62559117227c201a5b0eafeb07b0f66ebfa4c3,0xf003e027cbdcc38eeada80cdbe39c4abf5061b1c,0xaae0437fc169c994e24a5209ef492c44093010e680e3c14c4d6d96dcce7cbb32,1783963325,False,14,0x6d9f02d58551a58b980c4e82d3b0fc11e6d77377,True,8842889,1783963288,2026-07-13T17:21:28+00:00,0.8704166666666666,True,177490833919761089343,1751.67,0.13800437918830216,241.73813089277326,True,True,0.005268182085318755,9.228116513390303,0.03817402111660895,2351605303736758159925611,False,,,,,,,,,,2351605303736758159925611,False,300
0xed62559117227c201a5b0eafeb07b0f66ebfa4c3,0xf003e027cbdcc38eeada80cdbe39c4abf5061b1c,0xaae0437fc169c994e24a5209ef492c44093010e680e3c14c4d6d96dcce7cbb32,1783963325,False,15,0xe797d0bca0baf579ba9f40592cf920c7739aa729,True,8842972,1783963297,2026-07-13T17:21:37+00:00,0.905,True,178340072359568558670,1751.67,0.1,175.167,True,True,0.009213410596897375,16.138854940267226,0.09213410596897376,4093087898999416784052762,False,,,,,,,,,,4093087898999416784052762,False,
0xed62559117227c201a5b0eafeb07b0f66ebfa4c3,0xf003e027cbdcc38eeada80cdbe39c4abf5061b1c,0xaae0437fc169c994e24a5209ef492c44093010e680e3c14c4d6d96dcce7cbb32,1783963325,False,16,0xce7146b7bf05ca5d27cd8c189b98c7129cf71c90,True,8843112,1783963311,2026-07-13T17:21:51+00:00,0.9633333333333334,True,179189310799376027997,1751.67,0.3,525.501,True,True,0.014720770687661299,25.785932390455667,0.04906923562553766,6508756617090071110773419,False,,,,,,,,,,6508756617090071110773419,False,500
0xed62559117227c201a5b0eafeb07b0f66ebfa4c3,0xf003e027cbdcc38eeada80cdbe39c4abf5061b1c,0xaae0437fc169c994e24a5209ef492c44093010e680e3c14c4d6d96dcce7cbb32,1783963325,False,17,0x169f162c464ee65b0eeb840cfba4e862e5dcebe1,True,8843198,1783963320,2026-07-13T17:22:00+00:00,0.9991666666666666,True,180038549239183497324,1751.67,0.05,87.5835,True,True,0.05,87.5835,1.0,22107390826166463901663181,False,,,,,,,,,,22107390826166463901663181,False,100
0xee5b7ca79cedb5a58e0792c8cab292d69cd93646,0x8ad265268d66a551cf282cc1fdd0af2231accb0c,0xcf58708b8003d0ed4d493b02b3607d7a5facb854244808b2e080fd9201a004e2,1783963176,False,0,0xc54ffcdeec010ef5ca5314a2d0fd9bfe9d93f2d2,True,8841302,1783963131,2026-07-13T17:18:51+00:00,0.24444444444444444,False,49042400606035610916800,1751.67,0.2,350.334,True,True,0.2,350.334,1.0,99717859948321253176900031,False,,,,,,,,,,99717859948321253176900031,False,
0xee5b7ca79cedb5a58e0792c8cab292d69cd93646,0x8ad265268d66a551cf282cc1fdd0af2231accb0c,0xcf58708b8003d0ed4d493b02b3607d7a5facb854244808b2e080fd9201a004e2,1783963176,False,1,0x0b2d1965fd4d2250d03a277bce935e0d7f0e282e,True,8841309,1783963131,2026-07-13T17:18:51+00:00,0.26,False,158160880682342317600,1751.67,0.2,350.334,True,True,0.04498914496144352,78.80613555461177,0.22494572480721758,22647207978469807726131979,True,8842828,0x176c5dfe9173a48189b7c4aeb2ab8386859fd6cb74e029322920b44de68fe38f,6.826861205510655,0.3071346484063739,7.190511952e-06,0.3071274578944219,6.826701377802034,0x1f7263f21781b0f7aa25f583543b4c11096c8cf2,26171527.635598272,22647207978469807726131979,False,
0xee5b7ca79cedb5a58e0792c8cab292d69cd93646,0x8ad265268d66a551cf282cc1fdd0af2231accb0c,0xcf58708b8003d0ed4d493b02b3607d7a5facb854244808b2e080fd9201a004e2,1783963176,False,2,0x94511a976b755e8d174138a1e6ef298998c0e2dc,True,8841347,1783963135,2026-07-13T17:18:55+00:00,0.34444444444444444,False,158160880682342317600,1751.67,0.15,262.7505,True,True,0.025653692868367616,44.936804186733504,0.17102461912245076,12887264896337266040223195,True,8841815,0x682015f43f0982ca7cc8fb8211c48c7b9dad86188252593485a7ba400b65fc6c,5.59020094197732,0.14340929803794553,1.0874240334e-05,0.1433984237976115,5.589777056013229,0x2473e8a11ecc93e3e6eebb0a78cd3d2559f99890,21886306.278541848,12887264896337266040223195,False,
0xee5b7ca79cedb5a58e0792c8cab292d69cd93646,0x8ad265268d66a551cf282cc1fdd0af2231accb0c,0xcf58708b8003d0ed4d493b02b3607d7a5facb854244808b2e080fd9201a004e2,1783963176,False,3,0x5b7ea016cf02435fe63290f878e87fa1afb369eb,True,8841349,1783963135,2026-07-13T17:18:55+00:00,0.3488888888888889,False,158160880682342317600,1751.67,0.2,350.334,True,True,0.03358580096014407,58.83123996785555,0.16792900480072032,16869320452695726420805844,True,8841815,0x682015f43f0982ca7cc8fb8211c48c7b9dad86188252593485a7ba400b65fc6c,5.5893130285426205,0.1877215548805725,1.0874240334e-05,0.1877106806402385,5.588989253613242,0x2473e8a11ecc93e3e6eebb0a78cd3d2559f99890,21886306.278541848,16869320452695726420805844,False,
0xee5b7ca79cedb5a58e0792c8cab292d69cd93646,0x8ad265268d66a551cf282cc1fdd0af2231accb0c,0xcf58708b8003d0ed4d493b02b3607d7a5facb854244808b2e080fd9201a004e2,1783963176,False,4,0x86788933928fb1cb4700e80a2936b3344a1ae9c7,True,8841358,1783963136,2026-07-13T17:18:56+00:00,0.3688888888888889,False,158160880682342317600,1751.67,0.2,350.334,True,True,0.030741548839909896,53.84904885640497,0.15370774419954947,15428184515396562380209258,True,8841815,0x682015f43f0982ca7cc8fb8211c48c7b9dad86188252593485a7ba400b65fc6c,5.584774398769441,0.1716846149396492,1.0874240334e-05,0.1716737406993152,5.584420667719954,0x2473e8a11ecc93e3e6eebb0a78cd3d2559f99890,21886306.278541848,15428184515396562380209258,False,
0xee5b7ca79cedb5a58e0792c8cab292d69cd93646,0x8ad265268d66a551cf282cc1fdd0af2231accb0c,0xcf58708b8003d0ed4d493b02b3607d7a5facb854244808b2e080fd9201a004e2,1783963176,False,5,0x73ae2419bc96b9146f3dfd991ceccfb7a5f72a4a,True,8841373,1783963138,2026-07-13T17:18:58+00:00,0.4022222222222222,False,2729449653755669896800,1751.67,0.25,437.9175,True,True,0.25,437.9175,1.0,124394611206345623404768661,False,,,,,,,,,,124394611206345623404768661,False,
0xee5b7ca79cedb5a58e0792c8cab292d69cd93646,0x8ad265268d66a551cf282cc1fdd0af2231accb0c,0xcf58708b8003d0ed4d493b02b3607d7a5facb854244808b2e080fd9201a004e2,1783963176,False,6,0xe28601398a5448d1147e6e8b0e0c6d686f0d216d,True,8841427,1783963143,2026-07-13T17:19:03+00:00,0.5222222222222223,False,217666954602431506400,1751.67,0.3,525.501,True,True,0.3,525.501,1.0,149143527384322483362868053,False,,,,,,,,,,149143527384322483362868053,False,
0xee5b7ca79cedb5a58e0792c8cab292d69cd93646,0x8ad265268d66a551cf282cc1fdd0af2231accb0c,0xcf58708b8003d0ed4d493b02b3607d7a5facb854244808b2e080fd9201a004e2,1783963176,False,7,0x17e41377c0bf9e84b99fbce65665e47e12a407a2,True,8841518,1783963152,2026-07-13T17:19:12+00:00,0.7244444444444444,False,159726829996028875200,1751.67,0.2,350.334,True,True,0.1187687620481914,208.0436774169554,0.593843810240957,58912023618111277488092975,False,,,,,,,,,,58912023618111277488092975,False,
0xf0fe3127d3771e18500331911d26317a56bcba3d,0x1be1803caeab02ad57f03a4a721d0dabe07ed57d,0xa95ae4e5761465c12bbaac14133b51f396dee6f1faf92120a7ce4a0c492b8cb8,1786391320,True,0,0xc835721c699235b7a5dfdcb122b143f6d55bceb4,True,33061009,1786391194,2026-08-10T19:46:34+00:00,0.0125,False,499137423839865326250,1876.82,1e-05,0.0187682,True,True,1e-05,0.0187682,1.0,6417892840318397271371,False,,,,,,,,,,59912618082850880967429,False,
0xf0fe3127d3771e18500331911d26317a56bcba3d,0x1be1803caeab02ad57f03a4a721d0dabe07ed57d,0xa95ae4e5761465c12bbaac14133b51f396dee6f1faf92120a7ce4a0c492b8cb8,1786391320,True,1,0x58feec634aadd0f5af844653366e56d4a97f2036,False,33061062,1786391199,2026-08-10T19:46:39+00:00,0.056666666666666664,False,792281625142643375000,1876.82,1.01,1895.5882,False,False,,,,,False,,,,,,,,,,,False,
0xf0fe3127d3771e18500331911d26317a56bcba3d,0x1be1803caeab02ad57f03a4a721d0dabe07ed57d,0xa95ae4e5761465c12bbaac14133b51f396dee6f1faf92120a7ce4a0c492b8cb8,1786391320,True,2,0xc835721c699235b7a5dfdcb122b143f6d55bceb4,True,33061067,1786391200,2026-08-10T19:46:40+00:00,0.060833333333333336,False,499137423839865326250,1876.82,5.7142857142857e-05,0.10724685714285688,True,True,5.7142857142857e-05,0.10724685714285688,1.0,35710528304720417019553,False,,,,,,,,,,59912618082850880967429,False,
0xf0fe3127d3771e18500331911d26317a56bcba3d,0x1be1803caeab02ad57f03a4a721d0dabe07ed57d,0xa95ae4e5761465c12bbaac14133b51f396dee6f1faf92120a7ce4a0c492b8cb8,1786391320,True,3,0xd835a42e7a4a8693a326cd7e03c53ca1dd101cfa,True,33061200,1786391213,2026-08-10T19:46:53+00:00,0.17166666666666666,False,792282417424268517643375,1876.82,0.03,56.3046,True,True,0.03,56.3046,1.0,18673410318650051111239552,False,,,,,,,,,,18673410318650051111239552,False,
0xf0fe3127d3771e18500331911d26317a56bcba3d,0x1be1803caeab02ad57f03a4a721d0dabe07ed57d,0xa95ae4e5761465c12bbaac14133b51f396dee6f1faf92120a7ce4a0c492b8cb8,1786391320,True,4,0xc835721c699235b7a5dfdcb122b143f6d55bceb4,True,33061206,1786391214,2026-08-10T19:46:54+00:00,0.17666666666666667,False,499137423839865326250,1876.82,2.8571428571428e-05,0.053623428571427496,True,True,2.8571428571428e-05,0.053623428571427496,1.0,17784196937812066676505,False,,,,,,,,,,59912618082850880967429,False,
