mint,sig,slot,ts,err,n_events,events
B1C2xfcUajAAU8n3zfuXqXvvALRw8cB5sPzNB5ktpump,36jspNTsDSe1ip8N1fMGdru8LAZUdzK1gbEwBeA4TUMAeMSXwm3RDwCzEw8gCSBGLNJDBfGQACGoiBiudR9dDjcK,423634063,1780333638,"{""InstructionError"": [4, {""Custom"": 7}]}",0,
B1C2xfcUajAAU8n3zfuXqXvvALRw8cB5sPzNB5ktpump,4tFTFkwSerxNpqV2UP9hTeUhPcAM61p9me4FF7o4cfAtit3qpqCLYDhjh46ZM2hHSkMgkE5nHuf5EEHCvadtrKBk,423634063,1780333638,"{""InstructionError"": [4, {""Custom"": 7}]}",0,
B1C2xfcUajAAU8n3zfuXqXvvALRw8cB5sPzNB5ktpump,2nHF2VxRyYxFscPEjV9FfK9aHCdguBARB3fMLAoFHb2nHvq1PA84q2BGqsRSAF4rZiYG3BUXCrVWsLRD95oUsxmM,423634063,1780333638,"{""InstructionError"": [4, {""Custom"": 7}]}",0,
B1C2xfcUajAAU8n3zfuXqXvvALRw8cB5sPzNB5ktpump,36QECuiUSPJpHC4EZWibaGd5bHW4vUizBrmidQNxBWod9nVq8gGRQwgCkrFzqbeRdDWsZVCNtvtYmi8Dwcgg9mv2,423634063,1780333638,"{""InstructionError"": [4, {""Custom"": 7}]}",0,
B1C2xfcUajAAU8n3zfuXqXvvALRw8cB5sPzNB5ktpump,5ST1LKPsz28omrGbCrHw8HeTW3navM6YKnoUnUrPYkKgVSaB34Kvibz39GGmnS623Q8eiGy7Kg1FhYUGt3hHA5qh,423634063,1780333638,"{""InstructionError"": [4, {""Custom"": 7}]}",0,
B1C2xfcUajAAU8n3zfuXqXvvALRw8cB5sPzNB5ktpump,2nm1TAMnexifHv1jWV9LN1B9N85aVoqLJ2rTtrhWDnRBFh6GLPTAakxCKtVDJVMdo39LvuKkY5Z3XEdqsQGJAAEw,423634064,1780333638,"{""InstructionError"": [4, {""Custom"": 7}]}",0,
B1C2xfcUajAAU8n3zfuXqXvvALRw8cB5sPzNB5ktpump,2JyYcCGVAU9taPj4R1cssVs7YYX9CBtdCxk1BKXdPxUp6PBqHLqdEYd58y5vgVtCgHkMsLc9yMNvbPrJEcFHFNT2,423634064,1780333638,"{""InstructionError"": [4, {""Custom"": 7}]}",0,
B1C2xfcUajAAU8n3zfuXqXvvALRw8cB5sPzNB5ktpump,4EYDtLYHFa976xner3uYzWGYjC3vVhAbf8YsM8z8CoPLt8dcpn8hx8E78BWJAMxBfLTzqbP8MRDivZbyJfiQczsk,423634064,1780333638,"{""InstructionError"": [4, {""Custom"": 7}]}",0,
B1C2xfcUajAAU8n3zfuXqXvvALRw8cB5sPzNB5ktpump,56aPMYqZuYRGRCeT4LMM6P4aseAfLviB1qua2s4YhB2v8QYgFHNMQ4bTYqHLVpTBdRxvhiWuiZY1NB5YC4kJiMRn,423634065,1780333638,"{""InstructionError"": [4, {""Custom"": 7}]}",0,
B1C2xfcUajAAU8n3zfuXqXvvALRw8cB5sPzNB5ktpump,3RmmYa2cGfgVSE8h4RwoRFoSjB58tdrxxVQoP6fJCEGduazuy3hVWBu3ZgaKCNDcqaeeoG9NHXBWa5NBnFm74X34,423634065,1780333638,"{""InstructionError"": [4, {""Custom"": 7}]}",0,
B1C2xfcUajAAU8n3zfuXqXvvALRw8cB5sPzNB5ktpump,4H8itTdyb486VW3H2SuCXV71s1yZp4J57C9L7B6yUS15o63EZtt8Go1wB2enW5ZQvsUQ5kUC3q4wxJRm9DJ7Gsp7,423634065,1780333638,"{""InstructionError"": [4, {""Custom"": 7}]}",0,
B1C2xfcUajAAU8n3zfuXqXvvALRw8cB5sPzNB5ktpump,5rARef6SgSZWqAUvCtDT1BgzxG5Yz8XeNVynaYXHpiGzfFuc8swKRYHPPPvMRbX88G4sqWzPhPboCXcpyP6rgg8f,423634065,1780333638,"{""InstructionError"": [4, {""Custom"": 7}]}",0,
B1C2xfcUajAAU8n3zfuXqXvvALRw8cB5sPzNB5ktpump,5k436V9NuTJPQ193LcoUZeeQGaydKgU6qbFeti1qWb8C7kW33n3rDeVhHv1p87KDDqNnUau3ji1FnuRKLLUA1Pn9,423634065,1780333638,"{""InstructionError"": [4, {""Custom"": 7}]}",0,
B1C2xfcUajAAU8n3zfuXqXvvALRw8cB5sPzNB5ktpump,4QdGGPK1wp3pnoZtBxmB1UjuRxZbmPUVgLK8TaQrF8Td2aRzt6EtjyVu4TmqBo6hm3Jdv8rRyr3cdfUaB69TSD3Y,423634065,1780333638,"{""InstructionError"": [2, {""Custom"": 7002}]}",0,
B1C2xfcUajAAU8n3zfuXqXvvALRw8cB5sPzNB5ktpump,41p5zbX5KwTvBAHuYk2AAoV8zrfEejfgNa4tHjkLLDrAVjFZNTCJ5iFYgywK6JwW85ykXMHq3FbkkcZh3Zp3rFbs,423634065,1780333638,"{""InstructionError"": [4, {""Custom"": 7}]}",0,
B1C2xfcUajAAU8n3zfuXqXvvALRw8cB5sPzNB5ktpump,PotgdgU9PnLPvTvHFT7X2tQYPP5fgP1ebi2Nor6eg5z6Hn4k1yzArXbAKVuzPpkrDANZqTdQcDd4KJPMTcjabvK,423634065,1780333638,"{""InstructionError"": [4, {""Custom"": 7}]}",0,
B1C2xfcUajAAU8n3zfuXqXvvALRw8cB5sPzNB5ktpump,5YLG3VReoe1X9sZbavs7Qig52kdnp7xxwq6z7fFAmBtYs5BpncrRdaWqzgmfioSHGSxPg14iG9LjH9JMaCJAJSsK,423634066,1780333639,"{""InstructionError"": [1, ""InvalidAccountData""]}",0,
B1C2xfcUajAAU8n3zfuXqXvvALRw8cB5sPzNB5ktpump,LJBbFFk3x6rX6FUPvcC6cMsptenoJf1Xn5xA2oL2HY8sHctmZo8ocN82vvcd3EGkpprCNk2NFeaRGPbpjBifB9C,423634066,1780333639,"{""InstructionError"": [4, {""Custom"": 7}]}",0,
B1C2xfcUajAAU8n3zfuXqXvvALRw8cB5sPzNB5ktpump,3x8FPDEoZiErne52kfZbRqAtFDGaFtb3YxoVHyz7S4iGAF1uY5khDMZVWARfQofWr44U9Zk1PiUHRFVsQqRihdWU,423634066,1780333639,"{""InstructionError"": [1, ""InvalidAccountData""]}",0,
B1C2xfcUajAAU8n3zfuXqXvvALRw8cB5sPzNB5ktpump,4w83z2y66DrMfwEjxXB1U9RREPUQ5NwnzRScUfjnJPH69N35SRiTr7dzU8uFD8uPD4i7c9RVfNiW3TYGEhHb71o8,423634066,1780333639,"{""InstructionError"": [1, ""InvalidAccountData""]}",0,
B1C2xfcUajAAU8n3zfuXqXvvALRw8cB5sPzNB5ktpump,2Lmd67QQKVzKLRdUwq7SZkH4b7guAYNyxWKFvAK9kAe6miruKPxQAncjncpHe6VoUD4KAhUYFYbNXjzHmMznum2N,423634066,1780333639,"{""InstructionError"": [1, ""InvalidAccountData""]}",0,
B1C2xfcUajAAU8n3zfuXqXvvALRw8cB5sPzNB5ktpump,5bnQzCMA8AWRJynfdYkDPYjHYLTtvTRkCCbrWkwxTZQK4hGjTx252rQVBhhKR78jRo986FCXZ8Xrw2RvgX5MN7Yg,423634066,1780333639,"{""InstructionError"": [4, {""Custom"": 7}]}",0,
B1C2xfcUajAAU8n3zfuXqXvvALRw8cB5sPzNB5ktpump,2LThaBF1nSiRhzJqRx4GFMEZXVQumNxrrS9ufuurDMuJ73hux6S51pBD1SuhTp8hU8XwBKnRBDFZbXdFx7J6QNaB,423634066,1780333639,"{""InstructionError"": [4, {""Custom"": 7}]}",0,
B1C2xfcUajAAU8n3zfuXqXvvALRw8cB5sPzNB5ktpump,3c6wkSsBhsFjF6y3r5Tp9jBVtdv4Zd6XSHpj516kZzoDT3XPQp13kwwGD5KLLkHaGbcKMf6xwTqXcJDfdK1VW5Cn,423634066,1780333639,"{""InstructionError"": [4, {""Custom"": 7}]}",0,
B1C2xfcUajAAU8n3zfuXqXvvALRw8cB5sPzNB5ktpump,tWF7jemFoBud52Ped69iJDYdemVBi4mXVWzn995grN1GmfJPJszAqUsz2r2Xx9ZzG2d6QCn2eSgn7Gho6LVmnTM,423634066,1780333639,"{""InstructionError"": [4, {""Custom"": 7}]}",0,
B1C2xfcUajAAU8n3zfuXqXvvALRw8cB5sPzNB5ktpump,8PJbM6LJK4oaxGaP8PNYrUrx2CTLNbXLkxyLVhMHVAXY91HQHs7oUw2WA8B4pgkBcDQuujPHvc1AWexBSVUWzh3,423634066,1780333639,"{""InstructionError"": [4, {""Custom"": 7}]}",0,
B1C2xfcUajAAU8n3zfuXqXvvALRw8cB5sPzNB5ktpump,4RRaz752WDCEDP2EK6f95S2ePvcSc7Uorf7obXskvhNTXa4gNmx7PJoTxdU9qAf61gMstuvcsyt4Ad2zkjh5Z1kA,423634066,1780333639,"{""InstructionError"": [4, {""Custom"": 7}]}",0,
B1C2xfcUajAAU8n3zfuXqXvvALRw8cB5sPzNB5ktpump,5LPK4RJL5odMpRDczBfyA39e8GXJWWzPh8XLcgFJy1Jiam7KSLBVA2Ar6koDg8rjxc9YYrTjhM3qdH1RHfWUAznZ,423634066,1780333639,"{""InstructionError"": [4, {""Custom"": 7}]}",0,
B1C2xfcUajAAU8n3zfuXqXvvALRw8cB5sPzNB5ktpump,61qZ8cAbBYoVCSNDnBD7iSSuvCDSAEep2LY5UqD3hGLGfn6xXxvWCE62bGKMfg6seZad7fCZW1L49hnDAFHtgQC7,423634067,1780333639,"{""InstructionError"": [4, {""Custom"": 7}]}",0,
B1C2xfcUajAAU8n3zfuXqXvvALRw8cB5sPzNB5ktpump,23eR17h4nRhMhFXYGBS6ro19ah4cM7fXAg8zCdCryUHDrRAd6GLW5qFJLAXuhta1iVjYyARrxGhAZpR5fYJAYMLV,423634067,1780333639,"{""InstructionError"": [4, {""Custom"": 7}]}",0,
B1C2xfcUajAAU8n3zfuXqXvvALRw8cB5sPzNB5ktpump,5gStMnrWYQg61eAsJ7CmZY2pSPknoZ8NHytEeH783Zp8ix5grrkjz1wbk3AGdPKjWXCvrH4qnfT7JY5crVU9x4YY,423634067,1780333639,"{""InstructionError"": [4, {""Custom"": 7}]}",0,
B1C2xfcUajAAU8n3zfuXqXvvALRw8cB5sPzNB5ktpump,2w421om4qrS6orL5rnw8ujLyHuwtFT37RJYnspZ7APR2PsDYFgQaFQoKVEDR712P4uSnJgaUjox4K1ZeBH7YZq3k,423634067,1780333639,"{""InstructionError"": [4, {""Custom"": 7}]}",0,
B1C2xfcUajAAU8n3zfuXqXvvALRw8cB5sPzNB5ktpump,4xSw91KKqHi82yifboJWd2DHgud9jAX3bBQ682NRrLwjVRKRcpsvBp3kNB719rBeMqJDU1dZQBFStXqJqGxDvYaE,423634067,1780333639,"{""InstructionError"": [4, {""Custom"": 7}]}",0,
B1C2xfcUajAAU8n3zfuXqXvvALRw8cB5sPzNB5ktpump,3dmiMfgt3VxexqYFA45qffPGGHJvrj81GjCrv71Rys6DCKe6Yeq2YZTnLshg6e7yLtfp614H4EkGTai5dyFkvN6w,423634067,1780333639,"{""InstructionError"": [4, {""Custom"": 7}]}",0,
B1C2xfcUajAAU8n3zfuXqXvvALRw8cB5sPzNB5ktpump,5GbemBB2BvsfWGTDRdRoyHSxCi4ybrWESY8iiG7Ljo5NtAwQCtvqo5ACEczZYCx1Gfv74SZ6Jp6yE36oWUbLr1th,423634067,1780333639,"{""InstructionError"": [4, {""Custom"": 7}]}",0,
B1C2xfcUajAAU8n3zfuXqXvvALRw8cB5sPzNB5ktpump,5qWcvpvnNk4ozLFozyzdLJ4ybifmNf8NNaRQprm5d7aQrE2ZV2RsJ7hz7HCY9B2522m9rgFBds3UeHwX1yb7jWyR,423634067,1780333639,"{""InstructionError"": [4, {""Custom"": 7}]}",0,
B1C2xfcUajAAU8n3zfuXqXvvALRw8cB5sPzNB5ktpump,4tkms19ntTCm7Lih5xWtXYhGA2aEJEeEZ4wGn6cSBofVLB9eEAC5fSyo83TX86bEvMqHtXKxwsiBtfUpcKUik98j,423634067,1780333639,"{""InstructionError"": [4, {""Custom"": 7}]}",0,
B1C2xfcUajAAU8n3zfuXqXvvALRw8cB5sPzNB5ktpump,2NgfWR1L3XQrUht8a7WjAWCyAUUybckuShr9M49sUrNwNosdVJ1UhmXeMUPNeK57JD3Ax8HrB7QQqNe9zMqhtgW6,423634067,1780333639,"{""InstructionError"": [4, {""Custom"": 7}]}",0,
B1C2xfcUajAAU8n3zfuXqXvvALRw8cB5sPzNB5ktpump,2ufEz6HaxxGdJiEuKUue8vc3bA9hq9hoBCZpZfLE2cJtAZr27mWJ4kQQgCwaDmNS6TDXEBFSaWuJNa5UoguV5t25,423634067,1780333639,"{""InstructionError"": [2, {""Custom"": 7002}]}",0,
B1C2xfcUajAAU8n3zfuXqXvvALRw8cB5sPzNB5ktpump,4Y5N6aKgKUUcY6JeJFsXZzz47AVzzXEXkoMFErPFKwu4Cj8evrrhchk4eG6JuxSbcrTBWrypsGRkVMRy91csETL9,423634068,1780333640,"{""InstructionError"": [1, {""Custom"": 6001}]}",0,
B1C2xfcUajAAU8n3zfuXqXvvALRw8cB5sPzNB5ktpump,oDUkQAN2r3mfMmdJgJo8mXmSYd1iy3vRknPFyiehsp8hfxcdAzZnhxYhEG2DtmC7NQvdDANwpxfWXbvV8EgHtJm,423634068,1780333640,"{""InstructionError"": [1, {""Custom"": 6001}]}",0,
B1C2xfcUajAAU8n3zfuXqXvvALRw8cB5sPzNB5ktpump,299TowUH42JYYs23tdApqxYi5EhjnoDFQouBf8Uxnz9uuGU9FKQyuAktNyNm7oBcoVbANhqVMmckPCn9FVPPxNZY,423634068,1780333640,"{""InstructionError"": [4, {""Custom"": 7}]}",0,
B1C2xfcUajAAU8n3zfuXqXvvALRw8cB5sPzNB5ktpump,4Yt1ngtyjKhxiEpt87TtNHd9sjE1e7VYto8cpBFo4WLn67oT91VFMXP9yr4VTQsmD48rKdPH4TFEo4WgUjEAavWq,423634068,1780333640,"{""InstructionError"": [4, {""Custom"": 7}]}",0,
B1C2xfcUajAAU8n3zfuXqXvvALRw8cB5sPzNB5ktpump,5ertQVdq5PHVvewmKPPj7tz5MEjk6U4ErcZUC8RXtDF3eDgNAHioreromqin9z3e9gDbnpZEa9CDcQxKG7rcbzT1,423634068,1780333640,"{""InstructionError"": [4, {""Custom"": 7}]}",0,
B1C2xfcUajAAU8n3zfuXqXvvALRw8cB5sPzNB5ktpump,yRmnbgrSuLiWPhDzuthUfVYJWdvDTMW8cEiA1D9uHmrVsmfnC9a1bAWoMwQPho76yyB7zkWStZaogE5YUQgBQYg,423634069,1780333640,"{""InstructionError"": [4, {""Custom"": 7}]}",0,
B1C2xfcUajAAU8n3zfuXqXvvALRw8cB5sPzNB5ktpump,3ChEpttbbmZVEMMphnzwHpRSEYKRGrjtc7xdVSeRhfBzY6Dehwe4zs6RdwtvrLcxH8WT7bSGoiL38p7syrp8UMNm,423634069,1780333640,"{""InstructionError"": [4, {""Custom"": 7}]}",0,
B1C2xfcUajAAU8n3zfuXqXvvALRw8cB5sPzNB5ktpump,2sZwMYTd75pRYVfhz6B3hTzhN4xZHQhrKQYcbUm6e5aREV936Ah3XX223Hf4fRYoGBv8fezsFDrZtEdaVmzNDTGm,423634069,1780333640,"{""InstructionError"": [4, {""Custom"": 7}]}",0,
B1C2xfcUajAAU8n3zfuXqXvvALRw8cB5sPzNB5ktpump,4ZeV2u4jhfAjTau81BhYPkLrD8P3hPPWxGsMbcsmeRKSA117e7mBx2QnqauGYxqEfWCua88PbWtkWPDH3wcgAhp,423634069,1780333640,"{""InstructionError"": [4, {""Custom"": 7}]}",0,
B1C2xfcUajAAU8n3zfuXqXvvALRw8cB5sPzNB5ktpump,3arAyVwArW4z7mSEKBQL6psYFekUKqc7foeo4VQsDjk22yqWAMe1419BAQParvMLF2oEAYZx1U4EGkDC8esGhLKN,423634069,1780333640,"{""InstructionError"": [4, {""Custom"": 7}]}",0,
B1C2xfcUajAAU8n3zfuXqXvvALRw8cB5sPzNB5ktpump,3aUi1NvZGLvNA5pDexEePgyKo2gMmVkqvViKHydcctxVH5LZEPwT8XVAZT9vJqQCHPqi76Z24LHzgMMKPDhMqCyJ,423634069,1780333640,"{""InstructionError"": [4, {""Custom"": 7}]}",0,
B1C2xfcUajAAU8n3zfuXqXvvALRw8cB5sPzNB5ktpump,5u1ir7AjWrJRadyfFE7jHv2MsEgJsM74h8eQCyWefJeXSGg58VcrRqzcsGbnLFTdFNMnacHqj57xoQsB9cbcFcti,423634069,1780333640,"{""InstructionError"": [4, {""Custom"": 7}]}",0,
B1C2xfcUajAAU8n3zfuXqXvvALRw8cB5sPzNB5ktpump,2NURX4S8YewYpzPTt8wtD6PZcq8P41SWaqERfng7HXoot5yeM5BG1Hy5Up3kpmVLvS5BbiHZ75YAyR1W5Bpx41dU,423634069,1780333640,"{""InstructionError"": [4, {""Custom"": 7}]}",0,
B1C2xfcUajAAU8n3zfuXqXvvALRw8cB5sPzNB5ktpump,2khWztNLmH513CwfMfotBpc3QEPPRnjnZXjFzHdwLTRHcYy5aQXvNL3hwDp3966N4LAkfPNDXn7itwszbp1jEU4b,423634069,1780333640,"{""InstructionError"": [4, {""Custom"": 7}]}",0,
B1C2xfcUajAAU8n3zfuXqXvvALRw8cB5sPzNB5ktpump,jsAf3BnXT5EVqATJwXYzjEuCmzh3Nx7hx1CLb3PsbmjCuz8N5bWNeZ2hFfzNckaLYDd5mF3NzGeetWLKxqzZoZ3,423634069,1780333640,"{""InstructionError"": [4, {""Custom"": 7}]}",0,
B1C2xfcUajAAU8n3zfuXqXvvALRw8cB5sPzNB5ktpump,2mqqhk6AFq2kZG2Vvda8p8RDJ4uPwR2EgtZ3m5ogz7kWuakXTTXoBG6v2gaXvtGgd6JrwRq2v7cKur7YYUDs97vJ,423634070,1780333641,"{""InstructionError"": [4, {""Custom"": 7}]}",0,
B1C2xfcUajAAU8n3zfuXqXvvALRw8cB5sPzNB5ktpump,5s6mxn5HQAvST7hkL8vc8PntUK16SPvdARJYNTjsALpts77f4LuWictu7qUVaEG4W3LX7Zfb9XXch6gwRwpEjhcu,423634070,1780333641,"{""InstructionError"": [4, {""Custom"": 7}]}",0,
B1C2xfcUajAAU8n3zfuXqXvvALRw8cB5sPzNB5ktpump,3Xc8tzYFeAw3F1owqNuUvrm3iUcd4VjcohgLGijgSLGzBG3Pwje34szmGepKYySJ261j8z3547D7VW8eKzW16Yeh,423634070,1780333641,"{""InstructionError"": [4, {""Custom"": 7}]}",0,
B1C2xfcUajAAU8n3zfuXqXvvALRw8cB5sPzNB5ktpump,4CUuzYCV958PVae8coCJSbCnQHsGHNrn6u3SuL9d41sFmxN6wBGwiiAqw5D77tWyERBL1vBbKhT9PuG32nyTVTjU,423634070,1780333641,"{""InstructionError"": [2, {""Custom"": 7002}]}",0,
B1C2xfcUajAAU8n3zfuXqXvvALRw8cB5sPzNB5ktpump,uGpDLQ8CWek5eyosCxA4YAqRk1w5tqpmpdCHyAayhxffypD92Lqpfg7PCdzCP1XkJMbfZpaoahJGgYtB6SLXtr8,423634070,1780333641,"{""InstructionError"": [4, {""Custom"": 7}]}",0,
B1C2xfcUajAAU8n3zfuXqXvvALRw8cB5sPzNB5ktpump,1qCC9WNf8i4w6GXRhpFgUZEMzKi2zLhwNWjqJ5xXpJGaeQCKejETVJuz37RUydQCv42eaT7V2Xsofjx5UhhE9tM,423634070,1780333641,"{""InstructionError"": [4, {""Custom"": 7}]}",0,
B1C2xfcUajAAU8n3zfuXqXvvALRw8cB5sPzNB5ktpump,5ajbnYY5yJW26Bwoq63vFWzNkimTovTswwYiq4yqEZEowJyQkAkysvRwRakJyptw2GEWMJkaXBrW2c4Eer7kou2R,423634071,1780333641,"{""InstructionError"": [4, {""Custom"": 7}]}",0,
B1C2xfcUajAAU8n3zfuXqXvvALRw8cB5sPzNB5ktpump,32UcMsMugkDZJarBKx5hSVpzTFnRKzv6NTc6PgphXimaYSZ7YjexZRuwVq63hW714yVCyzCrYh6SvJjdMFKNEqAa,423634071,1780333641,"{""InstructionError"": [4, {""Custom"": 7}]}",0,
B1C2xfcUajAAU8n3zfuXqXvvALRw8cB5sPzNB5ktpump,38wfAjqkyK1Bmm4V1TKBapsAJY9vJb41YU1EXwdGgL3oifyArzALTEcJmBuB8DLVJBFxxtza4r8qpg5m8wGGmavn,423634071,1780333641,"{""InstructionError"": [4, {""Custom"": 7}]}",0,
B1C2xfcUajAAU8n3zfuXqXvvALRw8cB5sPzNB5ktpump,hVH3UrnxoLTNmvzQXTsfNYwjfpRnmBFFtqZPQdo5aGru83xXSCZkFkX23WLsDoKHcPLiDZQcJZxJnczVsdmk7pF,423634071,1780333641,"{""InstructionError"": [4, {""Custom"": 7}]}",0,
B1C2xfcUajAAU8n3zfuXqXvvALRw8cB5sPzNB5ktpump,4ypGHKw5t3hwunixq7hbdG8pwDdwEvBUCp1iPdAbm6qUxE36K8XSvKtxPuX3diraNAdxe8q2VvqKKFiLxPQsxRt5,423634071,1780333641,"{""InstructionError"": [4, {""Custom"": 7}]}",0,
B1C2xfcUajAAU8n3zfuXqXvvALRw8cB5sPzNB5ktpump,2BVMQq2AxeugoCDiDWAY5q16cgUX6DXDN2kqXPPK9JEArUp8x5fwvGo5DNM1eiQ94jC3FG2r5Umx7s1eDqpqjB43,423634071,1780333641,"{""InstructionError"": [4, {""Custom"": 7}]}",0,
B1C2xfcUajAAU8n3zfuXqXvvALRw8cB5sPzNB5ktpump,47c1aH3TANQjtYpzAgJY947oR4PCsmRy6JK1ZnBnFae8QLR3ZQwdrFBnHNvbG1A8MpaBxSrF9mk61YtGrsCfgsp5,423634071,1780333641,"{""InstructionError"": [2, {""Custom"": 7002}]}",0,
B1C2xfcUajAAU8n3zfuXqXvvALRw8cB5sPzNB5ktpump,3jYFofqWADhdGngPaqzW4fGhiZiN5KgNE1whvkkm4fiUeMtnxE5sa3Adpa4aRe1rUQfB4pTcwVbqyydRUUzD64Ps,423634071,1780333641,"{""InstructionError"": [4, {""Custom"": 7}]}",0,
B1C2xfcUajAAU8n3zfuXqXvvALRw8cB5sPzNB5ktpump,TsV7DcWSZ4cfZZJA8xcJpc64smLUQqyVB4fS8G7dMyvcexyHYoYdtwEmz4vnZrfRUYEgit4m2ThY5LWmRx4M96H,423634071,1780333641,"{""InstructionError"": [4, {""Custom"": 7}]}",0,
B1C2xfcUajAAU8n3zfuXqXvvALRw8cB5sPzNB5ktpump,5Yhhj6f5QxJhmmXXmhQmpumRPi3DXkKm3DUHqkanLHE6p3tzMVn6fV2KGGPxPjt18gPK8rbmbRPUaDCcojgn2EQX,423634071,1780333641,"{""InstructionError"": [4, {""Custom"": 7}]}",0,
B1C2xfcUajAAU8n3zfuXqXvvALRw8cB5sPzNB5ktpump,2UoWzKppdZUg7h9KUyrXF55iuWSNB7bpcbevfjEjT1SvQqNXPdC7Lry2yKV4929MaR6ZzJHyCMeabFsnMUNvTMz9,423634071,1780333641,"{""InstructionError"": [4, {""Custom"": 7}]}",0,
B1C2xfcUajAAU8n3zfuXqXvvALRw8cB5sPzNB5ktpump,5EEbTzh36FaDso8Ef6ecTsGBnhnnRWPY6ikyUfANdQfAYQHvr5HPpno3pkmWCVgzABQwyaFDTZw7e7jRZ7SQipiq,423634071,1780333641,"{""InstructionError"": [4, {""Custom"": 7}]}",0,
B1C2xfcUajAAU8n3zfuXqXvvALRw8cB5sPzNB5ktpump,4Rne7rbFAo9wSBMsX5py93y3fGC6AUemHyDDDxJJ9dp8nkuGAgMi6c3AoGgEEzYNZYV6XopPeDMBuRzngoSx7Ka8,423634071,1780333641,"{""InstructionError"": [4, {""Custom"": 7}]}",0,
B1C2xfcUajAAU8n3zfuXqXvvALRw8cB5sPzNB5ktpump,34gwi2yxmSi4xNf7mD8vu9gfXxbDgv7X33AGNZAFRgu9MUGRzgJ5e7hfnHKbYt5Gmc9m7Xfippfnh5NwPfDwToK8,423634072,1780333641,"{""InstructionError"": [4, {""Custom"": 7}]}",0,
B1C2xfcUajAAU8n3zfuXqXvvALRw8cB5sPzNB5ktpump,3SCu17uA6gGD8g2NbshKBRrM4wmZTohu19VPvZncFDsfPk9gSj6wpdPi9uEMfTdHr4GpvXR9Y2qKyVeGB58uguTa,423634072,1780333641,"{""InstructionError"": [4, {""Custom"": 7}]}",0,
B1C2xfcUajAAU8n3zfuXqXvvALRw8cB5sPzNB5ktpump,S2cUHvDQBvJ8BPWAKnsbLWXwZkFZmao8r9kEdwjmMxQ3NZagKEED18iSJzHopXG31MAagvYCro1FsAgGpqoDLL7,423634072,1780333641,"{""InstructionError"": [4, {""Custom"": 7}]}",0,
B1C2xfcUajAAU8n3zfuXqXvvALRw8cB5sPzNB5ktpump,2hyzbB92KzfARpafwLm1LmE4Ay8SmjfXTCoFiLN7R2sYvskraZ4J4XdSm3vyUBA1NbcQQshj9cce5U5HZXzgjHtY,423634072,1780333641,"{""InstructionError"": [4, {""Custom"": 7}]}",0,
B1C2xfcUajAAU8n3zfuXqXvvALRw8cB5sPzNB5ktpump,3McvXi7J8mh1HmuqFvEM35aK7noVf3Qkguh9Jmfz5ptMCEe1jjrkHCMjavbmzPxUr2BFSHTTzKVJ9Pd4kY6xFae3,423634072,1780333641,"{""InstructionError"": [4, {""Custom"": 7}]}",0,
B1C2xfcUajAAU8n3zfuXqXvvALRw8cB5sPzNB5ktpump,E6Kd5FBn4n9jxwHNmdRV4aPrq4VtHbx7ZeKBNRYtgGbFCTACnvnTov3gtozt1MtvBUJizpxw9XELZxtjJdAQ67J,423634072,1780333641,"{""InstructionError"": [4, {""Custom"": 7}]}",0,
B1C2xfcUajAAU8n3zfuXqXvvALRw8cB5sPzNB5ktpump,2yaBDvWv8Z5irwvmbtsTwJEfwRwG7GnrUUwUcXvbYnUtXJpsBdeyaoWKEF4RoAHx4wDjqXaX4o7YLTRpUcr4k2PV,423634072,1780333641,"{""InstructionError"": [4, {""Custom"": 7}]}",0,
B1C2xfcUajAAU8n3zfuXqXvvALRw8cB5sPzNB5ktpump,3SGiHzF3azRvwDAUpu3Bzb5KusyLte7di9GLV32hjHJQgxWduDhLQiqrpPMc2TLQnyWzM4VwPgaBkfhH9NVRseyD,423634072,1780333641,"{""InstructionError"": [4, {""Custom"": 7}]}",0,
B1C2xfcUajAAU8n3zfuXqXvvALRw8cB5sPzNB5ktpump,2tKm9NgUddGsdTicsJZw4FmStT94PNTdaMgR7CEoxxvFQQSzHkoHpYKfUHWDXjuSqPShZm5nuT4g4a4E1fv1sM4K,423634072,1780333641,"{""InstructionError"": [4, {""Custom"": 7}]}",0,
B1C2xfcUajAAU8n3zfuXqXvvALRw8cB5sPzNB5ktpump,5ao9zeEwzhnGDESdCYMTFcaDRm5ALdUo5wxradRth63xTwsfButtuNTUDHTtUg8cqVLVCPttxnn6NH66qew8SmLy,423634072,1780333641,"{""InstructionError"": [4, {""Custom"": 7}]}",0,
B1C2xfcUajAAU8n3zfuXqXvvALRw8cB5sPzNB5ktpump,J36Krr6HFV28B8dn5Kx2tKpkAVCyJ748b41FL4rx3WYP6HUgpWymYRzqFmC4B7Y47RG7LfXGq3LSbfTS4bc1dnW,423634073,1780333642,"{""InstructionError"": [4, {""Custom"": 103}]}",1,TradeEvent:buy:1075289581
B1C2xfcUajAAU8n3zfuXqXvvALRw8cB5sPzNB5ktpump,5HqnFwk2ZygHLwBVHjxUq1KkLQPKZ18qvL7MjwgnRJR5owpAjMDupM2cc4q47oJoJGysdZTiK9VJsRrpzSvUTFLh,423634073,1780333642,"{""InstructionError"": [3, {""Custom"": 103}]}",1,TradeEvent:buy:342222222
B1C2xfcUajAAU8n3zfuXqXvvALRw8cB5sPzNB5ktpump,55XUUPCPEwtYfhTBYquzhQXDcq5F771zCsXf71or9X2RgHQRSwaYLrpxMjGhJn1LH7se17ZSimEwbvtbDyDBjXmm,423634073,1780333642,"{""InstructionError"": [4, {""Custom"": 103}]}",1,TradeEvent:buy:880265975
B1C2xfcUajAAU8n3zfuXqXvvALRw8cB5sPzNB5ktpump,4TZXxJWiF41m25hji3M86Ha5aBkAj273ZZSN854BPJfwsJjSkM4AHzmfaPQ7TeQLGkAYahvfLMNTgZNL5oNabBH6,423634073,1780333642,"{""InstructionError"": [4, {""Custom"": 7}]}",0,
B1C2xfcUajAAU8n3zfuXqXvvALRw8cB5sPzNB5ktpump,3zN4kwjCJpW7a6gEwYqsdExjePWw4F2WXjh5Gn9w1JHo4GJhAnAChVHpfA3ACsZ1byobAWjjhtxsygSJX3MqF8Hy,423634073,1780333642,"{""InstructionError"": [4, {""Custom"": 7}]}",0,
B1C2xfcUajAAU8n3zfuXqXvvALRw8cB5sPzNB5ktpump,2KQTvVcKfu3rqvAjSE6kADUXXkSB7cfRnHnwtrmCK9ASdogYZ5xTtmeGHfLy9LP5ziZhx5pkHETW5GubHnVEH8qV,423634073,1780333642,"{""InstructionError"": [4, {""Custom"": 7}]}",0,
B1C2xfcUajAAU8n3zfuXqXvvALRw8cB5sPzNB5ktpump,KPQjRh79L8xpDmNGoBfaRoNjo2gMnD6ojNPRiCaZxaNcwKkMeitr638eQSSDSJ8226r9842oBDMRmzrJZHCUMkE,423634073,1780333642,"{""InstructionError"": [4, {""Custom"": 7}]}",0,
B1C2xfcUajAAU8n3zfuXqXvvALRw8cB5sPzNB5ktpump,3MTFb7WbTQ8NSM6gTQ2v9dHMHCN4CPP9AUiQjMHZBDyPUNzmeT27joSzqkronqBqx4PJrboe2p6FifLTr8EkJsZ9,423634073,1780333642,"{""InstructionError"": [4, {""Custom"": 7}]}",0,
B1C2xfcUajAAU8n3zfuXqXvvALRw8cB5sPzNB5ktpump,24vPjFdFT6AH5kNSx2qQaysfeQhaQN2o8ccXgtZtWjxU3zknoJ3NhUZPLzVzHs7nVyWiJGmfFSn36PUSoz4n4nrx,423634073,1780333642,"{""InstructionError"": [4, {""Custom"": 7}]}",0,
B1C2xfcUajAAU8n3zfuXqXvvALRw8cB5sPzNB5ktpump,66msrNnffWcpeHpzA27Jf8M9Fmp12Ta3AqrqzRxUWbZfisbMbB4qxUoJrSwPqB76EMUNWAw1cAhzo3PkoKxcCpMR,423634073,1780333642,"{""InstructionError"": [2, {""Custom"": 7002}]}",0,
B1C2xfcUajAAU8n3zfuXqXvvALRw8cB5sPzNB5ktpump,3VTMvugcNLpaDUacv6R1Pnd25yM7eZde5xHjStpkzTswfdfgKscm9mhuKkvx7hWdcrXHnpijsze3QtfPBMEzuji7,423634073,1780333642,"{""InstructionError"": [2, {""Custom"": 100}]}",0,
B1C2xfcUajAAU8n3zfuXqXvvALRw8cB5sPzNB5ktpump,3R1cqGCTCqcX55o93WWzv5R4jpRWWQeTShdwLQyyTJFMpms7LXN541DY5WD24Cw3qKnmf5UQ47r28HRUTsMViPyJ,423634073,1780333642,"{""InstructionError"": [2, {""Custom"": 100}]}",0,
B1C2xfcUajAAU8n3zfuXqXvvALRw8cB5sPzNB5ktpump,2rB8o7eRCfQRkwUknfjCHqMANT2iFGFmURVcD6Z3PP1X4754BYQ3a2iQ9ZSTZdugJnogumJ2nAh1YePyn3xKkLhF,423634073,1780333642,"{""InstructionError"": [4, {""Custom"": 7}]}",0,
B1C2xfcUajAAU8n3zfuXqXvvALRw8cB5sPzNB5ktpump,vDGqvWgjHK2L7wdF5bxEfGrGRyfHwGvZaEkDkpDgQxwDZnZhYvh1o6ACvNZMGCPuLbedCpPYmafTXAEQzHQw8iV,423634073,1780333642,"{""InstructionError"": [4, {""Custom"": 7}]}",0,
B1C2xfcUajAAU8n3zfuXqXvvALRw8cB5sPzNB5ktpump,3Gs5BUvZV6dvDdfZXqjmvqftE8A4zZB9Yrs687EKYa5wKWRWXCBWxE8b4kyE5Y4FFwKH54N9Q9nzTgGZbhijHgSW,423634073,1780333642,"{""InstructionError"": [4, {""Custom"": 7}]}",0,
B1C2xfcUajAAU8n3zfuXqXvvALRw8cB5sPzNB5ktpump,4me8RvUjyZMTSh5HeNQ2RjR7idWW1as5AVrDLvob2NgPjgdt8oiWizmqXMkPgVRBThp9WwUsmbQvhkSdP5q2emJk,423634073,1780333642,"{""InstructionError"": [4, {""Custom"": 7}]}",0,
B1C2xfcUajAAU8n3zfuXqXvvALRw8cB5sPzNB5ktpump,omNmtEhd19z17AdspunP1gPzJsFrJjLiZTKr67pZSn77MLa4X1Tj9598XfS92rRQTK2V9KRCdngSRXpAsCv2FHN,423634073,1780333642,"{""InstructionError"": [4, {""Custom"": 7}]}",0,
B1C2xfcUajAAU8n3zfuXqXvvALRw8cB5sPzNB5ktpump,5htJkyTF4vCimD7H5FMeTEPtRKZZDqPjHuKBXXQCHsFXWXaGbemyH1Cgr26JE4T5NaKwZQKSBRbBvMGhJF9g6DPW,423634073,1780333642,"{""InstructionError"": [2, {""Custom"": 100}]}",0,
B1C2xfcUajAAU8n3zfuXqXvvALRw8cB5sPzNB5ktpump,2H4TadbtmAcVjWDHM7zKCdGE5wcFo4zNm1ndDRtranLrahqFgRUyZNEguQuqQwEVtDzvydaSV6UreCKSuPtLywAR,423634073,1780333642,"{""InstructionError"": [2, {""Custom"": 100}]}",0,
B1C2xfcUajAAU8n3zfuXqXvvALRw8cB5sPzNB5ktpump,5B7cLPUpnPipib5Qyp9n1vkUmCsf4stDTyidm6REFfE8Yg8MtPAXZRyd9LkAEY6qRTZzTdgRN74LDZ3oT2cv5tN3,423634073,1780333642,"{""InstructionError"": [4, {""Custom"": 7}]}",0,
B1C2xfcUajAAU8n3zfuXqXvvALRw8cB5sPzNB5ktpump,hTNj1CUWXj9hfhihoS4RycHYmivnMUWcDrNiepBGn25jtuddD2PKL8K2MjsciFJmmj8H4AwSr7pMPZ2YEY1bb8z,423634073,1780333642,"{""InstructionError"": [4, {""Custom"": 7}]}",0,
B1C2xfcUajAAU8n3zfuXqXvvALRw8cB5sPzNB5ktpump,2RSXBNVAx2i69Ahiw5AF4bQcU4GJFZwF5jEThLxZZXwiDnnf4eE1W93KtK7mhMFkQmvv9kQ2iuVT8Ja1CMn8M2Mn,423634073,1780333642,"{""InstructionError"": [5, {""Custom"": 1}]}",0,
B1C2xfcUajAAU8n3zfuXqXvvALRw8cB5sPzNB5ktpump,5ypioyYBZxo2Rd3DRSbLU3W42PsdBC9z8F5AwDMzVSyUZHgLmrNcJgbuSgvoYKBkMVtua4b5sqKFvZvdXTGH2xri,423634073,1780333642,"{""InstructionError"": [2, {""Custom"": 1}]}",0,
B1C2xfcUajAAU8n3zfuXqXvvALRw8cB5sPzNB5ktpump,BgHmyhPPoamL2YvJedv1eW1bgAqKfuGiBmgQ61YcNHK7W8S2C5qDVYRdeWVqMF4xvAdGxVKDbJbn5F8ubvNi97p,423634073,1780333642,"{""InstructionError"": [5, {""Custom"": 1}]}",0,
B1C2xfcUajAAU8n3zfuXqXvvALRw8cB5sPzNB5ktpump,2Sc62ZgijtUKUvR5wzneKCxRo2Z6pCYW7W6Y8PgUjajLiatTqLDDGSiGEXY2mSTjrxZ7cyZqqVTJQtp16QuFPSoE,423634074,1780333642,"{""InstructionError"": [4, {""Custom"": 103}]}",1,TradeEvent:buy:977777777
B1C2xfcUajAAU8n3zfuXqXvvALRw8cB5sPzNB5ktpump,2TfCjB73ofDvQFwoqN7VUnNZe8J2bdXuxsHvMfwLgc4wFEQdPZLVPJYTBire6CXyRqoL9hsqmB3VML6drFV4tn1H,423634074,1780333642,"{""InstructionError"": [2, {""Custom"": 100}]}",0,
B1C2xfcUajAAU8n3zfuXqXvvALRw8cB5sPzNB5ktpump,p5XhVYHCc6RhymvB2MgFyJiKEq8YAQ8S6XvANXaiPvk6CLaXu6kzkxN6aKckiytZ1RuXbhj7vuNSE2imjxxfB74,423634074,1780333642,"{""InstructionError"": [2, {""Custom"": 100}]}",0,
B1C2xfcUajAAU8n3zfuXqXvvALRw8cB5sPzNB5ktpump,2wmycVqQZGFzssuZwDm6vfiKz4SPrrrepRiwjjZmdUSsWdAwXYHnT9cVC14wd2PGrVmDXugUhC77VsCS5e83mMGt,423634074,1780333642,"{""InstructionError"": [2, {""Custom"": 100}]}",0,
B1C2xfcUajAAU8n3zfuXqXvvALRw8cB5sPzNB5ktpump,2ZvLZvw81hExUV7vsG44TT7aSoYFe1hMU2YFcL97izvKU2o2Lsbi85PsZmi6o6xkyQtQvMt9Tn4TUzrqMtDLg1Lu,423634074,1780333642,"{""InstructionError"": [2, {""Custom"": 100}]}",0,
B1C2xfcUajAAU8n3zfuXqXvvALRw8cB5sPzNB5ktpump,Mb1zcQ87St9SccvY6WHM8xc3BxMsBhjHJt4DBasG6Fdhf9MAgrGhXTFJqaon1J5RCvQ7tVMzzCvpQmhTJn3FKN8,423634074,1780333642,"{""InstructionError"": [3, {""Custom"": 1}]}",0,
B1C2xfcUajAAU8n3zfuXqXvvALRw8cB5sPzNB5ktpump,5iXnc71ACeGhmckU4WnX1751QpAjiog4pqNCqo7hkZPoaGGqy8238ZGtYV6c2owCn25fBj56Ke6U8xXdHs8QtPRw,423634074,1780333642,"{""InstructionError"": [3, {""Custom"": 1}]}",0,
B1C2xfcUajAAU8n3zfuXqXvvALRw8cB5sPzNB5ktpump,4uJXH9NTerX2q3i5LFXo7GkipHZ9Wkh6GzJYsacen6ykugxJYDGhyRJvtdZsfmF8HnHBQdknfqfJwems2tYgnRoY,423634074,1780333642,"{""InstructionError"": [3, {""Custom"": 1}]}",0,
B1C2xfcUajAAU8n3zfuXqXvvALRw8cB5sPzNB5ktpump,2JVvfXNgmMbzyYhr4nNiKMWALXZhzx5K2WmvTtFTd3Tg6Hg6byDtfbvz2wvt954KuhT7o13CBFc1iTcZu2p5zYSv,423634074,1780333642,"{""InstructionError"": [3, {""Custom"": 1}]}",0,
B1C2xfcUajAAU8n3zfuXqXvvALRw8cB5sPzNB5ktpump,CjQHvWEkiv2hDdNZDbyKXXwgvQVT8WurVQ1MQhmiT7QduVvJ7uCFbDEBep6FE5VRuBK5d91Wui6f6qTjfZQy7Lz,423634074,1780333642,"{""InstructionError"": [3, {""Custom"": 1}]}",0,
B1C2xfcUajAAU8n3zfuXqXvvALRw8cB5sPzNB5ktpump,4xPqeDWzp183Pu23GHoTC5scZ77tSB62bCL7w9D94aFnAfD8VxV3WCRKouYtqyt91NmK75yzEeh65WXanGiW5hEn,423634074,1780333642,"{""InstructionError"": [3, {""Custom"": 1}]}",0,
B1C2xfcUajAAU8n3zfuXqXvvALRw8cB5sPzNB5ktpump,26PSM56Avhpq56KXq9p4idgG4PVKsRdSQYd9Qf2gQneFjwsm5tz9aDhokvjuwzJKek6SuZLza4HZmvM1iSTdh6bf,423634074,1780333642,"{""InstructionError"": [3, {""Custom"": 1}]}",0,
B1C2xfcUajAAU8n3zfuXqXvvALRw8cB5sPzNB5ktpump,2Gi7je987n39u8S5acp22YSCxBAe1HJiWpLvTkLy2FEhQXEHQDbQ9p9ZkNqg4oMDsrvDFq4MWWm3Ua9taVbWuh8a,423634074,1780333642,"{""InstructionError"": [3, {""Custom"": 1}]}",0,
B1C2xfcUajAAU8n3zfuXqXvvALRw8cB5sPzNB5ktpump,3cjxbmQg1kLaydii8fciha6WkhDA49GeqowiqpR2HCkkvywbnEC9zhogU3kP8ZQ3efhioNQdGL5rbkfvbFECthzo,423634074,1780333642,"{""InstructionError"": [3, {""Custom"": 1}]}",0,
B1C2xfcUajAAU8n3zfuXqXvvALRw8cB5sPzNB5ktpump,3DSyzy8MSV249eoqcfqchFqhcexcGdhjMXpfuqjjfCEEc8r9orGAAUPy3mfnqdWmcvUvDVwT2QTNv8oCnbWeMKXk,423634074,1780333642,"{""InstructionError"": [3, {""Custom"": 1}]}",0,
B1C2xfcUajAAU8n3zfuXqXvvALRw8cB5sPzNB5ktpump,dM1W4Dbt3p5mG6wUF7xRAxf8jGbebxsgyrEM3an7rqLAYD4JnK5QpvVm5JRmaQeoHdwFtV3p7bk4wbUDsjJN7Tq,423634074,1780333642,"{""InstructionError"": [3, {""Custom"": 1}]}",0,
B1C2xfcUajAAU8n3zfuXqXvvALRw8cB5sPzNB5ktpump,5drPDUVWDuo2uGNqitmTH3sLB3Y6QqekPm3HYP6kSM1L6zP5y3pkNA1zeSF2UherA8vs396cbwumHkVGrR4uLpbg,423634074,1780333642,"{""InstructionError"": [3, {""Custom"": 1}]}",0,
B1C2xfcUajAAU8n3zfuXqXvvALRw8cB5sPzNB5ktpump,5K97DMJPHuQZCYEcWPr813zNmeKJaV8fQKsJ9d8T3x3tEwDZV5WqbQ692SP9ibgu8sMeiTLoCLS2v2dYCjZU8R9E,423634074,1780333642,"{""InstructionError"": [3, {""Custom"": 1}]}",0,
B1C2xfcUajAAU8n3zfuXqXvvALRw8cB5sPzNB5ktpump,5dk9fw3RCpg1TgqtZTPbQyNdJmqtTiVfuGz8WPnLPypcss1xGoQs3eFZxm1RDyn6q3x7KjALpTmRAsSWar22bfDy,423634074,1780333642,"{""InstructionError"": [3, {""Custom"": 1}]}",0,
B1C2xfcUajAAU8n3zfuXqXvvALRw8cB5sPzNB5ktpump,nB5HkGu4AR4tPDgo5XdemgTRRAfsR4t7gs2euWTiYNUfRavyv628Pkb4ewPLiL1T5SZDd8LdF6fUfEBPNjqSqDd,423634074,1780333642,"{""InstructionError"": [3, {""Custom"": 1}]}",0,
B1C2xfcUajAAU8n3zfuXqXvvALRw8cB5sPzNB5ktpump,4iZsRcV65tiusEwoUTQNtXiQGuVXuvheurfgud7vCwvZNrp93BBWvBvK7jADb5yHtvTb8QHGNDGWCsM1fmT7U6R7,423634074,1780333642,"{""InstructionError"": [3, {""Custom"": 1}]}",0,
B1C2xfcUajAAU8n3zfuXqXvvALRw8cB5sPzNB5ktpump,5JrduJcMtgbCBh4zZR9bJSq32dDpi1cBSbeiwgkCXqVVx2mUqRozDLApHyqgDX7za828xfy8nZyxMTLRkixmBZzp,423634074,1780333642,"{""InstructionError"": [3, {""Custom"": 1}]}",0,
B1C2xfcUajAAU8n3zfuXqXvvALRw8cB5sPzNB5ktpump,5wPx8ELynKGGZdaiLobaneX8ZSQA69wPB5nuH7qsJhe3C6rdiJndo1f88JZmUBmraryt5LjLzs8L4BbCHP733znU,423634074,1780333642,"{""InstructionError"": [5, {""Custom"": 6042}]}",0,
B1C2xfcUajAAU8n3zfuXqXvvALRw8cB5sPzNB5ktpump,2UMHxu3Xy3fG8MmLsN1Y7F49mEJmU4LpxBLNwm6UBe5RYiFfiMtSwGodnbNvwcHyzykrLDi8r5EyCxAEZEWcR563,423634074,1780333642,"{""InstructionError"": [4, {""Custom"": 7}]}",0,
B1C2xfcUajAAU8n3zfuXqXvvALRw8cB5sPzNB5ktpump,2mPqvdBRdFvCGpt5nAszewCg9DfxzcLsqe165LRa1qK2s4uHGBLiv2wCPExVprsUHdigo2s1JBpiAFRuAQF9VDsk,423634074,1780333642,"{""InstructionError"": [3, {""Custom"": 1}]}",0,
B1C2xfcUajAAU8n3zfuXqXvvALRw8cB5sPzNB5ktpump,2MERhZCfE33gp3kqDj3tfb3DVtWGZtAjndBo9jUnLgfWYZaZcrZ1aKfD5cd28fhPzjDvBu8KFup5XY5tux8rj6aa,423634074,1780333642,"{""InstructionError"": [3, {""Custom"": 0}]}",0,
B1C2xfcUajAAU8n3zfuXqXvvALRw8cB5sPzNB5ktpump,62PEqrUjbAQ2i2D5qboNLyKb7fuafZGRsVoqf3yrMcqBKifPoDoUJv1M2uw1SZQp2Csdwvt4YddcRpugr8tKbHQ3,423634074,1780333642,"{""InstructionError"": [4, {""Custom"": 7}]}",0,
B1C2xfcUajAAU8n3zfuXqXvvALRw8cB5sPzNB5ktpump,2TBY1yap9fFyFrTjsyg2r7GYgcPM436sc9JTPg6akPP3uPJHyG7ZXyFyWAJDnsQ9Ak9vjX1K82ukP2V1iLj8H3Uj,423634074,1780333642,"{""InstructionError"": [4, {""Custom"": 7}]}",0,
B1C2xfcUajAAU8n3zfuXqXvvALRw8cB5sPzNB5ktpump,4VxJKrx8irrnTbrWPxaoXynXoCTfjnaaSYpuejW59tvw5SyEhdT8kqksKpxmEG1HZ3kz6jJ8cxWpwowTk8SWzCyt,423634074,1780333642,"{""InstructionError"": [4, {""Custom"": 7}]}",0,
B1C2xfcUajAAU8n3zfuXqXvvALRw8cB5sPzNB5ktpump,4JBdYjm2RRmGDfC7FGySik7ApA12mvdFcRTaCKV6SHHQCMDaALUW6sPNiwtskJzBgvzwcmXwfUKAzWJGbzwknYby,423634074,1780333642,"{""InstructionError"": [4, {""Custom"": 7}]}",0,
B1C2xfcUajAAU8n3zfuXqXvvALRw8cB5sPzNB5ktpump,TJ1DVXQdyirttCFtDwwxG24qrAv8eg351rJ5xyRi2UBV1evuDj7JSaV8oiaqc8QBjDWeUU3yzgi9tZCoyEwmuFm,423634074,1780333642,"{""InstructionError"": [3, {""Custom"": 0}]}",0,
B1C2xfcUajAAU8n3zfuXqXvvALRw8cB5sPzNB5ktpump,58CLwLFCxuQaHqCq16y827YtE9eBUqGg7MQ68M1rZuDmeRCS9GmY3pPocVbQpgurkbr7XSwEYub9jFCzyAqUHvvd,423634074,1780333642,"{""InstructionError"": [3, {""Custom"": 0}]}",0,
B1C2xfcUajAAU8n3zfuXqXvvALRw8cB5sPzNB5ktpump,5rnTT6Ggo7EENvE5zN58xLXUhG6wDiB1SLp4DinuByXenvZyDwW5vty64fp27gK157ZLBNHY94k8hHpCxQAaR5pa,423634074,1780333642,"{""InstructionError"": [3, {""Custom"": 0}]}",0,
B1C2xfcUajAAU8n3zfuXqXvvALRw8cB5sPzNB5ktpump,4Wd5edTptjiBqre9gXLCZXFSdbpXwQDf1m1CPu1f3WgAVDFpXswrzVUMEzaY1kLUW7cjhomyJRPmb2uN3ZSS29t7,423634074,1780333642,"{""InstructionError"": [4, {""Custom"": 7}]}",0,
B1C2xfcUajAAU8n3zfuXqXvvALRw8cB5sPzNB5ktpump,4BRpCfe8dXDUzHqqq38yNFDZrQd2AU78WgDgco2tyVQecHm4ToZdVjawQNjJUcBg2Jj6pUjpeY8Ut6nTWdvCWDa7,423634074,1780333642,"{""InstructionError"": [2, {""Custom"": 100}]}",0,
B1C2xfcUajAAU8n3zfuXqXvvALRw8cB5sPzNB5ktpump,3aQ5VfHDQgRXZrm4eisc9ep7bEcdwZb5XFJeFa2643sLrNXVBZkxjTCWFPGQDbgzZcBbjUwpKGfCNeVb65BHz45L,423634074,1780333642,"{""InstructionError"": [2, {""Custom"": 100}]}",0,
B1C2xfcUajAAU8n3zfuXqXvvALRw8cB5sPzNB5ktpump,3TRqsAzfbJBvHEk1qXBpRyJw99CLj4quZgwsXvTeAs1b8N1qG8qoZtWmPi2vABA2NxotKSaaj251A7VejReYiUjz,423634074,1780333642,"{""InstructionError"": [3, {""Custom"": 0}]}",0,
B1C2xfcUajAAU8n3zfuXqXvvALRw8cB5sPzNB5ktpump,4nUZLUZSsYS56CC6v5YZ4gzNQKKMoX2A8DiBLQybTWCQnhuLKRumW4KbiNWSBJGECpvKLY15fGRgY1GhKbvAEK2H,423634074,1780333642,"{""InstructionError"": [3, {""Custom"": 1}]}",0,
B1C2xfcUajAAU8n3zfuXqXvvALRw8cB5sPzNB5ktpump,3w5ngyM9HLkK9CaQTtuHNrbJoxC7gdaLZrNQHhdNrTcDue977vGmVJqtLvSXfURC2GYerJ9A96FnPnCKJRnpUnJK,423634074,1780333642,"{""InstructionError"": [3, {""Custom"": 0}]}",0,
B1C2xfcUajAAU8n3zfuXqXvvALRw8cB5sPzNB5ktpump,3pXJpSaf5CfvjWB9QvhesxJkYi7fbWrkbfratBQbg6i4tZdJD22cTK2nrowD4YHeduRZqZWRNbu1x4Mk4rsrer2G,423634074,1780333642,"{""InstructionError"": [4, {""Custom"": 7}]}",0,
B1C2xfcUajAAU8n3zfuXqXvvALRw8cB5sPzNB5ktpump,4sQVrC4PHNwfsp2wEZCN4tHpPXN4hepH9pr6spwm2tK9WVXrTo6JKTTcDXpxDPooHxZkdydiQtk9P5s89T86NYrY,423634074,1780333642,"{""InstructionError"": [2, {""Custom"": 7002}]}",0,
B1C2xfcUajAAU8n3zfuXqXvvALRw8cB5sPzNB5ktpump,3c6K6zVhpamHUwGfNMvMU7BP4DKHTLZ1tcnzdWeVZ16jc4hvfky9Po37zY6tzMLAGqW2p5rNSXksSz9ctTYZRFuo,423634074,1780333642,"{""InstructionError"": [3, {""Custom"": 0}]}",0,
B1C2xfcUajAAU8n3zfuXqXvvALRw8cB5sPzNB5ktpump,yre7UXdhpcwGPpqd7BihU93HxTqLhXpNZUM5wYXpS73xfmchiDmGWoELAbzRpJnaTjgwyzxv5x2gQgu6UGmGL8L,423634074,1780333642,"{""InstructionError"": [3, {""Custom"": 0}]}",0,
B1C2xfcUajAAU8n3zfuXqXvvALRw8cB5sPzNB5ktpump,44KiTiMAYYxMseEQAF71oPNnSqwJn3BqKjS4tkcBi5gEoGSW3LH1xmoWenwJ788fh85YSjbwwfFc9m1H9nApMd18,423634074,1780333642,"{""InstructionError"": [3, {""Custom"": 0}]}",0,
B1C2xfcUajAAU8n3zfuXqXvvALRw8cB5sPzNB5ktpump,2ZmyeM3fcXpiQiMEt8BH9YhSpBvr7Vz2cZiqDQbT8cJUEHv2Jgh18AvwCVvRDbLAQbeTbXHpNoLnuZiiVQSjXR5M,423634074,1780333642,"{""InstructionError"": [4, {""Custom"": 7}]}",0,
B1C2xfcUajAAU8n3zfuXqXvvALRw8cB5sPzNB5ktpump,5F3MVQxAuPbXngmhzPPUABDTnT2tZtq7tFMWqjSX1WT7JwUu8sHapqPhctDoFEtS2LbcyZRGfYs8cQQBY4uFsoYP,423634074,1780333642,"{""InstructionError"": [3, {""Custom"": 0}]}",0,
B1C2xfcUajAAU8n3zfuXqXvvALRw8cB5sPzNB5ktpump,gTnxrz1anm6477Pbp2hNK7vm1xU3afd7wrPtLUSFodMJYzpg6j9UDunUptS6gHXsytEB2XheXeGc96BixGMLAko,423634074,1780333642,"{""InstructionError"": [4, {""Custom"": 7}]}",0,
B1C2xfcUajAAU8n3zfuXqXvvALRw8cB5sPzNB5ktpump,5TPnCy7RGWsmb5Kxfbps9QevYXeokkiM6B2CT3wqRFcETLo7PPg36kPcx3txcw75YyKDQcAcQbv9sqsy7U7DmXpA,423634074,1780333642,"{""InstructionError"": [3, {""Custom"": 0}]}",0,
B1C2xfcUajAAU8n3zfuXqXvvALRw8cB5sPzNB5ktpump,5o9p4kwkKsH6hU1CeKsUJegrF9511p6VcipVnB7nxWC3s9LR44UzQYjBzhgG8F6FJmGeJfo2UetiTtHgwbsbLhxQ,423634074,1780333642,"{""InstructionError"": [3, {""Custom"": 0}]}",0,
B1C2xfcUajAAU8n3zfuXqXvvALRw8cB5sPzNB5ktpump,2KsyNCsqGappudW3L6jtm1nGHNjMQwLsJ9b4uWtRsQAGADC2tLkfiAiP23b98RB5KQRMtXNw9N3wWq6QU3jqwy2y,423634074,1780333642,"{""InstructionError"": [4, {""Custom"": 7}]}",0,
B1C2xfcUajAAU8n3zfuXqXvvALRw8cB5sPzNB5ktpump,5Bc5tMtPvjRwKUL81qLS9YPRMNeYw1JpyLxGyZK5yAZ96rA8NvehSGbGJTdbauZYUsA6AhkK1KnNz582r7gAzmuu,423634074,1780333642,"{""InstructionError"": [3, {""Custom"": 0}]}",0,
B1C2xfcUajAAU8n3zfuXqXvvALRw8cB5sPzNB5ktpump,2BvDQ6UBywjfuoUoH5F4DDUFTmKcVatdWsJ2UCGKS1yrbXUFN29Ajm5PQQ2KUfhKtLTfYbQpErkxfMpR91TmgqKc,423634075,1780333643,"{""InstructionError"": [4, {""Custom"": 6042}]}",0,
B1C2xfcUajAAU8n3zfuXqXvvALRw8cB5sPzNB5ktpump,25dZovdLduwhgf6cgAH4CdbGkTHTnSJcVjJ4e2diUuuSSXHtMJWkz4XAubE4ThoyPeHJvufFAo29HJ8vhtufiyzz,423634075,1780333643,"{""InstructionError"": [2, {""Custom"": 3012}]}",0,
B1C2xfcUajAAU8n3zfuXqXvvALRw8cB5sPzNB5ktpump,2v9zykEEdC9D2DxvbKSf4xiva1pbvB42XYosZ6NyLbin5pX8Quz2DuUw6zZDJikLKB1G5DyZnfc9w16pWGk2JCac,423634075,1780333643,"{""InstructionError"": [3, {""Custom"": 0}]}",0,
B1C2xfcUajAAU8n3zfuXqXvvALRw8cB5sPzNB5ktpump,36zfaA5rdjJXAiedYCR4nWjYuJn6RfgCvCk3FZEnux7ugQD8YRHr7aEDeRQqAS81W7CXW7ih8qxj8X5aCxogWi2P,423634075,1780333643,"{""InstructionError"": [3, {""Custom"": 0}]}",0,
B1C2xfcUajAAU8n3zfuXqXvvALRw8cB5sPzNB5ktpump,YtfZEqtt6wErwdxGtikMi7moXSyDNaDzw65jxViimZFmskYc6EGcXR9wk4ntjsYyWZU689nM1aXVQq2cKbVfUKz,423634075,1780333643,"{""InstructionError"": [3, {""Custom"": 0}]}",0,
B1C2xfcUajAAU8n3zfuXqXvvALRw8cB5sPzNB5ktpump,34nf7pDri48RRpnqsDgjcjF2FDRK3QmTjVX2hRzLkMXg2JaD5yDDFJv1HhwSTfbJZMaXRESdKqqytCcJ6napUQhz,423634075,1780333643,"{""InstructionError"": [3, {""Custom"": 0}]}",0,
B1C2xfcUajAAU8n3zfuXqXvvALRw8cB5sPzNB5ktpump,EXGAXTcFXZXB6PeSWaHYQGku1pb7sUQn9DMK5dMv6VMk6taJN2gjitcukiceod16nLDqZEjUs5enWkMKa1HZKFQ,423634075,1780333643,"{""InstructionError"": [3, {""Custom"": 0}]}",0,
B1C2xfcUajAAU8n3zfuXqXvvALRw8cB5sPzNB5ktpump,64NZNbpfVQaLZhMKhjPk4qFh3Hd5GtWHBhviwSV6pybekNH5ZGSr4zfRtRmbRDGJ3tXm7EMmGyxeQg3n6sxt62Gm,423634075,1780333643,"{""InstructionError"": [3, {""Custom"": 0}]}",0,
B1C2xfcUajAAU8n3zfuXqXvvALRw8cB5sPzNB5ktpump,3AhadqqoCN3K6zBcpXTyuH4m9ApXTNoMXcuPg4aFUT8Us7ATZvwLi3pvp8S5ksEvYGJD92kAVNeNWJ7icMJkMToC,423634075,1780333643,"{""InstructionError"": [3, {""Custom"": 0}]}",0,
B1C2xfcUajAAU8n3zfuXqXvvALRw8cB5sPzNB5ktpump,2ZmhAF8gKSnHvSGKqUUnBb5LZayVArPSc5b1Jv4Jk9bLWMpXhoqyR6wryR1zHCSBjsQRnUkZhb3Yn7Ccb6H2b22C,423634075,1780333643,"{""InstructionError"": [3, {""Custom"": 0}]}",0,
B1C2xfcUajAAU8n3zfuXqXvvALRw8cB5sPzNB5ktpump,Ei9hRVLEbafhChhHyUJoyfy9RbMYSwEPGHKCvrPEP9EiUieadY2yYzpqow8WtjRcwiA6GdDST7yxUzRTMMS4wki,423634075,1780333643,"{""InstructionError"": [3, {""Custom"": 0}]}",0,
B1C2xfcUajAAU8n3zfuXqXvvALRw8cB5sPzNB5ktpump,LdxQXbppzxCuh9D9LauKGBX3bC1xcJpS55iZ1i9rN2JVfo6Bz16TAij6gZQch6HzDNPWPiCu2W6B1dmhYaeuXm2,423634075,1780333643,"{""InstructionError"": [3, {""Custom"": 0}]}",0,
B1C2xfcUajAAU8n3zfuXqXvvALRw8cB5sPzNB5ktpump,4PrvikPyda4jtYzVY869UWUJ78yyTyDSGohMr4v9oGUfDPyx8VJSjGDDwwv4yGoR3acx6RmozWk41y6o4jW4Tg1h,423634075,1780333643,"{""InstructionError"": [3, {""Custom"": 0}]}",0,
B1C2xfcUajAAU8n3zfuXqXvvALRw8cB5sPzNB5ktpump,4ns9CuTaZeRX5qMbKk4F8o2ZfA3VCaU9DZBzZSsaPZKHJMCPydhfG3Tv7c6DZmVW5zVzALTAueuE771RE4hQ3c1a,423634075,1780333643,"{""InstructionError"": [3, {""Custom"": 0}]}",0,
B1C2xfcUajAAU8n3zfuXqXvvALRw8cB5sPzNB5ktpump,xhiTd2JDLedqozdkMUMKaQ1oBRF9A3DRFUfz5x2irxBeN1kJbPqhJGoWHcm9TcqXrRk3bu5NbGRXKnvoXA2dVAw,423634075,1780333643,"{""InstructionError"": [3, {""Custom"": 0}]}",0,
B1C2xfcUajAAU8n3zfuXqXvvALRw8cB5sPzNB5ktpump,2oSsxFD4MuEvhGqUSg1eWKsEdHiNKWcc7a7ZFhX4dkyDZzsFNPnM1cQFo5STmo2A1NB3mkbVvzE3ocD58Arc9ELK,423634075,1780333643,"{""InstructionError"": [3, {""Custom"": 0}]}",0,
B1C2xfcUajAAU8n3zfuXqXvvALRw8cB5sPzNB5ktpump,4nQJG5CmLcdQ4FhSAbpjDSBmNFZCXSLQ6C8DABeAFRz75jAp24MgViiGPQv7ksi7VkKFoHo8awmNq8yMs79wTdC,423634075,1780333643,"{""InstructionError"": [3, {""Custom"": 0}]}",0,
B1C2xfcUajAAU8n3zfuXqXvvALRw8cB5sPzNB5ktpump,2zGfNCS5jjU7LVQPp2WpcdF1LioYtaZdyZdgQVvhBjirkFV7NF8dTXdUN7LVZxZsaWRRgTGoupKKPs2zSxXX2jqs,423634075,1780333643,"{""InstructionError"": [3, {""Custom"": 0}]}",0,
B1C2xfcUajAAU8n3zfuXqXvvALRw8cB5sPzNB5ktpump,5CSwS8XVfMsMUyNGLeFygx7LpQf5ubqcf9gZ5NS8d8jkhn1hoEUdqscM83iAnxrvmTwnhHCkkmCwJCG8unmLLXDk,423634075,1780333643,"{""InstructionError"": [3, {""Custom"": 0}]}",0,
B1C2xfcUajAAU8n3zfuXqXvvALRw8cB5sPzNB5ktpump,3bi7XcXttzEFMUXeMwwWrP1i5uLEvi1j2AkMhmrzatbELRxmDoLWM5U16u2rK6VCr3wwfwdUFZUsrrYGzaU5JGsK,423634075,1780333643,"{""InstructionError"": [3, {""Custom"": 0}]}",0,
B1C2xfcUajAAU8n3zfuXqXvvALRw8cB5sPzNB5ktpump,5dYrKL1DKMxYgYLAwKSJDVhMW54AeN2WmFAuDT3AoMktqp4Du6VZUuEpELF6vba2oBYyXdEZoB6UKn4rQRc54xrP,423634075,1780333643,"{""InstructionError"": [3, {""Custom"": 0}]}",0,
B1C2xfcUajAAU8n3zfuXqXvvALRw8cB5sPzNB5ktpump,3owFnMmdVFXqHYyReqwkBjVwjwhtZAJKYZT4fYH6q4dKKn6vwfNK5KJQWKtGs9UHHwC72yN4jU8ttedU8qUg93tc,423634075,1780333643,"{""InstructionError"": [3, {""Custom"": 0}]}",0,
B1C2xfcUajAAU8n3zfuXqXvvALRw8cB5sPzNB5ktpump,uDbFQgXwSHGQ2BY9JYjkwr6AfqU4gT4vHUcfCXG8fgM4BKAjrz6wF1pGQiCEDf3AS2VKVF72Vs7h4wwueZJ8KvG,423634075,1780333643,"{""InstructionError"": [3, {""Custom"": 6005}]}",0,
B1C2xfcUajAAU8n3zfuXqXvvALRw8cB5sPzNB5ktpump,Xc3hErzJtyz1ezuJdEiDNFqQKELE5BVaP5PQhnn72wRGjn9hLjGV2iHFGHfVTVp6asbL7p1XQuNauuG3GhBPSMt,423634075,1780333643,"{""InstructionError"": [4, {""Custom"": 6005}]}",0,
B1C2xfcUajAAU8n3zfuXqXvvALRw8cB5sPzNB5ktpump,3J68KzSPGomhBmSm3iE1zWGn1bTc1uJztjuhraFckb7XhUZi3VaqKj4JrioZAZXvVXd7TKn3tmuMs9QnWcD2F8A5,423634075,1780333643,"{""InstructionError"": [7, {""Custom"": 6004}]}",0,
B1C2xfcUajAAU8n3zfuXqXvvALRw8cB5sPzNB5ktpump,3qvJdifPEdqdBqgfdNGkWtC9KkuBkJCJrJarSgBd2sEML47t3w91LzGFD8ozXKwQtkK7macHf5YBCRgMB12YgDtX,423634075,1780333643,"{""InstructionError"": [4, {""Custom"": 6}]}",0,
B1C2xfcUajAAU8n3zfuXqXvvALRw8cB5sPzNB5ktpump,3nvHnpBRuaFbzyzmBCp3uCxXaDx4LEcRw77CkCrfvBXm2pNEd9bPwQqiJ4cpxQzKjmkUuhT1HT8XQSNHKSU5Qsgr,423634075,1780333643,"{""InstructionError"": [3, {""Custom"": 0}]}",0,
B1C2xfcUajAAU8n3zfuXqXvvALRw8cB5sPzNB5ktpump,2ntRDUd6DJwP6eiXniSmLwprprhsySJjixcxft1VXe1YTL2w829nTL8mJdtXndT3nzst3nawz6oVtfYBTtubzQsj,423634075,1780333643,"{""InstructionError"": [4, {""Custom"": 7}]}",0,
B1C2xfcUajAAU8n3zfuXqXvvALRw8cB5sPzNB5ktpump,2WiUiNtpZ84aCNeDFgCZwkXhBRsg4dX5ARsriwsJmuYwwXKmkSYSTUveVjWzLYhHDKcHBVdsYGDTJzvW91M5tZfq,423634075,1780333643,"{""InstructionError"": [4, {""Custom"": 7}]}",0,
B1C2xfcUajAAU8n3zfuXqXvvALRw8cB5sPzNB5ktpump,418UnusynGxEXRhP46U45uFEMCjxomUq8JppTekjXg8WnkMcEuHdu9PdcD93HwxDgmikpLt3PLkYrEra7DQPyhT7,423634075,1780333643,"{""InstructionError"": [4, {""Custom"": 7}]}",0,
B1C2xfcUajAAU8n3zfuXqXvvALRw8cB5sPzNB5ktpump,4fmr57cR9gTYxj18fKLAgs1dDGAdoZzWP6j8nYnQATjwN77TtvrSkUqGsdgJeeeaueZ2JLLGkcLD2hBgRvKDdb2d,423634075,1780333643,"{""InstructionError"": [4, {""Custom"": 7}]}",0,
B1C2xfcUajAAU8n3zfuXqXvvALRw8cB5sPzNB5ktpump,2swvd8qoD63zALTZasH9fNccPsK81qv3TpDT9iqVTw37SQpAnrTJgw4jcyCbNnJazf6BY5NnCuVpHKTgQZ2UaXA,423634075,1780333643,"{""InstructionError"": [4, {""Custom"": 7}]}",0,
B1C2xfcUajAAU8n3zfuXqXvvALRw8cB5sPzNB5ktpump,5ZPtbbgyqdCPCx2Haph5DLDsCy6RxTb9HpBPLScTWt12DqyShqVEtDsGPrUd2WtUcHYexVLvj8Hzas67x6gJM3wz,423634075,1780333643,"{""InstructionError"": [4, {""Custom"": 7}]}",0,
B1C2xfcUajAAU8n3zfuXqXvvALRw8cB5sPzNB5ktpump,3So33QPh8sgncLvztEMAfGiB8Qk4uFztwBVyfw5bLgTYET3VoTPSsraj2RroDoyRg3ZqJxFsYKYogd1D274gZbqA,423634075,1780333643,"{""InstructionError"": [3, {""Custom"": 0}]}",0,
B1C2xfcUajAAU8n3zfuXqXvvALRw8cB5sPzNB5ktpump,3tfypmUSPb5sF2SDwja775sAFB7DSCJeMgDab6G5mkMVYtpYRPFQTh22iT7T8T8dih4X5SkdoA83vem9BN7vXAfa,423634075,1780333643,"{""InstructionError"": [3, {""Custom"": 0}]}",0,
B1C2xfcUajAAU8n3zfuXqXvvALRw8cB5sPzNB5ktpump,5i7adxyWftar5vxZ6czT4tCEp6hByuYGkThcYbBVyn8C65MW7MtSJK13xgshVQ9PDtUSEwwPYv8h7NcQSjat3Pbb,423634075,1780333643,"{""InstructionError"": [4, {""Custom"": 7}]}",0,
B1C2xfcUajAAU8n3zfuXqXvvALRw8cB5sPzNB5ktpump,5PuotRDYdfDfP4c39VCR6hC7nT6z2HmTojFSBTQRbjfvDA5dJig3ncLBRqMnhb23B2oVLmk2cxHdyuJ2z9vNWfFD,423634075,1780333643,"{""InstructionError"": [4, {""Custom"": 7}]}",0,
B1C2xfcUajAAU8n3zfuXqXvvALRw8cB5sPzNB5ktpump,4v7ce27wdaXGVNQkwC3MaE7YfTuHyWjyiHbyKL2FQKRHT55CNLdMnBHd3o1ewinAJhFQssCKKp8HHqBR22hU29QY,423634075,1780333643,"{""InstructionError"": [4, {""Custom"": 7}]}",0,
B1C2xfcUajAAU8n3zfuXqXvvALRw8cB5sPzNB5ktpump,dDyd8ZjY6NFd7nwHJHWhEpdBA49QgJ6cc1SJ3dk7fr23UibyQFYPoa6XnQHkGvcThfR3Z5aTGXovUBsjwRrVyFG,423634075,1780333643,"{""InstructionError"": [4, {""Custom"": 7}]}",0,
B1C2xfcUajAAU8n3zfuXqXvvALRw8cB5sPzNB5ktpump,5Yc6HXjhkFKcwxTS2XUWuverU7LKjBww3GWWBZRdwD1D6sCGbjvSrRi6Gp1pg6dmEwP1dJ1AawQBpzXF3FbRnR7C,423634075,1780333643,"{""InstructionError"": [4, {""Custom"": 7}]}",0,
B1C2xfcUajAAU8n3zfuXqXvvALRw8cB5sPzNB5ktpump,SBw192FLb1CskKe1FCVVTPUVK93mQrmZN5a1VjiFbNm3XAAbvZbqa5RpSqShXNPT3NyYcm8fgtxKjgeD6Uaex2Y,423634075,1780333643,"{""InstructionError"": [3, {""Custom"": 6005}]}",0,
B1C2xfcUajAAU8n3zfuXqXvvALRw8cB5sPzNB5ktpump,MCggrcLCnoVjT5NTuxJCSnoDxWf9yDu8h7S2sAqzwwqLky69rWpud1gQnFwt72LqeyBFJDCCA3c579EwxnHsy7a,423634075,1780333643,"{""InstructionError"": [4, {""Custom"": 6005}]}",0,
B1C2xfcUajAAU8n3zfuXqXvvALRw8cB5sPzNB5ktpump,42LsagMLFg5EHJNpCXpsb1thDqwiyXqmf92bGQL1hkbaUtKCKdMv3DcMkLJp91LhvcANUGtS9B2S2w7QDQJAx4vP,423634075,1780333643,"{""InstructionError"": [3, {""Custom"": 0}]}",0,
B1C2xfcUajAAU8n3zfuXqXvvALRw8cB5sPzNB5ktpump,3W7hhc8prZ5PcZPHrSJncbGNPZrfdrohJ16FUQCRtqrggx8DF1USVj1f8MyC94Ugx3oPXVmqJbyGrjPhWWDiNdJB,423634075,1780333643,"{""InstructionError"": [3, {""Custom"": 6005}]}",0,
B1C2xfcUajAAU8n3zfuXqXvvALRw8cB5sPzNB5ktpump,3iJXjj6t7yYbrfFooMRPeS1rXCz5R63QFGYq934oJ6bYKTrbbT7CrMCkLJNK8yYHQcEEJXTMDgdv9SHCe53jgJrF,423634075,1780333643,"{""InstructionError"": [3, {""Custom"": 0}]}",0,
B1C2xfcUajAAU8n3zfuXqXvvALRw8cB5sPzNB5ktpump,4iJD99nj4vF1bqf2TSjwLnGfrXeTwhFk65uta3ZaRM6aVo6MV9smAu8ovLBeX5XQ5QD6UNnQgkh3PSUGR5YtX7gL,423634075,1780333643,"{""InstructionError"": [4, {""Custom"": 7}]}",0,
B1C2xfcUajAAU8n3zfuXqXvvALRw8cB5sPzNB5ktpump,43vhTLV8JefvK4gm8XKzou7QzYxqF8Qw3s2dNzs2q2TKxj9H9dV8P3PD9ZyP8FhK92BtSjVVQ563XrA5suTXe8hH,423634075,1780333643,"{""InstructionError"": [3, {""Custom"": 0}]}",0,
B1C2xfcUajAAU8n3zfuXqXvvALRw8cB5sPzNB5ktpump,58ZDrw6tAuXtzsyj47YpfGCirebz9bkrJYbP1NrH2oAXU8QCQfUVfHaUtdv3113jcqQGEs6USahjTpJQXHEaUUyj,423634075,1780333643,"{""InstructionError"": [3, {""Custom"": 0}]}",0,
B1C2xfcUajAAU8n3zfuXqXvvALRw8cB5sPzNB5ktpump,45DbGRFrn239LKmxk8sQ7tHyWHMhGx9pEThyCCkdnRJnPVp6yK7CgsLxXghUMkSzEgPsKpNyGWGbn8Chj7faHtqi,423634075,1780333643,"{""InstructionError"": [3, {""Custom"": 6005}]}",0,
B1C2xfcUajAAU8n3zfuXqXvvALRw8cB5sPzNB5ktpump,2v7ishP2RQpqPRahf5HiuKYGxHrNiWH386ZFsyKNDfNeiVQkCNDiw127vAYuprikdYTwMYz7wGNfQGhiirEsAiNX,423634075,1780333643,"{""InstructionError"": [2, {""Custom"": 6005}]}",0,
B1C2xfcUajAAU8n3zfuXqXvvALRw8cB5sPzNB5ktpump,3n4h2KdD6gFDJ822jJF2Jdu8ZTnDw511TXWMrZrEYVk3ZNhvm6zB214yJw6RJsmFHnFsZD1U1a8r813gX8x3ZiPC,423634075,1780333643,"{""InstructionError"": [4, {""Custom"": 6005}]}",0,
B1C2xfcUajAAU8n3zfuXqXvvALRw8cB5sPzNB5ktpump,56v5GexKoy2vLLv8czaMyhTvPruzBD2jMp2uRHas4HNGP5Bb8YGDNvAN86SMVWVMtpMxwmRLZHCfQ7CpnaHzc6jG,423634075,1780333643,"{""InstructionError"": [5, {""Custom"": 6005}]}",0,
B1C2xfcUajAAU8n3zfuXqXvvALRw8cB5sPzNB5ktpump,4xdeVjgiYsN2BPMDkycvy5gA6yhVTVSYuSkpRffSwdgZKQ8RzKbsvMtbmk1AGSbq6SUvys225bawGh3zD7NdDtYK,423634075,1780333643,"{""InstructionError"": [3, {""Custom"": 6005}]}",0,
B1C2xfcUajAAU8n3zfuXqXvvALRw8cB5sPzNB5ktpump,5x6htNVCmsTGw3cryXVrLprZgG63uKyPiQDWuvx7w2fBTpXCm1eWBWDUx2gbUaa8fYVsj2LgSjU9D2MCZVpMnhjz,423634076,1780333644,"{""InstructionError"": [3, {""Custom"": 6005}]}",0,
B1C2xfcUajAAU8n3zfuXqXvvALRw8cB5sPzNB5ktpump,3snoVKLpuVa1PGSBBxdWHyuy2MF4JqoxG57T4HXUe6Up3Ark1AxN7HZnDxva8W33Uhk6Jt2MT7zqokHa3gM225Xv,423634076,1780333644,"{""InstructionError"": [3, {""Custom"": 6004}]}",0,
B1C2xfcUajAAU8n3zfuXqXvvALRw8cB5sPzNB5ktpump,3AEJGvYMqzjrCjM2RHQMpbyGKLwZYtfLGTkgDRozgJxgZ5UP7jNmUGvhrBDewWhsvM22fB3FDEnPg2A4PUeQthmh,423634076,1780333644,"{""InstructionError"": [3, {""Custom"": 6004}]}",0,
B1C2xfcUajAAU8n3zfuXqXvvALRw8cB5sPzNB5ktpump,5UmmL7M4VCNFoWjaFXbppLfZ3nFUmYGuVUh3FDSE4FsHUJeHR1ZkumKQ9ypRZzcWaurKZCeEMxHcAPFJF1BgHaKd,423634076,1780333644,"{""InstructionError"": [3, {""Custom"": 6004}]}",0,
B1C2xfcUajAAU8n3zfuXqXvvALRw8cB5sPzNB5ktpump,434AxjzR5ZtpxPFBFWPs6ddT3nTJd3sm11xd1zqyCQhMEbAZnm3gZJme2CKGvb3LjaLUVRDGsdaUQpSZhUQUoNmZ,423634076,1780333644,"{""InstructionError"": [6, {""Custom"": 6023}]}",0,
B1C2xfcUajAAU8n3zfuXqXvvALRw8cB5sPzNB5ktpump,53YycMokWU6TR2pGbFejxCVGdmC6d78ecXdUgLrme4cXictG1cKeBiBctgwB75aqj6bU9LMWtTo5CqTTXhg3LLT4,423634077,1780333644,"{""InstructionError"": [3, {""Custom"": 0}]}",0,
B1C2xfcUajAAU8n3zfuXqXvvALRw8cB5sPzNB5ktpump,544sqU5gLaw8FDsqhjTUx7LSBZG4dwkzXe7QUreXuVMTTB4yHxhziC5DUvHpwaGCzREs8PvEwf6XAchJuWJ7k8qq,423634077,1780333644,"{""InstructionError"": [3, {""Custom"": 0}]}",0,
B1C2xfcUajAAU8n3zfuXqXvvALRw8cB5sPzNB5ktpump,3J77NiZnX5LDmZGHCFvHpTdcVegbfrZmBDasmgeK8Qw8Ha57zxaEJz7C68ny3vetTo1N5NuCWn5tPYTECbX5vcfr,423634077,1780333644,"{""InstructionError"": [3, {""Custom"": 0}]}",0,
B1C2xfcUajAAU8n3zfuXqXvvALRw8cB5sPzNB5ktpump,3Bci1T5QysnZ3vDrmPWXdqopYnQbFpVypTWCLnG89NYPknv8QGEuJw1p3LBpa8JqRNPeaPnXEDWkK99JPtLHwJjH,423634077,1780333644,"{""InstructionError"": [3, {""Custom"": 0}]}",0,
B1C2xfcUajAAU8n3zfuXqXvvALRw8cB5sPzNB5ktpump,2hmucJggcCJQPcxHVpMTdTxxcRsDLrnYm7CGYTs88EmRaPYFsvMgywhK4naLWcCUuSz4ugKJFA7FjAspGjzXefZo,423634077,1780333644,"{""InstructionError"": [3, {""Custom"": 0}]}",0,
B1C2xfcUajAAU8n3zfuXqXvvALRw8cB5sPzNB5ktpump,5rZpqGFvfe6w31P2MBfjJTtyX8JKRHLUufdDZtFkdEaeEqiD8EdHLE1XLTDBfexXnMNCwgvBoCzgaDKkcHy6Uczd,423634077,1780333644,"{""InstructionError"": [3, {""Custom"": 4}]}",0,
B1C2xfcUajAAU8n3zfuXqXvvALRw8cB5sPzNB5ktpump,5eAtV5bf1LKHGdufyooEA8DYu2h111KynAffVVrK5Su6gpw8zfb9T6qV6BCHFRxJmPrYkiHxCwrd4H8ayhuQWSgy,423634077,1780333644,"{""InstructionError"": [3, {""Custom"": 0}]}",0,
B1C2xfcUajAAU8n3zfuXqXvvALRw8cB5sPzNB5ktpump,dinvABBpjVbwF7rhiRm2SsdkXJN3shN8X4yjuCExCctXnbJvABgVZWG8nuc4KskYYjqcakiNPj3juE2W6anZsHs,423634077,1780333644,"{""InstructionError"": [3, {""Custom"": 4}]}",0,
B1C2xfcUajAAU8n3zfuXqXvvALRw8cB5sPzNB5ktpump,66BkiVJcPEzK8GTAMZQpw8uXWrRNMkHuZyuRhoKiCRPUZxKE7Kpv6Ch6REZgg4hJWWsXd3DztbmBe3XAXf6Zdqv7,423634077,1780333644,"{""InstructionError"": [3, {""Custom"": 0}]}",0,
B1C2xfcUajAAU8n3zfuXqXvvALRw8cB5sPzNB5ktpump,126BxkxDTPvLkfEv63q5AHavbocjnmYBTYCMcmxGHDy1p7akchj5kBKvPraVk6kxpwHSktAwh6wmap6E7X8RpXmR,423634077,1780333644,"{""InstructionError"": [3, {""Custom"": 4}]}",0,
B1C2xfcUajAAU8n3zfuXqXvvALRw8cB5sPzNB5ktpump,2TJzqUfQZb8ktynKVmM1pGNXT8EUGtunmH3Xn7zFsSCuKeCDYP4GkaoidcN2app247iFVySirxdWhD66cP37fzQw,423634077,1780333644,"{""InstructionError"": [3, {""Custom"": 0}]}",0,
B1C2xfcUajAAU8n3zfuXqXvvALRw8cB5sPzNB5ktpump,29iJ2W2UtvSphGHd3AVrR6X1Gs5TDA8UagvQ4x6PfTdwTX77UDR3GEHX9CMEKdwWGbRBtYpfmoF2EoFg4HEFW3bB,423634077,1780333644,"{""InstructionError"": [3, {""Custom"": 4}]}",0,
B1C2xfcUajAAU8n3zfuXqXvvALRw8cB5sPzNB5ktpump,4Zbfc5WMspj1U8mpALNcidjJvnrss5ACBTy84h4A3rMxFKmhUdW6XWuEXzpahPr7bQeUZqRCick75wswjire6fjt,423634077,1780333644,"{""InstructionError"": [3, {""Custom"": 0}]}",0,
B1C2xfcUajAAU8n3zfuXqXvvALRw8cB5sPzNB5ktpump,tCehk5htnzTTgPcrVKANk5eDfrWfPcoFrVz6iwwXz7WbQxvDH3GRj6RTn6yz41XqVFkVipTCUsrp3VzDUNoGhi1,423634077,1780333644,"{""InstructionError"": [3, {""Custom"": 0}]}",0,
B1C2xfcUajAAU8n3zfuXqXvvALRw8cB5sPzNB5ktpump,63gMHnb4BY5NYjEFcS9EedBcNh5bU6oFcZzZeAy6Au4WPFU2jjkQcMXD9h7T2NopF8CdUfUeK72auqcte21iToUP,423634077,1780333644,"{""InstructionError"": [3, {""Custom"": 0}]}",0,
B1C2xfcUajAAU8n3zfuXqXvvALRw8cB5sPzNB5ktpump,5PieJbXjmUdNx1UfJPVtKYt8k3e19yevbEZDUZsGSbiPL8f6KurEw4tZk8V2UpPSb5LNaHYShN4X7hR5kLSfcRkv,423634077,1780333644,"{""InstructionError"": [3, {""Custom"": 0}]}",0,
B1C2xfcUajAAU8n3zfuXqXvvALRw8cB5sPzNB5ktpump,4LL85eP31qQb2hscqQqiAQVKoo7d7PPM8tJiaCWEkmjQiPtR15kNcFEjrYqMGe1CJMaicpb23RhsXQsLEcUiZkru,423634077,1780333644,"{""InstructionError"": [3, {""Custom"": 0}]}",0,
B1C2xfcUajAAU8n3zfuXqXvvALRw8cB5sPzNB5ktpump,2Qg6BUbfr8gMWypy6fuLGFohg5ufcTPD66HEAawNy4CJzZ6qSr8oG7Lu62ihrxz5EE53T96AQ6CcjS7RuvKGcj1v,423634077,1780333644,"{""InstructionError"": [3, {""Custom"": 0}]}",0,
B1C2xfcUajAAU8n3zfuXqXvvALRw8cB5sPzNB5ktpump,2ViLKUy151dose3QGcfPRNhvJLFSuD45qKY1FeMB5wTNYtJjTJ82vgo4MPMK6xbX3LGe7ZWCrAD2ptHkdpNP2ybG,423634077,1780333644,"{""InstructionError"": [3, {""Custom"": 4}]}",0,
B1C2xfcUajAAU8n3zfuXqXvvALRw8cB5sPzNB5ktpump,31unmo14zoSMY5xauVZLBoW4MohBHj98trbxL41LfAx9ncZA4v7x5g9u7qChjienKTzZDy68UwHzEuyiRuwhMvn8,423634077,1780333644,"{""InstructionError"": [3, {""Custom"": 4}]}",0,
B1C2xfcUajAAU8n3zfuXqXvvALRw8cB5sPzNB5ktpump,4CyhZoiHQ2X87rQonRo7fXdPvKnsT1EMRgkFkhgp7NKSQLkcbfJ6Qx9NsMjevhUWJ8YGSTm2jYqwqEBN4pnfT9PU,423634077,1780333644,"{""InstructionError"": [3, {""Custom"": 0}]}",0,
B1C2xfcUajAAU8n3zfuXqXvvALRw8cB5sPzNB5ktpump,5DzukYNDzvtBpiaw8tRRt8yWCoVRb3YHq515iicPTBKgicdF4c36PySv7HpivQnM3YjDYKM2qZaXT6EaBVhDCRdE,423634077,1780333644,"{""InstructionError"": [3, {""Custom"": 0}]}",0,
B1C2xfcUajAAU8n3zfuXqXvvALRw8cB5sPzNB5ktpump,38g8pWJwQBg5dAuXEK6qeiQH5Qn57mRZ2bUpnpZTa9Ae3MNxXQKB3qoogbB52tfbWnNrecPR9E3gM1p8nR4qLwYH,423634077,1780333644,"{""InstructionError"": [3, {""Custom"": 4}]}",0,
B1C2xfcUajAAU8n3zfuXqXvvALRw8cB5sPzNB5ktpump,5Fj4Aq3L5PEwFYp4v1fPuB7gYpCW6gUazc7LZ8Td5vBX3g13vKMVuNRioUQYmYxxMNYVSynCaKBXqyoHmcunWggR,423634077,1780333644,"{""InstructionError"": [3, {""Custom"": 0}]}",0,
B1C2xfcUajAAU8n3zfuXqXvvALRw8cB5sPzNB5ktpump,26iAjaeD1YrpZ96CG1BChuUETZnsrcDSSCDQcp9QPeqV5ZwWdpbkUs7ibmTkQ74NrSoxLNh44tobTu2JzMsLwySe,423634077,1780333644,"{""InstructionError"": [3, {""Custom"": 4}]}",0,
B1C2xfcUajAAU8n3zfuXqXvvALRw8cB5sPzNB5ktpump,3rBKW1U4AY7MxtQbBNqSvQhRZgyd35vChUPLpW3ZCmZHSG72KHWKAKwitdrgLa38RaSaoW9j526SsXsogAbAhjQX,423634077,1780333644,"{""InstructionError"": [3, {""Custom"": 6003}]}",0,
B1C2xfcUajAAU8n3zfuXqXvvALRw8cB5sPzNB5ktpump,4eRZtnJU6TFQb7wamr6Mj4YxpiPiFoFqgUDvXJv6yLpuf1uLWQsXmTShTHdhTKCYrGy7TEGrAPqvS2mqQFL2Krnq,423634077,1780333644,"{""InstructionError"": [3, {""Custom"": 6004}]}",0,
B1C2xfcUajAAU8n3zfuXqXvvALRw8cB5sPzNB5ktpump,3n6tFLjTk3rjutdGkMcD9PgpskkzTXxWcgxhuv3MJ9u2beFRT33ZXg3igReMzr3ov2MPyZjomo62xcNybkLY2UVm,423634077,1780333644,"{""InstructionError"": [3, {""Custom"": 6004}]}",0,
B1C2xfcUajAAU8n3zfuXqXvvALRw8cB5sPzNB5ktpump,5fAgMgxkvd6WoVKnq5ChqSWhYJPnCtvWi2bm4wnuA3ubocCoQ83rxHXnr8ohzcEdasPShXybeRqcpFuiTeDbVZUh,423634077,1780333644,"{""InstructionError"": [3, {""Custom"": 0}]}",0,
B1C2xfcUajAAU8n3zfuXqXvvALRw8cB5sPzNB5ktpump,RMm6nfb3r5hgPWAB7EjmE316138YZTnBQSGWcuAEVV987L9yNvA8b1uenTagA1WryPA66bymWNbqEYDsBqnK14w,423634077,1780333644,"{""InstructionError"": [3, {""Custom"": 4}]}",0,
B1C2xfcUajAAU8n3zfuXqXvvALRw8cB5sPzNB5ktpump,2HnLCiZEWV8c6yMcAMm3xdXPfN5sKETP95tyLS9F4bwKuL6BfsuW3F96NKcDQkM32qe52DM7pmkUhXjrtACEUwfk,423634077,1780333644,"{""InstructionError"": [3, {""Custom"": 4}]}",0,
B1C2xfcUajAAU8n3zfuXqXvvALRw8cB5sPzNB5ktpump,3wzASd5vTDGW6rfGuMFj5tZdkJSk6sppZCLbg8tnpCCrhRKQeGxwopNcd6w9zTjrThgth9bvdCCJv3mqhCQeeMv3,423634077,1780333644,"{""InstructionError"": [3, {""Custom"": 4}]}",0,
B1C2xfcUajAAU8n3zfuXqXvvALRw8cB5sPzNB5ktpump,3V6Uan46ENYZfx529B8f9vAo2RAQVuyzeUXuhKiYmuGMfrS8RadPhhvhrLPMLnC5YpAVpehom3feoYn5EdLsnvA5,423634077,1780333644,"{""InstructionError"": [3, {""Custom"": 4}]}",0,
B1C2xfcUajAAU8n3zfuXqXvvALRw8cB5sPzNB5ktpump,5efNJChR8G9U4jQDEvv2xFCyfXkoHsdfPaXNH1DwtMkerRtYbbeFk6MzWy7Pmkaytcvxbwnoc5BkCHKMisLYeUja,423634077,1780333644,"{""InstructionError"": [3, {""Custom"": 0}]}",0,
B1C2xfcUajAAU8n3zfuXqXvvALRw8cB5sPzNB5ktpump,2msLsxhTPZLTRKVdRJCCV9jRTWtvj3KvyZt5RbAMTkgdtijQ17ujTYBBtZvBPbz6pcENBV95QBsgAF86ePqDMg3u,423634077,1780333644,"{""InstructionError"": [3, {""Custom"": 0}]}",0,
B1C2xfcUajAAU8n3zfuXqXvvALRw8cB5sPzNB5ktpump,2DAL469Hj1En9HJdUSHA7BY6vXAbauEnMsstp9oRKFaaML7ffN9GysuZu7y2HdcRappRWvYQQuiuCKt6ckj6PoUv,423634077,1780333644,"{""InstructionError"": [6, {""Custom"": 1}]}",0,
B1C2xfcUajAAU8n3zfuXqXvvALRw8cB5sPzNB5ktpump,51urZ69Eb2k3EkXP21GtQ8TPbYnvEmF88s3uGoKuXv4tmRhgiE1Yp2mkL2xwmnAWWsgBDRJwrCDw1zZWnif6Bf6q,423634077,1780333644,"{""InstructionError"": [3, {""Custom"": 0}]}",0,
B1C2xfcUajAAU8n3zfuXqXvvALRw8cB5sPzNB5ktpump,bJvhH8p21xAW8tBJbhAWYnqwZh2X7keWsMuW3r6sjcv8W5g1ZKZCeK2ot5xs4h6Bt3HHAZaE68WVg4yifzkhkBn,423634077,1780333644,"{""InstructionError"": [3, {""Custom"": 0}]}",0,
B1C2xfcUajAAU8n3zfuXqXvvALRw8cB5sPzNB5ktpump,4T6KkZVx9fUbTwwDHErkGeamPDwyGaj7iVHC6o9RJqhCsEJDrLCWVcdbfTMguHeuUyz4kLFZFM2ZDwbVe5VgsoiE,423634077,1780333644,"{""InstructionError"": [3, {""Custom"": 0}]}",0,
B1C2xfcUajAAU8n3zfuXqXvvALRw8cB5sPzNB5ktpump,4dMQ2v6kiGR3AB1uvfweUGKotWbkrLaASwhjjkY2aCS4mcuYTnAtaUTzWjGNiGLMipchu2FkMost7LMEmaRNVRb8,423634078,1780333645,"{""InstructionError"": [3, ""IllegalOwner""]}",0,
B1C2xfcUajAAU8n3zfuXqXvvALRw8cB5sPzNB5ktpump,23AYSJnNC8iCw5QdwwEfZYefpEGSM3FyRXEpdjSNcFqsSSPqXspQ3TdHc7F37Fu6tcKVAFBi4jtzpsyN1vt33e6Y,423634078,1780333645,"{""InstructionError"": [3, {""Custom"": 0}]}",0,
B1C2xfcUajAAU8n3zfuXqXvvALRw8cB5sPzNB5ktpump,4tPUoBk4Vkn4wBPgtmrhkWnzNHEjZX1yC8oXpaxCAbzMmXu5Btknq8yFnQbHMoQC4XmZAWihBpDEAs8M1S34b85j,423634078,1780333645,"{""InstructionError"": [3, {""Custom"": 0}]}",0,
B1C2xfcUajAAU8n3zfuXqXvvALRw8cB5sPzNB5ktpump,474kq2axK43utYYT935xXiqTGcLKAcK6CBYQny1LxF5uCVPAbhxGKzCohwKsz51upZZSY8HmBX1u1yqCqQkooFdq,423634078,1780333645,"{""InstructionError"": [3, {""Custom"": 0}]}",0,
B1C2xfcUajAAU8n3zfuXqXvvALRw8cB5sPzNB5ktpump,62dbm6aFyyAU1NYZs2uqoGQXQWFFQZLcJdiePuoeB9uVFeHhnmhFQCc5oPfHvMPD9rwQwfoHVC7oqxAvoHrvQBEe,423634078,1780333645,"{""InstructionError"": [3, {""Custom"": 0}]}",0,
B1C2xfcUajAAU8n3zfuXqXvvALRw8cB5sPzNB5ktpump,452bfjyPFDx2ygsjwPVG9dRrMRoWmj6xMr2EVKwgkcwMGD9WVWnDHXqtS7BBZBF4WwwKJK3eWh337z9p8QLjS2FC,423634078,1780333645,"{""InstructionError"": [3, {""Custom"": 0}]}",0,
B1C2xfcUajAAU8n3zfuXqXvvALRw8cB5sPzNB5ktpump,25zvhmsTqcYdKgjcPk4K4XrnN41RxGbf16o1Rc4DvnzBoVM17BAZmKaWxvDh7VHjxmT2AQVocsB3WZH5HfFtAqR5,423634078,1780333645,"{""InstructionError"": [3, {""Custom"": 0}]}",0,
B1C2xfcUajAAU8n3zfuXqXvvALRw8cB5sPzNB5ktpump,3BnjJjrXh1D4hxFdx8zjHbhd6ofehxuTU4EkxnhEueQRywqhbN1cQVv5a9ZoER1A86LT8hb7j33CrM4K8MDc4Pde,423634078,1780333645,"{""InstructionError"": [2, {""Custom"": 6005}]}",0,
B1C2xfcUajAAU8n3zfuXqXvvALRw8cB5sPzNB5ktpump,CnmT9cUvH7jXZcfn7eVttVs3GHnbfoFgW2cJajUUEok5p2ibQf5UsKLhwa467HsT2UnunfiqPW3xDL3ddB8tvNo,423634078,1780333645,"{""InstructionError"": [5, {""Custom"": 3012}]}",0,
B1C2xfcUajAAU8n3zfuXqXvvALRw8cB5sPzNB5ktpump,4Etgz94U8thYze2AVnpGb1j6Bkg5RoNp5eW592Jgn1uk87sCGySWNNes379YHRuHM5F7w3dYHMKowNMghL3542rD,423634078,1780333645,"{""InstructionError"": [4, {""Custom"": 103}]}",1,BuyEvent:272214405
B1C2xfcUajAAU8n3zfuXqXvvALRw8cB5sPzNB5ktpump,4pbzT9zVL1zEHWdH7uJykVXGTMcFvTf5wMLLRJCWSRkmixdei445YRgYKqmnEjasWncSaNBC1L9DBP8jbQ23H3DF,423634078,1780333645,"{""InstructionError"": [4, {""Custom"": 103}]}",1,BuyEvent:325348922
B1C2xfcUajAAU8n3zfuXqXvvALRw8cB5sPzNB5ktpump,3feqVdWzLiniqyhc3b3p9GUJYvhxayY31rmNAJTxrPXrYbWgBhfLM3bVHY74GnB2yUiGfz6pt9d81ser9F5h5QtQ,423634078,1780333645,"{""InstructionError"": [3, {""Custom"": 0}]}",0,
B1C2xfcUajAAU8n3zfuXqXvvALRw8cB5sPzNB5ktpump,3LqohkXJfw17eDQ7XiyG4NqmCHyF33HkPQDhur1sBRXfBC1PhzAH5Lf8XhVqWeBm4bjy59DjjDRXRxUy1rhyPPpP,423634078,1780333645,"{""InstructionError"": [3, {""Custom"": 0}]}",0,
B1C2xfcUajAAU8n3zfuXqXvvALRw8cB5sPzNB5ktpump,2biTWGsNqpQdW9RFkgs5zvNaJ6iBd9fd2ZgR3XwrW17z4zFkXNYSwyqEa66pMiVyT9e88576YsVve4HkeJ7539J3,423634078,1780333645,"{""InstructionError"": [3, {""Custom"": 0}]}",0,
B1C2xfcUajAAU8n3zfuXqXvvALRw8cB5sPzNB5ktpump,27iJUGFHp7MThURBHfH3m6dE8FH7WbAwcyNyvBop73pFmTZm5RwDKGcz271mdYWza3vHNZ3RGPWR3AhQwqHsJQm5,423634078,1780333645,"{""InstructionError"": [3, {""Custom"": 0}]}",0,
B1C2xfcUajAAU8n3zfuXqXvvALRw8cB5sPzNB5ktpump,g6jac1zvsko4cExe386UfLNbX15YGX5XjgLBJF1pAGsrZX1DPGBWAYwn4pJHdXBobnYncePXpWxfjkbxnvuFiJZ,423634078,1780333645,"{""InstructionError"": [3, {""Custom"": 6004}]}",0,
B1C2xfcUajAAU8n3zfuXqXvvALRw8cB5sPzNB5ktpump,VvNjsoLU8DeFAFsPG6qJgdC8zqfqsZEXN3i8k3Gk5nyraxqcb5PsQEZ9KhW7Z2VyLmjieGepGTpt4LXW6h79HQw,423634078,1780333645,"{""InstructionError"": [3, {""Custom"": 0}]}",0,
B1C2xfcUajAAU8n3zfuXqXvvALRw8cB5sPzNB5ktpump,5VbwX7fwdTuH46McBsiqEBPgtsVF3GjHcRHhgz39X3CxEFhQG61GPTeLbqfJMp3ujctact9w2X5gW4CdYZPvjk9G,423634078,1780333645,"{""InstructionError"": [3, {""Custom"": 0}]}",0,
B1C2xfcUajAAU8n3zfuXqXvvALRw8cB5sPzNB5ktpump,2ZdBgybJMD3NE5NmNeLP7psbkvUoDwhjnzpFPibVqDySCMTrE6EMHQoeC3HyUSSsQUDYMfmaUuge275Y6HS3Ph45,423634078,1780333645,"{""InstructionError"": [7, {""Custom"": 6058}]}",0,
B1C2xfcUajAAU8n3zfuXqXvvALRw8cB5sPzNB5ktpump,5rW4cjmipLV9po8otcpYuyKNCNcf3CvzZPsWX7SkVwbcFPkzXQaufGDpLfCJbvVfX9jEHjnnXgqNn8if298TvcnU,423634078,1780333645,"{""InstructionError"": [0, {""Custom"": 6005}]}",0,
B1C2xfcUajAAU8n3zfuXqXvvALRw8cB5sPzNB5ktpump,4xiZuAGP24mTURufCeew6w8NGrZtsD4mvAYkDvaNigKqc1Ww5pyz8RTvjKaRUjMtibYmbvTmfZA7xoTGcNUQ7uD1,423634078,1780333645,"{""InstructionError"": [3, {""Custom"": 0}]}",0,
B1C2xfcUajAAU8n3zfuXqXvvALRw8cB5sPzNB5ktpump,rpkWjTzJPtwM15FVB1p2BGrgETqaHL9VLE3wcaCp9hb98m23N6w2iA3mp5it9U2RDokX1H9iUsEFrJkQgfNLDTm,423634078,1780333645,"{""InstructionError"": [3, {""Custom"": 0}]}",0,
B1C2xfcUajAAU8n3zfuXqXvvALRw8cB5sPzNB5ktpump,45dNyfkHTgrqM12AYbbxhgk1cTjf1NqbmrzM8igQAgbMvy1yhjkDUGzarS6MVA1eYSPttQma6wnRzhrLmg1V6ju9,423634079,1780333645,"{""InstructionError"": [3, {""Custom"": 0}]}",0,
B1C2xfcUajAAU8n3zfuXqXvvALRw8cB5sPzNB5ktpump,3FUrHrdS5ktVdw7jLE89z4mgYUb4Nx8uSNMZXLBMb9Qqw2pmQESUE1rVb9evXb4iRZGe73qFvL7PEcVYpdo2TP7q,423634079,1780333645,"{""InstructionError"": [3, {""Custom"": 0}]}",0,
B1C2xfcUajAAU8n3zfuXqXvvALRw8cB5sPzNB5ktpump,5AcZvE4H7JfmxKx4BLfEHyGMPGFM5Dm8Ay1D58dQQJFZDzj5HTXcDFFQuNZ2d8q9qfumACDfrdEtQPreGhuMwT8X,423634079,1780333645,"{""InstructionError"": [4, {""Custom"": 103}]}",1,BuyEvent:97797332
B1C2xfcUajAAU8n3zfuXqXvvALRw8cB5sPzNB5ktpump,65h63peMHu1khzsJv5kyyvEgLY51beUVqTPnQJvRL9iiYiaNr5twczsr9r22SaRKmsKzig7EJ4p81S2eAvYVTQuJ,423634079,1780333645,"{""InstructionError"": [3, {""Custom"": 0}]}",0,
B1C2xfcUajAAU8n3zfuXqXvvALRw8cB5sPzNB5ktpump,dWKcQ1WyJumDjuDxz8mZ9w8iBNcdshg9EUcVtApMXU816YaiiDB6uzUwBj6H51yvxCBjo5X9ARaemBJpYbDYzqC,423634079,1780333645,"{""InstructionError"": [3, {""Custom"": 0}]}",0,
B1C2xfcUajAAU8n3zfuXqXvvALRw8cB5sPzNB5ktpump,2mP65f8qo7btoeMAqnLJwRmM7ysoLqvzkMXTs3khCtNo6zJHmH9e2AieAQMgmHp6G4ey581w9351D3DqMHGaCtxz,423634079,1780333645,"{""InstructionError"": [3, {""Custom"": 0}]}",0,
B1C2xfcUajAAU8n3zfuXqXvvALRw8cB5sPzNB5ktpump,2CeaDLrMimj8pJDWEguhrnM8M14GKTX8SE6rt56yS8MakBc6nyisujC8YQZZvEDmBjGHXGMFkV2Xm7fbFa3MpUhR,423634079,1780333645,"{""InstructionError"": [3, {""Custom"": 0}]}",0,
B1C2xfcUajAAU8n3zfuXqXvvALRw8cB5sPzNB5ktpump,3Kh8dCkHnu9R5KLYHo9K4f2yaJTMAEbSuEavoeqX3uJSzEnLV5RG7gTw7V8DtYpjwKLX4Be9nrzfYZEy9fi7277d,423634079,1780333645,"{""InstructionError"": [3, {""Custom"": 0}]}",0,
B1C2xfcUajAAU8n3zfuXqXvvALRw8cB5sPzNB5ktpump,4eeNEU4UTvdoFcyGDbHPsujGqHtzrbSqqA52fNN3asGwp7bE73EbhqHKZLcSjhHm75s361XtKEhy9e4TqScad5S2,423634079,1780333645,"{""InstructionError"": [4, {""Custom"": 7}]}",0,
B1C2xfcUajAAU8n3zfuXqXvvALRw8cB5sPzNB5ktpump,4xyyoHMLyFWNgsqNGrB1K2BNfTGheRrEMNwjLtUoXj9v1Zfm1JHYCt68Px3WNvRsvVH2D4XyYQE1o4sPjxRzUL95,423634079,1780333645,"{""InstructionError"": [4, {""Custom"": 7}]}",0,
B1C2xfcUajAAU8n3zfuXqXvvALRw8cB5sPzNB5ktpump,3WcCxeADgaFCkF1nZvmQfRqtwvKcTttdLxaJAUa71cWKFR8zf5B2qTpw9h8o7oaNBoMSawqAXsHZ4KwbTMpC7eSm,423634079,1780333645,"{""InstructionError"": [4, {""Custom"": 7}]}",0,
B1C2xfcUajAAU8n3zfuXqXvvALRw8cB5sPzNB5ktpump,4gBUBs6T9X5iJe3CvZYmAtbAEoYv2FpYdgB8JYaC8H21pJLfEf32jZUBxCGhu2yXJ84my3ZJ3V6pa79JqM93VQS,423634079,1780333645,"{""InstructionError"": [4, {""Custom"": 7}]}",0,
B1C2xfcUajAAU8n3zfuXqXvvALRw8cB5sPzNB5ktpump,3cN6MirvwjFg9YESiP8w3nJ7uX89gcFYCWgouBbBaY7P4kdHStJo4BaZKXFpJRbjT2f4WXPCDfQjZ39EjKyv6HQ2,423634079,1780333645,"{""InstructionError"": [4, {""Custom"": 7}]}",0,
B1C2xfcUajAAU8n3zfuXqXvvALRw8cB5sPzNB5ktpump,3xYQmuYXDG5s9isVtXVHBGgpCvP3dqYKoSuiCv8Qr1kBCEQ3xCZXydtKgmBHR11N8uCYzhtF2ScrF5d6WkRgu2zq,423634079,1780333645,"{""InstructionError"": [4, {""Custom"": 7}]}",0,
B1C2xfcUajAAU8n3zfuXqXvvALRw8cB5sPzNB5ktpump,596Q4SxrXQau2UVg86Pj4T6aeZP5gfkctJw9QNbjHBHT8HiqLWC5AcvVj1fSHYCgJV4hgGrxrYUNKrrd93q3bchc,423634079,1780333645,"{""InstructionError"": [4, {""Custom"": 7}]}",0,
B1C2xfcUajAAU8n3zfuXqXvvALRw8cB5sPzNB5ktpump,2CYQspR8uCE8MKkRjnFY1HJUMAo4T9tPg3dRnzdQUmaUYYMmncNDW1FHiFTYmhsfbS4Dh55nyCjR6u1E3SSDUrwL,423634079,1780333645,"{""InstructionError"": [4, {""Custom"": 7}]}",0,
B1C2xfcUajAAU8n3zfuXqXvvALRw8cB5sPzNB5ktpump,4jHRUXdUPHDfrmqQt8ahUCN3vNo7XbXoRMYLYFGBQVUUPStTM3ZRiMuPDfP2ZuorjAUJX3wwQ6QsvqqHDcrjhRBZ,423634079,1780333645,"{""InstructionError"": [4, {""Custom"": 7}]}",0,
B1C2xfcUajAAU8n3zfuXqXvvALRw8cB5sPzNB5ktpump,SKNkcVcbAnhBNxsvkh9QD1C4eX9RN2mmHiGaRMgAw73w1FEzfG9baExSyhCLHoK3E9cADe3E48gcKXEhXSQ5fC1,423634079,1780333645,"{""InstructionError"": [4, {""Custom"": 7}]}",0,
B1C2xfcUajAAU8n3zfuXqXvvALRw8cB5sPzNB5ktpump,25mMfkCxSru9y2pBZHARYdabn2PN6bserFyUfFy2vpA5GZ4ufjnhwrfMNE3ce1k6ophYrszmH8BTAYkpyERseRx3,423634079,1780333645,"{""InstructionError"": [4, {""Custom"": 7}]}",0,
B1C2xfcUajAAU8n3zfuXqXvvALRw8cB5sPzNB5ktpump,wJzydJZ6Lq1xiFbcx9MyGH714FdDm1TYpoaq4Z9ndyhNjjocTXVjet8vvgqkX8GsY1sbAfbc7XjFgHjpYvpPjQg,423634079,1780333645,"{""InstructionError"": [4, {""Custom"": 7}]}",0,
B1C2xfcUajAAU8n3zfuXqXvvALRw8cB5sPzNB5ktpump,G8bednwkHeGKwuCFTryypWpXBP4wnhfwYScSpD5BPA9VVFN3QKawWsqEVWrsjWge6XZxBQbuweSRAhwMH7Tm4ds,423634079,1780333645,"{""InstructionError"": [4, {""Custom"": 7}]}",0,
B1C2xfcUajAAU8n3zfuXqXvvALRw8cB5sPzNB5ktpump,4w49vg9tCTt6mVBzq2FGoj5r7tko5tW2iQhbGqGPophBSpwu5q3EZmSoEq9gU9BsytAjyQtq2Aoa7K2pzMbmZGwh,423634079,1780333645,"{""InstructionError"": [4, {""Custom"": 7}]}",0,
B1C2xfcUajAAU8n3zfuXqXvvALRw8cB5sPzNB5ktpump,3dtbJkPTUDKodMhCf9wQx1aX3YnsDKyLX475LitzCaEuEDR8tHfK9N3LmuQpbz966P9JTT6pM9vY3KYWdXsCD3wr,423634079,1780333645,"{""InstructionError"": [4, {""Custom"": 7}]}",0,
B1C2xfcUajAAU8n3zfuXqXvvALRw8cB5sPzNB5ktpump,5EXjbPaCEBeyJef6yrah5sijVCwLT4yBtgbRcP4vKcaVx4naR3QDnpFRWwuXDs24RDbQ9CzfWUV62vpQAupEYgJc,423634079,1780333645,"{""InstructionError"": [4, {""Custom"": 7}]}",0,
B1C2xfcUajAAU8n3zfuXqXvvALRw8cB5sPzNB5ktpump,45pzm7wSyRqdMtrz6VDLp1dfhGu83zXHtX9kV17JB3Bzg4BVk1BABAyMCqKyELihjSAuzjeNSSKvG85xeDNDFu1e,423634079,1780333645,"{""InstructionError"": [4, {""Custom"": 7}]}",0,
B1C2xfcUajAAU8n3zfuXqXvvALRw8cB5sPzNB5ktpump,3ESLuZ1GeNCEfkaU5TESrkYRPensoCfTrNi7okgF32kmST26Uw5iVwmmqEwysHqcSEwiGhrw1gB8B7cvqcdEwagC,423634079,1780333645,"{""InstructionError"": [4, {""Custom"": 7}]}",0,
B1C2xfcUajAAU8n3zfuXqXvvALRw8cB5sPzNB5ktpump,3NnJbVbb5TC6CUWkZgvBtZDYRiGdzb9qs1XKUwkbgXvBfMKbkr3sytoAB6g8duc1pEYEqQkQU1G59xsYS39gh1Qa,423634079,1780333645,"{""InstructionError"": [4, {""Custom"": 7}]}",0,
B1C2xfcUajAAU8n3zfuXqXvvALRw8cB5sPzNB5ktpump,3Ho5ZYx6ZqCiE6KXDqpJYWJCGAUFDn3Rr4aiBjyT6YcnGWhKVXj1ioCGWxSmPE3TWA79LbU72qgkPVn1T5rukuK5,423634079,1780333645,"{""InstructionError"": [4, {""Custom"": 7}]}",0,
B1C2xfcUajAAU8n3zfuXqXvvALRw8cB5sPzNB5ktpump,3FpLkznEX99hbAJvARLqX8M8kgPZgmATbCAP2mJNmjrakaxvdEHhdJxTe7fHMToBCcVoapppyUvQxfMwaVzimbMk,423634079,1780333645,"{""InstructionError"": [4, {""Custom"": 7}]}",0,
B1C2xfcUajAAU8n3zfuXqXvvALRw8cB5sPzNB5ktpump,48enGNx7SLjM2bscYyR9CtsoL27Vs2qbkPUewnFksVLaj9b4gSvUKRm5Rc4ajA1x3fAiSNNLKPPEv8rysuabrr4F,423634079,1780333645,"{""InstructionError"": [4, {""Custom"": 7}]}",0,
B1C2xfcUajAAU8n3zfuXqXvvALRw8cB5sPzNB5ktpump,5mfqmyHmNNPnDbU1AakRFH2bsE76T1sMiCwRhWAKANHKNFatr9Ac3SawZkZza4U7RyZy5Yc4ks5qP9JBvfjoGbDH,423634079,1780333645,"{""InstructionError"": [4, {""Custom"": 7}]}",0,
B1C2xfcUajAAU8n3zfuXqXvvALRw8cB5sPzNB5ktpump,5YFxKdGygxYcs7q7nUh9jYoKrbevyjVZf9iKNj5NnWdgqKTWV4QYCnJ8ZohZPSsDuoaFdUz5Ey9grmmxFfZfgCRF,423634079,1780333645,"{""InstructionError"": [4, {""Custom"": 7}]}",0,
B1C2xfcUajAAU8n3zfuXqXvvALRw8cB5sPzNB5ktpump,4LHZAMpuHjT1dEEsoZZPFoZF8fjaLHVZmwbv5S1Qu5UDcqE5iJmy2yRQhWYYKd9qtskA7MUYL1n28reH9dirGrvK,423634079,1780333645,"{""InstructionError"": [4, {""Custom"": 7}]}",0,
B1C2xfcUajAAU8n3zfuXqXvvALRw8cB5sPzNB5ktpump,37gombReDtBQSVM2gyMBqQbEj4vDw5RSNvKHYR8BJscGWAw4B6WYigyz1rWvufu4NTSzkGnrTHwYMtX26uhTf8E8,423634079,1780333645,"{""InstructionError"": [4, {""Custom"": 7}]}",0,
B1C2xfcUajAAU8n3zfuXqXvvALRw8cB5sPzNB5ktpump,5iSpYi44XVm6J5hYLHCQ61BA8phq17DJUfsqhnw3Nhy1t3hkWKVNmVBbGi9xoD9pZbHTVpBuCxJBFjQNcvQUYwN4,423634079,1780333645,"{""InstructionError"": [4, {""Custom"": 7}]}",0,
B1C2xfcUajAAU8n3zfuXqXvvALRw8cB5sPzNB5ktpump,21gUNzaFR1ihSVdHAM7k9DPsda7RNSxCa59Lde6SbXFzZejoxPKVRJK83GNBxTptatUM6K1UoTZgMsRurZyrMrVY,423634079,1780333645,"{""InstructionError"": [4, {""Custom"": 7}]}",0,
B1C2xfcUajAAU8n3zfuXqXvvALRw8cB5sPzNB5ktpump,PBbYAHE8YQzgaPmNWAEUPNx5PYuN2Y3V2MoUeRsWpN2W6EEAbD3wXbZG7BDkjS6653pMZH9k67LUSwecRtwLuJd,423634079,1780333645,"{""InstructionError"": [4, {""Custom"": 7}]}",0,
B1C2xfcUajAAU8n3zfuXqXvvALRw8cB5sPzNB5ktpump,4axCg3hT6hsQsbq2XpohMRukt98jK8FA3zYDQEb3rvod6WY3jXgBH2rQSRUt17sfPTo4jwTye5pcm3bdJBjBcLTY,423634079,1780333645,"{""InstructionError"": [4, {""Custom"": 7}]}",0,
B1C2xfcUajAAU8n3zfuXqXvvALRw8cB5sPzNB5ktpump,weAgK4MfS2y5jhfsCUM7nVbuL8z1zfTabqWA9F1jH7DaKBrszwgDkEauZyFMjZ4TcRFeARNBLk7KwACSD8AZhgg,423634079,1780333645,"{""InstructionError"": [4, {""Custom"": 7}]}",0,
B1C2xfcUajAAU8n3zfuXqXvvALRw8cB5sPzNB5ktpump,2QL7fsFJuyKotuhyjYMMrHYJ5NWmTGXdmty3gcgsKdpcxkxeawpP4magD3PQefLBKBd58LMUADZ818FktdhMusAH,423634079,1780333645,"{""InstructionError"": [4, {""Custom"": 7}]}",0,
B1C2xfcUajAAU8n3zfuXqXvvALRw8cB5sPzNB5ktpump,4Zv2ByySzhbquvMRkCshiNidPnGtwRRXatubVQzLqxqwZJ3hvXN3N7XfWZttD4Stsa94eP9CPNHjfv4gqJcyP3pE,423634079,1780333645,"{""InstructionError"": [4, {""Custom"": 7}]}",0,
B1C2xfcUajAAU8n3zfuXqXvvALRw8cB5sPzNB5ktpump,fGjEL9Aj1RDH9RbnjbShE26UPdog3JxdJX7Qj2DWt23rF2mVDB853fBPD1YTzqHEHvskSyWiG8pTaNS2pAhM2BZ,423634079,1780333645,"{""InstructionError"": [4, {""Custom"": 7}]}",0,
B1C2xfcUajAAU8n3zfuXqXvvALRw8cB5sPzNB5ktpump,4UPddziYKaFum9HUspW6ZsZGkTnWRj7qpuYcx974NFhR6mfyGvHb3nkSJPmJCeEVz1rhSpSMNXhbUSeJwHjtfqJ7,423634079,1780333645,"{""InstructionError"": [4, {""Custom"": 7}]}",0,
B1C2xfcUajAAU8n3zfuXqXvvALRw8cB5sPzNB5ktpump,CSXiCQHehWDaoMwVAqRiAKVvFKFFWEDkYRXMmbJDoYEG3ZhvnGmWbMjdd4hriT43sRDkyfYyi13aWQq3W9y8JkN,423634079,1780333645,"{""InstructionError"": [4, {""Custom"": 7}]}",0,
B1C2xfcUajAAU8n3zfuXqXvvALRw8cB5sPzNB5ktpump,4B39voFDvGwpC9aj2obewHpsSchEVFtWTtMX7HYd6FWqqNrt3CZ4VED989Gi2rEYDhfcd37uSp4QJ5fi2be2Ga9A,423634079,1780333645,"{""InstructionError"": [3, {""Custom"": 0}]}",0,
B1C2xfcUajAAU8n3zfuXqXvvALRw8cB5sPzNB5ktpump,pBK7Hx982HFsqEYKjX16TPor2LhBA4Tyxu6hbHZHGEsAdCGmRGp6TWW3gpQG6kdbEPUTF3FVxZrHqXpPMNbJrYu,423634079,1780333645,"{""InstructionError"": [4, {""Custom"": 7}]}",0,
B1C2xfcUajAAU8n3zfuXqXvvALRw8cB5sPzNB5ktpump,5UQ1fV13s7UuPWQrX7q2LdqvRJT4EaGzgYg4rg1P2dho4h9MLDv5GKTAdzwM1DJmHtReZgWPb9Ka9QSN9CargWnx,423634079,1780333645,"{""InstructionError"": [4, {""Custom"": 7}]}",0,
B1C2xfcUajAAU8n3zfuXqXvvALRw8cB5sPzNB5ktpump,25rNDvVc3xWBrvmvCw4R3qvtWZ9sxewHDR3DPQqRzG3cG7iebzPayDeVTt9tFGZsagDySdioYP4K34qj7Dp4moKH,423634079,1780333645,"{""InstructionError"": [4, {""Custom"": 7}]}",0,
B1C2xfcUajAAU8n3zfuXqXvvALRw8cB5sPzNB5ktpump,38FSxvaaB9YT3ErvQAKqAgku8248MjXE52TrK7HP5CvjYDGdixxhaURTzorwnankKR1Tc3qiDMUJiwHpJdqzjTHY,423634079,1780333645,"{""InstructionError"": [4, {""Custom"": 7}]}",0,
B1C2xfcUajAAU8n3zfuXqXvvALRw8cB5sPzNB5ktpump,2oZqZUSJLuDTN1CoWCU81bRHQrgEzvTBz6uGxKTFMX3uWFM5V1AeRZjmRNVQ2cbsS6TEWDm4hJPrbh6xtaM4f4re,423634079,1780333645,"{""InstructionError"": [2, {""Custom"": 7012}]}",0,
B1C2xfcUajAAU8n3zfuXqXvvALRw8cB5sPzNB5ktpump,2BfvJqw1H4PTagn1kCFkkx4Jr2cMu18x3zjxHTxjCCXHNAAZrCVcfATULvR9XRDQHt4gG9eS8w3jJUrH6rMJcpH9,423634079,1780333645,"{""InstructionError"": [2, {""Custom"": 6000}]}",0,
B1C2xfcUajAAU8n3zfuXqXvvALRw8cB5sPzNB5ktpump,Y978e7ycv2F7qPtqtyEzTxoPQBhowCVcxEeQ46cCnsJ3t2CWkrKghR5AoxriCREa42vu7FXUVKLHCRKizWe8yNW,423634079,1780333645,"""ProgramAccountNotFound""",0,
B1C2xfcUajAAU8n3zfuXqXvvALRw8cB5sPzNB5ktpump,5bCa7LQ56NkX1BA6ZcxvFWcDvJcNRZhstKSYnTP1rfyfp58BoAwGG3i3HYEZtffkRQgwyyisyxsEHaRZhV9cwm6U,423634079,1780333645,"{""InstructionError"": [2, {""Custom"": 6000}]}",0,
B1C2xfcUajAAU8n3zfuXqXvvALRw8cB5sPzNB5ktpump,3AuqM6Pc326rAFR3djAf1ZAV6P7E5RUvyRP4TiDDGa55Z1iVoBh26jyzKzkLToY4rZseQY8AybiRx1UFRd9NMTgZ,423634079,1780333645,"{""InstructionError"": [3, {""Custom"": 0}]}",0,
B1C2xfcUajAAU8n3zfuXqXvvALRw8cB5sPzNB5ktpump,4TqeBZQ7qhhU2PFpXssQQYtM6aRMXNPV1VdicEQEMuYE8gLyhgPPeBwoBHzxLrH8ZHGXSwwYPRZt9HTYgoarqLhR,423634079,1780333645,"{""InstructionError"": [3, {""Custom"": 0}]}",0,
B1C2xfcUajAAU8n3zfuXqXvvALRw8cB5sPzNB5ktpump,rCY9WhpyCELf6BmezTysA5dZmXtC35FFNXGeW3SdAKzDvTzPWEYbtUpUx9XTxd7DXk3VnDgYhzAVBfnq3Bk4Ag2,423634079,1780333645,"{""InstructionError"": [4, {""Custom"": 7}]}",0,
B1C2xfcUajAAU8n3zfuXqXvvALRw8cB5sPzNB5ktpump,2KMyDebR7CZByiiWkngja9eBtz2cKSgGhe4vRbaoeuGZLK9UtRYUC4hio3vqgwkSR1ad24s59M4CG8dyrhqJSYYr,423634079,1780333645,"{""InstructionError"": [2, {""Custom"": 7012}]}",0,
B1C2xfcUajAAU8n3zfuXqXvvALRw8cB5sPzNB5ktpump,2HmD5i7CcgTzf1LhNTe9WvubSkdtnmp3sEKjG6cEW5ApMar3GnvQDbDPT6VxNeGiExM9FNoYJd7mVjLyDzKXWupm,423634079,1780333645,"{""InstructionError"": [7, {""Custom"": 6040}]}",0,
B1C2xfcUajAAU8n3zfuXqXvvALRw8cB5sPzNB5ktpump,5ZUbVdkE8t9qp2sRVhbJWfwFj58EwyXKadzdTA1d4Dt1HCUJTdQAWTy9LUYB84dUdhvd5HMoE6oXJsqPktHVQxas,423634079,1780333645,"{""InstructionError"": [3, {""Custom"": 0}]}",0,
B1C2xfcUajAAU8n3zfuXqXvvALRw8cB5sPzNB5ktpump,2kWRvmi2ipunr5XwyuCH2J6k7TwcuEvL9PVRc5EgKnht3nq1BpopCzT878rPvm6nnmEaxwQW4UFUJfij1EpGGPY6,423634079,1780333645,"{""InstructionError"": [4, {""Custom"": 7}]}",0,
B1C2xfcUajAAU8n3zfuXqXvvALRw8cB5sPzNB5ktpump,5F4RA7cuAPnvQv3eiypcx76sVYeMSrDgo4Vtqn4si2Q3ByuYpDHiSGXFpNATythnj6mJp7ZroLJTi9u3fNvU781F,423634080,1780333646,"{""InstructionError"": [3, {""Custom"": 0}]}",0,
B1C2xfcUajAAU8n3zfuXqXvvALRw8cB5sPzNB5ktpump,3mviVtP24Lc2HsF5znkYnaQ2HCN3hXT7LdaBci2ANw18FHBK4mPoZoUaSZjPLkuLa68c5qwNDvEWVkQ3W6dC5HAi,423634080,1780333646,"{""InstructionError"": [3, {""Custom"": 0}]}",0,
B1C2xfcUajAAU8n3zfuXqXvvALRw8cB5sPzNB5ktpump,3QWsN9jjSYCVtnc1WzU576P8pmsgnWC8KkzHHq2HZmq2MnbNNMMW6KG4WkZQAhunRpsrKcmggUiNrx2YyJ3t59aa,423634080,1780333646,"{""InstructionError"": [2, {""Custom"": 7002}]}",0,
B1C2xfcUajAAU8n3zfuXqXvvALRw8cB5sPzNB5ktpump,41RDN89GjUNoT5wyiXHaxPbePLC1PGhcKZWJ5nh7a7ykxq2GUKBbBdLuRxh9mRFkifgg832ZbYqTCnbWfYAbyAxF,423634080,1780333646,"{""InstructionError"": [3, {""Custom"": 6005}]}",0,
B1C2xfcUajAAU8n3zfuXqXvvALRw8cB5sPzNB5ktpump,42pVFew4bTeGKH4s9gjwAbQt8UhtibGQBiWnGBjzDbQiqvCkhYhqmRhAC4CcD5rVozGnHthc1XaWASWkxXRcRjPx,423634080,1780333646,"{""InstructionError"": [3, {""Custom"": 0}]}",0,
B1C2xfcUajAAU8n3zfuXqXvvALRw8cB5sPzNB5ktpump,5ibtzzTyDjb2jhRbArk8EgjVcfrMs6au9n7rB2MBT2q9XHp1CM24msY9xdEC6vUu1cgso7ptkvN3y88Mzx6dWL1p,423634080,1780333646,"{""InstructionError"": [1, {""Custom"": 6023}]}",0,
B1C2xfcUajAAU8n3zfuXqXvvALRw8cB5sPzNB5ktpump,r9bhSo7Q36uwF9n1Q8k22g4fxcF8BGLUsSx1tv2M6XcPSogsn9VZJv9rBKBohmN1UHifn9fyxUFT77hZe12KN9e,423634080,1780333646,"{""InstructionError"": [3, {""Custom"": 0}]}",0,
B1C2xfcUajAAU8n3zfuXqXvvALRw8cB5sPzNB5ktpump,5qDnLi5gK44NEDiPGjzbQ9kUc6TBNpGuoe2XmNgUGDT72727Upzqwfqx6vWk62r2LUdGQPCsg8KGi5S49W3bidXi,423634080,1780333646,"{""InstructionError"": [1, {""Custom"": 2006}]}",0,
B1C2xfcUajAAU8n3zfuXqXvvALRw8cB5sPzNB5ktpump,4rMB2UxRkb3DY6RTVgxCgkjPC5ng3Er6hbxA9fSjbeofsEcBqRGE3aCg6gE68zxc7tFvSkX6hSdZeSJcmv61NSg5,423634080,1780333646,"{""InstructionError"": [1, {""Custom"": 6005}]}",0,
B1C2xfcUajAAU8n3zfuXqXvvALRw8cB5sPzNB5ktpump,33ktu8tmWiDKZPGwsbHevy9EfZsRjBvLRQvYxwZ7DYVCBNKrjznPayohXeejsPGNEUFBUnZH2qzRUfFDRM2WGb7Q,423634080,1780333646,"{""InstructionError"": [3, {""Custom"": 0}]}",0,
B1C2xfcUajAAU8n3zfuXqXvvALRw8cB5sPzNB5ktpump,4kRbdWxyP7RN1iDF5ptbDTZTLhd9TB6YAQ3FshEVKzZsNDrqvPuUQRmqMBmqJ87mQGPXxs6jNxViqFTEHkjmKkQq,423634080,1780333646,"{""InstructionError"": [4, {""Custom"": 7}]}",0,
B1C2xfcUajAAU8n3zfuXqXvvALRw8cB5sPzNB5ktpump,5NsKZeWAKj1s8B5tfvZLhBKE5v8JVb64rCWRRfmrs71fTLTmCp7UkVDeZwLyKPTnmCYx5PYUBWyK2ozSrYDUum2M,423634080,1780333646,"{""InstructionError"": [3, {""Custom"": 0}]}",0,
B1C2xfcUajAAU8n3zfuXqXvvALRw8cB5sPzNB5ktpump,4Db1MEyEYQ7bzybtGbtjJ7dyFn44BL9RVopgcH7MYdWuMbaJnth8RqutbXgiwRneVcnGvnTzHdDRCwvzcQvjTXMz,423634080,1780333646,"{""InstructionError"": [1, {""Custom"": 6005}]}",0,
B1C2xfcUajAAU8n3zfuXqXvvALRw8cB5sPzNB5ktpump,1G8UyiFqAP993oyjGwSk4Q6qzNAZcGeAoWHMUEZk7Cu6K529yLpFV6P9CnWhaXayfwMMEeCSXZVAzJncRQJQDyZ,423634081,1780333646,"{""InstructionError"": [3, {""Custom"": 6004}]}",0,
B1C2xfcUajAAU8n3zfuXqXvvALRw8cB5sPzNB5ktpump,3CRoG1ftRX2Ge3Tp6KfbpuCiyGgCCNzWDaMXvERoeWQFyUxuCZG7SjeScFPhVv9tJoJ5MHor8yJL2R8GbC29EqZW,423634081,1780333646,"{""InstructionError"": [3, {""Custom"": 0}]}",0,
B1C2xfcUajAAU8n3zfuXqXvvALRw8cB5sPzNB5ktpump,4epZrDTr5HfqUcE4SQH83hxeEw2MMZYiUZUUbotyL9qBhoE3E6tLuUqg2LZ2ZvFsa17qeF5aCnUbJgkY4i8JNbDA,423634081,1780333646,"{""InstructionError"": [3, {""Custom"": 0}]}",0,
B1C2xfcUajAAU8n3zfuXqXvvALRw8cB5sPzNB5ktpump,4dcbgomHfqx92CWS8M84wEzcTYpm1CCdjCWPzm3e4oH3oZvvdZCtWuniy6ksHfGnDrpDcdbp8qYcKJCBLqTgs6Uz,423634081,1780333646,"{""InstructionError"": [3, {""Custom"": 0}]}",0,
B1C2xfcUajAAU8n3zfuXqXvvALRw8cB5sPzNB5ktpump,4kkXWDRBZubivUk7eFhvGiD15CmeWNKKwcVDXCKKqqu9CEkBLZWW6TRcbnVsabg24LRFdbxa22s3BecF2A3cffaF,423634081,1780333646,"{""InstructionError"": [3, {""Custom"": 0}]}",0,
B1C2xfcUajAAU8n3zfuXqXvvALRw8cB5sPzNB5ktpump,3UsyqesgAwoMLucgxVDwxoHaPDihXvnDtJbJmzshQ66tMfjR8MGfPVS35GxeU9VWXuhvTq4GS8wcgY2vxxUMMnFG,423634081,1780333646,"{""InstructionError"": [4, {""Custom"": 7}]}",0,
B1C2xfcUajAAU8n3zfuXqXvvALRw8cB5sPzNB5ktpump,4du3sjaRfTNeZ8ebCMyDmznE4D5HkKJUGi6Ydr88mW2UBTL5fntTjvne2X63Hjxmb8gyKD5mQdvGabRkYXh8Uxaf,423634081,1780333646,"{""InstructionError"": [3, {""Custom"": 0}]}",0,
B1C2xfcUajAAU8n3zfuXqXvvALRw8cB5sPzNB5ktpump,26a3z6xN5f3AHG2F2BetMco4oFfZ3stinydQaGD2Dg91wnngaYHnReuvicuTbq9tgkrjjaQpxJQKCLfQmSgykW5s,423634081,1780333646,"{""InstructionError"": [3, {""Custom"": 0}]}",0,
B1C2xfcUajAAU8n3zfuXqXvvALRw8cB5sPzNB5ktpump,5aafH4KamgTRfRBe9G6jMsp2C3hpCxSvB7vyM6TQND6eoWbvVgtHYqXePF3Z7euBNLJy3JrX38HG3ys8xcXq35YX,423634081,1780333646,"{""InstructionError"": [3, {""Custom"": 0}]}",0,
B1C2xfcUajAAU8n3zfuXqXvvALRw8cB5sPzNB5ktpump,2bL62MNvQtX5byLsNjm3opq6hfTAXEf63PCpFn8vAzdsF46TSJrjmMUD9Hxeaj3YQYRBHCtyHoNYTpWYjfaFGRnW,423634081,1780333646,"{""InstructionError"": [3, {""Custom"": 0}]}",0,
B1C2xfcUajAAU8n3zfuXqXvvALRw8cB5sPzNB5ktpump,Rfo48T2CERY9UEZ3Ea1fbij1jMdvsv6Zy7m3ZZN2SL7u7hLUc5qeYvfcvLsX7cUKujxMeZB3nZYPG73Tbzm2CVR,423634081,1780333646,"{""InstructionError"": [4, {""Custom"": 7}]}",0,
B1C2xfcUajAAU8n3zfuXqXvvALRw8cB5sPzNB5ktpump,3Dao6uQCg99kaXKt3hgkofVkmd8dP1WBseyzYyZVcBeBTpjGDC6kUHB33b6wcgEVLXkm6CM6qD8u2DNUR18AUfVj,423634081,1780333646,"{""InstructionError"": [3, {""Custom"": 0}]}",0,
B1C2xfcUajAAU8n3zfuXqXvvALRw8cB5sPzNB5ktpump,2XaJPqkcnZVotaErj4sNatB7BHPPfK1ChJUucojA63ZFUer71SgXNFrjXN7g8m4wmPSXyYkJUqBGqyi7B8zMiqdJ,423634081,1780333646,"{""InstructionError"": [3, {""Custom"": 0}]}",0,
B1C2xfcUajAAU8n3zfuXqXvvALRw8cB5sPzNB5ktpump,3rogKpJhppXHQutzVqa66NkkopWy1UuPUdAYTJrVS5BzN5yUw722sFw8Cy6quZLZ9v9rGb4vcjtxoJuvK6ri7JFY,423634081,1780333646,"{""InstructionError"": [4, {""Custom"": 7}]}",0,
B1C2xfcUajAAU8n3zfuXqXvvALRw8cB5sPzNB5ktpump,5yHRFhTfA2GygQoWe6hmLsTksGvnoJBWjYscupae1UUkcatKBn5ibpmXNjtiJaqLGEZAjNmkiLXT2qjNegcNW8vH,423634081,1780333646,"{""InstructionError"": [3, {""Custom"": 0}]}",0,
B1C2xfcUajAAU8n3zfuXqXvvALRw8cB5sPzNB5ktpump,pn1DHQjp2sXGbpw3Kw1nAwGyEZFSp37Vp29MsNTqTyxG3GJ375SuMbpHUZKZ7J216L7tdtSfEMaWBFKKgFj7tDN,423634081,1780333646,"{""InstructionError"": [4, {""Custom"": 7}]}",0,
B1C2xfcUajAAU8n3zfuXqXvvALRw8cB5sPzNB5ktpump,2TG7NqnXgMvU7NKNrfBjC3DDPUkHvKvzPbvsBJagQHnP17JdSTDL4eVaoh8NvXqCgrd9jzAiM9EGbYPsh7wftKke,423634081,1780333646,"{""InstructionError"": [3, {""Custom"": 0}]}",0,
B1C2xfcUajAAU8n3zfuXqXvvALRw8cB5sPzNB5ktpump,4Szx7Y7zEGMg49jZBj5WkUNabMrrHA7hm8NFrB8gZkQ6ebrn3QoknfpJkvHkfPaJkVCy3D58d8Q7GLXgy3dZ2JLo,423634081,1780333646,"{""InstructionError"": [3, {""Custom"": 0}]}",0,
B1C2xfcUajAAU8n3zfuXqXvvALRw8cB5sPzNB5ktpump,b9LymYScqxRCHFotyJKtDkzj9XYCW9neXBHKgtBBUXcMx52y733rZ1bJRGhHtjJim14pTidBbx9kTU6SLv792JE,423634081,1780333646,"{""InstructionError"": [3, {""Custom"": 0}]}",0,
B1C2xfcUajAAU8n3zfuXqXvvALRw8cB5sPzNB5ktpump,2CJVnXqS2wUpZdYovmty1d34Ljc8hzA8xpLQV7EFMwibLEPdyVvaYHKcn9cresR1YsoXno114CGcCgTV8bo59Hoa,423634081,1780333646,"{""InstructionError"": [4, {""Custom"": 7}]}",0,
B1C2xfcUajAAU8n3zfuXqXvvALRw8cB5sPzNB5ktpump,43CNvhUoRHL5eXEQzMySRvXRq5QzyUvsk8KJRqg7orzYEejczkkHERvpDx3YUBdPpSqQBRkMWnRBTF7qxYYyHss6,423634081,1780333646,"{""InstructionError"": [3, {""Custom"": 0}]}",0,
B1C2xfcUajAAU8n3zfuXqXvvALRw8cB5sPzNB5ktpump,PTNYS7LvX7W9rwKUyrmw2Y8GWZihgixkPx3GDM9suePDftjY5ktHT8wmU8Hv45ttJbYEYF9vDJcXxMSfCebomjY,423634081,1780333646,"{""InstructionError"": [3, {""Custom"": 0}]}",0,
B1C2xfcUajAAU8n3zfuXqXvvALRw8cB5sPzNB5ktpump,2q2DtTMPZ48VvDyXFepB24wjNwPRuYHonNkSHKUrJfDYjhaVKbMeaNW8Xkf8Ww6yCrYrrk2EHEK2ETFgmMr5c2j9,423634081,1780333646,"{""InstructionError"": [4, {""Custom"": 7}]}",0,
B1C2xfcUajAAU8n3zfuXqXvvALRw8cB5sPzNB5ktpump,5wB8UNXqMBQ6MXH98rNYcj755dJxnadkVLYgVpDcK9CoENSipwv7nQhXChTtavwS8YGyEZVJ8PmNXGA2tB3t6Sdi,423634081,1780333646,"{""InstructionError"": [3, {""Custom"": 0}]}",0,
B1C2xfcUajAAU8n3zfuXqXvvALRw8cB5sPzNB5ktpump,5ToPmeqMZWRTezZxfkkYBK63Et7gwmzdR9TeDbeih96EJeLngUFdn9F9NgfQBa2PpXQgy2rkgAuy8E4QPjMHczjB,423634082,1780333646,"{""InstructionError"": [3, {""Custom"": 4}]}",0,
B1C2xfcUajAAU8n3zfuXqXvvALRw8cB5sPzNB5ktpump,5TGAkHzCBpkSVQeeJv1mNo3PVZ8o2Ps1cuAehAEUWYPYkK5hYpjHWKyRa3k7fjmzTFSQUFrsUWTTm6fCia1wo9jJ,423634082,1780333646,"{""InstructionError"": [3, {""Custom"": 0}]}",0,
B1C2xfcUajAAU8n3zfuXqXvvALRw8cB5sPzNB5ktpump,nkfSyU7t1iec7cuQp2JKVickfRVWs5SdU5ZS6m79GR2YAvRjZnjEijqAuBP9VrVPYyZdg4Nz9L4Lds4SCPBgDWA,423634082,1780333646,"{""InstructionError"": [2, {""Custom"": 7012}]}",0,
B1C2xfcUajAAU8n3zfuXqXvvALRw8cB5sPzNB5ktpump,2XM1iobDczrVaSvVbYTEkMsyG8p5x4uz1hCCzeWP7X4beFjfY9RqPdtwufapn4mmDmMe75oM9tGEGXARAsYLnpX2,423634082,1780333646,"{""InstructionError"": [4, {""Custom"": 7}]}",0,
B1C2xfcUajAAU8n3zfuXqXvvALRw8cB5sPzNB5ktpump,hjfeMuPwVxr29QZaVXgJ6T3tUMCQH2BEYpcQdJxm4skfzLZJNpiEieuLSe4txVucDyuvJqY1V7ZvaHSm17dzd1H,423634082,1780333646,"{""InstructionError"": [3, {""Custom"": 0}]}",0,
B1C2xfcUajAAU8n3zfuXqXvvALRw8cB5sPzNB5ktpump,61DAqMrnDP2oLCu8cPKXkrfjdm1yUSy3H86h8RnATgFeUD6fmvSQSMagRQ5c3udgkpmtaaNkYJC3uSbFjVdQZYMz,423634082,1780333646,"{""InstructionError"": [3, {""Custom"": 0}]}",0,
B1C2xfcUajAAU8n3zfuXqXvvALRw8cB5sPzNB5ktpump,APf87C4Ycjc5ZQ8X8c9KeMFkbxJGSbQq9Qvhv7Qmp4S4fFZx5QU2hBc5x6hLLtj9eZGWHGDo8jtvcRGk1HmV5X9,423634082,1780333646,"{""InstructionError"": [4, {""Custom"": 7}]}",0,
B1C2xfcUajAAU8n3zfuXqXvvALRw8cB5sPzNB5ktpump,3LfYVxA3823NShbeb5Ue5rrJstgPC3aiCUG2ney99KBTZDu7LEKFy7ux36CXULzwXZhD8GwYoFmjiroRSvjXo3fK,423634082,1780333646,"{""InstructionError"": [4, {""Custom"": 7}]}",0,
B1C2xfcUajAAU8n3zfuXqXvvALRw8cB5sPzNB5ktpump,5KQNu6big2id6g3B7o5BygBm3ujB7DB6CFrPiVAmaotN1QzkfuGNEegxYVoJSQFGWic22LGwoH6mzFCMAb6SQPMc,423634082,1780333646,"{""InstructionError"": [4, {""Custom"": 7}]}",0,
B1C2xfcUajAAU8n3zfuXqXvvALRw8cB5sPzNB5ktpump,316vHdCVf4jKFnzx8efKLjwbLCQyBaAsXY6hamaSa54EfnugsDusZD8sy7b362TTA2iAKkJ7q7bUT4ED9GRmS8ow,423634082,1780333646,"{""InstructionError"": [4, {""Custom"": 7}]}",0,
B1C2xfcUajAAU8n3zfuXqXvvALRw8cB5sPzNB5ktpump,Gpq4qiy4jxp9PrwXx2ZCmyDxaUPZqmwumWKT9s4HGpbJCqK6ZAxE55gUiE48AEb3ZbnPA1ad9wP7yhCKRgzuvoS,423634082,1780333646,"{""InstructionError"": [3, {""Custom"": 0}]}",0,
B1C2xfcUajAAU8n3zfuXqXvvALRw8cB5sPzNB5ktpump,45zYRnKUKEWsoTiZouQ8PNaAx8raTFVuKWsxw7kpSUjdrsvwrvSydnB5VX2grJFLqfzVS39g7sVjvNCP8PbsFggd,423634082,1780333646,"{""InstructionError"": [3, {""Custom"": 0}]}",0,
B1C2xfcUajAAU8n3zfuXqXvvALRw8cB5sPzNB5ktpump,4QK8C2jx93YCzimWeNgpKk3bThmGJLMLcWGqBEREhCragtq2o2GEUvCQrEhEgQH1yxEgjhu4cB5KaDJQ5kNUicPp,423634082,1780333646,"{""InstructionError"": [4, {""Custom"": 7}]}",0,
B1C2xfcUajAAU8n3zfuXqXvvALRw8cB5sPzNB5ktpump,BvWs4B3UtLBkXGn9qAjCaHaTY7DNowQBDdyPBMfBscURQ19sdTZVyWhzjcX1nqgZ4mTDXk9rJVJ8PVyKiXpnnMy,423634082,1780333646,"{""InstructionError"": [3, {""Custom"": 0}]}",0,
B1C2xfcUajAAU8n3zfuXqXvvALRw8cB5sPzNB5ktpump,4Wh1nLuAnAFrjeCDFzFutcAUFHgUx3DhN1vUi5rAVs62S8DF8gPNjRx5NGdcksx1xxNoDqodDP4znCWRr1axhhf2,423634082,1780333646,"{""InstructionError"": [4, {""Custom"": 7}]}",0,
B1C2xfcUajAAU8n3zfuXqXvvALRw8cB5sPzNB5ktpump,5qyw9Utt79ebAmRc5NjunAbYsxjeyLz9gh1qjUu6YM3FsYQRq4ytvmjzKCWc8bUUMdy4UxNSekB3fHPKrCJCbStL,423634082,1780333646,"{""InstructionError"": [4, {""Custom"": 7}]}",0,
B1C2xfcUajAAU8n3zfuXqXvvALRw8cB5sPzNB5ktpump,4DFdEi6R5pQdyGh5mQKUTZNAEvJ4Eszv2YZ6dK3HN6vSAuBuanYsK4mn9RGcRiuHmRcxN7LSpsZwRJBiq3sVvrx,423634082,1780333646,"{""InstructionError"": [2, {""Custom"": 6000}]}",0,
B1C2xfcUajAAU8n3zfuXqXvvALRw8cB5sPzNB5ktpump,4zaxJmaoP1V175rv7L5PFpnHPS5QSFrWZ7eZDck2HY55vzxp2poeFwNkdk1vPzujv5VAARvutWbCfm1TE99UcWQU,423634082,1780333646,"{""InstructionError"": [3, {""Custom"": 0}]}",0,
B1C2xfcUajAAU8n3zfuXqXvvALRw8cB5sPzNB5ktpump,5FdcoAknC8RhgkM5JALyvUy5Pk3VpS2b4wfkEYi5MYATcuNwH33k65KrYkGt9sE4zBPNU2KQNZBrqA3rMhWBhadv,423634082,1780333646,"{""InstructionError"": [4, {""Custom"": 7}]}",0,
B1C2xfcUajAAU8n3zfuXqXvvALRw8cB5sPzNB5ktpump,d5zWwbuggwF2FHgX47A8GsgBetdQ2V7v6xKvdRxVVQenT7Gv9VkUAr2XBwdeZN3Dbdj7xZfd12ca1ai5A2s69cj,423634082,1780333646,"{""InstructionError"": [4, {""Custom"": 7}]}",0,
B1C2xfcUajAAU8n3zfuXqXvvALRw8cB5sPzNB5ktpump,31jjRP5dr1KMjXzwrcKKiH6X5t7zMScsqBXR2q67rg3rTHk61LPniUEtZi9frRYvvE4ipfMPuyNhch2as9ijD7PL,423634082,1780333646,"{""InstructionError"": [4, {""Custom"": 7}]}",0,
B1C2xfcUajAAU8n3zfuXqXvvALRw8cB5sPzNB5ktpump,38TxA2wNMmYHqgQdKnkq7z2WC5uciYJWrMSQpYpgbCE3CoojmyYbmhx3dfrN4dZ97h5FD8sZtdfzJd1yN2StY46Q,423634082,1780333646,"{""InstructionError"": [3, {""Custom"": 0}]}",0,
B1C2xfcUajAAU8n3zfuXqXvvALRw8cB5sPzNB5ktpump,2PfpARstLXvjBs6smbhhQjXcbWPEge1o7AJaVVzx49ugJVDn9wSPuqu3KXEQTA2t64MtNYukydAH4XhgHhgfdV4C,423634082,1780333646,"{""InstructionError"": [3, {""Custom"": 0}]}",0,
B1C2xfcUajAAU8n3zfuXqXvvALRw8cB5sPzNB5ktpump,38PDSipEA3iQfYckWimkb5J7TaYankRFvqy9tpqiVCKkoUQXATrxd1jzyANFFNsVUhr5vDqewZrqmpNMmF8ETZpe,423634082,1780333646,"{""InstructionError"": [4, {""Custom"": 7}]}",0,
B1C2xfcUajAAU8n3zfuXqXvvALRw8cB5sPzNB5ktpump,2NDhRKMpd9VVDF3X1Sw1KRCr77msWCqS5FcnMJx1zUMQjHckknNqZDb3yDC4cGVYM36e15zDZGBNWbXXT3Uf7ULy,423634082,1780333646,"{""InstructionError"": [3, {""Custom"": 0}]}",0,
B1C2xfcUajAAU8n3zfuXqXvvALRw8cB5sPzNB5ktpump,4adM9PAzbb42K6H4pEbYofM4BjTvdKmh4WcuLXeKgthTjK3oRBn4ATg9YWkiPPKmtFa2kVvULcLbCviLuZv4WMwX,423634082,1780333646,"{""InstructionError"": [4, {""Custom"": 7}]}",0,
B1C2xfcUajAAU8n3zfuXqXvvALRw8cB5sPzNB5ktpump,2qXqrYhDaS5jNcR6c9sYK72vXebAvVe81vvBVHsBKTAA8BL6aJ78sTcg8b8xDfDd554UqWWk8cqZXnzJrmGUGZ8J,423634082,1780333646,"{""InstructionError"": [3, {""Custom"": 0}]}",0,
B1C2xfcUajAAU8n3zfuXqXvvALRw8cB5sPzNB5ktpump,2X44cuh6KTZWhcsm3G5bJtBy1ryQ7o5U57jgBDqs3CeTZgHApGvixdJZzaUnzGvU7Bb9jbxAXktw7FWnPD5iC25w,423634082,1780333646,"{""InstructionError"": [3, {""Custom"": 0}]}",0,
B1C2xfcUajAAU8n3zfuXqXvvALRw8cB5sPzNB5ktpump,661VbabqoDMqBQhr7ThaHbBbD4F5aD8dwHVv7BErPeikfsUcBdnL5CHQEMkjY5jdYo8x9EZyjCdW4egJZNeXJiQk,423634082,1780333646,"{""InstructionError"": [0, {""Custom"": 6005}]}",0,
B1C2xfcUajAAU8n3zfuXqXvvALRw8cB5sPzNB5ktpump,4tvr6LLmAWRZTpsned1BfzPGMXQbikkJCcsimZxRfuFL44obctNnkpnTxoB44jSPrLQTgUhXNuQVPtcZQQAjD3Fr,423634082,1780333646,"{""InstructionError"": [3, {""Custom"": 0}]}",0,
B1C2xfcUajAAU8n3zfuXqXvvALRw8cB5sPzNB5ktpump,62okrESQfLz4QBuTvHPYDTXkvZQiC8dDwCj3G6H8pUVGu21bHVYqHADLUQ1WwjHGqfqEA2FKTeSCtWNtSX9uh28,423634083,1780333647,"{""InstructionError"": [4, {""Custom"": 103}]}",1,BuyEvent:127136532
B1C2xfcUajAAU8n3zfuXqXvvALRw8cB5sPzNB5ktpump,2tdf6MVHM8Ak4WNBkzJesR1VpZtxQET1Rb9C3ahaLAXHJYcaQMQd44Rb4Gu43vBsfMNUn7bGnmwQedaryTzbFHL3,423634083,1780333647,"{""InstructionError"": [3, {""Custom"": 4}]}",0,
B1C2xfcUajAAU8n3zfuXqXvvALRw8cB5sPzNB5ktpump,2ZdY7R16jEqTEKo5HY4x2N6zz3FkFMfFLt1MvRNbPBGAYhtRmLSsbZj1v4tw52gXGX81mpUt9rzLwriUjMqp3YZt,423634083,1780333647,"{""InstructionError"": [3, {""Custom"": 6005}]}",0,
B1C2xfcUajAAU8n3zfuXqXvvALRw8cB5sPzNB5ktpump,GCxhVBANrtxitZu8sR6cUhYjNwPb8gYFRWT8x6LMipUqhBBDUQSPH8stbxUGjXomcFYJ8PjxCoAgXmXcaRBEVMn,423634083,1780333647,"{""InstructionError"": [4, {""Custom"": 7}]}",0,
B1C2xfcUajAAU8n3zfuXqXvvALRw8cB5sPzNB5ktpump,2Star3AF7vqTArALb9odM64UXFJ8JxWRafwJx4KveJJNJDPxVNzLPMCfpfv36uVMLnfaxFG6KCkHCF9uQk8Vmnig,423634083,1780333647,"{""InstructionError"": [3, {""Custom"": 6005}]}",0,
B1C2xfcUajAAU8n3zfuXqXvvALRw8cB5sPzNB5ktpump,5VnxZbd2QNpfpX9qxGmzP4mQWFBavUrY7op8NkzsQa6duXrKKZpp7ZrzwzHRmYtrcSbN9T9QjR1KjY97526YWYSn,423634083,1780333647,"{""InstructionError"": [0, {""Custom"": 6005}]}",0,
B1C2xfcUajAAU8n3zfuXqXvvALRw8cB5sPzNB5ktpump,49GAqd5CdTukxQEL3mka6R6sDM9fUo5XWfLE4Vbj3eKzr5LpQRkbZdapv7Kks117CukRkDAUTjE8ndaZCJVz48u2,423634083,1780333647,"{""InstructionError"": [3, {""Custom"": 6005}]}",0,
B1C2xfcUajAAU8n3zfuXqXvvALRw8cB5sPzNB5ktpump,yqMSTU76hVzuwZErDAzKMo5fcADNRqQfbGi2pGbsjDqdkFWWNf8bxkxrxva6XCms6k2zuskw5UXpizeMYmzHPtN,423634083,1780333647,"{""InstructionError"": [4, {""Custom"": 7}]}",0,
B1C2xfcUajAAU8n3zfuXqXvvALRw8cB5sPzNB5ktpump,4CPwx2r6GFzDj9TN3kq4BNcsmQrsTsvDtYNq6YoEmUHMxYk8dCNpPuk9FXkJqJR7gFbrUN8RwEf1Es796QYy6khC,423634083,1780333647,"{""InstructionError"": [4, {""Custom"": 7}]}",0,
B1C2xfcUajAAU8n3zfuXqXvvALRw8cB5sPzNB5ktpump,5swFFCe9EjN8MUiPDrjqf5VNskBTKwLUfcZts3WxHwSbzJ4UHQwdqcN3UmJP4nMn71J2VL44TDDLrQYbu1C4KJpW,423634083,1780333647,"{""InstructionError"": [3, {""Custom"": 6004}]}",0,
B1C2xfcUajAAU8n3zfuXqXvvALRw8cB5sPzNB5ktpump,McDp9kH5UE5pNv6AWzLJE5JcR2fc8tVmHh77jpDKTHHFX8EZ6ixWC3cVNquqUk3RpUUG4h64nhxFdZyiHjgNYF4,423634083,1780333647,"{""InstructionError"": [3, {""Custom"": 6004}]}",0,
B1C2xfcUajAAU8n3zfuXqXvvALRw8cB5sPzNB5ktpump,2UxLtguifgfWwB8phGsYTBTsA3dAeC8CUeTSUmx1TZz121TNTsEQR6Cy3pQoBBFMyTV6r18Tc1ZapbiL4CkWvGHU,423634083,1780333647,"{""InstructionError"": [3, {""Custom"": 6005}]}",0,
B1C2xfcUajAAU8n3zfuXqXvvALRw8cB5sPzNB5ktpump,AZdUJMa1u8Xenb69ncbSEu8fNQ7eEHCrk5XiJefiGCU2WteMVYQqwgnmHw7Mw7jVbm4zHZjrc4sEco8GgNxNhwE,423634083,1780333647,"{""InstructionError"": [3, {""Custom"": 6005}]}",0,
B1C2xfcUajAAU8n3zfuXqXvvALRw8cB5sPzNB5ktpump,2exSqAHAfRRS4Uro3dVUeLL5yxeUcHnjFrXVXhNcDnRRZBBLUPiRvXavmsZQizeJpikWzTxwVYfk8NVuf4TgpB4d,423634083,1780333647,"{""InstructionError"": [0, {""Custom"": 6005}]}",0,
B1C2xfcUajAAU8n3zfuXqXvvALRw8cB5sPzNB5ktpump,RVhSt2KW6Qe1mV3kY4Uqr5Z6iuT4CXQbgTrnfXG4ipRb97kbdrqhqWmBbWSrYrWj4ULpL5csas8v1LV8MbWF1i2,423634083,1780333647,"{""InstructionError"": [3, {""Custom"": 6005}]}",0,
B1C2xfcUajAAU8n3zfuXqXvvALRw8cB5sPzNB5ktpump,3Ab5cLgRjaj1xuksxenK8dJk7fHGkg4kViWJu1brwp3RjVzEU77Bxz6pS643eCbLa1FxgxVWEBUgQhsXM361FmYA,423634083,1780333647,"{""InstructionError"": [4, {""Custom"": 7}]}",0,
B1C2xfcUajAAU8n3zfuXqXvvALRw8cB5sPzNB5ktpump,7ufFBQtw2LWFmAmxSVGp52cJzHAUq7HjioqaPCtf97xqK9SDQUJzdMPSDqe6owLb5XdWFYURh6KCBk1J6F33Wm5,423634083,1780333647,"{""InstructionError"": [3, {""Custom"": 6005}]}",0,
B1C2xfcUajAAU8n3zfuXqXvvALRw8cB5sPzNB5ktpump,3zyqhP19TH7cwEpx5wpZKvjDT6eninCEUvxmS6SibBM5MeSfM3Eh4YMgnZ2WQt2GLFhJYGopiZHLhTJrYqVAN63E,423634083,1780333647,"{""InstructionError"": [4, {""Custom"": 7}]}",0,
B1C2xfcUajAAU8n3zfuXqXvvALRw8cB5sPzNB5ktpump,5umhF9v5ugEfwcpam8r9QSHxMKihwNAzkAqBNNiACEfgqfJHvnWG3AvaxnpJnok4rwzQ3XtioPWJZCi1WDTKH6JV,423634083,1780333647,"{""InstructionError"": [3, {""Custom"": 6005}]}",0,
B1C2xfcUajAAU8n3zfuXqXvvALRw8cB5sPzNB5ktpump,49V5MgLX8er85Kje7uvBGbspghqfqHfX5v8iHww86Dqa8MHNyUDMPuHYRnEpEt6fRBBURqLzdJjpo8GL7TMNzk8u,423634083,1780333647,"{""InstructionError"": [3, {""Custom"": 6005}]}",0,
B1C2xfcUajAAU8n3zfuXqXvvALRw8cB5sPzNB5ktpump,cbRcFaDGjmZhAvu57XHhHvKtDAp4oGRS8HS8AqxjHTpZVjcxtGn3pt5KXfN4a26Xjc6QW1h5uy4L6THvUXUCKYS,423634083,1780333647,"{""InstructionError"": [4, {""Custom"": 7}]}",0,
B1C2xfcUajAAU8n3zfuXqXvvALRw8cB5sPzNB5ktpump,3CQ3eQGw9nr8fuAC8yJ17e4CWiQSqhzM6jXvTSg38PZXT1ySMmXsMnxc9Te8Pxk4QmfGvx6yzy7fXqCfCpgBteeu,423634083,1780333647,"{""InstructionError"": [3, {""Custom"": 6005}]}",0,
B1C2xfcUajAAU8n3zfuXqXvvALRw8cB5sPzNB5ktpump,3gviiA8eZwFHZFpeXRP6YRYLYwVniPM6wWvpQXwHQN5YDH9wam4zja5Ut6bs4RR5G6ke4cFY8K8GhnCJusP3eFgR,423634083,1780333647,"{""InstructionError"": [4, {""Custom"": 7}]}",0,
B1C2xfcUajAAU8n3zfuXqXvvALRw8cB5sPzNB5ktpump,kCPjRwrtqvR31JXykFYULyjACGVGuGC2oNfYS8TNTy3UyeF9VuxAgA26fjfLVfuUp62pTuhQYZR6zMRQTjv98As,423634083,1780333647,"{""InstructionError"": [3, {""Custom"": 6005}]}",0,
B1C2xfcUajAAU8n3zfuXqXvvALRw8cB5sPzNB5ktpump,4dNUhvpHmkJmiwEjrgg7nuTvcQhFQnoe9qkWccyRDzQp8GxyoVUuUcW8rYBxsZ3NcbgzTv8NdvmpjY7kZp35a9oD,423634083,1780333647,"{""InstructionError"": [3, {""Custom"": 6005}]}",0,
B1C2xfcUajAAU8n3zfuXqXvvALRw8cB5sPzNB5ktpump,4sZj7RwD9dE8NEPqaPYxfNPKHLBemKz4WCmo3aW8H5dDdgDNG5z8y1WHn9ueCMwiQrtWWzoL3iU8ScBQH7bMv1Wq,423634083,1780333647,"{""InstructionError"": [3, {""Custom"": 6005}]}",0,
B1C2xfcUajAAU8n3zfuXqXvvALRw8cB5sPzNB5ktpump,2jf6C4jHc8ppsvhw87ZyE7bELWFs1jFTrdx5JZrVcayWVF1xvSAfRWwfQpxe5iKhUUBiAiCnQt3TYNCidZT1DWg4,423634083,1780333647,"{""InstructionError"": [3, {""Custom"": 6005}]}",0,
B1C2xfcUajAAU8n3zfuXqXvvALRw8cB5sPzNB5ktpump,3D7DQ6tMQeyd11cpqYJBSjYNLc7bUz9kSGL31mLkpwqZ6uE6zwqp3NpndjCHYUPxaCSwHsm93RZxBdBfsRexX6Eh,423634083,1780333647,"{""InstructionError"": [4, {""Custom"": 7}]}",0,
B1C2xfcUajAAU8n3zfuXqXvvALRw8cB5sPzNB5ktpump,47iM9qX3t1g18WzYcbMaGNejKN82H6vuP7sBHSHmYqyxtXQ6o5DX8VTDUtc3SMgAF9F3DUaJpykewCH9PCDT58RW,423634084,1780333647,"{""InstructionError"": [4, {""Custom"": 103}]}",1,BuyEvent:168188649
B1C2xfcUajAAU8n3zfuXqXvvALRw8cB5sPzNB5ktpump,BxP5s3WQcB9e4ua4wAjLVQmW1B2r3DiAhxWKxLvbLu5biBBgRgbwAKA6VgZ1chamfQhATGixG31XxusDvn4LbMu,423634084,1780333647,"{""InstructionError"": [4, {""Custom"": 103}]}",1,BuyEvent:155718104
B1C2xfcUajAAU8n3zfuXqXvvALRw8cB5sPzNB5ktpump,62ZSq8zGHckwU36cek5gmp8ocN25RCTvTpkcY6TybH4x6mEzBNcp5WykuUCYSfB1CgCw8QbDq5QbXpX2kNknMrRh,423634084,1780333647,"{""InstructionError"": [3, {""Custom"": 6005}]}",0,
B1C2xfcUajAAU8n3zfuXqXvvALRw8cB5sPzNB5ktpump,cnUqh6roAMhNaHNQtA3rzG7mJZkgPmPfETR15Y1yjNgteDYvof6X9XkA2Kba3dKmpir2mK16wAhVahVpo9PoKNm,423634084,1780333647,"{""InstructionError"": [4, {""Custom"": 103}]}",1,BuyEvent:29406521
B1C2xfcUajAAU8n3zfuXqXvvALRw8cB5sPzNB5ktpump,2AMSb4nX11ki6rA5fagutHgMNXgmTGpH7H4KNCg4nKVJeKECVgCTGiB1Swqwz6JCmWTbWjFMjKVRju1Lh9cgLq12,423634084,1780333647,"{""InstructionError"": [6, {""Custom"": 6004}]}",0,
B1C2xfcUajAAU8n3zfuXqXvvALRw8cB5sPzNB5ktpump,2aS4kuxc8RYzzpzPeFEgEpjF6CV7TMjs7QMsH2HTpPivhfCFjUjktVukCQzKha3ZCMXtfRHQ6XnTm3xNWktrhxg7,423634084,1780333647,"{""InstructionError"": [4, {""Custom"": 3012}]}",0,
B1C2xfcUajAAU8n3zfuXqXvvALRw8cB5sPzNB5ktpump,5AJBqcQCDhUxyqUTeWb7XzfX3XqXmmskoKghAPfoFWmPYL1oDV3yaTGt5BLrPiX1FqiDRCDc57AUUDEnTAJtjs2m,423634084,1780333647,"{""InstructionError"": [3, {""Custom"": 6005}]}",0,
B1C2xfcUajAAU8n3zfuXqXvvALRw8cB5sPzNB5ktpump,4piVA5L2VPty2MFszGTBLkWYzSVte1dC4hUuHLaSi2eWktL45WutKtroVbX4TyJVaQ4qDumiaD7Cg7xMADbyMB29,423634084,1780333647,"{""InstructionError"": [3, {""Custom"": 6005}]}",0,
B1C2xfcUajAAU8n3zfuXqXvvALRw8cB5sPzNB5ktpump,4HBygxmVi8wKZw1V2wd1V9ndjPZAjTyXBs9GS18MKR2TpTUFuaLZMYkf2XHa3xCQanfdFm8aBGEcb3B5QExpnGkH,423634084,1780333647,"{""InstructionError"": [3, {""Custom"": 6005}]}",0,
B1C2xfcUajAAU8n3zfuXqXvvALRw8cB5sPzNB5ktpump,qWw9iVxHoGyph81e8TGrzGPEjoscVQVBV3mTVi9WaaqGgiZHBq2PP2kac9nebKvBFaVVFdFnKWixfKeCcQGtDkJ,423634084,1780333647,"{""InstructionError"": [3, {""Custom"": 6005}]}",0,
B1C2xfcUajAAU8n3zfuXqXvvALRw8cB5sPzNB5ktpump,4NUUMKBDeZiJKs56xuASY31x7ohp7DgsGJKFBhgS9dPSf12ECgF7qfFXVqSiSw9PLVQHvxS2BHXjtpUfZr4Vznq6,423634084,1780333647,"{""InstructionError"": [3, {""Custom"": 6005}]}",0,
B1C2xfcUajAAU8n3zfuXqXvvALRw8cB5sPzNB5ktpump,4Hgk14VxyGZE9q2b71D5avg56CddcBLG3ztP3sCMZ2VoUx7LoQVr2iuLwfDDdeb6uLYvqUmXvsJF8g6Jb5rRS9q1,423634084,1780333647,"{""InstructionError"": [3, {""Custom"": 6005}]}",0,
B1C2xfcUajAAU8n3zfuXqXvvALRw8cB5sPzNB5ktpump,558XfuzRh6Dww49EukS5X8M42oQ37wL683pGkNK7XYXE9aam7ggeRGQAppvhnKL2PaoLSve8Sd9gX3eK8d1xgmkQ,423634084,1780333647,"{""InstructionError"": [3, {""Custom"": 6005}]}",0,
B1C2xfcUajAAU8n3zfuXqXvvALRw8cB5sPzNB5ktpump,5wKEpUbu8vn8X7BL3aGxRRPHMtWzWPzPT5m7DTPfmVsZYMhPcStBPhv8Cg6WYR5tXnCTS5ekXaJTETXZwysvQygi,423634084,1780333647,"{""InstructionError"": [3, {""Custom"": 6005}]}",0,
B1C2xfcUajAAU8n3zfuXqXvvALRw8cB5sPzNB5ktpump,3MUEtbSJ2bGVeUFn9P5a6JrgDGbSVYKyQRekpR77YhSwyM3GuXucaJbzdqV8kNDnBL611o7RHHb3rDfNnmmM6wnp,423634084,1780333647,"{""InstructionError"": [3, {""Custom"": 4}]}",0,
B1C2xfcUajAAU8n3zfuXqXvvALRw8cB5sPzNB5ktpump,4wtRjCpQnKDVZFF1hbYYMe2ymAeijw3hRDsU2zrhjzw2A634jN99xD7k6eHuzySM7ELtKLTkMyyGjymgSTHrWbWQ,423634084,1780333647,"{""InstructionError"": [3, {""Custom"": 6005}]}",0,
B1C2xfcUajAAU8n3zfuXqXvvALRw8cB5sPzNB5ktpump,5ySRhUFbsKUMq2CXupjAm7vfF2UpxL68pvvUFVu2iNVrkRhZ9heFPbhtXaMeZo7UxfRkvrART4jwChXcqSnRXRzq,423634084,1780333647,"{""InstructionError"": [3, {""Custom"": 6005}]}",0,
B1C2xfcUajAAU8n3zfuXqXvvALRw8cB5sPzNB5ktpump,5iGDsevP4fmZKsKe9WTT1cCLjbfrViirzNrmWEmGzMXPaPuDCdzwBrkwxu8cr2VEcucADseJmPqe3cxjU1L7ZYNb,423634084,1780333647,"{""InstructionError"": [3, {""Custom"": 6005}]}",0,
B1C2xfcUajAAU8n3zfuXqXvvALRw8cB5sPzNB5ktpump,4fsbDTatYooHRoczVWgADMM376LTexp5SAzTNCy3AhBLDyrTQ1eJgMdgGyRLTPErgAYgMaHeK6tmr4rx2p1gDtUk,423634084,1780333647,"{""InstructionError"": [3, {""Custom"": 6005}]}",0,
B1C2xfcUajAAU8n3zfuXqXvvALRw8cB5sPzNB5ktpump,4NYZR4Y8tE5jqM31XbXef47EPPtWfidU9MZDrVU69QMky83EzYbhwirYkEA1jgESiGPrJib8HchvL1CkywKWxqrA,423634084,1780333647,"{""InstructionError"": [3, {""Custom"": 6005}]}",0,
B1C2xfcUajAAU8n3zfuXqXvvALRw8cB5sPzNB5ktpump,p6rsm1zaA3hEDVuUbagSnK8MLXoXSDNEpp8Xa2cmN4yv9zvS1fF8GyKJdEorMzmRamGaUTr6984K6Ec8YcqtFkv,423634084,1780333647,"{""InstructionError"": [3, {""Custom"": 6005}]}",0,
B1C2xfcUajAAU8n3zfuXqXvvALRw8cB5sPzNB5ktpump,4jk6Kp2FFz72HcJq1GpY6fj3rsR8exKabudKzcR7YDPJywCV7N46XHxH7NjXeBeNLbWpPqf3QYCyNk8f4o1HxwHy,423634084,1780333647,"{""InstructionError"": [3, {""Custom"": 6005}]}",0,
B1C2xfcUajAAU8n3zfuXqXvvALRw8cB5sPzNB5ktpump,52AnkJA1pCkyFvE1tm5CZ1jX9n1V54ipFr9p7XJdyURcxnzWPobfA5YuEJnMXNqusVWxSf5cSJCg4oWCBV37LnYW,423634084,1780333647,"{""InstructionError"": [6, {""Custom"": 6040}]}",0,
B1C2xfcUajAAU8n3zfuXqXvvALRw8cB5sPzNB5ktpump,48bkSzg3rCAa8vZp8umZJ2J6UHzNVoZE2HZfPPv2t34C5d1C5ZPUh7M7gq5Q2ng4XEqxiMyaLSSJ54CoFw7xLGnK,423634084,1780333647,"{""InstructionError"": [3, {""Custom"": 6005}]}",0,
B1C2xfcUajAAU8n3zfuXqXvvALRw8cB5sPzNB5ktpump,5b7kxikJZY9aELbnQDGcYshh6bccQwrCu5fzoXkm3D94MDfTYi6r5wZgvxzWg99jR7FxyCqY9Y13FLue28346yxw,423634084,1780333647,"{""InstructionError"": [3, {""Custom"": 6005}]}",0,
B1C2xfcUajAAU8n3zfuXqXvvALRw8cB5sPzNB5ktpump,4zcnBN4d9fESYVGC1qRyBCzmDPj9uvHKocmuwDYkFpVwFK7ZpnpGqF5xqh6kZwqAmRHr2NiS7PqjLtWxnrswXrTq,423634084,1780333647,"{""InstructionError"": [4, {""Custom"": 7}]}",0,
B1C2xfcUajAAU8n3zfuXqXvvALRw8cB5sPzNB5ktpump,61Z7cwFGKfeKTfq154ATEURh16FzHU9X4NuSw8M1m7JttTPsdb1njq2W3aLZiQgzeC6wpcqLL1tZtmZV6QYKvt4d,423634084,1780333647,"{""InstructionError"": [4, {""Custom"": 7}]}",0,
B1C2xfcUajAAU8n3zfuXqXvvALRw8cB5sPzNB5ktpump,VjShAosysAgvmJR7WpP53yW2eQmK8HWiSJMrubLzfE93RuRvdzagd5AVDMiMNonNsVGGrk8GPCM4MLr2cyZTGCa,423634084,1780333647,"{""InstructionError"": [4, {""Custom"": 7}]}",0,
B1C2xfcUajAAU8n3zfuXqXvvALRw8cB5sPzNB5ktpump,3hKEmFoLdPN3SzQUmcgkZwiv8Xx9uWeCiSknJwsekQVSaizyFRsAxqfmkogt4pb7L18z2SAy4YQTmvk4Bm8CePTw,423634084,1780333647,"{""InstructionError"": [4, {""Custom"": 7}]}",0,
B1C2xfcUajAAU8n3zfuXqXvvALRw8cB5sPzNB5ktpump,2Hcf9UztQuR16mphXnDhnThmWGVzqKyDiXQ7JhdRyLtK9bKxr3aaajLTB62KZ5xB5e14ipW7gWAc3nV889V9fJdL,423634084,1780333647,"{""InstructionError"": [4, {""Custom"": 7}]}",0,
B1C2xfcUajAAU8n3zfuXqXvvALRw8cB5sPzNB5ktpump,5RE4ERwxsd1ntFG8EFUq57pwhKHqYaeyShd1oeaoaziWVvrRBNAH9mGfeB2e7EYPxUBPNTKrpmSHKTgZSURe28de,423634084,1780333647,"{""InstructionError"": [4, {""Custom"": 7}]}",0,
B1C2xfcUajAAU8n3zfuXqXvvALRw8cB5sPzNB5ktpump,2Ag4ig4RxZaHkom2QkHcf5NxJnEYok2RwJMMGtKxfntEi31jiNSXLEBDJJd76wy7wZVHKffo5ojDNyEN7AgoeK6S,423634084,1780333647,"{""InstructionError"": [4, {""Custom"": 7}]}",0,
B1C2xfcUajAAU8n3zfuXqXvvALRw8cB5sPzNB5ktpump,4okGUaSZQ7CnDUHwHawxd8hMDpZ1KDSfUhHU5ZUFs92wTMLQpqv5my3Xk7cBd6n9i4JSfZCRmKR1EKgPbZPziJua,423634084,1780333647,"{""InstructionError"": [4, {""Custom"": 7}]}",0,
B1C2xfcUajAAU8n3zfuXqXvvALRw8cB5sPzNB5ktpump,3BeHytND5v9nekWWywfN6AiZ15s8wBTWheACAwAPKSQ6X1aHsVGDbuQMQ4oFJoad2o5PHzT8TknpwGv9U8iboTKc,423634084,1780333647,"{""InstructionError"": [4, {""Custom"": 7}]}",0,
B1C2xfcUajAAU8n3zfuXqXvvALRw8cB5sPzNB5ktpump,3Yzq5cn3L24Fy5rr8VAU1qqytdbw1v1Jy8cbztk2n6wQVrNGiv6tbxXTzka98LYqbJTDeCV7iXwz1D7itQ95nRK7,423634084,1780333647,"{""InstructionError"": [4, {""Custom"": 7}]}",0,
B1C2xfcUajAAU8n3zfuXqXvvALRw8cB5sPzNB5ktpump,2fDxXM6o2JTbJGjsidzGyV6K6EvB2ckbdxZDR11mCQnMSwLbEmaACCR7hy4UDeKbakP8cfsT7CqDQHBch3s2gbZX,423634084,1780333647,"{""InstructionError"": [4, {""Custom"": 7}]}",0,
B1C2xfcUajAAU8n3zfuXqXvvALRw8cB5sPzNB5ktpump,45VmCvrCoQWSTrgrAJx3mgjQaDdG2g9GFdwveHyPByh1xMpe7ZzsVtZLkiiHdaq9hhNxJHNYv2Chipk1waLBLw8f,423634084,1780333647,"{""InstructionError"": [4, {""Custom"": 7}]}",0,
B1C2xfcUajAAU8n3zfuXqXvvALRw8cB5sPzNB5ktpump,5fjDoWYHM32A1w6PRxDgVzJvphmPgHnVeiqCDtAqcWUfpREcD9Ex1NSVAG7eibe5xRsSMggDM5usaY19BJBfVMuw,423634084,1780333647,"{""InstructionError"": [4, {""Custom"": 7}]}",0,
B1C2xfcUajAAU8n3zfuXqXvvALRw8cB5sPzNB5ktpump,T31pu98fLHEbxQBtuntwRGKft3PbvBxra7Nqei8YVz3RVfBDAz1vvNPndtTLhYS28u6CHN1NEJGEEo3mC3zR18d,423634084,1780333647,"{""InstructionError"": [4, {""Custom"": 7}]}",0,
B1C2xfcUajAAU8n3zfuXqXvvALRw8cB5sPzNB5ktpump,5sGEdzyNSyWkcAT1qBJiKL7AsBWpPyNmRkj4w5PDBAZPKD7DyJsA34GDcwAQwMPbLyCH89Hyp3QPKyQk9pTPemtW,423634084,1780333647,"{""InstructionError"": [3, {""Custom"": 6005}]}",0,
B1C2xfcUajAAU8n3zfuXqXvvALRw8cB5sPzNB5ktpump,58gRq823ivhKYsE2rWAj4JiTLXor79v5k9QuE8xDq1uSBk2W7T36HCmtXG5nYc5pugf2BKRJeeijEPJYFXrxwfS1,423634084,1780333647,"{""InstructionError"": [4, {""Custom"": 7}]}",0,
B1C2xfcUajAAU8n3zfuXqXvvALRw8cB5sPzNB5ktpump,5GY1DkXvzp96HnNz8xV8AakgtC8UTr5qS56jobh1WeZiPvJzcBqsxn5hfMfSDZuC6dMgWY3nbEAT1ndA7LR5iUX,423634084,1780333647,"{""InstructionError"": [3, {""Custom"": 6005}]}",0,
B1C2xfcUajAAU8n3zfuXqXvvALRw8cB5sPzNB5ktpump,461uR91eRQ4E5gFkqxpKaReXK8hiA8ZZtygqD8kE5Sxm5fZ2CVvgGddbSLS9H56oTzkSugjRPUHt2aGgQ9SpbYwB,423634084,1780333647,"{""InstructionError"": [3, {""Custom"": 6005}]}",0,
B1C2xfcUajAAU8n3zfuXqXvvALRw8cB5sPzNB5ktpump,4wo1ArxTPBSikRqWBaJpjSkpWAA51btfuTyxiyoegW6HfEkj74T7a7wcBvdvY59KCqhY2TPfEHugSLKotJkLjvYo,423634084,1780333647,"{""InstructionError"": [2, {""Custom"": 7012}]}",0,
B1C2xfcUajAAU8n3zfuXqXvvALRw8cB5sPzNB5ktpump,6VYTEmX9PVbSctqKEAt3aRiUR8tDwhwzwHAXRBMCAzAbLHSsmbU7fteHDs8ZfEuxMuQr2J6LQiaUexY155zu2fM,423634084,1780333647,"{""InstructionError"": [3, {""Custom"": 6005}]}",0,
B1C2xfcUajAAU8n3zfuXqXvvALRw8cB5sPzNB5ktpump,2un1tsd1Mf9qDY6ZSZwykdnMPHBrgvbAT7jNES2tcgzFHPhSqhgGxuUG17sEtLwMjxLEHEJcy9QiEa9hVeNCZVzS,423634084,1780333647,"{""InstructionError"": [4, {""Custom"": 7}]}",0,
B1C2xfcUajAAU8n3zfuXqXvvALRw8cB5sPzNB5ktpump,2R2nDWMGY62Tx3bQeKDAziMBz6DK393gp8gwv6wDcd1XtTUm32dXaRhe9nN7kxgCDXBTBGdcFfuFHChS8MxpMji,423634084,1780333647,"{""InstructionError"": [4, {""Custom"": 7}]}",0,
B1C2xfcUajAAU8n3zfuXqXvvALRw8cB5sPzNB5ktpump,R8Ubz26zVaXVQxp6xg7RvWKg2sZwuc7LU3yHWD1K4hCkmKnk8jCBGsxSjBhsBjr2ZfgaSnQ61n5xtjMC6e3pDXs,423634085,1780333648,"{""InstructionError"": [3, {""Custom"": 6005}]}",0,
B1C2xfcUajAAU8n3zfuXqXvvALRw8cB5sPzNB5ktpump,3tHLhzQ2SJMyQzYZPcbes776NH4FgKocoD1g1jNfzhKRY2ySTPuLhCzpCVSJbxw9tAiJYsa1Zs1XmhjgMEX2hquv,423634085,1780333648,"{""InstructionError"": [3, {""Custom"": 6005}]}",0,
B1C2xfcUajAAU8n3zfuXqXvvALRw8cB5sPzNB5ktpump,3HU4QEXBNsicBEZGjXFRuJpHbjzdvQBjS4hk6B285c9pE1Q8XWvwmn8h8CrqUxGfep7wMcY1pEKVg6eKkqme3594,423634085,1780333648,"{""InstructionError"": [3, {""Custom"": 6005}]}",0,
B1C2xfcUajAAU8n3zfuXqXvvALRw8cB5sPzNB5ktpump,2YgKHYo2X1N8psorxC3CPo2v9ccn1yX5p4GUzJ7vSoMAnKWbmjhXYC2rVejpGGZe3dMuTMVMWxPH33h4ZzKemRTS,423634085,1780333648,"{""InstructionError"": [3, {""Custom"": 6005}]}",0,
B1C2xfcUajAAU8n3zfuXqXvvALRw8cB5sPzNB5ktpump,4B7QsmWNzqxxk9b5sTdAyNXMqNYjohiYJGUxADhJkd9QqTNj95fsNzbkS3m5YwCHnQf1Wzds41Gj5Q1R1EsR7SVx,423634085,1780333648,"{""InstructionError"": [4, {""Custom"": 7}]}",0,
B1C2xfcUajAAU8n3zfuXqXvvALRw8cB5sPzNB5ktpump,2dqWFbQeYgFjnn2vX6dYXaTcAqtRKLgMMArKTwyVYEDfRgYM9EUhDGfQe6wM96PfchPtUfjSZttcopRLARwcbWQ1,423634085,1780333648,"{""InstructionError"": [3, {""Custom"": 6005}]}",0,
B1C2xfcUajAAU8n3zfuXqXvvALRw8cB5sPzNB5ktpump,28bcD43wEXNR562WKikMHyK8h2SQCRKmWyBYEznhSBzNp1WYQsRvvw4rDWneFQFzrzGmGkTNWYLgFreEoFCPooRn,423634085,1780333648,"{""InstructionError"": [3, {""Custom"": 6005}]}",0,
B1C2xfcUajAAU8n3zfuXqXvvALRw8cB5sPzNB5ktpump,4X8Da4AMydcpoQkrVDh7YRnkBKbFrx6PMs18DBM7UeWUJw9GKCFteQLZMet3kMvzCHiHUNgWgbZBAqZ9MJ7ftQim,423634085,1780333648,"{""InstructionError"": [3, {""Custom"": 6005}]}",0,
B1C2xfcUajAAU8n3zfuXqXvvALRw8cB5sPzNB5ktpump,3haE2G2MMFYt1tpfaMuEePvcJELnWai9foNjVkFg8BeUeSS5KyktcrQhaGZ9t8Tf2z38EFnWxJGNcFF1tHaw5xF3,423634085,1780333648,"{""InstructionError"": [3, {""Custom"": 6005}]}",0,
B1C2xfcUajAAU8n3zfuXqXvvALRw8cB5sPzNB5ktpump,ywKj8D3txtehCoB7R8yXPVF6FjmG77zeRw7CHNiUYiSB4tA2zdhkiR4Tw2tGgsMiZxRwxchPKJqY2xRdHiYdXGt,423634085,1780333648,"{""InstructionError"": [3, {""Custom"": 6005}]}",0,
B1C2xfcUajAAU8n3zfuXqXvvALRw8cB5sPzNB5ktpump,5DATR7kG9Ltd78omBgA49uUjybQdD1nTwFpoobShEjXvz9gd6KEdsSj72N2jdqgJGBSYdk462hTWfR7Gu1RPkMzs,423634085,1780333648,"{""InstructionError"": [4, {""Custom"": 7}]}",0,
B1C2xfcUajAAU8n3zfuXqXvvALRw8cB5sPzNB5ktpump,2kniDxx8jJQVYUqbcVsfnyfBxx9f5Wfc3Rf8MCi663R71FB9RXDc4ENzx94vGUbzDZTMreSy9G4gHqeEiSaubNPh,423634085,1780333648,"{""InstructionError"": [4, {""Custom"": 7}]}",0,
B1C2xfcUajAAU8n3zfuXqXvvALRw8cB5sPzNB5ktpump,3f73DoxY3GhZyV589Hy1VkKN6rZmgmXMmRHQFjVrh8GqHkgoeuf5SdMEhvRJvKtqv4q5G6KxE2XSiGLB8HkMYt72,423634085,1780333648,"{""InstructionError"": [3, {""Custom"": 6005}]}",0,
B1C2xfcUajAAU8n3zfuXqXvvALRw8cB5sPzNB5ktpump,58DgC4dJXrgMXj2dXb3MsnnUvjmheNSRf95JmKuFe6LbU74PGL5hnh9FxhdYjkkiS1322NmBskPgfG8Dh17xxHqX,423634085,1780333648,"{""InstructionError"": [3, {""Custom"": 6005}]}",0,
B1C2xfcUajAAU8n3zfuXqXvvALRw8cB5sPzNB5ktpump,4Wc65FbfYnycebiHTTrrDyAEm7S8F4vTgCy42RgeaccbEZmgp2ThksXBZr3BNVvuj3ZXaFgh2TLxN7VbfnNr7HG6,423634085,1780333648,"{""InstructionError"": [2, {""Custom"": 7002}]}",0,
B1C2xfcUajAAU8n3zfuXqXvvALRw8cB5sPzNB5ktpump,fa5d4924CdViPoeQjuT1Ee8h9HWfiMjxWAA5ur98qLT9vwp26Gfx32mbFohJpcjrRmgMMoLUNNttFa3ivYEsmh1,423634085,1780333648,"{""InstructionError"": [3, {""Custom"": 6005}]}",0,
B1C2xfcUajAAU8n3zfuXqXvvALRw8cB5sPzNB5ktpump,5qcW9jW35Mvin84yYUHkf5mnztDW7xVAkVv8sEY37hLcDKD71R2w3tCZ9fHWEjsCTJTrfoaew2GAmBcdTcdRHAis,423634085,1780333648,"{""InstructionError"": [3, {""Custom"": 6005}]}",0,
B1C2xfcUajAAU8n3zfuXqXvvALRw8cB5sPzNB5ktpump,5B229ax9dq6BxqpUt6RfBWTSn6wZnRiPhWBQdKyA5i7si7A563xGyUhcb9gi43fcz3pmYDL7iU53b9uUSNLCJvxc,423634085,1780333648,"{""InstructionError"": [3, {""Custom"": 6005}]}",0,
B1C2xfcUajAAU8n3zfuXqXvvALRw8cB5sPzNB5ktpump,2qXz4UqTcV65mUL9eB3xWoG6ArTXJtFunq2YpyUjRvPvoisZEaLie8Wwo6ZE9cEjk1MhgVpiF7FV4MZdbY7M53Fw,423634085,1780333648,"{""InstructionError"": [3, {""Custom"": 6005}]}",0,
B1C2xfcUajAAU8n3zfuXqXvvALRw8cB5sPzNB5ktpump,657WNQjBuPwWVWNGKr5iRPSdqaNRc1dGhM6xoCMg6MF4JTTTjhpBo6kftYUTLFkzMjz352Aju4jMfi9aqYqSZpqv,423634086,1780333648,"{""InstructionError"": [2, {""Custom"": 6000}]}",0,
B1C2xfcUajAAU8n3zfuXqXvvALRw8cB5sPzNB5ktpump,CZeTyW1adTbK7v17R4LMi7rzRrdgX4eiTadAXwmAfhfLjKjzsVcgKtw7sfQdSXXrhkibgCML54YrXEpr1o74BC9,423634086,1780333648,"{""InstructionError"": [3, {""Custom"": 6005}]}",0,
B1C2xfcUajAAU8n3zfuXqXvvALRw8cB5sPzNB5ktpump,3XtZERUyxNPAGvHQrr6nWBaymCmVXhjTr6opwBxXp9DjMJ1oaMXvxRo3DcsUReBvuqCVG2BcaxVubeXP9hScqJLA,423634086,1780333648,"{""InstructionError"": [3, {""Custom"": 6005}]}",0,
B1C2xfcUajAAU8n3zfuXqXvvALRw8cB5sPzNB5ktpump,2c3iNSSaat1B545Qg2fee7TmMG8yxaWZ1Hpr2EDhHgxctvgqXvw4MRnbz8cDPqXtkMVyj2VhH6JNp9Ekr2GUg34k,423634086,1780333648,"{""InstructionError"": [3, {""Custom"": 6005}]}",0,
B1C2xfcUajAAU8n3zfuXqXvvALRw8cB5sPzNB5ktpump,556uwrPwC2x9fvhsWW2PbFWTbXdbkisWk9yk2AmwsWdMw2mpp1r7okUjxPZJwyZs4Dkh5CxA3x4EZS7gYFiBmA8F,423634086,1780333648,"{""InstructionError"": [3, {""Custom"": 6005}]}",0,
B1C2xfcUajAAU8n3zfuXqXvvALRw8cB5sPzNB5ktpump,5x613X4XrrAKNEsikoFQ8TrwwaVRJRN9zhvyBskidpHfapHmz6mLzwVzMeoERf2SVhEB6khnCHFMhbPWLciyEEkH,423634086,1780333648,"{""InstructionError"": [3, {""Custom"": 6005}]}",0,
B1C2xfcUajAAU8n3zfuXqXvvALRw8cB5sPzNB5ktpump,1C9QE7QinB8RMHqqeEsM7Ps6y31GFXu167w8rmzyjTtShYKVDyNaDwEJTLsK8gjzHVs1Ysc8iexEUsKAr5Uu19c,423634086,1780333648,"{""InstructionError"": [3, {""Custom"": 6005}]}",0,
B1C2xfcUajAAU8n3zfuXqXvvALRw8cB5sPzNB5ktpump,cj4QCMT7dBP8sKRkz6RdqoXEQPLE2Kwh1SJNrZUrFVpWZbp54HHtxccjzsUvfXhwExLX2W1xFpavetwjuicKjRB,423634086,1780333648,"{""InstructionError"": [3, {""Custom"": 6005}]}",0,
B1C2xfcUajAAU8n3zfuXqXvvALRw8cB5sPzNB5ktpump,659UgDZkyaLWdBzTSJaHWTfWCXVVPEDFhMF5kYouvJcfuEXqP8Ha2PxUmxB7uHZTfgm6pcc82NPsWyb6mYCv7Xc9,423634086,1780333648,"{""InstructionError"": [3, {""Custom"": 6005}]}",0,
B1C2xfcUajAAU8n3zfuXqXvvALRw8cB5sPzNB5ktpump,3vAJnTYnJM2EL3RVYiVcRZkzmpb4Wcy9PH7y9ookSCVamLNLpRSKrvYcjroPQzyGVFc6wzh5Rdu6As6zohLmnQr3,423634086,1780333648,"{""InstructionError"": [3, {""Custom"": 6005}]}",0,
B1C2xfcUajAAU8n3zfuXqXvvALRw8cB5sPzNB5ktpump,289nSG8Uqk6eaFHvdf2ba35zMeV8EKxwBrUzkxo3VS4W19udwBiMqpuTTh9iy6YL5EjqaXLcSpw9YjHDr6dperrP,423634086,1780333648,"{""InstructionError"": [2, {""Custom"": 6000}]}",0,
B1C2xfcUajAAU8n3zfuXqXvvALRw8cB5sPzNB5ktpump,63qUn11KZHQUUagW6SQQ1y889sZCJVpwyK9imqTiTWbGxMqqdSNuCjpMoGq95cEZuj1kDU7EMrwp8YPCeD5mcqmM,423634086,1780333648,"{""InstructionError"": [3, {""Custom"": 6005}]}",0,
B1C2xfcUajAAU8n3zfuXqXvvALRw8cB5sPzNB5ktpump,gkJxEMqcUpxMEMjkHkgVTXUCQGxmdiVMHkoowgHdWNsJ6n7Rdp15Vd1GKsbUU8tyoqm6UHKJjpnXxUkYc9MA5es,423634086,1780333648,"{""InstructionError"": [3, {""Custom"": 6005}]}",0,
B1C2xfcUajAAU8n3zfuXqXvvALRw8cB5sPzNB5ktpump,4DVXGsQ8aYrL2YEYRTQPcEfEWc8AYhrbmtNgneb4QMnJjrRD8nxBbwQJoaTvudxkof6s4XGDgY3FjiV5yBMj5r51,423634086,1780333648,"{""InstructionError"": [3, {""Custom"": 6005}]}",0,
B1C2xfcUajAAU8n3zfuXqXvvALRw8cB5sPzNB5ktpump,wTXM6PpvWtLnmprf9TF52rMN8Sb1GeSzXYvtZebAeGuyeDBX88ThPETwuSyivK9dAmuY4jiQZKNAp9bonYUDhn8,423634086,1780333648,"{""InstructionError"": [2, {""Custom"": 6000}]}",0,
B1C2xfcUajAAU8n3zfuXqXvvALRw8cB5sPzNB5ktpump,3LVwsyW7WrmytRGRT6qagbiuCAk8FQS4hQcduqwtYygnnPgzBKmo91umd1R8utQoZTxYLirDGT7L3vf8Vy34oEon,423634086,1780333648,"{""InstructionError"": [3, {""Custom"": 6005}]}",0,
B1C2xfcUajAAU8n3zfuXqXvvALRw8cB5sPzNB5ktpump,5fWR25LT5xG9JnbCeo1zoKF1Y74bQpLVWzYep6JYjrWraA9RFW6bum1jUjE5njrJW6CM7o7mwxjWHEnUmuEJDTs2,423634086,1780333648,"{""InstructionError"": [3, {""Custom"": 6005}]}",0,
B1C2xfcUajAAU8n3zfuXqXvvALRw8cB5sPzNB5ktpump,pDLMWF7W2RzqmVwsJbCpZJEK2K9YHS3K6ApXGsRDhpG7ePT8nKqy8N9ZRvYX7kxjSeMvrVmJTx34fnm41uwrrzr,423634086,1780333648,"{""InstructionError"": [2, {""Custom"": 6000}]}",0,
B1C2xfcUajAAU8n3zfuXqXvvALRw8cB5sPzNB5ktpump,25AA9KjKhccKzQf6aydk62uv5g4B2qdiCBkxcQ5GDLreBhwAPHg7GXXDZE27bxT7BJAnJ58GXcdvZmMr5hNENneP,423634086,1780333648,"{""InstructionError"": [0, {""Custom"": 6005}]}",0,
B1C2xfcUajAAU8n3zfuXqXvvALRw8cB5sPzNB5ktpump,7QCBPQMRMTbG9EGEZAXEHc8aibvB9GrTtPezQVyx4eQFxfRFRAGjFrkgFTxHVKAdCVxs9UjbDf5owcuQKhDeapv,423634086,1780333648,"{""InstructionError"": [0, {""Custom"": 6005}]}",0,
B1C2xfcUajAAU8n3zfuXqXvvALRw8cB5sPzNB5ktpump,2sgWybtE9uorR7crnpZTTtYcnB5NxMhWZ2uM8g2BudWAPeJhVCpjKTskErL5uN2z3s9wHoTNU5JXCapYSNTg8G2q,423634086,1780333648,"{""InstructionError"": [2, {""Custom"": 6000}]}",0,
B1C2xfcUajAAU8n3zfuXqXvvALRw8cB5sPzNB5ktpump,48RXNEwz5c5jgJKm9vfKiciTXg5QrmiaxwmPc1xVEUNAnJQzeTJAjXd5CvFpaFd9UxSEyW1bLdU7DCW1NUwRxGfq,423634086,1780333648,"{""InstructionError"": [3, {""Custom"": 6005}]}",0,
B1C2xfcUajAAU8n3zfuXqXvvALRw8cB5sPzNB5ktpump,3JA4pMi1E5SQRAcjqb7CHuxxzgptJ7H8phQTZ4uEYBW3vka6kxLyHpGwhRirnaTFeJu1jRecGgfQhz41PGehRb1S,423634086,1780333648,"{""InstructionError"": [3, {""Custom"": 6005}]}",0,
B1C2xfcUajAAU8n3zfuXqXvvALRw8cB5sPzNB5ktpump,384PNMDNFPZedQCEC4PXNAM4mCjesbVWAhPX5aWvX3ZV5ZEsaPrwPH14NDekaEDyvxk8XjoqySMYfHJas2Rm455N,423634087,1780333649,"{""InstructionError"": [0, {""Custom"": 6005}]}",0,
B1C2xfcUajAAU8n3zfuXqXvvALRw8cB5sPzNB5ktpump,2gLFTVxU23c32zKN1gBPDktV8XVcB248ejtKU451tCEQ5D9LaP26yzpk4hpMKw1RPbn6PUWJG54hPFAqXEuXgy7D,423634087,1780333649,"{""InstructionError"": [3, {""Custom"": 6005}]}",0,
B1C2xfcUajAAU8n3zfuXqXvvALRw8cB5sPzNB5ktpump,5USzGmVkXUA7Bhe4ktiQDjtaT4gLuzKu6oyxkqs9aScwqW5gA4nvmdemop9AvcyaYp7ae9c7hqcPYgNMDuTJE7Dd,423634087,1780333649,"{""InstructionError"": [4, {""Custom"": 103}]}",1,SellEvent:0
B1C2xfcUajAAU8n3zfuXqXvvALRw8cB5sPzNB5ktpump,5y6eWsi79dEg4yc5hV4Hdx1aU1FeC88MwPMGAp7XEJ3ryPPEDHciam5dpw2u3Ds8QSCMsncKJ3Tn9uvLruZmCbAz,423634087,1780333649,"{""InstructionError"": [3, {""Custom"": 6005}]}",0,
B1C2xfcUajAAU8n3zfuXqXvvALRw8cB5sPzNB5ktpump,3DZmFiemzQjJ9HMvAnrS2tNwqzNRfW47Ws7mduvEwh5VaA6qM3QkNRYhLzvhx947Ymrm5Q76m3zs8bEvAaKXYXmd,423634087,1780333649,"{""InstructionError"": [3, {""Custom"": 6005}]}",0,
B1C2xfcUajAAU8n3zfuXqXvvALRw8cB5sPzNB5ktpump,ndPoYysq5qmdM4Cen7A4xH8gR2xg6iMqb78fiF9AZPdifdQkGLJ1FHoyEA6oZDuKwU52aifYBwpkBmGXEVndsHw,423634087,1780333649,"{""InstructionError"": [3, {""Custom"": 6005}]}",0,
B1C2xfcUajAAU8n3zfuXqXvvALRw8cB5sPzNB5ktpump,5JL3FjF573h6Nwm6PEXk92TGrNdUwMR2ztoMJ3UdftmcKwWHkAwXcHUMPhp53s5i5F8euTAa55EtN3Dx3mLaKAEB,423634087,1780333649,"{""InstructionError"": [3, {""Custom"": 6005}]}",0,
B1C2xfcUajAAU8n3zfuXqXvvALRw8cB5sPzNB5ktpump,5WmdGgcpprh4hSkTu6spDSV65iCojqS4ZPPfuuLQNHkZWroj1TtQRUBNNUpTG8WDBWy2egQxDUZjJ5iHDNeT5kVB,423634087,1780333649,"{""InstructionError"": [3, {""Custom"": 6005}]}",0,
B1C2xfcUajAAU8n3zfuXqXvvALRw8cB5sPzNB5ktpump,121iDUDuwksdFomUyeHwY8ouxG4SrbQLQY58kt7Mz9aiJ6M7Z6QQi5bPtD4nuzuHpDnAnmLXpNJULjw74tkebKWt,423634087,1780333649,"{""InstructionError"": [2, {""Custom"": 7002}]}",0,
B1C2xfcUajAAU8n3zfuXqXvvALRw8cB5sPzNB5ktpump,2YLtTz5YwC1AYnnEYkkyiUz79tyuVQt7RM6FFmqzerLtLEhhVYm6EJdGdsMpv71pNtT4QRGx3vJmNkVrcx8eB97A,423634087,1780333649,"{""InstructionError"": [3, {""Custom"": 6005}]}",0,
B1C2xfcUajAAU8n3zfuXqXvvALRw8cB5sPzNB5ktpump,HnTHU4jcCEA1A7GxcJ8CoADfCCrTk2ot3FEQuBwrTaM8M8qGaxB7xcG4bU3utwsz88vxehF8VHNeeLhhd6vby79,423634087,1780333649,"{""InstructionError"": [2, {""Custom"": 6000}]}",0,
B1C2xfcUajAAU8n3zfuXqXvvALRw8cB5sPzNB5ktpump,ZVePCt8CoVuiVoJL61ZnQ9o16iRAkhpXtxBCsrzvLNhnQ9C9iqVHSgiVPpwWdwPxuJigooXnaPcS5HnJNiVQD8B,423634087,1780333649,"{""InstructionError"": [3, {""Custom"": 6005}]}",0,
B1C2xfcUajAAU8n3zfuXqXvvALRw8cB5sPzNB5ktpump,3UWFqhvRT3Jdzz1wbK16ooVQzfNg5uWpjJMAVpuNToeBYZm7MmMhydtAPSCcXHPAeGo3ZfdTr9ZM6Y8rGXBXDbQ4,423634087,1780333649,"{""InstructionError"": [3, {""Custom"": 6005}]}",0,
B1C2xfcUajAAU8n3zfuXqXvvALRw8cB5sPzNB5ktpump,5o99iZs3pPUoHKKDWnfvf55qN58dwDPgr9Bb8FTfi6DHkaBhCSZft7cuAkYBF2siKYMjNGYfiMWcLUpuVkZ2r22n,423634087,1780333649,"{""InstructionError"": [3, {""Custom"": 6005}]}",0,
B1C2xfcUajAAU8n3zfuXqXvvALRw8cB5sPzNB5ktpump,2ZmkMYhm98DnYpvJptdKKYMQUdcGvdVo8WZjAdpBfTJX638wRHQT11LSxTDjaZgNz9aPM61gaCuQVFRzd2fPCAfE,423634087,1780333649,"{""InstructionError"": [3, {""Custom"": 6005}]}",0,
B1C2xfcUajAAU8n3zfuXqXvvALRw8cB5sPzNB5ktpump,BngGoELqCMPuJVQJ1qLFpxMmpmFvPmYnu38NCpADBRv5SV4QjehM2r3CtfqDA8AMHLzBRYKg4KFAL6XgS2DKbnV,423634087,1780333649,"{""InstructionError"": [3, {""Custom"": 6005}]}",0,
B1C2xfcUajAAU8n3zfuXqXvvALRw8cB5sPzNB5ktpump,cmkzcDkxE59sNt8docLsxZU9M3DQooTkK1GkdiD5C3viQt22DRduXzHFK6dpea9ZbBxbUzVXdXNqsT85XRVm7PS,423634087,1780333649,"{""InstructionError"": [3, {""Custom"": 6005}]}",0,
B1C2xfcUajAAU8n3zfuXqXvvALRw8cB5sPzNB5ktpump,5xtUVV6ejYFZCJLudkztFfzEsvMKMP4yUQBsCY63WAtdM5bYR46e8DZntVJBXX2e6JxRKEPEoHz772h4T12mkJCM,423634087,1780333649,"{""InstructionError"": [3, {""Custom"": 6005}]}",0,
B1C2xfcUajAAU8n3zfuXqXvvALRw8cB5sPzNB5ktpump,uHvbVsytscgRjjCJ9d45wzP1uqokwbAVwPKJ7xGsiuRAAcdrbLPWMTdWPY6nt6wv3pxXA2HQhiM9aBbtrppfpR4,423634087,1780333649,"{""InstructionError"": [3, {""Custom"": 6005}]}",0,
B1C2xfcUajAAU8n3zfuXqXvvALRw8cB5sPzNB5ktpump,2zeJkY8MZpiZ6ypTBXwHqaQ3JHHA7fKhJbtjvyTacMXQLVZSd5dzq95ihkEKubano7Uj9rf63TqJxLqiNR3v92aZ,423634087,1780333649,"{""InstructionError"": [3, {""Custom"": 6005}]}",0,
B1C2xfcUajAAU8n3zfuXqXvvALRw8cB5sPzNB5ktpump,3BfqrbKsu1fvnhSt7yB8DXpxdmFxUuERCHhs6zPRomyeCS6o63bkU9tT9vFYGxmcpERhzjNN595DAcpXQhT4TYWN,423634087,1780333649,"{""InstructionError"": [3, {""Custom"": 6005}]}",0,
B1C2xfcUajAAU8n3zfuXqXvvALRw8cB5sPzNB5ktpump,2ZNwhy4WGUxF8DCnqRmYAkWD5ac5i95y3z1RLkz5YBXSnwhvV5o77as3tEs8whfon4EJgqhHSdQXQgexTxu5yZZ5,423634087,1780333649,"{""InstructionError"": [3, {""Custom"": 6005}]}",0,
B1C2xfcUajAAU8n3zfuXqXvvALRw8cB5sPzNB5ktpump,wvEXsvCfP3RyZVwGP557iyf6J7HZQey1oKtJDP6PjfqaZu2ScWvBdEpRBouKtGYM5WjjsZeymQnaYtse9FdgzVK,423634087,1780333649,"{""InstructionError"": [3, {""Custom"": 6005}]}",0,
B1C2xfcUajAAU8n3zfuXqXvvALRw8cB5sPzNB5ktpump,hZZvpyQ5CpdXBxwC8NTchQ6Z2xrmSw7VJo1aWXGQDTyV3H2TagB7Lfs93q6TeNzeL3W16EA5wFsueTVTVtBrNuc,423634087,1780333649,"{""InstructionError"": [3, {""Custom"": 6005}]}",0,
B1C2xfcUajAAU8n3zfuXqXvvALRw8cB5sPzNB5ktpump,JBRCetFfQXB1HPeFkfZNa4f9GUM9Kq2dxVGHvhcgA787dddVxccShAhHqmBbXbMtC6zPT1oX1VfFXc3DwNW3G1m,423634087,1780333649,"{""InstructionError"": [4, {""Custom"": 100}]}",0,
B1C2xfcUajAAU8n3zfuXqXvvALRw8cB5sPzNB5ktpump,DGjcpzDTZ5NqpAzcZJ5RKSKWnQeiuzX9D7QtGM1LaAwL3eXh6sskNK2rLrDgHtkGRL78y7S7nus3gMABUhz2fhg,423634088,1780333649,"{""InstructionError"": [3, {""Custom"": 6005}]}",0,
B1C2xfcUajAAU8n3zfuXqXvvALRw8cB5sPzNB5ktpump,4Yzkj1JZ2dubZaJQjVUY2qv9hFkpayC9br1QXvPsU9JJkiCvjMYzKmWQhcwqpAskMkpd4tXEthZfnEPErei6t3vJ,423634088,1780333649,"{""InstructionError"": [3, {""Custom"": 6005}]}",0,
B1C2xfcUajAAU8n3zfuXqXvvALRw8cB5sPzNB5ktpump,MTLTohzw6ni8tbJi7hWefksrmPJ64osuFE4MPpVqVK7v7URZaQMEvHCGWLqbgR7civpnR1R2VYRDm4BoEkrcayE,423634088,1780333649,"{""InstructionError"": [3, {""Custom"": 6005}]}",0,
B1C2xfcUajAAU8n3zfuXqXvvALRw8cB5sPzNB5ktpump,4zovQDnpzQDJXyzLfFnxck3TPQqdZAcuYonkcFbs4TG1qK1xpXsXbqvjpYwPnVvHNvudt32VkqtDPxEKoGwWUEy4,423634088,1780333649,"{""InstructionError"": [3, {""Custom"": 6005}]}",0,
B1C2xfcUajAAU8n3zfuXqXvvALRw8cB5sPzNB5ktpump,4Q1hdgdKzLz3PT3hz2VTNKnWNQgdrMvLEiVsozQDn9rnNGoepfqMczcQQ25munS7UaCBpGJg8D7fjg34dcpMzfLK,423634088,1780333649,"{""InstructionError"": [3, {""Custom"": 6005}]}",0,
B1C2xfcUajAAU8n3zfuXqXvvALRw8cB5sPzNB5ktpump,3gL3ZnbKuiZW3KquyKLrK4cqMfKTYmboHo3skC82daUVbCSHBNvkWzysyciKAEPFhNTTsX2zougZodTrQF1UxSdE,423634088,1780333649,"{""InstructionError"": [4, {""Custom"": 103}]}",1,BuyEvent:488986666
B1C2xfcUajAAU8n3zfuXqXvvALRw8cB5sPzNB5ktpump,4y61aST9oqP3u4deozLeMAoRUYKVmXr8CA5oNd7cptNBJjS4CacSH9YSBzeFW6JKXsZAwyB3gfGwJWpce3zkof6M,423634088,1780333649,"{""InstructionError"": [3, {""Custom"": 6005}]}",0,
B1C2xfcUajAAU8n3zfuXqXvvALRw8cB5sPzNB5ktpump,2p2t5WnyRSC4mWzzrJZJfxDXRwHjvTUUXy7DKahKw7ARYAMLYyd5AD4rYnvaWGEomgQz698xenUw3fVkYvATetA5,423634088,1780333649,"{""InstructionError"": [3, {""Custom"": 6005}]}",0,
B1C2xfcUajAAU8n3zfuXqXvvALRw8cB5sPzNB5ktpump,5bfnGpapiUsHNBmeuAXhM94QmBcwbkmuZDZfpJrCWMB7F6Gk5zwpnEYh8D6oXq1ckc4tJbeJGvGooAAFBx1XMVnm,423634088,1780333649,"{""InstructionError"": [4, {""Custom"": 103}]}",1,BuyEvent:195594666
B1C2xfcUajAAU8n3zfuXqXvvALRw8cB5sPzNB5ktpump,5nWPRTUTQ5VRPfXvaSaZa5dKko2ySykQA8m1D5Kpijpw3BwzQL3RNARtKg157DecBtS3NwugNFJhkU8gDGhejuKC,423634088,1780333649,"{""InstructionError"": [3, {""Custom"": 6005}]}",0,
B1C2xfcUajAAU8n3zfuXqXvvALRw8cB5sPzNB5ktpump,4ZqyrBKsT7XQbgTK4MYzdjDdjzZjK1xRm9vcq5DzN7ousrvfsaMFanjdwV3bX578jqaCWYo2U9yubv1MXLgSjJ76,423634088,1780333649,"{""InstructionError"": [3, {""Custom"": 6005}]}",0,
B1C2xfcUajAAU8n3zfuXqXvvALRw8cB5sPzNB5ktpump,4XyNMC9gRByV5iq8SxqiyyfeRxVv9bZQHpv8hDYXKpYxyNFUnPGkcgA4cAHjutEr7of17sdzS8pkzMtg1zTVFfQC,423634088,1780333649,"{""InstructionError"": [2, {""Custom"": 6000}]}",0,
B1C2xfcUajAAU8n3zfuXqXvvALRw8cB5sPzNB5ktpump,3y5iTK4P1ZA7wrMp2gpX1zeAquZhs8GaeLiGDxh8pE4RLrHYaUW9YXTXsFxNXL6p6rGtxLYpSbZSz5SNi1RSNMg4,423634088,1780333649,"{""InstructionError"": [2, {""Custom"": 7002}]}",0,
B1C2xfcUajAAU8n3zfuXqXvvALRw8cB5sPzNB5ktpump,4jH3HAN6Bc9xucKqnFECA9PBQkKMTAwfz532t9jwNu1CV7Tw3KKm7DCHsL11arvjGp54FFgQFQQnQB1QRf8AqDsR,423634088,1780333649,"{""InstructionError"": [4, {""Custom"": 100}]}",0,
B1C2xfcUajAAU8n3zfuXqXvvALRw8cB5sPzNB5ktpump,43Wcdt7duBA2yuYJ4KEMGxgSZpFH2uyyaFMn9DqKGJGvVcc29QPhD8MDKkRHaEknGKs82kjJcZp6kFUkfp12Peev,423634088,1780333649,"{""InstructionError"": [3, {""Custom"": 6005}]}",0,
B1C2xfcUajAAU8n3zfuXqXvvALRw8cB5sPzNB5ktpump,2eyC2zmWJ4XdKbuoSGURQFxkr1baX3ZBSPLKEzEh678jGLAAsY3XmyNAZ2uVMHRV9AxqUqHYugZJgsHXwsRhMWNC,423634088,1780333649,"{""InstructionError"": [3, {""Custom"": 6005}]}",0,
B1C2xfcUajAAU8n3zfuXqXvvALRw8cB5sPzNB5ktpump,3DBzp1MggAMAhMAMJHb5zGkNjz9aiyJTA1bcbaq38LP3A54VKP9RQHXaEmVWk9mH4jd1BtCQZZHYrRNFs3o4Q2pp,423634088,1780333649,"{""InstructionError"": [4, {""Custom"": 6004}]}",0,
B1C2xfcUajAAU8n3zfuXqXvvALRw8cB5sPzNB5ktpump,4wxm8N5Aj8cMyp4djSodREQUKBA2WaA8LcC2GW9JxMncG8cdW6wvnWxbadp2yFomhxJEkMEFoKDzhGanv3AXJF9X,423634088,1780333649,"{""InstructionError"": [3, {""Custom"": 103}]}",1,BuyEvent:97797332
B1C2xfcUajAAU8n3zfuXqXvvALRw8cB5sPzNB5ktpump,4hCcbWmfnqWFsxonNLUpFgatdDzgEuGYeMBDjjUgsaG3i4dXFyk1BpzeP1vJJVVV1yoKLw1BSDJFYUBLfFeoXhQ1,423634088,1780333649,"{""InstructionError"": [3, {""Custom"": 6005}]}",0,
B1C2xfcUajAAU8n3zfuXqXvvALRw8cB5sPzNB5ktpump,2ytVfMSReRHNWxgnbM2b5F6Mr9i9prseESHGdakvdX5nmGrY4CxHtpmRuX4rUz7zjHPCy7btcauDNXUicKdM8c6X,423634088,1780333649,"{""InstructionError"": [3, {""Custom"": 6005}]}",0,
B1C2xfcUajAAU8n3zfuXqXvvALRw8cB5sPzNB5ktpump,DcQ6YiTSYVdg4sw2RcdnZFBvdc3vpeCo7b8avbCknLhLR6fMrNKuZhcBjfyc1Ynfj2Vp7vRAt6WnknN6ZfFXHTP,423634088,1780333649,"{""InstructionError"": [3, {""Custom"": 6005}]}",0,
B1C2xfcUajAAU8n3zfuXqXvvALRw8cB5sPzNB5ktpump,5nQZ98CiDKKsYF7wSJHUDy6hQHpCLxsyAAPBgcHUd5PTx4W737jgsZM1Cg39ewLxqgVEKvBxGtLcvFvseM9gghdt,423634088,1780333649,"{""InstructionError"": [3, {""Custom"": 6005}]}",0,
B1C2xfcUajAAU8n3zfuXqXvvALRw8cB5sPzNB5ktpump,45d1YVas3febFKKzfeYs2cJ9YQ5PL5xRCSWu1p4mJkcUapyAEuvtfGbXahQvspkWfQGn2eMtN3TvPFNcfNt2JVw2,423634088,1780333649,"{""InstructionError"": [3, {""Custom"": 6005}]}",0,
B1C2xfcUajAAU8n3zfuXqXvvALRw8cB5sPzNB5ktpump,zHhX55K2wg8idCscpQiGxRbD4qAZcQQ8MfBW9w3hbkhNGe9jTtYfXgaNX8gzgSj9Hyu2YLswwzfSyMvF3pbhwKP,423634088,1780333649,"{""InstructionError"": [3, {""Custom"": 6005}]}",0,
B1C2xfcUajAAU8n3zfuXqXvvALRw8cB5sPzNB5ktpump,odsSSbj8S6c7U9JxoLe1UgnvSDK5wqdjN8VHZDt6nGr53Sdh3epPx9G8YC8Upx4bu9XMVNb5qzUF8TAhEn4AmJ7,423634089,1780333649,"{""InstructionError"": [2, {""Custom"": 6000}]}",0,
B1C2xfcUajAAU8n3zfuXqXvvALRw8cB5sPzNB5ktpump,4F14gt5Bb3uYaHxNtpo75jR7CGFPJ7Hn5BsdhNzJecHEcPviMrqkU2vUJHSeEcpnR2hSzMJFEpYCm3NwnK3zAGy9,423634089,1780333649,"{""InstructionError"": [3, {""Custom"": 6005}]}",0,
B1C2xfcUajAAU8n3zfuXqXvvALRw8cB5sPzNB5ktpump,36CDaGCAykoMJExhV9RomTDjyxQwcvie2vxUo16v4butpXfZsx4E4fphwq9gccVneYHMEY2qS8R4aJGMK5nFTzXa,423634089,1780333649,"{""InstructionError"": [3, {""Custom"": 6005}]}",0,
B1C2xfcUajAAU8n3zfuXqXvvALRw8cB5sPzNB5ktpump,5UgTcs8mDTef473ZREP1xTT9pyqAs3rcDx3GCLa9gDD2hsX1wViXwMbVhgNJbdgD8vRpYZNJ3TCW87nUuyqXNxr9,423634089,1780333649,"{""InstructionError"": [3, {""Custom"": 6005}]}",0,
B1C2xfcUajAAU8n3zfuXqXvvALRw8cB5sPzNB5ktpump,5dAiDjXwaBPp1YrBDpEt1d8iGwDWVGnUXaz9qEYvLtFdrNfZAtj7A8MMqoFv3XmcApsJoKng8QERRuF9w8A6owCE,423634089,1780333649,"{""InstructionError"": [3, {""Custom"": 6005}]}",0,
B1C2xfcUajAAU8n3zfuXqXvvALRw8cB5sPzNB5ktpump,DwJY1VnCUiCnhQy1Ngmigv5NvTx5UZLJG6RdsgfGm3bVd2z2JnH83EynyepnNoFXs5KRvZ51HqU7seZHH2WtKcc,423634089,1780333649,"{""InstructionError"": [3, {""Custom"": 6005}]}",0,
B1C2xfcUajAAU8n3zfuXqXvvALRw8cB5sPzNB5ktpump,4DG2F6on3oaEychLSbQVQgr19MybwvLUr7ZZnG3tUBgKtsW7zpNDgz8E2couLJDmg73sCgSHY2dcynWDW5KrqjDR,423634089,1780333649,"{""InstructionError"": [4, {""Custom"": 6004}]}",0,
B1C2xfcUajAAU8n3zfuXqXvvALRw8cB5sPzNB5ktpump,5vrp6wrNTx7eTtc9RCXDCKTvicYGNee6qbGBNKibSV2N7s2aL7bkX7Lf9m4zZr9k1e3AfDtFSNDU37dW8cZEuNq1,423634089,1780333649,"{""InstructionError"": [3, {""Custom"": 6005}]}",0,
B1C2xfcUajAAU8n3zfuXqXvvALRw8cB5sPzNB5ktpump,oU1tMVQhUkBNWrLyfHWyPgsLDzSNfWAFgFTBVPtkUxAUzV81h8UFDbBC85xDtFGYMeDyW1An4JR6C7stDCUU8SZ,423634089,1780333649,"{""InstructionError"": [3, {""Custom"": 6005}]}",0,
B1C2xfcUajAAU8n3zfuXqXvvALRw8cB5sPzNB5ktpump,4qF6xfsvyUmY6xtmNVHayT8sieF4xekCCsinc9qbogJ6tcuFEBrZEnmCbCEv3oLdJ21oYunoaUeLAztMtLRxHnGd,423634089,1780333649,"{""InstructionError"": [3, {""Custom"": 6005}]}",0,
B1C2xfcUajAAU8n3zfuXqXvvALRw8cB5sPzNB5ktpump,4pr44UR3SS1PgkwLi1v9Cbr4vM7qFpzJZcW7FGa7YE57MQ3M6nmFuYFa9qFN6d7nCjnH5SCXV9JPmFPPRtYrh78h,423634089,1780333649,"{""InstructionError"": [3, {""Custom"": 6005}]}",0,
B1C2xfcUajAAU8n3zfuXqXvvALRw8cB5sPzNB5ktpump,3oMJwGNvjRSxa2w8x43cVgEsQgWPk7NpMM77AwZyScHF7rezRgm5D6yV1DK3PmdQvnzW4Uwhcgu3ZsSYhz9RJWxM,423634089,1780333649,"{""InstructionError"": [3, {""Custom"": 6005}]}",0,
B1C2xfcUajAAU8n3zfuXqXvvALRw8cB5sPzNB5ktpump,4zne5mGnnUotf6f5DeD9etXAFegPdRwpXCVCj3AfKgmTN1ZkbQt7VyYRyAy4ULVLQHCATgVL7NWL8iHYkFK9ZiRH,423634089,1780333649,"{""InstructionError"": [3, {""Custom"": 6005}]}",0,
B1C2xfcUajAAU8n3zfuXqXvvALRw8cB5sPzNB5ktpump,47W9swpVc7cV4SCy8hNqKLqBq1yzZvMixuE1Aau3H36HLr5hWXg9XjU9QMiKuSrcoQo2rphtonMFeh193EfVF9kx,423634089,1780333649,"{""InstructionError"": [3, {""Custom"": 6005}]}",0,
B1C2xfcUajAAU8n3zfuXqXvvALRw8cB5sPzNB5ktpump,4kw72mnPLCj44mgwcReFy2nxWsG6Ddkk4UoKFmpcXtTFTpkrnj6hVMGsPUFt1oyozCfsPycSRWuJyp7CTyC7dHyw,423634089,1780333649,"{""InstructionError"": [3, {""Custom"": 6005}]}",0,
B1C2xfcUajAAU8n3zfuXqXvvALRw8cB5sPzNB5ktpump,62H1PquQyjFU42feaCMr3SytiGAALXwy9FtGpCu7YN9RwrXvJDwXP72fqzj3nbCABcVMdNG4h4butyNAdGjL9JrU,423634089,1780333649,"{""InstructionError"": [3, {""Custom"": 6005}]}",0,
B1C2xfcUajAAU8n3zfuXqXvvALRw8cB5sPzNB5ktpump,36PQLSsDCpg41nbvcUxMwkwAYa4B1yK3UcEfo8qzQ6H82Pgai59DWAxbujMSCCJFAhq8y781HCuCoqaLfaCrGa9K,423634089,1780333649,"{""InstructionError"": [3, {""Custom"": 6005}]}",0,
B1C2xfcUajAAU8n3zfuXqXvvALRw8cB5sPzNB5ktpump,3WDe5bsnU1eeo8cxgyAVHTWNdaTYaYQfgRWSum1ZTPakAxyrzq4dyKKaV6sMJb8xWf6m4D7dir7ZpZBf76ivQaCT,423634089,1780333649,"{""InstructionError"": [2, {""Custom"": 7002}]}",0,
B1C2xfcUajAAU8n3zfuXqXvvALRw8cB5sPzNB5ktpump,3v48UNDCnD8ZMvEseq1tybGdn3bHciwbvF7Mgu89aagCGmSehpvxcy67Pw2FhLphuPgkUQqxnUX5FbDAFsGfiSuR,423634090,1780333650,"{""InstructionError"": [3, {""Custom"": 100}]}",0,
B1C2xfcUajAAU8n3zfuXqXvvALRw8cB5sPzNB5ktpump,kU7CGcFZevGeB6AkoAyc6k88SzJcqYhXhLSVVr1Gd6xDYXJo99puR5w3sQNaqQwAm4JqAJLYKCHmh8xDoAC2iUf,423634090,1780333650,"{""InstructionError"": [4, {""Custom"": 100}]}",0,
B1C2xfcUajAAU8n3zfuXqXvvALRw8cB5sPzNB5ktpump,4iF4L1uz5mXSZKJFKTNoND8pFMUJfefNMt64oCL2Fngf7cPv7JnJWNP25CR8kzrjMWSZUnxaA9Qp7N592caUfDX6,423634090,1780333650,"{""InstructionError"": [4, {""Custom"": 100}]}",0,
B1C2xfcUajAAU8n3zfuXqXvvALRw8cB5sPzNB5ktpump,3PvV1DRyNzJ9Wxshgh2f7joZTrdsb5UpqreRNJ4DNa5BHWV2TVhRATYfeZKhzWGwaBihuRBc3b8jhJDtw3CvnrsS,423634090,1780333650,"{""InstructionError"": [4, {""Custom"": 100}]}",0,
B1C2xfcUajAAU8n3zfuXqXvvALRw8cB5sPzNB5ktpump,4BiEgZ7LKxt4X9Jt2ryrRwb2NSCMRwnhkndSFFTkRfnSZ686UQFZWq9vZazA1xRbndj8p4WXHeNfqgdGqzZHRvM5,423634090,1780333650,"{""InstructionError"": [3, {""Custom"": 6040}]}",0,
B1C2xfcUajAAU8n3zfuXqXvvALRw8cB5sPzNB5ktpump,2NoQXGQ612jqfRN2wMuJ91oQBY7WgCGrcBCFbZ6GK3VSjEyxyVS3QRptQwq3cQwckM6a9UYvUNaq7r2hgHcwkUpT,423634090,1780333650,"{""InstructionError"": [3, {""Custom"": 6040}]}",0,
B1C2xfcUajAAU8n3zfuXqXvvALRw8cB5sPzNB5ktpump,4UQ4w9yDYF66ERJBNBGjQkv5AUYHTSdVUt9YkraVRga1rBdqZnPZX822g3GbuaqVCgvxn1icLUaKHP2fddPdYtuv,423634090,1780333650,"{""InstructionError"": [3, {""Custom"": 6005}]}",0,
B1C2xfcUajAAU8n3zfuXqXvvALRw8cB5sPzNB5ktpump,4V2eB76wGcChxPC2LnQETx2ystsiMVWP3jTNm4XGQku2tceTBfJmdkBsCpkZMxthGJoVZ4938ccihr5sGnXvEUZc,423634090,1780333650,"{""InstructionError"": [3, {""Custom"": 6005}]}",0,
B1C2xfcUajAAU8n3zfuXqXvvALRw8cB5sPzNB5ktpump,5HRa73xKVDBtW7vTxEXxQeWY4w7pCvsheEFJ4yDKzaPbXsuT2Nvc2KAzPu2xsvKN7BDPusCNvdZ3JKHoGixYDQDj,423634090,1780333650,"{""InstructionError"": [3, {""Custom"": 6005}]}",0,
B1C2xfcUajAAU8n3zfuXqXvvALRw8cB5sPzNB5ktpump,27R1ptx25xiV2ajdLWpYEgx3cVxCokRct9HrVZMirFnnYraUhPpoaH3cvos6B17WtBqzt9b4eGBMo8h8H55jUxTK,423634090,1780333650,"{""InstructionError"": [3, {""Custom"": 6005}]}",0,
B1C2xfcUajAAU8n3zfuXqXvvALRw8cB5sPzNB5ktpump,67X4hbXdz8tMRzuVrHxPt9RLKXetAv6ApYiQtyvhZoivsAALbjZT7FdWEgTqSpsWY6HuPK1zwcdNqjYFbLZLLKGp,423634090,1780333650,"{""InstructionError"": [3, {""Custom"": 6005}]}",0,
B1C2xfcUajAAU8n3zfuXqXvvALRw8cB5sPzNB5ktpump,5iPqGrvpLTQ2xzbUfzSafsrZcVYnqkUsJpuznHT42okSjgXMXkzCh6HMoPZSVMp1npZVmZvodscgn4h2xiTcmD29,423634090,1780333650,"{""InstructionError"": [4, {""Custom"": 6004}]}",0,
B1C2xfcUajAAU8n3zfuXqXvvALRw8cB5sPzNB5ktpump,4syRPffCJ1jmoUp7hYtPkaJiBqQbNiii6aPmvbDKWrtX8w889jzSB9oNJLAit2cUpuoKtKgQMVFjPre6uWi4GTJS,423634090,1780333650,"{""InstructionError"": [2, {""Custom"": 6040}]}",0,
B1C2xfcUajAAU8n3zfuXqXvvALRw8cB5sPzNB5ktpump,5KQ24m7u1KcF2HYzyKsiey8cSwrHwfzhhTFXgPJgGqFBVda9J3MJ9iYwip8nqKkwEAVNintTpjmorhnBQQB9sTaW,423634090,1780333650,"{""InstructionError"": [3, {""Custom"": 6040}]}",0,
B1C2xfcUajAAU8n3zfuXqXvvALRw8cB5sPzNB5ktpump,3JqxCm9vSkCZSqrqWvdR2xQFCs4VbiiYxAiq2TrfWg47XqMWc39r3rTXWZGrWrFUUWJ8eM1e3T1eJPwrQ7JrgKCz,423634090,1780333650,"{""InstructionError"": [3, {""Custom"": 6005}]}",0,
B1C2xfcUajAAU8n3zfuXqXvvALRw8cB5sPzNB5ktpump,5ss96AoLqqS5w9DkB8DcKtoYWt3antsNAwh5HVLeL2T4N6GuMZi8xyNZjxpkK31UbpZ4hyQnmQ634eTdqAeSbZQC,423634090,1780333650,"{""InstructionError"": [3, {""Custom"": 6005}]}",0,
B1C2xfcUajAAU8n3zfuXqXvvALRw8cB5sPzNB5ktpump,46o9nYTyrcKQh1itn9Dag5yQcEGF6jgaoxYFsTsjSjqfQkLE6WcRd6zimW4WwAUpMbs4k122pPYG51Y353B66zvp,423634090,1780333650,"{""InstructionError"": [3, {""Custom"": 6005}]}",0,
B1C2xfcUajAAU8n3zfuXqXvvALRw8cB5sPzNB5ktpump,qj2uvW4tTV2RanbJtVhKonhPp33N1pURjqgHoXGPMcmQGdfKS9tXJ7RmepKBSvjhW1EPspv9o3XHbmHj7jNdWrb,423634090,1780333650,"{""InstructionError"": [3, {""Custom"": 6005}]}",0,
B1C2xfcUajAAU8n3zfuXqXvvALRw8cB5sPzNB5ktpump,3Y1SZdmyhSvmwDCAG9noa33Y42ecj4d7azsuBzopHeeJ7hwKcjgFtUXVEH74cjNTybrEfgwE9kaTS2jsyAnF4KSZ,423634090,1780333650,"{""InstructionError"": [3, {""Custom"": 2}]}",0,
B1C2xfcUajAAU8n3zfuXqXvvALRw8cB5sPzNB5ktpump,4732oLHDiSESDT6VQUMPxE211B6XKisvDQ1HB1jsvXN9A3wij3u5tQifCkTQ35GdKM7z6oYZ7EHKZdfxjTYxBdqs,423634090,1780333650,"{""InstructionError"": [3, {""Custom"": 6005}]}",0,
B1C2xfcUajAAU8n3zfuXqXvvALRw8cB5sPzNB5ktpump,2fPd44Nsge3wkrdQJCneLVPWyB2h5wMXac4Ttq68GvzuQd9bFfS42juQ9aXtDSUba1UNY96464guR73rQK2DBH4j,423634090,1780333650,"{""InstructionError"": [4, {""Custom"": 6004}]}",0,
B1C2xfcUajAAU8n3zfuXqXvvALRw8cB5sPzNB5ktpump,2ZFGmBcb3eCVCHZw2ux4Khi8mRWoGdcjRZvDr1NW2w7wLWeT5MNoTgn5zbtfoYYnbJ3gfDi53ab4K4cRAzZM4jH5,423634090,1780333650,"{""InstructionError"": [3, {""Custom"": 6005}]}",0,
B1C2xfcUajAAU8n3zfuXqXvvALRw8cB5sPzNB5ktpump,4fEBrrK8z1MbKqJLj1y8EBaJLMpSrzt6JVBsxVNbpjWZQCYkSE2vrTZynyYt6eYje8D3ocsTuEtztj3m6tJqowFp,423634090,1780333650,"{""InstructionError"": [3, {""Custom"": 6005}]}",0,
B1C2xfcUajAAU8n3zfuXqXvvALRw8cB5sPzNB5ktpump,5azGt1caQtMg7JKA9FExMvUapm9KYVEmp8nsVJEf2R7zXfSew1yaYsLMqG35k6ntYb2LDJnt6ayffD4EdpP9RJuc,423634090,1780333650,"{""InstructionError"": [2, {""Custom"": 2}]}",0,
B1C2xfcUajAAU8n3zfuXqXvvALRw8cB5sPzNB5ktpump,4DiWkf5L1HFKAhU3vysr8Wh47PMP5q7A9Rmmyjz2fe81wxR1SM94w8DKyndXwnvQa6rHx1p695VPFMX971d293JL,423634090,1780333650,"{""InstructionError"": [3, {""Custom"": 2}]}",0,
B1C2xfcUajAAU8n3zfuXqXvvALRw8cB5sPzNB5ktpump,3EFYJgLarTMAuWY1z7hWDdXnyW9JP7h4c46M1qsu9Y8o3RzTpmY7Q8xSi1sABZ41QeMC7UzMvjqVWNPHyPZurKcf,423634090,1780333650,"{""InstructionError"": [3, {""Custom"": 6005}]}",0,
B1C2xfcUajAAU8n3zfuXqXvvALRw8cB5sPzNB5ktpump,3pK6tP6J8zkgTPqphnxnCEdQvAZpf3oCxhFXUxBgyDZ7Tk4Zw2i1VABgnrMqRYLfvKWEdv8CGBdz8NZTWcdeDSaR,423634090,1780333650,"{""InstructionError"": [3, {""Custom"": 6005}]}",0,
B1C2xfcUajAAU8n3zfuXqXvvALRw8cB5sPzNB5ktpump,3gv4dkm6wxxdERNhgHqdUQNKdSyRDABtRt3juEtU33Q4VNAZdB76XMePv7iQxQ3kjxseiEgB8wsF2Ak3rTvLCjAA,423634090,1780333650,"{""InstructionError"": [3, {""Custom"": 6040}]}",0,
B1C2xfcUajAAU8n3zfuXqXvvALRw8cB5sPzNB5ktpump,2cYXgXLuHTuYjU7udtq21xR1etTc7REb8EZXDKmN3765R8eT6a2haVkD7ZyjPZvy4DmPZ2SXga1bq1xuNYc8MtUL,423634090,1780333650,"{""InstructionError"": [3, {""Custom"": 6005}]}",0,
B1C2xfcUajAAU8n3zfuXqXvvALRw8cB5sPzNB5ktpump,5dCZLZ7kP78dmQ82mWiSov7mKQeDKZ8UWzMXF3emAw9NGFFAhGAYrckXbZQvjX78fbj1vRZmnTpRTySoKBRcwMPZ,423634090,1780333650,"{""InstructionError"": [3, {""Custom"": 6005}]}",0,
B1C2xfcUajAAU8n3zfuXqXvvALRw8cB5sPzNB5ktpump,2ycazSrrx29mK9bopQ9WGmxYL1fUur5UXPgg5K6cvRKDKpUgLCCDEUQTDWNJ7ATQjvTrhvmEs3wQqSaG1BwAthWL,423634091,1780333650,"{""InstructionError"": [2, {""Custom"": 6000}]}",0,
B1C2xfcUajAAU8n3zfuXqXvvALRw8cB5sPzNB5ktpump,5Yu3gGZG9r9R1YvkjYXhvUv6cqHmonRdBGiMyJ3jRq8w2VNrBHBwMyYLxevP5zUrDPDzqntLGFJ46C69Wkzqu8v6,423634091,1780333650,"{""InstructionError"": [2, {""Custom"": 6000}]}",0,
B1C2xfcUajAAU8n3zfuXqXvvALRw8cB5sPzNB5ktpump,2EugfvYajPbKh5RcmHvG9F31BXxmERWG1MiH616Rq8TrVg4SFSgU1BKA2WQiXQpt2KbVcXugFTjKXU1tSeLdTYHZ,423634091,1780333650,"{""InstructionError"": [2, {""Custom"": 6040}]}",0,
B1C2xfcUajAAU8n3zfuXqXvvALRw8cB5sPzNB5ktpump,2cP2LCMU27BkgbJFwTstgyowJ3UfMK4h9ax9rjsVjJz84geZCtivVQecnzDTtHDSe9Zu38ztShfqPA4jpy938oDW,423634091,1780333650,"{""InstructionError"": [3, {""Custom"": 6040}]}",0,
B1C2xfcUajAAU8n3zfuXqXvvALRw8cB5sPzNB5ktpump,2BXUfvQadnMdd4P7C8NfdK7prBvQGHtvyHNAKDDvmxhqsM8BzoRFDKc7iTMxR2d8wgJBvgZpj54kWe45KEibhA3B,423634091,1780333650,"{""InstructionError"": [3, {""Custom"": 6040}]}",0,
B1C2xfcUajAAU8n3zfuXqXvvALRw8cB5sPzNB5ktpump,w3R7DUq2mSYpBoQ36c14ScRmQEb994ABZizYxNnvQE726MxhzNzFpHBCtgCtJVKFMj4Av3gtDANsqbi8ep7BK7S,423634091,1780333650,"{""InstructionError"": [3, {""Custom"": 6005}]}",0,
B1C2xfcUajAAU8n3zfuXqXvvALRw8cB5sPzNB5ktpump,3UTdYGPH9st79QLqfZdgjyewQEkr8GeH9L5AbzsQHeoPuwJX5GjnRaMgu7AJHSgoLfy7aJfLbTyTJGCPjp7RDKMK,423634091,1780333650,"{""InstructionError"": [3, {""Custom"": 6005}]}",0,
B1C2xfcUajAAU8n3zfuXqXvvALRw8cB5sPzNB5ktpump,2P7R4FFSesx1NhUDf9gbzT1tUTq8rAM8afoPmSEtqokK2cVCzEkJ32WLezgtaaUfVV5S7S9c8twK6z2L2wBP6HLR,423634091,1780333650,"{""InstructionError"": [3, {""Custom"": 6005}]}",0,
B1C2xfcUajAAU8n3zfuXqXvvALRw8cB5sPzNB5ktpump,3B6Vg2n3K7cM74y6T7PDickvtiDeERHdTpTUNd7Ad45PujSSZDDpqqWazP68Tcbex5DJXuRxNPkBmxR8WzPbaSMw,423634091,1780333650,"{""InstructionError"": [2, {""Custom"": 6040}]}",0,
B1C2xfcUajAAU8n3zfuXqXvvALRw8cB5sPzNB5ktpump,5TyqTjbcwa5aprauKGZfjdG1TsBVP3rktjhHMytQFtMMBCdZMJfEYyxEC1CPJ72B3nmnHj4mTumqCCpbtAsxyxmX,423634091,1780333650,"{""InstructionError"": [3, {""Custom"": 6040}]}",0,
B1C2xfcUajAAU8n3zfuXqXvvALRw8cB5sPzNB5ktpump,31MchUAQaYak9bYEvdQCet1ThezT3f3gwwtz4jbScVNkxCeJwa85uRogUL9dYmrKxmFHyjJuSWa449WGFeA4bbHy,423634091,1780333650,"{""InstructionError"": [3, {""Custom"": 6005}]}",0,
B1C2xfcUajAAU8n3zfuXqXvvALRw8cB5sPzNB5ktpump,2iB1WaQJcfFbPiVTAcTgqGiqJg5jRgqVkZVuYir5UcwC7u496keHdbx6xnC9MBDrNPc9FU7qmQfB93xZrSQJs8qe,423634091,1780333650,"{""InstructionError"": [3, {""Custom"": 6005}]}",0,
B1C2xfcUajAAU8n3zfuXqXvvALRw8cB5sPzNB5ktpump,4DUW445KFoeQZu9uuK9pCaxNR8AH5j54aR8ECnjxFhmCn2fmLCUpnnHbeihQmJhPEi7Jdj1ABm6MSvDgg7Q2dj1H,423634091,1780333650,"{""InstructionError"": [3, {""Custom"": 6040}]}",0,
B1C2xfcUajAAU8n3zfuXqXvvALRw8cB5sPzNB5ktpump,5ZZBUjN5Qwm6cJbTVvjXgiTz3MWCR3tJpCT3xze5gjuuDkC7ZfqAXvgU1MvZBXtm5Fwp5WRte9xyLQRRW6Ny9DSE,423634091,1780333650,"{""InstructionError"": [3, {""Custom"": 6005}]}",0,
B1C2xfcUajAAU8n3zfuXqXvvALRw8cB5sPzNB5ktpump,2JkdFq5iKwkd8uLKnBVeUPrRWatzejsuyysyDush5vMF4dCLhuA3Ab66oQMqP2KJrmxCGeavsoFmxy3L42a9UvVh,423634091,1780333650,"{""InstructionError"": [0, {""Custom"": 6005}]}",0,
B1C2xfcUajAAU8n3zfuXqXvvALRw8cB5sPzNB5ktpump,2MT5Dree4QVdnnTEYpCQxofAm2hmVSpULcyVvJqfSjUDNdJyQZFxZKgqzP1ADdN8kkqdEuUUvhqcT1eaTyLatW5Z,423634091,1780333650,"{""InstructionError"": [0, {""Custom"": 6005}]}",0,
B1C2xfcUajAAU8n3zfuXqXvvALRw8cB5sPzNB5ktpump,4ki3MrGbceGVpmoD98o7HrUBgAPDdazM9DTA9J7TpVsCccb95gNQ5k47ugA9eSftY96fTnmWLvKP6EPzes781RRE,423634091,1780333650,"{""InstructionError"": [3, {""Custom"": 6005}]}",0,
B1C2xfcUajAAU8n3zfuXqXvvALRw8cB5sPzNB5ktpump,2ufVnQoqvD1HKLswCS9YZyjnWgEqm3b6RVDmfB7hNpe83hiC3r4vMzuEGHc5ZCffzTrhGGxrhJDQpptkB6BShVDA,423634091,1780333650,"{""InstructionError"": [0, {""Custom"": 6005}]}",0,
B1C2xfcUajAAU8n3zfuXqXvvALRw8cB5sPzNB5ktpump,635PLxq5YQQc9BnjvQdfAHCUkhNULzcheLU6Me14KeAMNwqTz27ujmM6EdbpT5bZ1YDfr8ycMjCbYgJwSkn2JFTD,423634091,1780333650,"{""InstructionError"": [2, {""Custom"": 6040}]}",0,
B1C2xfcUajAAU8n3zfuXqXvvALRw8cB5sPzNB5ktpump,bNEk7fw9nNSu2L5YTqkeEEpHepryzUbjETczBPxM5nxGAUGULD4KQgPnKRmypw5D7ocoZfpEw6um9A2PLRoZkUx,423634091,1780333650,"{""InstructionError"": [3, {""Custom"": 6040}]}",0,
B1C2xfcUajAAU8n3zfuXqXvvALRw8cB5sPzNB5ktpump,2cFsPCtLWUPeZiYwCsKs3KJD6gZAEuqXFrAN6HeFDW9hat8nyQ5gpWZ6ionr4xpZL2WMHmmoVbVerCTGKt5QLZbf,423634091,1780333650,"{""InstructionError"": [3, {""Custom"": 6005}]}",0,
B1C2xfcUajAAU8n3zfuXqXvvALRw8cB5sPzNB5ktpump,34hvaEQkCbwXufwLcJcSgu4AFwmvhhpqpZwQQMQGrAFM5WyAe4nFfMc6CHNZzshESZqPLsGaH4bM47JABUBz9iG9,423634091,1780333650,"{""InstructionError"": [3, {""Custom"": 6005}]}",0,
B1C2xfcUajAAU8n3zfuXqXvvALRw8cB5sPzNB5ktpump,3JC4rY69cEuSTeZkKeJmMEzDTgMBrKxGEb33pjy5L8MBxdRK1wmqXFPjH9VLCwYsbaBKeYMoRCWmcJz7hmp5twbc,423634091,1780333650,"{""InstructionError"": [3, {""Custom"": 6005}]}",0,
B1C2xfcUajAAU8n3zfuXqXvvALRw8cB5sPzNB5ktpump,2sNobMPnf3unJuzvURGLeCrjjfvsKcqmcmxM7jWb1ws1ySqcu2Difp85H7Yc9rvTUSDaCJczBo5m52q8zfXBRKiM,423634091,1780333650,"{""InstructionError"": [2, {""Custom"": 6000}]}",0,
B1C2xfcUajAAU8n3zfuXqXvvALRw8cB5sPzNB5ktpump,53okhHQYyQE3eB3QVhkPPMN13T1iGQXFe59vLLgr6SGArYkGVK9WH36cnxb3dijneckEUB9zZ1KR2d4HNX3AgL2w,423634091,1780333650,"{""InstructionError"": [3, {""Custom"": 6040}]}",0,
B1C2xfcUajAAU8n3zfuXqXvvALRw8cB5sPzNB5ktpump,2d7yHRXTuFJ4nCVt7u4B9kKp6uZeTaT42DTQ9FypJEYhEGt4t3xcsFW1zyMJWcM5xUjFhwsuUuauVVNd1PR9ueS8,423634091,1780333650,"{""InstructionError"": [3, {""Custom"": 6005}]}",0,
B1C2xfcUajAAU8n3zfuXqXvvALRw8cB5sPzNB5ktpump,4kJERYXZXSWjsEzaCEB1XPZTXzNUXCrxqUyCT9YWgVGznBnTz23LqWxmQ8Lrd7pTBdwedypvugvpnxbX1FACfap3,423634091,1780333650,"{""InstructionError"": [2, {""Custom"": 6040}]}",0,
B1C2xfcUajAAU8n3zfuXqXvvALRw8cB5sPzNB5ktpump,4UHrVQGGAX3YJ3iUvK48PYHFwwBPdKWRZhEFmPe8M6kjFWXNSS7hE22rCm23Ybmh7cvSKe5Ap9YC7nLN4NDqfn3C,423634091,1780333650,"{""InstructionError"": [3, {""Custom"": 6040}]}",0,
B1C2xfcUajAAU8n3zfuXqXvvALRw8cB5sPzNB5ktpump,eL1JUxNJVDqWjQfbFZby8nbKSmbdtUX4YhPG24b4C1YRFivJM2BLqJY7Hu8GiZvyLfUpNLrrMJjp6Vk31Ua975M,423634091,1780333650,"{""InstructionError"": [3, {""Custom"": 6005}]}",0,
B1C2xfcUajAAU8n3zfuXqXvvALRw8cB5sPzNB5ktpump,2GUz9tP5WE6TtWdnYfDyVtuHrWtiCZ8gq3WvLoXVYesR47ovWm27PHbbMNPARpdSMDNu1QJsVcaRhuomrr95pvn5,423634091,1780333650,"{""InstructionError"": [3, {""Custom"": 6005}]}",0,
B1C2xfcUajAAU8n3zfuXqXvvALRw8cB5sPzNB5ktpump,6djzqTtCAjvRUmokCeAsvFSomXtP3zxLUzqBPXfRsj6DaqT2wLNBSb7qKzac17mkUUmU7ScYtQrabKhRTtwbutR,423634091,1780333650,"{""InstructionError"": [3, {""Custom"": 6005}]}",0,
B1C2xfcUajAAU8n3zfuXqXvvALRw8cB5sPzNB5ktpump,5PkEMjerzAQRCXAaHLfLZFVTByz56rYiYkf5JVoVtsqm35yV63hA348NEkiEjWz4eYruk9gjeBN76deeuyk9bi3Y,423634092,1780333651,"{""InstructionError"": [2, {""Custom"": 6004}]}",0,
B1C2xfcUajAAU8n3zfuXqXvvALRw8cB5sPzNB5ktpump,3mbRCDuG87Tb76HqqxiL1qhZXihE1bRsx6kb3d47WJd52sKWodAU4WSGQq1qBKZKj5BiyomRAX1NToVffwn3R3Ud,423634092,1780333651,"{""InstructionError"": [3, {""Custom"": 6004}]}",0,
B1C2xfcUajAAU8n3zfuXqXvvALRw8cB5sPzNB5ktpump,3BVVjBBJUfNBKKZ6yDHttGwvGxcRU1ad75NLTUWtMkdD9xuivTEajgZpcKXVZ3ns28R2U9pCoqzui37X2T4VZSuR,423634092,1780333651,"{""InstructionError"": [3, {""Custom"": 6004}]}",0,
B1C2xfcUajAAU8n3zfuXqXvvALRw8cB5sPzNB5ktpump,5u2Vhg2vxtZzBQsdu5ZyzxTGUs3MNsn7aWeQ2a3KhU947UFB61Bm8XgVUZ64iB8T2Aa8JqC1gCjTQV9ari4T6iUR,423634092,1780333651,"{""InstructionError"": [4, {""Custom"": 6004}]}",0,
B1C2xfcUajAAU8n3zfuXqXvvALRw8cB5sPzNB5ktpump,2SoUayGVV95AJAdgtGd2LcJXXg66nMxvjcxQFwGq7VtNKHQqzrJKWTZiDEL9XWhYhiaY6MfXaBFZeNrzkFcRtn2g,423634092,1780333651,"{""InstructionError"": [3, {""Custom"": 103}]}",1,SellEvent:0
B1C2xfcUajAAU8n3zfuXqXvvALRw8cB5sPzNB5ktpump,gWw83fGZEFDJjKh9HqE3rr1jmaWafdZDTnqsBZmxzaRr994oByJNwhs6VxdoXkk3tTKGVr78KGAXRcyBc1eD1zt,423634092,1780333651,"{""InstructionError"": [3, {""Custom"": 6005}]}",0,
B1C2xfcUajAAU8n3zfuXqXvvALRw8cB5sPzNB5ktpump,4BxVmF5jtYYwgVQJdLmUKR5sLjUtPXD7tDPTx49YcwT6ieMkJPdkbGgGjAiBswCcqhB6GAJaGGcf9K1wM3MK3CmJ,423634092,1780333651,"{""InstructionError"": [3, {""Custom"": 6005}]}",0,
B1C2xfcUajAAU8n3zfuXqXvvALRw8cB5sPzNB5ktpump,5fsXhXyqFPUxReYQ16uaFwwCg1QmB6uCVjZTSgE2jaRwDBmQJdRXhqTbe4gWUnvzS3T9iJPaMLyrMXaHSi7UcaSS,423634092,1780333651,"{""InstructionError"": [3, {""Custom"": 6005}]}",0,
B1C2xfcUajAAU8n3zfuXqXvvALRw8cB5sPzNB5ktpump,M9ooiuHuCtUa9qsTPiCe68b2FHhKh8pQZtu4gdrhpse6P2j3PhC5XnfobCYfqCDctPd6LDGwDtoGgJhTAhjGGSG,423634092,1780333651,"{""InstructionError"": [3, {""Custom"": 6005}]}",0,
B1C2xfcUajAAU8n3zfuXqXvvALRw8cB5sPzNB5ktpump,5RyQRMRkAvDgLyH6AQ4fs7KnDwEz4CQ1WkKk3Jm1CSmXbNsxqNDMUbKN9XkuZhvA16MM3toqEK9Fbs8QrAQ1beLM,423634092,1780333651,"{""InstructionError"": [3, {""Custom"": 6005}]}",0,
B1C2xfcUajAAU8n3zfuXqXvvALRw8cB5sPzNB5ktpump,3WCEgUHPpv5vatm8EmjJG57U2kgpG5D7Ei4UogFLaUWoGfH4t872CMec57NvwBp1h1ffpCtL6YMVQSmzAfVGE4cx,423634092,1780333651,"{""InstructionError"": [2, {""Custom"": 6004}]}",0,
B1C2xfcUajAAU8n3zfuXqXvvALRw8cB5sPzNB5ktpump,5dnAVcNYUQsN7SeCZD4RhVHYvADduTqRUDymAYxGTpGmE9NirWPQLVdRpGm7mheJFhntyEvEkkV3A12XF2spt6XX,423634092,1780333651,"{""InstructionError"": [3, {""Custom"": 6004}]}",0,
B1C2xfcUajAAU8n3zfuXqXvvALRw8cB5sPzNB5ktpump,5eRnVwBPyhRynQbmy3ZdiwmFDbbA9uyApaDcaeLxHJuih6B8qA6pCH6fRQdJv8AiPXLZjjtbk73z9sxTpdwEqTDV,423634092,1780333651,"{""InstructionError"": [3, {""Custom"": 6005}]}",0,
B1C2xfcUajAAU8n3zfuXqXvvALRw8cB5sPzNB5ktpump,3dAv9HFEoMgqbHkktuMiBFKXcCQcrrKEHv39rvRopLyAN4wz4Vvx8ihwxF9Cgi7owsgyfZ5zhxhATU9BrrkNX92B,423634092,1780333651,"{""InstructionError"": [2, {""Custom"": 7002}]}",0,
B1C2xfcUajAAU8n3zfuXqXvvALRw8cB5sPzNB5ktpump,4pHMYarKHKJc7mWHSWEJhofXhjB6JNg2ziW98YuUWiLG3vu4MCyhGEQ8rft84btKMmudPxz5iryDsocybTMComuo,423634092,1780333651,"{""InstructionError"": [3, {""Custom"": 6004}]}",0,
B1C2xfcUajAAU8n3zfuXqXvvALRw8cB5sPzNB5ktpump,2ibpRNu48b7xG9FsnqdooedyKcZqKJux1aM8DRo8pJvvzotwZqowRS4Y77qMMyBrfUuLdb8VuDH2LCwnqcu35Bf1,423634092,1780333651,"{""InstructionError"": [3, {""Custom"": 6005}]}",0,
B1C2xfcUajAAU8n3zfuXqXvvALRw8cB5sPzNB5ktpump,2CCwJ31diraHEvAjUHwZShtSkButZMJBwSK14oyNQrDaudXu98uqZTR8zhjVzRZtVkGstqmhL5fp8NRq8Movjpi7,423634092,1780333651,"{""InstructionError"": [4, {""Custom"": 6004}]}",0,
B1C2xfcUajAAU8n3zfuXqXvvALRw8cB5sPzNB5ktpump,4QLAbbSjxonHScteK4tyCqkNVGnH2dgS1d4baZ1kKx2bcDzwZSD2yh52wLbwrFaUzXCDSDRXzHDQ9Zsr8T92qU45,423634092,1780333651,"{""InstructionError"": [4, {""Custom"": 6004}]}",0,
B1C2xfcUajAAU8n3zfuXqXvvALRw8cB5sPzNB5ktpump,66FD6hKj4Qaq3f9Qeu7FGGHgZZmsVTKqhVmfExJfrkSauF5b7K2GwRMNiGztnXdKo1kHp4a6oxiXKBATHAgi9Mpa,423634092,1780333651,"{""InstructionError"": [3, {""Custom"": 6005}]}",0,
B1C2xfcUajAAU8n3zfuXqXvvALRw8cB5sPzNB5ktpump,4dsVYzcJEbMZXRF4VFstjwxBxraaZZCxcUZyfynVo44HB1rygypUgShVJYybXQ8uvvvvJpZa8fHTg1cQuxiMRUps,423634092,1780333651,"{""InstructionError"": [4, {""Custom"": 100}]}",0,
B1C2xfcUajAAU8n3zfuXqXvvALRw8cB5sPzNB5ktpump,2UzBBTLxVwmmMh7yp9s7X1KYVaeAgdBymTNTS1GGx59dBjrtfTnFn9K6BNGLC52wEzLbGXvApzujXMiuC1y27YYY,423634092,1780333651,"{""InstructionError"": [4, {""Custom"": 100}]}",0,
B1C2xfcUajAAU8n3zfuXqXvvALRw8cB5sPzNB5ktpump,2HwTdzUEost22uWYXfWLzdSeMwco1BP6qnxRRYo5D8bmrjK5R9e3fEwVyUKoAut8s7e7C6LNfbbK5vtAz3yPxojP,423634092,1780333651,"{""InstructionError"": [4, {""Custom"": 100}]}",0,
B1C2xfcUajAAU8n3zfuXqXvvALRw8cB5sPzNB5ktpump,4gVPAHR4VdqxZhiGVCbCcQ62v4CXiLJfXX4pKUJ5dboARUyLTVmv3Dp2TLv5FZGZU3FxBfMwUX67RbBVaRS8w6BA,423634092,1780333651,"{""InstructionError"": [3, {""Custom"": 6004}]}",0,
B1C2xfcUajAAU8n3zfuXqXvvALRw8cB5sPzNB5ktpump,kMXSz16kgBHeiDqco7FCDWmXXvjBBkT9kTuYncS7gBCzmegDeMfwCSwgirUsHNgsVYi6BAQk2BjxqVXw3HvPXxQ,423634092,1780333651,"{""InstructionError"": [3, {""Custom"": 6004}]}",0,
B1C2xfcUajAAU8n3zfuXqXvvALRw8cB5sPzNB5ktpump,3a8txtHNxeDybP7CFDcmQEPvwdFzf2sissv3VSRS2bXCHf84Zs1Evw3SN7AY1vtR6oirz2QD2xNqQDrLESS1nunY,423634092,1780333651,"{""InstructionError"": [2, {""Custom"": 6004}]}",0,
B1C2xfcUajAAU8n3zfuXqXvvALRw8cB5sPzNB5ktpump,47Efvkf9Xb7uGxv9CtN6QeJ6dUVjRVeoqLSRsTtZdhi28V4HreGu4TmX1xAK8RUSZuw4CW7YGpQRw713sUrfi7gk,423634092,1780333651,"{""InstructionError"": [3, {""Custom"": 6005}]}",0,
B1C2xfcUajAAU8n3zfuXqXvvALRw8cB5sPzNB5ktpump,3J5SbebCkd6zxvdGeqDfjJHJMCfKZGtBRqoGAd2XPpFB5AD6GsqWHEQEbb5PExihWATBN2d2NoS43TVktkrgBiiU,423634092,1780333651,"{""InstructionError"": [4, {""Custom"": 100}]}",0,
B1C2xfcUajAAU8n3zfuXqXvvALRw8cB5sPzNB5ktpump,3RBaHMXy7infdbq5xt4QsM15atzLsrJvbhHhUaXyxJJjjaQeB47CjKVtRUR2y79XbjZ7emueUXC8GUtKLXBU7PES,423634092,1780333651,"{""InstructionError"": [4, {""Custom"": 100}]}",0,
B1C2xfcUajAAU8n3zfuXqXvvALRw8cB5sPzNB5ktpump,3HQk1zTCQb2Pr5i1HWos3VHEQpDuCCoVauH8sEUCq68EWWRwMCCdiqZqjPkPUfRB8uyqWqM2Gxh9Mj6ZX1hDQzWW,423634092,1780333651,"{""InstructionError"": [4, {""Custom"": 100}]}",0,
B1C2xfcUajAAU8n3zfuXqXvvALRw8cB5sPzNB5ktpump,23CGNknH6wgYPb93Y43hnCvMNRn6E9cANUVqh9RWCfcVf7g7jEHZkpKPB2YAxyyVWQwWm5YSwGNK9CMV7HwMVv1z,423634092,1780333651,"{""InstructionError"": [3, {""Custom"": 6005}]}",0,
B1C2xfcUajAAU8n3zfuXqXvvALRw8cB5sPzNB5ktpump,3ufknEj8dPpuFy1tJqRCq4iWm6BoH28HaQkopB9hQwL5sXp8W2RsLiYU9aURRfz3dQEPDAjqQ4375sQeTbUMm22j,423634092,1780333651,"{""InstructionError"": [3, {""Custom"": 103}]}",1,SellEvent:0
B1C2xfcUajAAU8n3zfuXqXvvALRw8cB5sPzNB5ktpump,4T3dCVJ7j24rMVwQQntpZhDXVigQUN5Vz3mmfjFuGSha2h9G45VPW9smnz8tgEqR51Z8SdWnWdsgpukL6ceVCa7n,423634092,1780333651,"{""InstructionError"": [3, {""Custom"": 6004}]}",0,
B1C2xfcUajAAU8n3zfuXqXvvALRw8cB5sPzNB5ktpump,64fqTtKqdmcVxu67iRauAVxfLvkfYDiRMBeQn3YJv7NrdDauLSotYGRgmwrMQhURrVwo2veK9bykeUEidUhHAJRH,423634092,1780333651,"{""InstructionError"": [3, {""Custom"": 6005}]}",0,
B1C2xfcUajAAU8n3zfuXqXvvALRw8cB5sPzNB5ktpump,4QwvLQ5wGFZjSK1VRQujiGDgMW2ckPoYwEp6QS4oDpcBCzwfFQDT99vnWUoNKPRj9dpgAJmYKExibHghEXiJtSg6,423634092,1780333651,"{""InstructionError"": [3, {""Custom"": 6005}]}",0,
B1C2xfcUajAAU8n3zfuXqXvvALRw8cB5sPzNB5ktpump,5bMaSUMRuwoZYYGZRaQG1NELAd1uaqzF1qgZfYu44R1BRBBwMo2Z3hAC4hC5hx7Zy4vRu2L93t2srhMEjt5zFCGH,423634092,1780333651,"{""InstructionError"": [3, {""Custom"": 6005}]}",0,
B1C2xfcUajAAU8n3zfuXqXvvALRw8cB5sPzNB5ktpump,2KcBE1uSCxhzXPBeXmoUgmuSkXYb47Nm9MpJ8GRkaQqQpkPyDmXy4fmWxEHL4gNdF3DnoJBkjf2NJMDV2fdERwwV,423634092,1780333651,"{""InstructionError"": [2, {""Custom"": 6004}]}",0,
B1C2xfcUajAAU8n3zfuXqXvvALRw8cB5sPzNB5ktpump,baW8C8K7AC1Cf9M8ToFTP5eeR7qkHSeHtJ561PuwfuYVvYEZ1WAuoWJjF9XXU1Fgb2LveM9g6EuW7JmBm74UQox,423634092,1780333651,"{""InstructionError"": [3, {""Custom"": 6004}]}",0,
B1C2xfcUajAAU8n3zfuXqXvvALRw8cB5sPzNB5ktpump,4JiugaDR4ymjogzJiE1GBMNPw3yxwFP4pw9tUML8BgFb1QS7Ms1p1FapQbpGZuuUQk3yjUQFb7hWoVMFtDuC2U2r,423634092,1780333651,"{""InstructionError"": [3, {""Custom"": 6005}]}",0,
B1C2xfcUajAAU8n3zfuXqXvvALRw8cB5sPzNB5ktpump,5qnfouFueEZcA3azBiNqmzBQaeb7bb3ZgH3YSLNLQL2A29XjCzsWt4BbuVToeYkYnHHoSY78HsPstEVDqyAcwkWc,423634092,1780333651,"{""InstructionError"": [3, {""Custom"": 6004}]}",0,
B1C2xfcUajAAU8n3zfuXqXvvALRw8cB5sPzNB5ktpump,3SGk1b2RSYbyry4ihnfxDAiuEXXPFaBwLrdQ6zT6Bg3kKhapFs5GeuZNLwzWGwwQAv2iYUN4PUfeQTxh1LwZdfjK,423634092,1780333651,"{""InstructionError"": [3, {""Custom"": 6005}]}",0,
B1C2xfcUajAAU8n3zfuXqXvvALRw8cB5sPzNB5ktpump,3tGWeRoWnrAbKEjZa87PpXhEfTTpB8GNp26TmMoZ5NRXedAW665TZKj9bu9RUT6nH2PZhPhHSZe7UcB6pYS9gAZA,423634092,1780333651,"{""InstructionError"": [4, {""Custom"": 100}]}",0,
B1C2xfcUajAAU8n3zfuXqXvvALRw8cB5sPzNB5ktpump,123D5c6E3t9aAiYRQUYNCj2MVuBWYZUKpQaCKZuuyc6AYyvQuFEC3RgDVfi5LnjVmLiPyv8WNKF35UQaQ3LgVA5n,423634092,1780333651,"{""InstructionError"": [4, {""Custom"": 100}]}",0,
B1C2xfcUajAAU8n3zfuXqXvvALRw8cB5sPzNB5ktpump,4wMzHPctE1hMYRpYeh7qJTpFQgYDCGipiYUbBAMtM9MvVJwp7Qb62GC18w8vXfAJ5yxek1RKpgZkcEZwhzWHT51D,423634092,1780333651,"{""InstructionError"": [4, {""Custom"": 100}]}",0,
B1C2xfcUajAAU8n3zfuXqXvvALRw8cB5sPzNB5ktpump,5oHSPmvPN91mtqdWbMj35yWVc6DYcGBUAttTpy8dRic5oQQGAu8ZLj9t1CdDCgcJwjUYRxKWVViLhX12Q1NMCNip,423634093,1780333651,"{""InstructionError"": [3, {""Custom"": 6005}]}",0,
B1C2xfcUajAAU8n3zfuXqXvvALRw8cB5sPzNB5ktpump,26hKhfLsbGGZCeNmpV3eQU8Fynpw58KXnP3mrKwvgYCoP1eEj8fX1yJLSsYfsvHqQu1eeEmGqYvk2StFr46bb6xL,423634093,1780333651,"{""InstructionError"": [3, {""Custom"": 6005}]}",0,
B1C2xfcUajAAU8n3zfuXqXvvALRw8cB5sPzNB5ktpump,2rT3hmu3VR6eDdujSQBG3FKSrWAw3JNyuGqnw6mKqg9487VrEj86icoXgdi4n6DxYvuGD5vnZhg1vYjJceJKvJXB,423634093,1780333651,"{""InstructionError"": [2, {""Custom"": 6004}]}",0,
B1C2xfcUajAAU8n3zfuXqXvvALRw8cB5sPzNB5ktpump,5wzthu2p4zzKAHXnUqiSfrK4w5Bff9SZee793MDs35vHefdh2mo2Ya3KT1zLVexgGDCjRewsT4qR3Sqwry2MgMD5,423634093,1780333651,"{""InstructionError"": [3, {""Custom"": 6004}]}",0,
B1C2xfcUajAAU8n3zfuXqXvvALRw8cB5sPzNB5ktpump,5EdKUZv8K766dZKNdjBKEx5S5wcX9wK5fTTtsXFsAGkvQWuP2K7CDMZetwQUvWqwbVDXTFutn5Kzz4KjsaHRW8tx,423634093,1780333651,"{""InstructionError"": [3, {""Custom"": 6005}]}",0,
B1C2xfcUajAAU8n3zfuXqXvvALRw8cB5sPzNB5ktpump,32aPZLfh1nGKitjTi1RrPFZVWACsfCJaaSbpb17QdY83dQWLVk9G7asdJCQdAGoykgFgiiEpSxMUJRXg84sEC8Xq,423634093,1780333651,"{""InstructionError"": [3, {""Custom"": 6004}]}",0,
B1C2xfcUajAAU8n3zfuXqXvvALRw8cB5sPzNB5ktpump,4jfe6s6qmGnGz94sALLHRfw51A4Vu6ZGKUmTJXEvgR1WnDf5HF8eQgHirikN7M5piDmZbFRYTKYmzYE2HmwknJmr,423634093,1780333651,"{""InstructionError"": [3, {""Custom"": 6005}]}",0,
B1C2xfcUajAAU8n3zfuXqXvvALRw8cB5sPzNB5ktpump,MCyUkkS5yfQfV1MQ9wWZ2FsdAFASKAGgc8TgtHESi3KCEMNW7VN2QghN6HY5iqccBXPtoTRWjQrKhtvnTRcMcuA,423634093,1780333651,"{""InstructionError"": [3, {""Custom"": 103}]}",1,BuyEvent:39118932
B1C2xfcUajAAU8n3zfuXqXvvALRw8cB5sPzNB5ktpump,3PzDq3qvqJXE2WoC4Gv6WKgdBNns35FHbwoy8CSZQJsVJJVEhSkB3JEURz4yRrE1ENg65nHXqY8Bne1JjdjZJDeG,423634093,1780333651,"{""InstructionError"": [3, {""Custom"": 6005}]}",0,
B1C2xfcUajAAU8n3zfuXqXvvALRw8cB5sPzNB5ktpump,39M4NJV5qdKeLgf8QcER8oa6RyoNhSDBqqL4xAXdAspoqaittknStnSLWPVaFskP6sXqwPiGQUC2E3eTgYteQy5t,423634093,1780333651,"{""InstructionError"": [3, {""Custom"": 6004}]}",0,
B1C2xfcUajAAU8n3zfuXqXvvALRw8cB5sPzNB5ktpump,2aAfJTVXWEA28KL4msi89ncGqMUAUoF5LWSiVHgSXX1vfRxTnUcJK9ap8dA5QJx5TAXxnW2fYJM5HESqHoqWkTUv,423634093,1780333651,"{""InstructionError"": [2, {""Custom"": 6004}]}",0,
B1C2xfcUajAAU8n3zfuXqXvvALRw8cB5sPzNB5ktpump,3awSSuQojn9Et8aoftoYdTurXAtD43KyPhCnDftKNn1h2wzxu5zyrt5XnWCrQ3rtZLYsYTpbo5WeSvc1KxUbZN2X,423634093,1780333651,"{""InstructionError"": [3, {""Custom"": 6005}]}",0,
B1C2xfcUajAAU8n3zfuXqXvvALRw8cB5sPzNB5ktpump,5W7VPSbQGc7hmgTzKqJceLhQerx7yqX6cy2tSavbeEopwofEknqvqfhpukURMwi8JkBWuJfgVWMWw67oLWCzh74F,423634093,1780333651,"{""InstructionError"": [3, {""Custom"": 6005}]}",0,
B1C2xfcUajAAU8n3zfuXqXvvALRw8cB5sPzNB5ktpump,5AtJnnnuvHSWts7BLdcaZxs4KQG3nt26QryggLgXnJWL1EThNHjVHCH9A8TMAVWrxstMDq6TadDY8TzVCsMR8Tw9,423634093,1780333651,"{""InstructionError"": [3, {""Custom"": 6005}]}",0,
B1C2xfcUajAAU8n3zfuXqXvvALRw8cB5sPzNB5ktpump,teWXkA16k4uNQRNKEHNckVV8qFNckfwAZYDnXyypnUCh2Wdd6vVrvtr7RvDEiKA42RFDrtKvGsWt2ij32dd7F63,423634093,1780333651,"{""InstructionError"": [3, {""Custom"": 6005}]}",0,
B1C2xfcUajAAU8n3zfuXqXvvALRw8cB5sPzNB5ktpump,2YE7YHnL7thwqFDE2U2vqLDwe4R8FiP9gmrkQTY3SSAiamBn2DC62sESiqaVLgJJ1Vnc6bFGv845gHzhSk8muBU5,423634093,1780333651,"{""InstructionError"": [3, {""Custom"": 6040}]}",0,
B1C2xfcUajAAU8n3zfuXqXvvALRw8cB5sPzNB5ktpump,2LsAP1tWQ5BDGqDFf3kisPZrVWJLZRna8H1ejEjiRCsxbyq9fVuDssoakYfFV921P3SYSTK7XRPbVQZzdgssgJVU,423634093,1780333651,"{""InstructionError"": [3, {""Custom"": 6005}]}",0,
B1C2xfcUajAAU8n3zfuXqXvvALRw8cB5sPzNB5ktpump,Xmcvp2CFSTT3Yq5SCtk9AXe8U2YHLoEwCWScRF1v2sA3AKP8MSappjLY2wWUuvkQrFwofKHvD9WVJLRDMGXJNEu,423634093,1780333651,"{""InstructionError"": [3, {""Custom"": 6040}]}",0,
B1C2xfcUajAAU8n3zfuXqXvvALRw8cB5sPzNB5ktpump,38EEqJcoH3kJKV5pKA3yj7XcvVkzpdwW3mrgYTTXDYohkLnwsdVamkRrmwKV54Namp27C8QYkVuLvAsYyunfy5dL,423634093,1780333651,"{""InstructionError"": [3, {""Custom"": 6005}]}",0,
B1C2xfcUajAAU8n3zfuXqXvvALRw8cB5sPzNB5ktpump,4NY9gdUBnn22CpTSw7QSa5EjXCvvxuk5w5yk9LvX697rNsWqKyty1B3dNRz9P19Lsus5oUL7GQerRmdzyRxMnbCa,423634093,1780333651,"{""InstructionError"": [3, {""Custom"": 6005}]}",0,
B1C2xfcUajAAU8n3zfuXqXvvALRw8cB5sPzNB5ktpump,5FecWhPeZqaoeU1UEwT3pXNmdb4Er7kvjH68nG9HutrB5T57ostCCRLdgg3MPBzkwPsDhAKeh8s1Wd8WQPSoSomr,423634093,1780333651,"{""InstructionError"": [3, {""Custom"": 6040}]}",0,
B1C2xfcUajAAU8n3zfuXqXvvALRw8cB5sPzNB5ktpump,47bJQJ7oezCEufb1DbWsyCQgZYKXp6VPVH166VHkCGCvY7iJ1juYiERs7TWh8KaEGsyGqgxjUqaSZVcTLdaMYw25,423634093,1780333651,"{""InstructionError"": [3, {""Custom"": 6005}]}",0,
B1C2xfcUajAAU8n3zfuXqXvvALRw8cB5sPzNB5ktpump,2xgdJDjzTA3417cpzCfBqARzrQ2WYhN648Z2YMxiusNsjxBFzQhAd7Z6X8hooi4sQ5GcgvT5h8R3grxiLGBeYiCa,423634094,1780333652,"{""InstructionError"": [3, {""Custom"": 6040}]}",0,
B1C2xfcUajAAU8n3zfuXqXvvALRw8cB5sPzNB5ktpump,2qMsDEDwPLA72GjuuNeF7BfFYk13rQNBPqUV8KhiDQdoNRbKDmFH2jvQh5H3kQ6kWL2qS2ryAkUGB4a1dRpRemhU,423634094,1780333652,"{""InstructionError"": [3, {""Custom"": 6005}]}",0,
B1C2xfcUajAAU8n3zfuXqXvvALRw8cB5sPzNB5ktpump,5qJA4e319L1KFEjASDmQtrhQ7c6BMfuBVQjgumwPYVRAv9EFvRErnvLZYzg9RdM2K9GmtCqpX6i2T9vNkwTQJqXY,423634094,1780333652,"{""InstructionError"": [3, {""Custom"": 6005}]}",0,
B1C2xfcUajAAU8n3zfuXqXvvALRw8cB5sPzNB5ktpump,3dtkQmhF92EMQRUXupG5DCVRApb5JBd4DSVdiZyTuKrKHLawQASU7BWrcDnh59m1vidAy8hWW69dkuCkF5htf5wR,423634094,1780333652,"{""InstructionError"": [3, {""Custom"": 6005}]}",0,
B1C2xfcUajAAU8n3zfuXqXvvALRw8cB5sPzNB5ktpump,2AhBhU8iXQ5u92rtzS7gLVAr3iYhX9Vr1izpYBHsNNqeG43vgWj6QZjq62n4RiFBZjHzEpAhNYbUmf1Qc87LR9gb,423634094,1780333652,"{""InstructionError"": [3, {""Custom"": 100}]}",0,
B1C2xfcUajAAU8n3zfuXqXvvALRw8cB5sPzNB5ktpump,3TRNtvba7WmUpAPc8BGTaWTBg2U3wnmw63436AUVQrZQB6EeDKz7KM7EimWrpZYtgtdvYfBdSvxYovGdS81C7uHy,423634094,1780333652,"{""InstructionError"": [3, {""Custom"": 6002}]}",0,
B1C2xfcUajAAU8n3zfuXqXvvALRw8cB5sPzNB5ktpump,61b4ZnsB6rnqV7UDb9pxVnkKYF7YBafiJ575iYZqHkDuYhRf4DEThb5yk69JvPP8spbAY2P7ZZhgrobFaE2AgFmD,423634094,1780333652,"{""InstructionError"": [3, {""Custom"": 6005}]}",0,
B1C2xfcUajAAU8n3zfuXqXvvALRw8cB5sPzNB5ktpump,4njvgXPjy1AAwkjC3fJXpEfCzf34RBBV8KNNfKpYAqfrobc5za6WHWz4WN4iV47yk2N16E52wUGVyEixjHxjzxZi,423634094,1780333652,"{""InstructionError"": [2, {""Custom"": 103}]}",1,BuyEvent:29339200
B1C2xfcUajAAU8n3zfuXqXvvALRw8cB5sPzNB5ktpump,XowZkzwqB9h5mEVFKE8FYkvfVfwjCCzpgNa6VyFX7vMkFgssspXZwZY6VyBpKScHyz8xApPSLDJzyiAYDdj71wv,423634094,1780333652,"{""InstructionError"": [3, {""Custom"": 6005}]}",0,
B1C2xfcUajAAU8n3zfuXqXvvALRw8cB5sPzNB5ktpump,5fGVChqy7qMDXUtaSVaaSgWkNyhyXVNDDsac4TgHp855eW7RBSR9b18sRqqu19mwzDq6G14a3RHeFHZ99JX3kkvh,423634094,1780333652,"{""InstructionError"": [3, {""Custom"": 6005}]}",0,
B1C2xfcUajAAU8n3zfuXqXvvALRw8cB5sPzNB5ktpump,4gWg2xercb7BJUk6VhK4f2Uku8j2vWpsFTf4qqiKxuCfmwwnfvmALHabUYptxE3XML8W3vgBXRRgS1Wmcmy7X3F4,423634094,1780333652,"{""InstructionError"": [2, {""Custom"": 6004}]}",0,
B1C2xfcUajAAU8n3zfuXqXvvALRw8cB5sPzNB5ktpump,4QeWA7FjAKMPRrcpDB18EU5UDyutDMuKRPowukeCcBrZuK6P142Z69kiq5AchKzMdEbP4WgZXH1aaJsZp43dT9Tv,423634094,1780333652,"{""InstructionError"": [3, {""Custom"": 6004}]}",0,
B1C2xfcUajAAU8n3zfuXqXvvALRw8cB5sPzNB5ktpump,4bDJX8y1VCSqaTTMRFmSZgUZtnEKLjYnnjuVuRg4JugqbBm6nTPqBBNi75pcEReTEbRbxSeDcGyA6LqjZRScYLy6,423634094,1780333652,"{""InstructionError"": [2, {""Custom"": 7002}]}",0,
B1C2xfcUajAAU8n3zfuXqXvvALRw8cB5sPzNB5ktpump,2YCPqowBGC5xPhKxpW54TvyWbajvMeTCBwRxFHLvJGTKgSetyHz9SFDfTxh5mu4E5w8gJE98tvSDnC2sRQu8wz9U,423634094,1780333652,"{""InstructionError"": [3, {""Custom"": 6005}]}",0,
B1C2xfcUajAAU8n3zfuXqXvvALRw8cB5sPzNB5ktpump,3fn632m2jvxkk72eyRaP4aACznqe8H8K2J67Qposcyvw9Uk18fh67ukkYzyS6ZR75ynTMG5FJTeTTc2eydV8YG1Y,423634094,1780333652,"{""InstructionError"": [2, {""Custom"": 6004}]}",0,
B1C2xfcUajAAU8n3zfuXqXvvALRw8cB5sPzNB5ktpump,5LnrLwxcwaqjVbEZaZRmnwZvjGtbegKmLWKKXLCMxFsKV4pfnTuxhNTJWmqZJdPDrVLJ5Kbe6kteo2Pi9zdMpjHn,423634094,1780333652,"{""InstructionError"": [3, {""Custom"": 6005}]}",0,
B1C2xfcUajAAU8n3zfuXqXvvALRw8cB5sPzNB5ktpump,248bW8M4iK4TxUJYDuwfLKhMpL4eCWkNcNNHsYrfgkksJETVAWCEvPSYSY1LvFQoV3kAQgFrL6GsyPMtsNRA3kNP,423634094,1780333652,"{""InstructionError"": [4, {""Custom"": 103}]}",1,BuyEvent:48898666
B1C2xfcUajAAU8n3zfuXqXvvALRw8cB5sPzNB5ktpump,2sscqedTAX8ZmBVFEkXuxFpkZc7NzMaRLUspYgzYzQ9BAzD543AEqP9NessqvmBJuoENVB3gVcX6SF8ejxEamSjh,423634094,1780333652,"{""InstructionError"": [3, {""Custom"": 6005}]}",0,
B1C2xfcUajAAU8n3zfuXqXvvALRw8cB5sPzNB5ktpump,4gwjrisQeU9kZ5zbqwXzmx5EQbyxGJJwJddA8ZDrxSykhVYsH6u5cHU8nNR29tKWgSfG6JgyXavtrrJ8ZwzmMFmV,423634094,1780333652,"{""InstructionError"": [2, {""Custom"": 6004}]}",0,
B1C2xfcUajAAU8n3zfuXqXvvALRw8cB5sPzNB5ktpump,3qu5fHfkTWdaX5dRLhR8njvWSca1JmpyS5P7fYyyq8C4vaKHXfCz7MBZDzXKZXNnAASqdDxhPnyUcdfXTEAtHXZ3,423634094,1780333652,"{""InstructionError"": [3, {""Custom"": 100}]}",0,
B1C2xfcUajAAU8n3zfuXqXvvALRw8cB5sPzNB5ktpump,3zyuyLY9UMzFDYjQsGBS3QZJ8to2pvnfnTaGadNNsBomx9sGn3Wxjiwo4mqKq2Csb1WhqZg8n68BFPUtQgySyCgP,423634094,1780333652,"{""InstructionError"": [3, {""Custom"": 6005}]}",0,
B1C2xfcUajAAU8n3zfuXqXvvALRw8cB5sPzNB5ktpump,4D5c2RebgCaMcteVfvGCnjCQTLiZnDjFRYq5ECw5LnrSkYZUkAX6SBgkKePfhTMvqJUxwbm4BTbdQNUsWzq77zXm,423634094,1780333652,"{""InstructionError"": [3, {""Custom"": 6005}]}",0,
B1C2xfcUajAAU8n3zfuXqXvvALRw8cB5sPzNB5ktpump,4ioVCgAmwUE9zJUbxBFYev3vttCuTbd8QDaJXNjenkm5rZqpWy3j5t12a4jNPqFV4iMHpQJS84UveRAyKzqTq32f,423634094,1780333652,"{""InstructionError"": [2, {""Custom"": 6004}]}",0,
B1C2xfcUajAAU8n3zfuXqXvvALRw8cB5sPzNB5ktpump,2mxztThFtmEvzrDXGydMVGBpgrYczFkbgaqBVJBXw6zGWaHpF5YEsE3QiQAjz2zr8JoFp6V8ACM7x6RBzgBTpk39,423634094,1780333652,"{""InstructionError"": [3, {""Custom"": 6005}]}",0,
B1C2xfcUajAAU8n3zfuXqXvvALRw8cB5sPzNB5ktpump,vx24eWXNNpzHjdGDW5EkCAPXGTpxgw7yyi9b56jfeiubaas13174q26ZVhxwaF8Hu1xG2EQsSTUTu66tXAuuG51,423634094,1780333652,"{""InstructionError"": [3, {""Custom"": 6005}]}",0,
B1C2xfcUajAAU8n3zfuXqXvvALRw8cB5sPzNB5ktpump,9wx5Zs5MRtUmDLPTfMd2iMj9t7sxrP2ognQMtHT4sq5xGwWkmjYHSZTMRdc3u7FBdhDPVsdj1MRnwJG2gkq8ond,423634095,1780333652,"{""InstructionError"": [3, {""Custom"": 6005}]}",0,
B1C2xfcUajAAU8n3zfuXqXvvALRw8cB5sPzNB5ktpump,4vZijcFgtTbX32iRtVma7EWau8qcewNmrqa8twZzB3buunL5qrSXPoF533scwjwNsor9YSH5hbJpfdghVPncZ7s8,423634095,1780333652,"{""InstructionError"": [2, {""Custom"": 6004}]}",0,
B1C2xfcUajAAU8n3zfuXqXvvALRw8cB5sPzNB5ktpump,2Q663vSMzXndz1BVy6K2KsaYdHCtycTSR9JDAM1Ms2Jav9SHWvjRbgtSNRSMU9P6Bp4LN5ESBooXAx5n2Jfm9wTE,423634095,1780333652,"{""InstructionError"": [3, {""Custom"": 6005}]}",0,
B1C2xfcUajAAU8n3zfuXqXvvALRw8cB5sPzNB5ktpump,5mcRpGrmQyFY2BDTTJTtzJvcUZQjFPgvCssBSDQvCc1TZ9zBJKWyErNhvUoEjZcfvd6sqVnyNQ1VdFTp2uJDrsGB,423634095,1780333652,"{""InstructionError"": [3, {""Custom"": 100}]}",0,
B1C2xfcUajAAU8n3zfuXqXvvALRw8cB5sPzNB5ktpump,5BG7KQ28ys2VZRWfd5vqyMpJgew19FvrgyzVgLLQ66wXWbozPrWEWQR9gu8bzkciimwhHJhZZUZgmqFDxz9HZptT,423634095,1780333652,"{""InstructionError"": [3, {""Custom"": 6005}]}",0,
B1C2xfcUajAAU8n3zfuXqXvvALRw8cB5sPzNB5ktpump,46ffg8QZwurid6z7VusgEK96SLj94s6DuR4Z3ZSt9987kSFVD1AaNqS7uxXgq7LvH3HjUyWy6fDxmHAPJufNFR9Q,423634095,1780333652,"{""InstructionError"": [3, {""Custom"": 6005}]}",0,
B1C2xfcUajAAU8n3zfuXqXvvALRw8cB5sPzNB5ktpump,4p9XGT113HshAMfwzt4dfar1wY7SMNqKp6Kghjrn9Z8f5hAqJRpZgyGkSHYvUBAkPVZ2KvQG8pfnXH881uy4XZ8E,423634095,1780333652,"{""InstructionError"": [3, {""Custom"": 6005}]}",0,
B1C2xfcUajAAU8n3zfuXqXvvALRw8cB5sPzNB5ktpump,2WUPp9UAN9EvWu3aKJhiyBcgYnhamhNUmmL6PHrqfgBnQ8FhKFiWHaR5YHpa1U3dLq9RtPax23wVCBNpn8vMqKLP,423634095,1780333652,"{""InstructionError"": [3, {""Custom"": 6005}]}",0,
B1C2xfcUajAAU8n3zfuXqXvvALRw8cB5sPzNB5ktpump,2ksWcDjgHrjdxCKKoJbRQGrYD1X8CuWYd6ByVqNiJ7NxDRXbcNk3nZXqv7YRxVwAeWEXf6YueQGRQNhKbiVdsbG8,423634095,1780333652,"{""InstructionError"": [2, {""Custom"": 6004}]}",0,
B1C2xfcUajAAU8n3zfuXqXvvALRw8cB5sPzNB5ktpump,3rHJJzhA8jaNgEUDJpGXoAVET6xHUy8tgMMwGTzNtVKyVfa2T5gqJJhaPDL6Y6NucoKLVwDuncnjLqLEi1iaiuqy,423634095,1780333652,"{""InstructionError"": [3, {""Custom"": 6005}]}",0,
B1C2xfcUajAAU8n3zfuXqXvvALRw8cB5sPzNB5ktpump,5j2xTidVsvaoycCqqwQ9VYeDMHDgjfDU5XfdQhJNTXCcmKjDfcwghgTKAXYH6zL5n5Rz4VmQmwLGFNTrsJhBjuFS,423634095,1780333652,"{""InstructionError"": [7, {""Custom"": 2006}]}",0,
B1C2xfcUajAAU8n3zfuXqXvvALRw8cB5sPzNB5ktpump,5d2SRDS1Lu9kgztNTLpw8sAjwesa9r1CmNGTCZAwaN8ztmEz2KZDBZeVpoURfhEeMEP1MkYohfss66HtMiLkrdaA,423634095,1780333652,"{""InstructionError"": [3, {""Custom"": 6005}]}",0,
B1C2xfcUajAAU8n3zfuXqXvvALRw8cB5sPzNB5ktpump,4sJ7GXK4wDccfZs93zHDjMsTo2sec62xw1aEtNHBYjX6grzA1nJb55L7MW7YwuP7sf2un7S4aqFoT4XDMQMfbhR9,423634095,1780333652,"{""InstructionError"": [3, {""Custom"": 6005}]}",0,
B1C2xfcUajAAU8n3zfuXqXvvALRw8cB5sPzNB5ktpump,3xPV783Sa5oaL5DFxHNwAwAMcsMYu1e6UDCLRd7uA1o68YnFTxRkZTo1nvNPy7vvEmMS4EEEGWkgXRUrWSMX988W,423634095,1780333652,"{""InstructionError"": [2, ""IllegalOwner""]}",0,
B1C2xfcUajAAU8n3zfuXqXvvALRw8cB5sPzNB5ktpump,eEJNcq1HfNkosMPVaXmX9Zwp2eqHUXAHbS7ivQdaVvxDu8K99pWiHGXGNLwhkN6i6zVeD52MfcqJBZzgEFz4Du1,423634095,1780333652,"{""InstructionError"": [3, {""Custom"": 6005}]}",0,
B1C2xfcUajAAU8n3zfuXqXvvALRw8cB5sPzNB5ktpump,r4ozNv57RZe5g1AZ9v3yZgt2X2m4JvsFV4veQAuJg6aQFiwQ9ye9gVCkEeKWF1wPMuRcgh3GqCuDStMuCBL6KxF,423634095,1780333652,"{""InstructionError"": [7, {""Custom"": 6004}]}",0,
B1C2xfcUajAAU8n3zfuXqXvvALRw8cB5sPzNB5ktpump,reMVyPWjuiEcxMT3JC2Fx2fF9n8qjDc6a4okFcVuhMBsZEgw1VS3HLTRxDAZsWiL9CCDZChXmYmE596t1CiZqZU,423634095,1780333652,"{""InstructionError"": [3, {""Custom"": 6005}]}",0,
B1C2xfcUajAAU8n3zfuXqXvvALRw8cB5sPzNB5ktpump,5rTACnBQTpeyiosHTRYvrJ2ySjpj64W7a2EoxVm8HStH4kE88EQmACREX7PRu5VK6S7FVBQGJSC7UoFMKP6pVbBB,423634095,1780333652,"{""InstructionError"": [3, {""Custom"": 6005}]}",0,
B1C2xfcUajAAU8n3zfuXqXvvALRw8cB5sPzNB5ktpump,3pY5FNZbxg6k9XZ9vEZCieVUjMzyXb1NpjPWsfZVLZbqJtergfD4wjKexE3aWX8BxdLNAY7X13r85niXAVShetLe,423634096,1780333652,"{""InstructionError"": [3, {""Custom"": 6005}]}",0,
B1C2xfcUajAAU8n3zfuXqXvvALRw8cB5sPzNB5ktpump,3rtBvn2ZB44f4iZqQH6o2C5h9hphT6Cmzc1kyGi4r4dABQiESwmX9xWs7zFdqE16ky5K7gocmZ5Z777BmTRd8Wqv,423634096,1780333652,"{""InstructionError"": [3, {""Custom"": 6005}]}",0,
B1C2xfcUajAAU8n3zfuXqXvvALRw8cB5sPzNB5ktpump,4FK2uirUqx7P1esUorUxvkCS3yqGfYDSLMYN5bpiMnjakU8yHjsRvPReeZ8AVamAst1yNMwkojpNKLy9uq6NvaMk,423634096,1780333652,"{""InstructionError"": [6, ""ProgramFailedToComplete""]}",0,
B1C2xfcUajAAU8n3zfuXqXvvALRw8cB5sPzNB5ktpump,5ayiNj1USbMQfi2EzYPwmWCpoxLVFbD9G1TEEGNza5fodJwNfQXa2ehDY18jsnnzCCpkqnwoy6eEHEbtwvkncrpG,423634096,1780333652,"{""InstructionError"": [3, {""Custom"": 6005}]}",0,
B1C2xfcUajAAU8n3zfuXqXvvALRw8cB5sPzNB5ktpump,5EXhZL3k7qfbWy4Co1jTVxwd2gBiwDHWdse5eS4iW7YTPajmDmjB6KMreEJGxxJr5zTN7pzdzFzcFruNjPmJqJET,423634096,1780333652,"{""InstructionError"": [3, {""Custom"": 6005}]}",0,
B1C2xfcUajAAU8n3zfuXqXvvALRw8cB5sPzNB5ktpump,HoDqCgtRhEaYKHvamgdafJKT7vK6aq7xXMf6y4Qt9yrRSyVt5xM23MsqJhp4GpsLArCZhkae6gFLU4rzq8Brvns,423634096,1780333652,"{""InstructionError"": [3, {""Custom"": 6005}]}",0,
B1C2xfcUajAAU8n3zfuXqXvvALRw8cB5sPzNB5ktpump,eWV3KhewQoDh1bnGEnrXejpVHgr67DbSRAdWYpX3BzphAkQjYnjfiRNGDQrF2foAMLSZVgPGgseCVnHuagL5oEf,423634096,1780333652,"{""InstructionError"": [3, {""Custom"": 6005}]}",0,
B1C2xfcUajAAU8n3zfuXqXvvALRw8cB5sPzNB5ktpump,2nrATR311jRR1zDkqPocASQzYMiEngzm7RQ7iScRiAFiE4RefB8dFjwmCL4ptVDpR6rJWppyejNndoBEnKiwZhVQ,423634096,1780333652,"{""InstructionError"": [3, {""Custom"": 6005}]}",0,
B1C2xfcUajAAU8n3zfuXqXvvALRw8cB5sPzNB5ktpump,kTNXVr78MQpMUNjY87ZeQdw2HTQCDDP1pNWL1Lfbbqkc7enQDBMBpXSnzBXeKubSFJyNVcdGYCoDGsuHcQwuTpU,423634096,1780333652,"{""InstructionError"": [3, {""Custom"": 6005}]}",0,
B1C2xfcUajAAU8n3zfuXqXvvALRw8cB5sPzNB5ktpump,5sR4gGu26qMHSkw6qTpSksdvX94RcUus98aFpaySRrq4kYUPFoi35g3Lu7JJvUruGQ6fxE8CCLeXRZENNe5J5hx2,423634096,1780333652,"{""InstructionError"": [0, {""Custom"": 6005}]}",0,
B1C2xfcUajAAU8n3zfuXqXvvALRw8cB5sPzNB5ktpump,3Jw4nqpcYdXk93Xm38FGYaFvHiE8TPuG9DesV3sbwUNKD2DEVhiqK9qfcYjVRELoiwAhUyqzBxeMxNDuLegKh6DN,423634096,1780333652,"{""InstructionError"": [3, {""Custom"": 6005}]}",0,
B1C2xfcUajAAU8n3zfuXqXvvALRw8cB5sPzNB5ktpump,31TE5AYtTzuEKfPcQU3KZJAWNwFhU5TLMhbaFxM6szj8xY5cQkb4dTdKoT8LY8GjcyyKwsjKRvC6v1WmY8QWwc1w,423634096,1780333652,"{""InstructionError"": [3, {""Custom"": 6005}]}",0,
B1C2xfcUajAAU8n3zfuXqXvvALRw8cB5sPzNB5ktpump,4uFi5ycycmvM3iHt1QjGkJAtR6Rto5J24XFVCsuKd6KcRm1XSsmzsSqctY2u6NX8DYXs4u3FECmphFv3sSVjBWv8,423634096,1780333652,"{""InstructionError"": [0, {""Custom"": 6005}]}",0,
B1C2xfcUajAAU8n3zfuXqXvvALRw8cB5sPzNB5ktpump,5yXiknY3D5YvajrRkLginKf26ATmUHpmeQpTRrAymMSqxQ6cBmtdEAmY6TwZUsnMxThvvH1g6tc2t8oog5DEugxe,423634096,1780333652,"{""InstructionError"": [3, {""Custom"": 6005}]}",0,
B1C2xfcUajAAU8n3zfuXqXvvALRw8cB5sPzNB5ktpump,55YSHKiCzqhnQ1NBhbzeYvNmLEubfWMoyi7rcsmEmQbUASjvLKnkeRQuSutSFBkKiZ5zb5Afsu8VSKZwMC7Popwb,423634096,1780333652,"{""InstructionError"": [0, {""Custom"": 6005}]}",0,
B1C2xfcUajAAU8n3zfuXqXvvALRw8cB5sPzNB5ktpump,3zzgZKrgEHmRXwGao32r7aB357NgAecqgLbPttkgVokDKkKcZdLL8kYNgWPCvfXboqmMjZsnzPgzBnH7q1f23zgA,423634096,1780333652,"{""InstructionError"": [3, {""Custom"": 6005}]}",0,
B1C2xfcUajAAU8n3zfuXqXvvALRw8cB5sPzNB5ktpump,5YXewXa9j76UeSJo6Faz9PdFe99DBWMg8T82LXhM7weca9ya1eC98NT8HQ11RREwakdbJmyHoEGjYm1zAFFr8WXy,423634097,1780333653,"{""InstructionError"": [3, {""Custom"": 6005}]}",0,
B1C2xfcUajAAU8n3zfuXqXvvALRw8cB5sPzNB5ktpump,28SAUCYbWCijSuxHZKqX2QjFd8UPBofXgRt21pTAuSDAemj2UPhQccxmK7ZZGkCku86kKneP1ADb6mXr3xaks6se,423634097,1780333653,"{""InstructionError"": [3, {""Custom"": 6005}]}",0,
B1C2xfcUajAAU8n3zfuXqXvvALRw8cB5sPzNB5ktpump,3mGAwABHaRhYimkpD1AZrYX3JDhQqhR3YbeZGVXhWNaQgccnj64e2FHShCDfcTBzfPDS1VF1zicvGyHj4HpabVbg,423634097,1780333653,"{""InstructionError"": [3, {""Custom"": 6005}]}",0,
B1C2xfcUajAAU8n3zfuXqXvvALRw8cB5sPzNB5ktpump,612kxeXn7C5bjoVNU7Kc3DAHRZpjqCo4ckLiEo5By3pcUkmt93Bnac6xmSVUfYxQtzHsoY85jGvp41vEQxVJevXj,423634097,1780333653,"{""InstructionError"": [3, {""Custom"": 6005}]}",0,
B1C2xfcUajAAU8n3zfuXqXvvALRw8cB5sPzNB5ktpump,w79DwEtJ21kx9gRPfQoPRZHfnpvwAJK8yzMMzhnYD4omQcgEyxnhQ5nZJosQL2RFC7JRxjnHoGSX3WG7ZbT7Qur,423634097,1780333653,"{""InstructionError"": [3, {""Custom"": 6005}]}",0,
B1C2xfcUajAAU8n3zfuXqXvvALRw8cB5sPzNB5ktpump,w4o86o5w4Y282R6ouRdDUFi8TPyibYZWL2dLHGtt2MGW1jRtSX1Lyht5wwXrmwSjUdtcEWTPCpmteWQNQrm8LWD,423634097,1780333653,"{""InstructionError"": [3, {""Custom"": 6005}]}",0,
B1C2xfcUajAAU8n3zfuXqXvvALRw8cB5sPzNB5ktpump,4WJ6cWcxC1v5avsKfbAqeaTLyD3P8fnXEX6h7mF5Ly6A1cNeBH8VPDW5Jfyo5sLGcnFVGbXAPdTqqCGXQt4wDMfv,423634097,1780333653,"{""InstructionError"": [3, {""Custom"": 6005}]}",0,
B1C2xfcUajAAU8n3zfuXqXvvALRw8cB5sPzNB5ktpump,2JMfN5ukmqs3je4tEx8SH5aKVnRPJDaX7geV6HGuxRRmFZGMgHVxALF4CoNb6nsnHxozSw6EsDoSzWEzxMaBdPCN,423634097,1780333653,"{""InstructionError"": [3, {""Custom"": 6005}]}",0,
B1C2xfcUajAAU8n3zfuXqXvvALRw8cB5sPzNB5ktpump,2aT71pJcJCdWvf1PVF1osetPqooRm6Ju88dgiCHZ8vSGD9cWWLKTAv1P9og4UDESbS4jWMxFpCaiuxtyjCkN9hFG,423634097,1780333653,"{""InstructionError"": [3, {""Custom"": 6005}]}",0,
B1C2xfcUajAAU8n3zfuXqXvvALRw8cB5sPzNB5ktpump,5RTKu4Wpgy2CCuGw8CMc3b4n2y95cNT3MTzEb668mKqQNTWBP9xfF4ccd3nQN9uJzRKpWBSQgHbw6JxNa9oRJgAQ,423634097,1780333653,"{""InstructionError"": [3, {""Custom"": 6005}]}",0,
B1C2xfcUajAAU8n3zfuXqXvvALRw8cB5sPzNB5ktpump,3M8yYDmMjzC6dwphWZrbxjAtEDntSWXeZ98wvpbH5hrUSiXBphiio4LURKLdtXjjpK8S54yvyyf7qEzF2KJy3rSH,423634097,1780333653,"{""InstructionError"": [3, {""Custom"": 6005}]}",0,
B1C2xfcUajAAU8n3zfuXqXvvALRw8cB5sPzNB5ktpump,4YAqZ1ffGweRj1tYER5d54MAJayaR3oSWCiJcTMM2wqBbJoM59r9uHX7MBDqUErKLmjEDrWGksE24oNTC4vVH1sT,423634097,1780333653,"{""InstructionError"": [3, {""Custom"": 6005}]}",0,
B1C2xfcUajAAU8n3zfuXqXvvALRw8cB5sPzNB5ktpump,W9f93M2pJ3yCWJTvF3ujR4y1edtEUQ5voByF59tRTtoq4W9ymu6F5VDQ8Kf1miiJGXGfkumNW2rt8kHGSP1oQEq,423634097,1780333653,"{""InstructionError"": [3, {""Custom"": 6005}]}",0,
B1C2xfcUajAAU8n3zfuXqXvvALRw8cB5sPzNB5ktpump,9vo3iMtrguv8EyrJ4pDj4CXchBHyXAwDHs1Y1yriTjbSAPpfD7MKfQaWarM5cZjMroVqKSArmLM2hVDkaZoanuY,423634098,1780333653,"{""InstructionError"": [3, {""Custom"": 6005}]}",0,
B1C2xfcUajAAU8n3zfuXqXvvALRw8cB5sPzNB5ktpump,3PRu8Jwyxm6zBtE8ZLiaVLyLExeYpB72pWhV4CVHFDZnJDFeN8rosxCgbU1QeKbLYt7WJyRNyTYDzq8fi6cgaqqt,423634098,1780333653,"{""InstructionError"": [3, {""Custom"": 6005}]}",0,
B1C2xfcUajAAU8n3zfuXqXvvALRw8cB5sPzNB5ktpump,3R21JMqphLpHZMTapYVNWs1CWVJ1qJtJsjSHcp6e6iVrKDWJKgoEq8dztgZzDjJu7K8u34yXi2fEeeURktoKQboW,423634098,1780333653,"{""InstructionError"": [2, {""Custom"": 7002}]}",0,
B1C2xfcUajAAU8n3zfuXqXvvALRw8cB5sPzNB5ktpump,N3Vm9d3htaLbdHHRdrwRzkZkagS7DzPmt248p7AuqtypbjYF9NU1KaGPbhhwBCUHUwDoCj9rDKsZDnHz8CX7NKJ,423634098,1780333653,"{""InstructionError"": [3, {""Custom"": 6005}]}",0,
B1C2xfcUajAAU8n3zfuXqXvvALRw8cB5sPzNB5ktpump,2YaiMqM5WxyV3iZRuxjrfEGmGH3AoX4YJRikcdkJVE1KEcnjxtt6rzV6YrdmQx6HNwDgVoT519Eme9c9nyWK6YKH,423634098,1780333653,"{""InstructionError"": [3, {""Custom"": 6005}]}",0,
B1C2xfcUajAAU8n3zfuXqXvvALRw8cB5sPzNB5ktpump,3zUEnbc5GeeShVMWHtBB3118HshHA26TXHcmtmuYJSbVZLGEa4mrcPi5DVb2dFyvjXCT2d7utqoyn4wSL8yaU6uC,423634098,1780333653,"{""InstructionError"": [3, {""Custom"": 6005}]}",0,
B1C2xfcUajAAU8n3zfuXqXvvALRw8cB5sPzNB5ktpump,DCHvR7hs3WX4uHSHEA76JxARXqrngH1c3zKBwUoA8rk6BdxH1Hua4WKn5w9QxfbU6MwzQbyttNjmWscii8w8q49,423634098,1780333653,"{""InstructionError"": [3, {""Custom"": 6005}]}",0,
B1C2xfcUajAAU8n3zfuXqXvvALRw8cB5sPzNB5ktpump,BaUJg8Mk3SwrHK165rohqfJqtQDyJByyG3jppq8Nf3dHVis6TVMv3as98AaCkhLjFMJWri2U9C6sKzkW3LyAZbB,423634098,1780333653,"{""InstructionError"": [3, {""Custom"": 6005}]}",0,
B1C2xfcUajAAU8n3zfuXqXvvALRw8cB5sPzNB5ktpump,47VS51EeA9km7oVrDc1xPcLGK6MRTBP2THgHi3j4kgBV4JpKRFDy5FRhv9L3zvDEEYgU9gHFexwiYBDgroVQyGYo,423634098,1780333653,"{""InstructionError"": [3, {""Custom"": 6005}]}",0,
B1C2xfcUajAAU8n3zfuXqXvvALRw8cB5sPzNB5ktpump,38aMB3YffWGXwPxHyGbnyQTttCg4gKjbS3U5WdFDQRgQdiDMtokmnHzVCN77Di4CDoJJqbahRjMmoLbmYP5QHzRZ,423634098,1780333653,"{""InstructionError"": [3, {""Custom"": 6005}]}",0,
B1C2xfcUajAAU8n3zfuXqXvvALRw8cB5sPzNB5ktpump,553Ye1MeGhhs3ZEyLMnXNwXrLqs8UgbrY3xE7nt7VULhCuTKb15GnWBvvhMfHaKf6aANXDUh4nRTiAZ2mXMTaptT,423634098,1780333653,"{""InstructionError"": [3, {""Custom"": 6005}]}",0,
B1C2xfcUajAAU8n3zfuXqXvvALRw8cB5sPzNB5ktpump,24EnNgP9kKr5FiH4reWpi9RiwdhNVBaSeKJiiwb6htEYBCtyPg4eCaRdEipTDicW5ZPevNjZMNmm63Jabm8RxLuW,423634098,1780333653,"{""InstructionError"": [3, {""Custom"": 6005}]}",0,
B1C2xfcUajAAU8n3zfuXqXvvALRw8cB5sPzNB5ktpump,5kyefzmxipRebhLGmzosF7xmaj844Jv65R1fbeNqwpzsbnqrqzvmfn5tXaD8Mr6F6zyJzDjxYGWVWbRmucPK4o7R,423634098,1780333653,"{""InstructionError"": [3, {""Custom"": 6005}]}",0,
B1C2xfcUajAAU8n3zfuXqXvvALRw8cB5sPzNB5ktpump,5QhKiim1byT4udbUGRhbZuxoKtKMvdjjcoeXBhRjXNSaP7D8twZ2pa74ZA4HJMwbkkxaAbYMdCQPHCQh4fg7Ta3f,423634099,1780333653,"{""InstructionError"": [3, {""Custom"": 6005}]}",0,
B1C2xfcUajAAU8n3zfuXqXvvALRw8cB5sPzNB5ktpump,dKHmCaaHvapdGd52mZ4mwyrcQ7UGiRHQm73TGK7endTZWuT3qGctkLDqDhDcBDdFg58qZC5NVr1ubiPDXmK7xhm,423634099,1780333653,"{""InstructionError"": [3, {""Custom"": 6005}]}",0,
B1C2xfcUajAAU8n3zfuXqXvvALRw8cB5sPzNB5ktpump,3aLzXQhEeUG5yF7URKrgwaooow3rdZSyk3LfR7EkTjEBVbLrSW7eSUP9eq6XdytTkJEPkRrJ4BvT5Wi89cT2kkUW,423634099,1780333653,"{""InstructionError"": [3, {""Custom"": 6005}]}",0,
B1C2xfcUajAAU8n3zfuXqXvvALRw8cB5sPzNB5ktpump,2qpza5A9RaPLfLHmu58o3vJG46CRFNZPFXy761z8V9EXsAna5wgKkEdozgKMJ2SVQLLhM5rmvwWXpKFRnta5CCCn,423634099,1780333653,"{""InstructionError"": [3, {""Custom"": 6005}]}",0,
B1C2xfcUajAAU8n3zfuXqXvvALRw8cB5sPzNB5ktpump,ofogoKfD5MyYhSSXjXh2LKs4WJP32HGpVPcKgF5ijeigQu9MZWXWRhyKsww6ahzJkCC5vekpU1nd6KooPK1R1sp,423634099,1780333653,"{""InstructionError"": [3, {""Custom"": 6005}]}",0,
B1C2xfcUajAAU8n3zfuXqXvvALRw8cB5sPzNB5ktpump,54qiVFRrwTW4kFG7xe63hjR7KdiuDzWsLxxdGv3udjpz6dGPutBNX5aNfQUK1XDDW53bexUSZi7QB59KgKY4t64a,423634099,1780333653,"{""InstructionError"": [3, {""Custom"": 6005}]}",0,
B1C2xfcUajAAU8n3zfuXqXvvALRw8cB5sPzNB5ktpump,5NH1L1NLv4g9Pt6K6SNQzk8rcTWYayftEyzEtyiDj2SNZY4xwHimWPveGrWs3q4f1d2ghGAzNbFBsgpscbQG4bRD,423634099,1780333653,"{""InstructionError"": [3, {""Custom"": 6005}]}",0,
B1C2xfcUajAAU8n3zfuXqXvvALRw8cB5sPzNB5ktpump,ekX62DPMQZ5nWBBV6NgV3Y3XjfAuTJkccR1SSVPHsVsdqVoQJ7wqfDLPESuxoeVLfageXSY3KoUvHQ53jFU2yPM,423634099,1780333653,"{""InstructionError"": [2, {""Custom"": 2}]}",0,
B1C2xfcUajAAU8n3zfuXqXvvALRw8cB5sPzNB5ktpump,542wAsktfNH4m98wuDS1YL8hvmTd6vjRbu8JP4pPd2V8cbq7xG8rrYMzjM1PS1wCiq2GpWr2PWJv7c4kWtVvV4mt,423634099,1780333653,"{""InstructionError"": [3, {""Custom"": 6005}]}",0,
B1C2xfcUajAAU8n3zfuXqXvvALRw8cB5sPzNB5ktpump,3bePvX314Xbphcm4xJLxFiF5HcoPwgnWFovAZN9XQZkENsS7R4552C4dyHC7fGjzJTeUAFAL8CN9UuiKYkQruRfx,423634099,1780333653,"{""InstructionError"": [3, {""Custom"": 6005}]}",0,
B1C2xfcUajAAU8n3zfuXqXvvALRw8cB5sPzNB5ktpump,3gbf2Ct7kT5YT9k2vUdyKxrt9ZTbCucnnqJReeER6vddFeFvfXjZeUagsbsuqs4t3yduKptbdb7Q2EzugV5zNoWb,423634099,1780333653,"{""InstructionError"": [3, {""Custom"": 6005}]}",0,
B1C2xfcUajAAU8n3zfuXqXvvALRw8cB5sPzNB5ktpump,4U9fkpC4wJAmuResg1x2uHh18e7ZHERgfdjxtah6rjGQMtUCcBF1oyCRe1mmFb8ZWGdmxq4Rv3qCVzC5FDZcCpRG,423634099,1780333653,"{""InstructionError"": [3, {""Custom"": 2}]}",0,
B1C2xfcUajAAU8n3zfuXqXvvALRw8cB5sPzNB5ktpump,5BzrG2LxfFwvpe2BbzughxjkceBcD9ikXCYRvbw563MBJs6jrNzq8aYH26nS4gKAiSqznfT9CCLpyMko4yhhsfuU,423634099,1780333653,"{""InstructionError"": [3, {""Custom"": 6005}]}",0,
B1C2xfcUajAAU8n3zfuXqXvvALRw8cB5sPzNB5ktpump,3qy4BjjBrfBSnPd84ZiMmNSqmCkpbu4JmV3LkJoTFssQ9irtKV5wwTBCTFidC91iX7ELfFA7qhwEq9bi19FuZtyr,423634099,1780333653,"{""InstructionError"": [3, {""Custom"": 6005}]}",0,
B1C2xfcUajAAU8n3zfuXqXvvALRw8cB5sPzNB5ktpump,2vSJULXWpA5af1NZKyjiKybVBfqEgkuY6DGxA7MapiY7HNjDeRp5jcH1hu66koRqdqJueNUWmmbHuZHYma7F89z2,423634099,1780333653,"{""InstructionError"": [3, {""Custom"": 6005}]}",0,
B1C2xfcUajAAU8n3zfuXqXvvALRw8cB5sPzNB5ktpump,45rJYRYBpM59QSyzsyUXQW6pXwGzEDbhmmBvZQHMUS5AhZQ9YYjySDfgDDSVzzNn5GQuRZH9oneJf6BdvmFq1K6V,423634100,1780333654,"{""InstructionError"": [2, {""Custom"": 6000}]}",0,
B1C2xfcUajAAU8n3zfuXqXvvALRw8cB5sPzNB5ktpump,4JzZzgjrXepdiVvuyEXRfYDGGa1k9is8S6ogpyWKN4Wbwdn4UqAvc8V9H5MRYE8GK2rCf57dtcE3B4yruu22gGhJ,423634100,1780333654,"{""InstructionError"": [2, {""Custom"": 6000}]}",0,
B1C2xfcUajAAU8n3zfuXqXvvALRw8cB5sPzNB5ktpump,4mW1EhTJ4HBUXza6MiLyKEVFVAUdwwJJhu7715kMP8pSLj43VsbzUCgiAVMqUzosHCgrZCDVAMKRWjQr1Uhpp816,423634100,1780333654,"{""InstructionError"": [3, {""Custom"": 6005}]}",0,
B1C2xfcUajAAU8n3zfuXqXvvALRw8cB5sPzNB5ktpump,5dHiNxcvKgEbVoZdWJSi6c4nuC7aU5E57YQgsGnTApU7JdujnNZZGtzWy925movBwyFz35H86e4kd9sXJheySrKD,423634100,1780333654,"{""InstructionError"": [3, {""Custom"": 4}]}",0,
B1C2xfcUajAAU8n3zfuXqXvvALRw8cB5sPzNB5ktpump,4SeSprSJADZZNLG225hT2mTdjj9ZDaad458Ec9VZizzWSV7bLz6WgZcMakbKJ1iUbrQyoxg8vttvz9fqj62chhPX,423634100,1780333654,"{""InstructionError"": [3, {""Custom"": 6005}]}",0,
B1C2xfcUajAAU8n3zfuXqXvvALRw8cB5sPzNB5ktpump,5USocPvq7odTBMa57G7TUEt72QwUMx99rdy4XJryA8LPAWAws6ha8tAd8W2WHmZtqAviVZQWrt1Z1TiEafTyK785,423634100,1780333654,"{""InstructionError"": [3, {""Custom"": 6005}]}",0,
B1C2xfcUajAAU8n3zfuXqXvvALRw8cB5sPzNB5ktpump,jQFwCTJUyxFXnymmgEqaDFWH3gF7YzA7zCLtUDvatWtQoCwEURCBsLyrvKjx7EqzR2WevAg7ehuvHNsZrx4in7d,423634100,1780333654,"{""InstructionError"": [3, {""Custom"": 6005}]}",0,
B1C2xfcUajAAU8n3zfuXqXvvALRw8cB5sPzNB5ktpump,3wsS1Yu2zhDenVAYTe4GHpHnyf1JLtDG7Rv7xW9UBvHF6dEZqQwY6mQXjoVySbkvcdSFqRsJuGgu3yPpQgotbqDJ,423634100,1780333654,"{""InstructionError"": [3, {""Custom"": 6005}]}",0,
B1C2xfcUajAAU8n3zfuXqXvvALRw8cB5sPzNB5ktpump,AKuhBuZGvcwNwDmsUt1ugqnvYodJ22b8VG6sxjGnMbyLRLSrsePRx4C4fZviQU58BDZoeZcmzXkssc2B49Tj2E2,423634100,1780333654,"{""InstructionError"": [3, {""Custom"": 6005}]}",0,
B1C2xfcUajAAU8n3zfuXqXvvALRw8cB5sPzNB5ktpump,xuUhkspASUfx9aJg3yWU3yXdcBJLKumwnmiZwvV59neoYZsDjtBzh5yehskjUHP9pxTtz7UKFKYvYxpp5bvSRtV,423634100,1780333654,"{""InstructionError"": [3, {""Custom"": 6005}]}",0,
B1C2xfcUajAAU8n3zfuXqXvvALRw8cB5sPzNB5ktpump,2aozVXuXTFre9D56ZA1rcWuj76XLnZ1BvBpe6iKXtxHunseppJ9pbgXjTcEYB4sgBFPZfGZFbUqpmw1vQdMT1FsM,423634100,1780333654,"{""InstructionError"": [3, {""Custom"": 6005}]}",0,
B1C2xfcUajAAU8n3zfuXqXvvALRw8cB5sPzNB5ktpump,x729XoRxL49z9zxjmMqyaZmLUvw5NqihXswLkneZjyNvRe15JwM5Ct5fGW7C4sCWxW5ZzGYRQea8sstWSVQPjcS,423634100,1780333654,"{""InstructionError"": [3, {""Custom"": 6005}]}",0,
B1C2xfcUajAAU8n3zfuXqXvvALRw8cB5sPzNB5ktpump,3MTY3BH73ze4kiiFG8z1wieKL4KJ2177mMLZd84KRA9znTbw7qfuKyCY6cmsHZweJsXPSMzygc2Gyu8XLjjxqe3n,423634100,1780333654,"{""InstructionError"": [2, {""Custom"": 7002}]}",0,
B1C2xfcUajAAU8n3zfuXqXvvALRw8cB5sPzNB5ktpump,2khDmzpryA3PAnQUfGRsK5eBvkZdZqkjuUk1oNGUuuQEsY5JHaJovGTZRwspKVszE847gzV1Ypi38RinNYpZPS33,423634100,1780333654,"{""InstructionError"": [2, {""Custom"": 7002}]}",0,
B1C2xfcUajAAU8n3zfuXqXvvALRw8cB5sPzNB5ktpump,5x4YR9X2wLxvwzKiYeuwWHWB2SPfDZ7wTFiZSrUsonCHVyxcYBcgNxSq5LWotWxe7oDyX7dwHp92A9XT6qfX1jzR,423634100,1780333654,"{""InstructionError"": [2, {""Custom"": 7002}]}",0,
B1C2xfcUajAAU8n3zfuXqXvvALRw8cB5sPzNB5ktpump,4mGJMYvR5YJgbx5oYF5JSLDvdaPjEAkWC1qJ6F2WWcysXJyKGx8dTffn9MRDubRt4k8wxtEfr7GjqWoQ5XFjFJMC,423634100,1780333654,"{""InstructionError"": [2, {""Custom"": 7002}]}",0,
B1C2xfcUajAAU8n3zfuXqXvvALRw8cB5sPzNB5ktpump,421DmnkmxPxMUfkB9R4uK2z199qWdt8asTTVZnGasxQRFF8gajYUWPs9RRZh6XP3LJdSX8WUGdMXypG8vaczYLBC,423634100,1780333654,"{""InstructionError"": [2, {""Custom"": 7002}]}",0,
B1C2xfcUajAAU8n3zfuXqXvvALRw8cB5sPzNB5ktpump,wG2GRJYLUk9VZrRjNsbPivmLdSZMxnU8yzMxHcw8CSmKsbUdHTru842bqJ9NtGzR5M811cNo9cctNCFmvv6oGmH,423634100,1780333654,"{""InstructionError"": [2, {""Custom"": 7002}]}",0,
B1C2xfcUajAAU8n3zfuXqXvvALRw8cB5sPzNB5ktpump,67KP2FycHb1MNXRajAJEN7mfdYJu1H7Z79pis5FMUH36bAHMMPbcTCfFU1bSoYgrDeQgDPMujHGxPHK97RFfMhcv,423634100,1780333654,"{""InstructionError"": [2, {""Custom"": 7002}]}",0,
B1C2xfcUajAAU8n3zfuXqXvvALRw8cB5sPzNB5ktpump,3V31fPikAxnfcsrtChd3LeKGcVjRNGxsaX7niJmKRnWi7KUi6RiZfVznFuQnnHRrn9uSPc7eWSyPwqF7kFNp5v9J,423634100,1780333654,"{""InstructionError"": [2, {""Custom"": 7002}]}",0,
B1C2xfcUajAAU8n3zfuXqXvvALRw8cB5sPzNB5ktpump,3DLgf4LEhtbbA8p2LtJK4bKUr2s64V9chkhk1zDNPpNxq9MRbapgwaYXuHF7AW3pFhorQz3n85evGiEuuNmoqkJ4,423634100,1780333654,"{""InstructionError"": [2, {""Custom"": 7002}]}",0,
B1C2xfcUajAAU8n3zfuXqXvvALRw8cB5sPzNB5ktpump,3byAHrCaPQuyFfMRhancDhKZYQebc4bq63Peb1oAzK3gAbmBMNeXwGy9aBSKmtrFFSPMun1sNRuyuoKMPFBPHWBL,423634100,1780333654,"{""InstructionError"": [2, {""Custom"": 7002}]}",0,
B1C2xfcUajAAU8n3zfuXqXvvALRw8cB5sPzNB5ktpump,b4hSE6rtaNaTwxewquEPGqei6N8R8BzWj2BVxkxnrzdcCxz1NsdMByzDur3TAGxys6Dangdko6U7V9EsmBfd1Mz,423634100,1780333654,"{""InstructionError"": [2, {""Custom"": 7002}]}",0,
B1C2xfcUajAAU8n3zfuXqXvvALRw8cB5sPzNB5ktpump,24spytAGvy9pv48n2edugWNvgrgDTnm83qJFFpbFWNRDob8qH3pwpZT5Hrfsq1igtPfYuyrTrEjH1LrHeuFQSiCk,423634100,1780333654,"{""InstructionError"": [2, {""Custom"": 7002}]}",0,
B1C2xfcUajAAU8n3zfuXqXvvALRw8cB5sPzNB5ktpump,4XSTxbwza1PepCybw4g4J62yzPp6RJARiSAX6HrjRpdSFDF1kPqJLDXRuSV4cwbts5wS7JQNKRRPC2yeVvFTCBwG,423634100,1780333654,"{""InstructionError"": [2, {""Custom"": 7002}]}",0,
B1C2xfcUajAAU8n3zfuXqXvvALRw8cB5sPzNB5ktpump,5XnJnsURwAUWVsghePUqPtZRNPrEXnrz25m4XHpSEAsNjEfdGvP5Nhxn9DX984j32dUheGB87g67vRXkHo75bJyd,423634100,1780333654,"{""InstructionError"": [2, {""Custom"": 6000}]}",0,
B1C2xfcUajAAU8n3zfuXqXvvALRw8cB5sPzNB5ktpump,3Bm7Zb6aiuWhnQj5coqnLiBLhsgW8duMQZXQ7xCAjDY72M75LMc2YdaKL5J62muBX1abK1PJzMYH6XJLJvZBS2tJ,423634100,1780333654,"{""InstructionError"": [3, {""Custom"": 6005}]}",0,
B1C2xfcUajAAU8n3zfuXqXvvALRw8cB5sPzNB5ktpump,4BPAR6kCHdj4Xm5ujrZbs1FHjqVZxvdbF22gMS6ENaXGWevx2sSmGUBKNeTUx51xa2gUtDvdarJpenEXcUn7VAfC,423634100,1780333654,"{""InstructionError"": [3, {""Custom"": 6005}]}",0,
B1C2xfcUajAAU8n3zfuXqXvvALRw8cB5sPzNB5ktpump,2rSJKS9kw6vQjUAyw8gTbYa6PKfhnrwzrSaBJkvsfLmFgR6ekQPkgUVxBQ69CPCCoXhLPvqyJmMYvuJkU3fJct3W,423634101,1780333654,"{""InstructionError"": [3, {""Custom"": 6005}]}",0,
B1C2xfcUajAAU8n3zfuXqXvvALRw8cB5sPzNB5ktpump,3RTkoL8EkPvBTpBeHzKmNyiRbLxuhpYSfbsrfefVuD6ciBhr8LyetEu2qvT54oYsQdJVNojD7sFXmMmyQq9tzYA4,423634101,1780333654,"{""InstructionError"": [3, {""Custom"": 6005}]}",0,
B1C2xfcUajAAU8n3zfuXqXvvALRw8cB5sPzNB5ktpump,2psSAf2NaMVJN2LdosNUuqHouQBVGJQRkiLJZmrh6J1wYLE2XRAqMupTpqnL6rKzWFqDBuPQFZVAAJZjhwQUhKta,423634101,1780333654,"{""InstructionError"": [3, {""Custom"": 6005}]}",0,
B1C2xfcUajAAU8n3zfuXqXvvALRw8cB5sPzNB5ktpump,3xirjq7Uw4JWwvfD5btnDkuK2zZVAiFWbutMocXAdkjyzZaUQNkGrQsAtUZhtpX7QKQJuWuc5QiYpQeUnaQ9mLuF,423634101,1780333654,"{""InstructionError"": [3, {""Custom"": 6005}]}",0,
B1C2xfcUajAAU8n3zfuXqXvvALRw8cB5sPzNB5ktpump,42NWfu8ohupvjZy66jauXbCMbGBTC49hf6qfWugrR9Vf7rBqkmm77L9XF6FoFRJHDuoZTRCrpVupiPMTcawkMV8j,423634101,1780333654,"{""InstructionError"": [3, {""Custom"": 6005}]}",0,
B1C2xfcUajAAU8n3zfuXqXvvALRw8cB5sPzNB5ktpump,5HdzpvVjYB2YMV9kxHYsoWW8K2iLJh4WBWf1V2QFP4S5vtTJ7oRiKyy7k1tPtXAMNa8jehtxd2fJ79rFEnjHge4F,423634101,1780333654,"{""InstructionError"": [3, {""Custom"": 6005}]}",0,
B1C2xfcUajAAU8n3zfuXqXvvALRw8cB5sPzNB5ktpump,2D2ezyw46iQxTU9oPWYZJc4r3bSQToeRVhWpnrMo5kFVQres1S3AWjDPJwYWD1aY9rSeq3xHa6yRkaUBQwqU6y4A,423634101,1780333654,"{""InstructionError"": [3, {""Custom"": 6005}]}",0,
B1C2xfcUajAAU8n3zfuXqXvvALRw8cB5sPzNB5ktpump,3yxxdVgaoSQNFJez8WxmXpvRwMQUNndxHrApuGQouDCSpn9fswmTo5JBaFh5UMDYFf3d9CbeUg4Xcw48m5Pd3BZE,423634101,1780333654,"{""InstructionError"": [3, {""Custom"": 6005}]}",0,
B1C2xfcUajAAU8n3zfuXqXvvALRw8cB5sPzNB5ktpump,5Wgg5xSy1XKRjstg8Bb737Lim9wc86yySLtZuAyajtPAwKhP1M6b1treqxBHp1qgfmrRyzuv32Ltdqe64nikAyjg,423634101,1780333654,"{""InstructionError"": [3, {""Custom"": 6005}]}",0,
B1C2xfcUajAAU8n3zfuXqXvvALRw8cB5sPzNB5ktpump,ykptVNwRVsgsB6eqQMJFFRgXKZV1orXccj8M8khF3qp19qazGhukEFoZR6SESPxbFCYfyJKGMkHgiPaKMrLbi63,423634101,1780333654,"{""InstructionError"": [3, {""Custom"": 6005}]}",0,
B1C2xfcUajAAU8n3zfuXqXvvALRw8cB5sPzNB5ktpump,2m8xZ5EdW3Ykrvde6S5PS9BTXpHM3Qz3rB3SsEdQ8712uk1XtwLuvNjwQFRTseAPhJqtPABXfvNGLkRCUjitVgBR,423634101,1780333654,"{""InstructionError"": [3, {""Custom"": 6005}]}",0,
B1C2xfcUajAAU8n3zfuXqXvvALRw8cB5sPzNB5ktpump,3sHf1QRVKBb8zsxJXMj2c1U5Ha6hum2ontvd4HMrckUrUmkzqrZpm2fxgm1NnAeYAN182BbEtZmpviXQjT2MAynv,423634101,1780333654,"{""InstructionError"": [2, {""Custom"": 7002}]}",0,
B1C2xfcUajAAU8n3zfuXqXvvALRw8cB5sPzNB5ktpump,4dfLZrLAwkn8fmRhgP3PodBbVFtozyvDxwmGDxYVgyHLfNJZyRBxxqMFhDmAZFrCiPYS96UmWfwVNQDsdz9ebv8Q,423634101,1780333654,"{""InstructionError"": [3, {""Custom"": 6005}]}",0,
B1C2xfcUajAAU8n3zfuXqXvvALRw8cB5sPzNB5ktpump,2QVQvBdWomzGNT4j7Li5j8ySACbxzoU6LDLHwLxZcLqxxRuKvkd3sc5ac7tbVodMEV5wQdadkv1jqwraAvk73ikz,423634101,1780333654,"{""InstructionError"": [3, {""Custom"": 6005}]}",0,
B1C2xfcUajAAU8n3zfuXqXvvALRw8cB5sPzNB5ktpump,86tt2TeB7YDM8SKpF8vREY4VBdH8WRKvYk1uvJFaup7vUzzzj9SsviJquGkd5sAdChyrR9eokxjSfR4azWHE4td,423634102,1780333654,"{""InstructionError"": [2, {""Custom"": 6000}]}",0,
B1C2xfcUajAAU8n3zfuXqXvvALRw8cB5sPzNB5ktpump,5DHnHjrtwJ1Tjb71hWrYNXyCdJ2aoVxsn6QFBZuyn9joJ2ceSz62Jo1ND3uewsArns1YJJZnd5JpMA3yCh3PTfRP,423634102,1780333654,"{""InstructionError"": [3, {""Custom"": 6005}]}",0,
B1C2xfcUajAAU8n3zfuXqXvvALRw8cB5sPzNB5ktpump,2pKmZtbRrvzSh4ti347Z5tX19kHng8TRg4HPmdTk5GwUGCupRTrFkFa73byzyYcmnTrHrwMyZ8oToDFeKMbfV2kd,423634102,1780333654,"{""InstructionError"": [3, {""Custom"": 6005}]}",0,
B1C2xfcUajAAU8n3zfuXqXvvALRw8cB5sPzNB5ktpump,4Jg3snkcHfLpRVfKbJf6CSSbpvWg3SHTETxQG2d2YPorcKam1PnEmwwUznArWqaYXkjuqwTLvjcN8VNm6PuJtJAJ,423634102,1780333654,"{""InstructionError"": [3, {""Custom"": 6005}]}",0,
B1C2xfcUajAAU8n3zfuXqXvvALRw8cB5sPzNB5ktpump,2ydzt6chhzMqEposBHaqDSg6EN6sa62HmZj9beYmRpPWEk1xTqFbiMFxGVEkQi93zmfqKLgq5ySmfCFGFRwbeuY6,423634102,1780333654,"{""InstructionError"": [3, {""Custom"": 6005}]}",0,
B1C2xfcUajAAU8n3zfuXqXvvALRw8cB5sPzNB5ktpump,4uPHJ3ATvf5RFu87Diis15qNAk3PcFU64KPFtMXdjzzVS6Sy3EoWcXMXzp7PUu53sLenJiPkueKWVY9h5hACwhxy,423634102,1780333654,"{""InstructionError"": [3, {""Custom"": 6005}]}",0,
B1C2xfcUajAAU8n3zfuXqXvvALRw8cB5sPzNB5ktpump,3VmcvEL7fTrhMPeEz4sASzna14JaLhLhwBdEzuRdBVwN5xi6EZhys2N2HzoZBwJCcdTGgSvK9fcr9dBhi6fSAxHr,423634102,1780333654,"{""InstructionError"": [3, {""Custom"": 6005}]}",0,
B1C2xfcUajAAU8n3zfuXqXvvALRw8cB5sPzNB5ktpump,2gh8KCiJdLxz4RNyreJ4Yq2fah5FQhsSNob7LbGhL5fsZ8t8JNXbmy5yTFNdBQBy1XhTvMKAokPozsoxyC135YF2,423634102,1780333654,"{""InstructionError"": [3, {""Custom"": 6005}]}",0,
B1C2xfcUajAAU8n3zfuXqXvvALRw8cB5sPzNB5ktpump,Cp1jrEYPbZbVRFg8PCnvuKsvgwnKiwduTDQ8stbxZFSTpWYMv2bwg8AzM9WR4b82jD3rvxf1RcZB6yQQVjmDZAc,423634102,1780333654,"{""InstructionError"": [3, {""Custom"": 6005}]}",0,
B1C2xfcUajAAU8n3zfuXqXvvALRw8cB5sPzNB5ktpump,4fpkWcvUdgtfiexeRv1qBppZnAp8vjqWL7gW8JCdyiHoDHDUBXYLErRY1NFK4ZAikuShNhtmSs6oTh3U1X7sRSQm,423634102,1780333654,"{""InstructionError"": [2, {""Custom"": 6000}]}",0,
B1C2xfcUajAAU8n3zfuXqXvvALRw8cB5sPzNB5ktpump,2gdYSuSZzcNNbeKTE7QCS5SGe2uCaAEU28vjb5wJgLRcmpn5sFWwZ1VzVuYZgQ9SnkXWMgV1dYZmcQkCoVLAJz9X,423634102,1780333654,"{""InstructionError"": [2, {""Custom"": 6000}]}",0,
B1C2xfcUajAAU8n3zfuXqXvvALRw8cB5sPzNB5ktpump,2PqhD7nVCxKNrzKhZqfXzny41x1XPjy4w6eta9BDNj73a84HeEt3XJhRtHxQuzz3i5CsiWDWTn6QTkCy9DHtDPgF,423634102,1780333654,"{""InstructionError"": [2, {""Custom"": 6000}]}",0,
B1C2xfcUajAAU8n3zfuXqXvvALRw8cB5sPzNB5ktpump,3CeHwXdJQC8iEXmhFMap2Bga79hzfuVNizh1wX8y2gF17kZdgZn5fV7nVUb3HKnF5VmwcvAJHYHZAmSqLQmgs3tt,423634102,1780333654,"{""InstructionError"": [2, {""Custom"": 6000}]}",0,
B1C2xfcUajAAU8n3zfuXqXvvALRw8cB5sPzNB5ktpump,2s9RbXdXeziMNmkwk2pe7zyYxLnVwh4srn2iP9tVwUZJLjsAQZSAxviHtd1SNGwNNYKtkVDUCH2NLUPzq3Fqd5t6,423634102,1780333654,"{""InstructionError"": [3, {""Custom"": 6005}]}",0,
B1C2xfcUajAAU8n3zfuXqXvvALRw8cB5sPzNB5ktpump,5Dnf6fYdThcB19ew414rJwVcgvhyxg7bQW1ApQUJp6ZoSSpBqi9LXLHqtfn5ak7otRCT9AB4Yq7HXyQv7u6NsEXp,423634102,1780333654,"{""InstructionError"": [2, {""Custom"": 103}]}",1,BuyEvent:29339200
B1C2xfcUajAAU8n3zfuXqXvvALRw8cB5sPzNB5ktpump,3CvuTfEHXvuq3WHEAMgB25Zjbc9MgnP54BqBrNxbgkhvBb7rfX5f2TiAuCrcEAHdTh9ZBNS44BE51g18AqueY3Vy,423634103,1780333655,"{""InstructionError"": [4, {""Custom"": 103}]}",1,SellEvent:0
B1C2xfcUajAAU8n3zfuXqXvvALRw8cB5sPzNB5ktpump,Eviwb6eJGcEqj48pJWoU4VtQWLATPeScWn3hvYk6dbDdfxuJsUarbN6q8WA1uL7ubxj3kwwbXcTaSwtPQwz9j4V,423634103,1780333655,"{""InstructionError"": [3, {""Custom"": 6005}]}",0,
B1C2xfcUajAAU8n3zfuXqXvvALRw8cB5sPzNB5ktpump,4Vy3497C7Lo5KKiXG6ZmhUScv1yVZQPHRP2dq8NyTpZYT55ZrKQsVaLa89mAKVgvAXh7JZvAXopFF21SfuLGioiB,423634103,1780333655,"{""InstructionError"": [3, {""Custom"": 6005}]}",0,
B1C2xfcUajAAU8n3zfuXqXvvALRw8cB5sPzNB5ktpump,5G1zuppWLUWRxDbnnYjuZ7zEQ7WeNnxVajPPo8ECefdcpWMKzz6DTkN3ZcR3tRuZiF7FUCM24hMYU6fmCGCbifPK,423634103,1780333655,"{""InstructionError"": [4, {""Custom"": 1}]}",0,
B1C2xfcUajAAU8n3zfuXqXvvALRw8cB5sPzNB5ktpump,4MRgVkg87jioKbFqfFS1rFC71TAWZReqWkcHkcHS6PgNB6XvmhdbSLjbUxELmKQiYre8mXBbdPJLNMyL7vDQgCQ6,423634103,1780333655,"{""InstructionError"": [2, {""Custom"": 6000}]}",0,
B1C2xfcUajAAU8n3zfuXqXvvALRw8cB5sPzNB5ktpump,2vfkuKbaykJHhBW9c9K1VcjhbCkdQpbvANqSgxhyWgVmEnRmBp9WGuVEWM6Z37rngCah9pHpth3DiR5v8d2TvN15,423634103,1780333655,"{""InstructionError"": [2, {""Custom"": 6040}]}",0,
B1C2xfcUajAAU8n3zfuXqXvvALRw8cB5sPzNB5ktpump,KUJkBaoGPbc9uUVrSJNnFLrYBgpQkHEjMddnMh6uzKPJdGTbGV6gUkNeyvSJnJxuaL3yuoTnCRQ7XyEZJXXUa6r,423634103,1780333655,"{""InstructionError"": [3, {""Custom"": 6040}]}",0,
B1C2xfcUajAAU8n3zfuXqXvvALRw8cB5sPzNB5ktpump,GEYcWE19FAxmj4HDr7eMkpzvHnEf2U4nsuUsvXNHr6ezdvdAMMDEWBx6yas5tVYJG9SdvRKrvcsPDXq4DDv67r2,423634103,1780333655,"{""InstructionError"": [3, {""Custom"": 6005}]}",0,
B1C2xfcUajAAU8n3zfuXqXvvALRw8cB5sPzNB5ktpump,2NeUch3SjA6DV7irV5ipu4UTybicLyyJeLJxwNXagnrXF7BDru3SVpqtNZVeWp79cv2sxCvdDjcjSoQbKxe4phEF,423634103,1780333655,"{""InstructionError"": [3, {""Custom"": 6005}]}",0,
B1C2xfcUajAAU8n3zfuXqXvvALRw8cB5sPzNB5ktpump,QcAEGFr7bLAPULAXqvwgUyepzWB893HW6YRsQ8YPBJruXSmizxryfME9C5pVnNG1SXGmMRniNQUUYJRUQ61wjdd,423634103,1780333655,"{""InstructionError"": [3, {""Custom"": 6005}]}",0,
B1C2xfcUajAAU8n3zfuXqXvvALRw8cB5sPzNB5ktpump,U2eAAFRbdAnE6KxGstnmb4oyWjN8DrgMT44ZpSWLwBTXeSpbfG1DHyRqA7QM8cdMZ2Nx2X2rRFk1LBQELi5QDxo,423634103,1780333655,"{""InstructionError"": [3, {""Custom"": 6005}]}",0,
B1C2xfcUajAAU8n3zfuXqXvvALRw8cB5sPzNB5ktpump,2B63XP9ruteyTGyfpKaoBKj1Qyw3RAoJZxwLGfzYhbF6ZVq19MiJKgQRTyshxHLXvgdQSRV1nZVKDbYbe7fv65f8,423634103,1780333655,"{""InstructionError"": [3, {""Custom"": 6005}]}",0,
B1C2xfcUajAAU8n3zfuXqXvvALRw8cB5sPzNB5ktpump,2Xpu26w2W7j9G122MeKgMtXoqyKyoN2UzTaTEDMmCrBr6AK5S9j8o7MdEe5qTMB1YLwYgAYq7ppQpjUx8EvySDES,423634103,1780333655,"{""InstructionError"": [3, {""Custom"": 6005}]}",0,
B1C2xfcUajAAU8n3zfuXqXvvALRw8cB5sPzNB5ktpump,2EvePKGUZqfQUxmwjMuwtRKTj7fCVosyfv5zLKQVAgEmjPvS4oA5BNKQts5zKEwK6WQeA1qWYmwqpC9F1YjLUCEa,423634103,1780333655,"{""InstructionError"": [3, {""Custom"": 6005}]}",0,
B1C2xfcUajAAU8n3zfuXqXvvALRw8cB5sPzNB5ktpump,Vic3bgjkDBZioxdn3cGZNaNGZDJgoswbEw6t2KgtP9F9qbEVGbfNbV5QRpcjRomf5yb3wmbWhYpytDCWJVWi6bp,423634103,1780333655,"{""InstructionError"": [3, {""Custom"": 6005}]}",0,
B1C2xfcUajAAU8n3zfuXqXvvALRw8cB5sPzNB5ktpump,2gj5kfPeHa9qrj7qDFXPUKNURmgWoBSbvCfkmKn2YSAXGT99vxK7vUq8b7uPJzRWmCGh6LY2i7Za3RC9ETPJr1CS,423634103,1780333655,"{""InstructionError"": [3, {""Custom"": 6005}]}",0,
B1C2xfcUajAAU8n3zfuXqXvvALRw8cB5sPzNB5ktpump,3pyVPe2rG3fBYuoEhmebJ8vgczMUpikRUjkKtWFnjRFxah1FdbvhSATtK7yxaciqGyrM475UM5sCpRsFhacH69EK,423634103,1780333655,"{""InstructionError"": [3, {""Custom"": 6005}]}",0,
B1C2xfcUajAAU8n3zfuXqXvvALRw8cB5sPzNB5ktpump,5Zsy7EMmrhUYkc4DpxbzFRgEfmxeosH9ffDwRC8k1oUfrt3ib3e9w32xdbr97f6wigewJrJ7TudqJWkQmdmH4Urd,423634103,1780333655,"{""InstructionError"": [3, {""Custom"": 6005}]}",0,
B1C2xfcUajAAU8n3zfuXqXvvALRw8cB5sPzNB5ktpump,F6MYXGkdT4X84gH3HxXG1QyYfAbUSPiYg1ovuuzBxAD8wUXnFQZhZBMcLbzQs6262ory4DacuQuJNP6hCjTgj2m,423634103,1780333655,"{""InstructionError"": [3, {""Custom"": 6040}]}",0,
B1C2xfcUajAAU8n3zfuXqXvvALRw8cB5sPzNB5ktpump,2VTGbvaJUQVPV6ukgfjgYYH9V7gMVdyZ6FUNmNT8yUnRPefYwDC59ihwNKTNsxWJ8HbSrHGpAL285wCGZsXf48z4,423634103,1780333655,"{""InstructionError"": [3, {""Custom"": 6040}]}",0,
B1C2xfcUajAAU8n3zfuXqXvvALRw8cB5sPzNB5ktpump,5gFrFGL9mGRKmPbFdZC1S8zMXowTCCABSJC8bFcht6CyPnjARVPar4tXNV6B9trJPd4h1rXB9yhUHiePuiyEhv6e,423634103,1780333655,"{""InstructionError"": [3, {""Custom"": 6005}]}",0,
B1C2xfcUajAAU8n3zfuXqXvvALRw8cB5sPzNB5ktpump,54cY6Aim1KHRv6wg7Nmatw7cdeWrLMEHbutYKSzGWob1QLU4kngEG5RMA8JqJuAvuoUFzRuA4kRUpbU719TT3NJJ,423634103,1780333655,"{""InstructionError"": [3, {""Custom"": 6005}]}",0,
B1C2xfcUajAAU8n3zfuXqXvvALRw8cB5sPzNB5ktpump,3rF5m5tWd3MnvqCFpziHBVPTDZh7LdtGCrvB4XK17fQJCdjJuJiqNYEkE9jTJNQ6WGU8xtS2Yw9CMhBSNLLSb5GC,423634103,1780333655,"{""InstructionError"": [3, {""Custom"": 6005}]}",0,
B1C2xfcUajAAU8n3zfuXqXvvALRw8cB5sPzNB5ktpump,5soGojR4T43nbjEUrXgLMu43U2nzVfCQScsWgvSwDus9axjv86SZ4BkrfrgsErYjar6ySpPgsLnLYvNPDEXciknw,423634104,1780333655,"{""InstructionError"": [2, {""Custom"": 6040}]}",0,
B1C2xfcUajAAU8n3zfuXqXvvALRw8cB5sPzNB5ktpump,3Bffoe1Shzurz8SgXLcVtxkw1oaGskLv8FGRzESKwLQkD1fA4t3eej5yWVHGWLamUYKHZSJAuQwXd1kaxGv2TytS,423634104,1780333655,"{""InstructionError"": [3, {""Custom"": 6040}]}",0,
B1C2xfcUajAAU8n3zfuXqXvvALRw8cB5sPzNB5ktpump,2zGPXfF2JjiPV7bx2syu5v7cNshBv3XfSPdud7DoU7q8GXdPAswLzBqwPsCU7s2YkTmSkXbgGJrcKMrXXqBbtA2w,423634104,1780333655,"{""InstructionError"": [3, {""Custom"": 6040}]}",0,
B1C2xfcUajAAU8n3zfuXqXvvALRw8cB5sPzNB5ktpump,4gWiKBE2QF8HU4nZDoF7wVVHdAXv9R7SnDFRteiXsQutbXPFabggwGFhVNP9N2CULpEVK3RxiVNpqquCag9sEybB,423634104,1780333655,"{""InstructionError"": [3, {""Custom"": 6040}]}",0,
B1C2xfcUajAAU8n3zfuXqXvvALRw8cB5sPzNB5ktpump,2CCz7D9YmrhthUrniraYpmgKL37wqNaac79WkxyT3sj8HzQEgrD3YEaU1TCzrfbuqfGCF1RubuBtfh3MKtsMewQs,423634104,1780333655,"{""InstructionError"": [3, {""Custom"": 6040}]}",0,
B1C2xfcUajAAU8n3zfuXqXvvALRw8cB5sPzNB5ktpump,tWREwN4FBxWkHBMt1N9fxG3rtJp4CxifEFspcPtQ3hnMkGZtjfyELJXSFhd6XkhzckbzzXk2XU7WXcXNhFAvpUs,423634104,1780333655,"{""InstructionError"": [3, {""Custom"": 6005}]}",0,
B1C2xfcUajAAU8n3zfuXqXvvALRw8cB5sPzNB5ktpump,387qfS98TjyS6MTaaVdxzgwQaZB2zQWUBY2HvDndrBqVDeTnEiondfb181HGCxCsukM81fEqhd2zQFTDeJFyGy8t,423634104,1780333655,"{""InstructionError"": [3, {""Custom"": 6005}]}",0,
B1C2xfcUajAAU8n3zfuXqXvvALRw8cB5sPzNB5ktpump,3wQnbdyGzENmh3KD8noBkNXwPv2bBCB7xtur1yE9gcq5JwsSPsvxYghYNTTPC2a443QoGC5ScHy8QQsVX51oojgs,423634104,1780333655,"{""InstructionError"": [3, {""Custom"": 6005}]}",0,
B1C2xfcUajAAU8n3zfuXqXvvALRw8cB5sPzNB5ktpump,2mxDbxCho8Uzxt3VX5wrfaooGXiQzmD1iJBYn1CDEeRuTq9pa25dPkvMzWFvmHUjPE9wAGWGyQKtEoCXr7x3cc1f,423634104,1780333655,"{""InstructionError"": [3, {""Custom"": 6005}]}",0,
B1C2xfcUajAAU8n3zfuXqXvvALRw8cB5sPzNB5ktpump,NT61H4pPFE6w7qraYjXGgpGuyUvU6UjAYrDGj6gtrdrFGNs11bSaV6wdpyqCafBNnMoHPz3JSpPavBCona2mDM6,423634104,1780333655,"{""InstructionError"": [3, {""Custom"": 6005}]}",0,
B1C2xfcUajAAU8n3zfuXqXvvALRw8cB5sPzNB5ktpump,3mP4T6sufNb4Nh5dYVyx7sdGxaCzNrPvrmo9DbXBJCywAKY9VPVKmKERWN5b3UhEi2AuknMJMRhuSeBSqdNB4xYK,423634104,1780333655,"{""InstructionError"": [3, {""Custom"": 6005}]}",0,
B1C2xfcUajAAU8n3zfuXqXvvALRw8cB5sPzNB5ktpump,UaaoiTMZshr3xZ8podsjmM9Z5WzRzN8ZG1Wzs9Yfq2ePjNg3TC4eyWP8rfLuc7Up9PrDSjiN7QLNvLpfW5Rgx9h,423634104,1780333655,"{""InstructionError"": [3, {""Custom"": 6005}]}",0,
B1C2xfcUajAAU8n3zfuXqXvvALRw8cB5sPzNB5ktpump,4R2VzemK8k2jQqFY6exNvfrynANrMsuD7JwYMb2tiz11DcLGCVSRZoE3rTSSduVLA6EJsmb41rsAXJAVQFY7AWHs,423634104,1780333655,"{""InstructionError"": [3, {""Custom"": 6040}]}",0,
B1C2xfcUajAAU8n3zfuXqXvvALRw8cB5sPzNB5ktpump,5uhyoN5chVay1Y4J1on6WTAzZdYajYMXt3dwfukEjsL9JAfJTouWwDP65YSopQHSTfc5R15YdgimGFznyBn32A4v,423634104,1780333655,"{""InstructionError"": [3, {""Custom"": 6005}]}",0,
B1C2xfcUajAAU8n3zfuXqXvvALRw8cB5sPzNB5ktpump,4hsbgGm57V3F5u4cBvuvCaAGcDnddsgvdhFYaiKTza6GmafHPBVLvQ91YzwNN2Fj2bhFWNedoExtAi5MYzDdHg3R,423634104,1780333655,"{""InstructionError"": [3, {""Custom"": 6005}]}",0,
B1C2xfcUajAAU8n3zfuXqXvvALRw8cB5sPzNB5ktpump,3MMjiPMa4Mqf8uqXieHjNscfdGK66bxhAzg3yQyngUFsYpLacRfEhrZzRup2s4Hw9pNjBjV3oHdD4UPUQHgQfgw9,423634104,1780333655,"{""InstructionError"": [6, {""Custom"": 6040}]}",0,
B1C2xfcUajAAU8n3zfuXqXvvALRw8cB5sPzNB5ktpump,3qsxZTE1fzpMBsFqvoJ2htoJoR6WpjcYNDsvHNnn3XDfQ4monYFykni1E8cBaBSN97YnatZ5SErGD3dzpmgJNphc,423634104,1780333655,"{""InstructionError"": [4, {""Custom"": 103}]}",1,BuyEvent:48898666
B1C2xfcUajAAU8n3zfuXqXvvALRw8cB5sPzNB5ktpump,4nRRsAH8baRi38f8Ckdtvr32Pj4QR8Q8uMTKTqMTeSocg2uG6ZAP2dbrGj34L1azuT74kUfNZv3NCHw4gd1v7eTw,423634104,1780333655,"{""InstructionError"": [3, {""Custom"": 6040}]}",0,
B1C2xfcUajAAU8n3zfuXqXvvALRw8cB5sPzNB5ktpump,2QUm84qc2YpVzoLwgwt8qvs7YM6maTAcyUSGhNttZaBJjUfLUbKzBZV6sdiiuPzNdKrMvmCJta3hzEz8LPdnFq4X,423634104,1780333655,"{""InstructionError"": [3, {""Custom"": 6005}]}",0,
B1C2xfcUajAAU8n3zfuXqXvvALRw8cB5sPzNB5ktpump,5NM9BY2T7mqNs6LMCdrzB5x8sEf3FUcV8dVD9m6sv8mMn54YkX3Ur1KgPEEBqqwvDArZepmu6wYZiCSaJHEuDppC,423634104,1780333655,"{""InstructionError"": [3, {""Custom"": 6005}]}",0,
B1C2xfcUajAAU8n3zfuXqXvvALRw8cB5sPzNB5ktpump,2AQKqNyk6mPaCeS7GhDU9nf2txbZbKQpadryVqzZdBsJN3PUs2hhh6n7ssiAvA82rqMh8uvWr7DqnqgEo4kUhf1S,423634104,1780333655,"{""InstructionError"": [3, {""Custom"": 6040}]}",0,
B1C2xfcUajAAU8n3zfuXqXvvALRw8cB5sPzNB5ktpump,2yovPbabY2ZacUHyQXZkjBiwhbKBccG1LPeU6xHVLmqcwXPBxUf4ndZqVhXfJ4uBP6FimP73uNX3hUmBGpnnn893,423634104,1780333655,"{""InstructionError"": [3, {""Custom"": 6005}]}",0,
B1C2xfcUajAAU8n3zfuXqXvvALRw8cB5sPzNB5ktpump,A3UDiTaN4JRsMdoTXKy6tp9oVUhyEBygxx7kFUG1YUbvQbaoiLbRrUt1ninTTvER8M3j7e5TMYdxKK4V5hZf1PW,423634104,1780333655,"{""InstructionError"": [3, {""Custom"": 6005}]}",0,
B1C2xfcUajAAU8n3zfuXqXvvALRw8cB5sPzNB5ktpump,56qkDRbdi5Hc4Tk8h9Y6hbxi5v3Ub4GJ1d2pxKjjkcCeU9SY6Bw6mvAxhocyyGPuHK8QLLnPEDA71BpH1QF5DAEn,423634104,1780333655,"{""InstructionError"": [2, {""Custom"": 7002}]}",0,
B1C2xfcUajAAU8n3zfuXqXvvALRw8cB5sPzNB5ktpump,46hG2fPHaa7vniprUm8F887uDwgn8yBcDXkfsFtLivj5zaQxd8BvQgiW1ufgdjsLDshfDDgBzAWSMQ8mE3V9jYU6,423634105,1780333656,"{""InstructionError"": [5, {""Custom"": 103}]}",1,BuyEvent:977973332
B1C2xfcUajAAU8n3zfuXqXvvALRw8cB5sPzNB5ktpump,uNAvSL8dJhe9E8js18YwGaY36VReP8kAGaYPZfLZJ7jVbVDwrPH8MfqLZYZtKSfvsenE6namS5UMvi54VL18Ek4,423634105,1780333656,"{""InstructionError"": [3, {""Custom"": 6040}]}",0,
B1C2xfcUajAAU8n3zfuXqXvvALRw8cB5sPzNB5ktpump,2AyJQ3ee2tzPX8RSAS4cv7Z4ABbjEtJs5bEGrxPo8o5SAFZK6PsTKZE63nKcCLZzdDAkNoSUzwgknVe33qtKaiPX,423634105,1780333656,"{""InstructionError"": [3, {""Custom"": 6040}]}",0,
B1C2xfcUajAAU8n3zfuXqXvvALRw8cB5sPzNB5ktpump,2KWajJgs9nF2gF5gDcdiSbb4z8nigm6RMGTHmTcqyZao3g2yJJ3EDuBd3SQYQetVbYzysfGWdfTsNmS6eZhhT7hP,423634105,1780333656,"{""InstructionError"": [3, {""Custom"": 6005}]}",0,
B1C2xfcUajAAU8n3zfuXqXvvALRw8cB5sPzNB5ktpump,5AoXqnXGwa6kjFHZvMQLdkmTbeerd2grHeWfa1X5eb7mhmTaGPi4PoYpQhPhdKXRUMTDGzzM6Fxvo8bwJN7g15RU,423634105,1780333656,"{""InstructionError"": [3, {""Custom"": 6005}]}",0,
B1C2xfcUajAAU8n3zfuXqXvvALRw8cB5sPzNB5ktpump,42DkH35wH1idKWtcepfTPW5m6Yfr2wKRpGtu2TgwX3LFUMz4fR3zxqdC9VgEvskNoXFa1mHD2DwjhgFtusb2GdNN,423634105,1780333656,"{""InstructionError"": [3, {""Custom"": 6005}]}",0,
B1C2xfcUajAAU8n3zfuXqXvvALRw8cB5sPzNB5ktpump,3jFeUjt6Ma6nuUopPLJR9DLJ7JaAxcNf4gGERbCTMVUBxJrTzaPXkdxKNcEmyjJK8xUQ6kQ61Dc9BpRRKwJfFd2N,423634105,1780333656,"{""InstructionError"": [2, {""Custom"": 6040}]}",0,
B1C2xfcUajAAU8n3zfuXqXvvALRw8cB5sPzNB5ktpump,4s78PXvUwZ6EDFdsyHVBmyo9Fo6qLdfLAisErw6MdBP6uTG5WdLjfeDnCr9pZGGEkSGkkf3KBZH32GGs173iVD8N,423634105,1780333656,"{""InstructionError"": [3, {""Custom"": 6040}]}",0,
B1C2xfcUajAAU8n3zfuXqXvvALRw8cB5sPzNB5ktpump,4hkpQ3oSUW1DbUgUvqhkfAmsgpwUtEpVCGB9GNxmDh15YMryyU3vDNxEVnDDzVRRvP6dYxFUXDZmuJZHEv5FbPea,423634105,1780333656,"{""InstructionError"": [3, {""Custom"": 6005}]}",0,
B1C2xfcUajAAU8n3zfuXqXvvALRw8cB5sPzNB5ktpump,2hmKGMRniJgRsALGqf345fa8q4Qr1NXSLP8VAyxNXbBTY7AXybufJf8CYhkq5XveUeV17KyV812EWneAvQhBix15,423634105,1780333656,"{""InstructionError"": [3, {""Custom"": 6005}]}",0,
B1C2xfcUajAAU8n3zfuXqXvvALRw8cB5sPzNB5ktpump,2TFwtWmycSWXC3vKUDAUSnjU8eyje6JhyNQchZGgxDASRGQBr28ZPh3B13vuszEHWmpdtxWJT9tcgT65zXKLd1uu,423634105,1780333656,"{""InstructionError"": [3, {""Custom"": 6005}]}",0,
B1C2xfcUajAAU8n3zfuXqXvvALRw8cB5sPzNB5ktpump,45quEbMs99WZ2uecpAHtYABCEi4dRutLAYuLGKSZ8as5TZi79w7PaGBj3fLD45SiHjyZtRwj4TrjM6sLHTUmZmWj,423634105,1780333656,"{""InstructionError"": [1, {""Custom"": 103}]}",1,BuyEvent:977972
B1C2xfcUajAAU8n3zfuXqXvvALRw8cB5sPzNB5ktpump,eL6YYjzywUEaN5QwTtKUo7PTdX5dd8DfeY2uvwvXtEPP87CjwPqViX7CCEZ97mnTt4XgfeE8c5AoRijn6rcW4sm,423634106,1780333656,"{""InstructionError"": [6, {""Custom"": 6040}]}",0,
B1C2xfcUajAAU8n3zfuXqXvvALRw8cB5sPzNB5ktpump,4pEUevKcVtQUNF8b3xiU4a4xcDniftnPxZ6Nk9ekbzzLNp96uBHjbMAvY4ukkpJisPRyXqcMhWhoH9Qv6uryCgKa,423634106,1780333656,"{""InstructionError"": [2, {""Custom"": 6000}]}",0,
B1C2xfcUajAAU8n3zfuXqXvvALRw8cB5sPzNB5ktpump,X7MwV7sPipAb19GxfcL5QwQKZyeFcW4wwRAdtqe3cVHGbpZNw4cw5VpjCaciq3AFAythZKVmLceptmxi5vQG7tt,423634106,1780333656,"{""InstructionError"": [2, {""Custom"": 6000}]}",0,
B1C2xfcUajAAU8n3zfuXqXvvALRw8cB5sPzNB5ktpump,3MDaPUaanbMHEatw2vWwUdkNzyvSgtksryLFtGckRzhLUQQMoBVkSbU6ZEcJ6a4VtXMxW2KZCWeNivjA8fu1eWxr,423634106,1780333656,"{""InstructionError"": [3, {""Custom"": 6040}]}",0,
B1C2xfcUajAAU8n3zfuXqXvvALRw8cB5sPzNB5ktpump,5Fobom83ELCxy4ZVnmuNnFpJbrxNoTjCyUkoMjwRxFQ1bz8MuPSLc7mxjhHUEgvXdQzrNWtzZktJxQBHddmBDW9a,423634106,1780333656,"{""InstructionError"": [3, {""Custom"": 6040}]}",0,
B1C2xfcUajAAU8n3zfuXqXvvALRw8cB5sPzNB5ktpump,34DU6quiwfouXEYujesjfnHSLJgXPtytoQQqGy7Gpi915MgNQ1m2ZgTNFwWbANf5EdqjWHwFZjyRcBXT1pTgCXjV,423634106,1780333656,"{""InstructionError"": [3, {""Custom"": 6040}]}",0,
B1C2xfcUajAAU8n3zfuXqXvvALRw8cB5sPzNB5ktpump,25qW6fCCB5aMJnsUSRGk56Xii6BVLHrFSpEYtdbwQkAmXJuhPfcX1CEW77d9q9gFQN9b7hUE1EeRev6tZ2SiX75b,423634106,1780333656,"{""InstructionError"": [3, {""Custom"": 6040}]}",0,
B1C2xfcUajAAU8n3zfuXqXvvALRw8cB5sPzNB5ktpump,EJJ4kkD7e26yaBaKhZ9qYnM9DSoRm7zH4q1amc2u8CDDEkTTPTmvbMVUgKBoJTZroR8eW3kJwE4ZRpjhHKaS4Zf,423634106,1780333656,"{""InstructionError"": [3, {""Custom"": 6040}]}",0,
B1C2xfcUajAAU8n3zfuXqXvvALRw8cB5sPzNB5ktpump,4C9YmBw2hUUAYAiLHwX2a4dzJU7m855x3z6H9U3jDwwVtp2Yb8tz6CFvkN7Eo9z9UdNRQLSuBkuFG2aefdCuvAdu,423634106,1780333656,"{""InstructionError"": [3, {""Custom"": 6040}]}",0,
B1C2xfcUajAAU8n3zfuXqXvvALRw8cB5sPzNB5ktpump,3xvwpxHYixVMqoqmVvbLA7ULwavPU969Aze2YnqxUwAGNt4zZnSZq3BRT6DbCsSQnNPj8BQjRAJMyxDuZSVbKXmb,423634106,1780333656,"{""InstructionError"": [3, {""Custom"": 6005}]}",0,
B1C2xfcUajAAU8n3zfuXqXvvALRw8cB5sPzNB5ktpump,2weZ5RDaecT4gsgqDmVZj9ioGCN2ftsoNNrZxkVHVghqGEmgxXwYwicikx5A4jVHLbxZxRqHLD2owTjzVSEL1o9p,423634106,1780333656,"{""InstructionError"": [3, {""Custom"": 6005}]}",0,
B1C2xfcUajAAU8n3zfuXqXvvALRw8cB5sPzNB5ktpump,4yf2hhFHtAhxoPRBaJRrg5W1pNgUfTwpKX2gtWLYkeU59u2YVJkiKcSv4LM3vonmsHN4WNVu38i9hhDkjRpD7sud,423634106,1780333656,"{""InstructionError"": [3, {""Custom"": 6005}]}",0,
B1C2xfcUajAAU8n3zfuXqXvvALRw8cB5sPzNB5ktpump,62s1vJoeZLJdefYJM8hvLmP24K6fd5mf2pXBWytNqk4DxTCknFfzc2uGheduesRm6nENAomJf6UZc9KBPQsHWgm6,423634106,1780333656,"{""InstructionError"": [3, {""Custom"": 6005}]}",0,
B1C2xfcUajAAU8n3zfuXqXvvALRw8cB5sPzNB5ktpump,4PSSR52eE53fGrmwpvxFV3L8SQf6PSKyJ2g73v8bR2Ngo5V2pVKxYdxFzw8BNuQVYawLTbNAkW6h6pJmfnWFGrGn,423634106,1780333656,"{""InstructionError"": [3, {""Custom"": 6005}]}",0,
B1C2xfcUajAAU8n3zfuXqXvvALRw8cB5sPzNB5ktpump,3uHs6fRY9xd5nm2pAzRAVuNLZxP3kQKLtSczECau5ucZFFhSPiikuiawpqTu7cEGm3Pe99gnQDsi4gMF9K6L9E64,423634106,1780333656,"{""InstructionError"": [3, {""Custom"": 6005}]}",0,
B1C2xfcUajAAU8n3zfuXqXvvALRw8cB5sPzNB5ktpump,3vFUrbLAG2PqmQHtqs5MLsV33UK2wnHRpi5YSMDwXAh8aXwp9Yeu7z23C7gb7dnWYNBYjW5o8gjXVUd6JczdcuU5,423634106,1780333656,"{""InstructionError"": [3, {""Custom"": 6005}]}",0,
B1C2xfcUajAAU8n3zfuXqXvvALRw8cB5sPzNB5ktpump,2mMpw6dUAw19Z8ahE3XnysUrLiyTbDNTutPcvQ9iwvTEz4vD5dD7yEjXHzK47rm1fwVJeUPUGREv1PPxK4LKRWZt,423634106,1780333656,"{""InstructionError"": [3, {""Custom"": 6005}]}",0,
B1C2xfcUajAAU8n3zfuXqXvvALRw8cB5sPzNB5ktpump,fCtefApbfPQ77jE9PP3cs8aq1uhsDN97DswoqdbS5GaPzUbcwGVnAVcwfo9GrY3q84a7z61wYkxGaX9RgZScr6s,423634106,1780333656,"{""InstructionError"": [3, {""Custom"": 6005}]}",0,
B1C2xfcUajAAU8n3zfuXqXvvALRw8cB5sPzNB5ktpump,sVLx8umk3ZyvXdetrHw5Zue2z2bn5FAfjuoVLt7EfYiqmNVyxjAqVqMbv5pQEmBAnEUGnoF6RYt2FMQVguuFxad,423634106,1780333656,"{""InstructionError"": [3, {""Custom"": 6005}]}",0,
B1C2xfcUajAAU8n3zfuXqXvvALRw8cB5sPzNB5ktpump,674ZhKjqMeUmxcxN97fhME88jjFWjCB2hSAD5cEBPySmgJ3q4s8zSEZdjyFeedghAZZBjYENg4mf9S3bcJ6oDFR2,423634106,1780333656,"{""InstructionError"": [3, {""Custom"": 6005}]}",0,
B1C2xfcUajAAU8n3zfuXqXvvALRw8cB5sPzNB5ktpump,355TVHnDXTwvmmVK5NEQMW4roUVnjpm9jgpEAxTTYsruisJHLwv9gcGNYdM1jm7XSkLZ7MdoUZND5BqxxjHSQfVk,423634106,1780333656,"{""InstructionError"": [4, {""Custom"": 103}]}",1,BuyEvent:97797332
B1C2xfcUajAAU8n3zfuXqXvvALRw8cB5sPzNB5ktpump,5LuP2Beh7cPcErV6HF5HHWEaQy8399fj8Z2hexwkzWh3BjBRrXPyVdQwt4hKsWN7oUEySs1jsdxngWiw8F6ZVQR,423634106,1780333656,"{""InstructionError"": [3, {""Custom"": 6040}]}",0,
B1C2xfcUajAAU8n3zfuXqXvvALRw8cB5sPzNB5ktpump,3SqVigwR81fb95pJUMUxTaLYNocBeuqB1d5AWXXZGhxyJprYqtVntNhHeWPP5UZmUmFvMYLYnhbZwMhnyY85y7Y6,423634106,1780333656,"{""InstructionError"": [3, {""Custom"": 6005}]}",0,
B1C2xfcUajAAU8n3zfuXqXvvALRw8cB5sPzNB5ktpump,39k3NMm3yFRZkUXc5Uog1CYsU2SdK64uJT3noFySTtthRL1DjwwXMTSS3KBNvf4yJc53pVGsYEa4bn56Naz5hhGg,423634106,1780333656,"{""InstructionError"": [3, {""Custom"": 6005}]}",0,
B1C2xfcUajAAU8n3zfuXqXvvALRw8cB5sPzNB5ktpump,3wmYLXFdrvmqb9Cq1DecrSwJZhrs3aR4Uv9fwkRUTSPqrGtsRuypqWFgMCgUKpzKyCMTsAPzHunfp5pkmFj2xz88,423634106,1780333656,"{""InstructionError"": [2, {""Custom"": 7002}]}",0,
B1C2xfcUajAAU8n3zfuXqXvvALRw8cB5sPzNB5ktpump,46V3uJuTGkfcw79XAZwiCTzB597iboWnsYKMpixvA9z8FwvoZna3mkatom8LBLektj92Mj8A2tiva9BFbtHX1URr,423634106,1780333656,"{""InstructionError"": [2, {""Custom"": 6040}]}",0,
B1C2xfcUajAAU8n3zfuXqXvvALRw8cB5sPzNB5ktpump,5W3GWDAnmfLUSD9WPhqfFGFX2GKZhBSYvvsRtt9mU9CzjKaPDCA7YJsvmuJTguGBgFvuV4mhnqJowMLXkGHcTE46,423634106,1780333656,"{""InstructionError"": [3, {""Custom"": 6040}]}",0,
B1C2xfcUajAAU8n3zfuXqXvvALRw8cB5sPzNB5ktpump,3uMxLsZhdnDf8Gsq4AVXnqGU1cFqZwgspLT1dPzJkj2TRWcf7zVq3MsLCp9m4g4tCc5xHSVotQmjHvR2X8oh9vwJ,423634106,1780333656,"{""InstructionError"": [3, {""Custom"": 6005}]}",0,
B1C2xfcUajAAU8n3zfuXqXvvALRw8cB5sPzNB5ktpump,4WxG3UnYMGxgVLSY5WcGmQi1aC12cGed3mJhGJn8qoUVR2ZBDrLLt7ANGbPMbXJ6ALjV8CSg88Qjrgs6XTBUk669,423634106,1780333656,"{""InstructionError"": [3, {""Custom"": 6005}]}",0,
B1C2xfcUajAAU8n3zfuXqXvvALRw8cB5sPzNB5ktpump,3oVjCy9HA2RtJw5hAAAGxgNLxR5D3s6tQntZentEMAHFj3D3A3eQ6L7i6J1i1e8PcN9NhogjiknUC3k2V8PJajo4,423634106,1780333656,"{""InstructionError"": [2, {""Custom"": 7002}]}",0,
B1C2xfcUajAAU8n3zfuXqXvvALRw8cB5sPzNB5ktpump,5vpNXux1mNzCgYq1UnqoVnbCrWqxRdcZEhsmK2ct31aspn2QSimsG6WURbaUFchfERPd5gRqP28HP3NxhtcYjVc4,423634106,1780333656,"{""InstructionError"": [2, {""Custom"": 7002}]}",0,
B1C2xfcUajAAU8n3zfuXqXvvALRw8cB5sPzNB5ktpump,5tYYouFHqtyBmpZw1KCS75sYmwNXSh37qNJzpnVxUR3fjePriGaNsRyWRp73DwWuJPYoiSLTVuccWEHrm3Voj1jP,423634106,1780333656,"{""InstructionError"": [2, {""Custom"": 7002}]}",0,
B1C2xfcUajAAU8n3zfuXqXvvALRw8cB5sPzNB5ktpump,3GdnLUDVHry8HKH18grAqN9wphzJoedJ8Y8AtyXtuYsyyrfCPEWLW9rJvsnneUZQVtL3WBuTbWGSQDMLmgadjUEK,423634106,1780333656,"{""InstructionError"": [2, {""Custom"": 7002}]}",0,
B1C2xfcUajAAU8n3zfuXqXvvALRw8cB5sPzNB5ktpump,5C9QPnqgZq2PektSChKDRZBENsuQ4UufpxiktQxAfX6Gk5DFd2UgfeBad5ZUYoj6QK5dsciBeRo3E7xfbeYxk8Q7,423634106,1780333656,"{""InstructionError"": [2, {""Custom"": 7002}]}",0,
B1C2xfcUajAAU8n3zfuXqXvvALRw8cB5sPzNB5ktpump,3JyFeGE66SnGSEvZpfWFZ4A3CEhjf5RBR9idPSf7XfcywfBHMkUAATYcot3eJ16uYVzLV67KDcLhnC3fJ78wUDiN,423634106,1780333656,"{""InstructionError"": [2, {""Custom"": 7002}]}",0,
B1C2xfcUajAAU8n3zfuXqXvvALRw8cB5sPzNB5ktpump,5tN5XUbVDj6LPZNN4xEB6cNLmTBdtTYSR2F9m96aBDTi56D5xrzQjemhfqJcjZiVzTUE2tS8XTyg5keVUaLzZx1R,423634106,1780333656,"{""InstructionError"": [2, {""Custom"": 7002}]}",0,
B1C2xfcUajAAU8n3zfuXqXvvALRw8cB5sPzNB5ktpump,35BKJ6rbVERfBSNLE37WMXuwKzskNZskKWT6QjK1N4vbEwnSQmAr33A5EFG6XeKgFaMVX61XdXtW9VyLvqw1uCcn,423634106,1780333656,"{""InstructionError"": [2, {""Custom"": 7002}]}",0,
B1C2xfcUajAAU8n3zfuXqXvvALRw8cB5sPzNB5ktpump,Vt3GtYvgYcPzdFY43VuUAwLBiKfTrE9E7HtsmVEzh8oo6VHBNhADx7Bjq7NBk5LjLLb2XoFHWjMjs4FnjTm2kpv,423634106,1780333656,"{""InstructionError"": [2, {""Custom"": 7002}]}",0,
B1C2xfcUajAAU8n3zfuXqXvvALRw8cB5sPzNB5ktpump,4JrLGP4S5diMkBtfHnvUuPoAf7JxFN8zy9Ew64UkksVxFxNRjP8vGY53MMiwjULnFpE8rTnH6Uuf7Tdg8WyRAPZG,423634106,1780333656,"{""InstructionError"": [2, {""Custom"": 7002}]}",0,
B1C2xfcUajAAU8n3zfuXqXvvALRw8cB5sPzNB5ktpump,4gLQd4va9QgGX9Ex3fsWUuuDh8YjtWtrnmBcTrCzPJ2e7YZChd3fwb3XeRSrc2wMrJzM8BxmG7zGhr2K4bYjsQzS,423634106,1780333656,"{""InstructionError"": [2, {""Custom"": 7002}]}",0,
B1C2xfcUajAAU8n3zfuXqXvvALRw8cB5sPzNB5ktpump,3UQpKDdKHrKSpxkihreAGoQfrcnJBKJ1uatDNH4PSGnYfkjW9Fhy7tyjAJcabHYE8gkqSaqozijcwTojXb2347Li,423634106,1780333656,"{""InstructionError"": [2, {""Custom"": 7002}]}",0,
B1C2xfcUajAAU8n3zfuXqXvvALRw8cB5sPzNB5ktpump,tub9xzbzrm76Gt6DrkWSEGgETSzLAAi1jiPYKBzuD818k8AXrEuF6Ek9X7pdw38SbmiSzkNGSsSkioPBPmFee6G,423634106,1780333656,"{""InstructionError"": [2, {""Custom"": 103}]}",1,BuyEvent:97797332
B1C2xfcUajAAU8n3zfuXqXvvALRw8cB5sPzNB5ktpump,3pBBDKDpU3x9mt8VhECNCqU2VPCas9UvxSfdLxP8svHqKtfE2afJibjKBBGbmLg3yquQFDxgj4kyvTaMzzkzdcKq,423634106,1780333656,"{""InstructionError"": [3, {""Custom"": 6005}]}",0,
B1C2xfcUajAAU8n3zfuXqXvvALRw8cB5sPzNB5ktpump,3LqGaH8NNbehALcU6BvCeZtHtap7462R47CQKtfM1WiQfmDHW6vP1iFCcxvg3V8Fd69NyXzi5Le3v2FVwxBkxFbE,423634106,1780333656,"{""InstructionError"": [3, {""Custom"": 6040}]}",0,
B1C2xfcUajAAU8n3zfuXqXvvALRw8cB5sPzNB5ktpump,4ddWkYLophTVSj3JjSkxUcwWUjMzHHnsf482eXbUvUEMtWkkH1rDUKcwwsz5rVx6J76arAiqJfcRFPdNkUDmHAbJ,423634106,1780333656,"{""InstructionError"": [3, {""Custom"": 6005}]}",0,
B1C2xfcUajAAU8n3zfuXqXvvALRw8cB5sPzNB5ktpump,4zthB6U1cymM97yN4yDxqEMjYGQ9Nxozj9hGFFN8dfGgv3GtsVGV5nHoCBYBCFYnu7u4ZLARztp1CQGxNVz4ni9N,423634106,1780333656,"{""InstructionError"": [3, {""Custom"": 6005}]}",0,
B1C2xfcUajAAU8n3zfuXqXvvALRw8cB5sPzNB5ktpump,bx7iug2aaDXaChCsHjs3YdGEghqtXKom2SuT3cwTjFeqS2VvsvugtH8gHcmFu4tcpzSCGCXHKYSB68ftGVcduKR,423634106,1780333656,"{""InstructionError"": [1, {""Custom"": 6004}]}",0,
B1C2xfcUajAAU8n3zfuXqXvvALRw8cB5sPzNB5ktpump,31mSjZsAJfXbZKvX96Cw3nvipfpkoQWTksVNcrGfuexwTuk1hSrMf3dYmtVZ5Wtxs2kCH1ZctnvoeiyFT8XxkwHf,423634106,1780333656,"{""InstructionError"": [2, {""Custom"": 6040}]}",0,
B1C2xfcUajAAU8n3zfuXqXvvALRw8cB5sPzNB5ktpump,zF7oTX7RT5HvdKHhJM8RGndKs48i9hHnjgnNNNiM93xrpd8HinVF4PGqXYR5G7Sd7euGhNuuwUxab8uEKChxXpp,423634106,1780333656,"{""InstructionError"": [3, {""Custom"": 6040}]}",0,
B1C2xfcUajAAU8n3zfuXqXvvALRw8cB5sPzNB5ktpump,45r4Xt5uW7nf9pj9x25BnZjHyGjnNYjG1uADwMWpGN2Hfgw6VqZC5sAET5DutFbfaHm7nFTrgQLJFRoxXS2oshu9,423634107,1780333656,"{""InstructionError"": [3, {""Custom"": 100}]}",0,
B1C2xfcUajAAU8n3zfuXqXvvALRw8cB5sPzNB5ktpump,5rJVb1CnPrDTkLokCqRcAJWnXZ7bk2q7e5Tp4Sc2NR1AQdei6GYyMgb9EBiSrwBFfh17eJ2uBGk8G3TU51CFKU3x,423634107,1780333656,"{""InstructionError"": [3, {""Custom"": 6040}]}",0,
B1C2xfcUajAAU8n3zfuXqXvvALRw8cB5sPzNB5ktpump,2pTh4HyJKB3z1NgnnbF6yrJkBMXBm4DJ2aUwpXaTqVA6zqE8dTkGK9u6vu22cBxPyvrJMrqPNP7ub7mdKa9QkcfV,423634107,1780333656,"{""InstructionError"": [3, {""Custom"": 6040}]}",0,
B1C2xfcUajAAU8n3zfuXqXvvALRw8cB5sPzNB5ktpump,5TmuswfVLCkbxuqmLASgkWCGrB3cpkPN8XM4uyVaWTeDdW4QcS2SXJjCr3Z45XsvqcReRzkQLwkMPNWjHeBEUAhr,423634107,1780333656,"{""InstructionError"": [3, {""Custom"": 6005}]}",0,
B1C2xfcUajAAU8n3zfuXqXvvALRw8cB5sPzNB5ktpump,5xW6dGAL8vPApr9ur89YaEUWeejkEuL7kw8L7CtTabKL6whshXoTbcAmGywXsST4SKtms5grgwP7QYuBBQmGMvB8,423634107,1780333656,"{""InstructionError"": [3, {""Custom"": 6005}]}",0,
B1C2xfcUajAAU8n3zfuXqXvvALRw8cB5sPzNB5ktpump,4M3jq2Ts1nhA3sn1AUqbpnWXBcUNaXenRNryeLJ99EzXM4g2KsMTQ844rsLmv3qvPLKW75yj5GJGWs6NnfoKkyes,423634107,1780333656,"{""InstructionError"": [3, {""Custom"": 6005}]}",0,
B1C2xfcUajAAU8n3zfuXqXvvALRw8cB5sPzNB5ktpump,5Dcs8RmKZjvkv52RxjWuGz6dazU2SNufSfW5Zc8T89xxCkcWycJsA1p4J7MkbMpcALDfEVhzHzWmmU8NzQCg6jDP,423634107,1780333656,"{""InstructionError"": [3, {""Custom"": 6005}]}",0,
B1C2xfcUajAAU8n3zfuXqXvvALRw8cB5sPzNB5ktpump,5iiYGiHaAAeHV5LGG6dk1ZQfWwAXcKX9uEesghb2h1sLaCn1r7sR19FU9q2aWftVNKVdeuKEdrBQ9AJQ38rj2GHW,423634107,1780333656,"{""InstructionError"": [4, {""Custom"": 100}]}",0,
B1C2xfcUajAAU8n3zfuXqXvvALRw8cB5sPzNB5ktpump,2p8faXTyqu3pRCpezibjM829ro2HSXnRyNwRTMq5vNsEg5FhPJDYktinhTrHjq47B7faNuwLPMxU5MnLsy3YSKZZ,423634107,1780333656,"{""InstructionError"": [4, {""Custom"": 100}]}",0,
B1C2xfcUajAAU8n3zfuXqXvvALRw8cB5sPzNB5ktpump,3goGQui1fbNzbDDhD6MjMXjjygiFDQEg993wppJGUgEnRLrWS2Ezhzcgp6Jk2u3VmnBLF1WTxkbYTa969N7sMG43,423634107,1780333656,"{""InstructionError"": [3, {""Custom"": 6040}]}",0,
B1C2xfcUajAAU8n3zfuXqXvvALRw8cB5sPzNB5ktpump,2pi5naF9SaZqBtJLpXwF1SQitqDazM8U963nASGENPyHXCoCAy5AtdaF5m5rrPJbafg2kU74UEJoUscUuBdi1RAC,423634107,1780333656,"{""InstructionError"": [3, {""Custom"": 6005}]}",0,
B1C2xfcUajAAU8n3zfuXqXvvALRw8cB5sPzNB5ktpump,44iR7XAzXbQd94c8CtbsfFy777EBYASDK4g4ShtXe4QaizUmS66iGpdkFnqGpLuyTbApQNgewRocDJ8Dvf3uc24y,423634107,1780333656,"{""InstructionError"": [3, {""Custom"": 6005}]}",0,
B1C2xfcUajAAU8n3zfuXqXvvALRw8cB5sPzNB5ktpump,2WstkAMvxEjkB3aJV77Rpbadf4WLL8gg9kRWMVvwb2Lxxc9gSku5VMJM29Pof4UCdcTh327pkkDhhMYr71HMkcAU,423634107,1780333656,"{""InstructionError"": [3, {""Custom"": 6005}]}",0,
B1C2xfcUajAAU8n3zfuXqXvvALRw8cB5sPzNB5ktpump,4Ao8emGwpLPpJVPcRvTUSmkkA7zpbo6fiRai2Z1JYVGo2wCMb1AuYFM2hPQLA6smK5ZkoqcGTf9oMN66neBrxt6N,423634107,1780333656,"{""InstructionError"": [2, {""Custom"": 6040}]}",0,
B1C2xfcUajAAU8n3zfuXqXvvALRw8cB5sPzNB5ktpump,2amojJjSt676Johq87nsXZafjq67nNSTfKMwMkqfjjHizueN4PTfKZW3sAbeMqmcLZcDcZpUJwmL5wjVEqn2A2Wx,423634107,1780333656,"{""InstructionError"": [3, {""Custom"": 6040}]}",0,
B1C2xfcUajAAU8n3zfuXqXvvALRw8cB5sPzNB5ktpump,3fM56cFhTVYXAAUJWWP1JLNQcQbLMvyD7FBqyC3xXaTAgHXTHSuSWSP8U29VhcR7syeX1cthaN3r5roHmZGuwUrF,423634107,1780333656,"{""InstructionError"": [3, {""Custom"": 6005}]}",0,
B1C2xfcUajAAU8n3zfuXqXvvALRw8cB5sPzNB5ktpump,2QVT8YhH45ZnpGW5ccs8a7wBhEUqDWv5StFQw4B8eWMGmCkDq8Xr8NzasAuyzPbCmtEy9XmqFWLYZ4diRv3pm3Lh,423634107,1780333656,"{""InstructionError"": [4, {""Custom"": 6004}]}",0,
B1C2xfcUajAAU8n3zfuXqXvvALRw8cB5sPzNB5ktpump,eP34GPcTcYrFp1vTaUZwzDpvQaVPNHRYaWQCp3deAwB97f2DX7FTFK2MKAkB2eZrzkLu5ZuMK5yh1xNGkX9HDnn,423634107,1780333656,"{""InstructionError"": [3, {""Custom"": 100}]}",0,
B1C2xfcUajAAU8n3zfuXqXvvALRw8cB5sPzNB5ktpump,5BKyFtGpo14hKcV7NiehPics3BxG2gLpZCc7yC7xGvvxEebwjTo1jWNYVAcjon51QgRBP18LoToVoKYL43Gf1QcQ,423634107,1780333656,"{""InstructionError"": [3, {""Custom"": 6005}]}",0,
B1C2xfcUajAAU8n3zfuXqXvvALRw8cB5sPzNB5ktpump,4xyizuHAprZVqMu3Nd43uQcYZqzrxKrR19w8KdPz4BMxrYfgMKvG8VDt3sU5XNptqmtNXifqa9J1A3RV1GHUyM5e,423634107,1780333656,"{""InstructionError"": [3, {""Custom"": 6005}]}",0,
B1C2xfcUajAAU8n3zfuXqXvvALRw8cB5sPzNB5ktpump,4UHHDnVoUVJvjtnArq6m3swCLZ2KqzMSxxfWEtnb3EP7VkqYi5gBSH5qRAEjbsJNiqyPKxY3qnMTz8G3jpVHsv3N,423634107,1780333656,"{""InstructionError"": [4, {""Custom"": 100}]}",0,
B1C2xfcUajAAU8n3zfuXqXvvALRw8cB5sPzNB5ktpump,VSMhBRKwp17jb2hp3WAzJVFhXn7dEbKRLaFMwtC8tfiHRh7qZQb3GnyT567CF9Duj9Mkbh67oCdCQifwZFLMT6g,423634107,1780333656,"{""InstructionError"": [4, {""Custom"": 100}]}",0,
B1C2xfcUajAAU8n3zfuXqXvvALRw8cB5sPzNB5ktpump,35P9Kkzk28kGzZoWw9W7XCe1i5erSzmj6Z3p8YXpjHaTmbJDjnUpiogcW2iR3kThYUUqZ4xN2k6MB3Q9WubDTaHv,423634107,1780333656,"{""InstructionError"": [3, {""Custom"": 6040}]}",0,
B1C2xfcUajAAU8n3zfuXqXvvALRw8cB5sPzNB5ktpump,3huqYiLn3gHUYFDsjJHqL5oqFfsHTTxCJWXYcEuySnKoXj9nzjUfzDEVXHoAoFimF8ZCmni8wrPcCVdxTj6z8tMC,423634107,1780333656,"{""InstructionError"": [3, {""Custom"": 6005}]}",0,
B1C2xfcUajAAU8n3zfuXqXvvALRw8cB5sPzNB5ktpump,4zxRyvjgA4eHJYEcb9ydUpzh1uojNLj27Gw2XGjWMnyWppXpwmGVmFrB7sReBVbNLJ8N78cqFDvouaGabdp4UFhz,423634107,1780333656,"{""InstructionError"": [3, {""Custom"": 100}]}",0,
B1C2xfcUajAAU8n3zfuXqXvvALRw8cB5sPzNB5ktpump,2yKWCWucnd57AACAyTYzwBPSYWkVRwGG5jjjzkE8jAJYtsv6e3FquZCSaKxse2rwDZXRS8E8FuhxNNJEVa9hiJGP,423634107,1780333656,"{""InstructionError"": [2, {""Custom"": 6040}]}",0,
B1C2xfcUajAAU8n3zfuXqXvvALRw8cB5sPzNB5ktpump,AJAxTWYK1d25vrjsFfsWhLgZTAkwkMuTgK4tnMHyuC4CpsAjLCSSVoPWSyhVtFiW9rtL4KwmVXT7GrfezRPAayo,423634107,1780333656,"{""InstructionError"": [3, {""Custom"": 6040}]}",0,
B1C2xfcUajAAU8n3zfuXqXvvALRw8cB5sPzNB5ktpump,4Pdh3M9pJUDbT9VGFhRAaULBfxCoi4NQ1MQLdXESFxsyRRv9gv53RnjQ3xUFNwuoeyE9cN9MZEkDesty4Tr5kKz6,423634107,1780333656,"{""InstructionError"": [3, {""Custom"": 6005}]}",0,
B1C2xfcUajAAU8n3zfuXqXvvALRw8cB5sPzNB5ktpump,3GEZSrAyvvZGr3UFmjxwsLhK8e6VsYkKPB4TzuUKPGwZWqX2XXLCmJDpQDeBvT8uFnZGNhGCS7sYYxF58ArwYvXk,423634107,1780333656,"{""InstructionError"": [3, {""Custom"": 6005}]}",0,
B1C2xfcUajAAU8n3zfuXqXvvALRw8cB5sPzNB5ktpump,4w43jHkEgJbfeuFQkKZFYVHgPdmwKSZ6mgCKZZS2hfpASEsGWn5jGM7rBakjgMCj9mAtqHEiXsMsHrxparqXaFQQ,423634108,1780333657,"{""InstructionError"": [3, {""Custom"": 6005}]}",0,
B1C2xfcUajAAU8n3zfuXqXvvALRw8cB5sPzNB5ktpump,3BzaKi6oNoUtkuEfAhhf55YRb6BycMnjMeGnbuVRUxKbKLjyQdjwu8qYVhMRmVQz39pNMT1aQmmzC3NH4mhh1L74,423634108,1780333657,"{""InstructionError"": [3, {""Custom"": 6005}]}",0,
B1C2xfcUajAAU8n3zfuXqXvvALRw8cB5sPzNB5ktpump,C5AqCdkG7vnM5mH2fgh4Ba77X8my93qcAm1TtTM2n7HWQtr7nK7PrvGBTBJFkS4TbkhLfsLnKKJ4JR2U2PHASt8,423634108,1780333657,"{""InstructionError"": [3, {""Custom"": 6005}]}",0,
B1C2xfcUajAAU8n3zfuXqXvvALRw8cB5sPzNB5ktpump,3WqSEHtuwh42jHJZ2as6sLkFkthUSKrdkwZr19CuapPkaS4AhttJ5HuagtqRuZrvMypxnSUTGdD7CWjWjBsMMTdR,423634108,1780333657,"{""InstructionError"": [3, {""Custom"": 4}]}",0,
B1C2xfcUajAAU8n3zfuXqXvvALRw8cB5sPzNB5ktpump,3eRavgh4So2NmmMNftNJ8pmzqyDb5cNterPHyF7QRgQnV1Gr5hUeqpk5CpASu5cuWmX36ZzteXp6oBbv2cwRgpDU,423634108,1780333657,"{""InstructionError"": [3, {""Custom"": 6005}]}",0,
B1C2xfcUajAAU8n3zfuXqXvvALRw8cB5sPzNB5ktpump,34LWQ4Z4SFczcfb6ea1YkBhwGPnqVkkVBgQe5nvLVugnU5i5bqYLrKjjZ88yZPFUqjN8sQeTVR5oLNa6tbZNhB1Q,423634108,1780333657,"{""InstructionError"": [3, {""Custom"": 6040}]}",0,
B1C2xfcUajAAU8n3zfuXqXvvALRw8cB5sPzNB5ktpump,48LhtzjyYBkc8Uhp8ZarUqF7eqKH441LrvKyEXQkXNLqsuPtLCYS1mM7nZpGV18u5P8CA4y61ZvWVmspDeS7UtsM,423634108,1780333657,"{""InstructionError"": [3, {""Custom"": 6040}]}",0,
B1C2xfcUajAAU8n3zfuXqXvvALRw8cB5sPzNB5ktpump,4Pq9pknzm1aEP7nHWnknXMafLvYpgp2jQpUwx7EoWToZnBnuqwgskPoPNzZHU4vGVj58iwVybpdAnkTzcDk26ejN,423634108,1780333657,"{""InstructionError"": [3, {""Custom"": 6005}]}",0,
B1C2xfcUajAAU8n3zfuXqXvvALRw8cB5sPzNB5ktpump,2FA9hbphViai6fmjsRrAAUfqkmRS2h9EPkDv897AsTeUcTd1vc9eCzoPysfKdXUweYEf1p72AWmkr8Sin3rD4xVa,423634108,1780333657,"{""InstructionError"": [3, {""Custom"": 6040}]}",0,
B1C2xfcUajAAU8n3zfuXqXvvALRw8cB5sPzNB5ktpump,3gj86HWbmDhQb8JR1XMeZNRcmCKaQYyCDFcvx97smDLT6yrL6uyRSt6FAfYeLEvxrVg1KyR1Y2FG5m33m47BUpTm,423634108,1780333657,"{""InstructionError"": [3, {""Custom"": 6005}]}",0,
B1C2xfcUajAAU8n3zfuXqXvvALRw8cB5sPzNB5ktpump,2zq9EoVv32eTVWguYFu8JbVVb2BaAWWA56ZhCEg7o9QEwfCc1yASNs56P6iMFEJsw2f5bQV5AD7orH3w8HUMpwLe,423634108,1780333657,"{""InstructionError"": [2, {""Custom"": 6040}]}",0,
B1C2xfcUajAAU8n3zfuXqXvvALRw8cB5sPzNB5ktpump,XgCCG9oR8rgvUx8UD9FEAnbRsEWFZB74S8mRS2xsmPBAnv8mdDnUFdGQWzzC9kucEPaBd4LRUg3NkGf6parZVYX,423634108,1780333657,"{""InstructionError"": [3, {""Custom"": 6040}]}",0,
B1C2xfcUajAAU8n3zfuXqXvvALRw8cB5sPzNB5ktpump,5uQxDeTgBrdXxbK2hEXy2EqdceCGTfQeTrerf32xA8gVVtp6D5nzwGVghvmKZAcJ49N62nAbhxva4b8s5sC2tzaW,423634108,1780333657,"{""InstructionError"": [3, {""Custom"": 6005}]}",0,
B1C2xfcUajAAU8n3zfuXqXvvALRw8cB5sPzNB5ktpump,Sy5zAHpovgCpWyRyrxNFAnWf4JFA5Ycg9Kh7LbVmZ8zNz1GX4qCjKgpkyp6NnZY5MtRgo9N6dyV5jocSQUCS9mx,423634108,1780333657,"{""InstructionError"": [3, {""Custom"": 6005}]}",0,
B1C2xfcUajAAU8n3zfuXqXvvALRw8cB5sPzNB5ktpump,3fcJn6otz9ucdAK3qRLi75Bhy7zx6y7aWqQiAt3xKB8c8didXLgAfgysk5GVNETjQoByC64PFQid1oXiNKYSBRUD,423634108,1780333657,"{""InstructionError"": [3, {""Custom"": 6005}]}",0,
B1C2xfcUajAAU8n3zfuXqXvvALRw8cB5sPzNB5ktpump,4pFiEfFaNhWzUFkfovcDNSAZdJnTtRuTCj2MCRHLMXYwoouX2Ge7hfHxUTR6Naudar4nn5NsC7aXj52LJGv6ZrLc,423634108,1780333657,"{""InstructionError"": [3, {""Custom"": 6040}]}",0,
B1C2xfcUajAAU8n3zfuXqXvvALRw8cB5sPzNB5ktpump,2ZKk1o61JKR8rTviRJJrXBcq1pW3NeTnTMY5HDrmwmRjeUjbwDYCiTHhUw3G7Vms5btMD4GXDxhdN8oowzMHZKpK,423634108,1780333657,"{""InstructionError"": [2, {""Custom"": 7002}]}",0,
B1C2xfcUajAAU8n3zfuXqXvvALRw8cB5sPzNB5ktpump,5Qwx3J72D9iWSH747LikCfpzQ4oSfg7EJjrwMPkjRJYLAF8anLvWCjVer2UVa1Z59bwhQgP7gdmJQp2CYU39RgWz,423634108,1780333657,"{""InstructionError"": [3, {""Custom"": 6005}]}",0,
B1C2xfcUajAAU8n3zfuXqXvvALRw8cB5sPzNB5ktpump,3vJjxSxs2YSVCiDNKyj3oiASguy3F2ypJhbbxAyzwq3WVXJFfviknmPGZgJhjV9pLTzBYiVGameEZewZpnnDTijH,423634108,1780333657,"{""InstructionError"": [3, {""Custom"": 6005}]}",0,
B1C2xfcUajAAU8n3zfuXqXvvALRw8cB5sPzNB5ktpump,5KyAztdbygTneTJpm3jktJ5ezeKULCFg8qmE7wtgQpKp6qvpoj7XJ3rPK5ug1b5FYQckKpxUgs6p9Q4YQDUawuXG,423634108,1780333657,"{""InstructionError"": [3, {""Custom"": 6040}]}",0,
B1C2xfcUajAAU8n3zfuXqXvvALRw8cB5sPzNB5ktpump,XdEt3UKVuhzgSAfPgDpCUxCoR6M27jW1UEAkfmU2ppME385YRi28ZbAc7gbrATxtz6wUzj8V6yr2Gi1ERfcjufW,423634108,1780333657,"{""InstructionError"": [3, {""Custom"": 6005}]}",0,
B1C2xfcUajAAU8n3zfuXqXvvALRw8cB5sPzNB5ktpump,eK45fmN4javpCm71KzG6Sqj5FwwadGjvjpEikBZRkKayYFqqYe1r2MAo8KKRYHQtrsbHYGqTwCmsDNABF9ET4Kc,423634108,1780333657,"{""InstructionError"": [3, {""Custom"": 6005}]}",0,
B1C2xfcUajAAU8n3zfuXqXvvALRw8cB5sPzNB5ktpump,94EP8rkWGCKThkhTA2dUBZYtzsaTVBXbd3kUAhbezUaShmjfgy6n5zPKp9sMjcPB5hGYcRWyihrg9T4fKYyzPai,423634108,1780333657,"{""InstructionError"": [3, {""Custom"": 6040}]}",0,
B1C2xfcUajAAU8n3zfuXqXvvALRw8cB5sPzNB5ktpump,3cfq9yS2owi4jSDaMHUtooekvw5oam2f9A7hPWyPAa7VL8TxeKvQob2aRg2Jegrv6UXnL81t8cdE2gc1DCSkJDMX,423634108,1780333657,"{""InstructionError"": [3, {""Custom"": 6005}]}",0,
B1C2xfcUajAAU8n3zfuXqXvvALRw8cB5sPzNB5ktpump,4ovP4ijdPvP8scPyrAYDwR2NqLnT8dLvCU7fiuNybwLtAFaTDv5FFrNxSteDBtzfTjxPP25SCT61xiNenaEy2eUk,423634108,1780333657,"{""InstructionError"": [3, {""Custom"": 6040}]}",0,
B1C2xfcUajAAU8n3zfuXqXvvALRw8cB5sPzNB5ktpump,336iQgXXqycm4vyt92kcHsgAjKgu35NjxSN1xgWPRE9wkDBJuZkKJqq4gfCMU7cathYPhVXUXqxpBJdy8oR2f8zY,423634109,1780333657,"{""InstructionError"": [3, {""Custom"": 6005}]}",0,
B1C2xfcUajAAU8n3zfuXqXvvALRw8cB5sPzNB5ktpump,KVaPDTqgpkRpjiqxie97tqzjxqsWzHn2tUftufTDzMBDa5WSJT7UdgqnizKpUg23L1LiXQfTQUytk6hQxQS1At4,423634109,1780333657,"{""InstructionError"": [3, {""Custom"": 6005}]}",0,
B1C2xfcUajAAU8n3zfuXqXvvALRw8cB5sPzNB5ktpump,4sCS7xNAaPyPNtoogWiDDwZrBuCBvyB2WAmw7GSdy64k9uexGHivjEb5op3KANRA9b6DJdu35UdzMAU6PEiQ917a,423634109,1780333657,"{""InstructionError"": [3, {""Custom"": 6040}]}",0,
B1C2xfcUajAAU8n3zfuXqXvvALRw8cB5sPzNB5ktpump,KVywgJGqTur65cmgmQxn3wqmMfruT6qCvzXcLAF3QqjzfLE2cFejbfS21tzK2b6anvfwTnxKzsLkofvcwCfqx7p,423634109,1780333657,"{""InstructionError"": [3, {""Custom"": 6005}]}",0,
B1C2xfcUajAAU8n3zfuXqXvvALRw8cB5sPzNB5ktpump,HfdEraL4FhRNg2Z7EBSvWbw32QgGFD4hGVxypykbFHj3gL6EVRPiH9sovz6b1qVpMRb1fmaGQcoDbbKpCH1LnoH,423634109,1780333657,"{""InstructionError"": [3, {""Custom"": 6005}]}",0,
B1C2xfcUajAAU8n3zfuXqXvvALRw8cB5sPzNB5ktpump,31fpc3ZHcP3CyJM5Gaw8m9WKWFTNDX3fKyL3p12NRMJy9xvdjkjengzn7K1jN5LjFzGfsG4QEx1AFq5DCetNQWZm,423634109,1780333657,"{""InstructionError"": [3, {""Custom"": 6005}]}",0,
B1C2xfcUajAAU8n3zfuXqXvvALRw8cB5sPzNB5ktpump,5HhbvcHTZ8yCKkkLdUHSHENtaaYZB2kDU2f7jAQZF9SXMMsgw23pzC5x96PNPh6uNay22eXMUEBfKgoTRYiNXmsa,423634109,1780333657,"{""InstructionError"": [2, {""Custom"": 6040}]}",0,
B1C2xfcUajAAU8n3zfuXqXvvALRw8cB5sPzNB5ktpump,3KPM2FvepbMbH3547sZPMYEND1K9YEbnN76rAaSjQkd9dbL3ByiG9Wc1qLsmcaMhQ9JQVJdgVYgnj1McJRbtHHBT,423634109,1780333657,"{""InstructionError"": [3, {""Custom"": 6040}]}",0,
B1C2xfcUajAAU8n3zfuXqXvvALRw8cB5sPzNB5ktpump,4S8XaHS113oGWYs2o9CsC8wtNEzLHMvhqEQNPFeyFe1eTJix1Nj3VBS3cfMUnNE7swkcsZSPXp5vYXUgiKNoRE7H,423634109,1780333657,"{""InstructionError"": [3, {""Custom"": 6005}]}",0,
B1C2xfcUajAAU8n3zfuXqXvvALRw8cB5sPzNB5ktpump,48ChtvwAsb8RKW1PR8kTnWDLtPz7ZznjDaHDftmVT3NfBSTBodAFvzrFoNKigdnyjEzqt4pP7CAYMXYMidktX9Cb,423634109,1780333657,"{""InstructionError"": [3, {""Custom"": 6040}]}",0,
B1C2xfcUajAAU8n3zfuXqXvvALRw8cB5sPzNB5ktpump,3MQcCjnjbBrsRbEa9ieNYzascGuPVf7bquHxAmncW6kVodKJrXb2xqt6WyhFHm2UgsS5UsJ23ESqjiNNSKF289cS,423634109,1780333657,"{""InstructionError"": [3, {""Custom"": 6005}]}",0,
B1C2xfcUajAAU8n3zfuXqXvvALRw8cB5sPzNB5ktpump,3SQ81n3qmiUuT7GRdPj4ctrL5Pf9hM4HBUQAsY2jc9bDyB8h1STWkooEoot6HfS67rSi62ZFbjZ2tu7nBj3676df,423634109,1780333657,"{""InstructionError"": [3, {""Custom"": 6005}]}",0,
B1C2xfcUajAAU8n3zfuXqXvvALRw8cB5sPzNB5ktpump,2C3UPcTc9rTfgfqKs4HjWgKXiPZd5Kr4oPqcgsatTWxm7ueVaxKqTiKbobWTeQrawZpQhXEcEPpxebP4YTLpEgHU,423634109,1780333657,"{""InstructionError"": [3, {""Custom"": 6040}]}",0,
B1C2xfcUajAAU8n3zfuXqXvvALRw8cB5sPzNB5ktpump,29zkmFce9r5CPK7c7TCFoK7pqrC8HkrCRQsAHnCraBRoi5xTZbEJw9G6Qokhd2L6fSNe6bg3LWVGwYJCPexjnWMh,423634109,1780333657,"{""InstructionError"": [2, {""Custom"": 6040}]}",0,
B1C2xfcUajAAU8n3zfuXqXvvALRw8cB5sPzNB5ktpump,TcitYGp7inTYYehAsoudEAk6oddpF4aTE42hcHjSudQcCHCt3rtGvunPRA7RCUBXSWqJWrEG3X5ZVxpvNFP7GEq,423634109,1780333657,"{""InstructionError"": [3, {""Custom"": 6005}]}",0,
B1C2xfcUajAAU8n3zfuXqXvvALRw8cB5sPzNB5ktpump,2L1aTMBniyi8eFSj55wSvymBbwEquWzg1zCkvuEvfxegvjRhmNG9cvQPALFV8F27s3gV7kqVEvs7dDb8g5wHCWNs,423634109,1780333657,"{""InstructionError"": [3, {""Custom"": 6005}]}",0,
B1C2xfcUajAAU8n3zfuXqXvvALRw8cB5sPzNB5ktpump,4o8kA9qPqBD5XhS5DdCbbwHGxoWBbsGY9dn3GfiWWL5wqwYA5CZwsRCAS5qe32HQL6Q6TbFeNeszStgXWaGuQkY3,423634109,1780333657,"{""InstructionError"": [3, {""Custom"": 6040}]}",0,
B1C2xfcUajAAU8n3zfuXqXvvALRw8cB5sPzNB5ktpump,4tqTNcygudMJimtCmNC8DNFE83tbi1DbPmoe8ka9LtoW7YYQMmieyKjsURK1Mi5DKYozzCckCqSUcjAwbi1NQ24D,423634109,1780333657,"{""InstructionError"": [3, {""Custom"": 6005}]}",0,
B1C2xfcUajAAU8n3zfuXqXvvALRw8cB5sPzNB5ktpump,3Ew9iydhyBDCi6Efc33YkWn33DdZtdTkC4rNjSCWZWVj8hCRQgGNEoopEvLx4wHJkX6ijz12YQVfR4wUx8d97UY9,423634109,1780333657,"{""InstructionError"": [3, {""Custom"": 6005}]}",0,
B1C2xfcUajAAU8n3zfuXqXvvALRw8cB5sPzNB5ktpump,nRfUEUnYVEjtxZm8L1FamsgzVK112RVnm3Xfct4Wa7rL37a8spdBuNqXuj9f8c3XF4Uo9bcEBGsuy8M4ygP4tvT,423634109,1780333657,"{""InstructionError"": [4, {""Custom"": 103}]}",1,BuyEvent:2933920000
B1C2xfcUajAAU8n3zfuXqXvvALRw8cB5sPzNB5ktpump,5uGR69dAgBT7mrUKfAf3G1TV1mC38sjiACSWWd2KrZEvqfMHaJY7KFRW882qXCCP6AdCkcFRhh7aT2tBSsXuWJvZ,423634109,1780333657,"{""InstructionError"": [3, {""Custom"": 6040}]}",0,
B1C2xfcUajAAU8n3zfuXqXvvALRw8cB5sPzNB5ktpump,5ndnfLQQD1Vt9ooYtM4QKcGhxoW88WxnPU38XRTAp4V6FEXy1pWFTHpfoj8aRHE3gsqnrqPsfVZTBC2oEzuQyeLP,423634109,1780333657,"{""InstructionError"": [3, {""Custom"": 6005}]}",0,
B1C2xfcUajAAU8n3zfuXqXvvALRw8cB5sPzNB5ktpump,jLb4qSqdcwdrR6eVoZWPKUWthoXSY6sQaqVktPiWELwDWYyxDo9YzduGFuVrgYTHAVXkEjqpunwGNBdCmW29uSP,423634110,1780333657,"{""InstructionError"": [3, {""Custom"": 6005}]}",0,
B1C2xfcUajAAU8n3zfuXqXvvALRw8cB5sPzNB5ktpump,DENb7sYc5pP3mg2vENvMxpCVfGrWBWjHkzTPxtNzg1DdtnWiG4SqrPfUSP7h3q9SMk9DZEMeoAHb4i14NwMkWoH,423634110,1780333657,"{""InstructionError"": [3, {""Custom"": 6040}]}",0,
B1C2xfcUajAAU8n3zfuXqXvvALRw8cB5sPzNB5ktpump,3Nk8QjJQYRepea92ZLJ3ewsN7FHtXTfTCQtdbYJ2JG4sn8LLTA2HmWKbMTuwT2z3mEpSpnViM7QCgRB8fFsTWRtz,423634110,1780333657,"{""InstructionError"": [3, {""Custom"": 6005}]}",0,
B1C2xfcUajAAU8n3zfuXqXvvALRw8cB5sPzNB5ktpump,d5aSuotHjHRwA8B2kDb6Axdo6TcAnZ6zaEnKQQVTBNgYHnHxobqXYNmJb6WFPBaiL7jMmBGDMsoMKAPaxWx2RtZ,423634110,1780333657,"{""InstructionError"": [3, {""Custom"": 6005}]}",0,
B1C2xfcUajAAU8n3zfuXqXvvALRw8cB5sPzNB5ktpump,29WzyUwYEL2Um3ua6AdA1b5VfHHsCETbdvrLg7n4JexaJjSE25yC6fVmzpUNwa4SKRrD1f7Yps29wjWoRTSVHVMm,423634110,1780333657,"{""InstructionError"": [1, {""Custom"": 103}]}",1,BuyEvent:977972
B1C2xfcUajAAU8n3zfuXqXvvALRw8cB5sPzNB5ktpump,3UPf3bz98KkFq8UmptKTqKgyHmbhYVcxHhTyPYNiFWEyBpVyHAjAkE6gRfThJGuMNr2vQNHwRM1HWaVampbisFy1,423634110,1780333657,"{""InstructionError"": [3, {""Custom"": 6040}]}",0,
B1C2xfcUajAAU8n3zfuXqXvvALRw8cB5sPzNB5ktpump,9bX6myRDxapRc1C6uTE9LLckf4tbVoNvq5RrPxzjuquQMZva9MJ3MUcpEiAfLhvL3DdB8BovbCcdZVdRgDWfGT8,423634110,1780333657,"{""InstructionError"": [2, {""Custom"": 6040}]}",0,
B1C2xfcUajAAU8n3zfuXqXvvALRw8cB5sPzNB5ktpump,3yC68yJS4oiuDiS8juHvKVbmPwTMdPaauGCV5sStaCPekRoaU5oqDyML5XugooBSuEzprZo7DDRiAR5MWTeeqXDe,423634110,1780333657,"{""InstructionError"": [3, {""Custom"": 6005}]}",0,
B1C2xfcUajAAU8n3zfuXqXvvALRw8cB5sPzNB5ktpump,5x9smiQG9JrBkLi5HTtz3kzuUJJWXmCC8yUYsb3BS4i5coKhCB4FmD8xjch7M26dKnfGYSjWpj9qhZjBs88uxbZ6,423634110,1780333657,"{""InstructionError"": [3, {""Custom"": 6005}]}",0,
B1C2xfcUajAAU8n3zfuXqXvvALRw8cB5sPzNB5ktpump,5wzyTizZ11VfsEs4am4yuemtyq2BUseuSHwz3fe9ECY1gYfaVRBXMxZey2A1FPEPLNeUFBiCYiMJLtfQ9bVV2BHW,423634110,1780333657,"{""InstructionError"": [3, {""Custom"": 6040}]}",0,
B1C2xfcUajAAU8n3zfuXqXvvALRw8cB5sPzNB5ktpump,3pAARwufXfkpw3rmtfiY3cVfk2vKdhapZfMrpnMwzhUaBFt2b3qYXRQpFznVcPUqBqVGWSQnuQ1zjmVEA32J63ZC,423634110,1780333657,"{""InstructionError"": [3, {""Custom"": 6005}]}",0,
B1C2xfcUajAAU8n3zfuXqXvvALRw8cB5sPzNB5ktpump,5Mtb6b7Bdi39PcE7zBK4dk6Wg3e41jUHHuXN7cFGBTDvAfQZkwcVQL3qDcSJoF8FZF1yNy3zKD8t2kyva8SspCAW,423634110,1780333657,"{""InstructionError"": [3, {""Custom"": 100}]}",0,
B1C2xfcUajAAU8n3zfuXqXvvALRw8cB5sPzNB5ktpump,4ramB5r83VZ9nK9sQj1zeitUTmfaAv2XNKgYtPVYEb5eC15QEDujA3NKQMVY17L3XoEtb2Xtp7K1buBH96BN5KY3,423634110,1780333657,"{""InstructionError"": [4, {""Custom"": 6040}]}",0,
B1C2xfcUajAAU8n3zfuXqXvvALRw8cB5sPzNB5ktpump,VcuRy5ZRMi7t5teCrZZYR8RF5NjpVuFMdbyNfYSp2NsCGwYq7dPWHjFHEmJKTngRFAV1xEGhdXfr7n8iRD52ypW,423634110,1780333657,"{""InstructionError"": [3, {""Custom"": 6040}]}",0,
B1C2xfcUajAAU8n3zfuXqXvvALRw8cB5sPzNB5ktpump,2qbsnkiYLswD65m6Jqz5NUNS8SdVCHRQF9XKyjtQy29UMoTxyYEgBchwEiH7xdBdatARuJ2rawNE3QpJ7gPM3qYn,423634110,1780333657,"{""InstructionError"": [2, {""Custom"": 6040}]}",0,
B1C2xfcUajAAU8n3zfuXqXvvALRw8cB5sPzNB5ktpump,5oDiSnermH6puTSw6RjGvu4ugP7g2VgU5yTdsepgH663RaQt9fu4CzFZcHiKEvrqtpuGzHvANNAAeYeGhH1H1ZaN,423634110,1780333657,"{""InstructionError"": [3, {""Custom"": 6040}]}",0,
B1C2xfcUajAAU8n3zfuXqXvvALRw8cB5sPzNB5ktpump,4jnFZQAwmS1TrT14aeiAzwZ6uDdNAZZE9JeRQfzE2hSYhxdAHLR6rCS7NPj6wByiDYxDqCu9SuM8ViGArheQ97kb,423634110,1780333657,"{""InstructionError"": [3, {""Custom"": 6005}]}",0,
B1C2xfcUajAAU8n3zfuXqXvvALRw8cB5sPzNB5ktpump,4hHWaUX6qjULkpnzRZg5XfBGWbbVPoXZo1xSiUk233YGSH9w14S4Bcv3vbdU2P7Xd5NsvE7aaB3HDCA4Bo7vR612,423634110,1780333657,"{""InstructionError"": [4, {""Custom"": 6040}]}",0,
B1C2xfcUajAAU8n3zfuXqXvvALRw8cB5sPzNB5ktpump,4NGM527MXBFQhU87VCbB8ixqPuAoFe75GiaBveZxnnMJYNAztYvKCYCJrzXoNbVbStBjhxB6gbYDBix7Xdij4HY4,423634110,1780333657,"{""InstructionError"": [3, {""Custom"": 6040}]}",0,
B1C2xfcUajAAU8n3zfuXqXvvALRw8cB5sPzNB5ktpump,4oUYCbsWjun8CudfGeFKicPuwtUsCTjqE9QEbJh1juW6enXEKcX9efonuqm5DCDs9WPR3Mtc5idFpfZPJeS52Kay,423634110,1780333657,"{""InstructionError"": [3, {""Custom"": 6005}]}",0,
B1C2xfcUajAAU8n3zfuXqXvvALRw8cB5sPzNB5ktpump,2KWWAsp8M88Xgevtdw9Yux7jxCbVbUv7SF7JwnnKk4vXRJ7jooDEDGZN5aVFjwTTUr5FrM8JBhtMNhajKDq96moi,423634110,1780333657,"{""InstructionError"": [3, {""Custom"": 6040}]}",0,
B1C2xfcUajAAU8n3zfuXqXvvALRw8cB5sPzNB5ktpump,4ikypkWkwgPhik8T8zu1bfPBy5QptQAQmbRwnfomq77HvMy9rTPcKqstPxh6c1Qxh8PJ3kaF2Ch5kd6urbhJtNEY,423634110,1780333657,"{""InstructionError"": [3, {""Custom"": 6040}]}",0,
B1C2xfcUajAAU8n3zfuXqXvvALRw8cB5sPzNB5ktpump,2yLZq2Y9bEJYrZ5nwDrttPobsFTdgoPAFFYZqwiCnNpyAFxZzywy9xSauLw5hEnmECdnQ7bjZHdch55seEEiFatv,423634110,1780333657,"{""InstructionError"": [3, {""Custom"": 6005}]}",0,
B1C2xfcUajAAU8n3zfuXqXvvALRw8cB5sPzNB5ktpump,4BYZbbprk2ia2ugAtVr5tx4FSXbLF64cFNvTMHY7y7R5587cPqAFPcjRwNKofr7vHNXbNzbyoVnBrTvk49VU82KG,423634110,1780333657,"{""InstructionError"": [3, {""Custom"": 6005}]}",0,
B1C2xfcUajAAU8n3zfuXqXvvALRw8cB5sPzNB5ktpump,2GbPsuVHgbdGEGoDiNpTYj87Fo5jfZAGbYSKfgRVXNZQ3QoEG29QJVDerHM6EmWrX1YLezDoQX3wKvD82jGXBcdd,423634110,1780333657,"{""InstructionError"": [3, {""Custom"": 6040}]}",0,
B1C2xfcUajAAU8n3zfuXqXvvALRw8cB5sPzNB5ktpump,2jJEEpKdMNhSmJG5fcxhvfP2HDqJkQzTJC8bbMHmnRv496i8TB9Hp5FDF57vEgs1vxA8PBMNH2g7EL5KmzgMfH5K,423634110,1780333657,"{""InstructionError"": [4, {""Custom"": 6040}]}",0,
B1C2xfcUajAAU8n3zfuXqXvvALRw8cB5sPzNB5ktpump,5SpebyHXuZzMNGNdBCWbGW6qrTnd83r4KQ2PmHR445yYNfi8Hp1WRruDBZV4643NLsLkdE852VH4Uc2sLkrdbjy1,423634110,1780333657,"{""InstructionError"": [3, {""Custom"": 6005}]}",0,
B1C2xfcUajAAU8n3zfuXqXvvALRw8cB5sPzNB5ktpump,AesTiazQXyBA8gYX8RP4TSCjZmRshbW5EvQ2RAd1Ncyz8Dw8SgTDPkLjJbWv4DAEcNFhYJ63csBw9KP1mLv8JUz,423634110,1780333657,"{""InstructionError"": [3, {""Custom"": 6040}]}",0,
B1C2xfcUajAAU8n3zfuXqXvvALRw8cB5sPzNB5ktpump,3p9TLBk43vx9p2iZk7FtW1UJsik5pt3qGufbFb2Yyzy15HKtk8RUghegskT4829vcDQkpTzfnLW3FH1HeurKZvFi,423634111,1780333658,"{""InstructionError"": [3, {""Custom"": 6005}]}",0,
B1C2xfcUajAAU8n3zfuXqXvvALRw8cB5sPzNB5ktpump,mUhQ2W9zMvfV3sYVNomNxmKUERGPm2bwB3gh8xKHHsLJyZFiKPF5tPMB2gmU8RvMTS4tQU5uuHHx1M93Wq2VH1Q,423634111,1780333658,"{""InstructionError"": [3, {""Custom"": 6040}]}",0,
B1C2xfcUajAAU8n3zfuXqXvvALRw8cB5sPzNB5ktpump,4NMQyhhSFGj8CAQbU7LKd53h4ZyVLswfp1NLDPUQb6PbFXVeAUgs8wvv6cMURiHrZz2QWG1UTFrJY1c8qVajHCtu,423634111,1780333658,"{""InstructionError"": [3, {""Custom"": 6040}]}",0,
B1C2xfcUajAAU8n3zfuXqXvvALRw8cB5sPzNB5ktpump,5mxLGSQDzKRfsby6RgRkqqBvrqGNZ7UGAarNAQ2PwgaxAFTJKvawoR7aybC8ugQSatXFff1ScJai99mndYBd1HC5,423634111,1780333658,"{""InstructionError"": [3, {""Custom"": 6005}]}",0,
B1C2xfcUajAAU8n3zfuXqXvvALRw8cB5sPzNB5ktpump,9Vh7FTDoA5XM1hWGf6BppZ1pWE9s11PVPdVG6VduBdKfJVvJr27r2tJ2KLysGsS2QQssxDcCHj7JRKkGHoen9ZL,423634111,1780333658,"{""InstructionError"": [3, {""Custom"": 100}]}",0,
B1C2xfcUajAAU8n3zfuXqXvvALRw8cB5sPzNB5ktpump,3jxcd6S68kfYh1oQWZJRobCcBKd1Nay4mXiu4HNmmY6eQBnj1VoZqLKd2vehBCNNBuTFMAw1UfHm91EkEjjn5co4,423634111,1780333658,"{""InstructionError"": [3, {""Custom"": 6040}]}",0,
B1C2xfcUajAAU8n3zfuXqXvvALRw8cB5sPzNB5ktpump,3svDHEci2AWRvuD64z8Yx2WFgGjBVxF2s9gW3GCsKMGuxcShePLb7XdqsSbiRugB2ai1YRRmZFqPMRgKQZ1TfDUj,423634111,1780333658,"{""InstructionError"": [3, {""Custom"": 6005}]}",0,
B1C2xfcUajAAU8n3zfuXqXvvALRw8cB5sPzNB5ktpump,4UZMf1RGMwZzokwV4uPzh69XazaBU7RPN64qm9qudgvvPUhw7VAyZ8PC9jVHnMcinWgjeSHn3vhESqDX3F3RZKFM,423634111,1780333658,"{""InstructionError"": [2, {""Custom"": 7002}]}",0,
B1C2xfcUajAAU8n3zfuXqXvvALRw8cB5sPzNB5ktpump,AuQfLMxSzzNgw3aeNq1qNBBDAaPnXPuJqxNnbT2pf1RDrv5kphsCcmRu8FUVnG5WR9d3EXb7s565EAtotkrTezp,423634111,1780333658,"{""InstructionError"": [3, {""Custom"": 6004}]}",0,
B1C2xfcUajAAU8n3zfuXqXvvALRw8cB5sPzNB5ktpump,3EZkZxiAG2pzbxHqte1yzX2hB1Y5XwoKurZYqWgTne9vsYu78RVSSdMSXGYEN4BCWKt3HoRngCcnvxd56XcbaSVB,423634111,1780333658,"{""InstructionError"": [3, {""Custom"": 6005}]}",0,
B1C2xfcUajAAU8n3zfuXqXvvALRw8cB5sPzNB5ktpump,3AbP7pg9JngMPgb48MZRWpA9w5AdYx4V7meQhsHyKFhTU3XFHn6Y1bEuVSPe6TASmtfPUkF7CP8aXwdyGPCRhHEt,423634111,1780333658,"{""InstructionError"": [4, {""Custom"": 6001}]}",1,BuyEvent:987851851
B1C2xfcUajAAU8n3zfuXqXvvALRw8cB5sPzNB5ktpump,ribyNKEK45DX8RPF3A5cU5fJ2XEDB4rDKAScnUwh8A1Gafxc5madCPUxSBWumSRHmz7iedHExFzB42WuYLjdnkW,423634111,1780333658,"{""InstructionError"": [3, {""Custom"": 6004}]}",0,
B1C2xfcUajAAU8n3zfuXqXvvALRw8cB5sPzNB5ktpump,5DxSqfXoWPWWgsdow8CB71opnRNsF2bxxHBz66cvKw6FAMRaz5k3rRST4y89v7iH4aFdZwhNAofcu2wDUZdDzhfZ,423634111,1780333658,"{""InstructionError"": [2, {""Custom"": 6004}]}",0,
B1C2xfcUajAAU8n3zfuXqXvvALRw8cB5sPzNB5ktpump,RE48DBBqy6K4Ajavnm7xf3MTv6bJBsxGN4EiCuxA3tAT2rCWXHjB26W6YiVKZf16vzbmY1Lk6V4fA7QqwhM38EG,423634111,1780333658,"{""InstructionError"": [3, {""Custom"": 6040}]}",0,
B1C2xfcUajAAU8n3zfuXqXvvALRw8cB5sPzNB5ktpump,4EyDLUiJnDCDungX3DHEdVfToUspaVsHA6NAUo4yomNdEdR4yd22pogYL7iuNs4ztMQGk7wepMENrZ1dTKoRCbNE,423634111,1780333658,"{""InstructionError"": [3, {""Custom"": 6004}]}",0,
B1C2xfcUajAAU8n3zfuXqXvvALRw8cB5sPzNB5ktpump,5f1iwWdQzqkc6jbDrHA8hSgi6Eom64npqFthusW5obBa3x6GfWrwzsQBdQ154WwfebhwztYhZPqxkTCcNAgGmh31,423634111,1780333658,"{""InstructionError"": [3, {""Custom"": 6004}]}",0,
B1C2xfcUajAAU8n3zfuXqXvvALRw8cB5sPzNB5ktpump,3BB7mWXmXBc1EbHFh5526jBnMtc44cVjNmWJTrNACZ7uAgxm8yuueWTjR4fL33eRdQvqicKhr4s5r2vxEebQAoHU,423634111,1780333658,"{""InstructionError"": [2, {""Custom"": 6004}]}",0,
B1C2xfcUajAAU8n3zfuXqXvvALRw8cB5sPzNB5ktpump,RkryDYQoEfjYB89J2mneKxak1PWtAARkovkFn7dv2WHbPCirYDmhcnx1XP8FCboraBsBqQqcTWurX3vRqNBW88k,423634111,1780333658,"{""InstructionError"": [3, {""Custom"": 6004}]}",0,
B1C2xfcUajAAU8n3zfuXqXvvALRw8cB5sPzNB5ktpump,44SMVX4fQjry8fLKNzVmnaWfvMFDahbn49hZNnrSeBAzr7jKxdXLNMDZ4njSH5JtSaV2y6QcR9yai6mTLXKfDkVY,423634112,1780333658,"{""InstructionError"": [2, {""Custom"": 6000}]}",0,
B1C2xfcUajAAU8n3zfuXqXvvALRw8cB5sPzNB5ktpump,2e8zACvuvycqVSbQNtB5cbWAhTgsZ83r9uhtC1sGZeTho2dQXCvPNgiecPzb4sBW2jSjm2zZ1UwA3HuCumUcezEv,423634112,1780333658,"{""InstructionError"": [2, {""Custom"": 6004}]}",0,
B1C2xfcUajAAU8n3zfuXqXvvALRw8cB5sPzNB5ktpump,Vr5FhBVMe9y2bfzhfTtBeU5pweqUxXReYWyFNNU4E6iC9MochZ6j3HUgZbAm6JD5TqBM3TWbfD7AW8N5KcQ15Mc,423634112,1780333658,"{""InstructionError"": [3, {""Custom"": 6004}]}",0,
B1C2xfcUajAAU8n3zfuXqXvvALRw8cB5sPzNB5ktpump,4y9ezZ5aqojzsdbbY7P5yg7zu2m8nF2fKbKH672jVcpJtL6LHfL6A7RgSEVzvB4wNPJYpiTnJfv9yg6XUMeS9bba,423634112,1780333658,"{""InstructionError"": [3, {""Custom"": 6004}]}",0,
B1C2xfcUajAAU8n3zfuXqXvvALRw8cB5sPzNB5ktpump,5x7by4o4RdocfXziSGz9tiDpGLDa1XMzB9kNuoNdznLersAoqc3ZEmcV4fim2P8oQm1H2sZRRc1k6GYG6P3jRiCd,423634112,1780333658,"{""InstructionError"": [2, {""Custom"": 6000}]}",0,
B1C2xfcUajAAU8n3zfuXqXvvALRw8cB5sPzNB5ktpump,4GZvWbs1P3tDLxpk6QsyGKMwC5guNBcF5kaK7tYMibQSJ5GPwpaSBQET4YSjEDyTXzNVxGTUCxJAsLmUMBsFCAwj,423634112,1780333658,"{""InstructionError"": [2, {""Custom"": 6004}]}",0,
B1C2xfcUajAAU8n3zfuXqXvvALRw8cB5sPzNB5ktpump,4ynfNVWHhrKkMredLsR77tZQRnHp2eawnBFjy7gwVL7Z6aZu24NtjaoMTrAUDda1YyteCuJqavswX1wjwWNVKcvj,423634112,1780333658,"{""InstructionError"": [3, {""Custom"": 6004}]}",0,
B1C2xfcUajAAU8n3zfuXqXvvALRw8cB5sPzNB5ktpump,4hkmGBadNgT4sStvBKfGg6MQXWyFpm57yS2XAfVqeXfipZiKvAtTnTPLTojZSdCp8Qft88phrd8hzk9m33VRxgih,423634112,1780333658,"{""InstructionError"": [4, {""Custom"": 1}]}",0,
B1C2xfcUajAAU8n3zfuXqXvvALRw8cB5sPzNB5ktpump,5GswzmssgtoVUTHbUpoUhLWCqEdDDLRtRcmdsSQHj82uWDFL5AJZcg5j36QVZBQHquFVaeCSo1G3eBwt9Z9GaEAJ,423634112,1780333658,"{""InstructionError"": [4, {""Custom"": 1}]}",0,
B1C2xfcUajAAU8n3zfuXqXvvALRw8cB5sPzNB5ktpump,3wQ9Jbs8g8UsfuBgdTzqWmonEAAMumhHXYmBrkipFr6FiyZTbTBWk9tcizetiEY1EwQCKga9ZvgrKcFUvZZoubfa,423634112,1780333658,"{""InstructionError"": [3, {""Custom"": 6004}]}",0,
B1C2xfcUajAAU8n3zfuXqXvvALRw8cB5sPzNB5ktpump,o9V9DK73ho5VWAkjSypfFoRaQkHSg51cCt8ybPRtqCPVzArygrNyzXihLXvpvpeXAGpi11QdMvmPXS9tcb2aeYM,423634112,1780333658,"{""InstructionError"": [2, {""Custom"": 6004}]}",0,
B1C2xfcUajAAU8n3zfuXqXvvALRw8cB5sPzNB5ktpump,3ZGJVUfZNn2yUiZuS76fZjGFprkjMchmn1r7i7uUX2tBVXRJK8BjCapNqu6vh3r2AumRLdCPhHXn6DuqVJpEMdo4,423634112,1780333658,"{""InstructionError"": [3, {""Custom"": 6004}]}",0,
B1C2xfcUajAAU8n3zfuXqXvvALRw8cB5sPzNB5ktpump,58mtp7hk2GmQp61rdTjAZ1H5Mjh5uKvZi7NweMaWpccEbhLvT3aD7G8QYkxbfL1aFtJcFfXUiQoRMWmeNPCsQoXs,423634113,1780333658,"{""InstructionError"": [3, {""Custom"": 6040}]}",0,
B1C2xfcUajAAU8n3zfuXqXvvALRw8cB5sPzNB5ktpump,46DwcmmmsRnjMVe8gRhzKux3zzoUsmEagdcsF6DNU8ksF3kBP4rjEPNeD7stkrJNHyFYAmPisUY1MKmEtZwdAHXS,423634113,1780333658,"{""InstructionError"": [3, {""Custom"": 6040}]}",0,
B1C2xfcUajAAU8n3zfuXqXvvALRw8cB5sPzNB5ktpump,2Lt8t7qqRuCYo4Qnk4NhPPr2XSKxBR4Ffu6LwguHKr9kj2HJY9DWT1MVFJA1kTvGnw1QKBupMcH2bcopqvGT7rkq,423634113,1780333658,"{""InstructionError"": [3, {""Custom"": 6040}]}",0,
B1C2xfcUajAAU8n3zfuXqXvvALRw8cB5sPzNB5ktpump,4XnAYi52BWy9mDXAHCczpQNLvQwFKeDNwGAyT4Z3NQpM7uGJLARAVgESqMzEadeHsTpGReAYoDpzbtzuLMnJtREH,423634113,1780333658,"{""InstructionError"": [3, {""Custom"": 6040}]}",0,
B1C2xfcUajAAU8n3zfuXqXvvALRw8cB5sPzNB5ktpump,2QtBnHDyfBKRRq6YQzDAv8nbaZSahgJS6Kj8LGUp3FJ7MEMJY6Hvc65k6V4LugGUStY2oi2Aqqe9bLvecyop1CZD,423634113,1780333658,"{""InstructionError"": [3, {""Custom"": 6040}]}",0,
B1C2xfcUajAAU8n3zfuXqXvvALRw8cB5sPzNB5ktpump,3UvFjXRERETbiymeBfKzUVRHmLGFxcCAnch1XqPuKSLP9WhRC7ZBnMgaAQXntSYyCioa2EvYrqhb9rqdsP3eBnEV,423634114,1780333659,"{""InstructionError"": [2, {""Custom"": 6000}]}",0,
B1C2xfcUajAAU8n3zfuXqXvvALRw8cB5sPzNB5ktpump,hyfMDx2oQyHQgYLGNWbHW8u6g2gjPosiP9a78Vkbw3XdWMpe55vQrurm4cS4qK2RErxeN1PRwNpUSba2rgWTPkv,423634114,1780333659,"{""InstructionError"": [3, {""Custom"": 6040}]}",0,
B1C2xfcUajAAU8n3zfuXqXvvALRw8cB5sPzNB5ktpump,21Y9HjFvJyAnquxcMkEivNU9w8uQxxfqPLUBUVrVcCeGWMYwRpZujQuXoKBTJtAQY3icQD1hzFj3hqTa8CzqiS25,423634114,1780333659,"{""InstructionError"": [3, {""Custom"": 6040}]}",0,
B1C2xfcUajAAU8n3zfuXqXvvALRw8cB5sPzNB5ktpump,21EVzn9szE4hwyJVvanPFPQKcA5C4VPQdTkhqJfiKd2qmGaueztgXQywUiZ8kwcRcDfsSLCvUPZNF4ZYRjsMSdmU,423634114,1780333659,"{""InstructionError"": [3, {""Custom"": 6040}]}",0,
B1C2xfcUajAAU8n3zfuXqXvvALRw8cB5sPzNB5ktpump,2TChoUkzXiUoaGTsNABARd4B2BhcyFVnrVRrw4i6ERoXXrq7mwNuVkU4wdBwFm5APjhFgAEWX4KR67sDTksBVYHH,423634114,1780333659,"{""InstructionError"": [3, {""Custom"": 3012}]}",0,
B1C2xfcUajAAU8n3zfuXqXvvALRw8cB5sPzNB5ktpump,SmDuzNPoK7dBdoCMPK1GnqrxzDoPUB2FfH2WgEFfwHzB5KHJh4CnPXp87U8wYgu4FxwXngYhWAPS1p6MDqbNN3y,423634114,1780333659,"{""InstructionError"": [3, {""Custom"": 6040}]}",0,
B1C2xfcUajAAU8n3zfuXqXvvALRw8cB5sPzNB5ktpump,P8bcoqjswbNBiiKsyxLTLuzJmWuaSZWswg3AaWm2b9Uvg3RSJzL9GymhZYrLJN8swzhecbmP7aodmKyNogESZQw,423634114,1780333659,"{""InstructionError"": [3, {""Custom"": 6040}]}",0,
B1C2xfcUajAAU8n3zfuXqXvvALRw8cB5sPzNB5ktpump,3Tso2tUG84LnwCXq8V7LzohxmZJz6k7Rqi1SWQnybPQ4LhDgX776uqBLy9k4dRPChc4f9d8panXZMxLANSDQ52er,423634114,1780333659,"{""InstructionError"": [3, {""Custom"": 6040}]}",0,
B1C2xfcUajAAU8n3zfuXqXvvALRw8cB5sPzNB5ktpump,4XG7QoAffQkWXwpXHAaNkXHefNW4vi5DaYjb5cyj5U2zLgdJUGijuDsvqjfCWiLGgmBfCi12zWxyE58BiEKjbRpD,423634114,1780333659,"{""InstructionError"": [2, {""Custom"": 6000}]}",0,
B1C2xfcUajAAU8n3zfuXqXvvALRw8cB5sPzNB5ktpump,2JFuqf3Qo73DN7WXFn4FfPsUQbJTepUBoPrxgs3bCxK2pk46o7tqfEmWssrJLYhJ3yGwMbEH1o4YPGby71rAD6dT,423634115,1780333659,"{""InstructionError"": [4, {""Custom"": 103}]}",1,SellEvent:0
B1C2xfcUajAAU8n3zfuXqXvvALRw8cB5sPzNB5ktpump,2GwSxrzwiBjirxdwx8YLZ42DFrWx7ouDqCeoj6xsievnska1hC57cV7DVYDviMPivjd9gLDbP5RSAitNkw1tMcft,423634115,1780333659,"{""InstructionError"": [3, {""Custom"": 6040}]}",0,
B1C2xfcUajAAU8n3zfuXqXvvALRw8cB5sPzNB5ktpump,62EsJGXcYXs7eCUBwXqU3EpXnaVnJ3oggSbyErtYWKqqxhepPutqFGjThrLkaPp2YGxfF12yubkeH9zTxPuLDC52,423634115,1780333659,"{""InstructionError"": [3, {""Custom"": 6040}]}",0,
B1C2xfcUajAAU8n3zfuXqXvvALRw8cB5sPzNB5ktpump,23AdDZ5DVBr3p1bBQHzUGWwtuAVukquKrvghcwUtg8qxXmCEg73CFhS7FVU9V4tKYnM2HprhAJ4TezFLkhk9SLMD,423634115,1780333659,"{""InstructionError"": [3, {""Custom"": 6040}]}",0,
B1C2xfcUajAAU8n3zfuXqXvvALRw8cB5sPzNB5ktpump,4bCdDbKV331UcMSj9dYKe3sWi3F6mehQkGXhAw5d1MoLCGG8U7ckDFxXDQYf4HZqujrXRFGPQBgRnrY7Ee34fz9S,423634115,1780333659,"{""InstructionError"": [3, {""Custom"": 6040}]}",0,
B1C2xfcUajAAU8n3zfuXqXvvALRw8cB5sPzNB5ktpump,zwxMsRFqaxaM4gw5QsHKDvT9DQa4mRdzMM4Mjf3pUssoTDrgxrqj9iPrRkNv3mw6W1T6S3WLzDJbc7FrLVN4kwx,423634115,1780333659,"{""InstructionError"": [3, {""Custom"": 6040}]}",0,
B1C2xfcUajAAU8n3zfuXqXvvALRw8cB5sPzNB5ktpump,3mUcn6dxtQVVcdXTmLXkXq82kTjS9Gk8DnC9x1gkgsQNjBwKnZoH7NnWwMUp2rotm6NvcQkEpDSkAV1YNs1rwjMP,423634115,1780333659,"{""InstructionError"": [3, {""Custom"": 6040}]}",0,
B1C2xfcUajAAU8n3zfuXqXvvALRw8cB5sPzNB5ktpump,3cLE6LzWzigVDo6aAu5bjCevR78nQsv2GYkVVXu5DX7gSC763ef89vSgmJtVqSN7iM3ckyTpkNFavXAtvcAXr2GR,423634115,1780333659,"{""InstructionError"": [3, {""Custom"": 6002}]}",0,
B1C2xfcUajAAU8n3zfuXqXvvALRw8cB5sPzNB5ktpump,zabhk7UmnizuZ5b2i2WMZrxRw8q7fW5ein93QRm6fhzRSVH3Q7uUFKkL92uP5PzYU1yGgGAvWGXnPtaMfT1hWE7,423634115,1780333659,"{""InstructionError"": [3, {""Custom"": 6002}]}",0,
B1C2xfcUajAAU8n3zfuXqXvvALRw8cB5sPzNB5ktpump,2U6mS63MMZkcW3kpJ4KMSsEtBcMBppL1n7FJyohZMHAvMJSt3TZLdHLjwPnwrqu8AHeCWC1eSChqKSpyUQGwNu2o,423634116,1780333659,"{""InstructionError"": [2, {""Custom"": 6004}]}",0,
B1C2xfcUajAAU8n3zfuXqXvvALRw8cB5sPzNB5ktpump,2tqUjDezrk8yBU8SWhdvHfKJU77meGAWKbxhUSVM75VCnfftFsGWKd1obRY49qEm8SBj8TapbeyTjY2Qp2aqF78D,423634116,1780333659,"{""InstructionError"": [2, {""Custom"": 6004}]}",0,
B1C2xfcUajAAU8n3zfuXqXvvALRw8cB5sPzNB5ktpump,4mf7miFFzHf8vTgNY4rc9VYm5ssaS3YDe4S3h7NHQZZZnmhqyJB5zUPgM7fciNFdKRLp5seCcUZvT4ySmNpdVkWo,423634116,1780333659,"{""InstructionError"": [2, {""Custom"": 6004}]}",0,
B1C2xfcUajAAU8n3zfuXqXvvALRw8cB5sPzNB5ktpump,Kbbt1H68qC6nNQAeqKtssW5m4JzEizx47839e3sJcd3di55npXvhbJzRjBzFs7ZYgsuGHA5R1PeLmvRrUMZAnoW,423634116,1780333659,"{""InstructionError"": [2, {""Custom"": 6004}]}",0,
B1C2xfcUajAAU8n3zfuXqXvvALRw8cB5sPzNB5ktpump,X3u7oovg9mhBiQcMfUNTq98ubj3o3wSUTmQH2i4Brg7mfTmMLcUHpQdyNGmnSYJdCodAH3oM9oecqbcnquwWJy8,423634116,1780333659,"{""InstructionError"": [3, {""Custom"": 6002}]}",0,
B1C2xfcUajAAU8n3zfuXqXvvALRw8cB5sPzNB5ktpump,5StdSESN6jqGhUgQPieaBVXgRHuJAfnEihqnPzKVmEhVoSmrpdVSou5CUQuiaX2uEDfjh4jZgCS3b444ZvJm6VfQ,423634116,1780333659,"{""InstructionError"": [2, {""Custom"": 6004}]}",0,
B1C2xfcUajAAU8n3zfuXqXvvALRw8cB5sPzNB5ktpump,3brQ5hnyjVrS7619QioSMBhwrTgmp5Mf4qmHDinygMckSmF8xnu2jo2bLzHvRv9zqpChLnqhUnjgRuC3sxEZJ6Ho,423634116,1780333659,"{""InstructionError"": [3, {""Custom"": 6002}]}",0,
B1C2xfcUajAAU8n3zfuXqXvvALRw8cB5sPzNB5ktpump,5xssMyZgrti7tRRZQaMZPFoQWsWn6p8c5Gqg8vkRvFxcq1fGMLbLKHgP2CAL11XB3NSA1e2piQSaCbG5sKDe46CM,423634116,1780333659,"{""InstructionError"": [3, {""Custom"": 6002}]}",0,
B1C2xfcUajAAU8n3zfuXqXvvALRw8cB5sPzNB5ktpump,41MtBcLYLC1eyrAzFMRJyuA54G3pFm7Rqe2ecTtNkaFriE6ntunqaHehqVCTLtfSZPwBQA91uXZHMsL5Ja6GkmQS,423634116,1780333659,"{""InstructionError"": [2, {""Custom"": 7012}]}",0,
B1C2xfcUajAAU8n3zfuXqXvvALRw8cB5sPzNB5ktpump,5LgDw5jLVh5HAthu9DmF6kJYijB7N91VB6NVScX8NDUbm9Zz6AgrBCHLFwkLYVJcYq4P8n6vuY7y5yroiJEqgxi5,423634116,1780333659,"{""InstructionError"": [2, {""Custom"": 7002}]}",0,
B1C2xfcUajAAU8n3zfuXqXvvALRw8cB5sPzNB5ktpump,24rZwGux9tzdmf8Sf9RwD9G4SanNCEf8FULzCsvUkTdqYnLQ1VfWumJptYTnoQZeyXtgFGt8B2YA4ieyCe6WtC4e,423634116,1780333659,"{""InstructionError"": [2, {""Custom"": 6004}]}",0,
B1C2xfcUajAAU8n3zfuXqXvvALRw8cB5sPzNB5ktpump,5rVM6c3o9AHx8efxnFhR6NkJEHr4uMuZyUuUhsqkNmEhy2g7CURBp3JwYkncdBUsTtjp7yiAzNYeaLmwG5XRV6Ys,423634116,1780333659,"{""InstructionError"": [2, {""Custom"": 6004}]}",0,
B1C2xfcUajAAU8n3zfuXqXvvALRw8cB5sPzNB5ktpump,49dSnFS8hujCMKncYWm5bmqve9L3Jc7YBc8JyqsTxagDv7bJzGac2Uz9Wo4L2epYRdVswgmhPSA4pGHdk5MAxczF,423634116,1780333659,"{""InstructionError"": [2, {""Custom"": 6004}]}",0,
B1C2xfcUajAAU8n3zfuXqXvvALRw8cB5sPzNB5ktpump,3SXAWFmZTFa2FddDqzrNtL4pSowZ4smiMJw5zwuxLUvFhjG842rdPaXpSNpwNBs9roquvu5QSaXkcCBY2jKfvmqG,423634117,1780333660,"{""InstructionError"": [2, {""Custom"": 6004}]}",0,
B1C2xfcUajAAU8n3zfuXqXvvALRw8cB5sPzNB5ktpump,5dBwncKcGvTFacAmzwvWimjyxxpzcQWigTvmCeuZfv1wVxHrm8bK9eEUPoTJ59Z8kM5KGC9B28RazffJfE7JUnVL,423634117,1780333660,"{""InstructionError"": [2, {""Custom"": 6004}]}",0,
B1C2xfcUajAAU8n3zfuXqXvvALRw8cB5sPzNB5ktpump,5JLxzqpubRRTNnuyLfoYv82crywM6ha4sP9uuqQ7CQGidpwfVT86ymxmJzqjHmNJuYpAXcZd22UZu8PoBKMKnonq,423634117,1780333660,"{""InstructionError"": [2, {""Custom"": 6004}]}",0,
B1C2xfcUajAAU8n3zfuXqXvvALRw8cB5sPzNB5ktpump,2GWD5kgQxB3ZVANRZgA1Qf9LAURnqEc939oAepa86w1Cd2azWzxQihCVjaZcnh93vEXTP6BmpxPqEH5d4XsKqFPt,423634117,1780333660,"{""InstructionError"": [2, {""Custom"": 6004}]}",0,
B1C2xfcUajAAU8n3zfuXqXvvALRw8cB5sPzNB5ktpump,RLg6KedfuiAVVZDhw639hJx7MBAw1ht6P82sgAKU3LtwjNy5G9M34d82bsF5sKhaAn3aRJJfjSiG5mrr19jPpNY,423634117,1780333660,"{""InstructionError"": [2, {""Custom"": 6004}]}",0,
B1C2xfcUajAAU8n3zfuXqXvvALRw8cB5sPzNB5ktpump,4nrs72uitn2CPEW3QETaYzf2LxQEwH833soE3qPr9HmudYwmzfnHQLjVdv7SYiqCjzzfhDmLdz75amRHco6AVGpz,423634117,1780333660,"{""InstructionError"": [3, {""Custom"": 6004}]}",0,
B1C2xfcUajAAU8n3zfuXqXvvALRw8cB5sPzNB5ktpump,qn33gsG9rx8ErJvsYJu9kYXcd4fqNdHd4ZR2XJwEpB5kBAqhCo2vZMLDMXbeFQ4wvXJi6LrQSHzrqqyDrSvs4Rh,423634117,1780333660,"{""InstructionError"": [2, {""Custom"": 6004}]}",0,
B1C2xfcUajAAU8n3zfuXqXvvALRw8cB5sPzNB5ktpump,23aqHVmQQpLotkuFAGrXbDq1N5vYjC5iPFcZTrysMUdarQLhL6KEr58j94svBdkzAcr9WL4k1kKAwxsTAuwWg5i8,423634117,1780333660,"{""InstructionError"": [3, {""Custom"": 6004}]}",0,
B1C2xfcUajAAU8n3zfuXqXvvALRw8cB5sPzNB5ktpump,453JGQWH5QWqprTJjCDr8wGHmxRZrWPT4UM4K967DHKfgKCN7VU23gnzXyuV3S8ueNTij7K4bLC8VZYmHRPQKkzJ,423634117,1780333660,"{""InstructionError"": [3, {""Custom"": 6004}]}",0,
B1C2xfcUajAAU8n3zfuXqXvvALRw8cB5sPzNB5ktpump,hYa74fDSF3JQLEap8z8p65voxvESxhcDSm9ygYejSGGYbj7VUpeb6SakXTxAtkX6x3jz17xsEsBQaUjYdjAggPa,423634117,1780333660,"{""InstructionError"": [2, {""Custom"": 6004}]}",0,
B1C2xfcUajAAU8n3zfuXqXvvALRw8cB5sPzNB5ktpump,bYb56HkC7FP5DDTGMZZGQ9SFLQG9TB4adivUQBtzCEMXxm7JVSvuy2JyNyADj2qkTnbMj6u46hdLnYs2cArZdmE,423634117,1780333660,"{""InstructionError"": [2, {""Custom"": 6000}]}",0,
B1C2xfcUajAAU8n3zfuXqXvvALRw8cB5sPzNB5ktpump,3SKzXp3Ar4kg7VPhWKCeVM4YDYmvvhUDbDhxdbymxzyEYrhRcMjmrueHZE4yG6ewbnnWjZMNLYGyU6NETdJVnmLg,423634117,1780333660,"{""InstructionError"": [2, {""Custom"": 6000}]}",0,
B1C2xfcUajAAU8n3zfuXqXvvALRw8cB5sPzNB5ktpump,2AwydfMAjvX37txJxsYZ5qbJpJcp9YAEt1HSte8tN9dQBegvUqwcKntBYQrSWbCRqJyBQUK3ksMhkqnrha2AKjpt,423634117,1780333660,"{""InstructionError"": [2, {""Custom"": 6004}]}",0,
B1C2xfcUajAAU8n3zfuXqXvvALRw8cB5sPzNB5ktpump,5GaRvJjyDQp5MwvjhPGuyjHRxpVkvcs6SdPEiJ6uc2T7RRsjjrMEgrC57wVjjRVkpiJeUoAatzqTaeZqVb2AvFqu,423634117,1780333660,"{""InstructionError"": [2, {""Custom"": 6004}]}",0,
B1C2xfcUajAAU8n3zfuXqXvvALRw8cB5sPzNB5ktpump,q4CAXEy3ZEqd5ESrcHp4S5XV7qbLjjxXRjEpnHLDqxgx2yWtueG11LukQVY3zedWFHRR5p7bPXgsXgqpjEdRQfN,423634117,1780333660,"{""InstructionError"": [2, {""Custom"": 6004}]}",0,
B1C2xfcUajAAU8n3zfuXqXvvALRw8cB5sPzNB5ktpump,5xMTRTEFQP94z1RoczBSY3voCRqJN1JR1bM3yDmyjiDwhvbD8yW5a2CEys8sxWESZM4LYq6gYgZDXsZNj4zM6mws,423634117,1780333660,"{""InstructionError"": [2, {""Custom"": 6004}]}",0,
B1C2xfcUajAAU8n3zfuXqXvvALRw8cB5sPzNB5ktpump,3qhSkarDMPBYGF1iR4wWZnGWeYLzZcbQvJtDVWVhdqPubMQsMa5Z6cZz4CkRMnPNckAmRdrsdtnatpDvhxq2uSoh,423634117,1780333660,"{""InstructionError"": [2, {""Custom"": 6004}]}",0,
B1C2xfcUajAAU8n3zfuXqXvvALRw8cB5sPzNB5ktpump,2ZcbBatgbwJYmix2kbGtH1a4cAFnw78oXFxJDuzkorruk9uRiPv5LdgfjwjVTTR9LHCtCbfFsa7tqW2YvsCrxx8o,423634117,1780333660,"{""InstructionError"": [1, {""Custom"": 170}]}",0,
B1C2xfcUajAAU8n3zfuXqXvvALRw8cB5sPzNB5ktpump,5frbkFTyG9ifgN4mFdmGisaWsHB9FyZgtrWCkQUcwrCxV3z8vUsrxY1zPnykfgPkMjejpJ8QfaEeGS5Wj9F1m4Jc,423634117,1780333660,"{""InstructionError"": [6, {""Custom"": 6040}]}",0,
B1C2xfcUajAAU8n3zfuXqXvvALRw8cB5sPzNB5ktpump,58xFFbCEqySLJgRubTbSVvuSdb4WFo1rq1fdoqsZKoRTh1brZ1ebufM1X99nYJG3vxTaQdqUDFXMSMqjZgRVnw4w,423634117,1780333660,"{""InstructionError"": [4, {""Custom"": 103}]}",1,BuyEvent:48898666
B1C2xfcUajAAU8n3zfuXqXvvALRw8cB5sPzNB5ktpump,5uy5Sh9ryMBmzNgmfJwnwUHU2F3YvxckvRxkH93zNgRY6qE3Vz4BB9k1qXLcmr1PgUrRg4BN5gapYbiLf13sXNP5,423634118,1780333660,"{""InstructionError"": [2, ""ComputationalBudgetExceeded""]}",1,SellEvent:0
B1C2xfcUajAAU8n3zfuXqXvvALRw8cB5sPzNB5ktpump,4Ykz5FfNemAABhwVCQWsxACVfugyXHhQ4Ht255aqNhkArQf7TFgx8ZoBheyBNNzqryjMfEZw3QZcUrUPx8hZRYH9,423634118,1780333660,"{""InstructionError"": [1, {""Custom"": 170}]}",0,
B1C2xfcUajAAU8n3zfuXqXvvALRw8cB5sPzNB5ktpump,3hmpCVkwTF8jyw57xi4EN3WGLQa7oNxeY8P6ChMRREkkzMdM4MKHg12nkWYgJkPh3aLkhJx1hFixJBphny7QTUBw,423634118,1780333660,"{""InstructionError"": [2, {""Custom"": 6004}]}",0,
B1C2xfcUajAAU8n3zfuXqXvvALRw8cB5sPzNB5ktpump,5sDwLnisZ5gi9iemamrjvNGD1tZgM6SJR81c3yVzFzhmxcJ51cczsVSynNYw5RNiNiaysSa8jqDQC1nmvh1y4XFj,423634118,1780333660,"{""InstructionError"": [2, {""Custom"": 6004}]}",0,
B1C2xfcUajAAU8n3zfuXqXvvALRw8cB5sPzNB5ktpump,3HNy5ZGqwgwj9ZzhTjBh378K39z4JvV6k5my22ekcC7Gkuw6vzTtq6SZtyohh2qegTevu4LzhxYLqYgRsFFT3QMG,423634118,1780333660,"{""InstructionError"": [2, {""Custom"": 6004}]}",0,
B1C2xfcUajAAU8n3zfuXqXvvALRw8cB5sPzNB5ktpump,5tUbzfikZheXg3ep9ScvZqgPnRZW5qEz1PQoePa1azjWcGMVmi13PrcGtAycwv8M1MYXfaZFJCaKBKUos7qkVNoY,423634118,1780333660,"{""InstructionError"": [2, {""Custom"": 6004}]}",0,
B1C2xfcUajAAU8n3zfuXqXvvALRw8cB5sPzNB5ktpump,65FCDzJ3X7jXej1dvUhiTBToPXN1to1vGPJaqhNeW2qoFwNb7LjZVXCoxeGVMbsmf4hdbEAUAYVEWchDMQNZ4DJZ,423634118,1780333660,"{""InstructionError"": [3, {""Custom"": 6004}]}",0,
B1C2xfcUajAAU8n3zfuXqXvvALRw8cB5sPzNB5ktpump,2y9dG5uuUhKbxMbJM2pQNeKV5uahL1F4LRQEcPFg4dnsRVY8RF5ubFdKo54KoEkwxq9jFTgu3f5RyeHgWX2s5j8d,423634118,1780333660,"{""InstructionError"": [2, {""Custom"": 6004}]}",0,
B1C2xfcUajAAU8n3zfuXqXvvALRw8cB5sPzNB5ktpump,3UJ9W1JGL3qvchctdcaedaKnKiedrGvy1mKoiU2LMrhU3BJPzWLahBmMiNF2DZUoXaknefeG7vZEJZTWVoNH8QPL,423634118,1780333660,"{""InstructionError"": [3, {""Custom"": 6004}]}",0,
B1C2xfcUajAAU8n3zfuXqXvvALRw8cB5sPzNB5ktpump,4kgayhjSkX6iZR2LH85JaY1JaimU6h2u5kKYBVY1z2iysa5UmiRSf394mr6gSXAa2rXzxwuBzXEykKt4FMNjHKUi,423634118,1780333660,"{""InstructionError"": [3, {""Custom"": 6004}]}",0,
B1C2xfcUajAAU8n3zfuXqXvvALRw8cB5sPzNB5ktpump,fzoKDkNxFYovxAbBQSWYbYVWpxpWbPJXuztNpBEY5DtBY8GSF1tQN1FDrdoeJpjEuJrrrXSnYRafXuNfxfUWPmz,423634118,1780333660,"{""InstructionError"": [2, {""Custom"": 6004}]}",0,
B1C2xfcUajAAU8n3zfuXqXvvALRw8cB5sPzNB5ktpump,5eKgYZeWYv4naTVPgQRhpzvPcyBfqzbHCAsfLED84adhe2VK8xtKbWumwpNwsosjBwryxpWxjPGLTkg1TJxGtm6q,423634118,1780333660,"{""InstructionError"": [3, {""Custom"": 6004}]}",0,
B1C2xfcUajAAU8n3zfuXqXvvALRw8cB5sPzNB5ktpump,26FGnPYpVhk9Kvh3EsqjDkFV8Bnb9ARp4zh8vsrNNJuriZ7zfBWw8n3DfKZUfdmwmT1koCLB2BcWb4Y6Y9Wx2Aep,423634119,1780333661,"{""InstructionError"": [3, {""Custom"": 6004}]}",0,
B1C2xfcUajAAU8n3zfuXqXvvALRw8cB5sPzNB5ktpump,tXBah14QcxvXkHvTD1bB9sjVpQxf6Lknip2kefNwHKMQBPfCbz9AQb74eiif7Nr8PdDWxjAof2C6aKkTaCpziZ8,423634119,1780333661,"{""InstructionError"": [3, {""Custom"": 2}]}",0,
B1C2xfcUajAAU8n3zfuXqXvvALRw8cB5sPzNB5ktpump,2RHLaH3zuqFB4nhcsF9AzHyeL9jud9cR8ij9SbwvdiZ9ML3BWgWwkeThLEfeyzAehWYM3vM8qtHBC9xoaAxQ3qwn,423634119,1780333661,"{""InstructionError"": [3, {""Custom"": 2}]}",0,
B1C2xfcUajAAU8n3zfuXqXvvALRw8cB5sPzNB5ktpump,LCxfhkCP1cEKN2RqAnMsipdfpS8fejdpgrDbEkNgpaAHFH7JZxe2MEqsjQhjGex6sMSKqCHnVDqcQJvw5om1UWi,423634119,1780333661,"{""InstructionError"": [2, {""Custom"": 7002}]}",0,
B1C2xfcUajAAU8n3zfuXqXvvALRw8cB5sPzNB5ktpump,2SX6nFiGahtqGVANtYp9YbGeULGQSpwK58Qi9auZRLi6hthLfeSQQWBeVHrh8X1H6mQQfirVb7VHcvLZ5nhcsMNy,423634120,1780333661,"{""InstructionError"": [2, {""Custom"": 6000}]}",0,
B1C2xfcUajAAU8n3zfuXqXvvALRw8cB5sPzNB5ktpump,uRN5ajbpMAM3kp7bdP3SFvPRpZHSCm74ZYEDu8LPE7C76M7iPHgKTqtNeH4MybxTndr6fZbqEN4Xwa2wchQLmp8,423634120,1780333661,"{""InstructionError"": [2, {""Custom"": 6000}]}",0,
B1C2xfcUajAAU8n3zfuXqXvvALRw8cB5sPzNB5ktpump,TX7rpkPAzgJt19yccxqCNQy6QUiEejz22HXm6E4jPEmKT5M3KW8nst6FbnXgVoPDKnHVUEbPExzVof2NpGtvHjr,423634120,1780333661,"{""InstructionError"": [3, {""Custom"": 100}]}",0,
B1C2xfcUajAAU8n3zfuXqXvvALRw8cB5sPzNB5ktpump,4bGwgmwWyrzzfjUxYRydXdwWC65TeDRvs6K5MuMVpUSsdhfTkJzmtdFzp2X6HUnC7gsYTCsE8wxoZn2JWXTt1sRc,423634120,1780333661,"{""InstructionError"": [2, ""IllegalOwner""]}",0,
B1C2xfcUajAAU8n3zfuXqXvvALRw8cB5sPzNB5ktpump,4qkHjMRkxxwHwVYQypdmmzMXwNcwpkxVFgFiBipF6EQmP5v1yrPGkLKoE559zyEr8Mywz2t4wswN7bDgJauTFR7w,423634120,1780333661,"{""InstructionError"": [1, ""ProgramFailedToComplete""]}",0,
B1C2xfcUajAAU8n3zfuXqXvvALRw8cB5sPzNB5ktpump,58TiGajLwmDsfBQ1ePJ9AacbZtS5Uq2PbMpEnWVZdmRcLNoriTB9yyvvo7WVtzALs3eZrP2ZqKHSUurykAaNci5x,423634121,1780333661,"{""InstructionError"": [2, {""Custom"": 6040}]}",0,
B1C2xfcUajAAU8n3zfuXqXvvALRw8cB5sPzNB5ktpump,FdoQfdCHrEasrsAKpnin1hiDrC66kxFr4CsBwCeZvb9bocMfC4VSwwPEu3MgAC5xpHLQiA7ekuLoSjZgVwxSHdB,423634121,1780333661,"{""InstructionError"": [3, {""Custom"": 6040}]}",0,
B1C2xfcUajAAU8n3zfuXqXvvALRw8cB5sPzNB5ktpump,3RGrT89QGjynGf8baN7F3hUvsKRWHv8BaHbiagvdoRY6nPBocYZf54Ft3vFcfWPqNVBDd76SJTk5jBeHMDbubPYL,423634121,1780333661,"{""InstructionError"": [3, {""Custom"": 6040}]}",0,
B1C2xfcUajAAU8n3zfuXqXvvALRw8cB5sPzNB5ktpump,3sKGNTDDWcEpK99WZmeDcxXNtvub629Tnx56vSon4WK2bSjrQgo2iBPddqnSw6XT7xUPwpsz5JQ7jj6kBCKVUBMS,423634122,1780333662,"{""InstructionError"": [2, {""Custom"": 6040}]}",0,
B1C2xfcUajAAU8n3zfuXqXvvALRw8cB5sPzNB5ktpump,3DbXsQw5Mg92FnETw9DDcymSTDpZwH3SBjBcyNxg4y7gvpV3ZbXXuvdHLWmyDNxjZ1dBqQ7ioKHf9to5W2dhTRDZ,423634122,1780333662,"{""InstructionError"": [3, {""Custom"": 6040}]}",0,
B1C2xfcUajAAU8n3zfuXqXvvALRw8cB5sPzNB5ktpump,65ToKETWGsXJvz6QwVcTBRPHvgLWsytCDSSFQZ4kyUerr9ERriHjrHc9fCZEiQErTB7Jg57HLwrCuzVCK9AetXki,423634122,1780333662,"{""InstructionError"": [3, {""Custom"": 6040}]}",0,
B1C2xfcUajAAU8n3zfuXqXvvALRw8cB5sPzNB5ktpump,3vkjocEu2sNXPzuJTgynwRSnzYisMMNHtLd52JrPDzuCoBCvnMyCodLXBaPqfnWAobd3CGbW3Y78otzWMtmKmusb,423634122,1780333662,"{""InstructionError"": [2, {""Custom"": 6040}]}",0,
B1C2xfcUajAAU8n3zfuXqXvvALRw8cB5sPzNB5ktpump,31cEZfsVPVdoLM16PZmDNLYuw43jvsqAda7jyHx1JZRG9eFwaygFX5ZhM7kLhcbsm7K3GFhd6UdQyWL9aMTSoPif,423634122,1780333662,"{""InstructionError"": [3, {""Custom"": 6040}]}",0,
B1C2xfcUajAAU8n3zfuXqXvvALRw8cB5sPzNB5ktpump,4btBXXB9vAySGXnAizqKyFwrKGE2mX15ZQ2S1DZ3rWzLSd4ehV9skuukLtmxMZ2BcCbGDGb2ZGmhqJ2ASkESxK5K,423634122,1780333662,"{""InstructionError"": [7, {""Custom"": 6040}]}",0,
B1C2xfcUajAAU8n3zfuXqXvvALRw8cB5sPzNB5ktpump,61WjPR2BQDbfYcd3QBSEASHmCbkJ2XtX7hKfit4C5xQquyDVdTtwMXscNe5xoSQtxtB2unhCpekjkkAukhH9GWCW,423634122,1780333662,"{""InstructionError"": [3, {""Custom"": 6040}]}",0,
B1C2xfcUajAAU8n3zfuXqXvvALRw8cB5sPzNB5ktpump,3xRPPgYeHUTz7qb9Hwci9L8KctdeomqWEf6bmJtANBx83G7C6xmtz3MVcf6K6tKQWPwkhvzreLWhqTzk51mrMjeL,423634122,1780333662,"{""InstructionError"": [3, {""Custom"": 6040}]}",0,
B1C2xfcUajAAU8n3zfuXqXvvALRw8cB5sPzNB5ktpump,4wx6Y8qTNfBB9UhcRQagfzdbUq6gjnJMnWzyjUhAMTHvLm3KkCW3tCowbMwyiWJGJZRW15qFNsnnrZAUFpAqa8a7,423634122,1780333662,"{""InstructionError"": [7, {""Custom"": 6040}]}",0,
B1C2xfcUajAAU8n3zfuXqXvvALRw8cB5sPzNB5ktpump,4afMgsD3CDUA8TtfhHbAbC5Drvjhou6gKe2VcZqQoEcjqednhV3LHyboygXPkLgyfEgoku3cVLq4D1eTsUpLx7FS,423634122,1780333662,"{""InstructionError"": [4, {""Custom"": 103}]}",1,BuyEvent:48898666
B1C2xfcUajAAU8n3zfuXqXvvALRw8cB5sPzNB5ktpump,3U4dnJ1GDJ6ZtLmD5y6bZC6tPzXMrij1U9s5sbykYw9jqx5uZRxG5sdPvQ4uokiqBbNxecHy17QcHoNnU8zUdeWC,423634122,1780333662,"{""InstructionError"": [3, {""Custom"": 6040}]}",0,
B1C2xfcUajAAU8n3zfuXqXvvALRw8cB5sPzNB5ktpump,3aUFxLM5d6jL6KfJuPKFh4BZSw1zPfZfiKjR4iAnH6xmvMAhYyobZQuyLGtVcfepWzwNXouV9RiwTsmmVhoniBR,423634123,1780333662,"{""InstructionError"": [2, {""Custom"": 6040}]}",0,
B1C2xfcUajAAU8n3zfuXqXvvALRw8cB5sPzNB5ktpump,2YqKtr14DKvnwbDciD1mqD9tMRuoKbMQbr4qUzNtPdXBtYohmPgtkYaMi2KUWdN5Kc1PhRg8Co7fJnsbc7466qBA,423634123,1780333662,"{""InstructionError"": [3, {""Custom"": 6040}]}",0,
B1C2xfcUajAAU8n3zfuXqXvvALRw8cB5sPzNB5ktpump,2pKyfQWZ7wYcNqLkRFf3QGFp3iPuST9HZs5SaRhH3QDthku8gLqVej1fR2w2XMTxxk2xgd8KoEQ4tSnb5hmFNsiH,423634123,1780333662,"{""InstructionError"": [3, {""Custom"": 6040}]}",0,
B1C2xfcUajAAU8n3zfuXqXvvALRw8cB5sPzNB5ktpump,25kthmC1RHPHvF4j8A4GoDbTHfCiddBgZhFKa1X7hxjhir9gMmY2kSNX4dwS6rLhdsF5k4MvEXYY7mQmhy9TbVhK,423634123,1780333662,"{""InstructionError"": [2, {""Custom"": 7002}]}",0,
B1C2xfcUajAAU8n3zfuXqXvvALRw8cB5sPzNB5ktpump,3Yd7ZMZDEESzfqQ5BWCt29JHSV3RZWn9V2UgjA7JaZfUENVQY6vpSW8HjCzoLnVZoyHTwTaGx3sYZpDpN9bMbhhG,423634123,1780333662,"{""InstructionError"": [3, {""Custom"": 6040}]}",0,
B1C2xfcUajAAU8n3zfuXqXvvALRw8cB5sPzNB5ktpump,5iUJ4KomPJjHQ3fdUqtAjkETr2VAzPac7PVpGha4bQvtrgNmtusXDb5UEdPRZxTVx9tj4bZUJWknPPjaUCsd1dhk,423634123,1780333662,"{""InstructionError"": [2, {""Custom"": 6040}]}",0,
B1C2xfcUajAAU8n3zfuXqXvvALRw8cB5sPzNB5ktpump,4okuT9pp6PSpQugu9SGNURt85pHbigpEHESVNBcvLFGHsdQRbmxHctHwbbRMA7th9c88x4wvuzsz6sCMbowpPMMD,423634123,1780333662,"{""InstructionError"": [3, {""Custom"": 6040}]}",0,
B1C2xfcUajAAU8n3zfuXqXvvALRw8cB5sPzNB5ktpump,5WYxdxUEfYp7BTfWAkFZKF1oTKoZ9gRpEYd2hULDQbmtBk1PwqmRcVW3KDRSFuBE3jB7dRJcaWNSBmh19yaT61zN,423634123,1780333662,"{""InstructionError"": [3, {""Custom"": 6040}]}",0,
B1C2xfcUajAAU8n3zfuXqXvvALRw8cB5sPzNB5ktpump,YLnBg1w7KYoMBGYVuUoZvCbj2xzsXWMm2uYeTojDVksnVeaTMgRUdKmbTgMxXJ5c7bygDtM9U6KyYtZdhGpCdqJ,423634123,1780333662,"{""InstructionError"": [2, {""Custom"": 6040}]}",0,
B1C2xfcUajAAU8n3zfuXqXvvALRw8cB5sPzNB5ktpump,MbM2q9uU7sXg6e1mDF2zQhhpXpRPuyAvFzKwP39jbHfLysvxshqgPnBRjuk1vfjZU5xuN6rpoTuDqhug4ZdxymV,423634123,1780333662,"{""InstructionError"": [3, {""Custom"": 6040}]}",0,
B1C2xfcUajAAU8n3zfuXqXvvALRw8cB5sPzNB5ktpump,4W5qVfQqDx6f2Xhf5kzk7e8k57WuAokLngBFo9bXa9Y2h3xR6ermMsJ73gNX5XPj1wC4Fkm1tEb5Q5AApnKuU13R,423634124,1780333662,"{""InstructionError"": [3, {""Custom"": 3012}]}",0,
B1C2xfcUajAAU8n3zfuXqXvvALRw8cB5sPzNB5ktpump,3w2HzRUdxQQLw7pEgmYWrVZCaq8oA2bQJhJY2p9PqtXx2PPA3kYMGmckwssRh6hzmC6Ky8qRoGT7xi2Hm2cJsb25,423634124,1780333662,"{""InstructionError"": [3, {""Custom"": 6040}]}",0,
B1C2xfcUajAAU8n3zfuXqXvvALRw8cB5sPzNB5ktpump,4FmEv63XVJCZpBA4AyHA7x8UtePaRefjWPkgk9jypbamr83HEC3v7CiHXREdUNkZopfTBWANpxaztkiu8YtcqXPB,423634124,1780333662,"{""InstructionError"": [3, {""Custom"": 6040}]}",0,
B1C2xfcUajAAU8n3zfuXqXvvALRw8cB5sPzNB5ktpump,5DUjuUfKXNFvov3nFGpvZNYVy3AE8DTvwUMciUvbXD6hZ7pDELMfX5uvnaar2qJ2jG4t7EXKRvKdZhVcX838UMX,423634124,1780333662,"{""InstructionError"": [3, {""Custom"": 6040}]}",0,
B1C2xfcUajAAU8n3zfuXqXvvALRw8cB5sPzNB5ktpump,44h5XZGcDftkq9eWjjjk3w8M7gMMjWWQxBSZ2XhZKnvJ316HhN3XA4VNKviwhTFNnV37UBHUverc6LM2Dq9TLJcZ,423634124,1780333662,"{""InstructionError"": [2, {""Custom"": 6040}]}",0,
B1C2xfcUajAAU8n3zfuXqXvvALRw8cB5sPzNB5ktpump,3ta5k4wv2KnrCHrNNNQvBuGZ4oKaQiuJKAPHyqxWCJiSQVWicdDnurF5WirWPS5dS9xmyxpKqCebaEUDUZo8AWpr,423634124,1780333662,"{""InstructionError"": [3, {""Custom"": 6040}]}",0,
B1C2xfcUajAAU8n3zfuXqXvvALRw8cB5sPzNB5ktpump,3TXMbtDJ65XDGufbSL9avntU8oFcdTcZs8ZC17gaym39Pcu6685EM3pwKS3VAPoBiFmwFiMSZnmDVpiMygQKmprx,423634124,1780333662,"{""InstructionError"": [3, {""Custom"": 6040}]}",0,
B1C2xfcUajAAU8n3zfuXqXvvALRw8cB5sPzNB5ktpump,3W1zppcAqzvdSm1yTSBi4tg1E4q4mMvfSJtu3znYPevppaZVAKGZ2ytyNpAcdparTKMAhAWAsmiMz52BTCJMfAF4,423634124,1780333662,"{""InstructionError"": [2, {""Custom"": 6040}]}",0,
B1C2xfcUajAAU8n3zfuXqXvvALRw8cB5sPzNB5ktpump,2e5p92hvUF9LnY2ubfAFgtniVUdnqD9VZxg43XeH4t6oNEkHm1qPugKSfcabtLP2BQQA8uxX3Ru5gnuwfriCb7FW,423634125,1780333663,"{""InstructionError"": [2, {""Custom"": 6000}]}",0,
B1C2xfcUajAAU8n3zfuXqXvvALRw8cB5sPzNB5ktpump,2uVjx7UNB3dfcpMX5PoiY5TFEXvUiT6CvL38aG46LdwBUvHRKqLBjP7CVEpZJmNgwxsR9a5s2zYzXPwd8pghNZ64,423634125,1780333663,"{""InstructionError"": [2, {""Custom"": 6000}]}",0,
B1C2xfcUajAAU8n3zfuXqXvvALRw8cB5sPzNB5ktpump,38rSDyRkQzkfGrPHfbjiaraFmg7qYBX71R4FAdtfStKQqja8PTNN794GaqetcUP8EtuoynwPQkmrn4QcSbpraDR,423634125,1780333663,"{""InstructionError"": [2, {""Custom"": 6000}]}",0,
B1C2xfcUajAAU8n3zfuXqXvvALRw8cB5sPzNB5ktpump,4mJRAuMdWMXVHUEAyanM8ZDArA1MBCAvLUoidnbabsvA9P6DbKDPUfnNpQEz8gEbiMGgTtmV7CBsRctiPHfeye5M,423634125,1780333663,"{""InstructionError"": [3, {""Custom"": 6040}]}",0,
B1C2xfcUajAAU8n3zfuXqXvvALRw8cB5sPzNB5ktpump,4vEmPXaH4CCcQYkAfBGGgiGnwJrQLwfi3vgNLRoK7F4PpjJUFuUbMvLtq7zRqhVaFRbDd92z8thnNawGJxTFGDCi,423634125,1780333663,"{""InstructionError"": [3, {""Custom"": 6040}]}",0,
B1C2xfcUajAAU8n3zfuXqXvvALRw8cB5sPzNB5ktpump,3W1Q1zhPgRx2d4jUYdtTpA5wzCEUFSCQdLmurQydmHDQFwrXtYMH39HHQtjMLAmXUGbFLAaEAZBBakdMYbmdsk7N,423634125,1780333663,"{""InstructionError"": [3, {""Custom"": 6040}]}",0,
B1C2xfcUajAAU8n3zfuXqXvvALRw8cB5sPzNB5ktpump,4qgsfA1BNGLXHxPApDJwKfKoWb4ePmG3zdmkqWYQVBDPZLqMmB1KQVf8hHThpuFJQC8ojVpPd5kUPpzYNxQ5HCzs,423634125,1780333663,"{""InstructionError"": [3, {""Custom"": 6040}]}",0,
B1C2xfcUajAAU8n3zfuXqXvvALRw8cB5sPzNB5ktpump,5evsxJqHbShxFy5x6NXENFipCoYbrkqj8KwRLpoBPdwMXyKqsttRm5oPaVusXJrXyFu7AX5D8jrJsMWoxTx1Q8YL,423634125,1780333663,"{""InstructionError"": [3, {""Custom"": 6040}]}",0,
B1C2xfcUajAAU8n3zfuXqXvvALRw8cB5sPzNB5ktpump,66JmTYQ4EzZFWacKyVfHsGh72EmMffEUSu2NJh35nfb5UR9Czg4DFXTHLZvbcAojLrah8rn8NbBN7eMWHwrJLYeg,423634125,1780333663,"{""InstructionError"": [3, {""Custom"": 6040}]}",0,
B1C2xfcUajAAU8n3zfuXqXvvALRw8cB5sPzNB5ktpump,L2JZtSFFANg3kQFAPh1dab7rcThUk1hqLZKDRGaRDhbgf5toia1WsQLcgDnnh6NCueRQeWJrzfbZAixmDGYUAhn,423634125,1780333663,"{""InstructionError"": [2, {""Custom"": 6040}]}",0,
B1C2xfcUajAAU8n3zfuXqXvvALRw8cB5sPzNB5ktpump,2GYhuWmsEzydw2i7CtxuoJYDoCRqcvpvnpV43a32qMwXemkhvAats4v12CTtkcVVEyQhgECeBcmKw7NPg7g4ZRhC,423634125,1780333663,"{""InstructionError"": [3, {""Custom"": 6040}]}",0,
B1C2xfcUajAAU8n3zfuXqXvvALRw8cB5sPzNB5ktpump,34jokPP7tFGCNHUJw6uNH89aDzBpXCpadzkY1p4FzTRSQK9j6tqPudvQx32JCPuYoKet1rksXGRT78eksHZ6wGUM,423634125,1780333663,"{""InstructionError"": [2, {""Custom"": 6040}]}",0,
B1C2xfcUajAAU8n3zfuXqXvvALRw8cB5sPzNB5ktpump,3gEwgTNzPgU3hPxVE9bm56NqeeRx8728TUsg1Hq7zaHq69j91ey9qCt2Bkc93HVLj2Jvqror2865vmuvHYV88KWc,423634125,1780333663,"{""InstructionError"": [3, {""Custom"": 6040}]}",0,
B1C2xfcUajAAU8n3zfuXqXvvALRw8cB5sPzNB5ktpump,3CQCSgW68kWLSfsBEVgEsLKH8LXGitN3w6MfsC8ddHtKS2kMwjFDi5d5S5AeZ1MyBevLTZuuhokb8RuHHdDpGDt4,423634125,1780333663,"{""InstructionError"": [2, {""Custom"": 6040}]}",0,
B1C2xfcUajAAU8n3zfuXqXvvALRw8cB5sPzNB5ktpump,2ZbPCaMnZgvyMUCCpG9Go4zN2vNKFaJcSNtjWWAxPGn2N6ZeSPtUD6DS8s42ttUTqSAUuEejymABkfSEAuEXAUFk,423634125,1780333663,"{""InstructionError"": [2, {""Custom"": 6040}]}",0,
B1C2xfcUajAAU8n3zfuXqXvvALRw8cB5sPzNB5ktpump,2vTxnRFpd84Ugk9aVqjAQ4ELKjfuE8Cd7pjbVxffnXZiLsULy9ezVQ83iUq3DQJ3y4ZFmRckv7deUzJi6vjAZ3FA,423634125,1780333663,"{""InstructionError"": [3, {""Custom"": 6040}]}",0,
B1C2xfcUajAAU8n3zfuXqXvvALRw8cB5sPzNB5ktpump,y4ULLXq89adFE1kXZFxSZuUA1qGLmqeijp5tH9oEkxxi7n3CqMy9UL15XuCipezuJTcNqPKy8pENpHAhG5wsndN,423634125,1780333663,"{""InstructionError"": [2, {""Custom"": 6040}]}",0,
B1C2xfcUajAAU8n3zfuXqXvvALRw8cB5sPzNB5ktpump,5b1WTAQTLjpW8j6139C6kj7nD7Swn9uDz68hGJXdDSFBBQ8dHAsPRChBLBvaNvwdxFJhsN2gx9n6rLJ28nzfrqNc,423634125,1780333663,"{""InstructionError"": [3, {""Custom"": 6040}]}",0,
B1C2xfcUajAAU8n3zfuXqXvvALRw8cB5sPzNB5ktpump,64T67Z3VHtEuhjWBdDvZRjmhjjXm1AX6Y3UBdmJnP2ELNDw12kGLYqZnpFANRYJK4W8hyEEaF6xuW2ZWCW5i9KsN,423634125,1780333663,"{""InstructionError"": [2, {""Custom"": 6040}]}",0,
B1C2xfcUajAAU8n3zfuXqXvvALRw8cB5sPzNB5ktpump,DAWCkENZEa7nqfbDBefuWVTq5rGuAZ72ubJZWiuckoBw7iWKLPfh7LXPad8BipFoQgGDmgpLof3T6RRFNT13T3R,423634125,1780333663,"{""InstructionError"": [3, {""Custom"": 6040}]}",0,
B1C2xfcUajAAU8n3zfuXqXvvALRw8cB5sPzNB5ktpump,2rmcGzxePcZWp2pcUV8zyzLQNCpbnTm8J1Rpq63ypHdAs9Z53wtNQhdHmy4EeLmBvGAqyhs3VLNsz4JZgxib8Hjn,423634125,1780333663,"{""InstructionError"": [3, {""Custom"": 6040}]}",0,
B1C2xfcUajAAU8n3zfuXqXvvALRw8cB5sPzNB5ktpump,b6UNDEC7TkAitPn1zTUS1xwD5Cv1kehcNh7GdzpQhWHBRuhSpP4sF75HUTXFxsSL4VkDefYzuKnLfaRKcLd6Tfc,423634126,1780333663,"{""InstructionError"": [2, {""Custom"": 6000}]}",0,
B1C2xfcUajAAU8n3zfuXqXvvALRw8cB5sPzNB5ktpump,4PGyrrY8RUsgcAsqJ49y8RLCSjGLaxhimm7feXT5dwqLDdk2p3peo74kePNnqqbqeL7gFdtw4NRmeFFT8qYJkv57,423634126,1780333663,"{""InstructionError"": [3, {""Custom"": 6040}]}",0,
B1C2xfcUajAAU8n3zfuXqXvvALRw8cB5sPzNB5ktpump,5kDQoaGdd6WSAEcoc4PY5w7hxUzUDxPBGqgbDJ7o1DmXDWbC1s9fmb9NtmZurT1Hs4Y6F9yEqLeTaWNXVC2ujN9P,423634126,1780333663,"{""InstructionError"": [2, {""Custom"": 6040}]}",0,
B1C2xfcUajAAU8n3zfuXqXvvALRw8cB5sPzNB5ktpump,hMXK9YGiBkCaJ65i324P8LTktVGSZKSVKBZ8sbBaMHP62zjdYVfEGZvWojtzYEik2fFqfnZfrxWrtSvRjHtm3d5,423634126,1780333663,"{""InstructionError"": [2, {""Custom"": 6040}]}",0,
B1C2xfcUajAAU8n3zfuXqXvvALRw8cB5sPzNB5ktpump,4ckmRMWTADqX4wZdvLxBugC6Q9HjJJ7cZL2zrmo1MzmNiPpLXT3Vu1enBFQZEQmZKjFi95eTJeFU7Ebdo4Dnnr5e,423634126,1780333663,"{""InstructionError"": [2, {""Custom"": 6040}]}",0,
B1C2xfcUajAAU8n3zfuXqXvvALRw8cB5sPzNB5ktpump,5czNof9Q8oksoSMgCxUFBKWEp5Td1UEzWDjye5ZAWJYM7qqq9FTZCRFPNXauDy9nxXkAkUZoErhRfAZJKMQpW3Dn,423634126,1780333663,"{""InstructionError"": [3, {""Custom"": 6040}]}",0,
B1C2xfcUajAAU8n3zfuXqXvvALRw8cB5sPzNB5ktpump,4Gitwwv32MokYcrR9i2P2rTBexTC3KJpvR2vvXmGLku3UUyD5BFgUujZ6zzo7rmvjtkXpprVCTo3PdULu23hALgb,423634126,1780333663,"{""InstructionError"": [3, {""Custom"": 6040}]}",0,
B1C2xfcUajAAU8n3zfuXqXvvALRw8cB5sPzNB5ktpump,61r1FWnEEcbJFFPnz6uiP5jy5yJGdXN5Qy9qqhF3hVyrLpNVgQcYaGSzhnsFCNVc88ugmSCp3GbEDPPa2xYTuXwp,423634126,1780333663,"{""InstructionError"": [3, {""Custom"": 6040}]}",0,
B1C2xfcUajAAU8n3zfuXqXvvALRw8cB5sPzNB5ktpump,3xq323S4qsXiGFQyxZ1P4yuzpy8e6FHdfxEgdjozkyhsCHaUfWCavAuXFWMH5D1dtizbpekg41zLmsP5tDaEpRLD,423634126,1780333663,"{""InstructionError"": [3, {""Custom"": 6040}]}",0,
B1C2xfcUajAAU8n3zfuXqXvvALRw8cB5sPzNB5ktpump,kpFp7hDtMfZc9ZBPraMynSsPGumRJRBkV4SVBVo3qK7AaqxgiwzgyKctZRLkpUrukQSFhjXj1mv4VQYa9T3ku1Z,423634126,1780333663,"{""InstructionError"": [2, {""Custom"": 6040}]}",0,
B1C2xfcUajAAU8n3zfuXqXvvALRw8cB5sPzNB5ktpump,4KyEP6wR65Pfnvzi8QVR96yMsRGRB6PQY8DEAbcqM42ySKYP7XBrrY3NMNFZYA3CHyEmqgXamuM3gCiJnezafMyo,423634126,1780333663,"{""InstructionError"": [3, {""Custom"": 6040}]}",0,
B1C2xfcUajAAU8n3zfuXqXvvALRw8cB5sPzNB5ktpump,B6GTY32G76yKrPXdNDC4kJFYgwQPJYfuA3TYi9rwPT75ZpEbZYGPSnTaz8oD9NMzAfLRJvN9SRRX2NCYYyDSQki,423634126,1780333663,"{""InstructionError"": [3, {""Custom"": 6040}]}",0,
B1C2xfcUajAAU8n3zfuXqXvvALRw8cB5sPzNB5ktpump,63pPEVWd2Un4tJuiE5Tkv76kQE1BQ1iSX2kh4CKmdQjW2p8EdXEjyWUdFPDZTJddPH7s8KonvCKyD8Loj45P6bg6,423634126,1780333663,"{""InstructionError"": [2, {""Custom"": 6040}]}",0,
B1C2xfcUajAAU8n3zfuXqXvvALRw8cB5sPzNB5ktpump,3HCfYNFRFPaoQt5PBbhb6eYEszsxKtFqUUPUrhRKVndQeXFQErZq1DJVfNPBe8h4LjmpZjPvY83NHBRY7HdLAp2U,423634126,1780333663,"{""InstructionError"": [3, {""Custom"": 6040}]}",0,
B1C2xfcUajAAU8n3zfuXqXvvALRw8cB5sPzNB5ktpump,drmFzpDeLKLjhTnEkc22pvaFayxN1bbEDWFQyd4H1QGr3LUmMzFLnZRdLyT8VwpVJ99BjUsk1HWVoRqeX2dQNMG,423634126,1780333663,"{""InstructionError"": [2, {""Custom"": 6040}]}",0,
B1C2xfcUajAAU8n3zfuXqXvvALRw8cB5sPzNB5ktpump,4ZZ2BjBFpEq7fXaxvysoxSpqTgGnY8wB9cfs9MzoVwm8R9pcTVdqdRV13eEeXh5a3DEQnNyKNTgW72MQg3x8T6LX,423634126,1780333663,"{""InstructionError"": [2, {""Custom"": 6040}]}",0,
B1C2xfcUajAAU8n3zfuXqXvvALRw8cB5sPzNB5ktpump,2Z95SHDu45LGtUD9qN3htgr3Ba47PpawDyXd9ahGJXGY5CrqgPvSQtFF28cYuvv8Bjdkzu7DJcV2J7tyGKjbrAMw,423634126,1780333663,"{""InstructionError"": [3, {""Custom"": 6040}]}",0,
B1C2xfcUajAAU8n3zfuXqXvvALRw8cB5sPzNB5ktpump,4xjDz1UV9XJUTNDVF2DyqSkSXBGGoBnEPEWxNRwpchThLA4X2F25pPaZFUgvnPw6Rv1qWEvG9JuDeV55QczUtqfV,423634126,1780333663,"{""InstructionError"": [2, {""Custom"": 6040}]}",0,
B1C2xfcUajAAU8n3zfuXqXvvALRw8cB5sPzNB5ktpump,3P98RvHfB9T3DSEZzgbExTSb3YG4Vpb3GKCT4V56PDfvPuMkp93LkUsvutgrf3bRcR4ZzBhqzyhdazUU6H32AiY6,423634126,1780333663,"{""InstructionError"": [3, {""Custom"": 6040}]}",0,
B1C2xfcUajAAU8n3zfuXqXvvALRw8cB5sPzNB5ktpump,41GieHB88FH535mx7UTYS68CTk66RpqfdAeaKqddndSanaNZu8JrBxSQ2SCmHjBBi4zg5x5DUFRJYrhKvd9ybe7m,423634127,1780333664,"{""InstructionError"": [3, {""Custom"": 6040}]}",0,
B1C2xfcUajAAU8n3zfuXqXvvALRw8cB5sPzNB5ktpump,jyc6XAmL33zGuqaHG6NyfeekPax3rT5Z5ZnWwWK5Ev9ngPdSn7GL45bWhmnMQwjtjaFB7Go5DfxrqLuaeWDgjsM,423634127,1780333664,"{""InstructionError"": [2, {""Custom"": 6040}]}",0,
B1C2xfcUajAAU8n3zfuXqXvvALRw8cB5sPzNB5ktpump,62zD4r1xDjJs3kegSXLKi29rjvVADBAdLZMfbnaJi9XNEb9ScjB1q3VwJucL2CzwZCjriRmef8VNqxxLmf5udfSY,423634127,1780333664,"{""InstructionError"": [3, {""Custom"": 6040}]}",0,
B1C2xfcUajAAU8n3zfuXqXvvALRw8cB5sPzNB5ktpump,2wFnFsF8iZrfTXVSxArswJ7us5M3hZR1TLk1Tfyt693XXcS7mj3aMojY94X35TJhDik3Hn7oS6nXe6hZoERm5LyH,423634127,1780333664,"{""InstructionError"": [2, {""Custom"": 6040}]}",0,
B1C2xfcUajAAU8n3zfuXqXvvALRw8cB5sPzNB5ktpump,66RngkKDA11JWGyuXesLqsMSHnNCWLwzVLMTpGB7BwFh913zsbrd2vWKASGRvvhSjrrWuqm8iKdWAsBBRDfm9WrL,423634127,1780333664,"{""InstructionError"": [3, {""Custom"": 6040}]}",0,
B1C2xfcUajAAU8n3zfuXqXvvALRw8cB5sPzNB5ktpump,4zimovwf2KVyciuiWbF5vaBp4icNBx2FWjoYHLFCRNRNpM9TsaKhYUyndaPyDqVqo8pM4y6ki7wix9t647TNCTvL,423634127,1780333664,"{""InstructionError"": [3, {""Custom"": 6040}]}",0,
B1C2xfcUajAAU8n3zfuXqXvvALRw8cB5sPzNB5ktpump,3Ae2DvBzzG5sHTas83EhuqUQDC6esW5D4hx55mQxVc2B5fimCXZY2fFvc9RkLPGXALXAgTqwx19b3PbyLTs9bgC5,423634127,1780333664,"{""InstructionError"": [2, {""Custom"": 6040}]}",0,
B1C2xfcUajAAU8n3zfuXqXvvALRw8cB5sPzNB5ktpump,maTzSFsZwapT1pXZRhGwakSxPrNjvVfRHV1M75ESaavrFHvZLEmx4TUgfzfjZGgNhyBmso7DWfgz5HBaDWWrNuy,423634127,1780333664,"{""InstructionError"": [2, {""Custom"": 6040}]}",0,
B1C2xfcUajAAU8n3zfuXqXvvALRw8cB5sPzNB5ktpump,E7wMzbzfMQ4k7adWQbycxEzWn6yPMZBjkkfs69vWxdN2Hnx3djuu9VJ8Sk9TnuZhWQphgyZS1ifq7QsYKGhs2rL,423634127,1780333664,"{""InstructionError"": [3, {""Custom"": 6040}]}",0,
B1C2xfcUajAAU8n3zfuXqXvvALRw8cB5sPzNB5ktpump,3AUpcjDgwrvvgtPyA8AQtH8S8jTyoKcciPJTm4i1J6m5mcjAyRYMHwmTGbvAJKv48xohkC4HSQSn3UaZnAcsacAk,423634127,1780333664,"{""InstructionError"": [2, {""Custom"": 6040}]}",0,
B1C2xfcUajAAU8n3zfuXqXvvALRw8cB5sPzNB5ktpump,33AHk3dKFnRvZAUqtZYNpC7yxi2dvpcm88KEWLMZco7zPnXFzEzx6gYqZ8r6SCMZqoKGf1CRdasvuYeBp2PaaZ92,423634127,1780333664,"{""InstructionError"": [2, {""Custom"": 6040}]}",0,
B1C2xfcUajAAU8n3zfuXqXvvALRw8cB5sPzNB5ktpump,3Qm6auGCNbhETdTw7bYHRC2Y58JAVC34eSfiTTkVgWYckaV2zt31BKrTnjYwNTMcGEKJ7AQZKmeTammobndokYi5,423634127,1780333664,"{""InstructionError"": [3, {""Custom"": 6040}]}",0,
B1C2xfcUajAAU8n3zfuXqXvvALRw8cB5sPzNB5ktpump,5UsXxDam1qwRtAbNFnFgUvAyMaySMpUpjs72X59RMWpZAncD9TVSZSpGTSKjTaQTAnAETc6E28CLCfeQbkSU7UAo,423634127,1780333664,"{""InstructionError"": [3, {""Custom"": 6040}]}",0,
B1C2xfcUajAAU8n3zfuXqXvvALRw8cB5sPzNB5ktpump,4XU6jqMZxMoqNL5JNAhFYXFeDAX6pjYmMHVi2n7CDxugCGDMQjx5r8nqDVhgNA67WQPGRKWWQA64pVvcegGsZHJm,423634127,1780333664,"{""InstructionError"": [2, {""Custom"": 6040}]}",0,
B1C2xfcUajAAU8n3zfuXqXvvALRw8cB5sPzNB5ktpump,2wkGifY4aUb1153y2MKFy5xnoKbCjpmkR9fMUR3b1E9xDvbTVsV4nVK16iJxpVxDH6epvgKDQkqtjra88rVNy7Hy,423634127,1780333664,"{""InstructionError"": [3, {""Custom"": 6040}]}",0,
B1C2xfcUajAAU8n3zfuXqXvvALRw8cB5sPzNB5ktpump,c6XQ8oBbAX4VjrV1KZRX5AHBocbC86n4y3qHXZWWgnByoaaUNusQonVNq2G3gGL7JS1krNuCqWCku7qu9RZcXry,423634127,1780333664,"{""InstructionError"": [2, {""Custom"": 6040}]}",0,
B1C2xfcUajAAU8n3zfuXqXvvALRw8cB5sPzNB5ktpump,3fKkUJLhhw9MSeGzp8E3E1oT9qmgRFKj3MBkKowxgKTFteex1DgDUdvVtMZkkR1mc7WzCqZM81mgnthZXrd8YE69,423634127,1780333664,"{""InstructionError"": [3, {""Custom"": 6040}]}",0,
B1C2xfcUajAAU8n3zfuXqXvvALRw8cB5sPzNB5ktpump,2XUbFmAARXpQoTHJpd57YHKGgjMeyg7x8aXxGFS1Dzxqcgx3pjRRbEtPzvV5zuU2rn7nd2YJzEF4cyat3np7bX3H,423634127,1780333664,"{""InstructionError"": [2, {""Custom"": 6040}]}",0,
B1C2xfcUajAAU8n3zfuXqXvvALRw8cB5sPzNB5ktpump,5rVUVKwdB9b9mwT8KksG8gFWNKkRHV8EengL7QZAVHaC8F27pNS4wWWXTA9mTV1siGS9C6HXu96UEK4RFGmJj4jy,423634127,1780333664,"{""InstructionError"": [3, {""Custom"": 6040}]}",0,
B1C2xfcUajAAU8n3zfuXqXvvALRw8cB5sPzNB5ktpump,WCTQVrVEJW7XTx5AQ7knnfV1vqbEdkGXR9ViuTyCPYGRhoAwsHang6SojgeKwiZSWiodMx5xpyiZEquT99DeFsw,423634127,1780333664,"{""InstructionError"": [2, {""Custom"": 6040}]}",0,
B1C2xfcUajAAU8n3zfuXqXvvALRw8cB5sPzNB5ktpump,Sbm632aydL7EQKKWz465C8dxD79xrbpwgCgvtzsCmNKg3cDniyBdksPzU9gomGJMTBeJbtsqgGam4GhgYnuUFdN,423634127,1780333664,"{""InstructionError"": [3, {""Custom"": 6040}]}",0,
B1C2xfcUajAAU8n3zfuXqXvvALRw8cB5sPzNB5ktpump,5XFktSP6coeLWC7VehCBvzh7HVJdUtZoSpQ2gMcBEdf31fWkfDBospMLziKsCMxKttcpD9qzKGfwzRVCqBmJMfoL,423634127,1780333664,"{""InstructionError"": [2, {""Custom"": 6040}]}",0,
B1C2xfcUajAAU8n3zfuXqXvvALRw8cB5sPzNB5ktpump,35aQ9z3XCh5po4DuXNVKRMYGnyoFZXPC95ArtABnhkgekSVgUzhNE1KJPRBLzxEivsH1rdjapYrQ9QLMk4DAJyrR,423634127,1780333664,"{""InstructionError"": [2, {""Custom"": 6040}]}",0,
B1C2xfcUajAAU8n3zfuXqXvvALRw8cB5sPzNB5ktpump,UjPCXvtqTAq46Mx2sij8SVkRgd7jxQmTWNQRCiZgkT6UWsWYUVQoHcYvy4oL49rArijw4xr3Nt5KzZNzcEmahYS,423634127,1780333664,"{""InstructionError"": [3, {""Custom"": 6040}]}",0,
B1C2xfcUajAAU8n3zfuXqXvvALRw8cB5sPzNB5ktpump,61mb3Ro5FRDsMtD9edYDPQwmxxgFDGhaCJRcs6iCnDV4t5aqF2G7WxqeZkXKsgV86cgkDGLcuc3Y78ZPzKSoxEmf,423634128,1780333664,"{""InstructionError"": [2, {""Custom"": 6040}]}",0,
B1C2xfcUajAAU8n3zfuXqXvvALRw8cB5sPzNB5ktpump,2KNa5MnZZ4ER64w2sTS95Wn2tKu57MrBUAHT6RDrMubTTXHQD25HEt9X46e9qg3c3a3gay3QmL1cYxpdJQXNidra,423634128,1780333664,"{""InstructionError"": [3, {""Custom"": 6040}]}",0,
B1C2xfcUajAAU8n3zfuXqXvvALRw8cB5sPzNB5ktpump,4HgTuDu96vNjLqh4BSC76VXoAgHiLzJmURQYAPhJutB76NzyeCLmo4y8QoyV2z6eAnsi37G5f4HQpiPd7KA2cncc,423634128,1780333664,"{""InstructionError"": [3, {""Custom"": 6040}]}",0,
B1C2xfcUajAAU8n3zfuXqXvvALRw8cB5sPzNB5ktpump,4Q15rRtzmu6nXuTxfuU3TNTFYZ8ovYmth5aCEqsj5RaxVAWyWPbjwuT85RLnD6nuRxsWVFCdWefq9kjkED6wvUko,423634128,1780333664,"{""InstructionError"": [3, {""Custom"": 6040}]}",0,
B1C2xfcUajAAU8n3zfuXqXvvALRw8cB5sPzNB5ktpump,2YWFR8bsKUDmoUUwTWwxLJmpTKd9rFX7SNFT7uUMrzzh18SsF1Ag2UHtghm7aG6gvMpNTLv3DSCrKhR5N6UwiypP,423634128,1780333664,"{""InstructionError"": [3, {""Custom"": 6040}]}",0,
B1C2xfcUajAAU8n3zfuXqXvvALRw8cB5sPzNB5ktpump,4rbCJBc2L7rN2jkLdwvKqQVHKtNVE1GL7imWMpCwHacFyu4uX7SAmasTtAJArRtNUTPHntMFneFAWgf45xBw7sfJ,423634128,1780333664,"{""InstructionError"": [2, {""Custom"": 6040}]}",0,
B1C2xfcUajAAU8n3zfuXqXvvALRw8cB5sPzNB5ktpump,5E6kGirAN6AD3ZatWf4SrchBLB9N9zwxAjgrH76aLHYxEX8AAZJYsyXpf4w3E2AS3dMWUkqNf2rCHN7opR295zWj,423634128,1780333664,"{""InstructionError"": [2, {""Custom"": 6040}]}",0,
B1C2xfcUajAAU8n3zfuXqXvvALRw8cB5sPzNB5ktpump,2RuJMM3Pcz6G2BBuMxY4A6ChsZVEonZaJuGRzdCTGJxtdwWwzfRDgj2t5rUpexRWz3842K7DztpSiSKzTGoBiSTH,423634128,1780333664,"{""InstructionError"": [2, {""Custom"": 6040}]}",0,
B1C2xfcUajAAU8n3zfuXqXvvALRw8cB5sPzNB5ktpump,2oDgxrBiFSdRcfKcYB2aCBPJBN39sG1X3yzv52w5CRQ2w6By7eLNDsAVPGyFkSPyToXThKE62aSyrAf5Q2iegx7b,423634128,1780333664,"{""InstructionError"": [3, {""Custom"": 6040}]}",0,
B1C2xfcUajAAU8n3zfuXqXvvALRw8cB5sPzNB5ktpump,3ccQZHKJpgmXTfPUeHLzN1CmoB5oj5715pXnHBPezxdma7JEbL2ktMBHNTqDz9tCt7L7d2wBAds7Ly3ekwdoQ1vF,423634128,1780333664,"{""InstructionError"": [3, {""Custom"": 6040}]}",0,
B1C2xfcUajAAU8n3zfuXqXvvALRw8cB5sPzNB5ktpump,23zXJ11BNCeXtNEQCtGimqAEocR5m4AQx4PZ3KXtfnHDwwgVcvHiDUE9siGfeE8KCpmrSHPYzZ79d2Bz3YtAC7L2,423634128,1780333664,"{""InstructionError"": [2, {""Custom"": 6040}]}",0,
B1C2xfcUajAAU8n3zfuXqXvvALRw8cB5sPzNB5ktpump,47RBJooPR1v4R5b8AYSh6txK38JDW4wUb3NLFVUQeiYqLWaunSwsuDWuxsEtZ64cmLY96AeHakEQCdv3tmdTKWaC,423634128,1780333664,"{""InstructionError"": [2, {""Custom"": 6040}]}",0,
B1C2xfcUajAAU8n3zfuXqXvvALRw8cB5sPzNB5ktpump,2uwQ74eE4eXqTza5fzD6G75Ca9QTH2svARoLp3XbpnsfGE6aey3csAupe1giLQc69NxkHmymqho74XGJufmbs5GT,423634128,1780333664,"{""InstructionError"": [3, {""Custom"": 6040}]}",0,
B1C2xfcUajAAU8n3zfuXqXvvALRw8cB5sPzNB5ktpump,DiYAyFizX19ymYjAokYYaJPtyDPiSC6vijU2J4xRHu2znLq56252ssLJiZnmhYzdnzsBqqb1FXDyjAiUx6QCFRX,423634128,1780333664,"{""InstructionError"": [3, {""Custom"": 6040}]}",0,
B1C2xfcUajAAU8n3zfuXqXvvALRw8cB5sPzNB5ktpump,3zVSYcpr5kor4onPNCmGJnvmY9oM3GZbPL7FvdMVsnvjSGkFc1Ngfco7XCu5sScs8uBHUmTUeTKehSQrX1jJ3nmP,423634128,1780333664,"{""InstructionError"": [2, {""Custom"": 6040}]}",0,
B1C2xfcUajAAU8n3zfuXqXvvALRw8cB5sPzNB5ktpump,2psEGxjdvNr3czae1uMsauZMDAib9VJFfukJmgygD1qMk4Bvnzw9W16cL4zz61P18w3UhK7yKD3eb5DpsGtW33cJ,423634128,1780333664,"{""InstructionError"": [3, {""Custom"": 6040}]}",0,
B1C2xfcUajAAU8n3zfuXqXvvALRw8cB5sPzNB5ktpump,2WF1KFGV94tfWx4CXEHc1NjGGpsWey6MpUhGQuKkuaT3SZ3TWBg5vFgLmVDr7e2Nk652ivKPi9hGhw94ovoomgpn,423634128,1780333664,"{""InstructionError"": [2, {""Custom"": 6040}]}",0,
B1C2xfcUajAAU8n3zfuXqXvvALRw8cB5sPzNB5ktpump,5ttBQi5q5CD9oQydiyGTb3g9oYhH3XacxXpPzG5bvZdqYQ4iKxaJwUbXSZPabjtGVrY1sXyZLBa8eADKUvjmijNv,423634128,1780333664,"{""InstructionError"": [3, {""Custom"": 6040}]}",0,
B1C2xfcUajAAU8n3zfuXqXvvALRw8cB5sPzNB5ktpump,jMi9X95wNRbv186eK2kq4ZjAiQ1MfFxFNank2TCr69KUsJE6xy7gFJJrMRShJzLzzvetCRQVmSjo32pxsDjYKa9,423634128,1780333664,"{""InstructionError"": [3, {""Custom"": 6040}]}",0,
B1C2xfcUajAAU8n3zfuXqXvvALRw8cB5sPzNB5ktpump,1293YnSKpCazqQ4UG2B6vFx98LBAqoQjW8YKcqJBMQcm5dysqRx5kcKLwUCM54EMe5AP5GPYK6FDDRBB7ChJqaY7,423634129,1780333664,"{""InstructionError"": [2, {""Custom"": 6040}]}",0,
B1C2xfcUajAAU8n3zfuXqXvvALRw8cB5sPzNB5ktpump,5vCwyA4yZuUb8zNB2gezYs2RZtyiNZtjAaZonsBRL9RWqvd4zvgUzK7eXzA7CXWGz12szM8CzPb7YQn54QmZYziW,423634129,1780333664,"{""InstructionError"": [3, {""Custom"": 6040}]}",0,
B1C2xfcUajAAU8n3zfuXqXvvALRw8cB5sPzNB5ktpump,4n3DQmfDWKnu1A6Cofmws2RJT9G5HggRocYrUGyCAjzRiqr2yuEFLCa9URrkRpVgpKenp5DzCvzjhnKQTKAMP39Y,423634129,1780333664,"{""InstructionError"": [2, {""Custom"": 6040}]}",0,
B1C2xfcUajAAU8n3zfuXqXvvALRw8cB5sPzNB5ktpump,5WGMGeMPQEvzW4jgdnxpMTYMCF7HYUNAE1m19D232k9oAABxADRFXz5DRUtpVWY9RPL48Bnbq7PTqRfHtciw1x9z,423634129,1780333664,"{""InstructionError"": [3, {""Custom"": 6040}]}",0,
B1C2xfcUajAAU8n3zfuXqXvvALRw8cB5sPzNB5ktpump,5nB11udzakVbBoRb8Rf1xezzPgsDdsz9C2o73GBzkHrcMJyWcfnnSMpt948avLUBEZ1HC1nvmxQYnuECVBtcBKQk,423634129,1780333664,"{""InstructionError"": [3, {""Custom"": 6040}]}",0,
B1C2xfcUajAAU8n3zfuXqXvvALRw8cB5sPzNB5ktpump,3LqDf6hzwWXfU39pzEFgjrxo4NyMcA67M3Ad2WfUS5eB3nmH1zcQ1vXFhmK3xJJPJxR51dtjqgfJtbNjRgJxUhiP,423634129,1780333664,"{""InstructionError"": [2, {""Custom"": 6040}]}",0,
B1C2xfcUajAAU8n3zfuXqXvvALRw8cB5sPzNB5ktpump,2Ape5QeajpoU4fB5EJBivWfRKJuCpNP68C512C1Yxg8cvkQ1gxazt9MEXPuXmuFnqgB6R4stsDt1zXq9Pcq7Qkrq,423634129,1780333664,"{""InstructionError"": [2, {""Custom"": 6040}]}",0,
B1C2xfcUajAAU8n3zfuXqXvvALRw8cB5sPzNB5ktpump,5jBfr2HuTiYuvPwYjgqKjj96VL3nJY4E8oKaeNnZjen2HiYsDfdkRrp6bBS7oxbDtwiNfPvj5Th1iwegj9863MrZ,423634129,1780333664,"{""InstructionError"": [3, {""Custom"": 6040}]}",0,
B1C2xfcUajAAU8n3zfuXqXvvALRw8cB5sPzNB5ktpump,5pznVzJqq1r2NF2qhu5k26Rt26AR9PzTyvpPwmBpAknfXQxRJPVBb9b1Nm5aLgnSp2ReuAUaYvVadcDUrHMyecNC,423634129,1780333664,"{""InstructionError"": [3, {""Custom"": 6040}]}",0,
B1C2xfcUajAAU8n3zfuXqXvvALRw8cB5sPzNB5ktpump,PgDuLDcUH5M5ApKoaAF5Nyws7D15AiPwND2c2a83GuQnMdmTaWvhtRxfsLW5VCvjymTvaaGUJsinnk9T6oBi8ux,423634129,1780333664,"{""InstructionError"": [2, {""Custom"": 6040}]}",0,
B1C2xfcUajAAU8n3zfuXqXvvALRw8cB5sPzNB5ktpump,3ERKZLHzMEwwv38BkmEeLECsCr3BMdtgvb4jpYCrBf1EVh3mdYTeUEKAcQYgng8vcjtmwrh7dW62qmhN9JcLLdfK,423634129,1780333664,"{""InstructionError"": [3, {""Custom"": 6040}]}",0,
B1C2xfcUajAAU8n3zfuXqXvvALRw8cB5sPzNB5ktpump,2A1PK2CfA5huZETnzTsQa8xhScdaJjPT6qFHSGYkPX54mMURDKzLanLAmTpC5vFLBAhTLzeeiGnUEgdpQKaBVU81,423634129,1780333664,"{""InstructionError"": [3, {""Custom"": 6040}]}",0,
B1C2xfcUajAAU8n3zfuXqXvvALRw8cB5sPzNB5ktpump,33RuFJZCoAnYQGZWoFjEsNWasgF9mugnbKZBSTBEKCEMxTJ1p1JBCVDuXgfFVP5XoR2afPWbMSn4Sv6fDjAPWWDt,423634129,1780333664,"{""InstructionError"": [2, {""Custom"": 6040}]}",0,
B1C2xfcUajAAU8n3zfuXqXvvALRw8cB5sPzNB5ktpump,2aKG8YBJeSqY4cWB9iHR3bccaLCxY6bNiYQqLLRDcZuPJxyypn9r642oYfeRvAah9gbUp11Q9P52PbX6tKQNXx56,423634129,1780333664,"{""InstructionError"": [2, {""Custom"": 6040}]}",0,
B1C2xfcUajAAU8n3zfuXqXvvALRw8cB5sPzNB5ktpump,32mZaGb48wxfSqi34fZF8LYimDwVajAZJYgYCg5Q8tiUutg7vYL1pFRZypxjdrQ8c45ivJwV2X2bZWNfBpPCuBBC,423634129,1780333664,"{""InstructionError"": [2, {""Custom"": 6040}]}",0,
B1C2xfcUajAAU8n3zfuXqXvvALRw8cB5sPzNB5ktpump,4GR8WtuSPM5mMHSXocQjmeAohEvsGP2K2yFsTfrA8Cbsurh1K1VwUQySWMr7eQTfejfbVdG1F7rBw3EWFW2yfpmZ,423634129,1780333664,"{""InstructionError"": [3, {""Custom"": 6004}]}",0,
B1C2xfcUajAAU8n3zfuXqXvvALRw8cB5sPzNB5ktpump,4KHDT5nC7uvr1XKV2gKVrRkegQ5qk1DMVdreesgJbiDx6PEJBZrnKBF8CScbBEAUQYhSQ738VaVmrw6qc5EvpSAz,423634129,1780333664,"{""InstructionError"": [2, {""Custom"": 7002}]}",0,
B1C2xfcUajAAU8n3zfuXqXvvALRw8cB5sPzNB5ktpump,pZq1LJLeG6Jze1ijmn9ZiUVSNSpxBaxPkHK3Pru3fN6xoiSh5kqPvf6pp75HzuqgeFtRo3RfeCUnAR2joL5RHwn,423634129,1780333664,"{""InstructionError"": [3, {""Custom"": 6040}]}",0,
B1C2xfcUajAAU8n3zfuXqXvvALRw8cB5sPzNB5ktpump,5WnL9pEnr3EHfEvzbwNRu21k7Fvpbv94MtxFsaAHLgAumyDWEvd8oK1VNYov6SYoHkErycykZCUFXE8F36AdxUC2,423634129,1780333664,"{""InstructionError"": [2, {""Custom"": 6040}]}",0,
B1C2xfcUajAAU8n3zfuXqXvvALRw8cB5sPzNB5ktpump,3jv3wZzJ4QnNsJdkybB3iLK1eT8LSA8KDHGDmyK9wMDMvUTDpynZqoCLgYEipQSXuYJ6z8p5igQYpkp7xpRo3cHL,423634130,1780333665,"{""InstructionError"": [3, {""Custom"": 6004}]}",0,
B1C2xfcUajAAU8n3zfuXqXvvALRw8cB5sPzNB5ktpump,4nbtME3RfFNfXNCcXojtxMZrt5MFCZoFjoUxdkFdZ1qYrREB3nWz5h1cMHMdPCD6WX5o6FqkjFTwT5fdcGBa7mwa,423634130,1780333665,"{""InstructionError"": [2, {""Custom"": 6004}]}",0,
B1C2xfcUajAAU8n3zfuXqXvvALRw8cB5sPzNB5ktpump,1gbH3gnHNbJhWqrfn7BTVEBf7t2GhdZDvjH9vo1aRpVwQno9YMBXxF2StafK74ko51CxbG89Yz9tSzyfmRSY78t,423634130,1780333665,"{""InstructionError"": [3, {""Custom"": 6004}]}",0,
B1C2xfcUajAAU8n3zfuXqXvvALRw8cB5sPzNB5ktpump,4GngiDfqwrfAoLhfpbRqwGTxf9tDTEzkuh2NwtCxXjaq7zdr69KMaVqcN8qzKNMeEfTS7VAme4ZvXvcCvtgzaQio,423634130,1780333665,"{""InstructionError"": [4, {""Custom"": 6001}]}",1,BuyEvent:987851851
B1C2xfcUajAAU8n3zfuXqXvvALRw8cB5sPzNB5ktpump,MFNwMeiDcrqu3CdBrMi6mXHDMgoXTUxRgxYpKT2EuRrjfyuLQRoq1HJ5sZwJAZySm1iuj5vn3gUYBFCnc9S6mFD,423634130,1780333665,"{""InstructionError"": [3, {""Custom"": 6004}]}",0,
B1C2xfcUajAAU8n3zfuXqXvvALRw8cB5sPzNB5ktpump,2LsKKZsAeZ59LGnpC3K6yGbJHxJmXG88Naua7BBVYNsmYJjhyhBy8jmMDjrhvfQuGnMNnzuBwUuGvKvgPA6dALdh,423634130,1780333665,"{""InstructionError"": [3, {""Custom"": 6004}]}",0,
B1C2xfcUajAAU8n3zfuXqXvvALRw8cB5sPzNB5ktpump,Xcd8HTKbRYUX3KxGZMa9FDYeNZxNFQG4yyecJh5pucegMatXKkBmohEUunAKAELxBndyxABDUdt6qCufeJyt2oc,423634130,1780333665,"{""InstructionError"": [3, {""Custom"": 6001}]}",1,BuyEvent:987851851
B1C2xfcUajAAU8n3zfuXqXvvALRw8cB5sPzNB5ktpump,4WJF1ifYrDm9dncGVQLZurSuBaa1fAzXG6PB238sDqnb3QV6dtvr529dSBaCxrRtVyYsAPexvdQPe1agdRQsDMSj,423634130,1780333665,"{""InstructionError"": [2, {""Custom"": 6004}]}",0,
B1C2xfcUajAAU8n3zfuXqXvvALRw8cB5sPzNB5ktpump,3EwC7QUJi1NpV4EzSMcVw6gBLarmVkbv6qbYY6KuhtQc4USGMSSqPHgfJ2WXAT3okrohHP96cB9vPbgC6JpdQftn,423634130,1780333665,"{""InstructionError"": [3, {""Custom"": 6004}]}",0,
B1C2xfcUajAAU8n3zfuXqXvvALRw8cB5sPzNB5ktpump,4b3cdTzfGRiTd3tXDi8UxYXjoHPWPQnCRRckoBe2nuhnJFqrXH2diuSVPxKH9wPsCsxd12NMaAZr35KFKJJNu6Xz,423634130,1780333665,"{""InstructionError"": [3, {""Custom"": 6004}]}",0,
B1C2xfcUajAAU8n3zfuXqXvvALRw8cB5sPzNB5ktpump,36mRjm4ru3xD8XsWAhjzJH4sqU1ED75TMYvbP5LVfaa24Pj72MhFfpwBVsifCcrk5esN8sMcc74UPUg17BUrBVTy,423634130,1780333665,"{""InstructionError"": [2, {""Custom"": 6004}]}",0,
B1C2xfcUajAAU8n3zfuXqXvvALRw8cB5sPzNB5ktpump,2RMM8rHgMJxjSboWByfWd4qebYzcMzLPSMCquLcHqCG3WazhWx9ybMnSMg2AgSJvt4i4T9DGeBwvBQZRLvEGnRyS,423634131,1780333665,"{""InstructionError"": [3, {""Custom"": 2}]}",0,
B1C2xfcUajAAU8n3zfuXqXvvALRw8cB5sPzNB5ktpump,48L4m83zW7o3Z6C1Mo2Euej7bqGsKxMSdjewNUq46H1Kovwz9N1Vi7rv6dR2qz2nZqjQZkDzWwhGx74jcm6PApTV,423634131,1780333665,"{""InstructionError"": [2, {""Custom"": 2}]}",0,
B1C2xfcUajAAU8n3zfuXqXvvALRw8cB5sPzNB5ktpump,2QZxGA1wYUeRTxZEntQKkNVLwfZHG6vs8ZCzB9fAqsQHy32XHNLDpjkAwA9qnE8qtbXv5rZ37T3x6tTZbijkUVp3,423634131,1780333665,"{""InstructionError"": [3, {""Custom"": 6004}]}",0,
B1C2xfcUajAAU8n3zfuXqXvvALRw8cB5sPzNB5ktpump,SYmpJk8oVpMQsgu2YXgNQu8wnSXForBfGSamAEHyx7DgUyrSbQmxm65jk31xWt2PDXAQd2qgPrXPDqkpsF8ZKUo,423634131,1780333665,"{""InstructionError"": [3, {""Custom"": 6004}]}",0,
B1C2xfcUajAAU8n3zfuXqXvvALRw8cB5sPzNB5ktpump,GHf6DmGP8y61vmbN6jRxM3cbVArhLNgAFKnWqKn6FewfGEEBxrjSy88kJLSJuuix542ATqvmHRGTf786Rn9VxDU,423634131,1780333665,"{""InstructionError"": [2, {""Custom"": 6004}]}",0,
B1C2xfcUajAAU8n3zfuXqXvvALRw8cB5sPzNB5ktpump,2i6jD6YA1fuJwT1NP4ePxNJWzzKYwmuQn2yaKeQN3J292FCYghjHkMNdCU8VpPC7hSztKaUrzAkg1i6bQjf4ZUnZ,423634131,1780333665,"{""InstructionError"": [7, {""Custom"": 6040}]}",0,
B1C2xfcUajAAU8n3zfuXqXvvALRw8cB5sPzNB5ktpump,r3iEUw3DV2hX2piXFcZMeXAKfRSMQx2dGVXhh768RL2TUH2mTRCan5ra3i1qYk6DgD2yhCj9FevYZ8SE6rfmiac,423634131,1780333665,"{""InstructionError"": [3, {""Custom"": 6004}]}",0,
B1C2xfcUajAAU8n3zfuXqXvvALRw8cB5sPzNB5ktpump,5QPTbEAc3a75rmfpU1eiEZUDwndYuKNYD9FzXv3dhbFTcWq6yqz6oMb9g49xL9sDBPPKDADK72BqM47doSrcaReK,423634131,1780333665,"{""InstructionError"": [2, {""Custom"": 6004}]}",0,
B1C2xfcUajAAU8n3zfuXqXvvALRw8cB5sPzNB5ktpump,3WzkyDoYRMHZLTR8skXqCk5whg7V1m2cPyHLyXAqghMRmRzUufQSkEG47LRJqFtodJUtQtWJJ1tT5K6KcVrGsDVa,423634131,1780333665,"{""InstructionError"": [3, {""Custom"": 6004}]}",0,
B1C2xfcUajAAU8n3zfuXqXvvALRw8cB5sPzNB5ktpump,26rCbHiK1w7Gy6sVEqfQE2ma9nR9curpcdJHebo7xuL1hTupo1kjacpDjtbL4rauDCf4VKLZx3p5wN37Y4wJbCr7,423634131,1780333665,"{""InstructionError"": [2, {""Custom"": 6004}]}",0,
B1C2xfcUajAAU8n3zfuXqXvvALRw8cB5sPzNB5ktpump,4bQKSPK1wFmrU796hJhLb4kmKjwouyxcbF2gN3grsFL8mNXkireH35ivMUqJ4HAJgKVrw8rbREoQXuMJFVwKDevC,423634131,1780333665,"{""InstructionError"": [3, {""Custom"": 6040}]}",0,
B1C2xfcUajAAU8n3zfuXqXvvALRw8cB5sPzNB5ktpump,2AEv8pbB4eetLYYfE7wPa5pJuCZpgPRHahVPJgV154coMBsAZB34HCG6EewvqcRMkcxALMFP6tGtwxt4zxesyfZv,423634131,1780333665,"{""InstructionError"": [2, {""Custom"": 6040}]}",0,
B1C2xfcUajAAU8n3zfuXqXvvALRw8cB5sPzNB5ktpump,ckDAm6Qd9VCDV9AF19YCTiEmYYwdpxUsttzJy51Jny3Wp2GyxFFX6skjCRBFNsr8MRoqxUjYW5o3JRKtCnZtta6,423634131,1780333665,"{""InstructionError"": [2, {""Custom"": 6040}]}",0,
B1C2xfcUajAAU8n3zfuXqXvvALRw8cB5sPzNB5ktpump,55Y1gDe4jHnk2shFQHY2ce8hF9o7bqZwVsJGwjWYGKAnFTgJbDe4ey1p4juY8efAqPJ7cakbsVWwhr51CfpBSKjF,423634131,1780333665,"{""InstructionError"": [3, {""Custom"": 6040}]}",0,
B1C2xfcUajAAU8n3zfuXqXvvALRw8cB5sPzNB5ktpump,3R9FiFQhqRcN18upbTS3CKbpYQn2SkdaqKxS2GFMXsHqtvkrfkLwfsX3MbTNAYdKSWgqBu6WgPzmkyfi7FnDCtpZ,423634131,1780333665,"{""InstructionError"": [2, {""Custom"": 6040}]}",0,
B1C2xfcUajAAU8n3zfuXqXvvALRw8cB5sPzNB5ktpump,2zL8CkwFkXWTXKE2Tmq9vXPb3w1Miqhtj6cYePZTiRCjbwdN2nNnntzEan2SKHxnBaAeCCwqHxgZ29skFokajNcf,423634131,1780333665,"{""InstructionError"": [2, {""Custom"": 6000}]}",0,
B1C2xfcUajAAU8n3zfuXqXvvALRw8cB5sPzNB5ktpump,3LCvRswMZ6AnXWmHv6hDdXyyey9qqC4f7nYsgvAhbCFUWSQiB6FhDSGL1pYbph4U66L2eJChBTdvXjQvgPX5R4Hu,423634131,1780333665,"{""InstructionError"": [2, {""Custom"": 6040}]}",0,
B1C2xfcUajAAU8n3zfuXqXvvALRw8cB5sPzNB5ktpump,47VZN8xoW7ArMkiP1TKTyYcHCTyUqnB2BxSyQW39VuDLXrBrP1RfTjT2rYLA3SzQUFwaPCdqR5RjBkmMdHX462d9,423634132,1780333666,"{""InstructionError"": [3, {""Custom"": 6040}]}",0,
B1C2xfcUajAAU8n3zfuXqXvvALRw8cB5sPzNB5ktpump,4banFFhc8rC6T5vUw7cXLxpY6AZRLctrdpUdQSAGGoDHZhMPGNsPhK5UffNCZst4Zz9CtpKoY7SXnc8Aub1VdXqN,423634132,1780333666,"{""InstructionError"": [3, {""Custom"": 6040}]}",0,
B1C2xfcUajAAU8n3zfuXqXvvALRw8cB5sPzNB5ktpump,2NmkQjhrmYfnUW1fjGmcWMLMoURY6cBJMUEGA42iajpSizAHoZwJGesVniUQztSRscirapnSfxyeBvwo5BJYViX3,423634132,1780333666,"{""InstructionError"": [3, {""Custom"": 1}]}",0,
B1C2xfcUajAAU8n3zfuXqXvvALRw8cB5sPzNB5ktpump,2ER3H4w44LYorsSsmJWTUzJqmDuh87XYeHoSf7RpDHpY1Rxg3RsU2vdwnr5LHRHqjLhH1kvVhi47n7avzRxNoiyp,423634132,1780333666,"{""InstructionError"": [3, {""Custom"": 100}]}",0,
B1C2xfcUajAAU8n3zfuXqXvvALRw8cB5sPzNB5ktpump,6T4fS6wgwFvrS5UHqHJSLMK3CG6j2ufd96fLraweQB9BahUdz4p2VK6vdSaMY2aKacBzzcVWmRr7kRCv1aYTNE1,423634132,1780333666,"{""InstructionError"": [3, {""Custom"": 6040}]}",0,
B1C2xfcUajAAU8n3zfuXqXvvALRw8cB5sPzNB5ktpump,4RW42BuR1GAdTGKEKSjHrDxpkEto8zczbqYCio71WLH8JVvgfxmDPa7dfYp1SecMqDZszJRdrUYwjBqvcvh8BT8H,423634132,1780333666,"{""InstructionError"": [3, {""Custom"": 100}]}",0,
B1C2xfcUajAAU8n3zfuXqXvvALRw8cB5sPzNB5ktpump,5V9Ho3cpEQBTiYWYxYS9CwFq4k3cQzVzf9Z23oPyddKi1aj4bZBGN9UujpfRJughPs3kbpQBVFqzRP4yYHAovKUV,423634133,1780333666,"{""InstructionError"": [3, {""Custom"": 103}]}",1,BuyEvent:977973332
B1C2xfcUajAAU8n3zfuXqXvvALRw8cB5sPzNB5ktpump,5ei3UwzdiCqb4dJ32qaNgrtZsk8vAr6xVepAUtq2XV5SvQwjgce3zzqSHAvfZqxK5syKrbVPhNtHZXPR37Ze9ZGS,423634133,1780333666,"{""InstructionError"": [6, {""Custom"": 6040}]}",0,
B1C2xfcUajAAU8n3zfuXqXvvALRw8cB5sPzNB5ktpump,2w1pNre8XRysq6P1FB2UCQSHSE5V22ErDgbTAeLkNNn9SRvHmY6zrVASC6eK2Y6cQcUsiBLGKkoKxCK3e5hCSQMt,423634133,1780333666,"{""InstructionError"": [3, {""Custom"": 6040}]}",0,
B1C2xfcUajAAU8n3zfuXqXvvALRw8cB5sPzNB5ktpump,2rWapuCjRnFh77odLE4V2R5VsnMaAD1hX1xCRVMFEpAJN2HLQsH7R8ZiwFsRjity5m1EwoRzciZ5mozRT7fo23sZ,423634133,1780333666,"{""InstructionError"": [3, {""Custom"": 6040}]}",0,
B1C2xfcUajAAU8n3zfuXqXvvALRw8cB5sPzNB5ktpump,5rNtp9UVDhhw2XrZK2x1C4hpkmzCCLDxp4wyG68xpVbZP4oyqhXeBk9zoB5VuotoVfgXwe3xfPfTSGGaiNU8wXrp,423634133,1780333666,"{""InstructionError"": [3, {""Custom"": 6040}]}",0,
B1C2xfcUajAAU8n3zfuXqXvvALRw8cB5sPzNB5ktpump,44zEaDJ8bcGbtZpf35rpMbQvYMpiERoALNEsMAUzsKXmLm8hfGo7419dsahQwgJscmNdxic3gJpjGsYBhSo7d1Xz,423634134,1780333666,"{""InstructionError"": [3, {""Custom"": 6040}]}",0,
B1C2xfcUajAAU8n3zfuXqXvvALRw8cB5sPzNB5ktpump,4Gde7pqo625kBr6WNwgXZJZnpDwxPQaGRKGweCxDBoj36qf38bXgBVavRxZd2AF9ZaYUffZVSvB8HgGoWzzXF5vA,423634134,1780333666,"{""InstructionError"": [3, {""Custom"": 6040}]}",0,
B1C2xfcUajAAU8n3zfuXqXvvALRw8cB5sPzNB5ktpump,2jnFCngDh2wNwCAEwhvzQJzLWCGUcxJP7sjnr53PtCHJXrfH7apsA6gt5fyWLjioD6EUapB2y7FcvBnv41BtLJSJ,423634134,1780333666,"{""InstructionError"": [3, {""Custom"": 6040}]}",0,
B1C2xfcUajAAU8n3zfuXqXvvALRw8cB5sPzNB5ktpump,2y2cQBQKsNWi7RNyrzAN1t112SFrMNCk7YyDeui6eHEC7umNLhjWxZP748xh7mjWFq7M4oAiLHCNg3WNrVzjry8p,423634134,1780333666,"{""InstructionError"": [3, {""Custom"": 6040}]}",0,
B1C2xfcUajAAU8n3zfuXqXvvALRw8cB5sPzNB5ktpump,VQemh6oNGaGiStbmHkmoVsajfmjeVEwVFUhB4spmjAMd8bt1MMvr32h3992fpjujfX4qJYs66tyBB18p95KFw5s,423634134,1780333666,"{""InstructionError"": [3, {""Custom"": 6040}]}",0,
B1C2xfcUajAAU8n3zfuXqXvvALRw8cB5sPzNB5ktpump,5Rshk5F14uL3UdnhK9BWGTwht3UXXeGrzHA2962CmM68kt2UT9VAXvogE1KztryAjtoVUs1UX75sWqtaX3GYXAB3,423634134,1780333666,"{""InstructionError"": [3, {""Custom"": 6040}]}",0,
B1C2xfcUajAAU8n3zfuXqXvvALRw8cB5sPzNB5ktpump,5KBsAYDN9Kc4S7VLRy4ZtVBFVF2qdJ3Wk7DfHj1CYXAfWrPJqt1DaL3Ns4h3FTqF4U9gsaM3rwRwiZTfw3gEEq7t,423634134,1780333666,"{""InstructionError"": [3, {""Custom"": 6040}]}",0,
B1C2xfcUajAAU8n3zfuXqXvvALRw8cB5sPzNB5ktpump,o8c2YQ9xjQuPE5uAETV3yRBQTpT6tU2qWpJ8zBBm5eipMY5exZmohygoXa2TiVbsD4t3GLPAW2FZpmGzTqixSdz,423634134,1780333666,"{""InstructionError"": [3, {""Custom"": 6040}]}",0,
B1C2xfcUajAAU8n3zfuXqXvvALRw8cB5sPzNB5ktpump,nUDh4kHXY4E1RD5CaNiw6XVgba8Sf84e3wo86TNvWXcGTTSNfGgrADxvhZhAsu623FVDnmx8aB4TtdRY7Qf8S8M,423634134,1780333666,"{""InstructionError"": [3, {""Custom"": 6040}]}",0,
B1C2xfcUajAAU8n3zfuXqXvvALRw8cB5sPzNB5ktpump,h7RPFLttqowsnpNkxB5SgibiCxZfvx9baBkkETpF47UQFeaZbe88iZ8epcUnDJ6K1HaBgEHRdPbivWWxX3aw54C,423634135,1780333667,"{""InstructionError"": [4, {""Custom"": 100}]}",0,
B1C2xfcUajAAU8n3zfuXqXvvALRw8cB5sPzNB5ktpump,2ztnENVox8FDipqFXovMJ3mKQKTR43HXxHv49jt7Guq7RxCpjsChVPimc1kuUgGjanyQWacBSKevbYvYchbSsosP,423634135,1780333667,"{""InstructionError"": [4, {""Custom"": 100}]}",0,
B1C2xfcUajAAU8n3zfuXqXvvALRw8cB5sPzNB5ktpump,3ANvzjKmLfRrHUQfDf1QbC1nvxbNkWpfbfHwQy85k5madsHSap8PagNxEMLY8uwDhPE1NSi4BLs4FERENYnqHnDX,423634135,1780333667,"{""InstructionError"": [3, {""Custom"": 6040}]}",0,
B1C2xfcUajAAU8n3zfuXqXvvALRw8cB5sPzNB5ktpump,P9gper2yJKrjCuAMr14f4Rm3iwjYKSVDZxKat5FaWd74uVCD6a4bFaqr3JNNo4PWzpbyFo43kog3SvsaK9nGMv9,423634135,1780333667,"{""InstructionError"": [3, {""Custom"": 6040}]}",0,
B1C2xfcUajAAU8n3zfuXqXvvALRw8cB5sPzNB5ktpump,2FQqPscyyEEaEnExHn5N12zEknpmhTcdyFusmLw5QCryTECNQ4aEGcPXELFLWVBhoeJeTk44LhihqaGMrduxeVNU,423634135,1780333667,"{""InstructionError"": [3, {""Custom"": 6040}]}",0,
B1C2xfcUajAAU8n3zfuXqXvvALRw8cB5sPzNB5ktpump,4z8PeHF1MsEfBTUSUsPDcnshEnyXR3e6mxYRVwZ5CBP6urBNDbUtQkga6gsTHqm2iZSGsca3yruaryDydYREPmps,423634135,1780333667,"{""InstructionError"": [3, {""Custom"": 6040}]}",0,
B1C2xfcUajAAU8n3zfuXqXvvALRw8cB5sPzNB5ktpump,4Q5GnoW4g9BJXxRDSndmLSEfet19Nw15mJFVdRqK3VTgWz5HKNLmpchUjnVfihNxx3NrTyQixjQb7WTVTyTCr789,423634135,1780333667,"{""InstructionError"": [3, {""Custom"": 6040}]}",0,
B1C2xfcUajAAU8n3zfuXqXvvALRw8cB5sPzNB5ktpump,2ahUcsjUAcjtm1Xg4y4KCy9TCZDk8aXzbYXuP3nrrxqJNbthcYb7g9nxVqtFK5RbGJdcY2oUnzkfWsN8gRGn5dWW,423634135,1780333667,"{""InstructionError"": [3, {""Custom"": 6040}]}",0,
B1C2xfcUajAAU8n3zfuXqXvvALRw8cB5sPzNB5ktpump,5ypw6k3AZShEBpFiZXy1NxJ4J5zhaxJVHRVAWTRxbirvdrXc7RRLUgSQqLi9Xfy8uaxQbi2sdtDStryJ9DKDi5Jw,423634135,1780333667,"{""InstructionError"": [3, {""Custom"": 6040}]}",0,
B1C2xfcUajAAU8n3zfuXqXvvALRw8cB5sPzNB5ktpump,5HuF45JpR49zYSET9a9gWWZUCmg9vDdaVtzimyNnU933ogXGijQm9f52qoHb2ftGTt5dEnCtNQyXEM3hwCTqBW2h,423634135,1780333667,"{""InstructionError"": [4, {""Custom"": 100}]}",0,
B1C2xfcUajAAU8n3zfuXqXvvALRw8cB5sPzNB5ktpump,Gc5MRvEWjryxY77pkai3oSGqrmuBxDzPMikGU85ViidDfHTuJzEwuTKUeVPCHp9pW8hKZXTtWX5MRGBPTFX1LYv,423634135,1780333667,"{""InstructionError"": [4, {""Custom"": 100}]}",0,
B1C2xfcUajAAU8n3zfuXqXvvALRw8cB5sPzNB5ktpump,5xaoqwJSTFXyJrE44mXBAcYrqaFNw6RcaJgZuFMLNejbUNsgwSaWXXkVn4KTcXDHwdDxwz5XKexVQUaYZjnioktJ,423634135,1780333667,"{""InstructionError"": [3, {""Custom"": 6040}]}",0,
B1C2xfcUajAAU8n3zfuXqXvvALRw8cB5sPzNB5ktpump,2yPD4irp5uURz1Rmu4ftJm6eD4sDntGQexjYMjwMEsezm9Myco8LPqqoXppqP45QecFModvj13ucKzpktFjStWvo,423634135,1780333667,"{""InstructionError"": [2, {""Custom"": 6040}]}",0,
B1C2xfcUajAAU8n3zfuXqXvvALRw8cB5sPzNB5ktpump,38fPbAehp2XUBM9E5iAeVcfmdwRZD4qnQhw2bdhBgVC7sNaGsrpDLXWw7ZTcAaeYn5frWCSSGY4cJtdGen4MvuRa,423634135,1780333667,"{""InstructionError"": [2, {""Custom"": 6040}]}",0,
B1C2xfcUajAAU8n3zfuXqXvvALRw8cB5sPzNB5ktpump,i7QZjbEv4bMgdx16BcqqrPD4tC6vWRerJtdGf3GtN558m89cNpsoaeC5w7GJvtf6R7mhXVAGpBMMupEk8utizWM,423634135,1780333667,"{""InstructionError"": [2, {""Custom"": 6040}]}",0,
B1C2xfcUajAAU8n3zfuXqXvvALRw8cB5sPzNB5ktpump,5eFvkpeH4JkEBcUi6SG3QtUPH8B8rTrztmbjhBJa2fvSyGtFQ66tYDnpatyS7iWVUBZVa9zds858V15kSkzSu3KW,423634135,1780333667,"{""InstructionError"": [3, {""Custom"": 6040}]}",0,
B1C2xfcUajAAU8n3zfuXqXvvALRw8cB5sPzNB5ktpump,3xfGwp65k3EQ1hwBBjFPaSqjLaFPhTyDix5m38Zae9WoXpRQFStunf79iZSSK6atmYy6x9WB3CTE5DxwLDzy6WjB,423634135,1780333667,"{""InstructionError"": [3, {""Custom"": 6040}]}",0,
B1C2xfcUajAAU8n3zfuXqXvvALRw8cB5sPzNB5ktpump,3bp2gSRMMpctz4bayXEaGHkFks5Br5o2Trxsb5hHyZHzfdVsYWRZAdaHBuMmtGG4wwvtXj9jaf2d56nTpt1L3SWv,423634136,1780333667,"{""InstructionError"": [2, {""Custom"": 6000}]}",0,
B1C2xfcUajAAU8n3zfuXqXvvALRw8cB5sPzNB5ktpump,27icMazgGEXBKH69Zxzk8HQsu3Bbx3HZCmocUw9JQPe5KF16mRwexL3Xn7wA3gEs6nwjdjpihqs3Kp3gAmkRAUkr,423634137,1780333668,"{""InstructionError"": [6, {""Custom"": 6040}]}",0,
B1C2xfcUajAAU8n3zfuXqXvvALRw8cB5sPzNB5ktpump,5KzwFSNKDQSspBg476miJU5U15yV9W5mZjgVefj5ywCHwuiNh5NhsZ3qBJDnP3UXtcnmf55B118jtMrZ2KUrDMiQ,423634137,1780333668,"{""InstructionError"": [3, {""Custom"": 6040}]}",0,
B1C2xfcUajAAU8n3zfuXqXvvALRw8cB5sPzNB5ktpump,4gfmaepdRrVxdeUc25rSqswu49a3pK6HBH5Sf3arU6XJkm75Hinrppx2e5QBPeh4QDJAW1MACaFLLLEkhpAGqJba,423634137,1780333668,"{""InstructionError"": [2, {""Custom"": 6040}]}",0,
B1C2xfcUajAAU8n3zfuXqXvvALRw8cB5sPzNB5ktpump,2weu1rZKZm9raY9FpFXk1i8543CPpH3xzLMRPqYLot8Ei4CoHLtXBhLBUXymN5UKc29CdyFaBxueyZwaCagNu68j,423634137,1780333668,"{""InstructionError"": [2, {""Custom"": 6040}]}",0,
B1C2xfcUajAAU8n3zfuXqXvvALRw8cB5sPzNB5ktpump,5SnpPdVR6f7Vv2gbCgNVa9v9SPotvEGguWgwCjF6ZNK8azpGRYx6zdbv6aLmR6iTjXpBucQbmsweiofpxrpDPxXr,423634137,1780333668,"{""InstructionError"": [3, {""Custom"": 6040}]}",0,
B1C2xfcUajAAU8n3zfuXqXvvALRw8cB5sPzNB5ktpump,3MWYczY59ePqfooBuaeNn5YX5qrmMKLxh9q89iFErs3F9pJaY8WNrTndXjeHUtkyKXfySQgjqiQYzr8QvbNxq345,423634137,1780333668,"{""InstructionError"": [2, {""Custom"": 6040}]}",0,
B1C2xfcUajAAU8n3zfuXqXvvALRw8cB5sPzNB5ktpump,4xHWW96z3r9iYG7EWNk6gSMEXKs72cHHdKTbyWbi3CTfZGg9TFRNhxn91ogHYF99dRcrVbyPXR14ZwGvnnqy6ApV,423634137,1780333668,"{""InstructionError"": [3, {""Custom"": 6040}]}",0,
B1C2xfcUajAAU8n3zfuXqXvvALRw8cB5sPzNB5ktpump,4MSuv3fo5XemajE83pEyXnB42toRzbPhkNcsPmH7CkWYk1kGvJHRxBPadkTro9eNRK5uFJZVR3wYoLuhLEpbmiTy,423634137,1780333668,"{""InstructionError"": [3, {""Custom"": 6040}]}",0,
B1C2xfcUajAAU8n3zfuXqXvvALRw8cB5sPzNB5ktpump,25VqkhiveW7cPaX2R1XCD3bRwp9CzyKRo8ZrdoNXrjuG3dSX8xBYdSn539UwQB7xKJedEECxeQdH2HKn2LVmr9tx,423634137,1780333668,"{""InstructionError"": [3, {""Custom"": 6040}]}",0,
B1C2xfcUajAAU8n3zfuXqXvvALRw8cB5sPzNB5ktpump,254gY3JD3nZ9nUTdrvMKR9kXbqzevFqPHkuAos4Z4iZsWdchK5Kf8aWZffEfbtZtcrQtu6k2iYR5GQyNUCYtvnxh,423634137,1780333668,"{""InstructionError"": [3, {""Custom"": 6040}]}",0,
B1C2xfcUajAAU8n3zfuXqXvvALRw8cB5sPzNB5ktpump,2DFS3CfzPVVWbqkzowj2UwzEVhe5ft1tV6egGWbqiraujhopGU4J1ZMK4rPeAYLsbfFSjAYMMiXb5Pe7G4fwHuyn,423634137,1780333668,"{""InstructionError"": [3, {""Custom"": 6040}]}",0,
B1C2xfcUajAAU8n3zfuXqXvvALRw8cB5sPzNB5ktpump,3jFF6HDsgn89qHgKE23AV6vVYFjfq9X2irN4W74xD36oMmhNQiGEFXSHJ7eWNEvWPTSQkpv8N6Nim57ZKWa4mAuB,423634137,1780333668,"{""InstructionError"": [3, {""Custom"": 6040}]}",0,
B1C2xfcUajAAU8n3zfuXqXvvALRw8cB5sPzNB5ktpump,4cBNaX1jpXY8gu3KB9RYrb71HbrgkSF2CGcvmx2Zdam2g4G9wSfudhWMoDGxrqfs9UQCjJPXqqMx3Qidd16TiH3e,423634137,1780333668,"{""InstructionError"": [3, {""Custom"": 6040}]}",0,
B1C2xfcUajAAU8n3zfuXqXvvALRw8cB5sPzNB5ktpump,3wDPdWWtGPYmfixoVG9iH6HP9K3y7tJWRgZXj9ZAtKTtxReAj1q3D6Hkij1R3yrjSWHfi4m3HG7waNd7a3pFAapU,423634137,1780333668,"{""InstructionError"": [3, {""Custom"": 6040}]}",0,
B1C2xfcUajAAU8n3zfuXqXvvALRw8cB5sPzNB5ktpump,3gLokxmesv2DAdVhFVKC6Rf5FiioFqyLoRa8ZZW9b1ieSeZZFHCmnnDmyJ2WkQyEFiSxqRfRiUFVonuKkKFP3Mfp,423634137,1780333668,"{""InstructionError"": [3, {""Custom"": 6040}]}",0,
B1C2xfcUajAAU8n3zfuXqXvvALRw8cB5sPzNB5ktpump,4WbVzDT4PcTKKB1sA71J7kdCVkZnGvg7eEcNLPGrsJakRwbpU1Qn3dtc5mBzyf66P616SQFq3fYHDLAKLP9EJ36b,423634137,1780333668,"{""InstructionError"": [2, {""Custom"": 6040}]}",0,
B1C2xfcUajAAU8n3zfuXqXvvALRw8cB5sPzNB5ktpump,2vHVznz8stMHgS52ncBvrjoKA13LQXxzZD8P5ZVMk7VX4YRfX2tDKvmtCZowiU9r4qf62Ff4gfx3AKHhwKJwBD6e,423634137,1780333668,"{""InstructionError"": [2, {""Custom"": 6040}]}",0,
B1C2xfcUajAAU8n3zfuXqXvvALRw8cB5sPzNB5ktpump,2TQoMLjJfe72gH7GZMTSN6ohehp3vvKidwsfjfLQDPsD1drCXjqv16Qg6vBDWr3myGVVLSrc9ZmPXxxT6pjMRjey,423634137,1780333668,"{""InstructionError"": [2, {""Custom"": 6040}]}",0,
B1C2xfcUajAAU8n3zfuXqXvvALRw8cB5sPzNB5ktpump,5mjK64sKERAdYdZ5RrwFgasJb64c6y859LUNAhcrt68A2S1PwjEhaRcV3df6QbvydstUb4YZCkRKUke2jzV7wAhY,423634137,1780333668,"{""InstructionError"": [2, {""Custom"": 6040}]}",0,
B1C2xfcUajAAU8n3zfuXqXvvALRw8cB5sPzNB5ktpump,5QJoZXwcACDg4AvKbktYkgyr6C7cERQDAZwFyCuPcPoE6g6z5S5RDvjex5Rf4gVHyNtHuT2NJaNCV4LLkDnx5APH,423634137,1780333668,"{""InstructionError"": [2, {""Custom"": 6040}]}",0,
B1C2xfcUajAAU8n3zfuXqXvvALRw8cB5sPzNB5ktpump,cafYRLRqeDswvZnAubmJsE7e3RxX4ESiKxwuR7GEg9pfBY1bWoQpWrMn7B37X7bqC646e9Sk6ac6vpX6EafJauq,423634137,1780333668,"{""InstructionError"": [3, {""Custom"": 6040}]}",0,
B1C2xfcUajAAU8n3zfuXqXvvALRw8cB5sPzNB5ktpump,2YbrWnWjmS7Asd2REsvACWccpazdeLM1UZ7NewLAVV5oy6i6Tnmv4an3GawLe4tPiqBQqgFUhnCaL9dd3qKxRMDM,423634137,1780333668,"{""InstructionError"": [3, {""Custom"": 6040}]}",0,
B1C2xfcUajAAU8n3zfuXqXvvALRw8cB5sPzNB5ktpump,5cthWfbuaxXg5ReFtz6YqGAWzsQ5T4rRbj2bB2tt46pHvLFkyJ36ZRxVxCBTQxHtcYV9TF2EMJ1FK1dzp5V83yZk,423634137,1780333668,"{""InstructionError"": [3, {""Custom"": 6040}]}",0,
B1C2xfcUajAAU8n3zfuXqXvvALRw8cB5sPzNB5ktpump,3LNkvEE7y5RLADsMNwYGDVeK351P8U4UVuFTv1kGbgyHVivGidLGokweU7LZh8oTmUKheDiFM7g4ZfKXHbg418TR,423634137,1780333668,"{""InstructionError"": [3, {""Custom"": 6040}]}",0,
B1C2xfcUajAAU8n3zfuXqXvvALRw8cB5sPzNB5ktpump,4i1YjzkYVAQ69izKuKM4iJu5fy4CPghodZ1urQLh98ZQbWqpABUcR8HFR2yVLPxVhvKHyP8NTwjgUam4QpEhZ48e,423634137,1780333668,"{""InstructionError"": [3, {""Custom"": 6040}]}",0,
B1C2xfcUajAAU8n3zfuXqXvvALRw8cB5sPzNB5ktpump,4aYZFirdy3cRMsQhxT2wRKhmfi4hND9CQUArTgrYrkJMDt6NdLrN25n2LCHTQ3FV4y5LwN265SJZ5p2k53JNfJKu,423634137,1780333668,"{""InstructionError"": [3, {""Custom"": 6040}]}",0,
B1C2xfcUajAAU8n3zfuXqXvvALRw8cB5sPzNB5ktpump,2T2wcxvcjQJLNEWA3W3EGqGKS2wWfb8yNv8SuPgmDrSZ9MJvw1UureCzYzd6WNayg3nnxvgEk9Kr69ZyxGHD9gi7,423634137,1780333668,"{""InstructionError"": [3, {""Custom"": 6040}]}",0,
B1C2xfcUajAAU8n3zfuXqXvvALRw8cB5sPzNB5ktpump,2XPxdPy2yMjHEiyionfcehxHPX6Sem9d1sDDTnpbvUvxMEFmX1rDSjTXmcjgUYWGRYjjgNutyGBQYCikykiZVokH,423634137,1780333668,"{""InstructionError"": [3, {""Custom"": 6040}]}",0,
B1C2xfcUajAAU8n3zfuXqXvvALRw8cB5sPzNB5ktpump,38VyjKiU4YDZYQsk9V3Y18hDHVbiBgpyBWGJ7bapXWwHSB5ZPgb3A6RcshD8PYbGtDDbC2XrtQzZ47PjKQEEKA6g,423634137,1780333668,"{""InstructionError"": [3, {""Custom"": 6040}]}",0,
B1C2xfcUajAAU8n3zfuXqXvvALRw8cB5sPzNB5ktpump,3UvUP3o3L1JWfftEce5PGcA95VrDyG7pyf97uErVaNAfPQFhtFgfQRjQ3DQQYGm3W91adFojDiWrJ69eGG7nw7JV,423634137,1780333668,"{""InstructionError"": [3, {""Custom"": 6040}]}",0,
B1C2xfcUajAAU8n3zfuXqXvvALRw8cB5sPzNB5ktpump,4VtdVrYWKAszyCmKV9t6jUcjj7pKX2BT4rZJpRUdkc2DiNpZ1zPujrF9CF6JiU5xnoMcWoSPggB32CN6ygMNTrGP,423634137,1780333668,"{""InstructionError"": [3, {""Custom"": 6040}]}",0,
B1C2xfcUajAAU8n3zfuXqXvvALRw8cB5sPzNB5ktpump,3VdPjbcAitr9k79GaM4m5cjdza8Er8M9fCHfdDwzJkcK45P4C4mgao5R7bq4gfNWfLf6PU4hAYYWEbBjezx7L27D,423634137,1780333668,"{""InstructionError"": [3, {""Custom"": 6040}]}",0,
B1C2xfcUajAAU8n3zfuXqXvvALRw8cB5sPzNB5ktpump,3u5tAbofftKgmRQSwM1yhPZR8dJb14FJT7k2UGBDHyvJrsX1y1H2VeEmA7JWt2jJpqNqGyDxwmZ5ex5noGUBDKFu,423634137,1780333668,"{""InstructionError"": [3, {""Custom"": 6040}]}",0,
B1C2xfcUajAAU8n3zfuXqXvvALRw8cB5sPzNB5ktpump,437NXNa8ZRaL3igmCGkjxGGyenQZ4xLb3t2iRNjsa8EiPUuGF6RJHEKC52uimLDG4qyfGqxpPhTbLqu6evxWzn95,423634137,1780333668,"{""InstructionError"": [2, {""Custom"": 6040}]}",0,
B1C2xfcUajAAU8n3zfuXqXvvALRw8cB5sPzNB5ktpump,3MTG7JGASLD9UXXFDKD86gEXSvoVmWhLukt4CgFiXuz6oLvGApWqWR5HcJaATPKcq9fk3FSWoDLfAvoRwnt8X3Bw,423634137,1780333668,"{""InstructionError"": [2, {""Custom"": 6040}]}",0,
B1C2xfcUajAAU8n3zfuXqXvvALRw8cB5sPzNB5ktpump,4QQfEuHLunVkYWviNJ1HYPv2KcjCUjV1cKzCC8Cp2DQaMEwtF1WBgJX7SJ2rRLkwpLGu84Fxo7Td1JnDQZRsYTJG,423634137,1780333668,"{""InstructionError"": [2, {""Custom"": 6040}]}",0,
B1C2xfcUajAAU8n3zfuXqXvvALRw8cB5sPzNB5ktpump,4drqoow8WVphLmvtBN2RqVDs4iMbcVcdX4CeH22hxRcbLSjGiZnj1RcxZ5gaGiAKuRyuWXqDABrCNBZ3i9iMi8nB,423634137,1780333668,"{""InstructionError"": [2, {""Custom"": 6040}]}",0,
B1C2xfcUajAAU8n3zfuXqXvvALRw8cB5sPzNB5ktpump,5J6jgfYee6ovELi2a2YN3NpugQ12XZiERgmrVfWhmxQ1tn23ggCB5cSYuvpsPtZqT5nHDCTmX8N7LG3RoBqQUDUP,423634137,1780333668,"{""InstructionError"": [2, {""Custom"": 6040}]}",0,
B1C2xfcUajAAU8n3zfuXqXvvALRw8cB5sPzNB5ktpump,2eH65LJujxQPvZEdMLfBYasZuaywvdwxqpabSWpy1ZfTyQFpEGxSrK6YQkpfwo1REKMAK4TpEBf7JFTNtK4XHq1D,423634137,1780333668,"{""InstructionError"": [2, {""Custom"": 6040}]}",0,
B1C2xfcUajAAU8n3zfuXqXvvALRw8cB5sPzNB5ktpump,3RZQ47pAyoZGAsdpDSGK7Zbo3fEyz53rvSSz5rKJPbuNynEAFx3NDKFvp81WaksAHSWa3Dd54btdfryxeYTtmYYR,423634137,1780333668,"{""InstructionError"": [3, {""Custom"": 6040}]}",0,
B1C2xfcUajAAU8n3zfuXqXvvALRw8cB5sPzNB5ktpump,eEupZ4yegxDLKG7qJwbqbVkecXz7bXagufbH7W3BF4pxccL3Wy1jNF1Kvi9hveExrPAN2btyAM819gEkCLwiStL,423634137,1780333668,"{""InstructionError"": [2, {""Custom"": 6040}]}",0,
B1C2xfcUajAAU8n3zfuXqXvvALRw8cB5sPzNB5ktpump,43kPTBA6B2g1WD64pVcb4SiMoTLYL66UURAjP8KUXPDxTp2vdmHkGzbDiEdN8xDPqWH3W1xpPPuBZJJpqBgXd65G,423634137,1780333668,"{""InstructionError"": [2, {""Custom"": 6040}]}",0,
B1C2xfcUajAAU8n3zfuXqXvvALRw8cB5sPzNB5ktpump,5R74NjV3Wzdk6KU8cnbUWRbcnWHhdZM33uHroVn8op6UZRbmEivqdUghtQQo6in5jrEyVEw28uhcJVryZUpenQdi,423634137,1780333668,"{""InstructionError"": [2, {""Custom"": 6040}]}",0,
B1C2xfcUajAAU8n3zfuXqXvvALRw8cB5sPzNB5ktpump,ujVd4NSYtpVBSqRU3ZPFytTNrgri17GntHWVC7XWPngyH9HP1fo2vwRDToSnhuMtpdo2MCUNbezr6KfHE4p9HR8,423634137,1780333668,"{""InstructionError"": [2, {""Custom"": 6040}]}",0,
B1C2xfcUajAAU8n3zfuXqXvvALRw8cB5sPzNB5ktpump,5CJjLWAsoqWqcBtMPZULCN61XXXomR811Ddcs2QLT3YkeJMTMMc795KCL8jUEayt3yGTwR9FvugfMfcM2n7s2Bfx,423634137,1780333668,"{""InstructionError"": [2, {""Custom"": 6040}]}",0,
B1C2xfcUajAAU8n3zfuXqXvvALRw8cB5sPzNB5ktpump,92rsKrzocGE76c5YhdSYtaERQQTAHdpLaqatXZkZyMJfAbd87wsHR5Tx254WFVQjy9dVu4kmpfxbCd9pe8V1Pqs,423634137,1780333668,"{""InstructionError"": [2, {""Custom"": 6040}]}",0,
B1C2xfcUajAAU8n3zfuXqXvvALRw8cB5sPzNB5ktpump,5ad938mWvBVLT5UP6BTn8Yr2nx1SRQChNUJjudqFoEFi6A2jadq5RWrMwV7TzL1yvLtLFvugZF4GYcxKRJed8eEh,423634137,1780333668,"{""InstructionError"": [2, {""Custom"": 6040}]}",0,
B1C2xfcUajAAU8n3zfuXqXvvALRw8cB5sPzNB5ktpump,3eaWydoT5LwnpEZ7FScyVHCvNGsTRbLyQAMdMWfExwmxRdXCnZa5Air4HN8CGuuBAi5hmMMQHgDRi3zYvnxa5QE3,423634137,1780333668,"{""InstructionError"": [2, {""Custom"": 6040}]}",0,
B1C2xfcUajAAU8n3zfuXqXvvALRw8cB5sPzNB5ktpump,5vz6HWf1gkaewnkks3D6Qfbo9uf4vX8jLtGSYDmCtS1cpSsY7eMnKikS71gyqQvukAHdSQwi3gzocdVQB2Uu2PG5,423634137,1780333668,"{""InstructionError"": [2, {""Custom"": 6040}]}",0,
B1C2xfcUajAAU8n3zfuXqXvvALRw8cB5sPzNB5ktpump,5SZJqNN8rsuWwbDQKAAyuoLBsxSHVAkfe36ADQWSAvBrmT8CCCMeDhu8u2cTAnFoz2mQsN5oKeNHei6K2XaN5xbC,423634137,1780333668,"{""InstructionError"": [2, {""Custom"": 6040}]}",0,
B1C2xfcUajAAU8n3zfuXqXvvALRw8cB5sPzNB5ktpump,55hMcAW3TDx8fFnvgPLPsJ7gNY78t4da5RNmXHmYTwMo1BKd8f6hQRijYcrSirDGG3xo7chsivyohjGXUmiRUqLh,423634137,1780333668,"{""InstructionError"": [2, {""Custom"": 6040}]}",0,
B1C2xfcUajAAU8n3zfuXqXvvALRw8cB5sPzNB5ktpump,5VZc5ECC1C4QacVYCmTxxejKadxTi1PxffwGEFbdwZik1gtc6c4ZL1tTGMNEzrMEgjbsFv8otcrc2avTQMoh1ZDF,423634137,1780333668,"{""InstructionError"": [2, {""Custom"": 6040}]}",0,
B1C2xfcUajAAU8n3zfuXqXvvALRw8cB5sPzNB5ktpump,53cufU4Z16CpYhW5rng2gBAP3xHBWk8JFAGFB4rmXsKzAGczA7DMxfNBAtprUXDs46k16S4GKyRPCMpQFp8Dwp1Q,423634137,1780333668,"{""InstructionError"": [2, {""Custom"": 6040}]}",0,
B1C2xfcUajAAU8n3zfuXqXvvALRw8cB5sPzNB5ktpump,5CdC9Mp3UUk13up5umLuwSdufKfvwmZ2VD8YUmhKEb1LNZDAQoFbPepoaREjB3SAbSRPsnDmj1Nru7U3GPvJvL4x,423634137,1780333668,"{""InstructionError"": [2, {""Custom"": 6040}]}",0,
B1C2xfcUajAAU8n3zfuXqXvvALRw8cB5sPzNB5ktpump,5mvcAHB9bWtQJBLdJQHEERWTtDLrV6vZZ2Fy1qosnp47V6LWcPdzxuGDAFzuWhEXro7CYDk8c5ndbEDGB4uEPLpp,423634137,1780333668,"{""InstructionError"": [2, {""Custom"": 6040}]}",0,
B1C2xfcUajAAU8n3zfuXqXvvALRw8cB5sPzNB5ktpump,589nsNp7drPcWAdkR7WmjbkCUYW51yLUAhk7AQRgG9VZfbvfj1Ks5uZEmPwWh3cLwipzeaDt54onCAa3XddScMjr,423634137,1780333668,"{""InstructionError"": [2, {""Custom"": 6040}]}",0,
B1C2xfcUajAAU8n3zfuXqXvvALRw8cB5sPzNB5ktpump,8akQMjt9d2yizsW8aDNAXNDrbXkESMtCfSfAETCbaq2UUeXFUGz9B7JeWZS9ok7aKXxKScq1H92C7QETT292FwE,423634137,1780333668,"{""InstructionError"": [2, {""Custom"": 6040}]}",0,
B1C2xfcUajAAU8n3zfuXqXvvALRw8cB5sPzNB5ktpump,47sK5MV583WiRy7W7fTKqrfYLpLuMfQZEEamNEsbr3oSQKASaetXC8EXCDof7fEf3mwjxFdg8zuCimuHhUmDBCub,423634137,1780333668,"{""InstructionError"": [3, {""Custom"": 6040}]}",0,
B1C2xfcUajAAU8n3zfuXqXvvALRw8cB5sPzNB5ktpump,62FB6BsoKbG2LCS1rdcD6n7TTn3WrzD91dsEQGSNuSQtQH4ZGS87RF55EVhZtjyyHwx6RwWBG6kd2LzuXTeBNpg9,423634137,1780333668,"{""InstructionError"": [2, {""Custom"": 6040}]}",0,
B1C2xfcUajAAU8n3zfuXqXvvALRw8cB5sPzNB5ktpump,26mw86mTcRsLLc5xqpCUwpVUaRQGi4ZzsFNWzCQfjUkzB6ae86YhZmY5mNwTzJVPekuXUMzExKRYsnUWXk7o56s3,423634137,1780333668,"{""InstructionError"": [2, {""Custom"": 6040}]}",0,
B1C2xfcUajAAU8n3zfuXqXvvALRw8cB5sPzNB5ktpump,5MKajonyC5icT9B2TytmqJmABtCNkzDZLu7p9gyB42UJYAkf7FzQhi5GVkRwXcuyk3MAXaTQ6mANbH3VSz6bHAKh,423634137,1780333668,"{""InstructionError"": [2, {""Custom"": 6040}]}",0,
B1C2xfcUajAAU8n3zfuXqXvvALRw8cB5sPzNB5ktpump,3mdbAUrhRLZxEPpJn7Uc1z7ohN91V7UDEnoCoy8xvr2iL8kqFyv1JoCSzCQY7myG5jnwNE9FGFhF1wwp5scLihR3,423634137,1780333668,"{""InstructionError"": [2, {""Custom"": 6040}]}",0,
B1C2xfcUajAAU8n3zfuXqXvvALRw8cB5sPzNB5ktpump,3h2bb3GHX4m2X8VEDt9DndoyE4vsGtjh5jdTvXhTftG2ykv6FfnubezDavgaUGAVnXyxVJrkM82Do7fmnotxeFXq,423634137,1780333668,"{""InstructionError"": [2, {""Custom"": 6040}]}",0,
B1C2xfcUajAAU8n3zfuXqXvvALRw8cB5sPzNB5ktpump,3f9fvpRsp1yAT7jUJA63R9vkSMPrgLXdqgAFDvacN1X1JWWtMtVfNs91cGnjHZAkArqCnWgm2cq5JC5uTURGxWp2,423634137,1780333668,"{""InstructionError"": [2, {""Custom"": 6040}]}",0,
B1C2xfcUajAAU8n3zfuXqXvvALRw8cB5sPzNB5ktpump,2VwxiipdN9zd4ca7tqJbJk5wjrZHKTuCgVba361k7a1BTCFiCcbzSbHC3Zfq9pDecFALW651aahBeFeQBpeujZJ4,423634137,1780333668,"{""InstructionError"": [2, {""Custom"": 6040}]}",0,
B1C2xfcUajAAU8n3zfuXqXvvALRw8cB5sPzNB5ktpump,3Ezqbu2eKxKRxYLoMPynBAxLZTLFD98CBTinQdBv6R5ccM6Lvx93fg4N9VbJBNqTwPjR9ie9gXkYw7YPbwYJKFnV,423634137,1780333668,"{""InstructionError"": [2, {""Custom"": 6040}]}",0,
B1C2xfcUajAAU8n3zfuXqXvvALRw8cB5sPzNB5ktpump,2qq3kSwSHnzJ1u4DxiPfgSJ4VawD8u584umLdoEpdAV4nCcci6BZnwgDXwgDXbHB1RxwpH37tRNsb7YTwFQddMLc,423634137,1780333668,"{""InstructionError"": [2, {""Custom"": 6040}]}",0,
B1C2xfcUajAAU8n3zfuXqXvvALRw8cB5sPzNB5ktpump,6TXdjoVoiSP33aTqHsRu2rA1fjGAUrCF9poHoTvBL2mt3EVRC6bYodpMGMAkceyGwYdkxxgmLoo1UruKEUSUjQ6,423634137,1780333668,"{""InstructionError"": [2, {""Custom"": 6040}]}",0,
B1C2xfcUajAAU8n3zfuXqXvvALRw8cB5sPzNB5ktpump,nxQGBRWMLpRKo2cnZaPuZrYdcouGLeeDABmptzwpJ513y3oxXoM9mzFubQkRxaxQabSf6iZwcgJFVKcbCPwiavW,423634137,1780333668,"{""InstructionError"": [2, {""Custom"": 6040}]}",0,
B1C2xfcUajAAU8n3zfuXqXvvALRw8cB5sPzNB5ktpump,XC28exCXs7wBh3fAcwtB5nTergYw6iihmLSYdGqw68BHHuXHSEC4yUnyPC94CxHTDecsURNUZ7kWxLu4ALp4ycv,423634137,1780333668,"{""InstructionError"": [2, {""Custom"": 6040}]}",0,
B1C2xfcUajAAU8n3zfuXqXvvALRw8cB5sPzNB5ktpump,5ofqJJXmNnSFip1ApnkNE9Gai8oU16CEbNPY8bUuSY1S1uZEtavMkL3tKwg2MVSNpJwDqQimzqDPnjB4EhjGMDsw,423634137,1780333668,"{""InstructionError"": [3, {""Custom"": 6040}]}",0,
B1C2xfcUajAAU8n3zfuXqXvvALRw8cB5sPzNB5ktpump,LQCjgCqCBnSk6fXs8RQPTWG1xELz936N7sHkxqUhtsKezbAdH3mGPULCL5R3xghJVWkJcDe5EgyBacd5eZ6FJT7,423634138,1780333668,"{""InstructionError"": [3, {""Custom"": 6040}]}",0,
B1C2xfcUajAAU8n3zfuXqXvvALRw8cB5sPzNB5ktpump,2EDRh9EzVgMcTpb6UW3SAEEThVCc5ezq95BfK3hXrhYUDfgmiLQekYj5A9Y5zL7JNP2p8nCSzPHrVNbxoDzQLXpd,423634138,1780333668,"{""InstructionError"": [2, {""Custom"": 6040}]}",0,
B1C2xfcUajAAU8n3zfuXqXvvALRw8cB5sPzNB5ktpump,4Ryy5LXTccqy7vuibxWjGpNSr7HgBNNNAAuMhJmhrmaF7NuD6dF438ECkB7Ebjc7TxEPMXY6PMXyiu5paUtZdEVQ,423634138,1780333668,"{""InstructionError"": [3, {""Custom"": 6040}]}",0,
B1C2xfcUajAAU8n3zfuXqXvvALRw8cB5sPzNB5ktpump,4EPcuq7R3Q6esrUcTWX4F9VwidBnqMe1hcQdbhNg1QWTaA1Q7Sfp7y3WAiqnVFeDukWcn7C5qdaMnrP8dzrwAWB8,423634138,1780333668,"{""InstructionError"": [3, {""Custom"": 6040}]}",0,
B1C2xfcUajAAU8n3zfuXqXvvALRw8cB5sPzNB5ktpump,34Cbk4T6CdGu26hWbBTS2H4SHiyHvncbukkUZjnHpe9MCPyf6nKD5a5RnQxHBt5SLto9SuvMLz7JDk7qdRLucQAg,423634138,1780333668,"{""InstructionError"": [4, {""Custom"": 1}]}",0,
B1C2xfcUajAAU8n3zfuXqXvvALRw8cB5sPzNB5ktpump,2ZmtjB2PNNYqDmsbzhHmpFsoZ1gjyewgtLqkq2xHAfSA7WFdSVeqJ7Zt2hKXyxie32g5tWVGedtgJaAqWi4Lhade,423634138,1780333668,"{""InstructionError"": [2, {""Custom"": 6040}]}",0,
B1C2xfcUajAAU8n3zfuXqXvvALRw8cB5sPzNB5ktpump,4aMPSBKBtfBXa2GjVVkMeseV3Hq6G6mYmo8HYvfAdnQcU2AWjh3gFZXzMUV4BezFcy6FjC2WuG8c3hovasJaJ7D,423634138,1780333668,"{""InstructionError"": [3, {""Custom"": 6040}]}",0,
B1C2xfcUajAAU8n3zfuXqXvvALRw8cB5sPzNB5ktpump,3jTVVyR3jhatYJgiEUKTbE1882bUsbFd34WUMBwTskoti9VwBP9Qar121udcB7VfZdQX6EWviFDMDwHEmjAmSSyF,423634138,1780333668,"{""InstructionError"": [2, {""Custom"": 6040}]}",0,
B1C2xfcUajAAU8n3zfuXqXvvALRw8cB5sPzNB5ktpump,5SjPqbSRJUofy4YyJVgNoyaCDX4Do8Q3BU8QpF6DDXyXwTeBRYGyz9ATjMR1pNKfq1vWF4AS4Q1wabS6WNRWHxhr,423634138,1780333668,"{""InstructionError"": [3, {""Custom"": 6040}]}",0,
B1C2xfcUajAAU8n3zfuXqXvvALRw8cB5sPzNB5ktpump,3YcB7hsM59HH6eHN1wpied1CRecTvwktrtRjRQufXY2pQKBz3ytk286uX2GkNbGWCrJkkBeobvf4w1vyJGzgkTne,423634138,1780333668,"{""InstructionError"": [3, {""Custom"": 6040}]}",0,
B1C2xfcUajAAU8n3zfuXqXvvALRw8cB5sPzNB5ktpump,5Jw2vdGe7QQy6LHCt56mJsmqUUB33terhTyjrNvMCb2bUvVUggnEiCpp2AYCdgK4Hr14xhKaLntCF8gPDVyZRVnd,423634138,1780333668,"{""InstructionError"": [2, {""Custom"": 6040}]}",0,
B1C2xfcUajAAU8n3zfuXqXvvALRw8cB5sPzNB5ktpump,3hU7yxcjTrGXLKTwRcVKzcpYtBsVUmN6gxfESDnLMJz8zvgZLDzG8j7DYpTEYyW7n63KSET1mfp1MgPeyZ6abudP,423634138,1780333668,"{""InstructionError"": [3, {""Custom"": 6040}]}",0,
B1C2xfcUajAAU8n3zfuXqXvvALRw8cB5sPzNB5ktpump,3BrzMnWf7a8Zc8ic3idxBwpWUqEC7fcLmE9engucRJNeP9pEes1ErHQiqtESePSweLME3JWGrEGMDMFpSaQ7zRdQ,423634138,1780333668,"{""InstructionError"": [3, {""Custom"": 6040}]}",0,
B1C2xfcUajAAU8n3zfuXqXvvALRw8cB5sPzNB5ktpump,2yem3qNQtYA12NqYqmD8rkpJ2ViAsw4rEP5oe2JPKFyKNr7Eqo7A6RBBVTYq4L73tgE4X6aEYQ2g6UaUUHDDRRPi,423634138,1780333668,"{""InstructionError"": [2, {""Custom"": 6040}]}",0,
B1C2xfcUajAAU8n3zfuXqXvvALRw8cB5sPzNB5ktpump,639tyxMWJfBntfBxRTyLo6c6zXkChXcUcUwZ2LPrjDJwU3oB53rpm8JbUxWNvCArXJzmXB6VQNQfv2Yes655MjXm,423634138,1780333668,"{""InstructionError"": [3, {""Custom"": 6040}]}",0,
B1C2xfcUajAAU8n3zfuXqXvvALRw8cB5sPzNB5ktpump,2aXxuwcoPrbHjBDPP6wCwdTofB4QApfXzgA2o6PPn3znNBoJBHzfesxmepb4pxp3JJhDjUWkz26NLkmiTZrN4LJK,423634138,1780333668,"{""InstructionError"": [3, {""Custom"": 6002}]}",0,
B1C2xfcUajAAU8n3zfuXqXvvALRw8cB5sPzNB5ktpump,gyQuny1uxhhPEB6SL8jQKzufaTCjFZu2Dp9AFym9Q9YwoRDeQNt9Gwq3NE19tSMLGdUu9BV3ASpcMa8pq8zemCY,423634138,1780333668,"{""InstructionError"": [3, {""Custom"": 6040}]}",0,
B1C2xfcUajAAU8n3zfuXqXvvALRw8cB5sPzNB5ktpump,25PsUGyHTBeMKaR1QpdfThJxpj3bUQdcTDQiq2yw6yr7LJVbErAHgreCSUEXPqvTN1TzgpADs41iSro2iNDnaHjL,423634138,1780333668,"{""InstructionError"": [2, {""Custom"": 7012}]}",0,
B1C2xfcUajAAU8n3zfuXqXvvALRw8cB5sPzNB5ktpump,3avMytDRp5DnkyTntwuMwyGnxcPwe9P7K4BbcJdJTbCrH7TcWETpbX3fgkWr9EFVzrivCG5dpLumtrNSfN42cHPV,423634138,1780333668,"{""InstructionError"": [2, {""Custom"": 6040}]}",0,
B1C2xfcUajAAU8n3zfuXqXvvALRw8cB5sPzNB5ktpump,6bajRuZRp6Q5diJprU7tsa4n1DnFHYivVDdscn8qaCH4ebctZjA7zz2MLk9DXYji1ZZiHv99YyaDTvDZD9UjcgE,423634138,1780333668,"{""InstructionError"": [3, {""Custom"": 6040}]}",0,
B1C2xfcUajAAU8n3zfuXqXvvALRw8cB5sPzNB5ktpump,4pekGcqGqndUFsWjUwx3mgo3u9JyTnTsF76B3VDzueoYZ6HWk2z3UAQcLxm8U7wiMPfTKrX1sF7NWnwXSZFysYzn,423634138,1780333668,"{""InstructionError"": [3, {""Custom"": 6002}]}",0,
B1C2xfcUajAAU8n3zfuXqXvvALRw8cB5sPzNB5ktpump,HBGAQuiJabU2enkdkzvwRmVv35g67h4hogRLKs6ZGrpkjg6GEp2wcTK2eG8D1aSDPYzaKheJYygnARUCRUaBqwF,423634138,1780333668,"{""InstructionError"": [3, {""Custom"": 6040}]}",0,
B1C2xfcUajAAU8n3zfuXqXvvALRw8cB5sPzNB5ktpump,FPNwHGuLNu3VfNKRSL7Rw9FawgTuiPLatYAwZZqCE6qqHGMrb7eJcHJJsMhf9zznEzQ9He7HGna83ftVu1kJTEJ,423634138,1780333668,"{""InstructionError"": [2, {""Custom"": 6004}]}",0,
B1C2xfcUajAAU8n3zfuXqXvvALRw8cB5sPzNB5ktpump,4PJTxUtNUe6sKTX11FW2L7KEGpEj8H83P9yoRq3uZrhwwt5FoTwomxuEsg8v6De8tPhUNTPh6Tt5Sc5jKxi8NjTi,423634138,1780333668,"{""InstructionError"": [2, {""Custom"": 6004}]}",0,
B1C2xfcUajAAU8n3zfuXqXvvALRw8cB5sPzNB5ktpump,275JkzGFK55yme23r5XZGFjUXXQftur2G6VZ9s6yQSE3ikNpHd918sXtUaT5C3Z5EtofWh6CvD31t2nsTox1z4yZ,423634139,1780333668,"{""InstructionError"": [2, ""ComputationalBudgetExceeded""]}",1,SellEvent:0
B1C2xfcUajAAU8n3zfuXqXvvALRw8cB5sPzNB5ktpump,2dFCarw9aiobBfaUQzkie8htE8CnZsAgprYa6xFHzsmUyR77kqHGMup8oJuk3RrP7PipxWNSeEfW4tSELBkauo3C,423634139,1780333668,"{""InstructionError"": [3, {""Custom"": 6040}]}",0,
B1C2xfcUajAAU8n3zfuXqXvvALRw8cB5sPzNB5ktpump,66ictoju4kFMPwshdLb5zpV6kti583Z4mVr37q2wgYf4Ko4s3HpjNHJdbAQfDYA8S2rW7V2xKmsnVxdPNvtXUCD7,423634139,1780333668,"{""InstructionError"": [3, {""Custom"": 6002}]}",0,
B1C2xfcUajAAU8n3zfuXqXvvALRw8cB5sPzNB5ktpump,331DaWyCy8L9ZXT4SQXsY2AEj7y9Zer6fvVYsf7MDy5RyH6RYGirHoMEyYCm3f2t9X38oekj9kcob23MUr6VUBDH,423634139,1780333668,"{""InstructionError"": [3, {""Custom"": 6002}]}",0,
B1C2xfcUajAAU8n3zfuXqXvvALRw8cB5sPzNB5ktpump,GmvPhjb9ixE9n2HFmRCq5NAiYboFvKdS31vyKJJ3QYDCXfeswgBAW8w3sTug4boPz3PYq1YJhAZh8EY9sG41D6h,423634139,1780333668,"{""InstructionError"": [2, {""Custom"": 6004}]}",0,
B1C2xfcUajAAU8n3zfuXqXvvALRw8cB5sPzNB5ktpump,246rxBTrHjcugcKRePtG6ZfRQWafqHjveQaYjVdQ8yLHkjNYzCcpSsQv5K2iq6N1SWZtzXMtpSrqfHyTyPkzG93i,423634139,1780333668,"{""InstructionError"": [3, {""Custom"": 6004}]}",0,
B1C2xfcUajAAU8n3zfuXqXvvALRw8cB5sPzNB5ktpump,L4AzQR1AZJgcLhSYSxzBcwx6t8A2AWP8EBdwejc2cPvBCX797jJeF4KVfmvW5vhc5ne2xVkMBiDu6FxzVZBNLJX,423634139,1780333668,"{""InstructionError"": [2, {""Custom"": 7002}]}",0,
B1C2xfcUajAAU8n3zfuXqXvvALRw8cB5sPzNB5ktpump,4Y1ugc9DC4nYXW5xvUu4FXGtvNTXCWPKRrtKLUaKXgWThUiWFkEsZSsCbwn9LZ6ayrbUt9XvkefZ8xwR7mCV6LgS,423634139,1780333668,"{""InstructionError"": [3, {""Custom"": 2}]}",0,
B1C2xfcUajAAU8n3zfuXqXvvALRw8cB5sPzNB5ktpump,3UuRVGbPc73qhxWEm4AnWvNhZrTXq7jbt8U9MVeh1Mm84JRDNqxRec8odtn5cXM6bxro2qnUw6E2zTrAgFSnLrCw,423634139,1780333668,"{""InstructionError"": [2, {""Custom"": 6004}]}",0,
B1C2xfcUajAAU8n3zfuXqXvvALRw8cB5sPzNB5ktpump,4N4nF85oAwx2dNHnREvdK8Cg5c8TtHMqCJtunFUwHmnh6s5fLVKRbG2qpEjpsmL2HmW8UqM6rd26pBePHD1hJZFy,423634139,1780333668,"{""InstructionError"": [3, {""Custom"": 2}]}",0,
B1C2xfcUajAAU8n3zfuXqXvvALRw8cB5sPzNB5ktpump,2gDALKHQmMew8wCwsqvtFMTrXiEFTNWu9GSh6EfnjY6b5rDaWSUanFSE4jpRcSxZFh7tUodaPUWpakLTSRygx8RG,423634139,1780333668,"{""InstructionError"": [2, {""Custom"": 6004}]}",0,
B1C2xfcUajAAU8n3zfuXqXvvALRw8cB5sPzNB5ktpump,55DWgPAqtdgojKML3zbNj3CCDKg7ZZBFjmZMNLuCcXd25Vtq31oB37w5whGg4GbY573cqvnvVzxKErgcEC35Lt5w,423634139,1780333668,"{""InstructionError"": [4, {""Custom"": 6040}]}",0,
B1C2xfcUajAAU8n3zfuXqXvvALRw8cB5sPzNB5ktpump,y2D6aUHhZNYoHgzb8HwxXaJBoUZ7FL1NyKYsFGeeZg7zJqR89MRruEeva2xS1e1LKpHGuwF5TLtotARrKCw55xT,423634139,1780333668,"{""InstructionError"": [2, {""Custom"": 6004}]}",0,
B1C2xfcUajAAU8n3zfuXqXvvALRw8cB5sPzNB5ktpump,5hVcpwCuuH3gsp45niSPL2vo1hNRW5ogxcvX3bifQyh1c1pyjHiK1cgitGvhxQxPtkGaZiboZNPTdYGktuSgkSKc,423634139,1780333668,"{""InstructionError"": [4, {""Custom"": 6040}]}",0,
B1C2xfcUajAAU8n3zfuXqXvvALRw8cB5sPzNB5ktpump,3jqkDx9d6ad8MFpHSQRwWGiegCKCU5fig2RMw9YiLobKTobUwJjfhoyNv4YQeTq29HvDfR4Y7aYwXWJ2eKxFZu39,423634139,1780333668,"{""InstructionError"": [2, {""Custom"": 6004}]}",0,
B1C2xfcUajAAU8n3zfuXqXvvALRw8cB5sPzNB5ktpump,5hk9TPQtPK4daZuPHzrv9kKHPQMPHEbtAhzfPMeBeNdgTGzukW2dAcNYH1bLgAUkT8sceE8jY7dShHTHTyLxnGaR,423634139,1780333668,"{""InstructionError"": [2, {""Custom"": 6000}]}",0,
B1C2xfcUajAAU8n3zfuXqXvvALRw8cB5sPzNB5ktpump,4EP1FdoWQQYBYK8nm4SZqUuGLeBMYZzPzXp44DrQBv5tTThaAQgwm5Rp23U3mASdNVGJtLQFjdMK8s4ZAGnnBZbG,423634140,1780333669,"{""InstructionError"": [2, {""Custom"": 6000}]}",0,
B1C2xfcUajAAU8n3zfuXqXvvALRw8cB5sPzNB5ktpump,5k4fugcVtxqHJ6hZQXxTeVh5w6HV1x67iFy8uiqKwxGXLcvZbA9gkY1uxA9AgudFjfiAwwixVxZyFSWgXnazVn9E,423634140,1780333669,"{""InstructionError"": [4, {""Custom"": 6040}]}",0,
B1C2xfcUajAAU8n3zfuXqXvvALRw8cB5sPzNB5ktpump,3x1xF98DGUJ18GvTLDpu2LkkaKeMFZooUuvct1sPy1t6ozHvo9xv9vknEmpiQwpShC7fGe5SgLAv3DVnoRCfbnEx,423634140,1780333669,"{""InstructionError"": [4, {""Custom"": 6040}]}",0,
B1C2xfcUajAAU8n3zfuXqXvvALRw8cB5sPzNB5ktpump,5jYeUnuugzBKdnv31vYfp3Gpixkt1NPAKm1iUm2mr5ZZvbSGuADfnrix1s6PMuEjs2TnTS43FfZCCX6BnfrYFbRM,423634140,1780333669,"{""InstructionError"": [2, {""Custom"": 6000}]}",0,
B1C2xfcUajAAU8n3zfuXqXvvALRw8cB5sPzNB5ktpump,3eNQSTGK1cRFhd93xSC1dU9CNm2hUG9k9qeLxHbwxFKRpMrLy2yVzqjWsBz2WDeBDbTSEQL7jHfu3c9m96XgMkVG,423634140,1780333669,"{""InstructionError"": [3, {""Custom"": 6040}]}",0,
B1C2xfcUajAAU8n3zfuXqXvvALRw8cB5sPzNB5ktpump,3QYBGkt51yevB29Lg61LvkfCYe2aNAwwUgddKfb1Z4DxuGsyBX3T4eL6B8RaBpvDyjuxcELwHLbf1E6H9cGePZam,423634140,1780333669,"{""InstructionError"": [4, {""Custom"": 6040}]}",0,
B1C2xfcUajAAU8n3zfuXqXvvALRw8cB5sPzNB5ktpump,UAhwgop8ZGE5ECQYp32z8PjYADP2KvWdRFkT7eNtUJdKLX7Wmk5CBRdUc77EZohZtjEqdUndRkPW6NcKnhS2S7w,423634140,1780333669,"{""InstructionError"": [4, {""Custom"": 6040}]}",0,
B1C2xfcUajAAU8n3zfuXqXvvALRw8cB5sPzNB5ktpump,4Nfqkwv5WiK6adZbDysP5wP3JdyYNEXmRutaS5iZYqQY53ZF7m5pk2m2jLe6K2pcFAC5QMJb3Fbmnz8d7bUYBLoA,423634140,1780333669,"{""InstructionError"": [2, {""Custom"": 6000}]}",0,
B1C2xfcUajAAU8n3zfuXqXvvALRw8cB5sPzNB5ktpump,572G2euesXKzyGxc6moAuevGuHJfcsa8v7VKMKbJXj2q733ZoPD6FGAf8R8HmK5gF3kdmWFwZXZwtcE8yuofTNXV,423634140,1780333669,"{""InstructionError"": [4, {""Custom"": 6040}]}",0,
B1C2xfcUajAAU8n3zfuXqXvvALRw8cB5sPzNB5ktpump,52gyf6hkt27EfYHjcA8SnQzCLWsApiMnshAih7xzKtGq4hwLS51MhFQCGBVN6HeSD3EMjkiJfKVQ6Ls8K2vcJj4t,423634141,1780333669,"{""InstructionError"": [2, {""Custom"": 6000}]}",0,
B1C2xfcUajAAU8n3zfuXqXvvALRw8cB5sPzNB5ktpump,53HUTGmVpPJg8zZgBRAu1Yb2KtkmsigFtbCbHHq7oHVCw4sw4fPqsVKzkJux2J93bTpWJYQkKW4Fwk5DMvnJf7kD,423634141,1780333669,"{""InstructionError"": [2, {""Custom"": 6000}]}",0,
B1C2xfcUajAAU8n3zfuXqXvvALRw8cB5sPzNB5ktpump,3iAcT8QqQYXBQNjuC1fanXFwRG4nVhquqQzMRAMgmemtcKPwFdsi6ibczmqrQFAtBfQiUkidgKxvrYBhk8WeWFfz,423634141,1780333669,"{""InstructionError"": [2, {""Custom"": 6000}]}",0,
B1C2xfcUajAAU8n3zfuXqXvvALRw8cB5sPzNB5ktpump,3KKnwCJWfAoaKdzXb91wGXEDAQQB4DUJcT8C8zNLUqEuLsdmjbmqfbYgzS95MxyRawEuNpFHroKbdsYYyKPWzKGg,423634141,1780333669,"{""InstructionError"": [4, {""Custom"": 6040}]}",0,
B1C2xfcUajAAU8n3zfuXqXvvALRw8cB5sPzNB5ktpump,4tSAkRhTQPt8g2jCDBtjfJ9MPrg4ydDPfTKSJSpYX68tb6QKQxdink8aR71s3bx5DK6qD54pC5P3HX5YQQn4uD3o,423634141,1780333669,"{""InstructionError"": [4, {""Custom"": 6040}]}",0,
B1C2xfcUajAAU8n3zfuXqXvvALRw8cB5sPzNB5ktpump,2mL2kEiLrmeXE1sPfSnYL71mwFLNRMDVxaGi33i1RADMTTPmeYhRaFmSccLbHNBpq6E5EctwLZBHShtAf2tGcS9d,423634141,1780333669,"{""InstructionError"": [4, {""Custom"": 6040}]}",0,
B1C2xfcUajAAU8n3zfuXqXvvALRw8cB5sPzNB5ktpump,5cj5m89cDHh6CghMCvYGdRiRtQBb3u2KLwbUxg7qpBDRTCNSiwFnGV74KkoctygxdS6zhBBBrAumk6LxujmaKsvc,423634142,1780333669,"{""InstructionError"": [4, {""Custom"": 6040}]}",0,
B1C2xfcUajAAU8n3zfuXqXvvALRw8cB5sPzNB5ktpump,62bibu5JyV3URjRKdXvcr9Ky8n5hDguboh5BXYhXQL2MgMUk6GWh323SQZxLibKdFgiFtngtPUuNCqpad9xQtCy9,423634142,1780333669,"{""InstructionError"": [4, {""Custom"": 6040}]}",0,
B1C2xfcUajAAU8n3zfuXqXvvALRw8cB5sPzNB5ktpump,388kfQruz4w7tGKK9YzW6KUoh45Y1dsNsTeTtNtq29PEmHqwydennVMQvHtHagFXaEdPZUmsDpRYVTw9jaXzobsn,423634142,1780333669,"{""InstructionError"": [3, {""Custom"": 6040}]}",0,
B1C2xfcUajAAU8n3zfuXqXvvALRw8cB5sPzNB5ktpump,4i67X4X4SoL4WYKwghMoqUdS7qc9nDhEdZutcVdy6zf95V69iEhMEiLfPVUPE7qPHPLU3JktFXt48g5pUkyAF5Zs,423634142,1780333669,"{""InstructionError"": [3, {""Custom"": 6040}]}",0,
B1C2xfcUajAAU8n3zfuXqXvvALRw8cB5sPzNB5ktpump,2kERqQxjYq7XyTSBDG44ALXEbKMEzYaor9ddBQTSUHV6HJmrH32FafzNt7wfrXNV51yf3A9frkpVyYagt72MRCg4,423634142,1780333669,"{""InstructionError"": [3, {""Custom"": 6040}]}",0,
B1C2xfcUajAAU8n3zfuXqXvvALRw8cB5sPzNB5ktpump,5BHk4a5owLWqiFZMJS6qKPQYGw2CUgqwDWRX3qDxZ4hXvtUEd8bgidhKWz3MnrhHaTKSdECGiMv55wfJby2YvMFp,423634142,1780333669,"{""InstructionError"": [3, {""Custom"": 6040}]}",0,
B1C2xfcUajAAU8n3zfuXqXvvALRw8cB5sPzNB5ktpump,3UWArFfkX6i9Y3jRSywjGRBbs5C9PBaYaUefPj6SsrYQrst48JmFWYpvhVZoYNAEf5t5YRgfNaR5Z7QdAYi9c1Ps,423634142,1780333669,"{""InstructionError"": [4, {""Custom"": 6040}]}",0,
B1C2xfcUajAAU8n3zfuXqXvvALRw8cB5sPzNB5ktpump,21CwZYvi9W8zKouFiHuqVRoYWhuayxwL3eh9MA2tdmhRXuiCkb4Yjr5aAwpNWV8jd6fGLxP8V2uZqVW66qatrnSP,423634142,1780333669,"{""InstructionError"": [3, {""Custom"": 6040}]}",0,
B1C2xfcUajAAU8n3zfuXqXvvALRw8cB5sPzNB5ktpump,3Pz5k2y6MYuZrmut12azzBjBHa6SUyTbLtMiqFNNqSxBmgPcHzHcRyiRyDnNisg5nUf2Nb2Nm2MT1U1pfUw6gdPS,423634143,1780333670,"{""InstructionError"": [3, {""Custom"": 6004}]}",0,
B1C2xfcUajAAU8n3zfuXqXvvALRw8cB5sPzNB5ktpump,2egc7R3Z6LosvvU35BqbixioXCKpJ18SwzZNzn3gj5ZGtGmLHxVRBQZuRWDRTY2VQLHceE7dKv6t4JhqKzaRjvjR,423634143,1780333670,"{""InstructionError"": [4, {""Custom"": 6040}]}",0,
B1C2xfcUajAAU8n3zfuXqXvvALRw8cB5sPzNB5ktpump,4XeSZMzSnqJvHy6r3YyRUSAcpME4SNMM3fi3JA5EsjWp3JmSeiaoPV45UihjLx1YKWRZjJRRs56XSBQfQSoiVCJr,423634143,1780333670,"{""InstructionError"": [4, {""Custom"": 6040}]}",0,
B1C2xfcUajAAU8n3zfuXqXvvALRw8cB5sPzNB5ktpump,2Wtkebf6KRAkGvismNeEUqc4wyCcHWiyzsdFPja26LcPVXBWbYdVQQJzJCruGtVoFJJVfSHNuBrcm3FZcFuAxTz,423634143,1780333670,"{""InstructionError"": [3, {""Custom"": 6040}]}",0,
B1C2xfcUajAAU8n3zfuXqXvvALRw8cB5sPzNB5ktpump,5Y7Z66zQFRb6ZirKFM3LNWSgTjqy7gPS9tws2bSKNYY4eT74Y2hccmjQkUXwCJhiaf99xZS47nyaKSQmkYWfqzHg,423634143,1780333670,"{""InstructionError"": [3, {""Custom"": 6040}]}",0,
B1C2xfcUajAAU8n3zfuXqXvvALRw8cB5sPzNB5ktpump,47azXbL4kzXwUcPF617Ya7zh3W6tfQgHcjqPTHj8wqRksKNzDiX2PsqV9AmNKqN1rk7UECCQPskZGB3c22ScrrqB,423634143,1780333670,"{""InstructionError"": [2, {""Custom"": 6004}]}",0,
B1C2xfcUajAAU8n3zfuXqXvvALRw8cB5sPzNB5ktpump,4w1Z34Aq47xQzeL6r1Ac5rrTJt8bJer2jzgQvkjHWAEjb4geikotLv4LreUDh7iMeaXZ56WmN8qXZy2hvLs17kVz,423634143,1780333670,"{""InstructionError"": [3, {""Custom"": 6004}]}",0,
B1C2xfcUajAAU8n3zfuXqXvvALRw8cB5sPzNB5ktpump,YdBggV4Z3FiCNJMghBcrdczj76fzozpVp8cXjZYb5chs2wJ9Q2FmDQKeGBBfSfgg6ozLrmj9wQncPcvQdFtHyKg,423634143,1780333670,"{""InstructionError"": [3, {""Custom"": 6004}]}",0,
B1C2xfcUajAAU8n3zfuXqXvvALRw8cB5sPzNB5ktpump,dB9RqCxm17LFSEsX5BxQhWDSCEdmDTb4iFNZ6RVczUXjA5yY5JLzdFwRgXdG6ARwVw4nzvWvtiqTjDUGYJM52KN,423634143,1780333670,"{""InstructionError"": [3, {""Custom"": 6040}]}",0,
B1C2xfcUajAAU8n3zfuXqXvvALRw8cB5sPzNB5ktpump,2LPjF67AEM9kpTBYZhEUqVg96FGoWcQ8TkF5ZJMyLfT9GMb6h2dqKGxoYJJQjDAagmNMjxcxp7VrKVnX1Mi9RtqP,423634143,1780333670,"{""InstructionError"": [2, {""Custom"": 6004}]}",0,
B1C2xfcUajAAU8n3zfuXqXvvALRw8cB5sPzNB5ktpump,4WhU6dAcQmcVghaSGmHZAq9tGjnSV8HBXvw5EsXWm1FoksLc9hoM2PVPZu4zs9TeTdSu8NMd8rtJR8S8sKPyxAVF,423634143,1780333670,"{""InstructionError"": [4, {""Custom"": 6040}]}",0,
B1C2xfcUajAAU8n3zfuXqXvvALRw8cB5sPzNB5ktpump,1S5RkedhAhzhMnK4zy4XDfXQn77ot3tmFLhhxi6TuZ2LWDCmfhtKuoHd3iskSUSLX2sGszMekhpynpLxcS7da3N,423634143,1780333670,"{""InstructionError"": [3, {""Custom"": 6040}]}",0,
B1C2xfcUajAAU8n3zfuXqXvvALRw8cB5sPzNB5ktpump,B9jxj2gKSSQAbXGwJPiy5SkSAK4f7yiPs6zLH5T9AfVkmnNXPzUDH3oaLKuennckwPNWGvRfuo5qAt55bbSkTBF,423634143,1780333670,"{""InstructionError"": [3, {""Custom"": 6040}]}",0,
B1C2xfcUajAAU8n3zfuXqXvvALRw8cB5sPzNB5ktpump,5U4kgwZ1dzqcUwhbm1GSYkzFBRSQa5DndE6D2C2uoNJn6mf9fjAQwtzosfjx4Aq1Cq7pJLt3tTeXSPZZ2sHQDT1P,423634143,1780333670,"{""InstructionError"": [4, {""Custom"": 6040}]}",0,
B1C2xfcUajAAU8n3zfuXqXvvALRw8cB5sPzNB5ktpump,48WkC196DZpuyjFa2Vb7MGr7Mpou1Y4SoXvq4oYT6wjdEfZavtp6fZgZJS3dJwsPrirA2YzYqFzjpE1SdrFfqS8J,423634143,1780333670,"{""InstructionError"": [3, {""Custom"": 6040}]}",0,
B1C2xfcUajAAU8n3zfuXqXvvALRw8cB5sPzNB5ktpump,5pKhEuw49fM33uuaFUxYbHhJei11LXZahNCQEWX1YZcQcXe3SHVxzBQeQsvyvfzizscb2nJmnLThx1wXnYRS6Z5F,423634144,1780333670,"{""InstructionError"": [3, {""Custom"": 6040}]}",0,
B1C2xfcUajAAU8n3zfuXqXvvALRw8cB5sPzNB5ktpump,AAynt8WkyxxjHbk3vJx1GoizT1xMYbi3wB3BW4t3xt1AC57iUHqKC6b7EcZ8dq4gak3XhS5hasgSjhedFusVJAN,423634144,1780333670,"{""InstructionError"": [4, {""Custom"": 6040}]}",0,
B1C2xfcUajAAU8n3zfuXqXvvALRw8cB5sPzNB5ktpump,5VQfnDGBmJ7USgyrwDk2hDquUDQpmWfx1wQDMPdnnUs9nXcBD3Y4jq8LVo5eadSPeo14SZtKt5A2tpFYXZC3DXgZ,423634144,1780333670,"{""InstructionError"": [3, {""Custom"": 6040}]}",0,
B1C2xfcUajAAU8n3zfuXqXvvALRw8cB5sPzNB5ktpump,KnBteRMWCD4xYr72MdaDpFdzJrsQSp8kEP5b9t6UnVUoJVzDQXC9imeksgUnqXXgtiNSNBLGDUq5ziJJDFwZL8a,423634144,1780333670,"{""InstructionError"": [4, {""Custom"": 1}]}",0,
B1C2xfcUajAAU8n3zfuXqXvvALRw8cB5sPzNB5ktpump,5YVDeAFas4E8Aot5StRvb39oFF5vLKEV7REv8mKyc3oDotBpJSwmgxqCkt4kTPxmR9859k9xFkmBmzbgqt27R3Z6,423634144,1780333670,"{""InstructionError"": [3, {""Custom"": 6040}]}",0,
B1C2xfcUajAAU8n3zfuXqXvvALRw8cB5sPzNB5ktpump,3wKxK4SwiZpPPHw9364v1ec6vb3VUSweieh2Ag1aVvNu9T3VMye78qKVWwewEr2moeEZQqnaauNXXUh9JkftmQ49,423634144,1780333670,"{""InstructionError"": [3, {""Custom"": 6040}]}",0,
B1C2xfcUajAAU8n3zfuXqXvvALRw8cB5sPzNB5ktpump,3gRKvDsXHuzvzF925zJdvrJpi62CX7xuyGqGddVKeqWdFKbJizEGXXPNThPp7mG29Ttp4s66UPHMkpGcRHPKHLJT,423634144,1780333670,"{""InstructionError"": [3, {""Custom"": 6040}]}",0,
B1C2xfcUajAAU8n3zfuXqXvvALRw8cB5sPzNB5ktpump,37ZVuLsENaw37ngPHhyx4F13HFzJMJZCDAZcYXWsQ7QXVKbLZrdNMg5fzvkkeQtjbT3TdBgc3BfVFAfgUxVaMTLU,423634144,1780333670,"{""InstructionError"": [3, {""Custom"": 6040}]}",0,
B1C2xfcUajAAU8n3zfuXqXvvALRw8cB5sPzNB5ktpump,2ENXSp3i9HbpHpmsb8SBeg3grv88btmxpknXxNK21XKyyQrhiJDAc1dPLK4iHVzKVJBRiPripjcoFV89xr6zPu4b,423634144,1780333670,"{""InstructionError"": [3, {""Custom"": 6040}]}",0,
B1C2xfcUajAAU8n3zfuXqXvvALRw8cB5sPzNB5ktpump,5N2LfhFStdUNkfEqMY9GdWwyqFNPN1G4A4v9uNBhzaJf2QVeXQyccuqswTe1H8NVmXb4KBecS6pVW5bRLzyjDbEM,423634144,1780333670,"{""InstructionError"": [3, {""Custom"": 6040}]}",0,
B1C2xfcUajAAU8n3zfuXqXvvALRw8cB5sPzNB5ktpump,4dwwLguGPskATLiWtndSjH4dWhyn9o4NXXoaWnhKRPdGg8vnstDHjCFCAKphkMqR8r9Gwty6QJCxipdFHG5P5aAR,423634144,1780333670,"{""InstructionError"": [5, {""Custom"": 6001}]}",1,BuyEvent:9878518
B1C2xfcUajAAU8n3zfuXqXvvALRw8cB5sPzNB5ktpump,3sykJYjUX8i8Jb5QrdnMbni3jaHiFod4mRK1Za7QLmFV3dToonFBSz9A3beYeQP67Q6GiPpqRSh4LseBNaJsrTvx,423634144,1780333670,"{""InstructionError"": [2, {""Custom"": 6040}]}",0,
B1C2xfcUajAAU8n3zfuXqXvvALRw8cB5sPzNB5ktpump,497cXbbAEmCdrcWXWd7kPcZxtAqvswUeimHVhQtPzJgZtccwXnie3RPPfdxMPjpGv5H7n4anzsdTnQgBbLQnfbiQ,423634144,1780333670,"{""InstructionError"": [3, {""Custom"": 6040}]}",0,
B1C2xfcUajAAU8n3zfuXqXvvALRw8cB5sPzNB5ktpump,5PFYjK2QsniqYiykXdHahsPxHU9eXcsF6pH9Mt4eC3WtdaZoEzAoCNTgGbdH1kUo2tLCoEgqXWyWX1C7sehLbknC,423634144,1780333670,"{""InstructionError"": [2, {""Custom"": 6040}]}",0,
B1C2xfcUajAAU8n3zfuXqXvvALRw8cB5sPzNB5ktpump,4KhEis8TiyDcCMEjeCtdMAL81swtVQkgVaP4cUWrtrrbQbuUtQs5iGQJkciuceieRDrTtErW2yaHAJgaFSKfwfBW,423634144,1780333670,"{""InstructionError"": [2, {""Custom"": 6040}]}",0,
B1C2xfcUajAAU8n3zfuXqXvvALRw8cB5sPzNB5ktpump,2aA7CXaY1HeU8wEy41C2NqcBHVz8dr8pCercVBtjMpWGmzZSwQwxRe93XQwUht3R2t6r85t9S1rq4nqcEqqtYAht,423634144,1780333670,"{""InstructionError"": [3, {""Custom"": 6040}]}",0,
B1C2xfcUajAAU8n3zfuXqXvvALRw8cB5sPzNB5ktpump,3UqjYGeeQJFvd3BRkmawZgeueEG3RgMmxjjTiQNXoios51yqcy8i8Ux4X3LCSrUFfdwiry7d3pgRqbHmX4e5v4KS,423634144,1780333670,"{""InstructionError"": [3, {""Custom"": 6040}]}",0,
B1C2xfcUajAAU8n3zfuXqXvvALRw8cB5sPzNB5ktpump,4DbKbf4GsxCFBfqsgixJfpfBejyRkZuNXTp88KcYmgpMrjZygLVpJMT4VqJgK4Sz1C4aZaFLnV9S6ofocr2SeyVT,423634144,1780333670,"{""InstructionError"": [2, {""Custom"": 6040}]}",0,
B1C2xfcUajAAU8n3zfuXqXvvALRw8cB5sPzNB5ktpump,2B3umuHz89g2K5bNJvKbozagY3B81kko61jenba93zLiPGVUTi4FuEgiNZoyyLjQjyfMCbXeKwjtCfQD8WdqJzK6,423634145,1780333671,"{""InstructionError"": [3, {""Custom"": 6040}]}",0,
B1C2xfcUajAAU8n3zfuXqXvvALRw8cB5sPzNB5ktpump,5Gc3E8L6pg3xk9NpXUCypqDoLpCqva9pGPpgVBMHARMhXat8bexyvzea4U7k1TnoxeoyfQg8vm3G9MUqe2Ws5evu,423634145,1780333671,"{""InstructionError"": [2, {""Custom"": 6040}]}",0,
B1C2xfcUajAAU8n3zfuXqXvvALRw8cB5sPzNB5ktpump,39ZWoZLAwR6LYamfYdbLAf7rDpBPXGMdRHapawnixkoqY2iPQscXVaVh3zDVwH2NjPxsQasc7YgJUsW299KNgapQ,423634145,1780333671,"{""InstructionError"": [2, {""Custom"": 6000}]}",0,
B1C2xfcUajAAU8n3zfuXqXvvALRw8cB5sPzNB5ktpump,jfBeAmsrKbZJq3WqFBAo8ungxaqJ1sS2uWaLkK7ntL8DeqsWz3ydvjaRgms5Wt8r9YxCJQRSUKrK8Pn3Be8z6ZV,423634145,1780333671,"{""InstructionError"": [3, {""Custom"": 6040}]}",0,
B1C2xfcUajAAU8n3zfuXqXvvALRw8cB5sPzNB5ktpump,27yrkCXwRBLRZTMKbkvR6GeU9grcjdcMQ6sirzkpHGzEcXgmAvm7ZH5FJFz6cxeNoxnySCBVSW1YiQNs2wMt8DRb,423634145,1780333671,"{""InstructionError"": [3, {""Custom"": 6040}]}",0,
B1C2xfcUajAAU8n3zfuXqXvvALRw8cB5sPzNB5ktpump,4qFp5jFMZLxaW3nZeai4amoTTa16CC2t9cazyWYqxsddJHQDVYXdK1QtFwf6m9zC5eq8oJAjeDiNVc8qFTGrQ553,423634145,1780333671,"{""InstructionError"": [2, {""Custom"": 6040}]}",0,
B1C2xfcUajAAU8n3zfuXqXvvALRw8cB5sPzNB5ktpump,5TGxJbSN6cG7k215nx7bKp9xp1tu3dBWdAWT5KNsvAsTUKFYPq36RdvrLPJ2Hf9cXTCVcC8hw2ffqX9NX4TnrwgV,423634145,1780333671,"{""InstructionError"": [4, {""Custom"": 1}]}",0,
B1C2xfcUajAAU8n3zfuXqXvvALRw8cB5sPzNB5ktpump,2JZvqXNfs8Q166S6PAHYTVbio49qw7YGiEg1JejcPxESGEgJh7hv79PkGy6S46pzwEuTjTu17VA7fwZiv13XzUat,423634145,1780333671,"{""InstructionError"": [3, {""Custom"": 6040}]}",0,
B1C2xfcUajAAU8n3zfuXqXvvALRw8cB5sPzNB5ktpump,5YXPZBCA2yQXUoHB5BFwwRwq2tvhTtDyy6edaNS8zNTdjJepGXYaGxQjjqujVHeUXsN3YjqyxXeHpH5dmZn2RcrJ,423634145,1780333671,"{""InstructionError"": [3, {""Custom"": 6040}]}",0,
B1C2xfcUajAAU8n3zfuXqXvvALRw8cB5sPzNB5ktpump,TWhtWejYsDW536SxvDuFxBuc1ZNMqpxxTUjcug2rANTZCy7sFgPohAsQV7bCk3SYBvyrpDmFKVA38u2ELiQXiUh,423634145,1780333671,"{""InstructionError"": [4, {""Custom"": 1}]}",0,
B1C2xfcUajAAU8n3zfuXqXvvALRw8cB5sPzNB5ktpump,24du3yiiZ5UpsKn1ZqXGMBVHUJY7CcFP7qUzLmQMecDhX5AbgpD4Jrsp2QxCe6ykapxNzxov9fULxJSwopd3YXW1,423634145,1780333671,"{""InstructionError"": [2, {""Custom"": 6040}]}",0,
B1C2xfcUajAAU8n3zfuXqXvvALRw8cB5sPzNB5ktpump,4RPb2b2m4x4fRbBQouBesDwDFBiE4HB9MvkeBtfP9ZD4qGX3sMbEjBhDw2VXWHyQxgdYBUEkZR2MX6cWdXYH5hSw,423634145,1780333671,"{""InstructionError"": [3, {""Custom"": 6040}]}",0,
B1C2xfcUajAAU8n3zfuXqXvvALRw8cB5sPzNB5ktpump,3oR9ZBFpTofnL189q4ZwwPbeZhpR3eGZ3jB2RF1PYUMx3Y1FSptaUVrucM2rPERj1ZfAJEwjCwk3wfNpUEMAxAV4,423634145,1780333671,"{""InstructionError"": [3, {""Custom"": 6040}]}",0,
B1C2xfcUajAAU8n3zfuXqXvvALRw8cB5sPzNB5ktpump,2Tt2pZypyEnVMX66mJ6nQv5d7Q2BTqpWqUatJprVVMvk6eaWmtbGiJZ5TeCmeejxJpNkfdqS15Nyp3b3ho4vjnVY,423634145,1780333671,"{""InstructionError"": [3, {""Custom"": 6040}]}",0,
B1C2xfcUajAAU8n3zfuXqXvvALRw8cB5sPzNB5ktpump,24cxF5TtcT4dYMvr5ZqwV9Aig15bkvooqASSPdpT96zhE91LmPmbDURyeYMNAmoZfhWDR6Efmd7CDqC96g5dCZ4i,423634145,1780333671,"{""InstructionError"": [2, {""Custom"": 6040}]}",0,
B1C2xfcUajAAU8n3zfuXqXvvALRw8cB5sPzNB5ktpump,2NMKMuLcDn81A1nvvfiRWLJngPa8F7jzePremUiTCYADu7YWhYAZydxzWGVpVX241xL5ktkAWgjDcXDj5YhdfFhH,423634145,1780333671,"{""InstructionError"": [2, {""Custom"": 6040}]}",0,
B1C2xfcUajAAU8n3zfuXqXvvALRw8cB5sPzNB5ktpump,2omV8DZg2nQEgkiTqMu9RzdBwGssxcVdeqXsbaw3u9woZ8coLSTkqp3eM6cA8btm9dh5W6xf4p1D6BqpgPxjJ7a7,423634145,1780333671,"{""InstructionError"": [2, {""Custom"": 6040}]}",0,
B1C2xfcUajAAU8n3zfuXqXvvALRw8cB5sPzNB5ktpump,4Lh5FfhYuwoe77rWDor4z6785kPpDUpjofPPqZThD49VwLrCcmJEDismiGaERPr132hKCVkssDkMCnbinfZADTJK,423634146,1780333671,"{""InstructionError"": [3, ""ComputationalBudgetExceeded""]}",1,BuyEvent:987851851
B1C2xfcUajAAU8n3zfuXqXvvALRw8cB5sPzNB5ktpump,duD8MpHziq7kGdSACRmiHawMKpvC8TQzTptxpHXuUL6Tgum9DrJXoKX2QhqWd5ubiWz5vjL1WuY47zTrgyZiYqV,423634146,1780333671,"{""InstructionError"": [3, {""Custom"": 6002}]}",0,
B1C2xfcUajAAU8n3zfuXqXvvALRw8cB5sPzNB5ktpump,3UTSxmHPDF3gx39p68uWPy8kKjSXymxwf4ZsdUdVKtmvfUfFvUhXk8NFHBw9oRDhxhe47UsxPUpbmGVNCm2bnENg,423634146,1780333671,"{""InstructionError"": [2, {""Custom"": 6040}]}",0,
B1C2xfcUajAAU8n3zfuXqXvvALRw8cB5sPzNB5ktpump,4xct9L9iH2k8w1jKv8f5GPKvZdzKZhV8RbLeABTYXsVwBh7uGkTjL5DAQzCnnHVGN7M7Pn5SYko27Bt9B21aNxCq,423634146,1780333671,"{""InstructionError"": [3, {""Custom"": 6002}]}",0,
B1C2xfcUajAAU8n3zfuXqXvvALRw8cB5sPzNB5ktpump,2UWq1ErV2ZyJg68yNPQAanTea4xRm4Ns2kGrpFfVmf1AGw6AN6uuWh1BjRVwhcUU2SuEgx8NC4xN8Egom3wg8GEv,423634146,1780333671,"{""InstructionError"": [3, {""Custom"": 6002}]}",0,
B1C2xfcUajAAU8n3zfuXqXvvALRw8cB5sPzNB5ktpump,4Jc4KeyAf5zDtL9a3j4yDjAwe9nnEiF1HGShtYG1gsXas2tpteB16KRbMfHwFxyPjjy9Yj7jjdmxn49PaK4nyrSF,423634146,1780333671,"{""InstructionError"": [3, {""Custom"": 6002}]}",0,
B1C2xfcUajAAU8n3zfuXqXvvALRw8cB5sPzNB5ktpump,2QhCthweC1W9WiuyHafFSmhvzH1oYfRaDU8rfhm3bNeXiMQU23H9CD4WqGRJcTSAyHwjEMtWJ9btZUCtvDmKhNWW,423634146,1780333671,"{""InstructionError"": [2, {""Custom"": 6004}]}",0,
B1C2xfcUajAAU8n3zfuXqXvvALRw8cB5sPzNB5ktpump,4Tw7GRH6TxbPfeK9o1pqtCqmF9mFuWutYmYddZWjpNs5rwMdKbndAmcZFQMJ1zY9wsMpVeXWaaiCUyTK9oS17CLb,423634146,1780333671,"{""InstructionError"": [2, {""Custom"": 6000}]}",0,
B1C2xfcUajAAU8n3zfuXqXvvALRw8cB5sPzNB5ktpump,4m4fQrceEeydE9eFMFFALEvPxbXbYijTGAAJibAsTxEhbN9r5MDxJR47gg1iKeCWRKB5Esvgs2ypoDQ2MnJiqwiw,423634146,1780333671,"{""InstructionError"": [2, {""Custom"": 6004}]}",0,
B1C2xfcUajAAU8n3zfuXqXvvALRw8cB5sPzNB5ktpump,23gEs9rG9w1yVsvkWUSD9R7SHKqZy9m98Cys9CDSePUs71YSehiAdBNKWUP1KLpELwzRWrvNC5oeLn97zKmqtpNx,423634146,1780333671,"{""InstructionError"": [2, {""Custom"": 6004}]}",0,
B1C2xfcUajAAU8n3zfuXqXvvALRw8cB5sPzNB5ktpump,4P4iGSQemLFdJYYmxHDnqfdhGxxVd4SSTAMdSZrd9n9v9crpsDYZPT1bt1feTcdETNBmYh3UncHxrqJXKpfCGCNp,423634146,1780333671,"{""InstructionError"": [2, {""Custom"": 6004}]}",0,
B1C2xfcUajAAU8n3zfuXqXvvALRw8cB5sPzNB5ktpump,2h7ryQdDKSYc5V4GV26T1bxkcmD2gfU3bDFPotcL41jErM6pKjpEMsMgpaUbQrfj6LMUhzJeUBuUj8XgZ4mgb62a,423634146,1780333671,"{""InstructionError"": [2, {""Custom"": 6004}]}",0,
B1C2xfcUajAAU8n3zfuXqXvvALRw8cB5sPzNB5ktpump,2sTgojNTJWNti94yXvqRJaRKHrEZp3NgiaHUb4Loo6uzZbkFU5pmKxX37wdjk7HhuZNTpSwZnDMXkXShCrCTew2u,423634147,1780333671,"{""InstructionError"": [2, {""Custom"": 6004}]}",0,
B1C2xfcUajAAU8n3zfuXqXvvALRw8cB5sPzNB5ktpump,1FwPcBjJenYnwh5VQsaRCLoj4ChosKxWhv1U2YQvu8bVnkkJgjK91Y2WjmiG9MJvLEnWnjgMBqwrarTLZQ9mtCQ,423634147,1780333671,"{""InstructionError"": [2, {""Custom"": 6004}]}",0,
B1C2xfcUajAAU8n3zfuXqXvvALRw8cB5sPzNB5ktpump,N8XVL42368AZAYxExNZktScpp3QuU4Ww4iwgV7iojUuNQ9M51fBgcSedjxWFZhUWuTxs58c1GVLxqGRJNtbMDR7,423634147,1780333671,"{""InstructionError"": [2, {""Custom"": 6004}]}",0,
B1C2xfcUajAAU8n3zfuXqXvvALRw8cB5sPzNB5ktpump,4kXoEqm8f4TYtf3jvvr9LRMAZuTGJtBPAjt29dsTBSabcntWuHSyKakHHPvPH2XN6y6hhgDJHP3Ba1D5ts29s7Kt,423634147,1780333671,"{""InstructionError"": [2, {""Custom"": 6004}]}",0,
B1C2xfcUajAAU8n3zfuXqXvvALRw8cB5sPzNB5ktpump,46NXHfUkqZyz5RZQ3sbTKmoA4ftpXHSuBcTwmqb6xMTjJLdkB68GEKGBTxwsDW2zFayNRfcfTyw3cBKMc4EXuCKF,423634147,1780333671,"{""InstructionError"": [2, {""Custom"": 6004}]}",0,
B1C2xfcUajAAU8n3zfuXqXvvALRw8cB5sPzNB5ktpump,2WmnJMnjkiZXsZW56aQ2MwukJ95RQ9TA5rRXLEsmCMMXWChLW7TXjHE6VbFPqACDvpU4zwyEGMVHexfS6AtKvmyZ,423634147,1780333671,"{""InstructionError"": [2, {""Custom"": 6004}]}",0,
B1C2xfcUajAAU8n3zfuXqXvvALRw8cB5sPzNB5ktpump,ugqzV574QywVQmfVF9VPb1H12JU3YRkfiPFK98DjQnRyJMFC6eTQg8eGpKMkaAWL25GzuR7vX38QbbRatefSWUp,423634148,1780333672,"{""InstructionError"": [4, {""Custom"": 1}]}",0,
B1C2xfcUajAAU8n3zfuXqXvvALRw8cB5sPzNB5ktpump,SAEnVaRbPMSwT7WAmKaBNB5uQ13x7LDByz2TSR6s6apeKc8U4sKL3GkeBRTrsWzgxEP5LKYngq2eRQeXtyXvbQe,423634148,1780333672,"{""InstructionError"": [2, {""Custom"": 6004}]}",0,
B1C2xfcUajAAU8n3zfuXqXvvALRw8cB5sPzNB5ktpump,35P5GQVHumyChu1DqUEQXfQtimf5tmsgJYQCfHQSYcJVAJsXNDuMU3AgkaoZFsq3srUssE3zWeA9cpZSUXMg55bs,423634148,1780333672,"{""InstructionError"": [2, {""Custom"": 6004}]}",0,
B1C2xfcUajAAU8n3zfuXqXvvALRw8cB5sPzNB5ktpump,2ocbe55X4zMmFUeC1p3gL3VmqfL9nwoj9NHTC1qpZJknFJW9JWGkrY2ExeG43fLWdp8X8ndmkit9n1GHnAag3XpH,423634148,1780333672,"{""InstructionError"": [2, {""Custom"": 6004}]}",0,
B1C2xfcUajAAU8n3zfuXqXvvALRw8cB5sPzNB5ktpump,rDxTP46wPqt9fhZShyGvmZu7zc2E52aN8FUR2G8FbFc4KNB2BaFn73gzvh1MuYsQBbkqVg8gmY8Ht7C4zMSEjFb,423634148,1780333672,"{""InstructionError"": [3, {""Custom"": 6002}]}",0,
B1C2xfcUajAAU8n3zfuXqXvvALRw8cB5sPzNB5ktpump,MfkvXrdnhuXSkqZhsAZXCvxxwd2s5J15WmMXhbhzBsXdU3W1Lm7rLNLMxKJAu6HQ7p3BbapAcC7NN7pzA8Msyz9,423634148,1780333672,"{""InstructionError"": [2, {""Custom"": 6004}]}",0,
B1C2xfcUajAAU8n3zfuXqXvvALRw8cB5sPzNB5ktpump,32mxixdTyAVAgFofqAcLiZhSm9LJhrpwvCCSxZVb3QgnqVf2jiat8u1Z7koHMUqAQhFfDVaYnSQwAZQmU7gRmoHn,423634148,1780333672,"{""InstructionError"": [2, {""Custom"": 6004}]}",0,
B1C2xfcUajAAU8n3zfuXqXvvALRw8cB5sPzNB5ktpump,2SdjUWNyTG2QLQvTDUgMg5CexYLqwhFaaCpptyfDcsREX2jgiYzEd2azq3r3rmAPs1JdPe3HRttzFvsf3qpZfAq,423634148,1780333672,"{""InstructionError"": [2, {""Custom"": 6004}]}",0,
B1C2xfcUajAAU8n3zfuXqXvvALRw8cB5sPzNB5ktpump,ZitXERQoWuhVvqdnMWEuh6WPkqzd5aYTvVHdaaXKQrMsJ5SkvQ1PfJ7nWyJHsEBDnkY165NyD5E7nBvCsek5eQr,423634148,1780333672,"{""InstructionError"": [2, {""Custom"": 6004}]}",0,
B1C2xfcUajAAU8n3zfuXqXvvALRw8cB5sPzNB5ktpump,YgV8ffBPhUrD87RN8CXH6aJQM66Bra98cUjMDqfXnoJAnJiFEnBQDLepoGYFhhXD3c9XaMoRf7ecfqLVJfUaVQE,423634148,1780333672,"{""InstructionError"": [2, {""Custom"": 6004}]}",0,
B1C2xfcUajAAU8n3zfuXqXvvALRw8cB5sPzNB5ktpump,xqLUwcdMaSCpcX9E26WJSNd6JdFBNBMKK3PqHvToXUfXos564i6nj3WZbkKA5fx2N2CFb7zkCL1ibGnag9XesEc,423634148,1780333672,"{""InstructionError"": [2, {""Custom"": 6004}]}",0,
B1C2xfcUajAAU8n3zfuXqXvvALRw8cB5sPzNB5ktpump,38HRtrcKEmDXa2LnSaE7yiAxifKLSRUNeyVhs2a9kaReWSqirMKoWUWNMmoH15uLcQgLR84KcRhrYaMz5EnpA39s,423634149,1780333672,"{""InstructionError"": [2, {""Custom"": 7002}]}",0,
B1C2xfcUajAAU8n3zfuXqXvvALRw8cB5sPzNB5ktpump,4BwTWYz6hLUynPdmiWkdxCW1ogipFQj25uGY7ammswBpVRLDhiPGq4ege4cKUXcugBzRikjmJXFb5X97FsXsxpGB,423634149,1780333672,"{""InstructionError"": [2, {""Custom"": 6000}]}",0,
B1C2xfcUajAAU8n3zfuXqXvvALRw8cB5sPzNB5ktpump,255y1pApg9v8jspaGCRKWL1XtE2Zc5aC8acXhGVCK65BybBX7PwoWwSXP3n1FcM5Jupi8P9QdHNYdYuFGHShpFYH,423634151,1780333673,"{""InstructionError"": [4, {""Custom"": 6004}]}",0,
B1C2xfcUajAAU8n3zfuXqXvvALRw8cB5sPzNB5ktpump,4m9wC5AuRTc62yNSc6d9BaGAeRL38nhh2EmbVR9zG9JaSU2Ah6DwwQZrUSe2LB8gbqTbNWWxLfeGcVahqYsYw9CD,423634151,1780333673,"{""InstructionError"": [2, {""Custom"": 6004}]}",0,
B1C2xfcUajAAU8n3zfuXqXvvALRw8cB5sPzNB5ktpump,5cAX49irS1QpBMc6Hh9AFbCHpTg5JPaM2tQyiYro8Zu1njw2C67wVVAXn7799Ky2WfMDW4o7CW27ykGLtci9UsLM,423634151,1780333673,"{""InstructionError"": [2, {""Custom"": 6004}]}",0,
B1C2xfcUajAAU8n3zfuXqXvvALRw8cB5sPzNB5ktpump,4EABsXca9wY4oHbX5vagRrBEFpuqD5m24WEvBLTyqCqYys2qBnrQ4cMMNobqecGyeo6v7pWRPGPbKH4ZYVT3BXQc,423634151,1780333673,"{""InstructionError"": [2, {""Custom"": 6004}]}",0,
B1C2xfcUajAAU8n3zfuXqXvvALRw8cB5sPzNB5ktpump,4YwddLPzoPhJsguB5UaNjKtE1UfU3QKY1q5q7RiJ6hbnimTHrMTaDc1T2hKARpECsoPr8a39VTQM8My94FJxKgMi,423634152,1780333673,"{""InstructionError"": [3, {""Custom"": 6002}]}",0,
B1C2xfcUajAAU8n3zfuXqXvvALRw8cB5sPzNB5ktpump,5m7JrdKCa1HnCgiNnMRyYABVYpx5xfdSrTkrbgRbuy85jwuMXyZ7za7XZD9rgvx8mEJvXapLb9WkVMhYLsw4UYec,423634152,1780333673,"{""InstructionError"": [2, {""Custom"": 6004}]}",0,
B1C2xfcUajAAU8n3zfuXqXvvALRw8cB5sPzNB5ktpump,3ipjDZ9zbEYEmft45wsBMt6awUCwoza4AfLHpG4vd5Kr7pByXgzHGDFcxu43RboBGUpjanm7WCVj2gaDL8iFkJAa,423634152,1780333673,"{""InstructionError"": [2, {""Custom"": 6004}]}",0,
B1C2xfcUajAAU8n3zfuXqXvvALRw8cB5sPzNB5ktpump,26qzz22L3q5MTYRPezGi29FZr78kCcZinHCvw2wPkH34ioQYQhi5HLgLCNo7MZJYjgufDDsGEedmfe6z3FchGJQs,423634152,1780333673,"{""InstructionError"": [2, {""Custom"": 6004}]}",0,
B1C2xfcUajAAU8n3zfuXqXvvALRw8cB5sPzNB5ktpump,3uqq1bRfNinMuiKGeBRfrfVespUPp9o7eppWpF7KZmuWb8LxdU1VhULsxe1kEBvko6vfyoLkUWKjmB6bAs9x56rk,423634152,1780333673,"{""InstructionError"": [2, {""Custom"": 6004}]}",0,
B1C2xfcUajAAU8n3zfuXqXvvALRw8cB5sPzNB5ktpump,3rW3PfyNurNUsuDyoojy83xjxiN6xkr6Go8u15DJc4en3PiLittGLs8yRhRwWEnn43pi5Se3Lf4VsMjRJtbUqhHH,423634152,1780333673,"{""InstructionError"": [2, {""Custom"": 6004}]}",0,
B1C2xfcUajAAU8n3zfuXqXvvALRw8cB5sPzNB5ktpump,4Z3Xh69WAzPb9WDPKf73tEEcVfksD37z66C4GrAPvmLQ8T6FZqMzhamC88AxTnkFNdwwTU5eYb8pZ75rWKRNLY7D,423634152,1780333673,"{""InstructionError"": [2, {""Custom"": 6004}]}",0,
B1C2xfcUajAAU8n3zfuXqXvvALRw8cB5sPzNB5ktpump,222Kma1rvjGiku2UTTBzF2uxs53t4tFPGhjDScVLhakf99Vkv9hY6SrfYKzGTP67jc2xgvpJ1ufXHWwmXhF8CHNb,423634152,1780333673,"{""InstructionError"": [2, {""Custom"": 6004}]}",0,
B1C2xfcUajAAU8n3zfuXqXvvALRw8cB5sPzNB5ktpump,2ZyedKdDTr4JSieGEg7m1X8yWUTY8wf2exctRowKPZAgqEKYwR2ckqLrFRTCkqvPy72uJPP85euVvU7rghSwCsMy,423634152,1780333673,"{""InstructionError"": [2, {""Custom"": 6000}]}",0,
B1C2xfcUajAAU8n3zfuXqXvvALRw8cB5sPzNB5ktpump,4eTWNPjJ2K6HYo2QC1Aawr6UxHNHG4n2MjRR7An1dCVMuY4raxu5DAHyzyv8yfmfKQMAa4W5i9DGtwyHzJZfK1mf,423634152,1780333673,"{""InstructionError"": [3, {""Custom"": 6004}]}",0,
B1C2xfcUajAAU8n3zfuXqXvvALRw8cB5sPzNB5ktpump,34kCtcDTZBGV5fZjKXtDFK2sbBx2PGAJrn6MmgwfBos4jmPJZkbxtrcsQTReNgLG6mjQsPa7YxoGm5EGu6GUgEfs,423634152,1780333673,"{""InstructionError"": [2, {""Custom"": 6004}]}",0,
B1C2xfcUajAAU8n3zfuXqXvvALRw8cB5sPzNB5ktpump,3aCbFGwMa1xCmSisRMLpGZzcbkxtknjMUYoh3G6dpvWxo9enjEjQ8gEYd9ejk88Yz4bSrCjZ54B4XYuFhaCskQ4Z,423634152,1780333673,"{""InstructionError"": [3, {""Custom"": 6004}]}",0,
B1C2xfcUajAAU8n3zfuXqXvvALRw8cB5sPzNB5ktpump,28wZFrKAAbbYy82JPhhaysTN8JCh6n5FYTHs79ezeP6G4qt3c4W8Uqbo58n2uMnVtaJ7ERxup6KpgnvjrYs7Rqxp,423634152,1780333673,"{""InstructionError"": [2, {""Custom"": 6004}]}",0,
B1C2xfcUajAAU8n3zfuXqXvvALRw8cB5sPzNB5ktpump,5cnFdWmp4cAhf1QL33FTo5nDT6uqxxpaQSKGqSD4vsLnBpjHC8BVWAxxMxCqxUE3NuGZJWmDea6nXD6xWjENvmEr,423634152,1780333673,"{""InstructionError"": [2, {""Custom"": 6004}]}",0,
B1C2xfcUajAAU8n3zfuXqXvvALRw8cB5sPzNB5ktpump,4d5WAVHamUJy3HfuguECcCrcBmrBXZJXnZPyhwWgKMaFh3K3YuMm7WT5wh1tJzcb9r3hkayDdDeE55R584bgZNrB,423634153,1780333673,"{""InstructionError"": [3, {""Custom"": 6004}]}",0,
B1C2xfcUajAAU8n3zfuXqXvvALRw8cB5sPzNB5ktpump,62fcBjvBc2AjeLbpLDm1Lt8LQ7bAqkquwpjMnXzAxfDEjo5Bfu5vecU63DJgAyYMMizZsmV5ubToKqa4TpB1siVc,423634153,1780333673,"{""InstructionError"": [3, {""Custom"": 6004}]}",0,
B1C2xfcUajAAU8n3zfuXqXvvALRw8cB5sPzNB5ktpump,5WxvRBQtodo2m1JAyiB3am4ZXpeTmbUfGaxJXVznqcrx4oj9WEwR8KefiLXtViZyhNLtKQ9iuBt7pErzSd9PKx3f,423634153,1780333673,"{""InstructionError"": [2, {""Custom"": 6004}]}",0,
B1C2xfcUajAAU8n3zfuXqXvvALRw8cB5sPzNB5ktpump,pC6A43UWYfiUzFXHcGj2XQ7EEEsFwYGBMothz1qEitea1TNPxGMxTd1UNjkEwYgm8fPpsdNZNTc1Ao3e6gD5jCV,423634153,1780333673,"{""InstructionError"": [2, {""Custom"": 6004}]}",0,
B1C2xfcUajAAU8n3zfuXqXvvALRw8cB5sPzNB5ktpump,2BHfc8GfhVHkMzRWkRDyUKd7DuXnpPusMUQvFAZ8qYrNxo9QZtKg3pyj9MrjBamHeNy5AcNVztsMdDTZrXqDfpSF,423634153,1780333673,"{""InstructionError"": [2, {""Custom"": 6004}]}",0,
B1C2xfcUajAAU8n3zfuXqXvvALRw8cB5sPzNB5ktpump,4HZ4LSjiYvkThUXiE18rf5V5K8hvBbs4PDnDTEVEr1J1FXiFJ8BZ4p4GZurrKf12WzM6pvhTsngm8V5itPNjt7o9,423634153,1780333673,"{""InstructionError"": [2, {""Custom"": 6004}]}",0,
B1C2xfcUajAAU8n3zfuXqXvvALRw8cB5sPzNB5ktpump,YkTMf3H16mj5MWFReJeppESBK68NyUjTHJkRVNMvhXq6HoED8yHZWTCAuDdHa86GXAUR7HcfzF4K9qE7nAQbRmL,423634153,1780333673,"{""InstructionError"": [6, {""Custom"": 3012}]}",0,
B1C2xfcUajAAU8n3zfuXqXvvALRw8cB5sPzNB5ktpump,4jWDyfQ3i8AmJdSqAWgZBFKFCyEQN9iVJzJgPKj3UEEb5sVXatEoMZUVWSioFZMJ2g13q3jXCf3sq4qtYNvKnMhT,423634153,1780333673,"{""InstructionError"": [2, {""Custom"": 6004}]}",0,
B1C2xfcUajAAU8n3zfuXqXvvALRw8cB5sPzNB5ktpump,3nMALbsqw4AEnywRPkHQ5CQjJbqgocoTgbT8QjhvMqodgSc149QhgG9EUboGWPHyvUmV1zZbRM8NX7jeftFuR8CJ,423634153,1780333673,"{""InstructionError"": [2, {""Custom"": 6004}]}",0,
B1C2xfcUajAAU8n3zfuXqXvvALRw8cB5sPzNB5ktpump,34yZZFhFaTS9JvAbxdraGchFVdUjV1cuA8zYY8iUkvZu252sMKFKrJcSH9RjnxNN7bHGaQksH8qwEQpXLH8WAxAn,423634153,1780333673,"{""InstructionError"": [2, {""Custom"": 6004}]}",0,
B1C2xfcUajAAU8n3zfuXqXvvALRw8cB5sPzNB5ktpump,4kCRNx85htcaN8YDFgtmRmstNGGrh2xsdViXKUw6ggVHro1SNoRjWdUTPXgGuJfzSv4NT1ypzcocyqSuywF3DvL4,423634153,1780333673,"{""InstructionError"": [2, ""IllegalOwner""]}",0,
B1C2xfcUajAAU8n3zfuXqXvvALRw8cB5sPzNB5ktpump,5LRSXy7eFQuBBBqM6k8pvvpm216Nmc1ChSPzgD1AGjdTeUtdFsU413RRDvkL1sN7jGVFVzobQ9rFQn9qPJxC7VJ4,423634153,1780333673,"{""InstructionError"": [2, {""Custom"": 6004}]}",0,
B1C2xfcUajAAU8n3zfuXqXvvALRw8cB5sPzNB5ktpump,4TGWiXi7qq8jPearBbzLTSXkLfERu1wte3VceJBoT26dKVGiVgM71Tj7DcgXi3T2CWyRuAsvnSXHG56Qf2AnD45W,423634154,1780333674,"{""InstructionError"": [2, {""Custom"": 6000}]}",0,
B1C2xfcUajAAU8n3zfuXqXvvALRw8cB5sPzNB5ktpump,3Wxfxc9trFFTzP5cv32J5QXNahjBcuzvsdjR5gPnm1wBF3Xz3gLCNL2kTpt7rUp74noZ7z6SHqvrSKqdRi7jv7dX,423634154,1780333674,"{""InstructionError"": [2, {""Custom"": 6004}]}",0,
B1C2xfcUajAAU8n3zfuXqXvvALRw8cB5sPzNB5ktpump,5DUMQ4osv7NDLsWg1kJxZ8b8MZVs2QzkDNj2rXPgw1BSUqbqi92eUTMnzRQvxTL596Fvoimjzmov8hbEyMkgxu95,423634154,1780333674,"{""InstructionError"": [2, {""Custom"": 6004}]}",0,
B1C2xfcUajAAU8n3zfuXqXvvALRw8cB5sPzNB5ktpump,2XSGCbaPrnaXvJjmRUfJdVd7LRk27pjmV1cYNaS9jXKs85EUau9wvysxPMScQqUMj4EgymkaDUSktmvEab2gajSw,423634154,1780333674,"{""InstructionError"": [2, {""Custom"": 6004}]}",0,
B1C2xfcUajAAU8n3zfuXqXvvALRw8cB5sPzNB5ktpump,5SMPg1w3qmUFQfiCW4ANJnHZCzifLdCLbQQVMjcSY8FZzqTKfDkTK4pZ3wZxoawHamzMyXyiwEVSccREpoVGEy8N,423634154,1780333674,"{""InstructionError"": [2, {""Custom"": 6004}]}",0,
B1C2xfcUajAAU8n3zfuXqXvvALRw8cB5sPzNB5ktpump,3kjT4MGQrrSf8ryFFHkjrFiNbQ1FKaDQPsfMyRGX9BRESUx9JuLhDMLhUx3f5NUisJJ7UD8e5PhNApAUzQvmSoj7,423634154,1780333674,"{""InstructionError"": [2, {""Custom"": 1}]}",0,
B1C2xfcUajAAU8n3zfuXqXvvALRw8cB5sPzNB5ktpump,2f6LSLdKmKw3V4cz4QWkzAd6uLNqRwSVUPFubBeYUmMKA7FKzTttm8GH2AY4hcHSW3NZBdBy7mPgDfnPPrkJW5fg,423634154,1780333674,"{""InstructionError"": [2, {""Custom"": 1}]}",0,
B1C2xfcUajAAU8n3zfuXqXvvALRw8cB5sPzNB5ktpump,bFQGxnqCJDe7FxUxoy5dq53SduvrEP7bwzSUcrj28gpMfBWfS9sWF82XZRJA33AWsUVer9TUkofxWMDjXWwQBPK,423634154,1780333674,"{""InstructionError"": [2, {""Custom"": 1}]}",0,
B1C2xfcUajAAU8n3zfuXqXvvALRw8cB5sPzNB5ktpump,2MVvfzyby2np3J74XbufPYscPScBtLrqiWXM2QG6cyVi8wxtuvGDqEAgghq32M3uY3YBhWonpWcp2xJ5tMP51dif,423634155,1780333674,"{""InstructionError"": [2, {""Custom"": 6000}]}",0,
B1C2xfcUajAAU8n3zfuXqXvvALRw8cB5sPzNB5ktpump,5pJ3T4n8jzLEBtQAkeyRsM2k5twKkcb3GjdZxZ5rADQ5UXHp5Ujyfm2uQkj9wCvjRKqiTqpZGFpjHGA9XZc38QfL,423634156,1780333675,"{""InstructionError"": [2, {""Custom"": 1}]}",0,
B1C2xfcUajAAU8n3zfuXqXvvALRw8cB5sPzNB5ktpump,myetLByN1iZpcddxVUgxiSjVZbXiK1EHNX64sKjTbkDx348BgTHgUtvNJ6fZwwphgtVMovERyLdfWFizp9JaxNH,423634157,1780333675,"{""InstructionError"": [2, {""Custom"": 6000}]}",0,
B1C2xfcUajAAU8n3zfuXqXvvALRw8cB5sPzNB5ktpump,3JttefvJfCMBdFqo6jXqsKfywAkAa6vsVgtXVuDNhySeFWSLMnBmncMQGVhGjE765Kdq2sKzxJU68aHELphm5GKt,423634157,1780333675,"{""InstructionError"": [2, {""Custom"": 6000}]}",0,
B1C2xfcUajAAU8n3zfuXqXvvALRw8cB5sPzNB5ktpump,3sTPWjajZmjmrh23Uc31Xe5sgtnz1X8E6rBRASXMeW2QspHHMre7guBuVN65KYNAM97WWCWXHss331d69AT2BThk,423634158,1780333676,"{""InstructionError"": [3, {""Custom"": 1}]}",0,
B1C2xfcUajAAU8n3zfuXqXvvALRw8cB5sPzNB5ktpump,2zjbmKNoxTfuYj2uQt3WzjMaSnvQfA7D46kwTkvw9oKFpreZ9KR5rgmz21xbDukFm5ZDLxjrePPMS7BetNus2CDu,423634158,1780333676,"{""InstructionError"": [2, {""Custom"": 6000}]}",0,
B1C2xfcUajAAU8n3zfuXqXvvALRw8cB5sPzNB5ktpump,3wJRzTgERBKGXS2DBL7rqkHe73L4BZZr9UT1dyVndDFssYk28v97eYjeuGAKeKXcGd45tp6Xz386QtAUJCV315xa,423634158,1780333676,"{""InstructionError"": [2, {""Custom"": 6040}]}",0,
B1C2xfcUajAAU8n3zfuXqXvvALRw8cB5sPzNB5ktpump,49fQSiYmwYzidZ8zaZwJju2b34R1jrU2jWWygt6zC58pmA37TjGAjwbmJqjV9dUUdYsuAJErWHCKh5Zwxhx1RKkT,423634158,1780333676,"{""InstructionError"": [3, {""Custom"": 6040}]}",0,
B1C2xfcUajAAU8n3zfuXqXvvALRw8cB5sPzNB5ktpump,757dNnraHDqsmG6oUsGfR3z56xpLexKtQKWLfpS8tfp8rCrvtDeBFgv4UwV8UEsoUQuDc61uUCcu12D7maFxMqy,423634158,1780333676,"{""InstructionError"": [3, {""Custom"": 6040}]}",0,
B1C2xfcUajAAU8n3zfuXqXvvALRw8cB5sPzNB5ktpump,4nzLBebN76w84dN3NNnvmctmTicCpr6T7GDZXEMWSQBczmy3HvpMK5SJPRykuN1dFfR4c6rrbLWGtn9pucpBvawV,423634159,1780333676,"{""InstructionError"": [3, {""Custom"": 100}]}",0,
B1C2xfcUajAAU8n3zfuXqXvvALRw8cB5sPzNB5ktpump,5tCT95iBzQe9FrCDbtGeeVHUdq2V1HacPAq1U9UxKfNK4uF7xVTgbaqV79Dk2n2mt2ht7Z6KcvZ967mGyVbDkC8v,423634159,1780333676,"{""InstructionError"": [2, {""Custom"": 6040}]}",0,
B1C2xfcUajAAU8n3zfuXqXvvALRw8cB5sPzNB5ktpump,3vCaBhLk52yp7P5iKQK9caE6vmuaJQv8uSAr4poipJwZNZyM6hGvzV3cM78HQz1inuVJhg3DDVsn183Aco9vPmv,423634159,1780333676,"{""InstructionError"": [2, {""Custom"": 6040}]}",0,
B1C2xfcUajAAU8n3zfuXqXvvALRw8cB5sPzNB5ktpump,1Gb9jaBh2LEsRTUisHeRSUeBeEb2LGvPQYGVvQkZu3VmmFjwzHC8ihGYooAMd3Hxpstc8kX8YG6nRKTPrfU1umK,423634159,1780333676,"{""InstructionError"": [2, {""Custom"": 6040}]}",0,
B1C2xfcUajAAU8n3zfuXqXvvALRw8cB5sPzNB5ktpump,57FvScpDH5ebEoX1bbhvknet4CT4oigKUauD9cBsyziKCeDJYBMJPfEsLiKyKT6wjBpZ2vywLmi7mcHqBvkdLRs4,423634159,1780333676,"{""InstructionError"": [3, {""Custom"": 6040}]}",0,
B1C2xfcUajAAU8n3zfuXqXvvALRw8cB5sPzNB5ktpump,4MqnQr9rczvv7m8Djc93BvP5jKPPjuwKtXG6cdzrZTBDVFMUuJbXnvrrQ5eGLAkVQrTwwQdMRTkYfMyPrMMfcn9J,423634159,1780333676,"{""InstructionError"": [3, {""Custom"": 6040}]}",0,
B1C2xfcUajAAU8n3zfuXqXvvALRw8cB5sPzNB5ktpump,5ygrCacFsDTjS2E2PPHr4Vcgh6ki7QETZKqtT47wpzp5uPwoUa7KRoNNoHmm66By6dSiB2ozYSXuKoEUTJr1Fhds,423634159,1780333676,"{""InstructionError"": [2, {""Custom"": 6040}]}",0,
B1C2xfcUajAAU8n3zfuXqXvvALRw8cB5sPzNB5ktpump,3WFPdehouf4ZztHXM3uYPC7fEbp8TkD2UD2yw4m6Shih8MwD3sesL1fuZEzEeJhPphQGLscZVgLbMnBYDzE8dNxn,423634159,1780333676,"{""InstructionError"": [2, {""Custom"": 6040}]}",0,
B1C2xfcUajAAU8n3zfuXqXvvALRw8cB5sPzNB5ktpump,3tJ5iaGTSvMe74UTHzQiguDmFQH1sMy4JJgsKj6xRoGVkS33kyuwAeyVkF7tF5CLQDb1c7BnvXbxFemVwbGPQDaE,423634159,1780333676,"{""InstructionError"": [2, {""Custom"": 6040}]}",0,
B1C2xfcUajAAU8n3zfuXqXvvALRw8cB5sPzNB5ktpump,4Mc9rgqrinajgjvGGzwKwnE5jw1PSS4363oyZgxsp3Qtp27Z9vA3vwCJtkni5nrvDpTZBbuWzB3aHoPDgfQeyPGW,423634159,1780333676,"{""InstructionError"": [2, {""Custom"": 6040}]}",0,
B1C2xfcUajAAU8n3zfuXqXvvALRw8cB5sPzNB5ktpump,4EctRqzDPdSE1p4YpnQAdNhBVy7R3cfNb2YDJ1cLHZj79ShVpcjyPHdEijyTTdqiiLGK1wvDNqDvx18ZN2b6y9uP,423634159,1780333676,"{""InstructionError"": [3, {""Custom"": 6040}]}",0,
B1C2xfcUajAAU8n3zfuXqXvvALRw8cB5sPzNB5ktpump,UT2WAwpoKufqjvetjn6GAa7rb3JGjNrfksTb8kPvXXiTCco2z5ZnPNUZBzabhhiWcqYKcib2V5a9vxy4Jx1pvr4,423634160,1780333677,"{""InstructionError"": [2, {""Custom"": 6040}]}",0,
B1C2xfcUajAAU8n3zfuXqXvvALRw8cB5sPzNB5ktpump,4hhGESF6NXDJ5R5Na8ZRBscx7gyQA2sBEnv6T9f9bejwGBvwYVrZFh3hggbYom8TA3T6NSacGYznNqHkUpzDU2EW,423634160,1780333677,"{""InstructionError"": [3, {""Custom"": 6040}]}",0,
B1C2xfcUajAAU8n3zfuXqXvvALRw8cB5sPzNB5ktpump,3cxKLpQPV4Xs4RE9GdiSmQydmZP25yGTAV1wB5e61bvHQuheuwfgWC8YBPcdmyscJyTei7GYioVuT1JxF1KB2Cww,423634160,1780333677,"{""InstructionError"": [2, {""Custom"": 6040}]}",0,
B1C2xfcUajAAU8n3zfuXqXvvALRw8cB5sPzNB5ktpump,5wXUSQ1qngxLAG1SbMsDF26N99Av4Qz7b8cA8qmpx2CFLQr2EeGxGVrmEqPSGUZhxXS9K11qyusxszdRMM44FNyf,423634160,1780333677,"{""InstructionError"": [2, {""Custom"": 6040}]}",0,
B1C2xfcUajAAU8n3zfuXqXvvALRw8cB5sPzNB5ktpump,5Gpw6fcgzYLhhv84aaw5PbgaEYp1B3iz5jarTtUqYaemnXiKHYQokLAhAkeA1f6eUXuW4rZ1JG9DCmTeqQjzmF8G,423634160,1780333677,"{""InstructionError"": [3, {""Custom"": 6040}]}",0,
B1C2xfcUajAAU8n3zfuXqXvvALRw8cB5sPzNB5ktpump,5nKbKUn3JPrJFuu2579brJnXqecrGJBVhVueuYCVGme38mi1zaEMvCTHtkG3LrjHAWEkTxa2R25XNsqDWQtyZ4us,423634160,1780333677,"{""InstructionError"": [2, {""Custom"": 6040}]}",0,
B1C2xfcUajAAU8n3zfuXqXvvALRw8cB5sPzNB5ktpump,2svyV7ug12qfcnmFkhYybKR8xzyU5mh6S38aRsUNBUDCU2XXUwT42U8yJv2RRUkw8i7eTsFPPgj7wNTyLixZ6vHH,423634161,1780333677,"{""InstructionError"": [3, {""Custom"": 6040}]}",0,
B1C2xfcUajAAU8n3zfuXqXvvALRw8cB5sPzNB5ktpump,4SS38Bn4k2VPxMHKexYWMt2UwtGJd5C3YHCqYrwXVe2PRbduBPcrGNUBSRg6oPmQZcGwuJKCq3HnyXto9BwDKaem,423634161,1780333677,"{""InstructionError"": [2, {""Custom"": 6040}]}",0,
B1C2xfcUajAAU8n3zfuXqXvvALRw8cB5sPzNB5ktpump,3XaXdVhf6BUc8c7ZR32wPadn6Z8FNfTKFoKZU65wYkxcQYxh9xcTD5hCNLpEACbTQnrGEi3UfMWUnBxc5gKTxYsc,423634161,1780333677,"{""InstructionError"": [3, {""Custom"": 6040}]}",0,
B1C2xfcUajAAU8n3zfuXqXvvALRw8cB5sPzNB5ktpump,2PYgSAMpRxPd1Vu3Dgxb3KzaNvJy3bUBmmeMcY1wzjuQ48Wkz6FVWwQG41axBibSsbGavqUw6dS49x2sbqjTSmYF,423634161,1780333677,"{""InstructionError"": [2, {""Custom"": 6040}]}",0,
B1C2xfcUajAAU8n3zfuXqXvvALRw8cB5sPzNB5ktpump,22FPvwvhHiJa28ssQPM3zrwq5AnjqqBPZX4jCBArHxAbNyA8AbiMunaB2eMzYyvVvPUpdJGpeC5coBRH7jtKyeW3,423634161,1780333677,"{""InstructionError"": [3, {""Custom"": 6040}]}",0,
B1C2xfcUajAAU8n3zfuXqXvvALRw8cB5sPzNB5ktpump,3ZznoGGs89hNV6tWrqu4HC31Bk9DnxY6SNznhGuuqiArXyV5BSWci4LFtGq6RNv3HDbfc38up8PGdwcbeD2BYnKF,423634161,1780333677,"{""InstructionError"": [2, {""Custom"": 6040}]}",0,
B1C2xfcUajAAU8n3zfuXqXvvALRw8cB5sPzNB5ktpump,9qMz1pcBKxKpz3AfFjQNJCWZwB9dnjw9k5fAPKdore1tDvKTqf31ujsCt5NMVrTV29i8xsMMZrUCi8Ca283HtKE,423634161,1780333677,"{""InstructionError"": [2, {""Custom"": 6040}]}",0,
B1C2xfcUajAAU8n3zfuXqXvvALRw8cB5sPzNB5ktpump,2gqzTEotqabFvNm4fVQM63RCpfJyueg2aMhoj8jobqUyvgquqDK7ZgNkU5wFeJYCNdfcpby3YdDpTUGVmumn7SdN,423634161,1780333677,"{""InstructionError"": [2, {""Custom"": 6040}]}",0,
B1C2xfcUajAAU8n3zfuXqXvvALRw8cB5sPzNB5ktpump,4JN1GLN79FAwTBNTr7zYDascJLfiEF7wE9h2ZMGHYG6LiLHPHBXt5vd7wVBaZgKBx81o365WKYzNyfHDpXbUYv4X,423634161,1780333677,"{""InstructionError"": [3, {""Custom"": 6040}]}",0,
B1C2xfcUajAAU8n3zfuXqXvvALRw8cB5sPzNB5ktpump,4adqivw35t6SDpgw5P57gtA57zhMtyrPDPLhisGV4rvSQ2BexT1P5wKbM2nUL3CdPKBjPJuqBJv3Z1Vsovxk8TED,423634161,1780333677,"{""InstructionError"": [2, {""Custom"": 6040}]}",0,
B1C2xfcUajAAU8n3zfuXqXvvALRw8cB5sPzNB5ktpump,5yh4vk2MVonx9Z2rminkrB9ypSAA9TQv7BQ7SBTPEu2gNmyvg82PmSw8wYUiu6SV7qscFjUH6vrBBgtdyZ3QWFDf,423634161,1780333677,"{""InstructionError"": [2, {""Custom"": 6040}]}",0,
B1C2xfcUajAAU8n3zfuXqXvvALRw8cB5sPzNB5ktpump,5Wi881sWLdKu4KixJNexa269szLJGL8sABMb46weH4Uk1kLJWfNpBMNaMprLHEQLVHJ3nA6KDvbWNhmnUa81epoR,423634162,1780333677,"{""InstructionError"": [3, {""Custom"": 6040}]}",0,
B1C2xfcUajAAU8n3zfuXqXvvALRw8cB5sPzNB5ktpump,51YB7HxqnoA7tuR8MYNURSvN5fd1SweWmSZpLFFTrZXWZeqXt9wFcS5GgdVncJBfT6AkbHJg94mweoi1ZnXFgBRx,423634162,1780333677,"{""InstructionError"": [2, {""Custom"": 6040}]}",0,
B1C2xfcUajAAU8n3zfuXqXvvALRw8cB5sPzNB5ktpump,56hosSeEmauDEKDSi7VDAbbJoX5gVW4iwMsAssi9Qkz69FQXT7xfsCr1zBykegWw3JsQs1LwwcRbXeN4hNK6n7rw,423634162,1780333677,"{""InstructionError"": [2, {""Custom"": 6040}]}",0,
B1C2xfcUajAAU8n3zfuXqXvvALRw8cB5sPzNB5ktpump,2mMveKXi7Txzo62AgswcMnGpB42GADEz9QFTfQGwdC3rf4wf1S7uF5BAXvMxiF8XTBdkDTCyUqUV19XTcwef6Hsp,423634162,1780333677,"{""InstructionError"": [3, {""Custom"": 6040}]}",0,
B1C2xfcUajAAU8n3zfuXqXvvALRw8cB5sPzNB5ktpump,gkF5bfwJgb6i9XqaNoYNLRavzvTXwZgbbQMhChgoxfiE5Gn3oDJ5VyKGcBXMmRME8jiHp7oZKJArQUZWk2WVQWq,423634162,1780333677,"{""InstructionError"": [2, {""Custom"": 6040}]}",0,
B1C2xfcUajAAU8n3zfuXqXvvALRw8cB5sPzNB5ktpump,2fuj4NxZ3faxfbQdNDbRn9nSpaPPoR26pvhsKgo7WPXg3XsoL87ctTshmwpJGTCWwkdm3LicF23PR4BUNGqVeWKT,423634162,1780333677,"{""InstructionError"": [2, {""Custom"": 6040}]}",0,
B1C2xfcUajAAU8n3zfuXqXvvALRw8cB5sPzNB5ktpump,5yk6LArG2FykALDgDyZcnM9t44fpR9PnBYQP9VEVZUTLtmBgGi16FFafk9UYukDwF1YyxL54Um8gMc4hcjKd5j15,423634162,1780333677,"{""InstructionError"": [2, {""Custom"": 6040}]}",0,
B1C2xfcUajAAU8n3zfuXqXvvALRw8cB5sPzNB5ktpump,2vpeCEQeQjLn9rSMwE8Ao4iGrfktk6QAeAjakdUkEubV15wUcr6PpaQvYKeBq5GWTLowV7DSo1hbZiqBPRWoXVVL,423634162,1780333677,"{""InstructionError"": [3, {""Custom"": 6040}]}",0,
B1C2xfcUajAAU8n3zfuXqXvvALRw8cB5sPzNB5ktpump,4imv4Yhw841YWLG12xkib8bLQVLVWGqspvwF1J5LTY8c4ct7nPRfAxq8NtZFervEv5jUHKeYKY2Gdp4CkBq2uLUH,423634162,1780333677,"{""InstructionError"": [2, {""Custom"": 6040}]}",0,
B1C2xfcUajAAU8n3zfuXqXvvALRw8cB5sPzNB5ktpump,2N1BsC2oWmpmmppuNfasmHdAsStBBS3mJeZjqmMYbDMtB62GNZFdCv4MWA96pQs3wGfwiiSEAwgXeCvitijetG8G,423634163,1780333678,"{""InstructionError"": [3, {""Custom"": 6040}]}",0,
B1C2xfcUajAAU8n3zfuXqXvvALRw8cB5sPzNB5ktpump,53gSuDwkCxWYHYaLXQKdnRnGJHyL6FS4SuEgtef8sEvERHfaLkCQ2tWSF7SoyUNGKgp3X99mczS1rznyLUBe5Kh7,423634163,1780333678,"{""InstructionError"": [3, {""Custom"": 6040}]}",0,
B1C2xfcUajAAU8n3zfuXqXvvALRw8cB5sPzNB5ktpump,3CQhTTK1Kxo79o2AoXpBmKm9oMQ27iKZYWfUsHX2RjHBhjmYQYYms69SH93bRFB8Sz2GB6kxso9VPeXaJAmf1mw1,423634163,1780333678,"{""InstructionError"": [2, {""Custom"": 6040}]}",0,
B1C2xfcUajAAU8n3zfuXqXvvALRw8cB5sPzNB5ktpump,32hjY3SvV5opLwQyit8vyLc8Qq8tX9t8PCef9LjGzQpeMjLbQGqQV2cqQxLeTLFzQsz4VbDXxPawptAfkftwtTd4,423634163,1780333678,"{""InstructionError"": [2, {""Custom"": 6040}]}",0,
B1C2xfcUajAAU8n3zfuXqXvvALRw8cB5sPzNB5ktpump,qyJzuNLr5hRAgmGqhpnTrSp7G7Gh9DTwof3UWt7QQ2YCotHSJGUjLCD1PP13xuqcXHNC3iiZej3HcRXeH19UDAM,423634163,1780333678,"{""InstructionError"": [2, {""Custom"": 6040}]}",0,
B1C2xfcUajAAU8n3zfuXqXvvALRw8cB5sPzNB5ktpump,VspLdsdmtnDTdjSFxKafMiZnrsbdpiDPydw4M46Gs4tLEy2i7dr7tecGAmAYUf9ASzZzfSmA5V3HR34PMSsngSW,423634163,1780333678,"{""InstructionError"": [2, {""Custom"": 6040}]}",0,
B1C2xfcUajAAU8n3zfuXqXvvALRw8cB5sPzNB5ktpump,3jsve26zHJjEDsmNoRe37fjCgGsSrrSeJznGhuXa4yrX3RnYokZY15m3Rn9FuSRWQFP92h4cZ2xufyaDKzqrjyFP,423634163,1780333678,"{""InstructionError"": [2, {""Custom"": 6040}]}",0,
B1C2xfcUajAAU8n3zfuXqXvvALRw8cB5sPzNB5ktpump,2zcVkoARWwrLDo7L33jrVJ28Mjf5KKmjyTxsKNxRoVhY6h4hs6Mogk8guvX5LaRcbFeepsfqZVpxmpzocBFwxZ4b,423634163,1780333678,"{""InstructionError"": [2, {""Custom"": 6040}]}",0,
B1C2xfcUajAAU8n3zfuXqXvvALRw8cB5sPzNB5ktpump,4PtWaQuBeWxm3QFSgSTUzn9ZqJvQD3YTwKmNDvpabsdH1GsHGLqoYPPgvuLt9RkHxFz8C3jaxNVvXYwBbhJYuuJj,423634163,1780333678,"{""InstructionError"": [3, {""Custom"": 6040}]}",0,
B1C2xfcUajAAU8n3zfuXqXvvALRw8cB5sPzNB5ktpump,4pSWvHaaAA1EN9QqjioEdoEc2p9ZymbcB2CTCcGs15hMaKTLWWa4QRQFV96wZVkz6STSRpkCmAoKgyWHdueRsbDY,423634163,1780333678,"{""InstructionError"": [2, {""Custom"": 6040}]}",0,
B1C2xfcUajAAU8n3zfuXqXvvALRw8cB5sPzNB5ktpump,2v2jU3wTAdujZZ26CC4bxFh2RD91dzCeV7BFtDxuBpY1xQKv8jwMtE3WM8BYzsZ9L5JJb1Wf5CuowsimQwkNNk3M,423634163,1780333678,"{""InstructionError"": [2, {""Custom"": 6040}]}",0,
B1C2xfcUajAAU8n3zfuXqXvvALRw8cB5sPzNB5ktpump,52i26wYt4P5QzJNAqJT26bNN8wKqGXHHsDHXBE8Drvcxe4nWbo5Rx4epfoAqAiwqZf1TV3C6PsQB2SYdpvopHcKL,423634163,1780333678,"{""InstructionError"": [3, {""Custom"": 6040}]}",0,
B1C2xfcUajAAU8n3zfuXqXvvALRw8cB5sPzNB5ktpump,3vmHWYDjBGiRaHhsdotm7YRd3L6fte4qr7dWdLo5ArzStXG1gaX7dzoRNYSF5yNWd2tb6wmpbbyfbH8jnfr92gwA,423634163,1780333678,"{""InstructionError"": [2, {""Custom"": 6040}]}",0,
B1C2xfcUajAAU8n3zfuXqXvvALRw8cB5sPzNB5ktpump,DJHTKtxSKWne1bd5WDdpxvinRGMrR8KMdPmG9FcuLqh7dwpcPfsxZM5XSSp8KvknYnffBHg8xPCQqUneGdSvoP3,423634164,1780333678,"{""InstructionError"": [3, {""Custom"": 6040}]}",0,
B1C2xfcUajAAU8n3zfuXqXvvALRw8cB5sPzNB5ktpump,458yNVpwqiArKnppqo1amQ67x31oYWr4J1LBUA36Semnj2hK4ouCs44EKj2jTdgYizAUrquqCY4K1KH3CExrv3wB,423634164,1780333678,"{""InstructionError"": [2, {""Custom"": 6040}]}",0,
B1C2xfcUajAAU8n3zfuXqXvvALRw8cB5sPzNB5ktpump,A6iabSVCzJ5YjPTfYtaJ7Fo58BdXgaE9sJCPJWZx3L1wMAhjP4yXok9T6WvyAnXaro9FLaxj7XoQymjeJQS2aek,423634164,1780333678,"{""InstructionError"": [2, {""Custom"": 6040}]}",0,
B1C2xfcUajAAU8n3zfuXqXvvALRw8cB5sPzNB5ktpump,3boHuiDWqT2iULKB43P28d8K2pLvvmKSztB1wYj2HTx31UpbX6ECfMoeuPse5r14kzLSaG3FmtrL7Ua6yeDWLv5f,423634164,1780333678,"{""InstructionError"": [2, {""Custom"": 6040}]}",0,
B1C2xfcUajAAU8n3zfuXqXvvALRw8cB5sPzNB5ktpump,37hmDLVqZoAM7pmH92J9oqBHxzhq99rReiMSGNeqhAkRk7R1G5E72csTFseEFhpeVK9E7rz9szWN7tTKJYXv2k3C,423634164,1780333678,"{""InstructionError"": [3, {""Custom"": 6040}]}",0,
B1C2xfcUajAAU8n3zfuXqXvvALRw8cB5sPzNB5ktpump,5qnudAvu4EzEoEpB8fUbTR7yDLwsrLZs8txXATtCB34e5iBtiXextPdPNm1CXZLLU3qsNRTA7St1mphTcFim1ghV,423634164,1780333678,"{""InstructionError"": [2, {""Custom"": 6040}]}",0,
B1C2xfcUajAAU8n3zfuXqXvvALRw8cB5sPzNB5ktpump,4f4kAA4b8xJxojKc8m6N5kYYBtQQ8SR4yD6A7XC1VinrNHwBYHThHmj9TQ1JUV7s8SVq8VG67sgxhKyKELaFwdHo,423634164,1780333678,"{""InstructionError"": [2, {""Custom"": 6040}]}",0,
B1C2xfcUajAAU8n3zfuXqXvvALRw8cB5sPzNB5ktpump,23eZk2bxZFs87n1u8fng4H57796JzCskaaPUygwXmPUM9jEtufKT8MvHWKg5bZFfgnNfckxygXAP2Hcco3aTVwB8,423634164,1780333678,"{""InstructionError"": [3, {""Custom"": 6040}]}",0,
B1C2xfcUajAAU8n3zfuXqXvvALRw8cB5sPzNB5ktpump,53SPmLNfDEgy7kZbUkWC2kxS26EiGZVko4ekjhCkfhJWpEXyvTFx1RvWhBNjwtzzoe6XnNiqqv5bA96pgC1j3yTE,423634164,1780333678,"{""InstructionError"": [2, {""Custom"": 6040}]}",0,
B1C2xfcUajAAU8n3zfuXqXvvALRw8cB5sPzNB5ktpump,pxrorYkUJFY8jgqFzdf8tyAebYQHEpeBqEjEbXcvVbudSuFSBsK5pn8C79PoenxX7rqzHQvxwYsqG1of9AAn2H6,423634164,1780333678,"{""InstructionError"": [2, {""Custom"": 6040}]}",0,
B1C2xfcUajAAU8n3zfuXqXvvALRw8cB5sPzNB5ktpump,3NrZeP8BXB7B47ceeYCdEA5aYXsPXcZRXcanTU1ePhghZUdXAaA4UodEzW6Ekvb7FWtoqrVdHu9M9gZ3AGYUhFoQ,423634164,1780333678,"{""InstructionError"": [3, {""Custom"": 6040}]}",0,
B1C2xfcUajAAU8n3zfuXqXvvALRw8cB5sPzNB5ktpump,2GQK21VDM6AwN5iEcWBmWmDCboM8wejgunH5CYeKkFUbDbFpxNWboH57D9LcvoBL7k6hkZivVYAJD3dJyQL2DxfW,423634164,1780333678,"{""InstructionError"": [2, {""Custom"": 6040}]}",0,
B1C2xfcUajAAU8n3zfuXqXvvALRw8cB5sPzNB5ktpump,fUijfn7MyNCA9qE7cVBBWF9yyq5AiLCkQs7B3pMyf9ECXiEfDKBzDGWbBQKG3Tuau53Pap9WmotKbMMoVAYWjEH,423634165,1780333679,"{""InstructionError"": [2, {""Custom"": 6000}]}",0,
B1C2xfcUajAAU8n3zfuXqXvvALRw8cB5sPzNB5ktpump,2VqmakEBimxvBLVak9nrN8Vgq7TynwTr8pFCFTuX4zFSjdfsf4mYxUTTdABtHXXND9416T3wQtDWdNtzmfLdV1ER,423634165,1780333679,"{""InstructionError"": [2, {""Custom"": 6000}]}",0,
B1C2xfcUajAAU8n3zfuXqXvvALRw8cB5sPzNB5ktpump,4h1qSKQRf3tgBBwNRRETMQvrZEXjEVEbe2dfW6YFP7MNUZq5QxctywVj3Gpaz17q7f57Xq7RgdZFsGPcGuMLjVBS,423634165,1780333679,"{""InstructionError"": [2, {""Custom"": 6040}]}",0,
B1C2xfcUajAAU8n3zfuXqXvvALRw8cB5sPzNB5ktpump,2S8YnUugc5QcjFvZsuFMArBZrvYTt8ccgnb8aXrBpNZKjvN6XpRFovqDQWf84aWu7QieqvkUiQmfXyrpTfhNiJe6,423634165,1780333679,"{""InstructionError"": [2, {""Custom"": 6040}]}",0,
B1C2xfcUajAAU8n3zfuXqXvvALRw8cB5sPzNB5ktpump,26vYaVsyhTRiRTPdHXULpBpaGL3ZDCEXRj8tEk4odW51JLN5gFo3g1QbLp6yRKbf1j5CriYTsCHRnTWmfQoiLSsa,423634165,1780333679,"{""InstructionError"": [3, {""Custom"": 6040}]}",0,
B1C2xfcUajAAU8n3zfuXqXvvALRw8cB5sPzNB5ktpump,zqq7CNcmCsT361Ytzz53AxsEBZWKTb8BBbXqfvJ5tfXg6iehHsj9WkoFHCZNcWvi8MvJvsjnLPRxp1aemqCdrdj,423634165,1780333679,"{""InstructionError"": [2, {""Custom"": 6040}]}",0,
B1C2xfcUajAAU8n3zfuXqXvvALRw8cB5sPzNB5ktpump,4JStcyZqCFZxWZ5jkXSHgDZm863PH8QN3pPKc47vWCW8TXr8mcNsF4N2J93YePNPfAURYBftKg1DettPU9sRCcEs,423634165,1780333679,"{""InstructionError"": [3, {""Custom"": 6040}]}",0,
B1C2xfcUajAAU8n3zfuXqXvvALRw8cB5sPzNB5ktpump,2sPMhSL48NcjxjBNba7sSCDtqmvfJqsLLihf8kkD2rNuxzdxRNw1DE4HYLunhcQzuHT7Btj5QjYkbcdkR4bLSJRU,423634165,1780333679,"{""InstructionError"": [2, {""Custom"": 6040}]}",0,
B1C2xfcUajAAU8n3zfuXqXvvALRw8cB5sPzNB5ktpump,41tCVA9mGjwMg94PMXgyk3PFoCdJQxa8WTEvVSHF4ajAJmx8dda2RyDLhM5U3688668ioJXE77TJ9PioFjgT5DYv,423634165,1780333679,"{""InstructionError"": [2, {""Custom"": 6040}]}",0,
B1C2xfcUajAAU8n3zfuXqXvvALRw8cB5sPzNB5ktpump,47tY7eBn7cptcp5z453zvNjCeonUtitrt13xdnUUtspCBzqpvUQ6RXHorxexQJ1DgFRRdwXyqsyd3tLsgwgjt29S,423634165,1780333679,"{""InstructionError"": [2, {""Custom"": 6040}]}",0,
B1C2xfcUajAAU8n3zfuXqXvvALRw8cB5sPzNB5ktpump,3KCTa3w2zhWdBTtXzkiVrKK6u9WMJRjYLezjN5XjxTPDefjeGUXwd4LKx3hCuThbEieioUCnicYmkBLhxwtVN3uJ,423634165,1780333679,"{""InstructionError"": [3, {""Custom"": 6040}]}",0,
B1C2xfcUajAAU8n3zfuXqXvvALRw8cB5sPzNB5ktpump,DSvJrh5ewamE5NyVR6VpG93fDvs2wZrpWrmHwChFfMmzkjo6aUSV9jfauHkGijobC7bvzVKEfuewNpue1hs1YPG,423634166,1780333679,"{""InstructionError"": [2, {""Custom"": 6040}]}",0,
B1C2xfcUajAAU8n3zfuXqXvvALRw8cB5sPzNB5ktpump,2MaFFLbwoxEaAShx5BxoUmSAaiTU94P3Lue8a1g7qgKYhDSjEmHXUMFkSYKHKQSo7mVjqbhVAjpugbzPsv8idP61,423634166,1780333679,"{""InstructionError"": [2, {""Custom"": 6040}]}",0,
B1C2xfcUajAAU8n3zfuXqXvvALRw8cB5sPzNB5ktpump,2ctE6V8fSpgvPpeUE3b352K9djHvbPszSbGSocUqspBbFN3WLLxKAFZrS3pmRLfKixSTWGchigzwyah8MzheFWYm,423634166,1780333679,"{""InstructionError"": [3, {""Custom"": 6040}]}",0,
B1C2xfcUajAAU8n3zfuXqXvvALRw8cB5sPzNB5ktpump,PjLSmqmXp1mfhkEuGBApoyL8N8ZeCSFRVmpKvwdABZ9U1mByro6Qb45hFoiutevKQWUiXsQCBN4QPajELRLTs3E,423634166,1780333679,"{""InstructionError"": [2, {""Custom"": 6040}]}",0,
B1C2xfcUajAAU8n3zfuXqXvvALRw8cB5sPzNB5ktpump,3VPY3jweSqwaoCT4sXhCTJBCoaGJf8Ce3VjWmRcHmn9yNgNZBYrQp2WmSJgppBKaxQNj5LQBP7aniwTQqwwGnRVM,423634166,1780333679,"{""InstructionError"": [2, {""Custom"": 6040}]}",0,
B1C2xfcUajAAU8n3zfuXqXvvALRw8cB5sPzNB5ktpump,5DakKwjLwZLX5wrq77CdAN72SXogy9gGGwXyu4WNQtNryRp1f3ZeExjmVCisfmeZ4hkaitkBYv2dxqUSLGmdNfiW,423634166,1780333679,"{""InstructionError"": [3, {""Custom"": 6040}]}",0,
B1C2xfcUajAAU8n3zfuXqXvvALRw8cB5sPzNB5ktpump,5FZCqDDh3ScQFtMi3GjW1zQpaSeVbjEPiEdUP4xhUNyUsYsutTUJ4SVm79Z3nFo45KWLsrLiSBi8xrHhXW1ss5ZD,423634166,1780333679,"{""InstructionError"": [2, {""Custom"": 6000}]}",0,
B1C2xfcUajAAU8n3zfuXqXvvALRw8cB5sPzNB5ktpump,4h632VoFZbmLTbHTv9MGy5LmfoxchigUeh1dbPfVnCQ3rXRcYqYFTBoH2dvb4c9CJNZvAjHD1q5yyr2vvc2XNSxC,423634166,1780333679,"{""InstructionError"": [2, {""Custom"": 6040}]}",0,
B1C2xfcUajAAU8n3zfuXqXvvALRw8cB5sPzNB5ktpump,KGsYjU1qPVy51PxMzEPX84T7bQEyLB1UmMD5Ms6aGvqHK8sgLtuvpcCxXDqXPtHnfBw2W54jRFctk39Ny1iCTRe,423634166,1780333679,"{""InstructionError"": [3, {""Custom"": 6040}]}",0,
B1C2xfcUajAAU8n3zfuXqXvvALRw8cB5sPzNB5ktpump,4FY2nTKQA8Ke1eb1aabu1kogmAbfepswLtG1Y7N2qvBZon2acijxi99GVQ1o2Mpk6VMgCoyMuP6L15dTDrypWULr,423634166,1780333679,"{""InstructionError"": [2, {""Custom"": 6040}]}",0,
B1C2xfcUajAAU8n3zfuXqXvvALRw8cB5sPzNB5ktpump,2V4JEMH1mHM7fxNtus486YrEdz5mXfh8TxrvPc1AmVxfFuQN8hNBTbZkbM7QuyfnnNAR3MpADxsCVNCwPELGXuNt,423634167,1780333679,"{""InstructionError"": [2, {""Custom"": 6040}]}",0,
B1C2xfcUajAAU8n3zfuXqXvvALRw8cB5sPzNB5ktpump,24T8Nf3DnyKa9o77UxzGKX6nf43WChqnMR4cEmQydeYtwUMqf3zA8zhU2LUdCz8QdRJACKb7FBtiUfW6yFzoyYgF,423634167,1780333679,"{""InstructionError"": [2, {""Custom"": 6040}]}",0,
B1C2xfcUajAAU8n3zfuXqXvvALRw8cB5sPzNB5ktpump,5FcCcAzHfFQovQDTsPzjbB3krJ84GmV1AxKjRFPZhZR3arigpeVmTXXHYVbaKBFyvNc6Dcdp74Q1AQzVEwLaPLEF,423634167,1780333679,"{""InstructionError"": [2, {""Custom"": 6040}]}",0,
B1C2xfcUajAAU8n3zfuXqXvvALRw8cB5sPzNB5ktpump,VdyZn4G21KBKqzkC4GmLmxpVAboMt3b2UUN7omwjNRAk7KPP7M8zbmpSt4mpox3H8qakuoo1SsjjoSXq3WkHfXT,423634167,1780333679,"{""InstructionError"": [3, {""Custom"": 6040}]}",0,
B1C2xfcUajAAU8n3zfuXqXvvALRw8cB5sPzNB5ktpump,4tztYWRqaHkHnExXS43AUsYRR68DabYw62wvFH1wsWUifdLbczuN9PoJ4pxin2gxJtrhrw6TiiyoTvEeM4nUCh3,423634167,1780333679,"{""InstructionError"": [3, {""Custom"": 6040}]}",0,
B1C2xfcUajAAU8n3zfuXqXvvALRw8cB5sPzNB5ktpump,5gvpMn2V2dJxMKog7ZMc1irUmAwWjsvdjeSA5FPVUMHcnHNfDCeRMo5nNUsXeQFbT6qNh1xdmzLSFKmZzhec9SZn,423634167,1780333679,"{""InstructionError"": [2, {""Custom"": 6040}]}",0,
B1C2xfcUajAAU8n3zfuXqXvvALRw8cB5sPzNB5ktpump,3rLsyVmFKf99iRbFzoyFgrR3wsRxFJEpbr2x9Zh8ogcJgwQeBzWrBTdSZuHE5uSkfpJQgwneLPZBT7opQ2oCV3Pm,423634167,1780333679,"{""InstructionError"": [2, {""Custom"": 6040}]}",0,
B1C2xfcUajAAU8n3zfuXqXvvALRw8cB5sPzNB5ktpump,4SVuWWSJTUs4d9kL7tpcfq5FhEwxDnqSjaU6JQa4K2hXVS8vYJqntE54C3HpFoGQou4H65VeM5N373EDQZgbtmgG,423634167,1780333679,"{""InstructionError"": [2, {""Custom"": 6040}]}",0,
B1C2xfcUajAAU8n3zfuXqXvvALRw8cB5sPzNB5ktpump,5q371LtzhD4hYrjQAbCeAa7e2G2Yw6rqzUqfCsJ7tHmLVSLKYo3FKWM3gXzqN5oTGZRm5WnytkCTg4GWrd8qdkLm,423634167,1780333679,"{""InstructionError"": [3, {""Custom"": 6040}]}",0,
B1C2xfcUajAAU8n3zfuXqXvvALRw8cB5sPzNB5ktpump,BQCZ24SUELXruhSLS2preHAqHMBoGy4szFNLkG4bKU55A2XauhT7DGjhTd5RS2swR5gsR4v42wcsP9YvSo9Muf1,423634168,1780333680,"{""InstructionError"": [2, {""Custom"": 6040}]}",0,
B1C2xfcUajAAU8n3zfuXqXvvALRw8cB5sPzNB5ktpump,3U4v67YbATTfSWxYW8rd3VosFPVfbY4p9RzyRHtP1LdrPJGh12v7URvB5tnHPeaS7Ao2fu8P8FCWez4deFgoN45d,423634168,1780333680,"{""InstructionError"": [2, {""Custom"": 6040}]}",0,
B1C2xfcUajAAU8n3zfuXqXvvALRw8cB5sPzNB5ktpump,61X7DEpcoQoahvoDnSsxsUCxinsV1xKADmaRvoqLYAhZgMZ7VDvRoqMHEwHAtFndf5ZNw8zsZBj8SRv3PzGuoNzN,423634168,1780333680,"{""InstructionError"": [3, {""Custom"": 6040}]}",0,
B1C2xfcUajAAU8n3zfuXqXvvALRw8cB5sPzNB5ktpump,3SZQxuS3XFSH6fKi73fRpHbPJYitA4jAV3ZpmnrPDRDnXQifx2jFascxnPnT5JsNz18JMGrvtZBE44Pp3UbG8BxZ,423634168,1780333680,"{""InstructionError"": [2, {""Custom"": 6040}]}",0,
B1C2xfcUajAAU8n3zfuXqXvvALRw8cB5sPzNB5ktpump,249jp9nsEGa6pjHS2Q94rmM42moQPjYaiZnumCtA35vojFH9vBCfzsn2JzxQdPAPU66m4msZYHjJvPt7Pp4nX1XU,423634168,1780333680,"{""InstructionError"": [2, {""Custom"": 6040}]}",0,
B1C2xfcUajAAU8n3zfuXqXvvALRw8cB5sPzNB5ktpump,4myDBFXGSgcT7LzK2N8M2pA4RBGAf8KUq431oduREw5RvQUvrSQ96GbHNF8kXJvn1yzcs9p9rosNCXbysRWpCdvg,423634168,1780333680,"{""InstructionError"": [2, {""Custom"": 6040}]}",0,
B1C2xfcUajAAU8n3zfuXqXvvALRw8cB5sPzNB5ktpump,4Pq8vgTxbrkPnQWkojT3JrDP942r1AE9LLm6S5r9UbzkX6f3Hf65mZ9szdFgceeFQGdUX1i4QFPGkZNGdx4C8N3r,423634168,1780333680,"{""InstructionError"": [3, {""Custom"": 6040}]}",0,
B1C2xfcUajAAU8n3zfuXqXvvALRw8cB5sPzNB5ktpump,k6q1JtZ17t5KaoLVX9zJhAZYWXZXanWDiwA11uU43ouj8CeaUH2SYb2t7iNvY9WVWZ1pBfRftubrKApNHkBSekt,423634168,1780333680,"{""InstructionError"": [2, {""Custom"": 6040}]}",0,
B1C2xfcUajAAU8n3zfuXqXvvALRw8cB5sPzNB5ktpump,4uRpn8Wrnuqcb8VxRHepJottB44PAWczGb2NLvN9ZMQQaSzJ1tSFMBKUBuJx1NQ3Fmhw8eGrVi5Vw81JnKQnvpgd,423634168,1780333680,"{""InstructionError"": [3, {""Custom"": 6040}]}",0,
B1C2xfcUajAAU8n3zfuXqXvvALRw8cB5sPzNB5ktpump,4nHTrLaxicp6ZGcHuBZNon5EFPAAzhhirdisBEhT1MHXkHAH9N7qZR6LvBjZSm4bKxK6LECjccEUiBTn59DHrhnB,423634168,1780333680,"{""InstructionError"": [2, {""Custom"": 6040}]}",0,
B1C2xfcUajAAU8n3zfuXqXvvALRw8cB5sPzNB5ktpump,455DqhhjeGmmu4FdfyLbdE3dj6LcSEx4ErMkGGuDG3NA7vddwnfEvp8CtnDrZtMyWo1dPnDTDvC1NornvxtooyED,423634169,1780333680,"{""InstructionError"": [2, {""Custom"": 6000}]}",0,
B1C2xfcUajAAU8n3zfuXqXvvALRw8cB5sPzNB5ktpump,4VpgdMNHegz1xEKtpe513gDoTaDxCiCDPjGUBr9rZYYEFDHRuPuLwyW3ZZN3ERRW2qUjQkiW4opR7sY8u1pKX6r4,423634169,1780333680,"{""InstructionError"": [2, {""Custom"": 6040}]}",0,
B1C2xfcUajAAU8n3zfuXqXvvALRw8cB5sPzNB5ktpump,3QnvYnkjZpPJbC1ZzDQUENgSihpndUJZddyVKgz9XHKFFPEGmSu7HDAW99hQV5kkXdhExmAqzBzKono9BRWAGvW2,423634169,1780333680,"{""InstructionError"": [3, {""Custom"": 6040}]}",0,
B1C2xfcUajAAU8n3zfuXqXvvALRw8cB5sPzNB5ktpump,5C12fyW4188C8Cxh8hoSP7WgbfLG4X2T71828oUYubynSP3WE6WykUzXgRs7pAK9U9s92jxzRLxc9CgqbaAriW3m,423634169,1780333680,"{""InstructionError"": [2, {""Custom"": 6040}]}",0,
B1C2xfcUajAAU8n3zfuXqXvvALRw8cB5sPzNB5ktpump,3LDm62DRL8GrLNA7k8e6zN1SUDssFZr2gk2gnYWBRmVuD6XZduzVaejvL2mMWYnenimKae86BPdJSJ2ZzbrXPPzQ,423634169,1780333680,"{""InstructionError"": [3, {""Custom"": 6040}]}",0,
B1C2xfcUajAAU8n3zfuXqXvvALRw8cB5sPzNB5ktpump,28hVkiVUnqPQZ3ELhpMMtgk5yT3KpR8wMExxHttnZKXi9P8Ao1yv8Pgw7t4GSkaCCHzaCS486Rd3ojUJBJZwdLr8,423634169,1780333680,"{""InstructionError"": [4, {""Custom"": 1}]}",0,
B1C2xfcUajAAU8n3zfuXqXvvALRw8cB5sPzNB5ktpump,657zen4UZGbdAYSB4A43Z9CHL7ZEKKHEUTCAMh5KogvyWqPpmxkbCG11Dpg8FurNxQp5X3UB8zCaNkCLaV2uyyY8,423634169,1780333680,"{""InstructionError"": [4, {""Custom"": 1}]}",0,
B1C2xfcUajAAU8n3zfuXqXvvALRw8cB5sPzNB5ktpump,5NJqVNcdDhVQFkguks62BR452gLhanutuet57LUwnCkM29QkEGHZfJzRmsC1R1Mmq1GkZofdavXsAHnkCBk8onUR,423634169,1780333680,"{""InstructionError"": [2, {""Custom"": 6040}]}",0,
B1C2xfcUajAAU8n3zfuXqXvvALRw8cB5sPzNB5ktpump,4mmQhaLYbMaaS8hBgFKNkj2Si6SYPh5ZYZYEdrKx6WvGRVZ6pwFJkysyXCnhKu9wWLDpcbV3Mv6GcRQ5xrLwWdnw,423634169,1780333680,"{""InstructionError"": [2, {""Custom"": 6040}]}",0,
B1C2xfcUajAAU8n3zfuXqXvvALRw8cB5sPzNB5ktpump,2AmFS1hePiBtc94ZMqNw7bYRoNrpdWUEJm7voJkFGpbfi7oQkQBqUVgi7uMwK3THtb91KHJ7WvDDyzKh3ktbHmez,423634169,1780333680,"{""InstructionError"": [3, {""Custom"": 6040}]}",0,
B1C2xfcUajAAU8n3zfuXqXvvALRw8cB5sPzNB5ktpump,UCfqZ4QinqhGgn7gHaeh7xdbKU4SsFNHL2pVxHknnvdrGeUs586tH5KPWrzviej4KZxu1bHHK2gi8yjaGdgv3Uc,423634169,1780333680,"{""InstructionError"": [3, {""Custom"": 103}]}",1,SellEvent:0
B1C2xfcUajAAU8n3zfuXqXvvALRw8cB5sPzNB5ktpump,33sMBMiommyr4uxDwjELwHe1Pjt4oVPvwQZscFJEsudhEYCuMgEzxriyQHKvBfoDYV3D8TV5LJWvTgBFJcVCWyUS,423634169,1780333680,"{""InstructionError"": [2, {""Custom"": 6000}]}",0,
B1C2xfcUajAAU8n3zfuXqXvvALRw8cB5sPzNB5ktpump,3eg1zqoZFWNed1PHgqz4s7KU94j2RRHe4Lu3nzsG646jMCB5bjKctW2qhdaucAY8NQKChWSNqbbXhKWgk9joXB2G,423634170,1780333681,"{""InstructionError"": [2, {""Custom"": 6040}]}",0,
B1C2xfcUajAAU8n3zfuXqXvvALRw8cB5sPzNB5ktpump,54xc8qXan37VXtSxGDNcK7U3miEczP2YwQ9uHfiAC6b3aEzicmLzFntGbAQQnenrKoyrCokaUS4io8qkpc8Jfj7V,423634170,1780333681,"{""InstructionError"": [3, {""Custom"": 6040}]}",0,
B1C2xfcUajAAU8n3zfuXqXvvALRw8cB5sPzNB5ktpump,EKqtNRBjiQikSqthxiYx7AtVgrsKvEbEv7WhM8aEtDCufVdGKNeiuE5wD9UGmRp1CpqauUw49Nec9HJEKRMrNF1,423634170,1780333681,"{""InstructionError"": [2, {""Custom"": 6040}]}",0,
B1C2xfcUajAAU8n3zfuXqXvvALRw8cB5sPzNB5ktpump,4Aqg2fu5g5g8WGqhzbpJG8qgvriHWY9RCyVUuodEtWLrx5zwjfYiMtFvbTmrRzFpTFBWi8MCHtFJd9ygU8WJ1NGx,423634170,1780333681,"{""InstructionError"": [2, {""Custom"": 6040}]}",0,
B1C2xfcUajAAU8n3zfuXqXvvALRw8cB5sPzNB5ktpump,2wApH6J83Y2ZqQ1vBgYyCQkVpsyF32XNUnhDi4Kmu3DYuytxN16zyb22J9mCoxrPW1zNG9tFC2sMTGKRQGCmUMKL,423634170,1780333681,"{""InstructionError"": [3, {""Custom"": 6040}]}",0,
B1C2xfcUajAAU8n3zfuXqXvvALRw8cB5sPzNB5ktpump,czg2JtqLyqNDmyKzzTKRqD7ukmrmsE6iWWYHxHoYrTGBVC5a8GgjZ1LnbfACz7tzrCmG7PQcbGnViuMrNCPznN7,423634170,1780333681,"{""InstructionError"": [2, {""Custom"": 6040}]}",0,
B1C2xfcUajAAU8n3zfuXqXvvALRw8cB5sPzNB5ktpump,k4b9894XpBsx5UcRNzvDifqVwBLmZpvfM2KyFJriTAyATuovRd2oQ3eb6Ppko1nSkx7af7S5MhLtpDRmpcqQnis,423634170,1780333681,"{""InstructionError"": [3, {""Custom"": 6001}]}",1,BuyEvent:987851851
B1C2xfcUajAAU8n3zfuXqXvvALRw8cB5sPzNB5ktpump,5bKGHSeJjTffqwGBrPkS5WSncLiQPZAyjGQnHq1VTTgiQpnVMo1tCTx89H5XfaV2Z2q8HmbM1dwCskFCbQxxNkEp,423634170,1780333681,"{""InstructionError"": [4, {""Custom"": 6001}]}",1,BuyEvent:987851851
B1C2xfcUajAAU8n3zfuXqXvvALRw8cB5sPzNB5ktpump,4jshoU7GqKZ15yjcDoRojZe4vtpUPSsk8keXmQHSEz4hBPLfMwp32wsDLun2Wg1zQvFhkBNGNEwmLsVMTX5mqMqT,423634170,1780333681,"{""InstructionError"": [3, {""Custom"": 6001}]}",1,BuyEvent:987851851
B1C2xfcUajAAU8n3zfuXqXvvALRw8cB5sPzNB5ktpump,4hBudzToZ8e2vUnE36TBEAkUjYyAkeW61gtuon7DpBHGN6g5hFamuPZ97dtb7bKPEtTS2XV5gC5ABDKVHS2F4eW5,423634171,1780333681,"{""InstructionError"": [2, {""Custom"": 6040}]}",0,
B1C2xfcUajAAU8n3zfuXqXvvALRw8cB5sPzNB5ktpump,2RQhYF4WynuwfS5FYMhN86VvyTMKFBgSNiobh51S94NsDqAA3kojzK9M6qdqtkLKAwSWA6wCW9EfFcRaKwqihvrr,423634171,1780333681,"{""InstructionError"": [2, ""IllegalOwner""]}",0,
B1C2xfcUajAAU8n3zfuXqXvvALRw8cB5sPzNB5ktpump,5CLnD5ZqEd6L5q2KgCsy1ESBWqBBvNAgAoFydDfoHgKJtShew2rAgZ1fZLUJDasNVx3uQFAmVAD49hz2fseaBFN8,423634171,1780333681,"{""InstructionError"": [3, {""Custom"": 6004}]}",0,
B1C2xfcUajAAU8n3zfuXqXvvALRw8cB5sPzNB5ktpump,ccBGjRx5isVri69gB9e13mc8na2VuW2UzYFCjAUrDMu4XJtx1mGHWTkYXQpR7HLWvwmP54vmyJeMzwat1naXypX,423634171,1780333681,"{""InstructionError"": [2, {""Custom"": 6004}]}",0,
B1C2xfcUajAAU8n3zfuXqXvvALRw8cB5sPzNB5ktpump,MnFV8nvGW22dgR2AKENd92d7g3mxW5cutFmE2E1QudNqPvxSbRLgQ81JKrUr93DU2YB35HHsCQV3zDYAQZmtz9x,423634171,1780333681,"{""InstructionError"": [3, {""Custom"": 6004}]}",0,
B1C2xfcUajAAU8n3zfuXqXvvALRw8cB5sPzNB5ktpump,35ZCQGoT5YjriphWRMDwhyqMMReEdPLVenVedGmwKbpSdRHmasTnUXCmNQtmySpba8FxHrmFKfSxjTzBjML7PLam,423634171,1780333681,"{""InstructionError"": [2, {""Custom"": 6004}]}",0,
B1C2xfcUajAAU8n3zfuXqXvvALRw8cB5sPzNB5ktpump,3Ah7aq6xJGcZvUc1wXLAfdoUUQeXWmDyCaKF7K5XtRH3yzEP3rREnYNEtvfaHnaScSmttX9dDboE7YRrhAv8jmGP,423634171,1780333681,"{""InstructionError"": [2, {""Custom"": 6004}]}",0,
B1C2xfcUajAAU8n3zfuXqXvvALRw8cB5sPzNB5ktpump,4gmPFoQJ4nuECkqc2CyywqhGo8GJVNkJpzZvY5AmS2nQPsMHhiL5jUZHgdpjkbPdiaqahV7FjK3VjFHR9pTTJFu8,423634171,1780333681,"{""InstructionError"": [2, {""Custom"": 6004}]}",0,
B1C2xfcUajAAU8n3zfuXqXvvALRw8cB5sPzNB5ktpump,nC4qJwznYLgbtaYxdVYCM2DdFEBhZA4zJ5ne17AE7He3B5NDSEBcY8bRMPGr3fYpB3oQeK1xHuhETuej9ZSLMMo,423634171,1780333681,"{""InstructionError"": [3, {""Custom"": 6004}]}",0,
B1C2xfcUajAAU8n3zfuXqXvvALRw8cB5sPzNB5ktpump,2NKMTr6Dv9TK5s6rtwSQoRMqZMma6Pzn1J9z8wF57Ev6YcYMAM3MZRuSLeTyYQzh1PPuynXDUWKhSJmS1mijTYBP,423634171,1780333681,"{""InstructionError"": [3, {""Custom"": 6004}]}",0,
B1C2xfcUajAAU8n3zfuXqXvvALRw8cB5sPzNB5ktpump,5eB7SGPBoEzBhQb2T4cq6n2bQ4GGfKP8dZYZJmKURd13dpNmLxjs6QxCP4hww1HVSoUR573TGBJ2PpvVSVcaFqjf,423634171,1780333681,"{""InstructionError"": [2, {""Custom"": 6004}]}",0,
B1C2xfcUajAAU8n3zfuXqXvvALRw8cB5sPzNB5ktpump,3ABhoHzzvtBxGt4YChcpas29V4UPeyEqQSKwxA9vGuaUv7PiN2k91T5VMC36StsRcQeMpeZgpuqjE3TBemQND7mc,423634171,1780333681,"{""InstructionError"": [3, {""Custom"": 6004}]}",0,
B1C2xfcUajAAU8n3zfuXqXvvALRw8cB5sPzNB5ktpump,28CDe4VcCHt95FMW25p79rZWe9JBZypT6EpxmpbxbnPZTADJ4qCEtV47C5wHY5GfA7VQz74RdKMjNkEQ4nJ24EKw,423634171,1780333681,"{""InstructionError"": [2, {""Custom"": 6004}]}",0,
B1C2xfcUajAAU8n3zfuXqXvvALRw8cB5sPzNB5ktpump,24hje8hxCrwTQm3xGh9x2GUJxHCNvkV1k65T1MwTKdwPwQ3UU8gBwE9c32HNGGbj9xxz1F7qXEP4GhLPonreJpxe,423634172,1780333681,"{""InstructionError"": [2, {""Custom"": 6004}]}",0,
B1C2xfcUajAAU8n3zfuXqXvvALRw8cB5sPzNB5ktpump,3LzryZDEwrDcy6sDys7FLfQYt966Rdph2zm1s8xigTdM1T9NAx3NKmJiF7SywwTymLTsuW7ZvQ8ygRph58RdSLo1,423634172,1780333681,"{""InstructionError"": [2, {""Custom"": 6004}]}",0,
B1C2xfcUajAAU8n3zfuXqXvvALRw8cB5sPzNB5ktpump,4h3XmsBMsQrvY1UmjTE7YGirBrafHQjeN3SzLxuaQVywBPaDhHdfpgxpNsTjWeu1KsPHPwZ9DN1i2Djfi8ofTcjb,423634172,1780333681,"{""InstructionError"": [2, {""Custom"": 6004}]}",0,
B1C2xfcUajAAU8n3zfuXqXvvALRw8cB5sPzNB5ktpump,2Bvf74eMWDBegm8wfXAX2dujBxFnGA2F4ANJNdpYhda96GTKfBjW5zhuqjt5BQEum4zFrT6k5wF7DbA3tb5cPEmb,423634172,1780333681,"{""InstructionError"": [3, {""Custom"": 6004}]}",0,
B1C2xfcUajAAU8n3zfuXqXvvALRw8cB5sPzNB5ktpump,46sgVHhnSYo99MJFhSmH14AgM6dUG7i4H1EFzzxkeLgHhBMEFYheZEoBTc9xzTu8LTAdMYPo6HgvNwwqQALS4wN6,423634172,1780333681,"{""InstructionError"": [3, {""Custom"": 6004}]}",0,
B1C2xfcUajAAU8n3zfuXqXvvALRw8cB5sPzNB5ktpump,5Tp4CdQtdu8FBxHpBRzrXPWQRFBN5tpWQkh4UDKFiGrJRbr9G13ze7sNih2nmoDjCVR4q32ftPJZE54TsmPFTxab,423634172,1780333681,"{""InstructionError"": [3, {""Custom"": 6004}]}",0,
B1C2xfcUajAAU8n3zfuXqXvvALRw8cB5sPzNB5ktpump,4MRiPAmo87V1dShygojU9uLYsk3x83eoTi75YJoRswh2X69WNETnAKqfiVMSoC7dEJS3i3URFbBZvEGDvpsAwewY,423634172,1780333681,"{""InstructionError"": [2, {""Custom"": 6040}]}",0,
B1C2xfcUajAAU8n3zfuXqXvvALRw8cB5sPzNB5ktpump,5WRk9CdioQETujZrjiX7d96WZZwFPSsc63ardGSxviDz5wYmWHxJAAnxKCeywGg3GbLBBeevLzDYsQqGHRt9URgy,423634172,1780333681,"{""InstructionError"": [2, {""Custom"": 6040}]}",0,
B1C2xfcUajAAU8n3zfuXqXvvALRw8cB5sPzNB5ktpump,5EDcA8J8NmSrWa69rwkAgW58t7TpjHGLSihD1XxLqVLJDXYsgNt8xwdKh5x8WWV9ro5EiVsihY4P11teaUMWaj2g,423634172,1780333681,"{""InstructionError"": [2, {""Custom"": 6040}]}",0,
B1C2xfcUajAAU8n3zfuXqXvvALRw8cB5sPzNB5ktpump,5dr6dgSr2F9pLwDEQoa4pzYgau7ZoCXrygK1qkRtiGuamB5UHS5AQST9SUDDY2zbLZrhtiAv7h4tsgbJKZVkE8kS,423634172,1780333681,"{""InstructionError"": [3, {""Custom"": 6040}]}",0,
B1C2xfcUajAAU8n3zfuXqXvvALRw8cB5sPzNB5ktpump,65yD5seLnccpmoDHkHXmZVc2rCGCnPhDwFzC7NNWEwiLZqvTdsf4d7eMh7iMxRuwQ7SjJfzmLeZAhktiSX78DP9E,423634172,1780333681,"{""InstructionError"": [3, {""Custom"": 6040}]}",0,
B1C2xfcUajAAU8n3zfuXqXvvALRw8cB5sPzNB5ktpump,4sKUKkGVF4m3tKDUhHL44HXo4YYUzWEokgvqpYMTw1FjA2dMuSnxUXehBVyDnqfDQGUZvV2iVDvYRZcWwhKYGomJ,423634172,1780333681,"{""InstructionError"": [2, {""Custom"": 6040}]}",0,
B1C2xfcUajAAU8n3zfuXqXvvALRw8cB5sPzNB5ktpump,2oS4SWpsTFXKdzVZFJHEsB8QAF4b36BcLMYdiqtYFg3Zf43TeKhR3RXcDA4ehQZkz36aRd43KAondYEjVR2MQDkW,423634172,1780333681,"{""InstructionError"": [2, {""Custom"": 6040}]}",0,
B1C2xfcUajAAU8n3zfuXqXvvALRw8cB5sPzNB5ktpump,4KH1bCWcFczSwaQVrQ5icWCACCBZnTM8nRB8wC6bmincG8KaaccJLhMcjmBaw77jCUQcKfuoQ21jLxhQ6cehbgiL,423634172,1780333681,"{""InstructionError"": [3, {""Custom"": 6040}]}",0,
B1C2xfcUajAAU8n3zfuXqXvvALRw8cB5sPzNB5ktpump,tVvKRfMmJH4BgwS8Jogr6uVtzp7fZkkh4tVJb4e6vYUHmH8R3WS45eoKzzBbrmaTqmqoA24zhGPHQ9N1EYWFEMG,423634172,1780333681,"{""InstructionError"": [2, {""Custom"": 6040}]}",0,
B1C2xfcUajAAU8n3zfuXqXvvALRw8cB5sPzNB5ktpump,52H7VPMEHPAS9kLzMZUcxk8sExUtEPZkfWq8Pep24tqE4M8jSkn2fqtdoD8hbWC8DsQyR8GtZN8uapF1iXfNSchH,423634172,1780333681,"{""InstructionError"": [2, {""Custom"": 6040}]}",0,
B1C2xfcUajAAU8n3zfuXqXvvALRw8cB5sPzNB5ktpump,4j4MJhyjH1dj8kAzsgLvbPVjKBJu9uz2sJPC6DKTSyWCMbFMs2vgKv8nN5LBcvvrAmyZ1HV7c4oLzNUt8JgvFF2q,423634172,1780333681,"{""InstructionError"": [3, {""Custom"": 6040}]}",0,
B1C2xfcUajAAU8n3zfuXqXvvALRw8cB5sPzNB5ktpump,5LzUnf7DjpGAMUF2MF8RPqkgGYubC2WtiWfVbTMMND4DQT2ZjGfx5SsAH6btxKstwDyDRdZpJezkZkYVXsYTiiV7,423634172,1780333681,"{""InstructionError"": [2, {""Custom"": 6040}]}",0,
B1C2xfcUajAAU8n3zfuXqXvvALRw8cB5sPzNB5ktpump,3vAUh7JJAgf2FiP2HWzght9CLTKeiWqNfzvB7mWoNTdUv2dWwFKQ4W7kSfhzRhEeqfo2LCaPHzrBsNZUSK5vScFu,423634173,1780333682,"{""InstructionError"": [2, {""Custom"": 6040}]}",0,
B1C2xfcUajAAU8n3zfuXqXvvALRw8cB5sPzNB5ktpump,2KkynMDAcYoduKAe3qDEgb5xS8JFKmX6LKcW2hNHvTLbM7JerSaNn3KG8MERyPu7B1SDGRfLBqmp3BFJvwhPQiZ5,423634173,1780333682,"{""InstructionError"": [2, {""Custom"": 6040}]}",0,
B1C2xfcUajAAU8n3zfuXqXvvALRw8cB5sPzNB5ktpump,3et12m7w2cLeWePr4mYhGwmPcC4dg7tMzq429Tuu8MWcptjPoqj8doxVqTjSbTuhBqBExHGkLw68UukCDWB7dfdG,423634173,1780333682,"{""InstructionError"": [3, {""Custom"": 6040}]}",0,
B1C2xfcUajAAU8n3zfuXqXvvALRw8cB5sPzNB5ktpump,4oqLfJ14CmLi2J5nFGqSdbEKhkyA9b5aJ8bonGbjMajAHkWsDg2gSPQzSGbjV7yiAyUsMViCpuZQzQeEbS7Rm2oU,423634173,1780333682,"{""InstructionError"": [3, {""Custom"": 100}]}",0,
B1C2xfcUajAAU8n3zfuXqXvvALRw8cB5sPzNB5ktpump,4t2TTVHHhZdxJv95wEF1ZMnnVhVehCT1YkaW7mdv4A713uQ6NfEjccGvWSY2uyjHS3rUGGnNiEQ9TigJLpVvBcsg,423634173,1780333682,"{""InstructionError"": [3, {""Custom"": 100}]}",0,
B1C2xfcUajAAU8n3zfuXqXvvALRw8cB5sPzNB5ktpump,4MmUTAfBFBsUA2Jh9fqpzy7HL41QtggRpviA4tVJ5KRgN3v5QhF1R8MSMseKStUxqZj6RYbmZJLDbLD9UKi7bjHo,423634173,1780333682,"{""InstructionError"": [3, {""Custom"": 100}]}",0,
B1C2xfcUajAAU8n3zfuXqXvvALRw8cB5sPzNB5ktpump,2eadvjhhCNC9ALw9RwWShYaxhjyh4UqNgvJRKm1uXhCETbArPt3F13in8ijkyD5Rv89cFS5CmLwqbabvoGeiVi2v,423634173,1780333682,"{""InstructionError"": [2, {""Custom"": 6040}]}",0,
B1C2xfcUajAAU8n3zfuXqXvvALRw8cB5sPzNB5ktpump,gsngFSPStCH7wwuMVeBMHrjnfCUqB1fNfnPY6DKfuc34c5U4CdBtFkPQt6VY3N1uFr71TBtUuqVGLKNMCj29gnD,423634174,1780333682,"{""InstructionError"": [3, {""Custom"": 6040}]}",0,
B1C2xfcUajAAU8n3zfuXqXvvALRw8cB5sPzNB5ktpump,3wJJwe9rt2ZJWH5fgaZge3Wkt5qFiTNgfB3Z8o531z8dsJu3cUVbzqEzM5XnDa22XhHp7WRTf7xwnwYvfL2JEytW,423634174,1780333682,"{""InstructionError"": [2, {""Custom"": 6040}]}",0,
B1C2xfcUajAAU8n3zfuXqXvvALRw8cB5sPzNB5ktpump,3G3ghELuGy1iH9QS8L2gxGcPVg4Au7XKgxtJuyUrh4jbgbFZXRBT7AvKYcAHij5h2Mou7568LbV18qdBygsveHp9,423634174,1780333682,"{""InstructionError"": [4, {""Custom"": 103}]}",1,BuyEvent:1554909409
B1C2xfcUajAAU8n3zfuXqXvvALRw8cB5sPzNB5ktpump,55RcK3spggeVnuVhg3HoPwPRmnDgcngFyzjqWCdptoxLfQygeqGEicMkHrfMjAp3MntZqUVesLRoLG2pDLGXMmb7,423634174,1780333682,"{""InstructionError"": [2, {""Custom"": 6040}]}",0,
B1C2xfcUajAAU8n3zfuXqXvvALRw8cB5sPzNB5ktpump,36T48AtgrYy5Kjb1xmXNN6tgWNgBcCNHCdDvVswpv4ViNpodTUmTeDu63WvnQi1t547ddDwTrsAeKHXcr3rvc2oN,423634174,1780333682,"{""InstructionError"": [3, {""Custom"": 6040}]}",0,
B1C2xfcUajAAU8n3zfuXqXvvALRw8cB5sPzNB5ktpump,3J2pb9NkweaM9sAq1TAr5sddaSSsG7uEcrimzNJ2fjHgRjrxYE6BicSrXTdd9Bn2SMzrsKPvKmDuyVKE44tkLoWr,423634175,1780333682,"{""InstructionError"": [2, {""Custom"": 6040}]}",0,
B1C2xfcUajAAU8n3zfuXqXvvALRw8cB5sPzNB5ktpump,2oosmNPteGsyd8sSgehWRQ6LpER4ToMwnJdBCXHnXodW2hCkemPv9TG3XQk3XsJQuUir7sdh4x3kJDXwyzDbQ5cF,423634175,1780333682,"{""InstructionError"": [3, {""Custom"": 6040}]}",0,
B1C2xfcUajAAU8n3zfuXqXvvALRw8cB5sPzNB5ktpump,5HEsWPyrnZBWtPPV99N8Pi2iMnyNzJzcGsNKGuszRsKTMDppLa7rCKVVSH8WEcDQfMtAxwuQt3QVJNDZ37fbYgZN,423634175,1780333682,"{""InstructionError"": [2, {""Custom"": 6040}]}",0,
B1C2xfcUajAAU8n3zfuXqXvvALRw8cB5sPzNB5ktpump,2NsLV4xSZs92kyKHdSNm951yeMkbxAwHqQ6r7EgAW9NyeUyxSGEbfbC9pngWPhQ2wNpw4Feh7wzpEiehLGQFf5A3,423634175,1780333682,"{""InstructionError"": [3, {""Custom"": 6040}]}",0,
B1C2xfcUajAAU8n3zfuXqXvvALRw8cB5sPzNB5ktpump,3Z8YzVowgRV4i7YYswqci8ig933hKAZWWaGJhc8ZxyC13sKxrpVZ9Z1NhzDD3sQVmRtufvVkg7shuHVDN577trCH,423634175,1780333682,"{""InstructionError"": [2, {""Custom"": 6040}]}",0,
B1C2xfcUajAAU8n3zfuXqXvvALRw8cB5sPzNB5ktpump,38yDwspbShH8t7bx4JJWmS5Z6EbtTkzrsbdVeTMSX8DSgrfCCvPe7utCtGBacELDzTyeVXZS4ugwiGGgVXRTCvSP,423634176,1780333683,"{""InstructionError"": [2, {""Custom"": 6000}]}",0,
B1C2xfcUajAAU8n3zfuXqXvvALRw8cB5sPzNB5ktpump,3KDThRC6NRQvmmgPvHWimcxfZM8mg5zcsnbru5MYKXJVAnEZVe8xKJyduQ2nhojrXpWn6H7tqTmAFCmm2nf8sJg8,423634176,1780333683,"{""InstructionError"": [2, {""Custom"": 6040}]}",0,
B1C2xfcUajAAU8n3zfuXqXvvALRw8cB5sPzNB5ktpump,322wXNsEkSRV83gpv2JSfJzscg1ioGRfqWD8eiYY4YHXe6xy6oRfc6UvGjPvw8VMRjef6yNqpk24T4qgpW5FNunZ,423634176,1780333683,"{""InstructionError"": [2, {""Custom"": 6040}]}",0,
B1C2xfcUajAAU8n3zfuXqXvvALRw8cB5sPzNB5ktpump,53xonXv6KGHpZjzPfWcmWqTxytCqDbWVn1WLVYCZCex8DbRah51tY45jZrQqnmAomKaorNYJ9YoASSmLrRpCNP1N,423634176,1780333683,"{""InstructionError"": [2, {""Custom"": 6040}]}",0,
B1C2xfcUajAAU8n3zfuXqXvvALRw8cB5sPzNB5ktpump,6FrSadtnooijsNDP7ePqx73zcok3QygVkf89bjHqWV2ajjowaYC2UDDPxN4etg7vtyuyykti3LBDK6VVt1RiX1k,423634176,1780333683,"{""InstructionError"": [2, {""Custom"": 6040}]}",0,
B1C2xfcUajAAU8n3zfuXqXvvALRw8cB5sPzNB5ktpump,3Qb7jUkm6t8xk3a8pA8trDtCbs9nxyrRaEzytekrf2FgGs98s3wmEwRA8AwoczBp4AvNHyWDFzRQFTfq7e1bB6Bd,423634176,1780333683,"{""InstructionError"": [3, {""Custom"": 6040}]}",0,
B1C2xfcUajAAU8n3zfuXqXvvALRw8cB5sPzNB5ktpump,3CiFGXtJ7N7tGD7dUa7jf7J3Z54CGyi9xo8uUmd4MBC927Nt8BV93jPDrn3gzsFGxdbViKiKyQ6QhP6yKFrFwNp,423634176,1780333683,"{""InstructionError"": [3, {""Custom"": 6040}]}",0,
B1C2xfcUajAAU8n3zfuXqXvvALRw8cB5sPzNB5ktpump,2wmuapavjFh63hgF37oiq7Gz6CxbtLdvDRSxE3hMNR8ENQkPFbgodksdDRztFiLywjvy1tUarVcPivy7E89Waphd,423634176,1780333683,"{""InstructionError"": [2, {""Custom"": 6040}]}",0,
B1C2xfcUajAAU8n3zfuXqXvvALRw8cB5sPzNB5ktpump,2dUEUfte8UCVUNgaRni5dJwWq8YNNKgyiZmaA756MzBhHzuozpFKMmCiH2zq8gJ2FxLM2fZPA7tVZXeciSX1wcAZ,423634176,1780333683,"{""InstructionError"": [2, {""Custom"": 6040}]}",0,
B1C2xfcUajAAU8n3zfuXqXvvALRw8cB5sPzNB5ktpump,4wZyGr9uE16y7hrrnyrZKMjV7i1dofJb1axZoVPGEjFJQfChUwM3yMGpQ9YQj2hbbivtTCZHug9zZnLD3iFxra6h,423634176,1780333683,"{""InstructionError"": [2, {""Custom"": 6040}]}",0,
B1C2xfcUajAAU8n3zfuXqXvvALRw8cB5sPzNB5ktpump,5FvJVbMJaXXqcRtV5Ck5RoQGcXBUMHf1saAx1mgUEWXM84NcuTUj6hj1MPeB6CMqEcCfq4nYs8vRjeiUvcLpmFEf,423634176,1780333683,"{""InstructionError"": [2, {""Custom"": 6040}]}",0,
B1C2xfcUajAAU8n3zfuXqXvvALRw8cB5sPzNB5ktpump,5vrwLXwJG2Qi7tXJTziu6MnsZs71zwBcXcudbPiGBnTpEzUPt7P5VcJtKW2NST4rpwBWtpVb4TcKmnG9HTnZu2mn,423634176,1780333683,"{""InstructionError"": [3, {""Custom"": 6040}]}",0,
B1C2xfcUajAAU8n3zfuXqXvvALRw8cB5sPzNB5ktpump,i5JSriysvih2ZJDxAHndXy4CTFXQnWzweSFB5aZqALPHAHed2WyevtRgffrAuDy13HhvcUb8EJiQrC2xUEN1B9f,423634176,1780333683,"{""InstructionError"": [3, {""Custom"": 6040}]}",0,
B1C2xfcUajAAU8n3zfuXqXvvALRw8cB5sPzNB5ktpump,552hCzMNRkC9EGWBeD3suH7Ud4rPN9e7ppbtJy9rAL17Qj2YodA36roVdHaoDahZZS5FHRU93tzTSURbHSHzYBqQ,423634177,1780333683,"{""InstructionError"": [3, {""Custom"": 100}]}",0,
B1C2xfcUajAAU8n3zfuXqXvvALRw8cB5sPzNB5ktpump,5ckq7aCuViH5S4uCW6dvt19z15iAxVRY1vrrcJbBzJwJLKwbVTMpFbb685t6NPxZ4xNPtagSA5N7aybBWMFhUyKT,423634177,1780333683,"{""InstructionError"": [6, {""Custom"": 1}]}",0,
B1C2xfcUajAAU8n3zfuXqXvvALRw8cB5sPzNB5ktpump,pyQ1trZoKBZ6nZ7h5AbvyGu6WxareueEuFX97MVPw9P1iGhSxafb6pyGVqheSmizAESbYBrxq7CJvoHRwq1PH4h,423634177,1780333683,"{""InstructionError"": [2, {""Custom"": 6040}]}",0,
B1C2xfcUajAAU8n3zfuXqXvvALRw8cB5sPzNB5ktpump,5h1LT9nuKMtf8jfRoT6XpZ11qYxYh4d9LZnx6suxiD4itBgQnLzg9FRiPzSTmLfwqPUzBNTZE4r3FsZtqoUcn9da,423634177,1780333683,"{""InstructionError"": [2, {""Custom"": 6040}]}",0,
B1C2xfcUajAAU8n3zfuXqXvvALRw8cB5sPzNB5ktpump,2gwFGyJujbx2dRxpaUnKzmYWo5Hdih3h4TQ6rfAfrmmzAWN5Po1D9C4zSkErKGoAsopAjUk57geXswc2f1DZ9KWu,423634177,1780333683,"{""InstructionError"": [2, {""Custom"": 6040}]}",0,
B1C2xfcUajAAU8n3zfuXqXvvALRw8cB5sPzNB5ktpump,3et1Qc9W9hBvLJmZV1j3pmVzfEm29DBB8K84AGvum7jqqmjMenjzHi5yG1raj6JxuSXZVcf32mqzD7soRaYUZtGc,423634177,1780333683,"{""InstructionError"": [2, {""Custom"": 6040}]}",0,
B1C2xfcUajAAU8n3zfuXqXvvALRw8cB5sPzNB5ktpump,4mCuJm9EwpsNMuLkKMkcmAm3xnPsCstEGkpNL38os8BrQKcSRSYB4rKwBHU32G33gym1SzcgrMDjnUnHuF7xp8P3,423634177,1780333683,"{""InstructionError"": [2, {""Custom"": 6040}]}",0,
B1C2xfcUajAAU8n3zfuXqXvvALRw8cB5sPzNB5ktpump,4zXdC2ZwGjCM8p54RJUd9YzCzBsak2bSjTrZoGyh5p7CRfasdEZQruEcHAoju5UY3vnaiXYR78gqHindxyqxrKNY,423634177,1780333683,"{""InstructionError"": [2, {""Custom"": 6040}]}",0,
B1C2xfcUajAAU8n3zfuXqXvvALRw8cB5sPzNB5ktpump,Rh5LUkDhNLDtRHz97rZ1V24xFom22ZqoYZTkjp2vW8JbZNb1BmFvcLQGrtiUEMqt1JziQLX9eX1PUUMkfn7zDkj,423634177,1780333683,"{""InstructionError"": [3, {""Custom"": 6040}]}",0,
B1C2xfcUajAAU8n3zfuXqXvvALRw8cB5sPzNB5ktpump,54WYgUwXnyRjpdNKEDQ3KU3sLMvSNpvfzBJsdAbZubWsM4k2GSVAsW5JBAU2R2c6uKka5qnB81pkvLsvtTdSeBfg,423634177,1780333683,"{""InstructionError"": [3, {""Custom"": 6040}]}",0,
B1C2xfcUajAAU8n3zfuXqXvvALRw8cB5sPzNB5ktpump,3nTfmjS4GNBK6x8BKFinUoyHCx9rRhNNfQv4gvaB9c5SdFxBhGJ5SC3YDyg9nGmXGS2cyL3YvCXU4gKtdEKokAWK,423634177,1780333683,"{""InstructionError"": [3, {""Custom"": 6040}]}",0,
B1C2xfcUajAAU8n3zfuXqXvvALRw8cB5sPzNB5ktpump,sEuGYNGndtDKPZ8nQPCKLz2ZEVmmEkoL2NMyk9LQGRqNfQFu2qEwxxPgXCdZNzaGHajMRfhsfrTKVtQYGuRNWLS,423634177,1780333683,"{""InstructionError"": [3, {""Custom"": 6040}]}",0,
B1C2xfcUajAAU8n3zfuXqXvvALRw8cB5sPzNB5ktpump,63j43BzMge8kAtVQ7PPP1XgRUhbNeDk61payB2HpFyXkVm4STb5nuDpZJAPgyfyDZmjTZ9FKbvkeLHqagsSzHfcK,423634177,1780333683,"{""InstructionError"": [3, {""Custom"": 6040}]}",0,
B1C2xfcUajAAU8n3zfuXqXvvALRw8cB5sPzNB5ktpump,4hfFGrXGRx3d7E27r9mAC3o7xsXdzkh96kcJzzKXheYFDEhfXN6zAAubZWHunAt87poGepTVvr1BZCLosukVmNer,423634177,1780333683,"{""InstructionError"": [3, ""IllegalOwner""]}",0,
B1C2xfcUajAAU8n3zfuXqXvvALRw8cB5sPzNB5ktpump,48dSTSAbh5jCxEeze2Aa1veRuDEKriL3rrjRGycjn2JpiHGQVLJudTY4USC2Fk95yDzXhpRxfcnkmjNMovfTrPWF,423634178,1780333684,"{""InstructionError"": [2, {""Custom"": 6000}]}",0,
B1C2xfcUajAAU8n3zfuXqXvvALRw8cB5sPzNB5ktpump,5t1Vo8PfaVcXR2Pu1qhkMu39CDBdet8c3ejxgikdBef3QGCfqQeywmNmsshhSaN6VxVJ9Q1t8eF1Jn5wMkvNyYb7,423634178,1780333684,"{""InstructionError"": [2, {""Custom"": 6040}]}",0,
B1C2xfcUajAAU8n3zfuXqXvvALRw8cB5sPzNB5ktpump,3t7tjLu2WfRoToQbVXDG25ZycLWQQ6byWYuShJoNb1qp82Bgq4dtQ1ferAozmwFfws1imCeREjwuHFuEBEaX8Xm1,423634178,1780333684,"{""InstructionError"": [2, {""Custom"": 6040}]}",0,
B1C2xfcUajAAU8n3zfuXqXvvALRw8cB5sPzNB5ktpump,4ZHvLLqKkvWKXxaospfd6w9F3rBjMGPxXoAtCo2nifZnoAX9sbTdFdj86XxiKKVPu74NbyyNy9RQRCmosVku2XjB,423634178,1780333684,"{""InstructionError"": [2, {""Custom"": 6040}]}",0,
B1C2xfcUajAAU8n3zfuXqXvvALRw8cB5sPzNB5ktpump,2HCNGNAWac3LmMY2aqfVQh5AFe8iHdhEka8kFSqjNtTAGzdsemhWu2Skn9BQwTxxn2omarGzeQm5S8caC8osoEyz,423634178,1780333684,"{""InstructionError"": [3, {""Custom"": 6040}]}",0,
B1C2xfcUajAAU8n3zfuXqXvvALRw8cB5sPzNB5ktpump,2itipMjCgCkDEydmgccNkwdu2sB3v1ajETr5utHx4SBbznax2tKnujeLK7cduXW6ucX2JCV4nqWJ1WsFP2uxJpeu,423634178,1780333684,"{""InstructionError"": [2, {""Custom"": 6040}]}",0,
B1C2xfcUajAAU8n3zfuXqXvvALRw8cB5sPzNB5ktpump,3baEWJzpL7sndVZJVzJxoRQMg9D54d64Wi2ryHNutpdBEMHGSB2eDbNB2onpSwj7K2pZQJM5PrfmLsqMhywj6cc6,423634178,1780333684,"{""InstructionError"": [2, {""Custom"": 6040}]}",0,
B1C2xfcUajAAU8n3zfuXqXvvALRw8cB5sPzNB5ktpump,2GQgodMuhWMmzk6ZtRZb6mCQPuLuaqPRrPTxPxg6ysGrMjFJQkEVNqzpkPdSpnNv2ogLQvoGhpCc1S5Nv32LTbBZ,423634178,1780333684,"{""InstructionError"": [3, {""Custom"": 6040}]}",0,
B1C2xfcUajAAU8n3zfuXqXvvALRw8cB5sPzNB5ktpump,298uU6rK1JpZ98MsLG6maNkDGB2sXWWnNH3jFFdUkfmErAF4yhXCPH3VEfmvL35JJ5xUc9Kw7rNCmu1T8Nfrawjp,423634178,1780333684,"{""InstructionError"": [2, {""Custom"": 6040}]}",0,
B1C2xfcUajAAU8n3zfuXqXvvALRw8cB5sPzNB5ktpump,2QmVHzbVL2oJpwiXnH5trLCcuYNXwRSd2KiR1oZmcmEbzNDKAmpEvzPF8w6f6jTNTMW88TQr1Sf8utpwf9rdkj7i,423634178,1780333684,"{""InstructionError"": [3, {""Custom"": 6040}]}",0,
B1C2xfcUajAAU8n3zfuXqXvvALRw8cB5sPzNB5ktpump,5op8Qybv7pv3ZMdGCgvjz3mfKLXxKsQRPEym2X6buREuzv4sCm4sg9XDXECTUVUBvPs1JYjj6kbD4LgMfrTnqUZj,423634178,1780333684,"{""InstructionError"": [2, {""Custom"": 6040}]}",0,
B1C2xfcUajAAU8n3zfuXqXvvALRw8cB5sPzNB5ktpump,4BxdikUqb2nYEaZXahNLDUDFq64hbhXtUMrFHYymntKCeGci598knQditqHDVKXJyD9Q2iBXcZ1mwdWFdF8nKAw3,423634179,1780333684,"{""InstructionError"": [3, {""Custom"": 103}]}",1,SellEvent:0
B1C2xfcUajAAU8n3zfuXqXvvALRw8cB5sPzNB5ktpump,4LHpMmEimt5DaMtS4eRfzmDsaGhuc62bw4k8gSM63zhyerFrUt48DY84utq4TndDSyvx8pqCR4stUr2D5y9pRCWz,423634179,1780333684,"{""InstructionError"": [3, {""Custom"": 100}]}",0,
B1C2xfcUajAAU8n3zfuXqXvvALRw8cB5sPzNB5ktpump,3fHhZNVRvd8BfakzMYb33T9XsnpamTMdE3TMqvbfaXGjuydM3Te6i8GB3TXA6xZ9H73durp3CgmrtozoJdG7iU7z,423634179,1780333684,"{""InstructionError"": [3, {""Custom"": 100}]}",0,
B1C2xfcUajAAU8n3zfuXqXvvALRw8cB5sPzNB5ktpump,5cMiTF4Zeu2qfxkNWSA3ukNk1HZ5nwJuCPNRR7XhaNBr4yFQfMVNY3ZczDWmz221dNsvtFB73AeiD7RLgyNDkSLX,423634179,1780333684,"{""InstructionError"": [5, {""Custom"": 1}]}",0,
B1C2xfcUajAAU8n3zfuXqXvvALRw8cB5sPzNB5ktpump,5VLE4kWG7Lr1wmzGq2JQBqcSKeZdwbfcLVNMP8HbEZUMcBddFGRbNny6xmvZoe6YdKHawS5tEfjYp8iYeuauAopV,423634179,1780333684,"{""InstructionError"": [2, {""Custom"": 6000}]}",0,
B1C2xfcUajAAU8n3zfuXqXvvALRw8cB5sPzNB5ktpump,9EMivmmCfcNj3ZJjj54Fr37xg3GRLxmfbuGdzB3xiAsZE3diTZPewQ3mTYTSp8LcMDUKkrhMnBHj8NNuKJBsVsz,423634179,1780333684,"{""InstructionError"": [3, {""Custom"": 100}]}",0,
B1C2xfcUajAAU8n3zfuXqXvvALRw8cB5sPzNB5ktpump,ULjTvxYBLA2Ks1TQax9VfvUzvwD6HU4FV98sYX2GrK1dhHkijDuLg2TaB1KXhvaiqJKY5yJmFvnJkFsbSA5wZ9p,423634179,1780333684,"{""InstructionError"": [3, {""Custom"": 100}]}",0,
B1C2xfcUajAAU8n3zfuXqXvvALRw8cB5sPzNB5ktpump,53Mq76e9yyoUxPwDgmQ59mQEFMYk5Bx7u49HYZwYjkJR8bXvRZ32Y9jrithDyz2EMqHFgrwh3qMrNWgZRQhpPtb9,423634179,1780333684,"{""InstructionError"": [2, {""Custom"": 6040}]}",0,
B1C2xfcUajAAU8n3zfuXqXvvALRw8cB5sPzNB5ktpump,4qb1Eq9ANkiqNmMhg68dZSPA13SShTzVGSJKrnV3HHWhFDzMjWUrAJMHbaqW5fwSmBR4USQz55G8GS5V1eZ76ohW,423634179,1780333684,"{""InstructionError"": [2, {""Custom"": 6040}]}",0,
B1C2xfcUajAAU8n3zfuXqXvvALRw8cB5sPzNB5ktpump,2vR3RkAcxsTTyKSRgREZp8CaktrDd4ssc6JfWouFTUyH19YGKJuCZ1FzHnXHjXoQyRrm7hDnSb7iuBasdWya69Wz,423634179,1780333684,"{""InstructionError"": [2, {""Custom"": 6040}]}",0,
B1C2xfcUajAAU8n3zfuXqXvvALRw8cB5sPzNB5ktpump,2asCQz9AC4NPX5qhCqW947Q934rCuVpnntdoPYEP2XChMx6i7SYGgFyn8xoENUVuqFmnDQB9ysryjXCnGkjGiwMH,423634179,1780333684,"{""InstructionError"": [2, {""Custom"": 6040}]}",0,
B1C2xfcUajAAU8n3zfuXqXvvALRw8cB5sPzNB5ktpump,2virX8ijHiEVJb7akBGcXVuyCUyC7Lv4d88VnMh9UBNgg2LobSPdE8KSutvXYvFqYFPw11cxWj2FwK6LNHWZ4uCW,423634179,1780333684,"{""InstructionError"": [2, {""Custom"": 6040}]}",0,
B1C2xfcUajAAU8n3zfuXqXvvALRw8cB5sPzNB5ktpump,58dNMYQrKQ5VRmJMuNfDGyG2siDWznfTghS19Ai4KyrfB2pKrhKhoNc8MntaXksDV4QkwkCjeHgUzZvwXZ1unNSb,423634179,1780333684,"{""InstructionError"": [2, {""Custom"": 6040}]}",0,
B1C2xfcUajAAU8n3zfuXqXvvALRw8cB5sPzNB5ktpump,4GJq4kLnGQ5gP4Cm475UUUv7cjNaFxHNUdUP8YAqzphRTJBetv1nDkTGMQsYhH1tPzYWm5uMDnr9AUdmTgx49xMv,423634179,1780333684,"{""InstructionError"": [2, {""Custom"": 6040}]}",0,
B1C2xfcUajAAU8n3zfuXqXvvALRw8cB5sPzNB5ktpump,5qGS1hCQJKwnMeTx8s4vaSNxRwXMpL3mNVaugoxCvHhM6kqKKTGikvNwXZmy8k18AZSDHGd8gWvcL81SKGQtF3Ao,423634179,1780333684,"{""InstructionError"": [2, {""Custom"": 6040}]}",0,
B1C2xfcUajAAU8n3zfuXqXvvALRw8cB5sPzNB5ktpump,2bnXmAiXbuWST94LkVbn8U47c94Ka1kDsJFnu3DLPY5YCAWvYZPLiUndT68j5Nvr2Y8QgXhPktaH3z8qsKbxNQFo,423634179,1780333684,"{""InstructionError"": [3, {""Custom"": 6040}]}",0,
B1C2xfcUajAAU8n3zfuXqXvvALRw8cB5sPzNB5ktpump,4VV3XgHaFf6YkTz9Jw3nKSugfgG1z9GXJ4R7e31KeCDiZS3eUKdRFzDK84dZ4enDoDxMxSEBPVVsDVroK8crMX13,423634179,1780333684,"{""InstructionError"": [3, {""Custom"": 6040}]}",0,
B1C2xfcUajAAU8n3zfuXqXvvALRw8cB5sPzNB5ktpump,5h4kLiTBXRvfFatETxSUnmrUbnAmMdzwyzqiTdggtFpVLRbAxajc8TU8WLkLHQpcLsmsThmLEPZNkPo4sQoXMqX4,423634179,1780333684,"{""InstructionError"": [3, {""Custom"": 6040}]}",0,
B1C2xfcUajAAU8n3zfuXqXvvALRw8cB5sPzNB5ktpump,5shx39CV2u5Jzwbx1eyscD1sG1jaTTiaibgF34M7diZZge6U4SihBBCXuDjdNbwJ87U49u7FbrcbbX8EobwFXpWB,423634179,1780333684,"{""InstructionError"": [3, {""Custom"": 6040}]}",0,
B1C2xfcUajAAU8n3zfuXqXvvALRw8cB5sPzNB5ktpump,5vFtunV5vd9UMuj9J3gPN1uQrVxhuziRUenhNzdn89bDKL75Ekyy12SqXPvDYFw6Bob1QBr1bc5bCZuSpuhXBC3H,423634180,1780333685,"{""InstructionError"": [2, {""Custom"": 6000}]}",0,
B1C2xfcUajAAU8n3zfuXqXvvALRw8cB5sPzNB5ktpump,47G4VprmdRtWQLk5KWGTX1EYQs2udo7Dvzzxq24XRhvx4Ky75i5sBio6LgS4HQXJqNfLeSZorCszHvreKiArY4Hu,423634180,1780333685,"{""InstructionError"": [2, {""Custom"": 6040}]}",0,
B1C2xfcUajAAU8n3zfuXqXvvALRw8cB5sPzNB5ktpump,3hm4BjusX9SL7dkh2iUA5Jaiggcxvj2ckbmDwkW3XnP37LtMYFeWh6LhvWMWapS5KX7J6Nh9BRBoejUSb8GAHvnm,423634180,1780333685,"{""InstructionError"": [2, {""Custom"": 6040}]}",0,
B1C2xfcUajAAU8n3zfuXqXvvALRw8cB5sPzNB5ktpump,3Xbd2e3qpMWYWe9wyo6Kgf87wij1y62QPh11py5BVk9NPax5u1ii9h8fxAjSgjnmM88KhzQRF5ztNsmYicZA6JmE,423634180,1780333685,"{""InstructionError"": [2, {""Custom"": 6040}]}",0,
B1C2xfcUajAAU8n3zfuXqXvvALRw8cB5sPzNB5ktpump,2AcCewcRqgQn8JyvtRdNw1FNSGhvJBtdjz3kkZThuzadZSR8JR3DzehX8imywU9HfzYW1q4xB9EMtR1dp5kPJbka,423634180,1780333685,"{""InstructionError"": [3, {""Custom"": 6040}]}",0,
B1C2xfcUajAAU8n3zfuXqXvvALRw8cB5sPzNB5ktpump,5Zn3LgCTxVAEyRVPyhYU2dfHKT31VnHJr7berqfhz9tFd2EZtaeE1WFifCPPnHQwB71WAxGchDaLWURZ35NScKZQ,423634180,1780333685,"{""InstructionError"": [3, {""Custom"": 103}]}",1,BuyEvent:880176000
B1C2xfcUajAAU8n3zfuXqXvvALRw8cB5sPzNB5ktpump,5UR2njKjn2a6uwo3UJXA1d1TxQUe6YnosxiT8mHkqs4g4kgz645MuE8FNQe4yQtKh7w1Ym72BaeQAzug2fH3H82q,423634180,1780333685,"{""InstructionError"": [2, {""Custom"": 6040}]}",0,
B1C2xfcUajAAU8n3zfuXqXvvALRw8cB5sPzNB5ktpump,pQp5kSYjjRDo2pZfWLh7YHA1RM6SHTHXDa3nbFkEq8NaTXx4ZsXD2JdqsJtD2XWxCKps3tWT5EEqmG9pg3aEZXb,423634180,1780333685,"{""InstructionError"": [3, {""Custom"": 6040}]}",0,
B1C2xfcUajAAU8n3zfuXqXvvALRw8cB5sPzNB5ktpump,4iHpmbVgdcT4NcAGdDwMHgg2PedqXGuULP3T266UuHt4KbnNvc2PZkfYtMU7LcPKJzToSjMs1bkbRDrD9YBfrNJu,423634180,1780333685,"{""InstructionError"": [2, {""Custom"": 6040}]}",0,
B1C2xfcUajAAU8n3zfuXqXvvALRw8cB5sPzNB5ktpump,7WaNnVJKxrVM5bMebL6TM6S4eAzSqhQxa99mF5qXd7PWHqENSofP6DHu9ezHXGujGdLnnze7nZ8UcbyL7vxqA8U,423634180,1780333685,"{""InstructionError"": [2, {""Custom"": 6040}]}",0,
B1C2xfcUajAAU8n3zfuXqXvvALRw8cB5sPzNB5ktpump,4LEXCfqvLguwvVE6CGjWQ7PC4w5LXEUCXCc9qB2PgSUBoozyomFdxs6xQSmbf2cV3KPR9x1XE8xWxpofUpbTFABu,423634180,1780333685,"{""InstructionError"": [3, {""Custom"": 6040}]}",0,
B1C2xfcUajAAU8n3zfuXqXvvALRw8cB5sPzNB5ktpump,wa9WrXMsvGXtwWavu3tXsuCXMJkKMJ3tnd9aDtrmznGxe5UBSA9HT88pXaiBjwEmuBJZ6R66EHVywUqincfuq1c,423634181,1780333685,"{""InstructionError"": [2, {""Custom"": 6040}]}",0,
B1C2xfcUajAAU8n3zfuXqXvvALRw8cB5sPzNB5ktpump,5cNBoyWUcm3toWzYmqasYB8F8QE3oS9j73nw8KKSoMsiaJK7syufCnW6XkRZucAWPEWqfrYA5cHhmfEsB8medarW,423634181,1780333685,"{""InstructionError"": [2, {""Custom"": 6040}]}",0,
B1C2xfcUajAAU8n3zfuXqXvvALRw8cB5sPzNB5ktpump,oPa5YZ2rgS1HsBe3Ks2vuckPrn2Bv4Qbg8BCnETcfwA7q5LYVBEuNnR86iSpaqytK9ZSHQVpregNZiuCJKDyoPL,423634181,1780333685,"{""InstructionError"": [3, {""Custom"": 6040}]}",0,
B1C2xfcUajAAU8n3zfuXqXvvALRw8cB5sPzNB5ktpump,5CEurKapeBiYFhthFgw6NQxq8pBJqWNUQaZeiHUUswjfjw8ZJe3jmqBCfvo1GAsXu77hhsLC6D5FueiNxbsLrPSh,423634181,1780333685,"{""InstructionError"": [2, {""Custom"": 6040}]}",0,
B1C2xfcUajAAU8n3zfuXqXvvALRw8cB5sPzNB5ktpump,2W6joRh5AoQieZ4Sv7BWsg9mqxXYypB7wCYSHSH5YFb99Brp1p29vmoQnLkuJJdwf2woiJroAEBaWsivDLmxLePu,423634181,1780333685,"{""InstructionError"": [2, {""Custom"": 6040}]}",0,
B1C2xfcUajAAU8n3zfuXqXvvALRw8cB5sPzNB5ktpump,4nWdGpeTaMAkmsASy1APT9kQ2JuGjKjGAyTZHmTpgUtmhtoMTsgbjqzgtkokpeYUB1hcp673uR18NbBP5sxVAirV,423634181,1780333685,"{""InstructionError"": [3, {""Custom"": 6040}]}",0,
B1C2xfcUajAAU8n3zfuXqXvvALRw8cB5sPzNB5ktpump,42848eDYRNviZ1ii6Tvzg7p279m9GYWkPDnUp27uBGk3FvcKYD4VDVEMKj9Ti98GPNmiNmJZ4QHa1Pork5CvQLEV,423634181,1780333685,"{""InstructionError"": [2, {""Custom"": 6040}]}",0,
B1C2xfcUajAAU8n3zfuXqXvvALRw8cB5sPzNB5ktpump,58KhWqQDSkKiFDJ7Tqud4wrEQAtiy4AyzNaNjtHK3yGy4UFnhwcouHxj1KgAL3LA2sJwRnwktRa35Poq6TS6Juvd,423634181,1780333685,"{""InstructionError"": [2, {""Custom"": 6040}]}",0,
B1C2xfcUajAAU8n3zfuXqXvvALRw8cB5sPzNB5ktpump,3E9fmt2FrH7u4LDVTwbBktEbEBvasQEFyhNPRtS8pHkpLhQEJjD86zP3azetdBsqR1wJCFh8BCM4ZrNPgvGedUvm,423634181,1780333685,"{""InstructionError"": [2, {""Custom"": 6040}]}",0,
B1C2xfcUajAAU8n3zfuXqXvvALRw8cB5sPzNB5ktpump,4MArx9MTehAainMa6GkuBrfkX4fQEdi42dLyGWmfcw5Un5FBh7xRS2aKHoPq4oU69zeso8g4eXAuzdCHRqz2Z5yH,423634181,1780333685,"{""InstructionError"": [3, {""Custom"": 6040}]}",0,
B1C2xfcUajAAU8n3zfuXqXvvALRw8cB5sPzNB5ktpump,5DfZX8FXGUwJomkEgU1K1oAViTtyQqDjhZkuBwyZT38g33XGYP2aCJPYvKEz8ZkzBVwu9haZAdBLTzgaFenA5rGo,423634182,1780333685,"{""InstructionError"": [2, {""Custom"": 6040}]}",0,
B1C2xfcUajAAU8n3zfuXqXvvALRw8cB5sPzNB5ktpump,5fQk6xfCtbAYmm5ZXHeTYTYEBVe9FMHspyvzXjFuqGrS4FrKcpJ1MwSR4QdcTZTxzsAsZ59jYvDPdhBAXJySXRKQ,423634182,1780333685,"{""InstructionError"": [2, {""Custom"": 6040}]}",0,
B1C2xfcUajAAU8n3zfuXqXvvALRw8cB5sPzNB5ktpump,3nJZGZMuzDREKTMixDnjX7UkpYdmviSRMLyCsDoqULUGU8YFvaBq6nM1BbedsxNfx2QZFEXKnd3xqo2p6J2T9Ywk,423634182,1780333685,"{""InstructionError"": [2, {""Custom"": 6040}]}",0,
B1C2xfcUajAAU8n3zfuXqXvvALRw8cB5sPzNB5ktpump,2yVUMkzGujV2LHvUu8S9fYzrYv8kBd6dsERYouQv1LFQCnBiPemgF4VfYW6spefzT3zysfNgF4J5ssM31n3Xag5T,423634182,1780333685,"{""InstructionError"": [3, {""Custom"": 6040}]}",0,
B1C2xfcUajAAU8n3zfuXqXvvALRw8cB5sPzNB5ktpump,2iFVBpFCD1RByu3ZgYUoZvf4CsVYaZHqwxNQMjRNwUp1KeyQ4Bd5kmgoAsEfnYx7KqvC2bgMEum54n44jkaCdEea,423634182,1780333685,"{""InstructionError"": [3, {""Custom"": 6040}]}",0,
B1C2xfcUajAAU8n3zfuXqXvvALRw8cB5sPzNB5ktpump,2Hc91qrwaL8wkN3nsr1RUBYXoUX3r7bR5RfW6KjttqDqaQCRE6fpCK2Q6Tb9QDg7gtPreTStVjEGRG2ZpiSJ9dUe,423634182,1780333685,"{""InstructionError"": [2, {""Custom"": 6040}]}",0,
B1C2xfcUajAAU8n3zfuXqXvvALRw8cB5sPzNB5ktpump,3oCPNbi1ff6WCEmfNcHeNAcM2DJxXsmC2iBUpcc4ZJGEL7zWqZtG7ZWCPmBygC28zk8rS5ceupaBAqXC8yJqc6fV,423634182,1780333685,"{""InstructionError"": [2, {""Custom"": 6000}]}",0,
B1C2xfcUajAAU8n3zfuXqXvvALRw8cB5sPzNB5ktpump,65qBUkE5rTUPvdgxEtRyG7KkgEDZiFCfQ6c1bGZRscHZbNDNyfmT9r9HsThe5pcTjJzqv6T1A3B65LvXLbAbiZV,423634182,1780333685,"{""InstructionError"": [2, {""Custom"": 6040}]}",0,
B1C2xfcUajAAU8n3zfuXqXvvALRw8cB5sPzNB5ktpump,4bJpnUtwqhTNWkKPAzwS2MfasEJCnbQS8GSwSfBs3L3W3z8q7TXWAusMNey9ijiAT8KXMwnP8tAAFyEX67NokBXX,423634182,1780333685,"{""InstructionError"": [3, {""Custom"": 6040}]}",0,
B1C2xfcUajAAU8n3zfuXqXvvALRw8cB5sPzNB5ktpump,yBoxqmJPpHavRA1DTmDqjnQrvRPtn953Ks7FLq1c5ohwH21R4Ak59zAvMd7p3CfmmAsxbM1XGib75aogWhFYf1w,423634183,1780333686,"{""InstructionError"": [2, {""Custom"": 6040}]}",0,
B1C2xfcUajAAU8n3zfuXqXvvALRw8cB5sPzNB5ktpump,5KpcbBLQywSB4BUjjbAVxyqibA6eDWNeATUzPiJbWN2GyDLXRnYoKc3QmdpxHiA5AvJLuZzx48GzCi9pjeXmmy3D,423634183,1780333686,"{""InstructionError"": [2, {""Custom"": 6040}]}",0,
B1C2xfcUajAAU8n3zfuXqXvvALRw8cB5sPzNB5ktpump,3ciZ57xWBq33xq5dhG4c9xZYLhctCyxwPPVwzTq1C99qCXRoTeAqc6qWN8wq89uF58ZKEDjPqtLBFF1dGSddZ3nN,423634183,1780333686,"{""InstructionError"": [2, {""Custom"": 6040}]}",0,
B1C2xfcUajAAU8n3zfuXqXvvALRw8cB5sPzNB5ktpump,4Qz1YofwjYXbgDP7yCBBjYDAYrAKtgPMQDDpxVNF8iSUHZLmsa1qhDZ9fyTdx6aUrKeZRb6LkjZpBm4FiGeTWJmf,423634183,1780333686,"{""InstructionError"": [3, {""Custom"": 6040}]}",0,
B1C2xfcUajAAU8n3zfuXqXvvALRw8cB5sPzNB5ktpump,3teScormJwMe15fcnHWEuQ2tCNs51ZzTFL1rytMtawHcbkVyLiLRnzEExkCTCfEknZdTGuPRb5AsXZXmynfWcU9d,423634183,1780333686,"{""InstructionError"": [2, {""Custom"": 6040}]}",0,
B1C2xfcUajAAU8n3zfuXqXvvALRw8cB5sPzNB5ktpump,vG9Jwjs2sC9V7hUFVgTA7KXe2LhbmjcdaXXMBRMkF96vvJtdkbHQSRq78VGtP6Q7414qYLTRpcZJnSa4k4S8jUv,423634183,1780333686,"{""InstructionError"": [2, {""Custom"": 6040}]}",0,
B1C2xfcUajAAU8n3zfuXqXvvALRw8cB5sPzNB5ktpump,2wwYz1NPK3DAerg2bssJivSrStQm7gXuPu1zVBP94edEcBacF9uvYKQm5L2fiVvWK7xvPzX4VGJHBBMozXqjLJgq,423634183,1780333686,"{""InstructionError"": [3, {""Custom"": 6040}]}",0,
B1C2xfcUajAAU8n3zfuXqXvvALRw8cB5sPzNB5ktpump,2BortXfX5CPNFGhbkmMkAd7g43p9XtAC67qqFfXibtbwEFb95Do1BuuHzVBcpz7MzCb85xwTAbTGAvduGxS91eBv,423634183,1780333686,"{""InstructionError"": [2, {""Custom"": 6040}]}",0,
B1C2xfcUajAAU8n3zfuXqXvvALRw8cB5sPzNB5ktpump,459bysSUtB9PTfTb4NfXFqXtA7NLAZs2JhsDgLQ3E9sNboYdPdypKzrwyNw1JCd4Ls3S55xwvoF6A7SDQrWX9t4r,423634187,1780333687,"{""InstructionError"": [2, {""Custom"": 6000}]}",0,
B1C2xfcUajAAU8n3zfuXqXvvALRw8cB5sPzNB5ktpump,cnf5RMLg8krkozi4kE57VVaNRFfPr4hEJg2CjpGijG8PxcoU4rE7Wd8UunZJtu3t66yKkfyBwdJUKVWJaGbgu2e,423634187,1780333687,"{""InstructionError"": [2, {""Custom"": 6000}]}",0,
B1C2xfcUajAAU8n3zfuXqXvvALRw8cB5sPzNB5ktpump,4sbxrRNKnnd31hzLUZMqZ2mRn95UqYf7SnoAizWQQ73bghNu216srmJgPBQJQk8B5urTRgDbBLpKmQ1UyGLiZ9pN,423634194,1780333690,"{""InstructionError"": [2, {""Custom"": 6000}]}",0,
B1C2xfcUajAAU8n3zfuXqXvvALRw8cB5sPzNB5ktpump,3LcVtV1qMWtfwjQLKGuuKe68JQy7PXcYCbkVXJLTb5J4zBbXG4nLVWCyxUyAHx9q8VSSDZYdMHADHDf3Tv3j2ypu,423634196,1780333691,"{""InstructionError"": [2, {""Custom"": 6000}]}",0,
B1C2xfcUajAAU8n3zfuXqXvvALRw8cB5sPzNB5ktpump,2jKaqGG98Yz6DsJQ5dKbVrgrs19xKK626WzfUWJNGN6kdbUz7XRp2Wa1uUWuGzArGkfGwL8cT1hrUvkr8fJEzSYg,423634202,1780333694,"{""InstructionError"": [4, {""Custom"": 1}]}",0,
B1C2xfcUajAAU8n3zfuXqXvvALRw8cB5sPzNB5ktpump,49CbSuKiB8XdV2FxVssEgySUahdAsa3d9ALdZNrSJGydMva5SigyjC2AgbKUHsNwycmf28m1KbBeGEXXpboMZjU8,423634214,1780333698,"{""InstructionError"": [2, {""Custom"": 6000}]}",0,
B1C2xfcUajAAU8n3zfuXqXvvALRw8cB5sPzNB5ktpump,2Y9pKwLCUfLqzc7Zv199FpYZbNjJreQnmCNqe7DPr7jx5sUW68XoX7TYUukHeufVevYqXx5xFCHBjJYmWF3Pnn9u,423634234,1780333706,"{""InstructionError"": [3, {""Custom"": 100}]}",0,
B1C2xfcUajAAU8n3zfuXqXvvALRw8cB5sPzNB5ktpump,4fco7VQHrEDwjEyDYrLYCQgPx5ukxVcmhkPLF8Jgj4QEcFQVLL1f32rfaMsGvAEKjG5g6xJPW8ZoNMaBWWJoHAEC,423634270,1780333720,"{""InstructionError"": [2, {""Custom"": 6000}]}",0,
B1C2xfcUajAAU8n3zfuXqXvvALRw8cB5sPzNB5ktpump,5r8fxCRuo7G2b4iBeKrAMNfHNT1Bo1JF2gaNfEdGJTreSDRFfDCZiSBs9emmL8Tts7wsEvGMDwFUr2raf8ZVZdx5,423634272,1780333721,"{""InstructionError"": [4, {""Custom"": 6004}]}",0,
B1C2xfcUajAAU8n3zfuXqXvvALRw8cB5sPzNB5ktpump,3wsY8N1yGDYvdyYYJvrkWEB1m8g8dmDBzS59reKFApxJwAS4XMv8ii9DRycvTZfWieNF1KNu1MqXFAa38hY8R1m3,423634280,1780333724,"{""InstructionError"": [2, {""Custom"": 6000}]}",0,
B1C2xfcUajAAU8n3zfuXqXvvALRw8cB5sPzNB5ktpump,b8PCpRZEUGFR5eEE5keqJeNc8MosqYUygjAqxuhAeCgYSegLLTsiyieNSfA9ZgJhSoFzmjw3X6F9iFcS4ERGEuw,423634301,1780333733,"{""InstructionError"": [3, {""Custom"": 100}]}",0,
B1C2xfcUajAAU8n3zfuXqXvvALRw8cB5sPzNB5ktpump,4bvMgjoQULt6mSY8Cs7mp2UXGj5hQpB6Fwos4zFG3zc23piuaPByfYaAAqun7pcwSi4BeYpGTtvaAUK2x8LUTNAp,423634304,1780333734,"{""InstructionError"": [2, {""Custom"": 6000}]}",0,
B1C2xfcUajAAU8n3zfuXqXvvALRw8cB5sPzNB5ktpump,5i5vrknWw5ULKcE1eokcyArgRaVEtsX8QHQvSNBnMLF7WfqpAxDXaqLDB8hy41wuTewYVEyvQAwGavKRc9a2JX9e,423634320,1780333741,"{""InstructionError"": [2, {""Custom"": 6000}]}",0,
B1C2xfcUajAAU8n3zfuXqXvvALRw8cB5sPzNB5ktpump,3Vxgq2QkYibZQ7GA1aniYw5T8StK5QjTAV7824mcG8zYc1fcMpGZkHzfuKrBNtYiyL7VeW1u3NrKvFfeVT9iGWst,423634329,1780333744,"{""InstructionError"": [3, {""Custom"": 3012}]}",0,
B1C2xfcUajAAU8n3zfuXqXvvALRw8cB5sPzNB5ktpump,4NpF4wm3EprSmxeRc5uVk1GV9XhR87aDD4rFi2ifL5bTifKcQR9Mdqh2XPcg3xcRQuRRszRmQu1pRnqhNcnDUHsX,423634341,1780333749,"{""InstructionError"": [6, {""Custom"": 6004}]}",0,
B1C2xfcUajAAU8n3zfuXqXvvALRw8cB5sPzNB5ktpump,66b57KKa7VxggvfPfBx3ZrSpmETemyqPSamJ8neeKc2m1ULz33b54qGH59iu5jG1rNL99FSsuLCowneeehdWTJtr,423634342,1780333749,"{""InstructionError"": [2, {""Custom"": 6000}]}",0,
B1C2xfcUajAAU8n3zfuXqXvvALRw8cB5sPzNB5ktpump,2iwgUNQYRj3HYc3Tw8Lph7oLBMo59LN5uVb2G3U3gepznkgavAsdnX23R6VgPK9kSahGfwrNzgERXGHWDCv2Go2G,423634342,1780333749,"{""InstructionError"": [2, {""Custom"": 6000}]}",0,
B1C2xfcUajAAU8n3zfuXqXvvALRw8cB5sPzNB5ktpump,2VgpWHqAuNM99ViFKmDVNPfnJErYqDQU3zfjTbs1xGBRAU3YWKTtTscVUHP6BPM6EAvZ2kX5KwNHdpYjf3JrnvFn,423634342,1780333749,"{""InstructionError"": [3, {""Custom"": 103}]}",1,BuyEvent:880176000
B1C2xfcUajAAU8n3zfuXqXvvALRw8cB5sPzNB5ktpump,61S4hjVSbJcitZfKctgVYWL81yg2H5dzxGYjVBg7HokGzKeWgTg4Z7L4CqVt6jkxmWguJGD86oc5VqrPeX5a3Aq6,423634353,1780333754,"{""InstructionError"": [2, {""Custom"": 6000}]}",0,
B1C2xfcUajAAU8n3zfuXqXvvALRw8cB5sPzNB5ktpump,4947Rq8aPx73i6QY1gSu1pMrhAiz7sNpxSf1uuZK3XAvogPkkWxxvmRtMUpMkrD9F3BsiGeiEBH7pB11v1oWA3i4,423634358,1780333756,"{""InstructionError"": [2, {""Custom"": 6000}]}",0,
B1C2xfcUajAAU8n3zfuXqXvvALRw8cB5sPzNB5ktpump,4vgrsPehhE3iKmRqKqVqzVv8LazxoLH2wXxa6r7JQggRMbTMUP8hFmGgmw4n6WmnJoV7fpWJTK87NBwPmH8z2rTj,423634416,1780333778,"{""InstructionError"": [2, {""Custom"": 6000}]}",0,
B1C2xfcUajAAU8n3zfuXqXvvALRw8cB5sPzNB5ktpump,4G8BSJ9mupCeucW4pAfbCvTiAGkL8DkiUkfwNZKAeqm3FUEXHrC3iJZe41uvPpQSzCLEZrhcHwuvG1BggmApP4AS,423634419,1780333780,"{""InstructionError"": [4, {""Custom"": 3012}]}",0,
B1C2xfcUajAAU8n3zfuXqXvvALRw8cB5sPzNB5ktpump,4FZ8wLLo511Umtf68jC3bqoY2nYnqqn9dDW65erMw9PCaQv4iCLBGzL3PVv5FgyHnW5D5Yf4eizqPpckUUVxzcXt,423634444,1780333789,"{""InstructionError"": [7, {""Custom"": 6040}]}",0,
B1C2xfcUajAAU8n3zfuXqXvvALRw8cB5sPzNB5ktpump,4mgmx4g9Mc4irCwW4ES1cTAXU27gSkxzPMhJpjoiuAiCSAKf4J3ddWiqE1tNXfGrDusDV8wTqRSDo85kc3oeSeDh,423634481,1780333804,"{""InstructionError"": [2, {""Custom"": 6000}]}",0,
B1C2xfcUajAAU8n3zfuXqXvvALRw8cB5sPzNB5ktpump,5mbTSvJPkTAdFNw3BcsNgectbGZJaRb3eYZG53dNALefvsKPEYZtK6RQQECn6UJTk5eF4n7dz5cPSVqhCX2JqMTc,423634483,1780333805,"{""InstructionError"": [2, {""Custom"": 6000}]}",0,
B1C2xfcUajAAU8n3zfuXqXvvALRw8cB5sPzNB5ktpump,345K9Bs8xoR8mHaSp5hSrEFcp8yKghe1wmnRQVnyUKDZvUDojZwh1EeQdi7co71wpcAeGeLL7s2BWsEccEhYKyp4,423634536,1780333827,"{""InstructionError"": [2, {""Custom"": 6000}]}",0,
B1C2xfcUajAAU8n3zfuXqXvvALRw8cB5sPzNB5ktpump,3Gjf6rb6frwZ7eSLPjMZjpEtB4udzAcMYeCQ7wymRWFK3MHcfwRDKRMQkP6B1sUgN1MDHc2hQ54D8TBDAzw7z7G2,423634756,1780333914,"{""InstructionError"": [2, {""Custom"": 6000}]}",0,
B1C2xfcUajAAU8n3zfuXqXvvALRw8cB5sPzNB5ktpump,3wdMj2VS1r6F3WfigW8YYYiJ6YP7yZ8jnozU1TFLffqogEAEUPudvAkDxS9mkW5mJUtCcZD5SedNdoBLX1QQeAhQ,423635177,1780334081,"{""InstructionError"": [2, {""Custom"": 6000}]}",0,
B1C2xfcUajAAU8n3zfuXqXvvALRw8cB5sPzNB5ktpump,G8Y4RxUBU9HRaRJyDt4PgNvQateDG3KxPsME83ztVLXzW5UNgxCSW9JuQY8foz54CBjkrq61eoqJTJ4KyDDSF4w,423635177,1780334081,"{""InstructionError"": [2, {""Custom"": 6000}]}",0,
B1C2xfcUajAAU8n3zfuXqXvvALRw8cB5sPzNB5ktpump,ER2Z6TU1nn5sLYAvpwkXQoC3z42aRDvGoMvs1mJejneVKLsz5Mf87rCNMdJWVb3hdEqg8CRMdWUYUco1kivZ5yH,423635178,1780334082,"{""InstructionError"": [4, {""Custom"": 1}]}",0,
B1C2xfcUajAAU8n3zfuXqXvvALRw8cB5sPzNB5ktpump,2MVHe5HUVJM7UxzM2nxDCXU7MzsvdTtPLbnZvXP5T14y8eyPNUpLAZ9CEq9zzhMWQZtHMmTUsD38QV9JbWUzdtM6,423635178,1780334082,"{""InstructionError"": [4, {""Custom"": 1}]}",0,
B1C2xfcUajAAU8n3zfuXqXvvALRw8cB5sPzNB5ktpump,5Kx7sj7k1Z2Ub7LUZhg2cXYonFKVDLokbhgSyMTm94zj8ruPNTUujVDUuWuzct6MzEHgq1khwrGqygcNrJpY6x7J,423635178,1780334082,"{""InstructionError"": [4, {""Custom"": 1}]}",0,
B1C2xfcUajAAU8n3zfuXqXvvALRw8cB5sPzNB5ktpump,4MkQPvMGbeZ4SFurjxi4wiTTB9Wur49VVWqBbJdfpakiWVPBtxH6byKZ7RBcEB1a91Uq6QQ3djcDUtUUWecEWRfP,423635178,1780334082,"{""InstructionError"": [4, {""Custom"": 1}]}",0,
B1C2xfcUajAAU8n3zfuXqXvvALRw8cB5sPzNB5ktpump,4SAEgogws3BbfuA3b66hf88DhRC867iuyUskp4GQSXrZbdFEquEpZsNezFqvWH34BvMkFUf9gsxSX4oVt8unk56J,423636414,1780334569,"{""InstructionError"": [2, {""Custom"": 6000}]}",0,
B1C2xfcUajAAU8n3zfuXqXvvALRw8cB5sPzNB5ktpump,4Dq1dewXD8KiDSXD3yaZ5wPXNVwtBMMJCx43vJJqiX4mGCMvAnGCWhfj2kXvMbsu6ngDakyXLXcy8i71eskZsvq1,423638607,1780335431,"{""InstructionError"": [3, {""Custom"": 6004}]}",0,
B1C2xfcUajAAU8n3zfuXqXvvALRw8cB5sPzNB5ktpump,4gis7H8Z4ZVrM4sCEbysoFyHVLxYihSQnCoSSgZGJarp3Cimo8FKLjLMUfYEmbTmLCYBZfhTNuSTBdLRzPJF5MAH,423707141,1780362660,"{""InstructionError"": [5, {""Custom"": 6004}]}",0,
B1C2xfcUajAAU8n3zfuXqXvvALRw8cB5sPzNB5ktpump,3C212KyWvwkhyYMC3qKxEvY1aCGJULAU6Rf3qbHNCQ9kUCzrYZ9PMVGYxUJ12B8Uz8gdajtGCATk8ngph9q3phJJ,423707169,1780362671,"{""InstructionError"": [5, {""Custom"": 6004}]}",0,
B1C2xfcUajAAU8n3zfuXqXvvALRw8cB5sPzNB5ktpump,3hPpNc8defvUwz7yT3JDPemcNv2Av1DHrj52dL54Vpp1zqH4RkbyQZmQisyABA1ooUM5wwKB2GzbCyTYgXRSjRxP,423707229,1780362694,"{""InstructionError"": [2, {""Custom"": 1}]}",0,
B1C2xfcUajAAU8n3zfuXqXvvALRw8cB5sPzNB5ktpump,2h6qBwjbfYZ1MPqBYFbgTu3EBb7v6Zntxdx5X3S8YeXfj24APZPNCMvy7NC6rGaESYsjnUc9Vn7F9BNEmzhJKMvH,423707229,1780362694,"{""InstructionError"": [2, {""Custom"": 1}]}",0,
B1C2xfcUajAAU8n3zfuXqXvvALRw8cB5sPzNB5ktpump,5nM6iDMQowR8pk3BW8KecSYmJUUbspnRVKabup1ASEhXPxrv7cmE5j3s97pC5qtZgTytDnzJbbnQQ3WuRJqdgVRL,423707230,1780362695,"{""InstructionError"": [2, {""Custom"": 6004}]}",0,
B1C2xfcUajAAU8n3zfuXqXvvALRw8cB5sPzNB5ktpump,pdjxkCmYUzr7eFUSJvJM9vCBHBiipj1XDTq5WV7jeKbb2v3BobmJSnuc8pFhwA4pCrgyWATRYmwwmogYT3P9sEf,423707242,1780362699,"{""InstructionError"": [2, {""Custom"": 6004}]}",0,
B1C2xfcUajAAU8n3zfuXqXvvALRw8cB5sPzNB5ktpump,2csAVrtSLvf41t5F9QvrpSL2vU5rxsAjNEsKLVwiZNg462BKhaqjXVZCM3yZY1odB81zLzYiqr8daMHFrywQvv3c,423707242,1780362699,"{""InstructionError"": [2, {""Custom"": 6004}]}",0,
B1C2xfcUajAAU8n3zfuXqXvvALRw8cB5sPzNB5ktpump,4DjxBmtZF3nUDmza8UFASxqz7SmVV53Wiz6fE7Rk9URCBsrjtsjLqFiPbnBmvzRFj3MZq7vCcnWQrGeJxeDxbZ3R,423707242,1780362699,"{""InstructionError"": [2, {""Custom"": 6004}]}",0,
B1C2xfcUajAAU8n3zfuXqXvvALRw8cB5sPzNB5ktpump,4VZKCNknTJ23xucz9izHRNmniDKhe2gyC8AVdX92EuoMKJd6M8Kw4bYK8NbT4hnY7ZD4crhz5uk8RBgzZt5nrnNu,423707242,1780362699,"{""InstructionError"": [2, {""Custom"": 6004}]}",0,
B1C2xfcUajAAU8n3zfuXqXvvALRw8cB5sPzNB5ktpump,5NghCFmAH9abYHh5qoMimCViGhBHAQ41T2Sfe14vL89zaENvV5Mz5dQtWoYBSfiW4VQTW8Y3B1kfQZPKLNXJ2sg,423707242,1780362699,"{""InstructionError"": [2, {""Custom"": 6004}]}",0,
B1C2xfcUajAAU8n3zfuXqXvvALRw8cB5sPzNB5ktpump,2b3XddX32pwXALTjFsoP6P3CSs7Bxgv3Ffnrgg8pdQcmX6TSxmn71CmgmR1ZwZsPaLRo5T1kbGQoSMdry7ipGQiZ,423707242,1780362699,"{""InstructionError"": [2, {""Custom"": 6004}]}",0,
B1C2xfcUajAAU8n3zfuXqXvvALRw8cB5sPzNB5ktpump,f8vAQ8EGZt74QqY5yGKELwttZ2L1KAQbP9ph24fvxV2QuUw72NNgD8oiA1MPHCZHJQXftgDwLCu2NQTma9HeYxj,423707242,1780362699,"{""InstructionError"": [2, {""Custom"": 6004}]}",0,
B1C2xfcUajAAU8n3zfuXqXvvALRw8cB5sPzNB5ktpump,K9qYQMA16Ba8XwPSrLyrtNCkbgFFKGEVm17ZYzJfEQ5yhxFaCjsMu1y5ATUv9eWhej6epmUYgMwquT2cECmA9AM,423707254,1780362704,"{""InstructionError"": [2, {""Custom"": 6004}]}",0,
B1C2xfcUajAAU8n3zfuXqXvvALRw8cB5sPzNB5ktpump,2LXYoQvGsX4Xwr5ZWcykK9jnPGWHQbCEuiWCiFaQ1Ud6jHfodzijsgtXehh1qBnHDcGTi8bajEDcvJAWuiRXfpQf,423707254,1780362704,"{""InstructionError"": [2, {""Custom"": 6004}]}",0,
B1C2xfcUajAAU8n3zfuXqXvvALRw8cB5sPzNB5ktpump,4x9XvAXwxNFAZCoQLyNPcCK78wXEPjNNLh9NaphY7XrzozucXpA541WgxFqZmSPRhjwcB3QQ3ogdVFHuLvfEhjCR,423707254,1780362704,"{""InstructionError"": [2, {""Custom"": 6004}]}",0,
B1C2xfcUajAAU8n3zfuXqXvvALRw8cB5sPzNB5ktpump,4ULq28TpADparvvHeCsxEcFwPV2FKt5r3snz6Z2p4WjnAvCAe57dnR6RioQFxUsMETBM2mv3d1iPWeKD6tWBP6Ss,423707254,1780362704,"{""InstructionError"": [2, {""Custom"": 6004}]}",0,
B1C2xfcUajAAU8n3zfuXqXvvALRw8cB5sPzNB5ktpump,3jPPTNPw1KRqxfiCQJuTzvAXFdGsWjd5LR3Y2SA2VQn3Ry4u79ZVUmgKGPqH51ctE2fxfeFQPYg8Njnmpj92Zbhf,423707735,1780362892,"{""InstructionError"": [4, {""Custom"": 6004}]}",0,
B1C2xfcUajAAU8n3zfuXqXvvALRw8cB5sPzNB5ktpump,5esDvymEF7idr7txeVC4WM9ptN6S4QHhNSgxD4xRu7ZBKxU68AA1gjXocrqKkGwXHDcbQx3T26od23usoRBEkXzb,423707740,1780362894,"{""InstructionError"": [2, {""Custom"": 6004}]}",0,
B1C2xfcUajAAU8n3zfuXqXvvALRw8cB5sPzNB5ktpump,63ZEEpJ9bFhi77hrfuMUEg5fv5TuNo8mTwppGhr3kF9zubkhh7hPF2bUUx7KjdVZUohdoUbsiqyAcpyWfZrNGPxw,423707740,1780362894,"{""InstructionError"": [2, {""Custom"": 6004}]}",0,
B1C2xfcUajAAU8n3zfuXqXvvALRw8cB5sPzNB5ktpump,2rbcpgsHM3eUcdAUUntbwWbEy37toUwz2ddzUR9ptXb9qvsQUnmMzXQ8SwiocrbR4kSwt9epK55YmNqHQu7vVAkL,423707740,1780362894,"{""InstructionError"": [2, {""Custom"": 6004}]}",0,
B1C2xfcUajAAU8n3zfuXqXvvALRw8cB5sPzNB5ktpump,5E7rwZd2wekyFR7DBWvuWAAz5kgHpKMRTNue9tW1hDPpnNPvBF6aN4WoJnNMWShfVWpq7Lq5uhxRiUqPciJsStGH,423707740,1780362894,"{""InstructionError"": [2, {""Custom"": 6004}]}",0,
B1C2xfcUajAAU8n3zfuXqXvvALRw8cB5sPzNB5ktpump,33wJobTXVZeZ4QQua8psDGBcxUgbtyY2y8ZVRXXV5osKL9YnUVyS6CjvPwFJ9fbme7L5GEiLUsSG2G17HtvmMJq5,423707740,1780362894,"{""InstructionError"": [2, {""Custom"": 6004}]}",0,
B1C2xfcUajAAU8n3zfuXqXvvALRw8cB5sPzNB5ktpump,5dR2pEMs8vKPoJHEma6kfahZBoJbR6WDskp9FJPKFjPT1e5YMivhKzpgjf3yvX8RaJhJ2W32E2gnBzoyR1i2GT2R,423707740,1780362894,"{""InstructionError"": [2, {""Custom"": 6004}]}",0,
B1C2xfcUajAAU8n3zfuXqXvvALRw8cB5sPzNB5ktpump,ETk9sRBPsNVFevuB4W4iQauUMiG27PUQpE4wZCx8R67xf3mzkyivLzBKXMnhKJenTRuuCgdnsejy8tRjFpQ2xyk,423707753,1780362899,"{""InstructionError"": [2, {""Custom"": 1}]}",0,
B1C2xfcUajAAU8n3zfuXqXvvALRw8cB5sPzNB5ktpump,3ifWKMjjZ9YcfoaRWv9MrVg4q9ahGjFBttiNgpG9dGnvM2BKGkJBjacGVTRG7esEiSFGWUY2ecnfgLyc1UTGxuEx,423707753,1780362899,"{""InstructionError"": [2, {""Custom"": 1}]}",0,
B1C2xfcUajAAU8n3zfuXqXvvALRw8cB5sPzNB5ktpump,5rnWAnpvk8gNzWYmTbhVCkZRzbeWXRpbbvKFcacaWrR4ZBpPnrLfRuueMhnYTpwPhwtyZAztx2TPgt4KLeSSiKhU,423707753,1780362899,"{""InstructionError"": [2, {""Custom"": 6004}]}",0,
B1C2xfcUajAAU8n3zfuXqXvvALRw8cB5sPzNB5ktpump,5iFgpAAmHz5ZQ7aBkWnv8mssnTiAWF1rMe152keedzUQ438tA7KcM4LXy9KecEwPmt4ZHDTg5jUEc16XJSLun8YT,423707754,1780362899,"{""InstructionError"": [2, {""Custom"": 6004}]}",0,
B1C2xfcUajAAU8n3zfuXqXvvALRw8cB5sPzNB5ktpump,4qPD4wS3mhVePMkKHPiSZw85Yyj3ziKXFDg7amHkxF43FapTTZpXG5xFLYqEsUBj61f5BtGyYjvGyQJP84sV3zVR,423707901,1780362958,"{""InstructionError"": [5, {""Custom"": 6004}]}",0,
B1C2xfcUajAAU8n3zfuXqXvvALRw8cB5sPzNB5ktpump,3SFAd7qgy7PXGkyb2UkkrapWUE2FvqcKnYWVnMPA1BcBdL8ffGuxhyhxssgFVx1QMPe2MgQSn1tDPfmgtUbiWFGF,423707940,1780362974,"{""InstructionError"": [5, {""Custom"": 6004}]}",0,
B1C2xfcUajAAU8n3zfuXqXvvALRw8cB5sPzNB5ktpump,4YeAJRPMrGUFEV8UEWdz89YCWe796ynAAAon24kQf6HbnH8uFDbQLzxurMjtb2CiM1GMf7KWcByjs6j5v1V3Pncq,423707940,1780362974,"{""InstructionError"": [6, {""Custom"": 6004}]}",0,
B1C2xfcUajAAU8n3zfuXqXvvALRw8cB5sPzNB5ktpump,2z5Sjfj6F5r1YTRx5AhqPtHzZkbi9DbKfegEUWzesh8GmNKjyajYncjyD8foiVr74DUB7ev5zyFbW2Az5HN9tbtX,423707940,1780362974,"{""InstructionError"": [5, {""Custom"": 6004}]}",0,
B1C2xfcUajAAU8n3zfuXqXvvALRw8cB5sPzNB5ktpump,3bSEpiqUpe3Xy92EHj1cMxcPpnzNom31NfKVxxu4Lrt1ucWT5JihxArvomLdpVB2yrz1rE9SCJ9EU4ZLccoW3fj7,423707940,1780362974,"{""InstructionError"": [4, {""Custom"": 6004}]}",0,
B1C2xfcUajAAU8n3zfuXqXvvALRw8cB5sPzNB5ktpump,5S3s3c6gkprUkua8Jx8ndeAcSQFnWaXDTYnwvNGzqSzwcdrcLnNsXLoA4vqP4qhB682sA1mZfYAz2df4SXtCUDX,423707950,1780362978,"{""InstructionError"": [6, {""Custom"": 6004}]}",0,
B1C2xfcUajAAU8n3zfuXqXvvALRw8cB5sPzNB5ktpump,K1SR8xdbd5XyovDPt2gxNQNvxB1wEJMT5s4xjvtVtfdDhDc98ZcUujJMzVMQspnoLa3K4DL4vjF1nRBfBmnUTQU,423708738,1780363289,"{""InstructionError"": [4, {""Custom"": 6004}]}",0,
B1C2xfcUajAAU8n3zfuXqXvvALRw8cB5sPzNB5ktpump,3QtqKL8464BC9JMHtwNg29WUDytxLh56BpX1g6WuWLRwMnHv1cJCiG8rAYUtVQbnwNZ2WApUtyxnqQhtjhAJa8Pw,423709017,1780363402,"{""InstructionError"": [4, {""Custom"": 6004}]}",0,
B1C2xfcUajAAU8n3zfuXqXvvALRw8cB5sPzNB5ktpump,66KaHyKgCvUPpLa2KGbrzTqGfH3Vh6dVrVcapAT9rQtFBMaen6AfYDzNBP7ZSjxjh9zjVxEDAQ9UAw6uQLJKDjAx,423709052,1780363417,"{""InstructionError"": [4, {""Custom"": 6004}]}",0,
B1C2xfcUajAAU8n3zfuXqXvvALRw8cB5sPzNB5ktpump,3FnKuyGkP9uW5765k81rsTyJ1uF1aQeu4QiFzz1HppTHQXXg7hByHgveiMT7zuBCQEyV4otvH5iaaT4QxLB2SaJM,423709053,1780363418,"{""InstructionError"": [4, {""Custom"": 6004}]}",0,
B1C2xfcUajAAU8n3zfuXqXvvALRw8cB5sPzNB5ktpump,VyXk6LDMbVwyvXs26dDTLkdQDv6FbwZP7p6TjHmzCiKTKPdEt9Z5PzbyPUHsGoqS29EdESCDxj1RNe5bX5eA3vA,423709060,1780363421,"{""InstructionError"": [4, {""Custom"": 6004}]}",0,
B1C2xfcUajAAU8n3zfuXqXvvALRw8cB5sPzNB5ktpump,46LKk6WrjeGjhmUiysR1L2BABAg93nQcZ4XRUJVMUVrzLm48rsrrxz1BDf9n49t3qk5k5AN9yrqWgWjGiaegfR2n,423709180,1780363468,"{""InstructionError"": [4, {""Custom"": 6004}]}",0,
B1C2xfcUajAAU8n3zfuXqXvvALRw8cB5sPzNB5ktpump,4Jtv9eF7doSoGNXgqu6CQYoFrb4ZWPjne5vY6hsZRWJKHYP2wUc73dVmELggViMs9uyxCiTjKx5HhmLyQRpMyEL4,423709356,1780363541,"{""InstructionError"": [4, {""Custom"": 6004}]}",0,
B1C2xfcUajAAU8n3zfuXqXvvALRw8cB5sPzNB5ktpump,uX17XPCVCHPaVyTYdQXWAyQE8icXCTvdcVcqnFuf3QfhBdS3uchSnPun6exFZYfp4y5tH8y8opu7snfDg1fZm49,423709377,1780363549,"{""InstructionError"": [4, {""Custom"": 6004}]}",0,
B1C2xfcUajAAU8n3zfuXqXvvALRw8cB5sPzNB5ktpump,2qTYxb4Hri5NLGxPcR2PbijkWHJf4F4KRRxUQV7dZwf3Zse155FJsq9UauRSicoSzYuUPXDxczNZMgNUCS19VWFb,423709425,1780363568,"{""InstructionError"": [4, {""Custom"": 6004}]}",0,
B1C2xfcUajAAU8n3zfuXqXvvALRw8cB5sPzNB5ktpump,5CAWWe75EhuvpkKLdy9quK2B1SQoCkfDeLx5yqHKDZ5YwNqn2613cKig7pkbdUM8pxxaMYTWFaBCfr8bXtc2RQZP,423709467,1780363584,"{""InstructionError"": [4, {""Custom"": 6004}]}",0,
B1C2xfcUajAAU8n3zfuXqXvvALRw8cB5sPzNB5ktpump,5nE5iMNJr1GtDL7XjBAN62qHRVQMXaSHfvdb14ffTRsjPA9JrXVQE2KV522GQYkWahnaZH4jf6sRM4p7vpikFpMb,423709518,1780363605,"{""InstructionError"": [4, {""Custom"": 6004}]}",0,
B1C2xfcUajAAU8n3zfuXqXvvALRw8cB5sPzNB5ktpump,2JmMnDa8HgNtc2xQnL8UxPsZPAKZkSA5LPQMrAJvoC94obVFNADZb4ik7eTMdisstcMCXJxwuL4592wUbZbocnAK,423709597,1780363635,"{""InstructionError"": [4, {""Custom"": 6004}]}",0,
B1C2xfcUajAAU8n3zfuXqXvvALRw8cB5sPzNB5ktpump,28cRMv9FKzxcwNsVYBNuCzJKyjMaB6g5isH5Ms484k7RrgzWjbTFgMCwoxqzSsLsykumD8K3XXKB6SS8teYFxSNr,423709680,1780363669,"{""InstructionError"": [4, {""Custom"": 6004}]}",0,
B1C2xfcUajAAU8n3zfuXqXvvALRw8cB5sPzNB5ktpump,23tQhRq59eDE3wEfKqo2neMbqzHqnpH4tZrpYB2ThEwYFdvtdKWDQZbwPW7mDUabPR2rGTGDYfNfgABG2Bg85g5z,423709703,1780363678,"{""InstructionError"": [4, {""Custom"": 6004}]}",0,
B1C2xfcUajAAU8n3zfuXqXvvALRw8cB5sPzNB5ktpump,3e1okykA2Cm9xskheHnKerxatxXqeKv9DDKmsBnH45u1ADRSgiYXQ6fXeCFxNnEaqracZwEwpHM9xgjWPVH6BXbw,423709713,1780363683,"{""InstructionError"": [4, {""Custom"": 6004}]}",0,
B1C2xfcUajAAU8n3zfuXqXvvALRw8cB5sPzNB5ktpump,AA35RMSBvM9w4TojkDvpb9Xrt2PKJHSk7JZY4tM9d2bWdoim8S9ymYprFC27VJG8SuUcv1GKNLoRSHXiFzpUmcc,423709984,1780363790,"{""InstructionError"": [4, {""Custom"": 6004}]}",0,
B1C2xfcUajAAU8n3zfuXqXvvALRw8cB5sPzNB5ktpump,5tyENW8bUvBZNdq49AEYZyf1XLn6kV4LJwWjCw1Jjgo9Fme3P8J2ZWi3UmifLRcvZM1VJcN7VAYwZs3wF8iuAJMJ,423710017,1780363803,"{""InstructionError"": [4, {""Custom"": 6004}]}",0,
B1C2xfcUajAAU8n3zfuXqXvvALRw8cB5sPzNB5ktpump,4fDGcFA3AXYv3RrL51zgAPoqhAtvDvjssz9GiGFtYKTVyyWnGcEXxqrwBpeqZc2WA17H68SDh4UHFihmp86vG8Jq,423710018,1780363804,"{""InstructionError"": [4, {""Custom"": 6004}]}",0,
B1C2xfcUajAAU8n3zfuXqXvvALRw8cB5sPzNB5ktpump,4JJZCRexaFpQmEg2B4oTL9PBE9P15J6cZWurQDuP9EJYxSxZcpqh3jWgd73LFK9tg4CkhRJT2TEpBv8S5UvPt8Sg,423710099,1780363836,"{""InstructionError"": [4, {""Custom"": 6004}]}",0,
B1C2xfcUajAAU8n3zfuXqXvvALRw8cB5sPzNB5ktpump,5xvveHkHWUxvpu8Zg26cnMSwb6oCpDzsAqijeKJoHqHtKEGz396Rrvyr7WNHXNFvXb6waZU6TMwmabjvagBTPK5F,423710317,1780363922,"{""InstructionError"": [4, {""Custom"": 6004}]}",0,
B1C2xfcUajAAU8n3zfuXqXvvALRw8cB5sPzNB5ktpump,5TULj1pRHJ9tf5SxtUuVwJryuKfNUL8F3wRKTTuyeUPNjd4ND9QLH7DZVts3GHQnoEVbBziAM99LpKcEWhxXvoxL,423710735,1780364086,"{""InstructionError"": [2, {""Custom"": 1}]}",0,
B1C2xfcUajAAU8n3zfuXqXvvALRw8cB5sPzNB5ktpump,54r6mamuR2fj7wa6gyYezqHDzNUqJKJLYnS7uKHhwqa72KGBtcxBggr6ba47bzzu4rR5uhaBBrM8wwaMmeDqwUzV,423710927,1780364162,"{""InstructionError"": [4, {""Custom"": 6004}]}",0,
B1C2xfcUajAAU8n3zfuXqXvvALRw8cB5sPzNB5ktpump,4Ubh3gjikGNQpLi6wnVvTdq9vqTD9u2vg1XLeY5RnQyq6QsGBryEcyU4VjNniN5kfv8tDPy9ccp5RYJ1Zks276ZE,423711172,1780364260,"{""InstructionError"": [4, {""Custom"": 6004}]}",0,
B1C2xfcUajAAU8n3zfuXqXvvALRw8cB5sPzNB5ktpump,64vmmSSfUrjBTbFcyymxzJqr7wX35cYLxE54uCq6KmMdVyb9vsm195yFJnGEbqbbDtT6n5vuhGQ321zGJxyVhw69,423711172,1780364260,"{""InstructionError"": [4, {""Custom"": 6004}]}",0,
B1C2xfcUajAAU8n3zfuXqXvvALRw8cB5sPzNB5ktpump,3nKSuwwREBPyjo57X1nBunCeH473chih2EtkKCYCb3dYbq32nVAqoHUgyYSCNbXo2BZn8QL9uffhCV9NcCzHPj92,423711173,1780364260,"{""InstructionError"": [4, {""Custom"": 6004}]}",0,
B1C2xfcUajAAU8n3zfuXqXvvALRw8cB5sPzNB5ktpump,34ZbMiNmbc9Mzpua7Ch9uQ1hum1aGM1sFx8eaQSr2hQEyPJ5wXBcQP5CkFkUmEtUDvcmS53m7Kap41aag4YnLW7p,423711650,1780364447,"{""InstructionError"": [4, {""Custom"": 6004}]}",0,
B1C2xfcUajAAU8n3zfuXqXvvALRw8cB5sPzNB5ktpump,3wFAEzWBN6pWNzondjNqvZ6KHcc3Z5DWac47HtH7JSKPYgYwVAYMAAZjxUryUV7B4AMxiLV7negEwoC4VNfrNteb,423711732,1780364480,"{""InstructionError"": [4, {""Custom"": 6004}]}",0,
B1C2xfcUajAAU8n3zfuXqXvvALRw8cB5sPzNB5ktpump,45jSNvt9K3KuJepS6xGSxcnx4eAdWwVHbnHz193526JuUdZ2qgKzMAXpB2tpLh4v4gPAPuEjtYq7xgqQeCreVAdB,423712000,1780364587,"{""InstructionError"": [4, {""Custom"": 6004}]}",0,
B1C2xfcUajAAU8n3zfuXqXvvALRw8cB5sPzNB5ktpump,2Hy47Rr42hVhwUAiViCWN7VXqmW4QQv21KGwGFv4fo3T3TzSR4wAQAWPiWEgv3rRitUxStSeqvgFVNjmQ7ziipkQ,423712062,1780364612,"{""InstructionError"": [4, {""Custom"": 6004}]}",0,
B1C2xfcUajAAU8n3zfuXqXvvALRw8cB5sPzNB5ktpump,25PvVvU49cKrZxar4R4eQKACXxABjA8ssWe8FH6z3PuuMjcHhQBmaSnQpJvXQDkwD9be9qwedPRZtxdE5mxHjeSy,423712072,1780364616,"{""InstructionError"": [4, {""Custom"": 6004}]}",0,
B1C2xfcUajAAU8n3zfuXqXvvALRw8cB5sPzNB5ktpump,2nRFQzkPyQnY3uHcMwd2KXhHdk8Bq5NcRW1jt94tFft8NhQ3mWP31Cq8L5CJH3KQiZFcXccuvjYguY6PK8uuoHYC,423712424,1780364755,"{""InstructionError"": [4, {""Custom"": 6004}]}",0,
B1C2xfcUajAAU8n3zfuXqXvvALRw8cB5sPzNB5ktpump,2onA8G5UvNjK1ugjRro2e79zHen8yFeZnG1wqZi3d67Dk2ThqD18Xc97PzMAoKwxRZUBwXjfgNGvPrv48x88FKnL,423712688,1780364859,"{""InstructionError"": [4, {""Custom"": 6004}]}",0,
B1C2xfcUajAAU8n3zfuXqXvvALRw8cB5sPzNB5ktpump,3kz1yu2RJyCAb9bUCcAW4uxaBWAZDKGnsv1EBzkaFbQSfoBWio7myWoNiYNCxsZYtqb4KRP2eQs2fv5JNfWy3fN6,423712776,1780364894,"{""InstructionError"": [4, {""Custom"": 6004}]}",0,
B1C2xfcUajAAU8n3zfuXqXvvALRw8cB5sPzNB5ktpump,4gbgJdZb56KvLN852U9jghPJBjFmcC6HVgxjDde2fbizY7akPvjT8Vr65agGHa28VXm8KhvUsuSiTkYQpMuTH79y,423712881,1780364937,"{""InstructionError"": [4, {""Custom"": 6004}]}",0,
B1C2xfcUajAAU8n3zfuXqXvvALRw8cB5sPzNB5ktpump,3w5gGaBHEJUNsKqvhwQttHAnKsqGFe1brc3YLrTsLuCTShjcoL4KSAaCeXGRAY7t5TDHMhqFEHMB69J42xdNGMSi,423713020,1780364993,"{""InstructionError"": [4, {""Custom"": 6004}]}",0,
B1C2xfcUajAAU8n3zfuXqXvvALRw8cB5sPzNB5ktpump,2TwaaZPCFQo27goe37KYSxaM5n6NQ1M3JmVBG8g8Wg4a8ijKmqVwbRPgdQXW2bGNLT5UqikCjDk2wCnCzqZAxkds,423713104,1780365026,"{""InstructionError"": [4, {""Custom"": 6004}]}",0,
B1C2xfcUajAAU8n3zfuXqXvvALRw8cB5sPzNB5ktpump,3PiH4xuGMy85mKwzBCyKjuE3aD6Qt8k75QVgfQXWYP9t3C88AbyL3D1AVu6wrLBgF92sm8LcUYUEbyFrXrot4dB6,423713563,1780365207,"{""InstructionError"": [4, {""Custom"": 6004}]}",0,
B1C2xfcUajAAU8n3zfuXqXvvALRw8cB5sPzNB5ktpump,2aV88efBdyBS7s6q7NeZWEv1TC6aEZ9gPiU3hoiWSXwHM6dGQtHZvfhu7t7g8XuQKhCedZpF3sNg7YaLSGvPArqb,423713571,1780365210,"{""InstructionError"": [4, {""Custom"": 6004}]}",0,
B1C2xfcUajAAU8n3zfuXqXvvALRw8cB5sPzNB5ktpump,44GGcTA9UpNLmHWfgFcmiMnyaYsAxCX4UoGhKghuGUddS4JkdCqmAK9Lh6PPwN3XY7J5UhTYPYShgAmfxvCodmfW,423713635,1780365235,"{""InstructionError"": [4, {""Custom"": 6004}]}",0,
B1C2xfcUajAAU8n3zfuXqXvvALRw8cB5sPzNB5ktpump,5CrRe8bWGBwMdyJTMsM8SQ7CymCqnDYNK8Q3EHZwZB6mPBbSCiDz4f3wMHiKhShYCeQu5r2g8YvXFucXH88F8MrA,423713658,1780365244,"{""InstructionError"": [5, {""Custom"": 6004}]}",0,
B1C2xfcUajAAU8n3zfuXqXvvALRw8cB5sPzNB5ktpump,2Bs6Bep21EeuhDWpJoySEBgPDnCSMsB6oeaLQAEP1VoHmr2Gtd7GmgJtHD6c7rFhJ87ibVJ1nXRPrvoqjeaXZ3zL,423713734,1780365274,"{""InstructionError"": [4, {""Custom"": 6004}]}",0,
B1C2xfcUajAAU8n3zfuXqXvvALRw8cB5sPzNB5ktpump,4rsa6pvDFcg62Bd5pPfFLKx8moFpZyqhhF39DAB5TiUxqCg8NaXd65zgU4XmGSVtmAsfXnbaWXLBeaYAHnZYkuu5,423713760,1780365284,"{""InstructionError"": [4, {""Custom"": 6004}]}",0,
B1C2xfcUajAAU8n3zfuXqXvvALRw8cB5sPzNB5ktpump,5BCJCPQMYPLmky4Nyxai1Li4veXZm47xsnRsKjkFCDB6bAgHdWDmko9AchAUmcfBXEkjVXk1NFfVeMfJYUZTtGEc,423713771,1780365289,"{""InstructionError"": [4, {""Custom"": 6004}]}",0,
B1C2xfcUajAAU8n3zfuXqXvvALRw8cB5sPzNB5ktpump,4DHsHa3poHB5P3Fx7CKezaguSecGADrFGxKxShguS5xeQ3wToud3mfW62dLQnurHg92T7xfR65RrqHksGr5QksaS,423713941,1780365355,"{""InstructionError"": [4, {""Custom"": 6004}]}",0,
B1C2xfcUajAAU8n3zfuXqXvvALRw8cB5sPzNB5ktpump,2X2eiAUas943ocuDrpY8HpM7xK71MQ9KKJ1gjzuS2fpMP1VtEMr5BJjBym7UkRdrhAp6EuEvPqnbXpMzDnkAWZL6,423714025,1780365389,"{""InstructionError"": [4, {""Custom"": 6004}]}",0,
B1C2xfcUajAAU8n3zfuXqXvvALRw8cB5sPzNB5ktpump,2NQc7gdax6KbPz5BcfvfFMaQAnDQYTcw1qLb4kSZGzd5m7fT2voMiEY2K4y7DnH2fuT8T5QUwVJ5R7qX4cPNrT2u,423714358,1780365523,"{""InstructionError"": [4, {""Custom"": 6004}]}",0,
B1C2xfcUajAAU8n3zfuXqXvvALRw8cB5sPzNB5ktpump,2LAANtngskFrC85itZ7DfHsp26kRsRDpQUTWTZTHfuAoiuf3eK41bUmdYi1FYGFWukosfo1BUCSmQX5nL8zUCBnc,423714576,1780365610,"{""InstructionError"": [4, {""Custom"": 6004}]}",0,
B1C2xfcUajAAU8n3zfuXqXvvALRw8cB5sPzNB5ktpump,6E9Rw1QfCg4R4Ku4eCw6Udkqcg68EmEj7AfJhBLWgp6ZwKziQJvHcCuw6FNvbtqXbULNxfHD1GtEVVVF2hh4Vpx,423714944,1780365757,"{""InstructionError"": [4, {""Custom"": 6004}]}",0,
B1C2xfcUajAAU8n3zfuXqXvvALRw8cB5sPzNB5ktpump,26o7arS3Lr3ijsMmP2QMsYFLKRPCPsjLtSmwX8JNy3kSA5dVgjthp93hUXENxSA42G45SkhoHGT6HmmGbBPRBMJ9,423715368,1780365925,"{""InstructionError"": [4, {""Custom"": 6004}]}",0,
B1C2xfcUajAAU8n3zfuXqXvvALRw8cB5sPzNB5ktpump,5Cw7Nu5UM3W1suituPuk2KUo9kXzUc2gsYKhcvArB9QWwCHTDxiQ3hcaKAtLhkLDQtx9eGA7eZrarMza7bFLn6pw,423715455,1780365959,"{""InstructionError"": [4, {""Custom"": 6004}]}",0,
B1C2xfcUajAAU8n3zfuXqXvvALRw8cB5sPzNB5ktpump,3UYJh4iPC6mdndzZL3voXaqAaAxtu9pMR9L2jth88qGqCW7eHRaEvHEtTZSEz7Pd5SbFjo2GVzPWqgXXxAqWR69m,423715455,1780365959,"{""InstructionError"": [4, {""Custom"": 6004}]}",0,
B1C2xfcUajAAU8n3zfuXqXvvALRw8cB5sPzNB5ktpump,3gH3PjkoY5P986qQdNxs4iVHDA1rLEpSJFDuMoEtT8DL4LQ3p4pSHiNRs8NQUPg2Py1vqzR9dsgGK4RqpFHGJe29,423715534,1780365992,"{""InstructionError"": [4, {""Custom"": 6004}]}",0,
B1C2xfcUajAAU8n3zfuXqXvvALRw8cB5sPzNB5ktpump,Src9AgP6mAPukSqHXQ7ELBSRiSZHHVWJs9drzThsnTrbBL8vdTgFynoEvNkgj1DyRj3sWBDw6pQMAkp9RKvF77K,423715534,1780365992,"{""InstructionError"": [4, {""Custom"": 6004}]}",0,
B1C2xfcUajAAU8n3zfuXqXvvALRw8cB5sPzNB5ktpump,3U2Co45LPifRWP92j9kPtWBfruYkQVvwvn54Lzse1UhkbBPMbJL6kkcERtrzqSQs8YdgCgajfyEiGYmFVintGEFS,423715537,1780365993,"{""InstructionError"": [4, {""Custom"": 6004}]}",0,
B1C2xfcUajAAU8n3zfuXqXvvALRw8cB5sPzNB5ktpump,3XL2ERFM1AVfqi6aTsJcXkCurN89NMefZY51Jn87TRSVZRVdd4EU1whmoXSwVJsbm8PegWekiJYS8RUyRx4D8uht,423715624,1780366028,"{""InstructionError"": [4, {""Custom"": 6004}]}",0,
B1C2xfcUajAAU8n3zfuXqXvvALRw8cB5sPzNB5ktpump,66AY7q4JKFot6PtqRjvDq8H3yKTayTM1TLzFo17dvz65Jdo43hkdLRLCxFbLuRrXt85UgiGJGtK1Fo1h7d8Fui9K,423715744,1780366075,"{""InstructionError"": [4, {""Custom"": 6004}]}",0,
B1C2xfcUajAAU8n3zfuXqXvvALRw8cB5sPzNB5ktpump,2gYJJDHweomqAkFZEA8Yr9WxhSPutikUisd6MVcfcTgAdyAZSBeWyF19LtKqpm7tvrnGr53SQRa8TFxifbEsdk88,423715744,1780366075,"{""InstructionError"": [4, {""Custom"": 6004}]}",0,
B1C2xfcUajAAU8n3zfuXqXvvALRw8cB5sPzNB5ktpump,2AjH5ymWvNNTHGqSyVN7k2Qt2VjQ1s8mm4JTEKdj1Umt36bbqh7Aq6hntBZGKEM5Ax23siUopG2JomA8UPJ5DVi8,423715744,1780366075,"{""InstructionError"": [4, {""Custom"": 6004}]}",0,
B1C2xfcUajAAU8n3zfuXqXvvALRw8cB5sPzNB5ktpump,2yUv9GxBRUx5whkSjrZyC6tGkqar6KaAoA8UBcfArgMaSxkHSpLjsLMdSzzciRGHBz8F6qFLTbPjkbuqMebhmPv7,423715744,1780366075,"{""InstructionError"": [4, {""Custom"": 6004}]}",0,
B1C2xfcUajAAU8n3zfuXqXvvALRw8cB5sPzNB5ktpump,4CvSxwjHgd9FGQxgBqC1LxyGcQRZHZhmcu6AGsaKPD9rmB54gGq524K9Zq8XuvACCcJ7Vw7GZwwC5FzoWJgiWBGA,423715812,1780366102,"{""InstructionError"": [4, {""Custom"": 6004}]}",0,
B1C2xfcUajAAU8n3zfuXqXvvALRw8cB5sPzNB5ktpump,yoPMw9J8fpDG9gDKNMGwicxxPujRCZB7bFtTonXnuPhvvSqiisjdP8LKs76TYoZYkTU8TZ1LgaWQfEh6J3wz37W,423715812,1780366102,"{""InstructionError"": [4, {""Custom"": 6004}]}",0,
B1C2xfcUajAAU8n3zfuXqXvvALRw8cB5sPzNB5ktpump,3daxkUmxUFCw5Mu8eRtxKfgynrBvnBGAzSsGLt5S6fLCt4g3kgNASFp5WF5BPv5an8sxT28yipCGCUJTQp6o5z67,423715870,1780366125,"{""InstructionError"": [4, {""Custom"": 6004}]}",0,
B1C2xfcUajAAU8n3zfuXqXvvALRw8cB5sPzNB5ktpump,5Kf3TP3w8ZRb8XHUVwzo2wQQ8341xqhJgPQBpWV8KgwFC9a2zzJhuiDXHVYEfD2W3qqWRhQ94Z8eGxy6A7J7NCvs,423716096,1780366213,"{""InstructionError"": [2, {""Custom"": 3012}]}",0,
B1C2xfcUajAAU8n3zfuXqXvvALRw8cB5sPzNB5ktpump,53dm6jMRoTb3Vm3ohVyqduG2tCDRfv3YKn8ZubfbU7AVBXoc7nT6vSfE4RWMCZ9cXN8mwh1a8g51RD9njuZaMuaD,423716125,1780366226,"{""InstructionError"": [4, {""Custom"": 6004}]}",0,
B1C2xfcUajAAU8n3zfuXqXvvALRw8cB5sPzNB5ktpump,2wFngU2NeSNXnrqLxA7KgksA9DniSiWAjTMk1sVuY9oBKvwviKaWMV6cPsYwjvE9LXtWUAJm9Wr9ynzScUudYfSs,423716142,1780366232,"{""InstructionError"": [4, {""Custom"": 6004}]}",0,
B1C2xfcUajAAU8n3zfuXqXvvALRw8cB5sPzNB5ktpump,561QkK1YrSaLZSgLQf66o6wpwJfi59tTAeXVATfDBws1rRw1dpUcbxBiYQnmwUF7XpTFDisNCLwr4LRNZhxgM8r5,423716293,1780366293,"{""InstructionError"": [4, {""Custom"": 6004}]}",0,
B1C2xfcUajAAU8n3zfuXqXvvALRw8cB5sPzNB5ktpump,5LJ9qdiKhCxJmDuep4P3gyd4dBRsJo6G6nf31bzEG6h8u7T3Xyfb47PPFf6thyRqjoPBuGZMkjGptN1NEGrfHpy4,423716377,1780366326,"{""InstructionError"": [4, {""Custom"": 6004}]}",0,
B1C2xfcUajAAU8n3zfuXqXvvALRw8cB5sPzNB5ktpump,5yy5VB58e3cHadLD1JwKdjAG7TKSPVNkHx62PJokQwmWjQG1jeJriqFqPrZjZWBeTUF3ys6hpdCanb8RGCk62Hvv,423716633,1780366427,"{""InstructionError"": [4, {""Custom"": 6004}]}",0,
B1C2xfcUajAAU8n3zfuXqXvvALRw8cB5sPzNB5ktpump,QmQx5GdgGH3UHtcDkf7kwq1cWGmWJYVxhPezPuQ6hMmbyNCnAfgVKHXCrFCcJyBCGZqfjtVFSxUWpDtmLd1AP6X,423716715,1780366460,"{""InstructionError"": [4, {""Custom"": 6004}]}",0,
B1C2xfcUajAAU8n3zfuXqXvvALRw8cB5sPzNB5ktpump,3Q2sXroZAEaobSueHMgNZRBEoyboNBV1jEANoiorbgpKoXBQYjf4v9rzhNhr1p1TNFc2nSDzGSkuH6ppkZjowveT,423716801,1780366494,"{""InstructionError"": [4, {""Custom"": 6004}]}",0,
B1C2xfcUajAAU8n3zfuXqXvvALRw8cB5sPzNB5ktpump,5688DiK9o7e4EXhWAdNKedw8uDDCNTmeRYp968VKyPovz3cXUhcgE9dG6d2gvcR4At9oUSSGSLwbyx3DCAqt2y9y,423717324,1780366701,"{""InstructionError"": [2, {""Custom"": 3012}]}",0,
B1C2xfcUajAAU8n3zfuXqXvvALRw8cB5sPzNB5ktpump,2EDUGB2Re2ktQbHHUCTLtvLBsPVW1PnooY9MV9dowtrfuAuGXt9SBxJpQ9eYycccFp3twQAV1bdcaYNydzcHEqAK,423717806,1780366892,"{""InstructionError"": [4, {""Custom"": 6004}]}",0,
B1C2xfcUajAAU8n3zfuXqXvvALRw8cB5sPzNB5ktpump,X3M7QBBjmgqnEDQ6pzRVzH2WaPWZFdY3JDudryteDYugg5fkWW6i5qkBQfxk14Wxv496muzV79gxRxHRC7McLKL,423717938,1780366946,"{""InstructionError"": [4, {""Custom"": 6004}]}",0,
B1C2xfcUajAAU8n3zfuXqXvvALRw8cB5sPzNB5ktpump,5zPw4MyBsg3UJfFqnFbVwphBmxQFZBqjVEGMCVCxRHtkgvYtWK9AXejmWoE3Md6q8zxRptscztUYeyLp2jq12tyC,423717969,1780366959,"{""InstructionError"": [4, {""Custom"": 6004}]}",0,
B1C2xfcUajAAU8n3zfuXqXvvALRw8cB5sPzNB5ktpump,2kFcWXAMY2ob5eZPWPnvojaenk2oM2nr4MJ4gct2xjG3x8bQyRNBEmAdmLfUpQe18gUAdfvHPGPwNFjTusCqojCS,423718138,1780367026,"{""InstructionError"": [4, {""Custom"": 6004}]}",0,
B1C2xfcUajAAU8n3zfuXqXvvALRw8cB5sPzNB5ktpump,3YatVkWUSV9cL76HVdDshW6v9Z5UUwBnGGVsYwHPQ1vHoM4M1NsfmhpZYAdPphDMVprUUWbP2pVeedsc9NoNrMhh,423719650,1780367627,"{""InstructionError"": [4, {""Custom"": 6004}]}",0,
B1C2xfcUajAAU8n3zfuXqXvvALRw8cB5sPzNB5ktpump,5Q9QzSmX7cfnT9tYPG9W3LAMYknZ8AnnYU28FTKyU7jyzN1sLWXsLBZgAhBshXycwBNX3Y1c5AuEDaj4BprnTrkX,423719968,1780367751,"{""InstructionError"": [2, {""Custom"": 3012}]}",0,
B1C2xfcUajAAU8n3zfuXqXvvALRw8cB5sPzNB5ktpump,4bR47C3bhzNFJy3L8wP66BKBvoJzWzkm9G7b3DVMNTHUjUkk4bbeKja2V8WSFkr8dgkfY5CSZnrDaSjNM1UfMgPi,423719972,1780367752,"{""InstructionError"": [2, {""Custom"": 3012}]}",0,
B1C2xfcUajAAU8n3zfuXqXvvALRw8cB5sPzNB5ktpump,3TNvFqX81qQcSAwvFtgGykyegb2UkyRVAUV97GFPSoxxkCUPHpyp4D9koCUo3WJWSkJvhsNEXY7gEeW5fspPbnYT,423721290,1780368281,"{""InstructionError"": [4, {""Custom"": 6004}]}",0,
B1C2xfcUajAAU8n3zfuXqXvvALRw8cB5sPzNB5ktpump,3ithaZiKSFajsdFhMYT9rCf1gSoXsfUTfW8JuotvQPqqTKTb3AqajbYKbyhFHcwg6g4bY1FgpCFbC94nVqPGPFup,423721790,1780368482,"{""InstructionError"": [4, {""Custom"": 6004}]}",0,
B1C2xfcUajAAU8n3zfuXqXvvALRw8cB5sPzNB5ktpump,5XL1cGrow3waoGqdFJ8S2bCLCNjWUbW9hUKErRab5yjZLkYRGesrhFqGd9ftJk6kKgLbVh8p8i34s7vRWPWnMuxv,423722466,1780368750,"{""InstructionError"": [4, {""Custom"": 6004}]}",0,
B1C2xfcUajAAU8n3zfuXqXvvALRw8cB5sPzNB5ktpump,EVpSyXR1M9xHjCazBVjvZ72wWTirtEHdXXDzxTPrC3cqpiFyukATyMSRVe33WdGd2b4D31iS32ks8cFa2cxCbig,423722551,1780368784,"{""InstructionError"": [4, {""Custom"": 6004}]}",0,
B1C2xfcUajAAU8n3zfuXqXvvALRw8cB5sPzNB5ktpump,3i4bdvwFyNhNaTAfWBLHpnZQKE2ufEkcQiRV4AB1U8tYMGtbuR3HXTBfhRcSHmJh8Vb8itEqNP7mc9NyUghoo9or,423722725,1780368852,"{""InstructionError"": [4, {""Custom"": 6004}]}",0,
B1C2xfcUajAAU8n3zfuXqXvvALRw8cB5sPzNB5ktpump,2i6FGisXNSNiMEfX78fhqAXR35wGjRiZhbfTpkgYV4ZAMfjBpNFFbEzetuftSMSHmyMd68zpodSi3iSiQwckyUf,423722840,1780368897,"{""InstructionError"": [2, {""Custom"": 3012}]}",0,
B1C2xfcUajAAU8n3zfuXqXvvALRw8cB5sPzNB5ktpump,XjGg8Bqrepu2oB6aPMoQvkUvLWHAW1CQY1Ya6ay1x8SoD24Bo1rq2jEMB8qai9mgUbizcEZWGVNAuqsckf1P652,423722977,1780368951,"{""InstructionError"": [4, {""Custom"": 6004}]}",0,
B1C2xfcUajAAU8n3zfuXqXvvALRw8cB5sPzNB5ktpump,4e2ZV4bG5cimfgfffF9px4xhqLmk88Bzjsw6XAjgjVDhAAb18f1WYPzf9rYPskMN24NKnCGWS1LTkbAB8hzJGWnv,423723644,1780369219,"{""InstructionError"": [4, {""Custom"": 6004}]}",0,
B1C2xfcUajAAU8n3zfuXqXvvALRw8cB5sPzNB5ktpump,4n8YENtUkyoTppwVsYyoKY78t3FAU2Vq6BWtVG1A2a8pkgnRYEHDHMstrgjpr3dXRHTobsFyGXW92JUqFNxob3c2,423723647,1780369221,"{""InstructionError"": [4, {""Custom"": 6004}]}",0,
B1C2xfcUajAAU8n3zfuXqXvvALRw8cB5sPzNB5ktpump,2NxFWhrvcoXNwjBzKppX2SRYvr8TSkFp7snHu6XGc6x42ZzQJXfrTUXXBXA8SB42ug6AQZ6W2gptpPYeft2iDBkF,423723724,1780369251,"{""InstructionError"": [2, {""Custom"": 3012}]}",0,
B1C2xfcUajAAU8n3zfuXqXvvALRw8cB5sPzNB5ktpump,3vGusi6aTeeQFR5SN8DkAZHBPwvvqwFKy4HVEXsXp3ydf5FW475vb32d9xfsJBS4ANPZqU9eTfTxppMyHpxEa6nF,423724088,1780369393,"{""InstructionError"": [4, {""Custom"": 6004}]}",0,
B1C2xfcUajAAU8n3zfuXqXvvALRw8cB5sPzNB5ktpump,4DS5NpfYBpFhC5nbactDJBZgeKZtCiUtxT3mrXnCR75ajrYn9oaowW8MdfUv2iRfPjWvUf8Mjaa4XBQwUK5h1UKb,423724111,1780369403,"{""InstructionError"": [4, {""Custom"": 6004}]}",0,
B1C2xfcUajAAU8n3zfuXqXvvALRw8cB5sPzNB5ktpump,2HvVaoKDQPnDZgztUKuP8aPVjtos5b3Ggwmg941mhgyPMgEsmGbNBACBCzCJLDPLfhBAaefJwHmqGNAaw3XPLcsk,423724135,1780369412,"{""InstructionError"": [4, {""Custom"": 6004}]}",0,
B1C2xfcUajAAU8n3zfuXqXvvALRw8cB5sPzNB5ktpump,qd1GH1JHwWFBQV3AsZ5zuWtHyyizkQeevLvaAGYP6UPwVnC5BHsMXvXNPbdsicecurB3seNnMkP7Pbg6TK9V4oM,423724533,1780369570,"{""InstructionError"": [4, {""Custom"": 6004}]}",0,
B1C2xfcUajAAU8n3zfuXqXvvALRw8cB5sPzNB5ktpump,3JyrD2vxMF8eKHiWKaiBTTGGLWfc8vBU55xyhovQNugHSrzfA8tXQBGiSbQMC4cj1cd4N1FS9pEFDHayKfbV6Rnm,423724900,1780369714,"{""InstructionError"": [2, {""Custom"": 3012}]}",0,
B1C2xfcUajAAU8n3zfuXqXvvALRw8cB5sPzNB5ktpump,2swMiwPCsMb21UCLHbFWgNjrHmeKyN39RzBkzhr3qMoFwBeSkpbrtcxgQ3u7vYRzq8Gr7U9sQiptpZ3vWk1SQHwa,423725555,1780369973,"{""InstructionError"": [4, {""Custom"": 6004}]}",0,
B1C2xfcUajAAU8n3zfuXqXvvALRw8cB5sPzNB5ktpump,29hw3YximpBmbFYoXPH7GVmJbTy675rgWf9nRPoouNFGNAnHHpXdowF5GvnUFxQANVMKeCRwhjB9GpESsztaagra,423725917,1780370118,"{""InstructionError"": [4, {""Custom"": 6004}]}",0,
B1C2xfcUajAAU8n3zfuXqXvvALRw8cB5sPzNB5ktpump,2uXxqLe9aNGxJWMQPX3XaUnj6WTQdKz3gTrSsbjzQC9xYmrM8iEUncoLZx6Si4qGQNWg5nutwHiuSUVrQaxzZUVm,423725999,1780370150,"{""InstructionError"": [2, {""Custom"": 6004}]}",0,
B1C2xfcUajAAU8n3zfuXqXvvALRw8cB5sPzNB5ktpump,4B2GhqjS7Ps1B4PFo1rqH6tt4nkaiziyZLnpeAuoxDztfd1EMTa4LpJ6pK1tjK4YPq1K1RTSDoiMz2UfA24wXuv6,423726033,1780370164,"{""InstructionError"": [4, {""Custom"": 6004}]}",0,
B1C2xfcUajAAU8n3zfuXqXvvALRw8cB5sPzNB5ktpump,a54VAY5HtBbDXitiSdxDSWwnCEbaYhtk6GinsTTcE1v8VjH2qwNfaNQ3HCohCmKnAqpG4FkN1Ee2XVCyd9uoVWU,423726067,1780370177,"{""InstructionError"": [2, {""Custom"": 6004}]}",0,
B1C2xfcUajAAU8n3zfuXqXvvALRw8cB5sPzNB5ktpump,4ZUm3S9ayAphh78ddd6p4M4tfJpc3KUPSJTqvutygiPHu5zBHQneMMBYDsFu4ASzvGM48mRjkVc5FppuiWUbQSd2,423726114,1780370196,"{""InstructionError"": [2, {""Custom"": 6004}]}",0,
B1C2xfcUajAAU8n3zfuXqXvvALRw8cB5sPzNB5ktpump,4mbQVQUzkWNHnWm9Jrvo8gWaJRUYA4nBmMbeWhYEaCkCoB9wDBYxHzpGG9D2BZVUFBQNfSnJY43o9apxdFRpf6by,423726114,1780370196,"{""InstructionError"": [2, {""Custom"": 6004}]}",0,
B1C2xfcUajAAU8n3zfuXqXvvALRw8cB5sPzNB5ktpump,2PJ4pTqDxrqrmEerjciUKPxEZJNwHik8zo7XyZkLaRLEVZ849qwnkCLA1SeoUV5qzRTB2wV2BEDbhRgz3yeLiQvR,423726114,1780370196,"{""InstructionError"": [2, {""Custom"": 6004}]}",0,
B1C2xfcUajAAU8n3zfuXqXvvALRw8cB5sPzNB5ktpump,3Rdtx9e7CfcRWt5TF5f91vSn3wDMzhGvFXQzg1JbZdg8pVkXqfdVGFvv47m9W7i7FiLHhmaoXP4Dvu9xEeuSttYB,423726149,1780370211,"{""InstructionError"": [4, {""Custom"": 6004}]}",0,
B1C2xfcUajAAU8n3zfuXqXvvALRw8cB5sPzNB5ktpump,2STkh32xMRTbh7CDCQXpULNrqeqKEQPCwaJ7Qju5kZTWz658z8B6L4BnZK6MvZJVxJxkymx6QT9cNE1ykXvc9wbm,423726173,1780370221,"{""InstructionError"": [2, {""Custom"": 1}]}",0,
B1C2xfcUajAAU8n3zfuXqXvvALRw8cB5sPzNB5ktpump,5dhgqJsv6Zn7Aiqd1AS2TLfsgTBAipmFudXF2HtnSYqJLzoXxCvkfjFCd8sC7TqapJJ8BZwZCp8oNRx5nnQ9x4Qr,423726173,1780370221,"{""InstructionError"": [2, {""Custom"": 6004}]}",0,
B1C2xfcUajAAU8n3zfuXqXvvALRw8cB5sPzNB5ktpump,32bXdCAgrERQsBUx7bYPpcE2SEDQVKNKjyXA5NusckCqTZ1NQQfThcZx14VbWGi283EFG8j8V8e1h9hk4NyEbiBb,423726174,1780370221,"{""InstructionError"": [2, {""Custom"": 6004}]}",0,
B1C2xfcUajAAU8n3zfuXqXvvALRw8cB5sPzNB5ktpump,5nfW9MMGrr37G4oPKUT5XjatEBKeWY5rYeK6hb4vTjsM4kWhdEtjp8sKbkt6zj9r8nEbvaeATtC3kmMfdhaNn7UN,423726174,1780370221,"{""InstructionError"": [2, {""Custom"": 6004}]}",0,
B1C2xfcUajAAU8n3zfuXqXvvALRw8cB5sPzNB5ktpump,3j3YFeWNVBYpEXpQuXwJmebJc9XkWnFhq1rKuxfwG2MvHvTsDJso9Wfjn5FaxweTdsFS5oGi2tjE4XyXd4jVa865,423726244,1780370249,"{""InstructionError"": [2, {""Custom"": 6004}]}",0,
B1C2xfcUajAAU8n3zfuXqXvvALRw8cB5sPzNB5ktpump,5G7kTJJYgaLFvTUdARAaJ72qf3MpmBjUUTZgZfpwecNaXHWYnpttwfh8dPf6fLimJdYTJzsgPR3iBDVGzDSx5KBL,423726245,1780370249,"{""InstructionError"": [2, {""Custom"": 6004}]}",0,
B1C2xfcUajAAU8n3zfuXqXvvALRw8cB5sPzNB5ktpump,4yJXPgMdiG8jjAPDkmcpErEqgMJyAeGW4TxykzCSfRs8V3cxaY3YtpyN4RRebsxjYMj8FavNvCLW256Pet9oojWy,423726380,1780370302,"{""InstructionError"": [4, {""Custom"": 6004}]}",0,
B1C2xfcUajAAU8n3zfuXqXvvALRw8cB5sPzNB5ktpump,4LARzc7p8RYw6m9MPNY7nmKhEWR2LENh9bvrSWGRVcWNoARxR2zsEMUPdNdkfk44BiLr1qH1xy3PajtjghKaxQZd,423726399,1780370310,"{""InstructionError"": [2, {""Custom"": 1}]}",0,
B1C2xfcUajAAU8n3zfuXqXvvALRw8cB5sPzNB5ktpump,3tczaiNFdayiuU8BzrwDZAqwBMxtUxdQnGEyx4HKV8CKzBSmBx17qiGRN2TVnAu2Wjc4hTiL28sPKqH6vCdQLRis,423726465,1780370337,"{""InstructionError"": [2, {""Custom"": 1}]}",0,
B1C2xfcUajAAU8n3zfuXqXvvALRw8cB5sPzNB5ktpump,4EnXhzJTDYo6dHie4pdJJkVdYDxfEYVQhuusEaqmv7bFMrVWeUs4je9spEeUKmxfp9PbJu9BTNYYdS2j7xBN9ggf,423726540,1780370366,"{""InstructionError"": [4, {""Custom"": 6004}]}",0,
B1C2xfcUajAAU8n3zfuXqXvvALRw8cB5sPzNB5ktpump,5je3NZGfvExZw6fRa9pM663JWVqWdqacvLSUdedoiG8yTY43Ee3xA7G3ZzL7FtPFeRPTzuBSoweJB1hEDwNtjrfp,423726601,1780370390,"{""InstructionError"": [2, {""Custom"": 1}]}",0,
B1C2xfcUajAAU8n3zfuXqXvvALRw8cB5sPzNB5ktpump,2i8RGfsKZRJdiWEot6LKgLsmsr4PaaY22F9BUkF6JwafmXfskP5LgbLqjzBB3MY6mPbri8X9n2mnW7pwSnLErG4f,423726645,1780370407,"{""InstructionError"": [2, {""Custom"": 1}]}",0,
B1C2xfcUajAAU8n3zfuXqXvvALRw8cB5sPzNB5ktpump,2M2TX1PdtgYk6JEU4SXqEtJicPjxhcqeXa6auBRfWp2arzMDpaxqTDWgtwYa7rbLWAbdrrkk8YndBjXg9fvjDzpz,423726787,1780370464,"{""InstructionError"": [4, {""Custom"": 6004}]}",0,
B1C2xfcUajAAU8n3zfuXqXvvALRw8cB5sPzNB5ktpump,38Nt5vXsw4cAgn628KtkiWaCSV9eMVbodUoRttUYsvaftvfwELVtRL4yKKkBygbvsjnMW6B6n53Yr7v4J26jKbNv,423726805,1780370471,"{""InstructionError"": [2, {""Custom"": 6004}]}",0,
B1C2xfcUajAAU8n3zfuXqXvvALRw8cB5sPzNB5ktpump,5nuJ7oqj4defwYY53LBtKTzdZTFk4BEkd2fmmuy3ZKrHP3j4eMPjsKYBFfX9GkfW5LBE6a8REKRqb4UoEq9qLkLs,423726866,1780370495,"{""InstructionError"": [4, {""Custom"": 6004}]}",0,
B1C2xfcUajAAU8n3zfuXqXvvALRw8cB5sPzNB5ktpump,4ttgDCTJx5cWLJT4nuvnjpRJRA9XGyNHqeVMbUMBrfwooUhZ8Wa2mKPej2ZpyJyBtXds3qtu42SVGjfMrsHQMLk9,423726876,1780370499,"{""InstructionError"": [4, {""Custom"": 6004}]}",0,
B1C2xfcUajAAU8n3zfuXqXvvALRw8cB5sPzNB5ktpump,5sxhth63XiHB548kYdK8HSKrpCT3JnTrvHKQfAwDY67TqnacFkWBC7LutHTuzt7jjsvmZYFcSHasq7jrDviHQLqA,423726956,1780370531,"{""InstructionError"": [2, {""Custom"": 1}]}",0,
B1C2xfcUajAAU8n3zfuXqXvvALRw8cB5sPzNB5ktpump,5KsWi3eRdFXLUxtAQPgcSJNEjwGisrc41BZQQYgGJdKKtkU5WuG31Ht6LPFcNZ1jqBC8CJBBdWws7kxxx6A2oUot,423726972,1780370537,"{""InstructionError"": [4, {""Custom"": 6004}]}",0,
B1C2xfcUajAAU8n3zfuXqXvvALRw8cB5sPzNB5ktpump,4GkS2stHP4vQf9myqFCD7jakJnHRD4s842N2x3KxRJY9sq9SDKd5cyFejR9pd9U3s5C16Qb41RgZAVZz993MUBNi,423726982,1780370541,"{""InstructionError"": [2, {""Custom"": 1}]}",0,
B1C2xfcUajAAU8n3zfuXqXvvALRw8cB5sPzNB5ktpump,3GbXeCvhBgL6Qpvb2YuwoFvD6sSKvFfQRdu6T5RzeBm9WqzYtqs5kK4UuTrvxW8ebJxLYDqT34t8JkVJg6TmJhzT,423727006,1780370551,"{""InstructionError"": [4, {""Custom"": 6004}]}",0,
B1C2xfcUajAAU8n3zfuXqXvvALRw8cB5sPzNB5ktpump,ZApRhnZWwvj6CEEBxPDrqRuuYyR714MuuVA2oiD2fr9dHeYUZcTEYymL4WSxk7KPewUiVZtUYjH8iZNXR4NZ6YQ,423727026,1780370559,"{""InstructionError"": [4, {""Custom"": 6004}]}",0,
B1C2xfcUajAAU8n3zfuXqXvvALRw8cB5sPzNB5ktpump,24AieRWKRkpCt7M8Wc4ejyTHCSZ3MWNNGUsFTn3B1iZDKPSaHGiXx19o8B19oCbzy4WCuJHJjKTgijhnAjH6yPg5,423727081,1780370581,"{""InstructionError"": [4, {""Custom"": 6004}]}",0,
B1C2xfcUajAAU8n3zfuXqXvvALRw8cB5sPzNB5ktpump,2z7aGjEjbfenKpJtSt35KE7xGira8imDEnc87d52EQ8JyBbSaeEV5WHS5ToF9SuN23XSuTVPRsvG3KrcLqGxamBQ,423727143,1780370605,"{""InstructionError"": [4, {""Custom"": 6004}]}",0,
B1C2xfcUajAAU8n3zfuXqXvvALRw8cB5sPzNB5ktpump,4otp94TJdyLqkVPxyQkHBSVk5BJGskBKAgouKngcwEMnEVBcRsNRvH3KzycbGZFVSVmNSbykR72Ez73EfdjGv1jD,423727833,1780370875,"{""InstructionError"": [4, {""Custom"": 6004}]}",0,
B1C2xfcUajAAU8n3zfuXqXvvALRw8cB5sPzNB5ktpump,5hPqC2kSHxDdedya1VWA9hAzdtjoXyUQPm4fztmsCBHexQWzzP1ZvrXgmKHmZRAzecCTq6BaGPpZK5uvDbxTD4UX,423728096,1780370981,"{""InstructionError"": [2, {""Custom"": 6004}]}",0,
B1C2xfcUajAAU8n3zfuXqXvvALRw8cB5sPzNB5ktpump,3ttgLGb37axzJA66gD6uezGi5kP4aMU7MXPdsXK6AVDxYkZ3yGCodAsF8orfNNs6QN9ZPY2Woucrnh1b9H7vppP2,423728107,1780370985,"{""InstructionError"": [2, {""Custom"": 6004}]}",0,
B1C2xfcUajAAU8n3zfuXqXvvALRw8cB5sPzNB5ktpump,5w83RrrYqfPAL3D3DHcHcopeJksKujLUaszAinGEMcR5XFx5D6VPpqEwVXAsFPcqo5BEak7hKRFuTPqXwXeuSvbS,423728107,1780370985,"{""InstructionError"": [2, {""Custom"": 6004}]}",0,
B1C2xfcUajAAU8n3zfuXqXvvALRw8cB5sPzNB5ktpump,3qUgYN9XSUXbSfo443zm8gDwftb9JLWYizHXu49LvoTgTB3gLxDqSGdSJvZ5XLAYwPoxL5BJQYEs6uCf2L3PmE32,423728107,1780370985,"{""InstructionError"": [2, {""Custom"": 6004}]}",0,
B1C2xfcUajAAU8n3zfuXqXvvALRw8cB5sPzNB5ktpump,5LFvAvoLkGRtCm2VKLVNmUnjZJCXZn3omyYWWX5xMjoL3qeCTZ8wioMjM6uPLRtLaP1GS6gbmdgGQaVy7SwNDkWz,423728145,1780371000,"{""InstructionError"": [4, {""Custom"": 6004}]}",0,
B1C2xfcUajAAU8n3zfuXqXvvALRw8cB5sPzNB5ktpump,sgG1z9hTcehVsgjniMGjsum4BPLhXzJ1Qtm5PESk7JxzkCXv8DYz9VphR5TMz9rMy9g6kfaviwZQeWMxG1ac3JU,423728152,1780371003,"{""InstructionError"": [4, {""Custom"": 6001}]}",1,BuyEvent:78633007
B1C2xfcUajAAU8n3zfuXqXvvALRw8cB5sPzNB5ktpump,28MtZCdWRLYFBDUifH7gASoKtAom9pcpJJhYAWmPSohe2xZU7NCL5PoA2VaCCnFaiVmfUbLqH21GyybH3pww8hiZ,423728158,1780371005,"{""InstructionError"": [3, {""Custom"": 6024}]}",0,
B1C2xfcUajAAU8n3zfuXqXvvALRw8cB5sPzNB5ktpump,4Dht2CDWp8CBn3EjHq266TLJ3Cfyz5KcPJWdT8kQ3uEaP9G3mn3UAh8JAjzYxVP9c96yBJjFXKgZvFjM2MNMmTRt,423728181,1780371014,"{""InstructionError"": [2, {""Custom"": 1}]}",0,
B1C2xfcUajAAU8n3zfuXqXvvALRw8cB5sPzNB5ktpump,2LvqRsrJvVvMDtspzVC75xTMYtFfFJ5ezvddePXmkWFYYiCfYPJCuvfvcv7ho7f4vWjUnSfp14Zynyzg4tEWBAA1,423728181,1780371014,"{""InstructionError"": [2, {""Custom"": 1}]}",0,
B1C2xfcUajAAU8n3zfuXqXvvALRw8cB5sPzNB5ktpump,y9pRCz2hj7cS2AToLcbafZ1zhVsxvSPXGvpQ2DCXAvEPjojJdyyv52bLgYhfE7XJVPt7Px1KNFqzsuGEz9FuNrw,423728208,1780371024,"{""InstructionError"": [2, {""Custom"": 1}]}",0,
B1C2xfcUajAAU8n3zfuXqXvvALRw8cB5sPzNB5ktpump,4XJcqTwxZAeQiTmjMQTqdehveDMrtwH54d6ajY67tusrDjy4L271vRPZzZAm9XgKuLPGSSaTcFAKxQiUpsnd7DP6,423728224,1780371030,"{""InstructionError"": [2, {""Custom"": 1}]}",0,
B1C2xfcUajAAU8n3zfuXqXvvALRw8cB5sPzNB5ktpump,Wpf9fzE8yo8HNTLfcG4ihvzT4ua5w5k4mpZUv36G1g7xSG2qnPX87UyFteA4f5e8fthXDxYHUSweeGz71u8cBKi,423728323,1780371069,"{""InstructionError"": [4, {""Custom"": 6004}]}",0,
B1C2xfcUajAAU8n3zfuXqXvvALRw8cB5sPzNB5ktpump,2AgstTA8Lqw6AqZPsZXPgE3AB9xFsM34E2RWKpn1yUCCNKYtf3ALbqsTiRsHHPuMJibNh2SVCptA5Pd94T433Aa2,423728340,1780371076,"{""InstructionError"": [4, {""Custom"": 6004}]}",0,
B1C2xfcUajAAU8n3zfuXqXvvALRw8cB5sPzNB5ktpump,2FaE83on5VxLt38P1NARf9rxkrT3y6jLXyqtrraZ88LaVJeS8q3zeVjbhUthUDVxMA8EXCDKbrUctFQBBfi77RQA,423728539,1780371154,"{""InstructionError"": [4, {""Custom"": 6004}]}",0,
B1C2xfcUajAAU8n3zfuXqXvvALRw8cB5sPzNB5ktpump,2Skoj6nteM3Q9dGPiX98DYcMjhErrhENHbA1XXdXTUXZuWhVgdqHYFkSTNDEX5n2h1t7CqRhsLvJnfsYNH5kh1hG,423728617,1780371184,"{""InstructionError"": [4, {""Custom"": 6004}]}",0,
B1C2xfcUajAAU8n3zfuXqXvvALRw8cB5sPzNB5ktpump,URWT71bmg3yJ87FGcjod63BR4xQTRGVee8cEuhPUi95q5uUGRueXA3C8xRHrUZZRdsxRnS4zyqwswTjtaQ8ojnm,423728683,1780371211,"{""InstructionError"": [3, {""Custom"": 6004}]}",0,
B1C2xfcUajAAU8n3zfuXqXvvALRw8cB5sPzNB5ktpump,5B8r1TDuy4BnwbvE2JVkGKJ4RZSkEorJE7kJYBjQ6uVKVRZd6xQNM2eVdfs1GvVW8TSZXpwkATEb2BzjyLAjMx64,423728683,1780371211,"{""InstructionError"": [3, {""Custom"": 6004}]}",0,
B1C2xfcUajAAU8n3zfuXqXvvALRw8cB5sPzNB5ktpump,65gVLUxC1Z1MSd2x3Q74qvGg5R8ZeWNhzUqgqt3oUMeEFVEKgdeHVvsBqEPGKg2vPHafuMQERQKxikV29BZcN7hn,423728683,1780371211,"{""InstructionError"": [3, {""Custom"": 6004}]}",0,
B1C2xfcUajAAU8n3zfuXqXvvALRw8cB5sPzNB5ktpump,3bsn2q7ZXhfpcFW4fzr1AxeE2VmFtoKq2CKeSnzSr7ABfGKMn49uTqYZkmwJ3L5gqy3KdfiiEDVJga3bMooGKCBu,423728683,1780371211,"{""InstructionError"": [3, {""Custom"": 6004}]}",0,
B1C2xfcUajAAU8n3zfuXqXvvALRw8cB5sPzNB5ktpump,46bKYcsMmcV9uHMkjAp6eWxCXRSogsXeMJyzYJ1ZR5VdpEgdUsouyC1zZwAEzDPf2Xcrdsq5gsyKVnQPBFYVfUWM,423728683,1780371211,"{""InstructionError"": [3, {""Custom"": 6004}]}",0,
B1C2xfcUajAAU8n3zfuXqXvvALRw8cB5sPzNB5ktpump,m9Hp4r6ruVgg84kDWVCZsxqAmjf3XCv7cNomuBKnaTf3G1UBEK42LMJJG4vScTRgaqpXUbrBcBoG7roJQhuH38g,423728683,1780371211,"{""InstructionError"": [3, {""Custom"": 6004}]}",0,
B1C2xfcUajAAU8n3zfuXqXvvALRw8cB5sPzNB5ktpump,5hfjjLkboVk1YdcLmYzEdhhaqs9wRgmAyaTQFCc2jFsYyYmm8TdbCMwxnkSVVLoV5p2jt6pk6EWdgo6zKE9dWVce,423728683,1780371211,"{""InstructionError"": [3, {""Custom"": 6004}]}",0,
B1C2xfcUajAAU8n3zfuXqXvvALRw8cB5sPzNB5ktpump,4s7dzo9T6tvYmzUgfNWvr58ia2MSDB8CFmU2fZAvFZg3o6iif3wLJTyN4AAgVy7gEya7ptRdzSjKxg2RL4fM2DXY,423728683,1780371211,"{""InstructionError"": [3, {""Custom"": 6004}]}",0,
B1C2xfcUajAAU8n3zfuXqXvvALRw8cB5sPzNB5ktpump,2UJYfV7STSbjJbot978xinpv1ef7ukSjnjuhRi9rVwX53G6HGcULAeBP43jvA5RZeSdbptfzMPJFQKLf71cfBzH,423728683,1780371211,"{""InstructionError"": [3, {""Custom"": 6004}]}",0,
B1C2xfcUajAAU8n3zfuXqXvvALRw8cB5sPzNB5ktpump,F2pEFXudBMV3v1sodd9uoDu2uGujEnM69u5NxTyRHW9nn9yWhnzTGr2f25PGLvUrMHBnsEmcDarfsyzWNPX8gr1,423728683,1780371211,"{""InstructionError"": [3, {""Custom"": 6004}]}",0,
B1C2xfcUajAAU8n3zfuXqXvvALRw8cB5sPzNB5ktpump,62E7jDejQ4TxKRgr9u9EQyJ8FgtGMQqjUash1yVLScCwxCHs6uBkBDqEWx6YxPL7ru8TLw5YwLF2djQxxTwTLAsK,423728683,1780371211,"{""InstructionError"": [3, {""Custom"": 6004}]}",0,
B1C2xfcUajAAU8n3zfuXqXvvALRw8cB5sPzNB5ktpump,4BPVXP6WVhQWZxxqn2x6HL6ZqJ8vQgET8jxDKNWYFiUf7sHYe3aXjYXLWewpkDy6rSFBTRogjiifPDZ1Zu9KZ9He,423728683,1780371211,"{""InstructionError"": [3, {""Custom"": 6004}]}",0,
B1C2xfcUajAAU8n3zfuXqXvvALRw8cB5sPzNB5ktpump,4CKFwXqJWa93CwaK3uqkBbwzakJ2t59a7h2a6Kwqdf7Tb2vHT5vPG7W6JFoXZeKdn1eLAj1fXnticJvjmKSpTyPG,423728683,1780371211,"{""InstructionError"": [3, {""Custom"": 6004}]}",0,
B1C2xfcUajAAU8n3zfuXqXvvALRw8cB5sPzNB5ktpump,5MP3k8fxdVM7EB7v9VAuSxEXWCLSgY6JFmFnqTpUeGU5TcvgSiShxd6jdXK1uKD3nqWDt6qHtuHmxM6r2HeuqLqZ,423728683,1780371211,"{""InstructionError"": [3, {""Custom"": 6004}]}",0,
B1C2xfcUajAAU8n3zfuXqXvvALRw8cB5sPzNB5ktpump,4aFD7MetdjBERuCuV18NwphqzG1b7S27cG72jr5VS8iBKzXNZBYaLEM681Ts7bQfyCwDsHzoyivKC8ikbJJF5Dky,423728683,1780371211,"{""InstructionError"": [3, {""Custom"": 6004}]}",0,
B1C2xfcUajAAU8n3zfuXqXvvALRw8cB5sPzNB5ktpump,bKdU7exNY8BDtbcNYA8T4joDK2gCKSU89TokiiQtpDkp1ExNaV4TSbXpf8qtax2vFH5uF7Bup4FbBUpzuYDtgE2,423728683,1780371211,"{""InstructionError"": [3, {""Custom"": 6004}]}",0,
B1C2xfcUajAAU8n3zfuXqXvvALRw8cB5sPzNB5ktpump,3zmMxBbHJ3DCybGhLPwoRMSX1jZ4SA5eWK9vgLF7eajE3HmtcJhcEc9n32G9zGVwVqTwbS3FRtAvg721sWiWj9MV,423728683,1780371211,"{""InstructionError"": [3, {""Custom"": 6004}]}",0,
B1C2xfcUajAAU8n3zfuXqXvvALRw8cB5sPzNB5ktpump,4QT2cZYQeQLdTvLKddmp86voWvBT3FFD63iNAsW7uyshT5zXqA7kQaFQuTkk1H9SySctpfha3YMYKFXNXYXau3PN,423728683,1780371211,"{""InstructionError"": [3, {""Custom"": 6004}]}",0,
B1C2xfcUajAAU8n3zfuXqXvvALRw8cB5sPzNB5ktpump,5jYmtNzckZX5YiLFGyMQBEmHj4bL5htLrLuTgsshWcveEnaFfQbwV9R3tedAnBAkDxvTtbenrpmCjGP6UuaqZMh4,423728683,1780371211,"{""InstructionError"": [3, {""Custom"": 6004}]}",0,
B1C2xfcUajAAU8n3zfuXqXvvALRw8cB5sPzNB5ktpump,2fa6N95jxLNxD9NmJArJQDwasV5u4EeyKsbzLn76aQnYNn6mwqgN544xzMYKRysdeGHv19j22MuJ8cJsVr7qq5E2,423728685,1780371211,"{""InstructionError"": [3, {""Custom"": 1}]}",0,
YxUstMyYDyqPNz78auhYfhdUKrBQgg7uctnKNDEpump,5GVy9QXAyf8iyyrsFrtBYyzZzR9vGkdZPv9baPjDaYuPts9gQTtFYTtAPVQZq32ZvSpKh3wLJveu4mUjqnk2XQqG,423494891,1780278355,"{""InstructionError"": [3, {""Custom"": 6002}]}",0,
YxUstMyYDyqPNz78auhYfhdUKrBQgg7uctnKNDEpump,3oD59wKoQcqmwBqDDxCS8wk6PuM1SrykXoAoinxgXhfiL35Frx4MFUPS8sXGtEJsLwKq7pAX9PADVbmYHmzseRqy,423494894,1780278356,"{""InstructionError"": [3, ""IncorrectProgramId""]}",0,
YxUstMyYDyqPNz78auhYfhdUKrBQgg7uctnKNDEpump,5wEjTb5aNERGbqXXHRcf248dZCyVrSKzGL5yWByH9r9mXdDDunrm9xTVKEgiTtAQ9sWS5gXa8goC83jDSa6MHZ4t,423494917,1780278365,"{""InstructionError"": [3, {""Custom"": 6107}]}",0,
YxUstMyYDyqPNz78auhYfhdUKrBQgg7uctnKNDEpump,2Hsr41z5ydXnec4nVXnz6Tg2iPhFr2tBwjvqLKtkeyTXg35xBBPbxpSBAeXf2nBrcwEvsmZbmYArXmpjc9JMYtfF,423494918,1780278366,"{""InstructionError"": [3, {""Custom"": 6022}]}",0,
YxUstMyYDyqPNz78auhYfhdUKrBQgg7uctnKNDEpump,61b4FG2X8PEdV5gDxJ3nRZSAcq2d4urapKTWC8E5zR4EcdPNHfP2pjupdvTDP3pCKnneTBHiXZuqmmQt3XGv5ULd,423494923,1780278368,"{""InstructionError"": [3, {""Custom"": 6002}]}",0,
YxUstMyYDyqPNz78auhYfhdUKrBQgg7uctnKNDEpump,2sf6z3RhXL86Q7pHNRg7hkqvYdDYFrkKJir5D5PVw9xSNQxEHZj7iK9pfdmFXEMouYSpEqUVHPqHU8afSLTwoYGv,423494923,1780278368,"{""InstructionError"": [3, {""Custom"": 6122}]}",0,
YxUstMyYDyqPNz78auhYfhdUKrBQgg7uctnKNDEpump,3vQ4UydrwAJm2smCTLPBZVGrMyD9ae9bkUwLmURxL2QvrUkF6x9kWpGxsFVkCG5WSMwUvYRUwSat6t8oVnvPVsbp,423494923,1780278368,"{""InstructionError"": [3, {""Custom"": 6107}]}",0,
YxUstMyYDyqPNz78auhYfhdUKrBQgg7uctnKNDEpump,4Nx4HPcZUsKQarTxF4GwEBX9u9dmgbDMsq1P81BJ1gtaafGXWzVvNSKErXt7sfGCHKFCpE4ctgYe3j9E267CceAU,423494940,1780278375,"{""InstructionError"": [2, {""Custom"": 0}]}",0,
YxUstMyYDyqPNz78auhYfhdUKrBQgg7uctnKNDEpump,55oENmavwX1W2wrmMevTTkU54z7vsyCc6QwpaRbJhTBHF6hihxXCxQDvKgWEAqXvAMTkhHS1HfjGy1jXFobwa3sk,423494940,1780278375,"{""InstructionError"": [2, {""Custom"": 0}]}",0,
YxUstMyYDyqPNz78auhYfhdUKrBQgg7uctnKNDEpump,5uGefMjdmkkEVq3SwVYHzqsc47qrdi7EiBGfQmk1DJxNNeE7VZcZAcs8s75qz52Tz6T6tseG22UN59vhkZror26a,423494940,1780278375,"{""InstructionError"": [2, {""Custom"": 0}]}",0,
YxUstMyYDyqPNz78auhYfhdUKrBQgg7uctnKNDEpump,5XEB5QeamBWkys8n7zEUUiTu7nbEYH7B7o8sjdm4jZm5ukfDoCz4rCHvU9pqM3bkE5FTR7EZBPihspHLVGX47ncm,423494940,1780278375,"{""InstructionError"": [2, {""Custom"": 0}]}",0,
YxUstMyYDyqPNz78auhYfhdUKrBQgg7uctnKNDEpump,jAiA5HckE1vweGMo3jEQE3XygfsxwMaYJKtAmq9TTxY4nZHnjNQMj6et4Muxa1xWEtLXopuC6yqAqjhiMMmAU1G,423494940,1780278375,"{""InstructionError"": [2, {""Custom"": 0}]}",0,
YxUstMyYDyqPNz78auhYfhdUKrBQgg7uctnKNDEpump,3cQkGtH6RYijw37QAetAhkdqBj6LzzmREz1Pv2pbDYj4hTvi34i2cnKWPJpxna9g1pLiGKJMSWNzaRQbHZeXq4hF,423494940,1780278375,"{""InstructionError"": [2, {""Custom"": 0}]}",0,
YxUstMyYDyqPNz78auhYfhdUKrBQgg7uctnKNDEpump,5vjQp8Do5CWJh8BZXxL7PfpCa5cf5n59qKgaS8yztoSTk3xhVQPYRVeuVqpbRYccgFieBDvHTyUkwa5djzSyhZDm,423494941,1780278375,"{""InstructionError"": [1, {""Custom"": 1}]}",0,
YxUstMyYDyqPNz78auhYfhdUKrBQgg7uctnKNDEpump,5Zp3pnbaSqb646kK1gJRxmWGJoqUFH5bHbWP5zZ7jfoUuMSbAWkMtHKhZiLUQqXWzEKqPEU3qAvrHeTN23n8Mxf7,423494956,1780278381,"{""InsufficientFundsForRent"": {""account_index"": 0}}",1,TradeEvent:buy:8800000
YxUstMyYDyqPNz78auhYfhdUKrBQgg7uctnKNDEpump,4t7oaV5i9xpYG4VrAt4fbPDADEKhemWS5saP6GbFAJoSyKX5U2fbvaZeMBWbE2BqoJZkMTPQVz6WN9h5qKG4Do3o,423494963,1780278384,"{""InstructionError"": [2, {""Custom"": 6000}]}",0,
YxUstMyYDyqPNz78auhYfhdUKrBQgg7uctnKNDEpump,YPEjZEKoRvsDKibpMeKuwaW9sR4abo7y7rX16qkCiQYKFFgeftw5toVPjQYt926tAgaXn1nnSzJ9Qnnz9xPVXvv,423494965,1780278384,"{""InsufficientFundsForRent"": {""account_index"": 0}}",1,TradeEvent:buy:8311111
YxUstMyYDyqPNz78auhYfhdUKrBQgg7uctnKNDEpump,5Tdhnbo68MCGfPyvWHcJ1FCRpRD9BTEyYwWfKHGogE1kRbfVS35q2yvKYkuPR4jwFbxjX8AyXxMJSSCV3JG8rBNh,423494973,1780278388,"{""InstructionError"": [1, {""Custom"": 103}]}",1,TradeEvent:buy:7822222
YxUstMyYDyqPNz78auhYfhdUKrBQgg7uctnKNDEpump,5ESsTXdENvunaWn7jwkefoeY247wGije5bBTC9WGupWrfx5WsaB913HRwdCgM5zwcpibY1NvASQcEjUedgT2Gst5,423494979,1780278390,"{""InstructionError"": [5, {""Custom"": 1}]}",0,
YxUstMyYDyqPNz78auhYfhdUKrBQgg7uctnKNDEpump,xqGz4H4Fof76XL8cvP6Er5muBqPrTm764v8Cm9kuDxX2uudYhnDAcqyhFwdjHFLyGm2PgvqcJ1gA9LDhN5dzNd5,423495012,1780278402,"{""InstructionError"": [2, {""Custom"": 6000}]}",0,
YxUstMyYDyqPNz78auhYfhdUKrBQgg7uctnKNDEpump,QUK8EGYLzt7Y83jecgUTzAiw8iQ6Qq4f1XogB24WSstMnkiAqbNMBHdMwBjjDRd1n68TcSyGiemKcNvGXpVRbe6,423495014,1780278403,"{""InstructionError"": [2, {""Custom"": 6000}]}",0,
YxUstMyYDyqPNz78auhYfhdUKrBQgg7uctnKNDEpump,4m7FFyRibFysx9kQhTW7P7cXEwVWh6ZULxY8zGKvNCXau99tgwYZfZrWMA2KQkvrzPq6Ph5HXtJkt2xLgAXTPiMn,423495015,1780278404,"{""InstructionError"": [2, {""Custom"": 6000}]}",0,
YxUstMyYDyqPNz78auhYfhdUKrBQgg7uctnKNDEpump,4F4ia6xhPSeaADjTnQmgrc4h3ANRRYTjsWGnNknRsamHCF3b2Yo9hD9xo8VduQVUEmaRh975tbyW9sXtkGSW9rrL,423495044,1780278415,"{""InstructionError"": [2, {""Custom"": 6000}]}",0,
YxUstMyYDyqPNz78auhYfhdUKrBQgg7uctnKNDEpump,4WEw7ESiDtuTj43zf872hhm2F87uGdHa6Z7p8djSmdztx4F1ydy16DzKACEpBjEQRmpTXRFM7ZKsWnReFDAJVt4X,423495057,1780278420,"{""InstructionError"": [2, {""Custom"": 6000}]}",0,
YxUstMyYDyqPNz78auhYfhdUKrBQgg7uctnKNDEpump,6217H1vWtr4gEq6JGJqVs8A8G5f8ZChqpv59vCzCE16PrRSfhniQm8TNp3xnzUS4Qr2xL6yqZKthrMWUog1oXVfm,423495088,1780278433,"{""InstructionError"": [2, {""Custom"": 0}]}",0,
YxUstMyYDyqPNz78auhYfhdUKrBQgg7uctnKNDEpump,Z2XtMdAN16S76DLxu6Bjs3CNmEGTHf1WGa3Mv6whBK9gJcy5TPhFNJvX9s4zzaCRABnNPLP8XYNc1rQa2XmYs4w,423495088,1780278433,"{""InstructionError"": [2, {""Custom"": 0}]}",0,
YxUstMyYDyqPNz78auhYfhdUKrBQgg7uctnKNDEpump,5AnNMmkZa7rpfB2zbSHCYuyUzwxChLasAuqCR7xYYnXJgUZ6Skvgk8kmQHs7SiWpdjwvEM2HPod81kRDapqsC158,423495088,1780278433,"{""InstructionError"": [2, {""Custom"": 0}]}",0,
YxUstMyYDyqPNz78auhYfhdUKrBQgg7uctnKNDEpump,39jtXcSn5YHwd2dPNjGPirFNf8xoVXYYe3qXwM5dvdj9X9LuffURS42jgeNnTS1ErGNWAeQH8kMpAXJdFofCb8DD,423495088,1780278433,"{""InstructionError"": [2, {""Custom"": 0}]}",0,
YxUstMyYDyqPNz78auhYfhdUKrBQgg7uctnKNDEpump,3mKThErHt29V9kZEni3tbHnDkk1G9MXpPEv53c6HsHH2wcmnrBHgMdpChpvXXAriaAJbnhKsLFi9VzL9bMh5UwzH,423495088,1780278433,"{""InstructionError"": [2, {""Custom"": 0}]}",0,
YxUstMyYDyqPNz78auhYfhdUKrBQgg7uctnKNDEpump,BopeHsdx1yZ5yeUpLkjyptdwPXkwPbQN4mtFUuV8bFUAmSWoS78584qQMxamA69fTJ921b974XiEXVFCZtuL92W,423495088,1780278433,"{""InstructionError"": [2, {""Custom"": 0}]}",0,
YxUstMyYDyqPNz78auhYfhdUKrBQgg7uctnKNDEpump,EC2ezXbuFy7s7V2q4zudFvcbFfFXqAF1PyvWxAJ8hCS6K1UPHwNBAKZjvHikcsvJpB1nbraCWobyxmFLNXvgNrB,423495109,1780278441,"{""InstructionError"": [4, {""Custom"": 6002}]}",0,
YxUstMyYDyqPNz78auhYfhdUKrBQgg7uctnKNDEpump,2atkKF2YWmrqmYCpLyUb91rkFs6WiTbcW9sx1e2v21Gy61YJ1Rf75gVBcLXMZNZgcPhwfWuGLPvqDTnB6x463R51,423495114,1780278443,"{""InstructionError"": [4, {""Custom"": 6042}]}",0,
YxUstMyYDyqPNz78auhYfhdUKrBQgg7uctnKNDEpump,29uRfb2VHbzTZeStwagjhSk2PxfhUhqPSEx4sGvHPfdSLXcU5118LcppSV1YtmZkz5wyY6DgMArsyoxodgRU7nZU,423495123,1780278446,"{""InstructionError"": [4, {""Custom"": 6002}]}",0,
YxUstMyYDyqPNz78auhYfhdUKrBQgg7uctnKNDEpump,4QFCzGjXv88mhkcQ1EN34UkTK7QzWUeGpwj899r5kPU7W92imzeBtiZL5akYhGmh6S3H49bDU9Qe1Sf8Dde7LaTA,423495159,1780278460,"{""InstructionError"": [4, {""Custom"": 6002}]}",0,
YxUstMyYDyqPNz78auhYfhdUKrBQgg7uctnKNDEpump,5jgrakceQpjVnPtsEA2V8wf2QQw7udTbFJVsuCTpX53NRxLDoMF8PsVmtwfMCMRgZ7adzJUi2DBagRA4mZDG5dSw,423495175,1780278467,"{""InstructionError"": [4, {""Custom"": 6002}]}",0,
YxUstMyYDyqPNz78auhYfhdUKrBQgg7uctnKNDEpump,2XA5KTyiQ7rgTZ5zTXbH92oVNndWEqAhGPJ4DhMjgVm1PFqDbRKeq3aEUesdQNSGmQ9G3Xo69AmoUQe63kFQiCmo,423495177,1780278468,"{""InstructionError"": [2, {""Custom"": 6000}]}",0,
YxUstMyYDyqPNz78auhYfhdUKrBQgg7uctnKNDEpump,65Wu4FZ9su4NQ7qRvzd3jdJ7GTmxmbpsdaJdGvodAnRcA5HtjR6U2DqPEfucEsnM4T8TxA1BjSEVij7BpMXHJ76n,423495192,1780278474,"{""InstructionError"": [3, {""Custom"": 2006}]}",0,
YxUstMyYDyqPNz78auhYfhdUKrBQgg7uctnKNDEpump,62AbdDE2TdrvgzT8Vrdb4MsdVNGtJpTVsmkisppDdFiwfyfu4AYufxyjMBvmho19bmEXisHqV9Rd2vDWWNgrpUMj,423495215,1780278483,"{""InstructionError"": [3, {""Custom"": 1}]}",0,
YxUstMyYDyqPNz78auhYfhdUKrBQgg7uctnKNDEpump,3nCRa6iUSwkkQJXxDwx3xpmqWdZ9feTxkY26UeqovohWeLhrWwUfSvZpvpzSTNxMqhpY4V2rZQ1ZHYGeKk3BMXEW,423495232,1780278490,"{""InstructionError"": [2, {""Custom"": 6000}]}",0,
YxUstMyYDyqPNz78auhYfhdUKrBQgg7uctnKNDEpump,4LaJZziLGCLBmYpaKR5fGmSAWW2hqhntYofQhC67gQRND2ZauJg2ihv12jsWdwGavELKQCoqqMcqzmxd5yPVkoiG,423495240,1780278493,"{""InstructionError"": [4, {""Custom"": 6002}]}",0,
YxUstMyYDyqPNz78auhYfhdUKrBQgg7uctnKNDEpump,62uX5iMWK4fEFP7EMqBNy6U5Kez7V7whtUtZs3YZkjSVexPGsQkHAwuG1ybRdAGJufLip7L6Q7Pf5bS1tpty3X9N,423495250,1780278497,"{""InstructionError"": [4, {""Custom"": 6002}]}",0,
YxUstMyYDyqPNz78auhYfhdUKrBQgg7uctnKNDEpump,5WuRwQZBS8L8VcZok2PNj22uCGQnj4NUaSy7wtKzcr9XxtBUyv8v6pp79XY5Bn8TuLtM3QsX21Q6x3V4Hae2nLJJ,423495269,1780278505,"{""InstructionError"": [4, {""Custom"": 6002}]}",0,
YxUstMyYDyqPNz78auhYfhdUKrBQgg7uctnKNDEpump,2mEmdU78YUFwDXZpEkHgnHkwmHmD4UhP5TLZ7URQox8HR8cf9JEcZgN7UvkwpJpv5YGa5n16q2tfUZS2ndqSVUSY,423495301,1780278517,"{""InstructionError"": [3, {""Custom"": 6042}]}",0,
YxUstMyYDyqPNz78auhYfhdUKrBQgg7uctnKNDEpump,44HJNYWkhJf4MTANctQdjs4xXbPhe7pRkW4LTrKisxq6tjqbKiYwZiD7G66FZ7NfnsXhAYirA4Zqat6oxZopJ4tt,423495306,1780278520,"{""InstructionError"": [4, {""Custom"": 6002}]}",0,
YxUstMyYDyqPNz78auhYfhdUKrBQgg7uctnKNDEpump,35U8hZfkx7srSbNqA31xf4G5CFZEF2PB4feUXVvo9EDqaboDX5oPCE7D5tXj3T8HDau8uKetv2rJXgcC6RotZTqC,423495311,1780278522,"{""InstructionError"": [2, {""Custom"": 6000}]}",0,
YxUstMyYDyqPNz78auhYfhdUKrBQgg7uctnKNDEpump,2C5p212DZSCgc6stuKkAs821xTwH5qb43THXkZ7w2CmkvppANqedTUbh4S1W3qNAL7BoQYwmevFQy8kvNrDWsb2b,423495318,1780278525,"{""InstructionError"": [4, {""Custom"": 6002}]}",0,
YxUstMyYDyqPNz78auhYfhdUKrBQgg7uctnKNDEpump,4XifER5RHYzxTYhFj74KhN85AwSC2yK1aMScgp6Vtb6JAqJ9fwfWpX9qroVTKGiVCYoCAmkatPC3eXWEtQgfcqyX,423495352,1780278538,"{""InstructionError"": [2, {""Custom"": 9010}]}",0,
YxUstMyYDyqPNz78auhYfhdUKrBQgg7uctnKNDEpump,2xqRnbri9Q2JgcPvmt1oSHa9yKaJX2TUcwxkMiFSi9aVBe23ZGDuxfeDwXDSorcmxriJrBrGmhuM816YA9F42Rce,423495401,1780278557,"{""InstructionError"": [2, {""Custom"": 6000}]}",0,
YxUstMyYDyqPNz78auhYfhdUKrBQgg7uctnKNDEpump,63ieQomHGFHCqonx46zZU2et2gt9piyqotPzsnzGrbt758zitC5DHq6zRZEHtSkvGGmhtuyswtB1XUskh45Nw5im,423495432,1780278570,"{""InstructionError"": [2, {""Custom"": 9010}]}",0,
YxUstMyYDyqPNz78auhYfhdUKrBQgg7uctnKNDEpump,37cRYBTPscRiyMTHTweo63wJsUjeXwqngkodGAwphbuJth1uimWcCaE9W14NKhTuqS7fQnbMpynCHTqywb8rhdyK,423495436,1780278571,"{""InstructionError"": [3, {""Custom"": 6001}]}",1,TradeEvent:5716681
YxUstMyYDyqPNz78auhYfhdUKrBQgg7uctnKNDEpump,ARk8pv89btHCvRdycWDUToM9dYQa89BGLmQoDnkzUGaDcxosnnfVZVYp1AoCfi5TryxCKyPqEyTBV42trMW2acx,423495480,1780278589,"{""InstructionError"": [3, {""Custom"": 15001}]}",1,TradeEvent:buy:897052459
YxUstMyYDyqPNz78auhYfhdUKrBQgg7uctnKNDEpump,NustJMfBRv2TmJxesZo8MZ8aeZJRjQGwqeRaTGzRXf5h6vyMbSFouDqjpr5Yh1Pnw26RB9BaCmm4KBymbVBbbUm,423495482,1780278590,"{""InstructionError"": [2, {""Custom"": 9010}]}",0,
YxUstMyYDyqPNz78auhYfhdUKrBQgg7uctnKNDEpump,3bmQqVGLvNwt9MgzEkqDiqaVpvtE1WiutgcZfSe9crL4JeJJAncmLKkak1tgscx3Fb5fq86Tuuay6XBX8tY8p8S2,423495483,1780278590,"{""InstructionError"": [2, {""Custom"": 6000}]}",0,
YxUstMyYDyqPNz78auhYfhdUKrBQgg7uctnKNDEpump,5hMU1kfRxDEznj19cQCB7XDctodzit7E1kWUbCf1yp6io5xu5rP7ybVsP1jSobGGAjxkC7JVJ4cXgyNm8JoMiK72,423495496,1780278595,"{""InstructionError"": [0, {""Custom"": 2006}]}",0,
YxUstMyYDyqPNz78auhYfhdUKrBQgg7uctnKNDEpump,2ziiKkxxgDDH5VeCgiApsE9vfRWwofvjzQ6o8aA4ap4DGzrhYmjnGWRtp5sePiJ8TMh8KmxRJb7LDZX8feivK4MS,423495497,1780278596,"{""InstructionError"": [3, {""Custom"": 100}]}",0,
YxUstMyYDyqPNz78auhYfhdUKrBQgg7uctnKNDEpump,48abuYSsg7AjwFvABeNXdFU8wtUmHZ5nhJAYEbNfCLGnPq9Unpw2SeDmF7ULu1ANGKSdywaBW9RTEiywas4eTcSo,423495497,1780278596,"{""InstructionError"": [2, {""Custom"": 9010}]}",0,
YxUstMyYDyqPNz78auhYfhdUKrBQgg7uctnKNDEpump,3PtrWXD7kSXicoikvvc4XBvpfGvjyoNXpm2gCAecQDVsD8NkWwnP2E61UyTQDnxJgwvCo88DK8dQLaTmp2PJoL87,423495502,1780278598,"{""InstructionError"": [4, {""Custom"": 6042}]}",0,
YxUstMyYDyqPNz78auhYfhdUKrBQgg7uctnKNDEpump,5bpC19mm58kwsJhfzBdgMPryeooJNXruByWAy2jFMB1tbYox8zbpuCqQctMXH9vyN8oqXb1CvNLqz9gBZ2wedkzd,423495503,1780278598,"{""InstructionError"": [2, {""Custom"": 6000}]}",0,
YxUstMyYDyqPNz78auhYfhdUKrBQgg7uctnKNDEpump,5QZ5TEzuTT6q12KAMzmvE1ZsxPJW1BcDxsqRo9L5HU39ba6k7g8s87xZ1HqEHNNvPkGCV6WkfJU15iytkLRdHuWc,423495511,1780278601,"{""InstructionError"": [3, ""IllegalOwner""]}",0,
YxUstMyYDyqPNz78auhYfhdUKrBQgg7uctnKNDEpump,41rtkZpc4n1PNxcCAHMWFw8LsWUeNgoSkXXCVh6APiXLmHkTuHr42MfwNrwoaj1kTAHUEZnSvVwzqDy27YJhRL4C,423495511,1780278601,"{""InstructionError"": [2, {""Custom"": 9010}]}",0,
YxUstMyYDyqPNz78auhYfhdUKrBQgg7uctnKNDEpump,7t1oiVwxShg9LT22HumSqf3oWx6Yq6pqRQGg6Mut63BLtwLTGiJSckv7WHiVtKy3iRuzVTk7VixV1q3g4eaeXok,423495511,1780278601,"{""InstructionError"": [2, {""Custom"": 6005}]}",0,
YxUstMyYDyqPNz78auhYfhdUKrBQgg7uctnKNDEpump,2z2ffhsVrehcF13f16dy7m67oyev49GN7F9uZnyDZxP2gY8eeXokxecw3crQAbvEBWtaF9u8uhJy5i5KMtrDrJkd,423495511,1780278601,"{""InstructionError"": [0, {""Custom"": 6005}]}",0,
YxUstMyYDyqPNz78auhYfhdUKrBQgg7uctnKNDEpump,2bGP2c4MSDJzf2AwBWdpmbn1iHtBHMX5LTTyA566Xb7QcGhiVuuWaB5M1NAMEUf7m55HhCw6MgMbxooNKHxjAiDY,423495511,1780278601,"{""InstructionError"": [5, ""IllegalOwner""]}",0,
YxUstMyYDyqPNz78auhYfhdUKrBQgg7uctnKNDEpump,2jkZnCUGd5EJbHqAQ23JoZ9NYB3uR5LhfhzHKtneSW6Qw73S2YEiVRWAtJuMZJdTsMQYuhZMjXPKH5mdbE57anFz,423495511,1780278601,"{""InstructionError"": [3, ""IllegalOwner""]}",0,
YxUstMyYDyqPNz78auhYfhdUKrBQgg7uctnKNDEpump,3HqqBAPJ3sya9QrNDFpBRSemNibEErDvrAaCisAY4hNyN2DPA8b3JFwhcfmStwABof2gjSsfwegKWCe6QyHrPYap,423495511,1780278601,"{""InstructionError"": [1, {""Custom"": 2006}]}",0,
YxUstMyYDyqPNz78auhYfhdUKrBQgg7uctnKNDEpump,3YsnboUyc7YMvibf9yLxAxiXUnuSeAvsV5WuRRRYbwzEctJV48GhFuSsY6BreruT89UK7egYvPQ7g9aZycVziRo9,423495512,1780278602,"{""InstructionError"": [3, {""Custom"": 6005}]}",0,
YxUstMyYDyqPNz78auhYfhdUKrBQgg7uctnKNDEpump,5vMmemthLyptt1ZxAAYmzr3PA6EhdfTPGU516MHsk28gsrm7q32CvGAahoJr3LxfxCnrU4Jwsy5kFJjMTSBbn4qM,423495512,1780278602,"{""InstructionError"": [3, {""Custom"": 6005}]}",0,
YxUstMyYDyqPNz78auhYfhdUKrBQgg7uctnKNDEpump,5cg16SheQ76JRSxDTSeKUQhzJzDuUbnQg78zbtbwQ2bYt8PdREqeVtgW5mRE8swWCaW19xLrWcpucWJwUzG33caQ,423495512,1780278602,"{""InstructionError"": [3, {""Custom"": 6004}]}",0,
YxUstMyYDyqPNz78auhYfhdUKrBQgg7uctnKNDEpump,3689aag6bNoW89yzs1GMamLpi9dKeYDMzD88ZKZrPTQb4QefKMbJQKzM58shtRo5iuxYyZknLhSt18d8t66SbTxq,423495512,1780278602,"{""InstructionError"": [3, {""Custom"": 6004}]}",0,
YxUstMyYDyqPNz78auhYfhdUKrBQgg7uctnKNDEpump,5CqBTaS23SDaDnDjyBnZ1YrQFpU7ogXabWchTa7EfZeuiADFquWKfveLya7gm6AS37kspbGGqmCUEuRGyLyFuSDF,423495513,1780278602,"{""InstructionError"": [7, {""Custom"": 6058}]}",0,
YxUstMyYDyqPNz78auhYfhdUKrBQgg7uctnKNDEpump,4qDGsM3WCwu9x1ywePB1ThLQWEyj7fDGSrFdUbpYEGiy2bdmsatFk3aM3VNBrw8swAPuj4wR2Tk7bdhimcD6AY3y,423495513,1780278602,"{""InstructionError"": [6, {""Custom"": 6058}]}",0,
YxUstMyYDyqPNz78auhYfhdUKrBQgg7uctnKNDEpump,jWYLrYPtK2YrR3dif89jvVaJcsFefN7J2atRckhHCvKAFy4XupUDmP2DK3tGwVqNz12wSJXFyUk8dsqViHGbXnZ,423495513,1780278602,"{""InstructionError"": [3, {""Custom"": 1}]}",0,
YxUstMyYDyqPNz78auhYfhdUKrBQgg7uctnKNDEpump,4VPYAn7PtK6kpdynVY9FiWHkQPbrMyXCC2UmYMspNHKx2WR4RdqrToTKJHAMWbQ1mgfGwaHsesuwmyM7B88bgFSH,423495514,1780278602,"{""InstructionError"": [6, {""Custom"": 6000}]}",0,
YxUstMyYDyqPNz78auhYfhdUKrBQgg7uctnKNDEpump,gx5Kr25LZ5yq4tFed2uStpHnjbRfty6sTgXrkQg14ffLfwmDqFeDKdCWDGKjWm7twQRWx2ia2dT6yMe8hMVQ55w,423495514,1780278602,"{""InstructionError"": [5, {""Custom"": 6000}]}",0,
YxUstMyYDyqPNz78auhYfhdUKrBQgg7uctnKNDEpump,1SUtqPF3rEL5y7gE6gERArKwAJ5SwGSAN7TXzCVLdstra17M88rdg4aX4fXVxWgPKJHXBR1nmtujKE4VnSTYtGU,423495514,1780278602,"{""InstructionError"": [5, {""Custom"": 6000}]}",0,
YxUstMyYDyqPNz78auhYfhdUKrBQgg7uctnKNDEpump,4A5BYBrju7JNwfMoyYwXcYN5vkgGipPYTn9dwT4PaWe3st23jvjt87xT3LzcCHU6NRW2tWq11gMohiYxjc5aMbpj,423495514,1780278602,"{""InstructionError"": [6, {""Custom"": 6000}]}",0,
YxUstMyYDyqPNz78auhYfhdUKrBQgg7uctnKNDEpump,NdVaMZX927AhGAUtJTiNcsbt4bV6Hp5TZ2DdXHAUVXrcpamCLmpnREKrDp1Ve1sV66dRj9tzXKVGbtPMffjDemU,423495514,1780278602,"{""InstructionError"": [6, {""Custom"": 6000}]}",0,
YxUstMyYDyqPNz78auhYfhdUKrBQgg7uctnKNDEpump,4pg7tvuv2QgoZs1Mqa5JTiCG7iEf27ccy9Ad5HNDbUZrTtN4VAxZXXp8Hh4GECKbfoN4YWANvkHWwFLXhK1o9iaf,423495515,1780278603,"{""InstructionError"": [3, {""Custom"": 6004}]}",0,
YxUstMyYDyqPNz78auhYfhdUKrBQgg7uctnKNDEpump,zs3wyUwzXvLBhQLo1u5zV8GvxnJgV9g4ZQtgWMSzM7KtcP5AmFkwFWzLGRurV43TtM6Et6KUazRwN3Gi9vc9LUf,423495518,1780278604,"{""InstructionError"": [3, ""ProgramFailedToComplete""]}",0,
YxUstMyYDyqPNz78auhYfhdUKrBQgg7uctnKNDEpump,r7QqFbgh5gYh5xnFXvQmn11eN72xKu9zM4kqzysJXtGnB41DpjSX9b5MegQCkynYRwygdYacaVi8pM8Dis5gqZh,423495525,1780278607,"{""InstructionError"": [3, {""Custom"": 1}]}",0,
YxUstMyYDyqPNz78auhYfhdUKrBQgg7uctnKNDEpump,4fDVsYg3eDsLBvWoSPNQbnBLYsUf9Kdos2DSXJd1xWCaaR1yPvJWcMmYRN2k9Vb2j1oYcH4VY9UmDcqKE9Hdbkui,423495527,1780278607,"{""InstructionError"": [2, {""Custom"": 6000}]}",0,
YxUstMyYDyqPNz78auhYfhdUKrBQgg7uctnKNDEpump,4AN4pPZiJV56hnFgXXP9P4a6MPUYYmuSZi3FeAxi2pASxy1b1YXxCsG32Eg9y6bsJt5zmBzLMA8PGwpUY5QcQ8Zg,423495527,1780278607,"{""InstructionError"": [7, {""Custom"": 6004}]}",0,
YxUstMyYDyqPNz78auhYfhdUKrBQgg7uctnKNDEpump,LVUDf47zMcWuNeBQrMCCV4C7jG4sA7nwf8BQ7jZCoiF1WUWHvJqYW25n75p7V2zLWp7Yni9L4Ku1LSDh95HxC2n,423495534,1780278610,"{""InstructionError"": [6, {""Custom"": 6040}]}",0,
YxUstMyYDyqPNz78auhYfhdUKrBQgg7uctnKNDEpump,5VJ5mFq7b85sTeHZhsPeJw8a7fJ3W6mSzkmmU9uESYgse5enw6VRvkqEckUeAXqiYhUfBNBRfqqQoV5MuD4GtgpW,423495536,1780278611,"{""InstructionError"": [6, {""Custom"": 6040}]}",0,
YxUstMyYDyqPNz78auhYfhdUKrBQgg7uctnKNDEpump,4YCoNHuecZHcMu6DnFqpWWpbJuJU1GwvitBhjavR5aUuEzTBMdLQ3wX7dvGkUNQ588U4aA6BN2qsLB2sz2Jq6br,423495540,1780278612,"{""InstructionError"": [6, {""Custom"": 6040}]}",0,
YxUstMyYDyqPNz78auhYfhdUKrBQgg7uctnKNDEpump,3J5zm8sLFkMkY5R9SRWrAQMGWN4W6yPFq2azg2xaXkmEnB7BTQZwYNm5UM44hmXbqWeqQHYJHNbwFhKJ4FqPGNsG,423495544,1780278614,"{""InstructionError"": [6, {""Custom"": 6040}]}",0,
YxUstMyYDyqPNz78auhYfhdUKrBQgg7uctnKNDEpump,4J8fLGfAbCLX6gSUbPH1G6Y7sHkEtc4jhmzFDzubNYb5yiH4kKksNWD9bjkhdW1GqpnRmUL9E2XSXRBdB5uQ2zZ,423495551,1780278617,"{""InstructionError"": [2, ""IllegalOwner""]}",0,
YxUstMyYDyqPNz78auhYfhdUKrBQgg7uctnKNDEpump,5xxAczn3uCPq2vnmzzJ2QPmHRHTHvXV1suwsprpbPr4ttWKDuj6i2s2htU3Pwcc8VLBJmWf6xa6Ctv5xTm3WVPoG,423495557,1780278619,"{""InstructionError"": [7, {""Custom"": 6040}]}",0,
YxUstMyYDyqPNz78auhYfhdUKrBQgg7uctnKNDEpump,4taASue4xjYVi6CFNcqRnK5SxrE8yXD3pN3mxsrY2zXVmBWfNEYn7t65g1KT5trhSeoz1NaieFeAZfYq1g2U9SUJ,423495569,1780278624,"{""InstructionError"": [2, {""Custom"": 6000}]}",0,
YxUstMyYDyqPNz78auhYfhdUKrBQgg7uctnKNDEpump,4eEbRAdQGtE3QQKMPPZDMVjjzjktfgg1gHziEWKxFjS7rVfB6ZiJVV4rh59CwfWnaZNdx8H8owyrtCHxxCfPccQG,423495571,1780278625,"{""InstructionError"": [6, {""Custom"": 6000}]}",0,
YxUstMyYDyqPNz78auhYfhdUKrBQgg7uctnKNDEpump,dspRp1jyF2CFvRyMNW44AJSTrBPJJAzHyaah4net5aMcUhG1ciSXRBx7ZJe1G999SZmkEeeV6HPpVV6XNZRr6JN,423495571,1780278625,"{""InstructionError"": [2, {""Custom"": 6000}]}",0,
YxUstMyYDyqPNz78auhYfhdUKrBQgg7uctnKNDEpump,GwaDN3hkzotknyTjtbSEuDJDGftVCRmktBb5foeqw8KiopMSQYhJD2jFHhWbvaVpogbWQu9YfZujeG9PYAqhY18,423495571,1780278625,"{""InstructionError"": [5, {""Custom"": 6000}]}",0,
YxUstMyYDyqPNz78auhYfhdUKrBQgg7uctnKNDEpump,7CRyv132ZnYLuy6CsFnz8pEnyihMRAysDugA3JUvM5oofMJ9dPPqZQY7CxNQRHnb4NFbGkbxABU6NsWpXuYiQkp,423495571,1780278625,"{""InstructionError"": [6, {""Custom"": 6000}]}",0,
YxUstMyYDyqPNz78auhYfhdUKrBQgg7uctnKNDEpump,3FeGoyEoaGVvFMPivBiwxdZ6PDSPEyS92TEbePPt8sDohsd1VawFNJS1bSVmJBj4Ck1cREyozjwc6R4YxN2o8oYz,423495582,1780278629,"{""InstructionError"": [2, {""Custom"": 0}]}",0,
YxUstMyYDyqPNz78auhYfhdUKrBQgg7uctnKNDEpump,3PRtCwFPZxPmmcVosDkmvcZm7PvSD2hWCdMUgxGKaZ1YpUyhfTseqb1oDYCQ6csFW7nEEXhNKieMoTxVToJe2YTo,423495582,1780278629,"{""InstructionError"": [2, {""Custom"": 0}]}",0,
YxUstMyYDyqPNz78auhYfhdUKrBQgg7uctnKNDEpump,2fgeXAX11pGTkJCkh6J4KpVDMw7k24JdAtehMtoqKF35DT9X9PFg1ovx4sjG3i5bxs5PTQwfeXv8BUyUW3mk1whu,423495582,1780278629,"{""InstructionError"": [2, {""Custom"": 0}]}",0,
YxUstMyYDyqPNz78auhYfhdUKrBQgg7uctnKNDEpump,Ck3WxcN49fixCX6XFiNizymKvsvpFVUvGcsnfG5sC81xmB1DFsm639r5ZKRETfB6C8V7kKkgBU988YxeecR2qqd,423495597,1780278635,"{""InstructionError"": [2, {""Custom"": 0}]}",0,
YxUstMyYDyqPNz78auhYfhdUKrBQgg7uctnKNDEpump,4mAWCwSxBUzQ9Wi64fnmzXRCyQvq1ArGJhfshH36VJD1ebjib3E83ry9PYL7zS6vzvMqAnRC1aBTpBNcZG2JoX67,423495597,1780278635,"{""InstructionError"": [2, {""Custom"": 0}]}",0,
YxUstMyYDyqPNz78auhYfhdUKrBQgg7uctnKNDEpump,3qLCkDq3BsAMPDLhFM5reNCzUywZSA81uh8XPtP5MKiNSz2KWWCZkggvhUnmwyShTjgZS5c9owbpwvWzZR7TFxSK,423495597,1780278635,"{""InstructionError"": [2, {""Custom"": 0}]}",0,
YxUstMyYDyqPNz78auhYfhdUKrBQgg7uctnKNDEpump,2nkFq4ieyfWcVJKTpAhRCReqxWrWCvTmdNi1ghubGs5JaGW5SAhkeNih6orMnNd72Fg5Sdp2ct9xjN6icQ1q2Q2f,423495598,1780278636,"{""InstructionError"": [3, ""ProgramFailedToComplete""]}",0,
YxUstMyYDyqPNz78auhYfhdUKrBQgg7uctnKNDEpump,5ndaNfSS5mcvr8HofEuBQjwkPLuPw28jF2tZ2JQngtboAHokpSMWyWSqAmo5G3fKoiCVe4XzMYwP6jAesVbYvBvZ,423495607,1780278639,"{""InstructionError"": [3, ""ProgramFailedToComplete""]}",0,
YxUstMyYDyqPNz78auhYfhdUKrBQgg7uctnKNDEpump,2Xq2kqYMrFkuP4SLu5ck9W1mWyPPqBMx5YZ7rK7iK66PCX9sCpqqWbzDBfJP3WGn4QM1rfBkJQ2f18i46VqsRhEK,423495611,1780278641,"{""InstructionError"": [2, {""Custom"": 1}]}",0,
YxUstMyYDyqPNz78auhYfhdUKrBQgg7uctnKNDEpump,3y2HjGhqsC5T44UcRE7Fkwjd5cWvXXEbAL3jn5EKeHsCLVjrSC6VgHT4bGaRy1nnQBwDfdyrzjXpCTnNhExjyW9Z,423495611,1780278641,"{""InstructionError"": [3, {""Custom"": 1}]}",0,
YxUstMyYDyqPNz78auhYfhdUKrBQgg7uctnKNDEpump,5Qbf8FHPvRp5ykkJNkpz5k92HgqBeoLDFACTcjX5sRKwWEaEKN9syYtATrfP7pRFwCBFTwvaLM8wc4UQsBZ3xkfk,423495611,1780278641,"{""InstructionError"": [3, {""Custom"": 1}]}",0,
YxUstMyYDyqPNz78auhYfhdUKrBQgg7uctnKNDEpump,5zaPjnoYfbcUkfXbZfcckgSz9ANnJpvDVEAExPZf38BxZRPcmMcoLUa9rg9Jybw3WeBQ3BFGA6DKJEMrvVPFRGqi,423495615,1780278643,"{""InstructionError"": [3, {""Custom"": 6004}]}",0,
YxUstMyYDyqPNz78auhYfhdUKrBQgg7uctnKNDEpump,2Hfy56D2whNy3DLJ1DiDviVyWNsogEqN59iKRzQdQrNMJ4dzSPZTnaAxAoTWV8SZN6wynEMohFhJuJtQJtthNEL,423495616,1780278644,"{""InstructionError"": [5, {""Custom"": 6040}]}",0,
YxUstMyYDyqPNz78auhYfhdUKrBQgg7uctnKNDEpump,3n5s4NPJD4bhygAkQTSa6rd5uv4pXWP6LNtBdUpVqKWC96NCH5vEBuhHLE5bS25uNaiU351tFVektQX5qs6AEgQP,423495616,1780278644,"{""InstructionError"": [2, {""Custom"": 6004}]}",0,
YxUstMyYDyqPNz78auhYfhdUKrBQgg7uctnKNDEpump,5XqpEAv5yamLHj9tWMxkbNhALhsU7ydX3aQAaHpV8GWg72ituoZTrPefcdPtt78P2miqCP47d1usqVH1jFHsJS6N,423495616,1780278644,"{""InstructionError"": [2, {""Custom"": 6004}]}",0,
YxUstMyYDyqPNz78auhYfhdUKrBQgg7uctnKNDEpump,4RjxyykG6BvUyFk9sYi4nQoDDXYkQ2wnJk8B7zdLhi92d2jjfPtN4ejqaihYdkB15oY1CUkWPmuvkwZ4s7E5eYgp,423495616,1780278644,"{""InstructionError"": [5, {""Custom"": 6004}]}",0,
YxUstMyYDyqPNz78auhYfhdUKrBQgg7uctnKNDEpump,6Qszk5Y9tF3Ys1cQgVDrcSG2fWBywVJ6Gsw2yizUopi3t4HfHEvAYbvpPqJ9RzGsFkkQbJgsToQKMSxRjW8pUDa,423495616,1780278644,"{""InstructionError"": [2, {""Custom"": 0}]}",0,
YxUstMyYDyqPNz78auhYfhdUKrBQgg7uctnKNDEpump,3ZAvqZcwWBuMFwUWbm3eC6poh78H4PAEABuXCQPRD1cZ9ZwS21oBMF4R3jyMMkaxDk2CEnTinbGNfi8d8v8PxxUN,423495616,1780278644,"{""InstructionError"": [5, {""Custom"": 6004}]}",0,
YxUstMyYDyqPNz78auhYfhdUKrBQgg7uctnKNDEpump,2pYxWb3JjU7z5zK96BjuQdareopYioVvG1wxJZgFyLyxeSTi8HwCyxmWe8J4Dnv464TsMDg57hm1tHVcYLnXFhum,423495616,1780278644,"{""InstructionError"": [2, {""Custom"": 0}]}",0,
YxUstMyYDyqPNz78auhYfhdUKrBQgg7uctnKNDEpump,3BYFdAAfuyaGWo2MJJocWCywXf9qeHTx3SLXDHc91G6wqkckBC7RFptp8eX3mBc1KiwyaEQPZF8DPbLgtbK7CFSA,423495616,1780278644,"{""InstructionError"": [5, {""Custom"": 6004}]}",0,
YxUstMyYDyqPNz78auhYfhdUKrBQgg7uctnKNDEpump,5ae53E6xPhdAh1R1GcdvYD5gVbo9TGbnpfB2zztxMc7n4AKVQCWrRpis4JKJ744CcmpWUqngJKNG2ZZQttFGK3mD,423495616,1780278644,"{""InstructionError"": [5, {""Custom"": 6004}]}",0,
YxUstMyYDyqPNz78auhYfhdUKrBQgg7uctnKNDEpump,4PESiUosY5LsuCxUqEJwQHVpAifP3WDbqkNMPywYx7Hyz8UL28uEsxqsZnJDkcAYrMGoW6ta64DsGjvXvQDbTnbD,423495617,1780278644,"{""InstructionError"": [6, {""Custom"": 6040}]}",0,
YxUstMyYDyqPNz78auhYfhdUKrBQgg7uctnKNDEpump,4Z3FaWmvQ6xcGsJ6i2cqfZeS1cwq9uTEwUG6pvNsuKFyLyJxTvpzjjsDhDas1fWPoqb1h51fL5SvKhdQmGhm4EFC,423495618,1780278645,"{""InstructionError"": [2, {""Custom"": 15001}]}",1,SellEvent:0
YxUstMyYDyqPNz78auhYfhdUKrBQgg7uctnKNDEpump,VzRohnU4m8VJWCSXpVzAE5TNnbFdpM3HENPtzD4BaQVNcK58CjvE7gipjLkZGy93oBP3rLk2hnjZ3hmehAvnR6A,423495618,1780278645,"{""InstructionError"": [2, {""Custom"": 0}]}",0,
YxUstMyYDyqPNz78auhYfhdUKrBQgg7uctnKNDEpump,5RHMsobxSAW3bf54JvGHEBADyu7EBb2pHhnr9hFqx7LxwiD3sSckNRmCbA4E4aGvZReJF5GSifkLAL6Nq76mY2HF,423495618,1780278645,"{""InstructionError"": [4, {""Custom"": 1}]}",0,
YxUstMyYDyqPNz78auhYfhdUKrBQgg7uctnKNDEpump,4rsUdEJ5yRcY2yjtbL4DeU5gKKVWzzTKF3X3i7XHD1Le65SsYDKyWiVnv7TsBHQ2gTWe6NoVV76YcRwds4V94nBr,423495623,1780278647,"{""InstructionError"": [3, {""Custom"": 1}]}",0,
YxUstMyYDyqPNz78auhYfhdUKrBQgg7uctnKNDEpump,32PrnY3q1ZUaMwN6F1Fk2MXMnoSMRrCVZBE4DKJ4nfYnPWhiZx7dmM3G6gxrCKWYwBxectCF94oDdMVWHh8dRLqT,423495630,1780278650,"{""InstructionError"": [3, {""Custom"": 1}]}",0,
YxUstMyYDyqPNz78auhYfhdUKrBQgg7uctnKNDEpump,4tujURrByqB5yuNoXsdWb6NEc7QMD62mEuxzXEjCkUYbE2XC3HmRdkVcYKGWuenQePH36TuCsFCmpLcJTED3oyvM,423495633,1780278651,"{""InstructionError"": [2, {""Custom"": 0}]}",0,
YxUstMyYDyqPNz78auhYfhdUKrBQgg7uctnKNDEpump,4HSBNbn1o31gScmoBzGDqjn3gyGfQzzxT5CSxW2NMmX8UxpCB9ACAbD3RkfDjAUhDDMKU5dHzwK5SPio1EdF3vf8,423495633,1780278651,"{""InstructionError"": [2, {""Custom"": 0}]}",0,
YxUstMyYDyqPNz78auhYfhdUKrBQgg7uctnKNDEpump,4Zwwn7HbFULVpGLCqu7N7gh4QPDsiKB9EdfuA6zRFfvHm7GLcbS5KCUQxUNmCFEct7wYqQmTXkDPse8iEQp5tCoy,423495633,1780278651,"{""InstructionError"": [2, {""Custom"": 0}]}",0,
YxUstMyYDyqPNz78auhYfhdUKrBQgg7uctnKNDEpump,dW2CwTBW5snkaQFKaM9XxQYbcZgrQXXxDVrLscBrEYUauKeXSdko8Gwvyb7CTncbsPAi2s8MATESmCk27s7NYHf,423495643,1780278654,"{""InstructionError"": [4, {""Custom"": 3012}]}",0,
YxUstMyYDyqPNz78auhYfhdUKrBQgg7uctnKNDEpump,4dsBwmPN7kwdcPdXmRiZVf97o4sQLVUGtaVyTBAP9PfGzkrj2bEwSH5L83koHEJmXzzJYfkUzKNosCfdzib7KetQ,423495644,1780278655,"{""InstructionError"": [2, {""Custom"": 6000}]}",0,
YxUstMyYDyqPNz78auhYfhdUKrBQgg7uctnKNDEpump,2fjt4DBVZe5m3yB5XFtpVF6L27hThq1LKrq9VELWzhJrFNZjMi5hVs93Mvo8ksEeEniDFSmbnmYWddwz1V3rRvss,423495648,1780278657,"{""InstructionError"": [3, {""Custom"": 3012}]}",0,
YxUstMyYDyqPNz78auhYfhdUKrBQgg7uctnKNDEpump,5inbLXPVEMquYRNscrsjcG8237VZssbYDYNbAqYvTMZmXg8L4jkrAo4wvdhjeMwYFk1tiqNhjinhXt6xKadc9rNk,423495663,1780278662,"{""InstructionError"": [4, {""Custom"": 6004}]}",0,
YxUstMyYDyqPNz78auhYfhdUKrBQgg7uctnKNDEpump,5AK41WM9CSNbeBaVWK82oqHbGS29amvF4kEGnTaJkoLDajeJTvh7q6TTKmVwomwnVrwghMoZjEN4uMV4jmMSfiFL,423495666,1780278664,"{""InstructionError"": [4, {""Custom"": 6004}]}",0,
YxUstMyYDyqPNz78auhYfhdUKrBQgg7uctnKNDEpump,4grAjjbafVikeEK1JTHR7PKjsxLypmDsgFKzGq6b8udaU3PsG3LfRiauhB2Lhgo45Ss7CHqPagbTJ7kkP3YuRsYS,423495672,1780278666,"{""InstructionError"": [6, {""Custom"": 6000}]}",0,
YxUstMyYDyqPNz78auhYfhdUKrBQgg7uctnKNDEpump,4oPJ8rocG761hKkAhPA15Jzsjpk7rtM5ks4hopb784D5SAhEFrnS8V3NVwctzHHyXchHQjo5sWfRxk7k6uDgEnPz,423495677,1780278668,"{""InstructionError"": [3, {""Custom"": 6005}]}",0,
YxUstMyYDyqPNz78auhYfhdUKrBQgg7uctnKNDEpump,Kh48ifgsCXFwkvqxSwG7gVq5emjknufz2D8pU5zyUvKPqENy5NzgwSmLsKM2zVd9P3S13Vjefk5iex55wNrLngr,423495679,1780278669,"{""InstructionError"": [2, {""Custom"": 6000}]}",0,
YxUstMyYDyqPNz78auhYfhdUKrBQgg7uctnKNDEpump,2vZNfHN9NxaaXefxLqCVBgvn52UjMpFUXxgvtwTEEQQYUqG1Kv52wZycDzxVFRArui8DJhkhUuZYZ5mrihqE3en7,423495680,1780278669,"{""InstructionError"": [6, {""Custom"": 6040}]}",0,
YxUstMyYDyqPNz78auhYfhdUKrBQgg7uctnKNDEpump,4HAtJCfd4tPcEP1Tm3VEJe5Z4U8GPhFHc42oX5K4BLLgdHXD24KDws38GP24wVGGRymoZdsFDciYLPeBbXCYYoLS,423495685,1780278671,"{""InstructionError"": [2, {""Custom"": 6000}]}",0,
YxUstMyYDyqPNz78auhYfhdUKrBQgg7uctnKNDEpump,4nAjg3hCFzt17kHTj2tA15L2eEKsfb5ycMmq3z1NcoWk5N2gpNan4UeLsNVFYw7fmYpzTdD31yqMB8phc6vuaLvM,423495692,1780278674,"{""InstructionError"": [3, {""Custom"": 15001}]}",1,BuyEvent:121417090
YxUstMyYDyqPNz78auhYfhdUKrBQgg7uctnKNDEpump,5brr3pTa6wq7kUrjNbLaHAFtVEA9pth3erhutJ4ebgZr63yrBZfnZjQD92MBsuhA8QUrQbAekYmFLfKYgRAY8Vuf,423495703,1780278679,"{""InstructionError"": [4, {""Custom"": 6010}]}",1,BuyEvent:1807935
YxUstMyYDyqPNz78auhYfhdUKrBQgg7uctnKNDEpump,4QKxBpm69yaE6XhrtAvjn4X4aLmcYj8NmpZ5MSFtz13dWyEye7g659sEFfgTHFf8yLVi2AJP8Y487GgqAUTGLJYz,423495707,1780278680,"{""InstructionError"": [3, {""Custom"": 1}]}",0,
YxUstMyYDyqPNz78auhYfhdUKrBQgg7uctnKNDEpump,38PebVSo4NUmPLiCdXxLXwbdb7hnABB9QhXNcVLg16a4jj6ok1kVpGa5kJhNFdk3Vk1SXrSQDpTFN78nsmTCgd9c,423495707,1780278680,"{""InstructionError"": [2, {""Custom"": 1}]}",0,
YxUstMyYDyqPNz78auhYfhdUKrBQgg7uctnKNDEpump,4LHcVDVaqAyt9E4LumbTUpDMNiFjkWXNfHRWEi2wVm82CtxMkGDWTqNtjVvVNQ7YD7qiG3qPYoMxoaw69T2LifDz,423495707,1780278680,"{""InstructionError"": [2, {""Custom"": 1}]}",0,
YxUstMyYDyqPNz78auhYfhdUKrBQgg7uctnKNDEpump,KM1SKLZGkkCLjxxZshrZf1LiRwwCzGQYUcjU32SrmSoPZH7ujjNUV9PvoDsjcwqnX3oNRBe4JMTz1J5Rz4RTaWb,423495707,1780278680,"{""InstructionError"": [3, {""Custom"": 1}]}",0,
YxUstMyYDyqPNz78auhYfhdUKrBQgg7uctnKNDEpump,4VN8yFeJRv6dTpdW5wAryTsRMetcZyT8sN7RPXsT3ANjXJkQADiSya2qjor5kbKrv7U93QTbkaZtvDZcGuX8JQGD,423495707,1780278680,"{""InstructionError"": [3, {""Custom"": 1}]}",0,
YxUstMyYDyqPNz78auhYfhdUKrBQgg7uctnKNDEpump,5Y4Q7cpLdfDc6kSFPuaqwswFfbCoSs9aZwV2WHPYevfLqKMmHnb4pcVfSTCk3WnEqabjo8Ros8o72hGLNChmZZaE,423495722,1780278687,"{""InstructionError"": [4, {""Custom"": 6004}]}",0,
YxUstMyYDyqPNz78auhYfhdUKrBQgg7uctnKNDEpump,SyXxvK9kAYRnPAHnsvb5J9R8cY4C7obs2QNoUvioTvZ8jh6Ta4TJn82ox18KoDTWv2fqSJ9RNrpqg4vqiUpMZ72,423495725,1780278688,"{""InstructionError"": [3, {""Custom"": 103}]}",1,BuyEvent:196043477
YxUstMyYDyqPNz78auhYfhdUKrBQgg7uctnKNDEpump,9mLnjiegcxjqBnGFqtRpYXeLWrK1J86XmDoaV2HSs4hiTPAMdLS6SCV2vnhmqBoMEDXpQ17GXwgYP8C1T3iqKpD,423495759,1780278701,"{""InstructionError"": [2, {""Custom"": 6000}]}",0,
YxUstMyYDyqPNz78auhYfhdUKrBQgg7uctnKNDEpump,4EL5Ar7GRbgWRoknpQjSDPPPzsCRYYanDvDK5gQeMzmWf2hmyUNR4hwi5PzZJP4WmpYySJntq4ScPk6oaABMTAww,423495761,1780278702,"{""InstructionError"": [3, {""Custom"": 6024}]}",0,
YxUstMyYDyqPNz78auhYfhdUKrBQgg7uctnKNDEpump,2tP3t8r7sTpPgB6zzWNK3ebGnwW911hXTe1ZjvBKqLSVMStQdcDvw6KPuCBhTE8Q3KaPscreTzw8BEzVpRFt3ecg,423495766,1780278704,"{""InstructionError"": [3, {""Custom"": 6024}]}",0,
YxUstMyYDyqPNz78auhYfhdUKrBQgg7uctnKNDEpump,42ZNN5UD5PNo9PdHjKsAaxD2JMtpSEZT9JGyYqQXY5DSH8TCuhvNhiF453X3QCKefSSQ8wenMfZvUKuZJRUKsALm,423495778,1780278709,"{""InstructionError"": [3, {""Custom"": 6024}]}",0,
YxUstMyYDyqPNz78auhYfhdUKrBQgg7uctnKNDEpump,WUGTrTSuuAWqNkyAsyysFxhuWmBqKECN4pM3Jek9QkLqP893ixJ5dvD3sBt8ETHqYS1KwBa1tShha34U3BQ2iZe,423495783,1780278711,"{""InstructionError"": [3, {""Custom"": 6024}]}",0,
YxUstMyYDyqPNz78auhYfhdUKrBQgg7uctnKNDEpump,4GMyAZQ8SDNkWt7NSy3tduo8vta82d6s8qrGXwyqnGdm5tV2bA2Ty7WKF9LT6e5JpGUG1ScdQYwUEzoafX7Pq5BK,423495786,1780278712,"{""InstructionError"": [3, {""Custom"": 1}]}",0,
YxUstMyYDyqPNz78auhYfhdUKrBQgg7uctnKNDEpump,5jPeDosqeBvqFSLtQWeGYbUKLJmX4rk528Rb1KQKYBE6qhbHUa195TAjRNm11Pp6f8W6TBFujKe4Bi6uHH7jYVke,423495786,1780278712,"{""InstructionError"": [4, {""Custom"": 6004}]}",0,
YxUstMyYDyqPNz78auhYfhdUKrBQgg7uctnKNDEpump,5tXNhwsDUWJvWr4szLeCsMYpQLgxnHjpeownEzJcwthtGF6HewxdZ3nJpTDxqMYkckWzTBSMWdeY1Dky57qGkk4d,423495786,1780278712,"{""InstructionError"": [3, {""Custom"": 1}]}",0,
YxUstMyYDyqPNz78auhYfhdUKrBQgg7uctnKNDEpump,4veWgWpgfrHCJKGnCeNH9BGkmFpnRPM7HmRdfdWyHJ4oJeUZgMk8A6ZLr9mpLVfuJW2DDTM2mFxaUoqf9bpQ4LVx,423495786,1780278712,"{""InstructionError"": [4, {""Custom"": 6004}]}",0,
YxUstMyYDyqPNz78auhYfhdUKrBQgg7uctnKNDEpump,56NKpfwEtwqLAGRKita5mNY9tuwMKQkNi38Zdi1gjiNBqGyhNZeCGxi82uuLxg6r3aVkc8i1mEHKrJDkTgpDFviu,423495786,1780278712,"{""InstructionError"": [3, {""Custom"": 6004}]}",0,
YxUstMyYDyqPNz78auhYfhdUKrBQgg7uctnKNDEpump,FjTHq8Z5sGjACVRoimcK3AGRstNbQPTMjJ13qgrE3w8arVzTaRRR4UtKnNoPeN1kfSFop6yV289JYRjSeLJFYbL,423495786,1780278712,"{""InstructionError"": [3, ""ProgramFailedToComplete""]}",0,
YxUstMyYDyqPNz78auhYfhdUKrBQgg7uctnKNDEpump,3WfXzdQjkduvpvxmRjWsfH4UDsLGyLjQ2JxEzjcWhGDhyEZ4wpf9tdjoXhPjmtRTpEMhdMoXasJj88Fi6vLdL5ab,423495787,1780278713,"{""InstructionError"": [3, {""Custom"": 6004}]}",0,
YxUstMyYDyqPNz78auhYfhdUKrBQgg7uctnKNDEpump,5h2xGBWYEy9WNc85SHbhKxmvCfki5XDnw2bUmUfgeVtBrK2s2Y87p839jDcAgd82qdqHfpTWoxZDzw8Wpn2B3GW7,423495787,1780278713,"{""InstructionError"": [4, {""Custom"": 103}]}",1,SellEvent:0
YxUstMyYDyqPNz78auhYfhdUKrBQgg7uctnKNDEpump,VgWczX9WxhPr13G6crPKyXwCYMhTF9D995Dwkdgg1jbJqoCrd1hi4BkWr557gRWUuqanAyBbhAYG288mkg7QEKD,423495788,1780278713,"{""InstructionError"": [6, {""Custom"": 6004}]}",0,
YxUstMyYDyqPNz78auhYfhdUKrBQgg7uctnKNDEpump,25XJ3hPRV3W7Bm1BxQyAjeozVoNaekikgagkicM9vcsjrvuPcNxdLs6b9rfJ2CMCVQKRreq53pLNW8z3EPZbwncr,423495788,1780278713,"{""InstructionError"": [3, {""Custom"": 6004}]}",0,
YxUstMyYDyqPNz78auhYfhdUKrBQgg7uctnKNDEpump,2AjRvoHeZSieUhdpxow6zia76kogBLqe4mwp8ENp4T8QrjsjMmi3Fge8KM6TdD1Uw6rqmp7DxDT2BTpxQPu7LUsG,423495788,1780278713,"{""InstructionError"": [4, {""Custom"": 6005}]}",0,
YxUstMyYDyqPNz78auhYfhdUKrBQgg7uctnKNDEpump,5Q1wxinaur5VXWff8dHT8XsVitbK2JsmzfzEAuH9i1Dkyvr42huNcuxA6CkSsoFVkmLao8LvSLUSJkyFCmLabKyM,423495789,1780278713,"{""InstructionError"": [2, {""Custom"": 3012}]}",0,
YxUstMyYDyqPNz78auhYfhdUKrBQgg7uctnKNDEpump,2QJ8Gytyq4jPBfmcRAX8PUNuPxBgrv9XGV4HbBUg85pu1HdvjzbgSp4vLEkN5dETS484LMHopH8pVhF8prRdDxZn,423495789,1780278713,"{""InstructionError"": [4, {""Custom"": 6004}]}",0,
YxUstMyYDyqPNz78auhYfhdUKrBQgg7uctnKNDEpump,5zEKRtnXwysbw2QN4uSTUQeee4mGoqZ9ygGkSKSYotH4tYrHQsE9Kfh4hsLizNXeHXvmJ9s4zzWvsfsruTustnMP,423495789,1780278713,"{""InstructionError"": [3, {""Custom"": 1}]}",0,
YxUstMyYDyqPNz78auhYfhdUKrBQgg7uctnKNDEpump,2CzixcVZdsBd5GWbzpALFRDszLxhaN97XHZNq1tVXYE4C71pUN7EcsfTmKJoe3s3vweXUBMQ59Uo6MS6H1UGtv8w,423495789,1780278713,"{""InstructionError"": [3, {""Custom"": 1}]}",0,
YxUstMyYDyqPNz78auhYfhdUKrBQgg7uctnKNDEpump,b5qW8mYwXuSc6KQcDx155tAEuGtfpMJWAYXXByDn1eFMLuqTGhC6SoCqbS6y5Sh7YcgfuuJcjhT16h15kfs14JU,423495789,1780278713,"{""InstructionError"": [3, {""Custom"": 1}]}",0,
YxUstMyYDyqPNz78auhYfhdUKrBQgg7uctnKNDEpump,NPXhX3TcB7DK8YZpJt8AbVuQ6tpJVjwmLHqjtWdepf858wB12jDcbKw8KyReDDv1ig63FHx5khDAPP4nY5BbVLa,423495790,1780278714,"{""InstructionError"": [3, {""Custom"": 1}]}",0,
YxUstMyYDyqPNz78auhYfhdUKrBQgg7uctnKNDEpump,61bGUxnHKY7mcv9GToies7VkUCAd7vrnBZ721tfLiCdooPyGau84E3bwfYymSD7HhyEohejmpReaRXa4T14YgEdV,423495790,1780278714,"{""InstructionError"": [3, {""Custom"": 1}]}",0,
YxUstMyYDyqPNz78auhYfhdUKrBQgg7uctnKNDEpump,2tr2WzrA9cWCTPm8igDvasM8xS2AuPxXeLWqSvcx9Kr2zaMnaLyxDh9vgqBmPLcjHaU9kXNxywe7mo5VYFvSx4wK,423495790,1780278714,"{""InstructionError"": [3, {""Custom"": 1}]}",0,
YxUstMyYDyqPNz78auhYfhdUKrBQgg7uctnKNDEpump,mgWAwJPVW5HVZPSTxRPRxoz2Efkj9QWQ7tVH6jGfToPgmxWFrjD7gtKdqnKtYoUgv9H6oCpSS1hFqkSQ3he6ars,423495790,1780278714,"{""InstructionError"": [3, {""Custom"": 1}]}",0,
YxUstMyYDyqPNz78auhYfhdUKrBQgg7uctnKNDEpump,5Q7JNNy8d6oPC5aCRcEDEmCKTScYjTKbRtxQ2ruhczdFVdp8UvoRfRv5h7hxGiyen4ArhTpmDqRcU4FwLZsyKCo5,423495790,1780278714,"{""InstructionError"": [3, {""Custom"": 1}]}",0,
YxUstMyYDyqPNz78auhYfhdUKrBQgg7uctnKNDEpump,2wRL5MMBVDQciq217fkjeHYdyaXjKwPDCJu6z2MUM5n2S98MP2r3myKytjQJqTzUFZ3d4WY3YGQiW4eaG6kSjtAL,423495790,1780278714,"{""InstructionError"": [3, {""Custom"": 1}]}",0,
YxUstMyYDyqPNz78auhYfhdUKrBQgg7uctnKNDEpump,hoZHrPmneUWC4ydrnN7bQTGQMKRtL2ZJR8MbJmnMaBMCcovFhpxETUwNJj3hh2sJPtmWXoR19T3jukHsTrSXJwE,423495790,1780278714,"{""InstructionError"": [3, {""Custom"": 1}]}",0,
YxUstMyYDyqPNz78auhYfhdUKrBQgg7uctnKNDEpump,59yHYgc8E3rq3TFCaGHYHQ4heiRyX9rso72TQyxPpvGvanap51sVVMYNM65EWnwN8jrJtEQMwq169aGSNz4G64QA,423495790,1780278714,"{""InstructionError"": [3, {""Custom"": 1}]}",0,
YxUstMyYDyqPNz78auhYfhdUKrBQgg7uctnKNDEpump,2Rfm5iNyJa2ha8JFqiP1CGh25nt9d8eXVomLDu33uCvVDqvteKGdH4f9ZonHZytkya79EK7TJJbVbw5KkHuRFa4D,423495790,1780278714,"{""InstructionError"": [3, {""Custom"": 1}]}",0,
YxUstMyYDyqPNz78auhYfhdUKrBQgg7uctnKNDEpump,51auMFAagMtPzBtim4A5yW181ZyN5f1abygs6zg4g9NXFoeFwnKSpWFaqumjVF3Cw1Th3qVs1wvGLekTGc5UjzY3,423495790,1780278714,"{""InstructionError"": [3, {""Custom"": 1}]}",0,
YxUstMyYDyqPNz78auhYfhdUKrBQgg7uctnKNDEpump,5CMqsP4dd34ts8hKA9urCskMJJGHQu4zU3sXnJhvmGCSZZ7ZYnHpEoBaJYsrswUSkKZkNLmHWa2spNE1FiKUR8ci,423495790,1780278714,"{""InstructionError"": [3, {""Custom"": 1}]}",0,
YxUstMyYDyqPNz78auhYfhdUKrBQgg7uctnKNDEpump,4hwXQ7zmaiuX2Ghw8VQMMgRRsbt8fxRyHo3j6QRfHo4rzGSMFkR1Yi1VNqEfXHFbiRjQ6iasTyx146HUS2ujLFUK,423495790,1780278714,"{""InstructionError"": [3, {""Custom"": 1}]}",0,
YxUstMyYDyqPNz78auhYfhdUKrBQgg7uctnKNDEpump,4MZDpQfHKuAEr1Ly9fnyRPV8mu9KHLFpz6VWHKRVR89LVDWR9V5VeUMtAk6UrU1YbswDJgn4jQ9Ya71iWwyBtBEH,423495790,1780278714,"{""InstructionError"": [3, {""Custom"": 1}]}",0,
YxUstMyYDyqPNz78auhYfhdUKrBQgg7uctnKNDEpump,4jiEdUtVwCxiAUF8HwQPFT4PYVa3JYBZ5Vzr18qpjuRBXJoueC4deSEnAgD9zAXwW9XuwXfUHNBnxGtdMkgWhD6D,423495790,1780278714,"{""InstructionError"": [3, {""Custom"": 1}]}",0,
YxUstMyYDyqPNz78auhYfhdUKrBQgg7uctnKNDEpump,5s1YRXMSKRUDtQCuNQgKdVPEdb4Z7fWs5CJfiZFLJXG1gRrcG9QVoLDNZE8y3YKfMChywfq5XoLmNWviHTsGPYRS,423495790,1780278714,"{""InstructionError"": [3, {""Custom"": 1}]}",0,
YxUstMyYDyqPNz78auhYfhdUKrBQgg7uctnKNDEpump,5w87JW93HbgmKGDZAhFDpwVytgA5Sm8koEdyfzLaAY4j3AdR817EzzfwJhkaR1sM7kd3CcPgFnia49voE51bEyGU,423495790,1780278714,"{""InstructionError"": [3, {""Custom"": 1}]}",0,
YxUstMyYDyqPNz78auhYfhdUKrBQgg7uctnKNDEpump,3YNSpnk1opFzmhDG7nGfJkJu9YmZdXQfxEPJGMLAmySdm4Rztxwc97jXWUxHsS5HyfQR98Eh1Uhx7oxGPKKgyLLX,423495790,1780278714,"{""InstructionError"": [3, {""Custom"": 1}]}",0,
YxUstMyYDyqPNz78auhYfhdUKrBQgg7uctnKNDEpump,8gssQkBBbhtWTCA6vbK7YGMN2pcnS98qtk8uRYuisBS8CexEUHEcPKTcTAAcgb9LcWdPFwq6cyzUH4zEKpg19hD,423495790,1780278714,"{""InstructionError"": [3, {""Custom"": 1}]}",0,
YxUstMyYDyqPNz78auhYfhdUKrBQgg7uctnKNDEpump,3QprPaJRC1sRDtrd73R1y7QSBoFtJR9KxzgekxkK1FGE8GCbBh5CxzspfGisnCvX2rjw1FNUKf7oMVtcuiJS7Geh,423495790,1780278714,"{""InstructionError"": [3, {""Custom"": 1}]}",0,
YxUstMyYDyqPNz78auhYfhdUKrBQgg7uctnKNDEpump,1vpFUn54Yn9TrpB8HUwFMHmTWtW7NfkYBgvNvFyYiNzfK4bKwwX1ex1iKqtGkhqXcg8vkRHXPLMwMGFGNwmme8S,423495790,1780278714,"{""InstructionError"": [3, {""Custom"": 1}]}",0,
YxUstMyYDyqPNz78auhYfhdUKrBQgg7uctnKNDEpump,3rzVB6yv9ncjahFhbH3sjLMidBZ6YwQNHNZnv3amxKoLZxmdBEHq4qbDqX265q9ETzSfx3vWhAmY2vKDUfQpd6BR,423495790,1780278714,"{""InstructionError"": [3, {""Custom"": 1}]}",0,
YxUstMyYDyqPNz78auhYfhdUKrBQgg7uctnKNDEpump,55PMjr3QP8zhDsqPbxErUGKCJy6BMCCKZpAqytvSF3avTrosxWtBiWDhNiEJNMatjKX3ZgA2H4K3ezu9Wmt17Kvq,423495790,1780278714,"{""InstructionError"": [3, {""Custom"": 1}]}",0,
YxUstMyYDyqPNz78auhYfhdUKrBQgg7uctnKNDEpump,4cnbv5YfS2us3bCNTz4kGnXkyvhfcgW9QhUBSLGqiK7dMonmNTeWRWCjgKfvtUNsmfEwg6MjSZmRVuWHj2kvs3GP,423495790,1780278714,"{""InstructionError"": [3, {""Custom"": 1}]}",0,
YxUstMyYDyqPNz78auhYfhdUKrBQgg7uctnKNDEpump,48FAJ5RzKo2yqzEZZ5L3533qGM4H1HA9uRHGDKrDb452P2J5Q2F2RCysRGrxpP6gdC4Gd1xshxiP8whH8vGZW8dz,423495790,1780278714,"{""InstructionError"": [3, {""Custom"": 1}]}",0,
YxUstMyYDyqPNz78auhYfhdUKrBQgg7uctnKNDEpump,25RorS7FbCJrxeWwoWkX1fgSwBVAVCKevTZuFZ457gixa6G3TxaEuKcPfBsEWbEYYevWzekGviCXbzkfSTu5Sfze,423495790,1780278714,"{""InstructionError"": [3, {""Custom"": 1}]}",0,
YxUstMyYDyqPNz78auhYfhdUKrBQgg7uctnKNDEpump,aAeEahSKXmndMGcaXn1NFJrjCa1hgvPLQw1J1LcGrV6ZYy4fpX6MqkM3zjGXDoqjz8h5Djuj9mKu6db5uhP7TPE,423495790,1780278714,"{""InstructionError"": [3, {""Custom"": 1}]}",0,
YxUstMyYDyqPNz78auhYfhdUKrBQgg7uctnKNDEpump,4Qbr3HiyX31ms6ZNLNZYefNqCMfQy2aMa97PCWye2YKVsEXHVx1M5kyc975FdzixM7utG5U7MF7jX9htQqDxTHnK,423495790,1780278714,"{""InstructionError"": [3, {""Custom"": 1}]}",0,
YxUstMyYDyqPNz78auhYfhdUKrBQgg7uctnKNDEpump,JefqHCQABfHLsJoCR35YxAhKZuKMZ5gV7pSU7dFbAXSj9TWKrKe2DzivUEWsv3frsbzc4soVqPgWBnqZjkWRnu3,423495790,1780278714,"{""InstructionError"": [3, {""Custom"": 1}]}",0,
YxUstMyYDyqPNz78auhYfhdUKrBQgg7uctnKNDEpump,45YA47LPX7Svr3R76cQUtAG6VghRXhtB2V9sjknRb8MDyCHaGmQJXLbPFmvDgxxV3JC5Yvo2bWti7KSJqxUPZqhu,423495790,1780278714,"{""InstructionError"": [3, {""Custom"": 1}]}",0,
YxUstMyYDyqPNz78auhYfhdUKrBQgg7uctnKNDEpump,2VcBvAgtcEw1sFa89Vfn22HacVNM8GyPDMcBsKsfkkMhgmvPUwhUmEWjr2v8Nj131jq8gbWpPswRSfQmwZrDc2EL,423495790,1780278714,"{""InstructionError"": [3, {""Custom"": 1}]}",0,
YxUstMyYDyqPNz78auhYfhdUKrBQgg7uctnKNDEpump,L6jFA32VXfSLLXcLzLkogaMB5E8JjRRoJve9aWfE5s5roUk1k6J4B1vArNdPWNgr6LGSJNmTiHaLfEMe7qZzRk2,423495790,1780278714,"{""InstructionError"": [3, {""Custom"": 1}]}",0,
YxUstMyYDyqPNz78auhYfhdUKrBQgg7uctnKNDEpump,5kF3P4GSGugNmWrk2nR8ifQQ4A3RnzHk5yRAAuYnhiwqNRoXH6vDaEurFkPM1SUTTahdazZ14FDQsxnHFcJXNYr3,423495790,1780278714,"{""InstructionError"": [3, {""Custom"": 1}]}",0,
YxUstMyYDyqPNz78auhYfhdUKrBQgg7uctnKNDEpump,2bDm84DxH7t7Z6UvcN57cKMUESQqaxn5cx413wLqesFGfoTwsGfyCo2YTRBiRJpvMPHwdVhvuewaJH1xfY3ogU6e,423495790,1780278714,"{""InstructionError"": [3, {""Custom"": 1}]}",0,
YxUstMyYDyqPNz78auhYfhdUKrBQgg7uctnKNDEpump,3CZb3HuTBrUiuRFd9vxAxG3WvgLGSap1Qz2wTyPS4VNXhtvS7W6mykRqiyQs2TKbQE8bXHGqh3xWfmkg83MzSXNK,423495790,1780278714,"{""InstructionError"": [3, {""Custom"": 1}]}",0,
YxUstMyYDyqPNz78auhYfhdUKrBQgg7uctnKNDEpump,PEghs6LCzFdESVqZXWu39fK34yb6tGvA95uHTbNwrFgcyssiSTXkCich4R2RinXaFVgUw68bFMy6aKe7hYg4GCj,423495790,1780278714,"{""InstructionError"": [3, {""Custom"": 1}]}",0,
YxUstMyYDyqPNz78auhYfhdUKrBQgg7uctnKNDEpump,2CpYSk4PUqjDMEXCvGx8hRWoGvBj819YPYsNJrgkjpDyXSZ6uq6D6grJ75GnfTkXJysn6EpmqxWdyLTVJ8EJEwEC,423495790,1780278714,"{""InstructionError"": [3, {""Custom"": 1}]}",0,
YxUstMyYDyqPNz78auhYfhdUKrBQgg7uctnKNDEpump,4hoUr6RPAsFnYbyMyUA1oeV7D6E8zacRGukpBe9yZhrHjq28Nyazu4QyHk1LC55TU3NZ43wWuxwc26ELUabSekWP,423495790,1780278714,"{""InstructionError"": [3, {""Custom"": 1}]}",0,
YxUstMyYDyqPNz78auhYfhdUKrBQgg7uctnKNDEpump,32ef9DFAoyoTvyswgUsp2bTyxuJohhDmM9wieUjX5icXU8XwZJuWS8nAEydaSG5hmEJ3ZK8Haj5bSHprC1rUJrp9,423495790,1780278714,"{""InstructionError"": [3, {""Custom"": 1}]}",0,
YxUstMyYDyqPNz78auhYfhdUKrBQgg7uctnKNDEpump,4JmcPXMgkmsbXuF17m5YTw7FiQ1w5YSAwDScBHPRFjavaX5k1xnpahWDRQvkYDqpg4nv3TrbkHQLXVZonTP6DWEL,423495790,1780278714,"{""InstructionError"": [3, {""Custom"": 1}]}",0,
YxUstMyYDyqPNz78auhYfhdUKrBQgg7uctnKNDEpump,ch2fbHRkodgaovM3KgjbGc1S5pt5KaZuPer12bSyRYywrVh5nxgp7oYsg4DUjHpGTNKyi4zc22sCQXVkqxwguFs,423495790,1780278714,"{""InstructionError"": [3, {""Custom"": 1}]}",0,
YxUstMyYDyqPNz78auhYfhdUKrBQgg7uctnKNDEpump,3k7QrUFFD4ymhf2E9b3PcULtxBHFLFKV8pHdGVNajBFXeRmNmTqEwuH1siGk8xfs7U1ZuxJ5DLjkV9J1hrDQtb5n,423495790,1780278714,"{""InstructionError"": [3, {""Custom"": 1}]}",0,
YxUstMyYDyqPNz78auhYfhdUKrBQgg7uctnKNDEpump,5eGPWg7Ubvq5HTRTwyTR32eiBV9c533GSmxdVxRXP5ADRX4z4hgnxwhqJYzXBB3Jes9z3J3gv4K2GqpQjEA679fn,423495790,1780278714,"{""InstructionError"": [3, {""Custom"": 1}]}",0,
YxUstMyYDyqPNz78auhYfhdUKrBQgg7uctnKNDEpump,4KTJTC5UHQ5gCUnyhuzDKMv4GLyH7Nhfvkn9NAGiG6F9tfSZBbMtaCrsEahiRjJSqurekjxuefHtw8ungYmbVicL,423495790,1780278714,"{""InstructionError"": [3, {""Custom"": 1}]}",0,
YxUstMyYDyqPNz78auhYfhdUKrBQgg7uctnKNDEpump,4mVweU7niefgo48C7ZnPmt59hyCrffinaapLZDYvCpU7UwvS5w9kXbf2zv1jLPbvit7TEimmEHYiXzrA8bgGKAxt,423495790,1780278714,"{""InstructionError"": [3, {""Custom"": 1}]}",0,
YxUstMyYDyqPNz78auhYfhdUKrBQgg7uctnKNDEpump,4Uy4mFn1cpxx6Dk4bopRLKgF1CQzBoCUQ8J7UifK7q8vTs7uoJitacvKres1P5vDb9Ynmg1fGWtQp5diicsKbb6f,423495790,1780278714,"{""InstructionError"": [3, {""Custom"": 1}]}",0,
YxUstMyYDyqPNz78auhYfhdUKrBQgg7uctnKNDEpump,2ym4U1htubDGFkN5VCC9CioJZt62weAmFHKJdJt1T6vFn5RK6i5UmurEtV2xifrhc1CFuWXaPNwcLB1mpTnCNosa,423495790,1780278714,"{""InstructionError"": [3, {""Custom"": 1}]}",0,
YxUstMyYDyqPNz78auhYfhdUKrBQgg7uctnKNDEpump,5YgPoLBjDesqVWeL9f2jnz37TGYjZ9PfVv1f78ZgAL1jH5g7RpopzUQtHtLgDnkhuYpdAkV4dc4EWStw8GGnnfQ7,423495790,1780278714,"{""InstructionError"": [3, {""Custom"": 1}]}",0,
YxUstMyYDyqPNz78auhYfhdUKrBQgg7uctnKNDEpump,3hTWx9BX8YzKxzgQobcS5maMousPnoeqP4c79RVpHDwcGaATXLrdqbzDVpRZ3P8NYRPq48iKejdRdwXnBc1T33Jv,423495790,1780278714,"{""InstructionError"": [3, {""Custom"": 1}]}",0,
YxUstMyYDyqPNz78auhYfhdUKrBQgg7uctnKNDEpump,bXUVt1DC1M7z8iLQtLpT4uDTxMnGQmUqmjfzpM9fs1cdYBwjuPVZeo2NTdj8KWHRJAtq3c2VUhJRuPUqGQKEjg4,423495790,1780278714,"{""InstructionError"": [3, {""Custom"": 1}]}",0,
YxUstMyYDyqPNz78auhYfhdUKrBQgg7uctnKNDEpump,39ADaDcynsB2XKYEndyyukwpZ6c1SoQQbhGqk9iVSxafUR3K6ryv66CzYmQBf7TgqK6yV9sHa7aDA8rSn9eMZPEZ,423495790,1780278714,"{""InstructionError"": [3, {""Custom"": 1}]}",0,
YxUstMyYDyqPNz78auhYfhdUKrBQgg7uctnKNDEpump,22LUDxkAFgrYMGVpaXeDWwzDMx7abn6fPcRfP4vLSM2cwcXHqv4rwYSknExtp1LZLVRkrJaEGtcQS3xR6qbd6sn9,423495790,1780278714,"{""InstructionError"": [3, {""Custom"": 1}]}",0,
YxUstMyYDyqPNz78auhYfhdUKrBQgg7uctnKNDEpump,2MDxzCHDBLYY5tVtRoZS11ASA3MjSzwg8TgrkfgsyTghK8V1Q1kxwDp5QHBxREETL4WYZu8K54oHhG2Wd9kXFsmY,423495790,1780278714,"{""InstructionError"": [3, {""Custom"": 1}]}",0,
YxUstMyYDyqPNz78auhYfhdUKrBQgg7uctnKNDEpump,28YzY3jpVujzopiz74A3KnZxDjKNLxnzizj2sjqWRZWo3f9gR13sTmjxhdLjdHz6xvfASY7p1PxYeJ9agzCwXLja,423495790,1780278714,"{""InstructionError"": [3, {""Custom"": 1}]}",0,
YxUstMyYDyqPNz78auhYfhdUKrBQgg7uctnKNDEpump,2DUiruivThPb1RirsDCbXsApNGjeEM62zAMswoGkXqMoc1su7JUkEu1dr6Ze2myPgpDNXyv5PdWbv4yEraxHyLGS,423495790,1780278714,"{""InstructionError"": [3, {""Custom"": 1}]}",0,
YxUstMyYDyqPNz78auhYfhdUKrBQgg7uctnKNDEpump,2Zz95q7wbsWWuC8oTe7Ubx3enL5TeJAPvh2XcsdpCeWMRbfZkLCxSP9sQPumMEebGaQe2ji7ufsUPzJXPwWzs5eQ,423495790,1780278714,"{""InstructionError"": [3, {""Custom"": 1}]}",0,
YxUstMyYDyqPNz78auhYfhdUKrBQgg7uctnKNDEpump,2vSxaYZit6cVEryBt3iTN5sBXXX1ZodEsVdLDBFDBYtQTHW7fbHzmPynrFqxN8mmkLKq7rGPYimYdtXKKsEhYEQ8,423495790,1780278714,"{""InstructionError"": [3, {""Custom"": 1}]}",0,
YxUstMyYDyqPNz78auhYfhdUKrBQgg7uctnKNDEpump,5aDU2n1XjSTNRK7qCoTsbXSCfjSgpycj9qEXagKWAq8ni3hYeuDDAkUHuYw1m9GRUXRSZ2NXuEEZ4MzM6rahWRrn,423495790,1780278714,"{""InstructionError"": [3, {""Custom"": 1}]}",0,
YxUstMyYDyqPNz78auhYfhdUKrBQgg7uctnKNDEpump,5P3Gzf7A8goJR7L3HjAtRjAxTVWSFfWyWhYvc9kwj8qBYseutQ52edeZNAG2xonWqDpXXfagniQGgCtDhsmAYe7C,423495790,1780278714,"{""InstructionError"": [3, {""Custom"": 1}]}",0,
YxUstMyYDyqPNz78auhYfhdUKrBQgg7uctnKNDEpump,377RkpWdMWR46KzPa91uPbcmpkGTuhboN9Ywbn79iZH6u6WEHZbUPEJiZV5P4kSqquyrAGE6Ttb6ax8GXekbkheC,423495790,1780278714,"{""InstructionError"": [3, {""Custom"": 1}]}",0,
YxUstMyYDyqPNz78auhYfhdUKrBQgg7uctnKNDEpump,3LkBaXnHSHHbjRxTYzNp3AxnkpMDTAhPPFQQ9gxJ53ET6eP3LjznNKAnxVPeWoUGBQ8YDJ1VxpLzWmw1jfPyfWZC,423495790,1780278714,"{""InstructionError"": [3, {""Custom"": 1}]}",0,
YxUstMyYDyqPNz78auhYfhdUKrBQgg7uctnKNDEpump,2resNfQrbo17PhyhuU68YivZDdRvuoYNsd3tfvhrBD4Jr6JppqfLtLbVwdsejcqPftbTtKM8HVCFSzaVi9vqEitA,423495790,1780278714,"{""InstructionError"": [3, {""Custom"": 1}]}",0,
YxUstMyYDyqPNz78auhYfhdUKrBQgg7uctnKNDEpump,5C3GCoFva8oAtFSnwPgzzszToWxr97KJ7ZsNKPK6EiwVXARNLSqimDfSgFxs4v4LkaDpLzQ19nQ1FBACrUfPbijC,423495790,1780278714,"{""InstructionError"": [3, {""Custom"": 1}]}",0,
YxUstMyYDyqPNz78auhYfhdUKrBQgg7uctnKNDEpump,2bgLNsZAmj5WH1JbE32upop9Y94NRhPsc4xrgutgeuz7Z1EYWVU1D43WmPnSAR8JCM15dYFqfpAwbMsP2fxsiaLj,423495790,1780278714,"{""InstructionError"": [3, {""Custom"": 1}]}",0,
YxUstMyYDyqPNz78auhYfhdUKrBQgg7uctnKNDEpump,4dXrUx2W43c2hhdTC9pcLkpwfMxiXPbh1LggpdAjFrrBNMXiNqAhsAkeWTAbpThxnWbZJE27m7ocfdw7z2BnDppT,423495790,1780278714,"{""InstructionError"": [3, {""Custom"": 1}]}",0,
YxUstMyYDyqPNz78auhYfhdUKrBQgg7uctnKNDEpump,4g13MGvHcp1dyx8iZbcuDBPeaAcYBkhKB6CxZ11z6gBHNJTco4gwGyjqS2LNQE9D3Ve9KtEdqZLv74hMRghnF35W,423495790,1780278714,"{""InstructionError"": [3, {""Custom"": 1}]}",0,
YxUstMyYDyqPNz78auhYfhdUKrBQgg7uctnKNDEpump,ybRKtGnAy1wWC8P3uiAZYsvMEHengvgoGWEgd8uByb4YKbvBuZe5uw2jN3kJK65yDxXtxmnQjefe2Do1vn9PN4H,423495790,1780278714,"{""InstructionError"": [3, {""Custom"": 1}]}",0,
YxUstMyYDyqPNz78auhYfhdUKrBQgg7uctnKNDEpump,5mCmsBMDZG6hEkwd39htNqQrDWUFFUMby1S1JfHVtyUugBRvD9jzBWQUfVFoXRjVseXe9wywvu7t1NsxV4cV22VC,423495790,1780278714,"{""InstructionError"": [3, {""Custom"": 1}]}",0,
YxUstMyYDyqPNz78auhYfhdUKrBQgg7uctnKNDEpump,3snU1pqnLV8biA3ofyafCyFWsFCZjjmwD4YnCdG3yX212wbuikM2janeDa77eHb3bfRo67suQnrMDWBXmxgUXw55,423495790,1780278714,"{""InstructionError"": [3, {""Custom"": 1}]}",0,
YxUstMyYDyqPNz78auhYfhdUKrBQgg7uctnKNDEpump,5dSHRhmN7mWtn5XdHne9WZWAtBBo4mGf4N2LEQc6NWyr9v29FoHHdapq4FvYPX3LvS7ErxJR19odBQVZY56NQfKQ,423495790,1780278714,"{""InstructionError"": [3, {""Custom"": 1}]}",0,
YxUstMyYDyqPNz78auhYfhdUKrBQgg7uctnKNDEpump,a4VkaLU1sx66CseKaPYxvoRS8kkrEJrLFrMcgaKDW1DE7eKWKUQDJJreQVvMG1FKbMhSrdc7vEzCTFC3F8c9S1m,423495790,1780278714,"{""InstructionError"": [3, {""Custom"": 1}]}",0,
YxUstMyYDyqPNz78auhYfhdUKrBQgg7uctnKNDEpump,4t8AZYSSwg1pGk87tD8SLrBrk4yYnj4zU65kUhcoMUzwMDSPc7dw4yqB541D9st9ewDUs4psgmvK9TyBnAFEoNtA,423495790,1780278714,"{""InstructionError"": [3, {""Custom"": 1}]}",0,
YxUstMyYDyqPNz78auhYfhdUKrBQgg7uctnKNDEpump,4wqEz9o9hBGFAhX5aQGbCQvckjDp4Jc7ScCQPbGhebivBuBVwFTqvQsQB31EHHjz189QLJawZTrLrjwteXzqv95U,423495790,1780278714,"{""InstructionError"": [3, {""Custom"": 1}]}",0,
YxUstMyYDyqPNz78auhYfhdUKrBQgg7uctnKNDEpump,4hCA3L2ANRh3CocYu4TrxtFQiwM7KhkfdA2zrHJCyaCoJpL2gvMiCGoSbQoeNtcE7FmjeY2z3BYLxhBmmSwvqhRk,423495790,1780278714,"{""InstructionError"": [3, {""Custom"": 1}]}",0,
YxUstMyYDyqPNz78auhYfhdUKrBQgg7uctnKNDEpump,BLP6ABhP2c8YtUeMTtj57isUqFz6A7zNerWcBb1fhQXPpjLeeXNoPZx1PVJQeyGjZ6tV3Y2BQgjA2AJmvx21F7C,423495790,1780278714,"{""InstructionError"": [3, {""Custom"": 1}]}",0,
YxUstMyYDyqPNz78auhYfhdUKrBQgg7uctnKNDEpump,64APrKimAQiefdNXEqAz7AMoRtRi3KUTYQqvh9Z9NPnmM9G9YboxjWRw5GUCQm3V6qparu2DkqYkd8zMdeZpepGL,423495790,1780278714,"{""InstructionError"": [3, {""Custom"": 1}]}",0,
YxUstMyYDyqPNz78auhYfhdUKrBQgg7uctnKNDEpump,46cSCVWYMDST3RFNS1Sw9fSSARCdQNrELQMkFvhYe22G1ksb1iWrwkWnQYir3QRhH4HsmkovArqWbTcAE6mDqX2M,423495790,1780278714,"{""InstructionError"": [3, {""Custom"": 1}]}",0,
YxUstMyYDyqPNz78auhYfhdUKrBQgg7uctnKNDEpump,pv6Kwm7N9Jekerre84DQTMva3qcMkcL3o19DcxVsSUpWjWpF1qoRxS82MeySkGCQVv7buiTcs9EV5VosBKRbmUj,423495790,1780278714,"{""InstructionError"": [3, {""Custom"": 1}]}",0,
YxUstMyYDyqPNz78auhYfhdUKrBQgg7uctnKNDEpump,21jybLRsVpTZNFzxBkdKTH7b81vwBs8EEddZRvXVyVichSprHNdTqV3TeX9ff6HDB6Y1Jy2gsareXxdNRhNcGzFx,423495790,1780278714,"{""InstructionError"": [3, {""Custom"": 1}]}",0,
YxUstMyYDyqPNz78auhYfhdUKrBQgg7uctnKNDEpump,3hjBfNvs2K2SZ6AHd6bMEF6eLoiuYvyovA4SRiQwpV2VSAxkGaQae3pbDfPJTtNgWkCFHkYAsveTS6jR9gu59G68,423495790,1780278714,"{""InstructionError"": [3, {""Custom"": 1}]}",0,
YxUstMyYDyqPNz78auhYfhdUKrBQgg7uctnKNDEpump,5Sbt2Q54cwhMESK8zgdxEEG8ExB2AgFJbS12HAxmFPmXDsCeGq74eon9bYtnDGW2yRsYXNY1vf2v8demBvivCDLY,423495790,1780278714,"{""InstructionError"": [3, {""Custom"": 1}]}",0,
YxUstMyYDyqPNz78auhYfhdUKrBQgg7uctnKNDEpump,2g6Aa5gNSb2dSB7zBAiwtHWDBjPhX5kAwMPH2jVBemTxXoYnHzqUsNx7caeKP4R8PveVezcu6zbokfJ4cn4rN723,423495790,1780278714,"{""InstructionError"": [3, {""Custom"": 1}]}",0,
YxUstMyYDyqPNz78auhYfhdUKrBQgg7uctnKNDEpump,2aNqMRuUL215WptYhstRck9jsaGTGPAiJdjphyFUFqZDh4o9HeNaWAKUd897aSUYVX4Yb2e8zWsLoPkHdkTNo4hC,423495790,1780278714,"{""InstructionError"": [3, {""Custom"": 1}]}",0,
YxUstMyYDyqPNz78auhYfhdUKrBQgg7uctnKNDEpump,u1rpw9rHkbLKiNYGh9ndB5GZcu5vRNE68JEPx54E2QEjsoQwudg2f8opFegzfrrXcHvZrcyP9DzKRejc6CxMrE8,423495790,1780278714,"{""InstructionError"": [3, {""Custom"": 1}]}",0,
YxUstMyYDyqPNz78auhYfhdUKrBQgg7uctnKNDEpump,z6UdEHNAKuUBqwmom85kwcxbc8vD6pCZyGStPaFKLKJtTbkFvQDkoZafzmJjE6fvv5uhsUBGofhdJRo3GKbC2zY,423495790,1780278714,"{""InstructionError"": [3, {""Custom"": 1}]}",0,
YxUstMyYDyqPNz78auhYfhdUKrBQgg7uctnKNDEpump,5zVQCQijDz6CiotA8rQ5m2RUx4zqC7sJnxD63chyVa8GeYwMfnQM3xrUCY9EXssA8jn7kqqZNEj1NfHykGrkYMNK,423495790,1780278714,"{""InstructionError"": [3, {""Custom"": 1}]}",0,
YxUstMyYDyqPNz78auhYfhdUKrBQgg7uctnKNDEpump,27BRyesSKHjWUv36Wh9pjVa5Bbi8UVpxFRgqGy8KNR6Wia72if69Njcu6W52GdRa9GciCXQLYzvr3pMWDLeWxrDY,423495790,1780278714,"{""InstructionError"": [3, {""Custom"": 1}]}",0,
YxUstMyYDyqPNz78auhYfhdUKrBQgg7uctnKNDEpump,4S48HwwwpKtLhEceKLbGFUP4uaALCdQt2yA3B3zA5VeJ4BPHDtRjDTicURc78Euv2yZjB6UqUsvHrXuHm8nDHFNt,423495790,1780278714,"{""InstructionError"": [3, {""Custom"": 1}]}",0,
YxUstMyYDyqPNz78auhYfhdUKrBQgg7uctnKNDEpump,3AM9wpS5xPj93mX3CsRCa7svE5zwFvpVy3pCCaZfNiDMYcxnHPoFwdCAmAPppdX9gy6wHdBW3tPHwiCCGzswz1HV,423495790,1780278714,"{""InstructionError"": [3, {""Custom"": 1}]}",0,
YxUstMyYDyqPNz78auhYfhdUKrBQgg7uctnKNDEpump,3sRmvuAKkpnfpNuy9g7e3kRbPQ6Z4ykvYBpjLHyfzTaHtnhFZekkcqy9TZNjcfZQmFRmXNjNqanwYCE7dn1acrnr,423495790,1780278714,"{""InstructionError"": [3, {""Custom"": 1}]}",0,
YxUstMyYDyqPNz78auhYfhdUKrBQgg7uctnKNDEpump,2stpq3MUu9muJ7GgHMWmZm3MF377r8n51pqLjf1GWHHPWKbSeLNS7zD7H3uuAFMgwhJwKUwL4dnVYqZqvgru2ABr,423495790,1780278714,"{""InstructionError"": [3, {""Custom"": 1}]}",0,
YxUstMyYDyqPNz78auhYfhdUKrBQgg7uctnKNDEpump,4rsVqp3tVSj5YBM9jZZjVT54x8iKhF5tFiaV87QxqmL2FSckD9meUniW58M3GABPzSYBa3BrzMEs26vKvXQfRibM,423495790,1780278714,"{""InstructionError"": [3, {""Custom"": 1}]}",0,
YxUstMyYDyqPNz78auhYfhdUKrBQgg7uctnKNDEpump,3FCYxm9Dyqw6tk51FSdxNXUUnRaqGUN8ij6BAFz5XQ9iQuE7j31XGaCanaTLsz7gXEcTB2mn1BQuZYVrQs8dpLG1,423495790,1780278714,"{""InstructionError"": [3, {""Custom"": 1}]}",0,
YxUstMyYDyqPNz78auhYfhdUKrBQgg7uctnKNDEpump,4A8oqj1njip2x1zLErh8mgyC8jKCY5VVj818jpJsfMM65BuizDUXo5CTAWyG47HCikqiT1cCHi9DEVFTq6jL2dPe,423495790,1780278714,"{""InstructionError"": [3, {""Custom"": 1}]}",0,
YxUstMyYDyqPNz78auhYfhdUKrBQgg7uctnKNDEpump,Gi1t6KRBN6tNocveFDEaTMbwGbcnXDd1yYXkp3tg8memqyAdt5HgUVvgVuMfRu3VLXZ4DYP2pzFx94cpzj74Gqo,423495790,1780278714,"{""InstructionError"": [3, {""Custom"": 1}]}",0,
YxUstMyYDyqPNz78auhYfhdUKrBQgg7uctnKNDEpump,5fLtEfXM96oj7uvqYDnNwpRLtzgJWDgck2TATqrCRx69vXG66uBXnQ2q3MAMFgjnJnfN82uoGHwxcQm8VzCYQbGn,423495790,1780278714,"{""InstructionError"": [3, {""Custom"": 1}]}",0,
YxUstMyYDyqPNz78auhYfhdUKrBQgg7uctnKNDEpump,2BCFHHu1AJeGKLSETwooqJkqusyfiaTUBB5aijcWNLyWzLG49BfSqWyi2oDZax8eY6KYULAWwe5CSSCTCR1i6LGW,423495790,1780278714,"{""InstructionError"": [3, {""Custom"": 1}]}",0,
YxUstMyYDyqPNz78auhYfhdUKrBQgg7uctnKNDEpump,5WYxscKQZwBx96T8bp9nF4bAJWy2Hn7RJcPuxFuANVdAwhHriNmUiuDWMe8FizKJKYRwmDNN9KXSfKuT3vNrQBCV,423495790,1780278714,"{""InstructionError"": [3, {""Custom"": 1}]}",0,
YxUstMyYDyqPNz78auhYfhdUKrBQgg7uctnKNDEpump,DFGUhZzmbk1NvMgXDk8A6ZvK9yU4WZ7ShXtdTFyDpyPN2WnYXwYmB81AFNJaqWxsgpwZN524uvbCQEjYQHW62PC,423495790,1780278714,"{""InstructionError"": [3, {""Custom"": 1}]}",0,
YxUstMyYDyqPNz78auhYfhdUKrBQgg7uctnKNDEpump,4ER4owz7fDj7FE6sB7kU3V3brffAp2Dg9e5B6DWrGZJBF3VtexRNSoLdNjNc9efBhDYYWAWbaeoxfz4iZoaWS5oo,423495790,1780278714,"{""InstructionError"": [3, {""Custom"": 1}]}",0,
YxUstMyYDyqPNz78auhYfhdUKrBQgg7uctnKNDEpump,5X2mRbiMfFomANFey8SQo5dKpMYndpcpQk7CctXDbWCad8kUBxQziw8Fpi8oUa39zxf3tZdyW3gKkF5wmQxk1A5F,423495790,1780278714,"{""InstructionError"": [3, {""Custom"": 1}]}",0,
YxUstMyYDyqPNz78auhYfhdUKrBQgg7uctnKNDEpump,42st4W2Gj6q1xYZq8iqWRroZtscLBpBofhaZLzsU96kaixS72rzAEb8cgCK2vXvYRmTfeb5aCYpwmhBAQH7iGf7g,423495790,1780278714,"{""InstructionError"": [3, {""Custom"": 1}]}",0,
YxUstMyYDyqPNz78auhYfhdUKrBQgg7uctnKNDEpump,5KWkULrnriqix9EhyEjru8ULRdPwKgZaYeh7h4UJSAeVvjLmvm9zJEveRYDzWntE4FWj2AJhkewSy3uQAoPVLF3g,423495790,1780278714,"{""InstructionError"": [3, {""Custom"": 1}]}",0,
YxUstMyYDyqPNz78auhYfhdUKrBQgg7uctnKNDEpump,66a81oeZ8sdJ35zfGQ7qABPqc3gsddvXqFcSUEnsCtc1DTJPvMk3HUoEi1WsLQpjyLsGjDHQgLoiL3amEfYncKDT,423495790,1780278714,"{""InstructionError"": [3, {""Custom"": 1}]}",0,
YxUstMyYDyqPNz78auhYfhdUKrBQgg7uctnKNDEpump,DBsw6tq5jh2XRaK39KT6vukXCBQCAmabqokzTwS1rzyqcAfYKHna9519EPhenC324XGgAuqfNpEPu2ybJsin9u1,423495790,1780278714,"{""InstructionError"": [3, {""Custom"": 1}]}",0,
YxUstMyYDyqPNz78auhYfhdUKrBQgg7uctnKNDEpump,DtwKERQGco9sr6gYxn2kjAJmGmSaaBkAQTB4b589Et56z4KbdAZT5cwMnzbg2ZXai3p389QAwkHAiZv314Qb45J,423495790,1780278714,"{""InstructionError"": [3, {""Custom"": 1}]}",0,
YxUstMyYDyqPNz78auhYfhdUKrBQgg7uctnKNDEpump,5oNKuLkzUhqAxFRJvJCHsQT8WJA1GDUGHdMa6JM9y22WzDtaR3jZxv5v1R2sHZ1woQsmjAmRDCp1b7h6KrTtxpYb,423495790,1780278714,"{""InstructionError"": [3, {""Custom"": 1}]}",0,
YxUstMyYDyqPNz78auhYfhdUKrBQgg7uctnKNDEpump,2okx26rFTFkV8MoEfXofbb2mpCwmK5BeLVnavus2fHX54qkRMooRjvVydQ591nBy3JeqtBuiYYMTx8TXveq6mVmx,423495790,1780278714,"{""InstructionError"": [3, {""Custom"": 1}]}",0,
YxUstMyYDyqPNz78auhYfhdUKrBQgg7uctnKNDEpump,5kcmw65qtPxM6wKqJGwhykN39SBTPQnvteZsrsUAWRBEe34icTfKxggsPTXhNHfVhbC7FzG1kAD3U2wgDDYrjvaR,423495790,1780278714,"{""InstructionError"": [3, {""Custom"": 1}]}",0,
YxUstMyYDyqPNz78auhYfhdUKrBQgg7uctnKNDEpump,vT3T5G4Xyw4onBnk9X2UFy3TLA9zAJYhsVqx2XejQV3GeDvB5e8tjytk8eogvogJzpbu7ebiMzzZG99ZZXUgmQa,423495790,1780278714,"{""InstructionError"": [3, {""Custom"": 1}]}",0,
YxUstMyYDyqPNz78auhYfhdUKrBQgg7uctnKNDEpump,3LA83o3xKVPtf4ydujfSk6gtJvxwD245w35WGPfAjCJzkDhddXhTfax2dwxHPg1uz8LSffc9fCm1h1pJR7NLfEZp,423495790,1780278714,"{""InstructionError"": [3, {""Custom"": 1}]}",0,
YxUstMyYDyqPNz78auhYfhdUKrBQgg7uctnKNDEpump,3y7FjErHMZ7kVbBHywogk3JKfZrHKDMipyU6G4QGC2qzdB4YCFgKqr9xsMnYZvX2zcc5BXbQWu3wKUpHnM9tKcom,423495790,1780278714,"{""InstructionError"": [3, {""Custom"": 1}]}",0,
YxUstMyYDyqPNz78auhYfhdUKrBQgg7uctnKNDEpump,4uS66uicUBtbKJ41j58PLTdEL6pmCJk7v3Wm25zEiWKUhEPZUJ6Hy9A3rwQwctjR2i4inH6igfDCRQa57xG7pLec,423495790,1780278714,"{""InstructionError"": [3, {""Custom"": 1}]}",0,
YxUstMyYDyqPNz78auhYfhdUKrBQgg7uctnKNDEpump,mSNKZPTThQYytGWyQx18Z87WNKHUeMXmLSXEHDFDCtnNkC7KYVgGx9yoEcWm54kNVppoaLAukC19n9MWcrHjWaH,423495790,1780278714,"{""InstructionError"": [3, {""Custom"": 1}]}",0,
YxUstMyYDyqPNz78auhYfhdUKrBQgg7uctnKNDEpump,3pp14u8HpaHpx7g3pYYdacdtm7ZgGem2SVKwrunc3RhLTUEJKTqbGwjwQk3ZpbrAgZYK6ZzMirmG9JrGvUicHBqh,423495790,1780278714,"{""InstructionError"": [3, {""Custom"": 1}]}",0,
YxUstMyYDyqPNz78auhYfhdUKrBQgg7uctnKNDEpump,2eqw9AfsZYEH7dqd78uZUWMN7gDgNqdHMVAs8yewn8Tcg7DvLj5KJwAyCQcHowdnww7Zzer7wZ32if1RhVzSCcvv,423495790,1780278714,"{""InstructionError"": [3, {""Custom"": 1}]}",0,
YxUstMyYDyqPNz78auhYfhdUKrBQgg7uctnKNDEpump,3mriQi3AAJYrJbpDD1ECbCd995jnnxzSxX4r5ve819PPSTVJJ5EAFnegQ3Dyx3BoUeAXy9SY1NYiFHPX197Mtdv3,423495790,1780278714,"{""InstructionError"": [3, {""Custom"": 1}]}",0,
YxUstMyYDyqPNz78auhYfhdUKrBQgg7uctnKNDEpump,3Dd8FsauXAzz87fBgbQSwpsCAj5cyrXy2dPBoL8EMfo5rpvRGwyWk685pJQjmqdssLTseszvXrYfUTSZPyK3jMi5,423495790,1780278714,"{""InstructionError"": [3, {""Custom"": 1}]}",0,
YxUstMyYDyqPNz78auhYfhdUKrBQgg7uctnKNDEpump,5VG4rktbrRTYhnpqrKzRCnJkHrojBVpWKL5QQ4E13wKX82koep8B8xCNSV9EgUrQhZJyQUDECnQqPJpX4gAaRqof,423495790,1780278714,"{""InstructionError"": [3, {""Custom"": 1}]}",0,
YxUstMyYDyqPNz78auhYfhdUKrBQgg7uctnKNDEpump,4jjsqyhRCBmFV6mz388cKGqxMsy2kwwwAvDNmetmucpp8fY6AG8hm7kTUyayqSboN1JidrFFQZzo6YAAiYVA5yKZ,423495790,1780278714,"{""InstructionError"": [3, {""Custom"": 1}]}",0,
YxUstMyYDyqPNz78auhYfhdUKrBQgg7uctnKNDEpump,3fBT9fYRMusnbmNEzQpukgYQPPwFnQY6SaYgiJXbw9hET11b6eLyKcETbu2MBCz2tQRKjmS87Njdf6aTok9A5jrJ,423495790,1780278714,"{""InstructionError"": [3, {""Custom"": 1}]}",0,
YxUstMyYDyqPNz78auhYfhdUKrBQgg7uctnKNDEpump,dQDf7KupsuJQ4CNt2tZK62qsdW7six1r3CPXw9bai1m6DnNFKPN55FwXr3ZTScPyrt53PuYXDeQhyZebLU9X8nD,423495790,1780278714,"{""InstructionError"": [3, {""Custom"": 1}]}",0,
YxUstMyYDyqPNz78auhYfhdUKrBQgg7uctnKNDEpump,dCWvznWR2CtgzjxDrvSVj8wvyJfCDFvp35X2S5Bz5Z2kbmLKruDMabFpJr76xUzfxK3ConXMirm9fwLPhcr1Fzt,423495790,1780278714,"{""InstructionError"": [3, {""Custom"": 1}]}",0,
YxUstMyYDyqPNz78auhYfhdUKrBQgg7uctnKNDEpump,6V1uVPZegxmNJWyEZhK9VgYThwhP2aA7qjfsDbCURvi5nWDrVSU5FkGoS1yFMv3foNUum8GES3jZGgnDMm4BJLU,423495790,1780278714,"{""InstructionError"": [3, {""Custom"": 1}]}",0,
YxUstMyYDyqPNz78auhYfhdUKrBQgg7uctnKNDEpump,UskZKXkZccXH1C2FjuW5gndUfETSYtm2Kjva1xQqTX1L1ytfpXgAFhR1yiPiKEyjBeyoaiWMR9BRqPjhuGru3rJ,423495790,1780278714,"{""InstructionError"": [3, {""Custom"": 1}]}",0,
YxUstMyYDyqPNz78auhYfhdUKrBQgg7uctnKNDEpump,51w2FAHMRALFgdHfTfF9tSwjiwbdCkPqkF9YBT4uc79rjbdjLQVvLXMfhQfAtKY9ajxSb6onWEbMeRuKXv8iVKgN,423495790,1780278714,"{""InstructionError"": [3, {""Custom"": 1}]}",0,
YxUstMyYDyqPNz78auhYfhdUKrBQgg7uctnKNDEpump,C6RrqaFADpnyR2go9HunBCNCbVrbBr3ihZew6pAhbjuHgdfQMiehQcZToE8faFyFxuPmSop6mzfxohq1YdppCXm,423495790,1780278714,"{""InstructionError"": [3, {""Custom"": 1}]}",0,
YxUstMyYDyqPNz78auhYfhdUKrBQgg7uctnKNDEpump,5L6z2WTAzTMmQARzK6uvSUk9mH1Vt6wPY9asakshA5t1acqAns99GMiMKaqXVhrDqofrMGQvTnBuNphC8gBpN9F9,423495790,1780278714,"{""InstructionError"": [3, {""Custom"": 1}]}",0,
YxUstMyYDyqPNz78auhYfhdUKrBQgg7uctnKNDEpump,66kWgsjPVonQRUfyRMBm4fwae4W62iwyPexzftSekANFJgZW6NV2Re9uFhg2p5yYYn7begzvEDvgJLHsJAg4UA6T,423495790,1780278714,"{""InstructionError"": [3, {""Custom"": 1}]}",0,
YxUstMyYDyqPNz78auhYfhdUKrBQgg7uctnKNDEpump,zYArnRzrpJvBnJR2fKQXHo7VvSnUEZvKqq3Pe2XVgoojxkSYGKgGXBZL5voUGc2sXkfM4SEUApocAffpyJwEs2y,423495790,1780278714,"{""InstructionError"": [3, {""Custom"": 1}]}",0,
YxUstMyYDyqPNz78auhYfhdUKrBQgg7uctnKNDEpump,5t9uY4qevwU9MCqtzuMMLDTePZy83oyVP4FS1dcsoG399TtYmRiD2z3EYEzCYqYUwAbypHYTZhZQMsLFPNaLVnZ6,423495790,1780278714,"{""InstructionError"": [3, {""Custom"": 1}]}",0,
YxUstMyYDyqPNz78auhYfhdUKrBQgg7uctnKNDEpump,56siB5xEjcyMeYUNkoCkhGV7fUWtRN62629F5Xm9RMkqwARHkn5E6rXMjwwYmWyHBWXmgYZjGzcNJv87b6ikNUe6,423495790,1780278714,"{""InstructionError"": [3, {""Custom"": 1}]}",0,
YxUstMyYDyqPNz78auhYfhdUKrBQgg7uctnKNDEpump,3ni8vDU2FhrzQiyF1YM1PmhbGabtuRGsffRW2N6pS2WkrnzL15Ygv5HEC1Vp79JhuJ5iF4bupg6BeUkgFMfQfZLQ,423495790,1780278714,"{""InstructionError"": [3, {""Custom"": 1}]}",0,
YxUstMyYDyqPNz78auhYfhdUKrBQgg7uctnKNDEpump,52VaJ8BUnYCQFjjUyEAd8jMcF4HiqYJiYaxBjZBgjkCRGcvKcF2ZBfSGSrqZXRmqJuZVXxToeWEXuzV2vBfnvzAg,423495790,1780278714,"{""InstructionError"": [3, {""Custom"": 1}]}",0,
YxUstMyYDyqPNz78auhYfhdUKrBQgg7uctnKNDEpump,5tBXHs9CpkvMtS2Khr4c6YFyamq8QgJPCYwRkknkZ25iCB5WwfkaU5eS9dmShWg1dLHk6KdWiazkeSRBCSApDxK4,423495790,1780278714,"{""InstructionError"": [3, {""Custom"": 1}]}",0,
YxUstMyYDyqPNz78auhYfhdUKrBQgg7uctnKNDEpump,5bY1F4d1jy5ApKC8ZAgL7RZPDNLuQDLPb9FRvQ7xnQR1ZzFcedfRwveCPzAfHkxyeTnHh4rtnCbYsuxfQeRo1GnZ,423495790,1780278714,"{""InstructionError"": [3, {""Custom"": 1}]}",0,
YxUstMyYDyqPNz78auhYfhdUKrBQgg7uctnKNDEpump,43qkMByVPdS7C5LYRv1yusCfheUADnJnFUk6Mf423RAam3r3AP3WZyznaPv4Wd5zoSj6DZv8xE6xkkyt6Vp7r6ii,423495790,1780278714,"{""InstructionError"": [3, {""Custom"": 1}]}",0,
YxUstMyYDyqPNz78auhYfhdUKrBQgg7uctnKNDEpump,2KWRTxR6aQbfy8ATZh36sjLpdb1w552ysjegR79Vi7gNf2N1ximmBvy5DkZr1PZ5hHJN3ZLVxEFf8pGZkSrsH9Xc,423495790,1780278714,"{""InstructionError"": [3, {""Custom"": 1}]}",0,
YxUstMyYDyqPNz78auhYfhdUKrBQgg7uctnKNDEpump,PfynHV94tSv6ezYz6pAZ3tueu55HoJAdq4xJFESdz9rZacZx79c9k1JjxxKKxSGejn3eJpTFFTsVA71aJo15u89,423495790,1780278714,"{""InstructionError"": [3, {""Custom"": 1}]}",0,
YxUstMyYDyqPNz78auhYfhdUKrBQgg7uctnKNDEpump,2HSBUk5h9b6P9c8vEF6s7JETWJj4zMrgQu9fTftV3XrqSt6RFi2wYDXSTEaNE2tjcukLxzvKMS19bvnfrG35Ygc4,423495790,1780278714,"{""InstructionError"": [3, {""Custom"": 1}]}",0,
YxUstMyYDyqPNz78auhYfhdUKrBQgg7uctnKNDEpump,5B39WQNxKSHFSN6cDNEvBAQaYGBF38YzeucHs8CTVm98xym8tNZAHUVAWdj3EhpsgVq4T9w3Q5Y7oVgKRTrPDsaZ,423495790,1780278714,"{""InstructionError"": [3, {""Custom"": 1}]}",0,
YxUstMyYDyqPNz78auhYfhdUKrBQgg7uctnKNDEpump,NrqMxf8URytSXdwe9J3c5kFCRXPjiAog4MzGtimFHu9TJfFBw9eaUduqB82KpHKsDLSoWzgbi1nSoBc9xKUe41b,423495790,1780278714,"{""InstructionError"": [3, {""Custom"": 1}]}",0,
YxUstMyYDyqPNz78auhYfhdUKrBQgg7uctnKNDEpump,3gHmC37GAiUxE99Eqpj8Q8zVVJ9k9reNv31XVaXVK1m86hSRzUECp8gM3NFoRXzAab7hYo3TEhHeriDmZMXDBSoF,423495790,1780278714,"{""InstructionError"": [3, {""Custom"": 1}]}",0,
YxUstMyYDyqPNz78auhYfhdUKrBQgg7uctnKNDEpump,2SdCKa3FG5rSYSaXpcG86cqehcgWjTB3kpmUdAo6xT2yufofXkUXepCUhKWHbkTrgnq9UKPhvg2mg14Ufio18XCx,423495790,1780278714,"{""InstructionError"": [3, {""Custom"": 1}]}",0,
YxUstMyYDyqPNz78auhYfhdUKrBQgg7uctnKNDEpump,2x2drtYBVsqcpnfphE9uwQK2iULhcyJWQs1tHdBLXstuvSRw7iq1Ep7TRNtcm7nGYcXzfMEZEhK9ENwpYhjSnUpy,423495790,1780278714,"{""InstructionError"": [3, {""Custom"": 1}]}",0,
YxUstMyYDyqPNz78auhYfhdUKrBQgg7uctnKNDEpump,5m9GvYExyagpzJoeUtynLHJAHJ1Wmr9Nc8CGERKZ3Y79WBdNZNsiLrLzbKk6zipBoTpm9yHJj5ZEQyH42QQX9bC2,423495790,1780278714,"{""InstructionError"": [3, {""Custom"": 1}]}",0,
YxUstMyYDyqPNz78auhYfhdUKrBQgg7uctnKNDEpump,3mkjnWjrmHXQVD5WQYGvA5BktMTh5LEUXoKRvUuekUgWG8xRyF6xNDrLvyc9VikHiH9rga1vRv3X4H4yCfqZd2w7,423495790,1780278714,"{""InstructionError"": [3, {""Custom"": 1}]}",0,
YxUstMyYDyqPNz78auhYfhdUKrBQgg7uctnKNDEpump,3NXxDNgHMhpHLULcmEsvf6g2pnsziWbyEsE7iTjzirQ4HACBeBrdMAd9zbEDMogqrABTBQyvgQLPwkeEMDTr8MX1,423495790,1780278714,"{""InstructionError"": [3, {""Custom"": 1}]}",0,
YxUstMyYDyqPNz78auhYfhdUKrBQgg7uctnKNDEpump,2BKzj5Ahbw7PLwbQayDav8odBcvBYjk3x7E86b7hQHJzRvjJD9GVGnc79XDFzFvohqYq68uQPmwN8UqqPW7qG8jt,423495790,1780278714,"{""InstructionError"": [3, {""Custom"": 1}]}",0,
YxUstMyYDyqPNz78auhYfhdUKrBQgg7uctnKNDEpump,5cX62xrytcWD8hSo4dt8KjnxPZ2KUMgt1HBsGZ4kq84cmFvbnq4ydCmJC4WDt43ATXHWN6kT5AxScoNKZBkrFswZ,423495790,1780278714,"{""InstructionError"": [3, {""Custom"": 1}]}",0,
YxUstMyYDyqPNz78auhYfhdUKrBQgg7uctnKNDEpump,2cZfvpB44GMfVzycFY5nSSGsxAMU8gzFuWWLh1u6TCtHo55pqDz1VXTGFhHiWc4WeHj2dkcpsnbPHLp5P4ygvKgt,423495790,1780278714,"{""InstructionError"": [3, {""Custom"": 1}]}",0,
YxUstMyYDyqPNz78auhYfhdUKrBQgg7uctnKNDEpump,4VfJ6SXJheQribWq32JbRbq4J4n7BRcSJs2DBEpzLhtpDhdrT4anAeq9tjNAjhwuQHJxETmFQm7J97ZBwnyoTRVf,423495790,1780278714,"{""InstructionError"": [3, {""Custom"": 1}]}",0,
YxUstMyYDyqPNz78auhYfhdUKrBQgg7uctnKNDEpump,5KNoMzdLS6ew3xeDg7Zqanx9X4Mo6zU5w6L1Lwd7PyZf6g4nMZc1gEnFxCB2ZqYsRgoTRJr3BQ72DnMtuYYqGn24,423495790,1780278714,"{""InstructionError"": [3, {""Custom"": 1}]}",0,
YxUstMyYDyqPNz78auhYfhdUKrBQgg7uctnKNDEpump,2yUR9VrXC6y4vgFFAaUpeXS8ahftBG3b55scBEn6wJAyYwSWHGA7dsUTMyx7jWDKq8oqXeLvA6S4RPPG6TzcQsCL,423495790,1780278714,"{""InstructionError"": [3, {""Custom"": 1}]}",0,
YxUstMyYDyqPNz78auhYfhdUKrBQgg7uctnKNDEpump,Y2ox8UjUXPVYcy99HKbqSTchNQiJpLj9NQX77zx42o5cEQpZjF7Nxy5LhGGtqZFoQkmbP7jX7MJqCw5Qpjxr6Wj,423495790,1780278714,"{""InstructionError"": [3, {""Custom"": 1}]}",0,
YxUstMyYDyqPNz78auhYfhdUKrBQgg7uctnKNDEpump,52ujf39MYnVMCQ1vLYfCT6xSHRnkQ1ekysgMcc6m7ycDB8iXtHrNczjvZhUsGdFqY3FoDspa1E5BSa1wJXbvvcFM,423495790,1780278714,"{""InstructionError"": [3, {""Custom"": 1}]}",0,
YxUstMyYDyqPNz78auhYfhdUKrBQgg7uctnKNDEpump,2Jh8BiFxs8TZBghi9pQBScGJR3YvNL3xZdzZkf5RNGZzUvBQwkYpsgu1iPBdkWTQr3Q7gPEodQavCMFHfq2ab71o,423495790,1780278714,"{""InstructionError"": [3, {""Custom"": 1}]}",0,
YxUstMyYDyqPNz78auhYfhdUKrBQgg7uctnKNDEpump,3VyDxCZRVpbzQAZoDEZv3JqMJ1uHSxQXyiYt1NTJVR7JJFoZ4dJQPBNVN3i4VgkDFKaJjfVesZ6PF35xUvhbp1Sb,423495790,1780278714,"{""InstructionError"": [3, {""Custom"": 1}]}",0,
YxUstMyYDyqPNz78auhYfhdUKrBQgg7uctnKNDEpump,ZHoGYiooack5TsnMkj22Mu2eLRrZxeMk7At91yrm3hyfQjrVE3CtEmfw8SRUAjkQUZi6FiZRJGqLq5DJJdhztAn,423495790,1780278714,"{""InstructionError"": [3, {""Custom"": 1}]}",0,
YxUstMyYDyqPNz78auhYfhdUKrBQgg7uctnKNDEpump,YeAuk2yrtshAvYHSWoeZSehDnjMkYeuTtvFQXH5HA9KUW3xcVggCeuWmbrhaHdctMUPAr2m9xmiGqBabu5wQDke,423495790,1780278714,"{""InstructionError"": [3, {""Custom"": 1}]}",0,
YxUstMyYDyqPNz78auhYfhdUKrBQgg7uctnKNDEpump,5a5v1LQf65VUGNfwYgN3Nfnw6yhSLgArx7E2NfWKHQiZRrYfMZJ7p6aPTXTZLNvMRNvGMJFuLMhP1m6cxZU7mB9u,423495790,1780278714,"{""InstructionError"": [3, {""Custom"": 1}]}",0,
YxUstMyYDyqPNz78auhYfhdUKrBQgg7uctnKNDEpump,c7xeQPWizKXC1Db8RffPQH7sFqptN1TTuCsL9qdL6HjYysMcgLzHMQNeFGByRu7Yw62cN6Km6vVdMAw27FURd8z,423495790,1780278714,"{""InstructionError"": [3, {""Custom"": 1}]}",0,
YxUstMyYDyqPNz78auhYfhdUKrBQgg7uctnKNDEpump,4Heu4ba4D8DGw5e8XXYJPBJ3WuVcQkiR5nrRn2eKJ62ZRaHJzqKN8Cdmdx1uqoWEuCyY6Y463q1NSDxvapnC7ftV,423495790,1780278714,"{""InstructionError"": [3, {""Custom"": 1}]}",0,
YxUstMyYDyqPNz78auhYfhdUKrBQgg7uctnKNDEpump,2ztfQWFR4AJSiGS5zDUw63NHYcZZFL5Pw5DomSqKHCSDAnuadNuXbWiS9fiQ9uw7KvQtmJCmp6uouaYSgtp9vjbA,423495790,1780278714,"{""InstructionError"": [3, {""Custom"": 1}]}",0,
YxUstMyYDyqPNz78auhYfhdUKrBQgg7uctnKNDEpump,4kViJ98uBgY3xM7PFpjyynH16PE1bmp6AqsvJTXhpHgXogZLfVcSwnDPtT89C69ptLGemZ2mqCftpvKWcXtYjQwt,423495790,1780278714,"{""InstructionError"": [3, {""Custom"": 1}]}",0,
YxUstMyYDyqPNz78auhYfhdUKrBQgg7uctnKNDEpump,qNovEoaA75c9gEAmACmjiwf1MmRaimYpCXbdxMmbJ4RWE1t3hMVRGAN7oxPpfo1fsDAzcUPhJAJxCK9FRS6wQVR,423495790,1780278714,"{""InstructionError"": [3, {""Custom"": 1}]}",0,
YxUstMyYDyqPNz78auhYfhdUKrBQgg7uctnKNDEpump,2v2ZwxgYXhEg5dxAJXz7qwRCnJ55npVfJGfRJgFWiv16ZY6NuToKyP12YfrcuHsA7ZHc5GKYhu4ipcx7fUPn6TZB,423495790,1780278714,"{""InstructionError"": [3, {""Custom"": 1}]}",0,
YxUstMyYDyqPNz78auhYfhdUKrBQgg7uctnKNDEpump,JosqNQCdfez1PqyeqgJsSx199n71HKxAwuXsh8piz6Z4Ho7z1MYwbGoLuTYVKaeofQDrYJVWAyy9o68XvTi4y3i,423495790,1780278714,"{""InstructionError"": [3, {""Custom"": 1}]}",0,
YxUstMyYDyqPNz78auhYfhdUKrBQgg7uctnKNDEpump,3SqCnQsxQqio9jaRHfgV2G4mL8pkY6fwdFHD4SorJpzAsHA4a5NmoEqfenwmqtkCh78azoGtA9d6LhdfPakBjbTB,423495790,1780278714,"{""InstructionError"": [3, {""Custom"": 1}]}",0,
YxUstMyYDyqPNz78auhYfhdUKrBQgg7uctnKNDEpump,4caGVcA79r1mC9s49AeozcBEgcPEacxcsHnmdJVxfpaDvF8AcynQTqAe4RrMFihqaDiEirpGKy7rceaX21kgdeG4,423495790,1780278714,"{""InstructionError"": [3, {""Custom"": 1}]}",0,
YxUstMyYDyqPNz78auhYfhdUKrBQgg7uctnKNDEpump,5t1MffM8GJR8rFjgZBidcfwkHQo3G5Pk3JHuW9aGnj2tpbWw6ciL27GivAskDFfsf7PtJ1DdcuUnz35XdMiqz7jV,423495790,1780278714,"{""InstructionError"": [3, {""Custom"": 1}]}",0,
YxUstMyYDyqPNz78auhYfhdUKrBQgg7uctnKNDEpump,2vpoNr7PxQmUbQpk3F9hUg7w3atmt2vnXvM6AVDsx8SG2mYJo4ZvmWCsdj2YHfmoPdwNDCNwAUoTMxQ146Q9jBo3,423495790,1780278714,"{""InstructionError"": [3, {""Custom"": 1}]}",0,
YxUstMyYDyqPNz78auhYfhdUKrBQgg7uctnKNDEpump,5YyfHzjjcyG9py5Mvvtov8U1YJagFwH58bppszuwiFaJgLwsmsN2HGgoNDHDvfhhB38EejJ9pubuVE17ChyrPQ4R,423495790,1780278714,"{""InstructionError"": [3, {""Custom"": 1}]}",0,
YxUstMyYDyqPNz78auhYfhdUKrBQgg7uctnKNDEpump,4VmWnb95SDepyXLt5DCYbEorMbF4y4tSDqep5RtM9Kj2MJEMAtg6HAdY1RX1EXE8Qg9NwdeJheQhWYQmdoRsj8kY,423495790,1780278714,"{""InstructionError"": [3, {""Custom"": 1}]}",0,
YxUstMyYDyqPNz78auhYfhdUKrBQgg7uctnKNDEpump,4ndUYyJ9VuRuo1R3CeRsAJrfVsoo9hcqxbZow2DS8cXWvEMnYQL3SLiGd1UnFg6gMgXLzi4o3iodqXfgKEkMBQ4k,423495790,1780278714,"{""InstructionError"": [3, {""Custom"": 1}]}",0,
YxUstMyYDyqPNz78auhYfhdUKrBQgg7uctnKNDEpump,Qr979nzBdQ3jG3Mi5yMdYEVFMBjdaYYARaHSx8ef4vACGjsf6NDvZTfN4MHrDcFJLs1vuvm4Q9sB8Mp3apY9VQE,423495790,1780278714,"{""InstructionError"": [3, {""Custom"": 1}]}",0,
YxUstMyYDyqPNz78auhYfhdUKrBQgg7uctnKNDEpump,cF7pPUNsmaJeP2B21TchVDnuvcPGn7wMcXyM2oEtEzT4xGPi4ZUNyqyfrGNK2wPTSCv4Cneu5wnjxXtVh2sipAy,423495790,1780278714,"{""InstructionError"": [3, {""Custom"": 1}]}",0,
YxUstMyYDyqPNz78auhYfhdUKrBQgg7uctnKNDEpump,48tHzrTVdU95tsgtKsvxLjTiSho4zqugk64St4Tp5v2dovyRR83KhGrVpNpBk5JDqweotKQfkEP1ep9cZ9ysAhuS,423495790,1780278714,"{""InstructionError"": [3, {""Custom"": 1}]}",0,
YxUstMyYDyqPNz78auhYfhdUKrBQgg7uctnKNDEpump,4eYv2wRtepiV5Ebcj184ic73jVexhbyeWwyiKvrKg24bRDeLyinDdAwYcKoQGwjwUxP8tGG2hY5pUpRXCQ92h1oK,423495790,1780278714,"{""InstructionError"": [3, {""Custom"": 1}]}",0,
YxUstMyYDyqPNz78auhYfhdUKrBQgg7uctnKNDEpump,K9JUo381jprLbm6B4VW6XVDhDSqmnh1Rj3i97oV69NqmJhkDAyV2twe9LQR8PUyf6HDNTYcrFdwQmHnah9x31pg,423495790,1780278714,"{""InstructionError"": [3, {""Custom"": 1}]}",0,
YxUstMyYDyqPNz78auhYfhdUKrBQgg7uctnKNDEpump,2cr3o8b8nADPt7Pk12AEAmW4bWAW5xK1AwYt5JHD1LCLuVyD6svyfYP9egFi6nYR4jopGX2aPBMy5g9P8Stwmg8N,423495790,1780278714,"{""InstructionError"": [3, {""Custom"": 1}]}",0,
YxUstMyYDyqPNz78auhYfhdUKrBQgg7uctnKNDEpump,3idyA1ND79DpEirSEokweS9tftpenjLdCsR9YrFENFfuK2iLieMxVvyd7yk3SbP2ebab4WKANBinMPbtrZepqjv7,423495790,1780278714,"{""InstructionError"": [3, {""Custom"": 1}]}",0,
YxUstMyYDyqPNz78auhYfhdUKrBQgg7uctnKNDEpump,2yZaRE1bCBF5GxyekgyqauuqE6uezw1pAEcvTHmh5ZiJAr93xWptQVUamY1FXsHN7S9mfCuZ1fmjfbAhvV9wrswy,423495790,1780278714,"{""InstructionError"": [3, {""Custom"": 1}]}",0,
YxUstMyYDyqPNz78auhYfhdUKrBQgg7uctnKNDEpump,5xLYt2o3kP9DeMnqidhoEqcJ55txLtUjpFWnqa17agoSa7Gznszmw9m7Edi9tKVz2B87vnoTovuvVUCgRH6RQBny,423495790,1780278714,"{""InstructionError"": [3, {""Custom"": 1}]}",0,
YxUstMyYDyqPNz78auhYfhdUKrBQgg7uctnKNDEpump,25L8iMbHu6AZCRn2FJTHzKZHD5AqXxei5qk2CsUWpVwMyxjVHznf9HDMMvLzLm5un8jX3SVgkDPUijfq5N6Q3fem,423495790,1780278714,"{""InstructionError"": [3, {""Custom"": 1}]}",0,
YxUstMyYDyqPNz78auhYfhdUKrBQgg7uctnKNDEpump,kmFx1uTN1F4UgxLCvYmThiq8WS2zF63uvSZjhjseJWxYj3mNBBDzoBSD5P49fBb724NKgn5o1qRbsQMCrEvZVDk,423495790,1780278714,"{""InstructionError"": [3, {""Custom"": 1}]}",0,
YxUstMyYDyqPNz78auhYfhdUKrBQgg7uctnKNDEpump,4eTbtF85qr4hxd22YgCzoqic74JpJUPYmcLqJq5nvEg2hmvWA8jjrC5RytZUFcMZSsmis5BEyqJ6WVmiD9TzPTPg,423495790,1780278714,"{""InstructionError"": [3, {""Custom"": 1}]}",0,
YxUstMyYDyqPNz78auhYfhdUKrBQgg7uctnKNDEpump,k3ZhWnusfGvA8iRqJks37sH8VrQwRqyJ4HWKQ8Dcc6yYoYERReVRsQYJ4JCwgGFnSFE3oPQ4rXZD6U98vSZLCrB,423495790,1780278714,"{""InstructionError"": [3, {""Custom"": 1}]}",0,
YxUstMyYDyqPNz78auhYfhdUKrBQgg7uctnKNDEpump,2Sj4brBevhhP1TM6naP9n5psXXoiAhA8WMy3vwNKHqXNmkvnv5th72TBWWzg84kVQjSxnC2xu37KHbbuhzNpSwPy,423495790,1780278714,"{""InstructionError"": [3, {""Custom"": 1}]}",0,
YxUstMyYDyqPNz78auhYfhdUKrBQgg7uctnKNDEpump,3vR6XQgSKX2tfYkVsvMPR6KkHz6VmKM4sV4Dc1r3td5YtBpjc4XXvQrmTuJiJcNiPgTC955ZApLoXABaV6CyCuwb,423495790,1780278714,"{""InstructionError"": [3, {""Custom"": 1}]}",0,
YxUstMyYDyqPNz78auhYfhdUKrBQgg7uctnKNDEpump,4bHrxPKFxCMaAE2wnVXutAG4GNaBK7iq1rGZcCe7yvF2n7pLGCMkrvJnKyZrP5YeTzUY38RNQjDs4JKfbMHvArLe,423495790,1780278714,"{""InstructionError"": [3, {""Custom"": 1}]}",0,
YxUstMyYDyqPNz78auhYfhdUKrBQgg7uctnKNDEpump,5BBAmaT7sN2kD614AfyAxtMt6S9XQaakBhqaNuxtQX5gG8h9ARNjgfmW9TyA6wge1yYKQEBsUR4fqtRFEELCEBQL,423495790,1780278714,"{""InstructionError"": [3, {""Custom"": 1}]}",0,
YxUstMyYDyqPNz78auhYfhdUKrBQgg7uctnKNDEpump,whLnUiPUsvJJ7Dt12davRrzCfnUptpAXy4hTUBwXsuUmcpFWhVTRP6ZWQH3oQBhGVoSTcNNDppRijFcGxA88n2Q,423495790,1780278714,"{""InstructionError"": [3, {""Custom"": 1}]}",0,
YxUstMyYDyqPNz78auhYfhdUKrBQgg7uctnKNDEpump,56pzok2ZyyW8SUcRK2EHZgXZGL6GE6wnRmCHEndamdsYeagqaazkkoiA2anZAehPxpKAfFJxN29TrNrL5PVBVM22,423495790,1780278714,"{""InstructionError"": [3, {""Custom"": 1}]}",0,
YxUstMyYDyqPNz78auhYfhdUKrBQgg7uctnKNDEpump,5fJF2BhXG16j5pPuQtqjkixP3G9ModgnKCM32hm2fvWBCWwuDyc1tw9sfTrtPnc4wLiV2beo3yLZxy8DZc85rirZ,423495790,1780278714,"{""InstructionError"": [3, {""Custom"": 1}]}",0,
YxUstMyYDyqPNz78auhYfhdUKrBQgg7uctnKNDEpump,67Frw8bjvjnBnBMK9smcxaFN9vC8W27EYe63qWmENY4qA49M6RDg45XEeGJLiEWrSaatMEm9fcs5NLgbeqs1GE1V,423495790,1780278714,"{""InstructionError"": [3, {""Custom"": 1}]}",0,
YxUstMyYDyqPNz78auhYfhdUKrBQgg7uctnKNDEpump,5eMWdA2siGDcW5swT3o1aBgnNQJFfxhc2dfx4apskuWYBUp5E7dLKPddLTf51FSWEqQNWdJYPjuvyismPum5FfbF,423495790,1780278714,"{""InstructionError"": [3, {""Custom"": 1}]}",0,
YxUstMyYDyqPNz78auhYfhdUKrBQgg7uctnKNDEpump,5jFPFDBDgySdss4Jeii5nrh8rLrEY9QU6TW4vcp5MFphcxUbqGSBmWrzrD72AAGk9yZGqPvqiDB6jdDPN7ZYWJKR,423495790,1780278714,"{""InstructionError"": [3, {""Custom"": 1}]}",0,
YxUstMyYDyqPNz78auhYfhdUKrBQgg7uctnKNDEpump,3ukA8shpEQxxRS2A7Z3zwVH194yzJxS39CAfo34ghQSbvHAVi76uxvYGiped8MXQJc1peenN3sfD7kspoiQGo9KH,423495790,1780278714,"{""InstructionError"": [3, {""Custom"": 1}]}",0,
YxUstMyYDyqPNz78auhYfhdUKrBQgg7uctnKNDEpump,5hk2RD1C5avbSkNDs5gBXnR3HGsz7qukewskAjs6pVZD4tvv5XrsaaWvbqJDEqfZ3J7jApxK6mb54Wfg1ghK2KBn,423495790,1780278714,"{""InstructionError"": [3, {""Custom"": 1}]}",0,
YxUstMyYDyqPNz78auhYfhdUKrBQgg7uctnKNDEpump,2Ts2gvSkADmJd2mC7dTM3Y12QdFQjCPAJmNwDvg6bRSD1m7FhJETJZGEBC2br4X1DKVxXaE3TPQyphTe1Su8N8xR,423495790,1780278714,"{""InstructionError"": [3, {""Custom"": 1}]}",0,
YxUstMyYDyqPNz78auhYfhdUKrBQgg7uctnKNDEpump,tVGpAmvp7WCUhWHhkgrcjSwd22mZHAc8BRt8yYsGcsUheewCaM4m5TSaCaLBJnz1Ff4dRfUdCZtZaL86U6amuQp,423495790,1780278714,"{""InstructionError"": [3, {""Custom"": 1}]}",0,
YxUstMyYDyqPNz78auhYfhdUKrBQgg7uctnKNDEpump,53MZX4xxngZxggEXWhFQU1D6XyE7ovpVZYYa8SSfH7YbNefEzNshmueJZFATbCfj4ktVAg3XMyELGcas9mPoKLgH,423495790,1780278714,"{""InstructionError"": [3, {""Custom"": 1}]}",0,
YxUstMyYDyqPNz78auhYfhdUKrBQgg7uctnKNDEpump,4feAFdt5VmRTcjgKqNGMemLvMp7EgbHvTeU1UjjKCrm4onzrLStNLuzRViVzFqwuGNid3cRjsMZs9y3XYs2wHa9G,423495790,1780278714,"{""InstructionError"": [3, {""Custom"": 1}]}",0,
YxUstMyYDyqPNz78auhYfhdUKrBQgg7uctnKNDEpump,pNv8xeDipFsebLHCewEqAqpjCjmY2HP9a9otYB5nFPyjxQrRU7YKGSiVJpLajnXd2ShM4TGZAa7Ccc2V542ABwA,423495790,1780278714,"{""InstructionError"": [3, {""Custom"": 1}]}",0,
YxUstMyYDyqPNz78auhYfhdUKrBQgg7uctnKNDEpump,BAV99WJUEAExRQiuUMJFARLTbWhPnnDH6ZxeR5F6MhTA8KgYYjssponWBhdZBK5ehe1agen4ybfKQ1GWDc3zWaS,423495790,1780278714,"{""InstructionError"": [3, {""Custom"": 1}]}",0,
YxUstMyYDyqPNz78auhYfhdUKrBQgg7uctnKNDEpump,2rMcASWpDpSUvEYKjyTN9G3Kezv5tBHHqBjxiojtWqTyErbqnHFFZXa28JJvTTctdNPp7Pdrmntue8FxodRQBvoh,423495790,1780278714,"{""InstructionError"": [3, {""Custom"": 1}]}",0,
YxUstMyYDyqPNz78auhYfhdUKrBQgg7uctnKNDEpump,5HNZUNrgXz1NwxnTvEUir8MN6k3EJcXmHapAUSgSsW5Qhe8pHVTvv26v11gSjPoJx22dwx8kz7tcJLWR7NwXSK47,423495790,1780278714,"{""InstructionError"": [3, {""Custom"": 1}]}",0,
YxUstMyYDyqPNz78auhYfhdUKrBQgg7uctnKNDEpump,4NiPP6EeXZCHqtWozhnu6y7zy2rA94bFZpk6ZVT99sasER3kviCQ7FnnYmGKh3MMLPCv6ZXp61ayyc7DZYVmyoHs,423495790,1780278714,"{""InstructionError"": [3, {""Custom"": 1}]}",0,
YxUstMyYDyqPNz78auhYfhdUKrBQgg7uctnKNDEpump,5CiaWnaZhE1H36oRdjoErwfE3umXJXd5rCFixqY6NZtRqjWQrt3qUfVgwDFAiYq3PpFhvMdtvekN62yyPVSmR6vz,423495790,1780278714,"{""InstructionError"": [3, {""Custom"": 1}]}",0,
YxUstMyYDyqPNz78auhYfhdUKrBQgg7uctnKNDEpump,3jdaUUk1ZghVR9YzfBmW4VHU6q2g9ZKuCQapobncvLgbUtHChqotnXHWBz2Z5VqrrUnFMj9jq7ZUqeexa9buzGm5,423495790,1780278714,"{""InstructionError"": [3, {""Custom"": 1}]}",0,
YxUstMyYDyqPNz78auhYfhdUKrBQgg7uctnKNDEpump,9RuW6DYY3jb9twBpaGpMdJsehajH4aRhSSupJaX1a4tC7qFQruHdzCZv1zZhoGdDCDkexb9hwyiLqfPYPDyk5D1,423495790,1780278714,"{""InstructionError"": [3, {""Custom"": 1}]}",0,
YxUstMyYDyqPNz78auhYfhdUKrBQgg7uctnKNDEpump,nhWLra6U4vH741YimPcURAvDACkhu1AjKjpMnGXejcRCmbcBPeTD3qmGyfqMm438bmsk5N9iaEVp6CTPam8U83j,423495790,1780278714,"{""InstructionError"": [3, {""Custom"": 1}]}",0,
YxUstMyYDyqPNz78auhYfhdUKrBQgg7uctnKNDEpump,2t7Rj3vke9imw86T8HwyQ8z5KLRtdhQoJrZxtM9Xsh2JByqaiDRUFwfpSa9SvBVKbvS4jTE2avncL5xWU8RB58xH,423495790,1780278714,"{""InstructionError"": [3, {""Custom"": 1}]}",0,
YxUstMyYDyqPNz78auhYfhdUKrBQgg7uctnKNDEpump,2Q8ShpD2Tjmqy47NvsGtZdQzo2c2SRNwPkowqfyBFMsiPBrmdKbKaasCLZDpjaLpXAgCYK8Ewihx9Mga5aMnwSaH,423495790,1780278714,"{""InstructionError"": [3, {""Custom"": 1}]}",0,
YxUstMyYDyqPNz78auhYfhdUKrBQgg7uctnKNDEpump,3DRb5MLXJCTrZmLtmsVcEnbKBFMMvWLee2BShwJH581UYyHUvrNU9w615bGBKhNvUovh4gZJLL2GcoDhpcsjk9Jy,423495790,1780278714,"{""InstructionError"": [3, {""Custom"": 1}]}",0,
YxUstMyYDyqPNz78auhYfhdUKrBQgg7uctnKNDEpump,4SXDbRp4zWTZdPCp3rc28rdg4KJHde6Qg5Rs3A6rC1NaqhJCGVUfjwFckMMnr6BhoymBqxko7vvQPfYgTrbPMjrA,423495790,1780278714,"{""InstructionError"": [3, {""Custom"": 1}]}",0,
YxUstMyYDyqPNz78auhYfhdUKrBQgg7uctnKNDEpump,3KTzUxhZ5N6CZrnz25VT26UiXPm6zpsmTsq4r25LFWSUVBseBfuTffWX5yZ3NeeMVgL23GzJRuTMbshkm1iaSVoM,423495790,1780278714,"{""InstructionError"": [3, {""Custom"": 1}]}",0,
YxUstMyYDyqPNz78auhYfhdUKrBQgg7uctnKNDEpump,nG4w6tCwL1kWxq4JaKrJhxeRC7oL1NtuEkRoBEku8xcXD3iHtepndRETYgNJp26iihmaA1USCtWq6qgKsyzrpy9,423495790,1780278714,"{""InstructionError"": [3, {""Custom"": 1}]}",0,
YxUstMyYDyqPNz78auhYfhdUKrBQgg7uctnKNDEpump,4qANwLKJLWCusL6Gap5fjWNwHP8VyvcL7zVJ8JkNesRWgY2C6qNSSpC2whrwhiDK62qkDgcN5GGhBHM1EJSRcD9h,423495790,1780278714,"{""InstructionError"": [3, {""Custom"": 1}]}",0,
YxUstMyYDyqPNz78auhYfhdUKrBQgg7uctnKNDEpump,vg9AdbAFEX3Ni7kiGRP6Zt1uvyKErYhGTvq5CgSpVYrJCAkXppFW46oVvV4M6UJkgGAnV2HbP3L3i2SKbyWsAGy,423495791,1780278714,"{""InstructionError"": [3, {""Custom"": 1}]}",0,
YxUstMyYDyqPNz78auhYfhdUKrBQgg7uctnKNDEpump,5h7GXNHsG5GkDjCep9Q5zZ7tipfCnew9K7LbJbmwFJWRAfWEMfqrrBMMow2WkEm4Rgmr57vK2r3csvE3UFBBXucy,423495794,1780278715,"{""InstructionError"": [7, {""Custom"": 2006}]}",0,
YxUstMyYDyqPNz78auhYfhdUKrBQgg7uctnKNDEpump,2mSQJb5rarBfdpiQehYGCGPuDtVCms1SNspJu8zyp8uabs7nNbB53xob82Qzb71WuFASyc1VUakxEdn4kYFN2uQ6,423495794,1780278715,"{""InstructionError"": [2, ""IllegalOwner""]}",0,
YxUstMyYDyqPNz78auhYfhdUKrBQgg7uctnKNDEpump,2VWKKZKTMeFu6TJnLFVpJo3h9igD2wfLeNpd22xPCdiC9dno5YEZV3W1Jyjx36JfM8WoNcnxG364acc43FRFaFRR,423495800,1780278718,"{""InstructionError"": [2, {""Custom"": 1}]}",0,
YxUstMyYDyqPNz78auhYfhdUKrBQgg7uctnKNDEpump,yFBKMXLpwYpEo4MB34UqYkgH2Ld39uc5TY7FkP1yoUCAEbeeDWwkNg9GCkSkpEfYGceSYVtbCAhMw5huM4Cfsio,423495801,1780278718,"{""InstructionError"": [2, {""Custom"": 1}]}",0,
YxUstMyYDyqPNz78auhYfhdUKrBQgg7uctnKNDEpump,3UmSxiBDWQcTTXgnQtZoH6ngJXPMw4iuhdgMLcbN4mHiqVxSrH4k9CScWtFQnyk2fhcxkNc6pCB5fp1B7xHwRwM5,423495801,1780278718,"{""InstructionError"": [2, {""Custom"": 1}]}",0,
YxUstMyYDyqPNz78auhYfhdUKrBQgg7uctnKNDEpump,2Q7zVZb1k6ujqkuaLD9vtZcZdyUyeDESztV1gFogy4R5f6GJEr5fmaWg5HB2ujoc6ke4miFSRKH43vubEh3akCz7,423495802,1780278719,"{""InstructionError"": [3, {""Custom"": 1}]}",0,
YxUstMyYDyqPNz78auhYfhdUKrBQgg7uctnKNDEpump,eaDVksc5mi3d6FxgNWgbywjtEA36jq9GkNfEyU2WSkdQBdwS4QBz4cZarhP8rmyEPJWDmWsDJDcZDUjQvjfKNg8,423495808,1780278721,"{""InstructionError"": [3, {""Custom"": 1}]}",0,
YxUstMyYDyqPNz78auhYfhdUKrBQgg7uctnKNDEpump,2k4UnaXJf7TSchEqEvfhJStJUtRtdb78waHET8QsoFRioZaJCF1uo1Ae8nvPC7w4fb8vYPUBxejyS1yQ8PrvJwNU,423495925,1780278767,"{""InstructionError"": [3, {""Custom"": 6024}]}",0,
YxUstMyYDyqPNz78auhYfhdUKrBQgg7uctnKNDEpump,DLTpmS2mQ1WBU33cw8pTNquCiiFdoPtMarYqngpCNWMbpVPTBdQybDwvY1t9UFKx56r7sV7yWrv8Q1bneSqwp8E,423495929,1780278768,"{""InstructionError"": [3, {""Custom"": 6024}]}",0,
YxUstMyYDyqPNz78auhYfhdUKrBQgg7uctnKNDEpump,5CyrPHobqa1Sgok9BLv8VPRdH6zXyYUcnsbWedhTzVfNSntbTDXobJUtnxXAaAjYG9fvMxrgL3pTxAesTRiqJpEy,423496032,1780278808,"{""InstructionError"": [3, {""Custom"": 6024}]}",0,
YxUstMyYDyqPNz78auhYfhdUKrBQgg7uctnKNDEpump,62oJpUTSM861KtXLnynHcoQBkaiPMmaSKiEYkyGPjhPdG92unr4k7TC364VaHiZ6q7HQcQvUFDZy816CjHJjun2K,423496032,1780278808,"{""InstructionError"": [3, {""Custom"": 6024}]}",0,
YxUstMyYDyqPNz78auhYfhdUKrBQgg7uctnKNDEpump,4uHuLWyWVAMpckLzWyc72skKaNGRe2jvCcX2GgxCc5tXWo4sgYYrPmGFNVZt8YfmnGPuc8jPvB1ToQ6NGNzjXyZr,423496039,1780278811,"{""InstructionError"": [3, {""Custom"": 6024}]}",0,
YxUstMyYDyqPNz78auhYfhdUKrBQgg7uctnKNDEpump,2HQXvZmijVanux2Peejr2H2AvLDPBY6TaoaKa8sqzX41yhPU28zKhhouMoAbirp2id86PQSDVEfsb3Y9r3K2aL9S,423496039,1780278811,"{""InstructionError"": [3, {""Custom"": 6024}]}",0,
YxUstMyYDyqPNz78auhYfhdUKrBQgg7uctnKNDEpump,287CE63GdSWFfzNH9e5Z5cXy4GoK7oGBVCqSETSKyUAEYqSBueX3Rk7XwR5276iswxg69NqgDbdDr9as8i6TvtAG,423496042,1780278812,"{""InstructionError"": [3, {""Custom"": 6024}]}",0,
YxUstMyYDyqPNz78auhYfhdUKrBQgg7uctnKNDEpump,4ntFs3U1nFFw87Fz1oRs5e8iCQgeYZYLwJBLUjtxniGkmz8TD9Qn8ophLiF2sk8zkQYHnfDHen7Q89u6wFj3UYxY,423496043,1780278812,"{""InstructionError"": [3, {""Custom"": 6024}]}",0,
YxUstMyYDyqPNz78auhYfhdUKrBQgg7uctnKNDEpump,4QMEG5sAPhyhsdZL8Wi1MH81xoKoKpZGWRNBPyAsGQioirwz8Z7bXzm3dXWQxcwBi84CiYAFcCodgHQS19MTz8qb,423496044,1780278813,"{""InstructionError"": [3, {""Custom"": 6024}]}",0,
YxUstMyYDyqPNz78auhYfhdUKrBQgg7uctnKNDEpump,2NMHcudwgSRFtTyw4cieVy3nQ23ioiGxCKWByg2yh9EkX7SoArje4snM6tm3RxCgpFZWbw7sJDZfTAQqMwGBrx5z,423496044,1780278813,"{""InstructionError"": [3, {""Custom"": 6024}]}",0,
YxUstMyYDyqPNz78auhYfhdUKrBQgg7uctnKNDEpump,5L2DuDLNRamLmKMA5FSuiV3GvBCG9z2oZACWv64A6CaQtMfcVYhYTPVsE2Jp4JaECGxEzeVQw7q1Hdf61V8yTcF2,423496057,1780278818,"{""InstructionError"": [3, {""Custom"": 6024}]}",0,
YxUstMyYDyqPNz78auhYfhdUKrBQgg7uctnKNDEpump,MNa419pijWShqWpcRAuMrq2RwHvnzKg8R5XmxhaxoVcdP6AjVQ8MdivadZK1HoB4HNcXTVH53i8jcyYNkLuQn8b,423496058,1780278818,"{""InstructionError"": [3, {""Custom"": 6024}]}",0,
YxUstMyYDyqPNz78auhYfhdUKrBQgg7uctnKNDEpump,2fDKWycBCaLPRwb9QdjV3aRrXJT5xehop8xTnPBdN6mHVhDAs5sDt1jH5LHzJRChsFjdkCxcikC7uTX7AsotYQzS,423496058,1780278818,"{""InstructionError"": [3, {""Custom"": 6024}]}",0,
YxUstMyYDyqPNz78auhYfhdUKrBQgg7uctnKNDEpump,4dwWrF4FEP4phoQoGkDatmh95DEBRoUWFq9hn7ANLMqmrKapqHgG9gpm1wUnknPY4eT7BgqPmAVSQzVzpAXnKKng,423496080,1780278827,"{""InstructionError"": [3, {""Custom"": 6024}]}",0,
YxUstMyYDyqPNz78auhYfhdUKrBQgg7uctnKNDEpump,WC4ra3VRqdKo4Eiwj6djmEXLZ78rsJ2ZsHyRKmdHrC8VuPc1w4YDacCz9nxu3GTkvcLcQs2mi62VQuA7xrHnz7z,423496080,1780278827,"{""InstructionError"": [3, {""Custom"": 6024}]}",0,
YxUstMyYDyqPNz78auhYfhdUKrBQgg7uctnKNDEpump,4e4h5cQmYc5GjMZL2QZV1SrAznftv2K45C4a1cqMBw1w9GY7XydEp5nMXJzpQddpajie8YPLTPaYZg8kvefAKZah,423496121,1780278843,"{""InstructionError"": [3, {""Custom"": 103}]}",1,SellEvent:0
