mint,order,complete,n_buyers_d5,n_program_d5,n_link_full_main_d5,n_v1_full_main_d5,n_v2_full_main_d5,n_resunl_full_main_d5,n_unres_full_main_d5,S_full_main_d5,n_link_fund_main_d5,n_v1_fund_main_d5,n_v2_fund_main_d5,n_resunl_fund_main_d5,n_unres_fund_main_d5,S_fund_main_d5,n_link_light_main_d5,n_v1_light_main_d5,n_v2_light_main_d5,n_resunl_light_main_d5,n_unres_light_main_d5,S_light_main_d5,n_buyers_d30,n_program_d30,n_link_full_main_d30,n_v1_full_main_d30,n_v2_full_main_d30,n_resunl_full_main_d30,n_unres_full_main_d30,S_full_main_d30,n_link_fund_main_d30,n_v1_fund_main_d30,n_v2_fund_main_d30,n_resunl_fund_main_d30,n_unres_fund_main_d30,S_fund_main_d30,n_link_light_main_d30,n_v1_light_main_d30,n_v2_light_main_d30,n_resunl_light_main_d30,n_unres_light_main_d30,S_light_main_d30,n_link_full_strict_d5,n_v1_full_strict_d5,n_v2_full_strict_d5,n_resunl_full_strict_d5,n_unres_full_strict_d5,S_full_strict_d5,n_link_fund_strict_d5,n_v1_fund_strict_d5,n_v2_fund_strict_d5,n_resunl_fund_strict_d5,n_unres_fund_strict_d5,S_fund_strict_d5,n_link_light_strict_d5,n_v1_light_strict_d5,n_v2_light_strict_d5,n_resunl_light_strict_d5,n_unres_light_strict_d5,S_light_strict_d5,n_link_full_strict_d30,n_v1_full_strict_d30,n_v2_full_strict_d30,n_resunl_full_strict_d30,n_unres_full_strict_d30,S_full_strict_d30,n_link_fund_strict_d30,n_v1_fund_strict_d30,n_v2_fund_strict_d30,n_resunl_fund_strict_d30,n_unres_fund_strict_d30,S_fund_strict_d30,n_link_light_strict_d30,n_v1_light_strict_d30,n_v2_light_strict_d30,n_resunl_light_strict_d30,n_unres_light_strict_d30,S_light_strict_d30,n_link_full_tmpl_d5,n_v1_full_tmpl_d5,n_v2_full_tmpl_d5,n_resunl_full_tmpl_d5,n_unres_full_tmpl_d5,S_full_tmpl_d5,n_link_fund_tmpl_d5,n_v1_fund_tmpl_d5,n_v2_fund_tmpl_d5,n_resunl_fund_tmpl_d5,n_unres_fund_tmpl_d5,S_fund_tmpl_d5,n_link_light_tmpl_d5,n_v1_light_tmpl_d5,n_v2_light_tmpl_d5,n_resunl_light_tmpl_d5,n_unres_light_tmpl_d5,S_light_tmpl_d5,n_link_full_tmpl_d30,n_v1_full_tmpl_d30,n_v2_full_tmpl_d30,n_resunl_full_tmpl_d30,n_unres_full_tmpl_d30,S_full_tmpl_d30,n_link_fund_tmpl_d30,n_v1_fund_tmpl_d30,n_v2_fund_tmpl_d30,n_resunl_fund_tmpl_d30,n_unres_fund_tmpl_d30,S_fund_tmpl_d30,n_link_light_tmpl_d30,n_v1_light_tmpl_d30,n_v2_light_tmpl_d30,n_resunl_light_tmpl_d30,n_unres_light_tmpl_d30,S_light_tmpl_d30,zero_d5,dev_buy_sol_d5,n_q_d5,zero_d30,dev_buy_sol_d30,n_q_d30
GMQm4Ri9PH84aUynk2WExosStZK79W3r2uGZnw4tpump,0,True,30,0,2,2,0,6,22,0.25,2,2,0,6,22,0.25,2,2,0,6,22,0.25,30,0,2,2,0,6,22,0.25,2,2,0,6,22,0.25,2,2,0,6,22,0.25,2,2,0,6,22,0.25,2,2,0,6,22,0.25,2,2,0,6,22,0.25,2,2,0,6,22,0.25,2,2,0,6,22,0.25,2,2,0,6,22,0.25,2,2,0,6,22,0.25,2,2,0,6,22,0.25,2,2,0,6,22,0.25,2,2,0,6,22,0.25,2,2,0,6,22,0.25,2,2,0,6,22,0.25,0.2238805970149253,1.975308641,67,0.1339285714285714,1.975308641,112
8a1XdQ2jP4sbkWFK2MXeRixNaXPngZXG4c3DMMTWpump,1,True,3,1,0,0,0,1,1,,0,0,0,1,1,,0,0,0,1,1,,3,1,0,0,0,1,1,,0,0,0,1,1,,0,0,0,1,1,,0,0,0,1,1,,0,0,0,1,1,,0,0,0,1,1,,0,0,0,1,1,,0,0,0,1,1,,0,0,0,1,1,,0,0,0,1,1,,0,0,0,1,1,,0,0,0,1,1,,0,0,0,1,1,,0,0,0,1,1,,0,0,0,1,1,,0.0,1.000000001,3,0.0,1.987654321,3
uL6gWQs1FMJVNCV5KzdKq5aXxzs9iFgfzx4Yns9pump,2,True,4,0,4,4,0,0,0,1.0,4,4,0,0,0,1.0,4,4,0,0,0,1.0,4,0,4,4,0,0,0,1.0,4,4,0,0,0,1.0,4,4,0,0,0,1.0,4,4,4,0,0,1.0,4,4,4,0,0,1.0,4,4,4,0,0,1.0,4,4,4,0,0,1.0,4,4,4,0,0,1.0,4,4,4,0,0,1.0,4,4,0,0,0,1.0,4,4,0,0,0,1.0,4,4,0,0,0,1.0,4,4,0,0,0,1.0,4,4,0,0,0,1.0,4,4,0,0,0,1.0,0.0,0.98765432,4,0.0,0.98765432,4
5XVaaxWGnQdFKGNCE17BQbXJWhifD47rH3Q3WeMEpump,3,True,3,1,0,0,0,1,1,,0,0,0,1,1,,0,0,0,1,1,,3,1,0,0,0,1,1,,0,0,0,1,1,,0,0,0,1,1,,0,0,0,1,1,,0,0,0,1,1,,0,0,0,1,1,,0,0,0,1,1,,0,0,0,1,1,,0,0,0,1,1,,0,0,0,1,1,,0,0,0,1,1,,0,0,0,1,1,,0,0,0,1,1,,0,0,0,1,1,,0,0,0,1,1,,0.0,3.987654321,3,0.0,5.962962961,3
AuMvErNfWittaXwHCofBZ3fPufeKxAocpVyKL7bDpump,4,True,13,0,2,2,0,0,11,1.0,2,2,0,0,11,1.0,2,2,0,0,11,1.0,15,0,2,2,0,0,13,1.0,2,2,0,0,13,1.0,2,2,0,0,13,1.0,2,2,2,0,11,1.0,2,2,2,0,11,1.0,2,2,2,0,11,1.0,2,2,2,0,13,1.0,2,2,2,0,13,1.0,2,2,2,0,13,1.0,2,2,0,0,11,1.0,2,2,0,0,11,1.0,2,2,0,0,11,1.0,2,2,0,0,13,1.0,2,2,0,0,13,1.0,2,2,0,0,13,1.0,0.7692307692307693,5.0,13,0.6666666666666666,5.0,15
4HcU7w6AS6TLpP2A2uX4joBN6c4EhPu6Z7gXL1nhpump,5,True,3,1,0,0,0,1,1,,0,0,0,1,1,,0,0,0,1,1,,3,1,0,0,0,1,1,,0,0,0,1,1,,0,0,0,1,1,,0,0,0,1,1,,0,0,0,1,1,,0,0,0,1,1,,0,0,0,1,1,,0,0,0,1,1,,0,0,0,1,1,,0,0,0,1,1,,0,0,0,1,1,,0,0,0,1,1,,0,0,0,1,1,,0,0,0,1,1,,0,0,0,1,1,,0.0,1.579259256,3,0.0,1.59881481,3
Ax3k93NPAmWtcYdCWKznTXGCBuR9HbBmAVCTvD95pump,6,True,18,0,0,0,0,6,12,0.0,0,0,0,6,12,0.0,0,0,0,6,12,0.0,30,0,0,0,0,7,23,0.0,0,0,0,7,23,0.0,0,0,0,7,23,0.0,0,0,0,6,12,0.0,0,0,0,6,12,0.0,0,0,0,6,12,0.0,0,0,0,7,23,0.0,0,0,0,7,23,0.0,0,0,0,7,23,0.0,0,0,0,6,12,0.0,0,0,0,6,12,0.0,0,0,0,6,12,0.0,0,0,0,7,23,0.0,0,0,0,7,23,0.0,0,0,0,7,23,0.0,0.2777777777777778,1.777777776,18,0.119047619047619,1.777777776,42
2HN8ySZXJaHM1dHE9aUbR94u3FYrCGWDaVuspriZpump,7,True,26,0,0,0,0,5,21,0.0,0,0,0,5,21,0.0,0,0,0,5,21,0.0,30,0,0,0,0,7,23,0.0,0,0,0,7,23,0.0,0,0,0,7,23,0.0,2,0,2,3,21,0.4,2,0,2,3,21,0.4,2,0,2,3,21,0.4,3,0,3,4,23,0.42857142857142855,3,0,3,4,23,0.42857142857142855,3,0,3,4,23,0.42857142857142855,0,0,0,5,21,0.0,0,0,0,5,21,0.0,0,0,0,5,21,0.0,0,0,0,7,23,0.0,0,0,0,7,23,0.0,0,0,0,7,23,0.0,0.1923076923076923,7.0,26,0.1136363636363636,7.0,44
DvhS53yNUHT1nGj8k4p7YN4hC4DHupcBw41MuUfpump,8,True,6,0,0,0,0,1,5,,0,0,0,1,5,,0,0,0,1,5,,30,0,0,0,0,4,26,0.0,0,0,0,4,26,0.0,0,0,0,4,26,0.0,0,0,0,1,5,,0,0,0,1,5,,0,0,0,1,5,,2,0,2,2,26,0.5,2,0,2,2,26,0.5,2,0,2,2,26,0.5,0,0,0,1,5,,0,0,0,1,5,,0,0,0,1,5,,0,0,0,4,26,0.0,0,0,0,4,26,0.0,0,0,0,4,26,0.0,0.1666666666666666,0.98765432,6,0.0238095238095238,1.5822144969999998,42
7D86jL6ttQd8Rd4nLfgVXKDuEMtEYVqmbWFvtj4M5o8J,9,True,15,0,0,0,0,5,10,0.0,0,0,0,5,10,0.0,0,0,0,5,10,0.0,18,0,0,0,0,7,11,0.0,0,0,0,7,11,0.0,0,0,0,7,11,0.0,0,0,0,5,10,0.0,0,0,0,5,10,0.0,0,0,0,5,10,0.0,0,0,0,7,11,0.0,0,0,0,7,11,0.0,0,0,0,7,11,0.0,0,0,0,5,10,0.0,0,0,0,5,10,0.0,0,0,0,5,10,0.0,0,0,0,7,11,0.0,0,0,0,7,11,0.0,0,0,0,7,11,0.0,0.1333333333333333,3.950617282,15,0.1111111111111111,3.950617282,18
BUMKFxSCo16R6rotyeXpzaA2UY2675Q6DMH2MqLhpump,10,True,8,0,0,0,0,4,4,0.0,0,0,0,4,4,0.0,0,0,0,4,4,0.0,8,0,0,0,0,4,4,0.0,0,0,0,4,4,0.0,0,0,0,4,4,0.0,0,0,0,4,4,0.0,0,0,0,4,4,0.0,0,0,0,4,4,0.0,0,0,0,4,4,0.0,0,0,0,4,4,0.0,0,0,0,4,4,0.0,0,0,0,4,4,0.0,0,0,0,4,4,0.0,0,0,0,4,4,0.0,0,0,0,4,4,0.0,0,0,0,4,4,0.0,0,0,0,4,4,0.0,0.5,1.777777776,8,0.5,1.777777776,8
4PvrCqHeFsXsAg3UUD3EMxbBxqBd9A2YEXvwJbw8pump,11,True,4,0,1,1,0,2,1,0.3333333333333333,1,1,0,2,1,0.3333333333333333,1,1,0,2,1,0.3333333333333333,4,0,1,1,0,2,1,0.3333333333333333,1,1,0,2,1,0.3333333333333333,1,1,0,2,1,0.3333333333333333,1,1,0,2,1,0.3333333333333333,1,1,0,2,1,0.3333333333333333,1,1,0,2,1,0.3333333333333333,1,1,0,2,1,0.3333333333333333,1,1,0,2,1,0.3333333333333333,1,1,0,2,1,0.3333333333333333,1,1,0,2,1,0.3333333333333333,1,1,0,2,1,0.3333333333333333,1,1,0,2,1,0.3333333333333333,1,1,0,2,1,0.3333333333333333,1,1,0,2,1,0.3333333333333333,1,1,0,2,1,0.3333333333333333,0.75,1.48148148,4,0.75,1.48148148,4
DQPGmuSaXZaSbQEzh2tgswkBYbStHgdUv5DEzc9Cpump,12,True,8,0,0,0,0,1,7,,0,0,0,1,7,,0,0,0,1,7,,30,0,0,0,0,7,23,0.0,0,0,0,7,23,0.0,0,0,0,7,23,0.0,0,0,0,1,7,,0,0,0,1,7,,0,0,0,1,7,,2,0,2,5,23,0.2857142857142857,2,0,2,5,23,0.2857142857142857,2,0,2,5,23,0.2857142857142857,0,0,0,1,7,,0,0,0,1,7,,0,0,0,1,7,,0,0,0,7,23,0.0,0,0,0,7,23,0.0,0,0,0,7,23,0.0,0.375,2.962962962,8,0.0666666666666666,2.962962962,45
86eUMjPPumw2YNNurY3u1nkcMhWKuVDJw3bcgPbNRmyT,13,True,3,1,0,0,0,1,1,,0,0,0,1,1,,0,0,0,1,1,,3,1,0,0,0,1,1,,0,0,0,1,1,,0,0,0,1,1,,0,0,0,1,1,,0,0,0,1,1,,0,0,0,1,1,,0,0,0,1,1,,0,0,0,1,1,,0,0,0,1,1,,0,0,0,1,1,,0,0,0,1,1,,0,0,0,1,1,,0,0,0,1,1,,0,0,0,1,1,,0,0,0,1,1,,0.0,1.981234565,3,0.0,1.984197527,3
DRq2hxezx2mzFTU8F6sW94NoW9Znw1qjsy7x9xXApump,14,True,3,0,1,1,0,0,2,,1,1,0,0,2,,1,1,0,0,2,,3,0,1,1,0,0,2,,1,1,0,0,2,,1,1,0,0,2,,1,1,0,0,2,,1,1,0,0,2,,1,1,0,0,2,,1,1,0,0,2,,1,1,0,0,2,,1,1,0,0,2,,1,1,0,0,2,,1,1,0,0,2,,1,1,0,0,2,,1,1,0,0,2,,1,1,0,0,2,,1,1,0,0,2,,0.6666666666666666,0.98765432,3,0.6666666666666666,0.98765432,3
GbWi5teZFxrR5a9bBxCzCj4VLvSmG9YNz2zVygcqpump,15,True,30,0,0,0,0,5,25,0.0,0,0,0,5,25,0.0,0,0,0,5,25,0.0,30,0,0,0,0,5,25,0.0,0,0,0,5,25,0.0,0,0,0,5,25,0.0,0,0,0,5,25,0.0,0,0,0,5,25,0.0,0,0,0,5,25,0.0,0,0,0,5,25,0.0,0,0,0,5,25,0.0,0,0,0,5,25,0.0,0,0,0,5,25,0.0,0,0,0,5,25,0.0,0,0,0,5,25,0.0,0,0,0,5,25,0.0,0,0,0,5,25,0.0,0,0,0,5,25,0.0,0.0888888888888888,3.0,45,0.054054054054054,3.0,74
688sLZ6PC4a1gWuMMZ3wkzLfZiYbM7wP9h3VAHP9pump,16,True,4,0,0,0,0,1,3,,0,0,0,1,3,,0,0,0,1,3,,4,0,0,0,0,1,3,,0,0,0,1,3,,0,0,0,1,3,,0,0,0,1,3,,0,0,0,1,3,,0,0,0,1,3,,0,0,0,1,3,,0,0,0,1,3,,0,0,0,1,3,,0,0,0,1,3,,0,0,0,1,3,,0,0,0,1,3,,0,0,0,1,3,,0,0,0,1,3,,0,0,0,1,3,,0.75,5.0,4,0.75,5.0,4
8dNzz9neGeD8b36dDbzFqDyVZg1TFuGGUD1P3vxWpump,17,True,4,0,0,0,0,2,2,0.0,0,0,0,2,2,0.0,0,0,0,2,2,0.0,4,0,0,0,0,2,2,0.0,0,0,0,2,2,0.0,0,0,0,2,2,0.0,0,0,0,2,2,0.0,0,0,0,2,2,0.0,0,0,0,2,2,0.0,0,0,0,2,2,0.0,0,0,0,2,2,0.0,0,0,0,2,2,0.0,0,0,0,2,2,0.0,0,0,0,2,2,0.0,0,0,0,2,2,0.0,0,0,0,2,2,0.0,0,0,0,2,2,0.0,0,0,0,2,2,0.0,0.5,1.97530864,4,0.5,1.97530864,4
EYMXuMc9urkhFHwfsaURE14JLLGvXWuDbYX9R6HYpump,18,True,4,1,0,0,0,1,2,,0,0,0,1,2,,0,0,0,1,2,,4,1,0,0,0,1,2,,0,0,0,1,2,,0,0,0,1,2,,0,0,0,1,2,,0,0,0,1,2,,0,0,0,1,2,,0,0,0,1,2,,0,0,0,1,2,,0,0,0,1,2,,0,0,0,1,2,,0,0,0,1,2,,0,0,0,1,2,,0,0,0,1,2,,0,0,0,1,2,,0,0,0,1,2,,0.0,3.950617282,4,0.0,3.950617282,4
B8Vr9WP6h9JZxK6d1AuFAweHn1YSLybuU9qf9qCfpump,19,True,3,1,0,0,0,0,2,,0,0,0,0,2,,0,0,0,0,2,,4,1,0,0,0,0,3,,0,0,0,0,3,,0,0,0,0,3,,0,0,0,0,2,,0,0,0,0,2,,0,0,0,0,2,,0,0,0,0,3,,0,0,0,0,3,,0,0,0,0,3,,0,0,0,0,2,,0,0,0,0,2,,0,0,0,0,2,,0,0,0,0,3,,0,0,0,0,3,,0,0,0,0,3,,0.0,0.250039067,3,0.0,0.733297095,4
632mKVYLWk6Uk2jYJ8ZWkybsWHeZjXSADbcWVGxBpump,20,True,3,1,0,0,0,0,2,,0,0,0,0,2,,0,0,0,0,2,,3,1,0,0,0,0,2,,0,0,0,0,2,,0,0,0,0,2,,0,0,0,0,2,,0,0,0,0,2,,0,0,0,0,2,,0,0,0,0,2,,0,0,0,0,2,,0,0,0,0,2,,0,0,0,0,2,,0,0,0,0,2,,0,0,0,0,2,,0,0,0,0,2,,0,0,0,0,2,,0,0,0,0,2,,0.0,3.5907526,3,0.0,3.5907526,3
2z9E4rpkQMJ5BwbdWXG7rk5c6CiYVop37yQWaV4cpump,21,True,5,0,0,0,0,0,5,,0,0,0,0,5,,0,0,0,0,5,,5,0,0,0,0,0,5,,0,0,0,0,5,,0,0,0,0,5,,0,0,0,0,5,,0,0,0,0,5,,0,0,0,0,5,,0,0,0,0,5,,0,0,0,0,5,,0,0,0,0,5,,0,0,0,0,5,,0,0,0,0,5,,0,0,0,0,5,,0,0,0,0,5,,0,0,0,0,5,,0,0,0,0,5,,1.0,0.100000018,5,1.0,0.100000018,5
B6LdDHQJEyhcoVRDTGLVdZu3x78bKdjeUCH73w9Xpump,22,True,15,0,0,0,0,3,12,0.0,0,0,0,3,12,0.0,0,0,0,3,12,0.0,29,0,0,0,0,10,19,0.0,0,0,0,10,19,0.0,0,0,0,10,19,0.0,0,0,0,3,12,0.0,0,0,0,3,12,0.0,0,0,0,3,12,0.0,2,0,2,8,19,0.2,2,0,2,8,19,0.2,2,0,2,8,19,0.2,0,0,0,3,12,0.0,0,0,0,3,12,0.0,0,0,0,3,12,0.0,0,0,0,10,19,0.0,0,0,0,10,19,0.0,0,0,0,10,19,0.0,0.3333333333333333,15.000000001,15,0.1724137931034483,15.000000001,29
FdMg97YC3tC5BDxTzW2mAjhHYwahPHPv8A8sBCpopump,23,True,5,0,4,4,4,0,1,1.0,4,4,4,0,1,1.0,4,4,4,0,1,1.0,7,0,4,4,4,1,2,0.8,4,4,4,1,2,0.8,4,4,4,1,2,0.8,4,4,4,0,1,1.0,4,4,4,0,1,1.0,4,4,4,0,1,1.0,4,4,4,1,2,0.8,4,4,4,1,2,0.8,4,4,4,1,2,0.8,4,4,4,0,1,1.0,4,4,4,0,1,1.0,4,4,4,0,1,1.0,4,4,4,1,2,0.8,4,4,4,1,2,0.8,4,4,4,1,2,0.8,0.8,4.0,5,0.5714285714285714,4.0,7
2D1Bi9ppTJz4bV2XE2XzzaV5MLtJ53o64VjfyeoFpump,24,True,4,1,0,0,0,1,2,,0,0,0,1,2,,0,0,0,1,2,,4,1,0,0,0,1,2,,0,0,0,1,2,,0,0,0,1,2,,0,0,0,1,2,,0,0,0,1,2,,0,0,0,1,2,,0,0,0,1,2,,0,0,0,1,2,,0,0,0,1,2,,0,0,0,1,2,,0,0,0,1,2,,0,0,0,1,2,,0,0,0,1,2,,0,0,0,1,2,,0,0,0,1,2,,0.0,2.9707851780000003,4,0.0,2.976651840000001,4
7T4WeEdThSnvq94nwjYKtzXtsfrik28knNEYbcAkpump,25,True,4,0,0,0,0,3,1,0.0,0,0,0,3,1,0.0,0,0,0,2,2,0.0,4,0,0,0,0,3,1,0.0,0,0,0,3,1,0.0,0,0,0,2,2,0.0,0,0,0,3,1,0.0,0,0,0,3,1,0.0,0,0,0,2,2,0.0,0,0,0,3,1,0.0,0,0,0,3,1,0.0,0,0,0,2,2,0.0,0,0,0,3,1,0.0,0,0,0,3,1,0.0,0,0,0,2,2,0.0,0,0,0,3,1,0.0,0,0,0,3,1,0.0,0,0,0,2,2,0.0,0.25,0.12839506,4,0.25,0.12839506,4
2BG683fSW7vRiK6ZAo1QSNVZVqywKAKDw4yUGjAHpump,26,True,3,0,3,3,3,0,0,1.0,3,3,3,0,0,1.0,3,3,3,0,0,1.0,3,0,3,3,3,0,0,1.0,3,3,3,0,0,1.0,3,3,3,0,0,1.0,3,3,3,0,0,1.0,3,3,3,0,0,1.0,3,3,3,0,0,1.0,3,3,3,0,0,1.0,3,3,3,0,0,1.0,3,3,3,0,0,1.0,3,3,3,0,0,1.0,3,3,3,0,0,1.0,3,3,3,0,0,1.0,3,3,3,0,0,1.0,3,3,3,0,0,1.0,3,3,3,0,0,1.0,0.0,49.382716048,3,0.0,49.382716048,3
CBQfabefpgyERPtX9tRkBgJ7VB5eQ8wcGPChwZZ3pump,27,True,7,0,0,0,0,0,7,,0,0,0,0,7,,0,0,0,0,7,,7,0,0,0,0,0,7,,0,0,0,0,7,,0,0,0,0,7,,0,0,0,0,7,,0,0,0,0,7,,0,0,0,0,7,,0,0,0,0,7,,0,0,0,0,7,,0,0,0,0,7,,0,0,0,0,7,,0,0,0,0,7,,0,0,0,0,7,,0,0,0,0,7,,0,0,0,0,7,,0,0,0,0,7,,0.5714285714285714,0.49375009,7,0.5714285714285714,0.49375009,7
58geeDA3F4DrK3yQv2uMF7vHjoY8gNdzrvgPo7Zhpump,28,True,3,1,0,0,0,0,2,,0,0,0,0,2,,0,0,0,0,2,,3,1,0,0,0,0,2,,0,0,0,0,2,,0,0,0,0,2,,0,0,0,0,2,,0,0,0,0,2,,0,0,0,0,2,,0,0,0,0,2,,0,0,0,0,2,,0,0,0,0,2,,0,0,0,0,2,,0,0,0,0,2,,0,0,0,0,2,,0,0,0,0,2,,0,0,0,0,2,,0,0,0,0,2,,0.0,0.2654433189999999,3,0.0,0.4629741819999999,3
2sQhJTHjJ7hJbaKsxKChTCUnSpLfDsGhyicfzLxrpump,29,True,11,0,2,2,0,1,8,0.6666666666666666,2,2,0,1,8,0.6666666666666666,2,2,0,1,8,0.6666666666666666,17,0,4,2,2,3,10,0.5714285714285714,4,2,2,3,10,0.5714285714285714,4,2,2,3,10,0.5714285714285714,2,2,0,1,8,0.6666666666666666,2,2,0,1,8,0.6666666666666666,2,2,0,1,8,0.6666666666666666,4,2,2,3,10,0.5714285714285714,4,2,2,3,10,0.5714285714285714,4,2,2,3,10,0.5714285714285714,2,2,0,1,8,0.6666666666666666,2,2,0,1,8,0.6666666666666666,2,2,0,1,8,0.6666666666666666,4,2,2,3,10,0.5714285714285714,4,2,2,3,10,0.5714285714285714,4,2,2,3,10,0.5714285714285714,0.5454545454545454,4.0,11,0.3529411764705882,4.0,17
EcmBVpJU4B9uqtY9mUiJWXzLbCLoLXGajmnoHvCcpump,30,True,5,0,1,1,0,2,2,0.3333333333333333,1,1,0,2,2,0.3333333333333333,1,1,0,2,2,0.3333333333333333,7,0,1,1,0,2,4,0.3333333333333333,1,1,0,2,4,0.3333333333333333,1,1,0,2,4,0.3333333333333333,3,0,3,0,2,1.0,3,0,3,0,2,1.0,3,0,3,0,2,1.0,3,0,3,0,4,1.0,3,0,3,0,4,1.0,3,0,3,0,4,1.0,1,1,0,2,2,0.3333333333333333,1,1,0,2,2,0.3333333333333333,1,1,0,2,2,0.3333333333333333,1,1,0,2,4,0.3333333333333333,1,1,0,2,4,0.3333333333333333,1,1,0,2,4,0.3333333333333333,1.0,3.0,5,0.7142857142857143,3.0,7
9kNzykB5hdU46xsduqL3VSmA9RCjFWUAVLWYiuXUfomo,31,True,12,0,0,0,0,0,12,,0,0,0,0,12,,0,0,0,0,12,,30,0,0,0,0,9,21,0.0,0,0,0,9,21,0.0,0,0,0,9,21,0.0,0,0,0,0,12,,0,0,0,0,12,,0,0,0,0,12,,2,0,2,7,21,0.2222222222222222,2,0,2,7,21,0.2222222222222222,2,0,2,7,21,0.2222222222222222,0,0,0,0,12,,0,0,0,0,12,,0,0,0,0,12,,0,0,0,9,21,0.0,0,0,0,9,21,0.0,0,0,0,9,21,0.0,0.6666666666666666,5.0,12,0.2222222222222222,5.0,36
9C2HPBFVVjF7kMkwWPDdhJMRk5rYpjLEBvi49NVPpump,32,True,5,1,0,0,0,1,3,,0,0,0,1,3,,0,0,0,1,3,,6,1,0,0,0,1,4,,0,0,0,1,4,,0,0,0,1,4,,0,0,0,1,3,,0,0,0,1,3,,0,0,0,1,3,,0,0,0,1,4,,0,0,0,1,4,,0,0,0,1,4,,0,0,0,1,3,,0,0,0,1,3,,0,0,0,1,3,,0,0,0,1,4,,0,0,0,1,4,,0,0,0,1,4,,0.0,15.728585984,5,0.0,15.728585984,6
EnxEjhQCY93vdSQ2ynPErzqJKsUC1TUZM9Q8cFMRpump,33,True,3,1,0,0,0,0,2,,0,0,0,0,2,,0,0,0,0,2,,3,1,0,0,0,0,2,,0,0,0,0,2,,0,0,0,0,2,,0,0,0,0,2,,0,0,0,0,2,,0,0,0,0,2,,0,0,0,0,2,,0,0,0,0,2,,0,0,0,0,2,,0,0,0,0,2,,0,0,0,0,2,,0,0,0,0,2,,0,0,0,0,2,,0,0,0,0,2,,0,0,0,0,2,,0.0,0.098765431,3,0.0,0.098765431,3
6JmSsgo26Sj1A2EwAtbc7QcFgHLKh9HaK5Ze5Yj6pump,34,True,6,0,0,0,0,0,6,,0,0,0,0,6,,0,0,0,0,6,,6,0,0,0,0,0,6,,0,0,0,0,6,,0,0,0,0,6,,0,0,0,0,6,,0,0,0,0,6,,0,0,0,0,6,,0,0,0,0,6,,0,0,0,0,6,,0,0,0,0,6,,0,0,0,0,6,,0,0,0,0,6,,0,0,0,0,6,,0,0,0,0,6,,0,0,0,0,6,,0,0,0,0,6,,0.3333333333333333,2.962962962,6,0.3333333333333333,2.962962962,6
5wMTJfxrt99o9hVk92TLZFHX9sJLoJqPxhDUcZ5pump,35,True,8,0,4,4,0,0,4,1.0,4,4,0,0,4,1.0,4,4,0,0,4,1.0,15,0,9,9,0,1,5,0.9,9,9,0,1,5,0.9,9,9,0,1,5,0.9,4,4,0,0,4,1.0,4,4,0,0,4,1.0,4,4,0,0,4,1.0,9,9,0,1,5,0.9,9,9,0,1,5,0.9,9,9,0,1,5,0.9,4,4,0,0,4,1.0,4,4,0,0,4,1.0,4,4,0,0,4,1.0,9,9,0,1,5,0.9,9,9,0,1,5,0.9,9,9,0,1,5,0.9,0.5,2.475247523,8,0.2666666666666666,2.475247523,15
CRqaqhwgoRw6ESJHrUU5Nkc2J98tW4hDhAMwKYkprkWe,36,True,30,0,0,0,0,10,20,0.0,0,0,0,10,20,0.0,0,0,0,10,20,0.0,30,0,0,0,0,10,20,0.0,0,0,0,10,20,0.0,0,0,0,10,20,0.0,6,0,6,4,20,0.6,6,0,6,4,20,0.6,6,0,6,4,20,0.6,6,0,6,4,20,0.6,6,0,6,4,20,0.6,6,0,6,4,20,0.6,0,0,0,10,20,0.0,0,0,0,10,20,0.0,0,0,0,10,20,0.0,0,0,0,10,20,0.0,0,0,0,10,20,0.0,0,0,0,10,20,0.0,0.15625,5.0,32,0.1388888888888889,5.0,36
7LVoo2Mzag97CgQmH12XZd2ioKbWJHQKzPsbZnRcEGGD,37,True,3,1,0,0,0,2,0,0.0,0,0,0,2,0,0.0,0,0,0,2,0,0.0,3,1,0,0,0,2,0,0.0,0,0,0,2,0,0.0,0,0,0,2,0,0.0,0,0,0,2,0,0.0,0,0,0,2,0,0.0,0,0,0,2,0,0.0,0,0,0,2,0,0.0,0,0,0,2,0,0.0,0,0,0,2,0,0.0,0,0,0,2,0,0.0,0,0,0,2,0,0.0,0,0,0,2,0,0.0,0,0,0,2,0,0.0,0,0,0,2,0,0.0,0,0,0,2,0,0.0,0.0,1.185185183,3,0.0,1.185185183,3
AVbnBc27GGNDHzBytJ53MpJueYRBVQqoV9TZzx2Dpump,38,True,3,0,0,0,0,2,1,0.0,0,0,0,2,1,0.0,0,0,0,2,1,0.0,3,0,0,0,0,2,1,0.0,0,0,0,2,1,0.0,0,0,0,2,1,0.0,0,0,0,2,1,0.0,0,0,0,2,1,0.0,0,0,0,2,1,0.0,0,0,0,2,1,0.0,0,0,0,2,1,0.0,0,0,0,2,1,0.0,0,0,0,2,1,0.0,0,0,0,2,1,0.0,0,0,0,2,1,0.0,0,0,0,2,1,0.0,0,0,0,2,1,0.0,0,0,0,2,1,0.0,0.6666666666666666,5.0,3,0.6666666666666666,5.0,3
45n7rv2CV3HrGbKfQzBWogWVfrDP3XaV6JktCLa7pump,39,True,17,0,2,2,0,6,9,0.25,2,2,0,6,9,0.25,2,2,0,6,9,0.25,30,0,2,2,0,11,17,0.15384615384615385,2,2,0,11,17,0.15384615384615385,2,2,0,11,17,0.15384615384615385,4,2,2,4,9,0.5,4,2,2,4,9,0.5,4,2,2,4,9,0.5,4,2,2,9,17,0.3076923076923077,4,2,2,9,17,0.3076923076923077,4,2,2,9,17,0.3076923076923077,2,2,0,6,9,0.25,2,2,0,6,9,0.25,2,2,0,6,9,0.25,2,2,0,11,17,0.15384615384615385,2,2,0,11,17,0.15384615384615385,2,2,0,11,17,0.15384615384615385,0.4117647058823529,5.0,17,0.125,5.0,56
5L1UFem8MwX3FeJG4mwmn4p4t5Rjw9AxwCgsvP8pump,40,True,6,0,0,0,0,0,6,,0,0,0,0,6,,0,0,0,0,6,,11,0,0,0,0,0,11,,0,0,0,0,11,,0,0,0,0,11,,0,0,0,0,6,,0,0,0,0,6,,0,0,0,0,6,,0,0,0,0,11,,0,0,0,0,11,,0,0,0,0,11,,0,0,0,0,6,,0,0,0,0,6,,0,0,0,0,6,,0,0,0,0,11,,0,0,0,0,11,,0,0,0,0,11,,0.8333333333333334,2.475247523,6,0.4545454545454545,2.475247523,11
EMotHU42fV1CdBai2V7MbiJMpVwBAhBM4Z8mnxurpump,41,True,3,1,0,0,0,2,0,0.0,0,0,0,2,0,0.0,0,0,0,2,0,0.0,3,1,0,0,0,2,0,0.0,0,0,0,2,0,0.0,0,0,0,2,0,0.0,0,0,0,2,0,0.0,0,0,0,2,0,0.0,0,0,0,2,0,0.0,0,0,0,2,0,0.0,0,0,0,2,0,0.0,0,0,0,2,0,0.0,0,0,0,2,0,0.0,0,0,0,2,0,0.0,0,0,0,2,0,0.0,0,0,0,2,0,0.0,0,0,0,2,0,0.0,0,0,0,2,0,0.0,0.0,4.987654321,3,0.0,4.987654321,3
3e1v4D5nGQoCq3n8xfnvacsJ4QTrWDST21GRXSRDpump,42,True,30,0,7,0,7,17,6,0.2916666666666667,0,0,0,1,29,,0,0,0,1,29,,30,0,7,0,7,17,6,0.2916666666666667,0,0,0,1,29,,0,0,0,1,29,,21,0,21,3,6,0.875,0,0,0,1,29,,0,0,0,1,29,,21,0,21,3,6,0.875,0,0,0,1,29,,0,0,0,1,29,,7,0,7,17,6,0.2916666666666667,0,0,0,1,29,,0,0,0,1,29,,7,0,7,17,6,0.2916666666666667,0,0,0,1,29,,0,0,0,1,29,,0.0,23.671124317,60,0.0,23.671124317,65
HrkKpjDdgMGCA16LsgkK2a4kQYznv8Sjx5LM5Ad3pump,43,True,30,0,0,0,0,7,23,0.0,0,0,0,7,23,0.0,0,0,0,7,23,0.0,30,0,0,0,0,7,23,0.0,0,0,0,7,23,0.0,0,0,0,7,23,0.0,2,0,2,5,23,0.2857142857142857,2,0,2,5,23,0.2857142857142857,2,0,2,5,23,0.2857142857142857,2,0,2,5,23,0.2857142857142857,2,0,2,5,23,0.2857142857142857,2,0,2,5,23,0.2857142857142857,0,0,0,7,23,0.0,0,0,0,7,23,0.0,0,0,0,7,23,0.0,0,0,0,7,23,0.0,0,0,0,7,23,0.0,0,0,0,7,23,0.0,0.0,1.46627566,33,0.0,1.46627566,51
3GzQ2gECXEih2y26AbzmHaZRqgSee1XoooSGxCMopump,44,True,3,1,0,0,0,0,2,,0,0,0,0,2,,0,0,0,0,2,,4,1,0,0,0,0,3,,0,0,0,0,3,,0,0,0,0,3,,0,0,0,0,2,,0,0,0,0,2,,0,0,0,0,2,,0,0,0,0,3,,0,0,0,0,3,,0,0,0,0,3,,0,0,0,0,2,,0,0,0,0,2,,0,0,0,0,2,,0,0,0,0,3,,0,0,0,0,3,,0,0,0,0,3,,0.0,0.400000001,3,0.0,0.400000001,4
B6qsxFPomMCLcufiFQJhdjEoEEVNt7w7FamoqSxLpump,45,True,3,1,0,0,0,1,1,,0,0,0,1,1,,0,0,0,1,1,,3,1,0,0,0,1,1,,0,0,0,1,1,,0,0,0,1,1,,0,0,0,1,1,,0,0,0,1,1,,0,0,0,1,1,,0,0,0,1,1,,0,0,0,1,1,,0,0,0,1,1,,0,0,0,1,1,,0,0,0,1,1,,0,0,0,1,1,,0,0,0,1,1,,0,0,0,1,1,,0,0,0,1,1,,0.0,0.098765431,3,0.0,0.098765431,3
9tZpegGf2BQtX7SDZcn72D6ieeYnELwhtCKHUDMmpump,46,True,5,0,0,0,0,0,5,,0,0,0,0,5,,0,0,0,0,5,,9,0,0,0,0,0,9,,0,0,0,0,9,,0,0,0,0,9,,0,0,0,0,5,,0,0,0,0,5,,0,0,0,0,5,,0,0,0,0,9,,0,0,0,0,9,,0,0,0,0,9,,0,0,0,0,5,,0,0,0,0,5,,0,0,0,0,5,,0,0,0,0,9,,0,0,0,0,9,,0,0,0,0,9,,0.8,2.962962962,5,0.4444444444444444,2.962962962,9
K1Y3LkJSvJ1kxLZ8raeuHF5PPz7bNFTjwgKxj3rpump,47,True,9,0,0,0,0,0,9,,0,0,0,0,9,,0,0,0,0,9,,19,0,0,0,0,2,17,0.0,0,0,0,2,17,0.0,0,0,0,2,17,0.0,0,0,0,0,9,,0,0,0,0,9,,0,0,0,0,9,,0,0,0,2,17,0.0,0,0,0,2,17,0.0,0,0,0,2,17,0.0,0,0,0,0,9,,0,0,0,0,9,,0,0,0,0,9,,0,0,0,2,17,0.0,0,0,0,2,17,0.0,0,0,0,2,17,0.0,0.3333333333333333,3.0,9,0.1578947368421052,3.0,19
DLgbfUAUwG4KYRnVQUhCSt5ii2nhWbFHm3PLzkKUpump,48,True,30,0,0,0,0,16,14,0.0,0,0,0,5,25,0.0,0,0,0,5,25,0.0,30,0,0,0,0,16,14,0.0,0,0,0,5,25,0.0,0,0,0,5,25,0.0,0,0,0,16,14,0.0,0,0,0,5,25,0.0,0,0,0,5,25,0.0,0,0,0,16,14,0.0,0,0,0,5,25,0.0,0,0,0,5,25,0.0,0,0,0,16,14,0.0,0,0,0,5,25,0.0,0,0,0,5,25,0.0,0,0,0,16,14,0.0,0,0,0,5,25,0.0,0,0,0,5,25,0.0,0.1111111111111111,0.01,36,0.054054054054054,0.01,74
E2oecxpiXHyoYYs6hsFt1D2MaZ9VMs8AzHV9HKrzpump,49,True,26,0,0,0,0,6,20,0.0,0,0,0,6,20,0.0,0,0,0,6,20,0.0,30,0,0,0,0,8,22,0.0,0,0,0,8,22,0.0,0,0,0,8,22,0.0,1,1,0,5,20,0.16666666666666666,1,1,0,5,20,0.16666666666666666,1,1,0,5,20,0.16666666666666666,1,1,0,7,22,0.125,1,1,0,7,22,0.125,1,1,0,7,22,0.125,0,0,0,6,20,0.0,0,0,0,6,20,0.0,0,0,0,6,20,0.0,0,0,0,8,22,0.0,0,0,0,8,22,0.0,0,0,0,8,22,0.0,0.2692307692307692,5.0,26,0.0693069306930693,5.0,101
Fa8C2BWGcas83W7Svus1sr2Yycnq1qKV8VuNSZFSpump,50,True,3,1,0,0,0,0,2,,0,0,0,0,2,,0,0,0,0,2,,3,1,0,0,0,0,2,,0,0,0,0,2,,0,0,0,0,2,,0,0,0,0,2,,0,0,0,0,2,,0,0,0,0,2,,0,0,0,0,2,,0,0,0,0,2,,0,0,0,0,2,,0,0,0,0,2,,0,0,0,0,2,,0,0,0,0,2,,0,0,0,0,2,,0,0,0,0,2,,0,0,0,0,2,,0.0,0.050000001,3,0.0,0.050000001,3
6ZRoZsA8QSPbJYWcXkTjqbKaENc1ch9jocZ9ModLpump,51,True,13,0,0,0,0,1,12,,0,0,0,1,12,,0,0,0,1,12,,27,1,0,0,0,2,24,0.0,0,0,0,2,24,0.0,0,0,0,2,24,0.0,0,0,0,1,12,,0,0,0,1,12,,0,0,0,1,12,,0,0,0,2,24,0.0,0,0,0,2,24,0.0,0,0,0,2,24,0.0,0,0,0,1,12,,0,0,0,1,12,,0,0,0,1,12,,0,0,0,2,24,0.0,0,0,0,2,24,0.0,0,0,0,2,24,0.0,0.3076923076923077,3.0,13,0.1481481481481481,3.0,27
12EzWwcKQfWznbrsF3MEBgtX76UyMmucAqA7rtYppump,52,True,4,0,3,0,3,0,1,1.0,3,0,3,0,1,1.0,3,0,3,0,1,1.0,4,0,3,0,3,0,1,1.0,3,0,3,0,1,1.0,3,0,3,0,1,1.0,3,0,3,0,1,1.0,3,0,3,0,1,1.0,3,0,3,0,1,1.0,3,0,3,0,1,1.0,3,0,3,0,1,1.0,3,0,3,0,1,1.0,3,0,3,0,1,1.0,3,0,3,0,1,1.0,3,0,3,0,1,1.0,3,0,3,0,1,1.0,3,0,3,0,1,1.0,3,0,3,0,1,1.0,0.25,1.906172839,4,0.25,2.545679006999999,4
9PTPkcZE41qez15u8KPnAA3H4nTbRojrcQmexmEtpump,53,True,3,1,0,0,0,1,1,,0,0,0,1,1,,0,0,0,1,1,,3,1,0,0,0,1,1,,0,0,0,1,1,,0,0,0,1,1,,0,0,0,1,1,,0,0,0,1,1,,0,0,0,1,1,,0,0,0,1,1,,0,0,0,1,1,,0,0,0,1,1,,0,0,0,1,1,,0,0,0,1,1,,0,0,0,1,1,,0,0,0,1,1,,0,0,0,1,1,,0,0,0,1,1,,0.0,0.460000001,3,0.0,0.460000001,3
EDhtKeRkpPdXHNdDxFQQjU85Hmhpj3kPY595XQAGpump,54,True,3,1,0,0,0,1,1,,0,0,0,1,1,,0,0,0,1,1,,3,1,0,0,0,1,1,,0,0,0,1,1,,0,0,0,1,1,,0,0,0,1,1,,0,0,0,1,1,,0,0,0,1,1,,0,0,0,1,1,,0,0,0,1,1,,0,0,0,1,1,,0,0,0,1,1,,0,0,0,1,1,,0,0,0,1,1,,0,0,0,1,1,,0,0,0,1,1,,0,0,0,1,1,,0.0,2.000000001,3,0.0,2.000000001,3
DAviwykGQYFNFxSh7Gg6nE6o4joq8bAuiFZZMzwvpump,55,True,10,0,3,0,3,3,4,0.5,3,0,3,3,4,0.5,3,0,3,3,4,0.5,12,0,3,0,3,4,5,0.42857142857142855,3,0,3,4,5,0.42857142857142855,3,0,3,4,5,0.42857142857142855,3,0,3,3,4,0.5,3,0,3,3,4,0.5,3,0,3,3,4,0.5,3,0,3,4,5,0.42857142857142855,3,0,3,4,5,0.42857142857142855,3,0,3,4,5,0.42857142857142855,3,0,3,3,4,0.5,3,0,3,3,4,0.5,3,0,3,3,4,0.5,3,0,3,4,5,0.42857142857142855,3,0,3,4,5,0.42857142857142855,3,0,3,4,5,0.42857142857142855,0.1,3.084444443,10,0.0833333333333333,3.084444443,12
21sxTVXPgN2HbAxMGGTGmDbju69i4SYH9faUtjgepump,56,True,6,0,2,0,2,2,2,0.5,2,0,2,2,2,0.5,2,0,2,2,2,0.5,11,0,2,0,2,5,4,0.2857142857142857,2,0,2,5,4,0.2857142857142857,2,0,2,5,4,0.2857142857142857,3,1,2,1,2,0.75,3,1,2,1,2,0.75,3,1,2,1,2,0.75,5,3,5,2,4,0.7142857142857143,5,3,5,2,4,0.7142857142857143,5,3,5,2,4,0.7142857142857143,2,0,2,2,2,0.5,2,0,2,2,2,0.5,2,0,2,2,2,0.5,2,0,2,5,4,0.2857142857142857,2,0,2,5,4,0.2857142857142857,2,0,2,5,4,0.2857142857142857,0.1666666666666666,0.98765432,6,0.0909090909090909,0.98765432,11
5CsXZdKGyv7ceinHV6YNEMmvwd8Dbtge3TdiiYC3pump,57,True,9,0,0,0,0,5,4,0.0,0,0,0,5,4,0.0,0,0,0,5,4,0.0,20,0,0,0,0,7,13,0.0,0,0,0,7,13,0.0,0,0,0,7,13,0.0,0,0,0,5,4,0.0,0,0,0,5,4,0.0,0,0,0,5,4,0.0,0,0,0,7,13,0.0,0,0,0,7,13,0.0,0,0,0,7,13,0.0,0,0,0,5,4,0.0,0,0,0,5,4,0.0,0,0,0,5,4,0.0,0,0,0,7,13,0.0,0,0,0,7,13,0.0,0,0,0,7,13,0.0,1.0,2.0,9,0.45,2.0,20
BL2d782DtzociFLbs1pHUjxEJgXNJQCZhPbTUp2wJrZz,58,True,8,0,0,0,0,0,8,,0,0,0,0,8,,0,0,0,0,8,,17,0,0,0,0,2,15,0.0,0,0,0,2,15,0.0,0,0,0,2,15,0.0,0,0,0,0,8,,0,0,0,0,8,,0,0,0,0,8,,0,0,0,2,15,0.0,0,0,0,2,15,0.0,0,0,0,2,15,0.0,0,0,0,0,8,,0,0,0,0,8,,0,0,0,0,8,,0,0,0,2,15,0.0,0,0,0,2,15,0.0,0,0,0,2,15,0.0,0.5,3.5,8,0.2352941176470588,3.5,17
CpeVm7T7GwTcM7XVuHLkoo4BDn9q1EE9WgdGhHCo5wqv,59,True,13,0,0,0,0,3,10,0.0,0,0,0,3,10,0.0,0,0,0,3,10,0.0,13,0,0,0,0,3,10,0.0,0,0,0,3,10,0.0,0,0,0,3,10,0.0,0,0,0,3,10,0.0,0,0,0,3,10,0.0,0,0,0,3,10,0.0,0,0,0,3,10,0.0,0,0,0,3,10,0.0,0,0,0,3,10,0.0,0,0,0,3,10,0.0,0,0,0,3,10,0.0,0,0,0,3,10,0.0,0,0,0,3,10,0.0,0,0,0,3,10,0.0,0,0,0,3,10,0.0,0.0,0.0,13,0.0,0.0,13
AcoMzoKZ7bkzvZbuwyvUmj4yxZPfnZuEasw9a635pump,60,True,10,0,1,1,0,2,7,0.3333333333333333,1,1,0,2,7,0.3333333333333333,1,1,0,2,7,0.3333333333333333,30,0,3,1,2,7,20,0.3,3,1,2,7,20,0.3,3,1,2,7,20,0.3,1,1,0,2,7,0.3333333333333333,1,1,0,2,7,0.3333333333333333,1,1,0,2,7,0.3333333333333333,8,1,7,2,20,0.8,8,1,7,2,20,0.8,8,1,7,2,20,0.8,1,1,0,2,7,0.3333333333333333,1,1,0,2,7,0.3333333333333333,1,1,0,2,7,0.3333333333333333,3,1,2,7,20,0.3,3,1,2,7,20,0.3,3,1,2,7,20,0.3,0.6,3.0,10,0.1034482758620689,3.0,58
5R4yqm1cjURywFvKHgmN9qwLUpNLLPmDz1niYjHDpump,61,True,30,0,0,0,0,5,25,0.0,0,0,0,5,25,0.0,0,0,0,5,25,0.0,30,0,0,0,0,5,25,0.0,0,0,0,5,25,0.0,0,0,0,5,25,0.0,2,0,2,3,25,0.4,2,0,2,3,25,0.4,2,0,2,3,25,0.4,2,0,2,3,25,0.4,2,0,2,3,25,0.4,2,0,2,3,25,0.4,0,0,0,5,25,0.0,0,0,0,5,25,0.0,0,0,0,5,25,0.0,0,0,0,5,25,0.0,0,0,0,5,25,0.0,0,0,0,5,25,0.0,0.0425531914893617,4.938271604,47,0.024390243902439,4.938271604,82
BmohvRu8r85AQd86LhoJXZEnKXb77TT5FhyhU3tZpump,62,True,4,1,0,0,0,1,2,,0,0,0,1,2,,0,0,0,1,2,,7,1,0,0,0,4,2,0.0,0,0,0,4,2,0.0,0,0,0,4,2,0.0,0,0,0,1,2,,0,0,0,1,2,,0,0,0,1,2,,0,0,0,4,2,0.0,0,0,0,4,2,0.0,0,0,0,4,2,0.0,0,0,0,1,2,,0,0,0,1,2,,0,0,0,1,2,,0,0,0,4,2,0.0,0,0,0,4,2,0.0,0,0,0,4,2,0.0,0.0,0.107395768,4,0.0,0.134031802,7
JDEwT5qE7M329BdJJC6aU42NKBk5E2n8sXh3tTTRpump,63,True,4,0,0,0,0,1,3,,0,0,0,1,3,,0,0,0,1,3,,4,0,0,0,0,1,3,,0,0,0,1,3,,0,0,0,1,3,,0,0,0,1,3,,0,0,0,1,3,,0,0,0,1,3,,0,0,0,1,3,,0,0,0,1,3,,0,0,0,1,3,,0,0,0,1,3,,0,0,0,1,3,,0,0,0,1,3,,0,0,0,1,3,,0,0,0,1,3,,0,0,0,1,3,,0.5,0.980000001,4,0.5,0.980000001,4
FCEbAWvJS3MDL14sYU7uDA8K1z7w1mqtnNwWwyLfpump,64,True,3,1,0,0,0,1,1,,0,0,0,1,1,,0,0,0,1,1,,7,1,0,0,0,4,2,0.0,0,0,0,4,2,0.0,0,0,0,4,2,0.0,0,0,0,1,1,,0,0,0,1,1,,0,0,0,1,1,,0,0,0,4,2,0.0,0,0,0,4,2,0.0,0,0,0,4,2,0.0,0,0,0,1,1,,0,0,0,1,1,,0,0,0,1,1,,0,0,0,4,2,0.0,0,0,0,4,2,0.0,0,0,0,4,2,0.0,0.0,0.059259258,3,0.0,0.059259258,7
EJuHjrF5uEs4L8f7GyrCiVq6zKBrAmHx5YtJBcuapump,65,True,10,0,2,2,0,1,7,0.6666666666666666,2,2,0,1,7,0.6666666666666666,2,2,0,1,7,0.6666666666666666,16,0,2,2,0,1,13,0.6666666666666666,2,2,0,1,13,0.6666666666666666,2,2,0,1,13,0.6666666666666666,2,2,0,1,7,0.6666666666666666,2,2,0,1,7,0.6666666666666666,2,2,0,1,7,0.6666666666666666,2,2,0,1,13,0.6666666666666666,2,2,0,1,13,0.6666666666666666,2,2,0,1,13,0.6666666666666666,2,2,0,1,7,0.6666666666666666,2,2,0,1,7,0.6666666666666666,2,2,0,1,7,0.6666666666666666,2,2,0,1,13,0.6666666666666666,2,2,0,1,13,0.6666666666666666,2,2,0,1,13,0.6666666666666666,0.8,3.0,10,0.5,3.0,16
7qCSYR49tyX6p9YzN1iA7sqP7ZM4hrws2fYnCQVApump,66,True,4,1,0,0,0,0,3,,0,0,0,0,3,,0,0,0,0,3,,4,1,0,0,0,0,3,,0,0,0,0,3,,0,0,0,0,3,,0,0,0,0,3,,0,0,0,0,3,,0,0,0,0,3,,0,0,0,0,3,,0,0,0,0,3,,0,0,0,0,3,,0,0,0,0,3,,0,0,0,0,3,,0,0,0,0,3,,0,0,0,0,3,,0,0,0,0,3,,0,0,0,0,3,,0.0,3.000468822,4,0.0,3.000468822,4
4FJ3Cu1UL4a51qa32rpp8A2QAzbeKKakvaLhTpSopump,67,True,3,1,0,0,0,1,1,,0,0,0,1,1,,0,0,0,1,1,,6,1,0,0,0,3,2,0.0,0,0,0,3,2,0.0,0,0,0,3,2,0.0,0,0,0,1,1,,0,0,0,1,1,,0,0,0,1,1,,0,0,0,3,2,0.0,0,0,0,3,2,0.0,0,0,0,3,2,0.0,0,0,0,1,1,,0,0,0,1,1,,0,0,0,1,1,,0,0,0,3,2,0.0,0,0,0,3,2,0.0,0,0,0,3,2,0.0,0.0,15.0,3,0.0,15.0,6
DXtUFVQedBHBx38rdgb5Gh5SWMSPx1Y7k7emcoWppump,68,True,3,1,0,0,0,2,0,0.0,0,0,0,2,0,0.0,0,0,0,2,0,0.0,3,1,0,0,0,2,0,0.0,0,0,0,2,0,0.0,0,0,0,2,0,0.0,0,0,0,2,0,0.0,0,0,0,2,0,0.0,0,0,0,2,0,0.0,0,0,0,2,0,0.0,0,0,0,2,0,0.0,0,0,0,2,0,0.0,0,0,0,2,0,0.0,0,0,0,2,0,0.0,0,0,0,2,0,0.0,0,0,0,2,0,0.0,0,0,0,2,0,0.0,0,0,0,2,0,0.0,0.0,0.977777776,3,0.0,0.977777776,3
DHCnhqEHgbwNuu4qCmEQj3DEZwWTDMw2G5T77NuB14vU,69,True,3,0,0,0,0,0,3,,0,0,0,0,3,,0,0,0,0,3,,3,0,0,0,0,0,3,,0,0,0,0,3,,0,0,0,0,3,,0,0,0,0,3,,0,0,0,0,3,,0,0,0,0,3,,0,0,0,0,3,,0,0,0,0,3,,0,0,0,0,3,,0,0,0,0,3,,0,0,0,0,3,,0,0,0,0,3,,0,0,0,0,3,,0,0,0,0,3,,0,0,0,0,3,,0.0,4.938271604,3,0.0,4.938271604,3
GGk1N9QwDhshujYmq1nTqy4JBJwVQrSEc3FtDqJpump,70,True,30,0,3,0,3,3,24,0.5,3,0,3,3,24,0.5,3,0,3,3,24,0.5,30,0,3,0,3,3,24,0.5,3,0,3,3,24,0.5,3,0,3,3,24,0.5,3,0,3,3,24,0.5,3,0,3,3,24,0.5,3,0,3,3,24,0.5,3,0,3,3,24,0.5,3,0,3,3,24,0.5,3,0,3,3,24,0.5,3,0,3,3,24,0.5,3,0,3,3,24,0.5,3,0,3,3,24,0.5,3,0,3,3,24,0.5,3,0,3,3,24,0.5,3,0,3,3,24,0.5,0.2285714285714285,0.098765431,35,0.1379310344827586,0.098765431,58
FrSoWSvJnbeA6Yt9whLe9q68P36bm4n1D3bwtKTapump,71,True,7,0,0,0,0,5,2,0.0,0,0,0,5,2,0.0,0,0,0,5,2,0.0,30,0,0,0,0,7,23,0.0,0,0,0,7,23,0.0,0,0,0,7,23,0.0,0,0,0,5,2,0.0,0,0,0,5,2,0.0,0,0,0,5,2,0.0,0,0,0,7,23,0.0,0,0,0,7,23,0.0,0,0,0,7,23,0.0,0,0,0,5,2,0.0,0,0,0,5,2,0.0,0,0,0,5,2,0.0,0,0,0,7,23,0.0,0,0,0,7,23,0.0,0,0,0,7,23,0.0,0.7142857142857143,1.481481479,7,0.0961538461538461,1.481481479,52
6jkbnUK3N4HoJAQMhyJPtpRhGrmwM8WDYGo5pu2Rpump,72,True,20,0,3,0,3,3,14,0.5,3,0,3,3,14,0.5,3,0,3,3,14,0.5,30,0,3,0,3,7,20,0.3,3,0,3,7,20,0.3,3,0,3,7,20,0.3,3,0,3,3,14,0.5,3,0,3,3,14,0.5,3,0,3,3,14,0.5,3,0,3,7,20,0.3,3,0,3,7,20,0.3,3,0,3,7,20,0.3,3,0,3,3,14,0.5,3,0,3,3,14,0.5,3,0,3,3,14,0.5,3,0,3,7,20,0.3,3,0,3,7,20,0.3,3,0,3,7,20,0.3,0.35,5.0,20,0.1666666666666666,5.0,42
Ayd8t51sNCqM6vS2P7B2retaSNeirWDJgoTWRkyYpump,73,True,3,0,0,0,0,0,3,,0,0,0,0,3,,0,0,0,0,3,,3,0,0,0,0,0,3,,0,0,0,0,3,,0,0,0,0,3,,0,0,0,0,3,,0,0,0,0,3,,0,0,0,0,3,,0,0,0,0,3,,0,0,0,0,3,,0,0,0,0,3,,0,0,0,0,3,,0,0,0,0,3,,0,0,0,0,3,,0,0,0,0,3,,0,0,0,0,3,,0,0,0,0,3,,0.6666666666666666,3.0,3,0.6666666666666666,3.0,3
4a3BVCmiwAbWNzk4zcwpqUPENa4YuC62kBzsvttRpump,74,True,3,1,0,0,0,1,1,,0,0,0,1,1,,0,0,0,1,1,,7,1,0,0,0,3,3,0.0,0,0,0,3,3,0.0,0,0,0,3,3,0.0,0,0,0,1,1,,0,0,0,1,1,,0,0,0,1,1,,0,0,0,3,3,0.0,0,0,0,3,3,0.0,0,0,0,3,3,0.0,0,0,0,1,1,,0,0,0,1,1,,0,0,0,1,1,,0,0,0,3,3,0.0,0,0,0,3,3,0.0,0,0,0,3,3,0.0,0.0,2.962962962,3,0.0,3.256296293000001,7
8h2pvfNzW4kRYk3Cf6dtovevHPb3oxZcT1TYpzpZpump,75,True,5,0,0,0,0,3,2,0.0,0,0,0,1,4,,0,0,0,1,4,,5,0,0,0,0,3,2,0.0,0,0,0,1,4,,0,0,0,1,4,,0,0,0,3,2,0.0,0,0,0,1,4,,0,0,0,1,4,,0,0,0,3,2,0.0,0,0,0,1,4,,0,0,0,1,4,,0,0,0,3,2,0.0,0,0,0,1,4,,0,0,0,1,4,,0,0,0,3,2,0.0,0,0,0,1,4,,0,0,0,1,4,,1.0,2.8,5,1.0,2.8,5
8Xj2bskzhtPNm8faz2ZUg9wSgW5Y8gscgfpFUCJopump,76,True,23,0,0,0,0,2,21,0.0,0,0,0,2,21,0.0,0,0,0,2,21,0.0,30,0,0,0,0,2,28,0.0,0,0,0,2,28,0.0,0,0,0,2,28,0.0,0,0,0,2,21,0.0,0,0,0,2,21,0.0,0,0,0,2,21,0.0,0,0,0,2,28,0.0,0,0,0,2,28,0.0,0,0,0,2,28,0.0,0,0,0,2,21,0.0,0,0,0,2,21,0.0,0,0,0,2,21,0.0,0,0,0,2,28,0.0,0,0,0,2,28,0.0,0,0,0,2,28,0.0,0.0869565217391304,1.679012343,23,0.0344827586206896,1.679012343,58
HAJAeRURXJrniiEcsVU3Y7VBXi7zxB5k5AiYyNpqpump,77,True,21,0,0,0,0,0,21,,0,0,0,0,21,,0,0,0,0,21,,21,0,0,0,0,0,21,,0,0,0,0,21,,0,0,0,0,21,,0,0,0,0,21,,0,0,0,0,21,,0,0,0,0,21,,0,0,0,0,21,,0,0,0,0,21,,0,0,0,0,21,,0,0,0,0,21,,0,0,0,0,21,,0,0,0,0,21,,0,0,0,0,21,,0,0,0,0,21,,0,0,0,0,21,,0.0476190476190476,0.493827159,21,0.0476190476190476,0.493827159,21
Cx2XJn7Br9EmWqhYjavmusHvtQotNWg4Sb1Fjgihpump,78,True,15,0,0,0,0,10,5,0.0,0,0,0,10,5,0.0,0,0,0,10,5,0.0,18,0,0,0,0,12,6,0.0,0,0,0,12,6,0.0,0,0,0,12,6,0.0,2,0,2,8,5,0.2,2,0,2,8,5,0.2,2,0,2,8,5,0.2,4,0,4,8,6,0.3333333333333333,4,0,4,8,6,0.3333333333333333,4,0,4,8,6,0.3333333333333333,0,0,0,10,5,0.0,0,0,0,10,5,0.0,0,0,0,10,5,0.0,0,0,0,12,6,0.0,0,0,0,12,6,0.0,0,0,0,12,6,0.0,0.4,1.000000001,15,0.3333333333333333,1.000000001,18
Fit5gCegUgNfgtSTUheRT2tjtb6ZBLKFkqx1Fxrcpump,79,True,8,0,6,6,0,0,2,1.0,6,6,0,0,2,1.0,6,6,0,0,2,1.0,14,0,6,6,0,3,5,0.6666666666666666,6,6,0,3,5,0.6666666666666666,6,6,0,3,5,0.6666666666666666,6,6,0,0,2,1.0,6,6,0,0,2,1.0,6,6,0,0,2,1.0,7,7,0,2,5,0.7777777777777778,7,7,0,2,5,0.7777777777777778,7,7,0,2,5,0.7777777777777778,6,6,0,0,2,1.0,6,6,0,0,2,1.0,6,6,0,0,2,1.0,6,6,0,3,5,0.6666666666666666,6,6,0,3,5,0.6666666666666666,6,6,0,3,5,0.6666666666666666,0.25,0.98765432,8,0.1428571428571428,0.98765432,14
BEQgAzD4eytnmP12nRSV5sgvTAJ3ArnRkJ7EJ1MWjWFV,80,True,6,0,0,0,0,1,5,,0,0,0,1,5,,0,0,0,1,5,,16,0,0,0,0,3,13,0.0,0,0,0,3,13,0.0,0,0,0,3,13,0.0,0,0,0,1,5,,0,0,0,1,5,,0,0,0,1,5,,0,0,0,3,13,0.0,0,0,0,3,13,0.0,0,0,0,3,13,0.0,0,0,0,1,5,,0,0,0,1,5,,0,0,0,1,5,,0,0,0,3,13,0.0,0,0,0,3,13,0.0,0,0,0,3,13,0.0,0.0,4.0,6,0.0,4.0,16
8Z3b2a3umh8cY5Rm3UbzWfpDP1YkD3HixNbe21aipump,81,True,30,0,19,0,19,5,6,0.7916666666666666,0,0,0,1,29,,0,0,0,1,29,,30,0,19,0,19,5,6,0.7916666666666666,0,0,0,1,29,,0,0,0,1,29,,23,0,23,1,6,0.9583333333333334,0,0,0,1,29,,0,0,0,1,29,,23,0,23,1,6,0.9583333333333334,0,0,0,1,29,,0,0,0,1,29,,19,0,19,5,6,0.7916666666666666,0,0,0,1,29,,0,0,0,1,29,,19,0,19,5,6,0.7916666666666666,0,0,0,1,29,,0,0,0,1,29,,0.0,23.672098764,71,0.0,23.672098764,73
Go1mDoxih7ByGT2KvFpEtBUAb2DDfGK91aYxqW7spump,82,True,3,0,0,0,0,1,2,,0,0,0,1,2,,0,0,0,1,2,,4,0,0,0,0,1,3,,0,0,0,1,3,,0,0,0,1,3,,0,0,0,1,2,,0,0,0,1,2,,0,0,0,1,2,,0,0,0,1,3,,0,0,0,1,3,,0,0,0,1,3,,0,0,0,1,2,,0,0,0,1,2,,0,0,0,1,2,,0,0,0,1,3,,0,0,0,1,3,,0,0,0,1,3,,1.0,2.962962962,3,0.75,2.962962962,4
21JH5EuJhzjVNaopHsAZZWfw7W7NUeM4euae4bjspump,83,True,5,1,0,0,0,3,1,0.0,0,0,0,3,1,0.0,0,0,0,3,1,0.0,9,1,0,0,0,7,1,0.0,0,0,0,7,1,0.0,0,0,0,7,1,0.0,0,0,0,3,1,0.0,0,0,0,3,1,0.0,0,0,0,3,1,0.0,4,0,4,3,1,0.5714285714285714,4,0,4,3,1,0.5714285714285714,4,0,4,3,1,0.5714285714285714,0,0,0,3,1,0.0,0,0,0,3,1,0.0,0,0,0,3,1,0.0,0,0,0,7,1,0.0,0,0,0,7,1,0.0,0,0,0,7,1,0.0,0.0,0.09875,5,0.0,0.09875,9
2YTPvckyxQmzUTvSGGa7PcXbekqoJm2Tuty8yY4upump,84,True,30,0,4,4,0,4,22,0.5,4,4,0,4,22,0.5,4,4,0,4,22,0.5,30,0,4,4,0,4,22,0.5,4,4,0,4,22,0.5,4,4,0,4,22,0.5,4,4,0,4,22,0.5,4,4,0,4,22,0.5,4,4,0,4,22,0.5,4,4,0,4,22,0.5,4,4,0,4,22,0.5,4,4,0,4,22,0.5,4,4,0,4,22,0.5,4,4,0,4,22,0.5,4,4,0,4,22,0.5,4,4,0,4,22,0.5,4,4,0,4,22,0.5,4,4,0,4,22,0.5,0.0930232558139534,0.940500001,43,0.0754716981132075,0.940500001,53
HAkZgUjzbzLc4Jd6vcDYwb2JnUwMhAL5FTgVmWH1pump,85,True,4,1,0,0,0,0,3,,0,0,0,0,3,,0,0,0,0,3,,5,1,0,0,0,1,3,,0,0,0,1,3,,0,0,0,1,3,,0,0,0,0,3,,0,0,0,0,3,,0,0,0,0,3,,0,0,0,1,3,,0,0,0,1,3,,0,0,0,1,3,,0,0,0,0,3,,0,0,0,0,3,,0,0,0,0,3,,0,0,0,1,3,,0,0,0,1,3,,0,0,0,1,3,,0.0,0.077876543,4,0.0,0.087753085,5
9US4rJXNXkKisR4fdLDGHZ8tWvWdtpSoRwQNyk55pump,86,True,3,0,0,0,0,1,2,,0,0,0,1,2,,0,0,0,0,3,,3,0,0,0,0,1,2,,0,0,0,1,2,,0,0,0,0,3,,0,0,0,1,2,,0,0,0,1,2,,0,0,0,0,3,,0,0,0,1,2,,0,0,0,1,2,,0,0,0,0,3,,0,0,0,1,2,,0,0,0,1,2,,0,0,0,0,3,,0,0,0,1,2,,0,0,0,1,2,,0,0,0,0,3,,0.3333333333333333,0.385185184,3,0.3333333333333333,0.385185184,3
CVRLJkLmzz8YaK1mKYrDuU4BLthKiM9NX73RAnoKpump,87,True,4,0,3,3,0,0,1,1.0,3,3,0,0,1,1.0,3,3,0,0,1,1.0,5,0,3,3,0,0,2,1.0,3,3,0,0,2,1.0,3,3,0,0,2,1.0,3,3,3,0,1,1.0,3,3,3,0,1,1.0,3,3,3,0,1,1.0,3,3,3,0,2,1.0,3,3,3,0,2,1.0,3,3,3,0,2,1.0,3,3,0,0,1,1.0,3,3,0,0,1,1.0,3,3,0,0,1,1.0,3,3,0,0,2,1.0,3,3,0,0,2,1.0,3,3,0,0,2,1.0,1.0,4.0,4,0.8,4.0,5
83mRwycNAmJLrBVg6mKQtcCTbuBM8qYigud6yoHApump,88,True,3,1,0,0,0,1,1,,0,0,0,1,1,,0,0,0,1,1,,3,1,0,0,0,1,1,,0,0,0,1,1,,0,0,0,1,1,,0,0,0,1,1,,0,0,0,1,1,,0,0,0,1,1,,0,0,0,1,1,,0,0,0,1,1,,0,0,0,1,1,,0,0,0,1,1,,0,0,0,1,1,,0,0,0,1,1,,0,0,0,1,1,,0,0,0,1,1,,0,0,0,1,1,,0.0,0.3,3,0.0,0.3,3
3mof6yNuUaL54h2vnQ5jcFzn4JfijuqFGgfGwz8ypump,89,True,3,1,0,0,0,1,1,,0,0,0,1,1,,0,0,0,1,1,,3,1,0,0,0,1,1,,0,0,0,1,1,,0,0,0,1,1,,0,0,0,1,1,,0,0,0,1,1,,0,0,0,1,1,,0,0,0,1,1,,0,0,0,1,1,,0,0,0,1,1,,0,0,0,1,1,,0,0,0,1,1,,0,0,0,1,1,,0,0,0,1,1,,0,0,0,1,1,,0,0,0,1,1,,0.0,0.059259258,3,0.0,0.059259258,3
9HCpTZJjGPhh3vkoyPQVDcmLLEAxQms7zYvvbiGNpump,90,True,9,0,0,0,0,2,7,0.0,0,0,0,2,7,0.0,0,0,0,2,7,0.0,12,0,0,0,0,2,10,0.0,0,0,0,2,10,0.0,0,0,0,2,10,0.0,0,0,0,2,7,0.0,0,0,0,2,7,0.0,0,0,0,2,7,0.0,0,0,0,2,10,0.0,0,0,0,2,10,0.0,0,0,0,2,10,0.0,0,0,0,2,7,0.0,0,0,0,2,7,0.0,0,0,0,2,7,0.0,0,0,0,2,10,0.0,0,0,0,2,10,0.0,0,0,0,2,10,0.0,0.5555555555555556,4.938271604,9,0.4166666666666667,4.938271604,12
6HpxZvHk3RVLrzqPpdXBaFt6VeQHwKJyQcmGtQGYpump,91,True,3,1,0,0,0,0,2,,0,0,0,0,2,,0,0,0,0,2,,4,1,0,0,0,1,2,,0,0,0,1,2,,0,0,0,1,2,,0,0,0,0,2,,0,0,0,0,2,,0,0,0,0,2,,0,0,0,1,2,,0,0,0,1,2,,0,0,0,1,2,,0,0,0,0,2,,0,0,0,0,2,,0,0,0,0,2,,0,0,0,1,2,,0,0,0,1,2,,0,0,0,1,2,,0.0,11.631885252,3,0.0,11.631885252,4
wnuSezMsjqC85Mw3EBUn7T2iJF43imZnsgcNRGBZ7qR,92,True,3,0,2,2,2,0,1,1.0,2,2,2,0,1,1.0,2,2,2,0,1,1.0,3,0,2,2,2,0,1,1.0,2,2,2,0,1,1.0,2,2,2,0,1,1.0,2,2,2,0,1,1.0,2,2,2,0,1,1.0,2,2,2,0,1,1.0,2,2,2,0,1,1.0,2,2,2,0,1,1.0,2,2,2,0,1,1.0,2,2,2,0,1,1.0,2,2,2,0,1,1.0,2,2,2,0,1,1.0,2,2,2,0,1,1.0,2,2,2,0,1,1.0,2,2,2,0,1,1.0,0.0,4.938271604,3,0.0,4.938271604,3
4EL7nmuUrAJJmV6pKUWskYQTH3hsmdJQnUCP238Vpump,93,True,30,0,0,0,0,4,26,0.0,0,0,0,4,26,0.0,0,0,0,4,26,0.0,30,0,0,0,0,4,26,0.0,0,0,0,4,26,0.0,0,0,0,4,26,0.0,0,0,0,4,26,0.0,0,0,0,4,26,0.0,0,0,0,4,26,0.0,0,0,0,4,26,0.0,0,0,0,4,26,0.0,0,0,0,4,26,0.0,0,0,0,4,26,0.0,0,0,0,4,26,0.0,0,0,0,4,26,0.0,0,0,0,4,26,0.0,0,0,0,4,26,0.0,0,0,0,4,26,0.0,0.05,29.629629628,60,0.01875,29.629629628,160
Bg6LRBKpUxs1kUL2iEh6HHQ51uyDCM8yKZjfMPH9pump,94,True,4,0,0,0,0,0,4,,0,0,0,0,4,,0,0,0,0,4,,4,0,0,0,0,0,4,,0,0,0,0,4,,0,0,0,0,4,,0,0,0,0,4,,0,0,0,0,4,,0,0,0,0,4,,0,0,0,0,4,,0,0,0,0,4,,0,0,0,0,4,,0,0,0,0,4,,0,0,0,0,4,,0,0,0,0,4,,0,0,0,0,4,,0,0,0,0,4,,0,0,0,0,4,,0.0,0.98765432,4,0.0,0.98765432,4
7FnMVDzLu24d7ED1pQVk6iUaVV49oi8Jsa5ErBdQpump,95,True,5,0,0,0,0,0,5,,0,0,0,0,5,,0,0,0,0,5,,5,0,0,0,0,0,5,,0,0,0,0,5,,0,0,0,0,5,,0,0,0,0,5,,0,0,0,0,5,,0,0,0,0,5,,0,0,0,0,5,,0,0,0,0,5,,0,0,0,0,5,,0,0,0,0,5,,0,0,0,0,5,,0,0,0,0,5,,0,0,0,0,5,,0,0,0,0,5,,0,0,0,0,5,,0.2,1.220000001,5,0.2,1.220000001,5
G9xo2CDt1p668gfHRVhhjpfWBMJWpJzTBeWcaACfpump,96,True,27,0,0,0,0,6,21,0.0,0,0,0,6,21,0.0,0,0,0,6,21,0.0,30,0,0,0,0,7,23,0.0,0,0,0,7,23,0.0,0,0,0,7,23,0.0,4,0,4,2,21,0.6666666666666666,4,0,4,2,21,0.6666666666666666,4,0,4,2,21,0.6666666666666666,4,0,4,3,23,0.5714285714285714,4,0,4,3,23,0.5714285714285714,4,0,4,3,23,0.5714285714285714,0,0,0,6,21,0.0,0,0,0,6,21,0.0,0,0,0,6,21,0.0,0,0,0,7,23,0.0,0,0,0,7,23,0.0,0,0,0,7,23,0.0,0.3333333333333333,2.962962962,27,0.2195121951219512,2.962962962,41
Exng83vJvffZqhrQo7s3eP3misq4HxQ4JYsqwUAnpump,97,True,4,1,0,0,0,0,3,,0,0,0,0,3,,0,0,0,0,3,,5,1,0,0,0,0,4,,0,0,0,0,4,,0,0,0,0,4,,0,0,0,0,3,,0,0,0,0,3,,0,0,0,0,3,,0,0,0,0,4,,0,0,0,0,4,,0,0,0,0,4,,0,0,0,0,3,,0,0,0,0,3,,0,0,0,0,3,,0,0,0,0,4,,0,0,0,0,4,,0,0,0,0,4,,0.0,0.098765431,4,0.0,0.098765431,5
6zV8auA4tHYDoDfi3mz9y4wtEstDGHWorcFtxm5Hpump,98,True,17,0,0,0,0,1,16,,0,0,0,1,16,,0,0,0,1,16,,24,0,0,0,0,2,22,0.0,0,0,0,2,22,0.0,0,0,0,2,22,0.0,1,1,0,0,16,,1,1,0,0,16,,1,1,0,0,16,,1,1,0,1,22,0.5,1,1,0,1,22,0.5,1,1,0,1,22,0.5,0,0,0,1,16,,0,0,0,1,16,,0,0,0,1,16,,0,0,0,2,22,0.0,0,0,0,2,22,0.0,0,0,0,2,22,0.0,0.1764705882352941,3.0,17,0.125,3.0,24
Hyzss57orf8S4CJTpnb4PPppnNN42T4i2sPsJYULpump,99,True,21,0,0,0,0,6,15,0.0,0,0,0,6,15,0.0,0,0,0,6,15,0.0,30,0,0,0,0,11,19,0.0,0,0,0,11,19,0.0,0,0,0,11,19,0.0,0,0,0,6,15,0.0,0,0,0,6,15,0.0,0,0,0,6,15,0.0,4,0,4,7,19,0.36363636363636365,4,0,4,7,19,0.36363636363636365,4,0,4,7,19,0.36363636363636365,0,0,0,6,15,0.0,0,0,0,6,15,0.0,0,0,0,6,15,0.0,0,0,0,11,19,0.0,0,0,0,11,19,0.0,0,0,0,11,19,0.0,0.0952380952380952,3.0,21,0.0357142857142857,3.0,56
Et9km9VRfjeeowsMR1YmjR1GhxXHBatAEVhggxYVfaNe,100,True,5,0,0,0,0,1,4,,0,0,0,1,4,,0,0,0,1,4,,21,0,0,0,0,5,16,0.0,0,0,0,5,16,0.0,0,0,0,5,16,0.0,0,0,0,1,4,,0,0,0,1,4,,0,0,0,1,4,,0,0,0,5,16,0.0,0,0,0,5,16,0.0,0,0,0,5,16,0.0,0,0,0,1,4,,0,0,0,1,4,,0,0,0,1,4,,0,0,0,5,16,0.0,0,0,0,5,16,0.0,0,0,0,5,16,0.0,0.0,4.938271603,5,0.0,4.938271603,21
ABPPakUNWgnFojbWKyBkQvRWLUqmJPyJv49DwigHpump,101,True,4,1,0,0,0,1,2,,0,0,0,1,2,,0,0,0,1,2,,5,1,0,0,0,1,3,,0,0,0,1,3,,0,0,0,1,3,,0,0,0,1,2,,0,0,0,1,2,,0,0,0,1,2,,0,0,0,1,3,,0,0,0,1,3,,0,0,0,1,3,,0,0,0,1,2,,0,0,0,1,2,,0,0,0,1,2,,0,0,0,1,3,,0,0,0,1,3,,0,0,0,1,3,,0.25,0.500000001,4,0.2,0.697530864,5
DPEiLvH41jdUn1E2XzpjEUxXcZDQKa9Y3MuHauL6pump,102,True,4,1,0,0,0,2,1,0.0,0,0,0,2,1,0.0,0,0,0,2,1,0.0,5,1,0,0,0,2,2,0.0,0,0,0,2,2,0.0,0,0,0,2,2,0.0,0,0,0,2,1,0.0,0,0,0,2,1,0.0,0,0,0,2,1,0.0,0,0,0,2,2,0.0,0,0,0,2,2,0.0,0,0,0,2,2,0.0,0,0,0,2,1,0.0,0,0,0,2,1,0.0,0,0,0,2,1,0.0,0,0,0,2,2,0.0,0,0,0,2,2,0.0,0,0,0,2,2,0.0,0.0,0.050000001,4,0.0,0.050000001,5
EsM72ozyu97RhzKHYGytdLkK2dVzpAXodSLMP51zpump,103,True,3,1,0,0,0,1,1,,0,0,0,1,1,,0,0,0,1,1,,4,1,0,0,0,1,2,,0,0,0,1,2,,0,0,0,1,2,,0,0,0,1,1,,0,0,0,1,1,,0,0,0,1,1,,0,0,0,1,2,,0,0,0,1,2,,0,0,0,1,2,,0,0,0,1,1,,0,0,0,1,1,,0,0,0,1,1,,0,0,0,1,2,,0,0,0,1,2,,0,0,0,1,2,,0.0,0.131000001,3,0.0,0.131000001,4
R6Jer28ZEP9Er3MPCE2vzUtKtWEyj7xBcAynMbMpump,104,True,3,1,0,0,0,1,1,,0,0,0,1,1,,0,0,0,1,1,,3,1,0,0,0,1,1,,0,0,0,1,1,,0,0,0,1,1,,0,0,0,1,1,,0,0,0,1,1,,0,0,0,1,1,,0,0,0,1,1,,0,0,0,1,1,,0,0,0,1,1,,0,0,0,1,1,,0,0,0,1,1,,0,0,0,1,1,,0,0,0,1,1,,0,0,0,1,1,,0,0,0,1,1,,0.0,0.5,3,0.0,0.5,3
75GH74EfyQBMYXKNnA29sK2WYD7t9jK5iowSuLCkpump,105,True,3,1,0,0,0,1,1,,0,0,0,1,1,,0,0,0,1,1,,5,1,0,0,0,2,2,0.0,0,0,0,2,2,0.0,0,0,0,2,2,0.0,0,0,0,1,1,,0,0,0,1,1,,0,0,0,1,1,,0,0,0,2,2,0.0,0,0,0,2,2,0.0,0,0,0,2,2,0.0,0,0,0,1,1,,0,0,0,1,1,,0,0,0,1,1,,0,0,0,2,2,0.0,0,0,0,2,2,0.0,0,0,0,2,2,0.0,0.0,0.296296295,3,0.0,0.296296295,5
G6hNfPPvvLK4vd7XR76SUaGDmgnB5MN5KHj51sqhpump,106,True,4,0,0,0,0,2,2,0.0,0,0,0,2,2,0.0,0,0,0,2,2,0.0,4,0,0,0,0,2,2,0.0,0,0,0,2,2,0.0,0,0,0,2,2,0.0,0,0,0,2,2,0.0,0,0,0,2,2,0.0,0,0,0,2,2,0.0,0,0,0,2,2,0.0,0,0,0,2,2,0.0,0,0,0,2,2,0.0,0,0,0,2,2,0.0,0,0,0,2,2,0.0,0,0,0,2,2,0.0,0,0,0,2,2,0.0,0,0,0,2,2,0.0,0,0,0,2,2,0.0,0.25,1.876543209,4,0.25,1.876543209,4
FjzQkNR2hMHBDBRDPF5NaWEVDxGfJScMrAEJ1KAkpump,107,True,13,0,0,0,0,2,11,0.0,0,0,0,2,11,0.0,0,0,0,2,11,0.0,13,0,0,0,0,2,11,0.0,0,0,0,2,11,0.0,0,0,0,2,11,0.0,0,0,0,2,11,0.0,0,0,0,2,11,0.0,0,0,0,2,11,0.0,0,0,0,2,11,0.0,0,0,0,2,11,0.0,0,0,0,2,11,0.0,0,0,0,2,11,0.0,0,0,0,2,11,0.0,0,0,0,2,11,0.0,0,0,0,2,11,0.0,0,0,0,2,11,0.0,0,0,0,2,11,0.0,0.2307692307692307,1.011874566,13,0.2307692307692307,1.011874566,13
Fa8z98cJ73kVqSNTL65dwA4u6wiY5uXDSk2NaP41pump,108,True,4,0,0,0,0,1,3,,0,0,0,1,3,,0,0,0,1,3,,8,0,0,0,0,2,6,0.0,0,0,0,2,6,0.0,0,0,0,2,6,0.0,0,0,0,1,3,,0,0,0,1,3,,0,0,0,1,3,,0,0,0,2,6,0.0,0,0,0,2,6,0.0,0,0,0,2,6,0.0,0,0,0,1,3,,0,0,0,1,3,,0,0,0,1,3,,0,0,0,2,6,0.0,0,0,0,2,6,0.0,0,0,0,2,6,0.0,0.25,0.493827159,4,0.125,0.493827159,8
FKCzyJC1hxXf26z1QYjGM3nq5xgV7ZkkJ5hnNvkKpump,109,True,3,1,0,0,0,0,2,,0,0,0,0,2,,0,0,0,0,2,,4,1,0,0,0,0,3,,0,0,0,0,3,,0,0,0,0,3,,0,0,0,0,2,,0,0,0,0,2,,0,0,0,0,2,,0,0,0,0,3,,0,0,0,0,3,,0,0,0,0,3,,0,0,0,0,2,,0,0,0,0,2,,0,0,0,0,2,,0,0,0,0,3,,0,0,0,0,3,,0,0,0,0,3,,0.0,0.197530863,3,0.0,0.197530863,4
GE8UCKzqiDawnbjrcAdCiMniQv5rHcEfXdYhr1vcpump,110,True,10,0,0,0,0,0,10,,0,0,0,0,10,,0,0,0,0,10,,10,0,0,0,0,0,10,,0,0,0,0,10,,0,0,0,0,10,,0,0,0,0,10,,0,0,0,0,10,,0,0,0,0,10,,0,0,0,0,10,,0,0,0,0,10,,0,0,0,0,10,,0,0,0,0,10,,0,0,0,0,10,,0,0,0,0,10,,0,0,0,0,10,,0,0,0,0,10,,0,0,0,0,10,,0.0,5.0,10,0.0,5.0,10
6BQkzyYyZyJSdQocGoYeX5h2rQuQ6wR7xCJ6HSHnpump,111,True,17,0,0,0,0,7,10,0.0,0,0,0,7,10,0.0,0,0,0,7,10,0.0,30,0,0,0,0,8,22,0.0,0,0,0,8,22,0.0,0,0,0,8,22,0.0,0,0,0,7,10,0.0,0,0,0,7,10,0.0,0,0,0,7,10,0.0,0,0,0,8,22,0.0,0,0,0,8,22,0.0,0,0,0,8,22,0.0,0,0,0,7,10,0.0,0,0,0,7,10,0.0,0,0,0,7,10,0.0,0,0,0,8,22,0.0,0,0,0,8,22,0.0,0,0,0,8,22,0.0,0.2941176470588235,1.185185183,17,0.0980392156862745,1.185185183,51
4RBtu3a8VEui8jytLQWD7hUyaARHMJTiXRXjxh9cpump,112,True,11,0,2,2,2,3,6,0.4,2,2,2,3,6,0.4,2,2,2,3,6,0.4,20,0,2,2,2,7,11,0.2222222222222222,2,2,2,7,11,0.2222222222222222,2,2,2,7,11,0.2222222222222222,4,2,4,1,6,0.8,4,2,4,1,6,0.8,4,2,4,1,6,0.8,5,2,5,4,11,0.5555555555555556,5,2,5,4,11,0.5555555555555556,5,2,5,4,11,0.5555555555555556,2,2,2,3,6,0.4,2,2,2,3,6,0.4,2,2,2,3,6,0.4,2,2,2,7,11,0.2222222222222222,2,2,2,7,11,0.2222222222222222,2,2,2,7,11,0.2222222222222222,0.1818181818181818,0.98765432,11,0.1,0.98765432,20
HY6oKb2xwufRbsCB4p94UtWxMtPrfVDP79XzsPRUpump,113,True,4,0,0,0,0,0,4,,0,0,0,0,4,,0,0,0,0,4,,7,0,0,0,0,1,6,,0,0,0,1,6,,0,0,0,1,6,,0,0,0,0,4,,0,0,0,0,4,,0,0,0,0,4,,0,0,0,1,6,,0,0,0,1,6,,0,0,0,1,6,,0,0,0,0,4,,0,0,0,0,4,,0,0,0,0,4,,0,0,0,1,6,,0,0,0,1,6,,0,0,0,1,6,,0.25,0.862400001,4,0.1428571428571428,0.862400001,7
H9RUf83ykoMejzUhugXjceyrceAFHDNnjAVnShcWpump,114,True,10,0,0,0,0,3,7,0.0,0,0,0,3,7,0.0,0,0,0,3,7,0.0,24,0,0,0,0,8,16,0.0,0,0,0,8,16,0.0,0,0,0,8,16,0.0,0,0,0,3,7,0.0,0,0,0,3,7,0.0,0,0,0,3,7,0.0,2,0,2,6,16,0.25,2,0,2,6,16,0.25,2,0,2,6,16,0.25,0,0,0,3,7,0.0,0,0,0,3,7,0.0,0,0,0,3,7,0.0,0,0,0,8,16,0.0,0,0,0,8,16,0.0,0,0,0,8,16,0.0,0.3,3.0,10,0.125,3.0,24
3zSdRP17YwzNeeTQxBMb6mQRd46tDNvKiaTkv8Hwpump,115,True,3,1,0,0,0,1,1,,0,0,0,1,1,,0,0,0,1,1,,5,1,0,0,0,2,2,0.0,0,0,0,2,2,0.0,0,0,0,2,2,0.0,1,1,0,0,1,,1,1,0,0,1,,1,1,0,0,1,,1,1,0,1,2,0.5,1,1,0,1,2,0.5,1,1,0,1,2,0.5,0,0,0,1,1,,0,0,0,1,1,,0,0,0,1,1,,0,0,0,2,2,0.0,0,0,0,2,2,0.0,0,0,0,2,2,0.0,0.0,0.6069135800000001,3,0.0,0.6069135800000001,5
6rMjekwZZGyieDAHNzzYxFyEBARAXoW4nzBMSYDepump,116,True,11,0,0,0,0,3,8,0.0,0,0,0,3,8,0.0,0,0,0,3,8,0.0,13,0,0,0,0,3,10,0.0,0,0,0,3,10,0.0,0,0,0,3,10,0.0,0,0,0,3,8,0.0,0,0,0,3,8,0.0,0,0,0,3,8,0.0,0,0,0,3,10,0.0,0,0,0,3,10,0.0,0,0,0,3,10,0.0,0,0,0,3,8,0.0,0,0,0,3,8,0.0,0,0,0,3,8,0.0,0,0,0,3,10,0.0,0,0,0,3,10,0.0,0,0,0,3,10,0.0,0.2727272727272727,4.938271604,11,0.2307692307692307,5.925925924,13
fYEetuifp2mzrRxEvqYdKjY2LMpf6wTxCKw4atApump,117,True,3,0,0,0,0,1,2,,0,0,0,1,2,,0,0,0,1,2,,7,0,0,0,0,1,6,,0,0,0,1,6,,0,0,0,1,6,,0,0,0,1,2,,0,0,0,1,2,,0,0,0,1,2,,0,0,0,1,6,,0,0,0,1,6,,0,0,0,1,6,,0,0,0,1,2,,0,0,0,1,2,,0,0,0,1,2,,0,0,0,1,6,,0,0,0,1,6,,0,0,0,1,6,,0.3333333333333333,0.270544757,3,0.1428571428571428,0.270544757,7
8pARR5AKUqq1Qq4nnte9RpvscRanu7RznqPn82xEpump,118,True,3,1,0,0,0,0,2,,0,0,0,0,2,,0,0,0,0,2,,3,1,0,0,0,0,2,,0,0,0,0,2,,0,0,0,0,2,,0,0,0,0,2,,0,0,0,0,2,,0,0,0,0,2,,0,0,0,0,2,,0,0,0,0,2,,0,0,0,0,2,,0,0,0,0,2,,0,0,0,0,2,,0,0,0,0,2,,0,0,0,0,2,,0,0,0,0,2,,0,0,0,0,2,,0.0,0.099390528,3,0.0,0.099390528,3
H8LCiGwT82fneUB2YKodCz4cGGo6NDacvoEBDtZopump,119,True,4,1,0,0,0,1,2,,0,0,0,1,2,,0,0,0,1,2,,11,1,0,0,0,3,7,0.0,0,0,0,3,7,0.0,0,0,0,3,7,0.0,0,0,0,1,2,,0,0,0,1,2,,0,0,0,1,2,,2,0,2,1,7,0.6666666666666666,2,0,2,1,7,0.6666666666666666,2,0,2,1,7,0.6666666666666666,0,0,0,1,2,,0,0,0,1,2,,0,0,0,1,2,,0,0,0,3,7,0.0,0,0,0,3,7,0.0,0,0,0,3,7,0.0,0.0,0.050000001,4,0.0,0.050000001,11
Dd61tfTiwSCUuSNu1pstMJ2ytD9izySgZEZRmkMPpump,120,True,15,0,5,1,4,2,8,0.7142857142857143,5,1,4,2,8,0.7142857142857143,5,1,4,2,8,0.7142857142857143,30,0,7,1,6,9,14,0.4375,7,1,6,9,14,0.4375,7,1,6,9,14,0.4375,5,1,4,2,8,0.7142857142857143,5,1,4,2,8,0.7142857142857143,5,1,4,2,8,0.7142857142857143,8,1,7,8,14,0.5,8,1,7,8,14,0.5,8,1,7,8,14,0.5,5,1,4,2,8,0.7142857142857143,5,1,4,2,8,0.7142857142857143,5,1,4,2,8,0.7142857142857143,7,1,6,9,14,0.4375,7,1,6,9,14,0.4375,7,1,6,9,14,0.4375,0.3333333333333333,0.98765432,15,0.087719298245614,0.98765432,57
8oBQXRqnY5NjbDQYiBJNpzqiZ7R5GeMNq3vYU9eUpump,121,True,26,0,6,2,4,5,15,0.5454545454545454,6,2,4,5,15,0.5454545454545454,6,2,4,5,15,0.5454545454545454,30,0,6,2,4,7,17,0.46153846153846156,6,2,4,7,17,0.46153846153846156,6,2,4,7,17,0.46153846153846156,9,2,7,2,15,0.8181818181818182,9,2,7,2,15,0.8181818181818182,9,2,7,2,15,0.8181818181818182,10,2,8,3,17,0.7692307692307693,10,2,8,3,17,0.7692307692307693,10,2,8,3,17,0.7692307692307693,6,2,4,5,15,0.5454545454545454,6,2,4,5,15,0.5454545454545454,6,2,4,5,15,0.5454545454545454,6,2,4,7,17,0.46153846153846156,6,2,4,7,17,0.46153846153846156,6,2,4,7,17,0.46153846153846156,0.1153846153846153,0.098765431,26,0.0545454545454545,0.098765431,55
FaHRe9PAkgVBzvj19JRVqwmf1TQ5zbpFn9gdhXV6pump,122,True,3,1,0,0,0,0,2,,0,0,0,0,2,,0,0,0,0,2,,6,1,0,0,0,2,3,0.0,0,0,0,2,3,0.0,0,0,0,2,3,0.0,0,0,0,0,2,,0,0,0,0,2,,0,0,0,0,2,,0,0,0,2,3,0.0,0,0,0,2,3,0.0,0,0,0,2,3,0.0,0,0,0,0,2,,0,0,0,0,2,,0,0,0,0,2,,0,0,0,2,3,0.0,0,0,0,2,3,0.0,0,0,0,2,3,0.0,0.0,0.059884355,3,0.0,0.059884355,6
AuCzyVWKULmF9hnUVtRFk4o2zKwDJV9U5JNhiuZspump,123,True,3,1,0,0,0,0,2,,0,0,0,0,2,,0,0,0,0,2,,3,1,0,0,0,0,2,,0,0,0,0,2,,0,0,0,0,2,,0,0,0,0,2,,0,0,0,0,2,,0,0,0,0,2,,0,0,0,0,2,,0,0,0,0,2,,0,0,0,0,2,,0,0,0,0,2,,0,0,0,0,2,,0,0,0,0,2,,0,0,0,0,2,,0,0,0,0,2,,0,0,0,0,2,,0.0,1.287701199,3,0.0,1.287701199,3
9TkrtRDVyNvxTJUyASW6zv6F6sY9u4ef4RNNKWttpump,124,True,11,0,0,0,0,3,8,0.0,0,0,0,3,8,0.0,0,0,0,3,8,0.0,17,0,0,0,0,5,12,0.0,0,0,0,5,12,0.0,0,0,0,5,12,0.0,0,0,0,3,8,0.0,0,0,0,3,8,0.0,0,0,0,3,8,0.0,0,0,0,5,12,0.0,0,0,0,5,12,0.0,0,0,0,5,12,0.0,0,0,0,3,8,0.0,0,0,0,3,8,0.0,0,0,0,3,8,0.0,0,0,0,5,12,0.0,0,0,0,5,12,0.0,0,0,0,5,12,0.0,0.2727272727272727,2.0,11,0.1764705882352941,2.0,17
9qG6Fg76V8PUXn21kmmZWPKtqYRVSiCMPh92Sz8moaEp,125,True,5,0,0,0,0,0,5,,0,0,0,0,5,,0,0,0,0,5,,5,0,0,0,0,0,5,,0,0,0,0,5,,0,0,0,0,5,,0,0,0,0,5,,0,0,0,0,5,,0,0,0,0,5,,0,0,0,0,5,,0,0,0,0,5,,0,0,0,0,5,,0,0,0,0,5,,0,0,0,0,5,,0,0,0,0,5,,0,0,0,0,5,,0,0,0,0,5,,0,0,0,0,5,,0.2,4.938271604,5,0.2,4.938271604,5
G4RXUahxVcTfGnSuuKiMf93U7tixWqZpAqvm3v1Xpump,126,True,4,1,0,0,0,0,3,,0,0,0,0,3,,0,0,0,0,3,,5,1,0,0,0,1,3,,0,0,0,1,3,,0,0,0,1,3,,0,0,0,0,3,,0,0,0,0,3,,0,0,0,0,3,,0,0,0,1,3,,0,0,0,1,3,,0,0,0,1,3,,0,0,0,0,3,,0,0,0,0,3,,0,0,0,0,3,,0,0,0,1,3,,0,0,0,1,3,,0,0,0,1,3,,0.0,2.2093722380000007,4,0.0,2.2146655820000003,5
Ax6KQw1UQ59KwGks2yTXxYy9b9GGEGrwKwQd2yAUc44r,127,True,18,0,3,0,3,1,14,0.75,3,0,3,1,14,0.75,3,0,3,1,14,0.75,20,0,4,0,4,2,14,0.6666666666666666,4,0,4,2,14,0.6666666666666666,4,0,4,2,14,0.6666666666666666,3,0,3,1,14,0.75,3,0,3,1,14,0.75,3,0,3,1,14,0.75,4,0,4,2,14,0.6666666666666666,4,0,4,2,14,0.6666666666666666,4,0,4,2,14,0.6666666666666666,3,0,3,1,14,0.75,3,0,3,1,14,0.75,3,0,3,1,14,0.75,4,0,4,2,14,0.6666666666666666,4,0,4,2,14,0.6666666666666666,4,0,4,2,14,0.6666666666666666,0.0,4.938271604,18,0.0,4.938271604,20
7bXKJjVKE5tuuhABcXJ1ieVSJNuHd27vUu79kLropump,128,True,8,0,2,2,0,3,3,0.4,2,2,0,3,3,0.4,2,2,0,3,3,0.4,9,0,2,2,0,4,3,0.3333333333333333,2,2,0,4,3,0.3333333333333333,2,2,0,4,3,0.3333333333333333,2,2,0,3,3,0.4,2,2,0,3,3,0.4,2,2,0,3,3,0.4,2,2,0,4,3,0.3333333333333333,2,2,0,4,3,0.3333333333333333,2,2,0,4,3,0.3333333333333333,2,2,0,3,3,0.4,2,2,0,3,3,0.4,2,2,0,3,3,0.4,2,2,0,4,3,0.3333333333333333,2,2,0,4,3,0.3333333333333333,2,2,0,4,3,0.3333333333333333,0.125,0.493827159,8,0.1111111111111111,0.493827159,9
9qmMMMyLnsyQy3U4e7vjCgRinww5gauvqbTeFvs3pump,129,True,30,0,0,0,0,4,26,0.0,0,0,0,4,26,0.0,0,0,0,4,26,0.0,30,0,0,0,0,4,26,0.0,0,0,0,4,26,0.0,0,0,0,4,26,0.0,0,0,0,4,26,0.0,0,0,0,4,26,0.0,0,0,0,4,26,0.0,0,0,0,4,26,0.0,0,0,0,4,26,0.0,0,0,0,4,26,0.0,0,0,0,4,26,0.0,0,0,0,4,26,0.0,0,0,0,4,26,0.0,0,0,0,4,26,0.0,0,0,0,4,26,0.0,0,0,0,4,26,0.0,0.0784313725490196,3.0,51,0.0439560439560439,3.0,91
DKvFfDUyqsbrdkgN5o5rFzKxHi7UAqhhRJZxpqF8pump,130,True,7,0,2,0,2,0,5,1.0,2,0,2,0,5,1.0,2,0,2,0,5,1.0,7,0,2,0,2,0,5,1.0,2,0,2,0,5,1.0,2,0,2,0,5,1.0,2,0,2,0,5,1.0,2,0,2,0,5,1.0,2,0,2,0,5,1.0,2,0,2,0,5,1.0,2,0,2,0,5,1.0,2,0,2,0,5,1.0,2,0,2,0,5,1.0,2,0,2,0,5,1.0,2,0,2,0,5,1.0,2,0,2,0,5,1.0,2,0,2,0,5,1.0,2,0,2,0,5,1.0,0.7142857142857143,0.790123456,7,0.7142857142857143,0.790123456,7
HdCHJDsmqJKo8gXjTQyKD5dKrXaH5BZatu9GG2SGpump,131,True,3,0,0,0,0,0,3,,0,0,0,0,3,,0,0,0,0,3,,3,0,0,0,0,0,3,,0,0,0,0,3,,0,0,0,0,3,,0,0,0,0,3,,0,0,0,0,3,,0,0,0,0,3,,0,0,0,0,3,,0,0,0,0,3,,0,0,0,0,3,,0,0,0,0,3,,0,0,0,0,3,,0,0,0,0,3,,0,0,0,0,3,,0,0,0,0,3,,0,0,0,0,3,,0.6666666666666666,0.493827159,3,0.6666666666666666,0.493827159,3
Ac8Euqsih686PY2aipRHbMNvvYxVs39LhMbouUwPpump,132,True,14,0,0,0,0,5,9,0.0,0,0,0,5,9,0.0,0,0,0,5,9,0.0,25,0,0,0,0,11,14,0.0,0,0,0,11,14,0.0,0,0,0,11,14,0.0,0,0,0,5,9,0.0,0,0,0,5,9,0.0,0,0,0,5,9,0.0,2,0,2,9,14,0.18181818181818182,2,0,2,9,14,0.18181818181818182,2,0,2,9,14,0.18181818181818182,0,0,0,5,9,0.0,0,0,0,5,9,0.0,0,0,0,5,9,0.0,0,0,0,11,14,0.0,0,0,0,11,14,0.0,0,0,0,11,14,0.0,0.0714285714285714,1.97530864,14,0.04,1.97530864,25
9smMJxtru37j29w7pfcQZfpKXdsUohuDXqHFaLJcpump,133,True,30,0,2,0,2,7,21,0.2222222222222222,2,0,2,7,21,0.2222222222222222,2,0,2,7,21,0.2222222222222222,30,0,2,0,2,7,21,0.2222222222222222,2,0,2,7,21,0.2222222222222222,2,0,2,7,21,0.2222222222222222,4,0,4,5,21,0.4444444444444444,4,0,4,5,21,0.4444444444444444,4,0,4,5,21,0.4444444444444444,4,0,4,5,21,0.4444444444444444,4,0,4,5,21,0.4444444444444444,4,0,4,5,21,0.4444444444444444,2,0,2,7,21,0.2222222222222222,2,0,2,7,21,0.2222222222222222,2,0,2,7,21,0.2222222222222222,2,0,2,7,21,0.2222222222222222,2,0,2,7,21,0.2222222222222222,2,0,2,7,21,0.2222222222222222,0.09375,0.98765432,32,0.0422535211267605,0.98765432,71
91iV2SzNPDFVKF6UVdPvydzg6GVDj1frUP51Uvtjo2vV,134,True,6,0,3,1,2,0,3,1.0,3,1,2,0,3,1.0,3,1,2,0,3,1.0,11,0,4,1,4,2,5,0.6666666666666666,4,1,4,2,5,0.6666666666666666,4,1,4,2,5,0.6666666666666666,3,1,2,0,3,1.0,3,1,2,0,3,1.0,3,1,2,0,3,1.0,4,1,4,2,5,0.6666666666666666,4,1,4,2,5,0.6666666666666666,4,1,4,2,5,0.6666666666666666,3,1,2,0,3,1.0,3,1,2,0,3,1.0,3,1,2,0,3,1.0,4,1,4,2,5,0.6666666666666666,4,1,4,2,5,0.6666666666666666,4,1,4,2,5,0.6666666666666666,0.0,0.0,6,0.0,0.0,11
8iq8KtZrjannV4woMvUTxiB5isJscZjmKG6hw9vjpump,135,True,18,0,0,0,0,11,7,0.0,0,0,0,11,7,0.0,0,0,0,11,7,0.0,30,0,0,0,0,14,16,0.0,0,0,0,14,16,0.0,0,0,0,14,16,0.0,5,1,4,6,7,0.45454545454545453,5,1,4,6,7,0.45454545454545453,5,1,4,6,7,0.45454545454545453,6,1,5,8,16,0.42857142857142855,6,1,5,8,16,0.42857142857142855,6,1,5,8,16,0.42857142857142855,0,0,0,11,7,0.0,0,0,0,11,7,0.0,0,0,0,11,7,0.0,0,0,0,14,16,0.0,0,0,0,14,16,0.0,0,0,0,14,16,0.0,0.6666666666666666,2.05,18,0.3,2.05,40
7VqVuJ4dtADEK6BVeeLeLxCt7ts2SeVDWZghBJn4pump,136,True,10,0,0,0,0,1,9,,0,0,0,1,9,,0,0,0,1,9,,22,0,0,0,0,4,18,0.0,0,0,0,4,18,0.0,0,0,0,4,18,0.0,0,0,0,1,9,,0,0,0,1,9,,0,0,0,1,9,,0,0,0,4,18,0.0,0,0,0,4,18,0.0,0,0,0,4,18,0.0,0,0,0,1,9,,0,0,0,1,9,,0,0,0,1,9,,0,0,0,4,18,0.0,0,0,0,4,18,0.0,0,0,0,4,18,0.0,0.3,3.0,10,0.1363636363636363,3.0,22
5ZH7LiAqVKAWWXdssiCmPBsnXXCFLXYRWbX6EoVzpump,137,True,3,1,0,0,0,1,1,,0,0,0,1,1,,0,0,0,1,1,,3,1,0,0,0,1,1,,0,0,0,1,1,,0,0,0,1,1,,0,0,0,1,1,,0,0,0,1,1,,0,0,0,1,1,,0,0,0,1,1,,0,0,0,1,1,,0,0,0,1,1,,0,0,0,1,1,,0,0,0,1,1,,0,0,0,1,1,,0,0,0,1,1,,0,0,0,1,1,,0,0,0,1,1,,0.0,0.201627638,3,0.0,0.201627638,3
E9uvZSfTvTkMn2BXmNKaQS8JHsSdK9ywjtuKZwF1pump,138,True,30,0,0,0,0,7,23,0.0,0,0,0,7,23,0.0,0,0,0,7,23,0.0,30,0,0,0,0,7,23,0.0,0,0,0,7,23,0.0,0,0,0,7,23,0.0,3,1,2,4,23,0.42857142857142855,3,1,2,4,23,0.42857142857142855,3,1,2,4,23,0.42857142857142855,3,1,2,4,23,0.42857142857142855,3,1,2,4,23,0.42857142857142855,3,1,2,4,23,0.42857142857142855,0,0,0,7,23,0.0,0,0,0,7,23,0.0,0,0,0,7,23,0.0,0,0,0,7,23,0.0,0,0,0,7,23,0.0,0,0,0,7,23,0.0,0.054054054054054,1.97530864,37,0.028169014084507,1.97530864,71
4xgnB4C45fRc5xUdNRDTCpMAMFskt97q1Wx8H916pump,139,True,3,0,0,0,0,1,2,,0,0,0,1,2,,0,0,0,1,2,,3,0,0,0,0,1,2,,0,0,0,1,2,,0,0,0,1,2,,0,0,0,1,2,,0,0,0,1,2,,0,0,0,1,2,,0,0,0,1,2,,0,0,0,1,2,,0,0,0,1,2,,0,0,0,1,2,,0,0,0,1,2,,0,0,0,1,2,,0,0,0,1,2,,0,0,0,1,2,,0,0,0,1,2,,1.0,0.98765432,3,1.0,0.98765432,3
GZz5UM9BDeQC3QSkyVXpBxF4K9Kv9q9x43X3Mvkrpump,140,True,3,1,0,0,0,2,0,0.0,0,0,0,2,0,0.0,0,0,0,2,0,0.0,4,1,0,0,0,2,1,0.0,0,0,0,2,1,0.0,0,0,0,2,1,0.0,0,0,0,2,0,0.0,0,0,0,2,0,0.0,0,0,0,2,0,0.0,0,0,0,2,1,0.0,0,0,0,2,1,0.0,0,0,0,2,1,0.0,0,0,0,2,0,0.0,0,0,0,2,0,0.0,0,0,0,2,0,0.0,0,0,0,2,1,0.0,0,0,0,2,1,0.0,0,0,0,2,1,0.0,0.0,0.050007813,3,0.0,0.050007813,4
5NSiX3vYyv7wnBxo4fgfs3u59dymPFSMDBeC1LW7pump,141,True,3,1,0,0,0,2,0,0.0,0,0,0,2,0,0.0,0,0,0,2,0,0.0,4,1,0,0,0,3,0,0.0,0,0,0,3,0,0.0,0,0,0,3,0,0.0,0,0,0,2,0,0.0,0,0,0,2,0,0.0,0,0,0,2,0,0.0,0,0,0,3,0,0.0,0,0,0,3,0,0.0,0,0,0,3,0,0.0,0,0,0,2,0,0.0,0,0,0,2,0,0.0,0,0,0,2,0,0.0,0,0,0,3,0,0.0,0,0,0,3,0,0.0,0,0,0,3,0,0.0,0.0,0.298765431,3,0.0,0.298765431,4
32GTjDtbc1BV1rBm5zK82x963McbBYcmgs5zmpMtNyqV,142,True,3,1,0,0,0,0,2,,0,0,0,0,2,,0,0,0,0,2,,3,1,0,0,0,0,2,,0,0,0,0,2,,0,0,0,0,2,,0,0,0,0,2,,0,0,0,0,2,,0,0,0,0,2,,0,0,0,0,2,,0,0,0,0,2,,0,0,0,0,2,,0,0,0,0,2,,0,0,0,0,2,,0,0,0,0,2,,0,0,0,0,2,,0,0,0,0,2,,0,0,0,0,2,,0.0,2.378731143,3,0.0,2.576262006,3
AKKpbczDojEABNUQ1DEuTtEi4U2JFxpMvnqNqtMcpump,143,True,3,0,0,0,0,1,2,,0,0,0,1,2,,0,0,0,1,2,,3,0,0,0,0,1,2,,0,0,0,1,2,,0,0,0,1,2,,0,0,0,1,2,,0,0,0,1,2,,0,0,0,1,2,,0,0,0,1,2,,0,0,0,1,2,,0,0,0,1,2,,0,0,0,1,2,,0,0,0,1,2,,0,0,0,1,2,,0,0,0,1,2,,0,0,0,1,2,,0,0,0,1,2,,0.0,0.888888887,3,0.0,0.888888887,3
4pRVhiHnsKh4ZM8EZbRTGaeWb94p6UDQJtPz6ftrpump,144,True,21,0,0,0,0,1,20,,0,0,0,1,20,,0,0,0,1,20,,30,0,3,0,3,3,24,0.5,3,0,3,3,24,0.5,3,0,3,3,24,0.5,0,0,0,1,20,,0,0,0,1,20,,0,0,0,1,20,,3,0,3,3,24,0.5,3,0,3,3,24,0.5,3,0,3,3,24,0.5,0,0,0,1,20,,0,0,0,1,20,,0,0,0,1,20,,3,0,3,3,24,0.5,3,0,3,3,24,0.5,3,0,3,3,24,0.5,0.1428571428571428,3.0,21,0.024390243902439,3.0,123
3MqEeu7NskzpyShZVvveVKsNq8bvn8pBA4jwZiRMpump,145,True,3,1,0,0,0,0,2,,0,0,0,0,2,,0,0,0,0,2,,3,1,0,0,0,0,2,,0,0,0,0,2,,0,0,0,0,2,,0,0,0,0,2,,0,0,0,0,2,,0,0,0,0,2,,0,0,0,0,2,,0,0,0,0,2,,0,0,0,0,2,,0,0,0,0,2,,0,0,0,0,2,,0,0,0,0,2,,0,0,0,0,2,,0,0,0,0,2,,0,0,0,0,2,,0.0,1.000000001,3,0.0,1.987654321,3
CDjuzY49xicL5aK9rmTMLQ2sxDEH9uaonHKGV9okKCCd,146,True,4,0,0,0,0,0,4,,0,0,0,0,4,,0,0,0,0,4,,4,0,0,0,0,0,4,,0,0,0,0,4,,0,0,0,0,4,,0,0,0,0,4,,0,0,0,0,4,,0,0,0,0,4,,0,0,0,0,4,,0,0,0,0,4,,0,0,0,0,4,,0,0,0,0,4,,0,0,0,0,4,,0,0,0,0,4,,0,0,0,0,4,,0,0,0,0,4,,0,0,0,0,4,,0.5,4.938271604,4,0.5,4.938271604,4
31HygE9ZLCAAdVA2XAB3JaiFe7Xj94EdDiJ4RQfppump,147,True,3,1,0,0,0,1,1,,0,0,0,1,1,,0,0,0,1,1,,3,1,0,0,0,1,1,,0,0,0,1,1,,0,0,0,1,1,,0,0,0,1,1,,0,0,0,1,1,,0,0,0,1,1,,0,0,0,1,1,,0,0,0,1,1,,0,0,0,1,1,,0,0,0,1,1,,0,0,0,1,1,,0,0,0,1,1,,0,0,0,1,1,,0,0,0,1,1,,0,0,0,1,1,,0.0,0.0708187589999999,3,0.0,0.0718943129999999,3
5JXomCcZ1JBEkHFbEvzBcotnWn9b1G176jga9ZsKpump,148,True,20,0,0,0,0,5,15,0.0,0,0,0,5,15,0.0,0,0,0,5,15,0.0,30,0,0,0,0,6,24,0.0,0,0,0,6,24,0.0,0,0,0,6,24,0.0,0,0,0,5,15,0.0,0,0,0,5,15,0.0,0,0,0,5,15,0.0,2,0,2,4,24,0.3333333333333333,2,0,2,4,24,0.3333333333333333,2,0,2,4,24,0.3333333333333333,0,0,0,5,15,0.0,0,0,0,5,15,0.0,0,0,0,5,15,0.0,0,0,0,6,24,0.0,0,0,0,6,24,0.0,0,0,0,6,24,0.0,0.35,1.8,20,0.2258064516129032,1.8,31
CLGvEHq8QuAM6a8sk9MHmh4TMAjZ4mP9JuxQ1UDbpump,149,True,10,0,4,0,4,4,2,0.5,4,0,4,4,2,0.5,4,0,4,4,2,0.5,10,0,4,0,4,4,2,0.5,4,0,4,4,2,0.5,4,0,4,4,2,0.5,4,0,4,4,2,0.5,4,0,4,4,2,0.5,4,0,4,4,2,0.5,4,0,4,4,2,0.5,4,0,4,4,2,0.5,4,0,4,4,2,0.5,4,0,4,4,2,0.5,4,0,4,4,2,0.5,4,0,4,4,2,0.5,4,0,4,4,2,0.5,4,0,4,4,2,0.5,4,0,4,4,2,0.5,0.0,1.97530864,10,0.0,1.97530864,10
HbzU4ZmDECvfSxQHcFa8a54ewaNsVvMW2bgvdeawpump,150,True,30,0,0,0,0,2,28,0.0,0,0,0,2,28,0.0,0,0,0,2,28,0.0,30,0,0,0,0,2,28,0.0,0,0,0,2,28,0.0,0,0,0,2,28,0.0,0,0,0,2,28,0.0,0,0,0,2,28,0.0,0,0,0,2,28,0.0,0,0,0,2,28,0.0,0,0,0,2,28,0.0,0,0,0,2,28,0.0,0,0,0,2,28,0.0,0,0,0,2,28,0.0,0,0,0,2,28,0.0,0,0,0,2,28,0.0,0,0,0,2,28,0.0,0,0,0,2,28,0.0,0.0,0.98765432,31,0.0,0.98765432,46
2uQnfCeXZcQArHdMkVTUCcfHQ5kNeeQ6ifbAToKjpump,151,True,12,0,0,0,0,10,2,0.0,0,0,0,10,2,0.0,0,0,0,10,2,0.0,30,0,0,0,0,14,16,0.0,0,0,0,14,16,0.0,0,0,0,14,16,0.0,3,0,3,7,2,0.3,3,0,3,7,2,0.3,3,0,3,7,2,0.3,3,0,3,11,16,0.21428571428571427,3,0,3,11,16,0.21428571428571427,3,0,3,11,16,0.21428571428571427,0,0,0,10,2,0.0,0,0,0,10,2,0.0,0,0,0,10,2,0.0,0,0,0,14,16,0.0,0,0,0,14,16,0.0,0,0,0,14,16,0.0,0.4166666666666667,0.049375009,12,0.125,0.049375009,40
CWvJ7UD6afxCEqJq6mPCCoPgDbsYVMGVhKEW2Hm7pump,152,True,30,0,0,0,0,4,26,0.0,0,0,0,4,26,0.0,0,0,0,4,26,0.0,30,0,0,0,0,4,26,0.0,0,0,0,4,26,0.0,0,0,0,4,26,0.0,0,0,0,4,26,0.0,0,0,0,4,26,0.0,0,0,0,4,26,0.0,0,0,0,4,26,0.0,0,0,0,4,26,0.0,0,0,0,4,26,0.0,0,0,0,4,26,0.0,0,0,0,4,26,0.0,0,0,0,4,26,0.0,0,0,0,4,26,0.0,0,0,0,4,26,0.0,0,0,0,4,26,0.0,0.2105263157894736,3.0,38,0.064,3.0,125
GDtozrajthW1que6CJTsqUVZf6a9KgYLVzeYqhhpump,153,True,30,0,2,0,2,1,27,0.6666666666666666,2,0,2,1,27,0.6666666666666666,2,0,2,1,27,0.6666666666666666,30,0,2,0,2,1,27,0.6666666666666666,2,0,2,1,27,0.6666666666666666,2,0,2,1,27,0.6666666666666666,2,0,2,1,27,0.6666666666666666,2,0,2,1,27,0.6666666666666666,2,0,2,1,27,0.6666666666666666,2,0,2,1,27,0.6666666666666666,2,0,2,1,27,0.6666666666666666,2,0,2,1,27,0.6666666666666666,2,0,2,1,27,0.6666666666666666,2,0,2,1,27,0.6666666666666666,2,0,2,1,27,0.6666666666666666,2,0,2,1,27,0.6666666666666666,2,0,2,1,27,0.6666666666666666,2,0,2,1,27,0.6666666666666666,0.4888888888888889,0.888888888,45,0.3013698630136986,0.888888888,73
HLciSwwiqQe9hYTm7BQfZghcZFvvu1dAFBR6fhjTpump,154,True,3,1,0,0,0,1,1,,0,0,0,1,1,,0,0,0,1,1,,3,1,0,0,0,1,1,,0,0,0,1,1,,0,0,0,1,1,,0,0,0,1,1,,0,0,0,1,1,,0,0,0,1,1,,0,0,0,1,1,,0,0,0,1,1,,0,0,0,1,1,,0,0,0,1,1,,0,0,0,1,1,,0,0,0,1,1,,0,0,0,1,1,,0,0,0,1,1,,0,0,0,1,1,,0.0,21.72839506,3,0.0,21.72839506,3
GhCrCDaZxSMt9T1kaxLmfVg7JrkRQa4bKgyrSmfapump,155,True,3,0,0,0,0,0,3,,0,0,0,0,3,,0,0,0,0,3,,3,0,0,0,0,0,3,,0,0,0,0,3,,0,0,0,0,3,,0,0,0,0,3,,0,0,0,0,3,,0,0,0,0,3,,0,0,0,0,3,,0,0,0,0,3,,0,0,0,0,3,,0,0,0,0,3,,0,0,0,0,3,,0,0,0,0,3,,0,0,0,0,3,,0,0,0,0,3,,0,0,0,0,3,,0.0,0.200000001,3,0.0,0.200000001,3
JDwnM2HrcYACvy5xpuLAQVtDbFhSqoPmdH9UPypoERny,156,True,4,0,2,0,2,0,2,1.0,2,0,2,0,2,1.0,2,0,2,0,2,1.0,4,0,2,0,2,0,2,1.0,2,0,2,0,2,1.0,2,0,2,0,2,1.0,2,0,2,0,2,1.0,2,0,2,0,2,1.0,2,0,2,0,2,1.0,2,0,2,0,2,1.0,2,0,2,0,2,1.0,2,0,2,0,2,1.0,2,0,2,0,2,1.0,2,0,2,0,2,1.0,2,0,2,0,2,1.0,2,0,2,0,2,1.0,2,0,2,0,2,1.0,2,0,2,0,2,1.0,0.0,4.938271604,4,0.0,4.938271604,4
Q22a4NnVJcuWFDmW24wmzYfQEhUfmYDFP3v7NKwpump,157,True,30,0,0,0,0,7,23,0.0,0,0,0,7,23,0.0,0,0,0,7,23,0.0,30,0,0,0,0,7,23,0.0,0,0,0,7,23,0.0,0,0,0,7,23,0.0,0,0,0,7,23,0.0,0,0,0,7,23,0.0,0,0,0,7,23,0.0,0,0,0,7,23,0.0,0,0,0,7,23,0.0,0,0,0,7,23,0.0,0,0,0,7,23,0.0,0,0,0,7,23,0.0,0,0,0,7,23,0.0,0,0,0,7,23,0.0,0,0,0,7,23,0.0,0,0,0,7,23,0.0,0.1081081081081081,3.950617282,37,0.05,3.950617282,80
6oxBN1fAeLLLU3s57jEUagtXWmhosJbiJzuuA1Txpump,158,True,7,0,0,0,0,4,3,0.0,0,0,0,4,3,0.0,0,0,0,4,3,0.0,30,0,0,0,0,9,21,0.0,0,0,0,9,21,0.0,0,0,0,9,21,0.0,0,0,0,4,3,0.0,0,0,0,4,3,0.0,0,0,0,4,3,0.0,0,0,0,9,21,0.0,0,0,0,9,21,0.0,0,0,0,9,21,0.0,0,0,0,4,3,0.0,0,0,0,4,3,0.0,0,0,0,4,3,0.0,0,0,0,9,21,0.0,0,0,0,9,21,0.0,0,0,0,9,21,0.0,1.0,0.049375009,7,0.1666666666666666,0.049375009,42
3bnUq1GFPpxAq7zrWkkggAn8s9ZYsxeQB2R9zsnepump,159,True,3,1,0,0,0,1,1,,0,0,0,1,1,,0,0,0,1,1,,3,1,0,0,0,1,1,,0,0,0,1,1,,0,0,0,1,1,,0,0,0,1,1,,0,0,0,1,1,,0,0,0,1,1,,0,0,0,1,1,,0,0,0,1,1,,0,0,0,1,1,,0,0,0,1,1,,0,0,0,1,1,,0,0,0,1,1,,0,0,0,1,1,,0,0,0,1,1,,0,0,0,1,1,,0.0,0.050084894,3,0.0,0.050084894,3
GFbmpE8dNDHmKjoZyTQXmjN74F1eoXE7M5smzU8ppump,160,True,6,0,0,0,0,4,2,0.0,0,0,0,1,5,,0,0,0,1,5,,12,0,0,0,0,9,3,0.0,0,0,0,1,11,,0,0,0,1,11,,0,0,0,4,2,0.0,0,0,0,1,5,,0,0,0,1,5,,2,0,2,7,3,0.2222222222222222,0,0,0,1,11,,0,0,0,1,11,,0,0,0,4,2,0.0,0,0,0,1,5,,0,0,0,1,5,,0,0,0,9,3,0.0,0,0,0,1,11,,0,0,0,1,11,,0.8333333333333334,0.752847943,6,0.4166666666666667,0.752847943,12
3g7j8nhrAnARBheFPhn89Jv4Js18GiLv3bN1QfGepump,161,True,3,0,3,3,2,0,0,1.0,3,3,2,0,0,1.0,3,3,2,0,0,1.0,5,0,3,3,2,0,2,1.0,3,3,2,0,2,1.0,3,3,2,0,2,1.0,3,3,2,0,0,1.0,3,3,2,0,0,1.0,3,3,2,0,0,1.0,3,3,2,0,2,1.0,3,3,2,0,2,1.0,3,3,2,0,2,1.0,3,3,2,0,0,1.0,3,3,2,0,0,1.0,3,3,2,0,0,1.0,3,3,2,0,2,1.0,3,3,2,0,2,1.0,3,3,2,0,2,1.0,1.0,5.0,3,0.6,5.0,5
223aLxMkJ9ugP9DYjf8krKJdDWdnXpoVArpP4X8ipump,162,True,30,0,2,2,2,4,24,0.3333333333333333,2,2,2,4,24,0.3333333333333333,2,2,2,4,24,0.3333333333333333,30,0,2,2,2,4,24,0.3333333333333333,2,2,2,4,24,0.3333333333333333,2,2,2,4,24,0.3333333333333333,2,2,2,4,24,0.3333333333333333,2,2,2,4,24,0.3333333333333333,2,2,2,4,24,0.3333333333333333,2,2,2,4,24,0.3333333333333333,2,2,2,4,24,0.3333333333333333,2,2,2,4,24,0.3333333333333333,2,2,2,4,24,0.3333333333333333,2,2,2,4,24,0.3333333333333333,2,2,2,4,24,0.3333333333333333,2,2,2,4,24,0.3333333333333333,2,2,2,4,24,0.3333333333333333,2,2,2,4,24,0.3333333333333333,0.0,1.679012344,30,0.0,1.679012344,45
CmFLTZfo9u7eCrD1Z7rcpPrShDq7XeAhA7EPmBgVpump,163,True,24,0,0,0,0,10,14,0.0,0,0,0,10,14,0.0,0,0,0,10,14,0.0,30,0,0,0,0,11,19,0.0,0,0,0,11,19,0.0,0,0,0,11,19,0.0,2,0,2,8,14,0.2,2,0,2,8,14,0.2,2,0,2,8,14,0.2,2,0,2,9,19,0.18181818181818182,2,0,2,9,19,0.18181818181818182,2,0,2,9,19,0.18181818181818182,0,0,0,10,14,0.0,0,0,0,10,14,0.0,0,0,0,10,14,0.0,0,0,0,11,19,0.0,0,0,0,11,19,0.0,0,0,0,11,19,0.0,0.25,34.567901233,24,0.0530973451327433,34.567901233,113
Fgs78xygGbUNQSKNL28HsZR17LEvh4j8Kczzzg4Lpump,164,True,23,0,0,0,0,12,11,0.0,0,0,0,12,11,0.0,0,0,0,12,11,0.0,30,0,0,0,0,16,14,0.0,0,0,0,16,14,0.0,0,0,0,16,14,0.0,3,0,3,9,11,0.25,3,0,3,9,11,0.25,3,0,3,9,11,0.25,5,0,5,11,14,0.3125,5,0,5,11,14,0.3125,5,0,5,11,14,0.3125,0,0,0,12,11,0.0,0,0,0,12,11,0.0,0,0,0,12,11,0.0,0,0,0,16,14,0.0,0,0,0,16,14,0.0,0,0,0,16,14,0.0,0.217391304347826,0.98765432,23,0.0833333333333333,0.98765432,60
JCKwsT8UAbygnFkZ7u3amDUM7BXRtwUhCsHQv2khpump,165,True,30,0,2,0,2,11,17,0.15384615384615385,2,0,2,11,17,0.15384615384615385,2,0,2,11,17,0.15384615384615385,30,0,2,0,2,11,17,0.15384615384615385,2,0,2,11,17,0.15384615384615385,2,0,2,11,17,0.15384615384615385,4,0,4,9,17,0.3076923076923077,4,0,4,9,17,0.3076923076923077,4,0,4,9,17,0.3076923076923077,4,0,4,9,17,0.3076923076923077,4,0,4,9,17,0.3076923076923077,4,0,4,9,17,0.3076923076923077,2,0,2,11,17,0.15384615384615385,2,0,2,11,17,0.15384615384615385,2,0,2,11,17,0.15384615384615385,2,0,2,11,17,0.15384615384615385,2,0,2,11,17,0.15384615384615385,2,0,2,11,17,0.15384615384615385,0.0166666666666666,0.493827159,60,0.0108695652173913,0.493827159,92
7n7yYgFUx2Ux6VLA15PQ4dU26EbLFmJCLws2rt1Upump,166,True,4,1,0,0,0,0,3,,0,0,0,0,3,,0,0,0,0,3,,4,1,0,0,0,0,3,,0,0,0,0,3,,0,0,0,0,3,,0,0,0,0,3,,0,0,0,0,3,,0,0,0,0,3,,0,0,0,0,3,,0,0,0,0,3,,0,0,0,0,3,,0,0,0,0,3,,0,0,0,0,3,,0,0,0,0,3,,0,0,0,0,3,,0,0,0,0,3,,0,0,0,0,3,,0.0,0.249285867,4,0.0,0.249285867,4
5nSGsbsNZkHWxhiXgobYnwr1RnrKZrXTSm7sU6Gcpump,167,True,21,0,0,0,0,14,7,0.0,0,0,0,0,21,,0,0,0,0,21,,30,0,0,0,0,23,7,0.0,0,0,0,0,30,,0,0,0,0,30,,0,0,0,14,7,0.0,0,0,0,0,21,,0,0,0,0,21,,0,0,0,23,7,0.0,0,0,0,0,30,,0,0,0,0,30,,0,0,0,14,7,0.0,0,0,0,0,21,,0,0,0,0,21,,0,0,0,23,7,0.0,0,0,0,0,30,,0,0,0,0,30,,0.1428571428571428,3.0,21,0.081081081081081,3.0,37
3j71C3iWrVfBsd2ZACxRdjbG9fMwjsPHTjQpUe18pump,168,True,4,1,2,0,2,0,1,1.0,2,0,2,0,1,1.0,2,0,2,0,1,1.0,4,1,2,0,2,0,1,1.0,2,0,2,0,1,1.0,2,0,2,0,1,1.0,2,0,2,0,1,1.0,2,0,2,0,1,1.0,2,0,2,0,1,1.0,2,0,2,0,1,1.0,2,0,2,0,1,1.0,2,0,2,0,1,1.0,2,0,2,0,1,1.0,2,0,2,0,1,1.0,2,0,2,0,1,1.0,2,0,2,0,1,1.0,2,0,2,0,1,1.0,2,0,2,0,1,1.0,0.0,0.050084894,4,0.0,0.050084894,4
Dc8gXktgf7YvWd8zof1yc4pDCTywtCLsirzT5Wzkpump,169,True,7,0,3,3,3,1,3,0.75,3,3,3,1,3,0.75,3,3,3,1,3,0.75,7,0,3,3,3,1,3,0.75,3,3,3,1,3,0.75,3,3,3,1,3,0.75,3,3,3,1,3,0.75,3,3,3,1,3,0.75,3,3,3,1,3,0.75,3,3,3,1,3,0.75,3,3,3,1,3,0.75,3,3,3,1,3,0.75,3,3,3,1,3,0.75,3,3,3,1,3,0.75,3,3,3,1,3,0.75,3,3,3,1,3,0.75,3,3,3,1,3,0.75,3,3,3,1,3,0.75,0.8571428571428571,1.0,7,0.8571428571428571,1.0,7
AVgaN7LEWzXoSZzcQz8ezoz2df1SSxWaV4VXa7Jkpump,170,True,3,0,0,0,0,2,1,0.0,0,0,0,2,1,0.0,0,0,0,2,1,0.0,3,0,0,0,0,2,1,0.0,0,0,0,2,1,0.0,0,0,0,2,1,0.0,1,1,0,1,1,0.5,1,1,0,1,1,0.5,1,1,0,1,1,0.5,1,1,0,1,1,0.5,1,1,0,1,1,0.5,1,1,0,1,1,0.5,0,0,0,2,1,0.0,0,0,0,2,1,0.0,0,0,0,2,1,0.0,0,0,0,2,1,0.0,0,0,0,2,1,0.0,0,0,0,2,1,0.0,1.0,0.35,3,1.0,0.35,3
HLzTWPLG546SJTvVDAFZtwEwjSNdmqxD3NADiNv3pump,171,True,3,1,0,0,0,1,1,,0,0,0,1,1,,0,0,0,1,1,,7,1,0,0,0,3,3,0.0,0,0,0,3,3,0.0,0,0,0,3,3,0.0,0,0,0,1,1,,0,0,0,1,1,,0,0,0,1,1,,0,0,0,3,3,0.0,0,0,0,3,3,0.0,0,0,0,3,3,0.0,0,0,0,1,1,,0,0,0,1,1,,0,0,0,1,1,,0,0,0,3,3,0.0,0,0,0,3,3,0.0,0,0,0,3,3,0.0,0.0,0.100000001,3,0.0,0.198765431,7
CtS5cau7gGC5LBX5WnLD22vG7sBSEUfFQN5Ri9uapump,172,True,4,0,3,3,0,0,1,1.0,3,3,0,0,1,1.0,3,3,0,0,1,1.0,13,0,3,3,0,1,9,0.75,3,3,0,1,9,0.75,3,3,0,1,9,0.75,3,3,0,0,1,1.0,3,3,0,0,1,1.0,3,3,0,0,1,1.0,3,3,0,1,9,0.75,3,3,0,1,9,0.75,3,3,0,1,9,0.75,3,3,0,0,1,1.0,3,3,0,0,1,1.0,3,3,0,0,1,1.0,3,3,0,1,9,0.75,3,3,0,1,9,0.75,3,3,0,1,9,0.75,0.75,4.0,4,0.2307692307692307,4.0,13
DX9HRPZrQLXG2WZ4jFC3QNn2KEhXuVoY262fs5sBpump,173,True,4,1,0,0,0,2,1,0.0,0,0,0,2,1,0.0,0,0,0,2,1,0.0,5,1,0,0,0,2,2,0.0,0,0,0,2,2,0.0,0,0,0,2,2,0.0,0,0,0,2,1,0.0,0,0,0,2,1,0.0,0,0,0,2,1,0.0,0,0,0,2,2,0.0,0,0,0,2,2,0.0,0,0,0,2,2,0.0,0,0,0,2,1,0.0,0,0,0,2,1,0.0,0,0,0,2,1,0.0,0,0,0,2,2,0.0,0,0,0,2,2,0.0,0,0,0,2,2,0.0,0.0,0.059876543,4,0.0,0.059876543,5
DSvvWUVbudA4Xd6JeP7xyTgQrGv63nJvwjhLJdbXpump,174,True,4,1,0,0,0,0,3,,0,0,0,0,3,,0,0,0,0,3,,4,1,0,0,0,0,3,,0,0,0,0,3,,0,0,0,0,3,,0,0,0,0,3,,0,0,0,0,3,,0,0,0,0,3,,0,0,0,0,3,,0,0,0,0,3,,0,0,0,0,3,,0,0,0,0,3,,0,0,0,0,3,,0,0,0,0,3,,0,0,0,0,3,,0,0,0,0,3,,0,0,0,0,3,,0.0,8.921422178,4,0.0,8.921422178,4
6dNfq3q6N8RGTLGwPfLcf3GUEvmrfhd1YFzyCn9xpump,175,True,3,1,0,0,0,1,1,,0,0,0,1,1,,0,0,0,1,1,,3,1,0,0,0,1,1,,0,0,0,1,1,,0,0,0,1,1,,0,0,0,1,1,,0,0,0,1,1,,0,0,0,1,1,,0,0,0,1,1,,0,0,0,1,1,,0,0,0,1,1,,0,0,0,1,1,,0,0,0,1,1,,0,0,0,1,1,,0,0,0,1,1,,0,0,0,1,1,,0,0,0,1,1,,0.0,0.100000001,3,0.0,0.100000001,3
6yxLF2HpbzQehJZrpZS6MiAktSdc9NmDQ1sSWJyYpump,176,True,25,0,0,0,0,3,22,0.0,0,0,0,3,22,0.0,0,0,0,3,22,0.0,30,0,0,0,0,4,26,0.0,0,0,0,4,26,0.0,0,0,0,4,26,0.0,0,0,0,3,22,0.0,0,0,0,3,22,0.0,0,0,0,3,22,0.0,0,0,0,4,26,0.0,0,0,0,4,26,0.0,0,0,0,4,26,0.0,0,0,0,3,22,0.0,0,0,0,3,22,0.0,0,0,0,3,22,0.0,0,0,0,4,26,0.0,0,0,0,4,26,0.0,0,0,0,4,26,0.0,0.28,2.469135801,25,0.1707317073170731,2.469135801,41
FSTmbDcRSdsPpHaZEBZXNbL6LUpjT91tkNSwQ6Qypump,177,True,7,0,0,0,0,7,0,0.0,0,0,0,7,0,0.0,0,0,0,7,0,0.0,7,0,0,0,0,7,0,0.0,0,0,0,7,0,0.0,0,0,0,7,0,0.0,0,0,0,7,0,0.0,0,0,0,7,0,0.0,0,0,0,7,0,0.0,0,0,0,7,0,0.0,0,0,0,7,0,0.0,0,0,0,7,0,0.0,0,0,0,7,0,0.0,0,0,0,7,0,0.0,0,0,0,7,0,0.0,0,0,0,7,0,0.0,0,0,0,7,0,0.0,0,0,0,7,0,0.0,1.0,3.358024691,7,1.0,3.358024691,7
HMRSZL2Rm5gjrtYHjnhAbeL9Rr3EwqpnvqA7yfRHpump,178,True,22,0,0,0,0,9,13,0.0,0,0,0,9,13,0.0,0,0,0,9,13,0.0,30,0,0,0,0,12,18,0.0,0,0,0,12,18,0.0,0,0,0,12,18,0.0,0,0,0,9,13,0.0,0,0,0,9,13,0.0,0,0,0,9,13,0.0,0,0,0,12,18,0.0,0,0,0,12,18,0.0,0,0,0,12,18,0.0,0,0,0,9,13,0.0,0,0,0,9,13,0.0,0,0,0,9,13,0.0,0,0,0,12,18,0.0,0,0,0,12,18,0.0,0,0,0,12,18,0.0,0.1818181818181818,5.0,22,0.1212121212121212,5.0,33
6gEjyupDG6HeyRprQcm6uiVz1Q4XKBW6uiL6GnhDpump,179,True,9,0,0,0,0,1,8,,0,0,0,1,8,,0,0,0,1,8,,18,0,0,0,0,3,15,0.0,0,0,0,3,15,0.0,0,0,0,3,15,0.0,0,0,0,1,8,,0,0,0,1,8,,0,0,0,1,8,,2,0,2,1,15,0.6666666666666666,2,0,2,1,15,0.6666666666666666,2,0,2,1,15,0.6666666666666666,0,0,0,1,8,,0,0,0,1,8,,0,0,0,1,8,,0,0,0,3,15,0.0,0,0,0,3,15,0.0,0,0,0,3,15,0.0,0.2222222222222222,5.0,9,0.1111111111111111,5.0,18
CrCh9t2uUffScfJHFSaDkNJL4oazHzp6XZBjtN5Apump,180,True,3,0,0,0,0,1,2,,0,0,0,1,2,,0,0,0,1,2,,3,0,0,0,0,1,2,,0,0,0,1,2,,0,0,0,1,2,,0,0,0,1,2,,0,0,0,1,2,,0,0,0,1,2,,0,0,0,1,2,,0,0,0,1,2,,0,0,0,1,2,,0,0,0,1,2,,0,0,0,1,2,,0,0,0,1,2,,0,0,0,1,2,,0,0,0,1,2,,0,0,0,1,2,,0.3333333333333333,1.97530864,3,0.3333333333333333,1.97530864,3
3Le4ixZX4um3d3kZQFMoNSKsPJimpNxcz3ubqF21pump,181,True,4,1,0,0,0,3,0,0.0,0,0,0,3,0,0.0,0,0,0,3,0,0.0,4,1,0,0,0,3,0,0.0,0,0,0,3,0,0.0,0,0,0,3,0,0.0,0,0,0,3,0,0.0,0,0,0,3,0,0.0,0,0,0,3,0,0.0,0,0,0,3,0,0.0,0,0,0,3,0,0.0,0,0,0,3,0,0.0,0,0,0,3,0,0.0,0,0,0,3,0,0.0,0,0,0,3,0,0.0,0,0,0,3,0,0.0,0,0,0,3,0,0.0,0,0,0,3,0,0.0,0.0,0.2,4,0.0,0.2,4
GbVo4nTggWNTaocMsqQcDQCkP2f92rgKj6XZaWfUpump,182,True,20,0,0,0,0,6,14,0.0,0,0,0,6,14,0.0,0,0,0,6,14,0.0,30,0,0,0,0,8,22,0.0,0,0,0,8,22,0.0,0,0,0,8,22,0.0,2,0,2,4,14,0.3333333333333333,2,0,2,4,14,0.3333333333333333,2,0,2,4,14,0.3333333333333333,3,0,3,5,22,0.375,3,0,3,5,22,0.375,3,0,3,5,22,0.375,0,0,0,6,14,0.0,0,0,0,6,14,0.0,0,0,0,6,14,0.0,0,0,0,8,22,0.0,0,0,0,8,22,0.0,0,0,0,8,22,0.0,0.1,3.0,20,0.0277777777777777,3.0,72
9eo3spKZMTVEKqg9peXa87spn8WWS8kbcCezeT66pump,183,True,6,0,2,0,2,2,2,0.5,2,0,2,2,2,0.5,2,0,2,2,2,0.5,20,0,2,0,2,7,11,0.2222222222222222,2,0,2,7,11,0.2222222222222222,2,0,2,7,11,0.2222222222222222,2,0,2,2,2,0.5,2,0,2,2,2,0.5,2,0,2,2,2,0.5,6,0,6,3,11,0.6666666666666666,6,0,6,3,11,0.6666666666666666,6,0,6,3,11,0.6666666666666666,2,0,2,2,2,0.5,2,0,2,2,2,0.5,2,0,2,2,2,0.5,2,0,2,7,11,0.2222222222222222,2,0,2,7,11,0.2222222222222222,2,0,2,7,11,0.2222222222222222,0.6666666666666666,1.9,6,0.2,1.9,20
7TZB7rnX6Autav2vwv6A1xx8h6s6NsyfXTxVryKfpump,184,True,21,0,0,0,0,7,14,0.0,0,0,0,7,14,0.0,0,0,0,7,14,0.0,30,0,0,0,0,9,21,0.0,0,0,0,9,21,0.0,0,0,0,9,21,0.0,0,0,0,7,14,0.0,0,0,0,7,14,0.0,0,0,0,7,14,0.0,0,0,0,9,21,0.0,0,0,0,9,21,0.0,0,0,0,9,21,0.0,0,0,0,7,14,0.0,0,0,0,7,14,0.0,0,0,0,7,14,0.0,0,0,0,9,21,0.0,0,0,0,9,21,0.0,0,0,0,9,21,0.0,0.0952380952380952,1.97530864,21,0.0333333333333333,1.97530864,60
82gxnQ7ZGiTRcYBJzPVDnF3XQYb7f6XNp1yDj7fopump,185,True,3,1,0,0,0,0,2,,0,0,0,0,2,,0,0,0,0,2,,4,1,0,0,0,1,2,,0,0,0,1,2,,0,0,0,1,2,,0,0,0,0,2,,0,0,0,0,2,,0,0,0,0,2,,0,0,0,1,2,,0,0,0,1,2,,0,0,0,1,2,,0,0,0,0,2,,0,0,0,0,2,,0,0,0,0,2,,0,0,0,1,2,,0,0,0,1,2,,0,0,0,1,2,,0.0,0.250000001,3,0.0,0.250000001,4
FjWeJFuuVPZYbsUPXyAwdc64CzNsJaMbk1VdQvZpump,186,True,20,0,0,0,0,3,17,0.0,0,0,0,3,17,0.0,0,0,0,3,17,0.0,30,0,0,0,0,7,23,0.0,0,0,0,7,23,0.0,0,0,0,7,23,0.0,2,0,2,1,17,0.6666666666666666,2,0,2,1,17,0.6666666666666666,2,0,2,1,17,0.6666666666666666,2,0,2,5,23,0.2857142857142857,2,0,2,5,23,0.2857142857142857,2,0,2,5,23,0.2857142857142857,0,0,0,3,17,0.0,0,0,0,3,17,0.0,0,0,0,3,17,0.0,0,0,0,7,23,0.0,0,0,0,7,23,0.0,0,0,0,7,23,0.0,0.0,7.901234566,20,0.0,7.901234566,39
32ogU8e9f3nvbpCXJT8voAvQQEnfVKDQ1hfbgS1bpump,187,True,12,0,0,0,0,3,9,0.0,0,0,0,3,9,0.0,0,0,0,3,9,0.0,19,0,0,0,0,9,10,0.0,0,0,0,9,10,0.0,0,0,0,9,10,0.0,0,0,0,3,9,0.0,0,0,0,3,9,0.0,0,0,0,3,9,0.0,3,0,3,6,10,0.3333333333333333,3,0,3,6,10,0.3333333333333333,3,0,3,6,10,0.3333333333333333,0,0,0,3,9,0.0,0,0,0,3,9,0.0,0,0,0,3,9,0.0,0,0,0,9,10,0.0,0,0,0,9,10,0.0,0,0,0,9,10,0.0,0.3333333333333333,1.124000208,12,0.2105263157894736,1.124000208,19
Fw5Gphk4hV7Vy1gZqmN4grmfXZpJZHhKF232Htgjpump,188,True,3,0,0,0,0,1,2,,0,0,0,1,2,,0,0,0,1,2,,9,0,0,0,0,6,3,0.0,0,0,0,2,7,0.0,0,0,0,2,7,0.0,0,0,0,1,2,,0,0,0,1,2,,0,0,0,1,2,,0,0,0,6,3,0.0,0,0,0,2,7,0.0,0,0,0,2,7,0.0,0,0,0,1,2,,0,0,0,1,2,,0,0,0,1,2,,0,0,0,6,3,0.0,0,0,0,2,7,0.0,0,0,0,2,7,0.0,0.3333333333333333,14.814814813,3,0.1111111111111111,14.814814813,9
4d5EVubrANTaT9cNKDYKyLwkKkB1F3HGoHwowboMpump,189,True,5,1,0,0,0,2,2,0.0,0,0,0,2,2,0.0,0,0,0,2,2,0.0,11,1,0,0,0,8,2,0.0,0,0,0,8,2,0.0,0,0,0,8,2,0.0,0,0,0,2,2,0.0,0,0,0,2,2,0.0,0,0,0,2,2,0.0,0,0,0,8,2,0.0,0,0,0,8,2,0.0,0,0,0,8,2,0.0,0,0,0,2,2,0.0,0,0,0,2,2,0.0,0,0,0,2,2,0.0,0,0,0,8,2,0.0,0,0,0,8,2,0.0,0,0,0,8,2,0.0,0.0,0.050000001,5,0.0,0.099382716,11
Wwd1He1zcD9vABqB13TkxLgpywfbnjyB2wVtufUpump,190,True,3,1,0,0,0,1,1,,0,0,0,1,1,,0,0,0,1,1,,3,1,0,0,0,1,1,,0,0,0,1,1,,0,0,0,1,1,,0,0,0,1,1,,0,0,0,1,1,,0,0,0,1,1,,0,0,0,1,1,,0,0,0,1,1,,0,0,0,1,1,,0,0,0,1,1,,0,0,0,1,1,,0,0,0,1,1,,0,0,0,1,1,,0,0,0,1,1,,0,0,0,1,1,,0.0,1.987654321,3,0.0,3.962962961,3
Bmtq1UVjiAQDdBhtDs9NpUzWcnfUpKedw4Avgyqppump,191,True,3,1,0,0,0,1,1,,0,0,0,1,1,,0,0,0,1,1,,3,1,0,0,0,1,1,,0,0,0,1,1,,0,0,0,1,1,,0,0,0,1,1,,0,0,0,1,1,,0,0,0,1,1,,0,0,0,1,1,,0,0,0,1,1,,0,0,0,1,1,,0,0,0,1,1,,0,0,0,1,1,,0,0,0,1,1,,0,0,0,1,1,,0,0,0,1,1,,0,0,0,1,1,,0.0,2.975308641,3,0.0,10.876543205,3
zx5n9zHKaeZfePUdjXvEik6bfUbAUK29CUfvSbjpump,192,True,3,1,0,0,0,0,2,,0,0,0,0,2,,0,0,0,0,2,,3,1,0,0,0,0,2,,0,0,0,0,2,,0,0,0,0,2,,0,0,0,0,2,,0,0,0,0,2,,0,0,0,0,2,,0,0,0,0,2,,0,0,0,0,2,,0,0,0,0,2,,0,0,0,0,2,,0,0,0,0,2,,0,0,0,0,2,,0,0,0,0,2,,0,0,0,0,2,,0,0,0,0,2,,0.0,0.148148147,3,0.0,0.148148147,3
BzyprFTeRtQvRdvkitvRty9mLke5ipGYjwtaAT5epump,193,True,3,1,0,0,0,1,1,,0,0,0,1,1,,0,0,0,1,1,,4,1,0,0,0,1,2,,0,0,0,1,2,,0,0,0,1,2,,0,0,0,1,1,,0,0,0,1,1,,0,0,0,1,1,,0,0,0,1,2,,0,0,0,1,2,,0,0,0,1,2,,0,0,0,1,1,,0,0,0,1,1,,0,0,0,1,1,,0,0,0,1,2,,0,0,0,1,2,,0,0,0,1,2,,0.0,0.059876543,3,0.0,0.059876543,4
BU3SDSfLTQB8cDvfsbeJjAK8jYQ4AuqVnEVNNXapump,194,True,30,0,0,0,0,10,20,0.0,0,0,0,10,20,0.0,0,0,0,10,20,0.0,30,0,0,0,0,10,20,0.0,0,0,0,10,20,0.0,0,0,0,10,20,0.0,3,0,3,7,20,0.3,3,0,3,7,20,0.3,3,0,3,7,20,0.3,3,0,3,7,20,0.3,3,0,3,7,20,0.3,3,0,3,7,20,0.3,0,0,0,10,20,0.0,0,0,0,10,20,0.0,0,0,0,10,20,0.0,0,0,0,10,20,0.0,0,0,0,10,20,0.0,0,0,0,10,20,0.0,0.4,11.259259259,30,0.2727272727272727,11.259259259,44
5ftqkFgzqjruGbmkjH3ySJAhqGREzV4suc6rbBCPpump,195,True,8,0,0,0,0,3,5,0.0,0,0,0,3,5,0.0,0,0,0,3,5,0.0,13,0,0,0,0,5,8,0.0,0,0,0,5,8,0.0,0,0,0,5,8,0.0,0,0,0,3,5,0.0,0,0,0,3,5,0.0,0,0,0,3,5,0.0,0,0,0,5,8,0.0,0,0,0,5,8,0.0,0,0,0,5,8,0.0,0,0,0,3,5,0.0,0,0,0,3,5,0.0,0,0,0,3,5,0.0,0,0,0,5,8,0.0,0,0,0,5,8,0.0,0,0,0,5,8,0.0,0.875,0.100000018,8,0.5384615384615384,0.100000018,13
4yDYmNah3QDGS8WReYhAiYTMgschmv5Q2CESDegdpump,196,True,3,0,0,0,0,2,1,0.0,0,0,0,2,1,0.0,0,0,0,2,1,0.0,3,0,0,0,0,2,1,0.0,0,0,0,2,1,0.0,0,0,0,2,1,0.0,0,0,0,2,1,0.0,0,0,0,2,1,0.0,0,0,0,2,1,0.0,0,0,0,2,1,0.0,0,0,0,2,1,0.0,0,0,0,2,1,0.0,0,0,0,2,1,0.0,0,0,0,2,1,0.0,0,0,0,2,1,0.0,0,0,0,2,1,0.0,0,0,0,2,1,0.0,0,0,0,2,1,0.0,0.0,0.98765432,3,0.0,0.98765432,3
4kVbiCGfRHGTDcnUmnZZJ7v5wFX2pz8nMyV43fbfpump,197,True,3,1,0,0,0,1,1,,0,0,0,1,1,,0,0,0,1,1,,4,1,0,0,0,2,1,0.0,0,0,0,2,1,0.0,0,0,0,2,1,0.0,0,0,0,1,1,,0,0,0,1,1,,0,0,0,1,1,,0,0,0,2,1,0.0,0,0,0,2,1,0.0,0,0,0,2,1,0.0,0,0,0,1,1,,0,0,0,1,1,,0,0,0,1,1,,0,0,0,2,1,0.0,0,0,0,2,1,0.0,0,0,0,2,1,0.0,0.0,4.777654319000001,3,0.0,6.259135796000002,4
F9fAvYaLqyicibAynqZp2ZtaMs5BUecQexMw1rgupump,198,True,4,0,0,0,0,0,4,,0,0,0,0,4,,0,0,0,0,4,,4,0,0,0,0,0,4,,0,0,0,0,4,,0,0,0,0,4,,0,0,0,0,4,,0,0,0,0,4,,0,0,0,0,4,,0,0,0,0,4,,0,0,0,0,4,,0,0,0,0,4,,0,0,0,0,4,,0,0,0,0,4,,0,0,0,0,4,,0,0,0,0,4,,0,0,0,0,4,,0,0,0,0,4,,1.0,0.98765432,4,1.0,0.98765432,4
GwzpjjZk8Dj9JoUDJsBc2oi7ADV1PqrtVsXCVwTXpump,199,True,3,1,0,0,0,0,2,,0,0,0,0,2,,0,0,0,0,2,,5,1,0,0,0,1,3,,0,0,0,1,3,,0,0,0,1,3,,0,0,0,0,2,,0,0,0,0,2,,0,0,0,0,2,,1,1,0,0,3,,1,1,0,0,3,,1,1,0,0,3,,0,0,0,0,2,,0,0,0,0,2,,0,0,0,0,2,,0,0,0,1,3,,0,0,0,1,3,,0,0,0,1,3,,0.0,1.757654321,3,0.0,1.757654321,5
J5fGfoEKJfoyaoUdV2FyGvZn5DSgWsQR9bPj3vTapump,200,True,4,1,0,0,0,2,1,0.0,0,0,0,2,1,0.0,0,0,0,2,1,0.0,5,1,0,0,0,3,1,0.0,0,0,0,3,1,0.0,0,0,0,3,1,0.0,0,0,0,2,1,0.0,0,0,0,2,1,0.0,0,0,0,2,1,0.0,0,0,0,3,1,0.0,0,0,0,3,1,0.0,0,0,0,3,1,0.0,0,0,0,2,1,0.0,0,0,0,2,1,0.0,0,0,0,2,1,0.0,0,0,0,3,1,0.0,0,0,0,3,1,0.0,0,0,0,3,1,0.0,0.0,0.98765432,4,0.0,0.98765432,5
AyxzZKH6DYe1hg8HBERBg99aPsHnSk4EAC397TcApump,201,True,20,0,0,0,0,3,17,0.0,0,0,0,3,17,0.0,0,0,0,3,17,0.0,22,0,0,0,0,3,19,0.0,0,0,0,3,19,0.0,0,0,0,3,19,0.0,0,0,0,3,17,0.0,0,0,0,3,17,0.0,0,0,0,3,17,0.0,0,0,0,3,19,0.0,0,0,0,3,19,0.0,0,0,0,3,19,0.0,0,0,0,3,17,0.0,0,0,0,3,17,0.0,0,0,0,3,17,0.0,0,0,0,3,19,0.0,0,0,0,3,19,0.0,0,0,0,3,19,0.0,0.35,0.98765432,20,0.3181818181818182,0.98765432,22
Ftv6Ga4j9z5aGmD3gY82HufocjsbMVNrxE5LBNugpump,202,True,10,0,0,0,0,3,7,0.0,0,0,0,3,7,0.0,0,0,0,3,7,0.0,30,0,6,0,6,9,15,0.4,6,0,6,9,15,0.4,6,0,6,9,15,0.4,3,0,3,0,7,1.0,3,0,3,0,7,1.0,3,0,3,0,7,1.0,9,0,9,6,15,0.6,9,0,9,6,15,0.6,9,0,9,6,15,0.6,0,0,0,3,7,0.0,0,0,0,3,7,0.0,0,0,0,3,7,0.0,6,0,6,9,15,0.4,6,0,6,9,15,0.4,6,0,6,9,15,0.4,0.6,1.975308641,10,0.0895522388059701,1.975308641,67
BxVBZM2ZNTbfCGnbzEEVaqknZpBw3LN9FCXnHYEopump,203,True,7,0,0,0,0,0,7,,0,0,0,0,7,,0,0,0,0,7,,11,0,0,0,0,1,10,,0,0,0,1,10,,0,0,0,1,10,,0,0,0,0,7,,0,0,0,0,7,,0,0,0,0,7,,0,0,0,1,10,,0,0,0,1,10,,0,0,0,1,10,,0,0,0,0,7,,0,0,0,0,7,,0,0,0,0,7,,0,0,0,1,10,,0,0,0,1,10,,0,0,0,1,10,,0.8571428571428571,1.975308641,7,0.5454545454545454,1.975308641,11
neEsjE49vXzwB3fwZ6nyUj7JvpVhYvU9vj46q3spump,204,True,4,0,0,0,0,1,3,,0,0,0,1,3,,0,0,0,1,3,,8,0,0,0,0,5,3,0.0,0,0,0,5,3,0.0,0,0,0,5,3,0.0,0,0,0,1,3,,0,0,0,1,3,,0,0,0,1,3,,0,0,0,5,3,0.0,0,0,0,5,3,0.0,0,0,0,5,3,0.0,0,0,0,1,3,,0,0,0,1,3,,0,0,0,1,3,,0,0,0,5,3,0.0,0,0,0,5,3,0.0,0,0,0,5,3,0.0,1.0,1.90029692,4,0.5,1.90029692,8
CW9rfjEYUuXSjRuVLKsGdze8WYMKw7gn3GFmMwzNpump,205,True,14,0,0,0,0,3,11,0.0,0,0,0,3,11,0.0,0,0,0,3,11,0.0,29,0,0,0,0,9,20,0.0,0,0,0,9,20,0.0,0,0,0,9,20,0.0,0,0,0,3,11,0.0,0,0,0,3,11,0.0,0,0,0,3,11,0.0,2,0,2,7,20,0.2222222222222222,2,0,2,7,20,0.2222222222222222,2,0,2,7,20,0.2222222222222222,0,0,0,3,11,0.0,0,0,0,3,11,0.0,0,0,0,3,11,0.0,0,0,0,9,20,0.0,0,0,0,9,20,0.0,0,0,0,9,20,0.0,0.0,1.97530864,14,0.0,1.97530864,29
89H8rEa6SkeWC4ZjWaBUbiFodRHTdFeVhPkkaTE4pump,206,True,4,1,0,0,0,0,3,,0,0,0,0,3,,0,0,0,0,3,,4,1,0,0,0,0,3,,0,0,0,0,3,,0,0,0,0,3,,0,0,0,0,3,,0,0,0,0,3,,0,0,0,0,3,,0,0,0,0,3,,0,0,0,0,3,,0,0,0,0,3,,0,0,0,0,3,,0,0,0,0,3,,0,0,0,0,3,,0,0,0,0,3,,0,0,0,0,3,,0,0,0,0,3,,0.0,0.250000001,4,0.0,0.250000001,4
72yWLCSRPf1VyGpUy2DgcKow4u2go6AWcyQZuB8Wpump,207,True,18,0,0,0,0,6,12,0.0,0,0,0,6,12,0.0,0,0,0,6,12,0.0,30,0,0,0,0,10,20,0.0,0,0,0,10,20,0.0,0,0,0,10,20,0.0,1,1,0,5,12,0.16666666666666666,1,1,0,5,12,0.16666666666666666,1,1,0,5,12,0.16666666666666666,4,1,3,6,20,0.4,4,1,3,6,20,0.4,4,1,3,6,20,0.4,0,0,0,6,12,0.0,0,0,0,6,12,0.0,0,0,0,6,12,0.0,0,0,0,10,20,0.0,0,0,0,10,20,0.0,0,0,0,10,20,0.0,0.5,11.851851851,18,0.2727272727272727,11.851851851,33
5YeE9WFfGZnjjrFojmU4dBdEP2829YF6rSVsecNSpump,208,True,11,0,0,0,0,0,11,,0,0,0,0,11,,0,0,0,0,11,,12,0,0,0,0,1,11,,0,0,0,1,11,,0,0,0,1,11,,0,0,0,0,11,,0,0,0,0,11,,0,0,0,0,11,,0,0,0,1,11,,0,0,0,1,11,,0,0,0,1,11,,0,0,0,0,11,,0,0,0,0,11,,0,0,0,0,11,,0,0,0,1,11,,0,0,0,1,11,,0,0,0,1,11,,0.4545454545454545,1.975308641,11,0.4166666666666667,1.975308641,12
7Y7Gbg91FD7zNJ4t34j8M4eVsh6P6unC1tXDSXmYpump,209,True,3,1,0,0,0,0,2,,0,0,0,0,2,,0,0,0,0,2,,3,1,0,0,0,0,2,,0,0,0,0,2,,0,0,0,0,2,,0,0,0,0,2,,0,0,0,0,2,,0,0,0,0,2,,0,0,0,0,2,,0,0,0,0,2,,0,0,0,0,2,,0,0,0,0,2,,0,0,0,0,2,,0,0,0,0,2,,0,0,0,0,2,,0,0,0,0,2,,0,0,0,0,2,,0.0,0.060000001,3,0.0,0.060000001,3
ATRTwd2DbRBQXvxfHyg5r3kPMreiPi2T497zF1Gmpump,210,True,5,1,0,0,0,1,3,,0,0,0,1,3,,0,0,0,1,3,,6,1,0,0,0,2,3,0.0,0,0,0,2,3,0.0,0,0,0,2,3,0.0,0,0,0,1,3,,0,0,0,1,3,,0,0,0,1,3,,0,0,0,2,3,0.0,0,0,0,2,3,0.0,0,0,0,2,3,0.0,0,0,0,1,3,,0,0,0,1,3,,0,0,0,1,3,,0,0,0,2,3,0.0,0,0,0,2,3,0.0,0,0,0,2,3,0.0,0.0,0.099382716,5,0.0,0.099382716,6
7PtVQzwxbJ2Wrf3LprKS9FMg1FKyEVG8Q7t8r3Mgpump,211,True,19,0,0,0,0,2,17,0.0,0,0,0,2,17,0.0,0,0,0,2,17,0.0,30,0,0,0,0,6,24,0.0,0,0,0,6,24,0.0,0,0,0,6,24,0.0,0,0,0,2,17,0.0,0,0,0,2,17,0.0,0,0,0,2,17,0.0,0,0,0,6,24,0.0,0,0,0,6,24,0.0,0,0,0,6,24,0.0,0,0,0,2,17,0.0,0,0,0,2,17,0.0,0,0,0,2,17,0.0,0,0,0,6,24,0.0,0,0,0,6,24,0.0,0,0,0,6,24,0.0,0.1052631578947368,0.005592842,19,0.0425531914893617,0.005592842,47
2oP7a1jrLgfuSHmBPMxteJZ1VzgBUkrMydQBxomEpump,212,True,28,0,0,0,0,14,14,0.0,0,0,0,14,14,0.0,0,0,0,14,14,0.0,30,0,0,0,0,15,15,0.0,0,0,0,15,15,0.0,0,0,0,15,15,0.0,0,0,0,14,14,0.0,0,0,0,14,14,0.0,0,0,0,14,14,0.0,0,0,0,15,15,0.0,0,0,0,15,15,0.0,0,0,0,15,15,0.0,0,0,0,14,14,0.0,0,0,0,14,14,0.0,0,0,0,14,14,0.0,0,0,0,15,15,0.0,0,0,0,15,15,0.0,0,0,0,15,15,0.0,0.3928571428571428,14.814814814,28,0.0990990990990991,14.814814814,111
2adcdqZedrHJBRSmoSgagENAsuiLjpxCgDcEsY4Vpump,213,True,3,1,0,0,0,1,1,,0,0,0,1,1,,0,0,0,1,1,,3,1,0,0,0,1,1,,0,0,0,1,1,,0,0,0,1,1,,0,0,0,1,1,,0,0,0,1,1,,0,0,0,1,1,,0,0,0,1,1,,0,0,0,1,1,,0,0,0,1,1,,0,0,0,1,1,,0,0,0,1,1,,0,0,0,1,1,,0,0,0,1,1,,0,0,0,1,1,,0,0,0,1,1,,0.0,0.592592591,3,0.0,0.592592591,3
DDn6e5rjCzn3XyDQo9pSM9ETngZBUjNkTT5bcDYYpump,214,True,3,1,0,0,0,1,1,,0,0,0,1,1,,0,0,0,1,1,,4,1,0,0,0,2,1,0.0,0,0,0,2,1,0.0,0,0,0,2,1,0.0,0,0,0,1,1,,0,0,0,1,1,,0,0,0,1,1,,0,0,0,2,1,0.0,0,0,0,2,1,0.0,0,0,0,2,1,0.0,0,0,0,1,1,,0,0,0,1,1,,0,0,0,1,1,,0,0,0,2,1,0.0,0,0,0,2,1,0.0,0,0,0,2,1,0.0,0.0,0.8,3,0.0,0.8,4
EqwRP67nBpzbLui7z9ui52rcU221wHj4Ziy9iCG2pump,215,True,6,0,3,3,0,0,3,1.0,3,3,0,0,3,1.0,3,3,0,0,3,1.0,6,0,3,3,0,0,3,1.0,3,3,0,0,3,1.0,3,3,0,0,3,1.0,3,3,0,0,3,1.0,3,3,0,0,3,1.0,3,3,0,0,3,1.0,3,3,0,0,3,1.0,3,3,0,0,3,1.0,3,3,0,0,3,1.0,3,3,0,0,3,1.0,3,3,0,0,3,1.0,3,3,0,0,3,1.0,3,3,0,0,3,1.0,3,3,0,0,3,1.0,3,3,0,0,3,1.0,0.5,5.0,6,0.5,5.0,6
9LCu7bif4AK8r6dmBc5xhfVPFhkaU4GBDYrjzGUPpump,216,True,3,0,0,0,0,0,3,,0,0,0,0,3,,0,0,0,0,3,,3,0,0,0,0,0,3,,0,0,0,0,3,,0,0,0,0,3,,0,0,0,0,3,,0,0,0,0,3,,0,0,0,0,3,,0,0,0,0,3,,0,0,0,0,3,,0,0,0,0,3,,0,0,0,0,3,,0,0,0,0,3,,0,0,0,0,3,,0,0,0,0,3,,0,0,0,0,3,,0,0,0,0,3,,0.0,3.0,3,0.0,3.0,3
DdSJodKNn8fLhHvJKcexhPXpSmyeciRD4LMeCUPqpump,217,True,4,0,0,0,0,0,4,,0,0,0,0,4,,0,0,0,0,4,,5,0,0,0,0,0,5,,0,0,0,0,5,,0,0,0,0,5,,0,0,0,0,4,,0,0,0,0,4,,0,0,0,0,4,,0,0,0,0,5,,0,0,0,0,5,,0,0,0,0,5,,0,0,0,0,4,,0,0,0,0,4,,0,0,0,0,4,,0,0,0,0,5,,0,0,0,0,5,,0,0,0,0,5,,1.0,4.0,4,0.8,4.0,5
DceZKaS3tsHdxB63nKoE1FQDV8T8UewubLX7mmNHpump,218,True,3,1,0,0,0,1,1,,0,0,0,1,1,,0,0,0,1,1,,4,1,0,0,0,1,2,,0,0,0,1,2,,0,0,0,1,2,,0,0,0,1,1,,0,0,0,1,1,,0,0,0,1,1,,0,0,0,1,2,,0,0,0,1,2,,0,0,0,1,2,,0,0,0,1,1,,0,0,0,1,1,,0,0,0,1,1,,0,0,0,1,2,,0,0,0,1,2,,0,0,0,1,2,,0.0,0.119753086,3,0.0,0.119753086,4
AHjrHCkiezNcdvcKV7kRQEWc8pyWTCjMEAFq2WMnpump,219,True,3,1,0,0,0,1,1,,0,0,0,1,1,,0,0,0,1,1,,3,1,0,0,0,1,1,,0,0,0,1,1,,0,0,0,1,1,,0,0,0,1,1,,0,0,0,1,1,,0,0,0,1,1,,0,0,0,1,1,,0,0,0,1,1,,0,0,0,1,1,,0,0,0,1,1,,0,0,0,1,1,,0,0,0,1,1,,0,0,0,1,1,,0,0,0,1,1,,0,0,0,1,1,,0.0,24.691358023,3,0.0,24.691358023,3
EGZzYgH5JdVhiHTW6h9QsmzAZk4KyAXHS7wJVvtapump,220,True,11,0,1,1,0,4,6,0.2,1,1,0,4,6,0.2,1,1,0,4,6,0.2,17,0,1,1,0,6,10,0.14285714285714285,1,1,0,6,10,0.14285714285714285,1,1,0,6,10,0.14285714285714285,1,1,0,4,6,0.2,1,1,0,4,6,0.2,1,1,0,4,6,0.2,1,1,0,6,10,0.14285714285714285,1,1,0,6,10,0.14285714285714285,1,1,0,6,10,0.14285714285714285,1,1,0,4,6,0.2,1,1,0,4,6,0.2,1,1,0,4,6,0.2,1,1,0,6,10,0.14285714285714285,1,1,0,6,10,0.14285714285714285,1,1,0,6,10,0.14285714285714285,0.0909090909090909,10.0,11,0.0588235294117647,10.0,17
FASVXNNHh7JZxoG8VeZf5fZFgH7J5FAvzPiqu7SMpump,221,True,7,0,0,0,0,3,4,0.0,0,0,0,3,4,0.0,0,0,0,3,4,0.0,9,0,0,0,0,5,4,0.0,0,0,0,5,4,0.0,0,0,0,5,4,0.0,0,0,0,3,4,0.0,0,0,0,3,4,0.0,0,0,0,3,4,0.0,0,0,0,5,4,0.0,0,0,0,5,4,0.0,0,0,0,5,4,0.0,0,0,0,3,4,0.0,0,0,0,3,4,0.0,0,0,0,3,4,0.0,0,0,0,5,4,0.0,0,0,0,5,4,0.0,0,0,0,5,4,0.0,0.0,4.938271603,7,0.0,4.938271603,9
6XEiRJQ1ShKCeHUvoqQzHRkvqfDJJoRRn8GsS8Lzpump,222,True,4,0,0,0,0,0,4,,0,0,0,0,4,,0,0,0,0,4,,4,0,0,0,0,0,4,,0,0,0,0,4,,0,0,0,0,4,,0,0,0,0,4,,0,0,0,0,4,,0,0,0,0,4,,0,0,0,0,4,,0,0,0,0,4,,0,0,0,0,4,,0,0,0,0,4,,0,0,0,0,4,,0,0,0,0,4,,0,0,0,0,4,,0,0,0,0,4,,0,0,0,0,4,,0.0,0.98765432,4,0.0,0.98765432,4
9mx1XoDPijpgPnhCSCojkLCM4JboGNUEbozExcRtpump,223,True,3,1,0,0,0,0,2,,0,0,0,0,2,,0,0,0,0,2,,5,1,0,0,0,0,4,,0,0,0,0,4,,0,0,0,0,4,,0,0,0,0,2,,0,0,0,0,2,,0,0,0,0,2,,0,0,0,0,4,,0,0,0,0,4,,0,0,0,0,4,,0,0,0,0,2,,0,0,0,0,2,,0,0,0,0,2,,0,0,0,0,4,,0,0,0,0,4,,0,0,0,0,4,,0.0,0.989866665,3,0.0,0.989866665,5
CZWt9WePsCnLi6DZT7jwP6s6GzuWDZuhtYKK8sDEpump,224,True,3,0,0,0,0,2,1,0.0,0,0,0,2,1,0.0,0,0,0,2,1,0.0,3,0,0,0,0,2,1,0.0,0,0,0,2,1,0.0,0,0,0,2,1,0.0,0,0,0,2,1,0.0,0,0,0,2,1,0.0,0,0,0,2,1,0.0,0,0,0,2,1,0.0,0,0,0,2,1,0.0,0,0,0,2,1,0.0,0,0,0,2,1,0.0,0,0,0,2,1,0.0,0,0,0,2,1,0.0,0,0,0,2,1,0.0,0,0,0,2,1,0.0,0,0,0,2,1,0.0,0.3333333333333333,9.876543208,3,0.3333333333333333,9.876543208,3
8Em9GrfyuCbVC24QjpAhFFxraf8L4WzNfpFb5x1dpump,225,True,8,0,1,1,0,1,6,0.5,1,1,0,1,6,0.5,1,1,0,1,6,0.5,8,0,1,1,0,1,6,0.5,1,1,0,1,6,0.5,1,1,0,1,6,0.5,1,1,0,1,6,0.5,1,1,0,1,6,0.5,1,1,0,1,6,0.5,1,1,0,1,6,0.5,1,1,0,1,6,0.5,1,1,0,1,6,0.5,1,1,0,1,6,0.5,1,1,0,1,6,0.5,1,1,0,1,6,0.5,1,1,0,1,6,0.5,1,1,0,1,6,0.5,1,1,0,1,6,0.5,0.875,3.703703702,8,0.875,3.703703702,8
6yBQWCx5Lq8geN5CHCxEWuGzF7u4raHyZ3enxpEppump,226,True,3,1,0,0,0,1,1,,0,0,0,1,1,,0,0,0,1,1,,4,1,0,0,0,2,1,0.0,0,0,0,2,1,0.0,0,0,0,2,1,0.0,0,0,0,1,1,,0,0,0,1,1,,0,0,0,1,1,,0,0,0,2,1,0.0,0,0,0,2,1,0.0,0,0,0,2,1,0.0,0,0,0,1,1,,0,0,0,1,1,,0,0,0,1,1,,0,0,0,2,1,0.0,0,0,0,2,1,0.0,0,0,0,2,1,0.0,0.0,0.050000001,3,0.0,0.050000001,4
CpWQCdQmTwCqhKmwUAYeQUrcXdvSeAt5wVDbYCoYpump,227,True,30,0,2,0,2,14,14,0.125,2,0,2,14,14,0.125,2,0,2,14,14,0.125,30,0,2,0,2,14,14,0.125,2,0,2,14,14,0.125,2,0,2,14,14,0.125,4,0,4,12,14,0.25,4,0,4,12,14,0.25,4,0,4,12,14,0.25,4,0,4,12,14,0.25,4,0,4,12,14,0.25,4,0,4,12,14,0.25,2,0,2,14,14,0.125,2,0,2,14,14,0.125,2,0,2,14,14,0.125,2,0,2,14,14,0.125,2,0,2,14,14,0.125,2,0,2,14,14,0.125,0.8157894736842105,10.864197529,38,0.3604651162790697,10.864197529,86
6hs8AmyEryo65GWjsWJNJyY9mnPSuZwdTChDjXQWtEiH,228,True,11,0,0,0,0,6,5,0.0,0,0,0,6,5,0.0,0,0,0,6,5,0.0,24,0,0,0,0,13,11,0.0,0,0,0,13,11,0.0,0,0,0,13,11,0.0,0,0,0,6,5,0.0,0,0,0,6,5,0.0,0,0,0,6,5,0.0,0,0,0,13,11,0.0,0,0,0,13,11,0.0,0,0,0,13,11,0.0,0,0,0,6,5,0.0,0,0,0,6,5,0.0,0,0,0,6,5,0.0,0,0,0,13,11,0.0,0,0,0,13,11,0.0,0,0,0,13,11,0.0,0.2727272727272727,5.0,11,0.125,5.0,24
An5KziV1UuwYMyTvUd3MPgqhMcSZeEy2n5YkekHvpump,229,True,4,1,0,0,0,2,1,0.0,0,0,0,2,1,0.0,0,0,0,2,1,0.0,5,1,0,0,0,3,1,0.0,0,0,0,3,1,0.0,0,0,0,3,1,0.0,0,0,0,2,1,0.0,0,0,0,2,1,0.0,0,0,0,2,1,0.0,0,0,0,3,1,0.0,0,0,0,3,1,0.0,0,0,0,3,1,0.0,0,0,0,2,1,0.0,0,0,0,2,1,0.0,0,0,0,2,1,0.0,0,0,0,3,1,0.0,0,0,0,3,1,0.0,0,0,0,3,1,0.0,0.0,0.060000001,4,0.0,0.060000001,5
8gT9khRS6h6ppXuE84sjmgJVvwpLm9LEWUhBh1ijpump,230,True,3,1,0,0,0,2,0,0.0,0,0,0,2,0,0.0,0,0,0,2,0,0.0,3,1,0,0,0,2,0,0.0,0,0,0,2,0,0.0,0,0,0,2,0,0.0,0,0,0,2,0,0.0,0,0,0,2,0,0.0,0,0,0,2,0,0.0,0,0,0,2,0,0.0,0,0,0,2,0,0.0,0,0,0,2,0,0.0,0,0,0,2,0,0.0,0,0,0,2,0,0.0,0,0,0,2,0,0.0,0,0,0,2,0,0.0,0,0,0,2,0,0.0,0,0,0,2,0,0.0,0.0,0.98765432,3,0.0,1.052647805,3
66aF3Kg1JGMB6CR5m3M3u89j5QH3qCvSmpd6sy4ypump,231,True,6,0,0,0,0,1,5,,0,0,0,1,5,,0,0,0,1,5,,6,0,0,0,0,1,5,,0,0,0,1,5,,0,0,0,1,5,,0,0,0,1,5,,0,0,0,1,5,,0,0,0,1,5,,0,0,0,1,5,,0,0,0,1,5,,0,0,0,1,5,,0,0,0,1,5,,0,0,0,1,5,,0,0,0,1,5,,0,0,0,1,5,,0,0,0,1,5,,0,0,0,1,5,,0.3333333333333333,0.98765432,6,0.3333333333333333,0.98765432,6
9EhUsrmVbuQQJ1kcpjsFqHKRKwVPmKCAhVqFwgPqpump,232,True,11,0,0,0,0,5,6,0.0,0,0,0,5,6,0.0,0,0,0,5,6,0.0,30,0,4,0,4,10,16,0.2857142857142857,4,0,4,10,16,0.2857142857142857,4,0,4,10,16,0.2857142857142857,0,0,0,5,6,0.0,0,0,0,5,6,0.0,0,0,0,5,6,0.0,7,0,7,7,16,0.5,7,0,7,7,16,0.5,7,0,7,7,16,0.5,0,0,0,5,6,0.0,0,0,0,5,6,0.0,0,0,0,5,6,0.0,4,0,4,10,16,0.2857142857142857,4,0,4,10,16,0.2857142857142857,4,0,4,10,16,0.2857142857142857,0.0,1.48148148,11,0.0,1.48148148,36
EqTpJUSVeUZAANuT8X6wn4v8FG7k6NxdfvGiG1Pzpump,233,True,3,1,0,0,0,0,2,,0,0,0,0,2,,0,0,0,0,2,,3,1,0,0,0,0,2,,0,0,0,0,2,,0,0,0,0,2,,0,0,0,0,2,,0,0,0,0,2,,0,0,0,0,2,,0,0,0,0,2,,0,0,0,0,2,,0,0,0,0,2,,0,0,0,0,2,,0,0,0,0,2,,0,0,0,0,2,,0,0,0,0,2,,0,0,0,0,2,,0,0,0,0,2,,0.0,1.477777776,3,0.0,1.477777776,3
4rmHPa2WE3XKxQSkzkKLj59TCnPGf8FNbFv15yK6pump,234,True,5,0,0,0,0,1,4,,0,0,0,1,4,,0,0,0,1,4,,6,0,0,0,0,1,5,,0,0,0,1,5,,0,0,0,1,5,,0,0,0,1,4,,0,0,0,1,4,,0,0,0,1,4,,0,0,0,1,5,,0,0,0,1,5,,0,0,0,1,5,,0,0,0,1,4,,0,0,0,1,4,,0,0,0,1,4,,0,0,0,1,5,,0,0,0,1,5,,0,0,0,1,5,,0.0,9.775802468,5,0.0,9.775802468,6
Du8rJeHLKhyyuMUsgmKAm5WT5cJmKpSmzE7JRr19pump,235,True,22,1,0,0,0,2,19,0.0,0,0,0,2,19,0.0,0,0,0,2,19,0.0,30,1,0,0,0,2,27,0.0,0,0,0,2,27,0.0,0,0,0,2,27,0.0,0,0,0,2,19,0.0,0,0,0,2,19,0.0,0,0,0,2,19,0.0,0,0,0,2,27,0.0,0,0,0,2,27,0.0,0,0,0,2,27,0.0,0,0,0,2,19,0.0,0,0,0,2,19,0.0,0,0,0,2,19,0.0,0,0,0,2,27,0.0,0,0,0,2,27,0.0,0,0,0,2,27,0.0,0.2727272727272727,0.100015626,22,0.1276595744680851,0.100015626,47
Az4J7aYPF1F2rnxZPnmVeCqRpVZzeN2m6y32xyypump,236,True,3,1,0,0,0,0,2,,0,0,0,0,2,,0,0,0,0,2,,4,1,0,0,0,1,2,,0,0,0,1,2,,0,0,0,1,2,,0,0,0,0,2,,0,0,0,0,2,,0,0,0,0,2,,0,0,0,1,2,,0,0,0,1,2,,0,0,0,1,2,,0,0,0,0,2,,0,0,0,0,2,,0,0,0,0,2,,0,0,0,1,2,,0,0,0,1,2,,0,0,0,1,2,,0.0,1.966360486,3,0.0,1.971249371,4
Gvhybeeapoc7LJttmKxJrN2NktP8EaNfFvogdfLipump,237,True,4,0,0,0,0,0,4,,0,0,0,0,4,,0,0,0,0,4,,6,0,0,0,0,0,6,,0,0,0,0,6,,0,0,0,0,6,,0,0,0,0,4,,0,0,0,0,4,,0,0,0,0,4,,0,0,0,0,6,,0,0,0,0,6,,0,0,0,0,6,,0,0,0,0,4,,0,0,0,0,4,,0,0,0,0,4,,0,0,0,0,6,,0,0,0,0,6,,0,0,0,0,6,,0.75,3.0,4,0.5,3.0,6
93mPdLfHAPzLKW4iYVB2D4rM6PdgQjB6HvmtBf6JW8NZ,238,True,10,0,4,4,0,0,6,1.0,4,4,0,0,6,1.0,4,4,0,0,6,1.0,12,0,4,4,0,1,7,0.8,4,4,0,1,7,0.8,4,4,0,1,7,0.8,4,4,0,0,6,1.0,4,4,0,0,6,1.0,4,4,0,0,6,1.0,4,4,0,1,7,0.8,4,4,0,1,7,0.8,4,4,0,1,7,0.8,4,4,0,0,6,1.0,4,4,0,0,6,1.0,4,4,0,0,6,1.0,4,4,0,1,7,0.8,4,4,0,1,7,0.8,4,4,0,1,7,0.8,0.0,2.971768202,10,0.0,2.971768202,12
CxEZfCTh2CtankYddMspG8BEQeqia135qxcnZ9mzpump,239,True,11,0,0,0,0,4,7,0.0,0,0,0,4,7,0.0,0,0,0,4,7,0.0,30,0,0,0,0,6,24,0.0,0,0,0,6,24,0.0,0,0,0,6,24,0.0,0,0,0,4,7,0.0,0,0,0,4,7,0.0,0,0,0,4,7,0.0,0,0,0,6,24,0.0,0,0,0,6,24,0.0,0,0,0,6,24,0.0,0,0,0,4,7,0.0,0,0,0,4,7,0.0,0,0,0,4,7,0.0,0,0,0,6,24,0.0,0,0,0,6,24,0.0,0,0,0,6,24,0.0,0.4545454545454545,0.862895494,11,0.0555555555555555,0.862895494,90
Fo2vUAvT8u7UfJDh8meJG3poJxCs4zjydjBSNhDmpump,240,True,5,0,0,0,0,0,5,,0,0,0,0,5,,0,0,0,0,5,,5,0,0,0,0,0,5,,0,0,0,0,5,,0,0,0,0,5,,0,0,0,0,5,,0,0,0,0,5,,0,0,0,0,5,,0,0,0,0,5,,0,0,0,0,5,,0,0,0,0,5,,0,0,0,0,5,,0,0,0,0,5,,0,0,0,0,5,,0,0,0,0,5,,0,0,0,0,5,,0,0,0,0,5,,0.0,0.490000001,5,0.0,0.490000001,5
6nDPzY7nNyLvLqKAMLNCuHD4bLiv1Z8svynP4aUBpump,241,True,9,0,0,0,0,6,3,0.0,5,0,5,1,3,0.8333333333333334,5,0,5,1,3,0.8333333333333334,28,0,0,0,0,21,7,0.0,19,0,19,2,7,0.9047619047619048,19,0,19,2,7,0.9047619047619048,0,0,0,6,3,0.0,5,0,5,1,3,0.8333333333333334,5,0,5,1,3,0.8333333333333334,0,0,0,21,7,0.0,19,0,19,2,7,0.9047619047619048,19,0,19,2,7,0.9047619047619048,0,0,0,6,3,0.0,5,0,5,1,3,0.8333333333333334,5,0,5,1,3,0.8333333333333334,5,0,5,16,7,0.23809523809523808,19,0,19,2,7,0.9047619047619048,19,0,19,2,7,0.9047619047619048,0.0,20.740740739,9,0.0,20.740740739,28
RUeJPYywjHW6JLiXg298MmoCnekb7QbCwV2LBDDpump,242,True,4,0,0,0,0,3,1,0.0,0,0,0,3,1,0.0,0,0,0,3,1,0.0,4,0,0,0,0,3,1,0.0,0,0,0,3,1,0.0,0,0,0,3,1,0.0,0,0,0,3,1,0.0,0,0,0,3,1,0.0,0,0,0,3,1,0.0,0,0,0,3,1,0.0,0,0,0,3,1,0.0,0,0,0,3,1,0.0,0,0,0,3,1,0.0,0,0,0,3,1,0.0,0,0,0,3,1,0.0,0,0,0,3,1,0.0,0,0,0,3,1,0.0,0,0,0,3,1,0.0,0.5,1.97530864,4,0.5,1.97530864,4
5HijF8xGLRYN8voQhYk7b8oZY8KwL4QLvnGov3Xapump,243,True,9,0,3,3,3,3,3,0.5,3,3,3,3,3,0.5,3,3,3,3,3,0.5,19,0,3,3,3,4,12,0.42857142857142855,3,3,3,4,12,0.42857142857142855,3,3,3,4,12,0.42857142857142855,5,3,5,1,3,0.8333333333333334,5,3,5,1,3,0.8333333333333334,5,3,5,1,3,0.8333333333333334,5,3,5,2,12,0.7142857142857143,5,3,5,2,12,0.7142857142857143,5,3,5,2,12,0.7142857142857143,3,3,3,3,3,0.5,3,3,3,3,3,0.5,3,3,3,3,3,0.5,3,3,3,4,12,0.42857142857142855,3,3,3,4,12,0.42857142857142855,3,3,3,4,12,0.42857142857142855,0.4444444444444444,5.0,9,0.2105263157894736,5.0,19
D3UBsA62oiE6LXtUbbXJQydhZizdEp58yvQAjUvMpump,244,True,4,1,0,0,0,1,2,,0,0,0,1,2,,0,0,0,1,2,,5,1,0,0,0,1,3,,0,0,0,1,3,,0,0,0,1,3,,0,0,0,1,2,,0,0,0,1,2,,0,0,0,1,2,,0,0,0,1,3,,0,0,0,1,3,,0,0,0,1,3,,0,0,0,1,2,,0,0,0,1,2,,0,0,0,1,2,,0,0,0,1,3,,0,0,0,1,3,,0,0,0,1,3,,0.0,0.880000001,4,0.0,0.880000001,5
G4kDWdmnb6qqRqpSsA7JunjqYnjADJEgViSWba7Lpump,245,True,3,1,0,0,0,2,0,0.0,0,0,0,2,0,0.0,0,0,0,2,0,0.0,3,1,0,0,0,2,0,0.0,0,0,0,2,0,0.0,0,0,0,2,0,0.0,0,0,0,2,0,0.0,0,0,0,2,0,0.0,0,0,0,2,0,0.0,0,0,0,2,0,0.0,0,0,0,2,0,0.0,0,0,0,2,0,0.0,0,0,0,2,0,0.0,0,0,0,2,0,0.0,0,0,0,2,0,0.0,0,0,0,2,0,0.0,0,0,0,2,0,0.0,0,0,0,2,0,0.0,0.0,0.101000001,3,0.0,0.101000001,3
8fk2hgX9u2YuPo4AyXepSUKWFzpkWDusLtG8dkMrpump,246,True,12,0,0,0,0,2,10,0.0,0,0,0,2,10,0.0,0,0,0,2,10,0.0,14,0,0,0,0,4,10,0.0,0,0,0,4,10,0.0,0,0,0,4,10,0.0,0,0,0,2,10,0.0,0,0,0,2,10,0.0,0,0,0,2,10,0.0,0,0,0,4,10,0.0,0,0,0,4,10,0.0,0,0,0,4,10,0.0,0,0,0,2,10,0.0,0,0,0,2,10,0.0,0,0,0,2,10,0.0,0,0,0,4,10,0.0,0,0,0,4,10,0.0,0,0,0,4,10,0.0,0.8333333333333334,0.0,12,0.7142857142857143,0.0,14
6DED3Tno9ZDGG4i2ck2G4zsEHbMfMmy5aczXMbFSpump,247,True,3,1,0,0,0,1,1,,0,0,0,1,1,,0,0,0,1,1,,3,1,0,0,0,1,1,,0,0,0,1,1,,0,0,0,1,1,,0,0,0,1,1,,0,0,0,1,1,,0,0,0,1,1,,0,0,0,1,1,,0,0,0,1,1,,0,0,0,1,1,,0,0,0,1,1,,0,0,0,1,1,,0,0,0,1,1,,0,0,0,1,1,,0,0,0,1,1,,0,0,0,1,1,,0.0,1.000000001,3,0.0,1.000000001,3
DAqgBGH7gYQ7z4Sp67oemFApqKTrJY26HzzdwPBDpump,248,True,5,0,0,0,0,1,4,,0,0,0,1,4,,0,0,0,1,4,,5,0,0,0,0,1,4,,0,0,0,1,4,,0,0,0,1,4,,0,0,0,1,4,,0,0,0,1,4,,0,0,0,1,4,,0,0,0,1,4,,0,0,0,1,4,,0,0,0,1,4,,0,0,0,1,4,,0,0,0,1,4,,0,0,0,1,4,,0,0,0,1,4,,0,0,0,1,4,,0,0,0,1,4,,0.2,1.97530864,5,0.2,1.97530864,5
2zT9YWHge931wRfMRDymGUH7PsJZCm8Jf46W6y5Mpump,249,True,6,0,0,0,0,0,6,,0,0,0,0,6,,0,0,0,0,6,,18,0,0,0,0,7,11,0.0,0,0,0,7,11,0.0,0,0,0,7,11,0.0,0,0,0,0,6,,0,0,0,0,6,,0,0,0,0,6,,4,0,4,3,11,0.5714285714285714,4,0,4,3,11,0.5714285714285714,4,0,4,3,11,0.5714285714285714,0,0,0,0,6,,0,0,0,0,6,,0,0,0,0,6,,0,0,0,7,11,0.0,0,0,0,7,11,0.0,0,0,0,7,11,0.0,0.1666666666666666,6.508444443,6,0.0555555555555555,6.508444443,18
2zUbEQeFCN2VjgKYy4LKB9Rehuavugjco2MS8r9Jpump,250,True,3,0,0,0,0,0,3,,0,0,0,0,3,,0,0,0,0,3,,3,0,0,0,0,0,3,,0,0,0,0,3,,0,0,0,0,3,,0,0,0,0,3,,0,0,0,0,3,,0,0,0,0,3,,0,0,0,0,3,,0,0,0,0,3,,0,0,0,0,3,,0,0,0,0,3,,0,0,0,0,3,,0,0,0,0,3,,0,0,0,0,3,,0,0,0,0,3,,0,0,0,0,3,,1.0,0.294000001,3,1.0,0.294000001,3
BPTT8NdmiVHYnpsciRWjDAaB7VG1Km4gvc8ExEBSpump,251,True,7,0,1,1,0,0,6,,1,1,0,0,6,,1,1,0,0,6,,7,0,1,1,0,0,6,,1,1,0,0,6,,1,1,0,0,6,,1,1,0,0,6,,1,1,0,0,6,,1,1,0,0,6,,1,1,0,0,6,,1,1,0,0,6,,1,1,0,0,6,,1,1,0,0,6,,1,1,0,0,6,,1,1,0,0,6,,1,1,0,0,6,,1,1,0,0,6,,1,1,0,0,6,,0.2857142857142857,5.4,7,0.2857142857142857,5.4,7
BFiTqTmVXnLmjmJUo5EwiEZoUhwG66XAp1cjeXykpump,252,True,19,0,0,0,0,5,14,0.0,0,0,0,5,14,0.0,0,0,0,5,14,0.0,30,0,2,0,2,8,20,0.2,2,0,2,8,20,0.2,2,0,2,8,20,0.2,0,0,0,5,14,0.0,0,0,0,5,14,0.0,0,0,0,5,14,0.0,2,0,2,8,20,0.2,2,0,2,8,20,0.2,2,0,2,8,20,0.2,0,0,0,5,14,0.0,0,0,0,5,14,0.0,0,0,0,5,14,0.0,2,0,2,8,20,0.2,2,0,2,8,20,0.2,2,0,2,8,20,0.2,0.2631578947368421,1.501234567,19,0.0641025641025641,1.501234567,78
HrPNxo6dmnZw6ax5xXfL31FgjzJdRnz2VbsMKxqxFWUu,253,True,12,0,2,2,2,5,5,0.2857142857142857,2,2,2,5,5,0.2857142857142857,2,2,2,5,5,0.2857142857142857,19,0,2,2,2,7,10,0.2222222222222222,2,2,2,7,10,0.2222222222222222,2,2,2,7,10,0.2222222222222222,4,2,4,3,5,0.5714285714285714,4,2,4,3,5,0.5714285714285714,4,2,4,3,5,0.5714285714285714,5,2,5,4,10,0.5555555555555556,5,2,5,4,10,0.5555555555555556,5,2,5,4,10,0.5555555555555556,2,2,2,5,5,0.2857142857142857,2,2,2,5,5,0.2857142857142857,2,2,2,5,5,0.2857142857142857,2,2,2,7,10,0.2222222222222222,2,2,2,7,10,0.2222222222222222,2,2,2,7,10,0.2222222222222222,0.0,4.938271604,12,0.0,4.938271604,19
jU85TxgugdU4wPkG2GJVAqDmjMXXR4vmsvAC2pdpump,254,True,4,0,0,0,0,1,3,,0,0,0,1,3,,0,0,0,1,3,,4,0,0,0,0,1,3,,0,0,0,1,3,,0,0,0,1,3,,0,0,0,1,3,,0,0,0,1,3,,0,0,0,1,3,,0,0,0,1,3,,0,0,0,1,3,,0,0,0,1,3,,0,0,0,1,3,,0,0,0,1,3,,0,0,0,1,3,,0,0,0,1,3,,0,0,0,1,3,,0,0,0,1,3,,0.5,2.962962962,4,0.5,2.962962962,4
23pVaPF99fMKEBa63jPGDtU8ivS5wYyrkcnASKwrpump,255,True,26,0,0,0,0,12,14,0.0,0,0,0,12,14,0.0,0,0,0,12,14,0.0,30,0,0,0,0,14,16,0.0,0,0,0,14,16,0.0,0,0,0,14,16,0.0,4,0,4,8,14,0.3333333333333333,4,0,4,8,14,0.3333333333333333,4,0,4,8,14,0.3333333333333333,4,0,4,10,16,0.2857142857142857,4,0,4,10,16,0.2857142857142857,4,0,4,10,16,0.2857142857142857,0,0,0,12,14,0.0,0,0,0,12,14,0.0,0,0,0,12,14,0.0,0,0,0,14,16,0.0,0,0,0,14,16,0.0,0,0,0,14,16,0.0,0.3076923076923077,0.050000009,26,0.2162162162162162,0.050000009,37
68gu3KCknTnvgdRiDHEwzY7eB1G9vTV1nuw78VbEpump,256,True,4,0,0,0,0,0,4,,0,0,0,0,4,,0,0,0,0,4,,5,0,0,0,0,0,5,,0,0,0,0,5,,0,0,0,0,5,,0,0,0,0,4,,0,0,0,0,4,,0,0,0,0,4,,0,0,0,0,5,,0,0,0,0,5,,0,0,0,0,5,,0,0,0,0,4,,0,0,0,0,4,,0,0,0,0,4,,0,0,0,0,5,,0,0,0,0,5,,0,0,0,0,5,,0.0,4.938271603,4,0.0,4.938271603,5
HfN2t8raUJaFEvkLhegioTymyszQbFRB6wLdF29Spump,257,True,3,1,0,0,0,1,1,,0,0,0,1,1,,0,0,0,1,1,,4,1,0,0,0,1,2,,0,0,0,1,2,,0,0,0,1,2,,0,0,0,1,1,,0,0,0,1,1,,0,0,0,1,1,,0,0,0,1,2,,0,0,0,1,2,,0,0,0,1,2,,0,0,0,1,1,,0,0,0,1,1,,0,0,0,1,1,,0,0,0,1,2,,0,0,0,1,2,,0,0,0,1,2,,0.0,2.212296291000001,3,0.0,2.212296291000001,4
8MrYm3AZpmoNSGnn1ZETZ6Xkvme2yJPTx6rnFMBXpump,258,True,3,1,0,0,0,1,1,,0,0,0,1,1,,0,0,0,1,1,,4,1,0,0,0,2,1,0.0,0,0,0,2,1,0.0,0,0,0,2,1,0.0,0,0,0,1,1,,0,0,0,1,1,,0,0,0,1,1,,0,0,0,2,1,0.0,0,0,0,2,1,0.0,0,0,0,2,1,0.0,0,0,0,1,1,,0,0,0,1,1,,0,0,0,1,1,,0,0,0,2,1,0.0,0,0,0,2,1,0.0,0,0,0,2,1,0.0,0.0,0.500000001,3,0.0,0.598765432,4
5sPy4Zoy6RRe1pvyokbA4MSFz4fV4ftYY9JTPyqwpump,259,True,3,0,0,0,0,1,2,,0,0,0,1,2,,0,0,0,1,2,,4,0,0,0,0,2,2,0.0,0,0,0,2,2,0.0,0,0,0,2,2,0.0,0,0,0,1,2,,0,0,0,1,2,,0,0,0,1,2,,0,0,0,2,2,0.0,0,0,0,2,2,0.0,0,0,0,2,2,0.0,0,0,0,1,2,,0,0,0,1,2,,0,0,0,1,2,,0,0,0,2,2,0.0,0,0,0,2,2,0.0,0,0,0,2,2,0.0,0.0,0.98765432,3,0.0,0.98765432,4
J9obAarvkkUc9Bf9pgyiCa3wK4QHSm7zatULENqhpump,260,True,3,0,0,0,0,1,2,,0,0,0,1,2,,0,0,0,1,2,,5,0,2,2,2,1,2,0.6666666666666666,2,2,2,1,2,0.6666666666666666,2,2,2,1,2,0.6666666666666666,0,0,0,1,2,,0,0,0,1,2,,0,0,0,1,2,,2,2,2,1,2,0.6666666666666666,2,2,2,1,2,0.6666666666666666,2,2,2,1,2,0.6666666666666666,0,0,0,1,2,,0,0,0,1,2,,0,0,0,1,2,,2,2,2,1,2,0.6666666666666666,2,2,2,1,2,0.6666666666666666,2,2,2,1,2,0.6666666666666666,1.0,1.0,3,0.6,1.0,5
CQRqfxUcBM2LbJGRQVrKV2PCa7jNqcPdWLeeBYKypump,261,True,4,0,0,0,0,0,4,,0,0,0,0,4,,0,0,0,0,4,,6,0,0,0,0,0,6,,0,0,0,0,6,,0,0,0,0,6,,0,0,0,0,4,,0,0,0,0,4,,0,0,0,0,4,,0,0,0,0,6,,0,0,0,0,6,,0,0,0,0,6,,0,0,0,0,4,,0,0,0,0,4,,0,0,0,0,4,,0,0,0,0,6,,0,0,0,0,6,,0,0,0,0,6,,1.0,5.0,4,0.6666666666666666,5.0,6
ngioVSRYfhcgEK5s3b1uiHdGnueBh4itAsqSWdFpump,262,True,3,1,0,0,0,2,0,0.0,0,0,0,2,0,0.0,0,0,0,2,0,0.0,4,1,0,0,0,3,0,0.0,0,0,0,3,0,0.0,0,0,0,3,0,0.0,0,0,0,2,0,0.0,0,0,0,2,0,0.0,0,0,0,2,0,0.0,0,0,0,3,0,0.0,0,0,0,3,0,0.0,0,0,0,3,0,0.0,0,0,0,2,0,0.0,0,0,0,2,0,0.0,0,0,0,2,0,0.0,0,0,0,3,0,0.0,0,0,0,3,0,0.0,0,0,0,3,0,0.0,0.0,0.523456789,3,0.0,0.7199999970000001,4
6drYXdLFNyNLKM1DWEvgiWLVpgiQmQZcKLdkS6Knpump,263,True,9,0,0,0,0,1,8,,0,0,0,1,8,,0,0,0,1,8,,9,0,0,0,0,1,8,,0,0,0,1,8,,0,0,0,1,8,,0,0,0,1,8,,0,0,0,1,8,,0,0,0,1,8,,0,0,0,1,8,,0,0,0,1,8,,0,0,0,1,8,,0,0,0,1,8,,0,0,0,1,8,,0,0,0,1,8,,0,0,0,1,8,,0,0,0,1,8,,0,0,0,1,8,,0.3333333333333333,3.0,9,0.3333333333333333,3.0,9
B3bN1bjJpUriWczNETgJyrPgE7S9ByyXRNxp4F3Fpump,264,True,4,0,0,0,0,1,3,,0,0,0,1,3,,0,0,0,1,3,,5,0,0,0,0,1,4,,0,0,0,1,4,,0,0,0,1,4,,0,0,0,1,3,,0,0,0,1,3,,0,0,0,1,3,,0,0,0,1,4,,0,0,0,1,4,,0,0,0,1,4,,0,0,0,1,3,,0,0,0,1,3,,0,0,0,1,3,,0,0,0,1,4,,0,0,0,1,4,,0,0,0,1,4,,0.75,3.5,4,0.6,3.5,5
Fib33wk2gcBkYBBDca8YDB5HGNAQmAQLVqL6qSoApump,265,True,3,1,0,0,0,1,1,,0,0,0,1,1,,0,0,0,1,1,,4,1,0,0,0,2,1,0.0,0,0,0,2,1,0.0,0,0,0,2,1,0.0,0,0,0,1,1,,0,0,0,1,1,,0,0,0,1,1,,0,0,0,2,1,0.0,0,0,0,2,1,0.0,0,0,0,2,1,0.0,0,0,0,1,1,,0,0,0,1,1,,0,0,0,1,1,,0,0,0,2,1,0.0,0,0,0,2,1,0.0,0,0,0,2,1,0.0,0.0,0.000987654,3,0.0,0.000987654,4
HRbxBe6yQvGB1FRCRbaCuyzThHqxB3ci7RD2Aigcpump,266,True,8,0,1,1,0,1,6,0.5,1,1,0,1,6,0.5,1,1,0,1,6,0.5,9,0,1,1,0,1,7,0.5,1,1,0,1,7,0.5,1,1,0,1,7,0.5,1,1,0,1,6,0.5,1,1,0,1,6,0.5,1,1,0,1,6,0.5,1,1,0,1,7,0.5,1,1,0,1,7,0.5,1,1,0,1,7,0.5,1,1,0,1,6,0.5,1,1,0,1,6,0.5,1,1,0,1,6,0.5,1,1,0,1,7,0.5,1,1,0,1,7,0.5,1,1,0,1,7,0.5,0.75,3.703703702,8,0.6666666666666666,3.703703702,9
C8q5698axSQTzEq6R2G5QtVJmQPEeapdVgXUGY3Fpump,267,True,10,0,3,1,3,5,2,0.375,3,1,3,5,2,0.375,3,1,3,5,2,0.375,15,0,3,1,3,7,5,0.3,3,1,3,7,5,0.3,3,1,3,7,5,0.3,8,4,8,0,2,1.0,8,4,8,0,2,1.0,8,4,8,0,2,1.0,10,4,10,0,5,1.0,10,4,10,0,5,1.0,10,4,10,0,5,1.0,3,1,3,5,2,0.375,3,1,3,5,2,0.375,3,1,3,5,2,0.375,3,1,3,7,5,0.3,3,1,3,7,5,0.3,3,1,3,7,5,0.3,0.3,3.0,10,0.2,3.0,15
EXJyRsfUfwvBtnXs6WZVRWNF2KJwqSkoidMs9LfSpump,268,True,3,0,0,0,0,1,2,,0,0,0,1,2,,0,0,0,1,2,,26,0,0,0,0,4,22,0.0,0,0,0,4,22,0.0,0,0,0,4,22,0.0,0,0,0,1,2,,0,0,0,1,2,,0,0,0,1,2,,0,0,0,4,22,0.0,0,0,0,4,22,0.0,0,0,0,4,22,0.0,0,0,0,1,2,,0,0,0,1,2,,0,0,0,1,2,,0,0,0,4,22,0.0,0,0,0,4,22,0.0,0,0,0,4,22,0.0,0.6666666666666666,0.98765432,3,0.0769230769230769,0.98765432,26
55G2gqzdCUDLbPd3GTSPJy2aPjQa67BEjEPNTXDZpump,269,True,30,0,0,0,0,8,22,0.0,0,0,0,8,22,0.0,0,0,0,8,22,0.0,30,0,0,0,0,8,22,0.0,0,0,0,8,22,0.0,0,0,0,8,22,0.0,0,0,0,8,22,0.0,0,0,0,8,22,0.0,0,0,0,8,22,0.0,0,0,0,8,22,0.0,0,0,0,8,22,0.0,0,0,0,8,22,0.0,0,0,0,8,22,0.0,0,0,0,8,22,0.0,0,0,0,8,22,0.0,0,0,0,8,22,0.0,0,0,0,8,22,0.0,0,0,0,8,22,0.0,0.175,1.382716049,40,0.106060606060606,1.382716049,66
GpnzJpYGK72Sg8qGugeocuXV1cHTyo4iMpM6A2DTpump,270,True,4,1,0,0,0,0,3,,0,0,0,0,3,,0,0,0,0,3,,5,1,0,0,0,1,3,,0,0,0,1,3,,0,0,0,1,3,,0,0,0,0,3,,0,0,0,0,3,,0,0,0,0,3,,0,0,0,1,3,,0,0,0,1,3,,0,0,0,1,3,,0,0,0,0,3,,0,0,0,0,3,,0,0,0,0,3,,0,0,0,1,3,,0,0,0,1,3,,0,0,0,1,3,,0.0,0.148765432,4,0.0,0.148765432,5
3nJfS1hiUDQsJmSuHWhqzCeDuX2haQYMyahFQYpjpump,271,True,9,0,0,0,0,0,9,,0,0,0,0,9,,0,0,0,0,9,,30,0,0,0,0,4,26,0.0,0,0,0,4,26,0.0,0,0,0,4,26,0.0,0,0,0,0,9,,0,0,0,0,9,,0,0,0,0,9,,2,0,2,2,26,0.5,2,0,2,2,26,0.5,2,0,2,2,26,0.5,0,0,0,0,9,,0,0,0,0,9,,0,0,0,0,9,,0,0,0,4,26,0.0,0,0,0,4,26,0.0,0,0,0,4,26,0.0,0.2222222222222222,0.138271603,9,0.048780487804878,0.138271603,41
yDfnbotaBrkNxwYYhtg6idpQBb1G5roh6iSMRKcpump,272,True,17,0,2,0,2,7,8,0.2222222222222222,2,0,2,7,8,0.2222222222222222,2,0,2,7,8,0.2222222222222222,27,0,2,0,2,8,17,0.2,2,0,2,8,17,0.2,2,0,2,8,17,0.2,4,0,4,5,8,0.4444444444444444,4,0,4,5,8,0.4444444444444444,4,0,4,5,8,0.4444444444444444,5,0,5,5,17,0.5,5,0,5,5,17,0.5,5,0,5,5,17,0.5,2,0,2,7,8,0.2222222222222222,2,0,2,7,8,0.2222222222222222,2,0,2,7,8,0.2222222222222222,2,0,2,8,17,0.2,2,0,2,8,17,0.2,2,0,2,8,17,0.2,0.2352941176470588,0.050000009,17,0.1481481481481481,0.050000009,27
DxrdqqW3NyDXXW7DmRvcV4wZRpC141jgVvThU1Mzpump,273,True,3,0,0,0,0,3,0,0.0,0,0,0,3,0,0.0,0,0,0,3,0,0.0,3,0,0,0,0,3,0,0.0,0,0,0,3,0,0.0,0,0,0,3,0,0.0,0,0,0,3,0,0.0,0,0,0,3,0,0.0,0,0,0,3,0,0.0,0,0,0,3,0,0.0,0,0,0,3,0,0.0,0,0,0,3,0,0.0,0,0,0,3,0,0.0,0,0,0,3,0,0.0,0,0,0,3,0,0.0,0,0,0,3,0,0.0,0,0,0,3,0,0.0,0,0,0,3,0,0.0,1.0,1.466666666,3,1.0,1.466666666,3
Fgs7ANSyoi5n5BcH2tGFhZmbEjKyKyehZHvgBnKTpump,274,True,3,1,0,0,0,1,1,,0,0,0,1,1,,0,0,0,1,1,,3,1,0,0,0,1,1,,0,0,0,1,1,,0,0,0,1,1,,0,0,0,1,1,,0,0,0,1,1,,0,0,0,1,1,,0,0,0,1,1,,0,0,0,1,1,,0,0,0,1,1,,0,0,0,1,1,,0,0,0,1,1,,0,0,0,1,1,,0,0,0,1,1,,0,0,0,1,1,,0,0,0,1,1,,0.0,0.050007813,3,0.0,0.069760898,3
4VAc5Z1ACSHdD4jKNT35LD7Q5HuM9oy6XmFynYZmpump,275,True,6,0,0,0,0,0,6,,0,0,0,0,6,,0,0,0,0,6,,6,0,0,0,0,0,6,,0,0,0,0,6,,0,0,0,0,6,,0,0,0,0,6,,0,0,0,0,6,,0,0,0,0,6,,0,0,0,0,6,,0,0,0,0,6,,0,0,0,0,6,,0,0,0,0,6,,0,0,0,0,6,,0,0,0,0,6,,0,0,0,0,6,,0,0,0,0,6,,0,0,0,0,6,,0.8333333333333334,5.0,6,0.8333333333333334,5.0,6
2e8DttKvtnFXQeebWbJkBPoj5FZTJFuK8twZ9CHJ77XQ,276,True,4,0,0,0,0,4,0,0.0,0,0,0,4,0,0.0,0,0,0,4,0,0.0,14,0,0,0,0,12,2,0.0,0,0,0,12,2,0.0,0,0,0,12,2,0.0,0,0,0,4,0,0.0,0,0,0,4,0,0.0,0,0,0,4,0,0.0,0,0,0,12,2,0.0,0,0,0,12,2,0.0,0,0,0,12,2,0.0,0,0,0,4,0,0.0,0,0,0,4,0,0.0,0,0,0,4,0,0.0,0,0,0,12,2,0.0,0,0,0,12,2,0.0,0,0,0,12,2,0.0,1.0,2.370370369,4,0.2857142857142857,2.370370369,14
5K6QSZAHWPzJTv469681k3x3xbY6nPCARoHVVqyCpump,277,True,5,0,0,0,0,0,5,,0,0,0,0,5,,0,0,0,0,5,,9,0,0,0,0,0,9,,0,0,0,0,9,,0,0,0,0,9,,0,0,0,0,5,,0,0,0,0,5,,0,0,0,0,5,,0,0,0,0,9,,0,0,0,0,9,,0,0,0,0,9,,0,0,0,0,5,,0,0,0,0,5,,0,0,0,0,5,,0,0,0,0,9,,0,0,0,0,9,,0,0,0,0,9,,1.0,3.0,5,0.5555555555555556,3.0,9
GwrdUtCSEvbNbJq94918Q8KHGggymz5UL2yYwx5ppump,278,True,10,0,0,0,0,0,10,,0,0,0,0,10,,0,0,0,0,10,,12,0,0,0,0,1,11,,0,0,0,1,11,,0,0,0,1,11,,0,0,0,0,10,,0,0,0,0,10,,0,0,0,0,10,,0,0,0,1,11,,0,0,0,1,11,,0,0,0,1,11,,0,0,0,0,10,,0,0,0,0,10,,0,0,0,0,10,,0,0,0,1,11,,0,0,0,1,11,,0,0,0,1,11,,1.0,0.0,10,0.8333333333333334,0.0,12
FbzRoMaGBm494GZnxMdfzNCgsqWYZpPXfhYfxjNLpump,279,True,3,0,0,0,0,1,2,,0,0,0,1,2,,0,0,0,1,2,,4,0,0,0,0,2,2,0.0,0,0,0,2,2,0.0,0,0,0,2,2,0.0,0,0,0,1,2,,0,0,0,1,2,,0,0,0,1,2,,0,0,0,2,2,0.0,0,0,0,2,2,0.0,0,0,0,2,2,0.0,0,0,0,1,2,,0,0,0,1,2,,0,0,0,1,2,,0,0,0,2,2,0.0,0,0,0,2,2,0.0,0,0,0,2,2,0.0,0.3333333333333333,1.000000001,3,0.25,1.000000001,4
BGDcqbtHSzxxmNjKqbkCNFGZeq7jmraxcikGWSL1pump,280,True,10,0,2,2,0,3,5,0.4,2,2,0,3,5,0.4,2,2,0,3,5,0.4,13,0,2,2,0,3,8,0.4,2,2,0,3,8,0.4,2,2,0,3,8,0.4,2,2,0,3,5,0.4,2,2,0,3,5,0.4,2,2,0,3,5,0.4,2,2,0,3,8,0.4,2,2,0,3,8,0.4,2,2,0,3,8,0.4,2,2,0,3,5,0.4,2,2,0,3,5,0.4,2,2,0,3,5,0.4,2,2,0,3,8,0.4,2,2,0,3,8,0.4,2,2,0,3,8,0.4,0.8,4.938271604,10,0.6153846153846154,4.938271604,13
DBAkbp9gfZM7PjRTuUwHg5pEJZdey9jSBPuDhmkMpump,281,True,6,0,0,0,0,4,2,0.0,0,0,0,4,2,0.0,0,0,0,4,2,0.0,6,0,0,0,0,4,2,0.0,0,0,0,4,2,0.0,0,0,0,4,2,0.0,0,0,0,4,2,0.0,0,0,0,4,2,0.0,0,0,0,4,2,0.0,0,0,0,4,2,0.0,0,0,0,4,2,0.0,0,0,0,4,2,0.0,0,0,0,4,2,0.0,0,0,0,4,2,0.0,0,0,0,4,2,0.0,0,0,0,4,2,0.0,0,0,0,4,2,0.0,0,0,0,4,2,0.0,1.0,1.975308641,6,1.0,1.975308641,6
2ngSGgBWf6rZ8eT9hW6PtystaUAfaTFZKgxmYFQgpump,282,True,3,1,0,0,0,1,1,,0,0,0,1,1,,0,0,0,1,1,,3,1,0,0,0,1,1,,0,0,0,1,1,,0,0,0,1,1,,0,0,0,1,1,,0,0,0,1,1,,0,0,0,1,1,,0,0,0,1,1,,0,0,0,1,1,,0,0,0,1,1,,0,0,0,1,1,,0,0,0,1,1,,0,0,0,1,1,,0,0,0,1,1,,0,0,0,1,1,,0,0,0,1,1,,0.0,0.101000001,3,0.0,0.101000001,3
7sqhUXwyE14Vim6jPkFKruUwnNZ4cx6Gc5XZ8soVSnEG,283,True,4,0,0,0,0,0,4,,0,0,0,0,4,,0,0,0,0,4,,4,0,0,0,0,0,4,,0,0,0,0,4,,0,0,0,0,4,,0,0,0,0,4,,0,0,0,0,4,,0,0,0,0,4,,0,0,0,0,4,,0,0,0,0,4,,0,0,0,0,4,,0,0,0,0,4,,0,0,0,0,4,,0,0,0,0,4,,0,0,0,0,4,,0,0,0,0,4,,0,0,0,0,4,,1.0,0.005000001,4,1.0,0.005000001,4
E2y2sfFuEYnJxJtPkvJvtEAvxL6i1N2GhEfGR13Ypump,284,True,11,0,1,1,0,3,7,0.25,1,1,0,3,7,0.25,1,1,0,3,7,0.25,11,0,1,1,0,3,7,0.25,1,1,0,3,7,0.25,1,1,0,3,7,0.25,1,1,0,3,7,0.25,1,1,0,3,7,0.25,1,1,0,3,7,0.25,1,1,0,3,7,0.25,1,1,0,3,7,0.25,1,1,0,3,7,0.25,1,1,0,3,7,0.25,1,1,0,3,7,0.25,1,1,0,3,7,0.25,1,1,0,3,7,0.25,1,1,0,3,7,0.25,1,1,0,3,7,0.25,0.9090909090909092,0.0,11,0.9090909090909092,0.0,11
F9B35cHSouq1a1SYwS7g5briHfYto9maUu1F55ktcPFx,285,True,12,0,2,2,2,1,9,0.6666666666666666,2,2,2,1,9,0.6666666666666666,2,2,2,1,9,0.6666666666666666,23,0,2,2,2,5,16,0.2857142857142857,2,2,2,5,16,0.2857142857142857,2,2,2,5,16,0.2857142857142857,2,2,2,1,9,0.6666666666666666,2,2,2,1,9,0.6666666666666666,2,2,2,1,9,0.6666666666666666,2,2,2,5,16,0.2857142857142857,2,2,2,5,16,0.2857142857142857,2,2,2,5,16,0.2857142857142857,2,2,2,1,9,0.6666666666666666,2,2,2,1,9,0.6666666666666666,2,2,2,1,9,0.6666666666666666,2,2,2,5,16,0.2857142857142857,2,2,2,5,16,0.2857142857142857,2,2,2,5,16,0.2857142857142857,0.0,9.876543209,12,0.0,9.876543209,23
FhZUUrJyT6ohX1zPmvTKmnuKYLNiPWCoXcaeTiUtpump,286,True,30,0,0,0,0,4,26,0.0,0,0,0,4,26,0.0,0,0,0,4,26,0.0,30,0,0,0,0,4,26,0.0,0,0,0,4,26,0.0,0,0,0,4,26,0.0,0,0,0,4,26,0.0,0,0,0,4,26,0.0,0,0,0,4,26,0.0,0,0,0,4,26,0.0,0,0,0,4,26,0.0,0,0,0,4,26,0.0,0,0,0,4,26,0.0,0,0,0,4,26,0.0,0,0,0,4,26,0.0,0,0,0,4,26,0.0,0,0,0,4,26,0.0,0,0,0,4,26,0.0,0.303030303030303,4.938271604,33,0.0555555555555555,4.938271604,180
E2w9zEeKLJc8L3aeVmyMYBoL1Q6BpUrKYoJ5X7wMpump,287,True,14,0,7,1,6,0,7,1.0,7,1,6,0,7,1.0,7,1,6,0,7,1.0,15,0,7,1,6,0,8,1.0,7,1,6,0,8,1.0,7,1,6,0,8,1.0,7,1,6,0,7,1.0,7,1,6,0,7,1.0,7,1,6,0,7,1.0,7,1,6,0,8,1.0,7,1,6,0,8,1.0,7,1,6,0,8,1.0,7,1,6,0,7,1.0,7,1,6,0,7,1.0,7,1,6,0,7,1.0,7,1,6,0,8,1.0,7,1,6,0,8,1.0,7,1,6,0,8,1.0,0.3571428571428571,1.0,14,0.3333333333333333,1.0,15
3JwKCgsQXMKWFDnmUzYAMepiDhB6pkagB3ygt7Mapump,288,True,5,0,0,0,0,3,2,0.0,0,0,0,3,2,0.0,0,0,0,3,2,0.0,5,0,0,0,0,3,2,0.0,0,0,0,3,2,0.0,0,0,0,3,2,0.0,2,0,2,1,2,0.6666666666666666,2,0,2,1,2,0.6666666666666666,2,0,2,1,2,0.6666666666666666,2,0,2,1,2,0.6666666666666666,2,0,2,1,2,0.6666666666666666,2,0,2,1,2,0.6666666666666666,0,0,0,3,2,0.0,0,0,0,3,2,0.0,0,0,0,3,2,0.0,0,0,0,3,2,0.0,0,0,0,3,2,0.0,0,0,0,3,2,0.0,0.6,3.5,5,0.6,3.5,5
7mE9KsPTPU65eWVhYZ5rcfYej1LpgzkdyEKPdYE2pump,289,True,4,0,0,0,0,1,3,,0,0,0,1,3,,0,0,0,1,3,,4,0,0,0,0,1,3,,0,0,0,1,3,,0,0,0,1,3,,0,0,0,1,3,,0,0,0,1,3,,0,0,0,1,3,,0,0,0,1,3,,0,0,0,1,3,,0,0,0,1,3,,0,0,0,1,3,,0,0,0,1,3,,0,0,0,1,3,,0,0,0,1,3,,0,0,0,1,3,,0,0,0,1,3,,0.0,0.493827159,4,0.0,0.493827159,4
8JJPHwcFJx1WT9RW6qxquY3S7zn2P5rsTwGg2HoApump,290,True,30,0,0,0,0,10,20,0.0,0,0,0,2,28,0.0,0,0,0,2,28,0.0,30,0,0,0,0,10,20,0.0,0,0,0,2,28,0.0,0,0,0,2,28,0.0,0,0,0,10,20,0.0,0,0,0,2,28,0.0,0,0,0,2,28,0.0,0,0,0,10,20,0.0,0,0,0,2,28,0.0,0,0,0,2,28,0.0,0,0,0,10,20,0.0,0,0,0,2,28,0.0,0,0,0,2,28,0.0,0,0,0,10,20,0.0,0,0,0,2,28,0.0,0,0,0,2,28,0.0,0.2,3.0,30,0.0705882352941176,3.0,85
HLXguRjSaEy2TtUac846eHygM45i8FLNW7hDfxjupump,291,True,13,0,4,0,4,1,8,0.8,4,0,4,1,8,0.8,4,0,4,1,8,0.8,30,0,4,0,4,4,22,0.5,4,0,4,4,22,0.5,4,0,4,4,22,0.5,4,0,4,1,8,0.8,4,0,4,1,8,0.8,4,0,4,1,8,0.8,4,0,4,4,22,0.5,4,0,4,4,22,0.5,4,0,4,4,22,0.5,4,0,4,1,8,0.8,4,0,4,1,8,0.8,4,0,4,1,8,0.8,4,0,4,4,22,0.5,4,0,4,4,22,0.5,4,0,4,4,22,0.5,0.4615384615384615,3.456790122,13,0.1935483870967742,3.456790122,31
6XJiMEVn8ACohC3N1A4barPPtdpbwEsqufRhwPhRpump,292,True,13,0,0,0,0,2,11,0.0,0,0,0,2,11,0.0,0,0,0,2,11,0.0,23,0,0,0,0,3,20,0.0,0,0,0,3,20,0.0,0,0,0,3,20,0.0,2,0,2,0,11,1.0,2,0,2,0,11,1.0,2,0,2,0,11,1.0,2,0,2,1,20,0.6666666666666666,2,0,2,1,20,0.6666666666666666,2,0,2,1,20,0.6666666666666666,0,0,0,2,11,0.0,0,0,0,2,11,0.0,0,0,0,2,11,0.0,0,0,0,3,20,0.0,0,0,0,3,20,0.0,0,0,0,3,20,0.0,0.3076923076923077,0.888888887,13,0.1739130434782608,0.888888887,23
62M1zRQtbwD9G59mfaNy5KCHzPXzobPvb5yJgGKwpump,293,True,4,1,0,0,0,1,2,,0,0,0,1,2,,0,0,0,1,2,,4,1,0,0,0,1,2,,0,0,0,1,2,,0,0,0,1,2,,0,0,0,1,2,,0,0,0,1,2,,0,0,0,1,2,,0,0,0,1,2,,0,0,0,1,2,,0,0,0,1,2,,0,0,0,1,2,,0,0,0,1,2,,0,0,0,1,2,,0,0,0,1,2,,0,0,0,1,2,,0,0,0,1,2,,0.0,8.407407402,4,0.0,8.407407402,4
FkuMQv3iqPp79ybax5W3E3gJyMfnzse4wZhoPdExpump,294,True,11,0,0,0,0,5,6,0.0,0,0,0,5,6,0.0,0,0,0,5,6,0.0,30,0,0,0,0,12,18,0.0,0,0,0,12,18,0.0,0,0,0,12,18,0.0,0,0,0,5,6,0.0,0,0,0,5,6,0.0,0,0,0,5,6,0.0,0,0,0,12,18,0.0,0,0,0,12,18,0.0,0,0,0,12,18,0.0,0,0,0,5,6,0.0,0,0,0,5,6,0.0,0,0,0,5,6,0.0,0,0,0,12,18,0.0,0,0,0,12,18,0.0,0,0,0,12,18,0.0,0.0909090909090909,2.469135801,11,0.0303030303030303,2.469135801,33
76rBieB1Dr2pZ1YM6vjoC3EpWEfyrJXxrudSx2uWpump,295,True,11,0,0,0,0,2,9,0.0,0,0,0,2,9,0.0,0,0,0,2,9,0.0,14,0,0,0,0,2,12,0.0,0,0,0,2,12,0.0,0,0,0,2,12,0.0,0,0,0,2,9,0.0,0,0,0,2,9,0.0,0,0,0,2,9,0.0,0,0,0,2,12,0.0,0,0,0,2,12,0.0,0,0,0,2,12,0.0,0,0,0,2,9,0.0,0,0,0,2,9,0.0,0,0,0,2,9,0.0,0,0,0,2,12,0.0,0,0,0,2,12,0.0,0,0,0,2,12,0.0,0.9090909090909092,3.0,11,0.7142857142857143,3.0,14
EaTaX7UDceT9Mn59VBSasrVfyNjmReMMwNL1Asg6pump,296,True,4,1,0,0,0,2,1,0.0,0,0,0,2,1,0.0,0,0,0,2,1,0.0,4,1,0,0,0,2,1,0.0,0,0,0,2,1,0.0,0,0,0,2,1,0.0,2,0,2,0,1,1.0,2,0,2,0,1,1.0,2,0,2,0,1,1.0,2,0,2,0,1,1.0,2,0,2,0,1,1.0,2,0,2,0,1,1.0,0,0,0,2,1,0.0,0,0,0,2,1,0.0,0,0,0,2,1,0.0,0,0,0,2,1,0.0,0,0,0,2,1,0.0,0,0,0,2,1,0.0,0.0,0.385185183,4,0.0,0.4839506130000001,4
8FDHCyfnFkG3DTg2PduCY9LCGyFxByXbFQGY1knbpump,297,True,10,0,0,0,0,1,9,,0,0,0,1,9,,0,0,0,1,9,,10,0,0,0,0,1,9,,0,0,0,1,9,,0,0,0,1,9,,0,0,0,1,9,,0,0,0,1,9,,0,0,0,1,9,,0,0,0,1,9,,0,0,0,1,9,,0,0,0,1,9,,0,0,0,1,9,,0,0,0,1,9,,0,0,0,1,9,,0,0,0,1,9,,0,0,0,1,9,,0,0,0,1,9,,0.2,24.691358023,10,0.2,24.691358023,10
AkqYFqFT24metaqVDkoL2q86otocwBbxtRJ3ee1epump,298,True,4,1,0,0,0,2,1,0.0,0,0,0,2,1,0.0,0,0,0,2,1,0.0,4,1,0,0,0,2,1,0.0,0,0,0,2,1,0.0,0,0,0,2,1,0.0,0,0,0,2,1,0.0,0,0,0,2,1,0.0,0,0,0,2,1,0.0,0,0,0,2,1,0.0,0,0,0,2,1,0.0,0,0,0,2,1,0.0,0,0,0,2,1,0.0,0,0,0,2,1,0.0,0,0,0,2,1,0.0,0,0,0,2,1,0.0,0,0,0,2,1,0.0,0,0,0,2,1,0.0,0.0,1.325435295,4,0.0,1.325435295,4
4RY5zTUd2i9NYcFRYpZZomRFXuYfhAsrUcFqL5rVpump,299,True,13,0,0,0,0,6,7,0.0,0,0,0,6,7,0.0,0,0,0,6,7,0.0,30,0,0,0,0,6,24,0.0,0,0,0,6,24,0.0,0,0,0,6,24,0.0,0,0,0,6,7,0.0,0,0,0,6,7,0.0,0,0,0,6,7,0.0,0,0,0,6,24,0.0,0,0,0,6,24,0.0,0,0,0,6,24,0.0,0,0,0,6,7,0.0,0,0,0,6,7,0.0,0,0,0,6,7,0.0,0,0,0,6,24,0.0,0,0,0,6,24,0.0,0,0,0,6,24,0.0,0.3846153846153846,1.777777776,13,0.1063829787234042,1.777777776,47
BGGEyDcLYe2oGvRftivdJotfA8aDm7jTjaAjihH5pump,300,True,3,0,0,0,0,2,1,0.0,0,0,0,2,1,0.0,0,0,0,2,1,0.0,3,0,0,0,0,2,1,0.0,0,0,0,2,1,0.0,0,0,0,2,1,0.0,0,0,0,2,1,0.0,0,0,0,2,1,0.0,0,0,0,2,1,0.0,0,0,0,2,1,0.0,0,0,0,2,1,0.0,0,0,0,2,1,0.0,0,0,0,2,1,0.0,0,0,0,2,1,0.0,0,0,0,2,1,0.0,0,0,0,2,1,0.0,0,0,0,2,1,0.0,0,0,0,2,1,0.0,0.0,0.98765432,3,0.0,0.98765432,3
KYc5nuMZjRofu5R7w3nzewYdXumJu6vxeYNRGACpump,301,True,6,0,0,0,0,0,6,,0,0,0,0,6,,0,0,0,0,6,,30,0,0,0,0,8,22,0.0,0,0,0,8,22,0.0,0,0,0,8,22,0.0,0,0,0,0,6,,0,0,0,0,6,,0,0,0,0,6,,2,0,2,6,22,0.25,2,0,2,6,22,0.25,2,0,2,6,22,0.25,0,0,0,0,6,,0,0,0,0,6,,0,0,0,0,6,,0,0,0,8,22,0.0,0,0,0,8,22,0.0,0,0,0,8,22,0.0,0.0,4.0,6,0.0,4.0,43
5fdoWPH295TSPWxZDXddXAx8raNGzHTULopGhAFqpump,302,True,4,1,0,0,0,1,2,,0,0,0,1,2,,0,0,0,1,2,,4,1,0,0,0,1,2,,0,0,0,1,2,,0,0,0,1,2,,0,0,0,1,2,,0,0,0,1,2,,0,0,0,1,2,,0,0,0,1,2,,0,0,0,1,2,,0,0,0,1,2,,0,0,0,1,2,,0,0,0,1,2,,0,0,0,1,2,,0,0,0,1,2,,0,0,0,1,2,,0,0,0,1,2,,0.0,0.100000001,4,0.0,0.100000001,4
GxXRSdsR9iCAK22ziZNJ4guRcmHsadDcbD34ghNRpump,303,True,6,0,0,0,0,3,3,0.0,0,0,0,3,3,0.0,0,0,0,3,3,0.0,7,0,0,0,0,3,4,0.0,0,0,0,3,4,0.0,0,0,0,3,4,0.0,0,0,0,3,3,0.0,0,0,0,3,3,0.0,0,0,0,3,3,0.0,0,0,0,3,4,0.0,0,0,0,3,4,0.0,0,0,0,3,4,0.0,0,0,0,3,3,0.0,0,0,0,3,3,0.0,0,0,0,3,3,0.0,0,0,0,3,4,0.0,0,0,0,3,4,0.0,0,0,0,3,4,0.0,0.6666666666666666,2.962962962,6,0.5714285714285714,2.962962962,7
6wNYUu4GZMnT6TETm1Fdj4pBFYk2UnppeJJ5a3jwpump,304,True,3,0,0,0,0,3,0,0.0,0,0,0,0,3,,0,0,0,0,3,,7,0,0,0,0,6,1,0.0,0,0,0,3,4,0.0,0,0,0,3,4,0.0,0,0,0,3,0,0.0,0,0,0,0,3,,0,0,0,0,3,,0,0,0,6,1,0.0,0,0,0,3,4,0.0,0,0,0,3,4,0.0,0,0,0,3,0,0.0,0,0,0,0,3,,0,0,0,0,3,,0,0,0,6,1,0.0,0,0,0,3,4,0.0,0,0,0,3,4,0.0,1.0,2.845,3,0.4285714285714285,2.845,7
GJaFh4H2xqo3zMVyokoFLCk5uRGHbApbw1EcXbaj68rs,305,True,9,0,2,0,2,0,7,1.0,2,0,2,0,7,1.0,2,0,2,0,7,1.0,30,0,2,0,2,3,25,0.4,2,0,2,3,25,0.4,2,0,2,3,25,0.4,2,0,2,0,7,1.0,2,0,2,0,7,1.0,2,0,2,0,7,1.0,2,0,2,3,25,0.4,2,0,2,3,25,0.4,2,0,2,3,25,0.4,2,0,2,0,7,1.0,2,0,2,0,7,1.0,2,0,2,0,7,1.0,2,0,2,3,25,0.4,2,0,2,3,25,0.4,2,0,2,3,25,0.4,0.7777777777777778,5.0,9,0.2,5.0,35
3d3KWedP7qC2vEAKRodXivjNWxKx6x2hqyrhMhKDpump,306,True,30,0,0,0,0,7,23,0.0,0,0,0,7,23,0.0,0,0,0,7,23,0.0,30,0,0,0,0,7,23,0.0,0,0,0,7,23,0.0,0,0,0,7,23,0.0,0,0,0,7,23,0.0,0,0,0,7,23,0.0,0,0,0,7,23,0.0,0,0,0,7,23,0.0,0,0,0,7,23,0.0,0,0,0,7,23,0.0,0,0,0,7,23,0.0,0,0,0,7,23,0.0,0,0,0,7,23,0.0,0,0,0,7,23,0.0,0,0,0,7,23,0.0,0,0,0,7,23,0.0,0.024390243902439,0.56980057,41,0.0112359550561797,0.56980057,89
CAc3b8FQDaJcWetC7CgCW7CbPaz45aCinjK291KSpump,307,True,4,0,0,0,0,2,2,0.0,0,0,0,2,2,0.0,0,0,0,2,2,0.0,4,0,0,0,0,2,2,0.0,0,0,0,2,2,0.0,0,0,0,2,2,0.0,2,2,2,0,2,1.0,2,2,2,0,2,1.0,2,2,2,0,2,1.0,2,2,2,0,2,1.0,2,2,2,0,2,1.0,2,2,2,0,2,1.0,0,0,0,2,2,0.0,0,0,0,2,2,0.0,0,0,0,2,2,0.0,0,0,0,2,2,0.0,0,0,0,2,2,0.0,0,0,0,2,2,0.0,0.5,1.0,4,0.5,1.0,4
AeEfymE5v4X3N8vgB5b5X8cSEPRsvt33KPKkeutxpump,308,True,3,0,0,0,0,0,3,,0,0,0,0,3,,0,0,0,0,3,,4,0,0,0,0,1,3,,0,0,0,1,3,,0,0,0,1,3,,0,0,0,0,3,,0,0,0,0,3,,0,0,0,0,3,,0,0,0,1,3,,0,0,0,1,3,,0,0,0,1,3,,0,0,0,0,3,,0,0,0,0,3,,0,0,0,0,3,,0,0,0,1,3,,0,0,0,1,3,,0,0,0,1,3,,0.0,0.503703702,3,0.0,0.503703702,4
CyCSZbEg3FQr4TnHtvbLstbKUDxFtV9xAe39qKhpump,309,True,3,1,0,0,0,1,1,,0,0,0,1,1,,0,0,0,1,1,,3,1,0,0,0,1,1,,0,0,0,1,1,,0,0,0,1,1,,0,0,0,1,1,,0,0,0,1,1,,0,0,0,1,1,,0,0,0,1,1,,0,0,0,1,1,,0,0,0,1,1,,0,0,0,1,1,,0,0,0,1,1,,0,0,0,1,1,,0,0,0,1,1,,0,0,0,1,1,,0,0,0,1,1,,0.0,0.1835061679999999,3,0.0,0.6723950500000001,3
AUVHNvBXz4dU5nJWUGD1TQofP5Lfui6AWM5CiEQxpump,310,True,3,1,0,0,0,2,0,0.0,0,0,0,2,0,0.0,0,0,0,2,0,0.0,5,1,0,0,0,3,1,0.0,0,0,0,3,1,0.0,0,0,0,3,1,0.0,0,0,0,2,0,0.0,0,0,0,2,0,0.0,0,0,0,2,0,0.0,0,0,0,3,1,0.0,0,0,0,3,1,0.0,0,0,0,3,1,0.0,0,0,0,2,0,0.0,0,0,0,2,0,0.0,0,0,0,2,0,0.0,0,0,0,3,1,0.0,0,0,0,3,1,0.0,0,0,0,3,1,0.0,0.0,0.500078136,3,0.0,0.500078136,5
9mfBVS3aqHgyu6EkBjq2WgLrJExbYXXwzb3BdwJGpump,311,True,8,0,0,0,0,0,8,,0,0,0,0,8,,0,0,0,0,8,,8,0,0,0,0,0,8,,0,0,0,0,8,,0,0,0,0,8,,0,0,0,0,8,,0,0,0,0,8,,0,0,0,0,8,,0,0,0,0,8,,0,0,0,0,8,,0,0,0,0,8,,0,0,0,0,8,,0,0,0,0,8,,0,0,0,0,8,,0,0,0,0,8,,0,0,0,0,8,,0,0,0,0,8,,0.875,4.345679011,8,0.875,4.345679011,8
tE14hdZtP4acor5p54ZXR1g7q2dcnu2APqY2vByrBhX,312,True,3,1,0,0,0,1,1,,0,0,0,1,1,,0,0,0,1,1,,4,1,0,0,0,2,1,0.0,0,0,0,2,1,0.0,0,0,0,2,1,0.0,0,0,0,1,1,,0,0,0,1,1,,0,0,0,1,1,,0,0,0,2,1,0.0,0,0,0,2,1,0.0,0,0,0,2,1,0.0,0,0,0,1,1,,0,0,0,1,1,,0,0,0,1,1,,0,0,0,2,1,0.0,0,0,0,2,1,0.0,0,0,0,2,1,0.0,0.0,0.424691357,3,0.0,0.424691357,4
7K5G2VQpVy8zHL8JG6ZHCF4a8WeDfd23H4Dr6UWtpump,313,True,3,0,0,0,0,0,3,,0,0,0,0,3,,0,0,0,0,3,,3,0,0,0,0,0,3,,0,0,0,0,3,,0,0,0,0,3,,0,0,0,0,3,,0,0,0,0,3,,0,0,0,0,3,,0,0,0,0,3,,0,0,0,0,3,,0,0,0,0,3,,0,0,0,0,3,,0,0,0,0,3,,0,0,0,0,3,,0,0,0,0,3,,0,0,0,0,3,,0,0,0,0,3,,1.0,0.543209875,3,1.0,0.543209875,3
BeqHeX5Ud7AdjFR9xRdvmFq8S6ev452SUgQRKex6pump,314,True,3,1,0,0,0,2,0,0.0,0,0,0,2,0,0.0,0,0,0,2,0,0.0,4,1,0,0,0,3,0,0.0,0,0,0,3,0,0.0,0,0,0,3,0,0.0,0,0,0,2,0,0.0,0,0,0,2,0,0.0,0,0,0,2,0,0.0,0,0,0,3,0,0.0,0,0,0,3,0,0.0,0,0,0,3,0,0.0,0,0,0,2,0,0.0,0,0,0,2,0,0.0,0,0,0,2,0,0.0,0,0,0,3,0,0.0,0,0,0,3,0,0.0,0,0,0,3,0,0.0,0.0,11.85185185,3,0.0,11.85185185,4
E2fRN14QsAcNxcTHanRxS28TskoCMqn9K9WPkgoyWhr4,315,True,4,0,3,3,0,0,1,1.0,3,3,0,0,1,1.0,3,3,0,0,1,1.0,5,0,3,3,0,0,2,1.0,3,3,0,0,2,1.0,3,3,0,0,2,1.0,3,3,0,0,1,1.0,3,3,0,0,1,1.0,3,3,0,0,1,1.0,3,3,0,0,2,1.0,3,3,0,0,2,1.0,3,3,0,0,2,1.0,3,3,0,0,1,1.0,3,3,0,0,1,1.0,3,3,0,0,1,1.0,3,3,0,0,2,1.0,3,3,0,0,2,1.0,3,3,0,0,2,1.0,0.0,5.0,4,0.0,5.0,5
B6ht3phVSrvEcK7KcZHztu8p3dKHTG58F3keBLV8pump,316,True,7,0,0,0,0,1,6,,0,0,0,1,6,,0,0,0,1,6,,7,0,0,0,0,1,6,,0,0,0,1,6,,0,0,0,1,6,,0,0,0,1,6,,0,0,0,1,6,,0,0,0,1,6,,0,0,0,1,6,,0,0,0,1,6,,0,0,0,1,6,,0,0,0,1,6,,0,0,0,1,6,,0,0,0,1,6,,0,0,0,1,6,,0,0,0,1,6,,0,0,0,1,6,,0.7142857142857143,1.0,7,0.7142857142857143,1.0,7
4hBgjSkMwBAhypMofWtLR2TRTRxkFrFNV1KSZq7wz1r4,317,True,3,0,0,0,0,1,2,,0,0,0,1,2,,0,0,0,1,2,,3,0,0,0,0,1,2,,0,0,0,1,2,,0,0,0,1,2,,0,0,0,1,2,,0,0,0,1,2,,0,0,0,1,2,,0,0,0,1,2,,0,0,0,1,2,,0,0,0,1,2,,0,0,0,1,2,,0,0,0,1,2,,0,0,0,1,2,,0,0,0,1,2,,0,0,0,1,2,,0,0,0,1,2,,0.0,5.925925925,3,0.0,5.925925925,3
CxcjnqoWxtyx8sysj8qeQVoxDxhJXukLsYVGVQPLpump,318,True,5,0,0,0,0,0,5,,0,0,0,0,5,,0,0,0,0,5,,5,0,0,0,0,0,5,,0,0,0,0,5,,0,0,0,0,5,,0,0,0,0,5,,0,0,0,0,5,,0,0,0,0,5,,0,0,0,0,5,,0,0,0,0,5,,0,0,0,0,5,,0,0,0,0,5,,0,0,0,0,5,,0,0,0,0,5,,0,0,0,0,5,,0,0,0,0,5,,0,0,0,0,5,,1.0,0.059250011,5,1.0,0.059250011,5
QEbiCxtL7d7qUfSGEnseVA2xtM7YLzoQE1bKAsapump,319,True,8,0,0,0,0,8,0,0.0,0,0,0,8,0,0.0,0,0,0,8,0,0.0,12,0,0,0,0,9,3,0.0,0,0,0,9,3,0.0,0,0,0,9,3,0.0,0,0,0,8,0,0.0,0,0,0,8,0,0.0,0,0,0,8,0,0.0,0,0,0,9,3,0.0,0,0,0,9,3,0.0,0,0,0,9,3,0.0,0,0,0,8,0,0.0,0,0,0,8,0,0.0,0,0,0,8,0,0.0,0,0,0,9,3,0.0,0,0,0,9,3,0.0,0,0,0,9,3,0.0,0.625,1.975308641,8,0.4166666666666667,1.975308641,12
EeibRm3x7Mbzt2RremTszj9AiaxN1bfgnSy26nEBpump,320,True,13,0,8,2,6,0,5,1.0,8,2,6,0,5,1.0,8,2,6,0,5,1.0,14,0,8,2,6,0,6,1.0,8,2,6,0,6,1.0,8,2,6,0,6,1.0,8,2,6,0,5,1.0,8,2,6,0,5,1.0,8,2,6,0,5,1.0,8,2,6,0,6,1.0,8,2,6,0,6,1.0,8,2,6,0,6,1.0,8,2,6,0,5,1.0,8,2,6,0,5,1.0,8,2,6,0,5,1.0,8,2,6,0,6,1.0,8,2,6,0,6,1.0,8,2,6,0,6,1.0,0.3846153846153846,2.266248825,13,0.3571428571428571,2.266248825,14
EyZeyKczMPoQGay6U7A4dyaE3CvKcbrAPY72iBj7pump,321,True,3,0,2,2,2,0,1,1.0,2,2,2,0,1,1.0,2,2,2,0,1,1.0,5,0,2,2,2,2,1,0.5,2,2,2,2,1,0.5,2,2,2,2,1,0.5,2,2,2,0,1,1.0,2,2,2,0,1,1.0,2,2,2,0,1,1.0,2,2,2,2,1,0.5,2,2,2,2,1,0.5,2,2,2,2,1,0.5,2,2,2,0,1,1.0,2,2,2,0,1,1.0,2,2,2,0,1,1.0,2,2,2,2,1,0.5,2,2,2,2,1,0.5,2,2,2,2,1,0.5,1.0,2.0,3,0.6,2.0,5
B9CuQmF4NLEdV89rbszt3BTqS2QqG2RewqBGZXXepump,322,True,9,0,0,0,0,3,6,0.0,0,0,0,3,6,0.0,0,0,0,3,6,0.0,9,0,0,0,0,3,6,0.0,0,0,0,3,6,0.0,0,0,0,3,6,0.0,0,0,0,3,6,0.0,0,0,0,3,6,0.0,0,0,0,3,6,0.0,0,0,0,3,6,0.0,0,0,0,3,6,0.0,0,0,0,3,6,0.0,0,0,0,3,6,0.0,0,0,0,3,6,0.0,0,0,0,3,6,0.0,0,0,0,3,6,0.0,0,0,0,3,6,0.0,0,0,0,3,6,0.0,0.4444444444444444,0.98765432,9,0.4444444444444444,0.98765432,9
3aJNjEPmewLZV6Z6t7aybimEeCnrwVDTmRTWWN1tpump,323,True,6,0,0,0,0,3,3,0.0,0,0,0,3,3,0.0,0,0,0,3,3,0.0,8,0,0,0,0,3,5,0.0,0,0,0,3,5,0.0,0,0,0,3,5,0.0,2,2,2,1,3,0.6666666666666666,2,2,2,1,3,0.6666666666666666,2,2,2,1,3,0.6666666666666666,2,2,2,1,5,0.6666666666666666,2,2,2,1,5,0.6666666666666666,2,2,2,1,5,0.6666666666666666,0,0,0,3,3,0.0,0,0,0,3,3,0.0,0,0,0,3,3,0.0,0,0,0,3,5,0.0,0,0,0,3,5,0.0,0,0,0,3,5,0.0,1.0,3.0,6,0.75,3.0,8
9eErvLm9ewwQsYZ6PqGvFcHLCAF8dZLXTUDKo5twpump,324,True,5,1,0,0,0,2,2,0.0,0,0,0,2,2,0.0,0,0,0,2,2,0.0,8,1,0,0,0,3,4,0.0,0,0,0,3,4,0.0,0,0,0,3,4,0.0,0,0,0,2,2,0.0,0,0,0,2,2,0.0,0,0,0,2,2,0.0,2,0,2,1,4,0.6666666666666666,2,0,2,1,4,0.6666666666666666,2,0,2,1,4,0.6666666666666666,0,0,0,2,2,0.0,0,0,0,2,2,0.0,0,0,0,2,2,0.0,0,0,0,3,4,0.0,0,0,0,3,4,0.0,0,0,0,3,4,0.0,0.0,0.197530863,5,0.0,0.197530863,8
FL9NHGF6kVJW2YWXeBdfxUdvkE29wdKdwDWitnjWpump,325,True,3,1,0,0,0,1,1,,0,0,0,1,1,,0,0,0,1,1,,4,1,0,0,0,1,2,,0,0,0,1,2,,0,0,0,1,2,,0,0,0,1,1,,0,0,0,1,1,,0,0,0,1,1,,0,0,0,1,2,,0,0,0,1,2,,0,0,0,1,2,,0,0,0,1,1,,0,0,0,1,1,,0,0,0,1,1,,0,0,0,1,2,,0,0,0,1,2,,0,0,0,1,2,,0.0,0.150000001,3,0.0,0.367283949,4
apSMq9T5aEVNcMvd38CGRVdu5JrJHhoYY81Tgidpump,326,True,9,0,5,2,5,3,1,0.625,5,2,5,3,1,0.625,5,2,5,3,1,0.625,11,0,5,2,5,3,3,0.625,5,2,5,3,3,0.625,5,2,5,3,3,0.625,5,2,5,3,1,0.625,5,2,5,3,1,0.625,5,2,5,3,1,0.625,5,2,5,3,3,0.625,5,2,5,3,3,0.625,5,2,5,3,3,0.625,5,2,5,3,1,0.625,5,2,5,3,1,0.625,5,2,5,3,1,0.625,5,2,5,3,3,0.625,5,2,5,3,3,0.625,5,2,5,3,3,0.625,0.8888888888888888,0.819753085,9,0.7272727272727273,0.819753085,11
AyhBatwhwoDVb2C2QPFB2YxnypsyhFbJ5BXowgEEpump,327,True,5,0,0,0,0,0,5,,0,0,0,0,5,,0,0,0,0,5,,5,0,0,0,0,0,5,,0,0,0,0,5,,0,0,0,0,5,,0,0,0,0,5,,0,0,0,0,5,,0,0,0,0,5,,0,0,0,0,5,,0,0,0,0,5,,0,0,0,0,5,,0,0,0,0,5,,0,0,0,0,5,,0,0,0,0,5,,0,0,0,0,5,,0,0,0,0,5,,0,0,0,0,5,,1.0,0.100000018,5,1.0,0.100000018,5
HZvinnBLb1kjcwJj89kHxzMopVonZeeLTty9Mgzapump,328,True,3,1,0,0,0,0,2,,0,0,0,0,2,,0,0,0,0,2,,4,1,0,0,0,0,3,,0,0,0,0,3,,0,0,0,0,3,,0,0,0,0,2,,0,0,0,0,2,,0,0,0,0,2,,0,0,0,0,3,,0,0,0,0,3,,0,0,0,0,3,,0,0,0,0,2,,0,0,0,0,2,,0,0,0,0,2,,0,0,0,0,3,,0,0,0,0,3,,0,0,0,0,3,,0.0,0.51631603,3,0.0,0.5192493610000001,4
7K4DZFP1AKT3Z9UroiospoFoTWbk2K4FvPS6aPTJpump,329,True,3,0,0,0,0,0,3,,0,0,0,0,3,,0,0,0,0,3,,3,0,0,0,0,0,3,,0,0,0,0,3,,0,0,0,0,3,,0,0,0,0,3,,0,0,0,0,3,,0,0,0,0,3,,0,0,0,0,3,,0,0,0,0,3,,0,0,0,0,3,,0,0,0,0,3,,0,0,0,0,3,,0,0,0,0,3,,0,0,0,0,3,,0,0,0,0,3,,0,0,0,0,3,,1.0,0.790123455,3,1.0,0.790123455,3
258fkv8AeS37DmVQWmebtg4acvtwvZSp13cBtR7Gpump,330,True,4,0,0,0,0,1,3,,0,0,0,1,3,,0,0,0,1,3,,4,0,0,0,0,1,3,,0,0,0,1,3,,0,0,0,1,3,,0,0,0,1,3,,0,0,0,1,3,,0,0,0,1,3,,0,0,0,1,3,,0,0,0,1,3,,0,0,0,1,3,,0,0,0,1,3,,0,0,0,1,3,,0,0,0,1,3,,0,0,0,1,3,,0,0,0,1,3,,0,0,0,1,3,,0.25,0.098765431,4,0.25,0.098765431,4
13WokzHDJMt65f5oLiFff9DZCFDDhnryzHskCSt4pump,331,True,5,1,0,0,0,1,3,,0,0,0,1,3,,0,0,0,1,3,,5,1,0,0,0,1,3,,0,0,0,1,3,,0,0,0,1,3,,0,0,0,1,3,,0,0,0,1,3,,0,0,0,1,3,,0,0,0,1,3,,0,0,0,1,3,,0,0,0,1,3,,0,0,0,1,3,,0,0,0,1,3,,0,0,0,1,3,,0,0,0,1,3,,0,0,0,1,3,,0,0,0,1,3,,0.0,0.616349818,5,0.0,0.616873837,5
3T7L9WbowomiYGUZujHPcJQsrQnoXQT2ekVM45UCpump,332,True,5,0,0,0,0,0,5,,0,0,0,0,5,,0,0,0,0,5,,5,0,0,0,0,0,5,,0,0,0,0,5,,0,0,0,0,5,,0,0,0,0,5,,0,0,0,0,5,,0,0,0,0,5,,0,0,0,0,5,,0,0,0,0,5,,0,0,0,0,5,,0,0,0,0,5,,0,0,0,0,5,,0,0,0,0,5,,0,0,0,0,5,,0,0,0,0,5,,0,0,0,0,5,,1.0,0.100000018,5,1.0,0.100000018,5
UKPwges39S57awtr78DuqNtowx49FwkuQ9HSgL9pump,333,True,28,0,2,0,2,4,22,0.3333333333333333,2,0,2,4,22,0.3333333333333333,2,0,2,4,22,0.3333333333333333,30,0,2,0,2,5,23,0.2857142857142857,2,0,2,5,23,0.2857142857142857,2,0,2,5,23,0.2857142857142857,2,0,2,4,22,0.3333333333333333,2,0,2,4,22,0.3333333333333333,2,0,2,4,22,0.3333333333333333,2,0,2,5,23,0.2857142857142857,2,0,2,5,23,0.2857142857142857,2,0,2,5,23,0.2857142857142857,2,0,2,4,22,0.3333333333333333,2,0,2,4,22,0.3333333333333333,2,0,2,4,22,0.3333333333333333,2,0,2,5,23,0.2857142857142857,2,0,2,5,23,0.2857142857142857,2,0,2,5,23,0.2857142857142857,0.2142857142857142,4.000000001,28,0.1363636363636363,4.000000001,44
DJyTaBGRPFjhYnJReivdVy7T3HNoBmFGtKhMCaKppump,334,True,3,1,0,0,0,1,1,,0,0,0,1,1,,0,0,0,1,1,,5,1,0,0,0,2,2,0.0,0,0,0,2,2,0.0,0,0,0,2,2,0.0,0,0,0,1,1,,0,0,0,1,1,,0,0,0,1,1,,0,0,0,2,2,0.0,0,0,0,2,2,0.0,0,0,0,2,2,0.0,0,0,0,1,1,,0,0,0,1,1,,0,0,0,1,1,,0,0,0,2,2,0.0,0,0,0,2,2,0.0,0,0,0,2,2,0.0,0.0,1.000000001,3,0.0,1.197530864,5
JByiJWgVQBoDeyQKnsaNDJh9T3epQhXJaB32u3rSpump,335,True,3,0,0,0,0,1,2,,0,0,0,1,2,,0,0,0,1,2,,3,0,0,0,0,1,2,,0,0,0,1,2,,0,0,0,1,2,,0,0,0,1,2,,0,0,0,1,2,,0,0,0,1,2,,0,0,0,1,2,,0,0,0,1,2,,0,0,0,1,2,,0,0,0,1,2,,0,0,0,1,2,,0,0,0,1,2,,0,0,0,1,2,,0,0,0,1,2,,0,0,0,1,2,,0.3333333333333333,1.97530864,3,0.3333333333333333,1.97530864,3
6cH7WLETH3UuksNKVFcBdV7rtLWapFteQPFyqNzzpump,336,True,15,0,0,0,0,2,13,0.0,0,0,0,2,13,0.0,0,0,0,2,13,0.0,15,0,0,0,0,2,13,0.0,0,0,0,2,13,0.0,0,0,0,2,13,0.0,0,0,0,2,13,0.0,0,0,0,2,13,0.0,0,0,0,2,13,0.0,0,0,0,2,13,0.0,0,0,0,2,13,0.0,0,0,0,2,13,0.0,0,0,0,2,13,0.0,0,0,0,2,13,0.0,0,0,0,2,13,0.0,0,0,0,2,13,0.0,0,0,0,2,13,0.0,0,0,0,2,13,0.0,0.8,1.0,15,0.8,1.0,15
HfhV9UKEt1Ktp7WJdwVHXDjndEmDj49q8Jb63sJ8pump,337,True,8,0,2,0,2,0,6,1.0,2,0,2,0,6,1.0,2,0,2,0,6,1.0,25,0,4,0,4,2,19,0.6666666666666666,4,0,4,2,19,0.6666666666666666,4,0,4,2,19,0.6666666666666666,2,0,2,0,6,1.0,2,0,2,0,6,1.0,2,0,2,0,6,1.0,4,0,4,2,19,0.6666666666666666,4,0,4,2,19,0.6666666666666666,4,0,4,2,19,0.6666666666666666,2,0,2,0,6,1.0,2,0,2,0,6,1.0,2,0,2,0,6,1.0,4,0,4,2,19,0.6666666666666666,4,0,4,2,19,0.6666666666666666,4,0,4,2,19,0.6666666666666666,0.375,2.0,8,0.12,2.0,25
49fNgCEA9uuf15pAYvmq9cCsx34VQg5tSa5qYv4Lpump,338,True,3,1,0,0,0,0,2,,0,0,0,0,2,,0,0,0,0,2,,3,1,0,0,0,0,2,,0,0,0,0,2,,0,0,0,0,2,,0,0,0,0,2,,0,0,0,0,2,,0,0,0,0,2,,0,0,0,0,2,,0,0,0,0,2,,0,0,0,0,2,,0,0,0,0,2,,0,0,0,0,2,,0,0,0,0,2,,0,0,0,0,2,,0,0,0,0,2,,0,0,0,0,2,,0.0,0.100000001,3,0.0,0.100000001,3
GWu5mcHdqyRfinknuevGtrFd5RQkKMBZHXNKZjsWpump,339,True,3,1,0,0,0,1,1,,0,0,0,1,1,,0,0,0,1,1,,3,1,0,0,0,1,1,,0,0,0,1,1,,0,0,0,1,1,,0,0,0,1,1,,0,0,0,1,1,,0,0,0,1,1,,0,0,0,1,1,,0,0,0,1,1,,0,0,0,1,1,,0,0,0,1,1,,0,0,0,1,1,,0,0,0,1,1,,0,0,0,1,1,,0,0,0,1,1,,0,0,0,1,1,,0.0,1.200000001,3,0.0,1.200000001,3
8ssTmDCyycPu3vJeyTSePP2hfrBt2DJT61ZeD6wZrcjW,340,True,3,0,2,2,0,1,0,0.6666666666666666,2,2,0,1,0,0.6666666666666666,2,2,0,1,0,0.6666666666666666,3,0,2,2,0,1,0,0.6666666666666666,2,2,0,1,0,0.6666666666666666,2,2,0,1,0,0.6666666666666666,2,2,0,1,0,0.6666666666666666,2,2,0,1,0,0.6666666666666666,2,2,0,1,0,0.6666666666666666,2,2,0,1,0,0.6666666666666666,2,2,0,1,0,0.6666666666666666,2,2,0,1,0,0.6666666666666666,2,2,0,1,0,0.6666666666666666,2,2,0,1,0,0.6666666666666666,2,2,0,1,0,0.6666666666666666,2,2,0,1,0,0.6666666666666666,2,2,0,1,0,0.6666666666666666,2,2,0,1,0,0.6666666666666666,0.6666666666666666,4.938271604,3,0.6666666666666666,4.938271604,3
3zmXDnmDVwrRg73NvyTmu3sypNsgzfC4Jvq1tmZQpump,341,True,4,1,0,0,0,2,1,0.0,0,0,0,2,1,0.0,0,0,0,2,1,0.0,4,1,0,0,0,2,1,0.0,0,0,0,2,1,0.0,0,0,0,2,1,0.0,0,0,0,2,1,0.0,0,0,0,2,1,0.0,0,0,0,2,1,0.0,0,0,0,2,1,0.0,0,0,0,2,1,0.0,0,0,0,2,1,0.0,0,0,0,2,1,0.0,0,0,0,2,1,0.0,0,0,0,2,1,0.0,0,0,0,2,1,0.0,0,0,0,2,1,0.0,0,0,0,2,1,0.0,0.0,0.050000001,4,0.0,0.050000001,4
2ze2U14JUyEatKkMNChipjkcbaWX9yrp38tvDVwJfomo,342,True,5,0,0,0,0,0,5,,0,0,0,0,5,,0,0,0,0,5,,6,0,0,0,0,0,6,,0,0,0,0,6,,0,0,0,0,6,,0,0,0,0,5,,0,0,0,0,5,,0,0,0,0,5,,0,0,0,0,6,,0,0,0,0,6,,0,0,0,0,6,,0,0,0,0,5,,0,0,0,0,5,,0,0,0,0,5,,0,0,0,0,6,,0,0,0,0,6,,0,0,0,0,6,,0.0,6.913580246,5,0.0,6.913580246,6
8LhbnBUeKVquKRTH1j9SpiAPfsHs6foA3u6J8Sybpump,343,True,3,1,0,0,0,1,1,,0,0,0,1,1,,0,0,0,1,1,,3,1,0,0,0,1,1,,0,0,0,1,1,,0,0,0,1,1,,0,0,0,1,1,,0,0,0,1,1,,0,0,0,1,1,,0,0,0,1,1,,0,0,0,1,1,,0,0,0,1,1,,0,0,0,1,1,,0,0,0,1,1,,0,0,0,1,1,,0,0,0,1,1,,0,0,0,1,1,,0,0,0,1,1,,0.0,0.050084894,3,0.0,0.050084894,3
Haq1esYadEK2Xh6Rqa3jVJCEZpYC9UwVxKMabuERpump,344,True,3,0,0,0,0,0,3,,0,0,0,0,3,,0,0,0,0,3,,3,0,0,0,0,0,3,,0,0,0,0,3,,0,0,0,0,3,,0,0,0,0,3,,0,0,0,0,3,,0,0,0,0,3,,0,0,0,0,3,,0,0,0,0,3,,0,0,0,0,3,,0,0,0,0,3,,0,0,0,0,3,,0,0,0,0,3,,0,0,0,0,3,,0,0,0,0,3,,0,0,0,0,3,,0.0,0.098765431,3,0.0,0.098765431,3
BQVE6mBYpGBxuAYLEMvms5GKqLs21RA6yyKvRHQMpump,345,True,3,1,0,0,0,0,2,,0,0,0,0,2,,0,0,0,0,2,,3,1,0,0,0,0,2,,0,0,0,0,2,,0,0,0,0,2,,0,0,0,0,2,,0,0,0,0,2,,0,0,0,0,2,,0,0,0,0,2,,0,0,0,0,2,,0,0,0,0,2,,0,0,0,0,2,,0,0,0,0,2,,0,0,0,0,2,,0,0,0,0,2,,0,0,0,0,2,,0,0,0,0,2,,0.0,1.685185182,3,0.0,1.783950613,3
DMU6LRnRBV7URLdpCYadHNKxXxyf4MRkdqSqC2tkpump,346,True,6,0,0,0,0,2,4,0.0,0,0,0,2,4,0.0,0,0,0,2,4,0.0,6,0,0,0,0,2,4,0.0,0,0,0,2,4,0.0,0,0,0,2,4,0.0,0,0,0,2,4,0.0,0,0,0,2,4,0.0,0,0,0,2,4,0.0,0,0,0,2,4,0.0,0,0,0,2,4,0.0,0,0,0,2,4,0.0,0,0,0,2,4,0.0,0,0,0,2,4,0.0,0,0,0,2,4,0.0,0,0,0,2,4,0.0,0,0,0,2,4,0.0,0,0,0,2,4,0.0,0.1666666666666666,0.56980057,6,0.1666666666666666,0.56980057,6
ButPg9aRM9Y5jqM5dEj3JFVLFcBwMmduV2N7bNU7pump,347,True,9,0,0,0,0,6,3,0.0,2,0,2,0,7,1.0,2,0,2,0,7,1.0,24,0,0,0,0,21,3,0.0,12,0,12,1,11,0.9230769230769231,12,0,12,1,11,0.9230769230769231,0,0,0,6,3,0.0,2,0,2,0,7,1.0,2,0,2,0,7,1.0,0,0,0,21,3,0.0,12,0,12,1,11,0.9230769230769231,12,0,12,1,11,0.9230769230769231,0,0,0,6,3,0.0,2,0,2,0,7,1.0,2,0,2,0,7,1.0,4,0,4,17,3,0.19047619047619047,12,0,12,1,11,0.9230769230769231,12,0,12,1,11,0.9230769230769231,0.0,20.740740739,9,0.0,20.740740739,24
6QBku8sX6YrAMtg35YQJM1nTGK7v5VbUoGSUgDPxpump,348,True,30,0,2,0,2,6,22,0.25,2,0,2,6,22,0.25,2,0,2,6,22,0.25,30,0,2,0,2,6,22,0.25,2,0,2,6,22,0.25,2,0,2,6,22,0.25,4,0,4,4,22,0.5,4,0,4,4,22,0.5,4,0,4,4,22,0.5,4,0,4,4,22,0.5,4,0,4,4,22,0.5,4,0,4,4,22,0.5,2,0,2,6,22,0.25,2,0,2,6,22,0.25,2,0,2,6,22,0.25,2,0,2,6,22,0.25,2,0,2,6,22,0.25,2,0,2,6,22,0.25,0.0666666666666666,1.46627566,30,0.0227272727272727,1.46627566,88
3pfS29Dddk7sMG8HFqskeA98TAUXs8Z8LfkBruanpump,349,True,18,0,0,0,0,3,15,0.0,0,0,0,3,15,0.0,0,0,0,3,15,0.0,30,0,0,0,0,5,25,0.0,0,0,0,5,25,0.0,0,0,0,5,25,0.0,0,0,0,3,15,0.0,0,0,0,3,15,0.0,0,0,0,3,15,0.0,0,0,0,5,25,0.0,0,0,0,5,25,0.0,0,0,0,5,25,0.0,0,0,0,3,15,0.0,0,0,0,3,15,0.0,0,0,0,3,15,0.0,0,0,0,5,25,0.0,0,0,0,5,25,0.0,0,0,0,5,25,0.0,0.5555555555555556,0.029625006,18,0.2272727272727272,0.159545981,44
EfPs4H3PZBbiS766RuZs6LSXhT8qF6pFmYNMpxU9pump,350,True,3,1,0,0,0,1,1,,0,0,0,1,1,,0,0,0,1,1,,3,1,0,0,0,1,1,,0,0,0,1,1,,0,0,0,1,1,,0,0,0,1,1,,0,0,0,1,1,,0,0,0,1,1,,0,0,0,1,1,,0,0,0,1,1,,0,0,0,1,1,,0,0,0,1,1,,0,0,0,1,1,,0,0,0,1,1,,0,0,0,1,1,,0,0,0,1,1,,0,0,0,1,1,,0.0,0.100015626,3,0.0,0.100015626,3
Ar7ovmjRoDh4aVKWHLhiv8bzFYZiiU55WzWeAd2Hpump,351,True,4,0,0,0,0,0,4,,0,0,0,0,4,,0,0,0,0,4,,4,0,0,0,0,0,4,,0,0,0,0,4,,0,0,0,0,4,,0,0,0,0,4,,0,0,0,0,4,,0,0,0,0,4,,0,0,0,0,4,,0,0,0,0,4,,0,0,0,0,4,,0,0,0,0,4,,0,0,0,0,4,,0,0,0,0,4,,0,0,0,0,4,,0,0,0,0,4,,0,0,0,0,4,,0.25,0.539000001,4,0.25,0.539000001,4
D7hdbgrPNM9dT4LQcRXJ7sGD52RuncfwA4ntmSpgpump,352,True,4,0,0,0,0,2,2,0.0,0,0,0,2,2,0.0,0,0,0,2,2,0.0,4,0,0,0,0,2,2,0.0,0,0,0,2,2,0.0,0,0,0,2,2,0.0,1,1,0,1,2,0.5,1,1,0,1,2,0.5,1,1,0,1,2,0.5,1,1,0,1,2,0.5,1,1,0,1,2,0.5,1,1,0,1,2,0.5,0,0,0,2,2,0.0,0,0,0,2,2,0.0,0,0,0,2,2,0.0,0,0,0,2,2,0.0,0,0,0,2,2,0.0,0,0,0,2,2,0.0,0.0,0.4345679,4,0.0,0.4345679,4
5PCibCFq2WwJLDTnjLT4yeLrYFouzbcPWPgRLW9Spump,353,True,11,0,4,1,3,0,7,1.0,4,1,3,0,7,1.0,4,1,3,0,7,1.0,15,0,4,1,3,3,8,0.5714285714285714,4,1,3,3,8,0.5714285714285714,4,1,3,3,8,0.5714285714285714,4,1,3,0,7,1.0,4,1,3,0,7,1.0,4,1,3,0,7,1.0,5,2,3,2,8,0.7142857142857143,5,2,3,2,8,0.7142857142857143,5,2,3,2,8,0.7142857142857143,4,1,3,0,7,1.0,4,1,3,0,7,1.0,4,1,3,0,7,1.0,4,1,3,3,8,0.5714285714285714,4,1,3,3,8,0.5714285714285714,4,1,3,3,8,0.5714285714285714,0.0909090909090909,3.0,11,0.0666666666666666,3.0,15
ETKLaYQTQgQA1dje1h3Ze7QVhkis8viTjskdZ5Lspump,354,True,3,0,0,0,0,3,0,0.0,0,0,0,3,0,0.0,0,0,0,3,0,0.0,4,1,0,0,0,3,0,0.0,0,0,0,3,0,0.0,0,0,0,3,0,0.0,0,0,0,3,0,0.0,0,0,0,3,0,0.0,0,0,0,3,0,0.0,0,0,0,3,0,0.0,0,0,0,3,0,0.0,0,0,0,3,0,0.0,0,0,0,3,0,0.0,0,0,0,3,0,0.0,0,0,0,3,0,0.0,0,0,0,3,0,0.0,0,0,0,3,0,0.0,0,0,0,3,0,0.0,0.0,0.1,3,0.0,0.1,4
Ai5MZ1J58beG6urnVm97rGYapQbDM5HyEaCjg4mQpump,355,True,3,1,0,0,0,1,1,,0,0,0,1,1,,0,0,0,1,1,,3,1,0,0,0,1,1,,0,0,0,1,1,,0,0,0,1,1,,0,0,0,1,1,,0,0,0,1,1,,0,0,0,1,1,,0,0,0,1,1,,0,0,0,1,1,,0,0,0,1,1,,0,0,0,1,1,,0,0,0,1,1,,0,0,0,1,1,,0,0,0,1,1,,0,0,0,1,1,,0,0,0,1,1,,0.0,0.193778612,3,0.0,0.193778612,3
A1wKTkkA7tJs6vnBXuBxPZJz1eF7gpT2QGiPTgHBpump,356,True,3,1,0,0,0,2,0,0.0,0,0,0,2,0,0.0,0,0,0,2,0,0.0,4,1,0,0,0,3,0,0.0,0,0,0,3,0,0.0,0,0,0,3,0,0.0,0,0,0,2,0,0.0,0,0,0,2,0,0.0,0,0,0,2,0,0.0,0,0,0,3,0,0.0,0,0,0,3,0,0.0,0,0,0,3,0,0.0,0,0,0,2,0,0.0,0,0,0,2,0,0.0,0,0,0,2,0,0.0,0,0,0,3,0,0.0,0,0,0,3,0,0.0,0,0,0,3,0,0.0,0.0,0.050084894,3,0.0,0.050084894,4
7EU3gaWX5zdknnJjQCKxrDoDe49xQouHyKoU6Bsjpump,357,True,20,0,0,0,0,3,17,0.0,0,0,0,3,17,0.0,0,0,0,3,17,0.0,30,1,2,0,2,9,18,0.18181818181818182,2,0,2,9,18,0.18181818181818182,2,0,2,9,18,0.18181818181818182,2,0,2,1,17,0.6666666666666666,2,0,2,1,17,0.6666666666666666,2,0,2,1,17,0.6666666666666666,5,0,5,6,18,0.45454545454545453,5,0,5,6,18,0.45454545454545453,5,0,5,6,18,0.45454545454545453,0,0,0,3,17,0.0,0,0,0,3,17,0.0,0,0,0,3,17,0.0,2,0,2,9,18,0.18181818181818182,2,0,2,9,18,0.18181818181818182,2,0,2,9,18,0.18181818181818182,0.3,1.481481481,20,0.125,1.481481481,48
HNJrENwX81doniyUq7LjebS962zjSTwJtuDBmQSDpump,358,True,9,0,7,5,7,1,1,0.875,7,5,7,1,1,0.875,7,5,7,1,1,0.875,29,0,7,5,7,9,13,0.4375,7,5,7,9,13,0.4375,7,5,7,9,13,0.4375,7,5,7,1,1,0.875,7,5,7,1,1,0.875,7,5,7,1,1,0.875,7,5,7,9,13,0.4375,7,5,7,9,13,0.4375,7,5,7,9,13,0.4375,7,5,7,1,1,0.875,7,5,7,1,1,0.875,7,5,7,1,1,0.875,7,5,7,9,13,0.4375,7,5,7,9,13,0.4375,7,5,7,9,13,0.4375,0.2222222222222222,3.0,9,0.0689655172413793,3.0,29
pBez3EvubgGWexngR3nVRvmjLFPpRn3U8kE61YQpump,359,True,4,0,0,0,0,0,4,,0,0,0,0,4,,0,0,0,0,4,,7,0,0,0,0,0,7,,0,0,0,0,7,,0,0,0,0,7,,0,0,0,0,4,,0,0,0,0,4,,0,0,0,0,4,,0,0,0,0,7,,0,0,0,0,7,,0,0,0,0,7,,0,0,0,0,4,,0,0,0,0,4,,0,0,0,0,4,,0,0,0,0,7,,0,0,0,0,7,,0,0,0,0,7,,0.75,4.0,4,0.4285714285714285,4.0,7
8RaiZgSVYr8XnNhreaeJLsPCSV7nr5jYgDQuPecApump,360,True,9,0,0,0,0,2,7,0.0,0,0,0,2,7,0.0,0,0,0,2,7,0.0,30,0,0,0,0,12,18,0.0,0,0,0,12,18,0.0,0,0,0,12,18,0.0,0,0,0,2,7,0.0,0,0,0,2,7,0.0,0,0,0,2,7,0.0,2,0,2,10,18,0.16666666666666666,2,0,2,10,18,0.16666666666666666,2,0,2,10,18,0.16666666666666666,0,0,0,2,7,0.0,0,0,0,2,7,0.0,0,0,0,2,7,0.0,0,0,0,12,18,0.0,0,0,0,12,18,0.0,0,0,0,12,18,0.0,0.3333333333333333,3.0,9,0.075,3.0,40
6bbXSPAq38WbGz4VPfEUi9EeogQDwqSMZBayn7W9pump,361,True,26,0,2,0,2,9,15,0.18181818181818182,2,0,2,9,15,0.18181818181818182,2,0,2,9,15,0.18181818181818182,30,0,2,0,2,13,15,0.13333333333333333,2,0,2,13,15,0.13333333333333333,2,0,2,13,15,0.13333333333333333,4,0,4,7,15,0.36363636363636365,4,0,4,7,15,0.36363636363636365,4,0,4,7,15,0.36363636363636365,5,0,5,10,15,0.3333333333333333,5,0,5,10,15,0.3333333333333333,5,0,5,10,15,0.3333333333333333,2,0,2,9,15,0.18181818181818182,2,0,2,9,15,0.18181818181818182,2,0,2,9,15,0.18181818181818182,2,0,2,13,15,0.13333333333333333,2,0,2,13,15,0.13333333333333333,2,0,2,13,15,0.13333333333333333,0.1923076923076923,1.0,26,0.108695652173913,1.0,46
2FVW8tzAyVVkzRZZGYC1s1JZq8yYgixTHCE3jmgzpump,362,True,17,0,0,0,0,4,13,0.0,0,0,0,4,13,0.0,0,0,0,4,13,0.0,30,0,0,0,0,11,19,0.0,0,0,0,11,19,0.0,0,0,0,11,19,0.0,0,0,0,4,13,0.0,0,0,0,4,13,0.0,0,0,0,4,13,0.0,3,0,3,8,19,0.2727272727272727,3,0,3,8,19,0.2727272727272727,3,0,3,8,19,0.2727272727272727,0,0,0,4,13,0.0,0,0,0,4,13,0.0,0,0,0,4,13,0.0,0,0,0,11,19,0.0,0,0,0,11,19,0.0,0,0,0,11,19,0.0,0.0588235294117647,2.469135801,17,0.0294117647058823,2.469135801,34
84booLsrK8sQGL7Zx1Qv1ueiscixLd6eCD8oZat6pump,363,True,4,0,1,1,0,0,3,,1,1,0,0,3,,1,1,0,0,3,,4,0,1,1,0,0,3,,1,1,0,0,3,,1,1,0,0,3,,1,1,0,0,3,,1,1,0,0,3,,1,1,0,0,3,,1,1,0,0,3,,1,1,0,0,3,,1,1,0,0,3,,1,1,0,0,3,,1,1,0,0,3,,1,1,0,0,3,,1,1,0,0,3,,1,1,0,0,3,,1,1,0,0,3,,0.0,3.0,4,0.0,3.0,4
Aem8YGRaUAiV6DS3MNPV7U4zxh3xbKHeWiA7XFAMpump,364,True,3,2,0,0,0,1,0,,0,0,0,1,0,,0,0,0,1,0,,4,2,0,0,0,2,0,0.0,0,0,0,2,0,0.0,0,0,0,2,0,0.0,0,0,0,1,0,,0,0,0,1,0,,0,0,0,1,0,,0,0,0,2,0,0.0,0,0,0,2,0,0.0,0,0,0,2,0,0.0,0,0,0,1,0,,0,0,0,1,0,,0,0,0,1,0,,0,0,0,2,0,0.0,0,0,0,2,0,0.0,0,0,0,2,0,0.0,0.0,0.500000001,3,0.0,0.500000001,4
E9UBCCStMo3JyzfLbVxpbZ2JpQmJ1f5sPQhNBbtnpump,365,True,8,0,0,0,0,2,6,0.0,0,0,0,2,6,0.0,0,0,0,2,6,0.0,30,0,0,0,0,6,24,0.0,0,0,0,6,24,0.0,0,0,0,6,24,0.0,0,0,0,2,6,0.0,0,0,0,2,6,0.0,0,0,0,2,6,0.0,0,0,0,6,24,0.0,0,0,0,6,24,0.0,0,0,0,6,24,0.0,0,0,0,2,6,0.0,0,0,0,2,6,0.0,0,0,0,2,6,0.0,0,0,0,6,24,0.0,0,0,0,6,24,0.0,0,0,0,6,24,0.0,0.125,9.876543208,8,0.0204081632653061,9.876543208,49
8PKqUdLzvtcwNdLjeYsQm9wt4jx2RjQ1VX1invGWpump,366,True,16,0,7,7,0,2,7,0.7777777777777778,7,7,0,2,7,0.7777777777777778,7,7,0,2,7,0.7777777777777778,30,0,12,12,0,2,16,0.8571428571428571,12,12,0,2,16,0.8571428571428571,12,12,0,2,16,0.8571428571428571,8,8,2,1,7,0.8888888888888888,8,8,2,1,7,0.8888888888888888,8,8,2,1,7,0.8888888888888888,13,13,4,1,16,0.9285714285714286,13,13,4,1,16,0.9285714285714286,13,13,4,1,16,0.9285714285714286,7,7,0,2,7,0.7777777777777778,7,7,0,2,7,0.7777777777777778,7,7,0,2,7,0.7777777777777778,12,12,0,2,16,0.8571428571428571,12,12,0,2,16,0.8571428571428571,12,12,0,2,16,0.8571428571428571,0.5,4.938271604,16,0.1777777777777777,4.938271604,45
Bk9AF9gDqBkKgiqdNERsEJQHevFLJn5Kd6xPZ8qEpump,367,True,5,1,0,0,0,1,3,,0,0,0,1,3,,0,0,0,1,3,,5,1,0,0,0,1,3,,0,0,0,1,3,,0,0,0,1,3,,0,0,0,1,3,,0,0,0,1,3,,0,0,0,1,3,,0,0,0,1,3,,0,0,0,1,3,,0,0,0,1,3,,0,0,0,1,3,,0,0,0,1,3,,0,0,0,1,3,,0,0,0,1,3,,0,0,0,1,3,,0,0,0,1,3,,0.0,0.806296295,5,0.0,0.806296295,5
4C6hVRzra3JemwskrHbFVYsFeJgihukHmv7FoyHCpump,368,True,14,0,0,0,0,4,10,0.0,0,0,0,4,10,0.0,0,0,0,4,10,0.0,14,0,0,0,0,4,10,0.0,0,0,0,4,10,0.0,0,0,0,4,10,0.0,0,0,0,4,10,0.0,0,0,0,4,10,0.0,0,0,0,4,10,0.0,0,0,0,4,10,0.0,0,0,0,4,10,0.0,0,0,0,4,10,0.0,0,0,0,4,10,0.0,0,0,0,4,10,0.0,0,0,0,4,10,0.0,0,0,0,4,10,0.0,0,0,0,4,10,0.0,0,0,0,4,10,0.0,0.0,0.5,14,0.0,0.5,14
7kBd3HQEBjKmyQnPigmdhoHKxbfwGfXypbNDAPAVpump,369,True,3,1,0,0,0,0,2,,0,0,0,0,2,,0,0,0,0,2,,5,1,0,0,0,0,4,,0,0,0,0,4,,0,0,0,0,4,,0,0,0,0,2,,0,0,0,0,2,,0,0,0,0,2,,0,0,0,0,4,,0,0,0,0,4,,0,0,0,0,4,,0,0,0,0,2,,0,0,0,0,2,,0,0,0,0,2,,0,0,0,0,4,,0,0,0,0,4,,0,0,0,0,4,,0.0,0.250000001,3,0.0,0.250000001,5
6DWUi7sApt1TjZV8W3rBwgdxRr4QRE5L7LfptYHdMrhs,370,True,3,0,0,0,0,3,0,0.0,0,0,0,3,0,0.0,0,0,0,3,0,0.0,13,0,0,0,0,10,3,0.0,0,0,0,10,3,0.0,0,0,0,10,3,0.0,0,0,0,3,0,0.0,0,0,0,3,0,0.0,0,0,0,3,0,0.0,0,0,0,10,3,0.0,0,0,0,10,3,0.0,0,0,0,10,3,0.0,0,0,0,3,0,0.0,0,0,0,3,0,0.0,0,0,0,3,0,0.0,0,0,0,10,3,0.0,0,0,0,10,3,0.0,0,0,0,10,3,0.0,1.0,1.975308641,3,0.2307692307692307,1.975308641,13
14VefFAyoFPRWBS2datchXFyF1CyushrBzcBff82pump,371,True,7,0,0,0,0,0,7,,0,0,0,0,7,,0,0,0,0,7,,15,0,0,0,0,0,15,,0,0,0,0,15,,0,0,0,0,15,,0,0,0,0,7,,0,0,0,0,7,,0,0,0,0,7,,0,0,0,0,15,,0,0,0,0,15,,0,0,0,0,15,,0,0,0,0,7,,0,0,0,0,7,,0,0,0,0,7,,0,0,0,0,15,,0,0,0,0,15,,0,0,0,0,15,,0.8571428571428571,2.475247523,7,0.4,2.475247523,15
34P1kCbKwGhsafRQthPhB3Y824Ai5EnjKWvQGngApump,372,True,12,0,2,2,0,3,7,0.4,2,2,0,3,7,0.4,2,2,0,3,7,0.4,30,0,2,2,0,12,16,0.14285714285714285,2,2,0,12,16,0.14285714285714285,2,2,0,12,16,0.14285714285714285,2,2,0,3,7,0.4,2,2,0,3,7,0.4,2,2,0,3,7,0.4,2,2,0,12,16,0.14285714285714285,2,2,0,12,16,0.14285714285714285,2,2,0,12,16,0.14285714285714285,2,2,0,3,7,0.4,2,2,0,3,7,0.4,2,2,0,3,7,0.4,2,2,0,12,16,0.14285714285714285,2,2,0,12,16,0.14285714285714285,2,2,0,12,16,0.14285714285714285,0.0833333333333333,0.98765432,12,0.0294117647058823,0.98765432,34
9SdfGQzuEg33Zr3zWUZfGfXfLyRKaR4oQDiEwQiNpump,373,True,30,0,2,0,2,10,18,0.16666666666666666,2,0,2,10,18,0.16666666666666666,2,0,2,10,18,0.16666666666666666,30,0,2,0,2,10,18,0.16666666666666666,2,0,2,10,18,0.16666666666666666,2,0,2,10,18,0.16666666666666666,5,1,4,7,18,0.4166666666666667,5,1,4,7,18,0.4166666666666667,5,1,4,7,18,0.4166666666666667,5,1,4,7,18,0.4166666666666667,5,1,4,7,18,0.4166666666666667,5,1,4,7,18,0.4166666666666667,2,0,2,10,18,0.16666666666666666,2,0,2,10,18,0.16666666666666666,2,0,2,10,18,0.16666666666666666,2,0,2,10,18,0.16666666666666666,2,0,2,10,18,0.16666666666666666,2,0,2,10,18,0.16666666666666666,0.0,14.320987653,54,0.0,14.320987653,93
HvZacM8c22hj6F1AhCfvjgy6iodKxyhkkUimZD4gpump,374,True,9,0,0,0,0,1,8,,0,0,0,1,8,,0,0,0,1,8,,11,0,0,0,0,1,10,,0,0,0,1,10,,0,0,0,1,10,,0,0,0,1,8,,0,0,0,1,8,,0,0,0,1,8,,0,0,0,1,10,,0,0,0,1,10,,0,0,0,1,10,,0,0,0,1,8,,0,0,0,1,8,,0,0,0,1,8,,0,0,0,1,10,,0,0,0,1,10,,0,0,0,1,10,,0.3333333333333333,0.800000001,9,0.2727272727272727,0.800000001,11
CE38wQJt8JgyKv3SYhdZECoQb61rif7SVKbk8DN1pump,375,True,3,1,0,0,0,2,0,0.0,0,0,0,2,0,0.0,0,0,0,2,0,0.0,4,1,0,0,0,3,0,0.0,0,0,0,3,0,0.0,0,0,0,3,0,0.0,0,0,0,2,0,0.0,0,0,0,2,0,0.0,0,0,0,2,0,0.0,0,0,0,3,0,0.0,0,0,0,3,0,0.0,0,0,0,3,0,0.0,0,0,0,2,0,0.0,0,0,0,2,0,0.0,0,0,0,2,0,0.0,0,0,0,3,0,0.0,0,0,0,3,0,0.0,0,0,0,3,0,0.0,0.0,0.299382716,3,0.0,0.4475308610000001,4
EuXUEsYacYceYY7FZhwYgJPhoPmcW41AW6RVfyb7pump,376,True,5,1,0,0,0,3,1,0.0,0,0,0,3,1,0.0,0,0,0,3,1,0.0,13,1,0,0,0,9,3,0.0,0,0,0,9,3,0.0,0,0,0,9,3,0.0,2,0,2,1,1,0.6666666666666666,2,0,2,1,1,0.6666666666666666,2,0,2,1,1,0.6666666666666666,3,0,3,6,3,0.3333333333333333,3,0,3,6,3,0.3333333333333333,3,0,3,6,3,0.3333333333333333,0,0,0,3,1,0.0,0,0,0,3,1,0.0,0,0,0,3,1,0.0,0,0,0,9,3,0.0,0,0,0,9,3,0.0,0,0,0,9,3,0.0,0.0,1.000156273,5,0.0,1.000156273,13
8dRN9g4enTNbweeu1xGpmtxQni9TZ9crn4Za7ibFpump,377,True,8,0,0,0,0,3,5,0.0,0,0,0,3,5,0.0,0,0,0,3,5,0.0,18,0,0,0,0,5,13,0.0,0,0,0,5,13,0.0,0,0,0,5,13,0.0,0,0,0,3,5,0.0,0,0,0,3,5,0.0,0,0,0,3,5,0.0,0,0,0,5,13,0.0,0,0,0,5,13,0.0,0,0,0,5,13,0.0,0,0,0,3,5,0.0,0,0,0,3,5,0.0,0,0,0,3,5,0.0,0,0,0,5,13,0.0,0,0,0,5,13,0.0,0,0,0,5,13,0.0,0.0,3.259259259,8,0.0,3.259259259,18
CrVdE83mku9SfEk6PJRj2UaZQcCBGE8MaqEHNVRFpump,378,True,24,0,1,1,0,4,19,0.2,1,1,0,4,19,0.2,1,1,0,4,19,0.2,30,1,1,1,0,8,20,0.1111111111111111,1,1,0,8,20,0.1111111111111111,1,1,0,8,20,0.1111111111111111,3,1,2,2,19,0.6,3,1,2,2,19,0.6,3,1,2,2,19,0.6,3,1,2,6,20,0.3333333333333333,3,1,2,6,20,0.3333333333333333,3,1,2,6,20,0.3333333333333333,1,1,0,4,19,0.2,1,1,0,4,19,0.2,1,1,0,4,19,0.2,1,1,0,8,20,0.1111111111111111,1,1,0,8,20,0.1111111111111111,1,1,0,8,20,0.1111111111111111,0.3333333333333333,2.962962962,24,0.1066666666666666,2.962962962,75
DF1qrFY3k1ZGULmZvKjraEN7GhXMSftXXuQNTunqpump,379,True,7,0,0,0,0,0,7,,0,0,0,0,7,,0,0,0,0,7,,7,0,0,0,0,0,7,,0,0,0,0,7,,0,0,0,0,7,,0,0,0,0,7,,0,0,0,0,7,,0,0,0,0,7,,0,0,0,0,7,,0,0,0,0,7,,0,0,0,0,7,,0,0,0,0,7,,0,0,0,0,7,,0,0,0,0,7,,0,0,0,0,7,,0,0,0,0,7,,0,0,0,0,7,,0.0,0.98765432,7,0.0,0.98765432,7
B7MJFpekGZRfsqQJh48ciaA27rA7SoC8cLYkShzCpump,380,True,18,0,0,0,0,3,15,0.0,0,0,0,3,15,0.0,0,0,0,3,15,0.0,30,0,0,0,0,7,23,0.0,0,0,0,7,23,0.0,0,0,0,7,23,0.0,0,0,0,3,15,0.0,0,0,0,3,15,0.0,0,0,0,3,15,0.0,0,0,0,7,23,0.0,0,0,0,7,23,0.0,0,0,0,7,23,0.0,0,0,0,3,15,0.0,0,0,0,3,15,0.0,0,0,0,3,15,0.0,0,0,0,7,23,0.0,0,0,0,7,23,0.0,0,0,0,7,23,0.0,0.3333333333333333,0.691358023,18,0.1052631578947368,0.691358023,57
9ZCAoFy2UAMZvekS2PfuEBos17TPqfHKwrZHiS1mpump,381,True,3,0,0,0,0,1,2,,0,0,0,1,2,,0,0,0,1,2,,3,0,0,0,0,1,2,,0,0,0,1,2,,0,0,0,1,2,,0,0,0,1,2,,0,0,0,1,2,,0,0,0,1,2,,0,0,0,1,2,,0,0,0,1,2,,0,0,0,1,2,,0,0,0,1,2,,0,0,0,1,2,,0,0,0,1,2,,0,0,0,1,2,,0,0,0,1,2,,0,0,0,1,2,,0.6666666666666666,6.0,3,0.6666666666666666,6.0,3
4oQcxmRMKPBiADBqaiQ7MRU3g5RwXTQHq1ZCpN3Tpump,382,True,3,1,0,0,0,0,2,,0,0,0,0,2,,0,0,0,0,2,,3,1,0,0,0,0,2,,0,0,0,0,2,,0,0,0,0,2,,0,0,0,0,2,,0,0,0,0,2,,0,0,0,0,2,,0,0,0,0,2,,0,0,0,0,2,,0,0,0,0,2,,0,0,0,0,2,,0,0,0,0,2,,0,0,0,0,2,,0,0,0,0,2,,0,0,0,0,2,,0,0,0,0,2,,0.3333333333333333,0.070516442,3,0.3333333333333333,0.070516442,3
CTuuFdgbQMcxMCpbLY7peqPQ4tiEmdXjp4pMuiRQpump,383,True,3,1,0,0,0,1,1,,0,0,0,1,1,,0,0,0,1,1,,4,1,0,0,0,1,2,,0,0,0,1,2,,0,0,0,1,2,,0,0,0,1,1,,0,0,0,1,1,,0,0,0,1,1,,0,0,0,1,2,,0,0,0,1,2,,0,0,0,1,2,,0,0,0,1,1,,0,0,0,1,1,,0,0,0,1,1,,0,0,0,1,2,,0,0,0,1,2,,0,0,0,1,2,,0.0,3.0076709070000005,3,0.0,3.0110371780000005,4
8RgwuroBALDgs31EBgzhXffWnDDRnpZrjqeLbKABpump,384,True,3,1,0,0,0,1,1,,0,0,0,1,1,,0,0,0,1,1,,3,1,0,0,0,1,1,,0,0,0,1,1,,0,0,0,1,1,,0,0,0,1,1,,0,0,0,1,1,,0,0,0,1,1,,0,0,0,1,1,,0,0,0,1,1,,0,0,0,1,1,,0,0,0,1,1,,0,0,0,1,1,,0,0,0,1,1,,0,0,0,1,1,,0,0,0,1,1,,0,0,0,1,1,,0.0,0.060000001,3,0.0,0.060000001,3
5p7M8cQkg6Hn7wkaNoBvupbJaHieRpL7rDUpHQhZpump,385,True,30,0,1,1,0,1,28,0.5,1,1,0,1,28,0.5,1,1,0,1,28,0.5,30,0,1,1,0,1,28,0.5,1,1,0,1,28,0.5,1,1,0,1,28,0.5,1,1,0,1,28,0.5,1,1,0,1,28,0.5,1,1,0,1,28,0.5,1,1,0,1,28,0.5,1,1,0,1,28,0.5,1,1,0,1,28,0.5,1,1,0,1,28,0.5,1,1,0,1,28,0.5,1,1,0,1,28,0.5,1,1,0,1,28,0.5,1,1,0,1,28,0.5,1,1,0,1,28,0.5,0.0,0.543209875,33,0.0,0.543209875,36
ARARUtMnb5fvcey7SS2ZHma4bm172ngsHejhnmxvpump,386,True,10,0,5,0,5,2,3,0.7142857142857143,5,0,5,2,3,0.7142857142857143,5,0,5,2,3,0.7142857142857143,10,0,5,0,5,2,3,0.7142857142857143,5,0,5,2,3,0.7142857142857143,5,0,5,2,3,0.7142857142857143,5,0,5,2,3,0.7142857142857143,5,0,5,2,3,0.7142857142857143,5,0,5,2,3,0.7142857142857143,5,0,5,2,3,0.7142857142857143,5,0,5,2,3,0.7142857142857143,5,0,5,2,3,0.7142857142857143,5,0,5,2,3,0.7142857142857143,5,0,5,2,3,0.7142857142857143,5,0,5,2,3,0.7142857142857143,5,0,5,2,3,0.7142857142857143,5,0,5,2,3,0.7142857142857143,5,0,5,2,3,0.7142857142857143,0.7,2.962962962,10,0.7,2.962962962,10
5b3TLgEAaG9yHLmncASXWW4WWks93VhVDAEw6cRupump,387,True,4,1,0,0,0,1,2,,0,0,0,1,2,,0,0,0,1,2,,4,1,0,0,0,1,2,,0,0,0,1,2,,0,0,0,1,2,,0,0,0,1,2,,0,0,0,1,2,,0,0,0,1,2,,0,0,0,1,2,,0,0,0,1,2,,0,0,0,1,2,,0,0,0,1,2,,0,0,0,1,2,,0,0,0,1,2,,0,0,0,1,2,,0,0,0,1,2,,0,0,0,1,2,,0.0,2.5864789960000008,4,0.0,2.5923456580000006,4
5S4VrVA9hLn6FSiVcvos42R8wFkFeybRGrkAv4Kxpump,388,True,30,0,4,4,4,10,16,0.2857142857142857,4,4,4,10,16,0.2857142857142857,4,4,4,10,16,0.2857142857142857,30,0,4,4,4,10,16,0.2857142857142857,4,4,4,10,16,0.2857142857142857,4,4,4,10,16,0.2857142857142857,7,4,7,7,16,0.5,7,4,7,7,16,0.5,7,4,7,7,16,0.5,7,4,7,7,16,0.5,7,4,7,7,16,0.5,7,4,7,7,16,0.5,4,4,4,10,16,0.2857142857142857,4,4,4,10,16,0.2857142857142857,4,4,4,10,16,0.2857142857142857,4,4,4,10,16,0.2857142857142857,4,4,4,10,16,0.2857142857142857,4,4,4,10,16,0.2857142857142857,0.1428571428571428,19.6,35,0.1063829787234042,19.6,47
D2FHRKqnDWkFm6bbbfVKvZUX3KwVmY6RrL3fQ2hxpump,389,True,4,0,2,2,2,0,2,1.0,2,2,2,0,2,1.0,2,2,2,0,2,1.0,12,0,2,2,2,2,8,0.5,2,2,2,2,8,0.5,2,2,2,2,8,0.5,2,2,2,0,2,1.0,2,2,2,0,2,1.0,2,2,2,0,2,1.0,2,2,2,2,8,0.5,2,2,2,2,8,0.5,2,2,2,2,8,0.5,2,2,2,0,2,1.0,2,2,2,0,2,1.0,2,2,2,0,2,1.0,2,2,2,2,8,0.5,2,2,2,2,8,0.5,2,2,2,2,8,0.5,1.0,2.962962962,4,0.3333333333333333,2.962962962,12
ASPp7vbVFqDjvGvT6beh8NKt5Tmb7GtSshQbDSfpump,390,True,12,0,0,0,0,1,11,,0,0,0,1,11,,0,0,0,1,11,,16,0,0,0,0,1,15,,0,0,0,1,15,,0,0,0,1,15,,0,0,0,1,11,,0,0,0,1,11,,0,0,0,1,11,,0,0,0,1,15,,0,0,0,1,15,,0,0,0,1,15,,0,0,0,1,11,,0,0,0,1,11,,0,0,0,1,11,,0,0,0,1,15,,0,0,0,1,15,,0,0,0,1,15,,0.9166666666666666,0.0,12,0.6875,0.0,16
7k6rcsaCLi9yeb4qJCoyFtvQPdQpuSLdvyefpMPzpump,391,True,3,1,0,0,0,1,1,,0,0,0,1,1,,0,0,0,1,1,,3,1,0,0,0,1,1,,0,0,0,1,1,,0,0,0,1,1,,0,0,0,1,1,,0,0,0,1,1,,0,0,0,1,1,,0,0,0,1,1,,0,0,0,1,1,,0,0,0,1,1,,0,0,0,1,1,,0,0,0,1,1,,0,0,0,1,1,,0,0,0,1,1,,0,0,0,1,1,,0,0,0,1,1,,0.0,0.99382716,3,0.0,1.487654319,3
5m6LdRNWhY4Uxh1aTrUXY3KWyDaA8i3KeSeLV9ZTpump,392,True,3,1,0,0,0,1,1,,0,0,0,1,1,,0,0,0,1,1,,4,1,0,0,0,2,1,0.0,0,0,0,2,1,0.0,0,0,0,2,1,0.0,0,0,0,1,1,,0,0,0,1,1,,0,0,0,1,1,,0,0,0,2,1,0.0,0,0,0,2,1,0.0,0,0,0,2,1,0.0,0,0,0,1,1,,0,0,0,1,1,,0,0,0,1,1,,0,0,0,2,1,0.0,0,0,0,2,1,0.0,0,0,0,2,1,0.0,0.0,0.245640448,3,0.0,0.558529332,4
FMhaNndpSCfB77TV4c95PrjPv9vKAzLspt9psjcypump,393,True,6,0,0,0,0,3,3,0.0,0,0,0,3,3,0.0,0,0,0,3,3,0.0,6,0,0,0,0,3,3,0.0,0,0,0,3,3,0.0,0,0,0,3,3,0.0,0,0,0,3,3,0.0,0,0,0,3,3,0.0,0,0,0,3,3,0.0,0,0,0,3,3,0.0,0,0,0,3,3,0.0,0,0,0,3,3,0.0,0,0,0,3,3,0.0,0,0,0,3,3,0.0,0,0,0,3,3,0.0,0,0,0,3,3,0.0,0,0,0,3,3,0.0,0,0,0,3,3,0.0,0.5,1.777777776,6,0.5,1.777777776,6
9wC9rdpijBiPWk7FJypcB3EHU5skXdu2LFFASCu3pump,394,True,4,0,2,2,0,0,2,1.0,2,2,0,0,2,1.0,2,2,0,0,2,1.0,5,0,2,2,0,0,3,1.0,2,2,0,0,3,1.0,2,2,0,0,3,1.0,2,2,0,0,2,1.0,2,2,0,0,2,1.0,2,2,0,0,2,1.0,2,2,0,0,3,1.0,2,2,0,0,3,1.0,2,2,0,0,3,1.0,2,2,0,0,2,1.0,2,2,0,0,2,1.0,2,2,0,0,2,1.0,2,2,0,0,3,1.0,2,2,0,0,3,1.0,2,2,0,0,3,1.0,1.0,3.0,4,0.8,3.0,5
GaqU1tai74fo6JW2tN4MXgxxenS2Z7orC3Adx1irpump,395,True,3,0,3,2,3,0,0,1.0,3,2,3,0,0,1.0,3,2,3,0,0,1.0,5,0,4,3,3,1,0,0.8,4,3,3,1,0,0.8,4,3,3,1,0,0.8,2,2,2,1,0,0.6666666666666666,2,2,2,1,0,0.6666666666666666,2,2,2,1,0,0.6666666666666666,3,3,2,2,0,0.6,3,3,2,2,0,0.6,3,3,2,2,0,0.6,3,2,3,0,0,1.0,3,2,3,0,0,1.0,3,2,3,0,0,1.0,4,3,3,1,0,0.8,4,3,3,1,0,0.8,4,3,3,1,0,0.8,1.0,2.962962962,3,0.6,2.962962962,5
HDhSqaDVKvQ1iFRWvpofpuVkn5o44Xv93sVE42uWpump,396,True,3,0,0,0,0,1,2,,0,0,0,1,2,,0,0,0,1,2,,3,0,0,0,0,1,2,,0,0,0,1,2,,0,0,0,1,2,,0,0,0,1,2,,0,0,0,1,2,,0,0,0,1,2,,0,0,0,1,2,,0,0,0,1,2,,0,0,0,1,2,,0,0,0,1,2,,0,0,0,1,2,,0,0,0,1,2,,0,0,0,1,2,,0,0,0,1,2,,0,0,0,1,2,,0.0,16.790123455,3,0.0,16.790123455,3
12bYjxKppiB2RpC16wTKVhcTV3BVXejx5z2TFAkSpump,397,True,3,0,0,0,0,0,3,,0,0,0,0,3,,0,0,0,0,3,,3,0,0,0,0,0,3,,0,0,0,0,3,,0,0,0,0,3,,0,0,0,0,3,,0,0,0,0,3,,0,0,0,0,3,,0,0,0,0,3,,0,0,0,0,3,,0,0,0,0,3,,0,0,0,0,3,,0,0,0,0,3,,0,0,0,0,3,,0,0,0,0,3,,0,0,0,0,3,,0,0,0,0,3,,0.6666666666666666,9.000000001,3,0.6666666666666666,9.000000001,3
CoZYmB23KVzfc954oCB6zkSDx9ZPZsLjGu8SvKUypump,398,True,5,0,0,0,0,1,4,,0,0,0,1,4,,0,0,0,1,4,,5,0,0,0,0,1,4,,0,0,0,1,4,,0,0,0,1,4,,0,0,0,1,4,,0,0,0,1,4,,0,0,0,1,4,,0,0,0,1,4,,0,0,0,1,4,,0,0,0,1,4,,0,0,0,1,4,,0,0,0,1,4,,0,0,0,1,4,,0,0,0,1,4,,0,0,0,1,4,,0,0,0,1,4,,0.6,3.0,5,0.6,3.0,5
Fj7QHmHDZuhaNHWxsxkK4mLrppGAA4urfuRSWGUYpump,399,True,15,0,0,0,0,5,10,0.0,0,0,0,5,10,0.0,0,0,0,5,10,0.0,26,0,0,0,0,9,17,0.0,0,0,0,9,17,0.0,0,0,0,9,17,0.0,2,0,2,3,10,0.4,2,0,2,3,10,0.4,2,0,2,3,10,0.4,2,0,2,7,17,0.2222222222222222,2,0,2,7,17,0.2222222222222222,2,0,2,7,17,0.2222222222222222,0,0,0,5,10,0.0,0,0,0,5,10,0.0,0,0,0,5,10,0.0,0,0,0,9,17,0.0,0,0,0,9,17,0.0,0,0,0,9,17,0.0,0.0,1.135802468,15,0.0,1.135802468,26
DY63MWr9MVDSzchupswbGS3EfUNiQedHmjv1WLEWpump,400,True,3,1,0,0,0,0,2,,0,0,0,0,2,,0,0,0,0,2,,4,1,0,0,0,0,3,,0,0,0,0,3,,0,0,0,0,3,,0,0,0,0,2,,0,0,0,0,2,,0,0,0,0,2,,0,0,0,0,3,,0,0,0,0,3,,0,0,0,0,3,,0,0,0,0,2,,0,0,0,0,2,,0,0,0,0,2,,0,0,0,0,3,,0,0,0,0,3,,0,0,0,0,3,,0.0,1.882716047,3,0.0,2.870370367,4
AMNzSznFGHpCdFasrSLe6PxfGDcjtqWVFyP3h6vHpump,401,True,18,0,0,0,0,13,5,0.0,0,0,0,2,16,0.0,0,0,0,2,16,0.0,30,0,0,0,0,18,12,0.0,0,0,0,5,25,0.0,0,0,0,5,25,0.0,0,0,0,13,5,0.0,0,0,0,2,16,0.0,0,0,0,2,16,0.0,0,0,0,18,12,0.0,0,0,0,5,25,0.0,0,0,0,5,25,0.0,0,0,0,13,5,0.0,0,0,0,2,16,0.0,0,0,0,2,16,0.0,0,0,0,18,12,0.0,0,0,0,5,25,0.0,0,0,0,5,25,0.0,0.2222222222222222,3.0,18,0.0666666666666666,3.0,60
6jPrFhYScxbupd39SVuPmx7qdk3HPuh4YkW4YYxtpump,402,True,19,0,7,3,4,2,10,0.7777777777777778,7,3,4,2,10,0.7777777777777778,7,3,4,2,10,0.7777777777777778,22,0,7,3,4,2,13,0.7777777777777778,7,3,4,2,13,0.7777777777777778,7,3,4,2,13,0.7777777777777778,7,3,4,2,10,0.7777777777777778,7,3,4,2,10,0.7777777777777778,7,3,4,2,10,0.7777777777777778,7,3,4,2,13,0.7777777777777778,7,3,4,2,13,0.7777777777777778,7,3,4,2,13,0.7777777777777778,7,3,4,2,10,0.7777777777777778,7,3,4,2,10,0.7777777777777778,7,3,4,2,10,0.7777777777777778,7,3,4,2,13,0.7777777777777778,7,3,4,2,13,0.7777777777777778,7,3,4,2,13,0.7777777777777778,0.4210526315789473,5.0,19,0.3636363636363636,5.0,22
4QirTryG5K8dCUHz7dcZ3BDPoVyCGryPxk62tqe2pump,403,True,16,0,0,0,0,7,9,0.0,0,0,0,2,14,0.0,0,0,0,2,14,0.0,26,1,0,0,0,11,14,0.0,0,0,0,3,22,0.0,0,0,0,3,22,0.0,0,0,0,7,9,0.0,0,0,0,2,14,0.0,0,0,0,2,14,0.0,0,0,0,11,14,0.0,0,0,0,3,22,0.0,0,0,0,3,22,0.0,0,0,0,7,9,0.0,0,0,0,2,14,0.0,0,0,0,2,14,0.0,0,0,0,11,14,0.0,0,0,0,3,22,0.0,0,0,0,3,22,0.0,0.25,2.0,16,0.1538461538461538,2.0,26
z9rsShJ1J7o5XHeEAiw2U3kwfRX3FQKHiFNPykNpump,404,True,3,1,0,0,0,0,2,,0,0,0,0,2,,0,0,0,0,2,,4,1,0,0,0,0,3,,0,0,0,0,3,,0,0,0,0,3,,0,0,0,0,2,,0,0,0,0,2,,0,0,0,0,2,,0,0,0,0,3,,0,0,0,0,3,,0,0,0,0,3,,0,0,0,0,2,,0,0,0,0,2,,0,0,0,0,2,,0,0,0,0,3,,0,0,0,0,3,,0,0,0,0,3,,0.0,1.000000001,3,0.0,3.2222222190000003,4
36mzq4iQZ8CDZZkzhwtngcLHpUJLzhXB6KRYDHYjpump,405,True,18,0,8,8,8,0,10,1.0,8,8,8,0,10,1.0,8,8,8,0,10,1.0,30,0,10,8,10,3,17,0.7692307692307693,10,8,10,3,17,0.7692307692307693,10,8,10,3,17,0.7692307692307693,8,8,8,0,10,1.0,8,8,8,0,10,1.0,8,8,8,0,10,1.0,10,8,10,3,17,0.7692307692307693,10,8,10,3,17,0.7692307692307693,10,8,10,3,17,0.7692307692307693,8,8,8,0,10,1.0,8,8,8,0,10,1.0,8,8,8,0,10,1.0,10,8,10,3,17,0.7692307692307693,10,8,10,3,17,0.7692307692307693,10,8,10,3,17,0.7692307692307693,0.1666666666666666,3.0,18,0.0588235294117647,3.0,51
ByQSFYTqqL2Fhcu2t2SA2T5haJr6UTM9wqsaRMNMpump,406,True,30,0,0,0,0,6,24,0.0,0,0,0,6,24,0.0,0,0,0,6,24,0.0,30,0,0,0,0,6,24,0.0,0,0,0,6,24,0.0,0,0,0,6,24,0.0,0,0,0,6,24,0.0,0,0,0,6,24,0.0,0,0,0,6,24,0.0,0,0,0,6,24,0.0,0,0,0,6,24,0.0,0,0,0,6,24,0.0,0,0,0,6,24,0.0,0,0,0,6,24,0.0,0,0,0,6,24,0.0,0,0,0,6,24,0.0,0,0,0,6,24,0.0,0,0,0,6,24,0.0,0.2195121951219512,1.975308641,41,0.12,1.975308641,75
EWxzLvqTdjfd9da2a79GGNJFyVbRUA9BpodkTRospump,407,True,4,0,3,3,3,1,0,0.75,3,3,3,1,0,0.75,3,3,3,1,0,0.75,8,0,3,3,3,1,4,0.75,3,3,3,1,4,0.75,3,3,3,1,4,0.75,3,3,3,1,0,0.75,3,3,3,1,0,0.75,3,3,3,1,0,0.75,3,3,3,1,4,0.75,3,3,3,1,4,0.75,3,3,3,1,4,0.75,3,3,3,1,0,0.75,3,3,3,1,0,0.75,3,3,3,1,0,0.75,3,3,3,1,4,0.75,3,3,3,1,4,0.75,3,3,3,1,4,0.75,0.75,2.962962962,4,0.375,2.962962962,8
Aeo3vWaSj2ahmojSW7PgQ8dQrqaccUtHr9oZuAYWpump,408,True,18,0,0,0,0,5,13,0.0,0,0,0,5,13,0.0,0,0,0,5,13,0.0,20,0,0,0,0,5,15,0.0,0,0,0,5,15,0.0,0,0,0,5,15,0.0,4,0,4,1,13,0.8,4,0,4,1,13,0.8,4,0,4,1,13,0.8,4,0,4,1,15,0.8,4,0,4,1,15,0.8,4,0,4,1,15,0.8,0,0,0,5,13,0.0,0,0,0,5,13,0.0,0,0,0,5,13,0.0,0,0,0,5,15,0.0,0,0,0,5,15,0.0,0,0,0,5,15,0.0,0.1111111111111111,6.0,18,0.1,6.0,20
HdgM1y2httTxPVWMfZYoRABfAFyThHQonG2wZc8ppump,409,True,7,0,3,0,3,0,4,1.0,3,0,3,0,4,1.0,3,0,3,0,4,1.0,13,0,3,0,3,0,10,1.0,3,0,3,0,10,1.0,3,0,3,0,10,1.0,3,0,3,0,4,1.0,3,0,3,0,4,1.0,3,0,3,0,4,1.0,3,0,3,0,10,1.0,3,0,3,0,10,1.0,3,0,3,0,10,1.0,3,0,3,0,4,1.0,3,0,3,0,4,1.0,3,0,3,0,4,1.0,3,0,3,0,10,1.0,3,0,3,0,10,1.0,3,0,3,0,10,1.0,0.4285714285714285,2.962962962,7,0.2307692307692307,2.962962962,13
CAQ9Cv2myES9hYon5AHmyM6US5q7E3iYw3RGixvKpump,410,True,3,1,0,0,0,2,0,0.0,0,0,0,2,0,0.0,0,0,0,2,0,0.0,6,1,0,0,0,4,1,0.0,0,0,0,4,1,0.0,0,0,0,4,1,0.0,1,1,0,1,0,0.5,1,1,0,1,0,0.5,1,1,0,1,0,0.5,1,1,0,3,1,0.25,1,1,0,3,1,0.25,1,1,0,3,1,0.25,0,0,0,2,0,0.0,0,0,0,2,0,0.0,0,0,0,2,0,0.0,0,0,0,4,1,0.0,0,0,0,4,1,0.0,0,0,0,4,1,0.0,0.0,0.123000001,3,0.0,0.123000001,6
HAQmhnf3sGNmMXztjgYhxd53NMuQbcJz6xhWJoffpump,411,True,21,0,2,0,2,3,16,0.4,2,0,2,3,16,0.4,2,0,2,3,16,0.4,30,0,2,0,2,7,21,0.2222222222222222,2,0,2,7,21,0.2222222222222222,2,0,2,7,21,0.2222222222222222,4,0,4,1,16,0.8,4,0,4,1,16,0.8,4,0,4,1,16,0.8,7,0,7,2,21,0.7777777777777778,7,0,7,2,21,0.7777777777777778,7,0,7,2,21,0.7777777777777778,2,0,2,3,16,0.4,2,0,2,3,16,0.4,2,0,2,3,16,0.4,2,0,2,7,21,0.2222222222222222,2,0,2,7,21,0.2222222222222222,2,0,2,7,21,0.2222222222222222,0.238095238095238,2.5,21,0.0387596899224806,2.5,129
DkE53iPo2ahqctL9vXpLZmGqkKZ2FbLTm3KdoVEepump,412,True,3,1,0,0,0,0,2,,0,0,0,0,2,,0,0,0,0,2,,3,1,0,0,0,0,2,,0,0,0,0,2,,0,0,0,0,2,,0,0,0,0,2,,0,0,0,0,2,,0,0,0,0,2,,0,0,0,0,2,,0,0,0,0,2,,0,0,0,0,2,,0,0,0,0,2,,0,0,0,0,2,,0,0,0,0,2,,0,0,0,0,2,,0,0,0,0,2,,0,0,0,0,2,,0.0,0.300097777,3,0.0,0.300097777,3
HVCUTqzQMpJnQEKd5oEWkfszNieCqvfzEn8xNbaWpump,413,True,3,1,0,0,0,1,1,,0,0,0,1,1,,0,0,0,1,1,,3,1,0,0,0,1,1,,0,0,0,1,1,,0,0,0,1,1,,0,0,0,1,1,,0,0,0,1,1,,0,0,0,1,1,,0,0,0,1,1,,0,0,0,1,1,,0,0,0,1,1,,0,0,0,1,1,,0,0,0,1,1,,0,0,0,1,1,,0,0,0,1,1,,0,0,0,1,1,,0,0,0,1,1,,0.0,2.258791495,3,0.0,2.258791495,3
E9GW5RoqMargCuux617dMmb4b5kNw5yhpJLvQuPZpump,414,True,6,0,0,0,0,2,4,0.0,0,0,0,2,4,0.0,0,0,0,2,4,0.0,6,0,0,0,0,2,4,0.0,0,0,0,2,4,0.0,0,0,0,2,4,0.0,0,0,0,2,4,0.0,0,0,0,2,4,0.0,0,0,0,2,4,0.0,0,0,0,2,4,0.0,0,0,0,2,4,0.0,0,0,0,2,4,0.0,0,0,0,2,4,0.0,0,0,0,2,4,0.0,0,0,0,2,4,0.0,0,0,0,2,4,0.0,0,0,0,2,4,0.0,0,0,0,2,4,0.0,0.1666666666666666,1.48148148,6,0.1666666666666666,1.48148148,6
DMHvyx4EFi4UsqcoapWXUAzi3Z7b735vnAPdJyPUpump,415,True,11,0,0,0,0,1,10,,0,0,0,1,10,,0,0,0,1,10,,13,0,0,0,0,2,11,0.0,0,0,0,2,11,0.0,0,0,0,2,11,0.0,0,0,0,1,10,,0,0,0,1,10,,0,0,0,1,10,,0,0,0,2,11,0.0,0,0,0,2,11,0.0,0,0,0,2,11,0.0,0,0,0,1,10,,0,0,0,1,10,,0,0,0,1,10,,0,0,0,2,11,0.0,0,0,0,2,11,0.0,0,0,0,2,11,0.0,0.9090909090909092,0.0,11,0.7692307692307693,0.0,13
JCjA5nceXSS6wEVmVBvBG2jdEeBzDXZZ6yk8k1QKVSET,416,True,12,0,0,0,0,1,11,,0,0,0,1,11,,0,0,0,1,11,,26,0,0,0,0,4,22,0.0,0,0,0,4,22,0.0,0,0,0,4,22,0.0,0,0,0,1,11,,0,0,0,1,11,,0,0,0,1,11,,0,0,0,4,22,0.0,0,0,0,4,22,0.0,0,0,0,4,22,0.0,0,0,0,1,11,,0,0,0,1,11,,0,0,0,1,11,,0,0,0,4,22,0.0,0,0,0,4,22,0.0,0,0,0,4,22,0.0,0.0,0.009900989,12,0.0,0.009900989,26
7WPUcjEGMEHszXFNwNwG1Wdtva2aohbBpHLNufLtpump,417,True,5,0,0,0,0,3,2,0.0,0,0,0,3,2,0.0,0,0,0,3,2,0.0,8,0,0,0,0,4,4,0.0,0,0,0,4,4,0.0,0,0,0,4,4,0.0,0,0,0,3,2,0.0,0,0,0,3,2,0.0,0,0,0,3,2,0.0,0,0,0,4,4,0.0,0,0,0,4,4,0.0,0,0,0,4,4,0.0,0,0,0,3,2,0.0,0,0,0,3,2,0.0,0,0,0,3,2,0.0,0,0,0,4,4,0.0,0,0,0,4,4,0.0,0,0,0,4,4,0.0,0.0,1.777777776,5,0.0,1.777777776,8
8vXGQ3LfSQtDci2DCC2m1h1hVx1zkoQMmRrtByvueucp,418,True,4,0,0,0,0,1,3,,0,0,0,1,3,,0,0,0,1,3,,4,0,0,0,0,1,3,,0,0,0,1,3,,0,0,0,1,3,,0,0,0,1,3,,0,0,0,1,3,,0,0,0,1,3,,0,0,0,1,3,,0,0,0,1,3,,0,0,0,1,3,,0,0,0,1,3,,0,0,0,1,3,,0,0,0,1,3,,0,0,0,1,3,,0,0,0,1,3,,0,0,0,1,3,,0.0,0.0,4,0.0,0.0,4
6tyL9rNtejfgToFHit4UbP8fXeaGFyPbVBRoFRjppump,419,True,3,1,0,0,0,2,0,0.0,0,0,0,2,0,0.0,0,0,0,2,0,0.0,3,1,0,0,0,2,0,0.0,0,0,0,2,0,0.0,0,0,0,2,0,0.0,0,0,0,2,0,0.0,0,0,0,2,0,0.0,0,0,0,2,0,0.0,0,0,0,2,0,0.0,0,0,0,2,0,0.0,0,0,0,2,0,0.0,0,0,0,2,0,0.0,0,0,0,2,0,0.0,0,0,0,2,0,0.0,0,0,0,2,0,0.0,0,0,0,2,0,0.0,0,0,0,2,0,0.0,0.0,2.97530864,3,0.0,8.901234557,3
7c8QpY4C7pKsCkG6UPLehrXVcxMUV12EXPGAKXQ1pump,420,True,5,0,0,0,0,3,2,0.0,0,0,0,3,2,0.0,0,0,0,3,2,0.0,5,0,0,0,0,3,2,0.0,0,0,0,3,2,0.0,0,0,0,3,2,0.0,2,0,2,1,2,0.6666666666666666,2,0,2,1,2,0.6666666666666666,2,0,2,1,2,0.6666666666666666,2,0,2,1,2,0.6666666666666666,2,0,2,1,2,0.6666666666666666,2,0,2,1,2,0.6666666666666666,0,0,0,3,2,0.0,0,0,0,3,2,0.0,0,0,0,3,2,0.0,0,0,0,3,2,0.0,0,0,0,3,2,0.0,0,0,0,3,2,0.0,1.0,1.975308641,5,1.0,1.975308641,5
EPtMu3iHTrzE5gina6d7775U1aUK2oBVkXyjq6copump,421,True,10,0,0,0,0,3,7,0.0,0,0,0,3,7,0.0,0,0,0,3,7,0.0,10,0,0,0,0,3,7,0.0,0,0,0,3,7,0.0,0,0,0,3,7,0.0,2,0,2,1,7,0.6666666666666666,2,0,2,1,7,0.6666666666666666,2,0,2,1,7,0.6666666666666666,2,0,2,1,7,0.6666666666666666,2,0,2,1,7,0.6666666666666666,2,0,2,1,7,0.6666666666666666,0,0,0,3,7,0.0,0,0,0,3,7,0.0,0,0,0,3,7,0.0,0,0,0,3,7,0.0,0,0,0,3,7,0.0,0,0,0,3,7,0.0,0.2,0.098765431,10,0.2,0.098765431,10
3Ubp56tTueTTQTg7ixeCUfEZ97pZ1qFM5wgikzjFpump,422,True,18,0,0,0,0,2,16,0.0,0,0,0,2,16,0.0,0,0,0,2,16,0.0,30,0,0,0,0,5,25,0.0,0,0,0,5,25,0.0,0,0,0,5,25,0.0,0,0,0,2,16,0.0,0,0,0,2,16,0.0,0,0,0,2,16,0.0,0,0,0,5,25,0.0,0,0,0,5,25,0.0,0,0,0,5,25,0.0,0,0,0,2,16,0.0,0,0,0,2,16,0.0,0,0,0,2,16,0.0,0,0,0,5,25,0.0,0,0,0,5,25,0.0,0,0,0,5,25,0.0,0.2777777777777778,3.117283951,18,0.1282051282051282,3.117283951,39
3GLwKTjY5MRU3MCgWe6dBHAF3kW3cgQukdSq8NTrpump,423,True,30,0,1,1,0,6,23,0.14285714285714285,1,1,0,6,23,0.14285714285714285,1,1,0,6,23,0.14285714285714285,30,0,1,1,0,6,23,0.14285714285714285,1,1,0,6,23,0.14285714285714285,1,1,0,6,23,0.14285714285714285,3,1,2,4,23,0.42857142857142855,3,1,2,4,23,0.42857142857142855,3,1,2,4,23,0.42857142857142855,3,1,2,4,23,0.42857142857142855,3,1,2,4,23,0.42857142857142855,3,1,2,4,23,0.42857142857142855,1,1,0,6,23,0.14285714285714285,1,1,0,6,23,0.14285714285714285,1,1,0,6,23,0.14285714285714285,1,1,0,6,23,0.14285714285714285,1,1,0,6,23,0.14285714285714285,1,1,0,6,23,0.14285714285714285,0.0869565217391304,4.0,46,0.0341880341880341,4.0,117
FtdHMVv1Mt766H1stvS2ifw56jwnEcf4RorJ7B3kpump,424,True,3,0,0,0,0,2,1,0.0,0,0,0,2,1,0.0,0,0,0,2,1,0.0,3,0,0,0,0,2,1,0.0,0,0,0,2,1,0.0,0,0,0,2,1,0.0,0,0,0,2,1,0.0,0,0,0,2,1,0.0,0,0,0,2,1,0.0,0,0,0,2,1,0.0,0,0,0,2,1,0.0,0,0,0,2,1,0.0,0,0,0,2,1,0.0,0,0,0,2,1,0.0,0,0,0,2,1,0.0,0,0,0,2,1,0.0,0,0,0,2,1,0.0,0,0,0,2,1,0.0,0.0,0.069753085,3,0.0,0.069753085,3
8Sw9MWDS8XiG8dNMRxeGhBeYHQxciPUcuqoNGiSnpump,425,True,5,0,0,0,0,2,3,0.0,0,0,0,2,3,0.0,0,0,0,2,3,0.0,14,0,0,0,0,4,10,0.0,0,0,0,4,10,0.0,0,0,0,4,10,0.0,0,0,0,2,3,0.0,0,0,0,2,3,0.0,0,0,0,2,3,0.0,3,0,3,1,10,0.75,3,0,3,1,10,0.75,3,0,3,1,10,0.75,0,0,0,2,3,0.0,0,0,0,2,3,0.0,0,0,0,2,3,0.0,0,0,0,4,10,0.0,0,0,0,4,10,0.0,0,0,0,4,10,0.0,0.6,3.0,5,0.2142857142857142,3.0,14
HXVLmFawGDmwhJcCaDqmhmorS2UfNZToT28Ygr2pump,426,True,17,0,2,2,2,3,12,0.4,2,2,2,3,12,0.4,2,2,2,3,12,0.4,30,0,2,2,2,9,19,0.18181818181818182,2,2,2,9,19,0.18181818181818182,2,2,2,9,19,0.18181818181818182,2,2,2,3,12,0.4,2,2,2,3,12,0.4,2,2,2,3,12,0.4,6,2,6,5,19,0.5454545454545454,6,2,6,5,19,0.5454545454545454,6,2,6,5,19,0.5454545454545454,2,2,2,3,12,0.4,2,2,2,3,12,0.4,2,2,2,3,12,0.4,2,2,2,9,19,0.18181818181818182,2,2,2,9,19,0.18181818181818182,2,2,2,9,19,0.18181818181818182,0.3529411764705882,5.0,17,0.1395348837209302,5.0,43
D4rTf2JnbL77hTziGAdhSN7NBB4ZAF1hb91yFv6bpump,427,True,11,0,0,0,0,7,4,0.0,0,0,0,7,4,0.0,0,0,0,7,4,0.0,25,0,0,0,0,9,16,0.0,0,0,0,9,16,0.0,0,0,0,9,16,0.0,0,0,0,7,4,0.0,0,0,0,7,4,0.0,0,0,0,7,4,0.0,0,0,0,9,16,0.0,0,0,0,9,16,0.0,0,0,0,9,16,0.0,0,0,0,7,4,0.0,0,0,0,7,4,0.0,0,0,0,7,4,0.0,0,0,0,9,16,0.0,0,0,0,9,16,0.0,0,0,0,9,16,0.0,0.9090909090909092,1.48148148,11,0.4,1.48148148,25
21V2XeZAMUAirtKKJzCGdfVfuNmztYvE8cMFH8Phpump,428,True,3,1,0,0,0,1,1,,0,0,0,1,1,,0,0,0,1,1,,4,1,0,0,0,2,1,0.0,0,0,0,2,1,0.0,0,0,0,2,1,0.0,0,0,0,1,1,,0,0,0,1,1,,0,0,0,1,1,,0,0,0,2,1,0.0,0,0,0,2,1,0.0,0,0,0,2,1,0.0,0,0,0,1,1,,0,0,0,1,1,,0,0,0,1,1,,0,0,0,2,1,0.0,0,0,0,2,1,0.0,0,0,0,2,1,0.0,0.0,0.098847777,3,0.0,0.1975055469999999,4
HG88RBndWbZreQJXpb1YWrdTEoUbgySeG7VaCBMhpump,429,True,15,0,0,0,0,11,4,0.0,0,0,0,1,14,,0,0,0,1,14,,30,0,0,0,0,25,5,0.0,0,0,0,3,27,0.0,0,0,0,3,27,0.0,0,0,0,11,4,0.0,0,0,0,1,14,,0,0,0,1,14,,0,0,0,25,5,0.0,0,0,0,3,27,0.0,0,0,0,3,27,0.0,0,0,0,11,4,0.0,0,0,0,1,14,,0,0,0,1,14,,0,0,0,25,5,0.0,0,0,0,3,27,0.0,0,0,0,3,27,0.0,0.2,2.8,15,0.0857142857142857,2.8,35
5xYSHhhrixjCo2yezTU6WboBB3tNnEfG5nFxw1bLpump,430,True,14,0,0,0,0,5,9,0.0,0,0,0,2,12,0.0,0,0,0,2,12,0.0,14,0,0,0,0,5,9,0.0,0,0,0,2,12,0.0,0,0,0,2,12,0.0,0,0,0,5,9,0.0,0,0,0,2,12,0.0,0,0,0,2,12,0.0,0,0,0,5,9,0.0,0,0,0,2,12,0.0,0,0,0,2,12,0.0,0,0,0,5,9,0.0,0,0,0,2,12,0.0,0,0,0,2,12,0.0,0,0,0,5,9,0.0,0,0,0,2,12,0.0,0,0,0,2,12,0.0,0.6428571428571429,2.0,14,0.6428571428571429,2.0,14
4azvwo7RQ36on82hT12FwZZw5YktP8THeJABkCNKpump,431,True,3,0,2,1,2,1,0,0.6666666666666666,2,1,2,1,0,0.6666666666666666,2,1,2,1,0,0.6666666666666666,3,0,2,1,2,1,0,0.6666666666666666,2,1,2,1,0,0.6666666666666666,2,1,2,1,0,0.6666666666666666,2,1,2,1,0,0.6666666666666666,2,1,2,1,0,0.6666666666666666,2,1,2,1,0,0.6666666666666666,2,1,2,1,0,0.6666666666666666,2,1,2,1,0,0.6666666666666666,2,1,2,1,0,0.6666666666666666,2,1,2,1,0,0.6666666666666666,2,1,2,1,0,0.6666666666666666,2,1,2,1,0,0.6666666666666666,2,1,2,1,0,0.6666666666666666,2,1,2,1,0,0.6666666666666666,2,1,2,1,0,0.6666666666666666,0.0,2.962962961,3,0.0,2.962962961,3
GKnKFDq4Cx89KjepzUE7QxJU6okjkRazVfQwfxs2pump,432,True,17,0,0,0,0,8,9,0.0,0,0,0,8,9,0.0,0,0,0,8,9,0.0,30,0,0,0,0,13,17,0.0,0,0,0,13,17,0.0,0,0,0,13,17,0.0,0,0,0,8,9,0.0,0,0,0,8,9,0.0,0,0,0,8,9,0.0,0,0,0,13,17,0.0,0,0,0,13,17,0.0,0,0,0,13,17,0.0,0,0,0,8,9,0.0,0,0,0,8,9,0.0,0,0,0,8,9,0.0,0,0,0,13,17,0.0,0,0,0,13,17,0.0,0,0,0,13,17,0.0,0.5294117647058824,0.039500008,17,0.1698113207547169,0.039500008,53
8F8Q3H5WyjUn48XTU3hKWDX8spiA7pMotqSHRahECK6D,433,True,6,0,0,0,0,5,1,0.0,0,0,0,5,1,0.0,0,0,0,5,1,0.0,8,0,0,0,0,6,2,0.0,0,0,0,6,2,0.0,0,0,0,6,2,0.0,0,0,0,5,1,0.0,0,0,0,5,1,0.0,0,0,0,5,1,0.0,0,0,0,6,2,0.0,0,0,0,6,2,0.0,0,0,0,6,2,0.0,0,0,0,5,1,0.0,0,0,0,5,1,0.0,0,0,0,5,1,0.0,0,0,0,6,2,0.0,0,0,0,6,2,0.0,0,0,0,6,2,0.0,0.0,2.937685459,6,0.0,2.937685459,8
CxCav6G3fAJPV8skoGtfZSpV394qnReUPqiXE1tFpump,434,True,4,0,0,0,0,1,3,,0,0,0,1,3,,0,0,0,1,3,,4,0,0,0,0,1,3,,0,0,0,1,3,,0,0,0,1,3,,0,0,0,1,3,,0,0,0,1,3,,0,0,0,1,3,,0,0,0,1,3,,0,0,0,1,3,,0,0,0,1,3,,0,0,0,1,3,,0,0,0,1,3,,0,0,0,1,3,,0,0,0,1,3,,0,0,0,1,3,,0,0,0,1,3,,0.5,0.784000001,4,0.5,0.784000001,4
HKQcnBe5VPTuQhAxcG7j2tvZDjZnse5pwXZntbgFpump,435,True,3,1,0,0,0,1,1,,0,0,0,1,1,,0,0,0,1,1,,3,1,0,0,0,1,1,,0,0,0,1,1,,0,0,0,1,1,,0,0,0,1,1,,0,0,0,1,1,,0,0,0,1,1,,0,0,0,1,1,,0,0,0,1,1,,0,0,0,1,1,,0,0,0,1,1,,0,0,0,1,1,,0,0,0,1,1,,0,0,0,1,1,,0,0,0,1,1,,0,0,0,1,1,,0.0,1.677994916,3,0.0,1.677994916,3
DRhfNbQcUvMKK7Vybf8XBBGxtUEfWWgABRbQvNsApump,436,True,4,1,0,0,0,2,1,0.0,0,0,0,2,1,0.0,0,0,0,2,1,0.0,4,1,0,0,0,2,1,0.0,0,0,0,2,1,0.0,0,0,0,2,1,0.0,0,0,0,2,1,0.0,0,0,0,2,1,0.0,0,0,0,2,1,0.0,0,0,0,2,1,0.0,0,0,0,2,1,0.0,0,0,0,2,1,0.0,0,0,0,2,1,0.0,0,0,0,2,1,0.0,0,0,0,2,1,0.0,0,0,0,2,1,0.0,0,0,0,2,1,0.0,0,0,0,2,1,0.0,0.0,0.098765431,4,0.0,0.098765431,4
4oRHdStBCxb5BGaSqs6wf3r7hjRPYj9vpGgTy9yYpump,437,True,4,1,0,0,0,2,1,0.0,0,0,0,2,1,0.0,0,0,0,2,1,0.0,6,1,0,0,0,3,2,0.0,0,0,0,3,2,0.0,0,0,0,3,2,0.0,0,0,0,2,1,0.0,0,0,0,2,1,0.0,0,0,0,2,1,0.0,0,0,0,3,2,0.0,0,0,0,3,2,0.0,0,0,0,3,2,0.0,0,0,0,2,1,0.0,0,0,0,2,1,0.0,0,0,0,2,1,0.0,0,0,0,3,2,0.0,0,0,0,3,2,0.0,0,0,0,3,2,0.0,0.0,0.098765431,4,0.0,0.098765431,6
HF93GXUHRKDtgFjijAP3KhFnGmmofrBHho27QtuSpump,438,True,3,1,0,0,0,2,0,0.0,0,0,0,2,0,0.0,0,0,0,2,0,0.0,3,1,0,0,0,2,0,0.0,0,0,0,2,0,0.0,0,0,0,2,0,0.0,0,0,0,2,0,0.0,0,0,0,2,0,0.0,0,0,0,2,0,0.0,0,0,0,2,0,0.0,0,0,0,2,0,0.0,0,0,0,2,0,0.0,0,0,0,2,0,0.0,0,0,0,2,0,0.0,0,0,0,2,0,0.0,0,0,0,2,0,0.0,0,0,0,2,0,0.0,0,0,0,2,0,0.0,0.0,0.250000001,3,0.0,0.250000001,3
DdSvRB1MWbUvUQLw3z5PRft1QU8378zm1bWERAY1pump,439,True,3,1,0,0,0,0,2,,0,0,0,0,2,,0,0,0,0,2,,4,1,0,0,0,1,2,,0,0,0,1,2,,0,0,0,1,2,,0,0,0,0,2,,0,0,0,0,2,,0,0,0,0,2,,0,0,0,1,2,,0,0,0,1,2,,0,0,0,1,2,,0,0,0,0,2,,0,0,0,0,2,,0,0,0,0,2,,0,0,0,1,2,,0,0,0,1,2,,0,0,0,1,2,,0.0,0.098765431,3,0.0,0.098765431,4
AgYLVbYALP5sBC212muWHbLwe1vjr8r7ioeUNf8Ppump,440,True,3,1,0,0,0,0,2,,0,0,0,0,2,,0,0,0,0,2,,3,1,0,0,0,0,2,,0,0,0,0,2,,0,0,0,0,2,,0,0,0,0,2,,0,0,0,0,2,,0,0,0,0,2,,0,0,0,0,2,,0,0,0,0,2,,0,0,0,0,2,,0,0,0,0,2,,0,0,0,0,2,,0,0,0,0,2,,0,0,0,0,2,,0,0,0,0,2,,0,0,0,0,2,,0.0,1.000000001,3,0.0,1.4938271600000002,3
21MrP27WFaURtWzzy129KQqrxGfi1vtJZqsVGqYZpump,441,True,4,1,0,0,0,1,2,,0,0,0,1,2,,0,0,0,1,2,,5,1,0,0,0,2,2,0.0,0,0,0,2,2,0.0,0,0,0,2,2,0.0,0,0,0,1,2,,0,0,0,1,2,,0,0,0,1,2,,0,0,0,2,2,0.0,0,0,0,2,2,0.0,0,0,0,2,2,0.0,0,0,0,1,2,,0,0,0,1,2,,0,0,0,1,2,,0,0,0,2,2,0.0,0,0,0,2,2,0.0,0,0,0,2,2,0.0,0.0,0.246875,4,0.0,0.246875,5
2fE269UL2qJnGTQuVNcse3P5HSnESanHoz7aLUMppump,442,True,4,1,0,0,0,0,3,,0,0,0,0,3,,0,0,0,0,3,,4,1,0,0,0,0,3,,0,0,0,0,3,,0,0,0,0,3,,0,0,0,0,3,,0,0,0,0,3,,0,0,0,0,3,,0,0,0,0,3,,0,0,0,0,3,,0,0,0,0,3,,0,0,0,0,3,,0,0,0,0,3,,0,0,0,0,3,,0,0,0,0,3,,0,0,0,0,3,,0,0,0,0,3,,0.0,8.882923451,4,0.0,8.882923451,4
7Ehh1G7pb6aErPtUxs4b4HqqKVWKUU2KYtngVQuZpump,443,True,11,0,0,0,0,3,8,0.0,0,0,0,3,8,0.0,0,0,0,3,8,0.0,19,0,0,0,0,5,14,0.0,0,0,0,5,14,0.0,0,0,0,5,14,0.0,0,0,0,3,8,0.0,0,0,0,3,8,0.0,0,0,0,3,8,0.0,0,0,0,5,14,0.0,0,0,0,5,14,0.0,0,0,0,5,14,0.0,0,0,0,3,8,0.0,0,0,0,3,8,0.0,0,0,0,3,8,0.0,0,0,0,5,14,0.0,0,0,0,5,14,0.0,0,0,0,5,14,0.0,0.0,0.291601865,11,0.0,0.291601865,19
CdTaCuHRSvuEq2c3xProd78BswzbhGQ5R4kvKgPMpump,444,True,10,0,0,0,0,1,9,,0,0,0,1,9,,0,0,0,1,9,,30,0,0,0,0,4,26,0.0,0,0,0,4,26,0.0,0,0,0,4,26,0.0,0,0,0,1,9,,0,0,0,1,9,,0,0,0,1,9,,0,0,0,4,26,0.0,0,0,0,4,26,0.0,0,0,0,4,26,0.0,0,0,0,1,9,,0,0,0,1,9,,0,0,0,1,9,,0,0,0,4,26,0.0,0,0,0,4,26,0.0,0,0,0,4,26,0.0,0.3,2.0,10,0.0508474576271186,2.0,59
Gc5bhoEkG9PPBG57SXopCb8MVZhL8ZSrJQoknk31pump,445,True,14,0,1,1,0,5,8,0.16666666666666666,1,1,0,5,8,0.16666666666666666,1,1,0,5,8,0.16666666666666666,16,0,1,1,0,6,9,0.14285714285714285,1,1,0,6,9,0.14285714285714285,1,1,0,6,9,0.14285714285714285,1,1,0,5,8,0.16666666666666666,1,1,0,5,8,0.16666666666666666,1,1,0,5,8,0.16666666666666666,1,1,0,6,9,0.14285714285714285,1,1,0,6,9,0.14285714285714285,1,1,0,6,9,0.14285714285714285,1,1,0,5,8,0.16666666666666666,1,1,0,5,8,0.16666666666666666,1,1,0,5,8,0.16666666666666666,1,1,0,6,9,0.14285714285714285,1,1,0,6,9,0.14285714285714285,1,1,0,6,9,0.14285714285714285,0.0,4.0,14,0.0,4.0,16
21DA3btEbJvo5uiU6vE8soJUwvA2WU8hYofQ18iSpump,446,True,3,1,0,0,0,0,2,,0,0,0,0,2,,0,0,0,0,2,,4,1,0,0,0,1,2,,0,0,0,1,2,,0,0,0,1,2,,0,0,0,0,2,,0,0,0,0,2,,0,0,0,0,2,,0,0,0,1,2,,0,0,0,1,2,,0,0,0,1,2,,0,0,0,0,2,,0,0,0,0,2,,0,0,0,0,2,,0,0,0,1,2,,0,0,0,1,2,,0,0,0,1,2,,0.0,0.33578703,3,0.0,0.355540114,4
AL7ftWPPXSa2upuBJRiTnuM3ujQYo4XrN3vi5gFZpump,447,True,3,0,0,0,0,1,2,,0,0,0,1,2,,0,0,0,1,2,,3,0,0,0,0,1,2,,0,0,0,1,2,,0,0,0,1,2,,0,0,0,1,2,,0,0,0,1,2,,0,0,0,1,2,,0,0,0,1,2,,0,0,0,1,2,,0,0,0,1,2,,0,0,0,1,2,,0,0,0,1,2,,0,0,0,1,2,,0,0,0,1,2,,0,0,0,1,2,,0,0,0,1,2,,0.0,2.962962961,3,0.0,2.962962961,3
HezkKfhrdSvep5trdYByk3HK57iGiTcusLgiKKQypump,448,True,13,0,0,0,0,2,11,0.0,0,0,0,2,11,0.0,0,0,0,2,11,0.0,30,0,0,0,0,7,23,0.0,0,0,0,7,23,0.0,0,0,0,7,23,0.0,0,0,0,2,11,0.0,0,0,0,2,11,0.0,0,0,0,2,11,0.0,0,0,0,7,23,0.0,0,0,0,7,23,0.0,0,0,0,7,23,0.0,0,0,0,2,11,0.0,0,0,0,2,11,0.0,0,0,0,2,11,0.0,0,0,0,7,23,0.0,0,0,0,7,23,0.0,0,0,0,7,23,0.0,0.3846153846153846,1.975308641,13,0.1428571428571428,1.975308641,35
B1xa7a6sa4bMbce61Aj8Q9jw4sz7C4A2bEiqceXKpump,449,True,6,0,0,0,0,4,2,0.0,0,0,0,4,2,0.0,0,0,0,4,2,0.0,6,0,0,0,0,4,2,0.0,0,0,0,4,2,0.0,0,0,0,4,2,0.0,0,0,0,4,2,0.0,0,0,0,4,2,0.0,0,0,0,4,2,0.0,0,0,0,4,2,0.0,0,0,0,4,2,0.0,0,0,0,4,2,0.0,0,0,0,4,2,0.0,0,0,0,4,2,0.0,0,0,0,4,2,0.0,0,0,0,4,2,0.0,0,0,0,4,2,0.0,0,0,0,4,2,0.0,0.5,1.975308641,6,0.5,1.975308641,6
BuaYRbiAq1C6sZ7uBc4G4V2xpdM3TpzEcfMhSC7Bpump,450,True,4,1,0,0,0,0,3,,0,0,0,0,3,,0,0,0,0,3,,5,1,0,0,0,1,3,,0,0,0,1,3,,0,0,0,1,3,,0,0,0,0,3,,0,0,0,0,3,,0,0,0,0,3,,0,0,0,1,3,,0,0,0,1,3,,0,0,0,1,3,,0,0,0,0,3,,0,0,0,0,3,,0,0,0,0,3,,0,0,0,1,3,,0,0,0,1,3,,0,0,0,1,3,,0.0,0.348765432,4,0.0,1.5339506130000002,5
7YpALDxcwTaR3SxEZ9remEyK41RFT7rWYUk7zqm7pump,451,True,4,0,0,0,0,1,3,,0,0,0,1,3,,0,0,0,1,3,,7,0,0,0,0,2,5,0.0,0,0,0,2,5,0.0,0,0,0,2,5,0.0,0,0,0,1,3,,0,0,0,1,3,,0,0,0,1,3,,0,0,0,2,5,0.0,0,0,0,2,5,0.0,0,0,0,2,5,0.0,0,0,0,1,3,,0,0,0,1,3,,0,0,0,1,3,,0,0,0,2,5,0.0,0,0,0,2,5,0.0,0,0,0,2,5,0.0,0.5,0.98765432,4,0.2857142857142857,0.98765432,7
7WKsNfspfJVgMfdWKQvvA4Aew8vzaW2MDcZqM2JWpump,452,True,7,0,2,2,0,0,5,1.0,2,2,0,0,5,1.0,2,2,0,0,5,1.0,7,0,2,2,0,0,5,1.0,2,2,0,0,5,1.0,2,2,0,0,5,1.0,2,2,0,0,5,1.0,2,2,0,0,5,1.0,2,2,0,0,5,1.0,2,2,0,0,5,1.0,2,2,0,0,5,1.0,2,2,0,0,5,1.0,2,2,0,0,5,1.0,2,2,0,0,5,1.0,2,2,0,0,5,1.0,2,2,0,0,5,1.0,2,2,0,0,5,1.0,2,2,0,0,5,1.0,0.8571428571428571,2.271604938,7,0.8571428571428571,2.271604938,7
E2rVqGkw3X72G7diijP22FtkqrD6H4MJsuy7BmTzpump,453,True,3,1,0,0,0,1,1,,0,0,0,1,1,,0,0,0,1,1,,3,1,0,0,0,1,1,,0,0,0,1,1,,0,0,0,1,1,,0,0,0,1,1,,0,0,0,1,1,,0,0,0,1,1,,0,0,0,1,1,,0,0,0,1,1,,0,0,0,1,1,,0,0,0,1,1,,0,0,0,1,1,,0,0,0,1,1,,0,0,0,1,1,,0,0,0,1,1,,0,0,0,1,1,,0.0,0.050000001,3,0.0,0.050000001,3
4uCQUT4mJsi5d5j1cHcmnUmb7wewHxmuXMShcxZEpump,454,True,4,1,0,0,0,2,1,0.0,0,0,0,2,1,0.0,0,0,0,2,1,0.0,5,1,0,0,0,2,2,0.0,0,0,0,2,2,0.0,0,0,0,2,2,0.0,0,0,0,2,1,0.0,0,0,0,2,1,0.0,0,0,0,2,1,0.0,0,0,0,2,2,0.0,0,0,0,2,2,0.0,0,0,0,2,2,0.0,0,0,0,2,1,0.0,0,0,0,2,1,0.0,0,0,0,2,1,0.0,0,0,0,2,2,0.0,0,0,0,2,2,0.0,0,0,0,2,2,0.0,0.0,4.93780864,4,0.0,6.91311728,5
GoHV115whPf9zz9i4UjXWpSjrcrU5vXffDSNukuTpump,455,True,5,1,0,0,0,3,1,0.0,0,0,0,3,1,0.0,0,0,0,3,1,0.0,9,1,0,0,0,5,3,0.0,0,0,0,5,3,0.0,0,0,0,5,3,0.0,0,0,0,3,1,0.0,0,0,0,3,1,0.0,0,0,0,3,1,0.0,0,0,0,5,3,0.0,0,0,0,5,3,0.0,0,0,0,5,3,0.0,0,0,0,3,1,0.0,0,0,0,3,1,0.0,0,0,0,3,1,0.0,0,0,0,5,3,0.0,0,0,0,5,3,0.0,0,0,0,5,3,0.0,0.0,2.9717629550000004,5,0.0,3.2156207210000005,9
5cPQUeTxRAFJ1BFQVCtiB12a8rj787PTac1r8aiCpump,456,True,15,0,0,0,0,0,15,,0,0,0,0,15,,0,0,0,0,15,,30,0,0,0,0,6,24,0.0,0,0,0,6,24,0.0,0,0,0,6,24,0.0,0,0,0,0,15,,0,0,0,0,15,,0,0,0,0,15,,2,0,2,4,24,0.3333333333333333,2,0,2,4,24,0.3333333333333333,2,0,2,4,24,0.3333333333333333,0,0,0,0,15,,0,0,0,0,15,,0,0,0,0,15,,0,0,0,6,24,0.0,0,0,0,6,24,0.0,0,0,0,6,24,0.0,0.6,3.0,15,0.1058823529411764,3.0,85
8B3f2XgMVajCjfgtwKXD5yDajpoQ654v49eZTqoTpump,457,True,6,0,0,0,0,4,2,0.0,0,0,0,4,2,0.0,0,0,0,4,2,0.0,9,0,0,0,0,4,5,0.0,0,0,0,4,5,0.0,0,0,0,4,5,0.0,0,0,0,4,2,0.0,0,0,0,4,2,0.0,0,0,0,4,2,0.0,0,0,0,4,5,0.0,0,0,0,4,5,0.0,0,0,0,4,5,0.0,0,0,0,4,2,0.0,0,0,0,4,2,0.0,0,0,0,4,2,0.0,0,0,0,4,5,0.0,0,0,0,4,5,0.0,0,0,0,4,5,0.0,1.0,1.777777776,6,0.6666666666666666,1.777777776,9
C1mw32ReQxz6vVBA3ny2kVFA1sG6ZXDjnsNYbxzQpump,458,True,30,0,3,3,3,9,18,0.25,3,3,3,9,18,0.25,3,3,3,9,18,0.25,30,0,3,3,3,9,18,0.25,3,3,3,9,18,0.25,3,3,3,9,18,0.25,5,3,5,7,18,0.4166666666666667,5,3,5,7,18,0.4166666666666667,5,3,5,7,18,0.4166666666666667,5,3,5,7,18,0.4166666666666667,5,3,5,7,18,0.4166666666666667,5,3,5,7,18,0.4166666666666667,3,3,3,9,18,0.25,3,3,3,9,18,0.25,3,3,3,9,18,0.25,3,3,3,9,18,0.25,3,3,3,9,18,0.25,3,3,3,9,18,0.25,0.1470588235294117,4.938271604,68,0.0763358778625954,4.938271604,131
8fvsH85dWAGhYk8wrsLBJAbx6UmMH1fvdwie5FsSpump,459,True,13,0,5,5,0,1,7,0.8333333333333334,5,5,0,1,7,0.8333333333333334,5,5,0,1,7,0.8333333333333334,19,0,5,5,0,3,11,0.625,5,5,0,3,11,0.625,5,5,0,3,11,0.625,5,5,0,1,7,0.8333333333333334,5,5,0,1,7,0.8333333333333334,5,5,0,1,7,0.8333333333333334,5,5,0,3,11,0.625,5,5,0,3,11,0.625,5,5,0,3,11,0.625,5,5,0,1,7,0.8333333333333334,5,5,0,1,7,0.8333333333333334,5,5,0,1,7,0.8333333333333334,5,5,0,3,11,0.625,5,5,0,3,11,0.625,5,5,0,3,11,0.625,0.2307692307692307,5.0,13,0.1578947368421052,5.0,19
66jV6HvwLXWewDxmWCsmT7HHM7JmEE1pLL4PpcC8pump,460,True,16,0,0,0,0,6,10,0.0,0,0,0,6,10,0.0,0,0,0,6,10,0.0,30,0,0,0,0,9,21,0.0,0,0,0,9,21,0.0,0,0,0,9,21,0.0,0,0,0,6,10,0.0,0,0,0,6,10,0.0,0,0,0,6,10,0.0,0,0,0,9,21,0.0,0,0,0,9,21,0.0,0,0,0,9,21,0.0,0,0,0,6,10,0.0,0,0,0,6,10,0.0,0,0,0,6,10,0.0,0,0,0,9,21,0.0,0,0,0,9,21,0.0,0,0,0,9,21,0.0,0.125,0.98765432,16,0.0454545454545454,0.98765432,44
HjDu8xChrQkF3yJXXFutREQBECoonop3yDH1r59wpump,461,True,3,1,0,0,0,1,1,,0,0,0,1,1,,0,0,0,1,1,,3,1,0,0,0,1,1,,0,0,0,1,1,,0,0,0,1,1,,0,0,0,1,1,,0,0,0,1,1,,0,0,0,1,1,,0,0,0,1,1,,0,0,0,1,1,,0,0,0,1,1,,0,0,0,1,1,,0,0,0,1,1,,0,0,0,1,1,,0,0,0,1,1,,0,0,0,1,1,,0,0,0,1,1,,0.0,2.000000001,3,0.0,2.000000001,3
GfKi5T4Lh4yrCTr9vkNvNkZi3k2eoaxum4TYDQ16pump,462,True,3,1,0,0,0,0,2,,0,0,0,0,2,,0,0,0,0,2,,3,1,0,0,0,0,2,,0,0,0,0,2,,0,0,0,0,2,,0,0,0,0,2,,0,0,0,0,2,,0,0,0,0,2,,0,0,0,0,2,,0,0,0,0,2,,0,0,0,0,2,,0,0,0,0,2,,0,0,0,0,2,,0,0,0,0,2,,0,0,0,0,2,,0,0,0,0,2,,0,0,0,0,2,,0.0,1.491845705,3,0.0,1.491845705,3
6kuxiHSKq8x1ABvQQXbPYCYDVWoHQz2h5YFdtETjpump,463,True,3,0,0,0,0,0,3,,0,0,0,0,3,,0,0,0,0,3,,3,0,0,0,0,0,3,,0,0,0,0,3,,0,0,0,0,3,,0,0,0,0,3,,0,0,0,0,3,,0,0,0,0,3,,0,0,0,0,3,,0,0,0,0,3,,0,0,0,0,3,,0,0,0,0,3,,0,0,0,0,3,,0,0,0,0,3,,0,0,0,0,3,,0,0,0,0,3,,0,0,0,0,3,,1.0,0.280000001,3,1.0,0.280000001,3
EYmRTAxQExNJMY53KxQ9YD7tmTtqP9ebtQdSsgBPpump,464,True,7,0,2,2,0,2,3,0.5,2,2,0,2,3,0.5,2,2,0,2,3,0.5,17,0,2,2,0,6,9,0.25,2,2,0,6,9,0.25,2,2,0,6,9,0.25,2,2,0,2,3,0.5,2,2,0,2,3,0.5,2,2,0,2,3,0.5,5,2,3,3,9,0.625,5,2,3,3,9,0.625,5,2,3,3,9,0.625,2,2,0,2,3,0.5,2,2,0,2,3,0.5,2,2,0,2,3,0.5,2,2,0,6,9,0.25,2,2,0,6,9,0.25,2,2,0,6,9,0.25,0.4285714285714285,4.0,7,0.1764705882352941,4.0,17
8CFCXaUcivt5ddbKw8VD5BKnDxEComUMS9Y4NhCBpump,465,True,3,1,0,0,0,1,1,,0,0,0,1,1,,0,0,0,1,1,,4,1,0,0,0,1,2,,0,0,0,1,2,,0,0,0,1,2,,0,0,0,1,1,,0,0,0,1,1,,0,0,0,1,1,,0,0,0,1,2,,0,0,0,1,2,,0,0,0,1,2,,0,0,0,1,1,,0,0,0,1,1,,0,0,0,1,1,,0,0,0,1,2,,0,0,0,1,2,,0,0,0,1,2,,0.0,2.451338268,3,0.0,2.9421827100000004,4
BdRzUMHAaHvUuubMhe7Qoz1Gip9Lhk24Po9tSvmEpump,466,True,19,0,0,0,0,11,8,0.0,0,0,0,11,8,0.0,0,0,0,11,8,0.0,26,0,0,0,0,12,14,0.0,0,0,0,12,14,0.0,0,0,0,12,14,0.0,0,0,0,11,8,0.0,0,0,0,11,8,0.0,0,0,0,11,8,0.0,0,0,0,12,14,0.0,0,0,0,12,14,0.0,0,0,0,12,14,0.0,0,0,0,11,8,0.0,0,0,0,11,8,0.0,0,0,0,11,8,0.0,0,0,0,12,14,0.0,0,0,0,12,14,0.0,0,0,0,12,14,0.0,0.3157894736842105,1.000000001,19,0.2307692307692307,1.000000001,26
3eWKFBstLsH8GQ2etkDofretPSD5YQ4DEFQMkc98pump,467,True,3,0,0,0,0,1,2,,0,0,0,1,2,,0,0,0,1,2,,7,0,0,0,0,2,5,0.0,0,0,0,2,5,0.0,0,0,0,2,5,0.0,0,0,0,1,2,,0,0,0,1,2,,0,0,0,1,2,,0,0,0,2,5,0.0,0,0,0,2,5,0.0,0,0,0,2,5,0.0,0,0,0,1,2,,0,0,0,1,2,,0,0,0,1,2,,0,0,0,2,5,0.0,0,0,0,2,5,0.0,0,0,0,2,5,0.0,0.6666666666666666,0.735802468,3,0.2857142857142857,0.735802468,7
1wMZQ12ZEdwbii6cDQc4Y5g1dm7aMKYQmtFGSo7pump,468,True,3,1,0,0,0,0,2,,0,0,0,0,2,,0,0,0,0,2,,5,1,0,0,0,2,2,0.0,0,0,0,2,2,0.0,0,0,0,2,2,0.0,0,0,0,0,2,,0,0,0,0,2,,0,0,0,0,2,,0,0,0,2,2,0.0,0,0,0,2,2,0.0,0,0,0,2,2,0.0,0,0,0,0,2,,0,0,0,0,2,,0,0,0,0,2,,0,0,0,2,2,0.0,0,0,0,2,2,0.0,0,0,0,2,2,0.0,0.0,1.0,3,0.0,1.0,5
BTLP4HHR74P8vodrJUfQzbJTAXJqdvMGajRce3Uhpump,469,True,30,0,0,0,0,12,18,0.0,0,0,0,12,18,0.0,0,0,0,12,18,0.0,30,0,0,0,0,12,18,0.0,0,0,0,12,18,0.0,0,0,0,12,18,0.0,2,0,2,10,18,0.16666666666666666,2,0,2,10,18,0.16666666666666666,2,0,2,10,18,0.16666666666666666,2,0,2,10,18,0.16666666666666666,2,0,2,10,18,0.16666666666666666,2,0,2,10,18,0.16666666666666666,0,0,0,12,18,0.0,0,0,0,12,18,0.0,0,0,0,12,18,0.0,0,0,0,12,18,0.0,0,0,0,12,18,0.0,0,0,0,12,18,0.0,0.0909090909090909,5.72839506,33,0.0422535211267605,5.72839506,71
HScvgJedbuqoQbh727vVKi2Hxxk5vsTmn41YTbMGpump,470,True,3,0,0,0,0,2,1,0.0,0,0,0,2,1,0.0,0,0,0,2,1,0.0,3,0,0,0,0,2,1,0.0,0,0,0,2,1,0.0,0,0,0,2,1,0.0,0,0,0,2,1,0.0,0,0,0,2,1,0.0,0,0,0,2,1,0.0,0,0,0,2,1,0.0,0,0,0,2,1,0.0,0,0,0,2,1,0.0,0,0,0,2,1,0.0,0,0,0,2,1,0.0,0,0,0,2,1,0.0,0,0,0,2,1,0.0,0,0,0,2,1,0.0,0,0,0,2,1,0.0,1.0,0.98765432,3,1.0,0.98765432,3
F94Q2ip7VYCezHH4F5Lmi46hu9wSdg7UhMHoWx2fpump,471,True,4,1,0,0,0,1,2,,0,0,0,1,2,,0,0,0,1,2,,4,1,0,0,0,1,2,,0,0,0,1,2,,0,0,0,1,2,,0,0,0,1,2,,0,0,0,1,2,,0,0,0,1,2,,0,0,0,1,2,,0,0,0,1,2,,0,0,0,1,2,,0,0,0,1,2,,0,0,0,1,2,,0,0,0,1,2,,0,0,0,1,2,,0,0,0,1,2,,0,0,0,1,2,,0.0,12.256790122,4,0.0,12.256790122,4
GSefD1YASUDE94FBXePioCHw3wZ9CQ2zSxbZiGJVpump,472,True,3,0,0,0,0,0,3,,0,0,0,0,3,,0,0,0,0,3,,4,0,0,0,0,0,4,,0,0,0,0,4,,0,0,0,0,4,,0,0,0,0,3,,0,0,0,0,3,,0,0,0,0,3,,0,0,0,0,4,,0,0,0,0,4,,0,0,0,0,4,,0,0,0,0,3,,0,0,0,0,3,,0,0,0,0,3,,0,0,0,0,4,,0,0,0,0,4,,0,0,0,0,4,,1.0,2.0,3,0.75,2.0,4
4uye9bb7yXwP9xLqgeTprUGa2bhWaVJ9YDencZobpump,473,True,5,1,0,0,0,2,2,0.0,0,0,0,2,2,0.0,0,0,0,2,2,0.0,5,1,0,0,0,2,2,0.0,0,0,0,2,2,0.0,0,0,0,2,2,0.0,0,0,0,2,2,0.0,0,0,0,2,2,0.0,0,0,0,2,2,0.0,0,0,0,2,2,0.0,0,0,0,2,2,0.0,0,0,0,2,2,0.0,0,0,0,2,2,0.0,0,0,0,2,2,0.0,0,0,0,2,2,0.0,0,0,0,2,2,0.0,0,0,0,2,2,0.0,0,0,0,2,2,0.0,0.0,0.493827159,5,0.0,0.493827159,5
A4be2v4g4oLwH6e5fwY6wEGiWXcKRkDSJHHQmuHzpump,474,True,17,0,0,0,0,5,12,0.0,0,0,0,5,12,0.0,0,0,0,5,12,0.0,30,0,0,0,0,9,21,0.0,0,0,0,9,21,0.0,0,0,0,9,21,0.0,0,0,0,5,12,0.0,0,0,0,5,12,0.0,0,0,0,5,12,0.0,0,0,0,9,21,0.0,0,0,0,9,21,0.0,0,0,0,9,21,0.0,0,0,0,5,12,0.0,0,0,0,5,12,0.0,0,0,0,5,12,0.0,0,0,0,9,21,0.0,0,0,0,9,21,0.0,0,0,0,9,21,0.0,0.5294117647058824,0.069125013,17,0.2142857142857142,0.118504178,42
DsWjxVkzx27yefNXoeZJbNVWKSnq8SJY1q9Bhp3spump,475,True,4,2,0,0,0,0,2,,0,0,0,0,2,,0,0,0,0,2,,5,2,0,0,0,1,2,,0,0,0,1,2,,0,0,0,1,2,,0,0,0,0,2,,0,0,0,0,2,,0,0,0,0,2,,0,0,0,1,2,,0,0,0,1,2,,0,0,0,1,2,,0,0,0,0,2,,0,0,0,0,2,,0,0,0,0,2,,0,0,0,1,2,,0,0,0,1,2,,0,0,0,1,2,,0.0,0.050084894,4,0.0,0.050084894,5
9EJvhNXp4LqsAmtozyvUgzfWM8vKCJqyEfGjAyodpump,476,True,3,1,0,0,0,0,2,,0,0,0,0,2,,0,0,0,0,2,,3,1,0,0,0,0,2,,0,0,0,0,2,,0,0,0,0,2,,0,0,0,0,2,,0,0,0,0,2,,0,0,0,0,2,,0,0,0,0,2,,0,0,0,0,2,,0,0,0,0,2,,0,0,0,0,2,,0,0,0,0,2,,0,0,0,0,2,,0,0,0,0,2,,0,0,0,0,2,,0,0,0,0,2,,0.0,2.9649185160000004,3,0.0,2.9668740700000007,3
2bg5HaYjvmsWttca4SzVKcDNNDdGCiRstdyvefczP1CK,477,True,30,0,0,0,0,7,23,0.0,0,0,0,7,23,0.0,0,0,0,7,23,0.0,30,0,0,0,0,7,23,0.0,0,0,0,7,23,0.0,0,0,0,7,23,0.0,0,0,0,7,23,0.0,0,0,0,7,23,0.0,0,0,0,7,23,0.0,0,0,0,7,23,0.0,0,0,0,7,23,0.0,0,0,0,7,23,0.0,0,0,0,7,23,0.0,0,0,0,7,23,0.0,0,0,0,7,23,0.0,0,0,0,7,23,0.0,0,0,0,7,23,0.0,0,0,0,7,23,0.0,0.0333333333333333,1.466666666,60,0.0194174757281553,1.466666666,103
5Vj2EvD4W1WDLB6AynuWmxUujQ6pSD6ZRxKvwi4ppump,478,True,3,1,0,0,0,1,1,,0,0,0,1,1,,0,0,0,1,1,,3,1,0,0,0,1,1,,0,0,0,1,1,,0,0,0,1,1,,0,0,0,1,1,,0,0,0,1,1,,0,0,0,1,1,,0,0,0,1,1,,0,0,0,1,1,,0,0,0,1,1,,0,0,0,1,1,,0,0,0,1,1,,0,0,0,1,1,,0,0,0,1,1,,0,0,0,1,1,,0,0,0,1,1,,0.0,2.000312548,3,0.0,2.000312548,3
3ne6ZFa7Y4uq1traGmK7WPL5Y6juZhhAPSGnSeTYpump,479,True,3,0,0,0,0,0,3,,0,0,0,0,3,,0,0,0,0,3,,5,0,0,0,0,0,5,,0,0,0,0,5,,0,0,0,0,5,,0,0,0,0,3,,0,0,0,0,3,,0,0,0,0,3,,0,0,0,0,5,,0,0,0,0,5,,0,0,0,0,5,,0,0,0,0,3,,0,0,0,0,3,,0,0,0,0,3,,0,0,0,0,5,,0,0,0,0,5,,0,0,0,0,5,,0.3333333333333333,0.98765432,3,0.2,0.98765432,5
Do6sb3jaujBKqj42o2EeLA4dRigdV2oqV8pNgh2Apump,480,True,11,0,0,0,0,1,10,,0,0,0,1,10,,0,0,0,1,10,,19,0,0,0,0,3,16,0.0,0,0,0,3,16,0.0,0,0,0,3,16,0.0,0,0,0,1,10,,0,0,0,1,10,,0,0,0,1,10,,2,2,2,1,16,0.6666666666666666,2,2,2,1,16,0.6666666666666666,2,2,2,1,16,0.6666666666666666,0,0,0,1,10,,0,0,0,1,10,,0,0,0,1,10,,0,0,0,3,16,0.0,0,0,0,3,16,0.0,0,0,0,3,16,0.0,0.5454545454545454,3.0,11,0.3157894736842105,3.0,19
ECxKs7Fq4DcCJffGszqVb6efFYNYYFKytYunLvG4pump,481,True,10,0,0,0,0,6,4,0.0,0,0,0,6,4,0.0,0,0,0,6,4,0.0,24,0,0,0,0,11,13,0.0,0,0,0,11,13,0.0,0,0,0,11,13,0.0,0,0,0,6,4,0.0,0,0,0,6,4,0.0,0,0,0,6,4,0.0,0,0,0,11,13,0.0,0,0,0,11,13,0.0,0,0,0,11,13,0.0,0,0,0,6,4,0.0,0,0,0,6,4,0.0,0,0,0,6,4,0.0,0,0,0,11,13,0.0,0,0,0,11,13,0.0,0,0,0,11,13,0.0,0.4,1.323500246,10,0.1666666666666666,1.323500246,24
3KsrZkysy4K5LrmzT9wm2jqNJrUbAcmDMhvLx5yPpump,482,True,3,0,0,0,0,0,3,,0,0,0,0,3,,0,0,0,0,3,,3,0,0,0,0,0,3,,0,0,0,0,3,,0,0,0,0,3,,0,0,0,0,3,,0,0,0,0,3,,0,0,0,0,3,,0,0,0,0,3,,0,0,0,0,3,,0,0,0,0,3,,0,0,0,0,3,,0,0,0,0,3,,0,0,0,0,3,,0,0,0,0,3,,0,0,0,0,3,,0,0,0,0,3,,0.6666666666666666,0.300000001,3,0.6666666666666666,0.300000001,3
45ufBh2wZCPsRf1vo7R94uTEKXcXPzBsKWoLbBKPpump,483,True,3,1,0,0,0,1,1,,0,0,0,1,1,,0,0,0,1,1,,6,1,0,0,0,3,2,0.0,0,0,0,3,2,0.0,0,0,0,3,2,0.0,0,0,0,1,1,,0,0,0,1,1,,0,0,0,1,1,,0,0,0,3,2,0.0,0,0,0,3,2,0.0,0,0,0,3,2,0.0,0,0,0,1,1,,0,0,0,1,1,,0,0,0,1,1,,0,0,0,3,2,0.0,0,0,0,3,2,0.0,0,0,0,3,2,0.0,0.0,1.334567897,3,0.0,1.4825787419999998,6
CR8B8ud2pKTZ73ovv8SpKvsJxcP1ZC6Qzf4ebc6Xpump,484,True,3,1,0,0,0,0,2,,0,0,0,0,2,,0,0,0,0,2,,4,1,0,0,0,0,3,,0,0,0,0,3,,0,0,0,0,3,,0,0,0,0,2,,0,0,0,0,2,,0,0,0,0,2,,0,0,0,0,3,,0,0,0,0,3,,0,0,0,0,3,,0,0,0,0,2,,0,0,0,0,2,,0,0,0,0,2,,0,0,0,0,3,,0,0,0,0,3,,0,0,0,0,3,,0.0,9.913580242,3,0.0,11.395061721,4
uQr8qR4FoPp7aS3JcEJnJiWbm4G9ojxFsW9gD2vpump,485,True,4,0,0,0,0,0,4,,0,0,0,0,4,,0,0,0,0,4,,4,0,0,0,0,0,4,,0,0,0,0,4,,0,0,0,0,4,,0,0,0,0,4,,0,0,0,0,4,,0,0,0,0,4,,0,0,0,0,4,,0,0,0,0,4,,0,0,0,0,4,,0,0,0,0,4,,0,0,0,0,4,,0,0,0,0,4,,0,0,0,0,4,,0,0,0,0,4,,0,0,0,0,4,,0.0,3.101234566,4,0.0,3.101234566,4
6ESZzRDAdVnbkSXVeHKTyG4KuyoRm3JyhvfeAoMFpump,486,True,8,0,0,0,0,7,1,0.0,0,0,0,7,1,0.0,0,0,0,7,1,0.0,15,0,0,0,0,10,5,0.0,0,0,0,10,5,0.0,0,0,0,10,5,0.0,0,0,0,7,1,0.0,0,0,0,7,1,0.0,0,0,0,7,1,0.0,0,0,0,10,5,0.0,0,0,0,10,5,0.0,0,0,0,10,5,0.0,0,0,0,7,1,0.0,0,0,0,7,1,0.0,0,0,0,7,1,0.0,0,0,0,10,5,0.0,0,0,0,10,5,0.0,0,0,0,10,5,0.0,0.625,0.098765432,8,0.3333333333333333,0.098765432,15
8KBChXb7GFLwP7mLxbATyD18zrriqK3wyubchKRbpump,487,True,30,0,0,0,0,11,19,0.0,0,0,0,11,19,0.0,0,0,0,11,19,0.0,30,0,0,0,0,11,19,0.0,0,0,0,11,19,0.0,0,0,0,11,19,0.0,3,0,3,8,19,0.2727272727272727,3,0,3,8,19,0.2727272727272727,3,0,3,8,19,0.2727272727272727,3,0,3,8,19,0.2727272727272727,3,0,3,8,19,0.2727272727272727,3,0,3,8,19,0.2727272727272727,0,0,0,11,19,0.0,0,0,0,11,19,0.0,0,0,0,11,19,0.0,0,0,0,11,19,0.0,0,0,0,11,19,0.0,0,0,0,11,19,0.0,0.1458333333333333,1.46627566,48,0.0693069306930693,1.46627566,101
DqtRNbocAAxqRqpAwm1wSkRuxYuNZxsMCqQ6MGJwpump,488,True,6,0,0,0,0,1,5,,0,0,0,1,5,,0,0,0,1,5,,6,0,0,0,0,1,5,,0,0,0,1,5,,0,0,0,1,5,,0,0,0,1,5,,0,0,0,1,5,,0,0,0,1,5,,0,0,0,1,5,,0,0,0,1,5,,0,0,0,1,5,,0,0,0,1,5,,0,0,0,1,5,,0,0,0,1,5,,0,0,0,1,5,,0,0,0,1,5,,0,0,0,1,5,,0.5,3.0,6,0.5,3.0,6
9YzmMUZsLXnyx8bkajKqaM4gJWr1444VsEXPhU8hpump,489,True,15,0,2,2,0,5,8,0.2857142857142857,2,2,0,5,8,0.2857142857142857,2,2,0,5,8,0.2857142857142857,20,0,2,2,0,5,13,0.2857142857142857,2,2,0,5,13,0.2857142857142857,2,2,0,5,13,0.2857142857142857,4,2,2,3,8,0.5714285714285714,4,2,2,3,8,0.5714285714285714,4,2,2,3,8,0.5714285714285714,4,2,2,3,13,0.5714285714285714,4,2,2,3,13,0.5714285714285714,4,2,2,3,13,0.5714285714285714,2,2,0,5,8,0.2857142857142857,2,2,0,5,8,0.2857142857142857,2,2,0,5,8,0.2857142857142857,2,2,0,5,13,0.2857142857142857,2,2,0,5,13,0.2857142857142857,2,2,0,5,13,0.2857142857142857,0.5333333333333333,5.0,15,0.4,5.0,20
A52LSVjGwmi5rgcs26AAsrsPa7SAir69UepKmMkSpump,490,True,18,0,1,1,0,4,13,0.2,1,1,0,4,13,0.2,1,1,0,4,13,0.2,22,0,1,1,0,7,14,0.125,1,1,0,7,14,0.125,1,1,0,7,14,0.125,1,1,0,4,13,0.2,1,1,0,4,13,0.2,1,1,0,4,13,0.2,5,1,4,3,14,0.625,5,1,4,3,14,0.625,5,1,4,3,14,0.625,1,1,0,4,13,0.2,1,1,0,4,13,0.2,1,1,0,4,13,0.2,1,1,0,7,14,0.125,1,1,0,7,14,0.125,1,1,0,7,14,0.125,0.4444444444444444,5.0,18,0.3636363636363636,5.0,22
72uw6igz4t3umPywqQihyutP1UNRQ2yfojLdnZtXpump,491,True,3,0,0,0,0,0,3,,0,0,0,0,3,,0,0,0,0,3,,3,0,0,0,0,0,3,,0,0,0,0,3,,0,0,0,0,3,,0,0,0,0,3,,0,0,0,0,3,,0,0,0,0,3,,0,0,0,0,3,,0,0,0,0,3,,0,0,0,0,3,,0,0,0,0,3,,0,0,0,0,3,,0,0,0,0,3,,0,0,0,0,3,,0,0,0,0,3,,0,0,0,0,3,,0.3333333333333333,0.100015626,3,0.3333333333333333,0.100015626,3
AoqSJnwxHBgHo7EGkLTgPeyMrPvSxq7G1N8uN9kvpump,492,True,6,0,0,0,0,1,5,,0,0,0,1,5,,0,0,0,1,5,,22,0,0,0,0,3,19,0.0,0,0,0,3,19,0.0,0,0,0,3,19,0.0,0,0,0,1,5,,0,0,0,1,5,,0,0,0,1,5,,0,0,0,3,19,0.0,0,0,0,3,19,0.0,0,0,0,3,19,0.0,0,0,0,1,5,,0,0,0,1,5,,0,0,0,1,5,,0,0,0,3,19,0.0,0,0,0,3,19,0.0,0,0,0,3,19,0.0,0.6666666666666666,0.100000018,6,0.1818181818181818,0.100000018,22
4mnEQNoaC1Pko6r8CrEgSMzUyoPyjTcXU9MmZaUFpump,493,True,4,1,0,0,0,1,2,,0,0,0,1,2,,0,0,0,1,2,,5,1,0,0,0,2,2,0.0,0,0,0,2,2,0.0,0,0,0,2,2,0.0,0,0,0,1,2,,0,0,0,1,2,,0,0,0,1,2,,0,0,0,2,2,0.0,0,0,0,2,2,0.0,0,0,0,2,2,0.0,0,0,0,1,2,,0,0,0,1,2,,0,0,0,1,2,,0,0,0,2,2,0.0,0,0,0,2,2,0.0,0,0,0,2,2,0.0,0.0,0.050000001,4,0.0,0.050000001,5
AjcgfLx3yjaNYnbRxTLV3VsCtXncsMZrpVbtyMv5pump,494,True,4,1,0,0,0,2,1,0.0,0,0,0,2,1,0.0,0,0,0,2,1,0.0,6,1,0,0,0,3,2,0.0,0,0,0,3,2,0.0,0,0,0,3,2,0.0,0,0,0,2,1,0.0,0,0,0,2,1,0.0,0,0,0,2,1,0.0,0,0,0,3,2,0.0,0,0,0,3,2,0.0,0,0,0,3,2,0.0,0,0,0,2,1,0.0,0,0,0,2,1,0.0,0,0,0,2,1,0.0,0,0,0,3,2,0.0,0,0,0,3,2,0.0,0,0,0,3,2,0.0,0.0,3.975308642,4,0.0,7.925925923999999,6
AVwCgHjFFyBpXF93L1fhqAJtc4yACYcpg6Mjy8Sppump,495,True,7,0,0,0,0,5,2,0.0,3,0,3,0,4,1.0,3,0,3,0,4,1.0,25,0,0,0,0,21,4,0.0,12,0,12,2,11,0.8571428571428571,12,0,12,2,11,0.8571428571428571,0,0,0,5,2,0.0,3,0,3,0,4,1.0,3,0,3,0,4,1.0,0,0,0,21,4,0.0,12,0,12,2,11,0.8571428571428571,12,0,12,2,11,0.8571428571428571,0,0,0,5,2,0.0,3,0,3,0,4,1.0,3,0,3,0,4,1.0,6,0,6,15,4,0.2857142857142857,12,0,12,2,11,0.8571428571428571,12,0,12,2,11,0.8571428571428571,0.0,14.814814813,7,0.0,14.814814813,25
BtXhafJoHm327WdXJKiTZwsnmxndFxiBVBTqm5ktpump,496,True,5,0,0,0,0,0,5,,0,0,0,0,5,,0,0,0,0,5,,5,0,0,0,0,0,5,,0,0,0,0,5,,0,0,0,0,5,,0,0,0,0,5,,0,0,0,0,5,,0,0,0,0,5,,0,0,0,0,5,,0,0,0,0,5,,0,0,0,0,5,,0,0,0,0,5,,0,0,0,0,5,,0,0,0,0,5,,0,0,0,0,5,,0,0,0,0,5,,0,0,0,0,5,,0.2,5.925925924,5,0.2,5.925925924,5
FZnKTbvHZdJPxACsc7HkEzBSnJrk3nRu1kwaTJedpump,497,True,5,0,0,0,0,1,4,,0,0,0,1,4,,0,0,0,1,4,,6,0,0,0,0,1,5,,0,0,0,1,5,,0,0,0,1,5,,0,0,0,1,4,,0,0,0,1,4,,0,0,0,1,4,,0,0,0,1,5,,0,0,0,1,5,,0,0,0,1,5,,0,0,0,1,4,,0,0,0,1,4,,0,0,0,1,4,,0,0,0,1,5,,0,0,0,1,5,,0,0,0,1,5,,1.0,1.8,5,0.8333333333333334,1.8,6
AepvX5VwwiG6wGzkUy627wBgiFUHF7vh9PGYE729pump,498,True,8,0,1,1,0,1,6,0.5,1,1,0,1,6,0.5,1,1,0,1,6,0.5,14,0,1,1,0,2,11,0.3333333333333333,1,1,0,2,11,0.3333333333333333,1,1,0,2,11,0.3333333333333333,1,1,0,1,6,0.5,1,1,0,1,6,0.5,1,1,0,1,6,0.5,1,1,0,2,11,0.3333333333333333,1,1,0,2,11,0.3333333333333333,1,1,0,2,11,0.3333333333333333,1,1,0,1,6,0.5,1,1,0,1,6,0.5,1,1,0,1,6,0.5,1,1,0,2,11,0.3333333333333333,1,1,0,2,11,0.3333333333333333,1,1,0,2,11,0.3333333333333333,0.625,3.0,8,0.3571428571428571,3.0,14
G5YSR7AzusyNBTiFokx85brFiqRgCfZYH127LLV7pump,499,True,3,1,1,1,0,1,0,0.5,1,1,0,1,0,0.5,1,1,0,1,0,0.5,3,1,1,1,0,1,0,0.5,1,1,0,1,0,0.5,1,1,0,1,0,0.5,1,1,0,1,0,0.5,1,1,0,1,0,0.5,1,1,0,1,0,0.5,1,1,0,1,0,0.5,1,1,0,1,0,0.5,1,1,0,1,0,0.5,1,1,0,1,0,0.5,1,1,0,1,0,0.5,1,1,0,1,0,0.5,1,1,0,1,0,0.5,1,1,0,1,0,0.5,1,1,0,1,0,0.5,0.0,0.750018303,3,0.0,0.750018303,3
Hd6bDTxiHyhwtm49uonhbYRzmETgw4a6PeAddzFspump,500,True,3,1,0,0,0,0,2,,0,0,0,0,2,,0,0,0,0,2,,3,1,0,0,0,0,2,,0,0,0,0,2,,0,0,0,0,2,,0,0,0,0,2,,0,0,0,0,2,,0,0,0,0,2,,0,0,0,0,2,,0,0,0,0,2,,0,0,0,0,2,,0,0,0,0,2,,0,0,0,0,2,,0,0,0,0,2,,0,0,0,0,2,,0,0,0,0,2,,0,0,0,0,2,,0.0,0.050000001,3,0.0,0.050000001,3
AmYaHmSYGLzBYdZMAwraUQ4JMEMkvnfU6VcxzEnUpump,501,True,8,0,0,0,0,4,4,0.0,0,0,0,4,4,0.0,0,0,0,4,4,0.0,10,0,0,0,0,5,5,0.0,0,0,0,5,5,0.0,0,0,0,5,5,0.0,0,0,0,4,4,0.0,0,0,0,4,4,0.0,0,0,0,4,4,0.0,0,0,0,5,5,0.0,0,0,0,5,5,0.0,0,0,0,5,5,0.0,0,0,0,4,4,0.0,0,0,0,4,4,0.0,0,0,0,4,4,0.0,0,0,0,5,5,0.0,0,0,0,5,5,0.0,0,0,0,5,5,0.0,0.625,1.975308641,8,0.5,1.975308641,10
BxWagoAB3SGitTJcsraurECHfFw5Xxxgr1Y4QPxipump,502,True,4,1,0,0,0,2,1,0.0,0,0,0,2,1,0.0,0,0,0,2,1,0.0,4,1,0,0,0,2,1,0.0,0,0,0,2,1,0.0,0,0,0,2,1,0.0,0,0,0,2,1,0.0,0,0,0,2,1,0.0,0,0,0,2,1,0.0,0,0,0,2,1,0.0,0,0,0,2,1,0.0,0,0,0,2,1,0.0,0,0,0,2,1,0.0,0,0,0,2,1,0.0,0,0,0,2,1,0.0,0,0,0,2,1,0.0,0,0,0,2,1,0.0,0,0,0,2,1,0.0,0.0,1.236419745,4,0.0,1.582098755,4
P4QfxnfJy2ySQisM7gfsBLUTPpwD3UkPxHypsBcpump,503,True,3,1,0,0,0,1,1,,0,0,0,1,1,,0,0,0,1,1,,3,1,0,0,0,1,1,,0,0,0,1,1,,0,0,0,1,1,,0,0,0,1,1,,0,0,0,1,1,,0,0,0,1,1,,0,0,0,1,1,,0,0,0,1,1,,0,0,0,1,1,,0,0,0,1,1,,0,0,0,1,1,,0,0,0,1,1,,0,0,0,1,1,,0,0,0,1,1,,0,0,0,1,1,,0.0,0.148773244,3,0.0,0.2475386749999999,3
GebgbicgnnejWDBCqhmuxYw17gbEKSYuXQaDKEpHpump,504,True,3,1,0,0,0,0,2,,0,0,0,0,2,,0,0,0,0,2,,3,1,0,0,0,0,2,,0,0,0,0,2,,0,0,0,0,2,,0,0,0,0,2,,0,0,0,0,2,,0,0,0,0,2,,0,0,0,0,2,,0,0,0,0,2,,0,0,0,0,2,,0,0,0,0,2,,0,0,0,0,2,,0,0,0,0,2,,0,0,0,0,2,,0,0,0,0,2,,0,0,0,0,2,,0.0,0.196543208,3,0.0,0.294320985,3
5X4zGhJUMtePTHXc5r35J6dQt7wKWNARy6LuDPkhpump,505,True,3,1,0,0,0,2,0,0.0,0,0,0,2,0,0.0,0,0,0,2,0,0.0,3,1,0,0,0,2,0,0.0,0,0,0,2,0,0.0,0,0,0,2,0,0.0,0,0,0,2,0,0.0,0,0,0,2,0,0.0,0,0,0,2,0,0.0,0,0,0,2,0,0.0,0,0,0,2,0,0.0,0,0,0,2,0,0.0,0,0,0,2,0,0.0,0,0,0,2,0,0.0,0,0,0,2,0,0.0,0,0,0,2,0,0.0,0,0,0,2,0,0.0,0,0,0,2,0,0.0,0.0,1.53148148,3,0.0,1.53148148,3
D647vheYd9ATWCdfvs3GFDobbLxJnwbEpPUkbf7Zpump,506,True,5,0,0,0,0,1,4,,0,0,0,1,4,,0,0,0,1,4,,7,0,0,0,0,2,5,0.0,0,0,0,2,5,0.0,0,0,0,2,5,0.0,0,0,0,1,4,,0,0,0,1,4,,0,0,0,1,4,,0,0,0,2,5,0.0,0,0,0,2,5,0.0,0,0,0,2,5,0.0,0,0,0,1,4,,0,0,0,1,4,,0,0,0,1,4,,0,0,0,2,5,0.0,0,0,0,2,5,0.0,0,0,0,2,5,0.0,0.6,3.0,5,0.4285714285714285,3.0,7
HzWBdibTwjcfNMybk1axpG6jkFBseFfrpXHZd9GJpump,507,True,10,0,0,0,0,1,9,,0,0,0,1,9,,0,0,0,1,9,,15,0,0,0,0,3,12,0.0,0,0,0,3,12,0.0,0,0,0,3,12,0.0,0,0,0,1,9,,0,0,0,1,9,,0,0,0,1,9,,0,0,0,3,12,0.0,0,0,0,3,12,0.0,0,0,0,3,12,0.0,0,0,0,1,9,,0,0,0,1,9,,0,0,0,1,9,,0,0,0,3,12,0.0,0,0,0,3,12,0.0,0,0,0,3,12,0.0,0.6,3.3,10,0.4,3.3,15
9vYn7QEKc5geMrLiPMnnBSvTGMWe1GSQoSHf7QERpump,508,True,4,0,0,0,0,0,4,,0,0,0,0,4,,0,0,0,0,4,,4,0,0,0,0,0,4,,0,0,0,0,4,,0,0,0,0,4,,0,0,0,0,4,,0,0,0,0,4,,0,0,0,0,4,,0,0,0,0,4,,0,0,0,0,4,,0,0,0,0,4,,0,0,0,0,4,,0,0,0,0,4,,0,0,0,0,4,,0,0,0,0,4,,0,0,0,0,4,,0,0,0,0,4,,1.0,0.98765432,4,1.0,0.98765432,4
3oi6hwAvif7c5kqZcQtRnbHZ51aeFgCXWZ2Y2dfNpump,509,True,3,1,0,0,0,0,2,,0,0,0,0,2,,0,0,0,0,2,,3,1,0,0,0,0,2,,0,0,0,0,2,,0,0,0,0,2,,0,0,0,0,2,,0,0,0,0,2,,0,0,0,0,2,,0,0,0,0,2,,0,0,0,0,2,,0,0,0,0,2,,0,0,0,0,2,,0,0,0,0,2,,0,0,0,0,2,,0,0,0,0,2,,0,0,0,0,2,,0,0,0,0,2,,0.0,0.150000001,3,0.0,0.150000001,3
GcMEdvoL7pxb5BFKL1wGNENpUDZ8PFxDGKzBrUN4pump,510,True,5,0,0,0,0,1,4,,0,0,0,1,4,,0,0,0,1,4,,5,0,0,0,0,1,4,,0,0,0,1,4,,0,0,0,1,4,,0,0,0,1,4,,0,0,0,1,4,,0,0,0,1,4,,0,0,0,1,4,,0,0,0,1,4,,0,0,0,1,4,,0,0,0,1,4,,0,0,0,1,4,,0,0,0,1,4,,0,0,0,1,4,,0,0,0,1,4,,0,0,0,1,4,,0.4,0.493827159,5,0.4,0.493827159,5
E8dyEFucRuSaBpkEobqUhTK7JiSgyfdiyq26HaBupump,511,True,3,0,0,0,0,0,3,,0,0,0,0,3,,0,0,0,0,3,,5,0,0,0,0,0,5,,0,0,0,0,5,,0,0,0,0,5,,0,0,0,0,3,,0,0,0,0,3,,0,0,0,0,3,,0,0,0,0,5,,0,0,0,0,5,,0,0,0,0,5,,0,0,0,0,3,,0,0,0,0,3,,0,0,0,0,3,,0,0,0,0,5,,0,0,0,0,5,,0,0,0,0,5,,1.0,3.0,3,0.6,3.0,5
4TSi2vGTbAzGB1Pvgd7VpDinVQvS8Gq9ArVR979Upump,512,True,3,0,0,0,0,0,3,,0,0,0,0,3,,0,0,0,0,3,,3,0,0,0,0,0,3,,0,0,0,0,3,,0,0,0,0,3,,0,0,0,0,3,,0,0,0,0,3,,0,0,0,0,3,,0,0,0,0,3,,0,0,0,0,3,,0,0,0,0,3,,0,0,0,0,3,,0,0,0,0,3,,0,0,0,0,3,,0,0,0,0,3,,0,0,0,0,3,,0,0,0,0,3,,0.3333333333333333,0.493827159,3,0.3333333333333333,0.493827159,3
7K3dNBMULiYx1qUU7bjaexRAi746foGSEeA91quopump,513,True,3,0,0,0,0,0,3,,0,0,0,0,3,,0,0,0,0,3,,3,0,0,0,0,0,3,,0,0,0,0,3,,0,0,0,0,3,,0,0,0,0,3,,0,0,0,0,3,,0,0,0,0,3,,0,0,0,0,3,,0,0,0,0,3,,0,0,0,0,3,,0,0,0,0,3,,0,0,0,0,3,,0,0,0,0,3,,0,0,0,0,3,,0,0,0,0,3,,0,0,0,0,3,,1.0,0.562962961,3,1.0,0.562962961,3
3nckorxDLtH3kAjsvE49t2s2Umy4rd8drHUmTSP3pump,514,True,6,0,0,0,0,1,5,,0,0,0,1,5,,0,0,0,1,5,,6,0,0,0,0,1,5,,0,0,0,1,5,,0,0,0,1,5,,0,0,0,1,5,,0,0,0,1,5,,0,0,0,1,5,,0,0,0,1,5,,0,0,0,1,5,,0,0,0,1,5,,0,0,0,1,5,,0,0,0,1,5,,0,0,0,1,5,,0,0,0,1,5,,0,0,0,1,5,,0,0,0,1,5,,0.8333333333333334,0.0,6,0.8333333333333334,0.0,6
BiCc6qRa5jJNoGpFTfhu3vsWfkuEhXX7k6t3j1yFpump,515,True,3,1,0,0,0,1,1,,0,0,0,1,1,,0,0,0,1,1,,3,1,0,0,0,1,1,,0,0,0,1,1,,0,0,0,1,1,,0,0,0,1,1,,0,0,0,1,1,,0,0,0,1,1,,0,0,0,1,1,,0,0,0,1,1,,0,0,0,1,1,,0,0,0,1,1,,0,0,0,1,1,,0,0,0,1,1,,0,0,0,1,1,,0,0,0,1,1,,0,0,0,1,1,,0.0,0.158726865,3,0.0,0.353298004,3
31DCntq8khobMLS8WLd19Z8jC91pTTKo3WTBoVr7PMQo,516,True,3,0,0,0,0,1,2,,0,0,0,1,2,,0,0,0,1,2,,3,0,0,0,0,1,2,,0,0,0,1,2,,0,0,0,1,2,,0,0,0,1,2,,0,0,0,1,2,,0,0,0,1,2,,0,0,0,1,2,,0,0,0,1,2,,0,0,0,1,2,,0,0,0,1,2,,0,0,0,1,2,,0,0,0,1,2,,0,0,0,1,2,,0,0,0,1,2,,0,0,0,1,2,,0.0,9.876543209,3,0.0,9.876543209,3
HJca8QZfJJL2KtTVgPVeeiAijfWohkNp3B2f4QW8pump,517,True,4,1,0,0,0,1,2,,0,0,0,1,2,,0,0,0,1,2,,6,1,0,0,0,1,4,,0,0,0,1,4,,0,0,0,1,4,,0,0,0,1,2,,0,0,0,1,2,,0,0,0,1,2,,0,0,0,1,4,,0,0,0,1,4,,0,0,0,1,4,,0,0,0,1,2,,0,0,0,1,2,,0,0,0,1,2,,0,0,0,1,4,,0,0,0,1,4,,0,0,0,1,4,,0.0,16.294766965,4,0.0,19.085239844,6
AimJunwdKhZXgTzsjuLtzM58Z43uqTugk6rNbuCkpump,518,True,3,1,0,0,0,2,0,0.0,0,0,0,2,0,0.0,0,0,0,2,0,0.0,3,1,0,0,0,2,0,0.0,0,0,0,2,0,0.0,0,0,0,2,0,0.0,0,0,0,2,0,0.0,0,0,0,2,0,0.0,0,0,0,2,0,0.0,0,0,0,2,0,0.0,0,0,0,2,0,0.0,0,0,0,2,0,0.0,0,0,0,2,0,0.0,0,0,0,2,0,0.0,0,0,0,2,0,0.0,0,0,0,2,0,0.0,0,0,0,2,0,0.0,0,0,0,2,0,0.0,0.0,0.250000001,3,0.0,0.398148147,3
84uFCrMpaCeTHny5Xug6W2zuCxpiEAs9vcAc4RaGpump,519,True,8,0,0,0,0,3,5,0.0,0,0,0,3,5,0.0,0,0,0,3,5,0.0,18,1,0,0,0,6,11,0.0,0,0,0,6,11,0.0,0,0,0,6,11,0.0,0,0,0,3,5,0.0,0,0,0,3,5,0.0,0,0,0,3,5,0.0,0,0,0,6,11,0.0,0,0,0,6,11,0.0,0,0,0,6,11,0.0,0,0,0,3,5,0.0,0,0,0,3,5,0.0,0,0,0,3,5,0.0,0,0,0,6,11,0.0,0,0,0,6,11,0.0,0,0,0,6,11,0.0,0.5,0.500000091,8,0.2222222222222222,0.500000091,18
CALLteWV44wXzXUPkUKvKKva9zUMx7txJPLFmwpkiNQe,520,True,13,0,0,0,0,5,8,0.0,0,0,0,5,8,0.0,0,0,0,5,8,0.0,16,0,0,0,0,6,10,0.0,0,0,0,6,10,0.0,0,0,0,6,10,0.0,2,0,2,3,8,0.4,2,0,2,3,8,0.4,2,0,2,3,8,0.4,3,0,3,3,10,0.5,3,0,3,3,10,0.5,3,0,3,3,10,0.5,0,0,0,5,8,0.0,0,0,0,5,8,0.0,0,0,0,5,8,0.0,0,0,0,6,10,0.0,0,0,0,6,10,0.0,0,0,0,6,10,0.0,0.0,0.0,13,0.0,0.0,16
HbCavRF1gDUY3GjefAZEQNJwRf8sNoCMuQkJEPNqpump,521,True,3,1,0,0,0,1,1,,0,0,0,1,1,,0,0,0,1,1,,3,1,0,0,0,1,1,,0,0,0,1,1,,0,0,0,1,1,,0,0,0,1,1,,0,0,0,1,1,,0,0,0,1,1,,0,0,0,1,1,,0,0,0,1,1,,0,0,0,1,1,,0,0,0,1,1,,0,0,0,1,1,,0,0,0,1,1,,0,0,0,1,1,,0,0,0,1,1,,0,0,0,1,1,,0.0,2.48148148,3,0.0,2.48148148,3
AMZ2tTod4x3vNLS5Q8eA4nU6ewkJHvtxmn6iDiPMpump,522,True,30,0,0,0,0,3,27,0.0,0,0,0,3,27,0.0,0,0,0,3,27,0.0,30,0,0,0,0,3,27,0.0,0,0,0,3,27,0.0,0,0,0,3,27,0.0,0,0,0,3,27,0.0,0,0,0,3,27,0.0,0,0,0,3,27,0.0,0,0,0,3,27,0.0,0,0,0,3,27,0.0,0,0,0,3,27,0.0,0,0,0,3,27,0.0,0,0,0,3,27,0.0,0,0,0,3,27,0.0,0,0,0,3,27,0.0,0,0,0,3,27,0.0,0,0,0,3,27,0.0,0.3157894736842105,2.962962962,38,0.2068965517241379,2.962962962,58
zWynovwESvdFc7pA1Nxjknc4p8TmciAMbrvZkyypump,523,True,3,1,0,0,0,1,1,,0,0,0,1,1,,0,0,0,1,1,,5,1,0,0,0,2,2,0.0,0,0,0,2,2,0.0,0,0,0,2,2,0.0,0,0,0,1,1,,0,0,0,1,1,,0,0,0,1,1,,0,0,0,2,2,0.0,0,0,0,2,2,0.0,0,0,0,2,2,0.0,0,0,0,1,1,,0,0,0,1,1,,0,0,0,1,1,,0,0,0,2,2,0.0,0,0,0,2,2,0.0,0,0,0,2,2,0.0,0.0,0.176987651,3,0.0,0.176987651,5
J8LfiDsEG2orrCvNq6zqMBhscXSUG9UbmjJ9kCccpump,524,True,25,0,0,0,0,6,19,0.0,0,0,0,6,19,0.0,0,0,0,6,19,0.0,30,0,0,0,0,7,23,0.0,0,0,0,7,23,0.0,0,0,0,7,23,0.0,0,0,0,6,19,0.0,0,0,0,6,19,0.0,0,0,0,6,19,0.0,0,0,0,7,23,0.0,0,0,0,7,23,0.0,0,0,0,7,23,0.0,0,0,0,6,19,0.0,0,0,0,6,19,0.0,0,0,0,6,19,0.0,0,0,0,7,23,0.0,0,0,0,7,23,0.0,0,0,0,7,23,0.0,0.2,2.0,25,0.0757575757575757,2.0,66
7QpiDt12WkMyU8niRizYEYwKoz9yR2QHU6ZxZbx3pump,525,True,5,0,0,0,0,1,4,,0,0,0,1,4,,0,0,0,1,4,,5,0,0,0,0,1,4,,0,0,0,1,4,,0,0,0,1,4,,0,0,0,1,4,,0,0,0,1,4,,0,0,0,1,4,,0,0,0,1,4,,0,0,0,1,4,,0,0,0,1,4,,0,0,0,1,4,,0,0,0,1,4,,0,0,0,1,4,,0,0,0,1,4,,0,0,0,1,4,,0,0,0,1,4,,0.4,0.98765432,5,0.4,0.98765432,5
5VQL7aJcjfWWHbmhW25AKxMZ8ErPETRR8uTnPeDDpump,526,True,9,0,0,0,0,2,7,0.0,0,0,0,2,7,0.0,0,0,0,2,7,0.0,30,0,0,0,0,4,26,0.0,0,0,0,4,26,0.0,0,0,0,4,26,0.0,0,0,0,2,7,0.0,0,0,0,2,7,0.0,0,0,0,2,7,0.0,0,0,0,4,26,0.0,0,0,0,4,26,0.0,0,0,0,4,26,0.0,0,0,0,2,7,0.0,0,0,0,2,7,0.0,0,0,0,2,7,0.0,0,0,0,4,26,0.0,0,0,0,4,26,0.0,0,0,0,4,26,0.0,0.0,3.083247688,9,0.0,3.083247688,33
GHBTvS3Fv5h4iffP8GCnVXZcHjwhRtwXEewFfEMLpump,527,True,9,0,2,2,0,5,2,0.2857142857142857,2,2,0,5,2,0.2857142857142857,2,2,0,5,2,0.2857142857142857,28,0,4,2,2,18,6,0.18181818181818182,4,2,2,18,6,0.18181818181818182,4,2,2,18,6,0.18181818181818182,5,2,3,2,2,0.7142857142857143,5,2,3,2,2,0.7142857142857143,5,2,3,2,2,0.7142857142857143,13,2,11,9,6,0.5909090909090909,13,2,11,9,6,0.5909090909090909,13,2,11,9,6,0.5909090909090909,2,2,0,5,2,0.2857142857142857,2,2,0,5,2,0.2857142857142857,2,2,0,5,2,0.2857142857142857,4,2,2,18,6,0.18181818181818182,4,2,2,18,6,0.18181818181818182,4,2,2,18,6,0.18181818181818182,0.3333333333333333,2.0,9,0.1071428571428571,2.0,28
Fyc2fmukseRMx5k2Pk4MXBpzzEbmaECBUHQDDh89pump,528,True,12,0,0,0,0,3,9,0.0,0,0,0,3,9,0.0,0,0,0,3,9,0.0,18,0,0,0,0,6,12,0.0,0,0,0,6,12,0.0,0,0,0,6,12,0.0,0,0,0,3,9,0.0,0,0,0,3,9,0.0,0,0,0,3,9,0.0,2,0,2,4,12,0.3333333333333333,2,0,2,4,12,0.3333333333333333,2,0,2,4,12,0.3333333333333333,0,0,0,3,9,0.0,0,0,0,3,9,0.0,0,0,0,3,9,0.0,0,0,0,6,12,0.0,0,0,0,6,12,0.0,0,0,0,6,12,0.0,0.1666666666666666,4.938271603,12,0.1111111111111111,4.938271603,18
2tNaDKv4rkqWnGSwESJJmDXa7dGs85EqgV7ndBHXpump,529,True,3,1,0,0,0,1,1,,0,0,0,1,1,,0,0,0,1,1,,3,1,0,0,0,1,1,,0,0,0,1,1,,0,0,0,1,1,,0,0,0,1,1,,0,0,0,1,1,,0,0,0,1,1,,0,0,0,1,1,,0,0,0,1,1,,0,0,0,1,1,,0,0,0,1,1,,0,0,0,1,1,,0,0,0,1,1,,0,0,0,1,1,,0,0,0,1,1,,0,0,0,1,1,,0.0,20.444444443,3,0.0,20.444444443,3
E8BtcnJAbv9SUvHewovgimigQmUzWpmZq8StMzZLpump,530,True,15,0,0,0,0,2,13,0.0,0,0,0,2,13,0.0,0,0,0,2,13,0.0,21,0,3,0,3,3,15,0.5,3,0,3,3,15,0.5,3,0,3,3,15,0.5,0,0,0,2,13,0.0,0,0,0,2,13,0.0,0,0,0,2,13,0.0,3,0,3,3,15,0.5,3,0,3,3,15,0.5,3,0,3,3,15,0.5,0,0,0,2,13,0.0,0,0,0,2,13,0.0,0,0,0,2,13,0.0,3,0,3,3,15,0.5,3,0,3,3,15,0.5,3,0,3,3,15,0.5,0.0666666666666666,0.98765432,15,0.0476190476190476,0.98765432,21
7mK1kHS7nJDpQtvVf5JrUL7sB5hjsva755jsXsEVpump,531,True,3,0,1,1,0,1,1,0.5,1,1,0,1,1,0.5,1,1,0,1,1,0.5,5,0,2,2,2,1,2,0.6666666666666666,2,2,2,1,2,0.6666666666666666,2,2,2,1,2,0.6666666666666666,1,1,0,1,1,0.5,1,1,0,1,1,0.5,1,1,0,1,1,0.5,2,2,2,1,2,0.6666666666666666,2,2,2,1,2,0.6666666666666666,2,2,2,1,2,0.6666666666666666,1,1,0,1,1,0.5,1,1,0,1,1,0.5,1,1,0,1,1,0.5,2,2,2,1,2,0.6666666666666666,2,2,2,1,2,0.6666666666666666,2,2,2,1,2,0.6666666666666666,0.6666666666666666,2.765432097,3,0.4,2.765432097,5
7MVDxbxo6ENiFgPMEqV23CyqvCfFDCEaLRhQRQfRpump,532,True,3,0,2,2,2,0,1,1.0,2,2,2,0,1,1.0,2,2,2,0,1,1.0,3,0,2,2,2,0,1,1.0,2,2,2,0,1,1.0,2,2,2,0,1,1.0,2,2,2,0,1,1.0,2,2,2,0,1,1.0,2,2,2,0,1,1.0,2,2,2,0,1,1.0,2,2,2,0,1,1.0,2,2,2,0,1,1.0,2,2,2,0,1,1.0,2,2,2,0,1,1.0,2,2,2,0,1,1.0,2,2,2,0,1,1.0,2,2,2,0,1,1.0,2,2,2,0,1,1.0,1.0,5.0,3,1.0,5.0,3
6XzuBDFPqgh8R5ru7XtfDqf9p644wpHe6dkpuTr7pump,533,True,4,0,0,0,0,2,2,0.0,0,0,0,2,2,0.0,0,0,0,2,2,0.0,4,0,0,0,0,2,2,0.0,0,0,0,2,2,0.0,0,0,0,2,2,0.0,0,0,0,2,2,0.0,0,0,0,2,2,0.0,0,0,0,2,2,0.0,0,0,0,2,2,0.0,0,0,0,2,2,0.0,0,0,0,2,2,0.0,0,0,0,2,2,0.0,0,0,0,2,2,0.0,0,0,0,2,2,0.0,0,0,0,2,2,0.0,0,0,0,2,2,0.0,0,0,0,2,2,0.0,0.5,0.742961801,4,0.5,0.742961801,4
DGfP9w9mEyieozWQ81KpUyJttTAh7A7zCsuxn9Gzpump,534,True,3,1,0,0,0,1,1,,0,0,0,1,1,,0,0,0,1,1,,4,1,0,0,0,2,1,0.0,0,0,0,2,1,0.0,0,0,0,2,1,0.0,0,0,0,1,1,,0,0,0,1,1,,0,0,0,1,1,,0,0,0,2,1,0.0,0,0,0,2,1,0.0,0,0,0,2,1,0.0,0,0,0,1,1,,0,0,0,1,1,,0,0,0,1,1,,0,0,0,2,1,0.0,0,0,0,2,1,0.0,0,0,0,2,1,0.0,0.0,0.74382716,3,0.0,0.74382716,4
A7g3WqWnhrh8LMahmhnW68WcYkAqxiKZKpisTA7upump,535,True,3,1,0,0,0,2,0,0.0,0,0,0,2,0,0.0,0,0,0,2,0,0.0,3,1,0,0,0,2,0,0.0,0,0,0,2,0,0.0,0,0,0,2,0,0.0,0,0,0,2,0,0.0,0,0,0,2,0,0.0,0,0,0,2,0,0.0,0,0,0,2,0,0.0,0,0,0,2,0,0.0,0,0,0,2,0,0.0,0,0,0,2,0,0.0,0,0,0,2,0,0.0,0,0,0,2,0,0.0,0,0,0,2,0,0.0,0,0,0,2,0,0.0,0,0,0,2,0,0.0,0.0,0.7926238440000001,3,0.0,0.8913892750000001,3
6Z3kcG6z5jT9PTzz4q9yVTmAhWADgsJnCTjH3dFRpump,536,True,4,1,0,0,0,1,2,,0,0,0,1,2,,0,0,0,1,2,,4,1,0,0,0,1,2,,0,0,0,1,2,,0,0,0,1,2,,0,0,0,1,2,,0,0,0,1,2,,0,0,0,1,2,,0,0,0,1,2,,0,0,0,1,2,,0,0,0,1,2,,0,0,0,1,2,,0,0,0,1,2,,0,0,0,1,2,,0,0,0,1,2,,0,0,0,1,2,,0,0,0,1,2,,0.0,0.54382716,4,0.0,0.54382716,4
4EQbcaJuRgVpPgdNFbLFYac77PXzskNAUKYd2C14pump,537,True,4,1,0,0,0,1,2,,0,0,0,1,2,,0,0,0,1,2,,5,1,0,0,0,1,3,,0,0,0,1,3,,0,0,0,1,3,,0,0,0,1,2,,0,0,0,1,2,,0,0,0,1,2,,0,0,0,1,3,,0,0,0,1,3,,0,0,0,1,3,,0,0,0,1,2,,0,0,0,1,2,,0,0,0,1,2,,0,0,0,1,3,,0,0,0,1,3,,0,0,0,1,3,,0.0,2.3222222180000003,4,0.0,5.285185174,5
DThksS4X1V6PVtawVub4G9zLMi3Fh1MgPuDGoqM8pump,538,True,27,0,0,0,0,9,18,0.0,0,0,0,9,18,0.0,0,0,0,9,18,0.0,30,0,0,0,0,9,21,0.0,0,0,0,9,21,0.0,0,0,0,9,21,0.0,2,0,2,7,18,0.2222222222222222,2,0,2,7,18,0.2222222222222222,2,0,2,7,18,0.2222222222222222,2,0,2,7,21,0.2222222222222222,2,0,2,7,21,0.2222222222222222,2,0,2,7,21,0.2222222222222222,0,0,0,9,18,0.0,0,0,0,9,18,0.0,0,0,0,9,18,0.0,0,0,0,9,21,0.0,0,0,0,9,21,0.0,0,0,0,9,21,0.0,0.4444444444444444,6.716049381,27,0.2068965517241379,6.716049381,58
6NP4yckBPut7z2vqmAFxhfU193nEHFyEE5pUrcgppump,539,True,4,0,0,0,0,0,4,,0,0,0,0,4,,0,0,0,0,4,,7,0,0,0,0,0,7,,0,0,0,0,7,,0,0,0,0,7,,0,0,0,0,4,,0,0,0,0,4,,0,0,0,0,4,,0,0,0,0,7,,0,0,0,0,7,,0,0,0,0,7,,0,0,0,0,4,,0,0,0,0,4,,0,0,0,0,4,,0,0,0,0,7,,0,0,0,0,7,,0,0,0,0,7,,0.0,1.975308641,4,0.0,1.975308641,7
4K8rReJc55VoMky52mGAheoY35sTb84BNWVsknMapump,540,True,11,0,0,0,0,1,10,,0,0,0,1,10,,0,0,0,1,10,,11,0,0,0,0,1,10,,0,0,0,1,10,,0,0,0,1,10,,0,0,0,1,10,,0,0,0,1,10,,0,0,0,1,10,,0,0,0,1,10,,0,0,0,1,10,,0,0,0,1,10,,0,0,0,1,10,,0,0,0,1,10,,0,0,0,1,10,,0,0,0,1,10,,0,0,0,1,10,,0,0,0,1,10,,0.0,5.925925924,11,0.0,5.925925924,11
CzbMtvPDtD28S1d7yWtGPMkWX31ewozHvca8JXjJnJ7T,541,True,3,0,0,0,0,1,2,,0,0,0,1,2,,0,0,0,1,2,,3,0,0,0,0,1,2,,0,0,0,1,2,,0,0,0,1,2,,0,0,0,1,2,,0,0,0,1,2,,0,0,0,1,2,,0,0,0,1,2,,0,0,0,1,2,,0,0,0,1,2,,0,0,0,1,2,,0,0,0,1,2,,0,0,0,1,2,,0,0,0,1,2,,0,0,0,1,2,,0,0,0,1,2,,0.6666666666666666,1.261599863,3,0.6666666666666666,1.261599863,3
9v4Cd1Dnkke6GTiLjkzdWGNBjyAnedaKN1yggLSapump,542,True,4,1,0,0,0,1,2,,0,0,0,1,2,,0,0,0,1,2,,4,1,0,0,0,1,2,,0,0,0,1,2,,0,0,0,1,2,,0,0,0,1,2,,0,0,0,1,2,,0,0,0,1,2,,0,0,0,1,2,,0,0,0,1,2,,0,0,0,1,2,,0,0,0,1,2,,0,0,0,1,2,,0,0,0,1,2,,0,0,0,1,2,,0,0,0,1,2,,0,0,0,1,2,,0.0,0.198148147,4,0.0,0.198148147,4
G5ostQfNiwDC7RyiTKmLF8wzF54QtSUBL8bKUNA3pump,543,True,8,1,0,0,0,4,3,0.0,0,0,0,4,3,0.0,0,0,0,4,3,0.0,10,1,0,0,0,4,5,0.0,0,0,0,4,5,0.0,0,0,0,4,5,0.0,0,0,0,4,3,0.0,0,0,0,4,3,0.0,0,0,0,4,3,0.0,0,0,0,4,5,0.0,0,0,0,4,5,0.0,0,0,0,4,5,0.0,0,0,0,4,3,0.0,0,0,0,4,3,0.0,0,0,0,4,3,0.0,0,0,0,4,5,0.0,0,0,0,4,5,0.0,0,0,0,4,5,0.0,0.0,0.064067115,8,0.0,0.0679782229999999,10
GpwdmBKvwCzKG5vvUebG8HE8rbrGmH1FrJUwV2wbpump,544,True,17,0,0,0,0,10,7,0.0,0,0,0,10,7,0.0,0,0,0,10,7,0.0,19,0,0,0,0,11,8,0.0,0,0,0,11,8,0.0,0,0,0,11,8,0.0,3,3,3,7,7,0.3,3,3,3,7,7,0.3,3,3,3,7,7,0.3,3,3,3,8,8,0.2727272727272727,3,3,3,8,8,0.2727272727272727,3,3,3,8,8,0.2727272727272727,0,0,0,10,7,0.0,0,0,0,10,7,0.0,0,0,0,10,7,0.0,0,0,0,11,8,0.0,0,0,0,11,8,0.0,0,0,0,11,8,0.0,0.3529411764705882,1.55,17,0.3157894736842105,1.55,19
AyoG3UT34ij1SvK1JT4cVso6pDvRCXqLuRa64ofqpump,545,True,16,0,0,0,0,1,15,,0,0,0,1,15,,0,0,0,1,15,,30,0,0,0,0,4,26,0.0,0,0,0,4,26,0.0,0,0,0,4,26,0.0,0,0,0,1,15,,0,0,0,1,15,,0,0,0,1,15,,4,0,4,0,26,1.0,4,0,4,0,26,1.0,4,0,4,0,26,1.0,0,0,0,1,15,,0,0,0,1,15,,0,0,0,1,15,,0,0,0,4,26,0.0,0,0,0,4,26,0.0,0,0,0,4,26,0.0,0.0,0.410064072,16,0.0,0.410064072,32
7Pk14rpgjCFDtSMbN9RKAp6wZUJ2YHQdAaniPfPhpump,546,True,3,1,0,0,0,0,2,,0,0,0,0,2,,0,0,0,0,2,,3,1,0,0,0,0,2,,0,0,0,0,2,,0,0,0,0,2,,0,0,0,0,2,,0,0,0,0,2,,0,0,0,0,2,,0,0,0,0,2,,0,0,0,0,2,,0,0,0,0,2,,0,0,0,0,2,,0,0,0,0,2,,0,0,0,0,2,,0,0,0,0,2,,0,0,0,0,2,,0,0,0,0,2,,0.6666666666666666,3.950617282,3,0.6666666666666666,3.950617282,3
AqjfJ8fdPeiKns5xCVVV2EbJGyN1sbzswaq9WcQ3pump,547,True,3,0,0,0,0,0,3,,0,0,0,0,3,,0,0,0,0,3,,3,0,0,0,0,0,3,,0,0,0,0,3,,0,0,0,0,3,,0,0,0,0,3,,0,0,0,0,3,,0,0,0,0,3,,0,0,0,0,3,,0,0,0,0,3,,0,0,0,0,3,,0,0,0,0,3,,0,0,0,0,3,,0,0,0,0,3,,0,0,0,0,3,,0,0,0,0,3,,0,0,0,0,3,,1.0,1.5,3,1.0,1.5,3
EvFEuLrqkZeAsooSZXwFn4bNK9oLQ41GeSDP1g56pump,548,True,30,0,2,2,2,13,15,0.13333333333333333,2,2,2,13,15,0.13333333333333333,2,2,2,13,15,0.13333333333333333,30,0,2,2,2,13,15,0.13333333333333333,2,2,2,13,15,0.13333333333333333,2,2,2,13,15,0.13333333333333333,8,2,8,7,15,0.5333333333333333,8,2,8,7,15,0.5333333333333333,8,2,8,7,15,0.5333333333333333,8,2,8,7,15,0.5333333333333333,8,2,8,7,15,0.5333333333333333,8,2,8,7,15,0.5333333333333333,2,2,2,13,15,0.13333333333333333,2,2,2,13,15,0.13333333333333333,2,2,2,13,15,0.13333333333333333,2,2,2,13,15,0.13333333333333333,2,2,2,13,15,0.13333333333333333,2,2,2,13,15,0.13333333333333333,0.064516129032258,1.97530864,31,0.0317460317460317,1.97530864,63
8pPDgCsM4A2KKDweRSEGMFFRXkuiqeSYVPkQJWCipump,549,True,8,0,0,0,0,2,6,0.0,0,0,0,2,6,0.0,0,0,0,2,6,0.0,27,0,5,0,5,8,14,0.38461538461538464,5,0,5,8,14,0.38461538461538464,5,0,5,8,14,0.38461538461538464,0,0,0,2,6,0.0,0,0,0,2,6,0.0,0,0,0,2,6,0.0,5,0,5,8,14,0.38461538461538464,5,0,5,8,14,0.38461538461538464,5,0,5,8,14,0.38461538461538464,0,0,0,2,6,0.0,0,0,0,2,6,0.0,0,0,0,2,6,0.0,5,0,5,8,14,0.38461538461538464,5,0,5,8,14,0.38461538461538464,5,0,5,8,14,0.38461538461538464,0.375,5.0,8,0.1111111111111111,5.0,27
EFzb6LXag5pZvkBYhT4n9LWGr5tD9upivcf9i8dGpump,550,True,10,0,0,0,0,2,8,0.0,0,0,0,2,8,0.0,0,0,0,2,8,0.0,11,0,0,0,0,2,9,0.0,0,0,0,2,9,0.0,0,0,0,2,9,0.0,0,0,0,2,8,0.0,0,0,0,2,8,0.0,0,0,0,2,8,0.0,0,0,0,2,9,0.0,0,0,0,2,9,0.0,0,0,0,2,9,0.0,0,0,0,2,8,0.0,0,0,0,2,8,0.0,0,0,0,2,8,0.0,0,0,0,2,9,0.0,0,0,0,2,9,0.0,0,0,0,2,9,0.0,0.1,1.46627566,10,0.0909090909090909,1.46627566,11
78bVabkUgRGMRpfdMeQuK12Dmn4NfF78HXpRyZXDpump,551,True,7,0,0,0,0,3,4,0.0,0,0,0,3,4,0.0,0,0,0,3,4,0.0,7,0,0,0,0,3,4,0.0,0,0,0,3,4,0.0,0,0,0,3,4,0.0,1,1,0,2,4,0.3333333333333333,1,1,0,2,4,0.3333333333333333,1,1,0,2,4,0.3333333333333333,1,1,0,2,4,0.3333333333333333,1,1,0,2,4,0.3333333333333333,1,1,0,2,4,0.3333333333333333,0,0,0,3,4,0.0,0,0,0,3,4,0.0,0,0,0,3,4,0.0,0,0,0,3,4,0.0,0,0,0,3,4,0.0,0,0,0,3,4,0.0,0.8571428571428571,0.98765432,7,0.8571428571428571,0.98765432,7
6KDh3wLSZMg37nnU7prtKZr7Rut7WQGSf33Vp1G7pump,552,True,5,0,0,0,0,3,2,0.0,0,0,0,3,2,0.0,0,0,0,3,2,0.0,6,0,0,0,0,4,2,0.0,0,0,0,4,2,0.0,0,0,0,4,2,0.0,0,0,0,3,2,0.0,0,0,0,3,2,0.0,0,0,0,3,2,0.0,0,0,0,4,2,0.0,0,0,0,4,2,0.0,0,0,0,4,2,0.0,0,0,0,3,2,0.0,0,0,0,3,2,0.0,0,0,0,3,2,0.0,0,0,0,4,2,0.0,0,0,0,4,2,0.0,0,0,0,4,2,0.0,0.0,0.98765432,5,0.0,0.98765432,6
Afq2mBPCoX3cdFdjFfu7x3DkLJjBscmMKWWtQDoopump,553,True,10,0,0,0,0,8,2,0.0,0,0,0,8,2,0.0,0,0,0,8,2,0.0,30,0,0,0,0,27,3,0.0,0,0,0,27,3,0.0,0,0,0,27,3,0.0,0,0,0,8,2,0.0,0,0,0,8,2,0.0,0,0,0,8,2,0.0,0,0,0,27,3,0.0,0,0,0,27,3,0.0,0,0,0,27,3,0.0,0,0,0,8,2,0.0,0,0,0,8,2,0.0,0,0,0,8,2,0.0,0,0,0,27,3,0.0,0,0,0,27,3,0.0,0,0,0,27,3,0.0,0.2,2.962962962,10,0.0512820512820512,2.962962962,39
k7N3qFFvTYZzsbJECx9k6LYVvxBGk6TocF8kzL9pump,554,True,30,0,2,0,2,8,20,0.2,2,0,2,8,20,0.2,2,0,2,8,20,0.2,30,0,2,0,2,8,20,0.2,2,0,2,8,20,0.2,2,0,2,8,20,0.2,4,0,4,6,20,0.4,4,0,4,6,20,0.4,4,0,4,6,20,0.4,4,0,4,6,20,0.4,4,0,4,6,20,0.4,4,0,4,6,20,0.4,2,0,2,8,20,0.2,2,0,2,8,20,0.2,2,0,2,8,20,0.2,2,0,2,8,20,0.2,2,0,2,8,20,0.2,2,0,2,8,20,0.2,0.0,0.009876542,47,0.0,0.009876542,66
38eYL1pbDFxYyesUS64yqsY6JXHqt4HdfC7CFD9gpump,555,True,30,0,0,0,0,7,23,0.0,0,0,0,7,23,0.0,0,0,0,7,23,0.0,30,0,0,0,0,7,23,0.0,0,0,0,7,23,0.0,0,0,0,7,23,0.0,0,0,0,7,23,0.0,0,0,0,7,23,0.0,0,0,0,7,23,0.0,0,0,0,7,23,0.0,0,0,0,7,23,0.0,0,0,0,7,23,0.0,0,0,0,7,23,0.0,0,0,0,7,23,0.0,0,0,0,7,23,0.0,0,0,0,7,23,0.0,0,0,0,7,23,0.0,0,0,0,7,23,0.0,0.0,3.950617282,34,0.0,3.950617282,40
GkTwSbm1Hcy1yT12VdXv9UYZF4uud26CRfYh5EvVpump,556,True,3,1,0,0,0,2,0,0.0,0,0,0,2,0,0.0,0,0,0,2,0,0.0,5,1,0,0,0,3,1,0.0,0,0,0,3,1,0.0,0,0,0,3,1,0.0,0,0,0,2,0,0.0,0,0,0,2,0,0.0,0,0,0,2,0,0.0,0,0,0,3,1,0.0,0,0,0,3,1,0.0,0,0,0,3,1,0.0,0,0,0,2,0,0.0,0,0,0,2,0,0.0,0,0,0,2,0,0.0,0,0,0,3,1,0.0,0,0,0,3,1,0.0,0,0,0,3,1,0.0,0.0,0.8859259239999999,3,0.0,1.179259257,5
89tYegEbCb6oDfxeRyKV6qgwLWmo2S9ur7Sw81zpump,557,True,4,0,0,0,0,0,4,,0,0,0,0,4,,0,0,0,0,4,,4,0,0,0,0,0,4,,0,0,0,0,4,,0,0,0,0,4,,0,0,0,0,4,,0,0,0,0,4,,0,0,0,0,4,,0,0,0,0,4,,0,0,0,0,4,,0,0,0,0,4,,0,0,0,0,4,,0,0,0,0,4,,0,0,0,0,4,,0,0,0,0,4,,0,0,0,0,4,,0,0,0,0,4,,1.0,0.009876542,4,1.0,0.009876542,4
HT2RcD2ULja3cTESVFuRrvgw6Tf4uAh9k2YvQb3Spump,558,True,12,0,2,0,2,6,4,0.25,4,0,4,0,8,1.0,4,0,4,0,8,1.0,18,0,2,0,2,10,6,0.16666666666666666,5,0,5,0,13,1.0,5,0,5,0,13,1.0,2,0,2,6,4,0.25,4,0,4,0,8,1.0,4,0,4,0,8,1.0,2,0,2,10,6,0.16666666666666666,5,0,5,0,13,1.0,5,0,5,0,13,1.0,2,0,2,6,4,0.25,4,0,4,0,8,1.0,4,0,4,0,8,1.0,2,0,2,10,6,0.16666666666666666,5,0,5,0,13,1.0,5,0,5,0,13,1.0,0.1666666666666666,1.3,12,0.1111111111111111,1.3,18
DXeerLQ1EDsz5rUpEAPStLTHYXQgAa9pJrd3XBAm7CE1,559,True,9,0,0,0,0,2,7,0.0,0,0,0,2,7,0.0,0,0,0,2,7,0.0,18,0,0,0,0,6,12,0.0,0,0,0,6,12,0.0,0,0,0,6,12,0.0,0,0,0,2,7,0.0,0,0,0,2,7,0.0,0,0,0,2,7,0.0,2,0,2,4,12,0.3333333333333333,2,0,2,4,12,0.3333333333333333,2,0,2,4,12,0.3333333333333333,0,0,0,2,7,0.0,0,0,0,2,7,0.0,0,0,0,2,7,0.0,0,0,0,6,12,0.0,0,0,0,6,12,0.0,0,0,0,6,12,0.0,0.1111111111111111,6.0,9,0.0555555555555555,6.0,18
H494WKXNbdM1sgkMCavhfWqRapnon5uWu9BFb6S7pump,560,True,4,1,0,0,0,0,3,,0,0,0,0,3,,0,0,0,0,3,,5,1,0,0,0,1,3,,0,0,0,1,3,,0,0,0,1,3,,0,0,0,0,3,,0,0,0,0,3,,0,0,0,0,3,,0,0,0,1,3,,0,0,0,1,3,,0,0,0,1,3,,0,0,0,0,3,,0,0,0,0,3,,0,0,0,0,3,,0,0,0,1,3,,0,0,0,1,3,,0,0,0,1,3,,0.0,5.950617283,4,0.0,9.901234565,5
5yMtYmzHN3DwfdCgtw8hFQC33AzT76QBYs4q7wq9pump,561,True,14,0,0,0,0,4,10,0.0,0,0,0,4,10,0.0,0,0,0,4,10,0.0,30,0,0,0,0,5,25,0.0,0,0,0,5,25,0.0,0,0,0,5,25,0.0,0,0,0,4,10,0.0,0,0,0,4,10,0.0,0,0,0,4,10,0.0,0,0,0,5,25,0.0,0,0,0,5,25,0.0,0,0,0,5,25,0.0,0,0,0,4,10,0.0,0,0,0,4,10,0.0,0,0,0,4,10,0.0,0,0,0,5,25,0.0,0,0,0,5,25,0.0,0,0,0,5,25,0.0,0.5,0.039500008,14,0.1842105263157894,0.048825267,38
GRMp277NAMg8pa9PzaxKEeHwXAhQGg5oaqEBZ9x3pump,562,True,5,1,0,0,0,2,2,0.0,0,0,0,2,2,0.0,0,0,0,2,2,0.0,5,1,0,0,0,2,2,0.0,0,0,0,2,2,0.0,0,0,0,2,2,0.0,0,0,0,2,2,0.0,0,0,0,2,2,0.0,0,0,0,2,2,0.0,0,0,0,2,2,0.0,0,0,0,2,2,0.0,0,0,0,2,2,0.0,0,0,0,2,2,0.0,0,0,0,2,2,0.0,0,0,0,2,2,0.0,0,0,0,2,2,0.0,0,0,0,2,2,0.0,0,0,0,2,2,0.0,0.0,2.450360491,5,0.0,2.450360491,5
CLPAnV9cR1y7vye2ct66uu7fbB9acp6Ld5FUnjoGpump,563,True,5,0,5,0,5,0,0,1.0,5,0,5,0,0,1.0,0,0,0,0,5,,14,0,14,0,14,0,0,1.0,14,0,14,0,0,1.0,0,0,0,0,14,,5,0,5,0,0,1.0,5,0,5,0,0,1.0,0,0,0,0,5,,14,0,14,0,0,1.0,14,0,14,0,0,1.0,0,0,0,0,14,,5,0,5,0,0,1.0,5,0,5,0,0,1.0,0,0,0,0,5,,14,0,14,0,0,1.0,14,0,14,0,0,1.0,0,0,0,0,14,,0.0,2.475,5,0.0,2.475,14
5HmP7aVUxdkwvxqZ9CzpgWSM3AhK1osQxYoh4BXhpump,564,True,3,1,0,0,0,1,1,,0,0,0,1,1,,0,0,0,1,1,,3,1,0,0,0,1,1,,0,0,0,1,1,,0,0,0,1,1,,0,0,0,1,1,,0,0,0,1,1,,0,0,0,1,1,,0,0,0,1,1,,0,0,0,1,1,,0,0,0,1,1,,0,0,0,1,1,,0,0,0,1,1,,0,0,0,1,1,,0,0,0,1,1,,0,0,0,1,1,,0,0,0,1,1,,0.0,1.037037032,3,0.0,1.037037032,3
DndQUuo3MVUn1KWDwW1DrvKqPdVeWvFvMeBSzZhypump,565,True,6,0,0,0,0,3,3,0.0,0,0,0,3,3,0.0,0,0,0,3,3,0.0,6,0,0,0,0,3,3,0.0,0,0,0,3,3,0.0,0,0,0,3,3,0.0,0,0,0,3,3,0.0,0,0,0,3,3,0.0,0,0,0,3,3,0.0,0,0,0,3,3,0.0,0,0,0,3,3,0.0,0,0,0,3,3,0.0,0,0,0,3,3,0.0,0,0,0,3,3,0.0,0,0,0,3,3,0.0,0,0,0,3,3,0.0,0,0,0,3,3,0.0,0,0,0,3,3,0.0,0.1666666666666666,9.86e-07,6,0.1666666666666666,9.86e-07,6
RNpE75BGjNfZ6EwUhkDfiPaTxDaPWiGssfb1Wo9pump,566,True,8,0,0,0,0,3,5,0.0,0,0,0,3,5,0.0,0,0,0,3,5,0.0,17,0,2,0,2,5,10,0.2857142857142857,2,0,2,5,10,0.2857142857142857,2,0,2,5,10,0.2857142857142857,0,0,0,3,5,0.0,0,0,0,3,5,0.0,0,0,0,3,5,0.0,2,0,2,5,10,0.2857142857142857,2,0,2,5,10,0.2857142857142857,2,0,2,5,10,0.2857142857142857,0,0,0,3,5,0.0,0,0,0,3,5,0.0,0,0,0,3,5,0.0,2,0,2,5,10,0.2857142857142857,2,0,2,5,10,0.2857142857142857,2,0,2,5,10,0.2857142857142857,0.125,0.661728394,8,0.0588235294117647,0.661728394,17
6j1osrFq7qK8kuEjnszXtc9zL2DJRsSNWwz8kG81zYG1,567,True,14,0,0,0,0,0,14,,0,0,0,0,14,,0,0,0,0,14,,19,0,0,0,0,2,17,0.0,0,0,0,2,17,0.0,0,0,0,2,17,0.0,0,0,0,0,14,,0,0,0,0,14,,0,0,0,0,14,,0,0,0,2,17,0.0,0,0,0,2,17,0.0,0,0,0,2,17,0.0,0,0,0,0,14,,0,0,0,0,14,,0,0,0,0,14,,0,0,0,2,17,0.0,0,0,0,2,17,0.0,0,0,0,2,17,0.0,0.3571428571428571,3.960396039,14,0.2631578947368421,3.960396039,19
HGhjg2wfBi1zqqbr44MuQMX3A28CzjSM65vQAFiVpump,568,True,3,1,0,0,0,0,2,,0,0,0,0,2,,0,0,0,0,2,,3,1,0,0,0,0,2,,0,0,0,0,2,,0,0,0,0,2,,0,0,0,0,2,,0,0,0,0,2,,0,0,0,0,2,,0,0,0,0,2,,0,0,0,0,2,,0,0,0,0,2,,0,0,0,0,2,,0,0,0,0,2,,0,0,0,0,2,,0,0,0,0,2,,0,0,0,0,2,,0,0,0,0,2,,0.0,0.050084894,3,0.0,0.050084894,3
6wgnRTH5uqtRNaLdd2LTSn4ojYijbyAEUdJJsCx4pump,569,True,3,0,1,1,0,0,2,,1,1,0,0,2,,1,1,0,0,2,,3,0,1,1,0,0,2,,1,1,0,0,2,,1,1,0,0,2,,1,1,0,0,2,,1,1,0,0,2,,1,1,0,0,2,,1,1,0,0,2,,1,1,0,0,2,,1,1,0,0,2,,1,1,0,0,2,,1,1,0,0,2,,1,1,0,0,2,,1,1,0,0,2,,1,1,0,0,2,,1,1,0,0,2,,0.0,0.98765432,3,0.0,0.98765432,3
8TkYZf7Sg9qmfcfrxXJpV3nRRPbwkKAomq7DZ1ERHHdv,570,True,4,0,2,2,2,1,1,0.6666666666666666,2,2,2,1,1,0.6666666666666666,2,2,2,1,1,0.6666666666666666,4,0,2,2,2,1,1,0.6666666666666666,2,2,2,1,1,0.6666666666666666,2,2,2,1,1,0.6666666666666666,2,2,2,1,1,0.6666666666666666,2,2,2,1,1,0.6666666666666666,2,2,2,1,1,0.6666666666666666,2,2,2,1,1,0.6666666666666666,2,2,2,1,1,0.6666666666666666,2,2,2,1,1,0.6666666666666666,2,2,2,1,1,0.6666666666666666,2,2,2,1,1,0.6666666666666666,2,2,2,1,1,0.6666666666666666,2,2,2,1,1,0.6666666666666666,2,2,2,1,1,0.6666666666666666,2,2,2,1,1,0.6666666666666666,0.0,8.999999999,4,0.0,8.999999999,4
BmFJVy4wShyb5NdSpPMAMpUmkXNnMVNxT8r1ER96pump,571,True,11,0,0,0,0,5,6,0.0,0,0,0,5,6,0.0,0,0,0,5,6,0.0,20,1,3,0,3,8,8,0.2727272727272727,3,0,3,8,8,0.2727272727272727,3,0,3,8,8,0.2727272727272727,0,0,0,5,6,0.0,0,0,0,5,6,0.0,0,0,0,5,6,0.0,5,0,5,6,8,0.45454545454545453,5,0,5,6,8,0.45454545454545453,5,0,5,6,8,0.45454545454545453,0,0,0,5,6,0.0,0,0,0,5,6,0.0,0,0,0,5,6,0.0,3,0,3,8,8,0.2727272727272727,3,0,3,8,8,0.2727272727272727,3,0,3,8,8,0.2727272727272727,0.2727272727272727,3.3,11,0.15,3.3,20
Ei7vnrRPvLSt6cawhhmtsKUEiaxLwjf1rHbQPQcbpump,572,True,8,0,0,0,0,0,8,,0,0,0,0,8,,0,0,0,0,8,,18,0,4,4,3,5,9,0.4444444444444444,4,4,3,5,9,0.4444444444444444,4,4,3,5,9,0.4444444444444444,0,0,0,0,8,,0,0,0,0,8,,0,0,0,0,8,,4,4,3,5,9,0.4444444444444444,4,4,3,5,9,0.4444444444444444,4,4,3,5,9,0.4444444444444444,0,0,0,0,8,,0,0,0,0,8,,0,0,0,0,8,,4,4,3,5,9,0.4444444444444444,4,4,3,5,9,0.4444444444444444,4,4,3,5,9,0.4444444444444444,0.375,2.92028148,8,0.1666666666666666,2.92028148,18
HUQjCnQ3C9FJw82p2gnrKd9JqQwq3LZ4CEyizhUipump,573,True,7,0,0,0,0,5,2,0.0,0,0,0,5,2,0.0,0,0,0,5,2,0.0,30,0,0,0,0,27,3,0.0,0,0,0,27,3,0.0,0,0,0,27,3,0.0,0,0,0,5,2,0.0,0,0,0,5,2,0.0,0,0,0,5,2,0.0,0,0,0,27,3,0.0,0,0,0,27,3,0.0,0,0,0,27,3,0.0,0,0,0,5,2,0.0,0,0,0,5,2,0.0,0,0,0,5,2,0.0,0,0,0,27,3,0.0,0,0,0,27,3,0.0,0,0,0,27,3,0.0,0.7142857142857143,1.975308641,7,0.1388888888888889,1.975308641,36
DAooj4y7dTRtzrKEqESxVxei3mZgyaRY6yVWP9VNpump,574,True,3,1,0,0,0,0,2,,0,0,0,0,2,,0,0,0,0,2,,3,1,0,0,0,0,2,,0,0,0,0,2,,0,0,0,0,2,,0,0,0,0,2,,0,0,0,0,2,,0,0,0,0,2,,0,0,0,0,2,,0,0,0,0,2,,0,0,0,0,2,,0,0,0,0,2,,0,0,0,0,2,,0,0,0,0,2,,0,0,0,0,2,,0,0,0,0,2,,0,0,0,0,2,,0.0,1.4774715980000002,3,0.0,1.4774715980000002,3
3aWPVKx8NnGTsvowhPHj4qoYBDH2bXWY99NiyEMApump,575,True,3,1,0,0,0,1,1,,0,0,0,1,1,,0,0,0,1,1,,3,1,0,0,0,1,1,,0,0,0,1,1,,0,0,0,1,1,,0,0,0,1,1,,0,0,0,1,1,,0,0,0,1,1,,0,0,0,1,1,,0,0,0,1,1,,0,0,0,1,1,,0,0,0,1,1,,0,0,0,1,1,,0,0,0,1,1,,0,0,0,1,1,,0,0,0,1,1,,0,0,0,1,1,,0.0,1.700000001,3,0.0,1.700000001,3
94tSrJ45Z2atCMgWKNsMTGiccYynpR2aEQ7YKcqHpump,576,True,3,0,0,0,0,1,2,,0,0,0,1,2,,0,0,0,1,2,,3,0,0,0,0,1,2,,0,0,0,1,2,,0,0,0,1,2,,0,0,0,1,2,,0,0,0,1,2,,0,0,0,1,2,,0,0,0,1,2,,0,0,0,1,2,,0,0,0,1,2,,0,0,0,1,2,,0,0,0,1,2,,0,0,0,1,2,,0,0,0,1,2,,0,0,0,1,2,,0,0,0,1,2,,0.6666666666666666,5.0,3,0.6666666666666666,5.0,3
44dUZXbkSQ1gWtSxDZJDwUJMETSRgF7QvEJEL2Jtpump,577,True,3,1,0,0,0,1,1,,0,0,0,1,1,,0,0,0,1,1,,3,1,0,0,0,1,1,,0,0,0,1,1,,0,0,0,1,1,,0,0,0,1,1,,0,0,0,1,1,,0,0,0,1,1,,0,0,0,1,1,,0,0,0,1,1,,0,0,0,1,1,,0,0,0,1,1,,0,0,0,1,1,,0,0,0,1,1,,0,0,0,1,1,,0,0,0,1,1,,0,0,0,1,1,,0.0,0.850000001,3,0.0,0.850000001,3
DRatwNDQE6Xx4y5SVSkU7HU6Rm66MCDMGzNR2Hnwpump,578,True,6,0,0,0,0,0,6,,0,0,0,0,6,,0,0,0,0,6,,7,0,1,1,0,0,6,,1,1,0,0,6,,1,1,0,0,6,,0,0,0,0,6,,0,0,0,0,6,,0,0,0,0,6,,1,1,0,0,6,,1,1,0,0,6,,1,1,0,0,6,,0,0,0,0,6,,0,0,0,0,6,,0,0,0,0,6,,1,1,0,0,6,,1,1,0,0,6,,1,1,0,0,6,,0.6666666666666666,1.876543208,6,0.5714285714285714,1.876543208,7
5wzxqhpfuiVXTX817tt6ULLSUMf3bQzq4TRfTEyMpump,579,True,25,0,0,0,0,6,19,0.0,0,0,0,6,19,0.0,0,0,0,6,19,0.0,30,0,0,0,0,11,19,0.0,0,0,0,11,19,0.0,0,0,0,11,19,0.0,4,0,4,2,19,0.6666666666666666,4,0,4,2,19,0.6666666666666666,4,0,4,2,19,0.6666666666666666,6,0,6,5,19,0.5454545454545454,6,0,6,5,19,0.5454545454545454,6,0,6,5,19,0.5454545454545454,0,0,0,6,19,0.0,0,0,0,6,19,0.0,0,0,0,6,19,0.0,0,0,0,11,19,0.0,0,0,0,11,19,0.0,0,0,0,11,19,0.0,0.04,2.962962962,25,0.0217391304347826,2.962962962,46
uWyPVaDw8uoCmsTfmgBnp1M5eosvwF37UYtqktQpump,580,True,3,1,0,0,0,2,0,0.0,0,0,0,2,0,0.0,0,0,0,2,0,0.0,4,1,0,0,0,2,1,0.0,0,0,0,2,1,0.0,0,0,0,2,1,0.0,0,0,0,2,0,0.0,0,0,0,2,0,0.0,0,0,0,2,0,0.0,0,0,0,2,1,0.0,0,0,0,2,1,0.0,0,0,0,2,1,0.0,0,0,0,2,0,0.0,0,0,0,2,0,0.0,0,0,0,2,0,0.0,0,0,0,2,1,0.0,0,0,0,2,1,0.0,0,0,0,2,1,0.0,0.0,21.72839506,3,0.0,21.72839506,4
9enx1QYuU36xMuBrJhnwbL275fEqiVW4k6TYY2RVpump,581,True,3,0,0,0,0,1,2,,0,0,0,1,2,,0,0,0,1,2,,7,0,2,2,0,1,4,0.6666666666666666,2,2,0,1,4,0.6666666666666666,2,2,0,1,4,0.6666666666666666,0,0,0,1,2,,0,0,0,1,2,,0,0,0,1,2,,2,2,0,1,4,0.6666666666666666,2,2,0,1,4,0.6666666666666666,2,2,0,1,4,0.6666666666666666,0,0,0,1,2,,0,0,0,1,2,,0,0,0,1,2,,2,2,0,1,4,0.6666666666666666,2,2,0,1,4,0.6666666666666666,2,2,0,1,4,0.6666666666666666,0.3333333333333333,1.97530864,3,0.1428571428571428,1.97530864,7
ARDessXHeQ9iNZhoVY1S1u5P2QT4qWBu82gbkUAFpump,582,True,7,0,0,0,0,0,7,,0,0,0,0,7,,0,0,0,0,7,,10,0,0,0,0,0,10,,0,0,0,0,10,,0,0,0,0,10,,0,0,0,0,7,,0,0,0,0,7,,0,0,0,0,7,,0,0,0,0,10,,0,0,0,0,10,,0,0,0,0,10,,0,0,0,0,7,,0,0,0,0,7,,0,0,0,0,7,,0,0,0,0,10,,0,0,0,0,10,,0,0,0,0,10,,0.4285714285714285,2.0,7,0.3,2.0,10
CCxJGFUPnrqDcHZRXPuu4QtoqpZmCt4dQebPSR54pump,583,True,4,0,0,0,0,3,1,0.0,0,0,0,3,1,0.0,0,0,0,3,1,0.0,4,0,0,0,0,3,1,0.0,0,0,0,3,1,0.0,0,0,0,3,1,0.0,0,0,0,3,1,0.0,0,0,0,3,1,0.0,0,0,0,3,1,0.0,0,0,0,3,1,0.0,0,0,0,3,1,0.0,0,0,0,3,1,0.0,0,0,0,3,1,0.0,0,0,0,3,1,0.0,0,0,0,3,1,0.0,0,0,0,3,1,0.0,0,0,0,3,1,0.0,0,0,0,3,1,0.0,1.0,0.0,4,1.0,0.0,4
84odF1LoGHDTSh3wfNkWdQoguGideEvEYZVE8fQfpump,584,True,4,1,0,0,0,0,3,,0,0,0,0,3,,0,0,0,0,3,,7,1,0,0,0,2,4,0.0,0,0,0,2,4,0.0,0,0,0,2,4,0.0,0,0,0,0,3,,0,0,0,0,3,,0,0,0,0,3,,0,0,0,2,4,0.0,0,0,0,2,4,0.0,0,0,0,2,4,0.0,0,0,0,0,3,,0,0,0,0,3,,0,0,0,0,3,,0,0,0,2,4,0.0,0,0,0,2,4,0.0,0,0,0,2,4,0.0,0.0,0.493827159,4,0.0,0.493827159,7
7dNQpy9DPrYW34SSPUFUskN8KuWKEe2nECAeidswpump,585,True,5,0,0,0,0,2,3,0.0,0,0,0,2,3,0.0,0,0,0,2,3,0.0,5,0,0,0,0,2,3,0.0,0,0,0,2,3,0.0,0,0,0,2,3,0.0,0,0,0,2,3,0.0,0,0,0,2,3,0.0,0,0,0,2,3,0.0,0,0,0,2,3,0.0,0,0,0,2,3,0.0,0,0,0,2,3,0.0,0,0,0,2,3,0.0,0,0,0,2,3,0.0,0,0,0,2,3,0.0,0,0,0,2,3,0.0,0,0,0,2,3,0.0,0,0,0,2,3,0.0,0.6,0.493827159,5,0.6,0.493827159,5
YXcY4EgP3FWMtL7CmnWyALtJy1VeSDE5XsZZFhUpump,586,True,4,1,0,0,0,0,3,,0,0,0,0,3,,0,0,0,0,3,,4,1,0,0,0,0,3,,0,0,0,0,3,,0,0,0,0,3,,0,0,0,0,3,,0,0,0,0,3,,0,0,0,0,3,,0,0,0,0,3,,0,0,0,0,3,,0,0,0,0,3,,0,0,0,0,3,,0,0,0,0,3,,0,0,0,0,3,,0,0,0,0,3,,0,0,0,0,3,,0,0,0,0,3,,0.0,25.272697718,4,0.0,27.434394735,4
F4Qy5T2k95keGcutQC99kSqAM4JasAJvidd9VC7dpump,587,True,4,0,0,0,0,3,1,0.0,0,0,0,3,1,0.0,0,0,0,3,1,0.0,4,0,0,0,0,3,1,0.0,0,0,0,3,1,0.0,0,0,0,3,1,0.0,0,0,0,3,1,0.0,0,0,0,3,1,0.0,0,0,0,3,1,0.0,0,0,0,3,1,0.0,0,0,0,3,1,0.0,0,0,0,3,1,0.0,0,0,0,3,1,0.0,0,0,0,3,1,0.0,0,0,0,3,1,0.0,0,0,0,3,1,0.0,0,0,0,3,1,0.0,0,0,0,3,1,0.0,0.75,1.0,4,0.75,1.0,4
CXPhfaAj8e1xoaurW4uKH4n6ddY6TFcdxPmsJqXnpump,588,True,30,0,7,3,7,6,17,0.5384615384615384,7,3,7,6,17,0.5384615384615384,7,3,7,6,17,0.5384615384615384,30,0,7,3,7,6,17,0.5384615384615384,7,3,7,6,17,0.5384615384615384,7,3,7,6,17,0.5384615384615384,9,3,9,4,17,0.6923076923076923,9,3,9,4,17,0.6923076923076923,9,3,9,4,17,0.6923076923076923,9,3,9,4,17,0.6923076923076923,9,3,9,4,17,0.6923076923076923,9,3,9,4,17,0.6923076923076923,7,3,7,6,17,0.5384615384615384,7,3,7,6,17,0.5384615384615384,7,3,7,6,17,0.5384615384615384,7,3,7,6,17,0.5384615384615384,7,3,7,6,17,0.5384615384615384,7,3,7,6,17,0.5384615384615384,0.075,1.0,40,0.0260869565217391,1.0,115
4FKYaSdrchKJphDn1wC3qE55aZsXzZo1ZTPMyDAkpump,589,True,3,0,0,0,0,2,1,0.0,0,0,0,2,1,0.0,0,0,0,2,1,0.0,4,0,0,0,0,2,2,0.0,0,0,0,2,2,0.0,0,0,0,2,2,0.0,0,0,0,2,1,0.0,0,0,0,2,1,0.0,0,0,0,2,1,0.0,0,0,0,2,2,0.0,0,0,0,2,2,0.0,0,0,0,2,2,0.0,0,0,0,2,1,0.0,0,0,0,2,1,0.0,0,0,0,2,1,0.0,0,0,0,2,2,0.0,0,0,0,2,2,0.0,0,0,0,2,2,0.0,0.0,19.753086418,3,0.0,19.753086418,4
FXWoE9va8mmypdJpnbfY7QkiJK4BwVzMXpY1zJxRZnh3,590,True,3,0,1,1,0,0,2,,1,1,0,0,2,,1,1,0,0,2,,3,0,1,1,0,0,2,,1,1,0,0,2,,1,1,0,0,2,,1,1,0,0,2,,1,1,0,0,2,,1,1,0,0,2,,1,1,0,0,2,,1,1,0,0,2,,1,1,0,0,2,,1,1,0,0,2,,1,1,0,0,2,,1,1,0,0,2,,1,1,0,0,2,,1,1,0,0,2,,1,1,0,0,2,,0.0,4.938271604,3,0.0,4.938271604,3
7wrQjR85JnviZQeP5H8h2FL7gHuprSwu5CGDgjMxpump,591,True,4,0,0,0,0,3,1,0.0,0,0,0,3,1,0.0,0,0,0,3,1,0.0,4,0,0,0,0,3,1,0.0,0,0,0,3,1,0.0,0,0,0,3,1,0.0,0,0,0,3,1,0.0,0,0,0,3,1,0.0,0,0,0,3,1,0.0,0,0,0,3,1,0.0,0,0,0,3,1,0.0,0,0,0,3,1,0.0,0,0,0,3,1,0.0,0,0,0,3,1,0.0,0,0,0,3,1,0.0,0,0,0,3,1,0.0,0,0,0,3,1,0.0,0,0,0,3,1,0.0,1.0,1.975308641,4,1.0,1.975308641,4
71WhNbEcmsGdUL6CWcp7rUC5oQPh1GcVvKwadjrQpump,592,True,4,1,0,0,0,2,1,0.0,0,0,0,2,1,0.0,0,0,0,2,1,0.0,4,1,0,0,0,2,1,0.0,0,0,0,2,1,0.0,0,0,0,2,1,0.0,0,0,0,2,1,0.0,0,0,0,2,1,0.0,0,0,0,2,1,0.0,0,0,0,2,1,0.0,0,0,0,2,1,0.0,0,0,0,2,1,0.0,0,0,0,2,1,0.0,0,0,0,2,1,0.0,0,0,0,2,1,0.0,0,0,0,2,1,0.0,0,0,0,2,1,0.0,0,0,0,2,1,0.0,0.0,0.493827159,4,0.0,0.493827159,4
2sUndEV1A2HH4iCWiJMQZeyQEEXzBarG1HnpaWGKpump,593,True,5,0,0,0,0,3,2,0.0,0,0,0,3,2,0.0,0,0,0,3,2,0.0,6,0,0,0,0,3,3,0.0,0,0,0,3,3,0.0,0,0,0,3,3,0.0,3,0,3,0,2,1.0,3,0,3,0,2,1.0,3,0,3,0,2,1.0,3,0,3,0,3,1.0,3,0,3,0,3,1.0,3,0,3,0,3,1.0,0,0,0,3,2,0.0,0,0,0,3,2,0.0,0,0,0,3,2,0.0,0,0,0,3,3,0.0,0,0,0,3,3,0.0,0,0,0,3,3,0.0,0.4,5.0,5,0.3333333333333333,5.0,6
CRmWu1UANRVQmETT4ouwQzWYHueM1KLHqovujUBKpump,594,True,4,1,0,0,0,2,1,0.0,0,0,0,2,1,0.0,0,0,0,2,1,0.0,5,1,0,0,0,3,1,0.0,0,0,0,3,1,0.0,0,0,0,3,1,0.0,0,0,0,2,1,0.0,0,0,0,2,1,0.0,0,0,0,2,1,0.0,0,0,0,3,1,0.0,0,0,0,3,1,0.0,0,0,0,3,1,0.0,0,0,0,2,1,0.0,0,0,0,2,1,0.0,0,0,0,2,1,0.0,0,0,0,3,1,0.0,0,0,0,3,1,0.0,0,0,0,3,1,0.0,0.0,0.050084894,4,0.0,0.050084894,5
FtMUAadEk4uXMz4y4BAiw7Y9JRAPDkj7Go3wXSQrpump,595,True,14,0,0,0,0,1,13,,0,0,0,1,13,,0,0,0,1,13,,30,0,2,2,0,8,20,0.2,2,2,0,8,20,0.2,2,2,0,8,20,0.2,0,0,0,1,13,,0,0,0,1,13,,0,0,0,1,13,,6,2,4,4,20,0.6,6,2,4,4,20,0.6,6,2,4,4,20,0.6,0,0,0,1,13,,0,0,0,1,13,,0,0,0,1,13,,2,2,0,8,20,0.2,2,2,0,8,20,0.2,2,2,0,8,20,0.2,0.7142857142857143,4.0,14,0.196078431372549,4.0,51
hMZnN3vvdWHiWbBsGaqVVRSxrXAPPXUr7VH8QB1pump,596,True,5,0,1,1,0,0,4,,1,1,0,0,4,,1,1,0,0,4,,8,0,1,1,0,0,7,,1,1,0,0,7,,1,1,0,0,7,,1,1,0,0,4,,1,1,0,0,4,,1,1,0,0,4,,1,1,0,0,7,,1,1,0,0,7,,1,1,0,0,7,,1,1,0,0,4,,1,1,0,0,4,,1,1,0,0,4,,1,1,0,0,7,,1,1,0,0,7,,1,1,0,0,7,,0.0,3.918478131,5,0.0,3.918478131,8
CeMoTq56ZLo8bkRS9MNooNLxFVDJvXe9vkvigpgjpump,597,True,3,1,0,0,0,0,2,,0,0,0,0,2,,0,0,0,0,2,,3,1,0,0,0,0,2,,0,0,0,0,2,,0,0,0,0,2,,0,0,0,0,2,,0,0,0,0,2,,0,0,0,0,2,,0,0,0,0,2,,0,0,0,0,2,,0,0,0,0,2,,0,0,0,0,2,,0,0,0,0,2,,0,0,0,0,2,,0,0,0,0,2,,0,0,0,0,2,,0,0,0,0,2,,0.0,0.445679008,3,0.0,0.445679008,3
88t8KZbuVCFT5pjyrWxeRGZfTJnMUwFhmhzF2HNXpump,598,True,5,0,0,0,0,4,1,0.0,0,0,0,4,1,0.0,0,0,0,4,1,0.0,12,0,0,0,0,9,3,0.0,0,0,0,9,3,0.0,0,0,0,9,3,0.0,0,0,0,4,1,0.0,0,0,0,4,1,0.0,0,0,0,4,1,0.0,2,0,2,7,3,0.2222222222222222,2,0,2,7,3,0.2222222222222222,2,0,2,7,3,0.2222222222222222,0,0,0,4,1,0.0,0,0,0,4,1,0.0,0,0,0,4,1,0.0,0,0,0,9,3,0.0,0,0,0,9,3,0.0,0,0,0,9,3,0.0,0.0,8.888888887,5,0.0,8.888888887,12
AyxCJsUYgevj87SsJpKR9x5Yq5WLHQvCRxwyavKDpump,599,True,26,0,2,2,2,9,15,0.18181818181818182,2,2,2,9,15,0.18181818181818182,2,2,2,9,15,0.18181818181818182,30,0,4,2,4,10,16,0.2857142857142857,4,2,4,10,16,0.2857142857142857,4,2,4,10,16,0.2857142857142857,7,1,6,4,15,0.6363636363636364,7,1,6,4,15,0.6363636363636364,7,1,6,4,15,0.6363636363636364,9,1,8,5,16,0.6428571428571429,9,1,8,5,16,0.6428571428571429,9,1,8,5,16,0.6428571428571429,2,2,2,9,15,0.18181818181818182,2,2,2,9,15,0.18181818181818182,2,2,2,9,15,0.18181818181818182,4,2,4,10,16,0.2857142857142857,4,2,4,10,16,0.2857142857142857,4,2,4,10,16,0.2857142857142857,0.2307692307692307,0.4,26,0.0789473684210526,0.4,76
BCwuSizoLgCbZ5TwfBiNPL6Wh9HXmdbvHXyWgJn6pump,600,True,5,0,0,0,0,0,5,,0,0,0,0,5,,0,0,0,0,5,,6,0,0,0,0,1,5,,0,0,0,1,5,,0,0,0,1,5,,0,0,0,0,5,,0,0,0,0,5,,0,0,0,0,5,,0,0,0,1,5,,0,0,0,1,5,,0,0,0,1,5,,0,0,0,0,5,,0,0,0,0,5,,0,0,0,0,5,,0,0,0,1,5,,0,0,0,1,5,,0,0,0,1,5,,0.8,2.469135801,5,0.6666666666666666,2.469135801,6
23bWmG6Jfdzb2v8YKo54ESmHj29vSbkeBDXCYiBRpump,601,True,3,1,0,0,0,1,1,,0,0,0,1,1,,0,0,0,1,1,,3,1,0,0,0,1,1,,0,0,0,1,1,,0,0,0,1,1,,0,0,0,1,1,,0,0,0,1,1,,0,0,0,1,1,,0,0,0,1,1,,0,0,0,1,1,,0,0,0,1,1,,0,0,0,1,1,,0,0,0,1,1,,0,0,0,1,1,,0,0,0,1,1,,0,0,0,1,1,,0,0,0,1,1,,0.0,0.98765432,3,0.0,0.98765432,3
4hKvLYhXLYXxcCUdq6eXi5YsEvV8bbDxiz3SrBMcpump,602,True,5,0,0,0,0,1,4,,0,0,0,1,4,,0,0,0,1,4,,7,0,0,0,0,2,5,0.0,0,0,0,2,5,0.0,0,0,0,2,5,0.0,0,0,0,1,4,,0,0,0,1,4,,0,0,0,1,4,,0,0,0,2,5,0.0,0,0,0,2,5,0.0,0,0,0,2,5,0.0,0,0,0,1,4,,0,0,0,1,4,,0,0,0,1,4,,0,0,0,2,5,0.0,0,0,0,2,5,0.0,0,0,0,2,5,0.0,0.2,1.086419752,5,0.1428571428571428,1.086419752,7
4eWMqYbTnAFk8uUf6K5DBmqxV5bbyWN3jz4meoYhpump,603,True,16,0,0,0,0,6,10,0.0,0,0,0,6,10,0.0,0,0,0,6,10,0.0,30,0,0,0,0,7,23,0.0,0,0,0,7,23,0.0,0,0,0,7,23,0.0,0,0,0,6,10,0.0,0,0,0,6,10,0.0,0,0,0,6,10,0.0,0,0,0,7,23,0.0,0,0,0,7,23,0.0,0,0,0,7,23,0.0,0,0,0,6,10,0.0,0,0,0,6,10,0.0,0,0,0,6,10,0.0,0,0,0,7,23,0.0,0,0,0,7,23,0.0,0,0,0,7,23,0.0,0.3125,1.777777776,16,0.1063829787234042,1.777777776,47
6a2NQoBCqzydMt13MixTRd93p3nbpLET1mUDJrPjpump,604,True,30,0,2,0,2,13,15,0.13333333333333333,2,0,2,13,15,0.13333333333333333,2,0,2,13,15,0.13333333333333333,30,0,2,0,2,13,15,0.13333333333333333,2,0,2,13,15,0.13333333333333333,2,0,2,13,15,0.13333333333333333,5,0,5,10,15,0.3333333333333333,5,0,5,10,15,0.3333333333333333,5,0,5,10,15,0.3333333333333333,5,0,5,10,15,0.3333333333333333,5,0,5,10,15,0.3333333333333333,5,0,5,10,15,0.3333333333333333,2,0,2,13,15,0.13333333333333333,2,0,2,13,15,0.13333333333333333,2,0,2,13,15,0.13333333333333333,2,0,2,13,15,0.13333333333333333,2,0,2,13,15,0.13333333333333333,2,0,2,13,15,0.13333333333333333,0.109090909090909,4.938271603,55,0.109090909090909,4.938271603,55
Q7EgzMgxpopMey1JNTXpegBXnQyAuWrGLzXdbT9pump,605,True,3,1,0,0,0,1,1,,0,0,0,1,1,,0,0,0,1,1,,7,1,0,0,0,3,3,0.0,0,0,0,3,3,0.0,0,0,0,3,3,0.0,0,0,0,1,1,,0,0,0,1,1,,0,0,0,1,1,,2,0,2,1,3,0.6666666666666666,2,0,2,1,3,0.6666666666666666,2,0,2,1,3,0.6666666666666666,0,0,0,1,1,,0,0,0,1,1,,0,0,0,1,1,,0,0,0,3,3,0.0,0,0,0,3,3,0.0,0,0,0,3,3,0.0,0.0,2.000000001,3,0.0,2.000000001,7
AHEeNMzA1S75XtBgMKPm2LdCCJkDHU1wzRJepdAgpump,606,True,12,0,0,0,0,6,6,0.0,0,0,0,6,6,0.0,0,0,0,6,6,0.0,16,0,0,0,0,8,8,0.0,0,0,0,8,8,0.0,0,0,0,8,8,0.0,3,0,3,3,6,0.5,3,0,3,3,6,0.5,3,0,3,3,6,0.5,3,0,3,5,8,0.375,3,0,3,5,8,0.375,3,0,3,5,8,0.375,0,0,0,6,6,0.0,0,0,0,6,6,0.0,0,0,0,6,6,0.0,0,0,0,8,8,0.0,0,0,0,8,8,0.0,0,0,0,8,8,0.0,0.1666666666666666,5.0,12,0.125,5.0,16
4CneEEm2QbuXeemXzpDaTctydnX7fqWRHj8WeGfdpump,607,True,3,0,0,0,0,0,3,,0,0,0,0,3,,0,0,0,0,3,,3,0,0,0,0,0,3,,0,0,0,0,3,,0,0,0,0,3,,0,0,0,0,3,,0,0,0,0,3,,0,0,0,0,3,,0,0,0,0,3,,0,0,0,0,3,,0,0,0,0,3,,0,0,0,0,3,,0,0,0,0,3,,0,0,0,0,3,,0,0,0,0,3,,0,0,0,0,3,,0,0,0,0,3,,0.3333333333333333,1.011560694,3,0.3333333333333333,1.011560694,3
hYfm7JwKcpEfdh41c2bwHT5AsJF8At3rPuvu8avpump,608,True,7,0,0,0,0,5,2,0.0,0,0,0,5,2,0.0,0,0,0,5,2,0.0,7,0,0,0,0,5,2,0.0,0,0,0,5,2,0.0,0,0,0,5,2,0.0,0,0,0,5,2,0.0,0,0,0,5,2,0.0,0,0,0,5,2,0.0,0,0,0,5,2,0.0,0,0,0,5,2,0.0,0,0,0,5,2,0.0,0,0,0,5,2,0.0,0,0,0,5,2,0.0,0,0,0,5,2,0.0,0,0,0,5,2,0.0,0,0,0,5,2,0.0,0,0,0,5,2,0.0,0.7142857142857143,0.657777776,7,0.7142857142857143,0.657777776,7
Bcmfp5ogcqKEKDw8creERxZZ4wsdvndYsjzmLCFnpump,609,True,3,1,0,0,0,1,1,,0,0,0,1,1,,0,0,0,1,1,,3,1,0,0,0,1,1,,0,0,0,1,1,,0,0,0,1,1,,0,0,0,1,1,,0,0,0,1,1,,0,0,0,1,1,,0,0,0,1,1,,0,0,0,1,1,,0,0,0,1,1,,0,0,0,1,1,,0,0,0,1,1,,0,0,0,1,1,,0,0,0,1,1,,0,0,0,1,1,,0,0,0,1,1,,0.0,0.098765431,3,0.0,0.098765431,3
F7kUtRtJEXSGrCt3u7gfC3cHHYQsXoVxtjcdau72pump,610,True,3,1,0,0,0,2,0,0.0,0,0,0,2,0,0.0,0,0,0,2,0,0.0,3,1,0,0,0,2,0,0.0,0,0,0,2,0,0.0,0,0,0,2,0,0.0,0,0,0,2,0,0.0,0,0,0,2,0,0.0,0,0,0,2,0,0.0,0,0,0,2,0,0.0,0,0,0,2,0,0.0,0,0,0,2,0,0.0,0,0,0,2,0,0.0,0,0,0,2,0,0.0,0,0,0,2,0,0.0,0,0,0,2,0,0.0,0,0,0,2,0,0.0,0,0,0,2,0,0.0,0.0,0.050000001,3,0.0,0.050000001,3
HLVMz7KG8ensjAXtxS7bQv7s4swDk9Z3tGRvSXhJpump,611,True,11,0,0,0,0,1,10,,0,0,0,1,10,,0,0,0,1,10,,18,0,0,0,0,5,13,0.0,0,0,0,5,13,0.0,0,0,0,5,13,0.0,0,0,0,1,10,,0,0,0,1,10,,0,0,0,1,10,,0,0,0,5,13,0.0,0,0,0,5,13,0.0,0,0,0,5,13,0.0,0,0,0,1,10,,0,0,0,1,10,,0,0,0,1,10,,0,0,0,5,13,0.0,0,0,0,5,13,0.0,0,0,0,5,13,0.0,0.2727272727272727,9.876543208,11,0.1666666666666666,9.876543208,18
3XmfNdwuUuahZTaWSpivEF35FaXFLoUiuz9kaRxspump,612,True,4,0,0,0,0,0,4,,0,0,0,0,4,,0,0,0,0,4,,7,0,0,0,0,3,4,0.0,0,0,0,3,4,0.0,0,0,0,3,4,0.0,0,0,0,0,4,,0,0,0,0,4,,0,0,0,0,4,,2,0,2,1,4,0.6666666666666666,2,0,2,1,4,0.6666666666666666,2,0,2,1,4,0.6666666666666666,0,0,0,0,4,,0,0,0,0,4,,0,0,0,0,4,,0,0,0,3,4,0.0,0,0,0,3,4,0.0,0,0,0,3,4,0.0,0.25,2.722222222,4,0.1428571428571428,3.699999999,7
FCyxzUW9uBjcMNuXwa1Lfam7apxkBBR4mFtomF2Qpump,613,True,22,0,0,0,0,5,17,0.0,0,0,0,5,17,0.0,0,0,0,5,17,0.0,30,0,0,0,0,8,22,0.0,0,0,0,8,22,0.0,0,0,0,8,22,0.0,2,0,2,3,17,0.4,2,0,2,3,17,0.4,2,0,2,3,17,0.4,2,0,2,6,22,0.25,2,0,2,6,22,0.25,2,0,2,6,22,0.25,0,0,0,5,17,0.0,0,0,0,5,17,0.0,0,0,0,5,17,0.0,0,0,0,8,22,0.0,0,0,0,8,22,0.0,0,0,0,8,22,0.0,0.0,0.98765432,22,0.0,0.98765432,37
9vseoXNyn2qMB71cbPoJFMYumvJw62uebx25rEU5pump,614,True,4,1,0,0,0,1,2,,0,0,0,1,2,,0,0,0,1,2,,6,1,0,0,0,2,3,0.0,0,0,0,2,3,0.0,0,0,0,2,3,0.0,0,0,0,1,2,,0,0,0,1,2,,0,0,0,1,2,,0,0,0,2,3,0.0,0,0,0,2,3,0.0,0,0,0,2,3,0.0,0,0,0,1,2,,0,0,0,1,2,,0,0,0,1,2,,0,0,0,2,3,0.0,0,0,0,2,3,0.0,0,0,0,2,3,0.0,0.0,10.525488458,4,0.0,11.42668476,6
96LQ4Hd5cdw5e78C7duBVBjER7SoNxLtEsGMK8ZHpump,615,True,3,1,0,0,0,1,1,,0,0,0,1,1,,0,0,0,1,1,,3,1,0,0,0,1,1,,0,0,0,1,1,,0,0,0,1,1,,0,0,0,1,1,,0,0,0,1,1,,0,0,0,1,1,,0,0,0,1,1,,0,0,0,1,1,,0,0,0,1,1,,0,0,0,1,1,,0,0,0,1,1,,0,0,0,1,1,,0,0,0,1,1,,0,0,0,1,1,,0,0,0,1,1,,0.0,0.500000001,3,0.0,0.500000001,3
9pTA7xAXX1hFEAZDu4ueU7H7UCCu2ixr9kB5MAwMpump,616,True,17,0,0,0,0,5,12,0.0,0,0,0,5,12,0.0,0,0,0,5,12,0.0,30,0,0,0,0,5,25,0.0,0,0,0,5,25,0.0,0,0,0,5,25,0.0,0,0,0,5,12,0.0,0,0,0,5,12,0.0,0,0,0,5,12,0.0,0,0,0,5,25,0.0,0,0,0,5,25,0.0,0,0,0,5,25,0.0,0,0,0,5,12,0.0,0,0,0,5,12,0.0,0,0,0,5,12,0.0,0,0,0,5,25,0.0,0,0,0,5,25,0.0,0,0,0,5,25,0.0,0.2941176470588235,1.97530864,17,0.0675675675675675,1.97530864,74
HZVDybgSgUW8ZfVC4cjvn8yRZWfZrhw1PmRfPYTjpump,617,True,4,1,0,0,0,2,1,0.0,0,0,0,2,1,0.0,0,0,0,2,1,0.0,4,1,0,0,0,2,1,0.0,0,0,0,2,1,0.0,0,0,0,2,1,0.0,0,0,0,2,1,0.0,0,0,0,2,1,0.0,0,0,0,2,1,0.0,0,0,0,2,1,0.0,0,0,0,2,1,0.0,0,0,0,2,1,0.0,0,0,0,2,1,0.0,0,0,0,2,1,0.0,0,0,0,2,1,0.0,0,0,0,2,1,0.0,0,0,0,2,1,0.0,0,0,0,2,1,0.0,0.0,2.96296296,4,0.0,2.96296296,4
Abtvo94xZzuwMRnBhH3UmNkKyuAhC2396Dvvjpc5jnRx,618,True,19,0,0,0,0,7,12,0.0,0,0,0,7,12,0.0,0,0,0,7,12,0.0,30,0,0,0,0,9,21,0.0,0,0,0,9,21,0.0,0,0,0,9,21,0.0,0,0,0,7,12,0.0,0,0,0,7,12,0.0,0,0,0,7,12,0.0,2,0,2,7,21,0.2222222222222222,2,0,2,7,21,0.2222222222222222,2,0,2,7,21,0.2222222222222222,0,0,0,7,12,0.0,0,0,0,7,12,0.0,0,0,0,7,12,0.0,0,0,0,9,21,0.0,0,0,0,9,21,0.0,0,0,0,9,21,0.0,0.0,2.937685459,19,0.0,2.937685459,87
EnmLqWGiZN911pZV6dSvUPtZzDYpMRaKqAAPwQB8pump,619,True,4,0,0,0,0,1,3,,0,0,0,1,3,,0,0,0,1,3,,4,0,0,0,0,1,3,,0,0,0,1,3,,0,0,0,1,3,,0,0,0,1,3,,0,0,0,1,3,,0,0,0,1,3,,0,0,0,1,3,,0,0,0,1,3,,0,0,0,1,3,,0,0,0,1,3,,0,0,0,1,3,,0,0,0,1,3,,0,0,0,1,3,,0,0,0,1,3,,0,0,0,1,3,,0.5,4.0,4,0.5,4.0,4
FjP6mG6WDwkg4XaNnwTVKbqTQns82AemYJcGmiEgQKRw,620,True,4,0,0,0,0,0,4,,0,0,0,0,4,,0,0,0,0,4,,7,0,0,0,0,1,6,,0,0,0,1,6,,0,0,0,1,6,,0,0,0,0,4,,0,0,0,0,4,,0,0,0,0,4,,0,0,0,1,6,,0,0,0,1,6,,0,0,0,1,6,,0,0,0,0,4,,0,0,0,0,4,,0,0,0,0,4,,0,0,0,1,6,,0,0,0,1,6,,0,0,0,1,6,,0.25,9.876543209,4,0.1428571428571428,9.876543209,7
Dibvz5yASqqpWqQMkd1AVWneP9crPVsp6kCUSWytpump,621,True,21,0,0,0,0,6,15,0.0,0,0,0,6,15,0.0,0,0,0,6,15,0.0,30,0,0,0,0,8,22,0.0,0,0,0,8,22,0.0,0,0,0,8,22,0.0,2,0,2,4,15,0.3333333333333333,2,0,2,4,15,0.3333333333333333,2,0,2,4,15,0.3333333333333333,3,0,3,5,22,0.375,3,0,3,5,22,0.375,3,0,3,5,22,0.375,0,0,0,6,15,0.0,0,0,0,6,15,0.0,0,0,0,6,15,0.0,0,0,0,8,22,0.0,0,0,0,8,22,0.0,0,0,0,8,22,0.0,0.1428571428571428,1.46627566,21,0.06,1.46627566,50
g8VX77ggMxE7nQ9xG288ZvRYMK7RAzgj9z29Aqipump,622,True,6,0,1,1,0,0,5,,1,1,0,0,5,,1,1,0,0,5,,9,0,1,1,0,1,7,0.5,1,1,0,1,7,0.5,1,1,0,1,7,0.5,1,1,0,0,5,,1,1,0,0,5,,1,1,0,0,5,,1,1,0,1,7,0.5,1,1,0,1,7,0.5,1,1,0,1,7,0.5,1,1,0,0,5,,1,1,0,0,5,,1,1,0,0,5,,1,1,0,1,7,0.5,1,1,0,1,7,0.5,1,1,0,1,7,0.5,0.3333333333333333,1.5,6,0.2222222222222222,1.5,9
29JFVrJtCBAdp9GZAd4Uynb7VZP8624AvCPJ6sRZu8EP,623,True,3,0,0,0,0,1,2,,0,0,0,1,2,,0,0,0,1,2,,3,0,0,0,0,1,2,,0,0,0,1,2,,0,0,0,1,2,,0,0,0,1,2,,0,0,0,1,2,,0,0,0,1,2,,0,0,0,1,2,,0,0,0,1,2,,0,0,0,1,2,,0,0,0,1,2,,0,0,0,1,2,,0,0,0,1,2,,0,0,0,1,2,,0,0,0,1,2,,0,0,0,1,2,,1.0,0.0,3,1.0,0.0,3
Go3CrdYkpzbjQ71WCdZCrYawqqEgPoVENDkbeui1pump,624,True,11,0,0,0,0,5,6,0.0,0,0,0,5,6,0.0,0,0,0,5,6,0.0,30,0,0,0,0,7,23,0.0,0,0,0,7,23,0.0,0,0,0,7,23,0.0,0,0,0,5,6,0.0,0,0,0,5,6,0.0,0,0,0,5,6,0.0,0,0,0,7,23,0.0,0,0,0,7,23,0.0,0,0,0,7,23,0.0,0,0,0,5,6,0.0,0,0,0,5,6,0.0,0,0,0,5,6,0.0,0,0,0,7,23,0.0,0,0,0,7,23,0.0,0,0,0,7,23,0.0,0.4545454545454545,1.97530864,11,0.0847457627118644,1.97530864,59
EfvvSJBxe3P595yBeEKAfBq5gxVUFUYHd3SLr17spump,625,True,16,0,0,0,0,5,11,0.0,0,0,0,5,11,0.0,0,0,0,5,11,0.0,30,0,3,0,3,11,16,0.21428571428571427,3,0,3,11,16,0.21428571428571427,3,0,3,11,16,0.21428571428571427,0,0,0,5,11,0.0,0,0,0,5,11,0.0,0,0,0,5,11,0.0,3,0,3,11,16,0.21428571428571427,3,0,3,11,16,0.21428571428571427,3,0,3,11,16,0.21428571428571427,0,0,0,5,11,0.0,0,0,0,5,11,0.0,0,0,0,5,11,0.0,3,0,3,11,16,0.21428571428571427,3,0,3,11,16,0.21428571428571427,3,0,3,11,16,0.21428571428571427,0.3125,5.000000001,16,0.0833333333333333,5.000000001,60
6UbrGRZnWEBYMEDuJrCySDeNdfAd32RDpCEpXtpUpump,626,True,3,1,0,0,0,1,1,,0,0,0,1,1,,0,0,0,1,1,,3,1,0,0,0,1,1,,0,0,0,1,1,,0,0,0,1,1,,0,0,0,1,1,,0,0,0,1,1,,0,0,0,1,1,,0,0,0,1,1,,0,0,0,1,1,,0,0,0,1,1,,0,0,0,1,1,,0,0,0,1,1,,0,0,0,1,1,,0,0,0,1,1,,0,0,0,1,1,,0,0,0,1,1,,0.0,0.050084894,3,0.0,0.059862671,3
FAqiRN8woTGo9gs6PbYMye9x4gZEDeSGUdpf3MZdpump,627,True,4,1,0,0,0,0,3,,0,0,0,0,3,,0,0,0,0,3,,5,1,0,0,0,0,4,,0,0,0,0,4,,0,0,0,0,4,,0,0,0,0,3,,0,0,0,0,3,,0,0,0,0,3,,0,0,0,0,4,,0,0,0,0,4,,0,0,0,0,4,,0,0,0,0,3,,0,0,0,0,3,,0,0,0,0,3,,0,0,0,0,4,,0,0,0,0,4,,0,0,0,0,4,,0.0,5.481975303,4,0.0,9.774419742,5
478r6sof4XtgMdLRLmoLxekthcxd2Hc5VPeZLeD4pump,628,True,3,1,0,0,0,2,0,0.0,0,0,0,2,0,0.0,0,0,0,2,0,0.0,3,1,0,0,0,2,0,0.0,0,0,0,2,0,0.0,0,0,0,2,0,0.0,0,0,0,2,0,0.0,0,0,0,2,0,0.0,0,0,0,2,0,0.0,0,0,0,2,0,0.0,0,0,0,2,0,0.0,0,0,0,2,0,0.0,0,0,0,2,0,0.0,0,0,0,2,0,0.0,0,0,0,2,0,0.0,0,0,0,2,0,0.0,0,0,0,2,0,0.0,0,0,0,2,0,0.0,0.0,1.000000001,3,0.0,1.4938271600000002,3
He4N4FWBqLPEq1pE4j2CMdMPfgZXXPVYEtRgRoqXpump,629,True,9,0,0,0,0,3,6,0.0,0,0,0,3,6,0.0,0,0,0,3,6,0.0,23,0,0,0,0,9,14,0.0,0,0,0,9,14,0.0,0,0,0,9,14,0.0,0,0,0,3,6,0.0,0,0,0,3,6,0.0,0,0,0,3,6,0.0,2,0,2,7,14,0.2222222222222222,2,0,2,7,14,0.2222222222222222,2,0,2,7,14,0.2222222222222222,0,0,0,3,6,0.0,0,0,0,3,6,0.0,0,0,0,3,6,0.0,0,0,0,9,14,0.0,0,0,0,9,14,0.0,0,0,0,9,14,0.0,0.5555555555555556,2.0,9,0.217391304347826,2.0,23
2bqW58sVYxsDjp4kcfdLhVtyx7mkJFgdrFRbvMKipump,630,True,6,0,0,0,0,3,3,0.0,0,0,0,0,6,,0,0,0,0,6,,12,0,0,0,0,5,7,0.0,0,0,0,2,10,0.0,0,0,0,2,10,0.0,0,0,0,3,3,0.0,0,0,0,0,6,,0,0,0,0,6,,0,0,0,5,7,0.0,0,0,0,2,10,0.0,0,0,0,2,10,0.0,0,0,0,3,3,0.0,0,0,0,0,6,,0,0,0,0,6,,0,0,0,5,7,0.0,0,0,0,2,10,0.0,0,0,0,2,10,0.0,0.5,0.217929667,6,0.25,0.217929667,12
4yrH9LxZHcWxYxUh6CF1bsv61HvfLbq6Znjbj5RLpump,631,True,4,1,0,0,0,2,1,0.0,0,0,0,2,1,0.0,0,0,0,2,1,0.0,4,1,0,0,0,2,1,0.0,0,0,0,2,1,0.0,0,0,0,2,1,0.0,0,0,0,2,1,0.0,0,0,0,2,1,0.0,0,0,0,2,1,0.0,0,0,0,2,1,0.0,0,0,0,2,1,0.0,0,0,0,2,1,0.0,0,0,0,2,1,0.0,0,0,0,2,1,0.0,0,0,0,2,1,0.0,0,0,0,2,1,0.0,0,0,0,2,1,0.0,0,0,0,2,1,0.0,0.0,0.200000001,4,0.0,0.200000001,4
4ug5qMupyLGfRg9gCkjmus264CiYZABKrfFkrPwpump,632,True,7,0,0,0,0,2,5,0.0,0,0,0,2,5,0.0,0,0,0,2,5,0.0,7,0,0,0,0,2,5,0.0,0,0,0,2,5,0.0,0,0,0,2,5,0.0,0,0,0,2,5,0.0,0,0,0,2,5,0.0,0,0,0,2,5,0.0,0,0,0,2,5,0.0,0,0,0,2,5,0.0,0,0,0,2,5,0.0,0,0,0,2,5,0.0,0,0,0,2,5,0.0,0,0,0,2,5,0.0,0,0,0,2,5,0.0,0,0,0,2,5,0.0,0,0,0,2,5,0.0,0.5714285714285714,2.962962962,7,0.5714285714285714,2.962962962,7
3EntWWhRF7WphjTQcnwyKMgbWD3t3rfwdaDrmXXmpump,633,True,4,1,0,0,0,0,3,,0,0,0,0,3,,0,0,0,0,3,,4,1,0,0,0,0,3,,0,0,0,0,3,,0,0,0,0,3,,0,0,0,0,3,,0,0,0,0,3,,0,0,0,0,3,,0,0,0,0,3,,0,0,0,0,3,,0,0,0,0,3,,0,0,0,0,3,,0,0,0,0,3,,0,0,0,0,3,,0,0,0,0,3,,0,0,0,0,3,,0,0,0,0,3,,0.0,15.558758345,4,0.0,17.022890175,4
EujEtWzkzJPA4ofHeBk1rwmoTDTnEzDag5sbhjHFpump,634,True,3,0,0,0,0,1,2,,0,0,0,1,2,,0,0,0,1,2,,3,0,0,0,0,1,2,,0,0,0,1,2,,0,0,0,1,2,,0,0,0,1,2,,0,0,0,1,2,,0,0,0,1,2,,0,0,0,1,2,,0,0,0,1,2,,0,0,0,1,2,,0,0,0,1,2,,0,0,0,1,2,,0,0,0,1,2,,0,0,0,1,2,,0,0,0,1,2,,0,0,0,1,2,,0.6666666666666666,0.98765432,3,0.6666666666666666,0.98765432,3
8cFRuER14tPVVQbwKZsYPjVyMSvnHcbh8iDGzqfxpump,635,True,3,1,0,0,0,1,1,,0,0,0,1,1,,0,0,0,1,1,,3,1,0,0,0,1,1,,0,0,0,1,1,,0,0,0,1,1,,0,0,0,1,1,,0,0,0,1,1,,0,0,0,1,1,,0,0,0,1,1,,0,0,0,1,1,,0,0,0,1,1,,0,0,0,1,1,,0,0,0,1,1,,0,0,0,1,1,,0,0,0,1,1,,0,0,0,1,1,,0,0,0,1,1,,0.0,0.050084894,3,0.0,0.050084894,3
ErmBgVLAa6UaRqUf4qgyMzN7meyihugvcUV1thTQpump,636,True,3,1,0,0,0,1,1,,0,0,0,1,1,,0,0,0,1,1,,3,1,0,0,0,1,1,,0,0,0,1,1,,0,0,0,1,1,,0,0,0,1,1,,0,0,0,1,1,,0,0,0,1,1,,0,0,0,1,1,,0,0,0,1,1,,0,0,0,1,1,,0,0,0,1,1,,0,0,0,1,1,,0,0,0,1,1,,0,0,0,1,1,,0,0,0,1,1,,0,0,0,1,1,,0.0,0.099390528,3,0.0,0.148773243,3
BFQhY2LeLQM4uo9J7KKkXEYpLPSz1QeZERtLYhoApump,637,True,3,1,0,0,0,1,1,,0,0,0,1,1,,0,0,0,1,1,,4,1,0,0,0,1,2,,0,0,0,1,2,,0,0,0,1,2,,0,0,0,1,1,,0,0,0,1,1,,0,0,0,1,1,,0,0,0,1,2,,0,0,0,1,2,,0,0,0,1,2,,0,0,0,1,1,,0,0,0,1,1,,0,0,0,1,1,,0,0,0,1,2,,0,0,0,1,2,,0,0,0,1,2,,0.0,1.24074074,3,0.0,1.537037034,4
WM5ASFscs1soKXUgJyzbkh87k7ZRoZkFRz7SnKCpump,638,True,3,0,0,0,0,3,0,0.0,0,0,0,3,0,0.0,0,0,0,3,0,0.0,4,0,0,0,0,4,0,0.0,0,0,0,4,0,0.0,0,0,0,4,0,0.0,0,0,0,3,0,0.0,0,0,0,3,0,0.0,0,0,0,3,0,0.0,0,0,0,4,0,0.0,0,0,0,4,0,0.0,0,0,0,4,0,0.0,0,0,0,3,0,0.0,0,0,0,3,0,0.0,0,0,0,3,0,0.0,0,0,0,4,0,0.0,0,0,0,4,0,0.0,0,0,0,4,0,0.0,0.6666666666666666,1.2345679,3,0.5,1.2345679,4
G66aGhVWft1SspcmsT7HCPWeTsTNUu5QEFXfBpBtpump,639,True,8,0,0,0,0,4,4,0.0,0,0,0,4,4,0.0,0,0,0,4,4,0.0,28,0,0,0,0,4,24,0.0,0,0,0,4,24,0.0,0,0,0,4,24,0.0,0,0,0,4,4,0.0,0,0,0,4,4,0.0,0,0,0,4,4,0.0,0,0,0,4,24,0.0,0,0,0,4,24,0.0,0,0,0,4,24,0.0,0,0,0,4,4,0.0,0,0,0,4,4,0.0,0,0,0,4,4,0.0,0,0,0,4,24,0.0,0,0,0,4,24,0.0,0,0,0,4,24,0.0,0.5,1.97530864,8,0.1428571428571428,1.97530864,28
7ebw7zaLzJEtNio6FZAMXkx2sorEvh5dvnyPZC383brL,640,True,3,1,0,0,0,0,2,,0,0,0,0,2,,0,0,0,0,2,,3,1,0,0,0,0,2,,0,0,0,0,2,,0,0,0,0,2,,0,0,0,0,2,,0,0,0,0,2,,0,0,0,0,2,,0,0,0,0,2,,0,0,0,0,2,,0,0,0,0,2,,0,0,0,0,2,,0,0,0,0,2,,0,0,0,0,2,,0,0,0,0,2,,0,0,0,0,2,,0,0,0,0,2,,0.0,3.314693968,3,0.0,3.314693968,3
5qxgZTfNVHt1Y2SCcx4VMAs4VuPzF7HBXbhQvjXCpump,641,True,6,0,0,0,0,1,5,,0,0,0,1,5,,0,0,0,1,5,,17,0,0,0,0,3,14,0.0,0,0,0,3,14,0.0,0,0,0,3,14,0.0,0,0,0,1,5,,0,0,0,1,5,,0,0,0,1,5,,0,0,0,3,14,0.0,0,0,0,3,14,0.0,0,0,0,3,14,0.0,0,0,0,1,5,,0,0,0,1,5,,0,0,0,1,5,,0,0,0,3,14,0.0,0,0,0,3,14,0.0,0,0,0,3,14,0.0,0.1666666666666666,3.0,6,0.0588235294117647,3.0,17
E4NnCr7GTjwTG3JVT8yJZQxte4Uoom8sY81bDL4Fpump,642,True,3,0,0,0,0,0,3,,0,0,0,0,3,,0,0,0,0,3,,3,0,0,0,0,0,3,,0,0,0,0,3,,0,0,0,0,3,,0,0,0,0,3,,0,0,0,0,3,,0,0,0,0,3,,0,0,0,0,3,,0,0,0,0,3,,0,0,0,0,3,,0,0,0,0,3,,0,0,0,0,3,,0,0,0,0,3,,0,0,0,0,3,,0,0,0,0,3,,0,0,0,0,3,,1.0,5.0,3,1.0,5.0,3
FwFMNYtRQxR84D9ijBircaqZbEEWhU3vn8NatK5zpump,643,True,3,1,0,0,0,1,1,,0,0,0,1,1,,0,0,0,1,1,,3,1,0,0,0,1,1,,0,0,0,1,1,,0,0,0,1,1,,0,0,0,1,1,,0,0,0,1,1,,0,0,0,1,1,,0,0,0,1,1,,0,0,0,1,1,,0,0,0,1,1,,0,0,0,1,1,,0,0,0,1,1,,0,0,0,1,1,,0,0,0,1,1,,0,0,0,1,1,,0,0,0,1,1,,0.0,1.987654321,3,0.0,2.382716047,3
5cr9owxMihh1P9sZHQgbmDe8uxpfwLZJrUMs29AXpump,644,True,3,1,0,0,0,1,1,,0,0,0,1,1,,0,0,0,1,1,,3,1,0,0,0,1,1,,0,0,0,1,1,,0,0,0,1,1,,0,0,0,1,1,,0,0,0,1,1,,0,0,0,1,1,,0,0,0,1,1,,0,0,0,1,1,,0,0,0,1,1,,0,0,0,1,1,,0,0,0,1,1,,0,0,0,1,1,,0,0,0,1,1,,0,0,0,1,1,,0,0,0,1,1,,0.0,1.100000001,3,0.0,1.100000001,3
9SLACkDdp2GDceDmXvmY8WkjTY5u3YZ4zQyBcZcYpump,645,True,9,0,0,0,0,3,6,0.0,0,0,0,1,8,,0,0,0,1,8,,17,0,0,0,0,11,6,0.0,0,0,0,1,16,,0,0,0,1,16,,0,0,0,3,6,0.0,0,0,0,1,8,,0,0,0,1,8,,0,0,0,11,6,0.0,0,0,0,1,16,,0,0,0,1,16,,0,0,0,3,6,0.0,0,0,0,1,8,,0,0,0,1,8,,0,0,0,11,6,0.0,0,0,0,1,16,,0,0,0,1,16,,0.1111111111111111,14.814814813,9,0.0588235294117647,14.814814813,17
68mhAG1han5xf5hiB4UbfZvbHNR1iebG9JcpatKnpump,646,True,30,0,0,0,0,10,20,0.0,0,0,0,10,20,0.0,0,0,0,10,20,0.0,30,0,0,0,0,10,20,0.0,0,0,0,10,20,0.0,0,0,0,10,20,0.0,0,0,0,10,20,0.0,0,0,0,10,20,0.0,0,0,0,10,20,0.0,0,0,0,10,20,0.0,0,0,0,10,20,0.0,0,0,0,10,20,0.0,0,0,0,10,20,0.0,0,0,0,10,20,0.0,0,0,0,10,20,0.0,0,0,0,10,20,0.0,0,0,0,10,20,0.0,0,0,0,10,20,0.0,0.25,3.950617282,40,0.1639344262295081,3.950617282,61
2iSecW7SpLeh49BQmH1XMdiGNhsSqgEoB4GPSBuGpump,647,True,4,0,0,0,0,0,4,,0,0,0,0,4,,0,0,0,0,4,,4,0,0,0,0,0,4,,0,0,0,0,4,,0,0,0,0,4,,0,0,0,0,4,,0,0,0,0,4,,0,0,0,0,4,,0,0,0,0,4,,0,0,0,0,4,,0,0,0,0,4,,0,0,0,0,4,,0,0,0,0,4,,0,0,0,0,4,,0,0,0,0,4,,0,0,0,0,4,,0,0,0,0,4,,0.75,3.7,4,0.75,3.7,4
XPUzHiGTQ1io871gbDQdybWRwfuuKMpD4onenropump,648,True,6,0,0,0,0,4,2,0.0,0,0,0,4,2,0.0,0,0,0,4,2,0.0,6,0,0,0,0,4,2,0.0,0,0,0,4,2,0.0,0,0,0,4,2,0.0,0,0,0,4,2,0.0,0,0,0,4,2,0.0,0,0,0,4,2,0.0,0,0,0,4,2,0.0,0,0,0,4,2,0.0,0,0,0,4,2,0.0,0,0,0,4,2,0.0,0,0,0,4,2,0.0,0,0,0,4,2,0.0,0,0,0,4,2,0.0,0,0,0,4,2,0.0,0,0,0,4,2,0.0,0.6666666666666666,0.049382715,6,0.6666666666666666,0.049382715,6
2dBm7mH5rYWXX5xMUuewXUdPncfBkAVjopJbhEMnpump,649,True,22,0,0,0,0,3,19,0.0,0,0,0,3,19,0.0,0,0,0,3,19,0.0,29,0,0,0,0,6,23,0.0,0,0,0,6,23,0.0,0,0,0,6,23,0.0,0,0,0,3,19,0.0,0,0,0,3,19,0.0,0,0,0,3,19,0.0,0,0,0,6,23,0.0,0,0,0,6,23,0.0,0,0,0,6,23,0.0,0,0,0,3,19,0.0,0,0,0,3,19,0.0,0,0,0,3,19,0.0,0,0,0,6,23,0.0,0,0,0,6,23,0.0,0,0,0,6,23,0.0,0.1363636363636363,4.740740739,22,0.1034482758620689,4.740740739,29
F35nXyxvYmtmqYp2KoMGpBKXgRUKPSksko5XQPpapump,650,True,16,0,0,0,0,5,11,0.0,0,0,0,5,11,0.0,0,0,0,5,11,0.0,29,1,0,0,0,12,16,0.0,0,0,0,12,16,0.0,0,0,0,12,16,0.0,0,0,0,5,11,0.0,0,0,0,5,11,0.0,0,0,0,5,11,0.0,3,0,3,9,16,0.25,3,0,3,9,16,0.25,3,0,3,9,16,0.25,0,0,0,5,11,0.0,0,0,0,5,11,0.0,0,0,0,5,11,0.0,0,0,0,12,16,0.0,0,0,0,12,16,0.0,0,0,0,12,16,0.0,0.125,2.5,16,0.0689655172413793,2.5,29
C896Qo9nhabHfKGh1oXxjdCq8qpzZTz8dDBTcv2upump,651,True,15,0,0,0,0,5,10,0.0,0,0,0,5,10,0.0,0,0,0,5,10,0.0,20,0,0,0,0,7,13,0.0,0,0,0,7,13,0.0,0,0,0,7,13,0.0,0,0,0,5,10,0.0,0,0,0,5,10,0.0,0,0,0,5,10,0.0,0,0,0,7,13,0.0,0,0,0,7,13,0.0,0,0,0,7,13,0.0,0,0,0,5,10,0.0,0,0,0,5,10,0.0,0,0,0,5,10,0.0,0,0,0,7,13,0.0,0,0,0,7,13,0.0,0,0,0,7,13,0.0,0.3333333333333333,0.100000018,15,0.25,0.100000018,20
6qohpXEb4Bx6Z3DEsmqv6FW45iQtUd1XPDJGwq6ppump,652,True,6,1,0,0,0,2,3,0.0,0,0,0,2,3,0.0,0,0,0,2,3,0.0,9,1,0,0,0,3,5,0.0,0,0,0,3,5,0.0,0,0,0,3,5,0.0,2,0,2,0,3,1.0,2,0,2,0,3,1.0,2,0,2,0,3,1.0,2,0,2,1,5,0.6666666666666666,2,0,2,1,5,0.6666666666666666,2,0,2,1,5,0.6666666666666666,0,0,0,2,3,0.0,0,0,0,2,3,0.0,0,0,0,2,3,0.0,0,0,0,3,5,0.0,0,0,0,3,5,0.0,0,0,0,3,5,0.0,0.0,0.197530863,6,0.0,0.197530863,9
9eZg1pqQAoe5mzRpMZ4QAnZgGXMqhRxJ5LA2VToSpump,653,True,4,1,0,0,0,3,0,0.0,0,0,0,3,0,0.0,0,0,0,3,0,0.0,5,1,0,0,0,4,0,0.0,0,0,0,4,0,0.0,0,0,0,4,0,0.0,2,0,2,1,0,0.6666666666666666,2,0,2,1,0,0.6666666666666666,2,0,2,1,0,0.6666666666666666,2,0,2,2,0,0.5,2,0,2,2,0,0.5,2,0,2,2,0,0.5,0,0,0,3,0,0.0,0,0,0,3,0,0.0,0,0,0,3,0,0.0,0,0,0,4,0,0.0,0,0,0,4,0,0.0,0,0,0,4,0,0.0,0.0,0.63691358,4,0.0,0.63691358,5
AoNDhp6xXu5BB2PLWjPECtC8raCDXweAyarvcpG6pump,654,True,5,0,0,0,0,1,4,,0,0,0,1,4,,0,0,0,1,4,,23,0,0,0,0,1,22,,0,0,0,1,22,,0,0,0,1,22,,0,0,0,1,4,,0,0,0,1,4,,0,0,0,1,4,,0,0,0,1,22,,0,0,0,1,22,,0,0,0,1,22,,0,0,0,1,4,,0,0,0,1,4,,0,0,0,1,4,,0,0,0,1,22,,0,0,0,1,22,,0,0,0,1,22,,0.0,0.282220132,5,0.0,0.282220132,23
9UuLsJ3jf8ViBNeRcwXD53re5G3ypgfKK3s2EiMMpump,655,True,4,0,0,0,0,1,3,,0,0,0,1,3,,0,0,0,1,3,,4,0,0,0,0,1,3,,0,0,0,1,3,,0,0,0,1,3,,0,0,0,1,3,,0,0,0,1,3,,0,0,0,1,3,,0,0,0,1,3,,0,0,0,1,3,,0,0,0,1,3,,0,0,0,1,3,,0,0,0,1,3,,0,0,0,1,3,,0,0,0,1,3,,0,0,0,1,3,,0,0,0,1,3,,0.5,1.48148148,4,0.5,1.48148148,4
3WeE7y4td9JEr4NLrocb6hxXKTHw8HPrRVXkNFECpump,656,True,3,1,1,1,0,0,1,,1,1,0,0,1,,1,1,0,0,1,,4,1,1,1,0,1,1,0.5,1,1,0,1,1,0.5,1,1,0,1,1,0.5,1,1,0,0,1,,1,1,0,0,1,,1,1,0,0,1,,1,1,0,1,1,0.5,1,1,0,1,1,0.5,1,1,0,1,1,0.5,1,1,0,0,1,,1,1,0,0,1,,1,1,0,0,1,,1,1,0,1,1,0.5,1,1,0,1,1,0.5,1,1,0,1,1,0.5,0.0,1.169080603,3,0.0,1.1693145820000002,4
Q2uynCphTg4WjjxGR7tWGFByGMCq5n9aPmR4CjQBKWc,657,True,6,0,0,0,0,1,5,,0,0,0,1,5,,0,0,0,1,5,,6,0,0,0,0,1,5,,0,0,0,1,5,,0,0,0,1,5,,0,0,0,1,5,,0,0,0,1,5,,0,0,0,1,5,,0,0,0,1,5,,0,0,0,1,5,,0,0,0,1,5,,0,0,0,1,5,,0,0,0,1,5,,0,0,0,1,5,,0,0,0,1,5,,0,0,0,1,5,,0,0,0,1,5,,0.0,4.938271604,6,0.0,4.938271604,6
8sAVthhxvw1ABt4f3bPxJro3yqvzygK8TfZtrH2hpump,658,True,3,1,0,0,0,1,1,,0,0,0,1,1,,0,0,0,1,1,,4,1,0,0,0,2,1,0.0,0,0,0,2,1,0.0,0,0,0,2,1,0.0,0,0,0,1,1,,0,0,0,1,1,,0,0,0,1,1,,0,0,0,2,1,0.0,0,0,0,2,1,0.0,0,0,0,2,1,0.0,0,0,0,1,1,,0,0,0,1,1,,0,0,0,1,1,,0,0,0,2,1,0.0,0,0,0,2,1,0.0,0,0,0,2,1,0.0,0.0,0.077000001,3,0.0,0.077000001,4
FB4WMLuN9fWiLwc5cN1ZvshizgPjjJYa5i7YU4KCpump,659,True,5,0,0,0,0,0,5,,0,0,0,0,5,,0,0,0,0,5,,5,0,0,0,0,0,5,,0,0,0,0,5,,0,0,0,0,5,,0,0,0,0,5,,0,0,0,0,5,,0,0,0,0,5,,0,0,0,0,5,,0,0,0,0,5,,0,0,0,0,5,,0,0,0,0,5,,0,0,0,0,5,,0,0,0,0,5,,0,0,0,0,5,,0,0,0,0,5,,0,0,0,0,5,,1.0,0.100000018,5,1.0,0.100000018,5
DRiB9XVbZv6oQYNswmVKUVNqNWVrZsMsfjs4geppnfNQ,660,True,24,0,0,0,0,1,23,,0,0,0,1,23,,0,0,0,1,23,,26,0,0,0,0,1,25,,0,0,0,1,25,,0,0,0,1,25,,0,0,0,1,23,,0,0,0,1,23,,0,0,0,1,23,,0,0,0,1,25,,0,0,0,1,25,,0,0,0,1,25,,0,0,0,1,23,,0,0,0,1,23,,0,0,0,1,23,,0,0,0,1,25,,0,0,0,1,25,,0,0,0,1,25,,0.0,5.0,24,0.0,5.0,26
FtqBgyKjApF3WPKkdneK1voanf6cftjPpVGR8oqRpump,661,True,4,1,0,0,0,2,1,0.0,0,0,0,2,1,0.0,0,0,0,2,1,0.0,6,1,0,0,0,4,1,0.0,0,0,0,4,1,0.0,0,0,0,4,1,0.0,0,0,0,2,1,0.0,0,0,0,2,1,0.0,0,0,0,2,1,0.0,0,0,0,4,1,0.0,0,0,0,4,1,0.0,0,0,0,4,1,0.0,0,0,0,2,1,0.0,0,0,0,2,1,0.0,0,0,0,2,1,0.0,0,0,0,4,1,0.0,0,0,0,4,1,0.0,0,0,0,4,1,0.0,0.0,0.54696046,4,0.0,0.54696046,6
Dq51NMUBC5wXyVSw1DWanZmJvVtppWbJZ9vH5Ctkpump,662,True,17,0,0,0,0,6,11,0.0,0,0,0,6,11,0.0,0,0,0,6,11,0.0,28,1,0,0,0,6,21,0.0,0,0,0,6,21,0.0,0,0,0,6,21,0.0,0,0,0,6,11,0.0,0,0,0,6,11,0.0,0,0,0,6,11,0.0,0,0,0,6,21,0.0,0,0,0,6,21,0.0,0,0,0,6,21,0.0,0,0,0,6,11,0.0,0,0,0,6,11,0.0,0,0,0,6,11,0.0,0,0,0,6,21,0.0,0,0,0,6,21,0.0,0,0,0,6,21,0.0,0.5882352941176471,0.912300168,17,0.3571428571428571,0.912300168,28
BZK3BSMsWkKVopP3BUv2Fn3Y5GcXC31uxWUyBREQpump,663,True,8,0,0,0,0,2,6,0.0,0,0,0,2,6,0.0,0,0,0,2,6,0.0,26,0,0,0,0,3,23,0.0,0,0,0,3,23,0.0,0,0,0,3,23,0.0,0,0,0,2,6,0.0,0,0,0,2,6,0.0,0,0,0,2,6,0.0,0,0,0,3,23,0.0,0,0,0,3,23,0.0,0,0,0,3,23,0.0,0,0,0,2,6,0.0,0,0,0,2,6,0.0,0,0,0,2,6,0.0,0,0,0,3,23,0.0,0,0,0,3,23,0.0,0,0,0,3,23,0.0,0.375,2.962962961,8,0.1153846153846153,2.962962961,26
HgXjuxyMkyamWYLmVVQwChaaoC7QPBqo6Xp3iXqhpump,664,True,30,0,0,0,0,4,26,0.0,0,0,0,4,26,0.0,0,0,0,4,26,0.0,30,0,0,0,0,4,26,0.0,0,0,0,4,26,0.0,0,0,0,4,26,0.0,0,0,0,4,26,0.0,0,0,0,4,26,0.0,0,0,0,4,26,0.0,0,0,0,4,26,0.0,0,0,0,4,26,0.0,0,0,0,4,26,0.0,0,0,0,4,26,0.0,0,0,0,4,26,0.0,0,0,0,4,26,0.0,0,0,0,4,26,0.0,0,0,0,4,26,0.0,0,0,0,4,26,0.0,0.0,2.804938271,37,0.0,2.804938271,87
7xZnhdQgr6Nv9i9LH2Fwqh3Xx5TtWy3jVT8Rizygpump,665,True,3,1,0,0,0,0,2,,0,0,0,0,2,,0,0,0,0,2,,3,1,0,0,0,0,2,,0,0,0,0,2,,0,0,0,0,2,,0,0,0,0,2,,0,0,0,0,2,,0,0,0,0,2,,0,0,0,0,2,,0,0,0,0,2,,0,0,0,0,2,,0,0,0,0,2,,0,0,0,0,2,,0,0,0,0,2,,0,0,0,0,2,,0,0,0,0,2,,0,0,0,0,2,,0.0,0.443048147,3,0.0,0.5911962920000001,3
5xKR2a7ZmzLRE5Sa7CrEAXPc1eJQzvdYr6XP3fBRpump,666,True,20,0,0,0,0,9,11,0.0,0,0,0,9,11,0.0,0,0,0,9,11,0.0,24,0,0,0,0,9,15,0.0,0,0,0,9,15,0.0,0,0,0,9,15,0.0,4,0,4,5,11,0.4444444444444444,4,0,4,5,11,0.4444444444444444,4,0,4,5,11,0.4444444444444444,4,0,4,5,15,0.4444444444444444,4,0,4,5,15,0.4444444444444444,4,0,4,5,15,0.4444444444444444,0,0,0,9,11,0.0,0,0,0,9,11,0.0,0,0,0,9,11,0.0,0,0,0,9,15,0.0,0,0,0,9,15,0.0,0,0,0,9,15,0.0,0.3,3.0,20,0.25,3.0,24
BKz7N8CHn9rgG3fDMA87iKVVwcrjUY2zcsjuoDbTpump,667,True,5,0,0,0,0,1,4,,0,0,0,1,4,,0,0,0,1,4,,5,0,0,0,0,1,4,,0,0,0,1,4,,0,0,0,1,4,,0,0,0,1,4,,0,0,0,1,4,,0,0,0,1,4,,0,0,0,1,4,,0,0,0,1,4,,0,0,0,1,4,,0,0,0,1,4,,0,0,0,1,4,,0,0,0,1,4,,0,0,0,1,4,,0,0,0,1,4,,0,0,0,1,4,,0.2,3.0,5,0.2,3.0,5
BLVtEMY8mDhUUZHZMc1fmYLuxt26jsSZAW1Aieqapump,668,True,18,0,0,0,0,6,12,0.0,0,0,0,6,12,0.0,0,0,0,6,12,0.0,30,0,0,0,0,6,24,0.0,0,0,0,6,24,0.0,0,0,0,6,24,0.0,0,0,0,6,12,0.0,0,0,0,6,12,0.0,0,0,0,6,12,0.0,0,0,0,6,24,0.0,0,0,0,6,24,0.0,0,0,0,6,24,0.0,0,0,0,6,12,0.0,0,0,0,6,12,0.0,0,0,0,6,12,0.0,0,0,0,6,24,0.0,0,0,0,6,24,0.0,0,0,0,6,24,0.0,0.3333333333333333,1.679012343,18,0.081081081081081,1.679012343,74
8Wca1iPCNPVK3dVSEveFaYEV1BxqihT54GtMqTZzpump,669,True,8,0,0,0,0,0,8,,0,0,0,0,8,,0,0,0,0,8,,20,0,2,0,2,8,10,0.2,2,0,2,8,10,0.2,2,0,2,8,10,0.2,0,0,0,0,8,,0,0,0,0,8,,0,0,0,0,8,,4,0,4,6,10,0.4,4,0,4,6,10,0.4,4,0,4,6,10,0.4,0,0,0,0,8,,0,0,0,0,8,,0,0,0,0,8,,2,0,2,8,10,0.2,2,0,2,8,10,0.2,2,0,2,8,10,0.2,0.25,1.975308641,8,0.1,1.975308641,20
87NJZNZBnwV5zjRVvgS9Z1HcGDcdxXZi4qHfht1hpump,670,True,3,1,0,0,0,0,2,,0,0,0,0,2,,0,0,0,0,2,,3,1,0,0,0,0,2,,0,0,0,0,2,,0,0,0,0,2,,0,0,0,0,2,,0,0,0,0,2,,0,0,0,0,2,,0,0,0,0,2,,0,0,0,0,2,,0,0,0,0,2,,0,0,0,0,2,,0,0,0,0,2,,0,0,0,0,2,,0,0,0,0,2,,0,0,0,0,2,,0,0,0,0,2,,0.0,0.009876542,3,0.0,0.009876542,3
8owrAoASbt4YxC8kjV9t1GeeSuyaJNqYR6ST7K36pump,671,True,23,0,0,0,0,5,18,0.0,0,0,0,5,18,0.0,0,0,0,5,18,0.0,30,0,0,0,0,7,23,0.0,0,0,0,7,23,0.0,0,0,0,7,23,0.0,0,0,0,5,18,0.0,0,0,0,5,18,0.0,0,0,0,5,18,0.0,0,0,0,7,23,0.0,0,0,0,7,23,0.0,0,0,0,7,23,0.0,0,0,0,5,18,0.0,0,0,0,5,18,0.0,0,0,0,5,18,0.0,0,0,0,7,23,0.0,0,0,0,7,23,0.0,0,0,0,7,23,0.0,0.1304347826086956,3.456790122,23,0.0681818181818181,3.456790122,44
95Yfczp8mAwRZXUvRboinyEVAFnv2CFTi2eWUN9kpump,672,True,14,0,1,1,0,2,11,0.3333333333333333,1,1,0,2,11,0.3333333333333333,1,1,0,2,11,0.3333333333333333,30,0,1,1,0,10,19,0.09090909090909091,1,1,0,10,19,0.09090909090909091,1,1,0,10,19,0.09090909090909091,1,1,0,2,11,0.3333333333333333,1,1,0,2,11,0.3333333333333333,1,1,0,2,11,0.3333333333333333,3,1,2,8,19,0.2727272727272727,3,1,2,8,19,0.2727272727272727,3,1,2,8,19,0.2727272727272727,1,1,0,2,11,0.3333333333333333,1,1,0,2,11,0.3333333333333333,1,1,0,2,11,0.3333333333333333,1,1,0,10,19,0.09090909090909091,1,1,0,10,19,0.09090909090909091,1,1,0,10,19,0.09090909090909091,0.4285714285714285,3.5,14,0.1818181818181818,3.5,33
AE1Lo6LWoCAyMk9QStEBq7tVWXmTTKDK8WXk1Nxkpump,673,True,27,0,2,0,2,4,21,0.3333333333333333,2,0,2,4,21,0.3333333333333333,2,0,2,4,21,0.3333333333333333,30,0,2,0,2,4,24,0.3333333333333333,2,0,2,4,24,0.3333333333333333,2,0,2,4,24,0.3333333333333333,2,0,2,4,21,0.3333333333333333,2,0,2,4,21,0.3333333333333333,2,0,2,4,21,0.3333333333333333,2,0,2,4,24,0.3333333333333333,2,0,2,4,24,0.3333333333333333,2,0,2,4,24,0.3333333333333333,2,0,2,4,21,0.3333333333333333,2,0,2,4,21,0.3333333333333333,2,0,2,4,21,0.3333333333333333,2,0,2,4,24,0.3333333333333333,2,0,2,4,24,0.3333333333333333,2,0,2,4,24,0.3333333333333333,0.074074074074074,9.875e-06,27,0.0298507462686567,9.875e-06,67
4ZoUV2KTBiGofSEQf8D3oq51oeTJUAuuStSrEkhapump,674,True,4,1,0,0,0,0,3,,0,0,0,0,3,,0,0,0,0,3,,4,1,0,0,0,0,3,,0,0,0,0,3,,0,0,0,0,3,,0,0,0,0,3,,0,0,0,0,3,,0,0,0,0,3,,0,0,0,0,3,,0,0,0,0,3,,0,0,0,0,3,,0,0,0,0,3,,0,0,0,0,3,,0,0,0,0,3,,0,0,0,0,3,,0,0,0,0,3,,0,0,0,0,3,,0.0,0.591604935,4,0.0,0.836049379,4
2sbBFpPbQUf99xrvSYE8eRAPvgZ2z4kDuv74849Spump,675,True,7,0,3,3,3,0,4,1.0,3,3,3,0,4,1.0,3,3,3,0,4,1.0,7,0,3,3,3,0,4,1.0,3,3,3,0,4,1.0,3,3,3,0,4,1.0,3,3,3,0,4,1.0,3,3,3,0,4,1.0,3,3,3,0,4,1.0,3,3,3,0,4,1.0,3,3,3,0,4,1.0,3,3,3,0,4,1.0,3,3,3,0,4,1.0,3,3,3,0,4,1.0,3,3,3,0,4,1.0,3,3,3,0,4,1.0,3,3,3,0,4,1.0,3,3,3,0,4,1.0,0.7142857142857143,4.0,7,0.7142857142857143,4.0,7
7ATp1uXMgzA1zZZ2V96ivcTQVHwrtutKjZiEsecPpump,676,True,9,0,1,1,0,1,7,0.5,1,1,0,1,7,0.5,1,1,0,1,7,0.5,17,0,2,2,0,3,12,0.4,2,2,0,3,12,0.4,2,2,0,3,12,0.4,1,1,0,1,7,0.5,1,1,0,1,7,0.5,1,1,0,1,7,0.5,2,2,0,3,12,0.4,2,2,0,3,12,0.4,2,2,0,3,12,0.4,1,1,0,1,7,0.5,1,1,0,1,7,0.5,1,1,0,1,7,0.5,2,2,0,3,12,0.4,2,2,0,3,12,0.4,2,2,0,3,12,0.4,0.2222222222222222,3.5,9,0.1176470588235294,3.5,17
4VhfMeNHNnYGcQwoMxS46hJjYh9DhNrDcePfaU9dpump,677,True,4,1,1,1,0,2,0,0.3333333333333333,1,1,0,2,0,0.3333333333333333,1,1,0,2,0,0.3333333333333333,9,1,1,1,0,6,1,0.14285714285714285,1,1,0,6,1,0.14285714285714285,1,1,0,6,1,0.14285714285714285,1,1,0,2,0,0.3333333333333333,1,1,0,2,0,0.3333333333333333,1,1,0,2,0,0.3333333333333333,1,1,0,6,1,0.14285714285714285,1,1,0,6,1,0.14285714285714285,1,1,0,6,1,0.14285714285714285,1,1,0,2,0,0.3333333333333333,1,1,0,2,0,0.3333333333333333,1,1,0,2,0,0.3333333333333333,1,1,0,6,1,0.14285714285714285,1,1,0,6,1,0.14285714285714285,1,1,0,6,1,0.14285714285714285,0.0,0.118518517,4,0.0,0.705185183,9
8JwoXyLYCAesm37XCBZ1kFsrDPNyuHbwsTRRPuwSpump,678,True,13,0,0,0,0,2,11,0.0,0,0,0,2,11,0.0,0,0,0,2,11,0.0,30,0,0,0,0,9,21,0.0,0,0,0,9,21,0.0,0,0,0,9,21,0.0,0,0,0,2,11,0.0,0,0,0,2,11,0.0,0,0,0,2,11,0.0,0,0,0,9,21,0.0,0,0,0,9,21,0.0,0,0,0,9,21,0.0,0,0,0,2,11,0.0,0,0,0,2,11,0.0,0,0,0,2,11,0.0,0,0,0,9,21,0.0,0,0,0,9,21,0.0,0,0,0,9,21,0.0,0.0,5.0,13,0.0,5.0,80
CeYDoTwBmHkAxoEGj7ViJJ4aPCa24yx7byKoJ4eupump,679,True,3,1,0,0,0,1,1,,0,0,0,1,1,,0,0,0,1,1,,7,1,0,0,0,3,3,0.0,0,0,0,3,3,0.0,0,0,0,3,3,0.0,0,0,0,1,1,,0,0,0,1,1,,0,0,0,1,1,,0,0,0,3,3,0.0,0,0,0,3,3,0.0,0,0,0,3,3,0.0,0,0,0,1,1,,0,0,0,1,1,,0,0,0,1,1,,0,0,0,3,3,0.0,0,0,0,3,3,0.0,0,0,0,3,3,0.0,0.0,0.493827159,3,0.0,0.493827159,7
TWmjnKx1hchF97zZFVwapESYjxSD4whdAddN5Hbpump,680,True,30,0,0,0,0,23,7,0.0,0,0,0,23,7,0.0,0,0,0,23,7,0.0,30,0,0,0,0,23,7,0.0,0,0,0,23,7,0.0,0,0,0,23,7,0.0,0,0,0,23,7,0.0,0,0,0,23,7,0.0,0,0,0,23,7,0.0,0,0,0,23,7,0.0,0,0,0,23,7,0.0,0,0,0,23,7,0.0,0,0,0,23,7,0.0,0,0,0,23,7,0.0,0,0,0,23,7,0.0,0,0,0,23,7,0.0,0,0,0,23,7,0.0,0,0,0,23,7,0.0,0.0888888888888888,0.508641975,45,0.0533333333333333,0.508641975,75
DSATDbbNbTFJaPQjkjKCcH9dxrjWmX249JigGygQpump,681,True,6,0,0,0,0,0,6,,0,0,0,0,6,,0,0,0,0,6,,7,0,0,0,0,1,6,,0,0,0,1,6,,0,0,0,1,6,,0,0,0,0,6,,0,0,0,0,6,,0,0,0,0,6,,0,0,0,1,6,,0,0,0,1,6,,0,0,0,1,6,,0,0,0,0,6,,0,0,0,0,6,,0,0,0,0,6,,0,0,0,1,6,,0,0,0,1,6,,0,0,0,1,6,,0.0,1.035817769,6,0.0,1.035817769,7
5g36HAwocXsRk9oWuUeaZ51UuBAR5bXyoNBXeUnmpump,682,True,3,0,0,0,0,0,3,,0,0,0,0,3,,0,0,0,0,3,,3,0,0,0,0,0,3,,0,0,0,0,3,,0,0,0,0,3,,0,0,0,0,3,,0,0,0,0,3,,0,0,0,0,3,,0,0,0,0,3,,0,0,0,0,3,,0,0,0,0,3,,0,0,0,0,3,,0,0,0,0,3,,0,0,0,0,3,,0,0,0,0,3,,0,0,0,0,3,,0,0,0,0,3,,0.0,36.543209869,3,0.0,36.543209869,3
219RwJh1mtg9hXRhx6Q7h8836RMfrZTJRsmr8aC5pump,683,True,3,0,0,0,0,0,3,,0,0,0,0,3,,0,0,0,0,3,,3,0,0,0,0,0,3,,0,0,0,0,3,,0,0,0,0,3,,0,0,0,0,3,,0,0,0,0,3,,0,0,0,0,3,,0,0,0,0,3,,0,0,0,0,3,,0,0,0,0,3,,0,0,0,0,3,,0,0,0,0,3,,0,0,0,0,3,,0,0,0,0,3,,0,0,0,0,3,,0,0,0,0,3,,0.6666666666666666,0.09875,3,0.6666666666666666,0.09875,3
3zkkZiBd9VQKL3SSiHMCeZahDBft45DvB976XohBpump,684,True,5,0,0,0,0,3,2,0.0,0,0,0,3,2,0.0,0,0,0,3,2,0.0,17,0,0,0,0,13,4,0.0,0,0,0,4,13,0.0,0,0,0,4,13,0.0,0,0,0,3,2,0.0,0,0,0,3,2,0.0,0,0,0,3,2,0.0,0,0,0,13,4,0.0,0,0,0,4,13,0.0,0,0,0,4,13,0.0,0,0,0,3,2,0.0,0,0,0,3,2,0.0,0,0,0,3,2,0.0,0,0,0,13,4,0.0,0,0,0,4,13,0.0,0,0,0,4,13,0.0,0.0,14.814814813,5,0.0,14.814814813,17
B9uTYpPazUKEe51qkto7knCsSJ2AfY9rraAU7Vt7pump,685,True,9,0,0,0,0,2,7,0.0,0,0,0,2,7,0.0,0,0,0,2,7,0.0,19,0,0,0,0,2,17,0.0,0,0,0,2,17,0.0,0,0,0,2,17,0.0,0,0,0,2,7,0.0,0,0,0,2,7,0.0,0,0,0,2,7,0.0,0,0,0,2,17,0.0,0,0,0,2,17,0.0,0,0,0,2,17,0.0,0,0,0,2,7,0.0,0,0,0,2,7,0.0,0,0,0,2,7,0.0,0,0,0,2,17,0.0,0,0,0,2,17,0.0,0,0,0,2,17,0.0,0.6666666666666666,4.0,9,0.3157894736842105,4.0,19
ERBPHv9hNG8YrTWNAttRjZjYQnDp9KyBo8UuGMbrpump,686,True,13,0,1,1,0,1,11,0.5,1,1,0,1,11,0.5,1,1,0,1,11,0.5,30,0,3,1,2,5,22,0.375,3,1,2,5,22,0.375,3,1,2,5,22,0.375,1,1,0,1,11,0.5,1,1,0,1,11,0.5,1,1,0,1,11,0.5,3,1,2,5,22,0.375,3,1,2,5,22,0.375,3,1,2,5,22,0.375,1,1,0,1,11,0.5,1,1,0,1,11,0.5,1,1,0,1,11,0.5,3,1,2,5,22,0.375,3,1,2,5,22,0.375,3,1,2,5,22,0.375,0.4615384615384615,5.0,13,0.2,5.0,30
HuiWtuuz3F7jTUZqzANkgonAHeSD53BgE51ZTCzXpump,687,True,8,0,0,0,0,2,6,0.0,0,0,0,2,6,0.0,0,0,0,2,6,0.0,19,0,0,0,0,6,13,0.0,0,0,0,6,13,0.0,0,0,0,6,13,0.0,0,0,0,2,6,0.0,0,0,0,2,6,0.0,0,0,0,2,6,0.0,0,0,0,6,13,0.0,0,0,0,6,13,0.0,0,0,0,6,13,0.0,0,0,0,2,6,0.0,0,0,0,2,6,0.0,0,0,0,2,6,0.0,0,0,0,6,13,0.0,0,0,0,6,13,0.0,0,0,0,6,13,0.0,0.375,3.950617283,8,0.1578947368421052,3.950617283,19
6N6F94johoR3SYxL5sJrngXU8Z3XNnea2JXja1XJpump,688,True,3,1,0,0,0,1,1,,0,0,0,1,1,,0,0,0,1,1,,3,1,0,0,0,1,1,,0,0,0,1,1,,0,0,0,1,1,,0,0,0,1,1,,0,0,0,1,1,,0,0,0,1,1,,0,0,0,1,1,,0,0,0,1,1,,0,0,0,1,1,,0,0,0,1,1,,0,0,0,1,1,,0,0,0,1,1,,0,0,0,1,1,,0,0,0,1,1,,0,0,0,1,1,,0.0,0.1,3,0.0,0.1,3
ALHcoDRjQteeY84V7nKabwWBbkftwxbAmnAhrdYapump,689,True,19,0,3,3,0,3,13,0.5,3,3,0,3,13,0.5,3,3,0,3,13,0.5,30,0,3,3,0,10,17,0.23076923076923078,3,3,0,10,17,0.23076923076923078,3,3,0,10,17,0.23076923076923078,3,3,2,3,13,0.5,3,3,2,3,13,0.5,3,3,2,3,13,0.5,4,3,3,9,17,0.3076923076923077,4,3,3,9,17,0.3076923076923077,4,3,3,9,17,0.3076923076923077,3,3,0,3,13,0.5,3,3,0,3,13,0.5,3,3,0,3,13,0.5,3,3,0,10,17,0.23076923076923078,3,3,0,10,17,0.23076923076923078,3,3,0,10,17,0.23076923076923078,0.1578947368421052,5.0,19,0.0588235294117647,5.0,51
FBKbAPporDMvvmV463PF89xhH55Gs6uVc9FPJGcbpump,690,True,30,0,2,0,2,6,22,0.25,2,0,2,6,22,0.25,2,0,2,6,22,0.25,30,0,2,0,2,6,22,0.25,2,0,2,6,22,0.25,2,0,2,6,22,0.25,2,0,2,6,22,0.25,2,0,2,6,22,0.25,2,0,2,6,22,0.25,2,0,2,6,22,0.25,2,0,2,6,22,0.25,2,0,2,6,22,0.25,2,0,2,6,22,0.25,2,0,2,6,22,0.25,2,0,2,6,22,0.25,2,0,2,6,22,0.25,2,0,2,6,22,0.25,2,0,2,6,22,0.25,0.0606060606060606,0.088888887,33,0.0357142857142857,0.088888887,56
43KDbLEzbA7xAyN9hMwDykENEEHYcKDutAbHR35Fpump,691,True,5,0,0,0,0,0,5,,0,0,0,0,5,,0,0,0,0,5,,30,0,0,0,0,5,25,0.0,0,0,0,5,25,0.0,0,0,0,5,25,0.0,0,0,0,0,5,,0,0,0,0,5,,0,0,0,0,5,,1,1,0,4,25,0.2,1,1,0,4,25,0.2,1,1,0,4,25,0.2,0,0,0,0,5,,0,0,0,0,5,,0,0,0,0,5,,0,0,0,5,25,0.0,0,0,0,5,25,0.0,0,0,0,5,25,0.0,0.6,0.56980057,5,0.0545454545454545,0.56980057,55
FtReViPxwqjhSTmUHQEuaW2xzsRxFXa6eGg4APdepump,692,True,14,0,2,2,2,3,9,0.4,2,2,2,3,9,0.4,2,2,2,3,9,0.4,30,0,4,2,4,13,13,0.23529411764705882,4,2,4,13,13,0.23529411764705882,4,2,4,13,13,0.23529411764705882,2,2,2,3,9,0.4,2,2,2,3,9,0.4,2,2,2,3,9,0.4,6,2,6,11,13,0.35294117647058826,6,2,6,11,13,0.35294117647058826,6,2,6,11,13,0.35294117647058826,2,2,2,3,9,0.4,2,2,2,3,9,0.4,2,2,2,3,9,0.4,4,2,4,13,13,0.23529411764705882,4,2,4,13,13,0.23529411764705882,4,2,4,13,13,0.23529411764705882,0.1428571428571428,0.98765432,14,0.0416666666666666,0.98765432,48
7i36a6dW6ZUcGz9Y7csLAcguGAQTtCRCE9iY8Fdopump,693,True,9,0,0,0,0,0,9,,0,0,0,0,9,,0,0,0,0,9,,14,0,2,0,2,1,11,0.6666666666666666,2,0,2,1,11,0.6666666666666666,2,0,2,1,11,0.6666666666666666,0,0,0,0,9,,0,0,0,0,9,,0,0,0,0,9,,2,0,2,1,11,0.6666666666666666,2,0,2,1,11,0.6666666666666666,2,0,2,1,11,0.6666666666666666,0,0,0,0,9,,0,0,0,0,9,,0,0,0,0,9,,2,0,2,1,11,0.6666666666666666,2,0,2,1,11,0.6666666666666666,2,0,2,1,11,0.6666666666666666,0.3333333333333333,1.5,9,0.2142857142857142,1.5,14
BQJvHMZw6TCZddSU56bacYZ9a88zX3xnRiMMPKFppump,694,True,11,0,0,0,0,4,7,0.0,0,0,0,4,7,0.0,0,0,0,4,7,0.0,13,0,0,0,0,4,9,0.0,0,0,0,4,9,0.0,0,0,0,4,9,0.0,3,3,3,1,7,0.75,3,3,3,1,7,0.75,3,3,3,1,7,0.75,3,3,3,1,9,0.75,3,3,3,1,9,0.75,3,3,3,1,9,0.75,0,0,0,4,7,0.0,0,0,0,4,7,0.0,0,0,0,4,7,0.0,0,0,0,4,9,0.0,0,0,0,4,9,0.0,0,0,0,4,9,0.0,0.9090909090909092,0.0,11,0.7692307692307693,0.0,13
ENDKQ9e5Quog5EVfrDWsN1Fz4kNWESpe83rya8uypump,695,True,5,1,0,0,0,1,3,,0,0,0,1,3,,0,0,0,1,3,,7,1,0,0,0,3,3,0.0,0,0,0,3,3,0.0,0,0,0,3,3,0.0,0,0,0,1,3,,0,0,0,1,3,,0,0,0,1,3,,0,0,0,3,3,0.0,0,0,0,3,3,0.0,0,0,0,3,3,0.0,0,0,0,1,3,,0,0,0,1,3,,0,0,0,1,3,,0,0,0,3,3,0.0,0,0,0,3,3,0.0,0,0,0,3,3,0.0,0.0,0.493827159,5,0.0,0.493827159,7
7WUStzyqx7HZZBAKA4WFPa5HXHL1de7t5m7Cg67xpump,696,True,4,1,0,0,0,2,1,0.0,0,0,0,2,1,0.0,0,0,0,2,1,0.0,4,1,0,0,0,2,1,0.0,0,0,0,2,1,0.0,0,0,0,2,1,0.0,0,0,0,2,1,0.0,0,0,0,2,1,0.0,0,0,0,2,1,0.0,0,0,0,2,1,0.0,0,0,0,2,1,0.0,0,0,0,2,1,0.0,0,0,0,2,1,0.0,0,0,0,2,1,0.0,0,0,0,2,1,0.0,0,0,0,2,1,0.0,0,0,0,2,1,0.0,0,0,0,2,1,0.0,0.0,3.42716049,4,0.0,3.917027155,4
Boim27ZAMRVcFYC9ZYPev3KXhShAyQntSc2o7348pump,697,True,5,0,0,0,0,1,4,,0,0,0,1,4,,0,0,0,1,4,,6,0,0,0,0,1,5,,0,0,0,1,5,,0,0,0,1,5,,0,0,0,1,4,,0,0,0,1,4,,0,0,0,1,4,,0,0,0,1,5,,0,0,0,1,5,,0,0,0,1,5,,0,0,0,1,4,,0,0,0,1,4,,0,0,0,1,4,,0,0,0,1,5,,0,0,0,1,5,,0,0,0,1,5,,0.2,19.734505824,5,0.1666666666666666,19.734505824,6
GoALpf2yseZ6MTMLCZFDjPBheae4ZWzFsnDWgiXVqUvj,698,True,7,0,3,3,3,0,4,1.0,3,3,3,0,4,1.0,3,3,3,0,4,1.0,20,0,3,3,3,1,16,0.75,3,3,3,1,16,0.75,3,3,3,1,16,0.75,3,3,3,0,4,1.0,3,3,3,0,4,1.0,3,3,3,0,4,1.0,3,3,3,1,16,0.75,3,3,3,1,16,0.75,3,3,3,1,16,0.75,3,3,3,0,4,1.0,3,3,3,0,4,1.0,3,3,3,0,4,1.0,3,3,3,1,16,0.75,3,3,3,1,16,0.75,3,3,3,1,16,0.75,0.5714285714285714,5.0,7,0.2,5.0,20
F4LrHove4BcuLuV7Acu7Qmzuv2UqJUeMTNV4om6ipump,699,True,11,0,0,0,0,1,10,,0,0,0,1,10,,0,0,0,1,10,,13,0,0,0,0,2,11,0.0,0,0,0,2,11,0.0,0,0,0,2,11,0.0,0,0,0,1,10,,0,0,0,1,10,,0,0,0,1,10,,0,0,0,2,11,0.0,0,0,0,2,11,0.0,0,0,0,2,11,0.0,0,0,0,1,10,,0,0,0,1,10,,0,0,0,1,10,,0,0,0,2,11,0.0,0,0,0,2,11,0.0,0,0,0,2,11,0.0,0.9090909090909092,0.0,11,0.7692307692307693,0.0,13
EEwKeZiYYxjoZdAv12ypnk6qCYhtS6SNng1KZEijpump,700,True,6,0,0,0,0,1,5,,0,0,0,1,5,,0,0,0,1,5,,6,0,0,0,0,1,5,,0,0,0,1,5,,0,0,0,1,5,,0,0,0,1,5,,0,0,0,1,5,,0,0,0,1,5,,0,0,0,1,5,,0,0,0,1,5,,0,0,0,1,5,,0,0,0,1,5,,0,0,0,1,5,,0,0,0,1,5,,0,0,0,1,5,,0,0,0,1,5,,0,0,0,1,5,,0.5,1.2,6,0.5,1.2,6
A1jkXvNqgYTqT4QCooYm1yYx8qi5HVZ6EVoDeHuZpump,701,True,3,0,0,0,0,1,2,,0,0,0,1,2,,0,0,0,1,2,,14,0,0,0,0,8,6,0.0,0,0,0,8,6,0.0,0,0,0,8,6,0.0,0,0,0,1,2,,0,0,0,1,2,,0,0,0,1,2,,0,0,0,8,6,0.0,0,0,0,8,6,0.0,0,0,0,8,6,0.0,0,0,0,1,2,,0,0,0,1,2,,0,0,0,1,2,,0,0,0,8,6,0.0,0,0,0,8,6,0.0,0,0,0,8,6,0.0,0.3333333333333333,0.5,3,0.0714285714285714,0.5,14
CDxZU76GD2CponoFVjnQNBTPaV3Uf6QkFc3Bn5b2pump,702,True,4,0,0,0,0,2,2,0.0,0,0,0,2,2,0.0,0,0,0,2,2,0.0,5,0,0,0,0,3,2,0.0,0,0,0,3,2,0.0,0,0,0,3,2,0.0,0,0,0,2,2,0.0,0,0,0,2,2,0.0,0,0,0,2,2,0.0,0,0,0,3,2,0.0,0,0,0,3,2,0.0,0,0,0,3,2,0.0,0,0,0,2,2,0.0,0,0,0,2,2,0.0,0,0,0,2,2,0.0,0,0,0,3,2,0.0,0,0,0,3,2,0.0,0,0,0,3,2,0.0,0.25,0.691358023,4,0.2,0.691358023,5
EAstNjQ4MpfTSdKEoHpaaw84Phd9vEizuiZgAUcupump,703,True,5,0,0,0,0,0,5,,0,0,0,0,5,,0,0,0,0,5,,5,0,0,0,0,0,5,,0,0,0,0,5,,0,0,0,0,5,,0,0,0,0,5,,0,0,0,0,5,,0,0,0,0,5,,0,0,0,0,5,,0,0,0,0,5,,0,0,0,0,5,,0,0,0,0,5,,0,0,0,0,5,,0,0,0,0,5,,0,0,0,0,5,,0,0,0,0,5,,0,0,0,0,5,,0.4,3.0,5,0.4,3.0,5
41AuTvEMG6aenSVXR7JZqvpyEcRW7viDWX612h4Upump,704,True,25,0,3,0,3,6,16,0.3333333333333333,3,0,3,2,20,0.6,3,0,3,2,20,0.6,27,0,3,0,3,6,18,0.3333333333333333,3,0,3,2,22,0.6,3,0,3,2,22,0.6,3,0,3,6,16,0.3333333333333333,3,0,3,2,20,0.6,3,0,3,2,20,0.6,3,0,3,6,18,0.3333333333333333,3,0,3,2,22,0.6,3,0,3,2,22,0.6,3,0,3,6,16,0.3333333333333333,3,0,3,2,20,0.6,3,0,3,2,20,0.6,3,0,3,6,18,0.3333333333333333,3,0,3,2,22,0.6,3,0,3,2,22,0.6,0.24,2.0,25,0.2222222222222222,2.0,27
4Uywbz1KhaSqBtwKYRxxaYTWVLZxGHh9mwC5Kbx5pump,705,True,13,0,0,0,0,3,10,0.0,0,0,0,3,10,0.0,0,0,0,3,10,0.0,30,0,0,0,0,8,22,0.0,0,0,0,8,22,0.0,0,0,0,8,22,0.0,0,0,0,3,10,0.0,0,0,0,3,10,0.0,0,0,0,3,10,0.0,0,0,0,8,22,0.0,0,0,0,8,22,0.0,0,0,0,8,22,0.0,0,0,0,3,10,0.0,0,0,0,3,10,0.0,0,0,0,3,10,0.0,0,0,0,8,22,0.0,0,0,0,8,22,0.0,0,0,0,8,22,0.0,0.1538461538461538,2.962962962,13,0.0338983050847457,2.962962962,59
GBEQP4QSLdo5mv8yY6aTHn5jBbrk2kRfhA9rEguQpump,706,True,13,0,0,0,0,0,13,,0,0,0,0,13,,0,0,0,0,13,,30,0,0,0,0,0,30,,0,0,0,0,30,,0,0,0,0,30,,0,0,0,0,13,,0,0,0,0,13,,0,0,0,0,13,,0,0,0,0,30,,0,0,0,0,30,,0,0,0,0,30,,0,0,0,0,13,,0,0,0,0,13,,0,0,0,0,13,,0,0,0,0,30,,0,0,0,0,30,,0,0,0,0,30,,0.4615384615384615,1.97530864,13,0.1621621621621621,1.97530864,37
gqxQsZ6zMzWJMWcUqzZMWrwe37GgmVembRaZDRBpump,707,True,22,0,0,0,0,3,19,0.0,0,0,0,3,19,0.0,0,0,0,3,19,0.0,30,0,0,0,0,5,25,0.0,0,0,0,5,25,0.0,0,0,0,5,25,0.0,0,0,0,3,19,0.0,0,0,0,3,19,0.0,0,0,0,3,19,0.0,0,0,0,5,25,0.0,0,0,0,5,25,0.0,0,0,0,5,25,0.0,0,0,0,3,19,0.0,0,0,0,3,19,0.0,0,0,0,3,19,0.0,0,0,0,5,25,0.0,0,0,0,5,25,0.0,0,0,0,5,25,0.0,0.3181818181818182,3.0,22,0.1891891891891892,3.0,37
7XHEHM1DEgSSme84QDvHSMND3TnKczEinoa9h2F5pump,708,True,30,0,5,0,5,9,16,0.35714285714285715,5,0,5,9,16,0.35714285714285715,5,0,5,9,16,0.35714285714285715,30,0,5,0,5,9,16,0.35714285714285715,5,0,5,9,16,0.35714285714285715,5,0,5,9,16,0.35714285714285715,7,2,7,7,16,0.5,7,2,7,7,16,0.5,7,2,7,7,16,0.5,7,2,7,7,16,0.5,7,2,7,7,16,0.5,7,2,7,7,16,0.5,5,0,5,9,16,0.35714285714285715,5,0,5,9,16,0.35714285714285715,5,0,5,9,16,0.35714285714285715,5,0,5,9,16,0.35714285714285715,5,0,5,9,16,0.35714285714285715,5,0,5,9,16,0.35714285714285715,0.0666666666666666,9.876543208,30,0.0298507462686567,9.876543208,67
GvJ6cXYFvfDm79udas8SmE4KDq1zfbUdhj3GKrFBpump,709,True,3,1,0,0,0,2,0,0.0,0,0,0,2,0,0.0,0,0,0,2,0,0.0,4,1,0,0,0,2,1,0.0,0,0,0,2,1,0.0,0,0,0,2,1,0.0,0,0,0,2,0,0.0,0,0,0,2,0,0.0,0,0,0,2,0,0.0,0,0,0,2,1,0.0,0,0,0,2,1,0.0,0,0,0,2,1,0.0,0,0,0,2,0,0.0,0,0,0,2,0,0.0,0,0,0,2,0,0.0,0,0,0,2,1,0.0,0,0,0,2,1,0.0,0,0,0,2,1,0.0,0.0,0.200000001,3,0.0,0.200000001,4
9jAvYKEoWd3JuooaQjr88HoSwiowRF3XvwuKWPdkpump,710,True,7,0,0,0,0,1,6,,0,0,0,1,6,,0,0,0,1,6,,8,0,0,0,0,1,7,,0,0,0,1,7,,0,0,0,1,7,,0,0,0,1,6,,0,0,0,1,6,,0,0,0,1,6,,0,0,0,1,7,,0,0,0,1,7,,0,0,0,1,7,,0,0,0,1,6,,0,0,0,1,6,,0,0,0,1,6,,0,0,0,1,7,,0,0,0,1,7,,0,0,0,1,7,,0.8571428571428571,3.0,7,0.75,3.0,8
GjUxFShYk8mNXajV2F25oMsjC7HAUEQbdvfTduGapump,711,True,12,0,7,7,6,2,3,0.7777777777777778,7,7,6,2,3,0.7777777777777778,7,7,6,2,3,0.7777777777777778,12,0,7,7,6,2,3,0.7777777777777778,7,7,6,2,3,0.7777777777777778,7,7,6,2,3,0.7777777777777778,7,7,6,2,3,0.7777777777777778,7,7,6,2,3,0.7777777777777778,7,7,6,2,3,0.7777777777777778,7,7,6,2,3,0.7777777777777778,7,7,6,2,3,0.7777777777777778,7,7,6,2,3,0.7777777777777778,7,7,6,2,3,0.7777777777777778,7,7,6,2,3,0.7777777777777778,7,7,6,2,3,0.7777777777777778,7,7,6,2,3,0.7777777777777778,7,7,6,2,3,0.7777777777777778,7,7,6,2,3,0.7777777777777778,0.1666666666666666,4.0,12,0.1666666666666666,4.0,12
FJ7RE91UbxQ6t5tbXo1itprkUqZAV1LPEWM85G2qpump,712,True,4,0,0,0,0,3,1,0.0,0,0,0,1,3,,0,0,0,1,3,,18,0,0,0,0,15,3,0.0,0,0,0,1,17,,0,0,0,1,17,,0,0,0,3,1,0.0,0,0,0,1,3,,0,0,0,1,3,,0,0,0,15,3,0.0,0,0,0,1,17,,0,0,0,1,17,,0,0,0,3,1,0.0,0,0,0,1,3,,0,0,0,1,3,,0,0,0,15,3,0.0,0,0,0,1,17,,0,0,0,1,17,,0.25,14.814814813,4,0.0555555555555555,14.814814813,18
Fw1rMesJ4zv83vfkZHdHzw3BwzcD9xNBbcFZo8tEpump,713,True,3,1,0,0,0,0,2,,0,0,0,0,2,,0,0,0,0,2,,3,1,0,0,0,0,2,,0,0,0,0,2,,0,0,0,0,2,,0,0,0,0,2,,0,0,0,0,2,,0,0,0,0,2,,0,0,0,0,2,,0,0,0,0,2,,0,0,0,0,2,,0,0,0,0,2,,0,0,0,0,2,,0,0,0,0,2,,0,0,0,0,2,,0,0,0,0,2,,0,0,0,0,2,,0.0,0.050000001,3,0.0,0.050000001,3
J9FZ4WqD6ZYYm2ja8wASJJ2KaARNjAj6ypQ7BqFzpump,714,True,12,0,2,0,2,3,7,0.4,2,0,2,3,7,0.4,2,0,2,3,7,0.4,14,0,3,0,3,4,7,0.42857142857142855,3,0,3,4,7,0.42857142857142855,3,0,3,4,7,0.42857142857142855,2,0,2,3,7,0.4,2,0,2,3,7,0.4,2,0,2,3,7,0.4,3,0,3,4,7,0.42857142857142855,3,0,3,4,7,0.42857142857142855,3,0,3,4,7,0.42857142857142855,2,0,2,3,7,0.4,2,0,2,3,7,0.4,2,0,2,3,7,0.4,3,0,3,4,7,0.42857142857142855,3,0,3,4,7,0.42857142857142855,3,0,3,4,7,0.42857142857142855,0.0833333333333333,1.48148148,12,0.0714285714285714,1.48148148,14
HmHnGk32MUdrgRaXziDsTQGNvguApU1ai3jMR725pump,715,True,3,1,0,0,0,2,0,0.0,0,0,0,2,0,0.0,0,0,0,2,0,0.0,4,1,0,0,0,3,0,0.0,0,0,0,3,0,0.0,0,0,0,3,0,0.0,0,0,0,2,0,0.0,0,0,0,2,0,0.0,0,0,0,2,0,0.0,2,0,2,1,0,0.6666666666666666,2,0,2,1,0,0.6666666666666666,2,0,2,1,0,0.6666666666666666,0,0,0,2,0,0.0,0,0,0,2,0,0.0,0,0,0,2,0,0.0,0,0,0,3,0,0.0,0,0,0,3,0,0.0,0,0,0,3,0,0.0,0.0,0.099382716,3,0.0,0.099382716,4
ETKcnxGBXpvrUJEAcs7Y7dtNGMJBah1bbw4XW4X7pump,716,True,17,0,0,0,0,14,3,0.0,0,0,0,1,16,,0,0,0,1,16,,30,0,0,0,0,27,3,0.0,0,0,0,2,28,0.0,0,0,0,2,28,0.0,0,0,0,14,3,0.0,0,0,0,1,16,,0,0,0,1,16,,0,0,0,27,3,0.0,0,0,0,2,28,0.0,0,0,0,2,28,0.0,0,0,0,14,3,0.0,0,0,0,1,16,,0,0,0,1,16,,0,0,0,27,3,0.0,0,0,0,2,28,0.0,0,0,0,2,28,0.0,0.1176470588235294,2.8,17,0.064516129032258,2.8,31
DQ6ufHk2ivT7diDst4HRReTkGoe8vG74hNLCjxQTKNQt,717,True,4,0,0,0,0,0,4,,0,0,0,0,4,,0,0,0,0,4,,4,0,0,0,0,0,4,,0,0,0,0,4,,0,0,0,0,4,,0,0,0,0,4,,0,0,0,0,4,,0,0,0,0,4,,0,0,0,0,4,,0,0,0,0,4,,0,0,0,0,4,,0,0,0,0,4,,0,0,0,0,4,,0,0,0,0,4,,0,0,0,0,4,,0,0,0,0,4,,0,0,0,0,4,,0.5,4.938271604,4,0.5,4.938271604,4
HHLo6kLBbcTsUAvGBJB2uwojX1oiSnwjk6heNjHNpump,718,True,12,0,0,0,0,1,11,,0,0,0,1,11,,0,0,0,1,11,,15,0,0,0,0,1,14,,0,0,0,1,14,,0,0,0,1,14,,0,0,0,1,11,,0,0,0,1,11,,0,0,0,1,11,,0,0,0,1,14,,0,0,0,1,14,,0,0,0,1,14,,0,0,0,1,11,,0,0,0,1,11,,0,0,0,1,11,,0,0,0,1,14,,0,0,0,1,14,,0,0,0,1,14,,0.0,26.666666665,12,0.0,26.666666665,15
6aDETrThW3SmZfGyqFSZR5EsstAxHDVqsAWwRDkepump,719,True,3,1,0,0,0,2,0,0.0,0,0,0,2,0,0.0,0,0,0,2,0,0.0,4,1,0,0,0,3,0,0.0,0,0,0,3,0,0.0,0,0,0,3,0,0.0,0,0,0,2,0,0.0,0,0,0,2,0,0.0,0,0,0,2,0,0.0,0,0,0,3,0,0.0,0,0,0,3,0,0.0,0,0,0,3,0,0.0,0,0,0,2,0,0.0,0,0,0,2,0,0.0,0,0,0,2,0,0.0,0,0,0,3,0,0.0,0,0,0,3,0,0.0,0,0,0,3,0,0.0,0.0,0.098765431,3,0.0,0.098765431,4
BNoMGsB6p3ERURET7xVEHNe3bv3DZJ8PnR2EZDPUpump,720,True,24,0,0,0,0,4,20,0.0,0,0,0,4,20,0.0,0,0,0,4,20,0.0,27,0,0,0,0,7,20,0.0,0,0,0,7,20,0.0,0,0,0,7,20,0.0,0,0,0,4,20,0.0,0,0,0,4,20,0.0,0,0,0,4,20,0.0,0,0,0,7,20,0.0,0,0,0,7,20,0.0,0,0,0,7,20,0.0,0,0,0,4,20,0.0,0,0,0,4,20,0.0,0,0,0,4,20,0.0,0,0,0,7,20,0.0,0,0,0,7,20,0.0,0,0,0,7,20,0.0,0.125,1.72839506,24,0.1111111111111111,1.72839506,27
7RmyJ37gAxSFPUiDd1htBQsbFkym8AEFon4KUq7apump,721,True,7,0,0,0,0,5,2,0.0,0,0,0,5,2,0.0,0,0,0,5,2,0.0,10,0,0,0,0,7,3,0.0,0,0,0,7,3,0.0,0,0,0,7,3,0.0,0,0,0,5,2,0.0,0,0,0,5,2,0.0,0,0,0,5,2,0.0,0,0,0,7,3,0.0,0,0,0,7,3,0.0,0,0,0,7,3,0.0,0,0,0,5,2,0.0,0,0,0,5,2,0.0,0,0,0,5,2,0.0,0,0,0,7,3,0.0,0,0,0,7,3,0.0,0,0,0,7,3,0.0,0.5714285714285714,1.975308641,7,0.4,1.975308641,10
4WNN1nMdjCpK9oQdEf5sLSUXgGGNDZnh1YpC58topump,722,True,3,1,0,0,0,1,1,,0,0,0,1,1,,0,0,0,1,1,,3,1,0,0,0,1,1,,0,0,0,1,1,,0,0,0,1,1,,0,0,0,1,1,,0,0,0,1,1,,0,0,0,1,1,,0,0,0,1,1,,0,0,0,1,1,,0,0,0,1,1,,0,0,0,1,1,,0,0,0,1,1,,0,0,0,1,1,,0,0,0,1,1,,0,0,0,1,1,,0,0,0,1,1,,0.0,0.77,3,0.0,0.77,3
Gi92g7BNEidGESy6NqqLSQNL4GpwP5eKwStw13EBpump,723,True,5,0,0,0,0,0,5,,0,0,0,0,5,,0,0,0,0,5,,5,0,0,0,0,0,5,,0,0,0,0,5,,0,0,0,0,5,,0,0,0,0,5,,0,0,0,0,5,,0,0,0,0,5,,0,0,0,0,5,,0,0,0,0,5,,0,0,0,0,5,,0,0,0,0,5,,0,0,0,0,5,,0,0,0,0,5,,0,0,0,0,5,,0,0,0,0,5,,0,0,0,0,5,,0.0,2.962962961,5,0.0,2.962962961,5
2TbA8rPnVy6UWiVUTTiy4AgH9AhpDL1VfsLcwD5npump,724,True,6,0,0,0,0,2,4,0.0,0,0,0,2,4,0.0,0,0,0,2,4,0.0,9,0,0,0,0,5,4,0.0,0,0,0,5,4,0.0,0,0,0,5,4,0.0,0,0,0,2,4,0.0,0,0,0,2,4,0.0,0,0,0,2,4,0.0,0,0,0,5,4,0.0,0,0,0,5,4,0.0,0,0,0,5,4,0.0,0,0,0,2,4,0.0,0,0,0,2,4,0.0,0,0,0,2,4,0.0,0,0,0,5,4,0.0,0,0,0,5,4,0.0,0,0,0,5,4,0.0,0.0,1.97530864,6,0.0,1.97530864,9
21D2WJsxccrXrVEFmimNjHUwQhebzvrtczmAsPkrpump,725,True,3,1,2,0,2,0,0,1.0,2,0,2,0,0,1.0,2,0,2,0,0,1.0,3,1,2,0,2,0,0,1.0,2,0,2,0,0,1.0,2,0,2,0,0,1.0,2,0,2,0,0,1.0,2,0,2,0,0,1.0,2,0,2,0,0,1.0,2,0,2,0,0,1.0,2,0,2,0,0,1.0,2,0,2,0,0,1.0,2,0,2,0,0,1.0,2,0,2,0,0,1.0,2,0,2,0,0,1.0,2,0,2,0,0,1.0,2,0,2,0,0,1.0,2,0,2,0,0,1.0,0.0,0.1382561679999999,3,0.0,0.1580092519999999,3
5qH1QQiJNZvsdYcm6kd7cTkvT13ccvejkgeA5Mafpump,726,True,4,1,0,0,0,1,2,,0,0,0,1,2,,0,0,0,1,2,,4,1,0,0,0,1,2,,0,0,0,1,2,,0,0,0,1,2,,0,0,0,1,2,,0,0,0,1,2,,0,0,0,1,2,,0,0,0,1,2,,0,0,0,1,2,,0,0,0,1,2,,0,0,0,1,2,,0,0,0,1,2,,0,0,0,1,2,,0,0,0,1,2,,0,0,0,1,2,,0,0,0,1,2,,0.0,0.050084894,4,0.0,0.050084894,4
76ivRFwyxcD3RUF3kJsMH4AjepPbu2EhoEAXzknBpump,727,True,5,1,0,0,0,1,3,,0,0,0,1,3,,0,0,0,1,3,,5,1,0,0,0,1,3,,0,0,0,1,3,,0,0,0,1,3,,0,0,0,1,3,,0,0,0,1,3,,0,0,0,1,3,,0,0,0,1,3,,0,0,0,1,3,,0,0,0,1,3,,0,0,0,1,3,,0,0,0,1,3,,0,0,0,1,3,,0,0,0,1,3,,0,0,0,1,3,,0,0,0,1,3,,0.0,0.250000001,5,0.0,0.250000001,5
CaeccJCN7xWDmi36ddZkTfgkpd7axBi7E7FNo6bvpump,728,True,4,1,0,0,0,1,2,,0,0,0,1,2,,0,0,0,1,2,,5,1,0,0,0,2,2,0.0,0,0,0,2,2,0.0,0,0,0,2,2,0.0,0,0,0,1,2,,0,0,0,1,2,,0,0,0,1,2,,0,0,0,2,2,0.0,0,0,0,2,2,0.0,0,0,0,2,2,0.0,0,0,0,1,2,,0,0,0,1,2,,0,0,0,1,2,,0,0,0,2,2,0.0,0,0,0,2,2,0.0,0,0,0,2,2,0.0,0.0,0.984671601,4,0.0,0.984671601,5
4kdHUQXH3mdJtsztTrjWGghcFk5wT2uU8tkZvg1xpump,729,True,4,1,0,0,0,2,1,0.0,0,0,0,2,1,0.0,0,0,0,2,1,0.0,5,1,0,0,0,2,2,0.0,0,0,0,2,2,0.0,0,0,0,2,2,0.0,1,1,0,1,1,0.5,1,1,0,1,1,0.5,1,1,0,1,1,0.5,1,1,0,1,2,0.5,1,1,0,1,2,0.5,1,1,0,1,2,0.5,0,0,0,2,1,0.0,0,0,0,2,1,0.0,0,0,0,2,1,0.0,0,0,0,2,2,0.0,0,0,0,2,2,0.0,0,0,0,2,2,0.0,0.0,0.700000001,4,0.0,0.700000001,5
4ksHHwrJSXSA4dGq6KUGjWwE4DAU7Wcbj6qrbQ1Fpump,730,True,4,1,0,0,0,1,2,,0,0,0,1,2,,0,0,0,1,2,,5,1,0,0,0,1,3,,0,0,0,1,3,,0,0,0,1,3,,0,0,0,1,2,,0,0,0,1,2,,0,0,0,1,2,,0,0,0,1,3,,0,0,0,1,3,,0,0,0,1,3,,0,0,0,1,2,,0,0,0,1,2,,0,0,0,1,2,,0,0,0,1,3,,0,0,0,1,3,,0,0,0,1,3,,0.0,0.548148147,4,0.0,0.548148147,5
Dwv3byCV8HAkPRoEWFmvpLrXTZRH12c9sQuW9Q4ppump,731,True,3,0,0,0,0,0,3,,0,0,0,0,3,,0,0,0,0,3,,3,0,0,0,0,0,3,,0,0,0,0,3,,0,0,0,0,3,,0,0,0,0,3,,0,0,0,0,3,,0,0,0,0,3,,0,0,0,0,3,,0,0,0,0,3,,0,0,0,0,3,,0,0,0,0,3,,0,0,0,0,3,,0,0,0,0,3,,0,0,0,0,3,,0,0,0,0,3,,0,0,0,0,3,,0.3333333333333333,2.194765431,3,0.3333333333333333,2.194765431,3
CPnjsgJbPL5TzCHMQpUEHNzFEzV6k1ugG5LremEwpump,732,True,3,1,0,0,0,1,1,,0,0,0,1,1,,0,0,0,1,1,,3,1,0,0,0,1,1,,0,0,0,1,1,,0,0,0,1,1,,0,0,0,1,1,,0,0,0,1,1,,0,0,0,1,1,,0,0,0,1,1,,0,0,0,1,1,,0,0,0,1,1,,0,0,0,1,1,,0,0,0,1,1,,0,0,0,1,1,,0,0,0,1,1,,0,0,0,1,1,,0,0,0,1,1,,0.0,0.079012344,3,0.0,0.079012344,3
91VDhPPX7qXbDnqWbsysYFnP7NKi5ZJbTwxbnTjpump,733,True,3,1,0,0,0,2,0,0.0,0,0,0,2,0,0.0,0,0,0,2,0,0.0,4,1,0,0,0,3,0,0.0,0,0,0,3,0,0.0,0,0,0,3,0,0.0,0,0,0,2,0,0.0,0,0,0,2,0,0.0,0,0,0,2,0,0.0,0,0,0,3,0,0.0,0,0,0,3,0,0.0,0,0,0,3,0,0.0,0,0,0,2,0,0.0,0,0,0,2,0,0.0,0,0,0,2,0,0.0,0,0,0,3,0,0.0,0,0,0,3,0,0.0,0,0,0,3,0,0.0,0.0,0.890123449,3,0.0,1.087654311,4
A72gSSj5Z5rYU7oAmRgr9Sxii7x3rpzwNXMWiLPnpump,734,True,3,1,0,0,0,1,1,,0,0,0,1,1,,0,0,0,1,1,,4,1,0,0,0,1,2,,0,0,0,1,2,,0,0,0,1,2,,0,0,0,1,1,,0,0,0,1,1,,0,0,0,1,1,,0,0,0,1,2,,0,0,0,1,2,,0,0,0,1,2,,0,0,0,1,1,,0,0,0,1,1,,0,0,0,1,1,,0,0,0,1,2,,0,0,0,1,2,,0,0,0,1,2,,0.0,21.72839506,3,0.0,21.72839506,4
9UjTmY6axT4dkM8pSgX7gaFB9d5UyjmjbjKLd1dspump,735,True,3,1,0,0,0,1,1,,0,0,0,1,1,,0,0,0,1,1,,5,1,0,0,0,3,1,0.0,0,0,0,3,1,0.0,0,0,0,3,1,0.0,0,0,0,1,1,,0,0,0,1,1,,0,0,0,1,1,,0,0,0,3,1,0.0,0,0,0,3,1,0.0,0,0,0,3,1,0.0,0,0,0,1,1,,0,0,0,1,1,,0,0,0,1,1,,0,0,0,3,1,0.0,0,0,0,3,1,0.0,0,0,0,3,1,0.0,0.0,0.999644435,3,0.0,1.003555543,5
9uGUH4E2qgmEy5mdKabiTawnTEnCFeEu75qm8xzrpump,736,True,3,1,0,0,0,1,1,,0,0,0,1,1,,0,0,0,1,1,,3,1,0,0,0,1,1,,0,0,0,1,1,,0,0,0,1,1,,0,0,0,1,1,,0,0,0,1,1,,0,0,0,1,1,,0,0,0,1,1,,0,0,0,1,1,,0,0,0,1,1,,0,0,0,1,1,,0,0,0,1,1,,0,0,0,1,1,,0,0,0,1,1,,0,0,0,1,1,,0,0,0,1,1,,0.0,2.4322222200000003,3,0.0,2.4322222200000003,3
7u9ty2ykRcxTLte3SzKCkGvYEPVvmZb11JW2hHSupump,737,True,7,0,0,0,0,0,7,,0,0,0,0,7,,0,0,0,0,7,,7,0,0,0,0,0,7,,0,0,0,0,7,,0,0,0,0,7,,0,0,0,0,7,,0,0,0,0,7,,0,0,0,0,7,,0,0,0,0,7,,0,0,0,0,7,,0,0,0,0,7,,0,0,0,0,7,,0,0,0,0,7,,0,0,0,0,7,,0,0,0,0,7,,0,0,0,0,7,,0,0,0,0,7,,1.0,5.0,7,1.0,5.0,7
arayNhMmTLigFqC9n3TZJLAa3UN2NoygvtnEFT7pump,738,True,3,1,0,0,0,2,0,0.0,0,0,0,2,0,0.0,0,0,0,2,0,0.0,3,1,0,0,0,2,0,0.0,0,0,0,2,0,0.0,0,0,0,2,0,0.0,0,0,0,2,0,0.0,0,0,0,2,0,0.0,0,0,0,2,0,0.0,0,0,0,2,0,0.0,0,0,0,2,0,0.0,0,0,0,2,0,0.0,0,0,0,2,0,0.0,0,0,0,2,0,0.0,0,0,0,2,0,0.0,0,0,0,2,0,0.0,0,0,0,2,0,0.0,0,0,0,2,0,0.0,0.0,0.98765432,3,0.0,0.98765432,3
48yBwKmn8YDWumLczBfdu6V3KD1sTkRczEekhTetpump,739,True,11,0,0,0,0,1,10,,0,0,0,1,10,,0,0,0,1,10,,14,0,0,0,0,2,12,0.0,0,0,0,2,12,0.0,0,0,0,2,12,0.0,0,0,0,1,10,,0,0,0,1,10,,0,0,0,1,10,,0,0,0,2,12,0.0,0,0,0,2,12,0.0,0,0,0,2,12,0.0,0,0,0,1,10,,0,0,0,1,10,,0,0,0,1,10,,0,0,0,2,12,0.0,0,0,0,2,12,0.0,0,0,0,2,12,0.0,0.2727272727272727,5.0,11,0.2142857142857142,5.0,14
43RuMKo4KTNekqjGSBM4NTsnL2dA8kf2MopF12eEpump,740,True,5,0,0,0,0,5,0,0.0,0,0,0,2,3,0.0,0,0,0,2,3,0.0,7,0,0,0,0,5,2,0.0,0,0,0,2,5,0.0,0,0,0,2,5,0.0,0,0,0,5,0,0.0,0,0,0,2,3,0.0,0,0,0,2,3,0.0,0,0,0,5,2,0.0,0,0,0,2,5,0.0,0,0,0,2,5,0.0,0,0,0,5,0,0.0,0,0,0,2,3,0.0,0,0,0,2,3,0.0,0,0,0,5,2,0.0,0,0,0,2,5,0.0,0,0,0,2,5,0.0,0.6,0.158494303,5,0.4285714285714285,0.158494303,7
BneZyUT3mnoS9SnPEYJeyEF3J9imSkoDhV8hMmikpump,741,True,7,0,0,0,0,7,0,0.0,0,0,0,7,0,0.0,0,0,0,7,0,0.0,20,0,0,0,0,10,10,0.0,0,0,0,10,10,0.0,0,0,0,10,10,0.0,0,0,0,7,0,0.0,0,0,0,7,0,0.0,0,0,0,7,0,0.0,0,0,0,10,10,0.0,0,0,0,10,10,0.0,0,0,0,10,10,0.0,0,0,0,7,0,0.0,0,0,0,7,0,0.0,0,0,0,7,0,0.0,0,0,0,10,10,0.0,0,0,0,10,10,0.0,0,0,0,10,10,0.0,0.5714285714285714,3.0,7,0.2,3.0,20
GDuZYbfUg3ZWJ8zYix1aYReYRbdWM6MVHrWucKwfpump,742,True,6,0,0,0,0,1,5,,0,0,0,1,5,,0,0,0,1,5,,8,0,0,0,0,2,6,0.0,0,0,0,2,6,0.0,0,0,0,2,6,0.0,0,0,0,1,5,,0,0,0,1,5,,0,0,0,1,5,,0,0,0,2,6,0.0,0,0,0,2,6,0.0,0,0,0,2,6,0.0,0,0,0,1,5,,0,0,0,1,5,,0,0,0,1,5,,0,0,0,2,6,0.0,0,0,0,2,6,0.0,0,0,0,2,6,0.0,0.6666666666666666,5.0,6,0.5,5.0,8
Beuu1v4Z2VCjJN5tG161oExryfvuFDHBf1WvrC9Tpump,743,True,3,1,0,0,0,1,1,,0,0,0,1,1,,0,0,0,1,1,,3,1,0,0,0,1,1,,0,0,0,1,1,,0,0,0,1,1,,0,0,0,1,1,,0,0,0,1,1,,0,0,0,1,1,,0,0,0,1,1,,0,0,0,1,1,,0,0,0,1,1,,0,0,0,1,1,,0,0,0,1,1,,0,0,0,1,1,,0,0,0,1,1,,0,0,0,1,1,,0,0,0,1,1,,0.0,0.085629628,3,0.0,0.085629628,3
6f4tyLpvbf3Pqdd6JrkLy7UTbVeZ7iFwpmPGdjHipump,744,True,4,1,0,0,0,0,3,,0,0,0,0,3,,0,0,0,0,3,,4,1,0,0,0,0,3,,0,0,0,0,3,,0,0,0,0,3,,0,0,0,0,3,,0,0,0,0,3,,0,0,0,0,3,,0,0,0,0,3,,0,0,0,0,3,,0,0,0,0,3,,0,0,0,0,3,,0,0,0,0,3,,0,0,0,0,3,,0,0,0,0,3,,0,0,0,0,3,,0,0,0,0,3,,0.0,0.250039067,4,0.0,1.040162519,4
3E33emmrZrJNBnRMQbKyXmj3SrXGqD7ySAybaXf5pump,745,True,13,0,0,0,0,0,13,,0,0,0,0,13,,0,0,0,0,13,,19,0,0,0,0,1,18,,0,0,0,1,18,,0,0,0,1,18,,0,0,0,0,13,,0,0,0,0,13,,0,0,0,0,13,,0,0,0,1,18,,0,0,0,1,18,,0,0,0,1,18,,0,0,0,0,13,,0,0,0,0,13,,0,0,0,0,13,,0,0,0,1,18,,0,0,0,1,18,,0,0,0,1,18,,0.3846153846153846,1.48148148,13,0.2631578947368421,1.48148148,19
inHbFCjfnY1vYdXqDEr4fLBDTViWYXXMNayr8z4pump,746,True,3,1,0,0,0,2,0,0.0,0,0,0,2,0,0.0,0,0,0,2,0,0.0,12,1,0,0,0,2,9,0.0,0,0,0,2,9,0.0,0,0,0,2,9,0.0,0,0,0,2,0,0.0,0,0,0,2,0,0.0,0,0,0,2,0,0.0,0,0,0,2,9,0.0,0,0,0,2,9,0.0,0,0,0,2,9,0.0,0,0,0,2,0,0.0,0,0,0,2,0,0.0,0,0,0,2,0,0.0,0,0,0,2,9,0.0,0,0,0,2,9,0.0,0,0,0,2,9,0.0,0.0,0.493827159,3,0.0,0.591604936,12
28FF6NusmqihvgxC1Vhw8GtpUhamffGgQuPUkCtZpump,747,True,15,0,0,0,0,8,7,0.0,0,0,0,1,14,,0,0,0,1,14,,28,0,0,0,0,19,9,0.0,0,0,0,1,27,,0,0,0,1,27,,0,0,0,8,7,0.0,0,0,0,1,14,,0,0,0,1,14,,0,0,0,19,9,0.0,0,0,0,1,27,,0,0,0,1,27,,0,0,0,8,7,0.0,0,0,0,1,14,,0,0,0,1,14,,0,0,0,19,9,0.0,0,0,0,1,27,,0,0,0,1,27,,0.3333333333333333,1.5,15,0.1785714285714285,1.5,28
DJHp6y8pdbsx1RQ6to7reZTDfJSc8t6NoCRCx3Ndpump,748,True,3,1,0,0,0,1,1,,0,0,0,1,1,,0,0,0,1,1,,3,1,0,0,0,1,1,,0,0,0,1,1,,0,0,0,1,1,,0,0,0,1,1,,0,0,0,1,1,,0,0,0,1,1,,0,0,0,1,1,,0,0,0,1,1,,0,0,0,1,1,,0,0,0,1,1,,0,0,0,1,1,,0,0,0,1,1,,0,0,0,1,1,,0,0,0,1,1,,0,0,0,1,1,,0.0,0.050000001,3,0.0,0.050000001,3
6WBo9GX4boH2Es3ksVHZRsvsj5cm1pUExwS7K3cZpump,749,True,3,1,0,0,0,1,1,,0,0,0,1,1,,0,0,0,1,1,,3,1,0,0,0,1,1,,0,0,0,1,1,,0,0,0,1,1,,0,0,0,1,1,,0,0,0,1,1,,0,0,0,1,1,,0,0,0,1,1,,0,0,0,1,1,,0,0,0,1,1,,0,0,0,1,1,,0,0,0,1,1,,0,0,0,1,1,,0,0,0,1,1,,0,0,0,1,1,,0,0,0,1,1,,0.0,0.398765431,3,0.0,0.398765431,3
BSewxPibwAV7V1c5EdUwkaQWfv6QnPNhCfGkD42epump,750,True,4,0,0,0,0,0,4,,0,0,0,0,4,,0,0,0,0,4,,5,0,0,0,0,1,4,,0,0,0,1,4,,0,0,0,1,4,,0,0,0,0,4,,0,0,0,0,4,,0,0,0,0,4,,0,0,0,1,4,,0,0,0,1,4,,0,0,0,1,4,,0,0,0,0,4,,0,0,0,0,4,,0,0,0,0,4,,0,0,0,1,4,,0,0,0,1,4,,0,0,0,1,4,,0.0,0.098765431,4,0.0,0.098765431,5
4RW36xoX4k5D8C1ApjxaBcdfHaFTizyBkzdig1rSpump,751,True,6,0,0,0,0,1,5,,0,0,0,1,5,,0,0,0,1,5,,9,0,0,0,0,3,6,0.0,0,0,0,3,6,0.0,0,0,0,3,6,0.0,0,0,0,1,5,,0,0,0,1,5,,0,0,0,1,5,,0,0,0,3,6,0.0,0,0,0,3,6,0.0,0,0,0,3,6,0.0,0,0,0,1,5,,0,0,0,1,5,,0,0,0,1,5,,0,0,0,3,6,0.0,0,0,0,3,6,0.0,0,0,0,3,6,0.0,0.3333333333333333,5.0,6,0.2222222222222222,5.0,9
4PsNpbsiPfZh8xQjr3XeHo9FEcWDGw2GKZLhU63Vpump,752,True,20,0,0,0,0,4,16,0.0,0,0,0,4,16,0.0,0,0,0,4,16,0.0,23,0,0,0,0,6,17,0.0,0,0,0,6,17,0.0,0,0,0,6,17,0.0,0,0,0,4,16,0.0,0,0,0,4,16,0.0,0,0,0,4,16,0.0,0,0,0,6,17,0.0,0,0,0,6,17,0.0,0,0,0,6,17,0.0,0,0,0,4,16,0.0,0,0,0,4,16,0.0,0,0,0,4,16,0.0,0,0,0,6,17,0.0,0,0,0,6,17,0.0,0,0,0,6,17,0.0,0.15,0.395061727,20,0.1304347826086956,0.395061727,23
2rHvexCDXzyqkBuZb7Z314PEiBWEPsGwHg9nRdn1pump,753,True,16,0,0,0,0,6,10,0.0,0,0,0,6,10,0.0,0,0,0,6,10,0.0,30,0,0,0,0,7,23,0.0,0,0,0,7,23,0.0,0,0,0,7,23,0.0,0,0,0,6,10,0.0,0,0,0,6,10,0.0,0,0,0,6,10,0.0,0,0,0,7,23,0.0,0,0,0,7,23,0.0,0,0,0,7,23,0.0,0,0,0,6,10,0.0,0,0,0,6,10,0.0,0,0,0,6,10,0.0,0,0,0,7,23,0.0,0,0,0,7,23,0.0,0,0,0,7,23,0.0,0.3125,1.97530864,16,0.0793650793650793,1.97530864,63
4Ypw5fETXczMv8CyyXu8tgQzHqQgsR8kjUuHNLtupump,754,True,11,0,0,0,0,10,1,0.0,0,0,0,0,11,,0,0,0,0,11,,29,0,18,0,18,7,4,0.72,0,0,0,0,29,,0,0,0,0,29,,0,0,0,10,1,0.0,0,0,0,0,11,,0,0,0,0,11,,18,0,18,7,4,0.72,0,0,0,0,29,,0,0,0,0,29,,0,0,0,10,1,0.0,0,0,0,0,11,,0,0,0,0,11,,14,0,14,11,4,0.56,0,0,0,0,29,,0,0,0,0,29,,0.0,14.814814813,11,0.0,14.814814813,29
Hf7pjUmp5pbs2xT1YHa2JNDG3dXydMBKpgTaf7CWpump,755,True,3,1,0,0,0,0,2,,0,0,0,0,2,,0,0,0,0,2,,3,1,0,0,0,0,2,,0,0,0,0,2,,0,0,0,0,2,,0,0,0,0,2,,0,0,0,0,2,,0,0,0,0,2,,0,0,0,0,2,,0,0,0,0,2,,0,0,0,0,2,,0,0,0,0,2,,0,0,0,0,2,,0,0,0,0,2,,0,0,0,0,2,,0,0,0,0,2,,0,0,0,0,2,,0.0,0.928369189,3,0.0,0.928369189,3
FD4HQ2DoCwXgivXKn6rKB74Wx5Cc9s7H8KBCCG7apump,756,True,3,1,0,0,0,0,2,,0,0,0,0,2,,0,0,0,0,2,,3,1,0,0,0,0,2,,0,0,0,0,2,,0,0,0,0,2,,0,0,0,0,2,,0,0,0,0,2,,0,0,0,0,2,,0,0,0,0,2,,0,0,0,0,2,,0,0,0,0,2,,0,0,0,0,2,,0,0,0,0,2,,0,0,0,0,2,,0,0,0,0,2,,0,0,0,0,2,,0,0,0,0,2,,0.0,1.645490001,3,0.0,2.238082591,3
Gy6jqRSaiVhQ7fDTTJf8ERd3XmhVZpqhV4Q9ZBe9pump,757,True,3,0,0,0,0,0,3,,0,0,0,0,3,,0,0,0,0,3,,3,0,0,0,0,0,3,,0,0,0,0,3,,0,0,0,0,3,,0,0,0,0,3,,0,0,0,0,3,,0,0,0,0,3,,0,0,0,0,3,,0,0,0,0,3,,0,0,0,0,3,,0,0,0,0,3,,0,0,0,0,3,,0,0,0,0,3,,0,0,0,0,3,,0,0,0,0,3,,0,0,0,0,3,,1.0,0.400000001,3,1.0,0.400000001,3
5ivnNA1twNbaEcazkLqknjpktEpCDHZkzUB1CndfiXXd,758,True,16,0,0,0,0,2,14,0.0,0,0,0,2,14,0.0,0,0,0,2,14,0.0,24,0,2,0,2,5,17,0.2857142857142857,2,0,2,5,17,0.2857142857142857,2,0,2,5,17,0.2857142857142857,0,0,0,2,14,0.0,0,0,0,2,14,0.0,0,0,0,2,14,0.0,2,0,2,5,17,0.2857142857142857,2,0,2,5,17,0.2857142857142857,2,0,2,5,17,0.2857142857142857,0,0,0,2,14,0.0,0,0,0,2,14,0.0,0,0,0,2,14,0.0,2,0,2,5,17,0.2857142857142857,2,0,2,5,17,0.2857142857142857,2,0,2,5,17,0.2857142857142857,0.5,2.469135801,16,0.3333333333333333,2.469135801,24
78B31QV1rtyoe2EYvVNjBVjeowyrtcH5FPTE4tCypump,759,True,5,0,0,0,0,2,3,0.0,0,0,0,2,3,0.0,0,0,0,2,3,0.0,6,0,0,0,0,3,3,0.0,0,0,0,3,3,0.0,0,0,0,3,3,0.0,0,0,0,2,3,0.0,0,0,0,2,3,0.0,0,0,0,2,3,0.0,0,0,0,3,3,0.0,0,0,0,3,3,0.0,0,0,0,3,3,0.0,0,0,0,2,3,0.0,0,0,0,2,3,0.0,0,0,0,2,3,0.0,0,0,0,3,3,0.0,0,0,0,3,3,0.0,0,0,0,3,3,0.0,0.0,0.803827752,5,0.0,0.803827752,6
DMUFkXKaUxGyBGF7EvQAUXcWFmxwEQcFUX6UR15Lpump,760,True,9,0,0,0,0,1,8,,0,0,0,1,8,,0,0,0,1,8,,28,0,0,0,0,11,17,0.0,0,0,0,11,17,0.0,0,0,0,11,17,0.0,0,0,0,1,8,,0,0,0,1,8,,0,0,0,1,8,,0,0,0,11,17,0.0,0,0,0,11,17,0.0,0,0,0,11,17,0.0,0,0,0,1,8,,0,0,0,1,8,,0,0,0,1,8,,0,0,0,11,17,0.0,0,0,0,11,17,0.0,0,0,0,11,17,0.0,0.3333333333333333,3.0,9,0.1071428571428571,3.0,28
4cqmwtkvsZQBRqex7wByZgexSujYyD2ptvHzJrK9pump,761,True,3,1,0,0,0,0,2,,0,0,0,0,2,,0,0,0,0,2,,3,1,0,0,0,0,2,,0,0,0,0,2,,0,0,0,0,2,,0,0,0,0,2,,0,0,0,0,2,,0,0,0,0,2,,0,0,0,0,2,,0,0,0,0,2,,0,0,0,0,2,,0,0,0,0,2,,0,0,0,0,2,,0,0,0,0,2,,0,0,0,0,2,,0,0,0,0,2,,0,0,0,0,2,,0.0,0.197530863,3,0.0,0.197530863,3
EzVckEDaNzo3UBWsKKhJNewD2fyKUgCTLCRX9uvpump,762,True,3,0,0,0,0,1,2,,0,0,0,1,2,,0,0,0,1,2,,3,0,0,0,0,1,2,,0,0,0,1,2,,0,0,0,1,2,,0,0,0,1,2,,0,0,0,1,2,,0,0,0,1,2,,0,0,0,1,2,,0,0,0,1,2,,0,0,0,1,2,,0,0,0,1,2,,0,0,0,1,2,,0,0,0,1,2,,0,0,0,1,2,,0,0,0,1,2,,0,0,0,1,2,,0.3333333333333333,4.938271603,3,0.3333333333333333,4.938271603,3
Ci9ajYX9kPsKjNZXM7p867LyaQ3To825WPyniCKrpump,763,True,3,0,0,0,0,1,2,,0,0,0,1,2,,0,0,0,1,2,,6,1,0,0,0,2,3,0.0,0,0,0,2,3,0.0,0,0,0,2,3,0.0,0,0,0,1,2,,0,0,0,1,2,,0,0,0,1,2,,0,0,0,2,3,0.0,0,0,0,2,3,0.0,0,0,0,2,3,0.0,0,0,0,1,2,,0,0,0,1,2,,0,0,0,1,2,,0,0,0,2,3,0.0,0,0,0,2,3,0.0,0,0,0,2,3,0.0,0.0,0.197530863,3,0.0,0.245215905,6
7XL2qVF8hsRDaxxbmjmrMpi1FRFkGeoErTSndmPUpump,764,True,10,0,0,0,0,0,10,,0,0,0,0,10,,0,0,0,0,10,,30,0,0,0,0,6,24,0.0,0,0,0,6,24,0.0,0,0,0,6,24,0.0,0,0,0,0,10,,0,0,0,0,10,,0,0,0,0,10,,3,0,3,3,24,0.5,3,0,3,3,24,0.5,3,0,3,3,24,0.5,0,0,0,0,10,,0,0,0,0,10,,0,0,0,0,10,,0,0,0,6,24,0.0,0,0,0,6,24,0.0,0,0,0,6,24,0.0,0.7,0.039500008,10,0.1944444444444444,0.039500008,36
gMcdBcDhoyFM3pDCdeJZcBhJZ4mMAYKfWhFwSjCpump,765,True,4,0,0,0,0,1,3,,0,0,0,1,3,,0,0,0,1,3,,4,0,0,0,0,1,3,,0,0,0,1,3,,0,0,0,1,3,,0,0,0,1,3,,0,0,0,1,3,,0,0,0,1,3,,0,0,0,1,3,,0,0,0,1,3,,0,0,0,1,3,,0,0,0,1,3,,0,0,0,1,3,,0,0,0,1,3,,0,0,0,1,3,,0,0,0,1,3,,0,0,0,1,3,,0.5,0.98765432,4,0.5,0.98765432,4
BTy9M8FHsqpsrkrC1NcUBDHtARSMPiTDsMBgFREypump,766,True,3,1,0,0,0,1,1,,0,0,0,1,1,,0,0,0,1,1,,4,1,0,0,0,2,1,0.0,0,0,0,2,1,0.0,0,0,0,2,1,0.0,0,0,0,1,1,,0,0,0,1,1,,0,0,0,1,1,,2,0,2,0,1,1.0,2,0,2,0,1,1.0,2,0,2,0,1,1.0,0,0,0,1,1,,0,0,0,1,1,,0,0,0,1,1,,0,0,0,2,1,0.0,0,0,0,2,1,0.0,0,0,0,2,1,0.0,0.0,2.254222215000001,3,0.0,3.231999991,4
6LLtttmpitRR3wdmNoyPEtfZ1f9x3eSHKTip99PSpump,767,True,5,0,0,0,0,2,3,0.0,0,0,0,2,3,0.0,0,0,0,2,3,0.0,6,0,0,0,0,2,4,0.0,0,0,0,2,4,0.0,0,0,0,2,4,0.0,0,0,0,2,3,0.0,0,0,0,2,3,0.0,0,0,0,2,3,0.0,0,0,0,2,4,0.0,0,0,0,2,4,0.0,0,0,0,2,4,0.0,0,0,0,2,3,0.0,0,0,0,2,3,0.0,0,0,0,2,3,0.0,0,0,0,2,4,0.0,0,0,0,2,4,0.0,0,0,0,2,4,0.0,0.0,0.3,5,0.0,0.3,6
2riph1UDCRNYhVe2teaNUhRuY3B2HBdAtE9fpeTapump,768,True,6,0,0,0,0,1,5,,0,0,0,1,5,,0,0,0,1,5,,7,0,0,0,0,1,6,,0,0,0,1,6,,0,0,0,1,6,,0,0,0,1,5,,0,0,0,1,5,,0,0,0,1,5,,0,0,0,1,6,,0,0,0,1,6,,0,0,0,1,6,,0,0,0,1,5,,0,0,0,1,5,,0,0,0,1,5,,0,0,0,1,6,,0,0,0,1,6,,0,0,0,1,6,,0.0,0.009876542,6,0.0,0.009876542,7
45FmXh72Gpo2DmPhf2W57HWu8R1uqtXJwaTQ9TW3pump,769,True,3,1,0,0,0,0,2,,0,0,0,0,2,,0,0,0,0,2,,5,1,0,0,0,1,3,,0,0,0,1,3,,0,0,0,1,3,,0,0,0,0,2,,0,0,0,0,2,,0,0,0,0,2,,1,1,0,0,3,,1,1,0,0,3,,1,1,0,0,3,,0,0,0,0,2,,0,0,0,0,2,,0,0,0,0,2,,0,0,0,1,3,,0,0,0,1,3,,0,0,0,1,3,,0.0,0.050007813,3,0.0,0.099390528,5
87eDB2rHsY19putERisQwCPVYpxNC6FKNAXiwQWYpump,770,True,4,0,0,0,0,0,4,,0,0,0,0,4,,0,0,0,0,4,,11,0,0,0,0,0,11,,0,0,0,0,11,,0,0,0,0,11,,0,0,0,0,4,,0,0,0,0,4,,0,0,0,0,4,,0,0,0,0,11,,0,0,0,0,11,,0,0,0,0,11,,0,0,0,0,4,,0,0,0,0,4,,0,0,0,0,4,,0,0,0,0,11,,0,0,0,0,11,,0,0,0,0,11,,0.5,0.98765432,4,0.1818181818181818,0.98765432,11
CkUy7vJdtW8SR6wQoQTe9pzxxGe2F9vwsXRho717pump,771,True,6,0,0,0,0,0,6,,0,0,0,0,6,,0,0,0,0,6,,6,0,0,0,0,0,6,,0,0,0,0,6,,0,0,0,0,6,,0,0,0,0,6,,0,0,0,0,6,,0,0,0,0,6,,0,0,0,0,6,,0,0,0,0,6,,0,0,0,0,6,,0,0,0,0,6,,0,0,0,0,6,,0,0,0,0,6,,0,0,0,0,6,,0,0,0,0,6,,0,0,0,0,6,,0.6666666666666666,2.5,6,0.6666666666666666,2.5,6
AXfAGXkvusxyHCNsRMxQYZRWqgkYcMighovCxUcapump,772,True,12,0,0,0,0,5,7,0.0,0,0,0,5,7,0.0,0,0,0,5,7,0.0,21,0,0,0,0,6,15,0.0,0,0,0,6,15,0.0,0,0,0,6,15,0.0,0,0,0,5,7,0.0,0,0,0,5,7,0.0,0,0,0,5,7,0.0,0,0,0,6,15,0.0,0,0,0,6,15,0.0,0,0,0,6,15,0.0,0,0,0,5,7,0.0,0,0,0,5,7,0.0,0,0,0,5,7,0.0,0,0,0,6,15,0.0,0,0,0,6,15,0.0,0,0,0,6,15,0.0,0.1666666666666666,10.864197529,12,0.0952380952380952,10.864197529,21
ChHrytbAJzezbEKTzvUBpFcPWLA7YnTL4GGUHHUApump,773,True,3,0,0,0,0,2,1,0.0,0,0,0,2,1,0.0,0,0,0,2,1,0.0,5,0,0,0,0,2,3,0.0,0,0,0,2,3,0.0,0,0,0,2,3,0.0,0,0,0,2,1,0.0,0,0,0,2,1,0.0,0,0,0,2,1,0.0,0,0,0,2,3,0.0,0,0,0,2,3,0.0,0,0,0,2,3,0.0,0,0,0,2,1,0.0,0,0,0,2,1,0.0,0,0,0,2,1,0.0,0,0,0,2,3,0.0,0,0,0,2,3,0.0,0,0,0,2,3,0.0,1.0,3.0,3,0.6,3.0,5
4y7jpEzEvkhUmcFQn5j7hWJnizVdJkiUGbsoCqiypump,774,True,12,0,6,6,6,1,5,0.8571428571428571,6,6,6,1,5,0.8571428571428571,6,6,6,1,5,0.8571428571428571,14,0,6,6,6,1,7,0.8571428571428571,6,6,6,1,7,0.8571428571428571,6,6,6,1,7,0.8571428571428571,6,6,6,1,5,0.8571428571428571,6,6,6,1,5,0.8571428571428571,6,6,6,1,5,0.8571428571428571,6,6,6,1,7,0.8571428571428571,6,6,6,1,7,0.8571428571428571,6,6,6,1,7,0.8571428571428571,6,6,6,1,5,0.8571428571428571,6,6,6,1,5,0.8571428571428571,6,6,6,1,5,0.8571428571428571,6,6,6,1,7,0.8571428571428571,6,6,6,1,7,0.8571428571428571,6,6,6,1,7,0.8571428571428571,0.4166666666666667,2.0,12,0.3571428571428571,2.0,14
DMxryGr74jSTGQujBnuWhZsy5U9C7i7mdRprX1Apump,775,True,8,0,0,0,0,1,7,,0,0,0,1,7,,0,0,0,1,7,,8,0,0,0,0,1,7,,0,0,0,1,7,,0,0,0,1,7,,0,0,0,1,7,,0,0,0,1,7,,0,0,0,1,7,,0,0,0,1,7,,0,0,0,1,7,,0,0,0,1,7,,0,0,0,1,7,,0,0,0,1,7,,0,0,0,1,7,,0,0,0,1,7,,0,0,0,1,7,,0,0,0,1,7,,0.375,1.468531469,8,0.375,1.468531469,8
Chd8jXdbwyJVGS2M4uyXAaUfPsAhgjMDqYJyPmpqpump,776,True,8,0,0,0,0,1,7,,0,0,0,1,7,,0,0,0,1,7,,25,0,0,0,0,13,12,0.0,0,0,0,13,12,0.0,0,0,0,13,12,0.0,0,0,0,1,7,,0,0,0,1,7,,0,0,0,1,7,,0,0,0,13,12,0.0,0,0,0,13,12,0.0,0,0,0,13,12,0.0,0,0,0,1,7,,0,0,0,1,7,,0,0,0,1,7,,0,0,0,13,12,0.0,0,0,0,13,12,0.0,0,0,0,13,12,0.0,0.375,3.33,8,0.12,3.33,25
FuuMtRCaxYmmwTBCSDE5v372hY33YhBxYpdLverjpump,777,True,7,0,0,0,0,3,4,0.0,0,0,0,3,4,0.0,0,0,0,3,4,0.0,16,0,0,0,0,9,7,0.0,0,0,0,9,7,0.0,0,0,0,9,7,0.0,3,0,3,0,4,1.0,3,0,3,0,4,1.0,3,0,3,0,4,1.0,6,0,6,3,7,0.6666666666666666,6,0,6,3,7,0.6666666666666666,6,0,6,3,7,0.6666666666666666,0,0,0,3,4,0.0,0,0,0,3,4,0.0,0,0,0,3,4,0.0,0,0,0,9,7,0.0,0,0,0,9,7,0.0,0,0,0,9,7,0.0,0.4285714285714285,1.46627566,7,0.1875,1.46627566,16
21BESBzFReW5yuPfSq8LyWHx7sWKqWC8q3wsEhxRpump,778,True,4,0,0,0,0,2,2,0.0,0,0,0,2,2,0.0,0,0,0,2,2,0.0,4,0,0,0,0,2,2,0.0,0,0,0,2,2,0.0,0,0,0,2,2,0.0,0,0,0,2,2,0.0,0,0,0,2,2,0.0,0,0,0,2,2,0.0,0,0,0,2,2,0.0,0,0,0,2,2,0.0,0,0,0,2,2,0.0,0,0,0,2,2,0.0,0,0,0,2,2,0.0,0,0,0,2,2,0.0,0,0,0,2,2,0.0,0,0,0,2,2,0.0,0,0,0,2,2,0.0,0.25,0.009875,4,0.25,0.009875,4
45VbuDnJB8f6aBwRs9gM5zRkPiSadN7MVVc8qu18pump,779,True,3,1,0,0,0,1,1,,0,0,0,1,1,,0,0,0,1,1,,3,1,0,0,0,1,1,,0,0,0,1,1,,0,0,0,1,1,,0,0,0,1,1,,0,0,0,1,1,,0,0,0,1,1,,0,0,0,1,1,,0,0,0,1,1,,0,0,0,1,1,,0,0,0,1,1,,0,0,0,1,1,,0,0,0,1,1,,0,0,0,1,1,,0,0,0,1,1,,0,0,0,1,1,,0.0,0.104214667,3,0.0,0.104214667,3
5EfbF5AGfG7tGmPGeKXsuJNj9DTM4tmUDeDyj8gxkHbD,780,True,24,0,0,0,0,1,23,,0,0,0,1,23,,0,0,0,1,23,,28,0,0,0,0,2,26,0.0,0,0,0,2,26,0.0,0,0,0,2,26,0.0,0,0,0,1,23,,0,0,0,1,23,,0,0,0,1,23,,0,0,0,2,26,0.0,0,0,0,2,26,0.0,0,0,0,2,26,0.0,0,0,0,1,23,,0,0,0,1,23,,0,0,0,1,23,,0,0,0,2,26,0.0,0,0,0,2,26,0.0,0,0,0,2,26,0.0,0.0,5.432098764,24,0.0,5.432098764,28
4ZobRNu1ufAcHBFkr2n7XLK4XfzadBDc5d68yAu1pump,781,True,12,0,0,0,0,1,11,,0,0,0,1,11,,0,0,0,1,11,,27,0,0,0,0,6,21,0.0,0,0,0,6,21,0.0,0,0,0,6,21,0.0,0,0,0,1,11,,0,0,0,1,11,,0,0,0,1,11,,2,0,2,4,21,0.3333333333333333,2,0,2,4,21,0.3333333333333333,2,0,2,4,21,0.3333333333333333,0,0,0,1,11,,0,0,0,1,11,,0,0,0,1,11,,0,0,0,6,21,0.0,0,0,0,6,21,0.0,0,0,0,6,21,0.0,0.5833333333333334,2.962962962,12,0.2592592592592592,2.962962962,27
DUuPRvw46LNGwgq4txhjtMSKAXDJ1P8EGe7Vh29npump,782,True,3,1,0,0,0,2,0,0.0,0,0,0,2,0,0.0,0,0,0,2,0,0.0,3,1,0,0,0,2,0,0.0,0,0,0,2,0,0.0,0,0,0,2,0,0.0,0,0,0,2,0,0.0,0,0,0,2,0,0.0,0,0,0,2,0,0.0,0,0,0,2,0,0.0,0,0,0,2,0,0.0,0,0,0,2,0,0.0,0,0,0,2,0,0.0,0,0,0,2,0,0.0,0,0,0,2,0,0.0,0,0,0,2,0,0.0,0,0,0,2,0,0.0,0,0,0,2,0,0.0,0.0,0.050084894,3,0.0,0.050084894,3
6QxpY5yxS9qo9XY8ipCELfUBbDwFRsyG5dKfV7vrpump,783,True,30,0,0,0,0,5,25,0.0,0,0,0,5,25,0.0,0,0,0,5,25,0.0,30,0,0,0,0,5,25,0.0,0,0,0,5,25,0.0,0,0,0,5,25,0.0,0,0,0,5,25,0.0,0,0,0,5,25,0.0,0,0,0,5,25,0.0,0,0,0,5,25,0.0,0,0,0,5,25,0.0,0,0,0,5,25,0.0,0,0,0,5,25,0.0,0,0,0,5,25,0.0,0,0,0,5,25,0.0,0,0,0,5,25,0.0,0,0,0,5,25,0.0,0,0,0,5,25,0.0,0.3513513513513513,2.962962962,37,0.1940298507462686,2.962962962,67
E8CJvkcrFodpSb2BRJBcMsAq9dFzrsWqmqQSnUTnpump,784,True,27,0,2,0,2,4,21,0.3333333333333333,2,0,2,4,21,0.3333333333333333,2,0,2,4,21,0.3333333333333333,30,0,2,0,2,4,24,0.3333333333333333,2,0,2,4,24,0.3333333333333333,2,0,2,4,24,0.3333333333333333,2,0,2,4,21,0.3333333333333333,2,0,2,4,21,0.3333333333333333,2,0,2,4,21,0.3333333333333333,2,0,2,4,24,0.3333333333333333,2,0,2,4,24,0.3333333333333333,2,0,2,4,24,0.3333333333333333,2,0,2,4,21,0.3333333333333333,2,0,2,4,21,0.3333333333333333,2,0,2,4,21,0.3333333333333333,2,0,2,4,24,0.3333333333333333,2,0,2,4,24,0.3333333333333333,2,0,2,4,24,0.3333333333333333,0.1111111111111111,3.0,27,0.0205479452054794,3.0,146
hU3xRsa84n75WxBNwbAzNkcZ41BdRuJGHoojge2pump,785,True,4,0,0,0,0,0,4,,0,0,0,0,4,,0,0,0,0,4,,4,0,0,0,0,0,4,,0,0,0,0,4,,0,0,0,0,4,,0,0,0,0,4,,0,0,0,0,4,,0,0,0,0,4,,0,0,0,0,4,,0,0,0,0,4,,0,0,0,0,4,,0,0,0,0,4,,0,0,0,0,4,,0,0,0,0,4,,0,0,0,0,4,,0,0,0,0,4,,0,0,0,0,4,,1.0,1.97530864,4,1.0,1.97530864,4
6XRo9pFSV4Cg2H9SZTDkwM3KXYBmjXFLTF7oABB3pump,786,True,30,0,2,0,2,4,24,0.3333333333333333,2,0,2,4,24,0.3333333333333333,2,0,2,4,24,0.3333333333333333,30,0,2,0,2,4,24,0.3333333333333333,2,0,2,4,24,0.3333333333333333,2,0,2,4,24,0.3333333333333333,2,0,2,4,24,0.3333333333333333,2,0,2,4,24,0.3333333333333333,2,0,2,4,24,0.3333333333333333,2,0,2,4,24,0.3333333333333333,2,0,2,4,24,0.3333333333333333,2,0,2,4,24,0.3333333333333333,2,0,2,4,24,0.3333333333333333,2,0,2,4,24,0.3333333333333333,2,0,2,4,24,0.3333333333333333,2,0,2,4,24,0.3333333333333333,2,0,2,4,24,0.3333333333333333,2,0,2,4,24,0.3333333333333333,0.0416666666666666,24.691358023,48,0.0266666666666666,24.691358023,75
85TQREkdEBiyX34s2RFg8Dasmc9hz7Ss6QSGoiso1SB5,787,True,14,0,0,0,0,5,9,0.0,0,0,0,5,9,0.0,0,0,0,5,9,0.0,30,0,0,0,0,12,18,0.0,0,0,0,12,18,0.0,0,0,0,12,18,0.0,0,0,0,5,9,0.0,0,0,0,5,9,0.0,0,0,0,5,9,0.0,4,0,4,8,18,0.3333333333333333,4,0,4,8,18,0.3333333333333333,4,0,4,8,18,0.3333333333333333,0,0,0,5,9,0.0,0,0,0,5,9,0.0,0,0,0,5,9,0.0,0,0,0,12,18,0.0,0,0,0,12,18,0.0,0,0,0,12,18,0.0,0.0,4.938271604,14,0.0,4.938271604,38
7GVJzHAKsxvBJvb1jZS9Hkraz34ttGbCgX6Ert2hpump,788,True,3,1,0,0,0,1,1,,0,0,0,1,1,,0,0,0,1,1,,3,1,0,0,0,1,1,,0,0,0,1,1,,0,0,0,1,1,,0,0,0,1,1,,0,0,0,1,1,,0,0,0,1,1,,0,0,0,1,1,,0,0,0,1,1,,0,0,0,1,1,,0,0,0,1,1,,0,0,0,1,1,,0,0,0,1,1,,0,0,0,1,1,,0,0,0,1,1,,0,0,0,1,1,,0.0,6.425925924,3,0.0,9.388888885,3
9ahfUzsn5pGFMYd8CQ3ACHMxMJZ5T385U7B6M8rjpump,789,True,8,0,0,0,0,3,5,0.0,0,0,0,3,5,0.0,0,0,0,3,5,0.0,12,0,0,0,0,3,9,0.0,0,0,0,3,9,0.0,0,0,0,3,9,0.0,0,0,0,3,5,0.0,0,0,0,3,5,0.0,0,0,0,3,5,0.0,0,0,0,3,9,0.0,0,0,0,3,9,0.0,0,0,0,3,9,0.0,0,0,0,3,5,0.0,0,0,0,3,5,0.0,0,0,0,3,5,0.0,0,0,0,3,9,0.0,0,0,0,3,9,0.0,0,0,0,3,9,0.0,0.25,1.975308641,8,0.1666666666666666,1.975308641,12
8y5ncimGkTQFH5qe4wCVCae7WewwjvpuaNSZzUVCpump,790,True,21,0,0,0,0,2,19,0.0,0,0,0,2,19,0.0,0,0,0,2,19,0.0,30,0,1,1,0,4,25,0.2,1,1,0,4,25,0.2,1,1,0,4,25,0.2,0,0,0,2,19,0.0,0,0,0,2,19,0.0,0,0,0,2,19,0.0,1,1,0,4,25,0.2,1,1,0,4,25,0.2,1,1,0,4,25,0.2,0,0,0,2,19,0.0,0,0,0,2,19,0.0,0,0,0,2,19,0.0,1,1,0,4,25,0.2,1,1,0,4,25,0.2,1,1,0,4,25,0.2,0.0,0.888888887,21,0.0,0.888888887,58
Cj91asvtJ5Ui6jH2rwBpoY5d6MPqsxDtSiGgxi6jpump,791,True,3,1,0,0,0,2,0,0.0,0,0,0,2,0,0.0,0,0,0,2,0,0.0,4,1,0,0,0,3,0,0.0,0,0,0,3,0,0.0,0,0,0,3,0,0.0,0,0,0,2,0,0.0,0,0,0,2,0,0.0,0,0,0,2,0,0.0,0,0,0,3,0,0.0,0,0,0,3,0,0.0,0,0,0,3,0,0.0,0,0,0,2,0,0.0,0,0,0,2,0,0.0,0,0,0,2,0,0.0,0,0,0,3,0,0.0,0,0,0,3,0,0.0,0,0,0,3,0,0.0,0.0,3.665572744,3,0.0,4.653227062000001,4
GqcVcPhcrJeSN3xqd6xMtacPNGZKfgZ9i24dJqrgpump,792,True,4,1,0,0,0,1,2,,0,0,0,1,2,,0,0,0,1,2,,6,1,0,0,0,3,2,0.0,0,0,0,3,2,0.0,0,0,0,3,2,0.0,0,0,0,1,2,,0,0,0,1,2,,0,0,0,1,2,,0,0,0,3,2,0.0,0,0,0,3,2,0.0,0,0,0,3,2,0.0,0,0,0,1,2,,0,0,0,1,2,,0,0,0,1,2,,0,0,0,3,2,0.0,0,0,0,3,2,0.0,0,0,0,3,2,0.0,0.0,0.098765431,4,0.0,0.098765431,6
4gdTctuq3DB5tmRWWjf4yF1b6692sNuSVeH2CAFTpump,793,True,6,0,0,0,0,2,4,0.0,0,0,0,2,4,0.0,0,0,0,2,4,0.0,6,0,0,0,0,2,4,0.0,0,0,0,2,4,0.0,0,0,0,2,4,0.0,0,0,0,2,4,0.0,0,0,0,2,4,0.0,0,0,0,2,4,0.0,0,0,0,2,4,0.0,0,0,0,2,4,0.0,0,0,0,2,4,0.0,0,0,0,2,4,0.0,0,0,0,2,4,0.0,0,0,0,2,4,0.0,0,0,0,2,4,0.0,0,0,0,2,4,0.0,0,0,0,2,4,0.0,0.3333333333333333,3.000000001,6,0.3333333333333333,3.000000001,6
72dkmFGhmgaujhwKhNTnsZyJMfwXrDqZSgLvsvUcpump,794,True,21,0,1,1,0,0,20,,1,1,0,0,20,,1,1,0,0,20,,30,0,1,1,0,4,25,0.2,1,1,0,4,25,0.2,1,1,0,4,25,0.2,1,1,0,0,20,,1,1,0,0,20,,1,1,0,0,20,,1,1,0,4,25,0.2,1,1,0,4,25,0.2,1,1,0,4,25,0.2,1,1,0,0,20,,1,1,0,0,20,,1,1,0,0,20,,1,1,0,4,25,0.2,1,1,0,4,25,0.2,1,1,0,4,25,0.2,0.1428571428571428,4.0,21,0.0857142857142857,4.0,35
B2vcJ7CjZbHNdxFnQAQ1GMfLuuCTdDTKD856iY1cpump,795,True,8,0,0,0,0,1,7,,0,0,0,1,7,,0,0,0,1,7,,17,0,0,0,0,3,14,0.0,0,0,0,3,14,0.0,0,0,0,3,14,0.0,0,0,0,1,7,,0,0,0,1,7,,0,0,0,1,7,,0,0,0,3,14,0.0,0,0,0,3,14,0.0,0,0,0,3,14,0.0,0,0,0,1,7,,0,0,0,1,7,,0,0,0,1,7,,0,0,0,3,14,0.0,0,0,0,3,14,0.0,0,0,0,3,14,0.0,0.75,2.962962962,8,0.3529411764705882,2.962962962,17
GSdEov8WQMC8FYFpLhg5seJtFbjezErcBk1YSDCdpump,796,True,4,0,0,0,0,2,2,0.0,0,0,0,2,2,0.0,0,0,0,2,2,0.0,4,0,0,0,0,2,2,0.0,0,0,0,2,2,0.0,0,0,0,2,2,0.0,0,0,0,2,2,0.0,0,0,0,2,2,0.0,0,0,0,2,2,0.0,0,0,0,2,2,0.0,0,0,0,2,2,0.0,0,0,0,2,2,0.0,0,0,0,2,2,0.0,0,0,0,2,2,0.0,0,0,0,2,2,0.0,0,0,0,2,2,0.0,0,0,0,2,2,0.0,0,0,0,2,2,0.0,0.0,0.196000001,4,0.0,0.196000001,4
4mC7SVSEq4icbWq4jR37v5nfsArBz2Rx3xUEg19npump,797,True,3,0,0,0,0,1,2,,0,0,0,1,2,,0,0,0,1,2,,30,0,0,0,0,6,24,0.0,0,0,0,6,24,0.0,0,0,0,6,24,0.0,0,0,0,1,2,,0,0,0,1,2,,0,0,0,1,2,,0,0,0,6,24,0.0,0,0,0,6,24,0.0,0,0,0,6,24,0.0,0,0,0,1,2,,0,0,0,1,2,,0,0,0,1,2,,0,0,0,6,24,0.0,0,0,0,6,24,0.0,0,0,0,6,24,0.0,1.0,5.0,3,0.088235294117647,5.0,34
4gsMzf25XZNwB3RnAexfJhcFb5oe9WcsCBFp8YUTpump,798,True,3,0,0,0,0,1,2,,0,0,0,1,2,,0,0,0,1,2,,3,0,0,0,0,1,2,,0,0,0,1,2,,0,0,0,1,2,,1,1,0,0,2,,1,1,0,0,2,,1,1,0,0,2,,1,1,0,0,2,,1,1,0,0,2,,1,1,0,0,2,,0,0,0,1,2,,0,0,0,1,2,,0,0,0,1,2,,0,0,0,1,2,,0,0,0,1,2,,0,0,0,1,2,,0.0,6.0,3,0.0,6.0,3
Hag7AS2RHEcs9yhH9KtRX9uteMbdXDbM84zS8heSpump,799,True,30,0,0,0,0,10,20,0.0,0,0,0,10,20,0.0,0,0,0,9,21,0.0,30,0,0,0,0,10,20,0.0,0,0,0,10,20,0.0,0,0,0,9,21,0.0,0,0,0,10,20,0.0,0,0,0,10,20,0.0,0,0,0,9,21,0.0,0,0,0,10,20,0.0,0,0,0,10,20,0.0,0,0,0,9,21,0.0,0,0,0,10,20,0.0,0,0,0,10,20,0.0,0,0,0,9,21,0.0,0,0,0,10,20,0.0,0,0,0,10,20,0.0,0,0,0,9,21,0.0,0.1282051282051282,0.862895494,39,0.0617283950617283,0.862895494,81
99ZuBnt1zBjjUGtPnjeQSbZR4uFPXXV8yqAZn4Egpump,800,True,3,1,0,0,0,1,1,,0,0,0,1,1,,0,0,0,1,1,,5,1,0,0,0,3,1,0.0,0,0,0,3,1,0.0,0,0,0,3,1,0.0,1,1,0,0,1,,1,1,0,0,1,,1,1,0,0,1,,1,1,0,2,1,0.3333333333333333,1,1,0,2,1,0.3333333333333333,1,1,0,2,1,0.3333333333333333,0,0,0,1,1,,0,0,0,1,1,,0,0,0,1,1,,0,0,0,3,1,0.0,0,0,0,3,1,0.0,0,0,0,3,1,0.0,0.0,0.68839506,3,0.0,1.95950617,5
EXYbgxwUrzoUZJV8ePnpdvJwMRjiSpYHQBvmA8Tspump,801,True,5,0,0,0,0,0,5,,0,0,0,0,5,,0,0,0,0,5,,5,0,0,0,0,0,5,,0,0,0,0,5,,0,0,0,0,5,,0,0,0,0,5,,0,0,0,0,5,,0,0,0,0,5,,0,0,0,0,5,,0,0,0,0,5,,0,0,0,0,5,,0,0,0,0,5,,0,0,0,0,5,,0,0,0,0,5,,0,0,0,0,5,,0,0,0,0,5,,0,0,0,0,5,,0.4,0.98765432,5,0.4,0.98765432,5
GDccKDY21aDjthH7UTNKb7Gi4DfJ44cbbzoEPqhBpump,802,True,5,0,3,3,0,1,1,0.75,3,3,0,1,1,0.75,3,3,0,1,1,0.75,30,0,3,3,0,7,20,0.3,3,3,0,7,20,0.3,3,3,0,7,20,0.3,3,3,0,1,1,0.75,3,3,0,1,1,0.75,3,3,0,1,1,0.75,5,3,2,5,20,0.5,5,3,2,5,20,0.5,5,3,2,5,20,0.5,3,3,0,1,1,0.75,3,3,0,1,1,0.75,3,3,0,1,1,0.75,3,3,0,7,20,0.3,3,3,0,7,20,0.3,3,3,0,7,20,0.3,0.6,5.0,5,0.0535714285714285,5.0,56
36CeczL6WQGpNf57rqPrXuHwjGVx9LY9RhiCiWyVpump,803,True,3,1,0,0,0,0,2,,0,0,0,0,2,,0,0,0,0,2,,3,1,0,0,0,0,2,,0,0,0,0,2,,0,0,0,0,2,,0,0,0,0,2,,0,0,0,0,2,,0,0,0,0,2,,0,0,0,0,2,,0,0,0,0,2,,0,0,0,0,2,,0,0,0,0,2,,0,0,0,0,2,,0,0,0,0,2,,0,0,0,0,2,,0,0,0,0,2,,0,0,0,0,2,,0.0,0.086753085,3,0.0,0.086753085,3
Fkey6HBYK3NdAXLKrmPomHa6N7bzu5VftgX7taBNpump,804,True,15,0,0,0,0,8,7,0.0,0,0,0,8,7,0.0,0,0,0,8,7,0.0,30,0,0,0,0,10,20,0.0,0,0,0,10,20,0.0,0,0,0,10,20,0.0,0,0,0,8,7,0.0,0,0,0,8,7,0.0,0,0,0,8,7,0.0,0,0,0,10,20,0.0,0,0,0,10,20,0.0,0,0,0,10,20,0.0,0,0,0,8,7,0.0,0,0,0,8,7,0.0,0,0,0,8,7,0.0,0,0,0,10,20,0.0,0,0,0,10,20,0.0,0,0,0,10,20,0.0,0.5333333333333333,1.777777776,15,0.2666666666666666,1.777777776,30
AjxHAP9J2uT73zor1rwGy5xX9AR5FqB7pdcq5e1Qpump,805,True,4,1,0,0,0,1,2,,0,0,0,1,2,,0,0,0,1,2,,4,1,0,0,0,1,2,,0,0,0,1,2,,0,0,0,1,2,,0,0,0,1,2,,0,0,0,1,2,,0,0,0,1,2,,0,0,0,1,2,,0,0,0,1,2,,0,0,0,1,2,,0,0,0,1,2,,0,0,0,1,2,,0,0,0,1,2,,0,0,0,1,2,,0,0,0,1,2,,0,0,0,1,2,,0.0,3.49382716,4,0.0,3.49382716,4
AB7XXeQAvN2yiqrg4MR3AbyhNdL1dAyhSon4LhLUpump,806,True,4,0,0,0,0,0,4,,0,0,0,0,4,,0,0,0,0,4,,4,0,0,0,0,0,4,,0,0,0,0,4,,0,0,0,0,4,,0,0,0,0,4,,0,0,0,0,4,,0,0,0,0,4,,0,0,0,0,4,,0,0,0,0,4,,0,0,0,0,4,,0,0,0,0,4,,0,0,0,0,4,,0,0,0,0,4,,0,0,0,0,4,,0,0,0,0,4,,0,0,0,0,4,,1.0,0.029629628,4,1.0,0.029629628,4
ESegHtK5i2vgWG7BBXbfpJCTSdtQthM7RNYNfzP3pump,807,True,3,0,0,0,0,1,2,,0,0,0,1,2,,0,0,0,1,2,,3,0,0,0,0,1,2,,0,0,0,1,2,,0,0,0,1,2,,0,0,0,1,2,,0,0,0,1,2,,0,0,0,1,2,,0,0,0,1,2,,0,0,0,1,2,,0,0,0,1,2,,0,0,0,1,2,,0,0,0,1,2,,0,0,0,1,2,,0,0,0,1,2,,0,0,0,1,2,,0,0,0,1,2,,0.6666666666666666,4.938271603,3,0.6666666666666666,4.938271603,3
7bQXtiJPkjLwhczh5nzgM6MmEo2K9fy6DjgFCLgSpump,808,True,3,1,0,0,0,0,2,,0,0,0,0,2,,0,0,0,0,2,,4,1,0,0,0,0,3,,0,0,0,0,3,,0,0,0,0,3,,0,0,0,0,2,,0,0,0,0,2,,0,0,0,0,2,,0,0,0,0,3,,0,0,0,0,3,,0,0,0,0,3,,0,0,0,0,2,,0,0,0,0,2,,0,0,0,0,2,,0,0,0,0,3,,0,0,0,0,3,,0,0,0,0,3,,0.0,4.975308642,3,0.0,8.925925924,4
66McNrbzKfibXKaoxpiSRxaHnuAQNDvKLVDYmi7fpump,809,True,8,0,0,0,0,4,4,0.0,0,0,0,1,7,,0,0,0,1,7,,9,0,0,0,0,5,4,0.0,0,0,0,2,7,0.0,0,0,0,2,7,0.0,0,0,0,4,4,0.0,0,0,0,1,7,,0,0,0,1,7,,0,0,0,5,4,0.0,0,0,0,2,7,0.0,0,0,0,2,7,0.0,0,0,0,4,4,0.0,0,0,0,1,7,,0,0,0,1,7,,0,0,0,5,4,0.0,0,0,0,2,7,0.0,0,0,0,2,7,0.0,0.875,2.0,8,0.7777777777777778,2.0,9
HH1WDq9Z3vrr55aGKV2p4AurQk8XnwBkUFPhbUv4pump,810,True,6,1,0,0,0,5,0,0.0,0,0,0,5,0,0.0,0,0,0,5,0,0.0,6,1,0,0,0,5,0,0.0,0,0,0,5,0,0.0,0,0,0,5,0,0.0,3,0,3,2,0,0.6,3,0,3,2,0,0.6,3,0,3,2,0,0.6,3,0,3,2,0,0.6,3,0,3,2,0,0.6,3,0,3,2,0,0.6,0,0,0,5,0,0.0,0,0,0,5,0,0.0,0,0,0,5,0,0.0,0,0,0,5,0,0.0,0,0,0,5,0,0.0,0,0,0,5,0,0.0,0.0,6.0,6,0.0,6.0,6
9kPxYVChiV5KYJazFmpmHYNBdUDSAp1bSxFQW1DFpump,811,True,17,0,16,16,16,0,1,1.0,16,16,16,0,1,1.0,16,16,16,0,1,1.0,17,0,16,16,16,0,1,1.0,16,16,16,0,1,1.0,16,16,16,0,1,1.0,16,16,16,0,1,1.0,16,16,16,0,1,1.0,16,16,16,0,1,1.0,16,16,16,0,1,1.0,16,16,16,0,1,1.0,16,16,16,0,1,1.0,16,16,16,0,1,1.0,16,16,16,0,1,1.0,16,16,16,0,1,1.0,16,16,16,0,1,1.0,16,16,16,0,1,1.0,16,16,16,0,1,1.0,0.1176470588235294,4.0,17,0.1176470588235294,4.0,17
7STAsuDVxuaG9Kr4hKvgHyyUwLr5M5zB5nemowkzpump,812,True,4,1,0,0,0,1,2,,0,0,0,1,2,,0,0,0,1,2,,7,1,0,0,0,2,4,0.0,0,0,0,2,4,0.0,0,0,0,2,4,0.0,0,0,0,1,2,,0,0,0,1,2,,0,0,0,1,2,,0,0,0,2,4,0.0,0,0,0,2,4,0.0,0,0,0,2,4,0.0,0,0,0,1,2,,0,0,0,1,2,,0,0,0,1,2,,0,0,0,2,4,0.0,0,0,0,2,4,0.0,0,0,0,2,4,0.0,0.0,0.348804498,4,0.0,0.8426316570000001,7
4u27mtbMV7gLETj7vAznwtarYP8K96yH166wBfRvcXdZ,813,True,5,0,0,0,0,1,4,,0,0,0,1,4,,0,0,0,1,4,,9,0,2,0,2,2,5,0.5,2,0,2,2,5,0.5,2,0,2,2,5,0.5,0,0,0,1,4,,0,0,0,1,4,,0,0,0,1,4,,2,0,2,2,5,0.5,2,0,2,2,5,0.5,2,0,2,2,5,0.5,0,0,0,1,4,,0,0,0,1,4,,0,0,0,1,4,,2,0,2,2,5,0.5,2,0,2,2,5,0.5,2,0,2,2,5,0.5,0.2,6.0,5,0.1111111111111111,6.0,9
CPKqr3ryH6vYtq8B2ibv8YGV5VB9vtkGnGasuhvGpump,814,True,5,0,0,0,0,1,4,,0,0,0,1,4,,0,0,0,1,4,,5,0,0,0,0,1,4,,0,0,0,1,4,,0,0,0,1,4,,0,0,0,1,4,,0,0,0,1,4,,0,0,0,1,4,,0,0,0,1,4,,0,0,0,1,4,,0,0,0,1,4,,0,0,0,1,4,,0,0,0,1,4,,0,0,0,1,4,,0,0,0,1,4,,0,0,0,1,4,,0,0,0,1,4,,0.4,0.246913579,5,0.4,0.246913579,5
3nudmzyjrJ7vGV8rqcaPxqMTGUU9fmC1uzFL3Zjopump,815,True,3,0,0,0,0,1,2,,0,0,0,1,2,,0,0,0,1,2,,4,0,0,0,0,1,3,,0,0,0,1,3,,0,0,0,1,3,,0,0,0,1,2,,0,0,0,1,2,,0,0,0,1,2,,0,0,0,1,3,,0,0,0,1,3,,0,0,0,1,3,,0,0,0,1,2,,0,0,0,1,2,,0,0,0,1,2,,0,0,0,1,3,,0,0,0,1,3,,0,0,0,1,3,,0.6666666666666666,1.0,3,0.5,1.0,4
2DkrY8hFQ47GCqMkUGCabbnm1sQMUJnMJhZjQW1Mpump,816,True,4,0,0,0,0,1,3,,0,0,0,1,3,,0,0,0,1,3,,11,0,0,0,0,5,6,0.0,0,0,0,5,6,0.0,0,0,0,5,6,0.0,0,0,0,1,3,,0,0,0,1,3,,0,0,0,1,3,,0,0,0,5,6,0.0,0,0,0,5,6,0.0,0,0,0,5,6,0.0,0,0,0,1,3,,0,0,0,1,3,,0,0,0,1,3,,0,0,0,5,6,0.0,0,0,0,5,6,0.0,0,0,0,5,6,0.0,0.0,1.185185184,4,0.0,1.185185184,11
4pkKXw24ATRsgiK95hK2ULSfaMpcKn71wBXXVDL2pump,817,True,6,0,2,2,0,1,3,0.6666666666666666,2,2,0,1,3,0.6666666666666666,2,2,0,1,3,0.6666666666666666,6,0,2,2,0,1,3,0.6666666666666666,2,2,0,1,3,0.6666666666666666,2,2,0,1,3,0.6666666666666666,2,2,0,1,3,0.6666666666666666,2,2,0,1,3,0.6666666666666666,2,2,0,1,3,0.6666666666666666,2,2,0,1,3,0.6666666666666666,2,2,0,1,3,0.6666666666666666,2,2,0,1,3,0.6666666666666666,2,2,0,1,3,0.6666666666666666,2,2,0,1,3,0.6666666666666666,2,2,0,1,3,0.6666666666666666,2,2,0,1,3,0.6666666666666666,2,2,0,1,3,0.6666666666666666,2,2,0,1,3,0.6666666666666666,0.8333333333333334,4.0,6,0.8333333333333334,4.0,6
94mHQXmLD5AVrFozZThPL6NG2Pu8xC6VaPqHrFYJpump,818,True,4,0,0,0,0,0,4,,0,0,0,0,4,,0,0,0,0,4,,4,0,0,0,0,0,4,,0,0,0,0,4,,0,0,0,0,4,,0,0,0,0,4,,0,0,0,0,4,,0,0,0,0,4,,0,0,0,0,4,,0,0,0,0,4,,0,0,0,0,4,,0,0,0,0,4,,0,0,0,0,4,,0,0,0,0,4,,0,0,0,0,4,,0,0,0,0,4,,0,0,0,0,4,,0.5,2.962962962,4,0.5,2.962962962,4
99h92EtGcq9fwgY246w9LVGrMpcmATPb4VXdHn91pump,819,True,3,1,0,0,0,0,2,,0,0,0,0,2,,0,0,0,0,2,,3,1,0,0,0,0,2,,0,0,0,0,2,,0,0,0,0,2,,0,0,0,0,2,,0,0,0,0,2,,0,0,0,0,2,,0,0,0,0,2,,0,0,0,0,2,,0,0,0,0,2,,0,0,0,0,2,,0,0,0,0,2,,0,0,0,0,2,,0,0,0,0,2,,0,0,0,0,2,,0,0,0,0,2,,0.0,0.099382716,3,0.0,0.099382716,3
5m5GmWpqoocSXgRYLHh9AFQRnj7MDK9TnnG6bjGAPPV7,820,True,3,0,0,0,0,0,3,,0,0,0,0,3,,0,0,0,0,3,,3,0,0,0,0,0,3,,0,0,0,0,3,,0,0,0,0,3,,0,0,0,0,3,,0,0,0,0,3,,0,0,0,0,3,,0,0,0,0,3,,0,0,0,0,3,,0,0,0,0,3,,0,0,0,0,3,,0,0,0,0,3,,0,0,0,0,3,,0,0,0,0,3,,0,0,0,0,3,,0,0,0,0,3,,0.0,4.938271604,3,0.0,4.938271604,3
8G3E689A16tncJynqDaZDnxbQD5Rsa2W8wGoSnGVpump,821,True,3,1,0,0,0,1,1,,0,0,0,1,1,,0,0,0,1,1,,3,1,0,0,0,1,1,,0,0,0,1,1,,0,0,0,1,1,,0,0,0,1,1,,0,0,0,1,1,,0,0,0,1,1,,0,0,0,1,1,,0,0,0,1,1,,0,0,0,1,1,,0,0,0,1,1,,0,0,0,1,1,,0,0,0,1,1,,0,0,0,1,1,,0,0,0,1,1,,0,0,0,1,1,,0.0,0.500000001,3,0.0,0.500000001,3
FW7bRiCCR1t9VUwcPMMAdfBjnTHgefgZnwj9SmSQpump,822,True,7,0,2,2,0,1,4,0.6666666666666666,2,2,0,1,4,0.6666666666666666,2,2,0,1,4,0.6666666666666666,16,0,2,2,0,4,10,0.3333333333333333,2,2,0,4,10,0.3333333333333333,2,2,0,4,10,0.3333333333333333,2,2,0,1,4,0.6666666666666666,2,2,0,1,4,0.6666666666666666,2,2,0,1,4,0.6666666666666666,2,2,0,4,10,0.3333333333333333,2,2,0,4,10,0.3333333333333333,2,2,0,4,10,0.3333333333333333,2,2,0,1,4,0.6666666666666666,2,2,0,1,4,0.6666666666666666,2,2,0,1,4,0.6666666666666666,2,2,0,4,10,0.3333333333333333,2,2,0,4,10,0.3333333333333333,2,2,0,4,10,0.3333333333333333,0.8571428571428571,5.0,7,0.375,5.0,16
CmbcV7ddrMPyDKETY935uyEjN5WLvQcDqoum8QqhZCNn,823,True,12,0,3,3,0,0,9,1.0,3,3,0,0,9,1.0,3,3,0,0,9,1.0,14,0,3,3,0,1,10,0.75,3,3,0,1,10,0.75,3,3,0,1,10,0.75,3,3,0,0,9,1.0,3,3,0,0,9,1.0,3,3,0,0,9,1.0,3,3,0,1,10,0.75,3,3,0,1,10,0.75,3,3,0,1,10,0.75,3,3,0,0,9,1.0,3,3,0,0,9,1.0,3,3,0,0,9,1.0,3,3,0,1,10,0.75,3,3,0,1,10,0.75,3,3,0,1,10,0.75,0.5833333333333334,3.960396039,12,0.5,3.960396039,14
BsHMDgphFVCCUSbc56AX8zpbZTbyQKpS2umYq8Cfpump,824,True,30,0,2,0,2,5,23,0.2857142857142857,2,0,2,5,23,0.2857142857142857,2,0,2,5,23,0.2857142857142857,30,0,2,0,2,5,23,0.2857142857142857,2,0,2,5,23,0.2857142857142857,2,0,2,5,23,0.2857142857142857,4,0,4,3,23,0.5714285714285714,4,0,4,3,23,0.5714285714285714,4,0,4,3,23,0.5714285714285714,4,0,4,3,23,0.5714285714285714,4,0,4,3,23,0.5714285714285714,4,0,4,3,23,0.5714285714285714,2,0,2,5,23,0.2857142857142857,2,0,2,5,23,0.2857142857142857,2,0,2,5,23,0.2857142857142857,2,0,2,5,23,0.2857142857142857,2,0,2,5,23,0.2857142857142857,2,0,2,5,23,0.2857142857142857,0.074074074074074,3.0,54,0.025,3.0,160
7bHKQRZhHQCa838Avf7yiXB6MriM7s2Eor92tVbypump,825,True,4,0,0,0,0,0,4,,0,0,0,0,4,,0,0,0,0,4,,4,0,0,0,0,0,4,,0,0,0,0,4,,0,0,0,0,4,,0,0,0,0,4,,0,0,0,0,4,,0,0,0,0,4,,0,0,0,0,4,,0,0,0,0,4,,0,0,0,0,4,,0,0,0,0,4,,0,0,0,0,4,,0,0,0,0,4,,0,0,0,0,4,,0,0,0,0,4,,0,0,0,0,4,,0.0,1.97530864,4,0.0,1.97530864,4
2ZDXpduEHhoRUCVmm1RvBB15dj7ARG51whqHVJahpump,826,True,13,0,0,0,0,8,5,0.0,0,0,0,8,5,0.0,0,0,0,8,5,0.0,16,0,0,0,0,9,7,0.0,0,0,0,9,7,0.0,0,0,0,9,7,0.0,0,0,0,8,5,0.0,0,0,0,8,5,0.0,0,0,0,8,5,0.0,0,0,0,9,7,0.0,0,0,0,9,7,0.0,0,0,0,9,7,0.0,0,0,0,8,5,0.0,0,0,0,8,5,0.0,0,0,0,8,5,0.0,0,0,0,9,7,0.0,0,0,0,9,7,0.0,0,0,0,9,7,0.0,0.8461538461538461,0.0,13,0.6875,0.0,16
A944moJNcTH6LqRMhgYKMJe5ztJigpPtM6f4UGH4pump,827,True,3,0,0,0,0,1,2,,0,0,0,1,2,,0,0,0,1,2,,5,1,0,0,0,2,2,0.0,0,0,0,2,2,0.0,0,0,0,2,2,0.0,0,0,0,1,2,,0,0,0,1,2,,0,0,0,1,2,,0,0,0,2,2,0.0,0,0,0,2,2,0.0,0,0,0,2,2,0.0,0,0,0,1,2,,0,0,0,1,2,,0,0,0,1,2,,0,0,0,2,2,0.0,0,0,0,2,2,0.0,0,0,0,2,2,0.0,0.0,0.154074073,3,0.0,0.154074073,5
39G8H2D79MU6c4LBrsBANHu2XdoHRX1mPVGCXEgJpump,828,True,6,0,0,0,0,1,5,,0,0,0,1,5,,0,0,0,1,5,,6,0,0,0,0,1,5,,0,0,0,1,5,,0,0,0,1,5,,0,0,0,1,5,,0,0,0,1,5,,0,0,0,1,5,,0,0,0,1,5,,0,0,0,1,5,,0,0,0,1,5,,0,0,0,1,5,,0,0,0,1,5,,0,0,0,1,5,,0,0,0,1,5,,0,0,0,1,5,,0,0,0,1,5,,0.6666666666666666,3.083247688,6,0.6666666666666666,3.083247688,6
AqAr5s1ozbFNgWcyur3E75iNfW4G6tv2wjKR2SQupump,829,True,4,2,0,0,0,1,1,,0,0,0,1,1,,0,0,0,1,1,,5,2,0,0,0,1,2,,0,0,0,1,2,,0,0,0,1,2,,0,0,0,1,1,,0,0,0,1,1,,0,0,0,1,1,,0,0,0,1,2,,0,0,0,1,2,,0,0,0,1,2,,0,0,0,1,1,,0,0,0,1,1,,0,0,0,1,1,,0,0,0,1,2,,0,0,0,1,2,,0,0,0,1,2,,0.0,1.000000001,4,0.0,1.000000001,5
6bgnkXfBhv768GdukNc9Ec5ZyhexvhbQxz4ZV6Vvpump,830,True,3,0,0,0,0,3,0,0.0,0,0,0,3,0,0.0,0,0,0,3,0,0.0,4,0,0,0,0,4,0,0.0,0,0,0,4,0,0.0,0,0,0,4,0,0.0,0,0,0,3,0,0.0,0,0,0,3,0,0.0,0,0,0,3,0,0.0,0,0,0,4,0,0.0,0,0,0,4,0,0.0,0,0,0,4,0,0.0,0,0,0,3,0,0.0,0,0,0,3,0,0.0,0,0,0,3,0,0.0,0,0,0,4,0,0.0,0,0,0,4,0,0.0,0,0,0,4,0,0.0,0.0,7.000000001,3,0.0,7.000000001,4
AGid5TFMT6ofC3kdd4GhiYExtzHTpbgspx2PcfZfpump,831,True,3,0,0,0,0,0,3,,0,0,0,0,3,,0,0,0,0,3,,3,0,0,0,0,0,3,,0,0,0,0,3,,0,0,0,0,3,,0,0,0,0,3,,0,0,0,0,3,,0,0,0,0,3,,0,0,0,0,3,,0,0,0,0,3,,0,0,0,0,3,,0,0,0,0,3,,0,0,0,0,3,,0,0,0,0,3,,0,0,0,0,3,,0,0,0,0,3,,0,0,0,0,3,,0.0,0.395061727,3,0.0,0.395061727,3
7WmyFdxuHKaK1jjhfJVXY8PyvauEJgSVEuj2nzL5pump,832,True,3,0,2,0,2,0,1,1.0,2,0,2,0,1,1.0,2,0,2,0,1,1.0,3,0,2,0,2,0,1,1.0,2,0,2,0,1,1.0,2,0,2,0,1,1.0,2,0,2,0,1,1.0,2,0,2,0,1,1.0,2,0,2,0,1,1.0,2,0,2,0,1,1.0,2,0,2,0,1,1.0,2,0,2,0,1,1.0,2,0,2,0,1,1.0,2,0,2,0,1,1.0,2,0,2,0,1,1.0,2,0,2,0,1,1.0,2,0,2,0,1,1.0,2,0,2,0,1,1.0,0.3333333333333333,0.041997201,3,0.3333333333333333,0.041997201,3
kx3AvC1AbX6gQ7Hosv3u3ZTJvLFq8xQCZC34X3Fpump,833,True,3,1,0,0,0,0,2,,0,0,0,0,2,,0,0,0,0,2,,3,1,0,0,0,0,2,,0,0,0,0,2,,0,0,0,0,2,,0,0,0,0,2,,0,0,0,0,2,,0,0,0,0,2,,0,0,0,0,2,,0,0,0,0,2,,0,0,0,0,2,,0,0,0,0,2,,0,0,0,0,2,,0,0,0,0,2,,0,0,0,0,2,,0,0,0,0,2,,0,0,0,0,2,,0.0,0.0520404479999999,3,0.0,0.0657293259999999,3
FE8TaHuUXwvvRiGMCSQaobuSCoHtPaSov7AZG92npump,834,True,5,0,0,0,0,3,2,0.0,0,0,0,3,2,0.0,0,0,0,3,2,0.0,22,0,3,0,3,7,12,0.3,3,0,3,7,12,0.3,3,0,3,7,12,0.3,0,0,0,3,2,0.0,0,0,0,3,2,0.0,0,0,0,3,2,0.0,3,0,3,7,12,0.3,3,0,3,7,12,0.3,3,0,3,7,12,0.3,0,0,0,3,2,0.0,0,0,0,3,2,0.0,0,0,0,3,2,0.0,3,0,3,7,12,0.3,3,0,3,7,12,0.3,3,0,3,7,12,0.3,1.0,0.001,5,0.2272727272727272,0.001,22
91pwU9J4sKb5tVbNwj76TtnqCdCfsXSkXV1FRyMRpump,835,True,4,0,0,0,0,2,2,0.0,0,0,0,2,2,0.0,0,0,0,2,2,0.0,4,0,0,0,0,2,2,0.0,0,0,0,2,2,0.0,0,0,0,2,2,0.0,0,0,0,2,2,0.0,0,0,0,2,2,0.0,0,0,0,2,2,0.0,0,0,0,2,2,0.0,0,0,0,2,2,0.0,0,0,0,2,2,0.0,0,0,0,2,2,0.0,0,0,0,2,2,0.0,0,0,0,2,2,0.0,0,0,0,2,2,0.0,0,0,0,2,2,0.0,0,0,0,2,2,0.0,0.75,0.197530863,4,0.75,0.197530863,4
J8YYA9b5dGdf2mMMmbJLWMeJMB9VdxbjG9xJXFpHpump,836,True,17,0,0,0,0,4,13,0.0,0,0,0,4,13,0.0,0,0,0,4,13,0.0,30,0,0,0,0,10,20,0.0,0,0,0,10,20,0.0,0,0,0,10,20,0.0,0,0,0,4,13,0.0,0,0,0,4,13,0.0,0,0,0,4,13,0.0,2,0,2,8,20,0.2,2,0,2,8,20,0.2,2,0,2,8,20,0.2,0,0,0,4,13,0.0,0,0,0,4,13,0.0,0,0,0,4,13,0.0,0,0,0,10,20,0.0,0,0,0,10,20,0.0,0,0,0,10,20,0.0,0.0588235294117647,3.0,17,0.0196078431372549,3.0,51
JBMqGYCM1mzTxYbGJPQK45PfvscXS3cfrTEc5nS1pump,837,True,3,1,0,0,0,1,1,,0,0,0,1,1,,0,0,0,1,1,,3,1,0,0,0,1,1,,0,0,0,1,1,,0,0,0,1,1,,0,0,0,1,1,,0,0,0,1,1,,0,0,0,1,1,,0,0,0,1,1,,0,0,0,1,1,,0,0,0,1,1,,0,0,0,1,1,,0,0,0,1,1,,0,0,0,1,1,,0,0,0,1,1,,0,0,0,1,1,,0,0,0,1,1,,0.0,0.740740739,3,0.0,0.7896296270000001,3
BBLiH62idTJURKeumhwiLpcedGjAEajcostyCPUgpump,838,True,12,0,0,0,0,1,11,,0,0,0,1,11,,0,0,0,1,11,,14,0,0,0,0,1,13,,0,0,0,1,13,,0,0,0,1,13,,0,0,0,1,11,,0,0,0,1,11,,0,0,0,1,11,,0,0,0,1,13,,0,0,0,1,13,,0,0,0,1,13,,0,0,0,1,11,,0,0,0,1,11,,0,0,0,1,11,,0,0,0,1,13,,0,0,0,1,13,,0,0,0,1,13,,0.9166666666666666,0.0,12,0.7857142857142857,0.0,14
7WpQqJfQ8WmWawipwsWF1UYpctM5TLeWWbZrrKqKpump,839,True,3,1,0,0,0,2,0,0.0,0,0,0,2,0,0.0,0,0,0,2,0,0.0,4,1,0,0,0,3,0,0.0,0,0,0,3,0,0.0,0,0,0,3,0,0.0,0,0,0,2,0,0.0,0,0,0,2,0,0.0,0,0,0,2,0,0.0,0,0,0,3,0,0.0,0,0,0,3,0,0.0,0,0,0,3,0,0.0,0,0,0,2,0,0.0,0,0,0,2,0,0.0,0,0,0,2,0,0.0,0,0,0,3,0,0.0,0,0,0,3,0,0.0,0,0,0,3,0,0.0,0.0,0.100000001,3,0.0,0.1691357999999999,4
GS4teHiTV5MKir4X8134M7Bf7Q7QCyTd75nomyX8pump,840,True,17,0,0,0,0,6,11,0.0,0,0,0,6,11,0.0,0,0,0,6,11,0.0,30,0,0,0,0,8,22,0.0,0,0,0,8,22,0.0,0,0,0,8,22,0.0,0,0,0,6,11,0.0,0,0,0,6,11,0.0,0,0,0,6,11,0.0,0,0,0,8,22,0.0,0,0,0,8,22,0.0,0,0,0,8,22,0.0,0,0,0,6,11,0.0,0,0,0,6,11,0.0,0,0,0,6,11,0.0,0,0,0,8,22,0.0,0,0,0,8,22,0.0,0,0,0,8,22,0.0,0.3529411764705882,1.97530864,17,0.1304347826086956,1.97530864,46
HzYXsHvtXcdYq5vYkrRhojTzxgLZUxCZp7eRjwhEpump,841,True,27,0,2,0,2,11,14,0.15384615384615385,2,0,2,11,14,0.15384615384615385,2,0,2,11,14,0.15384615384615385,30,0,2,0,2,12,16,0.14285714285714285,2,0,2,12,16,0.14285714285714285,2,0,2,12,16,0.14285714285714285,6,0,6,7,14,0.46153846153846156,6,0,6,7,14,0.46153846153846156,6,0,6,7,14,0.46153846153846156,6,0,6,8,16,0.42857142857142855,6,0,6,8,16,0.42857142857142855,6,0,6,8,16,0.42857142857142855,2,0,2,11,14,0.15384615384615385,2,0,2,11,14,0.15384615384615385,2,0,2,11,14,0.15384615384615385,2,0,2,12,16,0.14285714285714285,2,0,2,12,16,0.14285714285714285,2,0,2,12,16,0.14285714285714285,0.1111111111111111,5.0,27,0.0535714285714285,5.0,56
DiGCvc4XTXkjLA2QQWQ4gUoxiPk2qZWGoEhpFoohpump,842,True,3,0,0,0,0,0,3,,0,0,0,0,3,,0,0,0,0,3,,3,0,0,0,0,0,3,,0,0,0,0,3,,0,0,0,0,3,,0,0,0,0,3,,0,0,0,0,3,,0,0,0,0,3,,0,0,0,0,3,,0,0,0,0,3,,0,0,0,0,3,,0,0,0,0,3,,0,0,0,0,3,,0,0,0,0,3,,0,0,0,0,3,,0,0,0,0,3,,0,0,0,0,3,,0.6666666666666666,1.777777776,3,0.6666666666666666,1.777777776,3
8GgqsCyFHKYcaRKyqf34ehCc2y6QJZouQ3vHuEp3pump,843,True,3,0,0,0,0,0,3,,0,0,0,0,3,,0,0,0,0,3,,3,0,0,0,0,0,3,,0,0,0,0,3,,0,0,0,0,3,,0,0,0,0,3,,0,0,0,0,3,,0,0,0,0,3,,0,0,0,0,3,,0,0,0,0,3,,0,0,0,0,3,,0,0,0,0,3,,0,0,0,0,3,,0,0,0,0,3,,0,0,0,0,3,,0,0,0,0,3,,0,0,0,0,3,,0.6666666666666666,0.296296295,3,0.6666666666666666,0.296296295,3
9VHQN7ey9B54gSUSgTXo4ebwP6hxw7LSrHtAkPFWpump,844,True,13,0,0,0,0,6,7,0.0,0,0,0,6,7,0.0,0,0,0,6,7,0.0,14,0,0,0,0,6,8,0.0,0,0,0,6,8,0.0,0,0,0,6,8,0.0,3,0,3,3,7,0.5,3,0,3,3,7,0.5,3,0,3,3,7,0.5,3,0,3,3,8,0.5,3,0,3,3,8,0.5,3,0,3,3,8,0.5,0,0,0,6,7,0.0,0,0,0,6,7,0.0,0,0,0,6,7,0.0,0,0,0,6,8,0.0,0,0,0,6,8,0.0,0,0,0,6,8,0.0,0.3846153846153846,3.0,13,0.3571428571428571,3.0,14
6i7XHjUt3cXGKGTqAZRLHyxUYhfb7FPRVVTqzw2Cpump,845,True,3,1,0,0,0,1,1,,0,0,0,1,1,,0,0,0,1,1,,3,1,0,0,0,1,1,,0,0,0,1,1,,0,0,0,1,1,,0,0,0,1,1,,0,0,0,1,1,,0,0,0,1,1,,0,0,0,1,1,,0,0,0,1,1,,0,0,0,1,1,,0,0,0,1,1,,0,0,0,1,1,,0,0,0,1,1,,0,0,0,1,1,,0,0,0,1,1,,0,0,0,1,1,,0.0,0.075753086,3,0.0,0.075753086,3
8NkcB4sGDcCvzCsQTWvcbpuFxWXPkMVDhXajfTHBpump,846,True,12,0,0,0,0,5,7,0.0,0,0,0,5,7,0.0,0,0,0,5,7,0.0,12,0,0,0,0,5,7,0.0,0,0,0,5,7,0.0,0,0,0,5,7,0.0,0,0,0,5,7,0.0,0,0,0,5,7,0.0,0,0,0,5,7,0.0,0,0,0,5,7,0.0,0,0,0,5,7,0.0,0,0,0,5,7,0.0,0,0,0,5,7,0.0,0,0,0,5,7,0.0,0,0,0,5,7,0.0,0,0,0,5,7,0.0,0,0,0,5,7,0.0,0,0,0,5,7,0.0,0.9166666666666666,0.0,12,0.9166666666666666,0.0,12
6p4idapihTB8Wxrqw6yTikE6eVwsYTAofwUS6P9Spump,847,True,4,1,0,0,0,2,1,0.0,0,0,0,2,1,0.0,0,0,0,2,1,0.0,5,1,0,0,0,2,2,0.0,0,0,0,2,2,0.0,0,0,0,2,2,0.0,1,1,0,1,1,0.5,1,1,0,1,1,0.5,1,1,0,1,1,0.5,1,1,0,1,2,0.5,1,1,0,1,2,0.5,1,1,0,1,2,0.5,0,0,0,2,1,0.0,0,0,0,2,1,0.0,0,0,0,2,1,0.0,0,0,0,2,2,0.0,0,0,0,2,2,0.0,0,0,0,2,2,0.0,0.0,0.802212265,4,0.0,0.933596401,5
HUwJc42rQ26Kyt8zjgkyw854hjKhkyGYF5bs6mMFpump,848,True,4,0,0,0,0,1,3,,0,0,0,1,3,,0,0,0,1,3,,4,0,0,0,0,1,3,,0,0,0,1,3,,0,0,0,1,3,,0,0,0,1,3,,0,0,0,1,3,,0,0,0,1,3,,0,0,0,1,3,,0,0,0,1,3,,0,0,0,1,3,,0,0,0,1,3,,0,0,0,1,3,,0,0,0,1,3,,0,0,0,1,3,,0,0,0,1,3,,0,0,0,1,3,,0.0,0.98765432,4,0.0,0.98765432,4
7eAfieEvrzr5X7FLynrqNTWnUcGSiRqVsy4WKGwc71mx,849,True,3,0,0,0,0,0,3,,0,0,0,0,3,,0,0,0,0,3,,3,0,0,0,0,0,3,,0,0,0,0,3,,0,0,0,0,3,,0,0,0,0,3,,0,0,0,0,3,,0,0,0,0,3,,0,0,0,0,3,,0,0,0,0,3,,0,0,0,0,3,,0,0,0,0,3,,0,0,0,0,3,,0,0,0,0,3,,0,0,0,0,3,,0,0,0,0,3,,0,0,0,0,3,,1.0,8.889876542,3,1.0,8.889876542,3
HruwRHkMLBmuVbAXJyFEKVizHQTno2pyYdq8TeWSpump,850,True,3,1,0,0,0,1,1,,0,0,0,1,1,,0,0,0,1,1,,3,1,0,0,0,1,1,,0,0,0,1,1,,0,0,0,1,1,,0,0,0,1,1,,0,0,0,1,1,,0,0,0,1,1,,0,0,0,1,1,,0,0,0,1,1,,0,0,0,1,1,,0,0,0,1,1,,0,0,0,1,1,,0,0,0,1,1,,0,0,0,1,1,,0,0,0,1,1,,0,0,0,1,1,,0.0,0.567407407,3,0.0,0.814320986,3
HixsiJHj2vRS7Fd5ffGigTYx446EDTAauVqhJEyyr5dh,851,True,3,0,2,2,0,0,1,1.0,2,2,0,0,1,1.0,2,2,0,0,1,1.0,3,0,2,2,0,0,1,1.0,2,2,0,0,1,1.0,2,2,0,0,1,1.0,2,2,0,0,1,1.0,2,2,0,0,1,1.0,2,2,0,0,1,1.0,2,2,0,0,1,1.0,2,2,0,0,1,1.0,2,2,0,0,1,1.0,2,2,0,0,1,1.0,2,2,0,0,1,1.0,2,2,0,0,1,1.0,2,2,0,0,1,1.0,2,2,0,0,1,1.0,2,2,0,0,1,1.0,1.0,3.0,3,1.0,3.0,3
14LdHtepHnq82wgAgKjFHfN4Hb8HXTeueRvc1xuKpump,852,True,5,0,0,0,0,0,5,,0,0,0,0,5,,0,0,0,0,5,,8,0,0,0,0,0,8,,0,0,0,0,8,,0,0,0,0,8,,0,0,0,0,5,,0,0,0,0,5,,0,0,0,0,5,,0,0,0,0,8,,0,0,0,0,8,,0,0,0,0,8,,0,0,0,0,5,,0,0,0,0,5,,0,0,0,0,5,,0,0,0,0,8,,0,0,0,0,8,,0,0,0,0,8,,1.0,2.962962962,5,0.625,2.962962962,8
px71fwAdTT5BsmRSVqHYHvNeyLjZzpTPaNhiGqnpump,853,True,4,0,0,0,0,0,4,,0,0,0,0,4,,0,0,0,0,4,,17,0,0,0,0,1,16,,0,0,0,1,16,,0,0,0,1,16,,0,0,0,0,4,,0,0,0,0,4,,0,0,0,0,4,,0,0,0,1,16,,0,0,0,1,16,,0,0,0,1,16,,0,0,0,0,4,,0,0,0,0,4,,0,0,0,0,4,,0,0,0,1,16,,0,0,0,1,16,,0,0,0,1,16,,0.75,1.957390147,4,0.1764705882352941,1.957390147,17
GuxFyM9Kjpiv6NxQqciMdZaxCPtwhob1qVP2XVxJpump,854,True,3,1,0,0,0,2,0,0.0,0,0,0,2,0,0.0,0,0,0,2,0,0.0,3,1,0,0,0,2,0,0.0,0,0,0,2,0,0.0,0,0,0,2,0,0.0,0,0,0,2,0,0.0,0,0,0,2,0,0.0,0,0,0,2,0,0.0,0,0,0,2,0,0.0,0,0,0,2,0,0.0,0,0,0,2,0,0.0,0,0,0,2,0,0.0,0,0,0,2,0,0.0,0,0,0,2,0,0.0,0,0,0,2,0,0.0,0,0,0,2,0,0.0,0,0,0,2,0,0.0,0.0,26.27153099,3,0.0,26.27153099,3
66f63wXhVA13vsopGTEiT6aZgeob9k6CGuUEKNvspump,855,True,30,0,2,0,2,11,17,0.15384615384615385,2,0,2,11,17,0.15384615384615385,2,0,2,11,17,0.15384615384615385,30,0,2,0,2,11,17,0.15384615384615385,2,0,2,11,17,0.15384615384615385,2,0,2,11,17,0.15384615384615385,2,0,2,11,17,0.15384615384615385,2,0,2,11,17,0.15384615384615385,2,0,2,11,17,0.15384615384615385,2,0,2,11,17,0.15384615384615385,2,0,2,11,17,0.15384615384615385,2,0,2,11,17,0.15384615384615385,2,0,2,11,17,0.15384615384615385,2,0,2,11,17,0.15384615384615385,2,0,2,11,17,0.15384615384615385,2,0,2,11,17,0.15384615384615385,2,0,2,11,17,0.15384615384615385,2,0,2,11,17,0.15384615384615385,0.1632653061224489,9.876543209,49,0.0666666666666666,9.876543209,120
AztPQtjE2uDR57AoEdMDV9TNjsKSREjDQ5H9vm3Wpump,856,True,3,1,1,1,0,0,1,,1,1,0,0,1,,1,1,0,0,1,,3,1,1,1,0,0,1,,1,1,0,0,1,,1,1,0,0,1,,1,1,0,0,1,,1,1,0,0,1,,1,1,0,0,1,,1,1,0,0,1,,1,1,0,0,1,,1,1,0,0,1,,1,1,0,0,1,,1,1,0,0,1,,1,1,0,0,1,,1,1,0,0,1,,1,1,0,0,1,,1,1,0,0,1,,0.0,5.43142639,3,0.0,5.609673527,3
BhiSfHGPHcmnmadJrPudYuFPMg58emM6iYY47TA3pump,857,True,13,0,2,0,2,4,7,0.3333333333333333,2,0,2,4,7,0.3333333333333333,2,0,2,4,7,0.3333333333333333,17,0,2,0,2,4,11,0.3333333333333333,2,0,2,4,11,0.3333333333333333,2,0,2,4,11,0.3333333333333333,4,0,4,2,7,0.6666666666666666,4,0,4,2,7,0.6666666666666666,4,0,4,2,7,0.6666666666666666,4,0,4,2,11,0.6666666666666666,4,0,4,2,11,0.6666666666666666,4,0,4,2,11,0.6666666666666666,2,0,2,4,7,0.3333333333333333,2,0,2,4,7,0.3333333333333333,2,0,2,4,7,0.3333333333333333,2,0,2,4,11,0.3333333333333333,2,0,2,4,11,0.3333333333333333,2,0,2,4,11,0.3333333333333333,0.5384615384615384,3.0,13,0.4117647058823529,3.0,17
DhxFGghsdsbgX8vKFhWxEkh4zfxK5yYkCYr4pox5bmeS,858,True,3,0,3,3,0,0,0,1.0,3,3,0,0,0,1.0,3,3,0,0,0,1.0,4,0,3,3,0,0,1,1.0,3,3,0,0,1,1.0,3,3,0,0,1,1.0,3,3,0,0,0,1.0,3,3,0,0,0,1.0,3,3,0,0,0,1.0,3,3,0,0,1,1.0,3,3,0,0,1,1.0,3,3,0,0,1,1.0,3,3,0,0,0,1.0,3,3,0,0,0,1.0,3,3,0,0,0,1.0,3,3,0,0,1,1.0,3,3,0,0,1,1.0,3,3,0,0,1,1.0,1.0,3.0,3,0.75,3.0,4
DzZdfgR5nahLn12M432UQSVBuRYNc1dQ14xvuX5Vpump,859,True,3,1,0,0,0,2,0,0.0,0,0,0,2,0,0.0,0,0,0,2,0,0.0,3,1,0,0,0,2,0,0.0,0,0,0,2,0,0.0,0,0,0,2,0,0.0,0,0,0,2,0,0.0,0,0,0,2,0,0.0,0,0,0,2,0,0.0,0,0,0,2,0,0.0,0,0,0,2,0,0.0,0,0,0,2,0,0.0,0,0,0,2,0,0.0,0,0,0,2,0,0.0,0,0,0,2,0,0.0,0,0,0,2,0,0.0,0,0,0,2,0,0.0,0,0,0,2,0,0.0,0.0,1.97530864,3,0.0,1.97530864,3
FgkoijPp4cEBRynMV3pxNurX8FZedQuirTqmWJDkpump,860,True,3,0,1,1,0,0,2,,1,1,0,0,2,,1,1,0,0,2,,3,0,1,1,0,0,2,,1,1,0,0,2,,1,1,0,0,2,,1,1,0,0,2,,1,1,0,0,2,,1,1,0,0,2,,1,1,0,0,2,,1,1,0,0,2,,1,1,0,0,2,,1,1,0,0,2,,1,1,0,0,2,,1,1,0,0,2,,1,1,0,0,2,,1,1,0,0,2,,1,1,0,0,2,,0.6666666666666666,4.938271604,3,0.6666666666666666,4.938271604,3
8uS22NtBPwR4XGVwDvKFdSvTsYrWgV4jvoW7wrWwpump,861,True,3,1,0,0,0,1,1,,0,0,0,1,1,,0,0,0,1,1,,3,1,0,0,0,1,1,,0,0,0,1,1,,0,0,0,1,1,,0,0,0,1,1,,0,0,0,1,1,,0,0,0,1,1,,0,0,0,1,1,,0,0,0,1,1,,0,0,0,1,1,,0,0,0,1,1,,0,0,0,1,1,,0,0,0,1,1,,0,0,0,1,1,,0,0,0,1,1,,0,0,0,1,1,,0.0,0.1187140709999999,3,0.0,0.1187140709999999,3
4Q9ektzLuvbLURje72vnbJGjbpXaor4zQRPLuEHfpump,862,True,3,1,0,0,0,2,0,0.0,0,0,0,2,0,0.0,0,0,0,2,0,0.0,3,1,0,0,0,2,0,0.0,0,0,0,2,0,0.0,0,0,0,2,0,0.0,0,0,0,2,0,0.0,0,0,0,2,0,0.0,0,0,0,2,0,0.0,0,0,0,2,0,0.0,0,0,0,2,0,0.0,0,0,0,2,0,0.0,0,0,0,2,0,0.0,0,0,0,2,0,0.0,0,0,0,2,0,0.0,0,0,0,2,0,0.0,0,0,0,2,0,0.0,0,0,0,2,0,0.0,0.0,14.814814813,3,0.0,14.814814813,3
83YwxNhkq6Xx3yazooEpdFk9GTYBL6imqGbdW4y5pump,863,True,3,0,0,0,0,0,3,,0,0,0,0,3,,0,0,0,0,3,,3,0,0,0,0,0,3,,0,0,0,0,3,,0,0,0,0,3,,0,0,0,0,3,,0,0,0,0,3,,0,0,0,0,3,,0,0,0,0,3,,0,0,0,0,3,,0,0,0,0,3,,0,0,0,0,3,,0,0,0,0,3,,0,0,0,0,3,,0,0,0,0,3,,0,0,0,0,3,,0,0,0,0,3,,0.0,0.493827159,3,0.0,0.493827159,3
21VWRW8XcqBrJymJp5idhpTpdtnJqLe3GdqaESiepump,864,True,7,0,2,2,2,0,5,1.0,2,2,2,0,5,1.0,2,2,2,0,5,1.0,8,0,2,2,2,0,6,1.0,2,2,2,0,6,1.0,2,2,2,0,6,1.0,2,2,2,0,5,1.0,2,2,2,0,5,1.0,2,2,2,0,5,1.0,2,2,2,0,6,1.0,2,2,2,0,6,1.0,2,2,2,0,6,1.0,2,2,2,0,5,1.0,2,2,2,0,5,1.0,2,2,2,0,5,1.0,2,2,2,0,6,1.0,2,2,2,0,6,1.0,2,2,2,0,6,1.0,0.0,0.9875,7,0.0,0.9875,8
ELn81rhHokkdCYbpbV8kqJvdtSQAnDTdBK67w62Zpump,865,True,4,0,0,0,0,1,3,,0,0,0,1,3,,0,0,0,1,3,,4,0,0,0,0,1,3,,0,0,0,1,3,,0,0,0,1,3,,0,0,0,1,3,,0,0,0,1,3,,0,0,0,1,3,,0,0,0,1,3,,0,0,0,1,3,,0,0,0,1,3,,0,0,0,1,3,,0,0,0,1,3,,0,0,0,1,3,,0,0,0,1,3,,0,0,0,1,3,,0,0,0,1,3,,0.0,0.098765431,4,0.0,0.098765431,4
8k4b6J22ZCSSeNjqW6bz5BG4nJWUHUAGZzgqoUfTpump,866,True,3,1,0,0,0,2,0,0.0,0,0,0,2,0,0.0,0,0,0,2,0,0.0,5,1,0,0,0,4,0,0.0,0,0,0,4,0,0.0,0,0,0,4,0,0.0,2,0,2,0,0,1.0,2,0,2,0,0,1.0,2,0,2,0,0,1.0,3,0,3,1,0,0.75,3,0,3,1,0,0.75,3,0,3,1,0,0.75,0,0,0,2,0,0.0,0,0,0,2,0,0.0,0,0,0,2,0,0.0,0,0,0,4,0,0.0,0,0,0,4,0,0.0,0,0,0,4,0,0.0,0.0,0.666,3,0.0,0.666,5
GMVHTHLPFFZd6NPANwZNZzMSLz5TLCzVFSvjgKkbpump,867,True,8,0,0,0,0,0,8,,0,0,0,0,8,,0,0,0,0,8,,8,0,0,0,0,0,8,,0,0,0,0,8,,0,0,0,0,8,,0,0,0,0,8,,0,0,0,0,8,,0,0,0,0,8,,0,0,0,0,8,,0,0,0,0,8,,0,0,0,0,8,,0,0,0,0,8,,0,0,0,0,8,,0,0,0,0,8,,0,0,0,0,8,,0,0,0,0,8,,0,0,0,0,8,,0.125,0.036494359,8,0.125,0.036494359,8
47VYFg5yTDiZkkZsWpJp41k6WWxS3sQQurGEddJJpump,868,True,30,0,0,0,0,6,24,0.0,0,0,0,6,24,0.0,0,0,0,6,24,0.0,30,0,0,0,0,6,24,0.0,0,0,0,6,24,0.0,0,0,0,6,24,0.0,0,0,0,6,24,0.0,0,0,0,6,24,0.0,0,0,0,6,24,0.0,0,0,0,6,24,0.0,0,0,0,6,24,0.0,0,0,0,6,24,0.0,0,0,0,6,24,0.0,0,0,0,6,24,0.0,0,0,0,6,24,0.0,0,0,0,6,24,0.0,0,0,0,6,24,0.0,0,0,0,6,24,0.0,0.2909090909090909,4.938271604,55,0.1797752808988764,4.938271604,89
DWkv8hXj3SdbcRcxPXdmZ2aswyqNtGwzyzPuks2hpump,869,True,3,2,0,0,0,0,1,,0,0,0,0,1,,0,0,0,0,1,,4,2,0,0,0,1,1,,0,0,0,1,1,,0,0,0,1,1,,0,0,0,0,1,,0,0,0,0,1,,0,0,0,0,1,,0,0,0,1,1,,0,0,0,1,1,,0,0,0,1,1,,0,0,0,0,1,,0,0,0,0,1,,0,0,0,0,1,,0,0,0,1,1,,0,0,0,1,1,,0,0,0,1,1,,0.0,0.060000001,3,0.0,0.060000001,4
A5HWHidpjB2FX535LPj7Dggz8ZpnfFRRY4quDTxzpump,870,True,3,1,0,0,0,0,2,,0,0,0,0,2,,0,0,0,0,2,,3,1,0,0,0,0,2,,0,0,0,0,2,,0,0,0,0,2,,0,0,0,0,2,,0,0,0,0,2,,0,0,0,0,2,,0,0,0,0,2,,0,0,0,0,2,,0,0,0,0,2,,0,0,0,0,2,,0,0,0,0,2,,0,0,0,0,2,,0,0,0,0,2,,0,0,0,0,2,,0,0,0,0,2,,0.0,0.0001,3,0.0,0.0001,3
DpA1BmjD2JfaDTJ9BFqBeQLwFRkGt2v56re4thezpump,871,True,3,1,0,0,0,1,1,,0,0,0,1,1,,0,0,0,1,1,,3,1,0,0,0,1,1,,0,0,0,1,1,,0,0,0,1,1,,0,0,0,1,1,,0,0,0,1,1,,0,0,0,1,1,,0,0,0,1,1,,0,0,0,1,1,,0,0,0,1,1,,0,0,0,1,1,,0,0,0,1,1,,0,0,0,1,1,,0,0,0,1,1,,0,0,0,1,1,,0,0,0,1,1,,0.0,0.98765432,3,0.0,0.98765432,3
4V5u2U9JqNKfFbFBtQeRV3ukBDztd3twWZkHjfGwpump,872,True,3,0,0,0,0,0,3,,0,0,0,0,3,,0,0,0,0,3,,8,1,0,0,0,2,5,0.0,0,0,0,2,5,0.0,0,0,0,2,5,0.0,0,0,0,0,3,,0,0,0,0,3,,0,0,0,0,3,,0,0,0,2,5,0.0,0,0,0,2,5,0.0,0,0,0,2,5,0.0,0,0,0,0,3,,0,0,0,0,3,,0,0,0,0,3,,0,0,0,2,5,0.0,0,0,0,2,5,0.0,0,0,0,2,5,0.0,0.0,0.137000001,3,0.0,0.156753085,8
HMm45CEXwDddKjqhV3wNK8ciWqG5crJ86iBQZWMkpump,873,True,3,1,0,0,0,2,0,0.0,0,0,0,2,0,0.0,0,0,0,2,0,0.0,3,1,0,0,0,2,0,0.0,0,0,0,2,0,0.0,0,0,0,2,0,0.0,0,0,0,2,0,0.0,0,0,0,2,0,0.0,0,0,0,2,0,0.0,0,0,0,2,0,0.0,0,0,0,2,0,0.0,0,0,0,2,0,0.0,0,0,0,2,0,0.0,0,0,0,2,0,0.0,0,0,0,2,0,0.0,0,0,0,2,0,0.0,0,0,0,2,0,0.0,0,0,0,2,0,0.0,0.0,1.634171849,3,0.0,1.829727403,3
428Rprrdp7Dec5yC5s7U1iaiAjMVgUD4D5doGJzppump,874,True,3,1,0,0,0,2,0,0.0,0,0,0,2,0,0.0,0,0,0,2,0,0.0,5,1,0,0,0,3,1,0.0,0,0,0,3,1,0.0,0,0,0,3,1,0.0,0,0,0,2,0,0.0,0,0,0,2,0,0.0,0,0,0,2,0,0.0,0,0,0,3,1,0.0,0,0,0,3,1,0.0,0,0,0,3,1,0.0,0,0,0,2,0,0.0,0,0,0,2,0,0.0,0,0,0,2,0,0.0,0,0,0,3,1,0.0,0,0,0,3,1,0.0,0,0,0,3,1,0.0,0.0,7.901234566,3,0.0,8.888888886,5
5M1413wfNVhW92pJsp11xWDp5UkFUoPx8YnYM6fpump,875,True,5,0,1,1,0,0,4,,1,1,0,0,4,,1,1,0,0,4,,7,0,1,1,0,1,5,0.5,1,1,0,1,5,0.5,1,1,0,1,5,0.5,1,1,0,0,4,,1,1,0,0,4,,1,1,0,0,4,,1,1,0,1,5,0.5,1,1,0,1,5,0.5,1,1,0,1,5,0.5,1,1,0,0,4,,1,1,0,0,4,,1,1,0,0,4,,1,1,0,1,5,0.5,1,1,0,1,5,0.5,1,1,0,1,5,0.5,0.0,2.962962962,5,0.0,2.962962962,7
EGfowW1n9Vz7MgeTsiYr2GjNzr1AvakqHwqxjePfpump,876,True,3,0,0,0,0,0,3,,0,0,0,0,3,,0,0,0,0,3,,5,0,0,0,0,0,5,,0,0,0,0,5,,0,0,0,0,5,,0,0,0,0,3,,0,0,0,0,3,,0,0,0,0,3,,0,0,0,0,5,,0,0,0,0,5,,0,0,0,0,5,,0,0,0,0,3,,0,0,0,0,3,,0,0,0,0,3,,0,0,0,0,5,,0,0,0,0,5,,0,0,0,0,5,,0.3333333333333333,5.590123455,3,0.2,5.590123455,5
FKEwCK91uLTPF6TRcPjeVMKw3PpAjA4dfNuPb477pump,877,True,3,0,2,2,0,0,1,1.0,2,2,0,0,1,1.0,2,2,0,0,1,1.0,7,0,6,6,0,0,1,1.0,6,6,0,0,1,1.0,6,6,0,0,1,1.0,2,2,2,0,1,1.0,2,2,2,0,1,1.0,2,2,2,0,1,1.0,6,6,6,0,1,1.0,6,6,6,0,1,1.0,6,6,6,0,1,1.0,2,2,0,0,1,1.0,2,2,0,0,1,1.0,2,2,0,0,1,1.0,6,6,0,0,1,1.0,6,6,0,0,1,1.0,6,6,0,0,1,1.0,1.0,3.0,3,0.4285714285714285,3.0,7
JhxvfjuAw7q7DTjs4QkYtdALxcG79Rs55NbTBQmpump,878,True,3,0,0,0,0,2,1,0.0,0,0,0,2,1,0.0,0,0,0,2,1,0.0,3,0,0,0,0,2,1,0.0,0,0,0,2,1,0.0,0,0,0,2,1,0.0,0,0,0,2,1,0.0,0,0,0,2,1,0.0,0,0,0,2,1,0.0,0,0,0,2,1,0.0,0,0,0,2,1,0.0,0,0,0,2,1,0.0,0,0,0,2,1,0.0,0,0,0,2,1,0.0,0,0,0,2,1,0.0,0,0,0,2,1,0.0,0,0,0,2,1,0.0,0,0,0,2,1,0.0,0.0,1.0,3,0.0,1.0,3
8H119Z5MYdNeX7pfbGVas88oDs6Bc667ipiJCEkFpump,879,True,3,0,0,0,0,1,2,,0,0,0,1,2,,0,0,0,1,2,,3,0,0,0,0,1,2,,0,0,0,1,2,,0,0,0,1,2,,0,0,0,1,2,,0,0,0,1,2,,0,0,0,1,2,,0,0,0,1,2,,0,0,0,1,2,,0,0,0,1,2,,0,0,0,1,2,,0,0,0,1,2,,0,0,0,1,2,,0,0,0,1,2,,0,0,0,1,2,,0,0,0,1,2,,0.6666666666666666,0.98765432,3,0.6666666666666666,0.98765432,3
Fq8wZJA6c5cy1UYTSqSoSicYNSbFfwo2UU3moF4sW1ub,880,True,8,0,0,0,0,1,7,,0,0,0,1,7,,0,0,0,1,7,,8,0,0,0,0,1,7,,0,0,0,1,7,,0,0,0,1,7,,0,0,0,1,7,,0,0,0,1,7,,0,0,0,1,7,,0,0,0,1,7,,0,0,0,1,7,,0,0,0,1,7,,0,0,0,1,7,,0,0,0,1,7,,0,0,0,1,7,,0,0,0,1,7,,0,0,0,1,7,,0,0,0,1,7,,0.625,5.0,8,0.625,5.0,8
5cUyMtz1GrFfHQo6As9SCxHfk5FrFwGqvZW1vVMjpump,881,True,5,1,0,0,0,4,0,0.0,0,0,0,4,0,0.0,0,0,0,4,0,0.0,7,1,0,0,0,5,1,0.0,0,0,0,5,1,0.0,0,0,0,5,1,0.0,0,0,0,4,0,0.0,0,0,0,4,0,0.0,0,0,0,4,0,0.0,0,0,0,5,1,0.0,0,0,0,5,1,0.0,0,0,0,5,1,0.0,0,0,0,4,0,0.0,0,0,0,4,0,0.0,0,0,0,4,0,0.0,0,0,0,5,1,0.0,0,0,0,5,1,0.0,0,0,0,5,1,0.0,0.0,1.487654321,5,0.0,2.475308639,7
8QfmGQvBnbKcXqmH1JSNYqSLS6PtTrYT3N4ttstpump,882,True,10,0,0,0,0,3,7,0.0,0,0,0,3,7,0.0,0,0,0,3,7,0.0,20,0,0,0,0,8,12,0.0,0,0,0,8,12,0.0,0,0,0,8,12,0.0,0,0,0,3,7,0.0,0,0,0,3,7,0.0,0,0,0,3,7,0.0,0,0,0,8,12,0.0,0,0,0,8,12,0.0,0,0,0,8,12,0.0,0,0,0,3,7,0.0,0,0,0,3,7,0.0,0,0,0,3,7,0.0,0,0,0,8,12,0.0,0,0,0,8,12,0.0,0,0,0,8,12,0.0,0.4,1.975308641,10,0.2,1.975308641,20
7DYG1HzPyHHE7fqx9e6roi1w5ZusLBnTEBcKM9MXpump,883,True,3,0,0,0,0,0,3,,0,0,0,0,3,,0,0,0,0,3,,3,0,0,0,0,0,3,,0,0,0,0,3,,0,0,0,0,3,,0,0,0,0,3,,0,0,0,0,3,,0,0,0,0,3,,0,0,0,0,3,,0,0,0,0,3,,0,0,0,0,3,,0,0,0,0,3,,0,0,0,0,3,,0,0,0,0,3,,0,0,0,0,3,,0,0,0,0,3,,0,0,0,0,3,,0.6666666666666666,0.200000001,3,0.6666666666666666,0.200000001,3
3Uwg8ynPVKDAS4gbs586NoAeTd4Ne3P5G23iKcrCpump,884,True,6,0,0,0,0,2,4,0.0,0,0,0,2,4,0.0,0,0,0,2,4,0.0,8,0,0,0,0,2,6,0.0,0,0,0,2,6,0.0,0,0,0,2,6,0.0,0,0,0,2,4,0.0,0,0,0,2,4,0.0,0,0,0,2,4,0.0,0,0,0,2,6,0.0,0,0,0,2,6,0.0,0,0,0,2,6,0.0,0,0,0,2,4,0.0,0,0,0,2,4,0.0,0,0,0,2,4,0.0,0,0,0,2,6,0.0,0,0,0,2,6,0.0,0,0,0,2,6,0.0,0.8333333333333334,1.0,6,0.625,1.0,8
AdhXE25xBnrSYjBJXEifAdauTrFqScKQGPvuvSDCpump,885,True,3,1,0,0,0,2,0,0.0,0,0,0,2,0,0.0,0,0,0,2,0,0.0,3,1,0,0,0,2,0,0.0,0,0,0,2,0,0.0,0,0,0,2,0,0.0,0,0,0,2,0,0.0,0,0,0,2,0,0.0,0,0,0,2,0,0.0,0,0,0,2,0,0.0,0,0,0,2,0,0.0,0,0,0,2,0,0.0,0,0,0,2,0,0.0,0,0,0,2,0,0.0,0,0,0,2,0,0.0,0,0,0,2,0,0.0,0,0,0,2,0,0.0,0,0,0,2,0,0.0,0.0,3.009777777,3,0.0,3.009777777,3
FSXhWLbLSZuHKdg5jgN8sXG82YXBiYnjrW2Tbn8Lpump,886,True,3,1,0,0,0,0,2,,0,0,0,0,2,,0,0,0,0,2,,4,1,0,0,0,1,2,,0,0,0,1,2,,0,0,0,1,2,,0,0,0,0,2,,0,0,0,0,2,,0,0,0,0,2,,0,0,0,1,2,,0,0,0,1,2,,0,0,0,1,2,,0,0,0,0,2,,0,0,0,0,2,,0,0,0,0,2,,0,0,0,1,2,,0,0,0,1,2,,0,0,0,1,2,,0.0,0.493827159,3,0.0,0.493827159,4
A4QfWWGyTz4jyiAG1ETVwW2LVsrmHcs5WtEDbeL7pump,887,True,9,0,1,1,0,2,6,0.3333333333333333,1,1,0,2,6,0.3333333333333333,1,1,0,2,6,0.3333333333333333,30,0,1,1,0,4,25,0.2,1,1,0,4,25,0.2,1,1,0,4,25,0.2,1,1,0,2,6,0.3333333333333333,1,1,0,2,6,0.3333333333333333,1,1,0,2,6,0.3333333333333333,1,1,0,4,25,0.2,1,1,0,4,25,0.2,1,1,0,4,25,0.2,1,1,0,2,6,0.3333333333333333,1,1,0,2,6,0.3333333333333333,1,1,0,2,6,0.3333333333333333,1,1,0,4,25,0.2,1,1,0,4,25,0.2,1,1,0,4,25,0.2,0.5555555555555556,2.0,9,0.0602409638554216,2.0,83
2ZpnU3qyEB5HgH8sShzKktgD1SSQ2qxvDGfRGsxEpump,888,True,9,0,0,0,0,1,8,,0,0,0,1,8,,0,0,0,1,8,,30,0,0,0,0,6,24,0.0,0,0,0,6,24,0.0,0,0,0,6,24,0.0,0,0,0,1,8,,0,0,0,1,8,,0,0,0,1,8,,4,0,4,2,24,0.6666666666666666,4,0,4,2,24,0.6666666666666666,4,0,4,2,24,0.6666666666666666,0,0,0,1,8,,0,0,0,1,8,,0,0,0,1,8,,0,0,0,6,24,0.0,0,0,0,6,24,0.0,0,0,0,6,24,0.0,0.7777777777777778,3.0,9,0.2,3.0,35
BinaXkJVkYdNw83u19G4s6uSiVC75XvejLg9UCKypump,889,True,3,1,0,0,0,1,1,,0,0,0,1,1,,0,0,0,1,1,,3,1,0,0,0,1,1,,0,0,0,1,1,,0,0,0,1,1,,0,0,0,1,1,,0,0,0,1,1,,0,0,0,1,1,,0,0,0,1,1,,0,0,0,1,1,,0,0,0,1,1,,0,0,0,1,1,,0,0,0,1,1,,0,0,0,1,1,,0,0,0,1,1,,0,0,0,1,1,,0,0,0,1,1,,0.0,0.055000001,3,0.0,0.055000001,3
71iQoqdiwmrTTdoJjA6tYWwvfw7NeAe8YjHSboqvpump,890,True,28,0,0,0,0,4,24,0.0,0,0,0,4,24,0.0,0,0,0,4,24,0.0,30,0,0,0,0,4,26,0.0,0,0,0,4,26,0.0,0,0,0,4,26,0.0,0,0,0,4,24,0.0,0,0,0,4,24,0.0,0,0,0,4,24,0.0,0,0,0,4,26,0.0,0,0,0,4,26,0.0,0,0,0,4,26,0.0,0,0,0,4,24,0.0,0,0,0,4,24,0.0,0,0,0,4,24,0.0,0,0,0,4,26,0.0,0,0,0,4,26,0.0,0,0,0,4,26,0.0,0.0,3.456790122,28,0.0,3.456790122,33
4ArFhNqe772PNFGek1NiJQmPuSDA5vNHC334kpYFpump,891,True,3,1,0,0,0,1,1,,0,0,0,1,1,,0,0,0,1,1,,3,1,0,0,0,1,1,,0,0,0,1,1,,0,0,0,1,1,,0,0,0,1,1,,0,0,0,1,1,,0,0,0,1,1,,0,0,0,1,1,,0,0,0,1,1,,0,0,0,1,1,,0,0,0,1,1,,0,0,0,1,1,,0,0,0,1,1,,0,0,0,1,1,,0,0,0,1,1,,0,0,0,1,1,,0.0,1.000000001,3,0.0,1.000000001,3
