mint,dev,created_slot,t0,t3_s,n_q_d5,n_same_slot_d5,dev_buy_sol_d5,zero_d5,e_rn_d5,n_q_d30,n_same_slot_d30,dev_buy_sol_d30,zero_d30,e_rn_d30
GMQm4Ri9PH84aUynk2WExosStZK79W3r2uGZnw4tpump,5SW7p56x22LKj8gYcE8DVVd1S59UJUGR9jKq2PFdKiKg,425165661,1780943565,0,67,15,1.975308641,0.22388059701492538,127,112,15,1.975308641,0.13392857142857142,278
8a1XdQ2jP4sbkWFK2MXeRixNaXPngZXG4c3DMMTWpump,DnGf8gDvm46NR5CGUWve846GnV6FewjKo7MBUZEpHSmd,424450612,1780658641,8,3,0,1.000000001,0.0,21,3,0,1.987654321,0.0,52
uL6gWQs1FMJVNCV5KzdKq5aXxzs9iFgfzx4Yns9pump,FwvqRm64fpYaqkQJ72a87xvqXEeioSuAqFyhteN3ekt8,423766756,1780386315,30,4,0,0.98765432,0.0,7,4,0,0.98765432,0.0,11
5XVaaxWGnQdFKGNCE17BQbXJWhifD47rH3Q3WeMEpump,4FEGV9upZPiRejpSu9FLgxuwcZLFY4HkizkN6EBQDAiU,425538271,1781091579,24,3,0,3.987654321,0.0,59,3,0,5.962962961,0.0,102
AuMvErNfWittaXwHCofBZ3fPufeKxAocpVyKL7bDpump,5949hDDDHaxoXemTJmVHArL6avYXUxKY8Ad7Tz43GnCg,425591519,1781112717,0,13,10,5.0,0.7692307692307693,35,15,10,5.0,0.6666666666666666,39
4HcU7w6AS6TLpP2A2uX4joBN6c4EhPu6Z7gXL1nhpump,9m54utkL7MHr12nBfFMNuCGnrey2HngG9nA6NAyTBBVB,423722529,1780368775,8,3,0,1.579259256,0.0,22,3,0,1.5988148100000001,0.0,68
Ax3k93NPAmWtcYdCWKznTXGCBuR9HbBmAVCTvD95pump,BiPnEhGq4uMWZc4EJypMV3hiaz55gdHtoiqRtaBGGwVW,425605620,1781118310,0,18,5,1.777777776,0.2777777777777778,30,42,5,1.777777776,0.11904761904761904,94
2HN8ySZXJaHM1dHE9aUbR94u3FYrCGWDaVuspriZpump,FiwwHe2obYsFoxprUXRWdAgHxMfKwK7ca9YB3g8bmX13,426483282,1781466646,0,26,5,7.0,0.19230769230769232,63,44,5,7.0,0.11363636363636363,155
DvhS53yNUHT1nGj8k4p7YN4hC4DHupcBw41MuUfpump,DZLr8cY5rTV36oHo38sYRQqewL2ExD3QFJUWjKBdJceo,423803707,1780401009,1,6,1,0.98765432,0.16666666666666666,12,42,1,1.5822144969999998,0.023809523809523808,103
7D86jL6ttQd8Rd4nLfgVXKDuEMtEYVqmbWFvtj4M5o8J,CizieiUP8y25cFHA8ru5gk4GuYYprRGwDQUdCGn4w7ch,424956204,1780860154,0,15,2,3.950617282,0.13333333333333333,28,18,2,3.950617282,0.1111111111111111,38
BUMKFxSCo16R6rotyeXpzaA2UY2675Q6DMH2MqLhpump,AtthXnDvkwHKAdnveRTDfy5X7fPvDuxcTftjxQU1UGWL,424047023,1780497803,0,8,4,1.777777776,0.5,17,8,4,1.777777776,0.5,17
4PvrCqHeFsXsAg3UUD3EMxbBxqBd9A2YEXvwJbw8pump,4VSWFQR9YEXECTe9JiyEV3LnGeCxQjKvYSzovcMU1EE1,423764252,1780385318,0,4,3,1.48148148,0.75,5,4,3,1.48148148,0.75,5
DQPGmuSaXZaSbQEzh2tgswkBYbStHgdUv5DEzc9Cpump,8i5U2uNBEuTc4zskYP14zbebDg2RSwrrG8REhEnJb97K,424807765,1780801050,0,8,3,2.962962962,0.375,12,45,3,2.962962962,0.06666666666666667,88
86eUMjPPumw2YNNurY3u1nkcMhWKuVDJw3bcgPbNRmyT,popsP556X4XMXK5m8P39axrL7QayAGPDU8AKYVE8kxS,425015399,1780883729,5,3,0,1.981234565,0.0,24,3,0,1.984197527,0.0,29
DRq2hxezx2mzFTU8F6sW94NoW9Znw1qjsy7x9xXApump,F2L1xMBSCJJQ5swMq24NiesovUJMiCiyMRHAG797oYrV,425985540,1781269001,23,3,2,0.98765432,0.6666666666666666,8,3,2,0.98765432,0.6666666666666666,8
GbWi5teZFxrR5a9bBxCzCj4VLvSmG9YNz2zVygcqpump,75GMVrr2xfgAeybuNg1VMHqFE3GTFJLzEHo6xC4MwUzF,423908627,1780442724,0,45,4,3.0,0.08888888888888889,84,74,4,3.0,0.05405405405405406,186
688sLZ6PC4a1gWuMMZ3wkzLfZiYbM7wP9h3VAHP9pump,7eStM4BgV5e3AvE1DXHwvGh5M9PoRvExNAYS98LjeSym,423622984,1780329241,0,4,3,5.0,0.75,8,4,3,5.0,0.75,9
8dNzz9neGeD8b36dDbzFqDyVZg1TFuGGUD1P3vxWpump,EtTqa4E6mDSjmZj5UzGkR3Pcp6KNd5EbqeTujeWbkvBd,423594476,1780317886,0,4,2,1.97530864,0.5,12,4,2,1.97530864,0.5,14
EYMXuMc9urkhFHwfsaURE14JLLGvXWuDbYX9R6HYpump,AwLSsyhJzJYirsSFjH6b668A3omhymJHtVznw1zgthTQ,426057779,1781297729,9,4,0,3.950617282,0.0,18,4,0,3.950617282,0.0,44
B8Vr9WP6h9JZxK6d1AuFAweHn1YSLybuU9qf9qCfpump,8o6DvoTdJrL1uddYwLRzbViLGCbiff9Yu3WiG1DBbfK6,425876013,1781225513,12,3,0,0.250039067,0.0,31,4,0,0.733297095,0.0,89
632mKVYLWk6Uk2jYJ8ZWkybsWHeZjXSADbcWVGxBpump,2S3Erds2QDu8djF64ECJvkwNCpP2WwayC9pTEQRTpW9U,425593065,1781113333,5,3,0,3.5907526,0.0,43,3,0,3.5907526,0.0,58
2z9E4rpkQMJ5BwbdWXG7rk5c6CiYVop37yQWaV4cpump,Hcscu8QJ9MWqWQT9VdqkUkz7cRrryi1wnktXWBKF7aiJ,424547020,1780697074,0,5,5,0.100000018,1.0,5,5,5,0.100000018,1.0,5
B6LdDHQJEyhcoVRDTGLVdZu3x78bKdjeUCH73w9Xpump,5ZuV8eqkvzYFVEKbLvGBdexL2tFv7E5BCd2HZpjqbdg,425203978,1780958836,0,15,5,15.000000001,0.3333333333333333,32,29,5,15.000000001,0.1724137931034483,80
FdMg97YC3tC5BDxTzW2mAjhHYwahPHPv8A8sBCpopump,7naFFwuEJWeWwWYQUkgAWHsxYKg3KctEuUj42JdAMidP,426499505,1781473103,0,5,4,4.0,0.8,6,7,4,4.0,0.5714285714285714,18
2D1Bi9ppTJz4bV2XE2XzzaV5MLtJ53o64VjfyeoFpump,81RtriBv4zxoXem4FNLDgVXs5D8umK4VZrLXunteGMMG,425193037,1780954463,17,4,0,2.9707851780000003,0.0,113,4,0,2.976651840000001,0.0,203
7T4WeEdThSnvq94nwjYKtzXtsfrik28knNEYbcAkpump,DfVphPR7aX6R6Dontz834zYgYJJ8xeepzCihJvPrhwJZ,425225031,1780967222,3,4,1,0.12839506,0.25,9,4,1,0.12839506,0.25,10
2BG683fSW7vRiK6ZAo1QSNVZVqywKAKDw4yUGjAHpump,FdSCAZV3mWtJtQTSj8b1GRz8PZo2KBR5Wba4wLmsuQN1,426351947,1781414479,39,3,0,49.382716048,0.0,10,3,0,49.382716048,0.0,11
CBQfabefpgyERPtX9tRkBgJ7VB5eQ8wcGPChwZZ3pump,CC1Ba3QPp7UF6kpAcea97GRiamQG9hdCMsG22uFiDFSn,425655950,1781138268,0,7,4,0.49375009,0.5714285714285714,15,7,4,0.49375009,0.5714285714285714,17
58geeDA3F4DrK3yQv2uMF7vHjoY8gNdzrvgPo7Zhpump,C4k4cn34M3YtZV8F2YVzqWfThpxpjhtDX79BZ97C2KRX,424595668,1780716454,39,3,0,0.26544331899999996,0.0,100,3,0,0.46297418199999996,0.0,112
2sQhJTHjJ7hJbaKsxKChTCUnSpLfDsGhyicfzLxrpump,5MTjkAZMe1ur64ADTgnaYFN1ByTapu2RqcKYUdQNaE2E,426419091,1781441152,0,11,6,4.0,0.5454545454545454,23,17,6,4.0,0.35294117647058826,38
EcmBVpJU4B9uqtY9mUiJWXzLbCLoLXGajmnoHvCcpump,EHmWN6EAByxC4Rqsx9Yk9c6iPCS3m6XiFQnA3Zf4kX6N,425366847,1781023733,0,5,5,3.0,1.0,15,7,5,3.0,0.7142857142857143,22
9kNzykB5hdU46xsduqL3VSmA9RCjFWUAVLWYiuXUfomo,AV7PjXHL5JXZ1YoYRoN9Dsstg1x2UciBupMCXcJP8gUz,426239994,1781370041,0,12,8,5.0,0.6666666666666666,31,36,8,5.0,0.2222222222222222,161
9C2HPBFVVjF7kMkwWPDdhJMRk5rYpjLEBvi49NVPpump,3LUfv2u5yzsDtUzPdsSJ7ygPBuqwfycMkjpNreRR2Yww,425594488,1781113897,3,5,0,15.728585984,0.0,29,6,0,15.728585984,0.0,48
EnxEjhQCY93vdSQ2ynPErzqJKsUC1TUZM9Q8cFMRpump,6XiXyMQRPpLn6f1q6qCkBhw2YTS44ifqBaEgM7vPfvVy,423661378,1780344467,84,3,0,0.098765431,0.0,74,3,0,0.098765431,0.0,95
6JmSsgo26Sj1A2EwAtbc7QcFgHLKh9HaK5Ze5Yj6pump,8i5U2uNBEuTc4zskYP14zbebDg2RSwrrG8REhEnJb97K,426245481,1781372218,1,6,2,2.962962962,0.3333333333333333,14,6,2,2.962962962,0.3333333333333333,14
5wMTJfxrt99o9hVk92TLZFHX9sJLoJqPxhDUcZ5pump,F7CewgNVCAocoGu9Q7ttkgjbrWstBGQYLRYKL4cWdQui,425242392,1780974141,0,8,4,2.475247523,0.5,17,15,4,2.475247523,0.26666666666666666,78
CRqaqhwgoRw6ESJHrUU5Nkc2J98tW4hDhAMwKYkprkWe,bwomEMQzkxVk5AF4qydyckDCuMEjaj95afietSMugYp,424113956,1780524459,0,32,5,5.0,0.15625,101,36,5,5.0,0.1388888888888889,132
7LVoo2Mzag97CgQmH12XZd2ioKbWJHQKzPsbZnRcEGGD,C69LAHto1VfRbeYbh2Nghg5ay52wEWMgqwc2bsSzASMb,426201738,1781354857,14,3,0,1.185185183,0.0,33,3,0,1.185185183,0.0,88
AVbnBc27GGNDHzBytJ53MpJueYRBVQqoV9TZzx2Dpump,5FqUo9aBjsp7QeeyN6Vi2ZmF2fjS4H5EU7wnAQwPy17z,423584140,1780313767,13,3,2,5.0,0.6666666666666666,8,3,2,5.0,0.6666666666666666,9
45n7rv2CV3HrGbKfQzBWogWVfrDP3XaV6JktCLa7pump,Conx914UM6pTX5ieKqd1L8nH9AKMWfFoPfZHhTveAQMk,424838259,1780813203,0,17,7,5.0,0.4117647058823529,36,56,7,5.0,0.125,142
5L1UFem8MwX3FeJG4mwmn4p4t5Rjw9AxwCgsvP8pump,6eFn7XQSSvgPqYRbDfR4ZfL2fw3Y39nyVcTspk3sBCJq,424798374,1780797304,0,6,5,2.475247523,0.8333333333333334,8,11,5,2.475247523,0.45454545454545453,66
EMotHU42fV1CdBai2V7MbiJMpVwBAhBM4Z8mnxurpump,8eRqKaZProoVrmhUtCPtUotP3XT2xq9Pj7697jjoHiQB,425638136,1781131189,10,3,0,4.987654321,0.0,23,3,0,4.987654321,0.0,25
3e1v4D5nGQoCq3n8xfnvacsJ4QTrWDST21GRXSRDpump,AGxzVkZVqTbfauBpqvLLcaxq4H9Ddi2ywnqfVsvi85SS,425697869,1781154881,22,60,0,23.671124317,0.0,88,65,0,23.671124317,0.0,120
HrkKpjDdgMGCA16LsgkK2a4kQYznv8Sjx5LM5Ad3pump,FJP3FyqqJdCjWaoAfjHCi6D8Rm9rSnVRtoSxMHEQtfhq,423683076,1780353082,10,33,0,1.46627566,0.0,59,51,0,1.46627566,0.0,103
3GzQ2gECXEih2y26AbzmHaZRqgSee1XoooSGxCMopump,F17GMAjExFQG6Lj5Cft4qmN3CMSHALcPgsabks5BXQLF,425160486,1780941490,158,3,0,0.400000001,0.0,132,4,0,0.400000001,0.0,173
B6qsxFPomMCLcufiFQJhdjEoEEVNt7w7FamoqSxLpump,6S1HqoVRgE4wWtykU8uHjPdXLL7VzaBfBNetkY82jVKT,425858286,1781218506,53,3,0,0.098765431,0.0,46,3,0,0.098765431,0.0,47
9tZpegGf2BQtX7SDZcn72D6ieeYnELwhtCKHUDMmpump,8NJ7Ujpji8uMF2675mqaTSEm2DCbfJA7fiRKtiaqkaLN,425351309,1781017543,0,5,4,2.962962962,0.8,13,9,4,2.962962962,0.4444444444444444,22
K1Y3LkJSvJ1kxLZ8raeuHF5PPz7bNFTjwgKxj3rpump,Fw251bximoC5KDfjjXCs9uf6bECRBDyhAB4YvtLxbFwz,423972390,1780468104,0,9,3,3.0,0.3333333333333333,15,19,3,3.0,0.15789473684210525,73
DLgbfUAUwG4KYRnVQUhCSt5ii2nhWbFHm3PLzkKUpump,xRaYZSydHJwZt8YdMQUXz1csTxZyTZzxn6WRobJY5qi,424123406,1780528218,0,36,4,0.01,0.1111111111111111,61,74,4,0.01,0.05405405405405406,154
E2oecxpiXHyoYYs6hsFt1D2MaZ9VMs8AzHV9HKrzpump,4HXb7ivgvjbHC3TBesmmD9LovH8tmTv9DZsq12GMvEpU,424770471,1780786163,0,26,7,5.0,0.2692307692307692,37,101,7,5.0,0.06930693069306931,254
Fa8C2BWGcas83W7Svus1sr2Yycnq1qKV8VuNSZFSpump,GShfJNWdVy2BEJNZqhutNAjGPqmJqHiA7SZJPVStk78N,425414958,1781042750,23,3,0,0.050000001,0.0,50,3,0,0.050000001,0.0,91
6ZRoZsA8QSPbJYWcXkTjqbKaENc1ch9jocZ9ModLpump,4mnT2Y7svNACkGMfdi4eQKXMfW5MC2bF1R6wvLrFSHo4,423510207,1780284440,0,13,4,3.0,0.3076923076923077,20,27,4,3.0,0.14814814814814814,80
12EzWwcKQfWznbrsF3MEBgtX76UyMmucAqA7rtYppump,DEijNR29GrakUgEgmGbbsZpKmeYABC73JNzCUPEYNnMM,426194444,1781351973,1,4,1,1.906172839,0.25,4,4,1,2.545679006999999,0.25,10
9PTPkcZE41qez15u8KPnAA3H4nTbRojrcQmexmEtpump,HgJzj4gM1wq5YygqGcq8V212WM7fE92CjdFixDaNjWQZ,425809565,1781199182,19,3,0,0.460000001,0.0,10,3,0,0.460000001,0.0,24
EDhtKeRkpPdXHNdDxFQQjU85Hmhpj3kPY595XQAGpump,AWGAwNm53RTSjxPEqxiYwwhXjcjLnMVFrd4gYK2scQT6,426111688,1781319147,120,3,0,2.000000001,0.0,16,3,0,2.000000001,0.0,16
DAviwykGQYFNFxSh7Gg6nE6o4joq8bAuiFZZMzwvpump,69sfN8HF9347M4tdztQyTLoo8vTFwicG2zn9FuQvM3Th,425310744,1781001373,4,10,1,3.084444443,0.1,15,12,1,3.084444443,0.08333333333333333,20
21sxTVXPgN2HbAxMGGTGmDbju69i4SYH9faUtjgepump,HRqYDAp2UFs8buvWfZVnEPT9SH2BfKf9nT1aPGnKwsnS,424040280,1780495116,28,6,1,0.98765432,0.16666666666666666,8,11,1,0.98765432,0.09090909090909091,14
5CsXZdKGyv7ceinHV6YNEMmvwd8Dbtge3TdiiYC3pump,9T8kkhKjHYLRHLTFbQL97GvyjMeL2Ysdya7YTVYHRK67,425001047,1780878012,0,9,9,2.0,1.0,19,20,9,2.0,0.45,39
BL2d782DtzociFLbs1pHUjxEJgXNJQCZhPbTUp2wJrZz,9wRuFPJZFviuHv9q4hsaxUUADDphX6oSjcMA3RuxTFRG,425906940,1781237778,0,8,4,3.5,0.5,10,17,4,3.5,0.23529411764705882,42
CpeVm7T7GwTcM7XVuHLkoo4BDn9q1EE9WgdGhHCo5wqv,Du8T6DWD7K5t8damtfmes7sSpJkGex46ac8swNgrYccA,425203461,1780958627,47,13,0,0.0,0.0,14,13,0,0.0,0.0,17
AcoMzoKZ7bkzvZbuwyvUmj4yxZPfnZuEasw9a635pump,7kGAXsa7n1qN2FuNoJAGmzebmN9KqqLAHcwj7gvoekKk,425971694,1781263517,0,10,6,3.0,0.6,17,58,6,3.0,0.10344827586206896,138
5R4yqm1cjURywFvKHgmN9qwLUpNLLPmDz1niYjHDpump,GXRLgB9UGh1jZRjcdb3fUqvMEDdRFLNwy2uwvmAM3sTS,425917072,1781241798,0,47,2,4.938271604,0.0425531914893617,76,82,2,4.938271604,0.024390243902439025,202
BmohvRu8r85AQd86LhoJXZEnKXb77TT5FhyhU3tZpump,7pexYMff6bth2dWnqMDuhqyMLHxApaTSMSrM5KYjdoUR,423921212,1780447736,67,4,0,0.107395768,0.0,214,7,0,0.134031802,0.0,289
JDEwT5qE7M329BdJJC6aU42NKBk5E2n8sXh3tTTRpump,6JAWs6TRbmreDmAgTr4pgfaGMFGuHZkTzphbjzWzYux,425697599,1781154774,0,4,2,0.980000001,0.5,5,4,2,0.980000001,0.5,5
FCEbAWvJS3MDL14sYU7uDA8K1z7w1mqtnNwWwyLfpump,6i5k44k27tskbedvNeQkYWrBm1pHCjXkYokV6Vm3AMPw,424712440,1780763054,23,3,0,0.059259258,0.0,49,7,0,0.059259258,0.0,93
EJuHjrF5uEs4L8f7GyrCiVq6zKBrAmHx5YtJBcuapump,78N177fzNJpp8pG49xDv1efYcTMSzo9tPTKEA9mAVkh2,424059780,1780502887,0,10,8,3.0,0.8,17,16,8,3.0,0.5,39
7qCSYR49tyX6p9YzN1iA7sqP7ZM4hrws2fYnCQVApump,8eRqKaZProoVrmhUtCPtUotP3XT2xq9Pj7697jjoHiQB,423838712,1780414902,5,4,0,3.000468822,0.0,17,4,0,3.000468822,0.0,32
4FJ3Cu1UL4a51qa32rpp8A2QAzbeKKakvaLhTpSopump,BXyCSnrhTUkey3fJYJVKCcj8Jsva2xM1UTYva1Bni9GG,425810787,1781199666,34,3,0,15.0,0.0,79,6,0,15.0,0.0,155
DXtUFVQedBHBx38rdgb5Gh5SWMSPx1Y7k7emcoWppump,Ep8r1jHZp7kojrPRbjE1TpKwBasLhdZPky9PP8HuGieT,425339574,1781012868,5,3,0,0.977777776,0.0,21,3,0,0.977777776,0.0,24
DHCnhqEHgbwNuu4qCmEQj3DEZwWTDMw2G5T77NuB14vU,bwamJzztZsepfkteWRChggmXuiiCQvpLqPietdNfSXa,424564247,1780703945,7,3,0,4.938271604,0.0,5,3,0,4.938271604,0.0,6
GGk1N9QwDhshujYmq1nTqy4JBJwVQrSEc3FtDqJpump,65a5ZuXpfmYaZqhWBY6n54Wp2FgQZPdZiJCNd2eaoAof,424524104,1780687945,0,35,8,0.098765431,0.22857142857142856,65,58,8,0.098765431,0.13793103448275862,149
FrSoWSvJnbeA6Yt9whLe9q68P36bm4n1D3bwtKTapump,5ieyQW9qj2z9fpsKhC5fyxiQDG3PxhMx5cHjGPPPakQJ,425830226,1781207364,0,7,5,1.481481479,0.7142857142857143,23,52,5,1.481481479,0.09615384615384616,133
6jkbnUK3N4HoJAQMhyJPtpRhGrmwM8WDYGo5pu2Rpump,8oZiaf74SwU9YufXNWHHZj6kih6RrqaZ3T38exYD27jw,425220316,1780965339,0,20,7,5.0,0.35,28,42,7,5.0,0.16666666666666666,118
Ayd8t51sNCqM6vS2P7B2retaSNeirWDJgoTWRkyYpump,7Ws2u7scF2TRvTQypG9Bc1g6nvZwtabK6w1VaJckNeJS,426345044,1781411746,15,3,2,3.0,0.6666666666666666,9,3,2,3.0,0.6666666666666666,9
4a3BVCmiwAbWNzk4zcwpqUPENa4YuC62kBzsvttRpump,H5QNZ296ZukaCBuC7VVh6QWcxRoyj5SUy6SwMFvrwoJF,426130843,1781326735,4,3,0,2.962962962,0.0,20,7,0,3.2562962930000006,0.0,146
8h2pvfNzW4kRYk3Cf6dtovevHPb3oxZcT1TYpzpZpump,J7yEJr6uQHF6nMZR1NSwTWnTLmCxbC7wrTzTXbnXPDWs,425139618,1780933189,0,5,5,2.8,1.0,13,5,5,2.8,1.0,16
8Xj2bskzhtPNm8faz2ZUg9wSgW5Y8gscgfpFUCJopump,82jSXyHCVYjpqGtagcFSXZYC39PhsTQL1VkmgVUEHW9U,426203675,1781355624,1,23,2,1.679012343,0.08695652173913043,68,58,2,1.679012343,0.034482758620689655,191
HAJAeRURXJrniiEcsVU3Y7VBXi7zxB5k5AiYyNpqpump,Hfa64Y478EjnDQVmUPh4jEg2x2wp2WSeTSQAwAygqCeZ,423607857,1780323219,37,21,1,0.493827159,0.047619047619047616,39,21,1,0.493827159,0.047619047619047616,47
Cx2XJn7Br9EmWqhYjavmusHvtQotNWg4Sb1Fjgihpump,CPQwxVozKoedJabKDwqvEFUhDPvWmbuz3NTpystmPh9P,424530190,1780690371,0,15,6,1.000000001,0.4,23,18,6,1.000000001,0.3333333333333333,58
Fit5gCegUgNfgtSTUheRT2tjtb6ZBLKFkqx1Fxrcpump,CRzpBtFwjGkYKjwPSBzC4mn8qF2eb7XpjfPemubT4dgE,425569402,1781103933,0,8,2,0.98765432,0.25,16,14,2,0.98765432,0.14285714285714285,33
BEQgAzD4eytnmP12nRSV5sgvTAJ3ArnRkJ7EJ1MWjWFV,9wRuFPJZFviuHv9q4hsaxUUADDphX6oSjcMA3RuxTFRG,423928146,1780450493,3,6,0,4.0,0.0,8,16,0,4.0,0.0,35
8Z3b2a3umh8cY5Rm3UbzWfpDP1YkD3HixNbe21aipump,9Y5VR3Ubr1qmcbaz84RwBWNsgptuDWhRFWMQno5ibyzx,425257440,1780980150,10,71,0,23.672098764,0.0,101,73,0,23.672098764,0.0,113
Go1mDoxih7ByGT2KvFpEtBUAb2DDfGK91aYxqW7spump,BnSJys7v985tCpKBa1vAD1Vy24JqJ6J9fAabUjfm8Tya,423686842,1780354580,0,3,3,2.962962962,1.0,4,4,3,2.962962962,0.75,9
21JH5EuJhzjVNaopHsAZZWfw7W7NUeM4euae4bjspump,DpZRvhvJG7s5DcrCFzqgV47pCpDZhHUgxcqHexwLagKB,425622424,1781124968,7,5,0,0.09875,0.0,22,9,0,0.09875,0.0,76
2YTPvckyxQmzUTvSGGa7PcXbekqoJm2Tuty8yY4upump,433h7vYDCjBRb6MgV7UXjKMDvfYWAyuX7UAoyEGLzAid,425814213,1781201029,0,43,4,0.940500001,0.09302325581395349,86,53,4,0.940500001,0.07547169811320754,150
HAkZgUjzbzLc4Jd6vcDYwb2JnUwMhAL5FTgVmWH1pump,7FVfSdnR9VPGjMtmBP1Hz9C2DFTpoNX8gVVRmnimnGt9,426461431,1781457967,39,4,0,0.077876543,0.0,92,5,0,0.08775308500000001,0.0,151
9US4rJXNXkKisR4fdLDGHZ8tWvWdtpSoRwQNyk55pump,8Pds5xP17PsBG7gend7qVT1HhVmLfW7u9BUqNMN9Ftt3,424824614,1780807767,8,3,1,0.385185184,0.3333333333333333,7,3,1,0.385185184,0.3333333333333333,8
CVRLJkLmzz8YaK1mKYrDuU4BLthKiM9NX73RAnoKpump,7BVsMqCRoeEtvVeasYGrRhy83gHr5ZSJBnpV7QeCFQs4,423673180,1780349161,0,4,4,4.0,1.0,7,5,4,4.0,0.8,17
83mRwycNAmJLrBVg6mKQtcCTbuBM8qYigud6yoHApump,7yR7vjeCh8ZQ2peFnAygK8wUsgiMn5rAnBirvi7kdYfQ,424564393,1780704003,17,3,0,0.3,0.0,30,3,0,0.3,0.0,71
3mof6yNuUaL54h2vnQ5jcFzn4JfijuqFGgfGwz8ypump,6D5wcaND46Kzg5cuRwf27zCsBkecetAbmgbQDZD6jNVZ,425829123,1781206928,30,3,0,0.059259258,0.0,21,3,0,0.059259258,0.0,36
9HCpTZJjGPhh3vkoyPQVDcmLLEAxQms7zYvvbiGNpump,BZC7VEj5Y9Ege3cTRGBZW2zW7pjw3hpiSkcAoYKysvue,425578485,1781107541,0,9,5,4.938271604,0.5555555555555556,31,12,5,4.938271604,0.4166666666666667,46
6HpxZvHk3RVLrzqPpdXBaFt6VeQHwKJyQcmGtQGYpump,AMMb5AACEt3AbNYGDwXQLWBhLKbbQcwXPerYq9XxQfka,424993747,1780875101,33,3,0,11.631885252,0.0,58,4,0,11.631885252,0.0,105
wnuSezMsjqC85Mw3EBUn7T2iJF43imZnsgcNRGBZ7qR,bwamJzztZsepfkteWRChggmXuiiCQvpLqPietdNfSXa,424703322,1780759421,29,3,0,4.938271604,0.0,20,3,0,4.938271604,0.0,21
4EL7nmuUrAJJmV6pKUWskYQTH3hsmdJQnUCP238Vpump,ALJ4P5QNyHeLEjpKGmA1eUfJHSEGQMjY8HLnDkSgjczb,424784628,1780791829,0,60,3,29.629629628,0.05,133,160,3,29.629629628,0.01875,445
Bg6LRBKpUxs1kUL2iEh6HHQ51uyDCM8yKZjfMPH9pump,5AGPWxSmkMaKh87sUMLEoek58Xys3KAhqmSaZCf7susm,425356612,1781019661,1,4,0,0.98765432,0.0,10,4,0,0.98765432,0.0,11
7FnMVDzLu24d7ED1pQVk6iUaVV49oi8Jsa5ErBdQpump,GxdrLaZ3GRPn6fo1wxPmPqTWt9tb3W3eNvRKMqkMt8wm,426492093,1781470158,60,5,1,1.220000001,0.2,9,5,1,1.220000001,0.2,9
G9xo2CDt1p668gfHRVhhjpfWBMJWpJzTBeWcaACfpump,HF2EGxkKXRhdR93ZN5fY925PpecZDwRfKwhag6mvFMLW,423801920,1780400301,0,27,9,2.962962962,0.3333333333333333,44,41,9,2.962962962,0.21951219512195122,113
Exng83vJvffZqhrQo7s3eP3misq4HxQ4JYsqwUAnpump,6AJrBmfD3hDSVwRersqKAcQaqzLnDn4Dss95BVkQqAT8,426065153,1781300654,13,4,0,0.098765431,0.0,64,5,0,0.098765431,0.0,152
6zV8auA4tHYDoDfi3mz9y4wtEstDGHWorcFtxm5Hpump,HoQgL4phocxGcBNvZMQ2MLSAbVC8ik9Zeu39Ewm3KsRF,424415448,1780644605,0,17,3,3.0,0.17647058823529413,30,24,3,3.0,0.125,55
Hyzss57orf8S4CJTpnb4PPppnNN42T4i2sPsJYULpump,6kDduHAZ7ZoYhhxfDhj8knXdjeFNEEFUbezQvKtDDPLZ,426045407,1781292804,8,21,2,3.0,0.09523809523809523,56,56,2,3.0,0.03571428571428571,215
Et9km9VRfjeeowsMR1YmjR1GhxXHBatAEVhggxYVfaNe,B9BgebJKFKs594Vgf9kYVb3ErJYHsk7GTGPJwdtPPYWL,424615476,1780724360,52,5,0,4.938271603,0.0,9,21,0,4.938271603,0.0,38
ABPPakUNWgnFojbWKyBkQvRWLUqmJPyJv49DwigHpump,4FEGV9upZPiRejpSu9FLgxuwcZLFY4HkizkN6EBQDAiU,426024148,1781284355,2,4,1,0.500000001,0.25,16,5,1,0.697530864,0.2,63
DPEiLvH41jdUn1E2XzpjEUxXcZDQKa9Y3MuHauL6pump,CScBTnmRDUpq2x2dqANUnDNQZHHVPE26dvZuQofmsrjY,424104563,1780520711,37,4,0,0.050000001,0.0,66,5,0,0.050000001,0.0,176
EsM72ozyu97RhzKHYGytdLkK2dVzpAXodSLMP51zpump,EhM19j1H6v9FpWruX6fzq33HRGpYafvJty7ZpxoMKcdQ,424986166,1780872086,22,3,0,0.131000001,0.0,39,4,0,0.131000001,0.0,81
R6Jer28ZEP9Er3MPCE2vzUtKtWEyj7xBcAynMbMpump,C2N2Ac5E9m128Tct2AepMpN4VdULpxWAX3gcigqup7rc,424077310,1780509873,18,3,0,0.5,0.0,237,3,0,0.5,0.0,428
75GH74EfyQBMYXKNnA29sK2WYD7t9jK5iowSuLCkpump,DNnYQGcPqHj2sN2U5dPGNF2p8D4sqTvNQnkACkYZNAZM,426043947,1781292227,11,3,0,0.296296295,0.0,32,5,0,0.296296295,0.0,86
G6hNfPPvvLK4vd7XR76SUaGDmgnB5MN5KHj51sqhpump,GPPLkYXNJv43ss7NK1q6itUXCGcUhTFq5ftPme1NPZdJ,425759764,1781179429,2,4,1,1.876543209,0.25,7,4,1,1.876543209,0.25,9
FjzQkNR2hMHBDBRDPF5NaWEVDxGfJScMrAEJ1KAkpump,39FkDijj33E3ZYD16rnFMQHXh9mS47qPrPwunwrjUL5R,424385779,1780632778,0,13,3,1.011874566,0.23076923076923078,20,13,3,1.011874566,0.23076923076923078,32
Fa8z98cJ73kVqSNTL65dwA4u6wiY5uXDSk2NaP41pump,2wfPo2DyquyCwqVypKLNG7gVWrMWTJ2pKnRy8Lm2bsVQ,424643040,1780735352,1,4,1,0.493827159,0.25,5,8,1,0.493827159,0.125,19
FKCzyJC1hxXf26z1QYjGM3nq5xgV7ZkkJ5hnNvkKpump,43EjSrQCtDZEGechJ2HyTefDwDD7NQQy9qq8VZkmQtje,423644996,1780337962,20,3,0,0.197530863,0.0,25,4,0,0.197530863,0.0,45
GE8UCKzqiDawnbjrcAdCiMniQv5rHcEfXdYhr1vcpump,D6bTtoSgLknJ9KrgDFUtB5WpqomrNEjBJipVVRoFh2DC,425691695,1781152439,3,10,0,5.0,0.0,26,10,0,5.0,0.0,37
6BQkzyYyZyJSdQocGoYeX5h2rQuQ6wR7xCJ6HSHnpump,8CgXZs9jvSZBy6dyYjfJLws8eziv4eYzXWMddzC5atKU,426287463,1781388881,0,17,5,1.185185183,0.29411764705882354,31,51,5,1.185185183,0.09803921568627451,103
4RBtu3a8VEui8jytLQWD7hUyaARHMJTiXRXjxh9cpump,GQPKqpfEm3SmqGVJCyFjd5icjyFuBSD84EbaUzky2ksi,424806001,1780800343,5,11,2,0.98765432,0.18181818181818182,25,20,2,0.98765432,0.1,45
HY6oKb2xwufRbsCB4p94UtWxMtPrfVDP79XzsPRUpump,BCEiYjXFXqSW6vH9sfFgF4GN749xDHbJHMQYV5NhhdSu,424050281,1780499099,38,4,1,0.862400001,0.25,5,7,1,0.862400001,0.14285714285714285,8
H9RUf83ykoMejzUhugXjceyrceAFHDNnjAVnShcWpump,29yFzeBZgxf5zqrAkKXwgZtQehRf4pL8WbV2nRJikbw8,426261308,1781378495,0,10,3,3.0,0.3,25,24,3,3.0,0.125,84
3zSdRP17YwzNeeTQxBMb6mQRd46tDNvKiaTkv8Hwpump,9q1UyCTW4JbpCu78h75h1FRCioyVRDJNPMDsatxNA1LB,424596992,1780716983,32,3,0,0.6069135800000001,0.0,64,5,0,0.6069135800000001,0.0,109
6rMjekwZZGyieDAHNzzYxFyEBARAXoW4nzBMSYDepump,97K6nsFhBWDKwQf6heDDhDtsCRC4779LPHSFZkc2zqK4,424133639,1780532297,0,11,3,4.938271604,0.2727272727272727,23,13,3,5.9259259239999995,0.23076923076923078,33
fYEetuifp2mzrRxEvqYdKjY2LMpf6wTxCKw4atApump,FX7RsZnxUA58ocbMVKbiRvkArRQihJeVYKuJoE5REacL,425822776,1781204413,16,3,1,0.270544757,0.3333333333333333,9,7,1,0.270544757,0.14285714285714285,15
8pARR5AKUqq1Qq4nnte9RpvscRanu7RznqPn82xEpump,FhyiAAJ7dViLMLfefdm9eoJuUNsxM4pkKzNLRWeqEVsj,423642435,1780336948,40,3,0,0.099390528,0.0,39,3,0,0.099390528,0.0,81
H8LCiGwT82fneUB2YKodCz4cGGo6NDacvoEBDtZopump,C3Djm9PicTSeeBvptdxCdhUzoXZpRrDTxCQ181hzmbRV,425565838,1781102523,18,4,0,0.050000001,0.0,24,11,0,0.050000001,0.0,138
Dd61tfTiwSCUuSNu1pstMJ2ytD9izySgZEZRmkMPpump,7BXREvJj2NzASSabL66nLBLnePNzxat59pVi8NmAY1DJ,424081679,1780511614,0,15,5,0.98765432,0.3333333333333333,28,57,5,0.98765432,0.08771929824561403,188
8oBQXRqnY5NjbDQYiBJNpzqiZ7R5GeMNq3vYU9eUpump,7gRgFE531zymDuzmK72zimTHz5yJ6sVyKMxEX29ok9Rj,424446119,1780656850,0,26,3,0.098765431,0.11538461538461539,40,55,3,0.098765431,0.05454545454545454,164
FaHRe9PAkgVBzvj19JRVqwmf1TQ5zbpFn9gdhXV6pump,6ScRjCBBNSn13t2ozWy3CznjJZqSjg5hqZzzy7FgD9XK,423967208,1780466047,15,3,0,0.059884355,0.0,38,6,0,0.059884355,0.0,98
AuCzyVWKULmF9hnUVtRFk4o2zKwDJV9U5JNhiuZspump,H8srYEpyWnGQ1FnqoYJfXEjjaiw6hwwMUx7EL4xQsZQr,424329924,1780610492,35,3,0,1.287701199,0.0,27,3,0,1.287701199,0.0,28
9TkrtRDVyNvxTJUyASW6zv6F6sY9u4ef4RNNKWttpump,866SrsMfwKsErATZDCLAPbxH3NuqjKn7zQ1xXMqixoz1,426378796,1781425121,0,11,3,2.0,0.2727272727272727,19,17,3,2.0,0.17647058823529413,40
9qG6Fg76V8PUXn21kmmZWPKtqYRVSiCMPh92Sz8moaEp,bwamJzztZsepfkteWRChggmXuiiCQvpLqPietdNfSXa,424492324,1780675267,4,5,1,4.938271604,0.2,9,5,1,4.938271604,0.2,10
G4RXUahxVcTfGnSuuKiMf93U7tixWqZpAqvm3v1Xpump,81RtriBv4zxoXem4FNLDgVXs5D8umK4VZrLXunteGMMG,424955124,1780859724,12,4,0,2.2093722380000007,0.0,48,5,0,2.2146655820000003,0.0,136
Ax6KQw1UQ59KwGks2yTXxYy9b9GGEGrwKwQd2yAUc44r,bwamJzztZsepfkteWRChggmXuiiCQvpLqPietdNfSXa,426507876,1781476433,4,18,0,4.938271604,0.0,26,20,0,4.938271604,0.0,40
7bXKJjVKE5tuuhABcXJ1ieVSJNuHd27vUu79kLropump,FK1CHSTJt5dnXxyRfGBfzpvixYvXnFtCxBi5JDNXFnCk,423701188,1780360284,1,8,1,0.493827159,0.125,15,9,1,0.493827159,0.1111111111111111,22
9qmMMMyLnsyQy3U4e7vjCgRinww5gauvqbTeFvs3pump,866SrsMfwKsErATZDCLAPbxH3NuqjKn7zQ1xXMqixoz1,424234498,1780572471,0,51,4,3.0,0.0784313725490196,87,91,4,3.0,0.04395604395604396,255
DKvFfDUyqsbrdkgN5o5rFzKxHi7UAqhhRJZxpqF8pump,EQBbTZUPKRxPt5K4jw3NAS4aHmrpaMGFicQXr7Nc8AFK,424051216,1780499475,0,7,5,0.790123456,0.7142857142857143,11,7,5,0.790123456,0.7142857142857143,12
HdCHJDsmqJKo8gXjTQyKD5dKrXaH5BZatu9GG2SGpump,F4qD7PRRfQY6yzrHqM82uziSmMpdxsGZXJ1YEvtAhLCE,425111728,1780922089,13,3,2,0.493827159,0.6666666666666666,7,3,2,0.493827159,0.6666666666666666,9
Ac8Euqsih686PY2aipRHbMNvvYxVs39LhMbouUwPpump,Bkfcy2Fq52hRLdUmgqGQqnQE28fpNxxndpbkfAvXqqyu,425896035,1781233448,2,14,1,1.97530864,0.07142857142857142,25,25,1,1.97530864,0.04,72
9smMJxtru37j29w7pfcQZfpKXdsUohuDXqHFaLJcpump,DkW7ihjubCBJaxJruD5oErbZo3KNGfkT3UZeY1wJGX8y,425429801,1781048621,0,32,3,0.98765432,0.09375,59,71,3,0.98765432,0.04225352112676056,151
91iV2SzNPDFVKF6UVdPvydzg6GVDj1frUP51Uvtjo2vV,5KrbfuTaGf3qb7kXpFAsgA5AQN81AyJuSAYhz7Lzz349,426405791,1781435858,6,6,0,0.0,0.0,6,11,0,0.0,0.0,21
8iq8KtZrjannV4woMvUTxiB5isJscZjmKG6hw9vjpump,BeJdJAAjCg4xrbiPty8hGoBMskLhLrrXm2j8EtX1fFeS,425631559,1781128584,0,18,12,2.05,0.6666666666666666,27,40,12,2.05,0.3,96
7VqVuJ4dtADEK6BVeeLeLxCt7ts2SeVDWZghBJn4pump,FiT7biHLet8D8A7TgiJKbmMoeggoranZbbVx6UwP898K,426519320,1781480962,0,10,3,3.0,0.3,13,22,3,3.0,0.13636363636363635,44
5ZH7LiAqVKAWWXdssiCmPBsnXXCFLXYRWbX6EoVzpump,3kS51cVzQumquLUXDwVxZcz38W98WdM3kSAd8HBaioTJ,425572300,1781105081,25,3,0,0.201627638,0.0,65,3,0,0.201627638,0.0,108
E9uvZSfTvTkMn2BXmNKaQS8JHsSdK9ywjtuKZwF1pump,HbgCDC9niqSJNy5DLeTqymgnisAi1Kkp5k4afrMHEoY7,425674938,1781145791,1,37,2,1.97530864,0.05405405405405406,67,71,2,1.97530864,0.028169014084507043,164
4xgnB4C45fRc5xUdNRDTCpMAMFskt97q1Wx8H916pump,9DE5DJBaAD4npaJoDdjyFWBsx1xCwmfd9uuehCeuK8ZQ,423992474,1780476081,0,3,3,0.98765432,1.0,5,3,3,0.98765432,1.0,7
GZz5UM9BDeQC3QSkyVXpBxF4K9Kv9q9x43X3Mvkrpump,J2gT1kLGfWgjp97jhShT1moLUZ86g1ymv1m8boWPhhDx,423642436,1780336949,37,3,0,0.050007813,0.0,18,4,0,0.050007813,0.0,63
5NSiX3vYyv7wnBxo4fgfs3u59dymPFSMDBeC1LW7pump,R73Nq25W2cMEQazPotY5tEvXTfneNMYwjtKZ5aneY9a,424832195,1780810789,23,3,0,0.298765431,0.0,45,4,0,0.298765431,0.0,61
32GTjDtbc1BV1rBm5zK82x963McbBYcmgs5zmpMtNyqV,6DQv4zNbzWEG6pHwETfocqPtEWeU1VMbpy7bNgbsBDcA,426280502,1781386119,5,3,0,2.378731143,0.0,16,3,0,2.576262006,0.0,47
AKKpbczDojEABNUQ1DEuTtEi4U2JFxpMvnqNqtMcpump,Ggb1zaxU5nrydMKWJqmV8X2kerJePCMxCNDWs9jdP7VX,425136428,1780931927,0,3,0,0.888888887,0.0,10,3,0,0.888888887,0.0,11
4pRVhiHnsKh4ZM8EZbRTGaeWb94p6UDQJtPz6ftrpump,7SspbJwyMVBoTsgRfniFi5Vj1mdLuj4oBK1s35PguZca,426489063,1781468958,0,21,3,3.0,0.14285714285714285,63,123,3,3.0,0.024390243902439025,384
3MqEeu7NskzpyShZVvveVKsNq8bvn8pBA4jwZiRMpump,4FEGV9upZPiRejpSu9FLgxuwcZLFY4HkizkN6EBQDAiU,425504724,1781078269,6,3,0,1.000000001,0.0,25,3,0,1.987654321,0.0,69
CDjuzY49xicL5aK9rmTMLQ2sxDEH9uaonHKGV9okKCCd,bwamJzztZsepfkteWRChggmXuiiCQvpLqPietdNfSXa,424469366,1780666108,2,4,2,4.938271604,0.5,6,4,2,4.938271604,0.5,8
31HygE9ZLCAAdVA2XAB3JaiFe7Xj94EdDiJ4RQfppump,DwWt5SkytR5cv6DnSN4CNqqpFMG2yTLdGD5CJbag292F,425571732,1781104855,23,3,0,0.07081875899999995,0.0,42,3,0,0.07189431299999999,0.0,52
5JXomCcZ1JBEkHFbEvzBcotnWn9b1G176jga9ZsKpump,BoosuBnoDja66SRifdMJ5kjESPonrQAjVyWYT2G8BoBi,425150923,1780937691,0,20,7,1.8,0.35,40,31,7,1.8,0.22580645161290322,89
CLGvEHq8QuAM6a8sk9MHmh4TMAjZ4mP9JuxQ1UDbpump,CuJUYsdq6TKZnksqCmKcJxL4pLBnVXNvTCJMe65b6anQ,426422477,1781442494,3,10,0,1.97530864,0.0,20,10,0,1.97530864,0.0,33
HbzU4ZmDECvfSxQHcFa8a54ewaNsVvMW2bgvdeawpump,GmCGhwT4RT8DjvQKvnJTywV3RBamzDGdcCw3ZU7qhpLA,423835971,1780413809,2,31,0,0.98765432,0.0,60,46,0,0.98765432,0.0,115
2uQnfCeXZcQArHdMkVTUCcfHQ5kNeeQ6ifbAToKjpump,sf5rkNLynNrRDzjyZ5gouDaFUvUHuLNzzx8QBamrh5z,426029512,1781286496,0,12,5,0.049375009,0.4166666666666667,18,40,5,0.049375009,0.125,93
CWvJ7UD6afxCEqJq6mPCCoPgDbsYVMGVhKEW2Hm7pump,29yFzeBZgxf5zqrAkKXwgZtQehRf4pL8WbV2nRJikbw8,425178623,1780948716,0,38,8,3.0,0.21052631578947367,93,125,8,3.0,0.064,490
GDtozrajthW1que6CJTsqUVZf6a9KgYLVzeYqhhpump,H9LNBwxfQDeV7QHnwE99dKrekLqCaXN5vCtdsqrctiQ3,425121233,1780925875,0,45,22,0.888888888,0.4888888888888889,77,73,22,0.888888888,0.3013698630136986,201
HLciSwwiqQe9hYTm7BQfZghcZFvvu1dAFBR6fhjTpump,6nU2L7MQVUWjtdKHVpuZA9aind73nd3rXC4YFo8KQCy4,423666032,1780346317,26,3,0,21.72839506,0.0,91,3,0,21.72839506,0.0,159
GhCrCDaZxSMt9T1kaxLmfVg7JrkRQa4bKgyrSmfapump,5u6EkxpMQgdNhEACH1jvrnw43wsvyqZJTcbVqHfZVoGA,426110358,1781318616,5,3,0,0.200000001,0.0,5,3,0,0.200000001,0.0,7
JDwnM2HrcYACvy5xpuLAQVtDbFhSqoPmdH9UPypoERny,bwamJzztZsepfkteWRChggmXuiiCQvpLqPietdNfSXa,426469888,1781461316,29,4,0,4.938271604,0.0,9,4,0,4.938271604,0.0,11
Q22a4NnVJcuWFDmW24wmzYfQEhUfmYDFP3v7NKwpump,DHM3HkTfDG52rSVpkQbsDGBZAGBXy93TtVvnEw2LPV12,423853760,1780420877,0,37,4,3.950617282,0.10810810810810811,71,80,4,3.950617282,0.05,158
6oxBN1fAeLLLU3s57jEUagtXWmhosJbiJzuuA1Txpump,3ETV92oCg3JtvxmgXnC3cBTyVJ857XBsmZygssfftQVa,426276027,1781384335,0,7,7,0.049375009,1.0,11,42,7,0.049375009,0.16666666666666666,80
3bnUq1GFPpxAq7zrWkkggAn8s9ZYsxeQB2R9zsnepump,45kDsTB2hvH5Yhn72DKUkxMcjCvr9e4WxVVMLMrEjaDp,424166917,1780545566,48,3,0,0.050084894,0.0,83,3,0,0.050084894,0.0,138
GFbmpE8dNDHmKjoZyTQXmjN74F1eoXE7M5smzU8ppump,VYBNDhbbcqJpKDB7XaFpH1CPkRf871Ax9prw722t71L,423959472,1780462966,0,6,5,0.752847943,0.8333333333333334,18,12,5,0.752847943,0.4166666666666667,35
3g7j8nhrAnARBheFPhn89Jv4Js18GiLv3bN1QfGepump,7BVsMqCRoeEtvVeasYGrRhy83gHr5ZSJBnpV7QeCFQs4,425025528,1780887771,0,3,3,5.0,1.0,4,5,3,5.0,0.6,10
223aLxMkJ9ugP9DYjf8krKJdDWdnXpoVArpP4X8ipump,7oaKNi11vKTeHjuvbgRBuPX8FEzkvaUEStBSYiUcGuHC,423784090,1780393208,6,30,0,1.679012344,0.0,50,45,0,1.679012344,0.0,100
CmFLTZfo9u7eCrD1Z7rcpPrShDq7XeAhA7EPmBgVpump,ALJ4P5QNyHeLEjpKGmA1eUfJHSEGQMjY8HLnDkSgjczb,426476948,1781464132,0,24,6,34.567901233,0.25,37,113,6,34.567901233,0.05309734513274336,275
Fgs78xygGbUNQSKNL28HsZR17LEvh4j8Kczzzg4Lpump,AgbKz6Bhecdcp7VrMjTvVgU9mfcAvM62f7eb3K9kCFdp,424438724,1780653887,0,23,5,0.98765432,0.21739130434782608,42,60,5,0.98765432,0.08333333333333333,157
JCKwsT8UAbygnFkZ7u3amDUM7BXRtwUhCsHQv2khpump,6X8dcpdfG7QoEg5RLuLEbh3H1rWPbdNQpKbGf9nUwTpn,425453054,1781057825,0,60,1,0.493827159,0.016666666666666666,88,92,1,0.493827159,0.010869565217391304,349
7n7yYgFUx2Ux6VLA15PQ4dU26EbLFmJCLws2rt1Upump,5hNBrw4YoRHprR6ZJmd4HWAF567yHkKtGobNiptc4KMh,424915182,1780843832,9,4,0,0.249285867,0.0,28,4,0,0.249285867,0.0,36
5nSGsbsNZkHWxhiXgobYnwr1RnrKZrXTSm7sU6Gcpump,EfEymMLDSyGxhMKztbdffK6fMEES3UGzFd389EE8ELLY,425363258,1781022309,0,21,3,3.0,0.14285714285714285,44,37,3,3.0,0.08108108108108109,113
3j71C3iWrVfBsd2ZACxRdjbG9fMwjsPHTjQpUe18pump,8UXmAQ8owtFcRStf9mSWpVNQNf8tz2Cm99y6YKgey6vw,426462979,1781458580,58,4,0,0.050084894,0.0,36,4,0,0.050084894,0.0,49
Dc8gXktgf7YvWd8zof1yc4pDCTywtCLsirzT5Wzkpump,DRoXXq6RuvJoo6DrDtuKrrjvAEKURxo7gtchbRtNXv69,424770441,1780786152,0,7,6,1.0,0.8571428571428571,16,7,6,1.0,0.8571428571428571,23
AVgaN7LEWzXoSZzcQz8ezoz2df1SSxWaV4VXa7Jkpump,CjtoP5UyPCydSXkd3dL2rgpamjonkFgH7j8UVcHXmbY2,425816574,1781201968,0,3,3,0.35,1.0,6,3,3,0.35,1.0,6
HLzTWPLG546SJTvVDAFZtwEwjSNdmqxD3NADiNv3pump,E7XoxKnPeBb9kKowKhJKtSge9sidCM5fXFJWxu3aSzcK,424968286,1780864971,7,3,0,0.100000001,0.0,24,7,0,0.198765431,0.0,124
CtS5cau7gGC5LBX5WnLD22vG7sBSEUfFQN5Ri9uapump,whamNNP9tHoxLg92yHvJPdYhghEoCg1qYTsh5a2oLbx,424992733,1780874698,0,4,3,4.0,0.75,5,13,3,4.0,0.23076923076923078,61
DX9HRPZrQLXG2WZ4jFC3QNn2KEhXuVoY262fs5sBpump,6JRN69wVf4YC9UbLWFaKDaR2v7BEciYDyQ44FPSBNd5a,425067404,1780904429,28,4,0,0.059876543000000004,0.0,52,5,0,0.059876543000000004,0.0,72
DSvvWUVbudA4Xd6JeP7xyTgQrGv63nJvwjhLJdbXpump,HDiUMdDeUnAo7KNmYcoviyVLP6uaSqbgFQDLfWAZPFgM,425161770,1780942005,12,4,0,8.921422178,0.0,100,4,0,8.921422178,0.0,127
6dNfq3q6N8RGTLGwPfLcf3GUEvmrfhd1YFzyCn9xpump,2fnbQBvbmthtiUK7uoQsVVdKsQg2qYL5PEpDok5qwLAZ,425168261,1780944597,23,3,0,0.100000001,0.0,38,3,0,0.100000001,0.0,44
6yxLF2HpbzQehJZrpZS6MiAktSdc9NmDQ1sSWJyYpump,JDxyzYuNDZYjFYpfrpMKDjmGeXKxSGeD3dkYGWCdPcTY,424445711,1780656686,0,25,7,2.469135801,0.28,40,41,7,2.469135801,0.17073170731707318,89
FSTmbDcRSdsPpHaZEBZXNbL6LUpjT91tkNSwQ6Qypump,9JYEa8jybMoyC6ZhzaGbeJggZhuJytsAfYtcMuLMhGhh,425618841,1781123542,0,7,7,3.358024691,1.0,7,7,7,3.358024691,1.0,7
HMRSZL2Rm5gjrtYHjnhAbeL9Rr3EwqpnvqA7yfRHpump,GdRSPexhxbQz5H2zFQrNN2BAZUqEjAULBigTPvQ6oDMP,426069119,1781302230,0,22,4,5.0,0.18181818181818182,43,33,4,5.0,0.12121212121212122,84
6gEjyupDG6HeyRprQcm6uiVz1Q4XKBW6uiL6GnhDpump,7eStM4BgV5e3AvE1DXHwvGh5M9PoRvExNAYS98LjeSym,423992097,1780475932,1,9,2,5.0,0.2222222222222222,15,18,2,5.0,0.1111111111111111,41
CrCh9t2uUffScfJHFSaDkNJL4oazHzp6XZBjtN5Apump,B4tWmhfCBLvRYugPcu6bgP36DVweLc457pywc1a3QJju,423705633,1780362057,2,3,1,1.97530864,0.3333333333333333,11,3,1,1.97530864,0.3333333333333333,13
3Le4ixZX4um3d3kZQFMoNSKsPJimpNxcz3ubqF21pump,8sc8PMAPQhHSD6LQ62wnyEZerQ4jucUomznxM3yz2FTs,424461837,1780663093,4,4,0,0.2,0.0,22,4,0,0.2,0.0,33
GbVo4nTggWNTaocMsqQcDQCkP2f92rgKj6XZaWfUpump,CyJLNEWdAuPZfumE3WoQYDFh2fjryKb7MdHUiDtWFJT8,426181832,1781346975,1,20,2,3.0,0.1,42,72,2,3.0,0.027777777777777776,230
9eo3spKZMTVEKqg9peXa87spn8WWS8kbcCezeT66pump,8nqtxpFpuXwfXG4pBLsDkkuMMPK9FjSkBMCn542HiM3v,425113575,1780922823,0,6,4,1.9,0.6666666666666666,9,20,4,1.9,0.2,41
7TZB7rnX6Autav2vwv6A1xx8h6s6NsyfXTxVryKfpump,9R6PV5KTFW94ZhfPg6BF3xKeGkBNSKAGgQtSeLmyxN2R,425663776,1781141368,0,21,2,1.97530864,0.09523809523809523,38,60,2,1.97530864,0.03333333333333333,145
82gxnQ7ZGiTRcYBJzPVDnF3XQYb7f6XNp1yDj7fopump,ED87W18Yh2HHUKYr2Uf2kQXXoAEoDg9Qvk4r7ta6q1n8,425572120,1781105008,20,3,0,0.250000001,0.0,28,4,0,0.250000001,0.0,44
FjWeJFuuVPZYbsUPXyAwdc64CzNsJaMbk1VdQvZpump,6GNWyaht16dd8x4go9biHfA9S51YLv8vxyUPSqsdpmzM,424820650,1780806190,0,20,0,7.901234566,0.0,37,39,0,7.901234566,0.0,105
32ogU8e9f3nvbpCXJT8voAvQQEnfVKDQ1hfbgS1bpump,582opM2cDj8q3a2yfNStLKnDn7EBuxc1fTAWW1Dy93eq,425293286,1780994426,0,12,4,1.124000208,0.3333333333333333,27,19,4,1.124000208,0.21052631578947367,62
Fw5Gphk4hV7Vy1gZqmN4grmfXZpJZHhKF232Htgjpump,8fF1UM14HaUP3yhMq1SyuoZf48p3ha2or5wYVKZvdqwC,424606943,1780720956,6,3,1,14.814814813,0.3333333333333333,12,9,1,14.814814813,0.1111111111111111,44
4d5EVubrANTaT9cNKDYKyLwkKkB1F3HGoHwowboMpump,2XLiBehMifx8ZUdcPeteFmdgVFvLyqdTJqum7kmYqfHR,424948093,1780856926,14,5,0,0.050000001,0.0,37,11,0,0.09938271600000001,0.0,249
Wwd1He1zcD9vABqB13TkxLgpywfbnjyB2wVtufUpump,8eRqKaZProoVrmhUtCPtUotP3XT2xq9Pj7697jjoHiQB,425410611,1781041029,17,3,0,1.987654321,0.0,41,3,0,3.9629629609999997,0.0,87
Bmtq1UVjiAQDdBhtDs9NpUzWcnfUpKedw4Avgyqppump,8eRqKaZProoVrmhUtCPtUotP3XT2xq9Pj7697jjoHiQB,425414367,1781042516,8,3,0,2.975308641,0.0,24,3,0,10.876543204999999,0.0,54
zx5n9zHKaeZfePUdjXvEik6bfUbAUK29CUfvSbjpump,36iLSCd8gMeTxhjKwsBjnfHb1EpMEvtgZ3J2XV9C3etF,426470907,1781461722,33,3,0,0.148148147,0.0,44,3,0,0.148148147,0.0,80
BzyprFTeRtQvRdvkitvRty9mLke5ipGYjwtaAT5epump,CScBTnmRDUpq2x2dqANUnDNQZHHVPE26dvZuQofmsrjY,424588925,1780713766,41,3,0,0.059876543000000004,0.0,119,4,0,0.059876543000000004,0.0,183
BU3SDSfLTQB8cDvfsbeJjAK8jYQ4AuqVnEVNNXapump,GihG1WciMf5JMmKBpkCiBqwYLvkX5D8Sayof2TQAB5GQ,426205426,1781356318,0,30,12,11.259259259,0.4,51,44,12,11.259259259,0.2727272727272727,133
5ftqkFgzqjruGbmkjH3ySJAhqGREzV4suc6rbBCPpump,7BoQqoWmTsUhUqF4NFrz49D99n6QY3grhQP7RDZuTrhc,424149972,1780538822,0,8,7,0.100000018,0.875,17,13,7,0.100000018,0.5384615384615384,38
4yDYmNah3QDGS8WReYhAiYTMgschmv5Q2CESDegdpump,6CfAY6vj3Yx1MUvZaDPVsA9v9iptNVXfQejAWHmydCAK,426146171,1781332820,29,3,0,0.98765432,0.0,11,3,0,0.98765432,0.0,11
4kVbiCGfRHGTDcnUmnZZJ7v5wFX2pz8nMyV43fbfpump,5mu2dXjkgcuvnYbufEqEaEUSeneZ5xW3bDMmb5arvw3R,426073689,1781304031,10,3,0,4.777654319000001,0.0,14,4,0,6.259135796000002,0.0,30
F9fAvYaLqyicibAynqZp2ZtaMs5BUecQexMw1rgupump,7Yj6dVqPMsxW539ZcNf4XEmRE2NmPY2yBLrNSjaFrxjP,424610522,1780722382,0,4,4,0.98765432,1.0,4,4,4,0.98765432,1.0,4
GwzpjjZk8Dj9JoUDJsBc2oi7ADV1PqrtVsXCVwTXpump,DnGf8gDvm46NR5CGUWve846GnV6FewjKo7MBUZEpHSmd,424315820,1780604890,30,3,0,1.757654321,0.0,80,5,0,1.757654321,0.0,136
J5fGfoEKJfoyaoUdV2FyGvZn5DSgWsQR9bPj3vTapump,3kRCjjB1TAzkBszKrvcafp9VwimPbSdfykjvuUaXPU2r,426071954,1781303345,11,4,0,0.98765432,0.0,36,5,0,0.98765432,0.0,96
AyxzZKH6DYe1hg8HBERBg99aPsHnSk4EAC397TcApump,GwA5MzP2sUH9tMhXdJKEyQ57r57J3JtcJGqwKFkkCg2E,425185713,1780951538,0,20,7,0.98765432,0.35,40,22,7,0.98765432,0.3181818181818182,57
Ftv6Ga4j9z5aGmD3gY82HufocjsbMVNrxE5LBNugpump,9ibCjckLQBY4F4ccQpaRAxKVLRNicH2EBmrFwNLQ4TXv,423816084,1780405910,0,10,6,1.975308641,0.6,19,67,6,1.975308641,0.08955223880597014,176
BxVBZM2ZNTbfCGnbzEEVaqknZpBw3LN9FCXnHYEopump,9ncm3MfxC3b2HYxP8NrijRZSeE36vFfxgJvGRd16Buwi,423791723,1780396236,0,7,6,1.975308641,0.8571428571428571,14,11,6,1.975308641,0.5454545454545454,27
neEsjE49vXzwB3fwZ6nyUj7JvpVhYvU9vj46q3spump,Dbv3UEz6YqRRTfs7ybpJFHC7zfSdivEidCecpV9nqa4i,424052146,1780499848,0,4,4,1.90029692,1.0,8,8,4,1.90029692,0.5,18
CW9rfjEYUuXSjRuVLKsGdze8WYMKw7gn3GFmMwzNpump,CZ1gTQQ78duJuZhcpTzzc9xQJ7on97Gwwybd3fGaJ16Y,425032843,1780890676,2,14,0,1.97530864,0.0,25,29,0,1.97530864,0.0,70
89H8rEa6SkeWC4ZjWaBUbiFodRHTdFeVhPkkaTE4pump,F57X2Vx4nKosj2QrrhFZgtqNYjxbPnkD9EuMr4JVUktd,425236762,1780971888,21,4,0,0.250000001,0.0,24,4,0,0.250000001,0.0,54
72yWLCSRPf1VyGpUy2DgcKow4u2go6AWcyQZuB8Wpump,6x3bVkgjZiEvCTtpxUoDHY4kpVWy2g3acowm2AD2LwsQ,424955364,1780859820,0,18,9,11.851851851,0.5,44,33,9,11.851851851,0.2727272727272727,96
5YeE9WFfGZnjjrFojmU4dBdEP2829YF6rSVsecNSpump,9ncm3MfxC3b2HYxP8NrijRZSeE36vFfxgJvGRd16Buwi,425286269,1780991621,0,11,5,1.975308641,0.45454545454545453,15,12,5,1.975308641,0.4166666666666667,49
7Y7Gbg91FD7zNJ4t34j8M4eVsh6P6unC1tXDSXmYpump,4ayzKUdo6o7QeGVneNDh5LFqomevsL27qzbmynkjMcKP,426457404,1781456368,22,3,0,0.060000001,0.0,42,3,0,0.060000001,0.0,50
ATRTwd2DbRBQXvxfHyg5r3kPMreiPi2T497zF1Gmpump,EwNVgVLjVXbKfi1S1yh6T1MZr3SQ6QHPAoBtwi2cnqYE,426502913,1781474456,26,5,0,0.09938271600000001,0.0,45,6,0,0.09938271600000001,0.0,87
7PtVQzwxbJ2Wrf3LprKS9FMg1FKyEVG8Q7t8r3Mgpump,4TGb4yXdopy1FYAYofSvDRxGoNDEzTzWcpyqgdtFpx7t,423660753,1780344217,1,19,2,0.005592842,0.10526315789473684,53,47,2,0.005592842,0.0425531914893617,143
2oP7a1jrLgfuSHmBPMxteJZ1VzgBUkrMydQBxomEpump,5ZuV8eqkvzYFVEKbLvGBdexL2tFv7E5BCd2HZpjqbdg,426338259,1781409050,0,28,11,14.814814814,0.39285714285714285,37,111,11,14.814814814,0.0990990990990991,234
2adcdqZedrHJBRSmoSgagENAsuiLjpxCgDcEsY4Vpump,2shpdGzxBu3GPVBKeBR6vAPpRbcXxoZVAeWij9fWbf43,424746952,1780776786,255,3,0,0.592592591,0.0,20,3,0,0.592592591,0.0,20
DDn6e5rjCzn3XyDQo9pSM9ETngZBUjNkTT5bcDYYpump,ELRAeApTeGb3FZMvJwf92SyX5z9cRJ3agjZ3tjQAhJ5u,424655276,1780740237,30,3,0,0.8,0.0,56,4,0,0.8,0.0,133
EqwRP67nBpzbLui7z9ui52rcU221wHj4Ziy9iCG2pump,whamNNP9tHoxLg92yHvJPdYhghEoCg1qYTsh5a2oLbx,425558152,1781099474,0,6,3,5.0,0.5,14,6,3,5.0,0.5,16
9LCu7bif4AK8r6dmBc5xhfVPFhkaU4GBDYrjzGUPpump,9FAkLRMpkmpxrH7nKS4UL7ggCdwufsKKjsktKvEuj7uV,425338403,1781012405,5,3,0,3.0,0.0,12,3,0,3.0,0.0,12
DdSJodKNn8fLhHvJKcexhPXpSmyeciRD4LMeCUPqpump,DLQC7ts2HsWnvDwUxVerYLiwudDzK8mYsKNBGAptXi6E,426103859,1781316023,0,4,4,4.0,1.0,21,5,4,4.0,0.8,22
DceZKaS3tsHdxB63nKoE1FQDV8T8UewubLX7mmNHpump,EXJ9rQvcsC2nSDBXnY4mjgH9LGtN1Vt2qUc6sULFtSEK,425071049,1780905880,19,3,0,0.11975308600000001,0.0,30,4,0,0.11975308600000001,0.0,84
AHjrHCkiezNcdvcKV7kRQEWc8pyWTCjMEAFq2WMnpump,8dtSCH4e3dNH28K8ahUKaZLCeYnrwFozRVhjBjrQfJof,424466461,1780664948,21,3,0,24.691358023,0.0,58,3,0,24.691358023,0.0,127
EGZzYgH5JdVhiHTW6h9QsmzAZk4KyAXHS7wJVvtapump,FTuqW6J148wdknkPvm2EVSJ1EFt4aDhjAYzv6rdjuCRi,426501285,1781473812,4,11,1,10.0,0.09090909090909091,34,17,1,10.0,0.058823529411764705,59
FASVXNNHh7JZxoG8VeZf5fZFgH7J5FAvzPiqu7SMpump,7KvT5YqBfmYG6QWgTRUNwDK5YNLHZwMfryTTSmZZyWp7,425441945,1781053427,33,7,0,4.938271603,0.0,18,9,0,4.938271603,0.0,34
6XEiRJQ1ShKCeHUvoqQzHRkvqfDJJoRRn8GsS8Lzpump,GXXjDRkoRdFXPn6N5UrTGAg4KSxxWzciH6XPiG1PhbvG,423861852,1780424097,5,4,0,0.98765432,0.0,9,4,0,0.98765432,0.0,9
9mx1XoDPijpgPnhCSCojkLCM4JboGNUEbozExcRtpump,5mYzj5CcTbPPoWr12grgSqSZuoQkHfiUFsM7t2QsYhY4,424188565,1780554187,13,3,0,0.9898666650000001,0.0,38,5,0,0.9898666650000001,0.0,151
CZWt9WePsCnLi6DZT7jwP6s6GzuWDZuhtYKK8sDEpump,BoYXKdWkjngiEHA4ySWmfodNG8huEhNnfjvsCzFDsgqo,426175291,1781344365,135,3,1,9.876543208,0.3333333333333333,6,3,1,9.876543208,0.3333333333333333,6
8Em9GrfyuCbVC24QjpAhFFxraf8L4WzNfpFb5x1dpump,7E9jfxCczubz4FXkkVKzUMHXGwzJxyppC4m7y3ew8ATg,423645591,1780338198,0,8,7,3.703703702,0.875,19,8,7,3.703703702,0.875,20
6yBQWCx5Lq8geN5CHCxEWuGzF7u4raHyZ3enxpEppump,GShfJNWdVy2BEJNZqhutNAjGPqmJqHiA7SZJPVStk78N,425411606,1781041426,23,3,0,0.050000001,0.0,49,4,0,0.050000001,0.0,92
CpWQCdQmTwCqhKmwUAYeQUrcXdvSeAt5wVDbYCoYpump,2Pa6MeKRsWK4ryrpyU6Ya5sDC55KZ9CNsvSc4ig9VsHL,425348492,1781016422,0,38,31,10.864197529,0.8157894736842105,60,86,31,10.864197529,0.36046511627906974,180
6hs8AmyEryo65GWjsWJNJyY9mnPSuZwdTChDjXQWtEiH,bwomEMQzkxVk5AF4qydyckDCuMEjaj95afietSMugYp,424285168,1780592666,0,11,3,5.0,0.2727272727272727,27,24,3,5.0,0.125,93
An5KziV1UuwYMyTvUd3MPgqhMcSZeEy2n5YkekHvpump,7etMfh1cvaaBd14D2xxeC8oNBSYhGBhGmgMvsSyx3UJT,424328266,1780609831,24,4,0,0.060000001,0.0,43,5,0,0.060000001,0.0,82
8gT9khRS6h6ppXuE84sjmgJVvwpLm9LEWUhBh1ijpump,EYDjJhT8tEQ2cgzNsLRp37EuMbr3iN9GUVn7475ZbCvw,425057497,1780900484,18,3,0,0.98765432,0.0,28,3,0,1.0526478049999999,0.0,49
66aF3Kg1JGMB6CR5m3M3u89j5QH3qCvSmpd6sy4ypump,3QrYV9qKZjaZCT2sqYYvNuATcUD8TGzKZs3eQRnp9bxt,424850307,1780817993,1,6,2,0.98765432,0.3333333333333333,9,6,2,0.98765432,0.3333333333333333,9
9EhUsrmVbuQQJ1kcpjsFqHKRKwVPmKCAhVqFwgPqpump,H2GESqpUMcxKKXgueJUvCLM8FUzDVEC4hvhRbEmVDSRT,424314786,1780604480,1,11,0,1.48148148,0.0,17,36,0,1.48148148,0.0,83
EqTpJUSVeUZAANuT8X6wn4v8FG7k6NxdfvGiG1Pzpump,5mYzj5CcTbPPoWr12grgSqSZuoQkHfiUFsM7t2QsYhY4,424276653,1780589261,23,3,0,1.477777776,0.0,28,3,0,1.477777776,0.0,35
4rmHPa2WE3XKxQSkzkKLj59TCnPGf8FNbFv15yK6pump,5MpNett3TjWzxQJK4PxgDHVHEzwreFzisSY7JC2d8uoc,425039619,1780893368,28,5,0,9.775802468,0.0,23,6,0,9.775802468,0.0,35
Du8rJeHLKhyyuMUsgmKAm5WT5cJmKpSmzE7JRr19pump,3cXYaGBqZAzhLiw2tsD5YWZDDsDxeyLo8LbUMijyxnis,424040254,1780495105,0,22,6,0.100015626,0.2727272727272727,32,47,6,0.100015626,0.1276595744680851,104
Az4J7aYPF1F2rnxZPnmVeCqRpVZzeN2m6y32xyypump,9tqEh5W8iy9vfR8EYuYBcLHZVuSn8gGpAR2121Cg53F4,424998425,1780876968,8,3,0,1.9663604860000001,0.0,30,4,0,1.9712493709999996,0.0,65
Gvhybeeapoc7LJttmKxJrN2NktP8EaNfFvogdfLipump,2aChRdpwxQQM8Ghs9mi6bEw1FtL1Tjso1iH5USNudVSE,425844412,1781212997,0,4,3,3.0,0.75,9,6,3,3.0,0.5,16
93mPdLfHAPzLKW4iYVB2D4rM6PdgQjB6HvmtBf6JW8NZ,dtrzJPj7yDdvm6eRqBAgxsK2sMJeD9HhBEBB3XMedXy,424419876,1780646365,1,10,0,2.971768202,0.0,18,12,0,2.971768202,0.0,56
CxEZfCTh2CtankYddMspG8BEQeqia135qxcnZ9mzpump,4s2t1wFyzy52F8j7ZAvaHdS6UMdFEqqvzwVvw3HXf9rE,423985400,1780473271,0,11,5,0.862895494,0.45454545454545453,24,90,5,0.862895494,0.05555555555555555,161
Fo2vUAvT8u7UfJDh8meJG3poJxCs4zjydjBSNhDmpump,G1BURfhCDyxvXABopes7U3AyFBpRZ8triJT4cRai42D2,425781820,1781188188,0,5,0,0.490000001,0.0,6,5,0,0.490000001,0.0,7
6nDPzY7nNyLvLqKAMLNCuHD4bLiv1Z8svynP4aUBpump,HJKU6Pj3mP3MN92gwRMUDVa5EKw4U9MpPYpgBG2McsD3,425249097,1780976816,27,9,0,20.740740739,0.0,89,28,0,20.740740739,0.0,197
RUeJPYywjHW6JLiXg298MmoCnekb7QbCwV2LBDDpump,EeDsEJrbTeDPuobojD7Qx61L2unsAu2QvLHcHhySRejf,425957326,1781257805,1,4,2,1.97530864,0.5,7,4,2,1.97530864,0.5,10
5HijF8xGLRYN8voQhYk7b8oZY8KwL4QLvnGov3Xapump,5FqUo9aBjsp7QeeyN6Vi2ZmF2fjS4H5EU7wnAQwPy17z,425980166,1781266872,0,9,4,5.0,0.4444444444444444,14,19,4,5.0,0.21052631578947367,50
D3UBsA62oiE6LXtUbbXJQydhZizdEp58yvQAjUvMpump,9B5q18YPhDoYvUo5wx43PtvQX1RsA7GgdbDLg4ZTJydi,425768505,1781182905,21,4,0,0.880000001,0.0,39,5,0,0.880000001,0.0,81
G4kDWdmnb6qqRqpSsA7JunjqYnjADJEgViSWba7Lpump,2gVpEF7GeKwebQUaj1FTJng2WSgAbBeNV4bTMiPbTL2d,425223967,1780966795,52,3,0,0.101000001,0.0,53,3,0,0.101000001,0.0,93
8fk2hgX9u2YuPo4AyXepSUKWFzpkWDusLtG8dkMrpump,HWpTnVK2hoGfk3wQGNyaoqsth2A5gEW28cKrXh3GJWT1,424700153,1780758151,0,12,10,0.0,0.8333333333333334,13,14,10,0.0,0.7142857142857143,325
6DED3Tno9ZDGG4i2ck2G4zsEHbMfMmy5aczXMbFSpump,HLsiae9xnRpcRpzfyisdxTMMqJU43BzkNUdeCkWvosC7,426096613,1781313149,47,3,0,1.000000001,0.0,85,3,0,1.000000001,0.0,127
DAqgBGH7gYQ7z4Sp67oemFApqKTrJY26HzzdwPBDpump,3DcwkLxGm6b8n9WwvKHEUAb46HMFU7onD8xnHgtDWft9,424081271,1780511453,35,5,1,1.97530864,0.2,12,5,1,1.97530864,0.2,14
2zT9YWHge931wRfMRDymGUH7PsJZCm8Jf46W6y5Mpump,EXqwkqnRyszSrfz8pHLXzqf2NEudq7QqMeA2cSHYq5id,425256622,1780979822,12,6,1,6.508444443,0.16666666666666666,17,18,1,6.508444443,0.05555555555555555,34
2zUbEQeFCN2VjgKYy4LKB9Rehuavugjco2MS8r9Jpump,CSNWGys9vAyqDpNTx5rGdb7JBGgSNNRmXSeKoP1T2kHq,423710506,1780363996,0,3,3,0.294000001,1.0,3,3,3,0.294000001,1.0,3
BPTT8NdmiVHYnpsciRWjDAaB7VG1Km4gvc8ExEBSpump,5FqUo9aBjsp7QeeyN6Vi2ZmF2fjS4H5EU7wnAQwPy17z,425384564,1781030762,1,7,2,5.4,0.2857142857142857,16,7,2,5.4,0.2857142857142857,20
BFiTqTmVXnLmjmJUo5EwiEZoUhwG66XAp1cjeXykpump,7dzdv2mTwNXCP2AXSTkg1oCTKpddsNu6ux7jnWTkJEhM,426304276,1781395552,0,19,5,1.501234567,0.2631578947368421,29,78,5,1.501234567,0.0641025641025641,138
HrPNxo6dmnZw6ax5xXfL31FgjzJdRnz2VbsMKxqxFWUu,bwamJzztZsepfkteWRChggmXuiiCQvpLqPietdNfSXa,424927009,1780848540,5,12,0,4.938271604,0.0,29,19,0,4.938271604,0.0,54
jU85TxgugdU4wPkG2GJVAqDmjMXXR4vmsvAC2pdpump,3v8i93oCinDUSkFNYtRjNMb9QEkrZj8zbZF3Spup9Ys6,424621971,1780726952,0,4,2,2.962962962,0.5,8,4,2,2.962962962,0.5,8
23pVaPF99fMKEBa63jPGDtU8ivS5wYyrkcnASKwrpump,39miPLoLwRT687zZitANzz6f3FerA2s8RquThZ93BYx8,423804929,1780401488,0,26,8,0.050000009,0.3076923076923077,49,37,8,0.050000009,0.21621621621621623,87
68gu3KCknTnvgdRiDHEwzY7eB1G9vTV1nuw78VbEpump,ALzeiYrZRo32vN4393CA5UwPuKDg5KThxye4DYeAvRjx,425153496,1780938714,31,4,0,4.938271603,0.0,9,5,0,4.938271603,0.0,12
HfN2t8raUJaFEvkLhegioTymyszQbFRB6wLdF29Spump,81RtriBv4zxoXem4FNLDgVXs5D8umK4VZrLXunteGMMG,424993590,1780875038,68,3,0,2.212296291000001,0.0,185,4,0,2.212296291000001,0.0,231
8MrYm3AZpmoNSGnn1ZETZ6Xkvme2yJPTx6rnFMBXpump,39UyYUL6qB1e4qQZZnpjK3RBt3nUGxZVLUXVJfQ3fSAQ,425629279,1781127680,10,3,0,0.500000001,0.0,23,4,0,0.598765432,0.0,66
5sPy4Zoy6RRe1pvyokbA4MSFz4fV4ftYY9JTPyqwpump,DfNYKWjD1DFNWJEek8XQH2WvUccsSMQWxwv4k4oUN6LG,425065010,1780903473,6,3,0,0.98765432,0.0,7,4,0,0.98765432,0.0,8
J9obAarvkkUc9Bf9pgyiCa3wK4QHSm7zatULENqhpump,GQFDRoKmkMiXcH8v5XH8LYuMKZXpSNZhu2AmdYxjqTDt,426198307,1781353499,0,3,3,1.0,1.0,4,5,3,1.0,0.6,14
CQRqfxUcBM2LbJGRQVrKV2PCa7jNqcPdWLeeBYKypump,D6bTtoSgLknJ9KrgDFUtB5WpqomrNEjBJipVVRoFh2DC,424150033,1780538848,0,4,4,5.0,1.0,12,6,4,5.0,0.6666666666666666,21
ngioVSRYfhcgEK5s3b1uiHdGnueBh4itAsqSWdFpump,HZpQW1EcZHPg1B9bMGL8VSnRryi5qWgpTYCwYMyo8owg,426262177,1781378840,40,3,0,0.523456789,0.0,63,4,0,0.7199999970000001,0.0,112
6drYXdLFNyNLKM1DWEvgiWLVpgiQmQZcKLdkS6Knpump,68xARrA1DGhip2cUQrHUWDALQQWZEMMyiho5cNbgC93e,425686379,1781150332,0,9,3,3.0,0.3333333333333333,16,9,3,3.0,0.3333333333333333,37
B3bN1bjJpUriWczNETgJyrPgE7S9ByyXRNxp4F3Fpump,8oZiaf74SwU9YufXNWHHZj6kih6RrqaZ3T38exYD27jw,425220830,1780965546,0,4,3,3.5,0.75,8,5,3,3.5,0.6,10
Fib33wk2gcBkYBBDca8YDB5HGNAQmAQLVqL6qSoApump,AFVGP2HVbbozJUK7kvqwesga6PFQnBehJjd8RYM5PXR6,425638901,1781131491,12,3,0,0.000987654,0.0,35,4,0,0.000987654,0.0,87
HRbxBe6yQvGB1FRCRbaCuyzThHqxB3ci7RD2Aigcpump,7E9jfxCczubz4FXkkVKzUMHXGwzJxyppC4m7y3ew8ATg,423638361,1780335333,0,8,6,3.703703702,0.75,13,9,6,3.703703702,0.6666666666666666,20
C8q5698axSQTzEq6R2G5QtVJmQPEeapdVgXUGY3Fpump,4EwtRUCJ8mpsYY495Rs5X5hf5CbeXfQ2Tp2jGjguLXim,424005636,1780481311,0,10,3,3.0,0.3,14,15,3,3.0,0.2,39
EXJyRsfUfwvBtnXs6WZVRWNF2KJwqSkoidMs9LfSpump,47jWgRiDb2F1ihLbEk4H5eNmgun4PoMavYCYTczJtyVs,426414460,1781439301,3,3,2,0.98765432,0.6666666666666666,8,26,2,0.98765432,0.07692307692307693,47
55G2gqzdCUDLbPd3GTSPJy2aPjQa67BEjEPNTXDZpump,FuHZYFpmsnygidwmrVddpmCaq98A5Pt6yQbF1QXzWwCM,423900408,1780439457,0,40,7,1.382716049,0.175,90,66,7,1.382716049,0.10606060606060606,172
GpnzJpYGK72Sg8qGugeocuXV1cHTyo4iMpM6A2DTpump,EwNVgVLjVXbKfi1S1yh6T1MZr3SQ6QHPAoBtwi2cnqYE,425726101,1781166089,8,4,0,0.148765432,0.0,23,5,0,0.148765432,0.0,30
3nJfS1hiUDQsJmSuHWhqzCeDuX2haQYMyahFQYpjpump,3H2pYPb9RbnyWgyVRAkNPtvqLc7XPGhzUVUvdSHygj2F,424345866,1780616858,1,9,2,0.138271603,0.2222222222222222,26,41,2,0.138271603,0.04878048780487805,81
yDfnbotaBrkNxwYYhtg6idpQBb1G5roh6iSMRKcpump,D1XPuJK6jVhs6ydjeNc4aPR2kiPKqGKL2Ndr37GjqgAR,423560440,1780304342,0,17,4,0.050000009,0.23529411764705882,35,27,4,0.050000009,0.14814814814814814,64
DxrdqqW3NyDXXW7DmRvcV4wZRpC141jgVvThU1Mzpump,EXmi6pjLeidtBMxMWgj2XoBjUkFCdurxEDo1SJKPtPjP,423914300,1780444981,0,3,3,1.466666666,1.0,3,3,3,1.466666666,1.0,7
Fgs7ANSyoi5n5BcH2tGFhZmbEjKyKyehZHvgBnKTpump,gL42V86tsMEy4Lghnha1Xghcjw482CG2ZBB4RteSe3t,423598725,1780319571,53,3,0,0.050007813,0.0,58,3,0,0.069760898,0.0,61
4VAc5Z1ACSHdD4jKNT35LD7Q5HuM9oy6XmFynYZmpump,3htbX1hicqkXeWU5cb8UU2DfQHXk8M8FVR979MfwoFWF,425738368,1781170954,0,6,5,5.0,0.8333333333333334,17,6,5,5.0,0.8333333333333334,18
2e8DttKvtnFXQeebWbJkBPoj5FZTJFuK8twZ9CHJ77XQ,8AwVSocrVr3LkqgPF2tKQnU2iWaZNtN6GMEZ8jRo3qN1,425272252,1780986050,0,4,4,2.370370369,1.0,11,14,4,2.370370369,0.2857142857142857,47
5K6QSZAHWPzJTv469681k3x3xbY6nPCARoHVVqyCpump,5RQ1UWATaMjjXC34BW6UusEUdEoCuNRECBW8nnHPiCGH,426507320,1781476210,0,5,5,3.0,1.0,13,9,5,3.0,0.5555555555555556,23
GwrdUtCSEvbNbJq94918Q8KHGggymz5UL2yYwx5ppump,CJvFtg5TPf3eyNJDRcFMtzfHxCGd6AKHKoTGnCB8h26r,424600075,1780718221,0,10,10,0.0,1.0,9,12,10,0.0,0.8333333333333334,143
FbzRoMaGBm494GZnxMdfzNCgsqWYZpPXfhYfxjNLpump,EcP2FmxnGyopQ6Hza2ucbEtwUzKVxAXY8MqH2GLdRTnW,424935539,1780851938,14,3,1,1.000000001,0.3333333333333333,7,4,1,1.000000001,0.25,10
BGDcqbtHSzxxmNjKqbkCNFGZeq7jmraxcikGWSL1pump,55nPTKtiDnsbwyrWxJmtvxhu7dbV7AjPpa1fNVaR2wB5,426004491,1781276534,0,10,8,4.938271604,0.8,19,13,8,4.938271604,0.6153846153846154,27
DBAkbp9gfZM7PjRTuUwHg5pEJZdey9jSBPuDhmkMpump,CJvg3cCVorv3xiK67QrqdhZJDFm3nTerVWSgUrkYFuh1,425055595,1780899728,0,6,6,1.975308641,1.0,10,6,6,1.975308641,1.0,14
2ngSGgBWf6rZ8eT9hW6PtystaUAfaTFZKgxmYFQgpump,7FVfSdnR9VPGjMtmBP1Hz9C2DFTpoNX8gVVRmnimnGt9,425274997,1780987143,28,3,0,0.101000001,0.0,48,3,0,0.101000001,0.0,70
7sqhUXwyE14Vim6jPkFKruUwnNZ4cx6Gc5XZ8soVSnEG,HVye4xqCLGcYcxpBx6jJz8iofdSkiChGodJPV4X8kjbh,425860253,1781219288,0,4,4,0.005000001,1.0,5,4,4,0.005000001,1.0,8
E2y2sfFuEYnJxJtPkvJvtEAvxL6i1N2GhEfGR13Ypump,2kxUkM6nK5JMMTyRHk9A5bA9jdxtNuSPjtLuRcm9DDU8,425868373,1781222495,0,11,10,0.0,0.9090909090909091,19,11,10,0.0,0.9090909090909091,233
F9B35cHSouq1a1SYwS7g5briHfYto9maUu1F55ktcPFx,bwamJzztZsepfkteWRChggmXuiiCQvpLqPietdNfSXa,424905599,1780840021,1,12,0,9.876543209,0.0,30,23,0,9.876543209,0.0,66
FhZUUrJyT6ohX1zPmvTKmnuKYLNiPWCoXcaeTiUtpump,wvznrBTCUmZpmTt1BMfLW6E5SQVgfiEyQT9kkKVX56c,424468551,1780665781,0,33,10,4.938271604,0.30303030303030304,72,180,10,4.938271604,0.05555555555555555,456
E2w9zEeKLJc8L3aeVmyMYBoL1Q6BpUrKYoJ5X7wMpump,B7opqiV1LELP9QdMhtqsryWTVF3W3xA6TT424VMBMUaP,425630872,1781128311,0,14,5,1.0,0.35714285714285715,58,15,5,1.0,0.3333333333333333,92
3JwKCgsQXMKWFDnmUzYAMepiDhB6pkagB3ygt7Mapump,2incwhnfHatz13KDCCa5URAiPqan4ZXgbfGz5c8PBH3F,425849785,1781215126,0,5,3,3.5,0.6,10,5,3,3.5,0.6,12
7mE9KsPTPU65eWVhYZ5rcfYej1LpgzkdyEKPdYE2pump,7fcL6Re9Q9boZYCb8aLMy1DWRrM734CPpk9Afpaodp6k,424968527,1780865066,33,4,0,0.493827159,0.0,12,4,0,0.493827159,0.0,12
8JJPHwcFJx1WT9RW6qxquY3S7zn2P5rsTwGg2HoApump,7SspbJwyMVBoTsgRfniFi5Vj1mdLuj4oBK1s35PguZca,425396288,1781035356,0,30,6,3.0,0.2,57,85,6,3.0,0.07058823529411765,195
HLXguRjSaEy2TtUac846eHygM45i8FLNW7hDfxjupump,FSYojWVXvrXNkFfvCAptVhpnWHuJoNzQNu7QSgsecCEz,425973092,1781264076,0,13,6,3.456790122,0.46153846153846156,20,31,6,3.456790122,0.1935483870967742,88
6XJiMEVn8ACohC3N1A4barPPtdpbwEsqufRhwPhRpump,DVLJY4h9i84cCJDasKvkSnJKPcqc5hyeE4TaQrdKaxCV,425719228,1781163350,0,13,4,0.888888887,0.3076923076923077,25,23,4,0.888888887,0.17391304347826086,58
62M1zRQtbwD9G59mfaNy5KCHzPXzobPvb5yJgGKwpump,DhSELHEnjs3rFyamjbfW5yxV1mm5kyDCJju2p7E3wgmy,424418233,1780645715,72,4,0,8.407407402,0.0,150,4,0,8.407407402,0.0,194
FkuMQv3iqPp79ybax5W3E3gJyMfnzse4wZhoPdExpump,GRcAsAnvZc6cX2Jx2yYFzWV62yqCoU74eV4Nfq36vqxQ,423701481,1780360400,2,11,1,2.469135801,0.09090909090909091,25,33,1,2.469135801,0.030303030303030304,95
76rBieB1Dr2pZ1YM6vjoC3EpWEfyrJXxrudSx2uWpump,5949hDDDHaxoXemTJmVHArL6avYXUxKY8Ad7Tz43GnCg,423797895,1780398704,0,11,10,3.0,0.9090909090909091,20,14,10,3.0,0.7142857142857143,27
EaTaX7UDceT9Mn59VBSasrVfyNjmReMMwNL1Asg6pump,8sc8PMAPQhHSD6LQ62wnyEZerQ4jucUomznxM3yz2FTs,423751761,1780380364,19,4,0,0.38518518300000004,0.0,40,4,0,0.4839506130000001,0.0,75
8FDHCyfnFkG3DTg2PduCY9LCGyFxByXbFQGY1knbpump,9HmjWtzqSm2yqnUKgSGfntVH5a34avK4vN5QdnMh8Puq,424961755,1780862365,5,10,2,24.691358023,0.2,23,10,2,24.691358023,0.2,28
AkqYFqFT24metaqVDkoL2q86otocwBbxtRJ3ee1epump,3SUnsU4iE99PgscFeUSm2pXgGm5duEfyyg4yqiQj8VLx,424072132,1780507819,55,4,0,1.325435295,0.0,98,4,0,1.325435295,0.0,143
4RY5zTUd2i9NYcFRYpZZomRFXuYfhAsrUcFqL5rVpump,FGDhYi6X7rmEpphRRJQ4f6o7Nnwmwatf8rHCUJ6nUdC1,425607901,1781119209,0,13,5,1.777777776,0.38461538461538464,25,47,5,1.777777776,0.10638297872340426,110
BGGEyDcLYe2oGvRftivdJotfA8aDm7jTjaAjihH5pump,4kHrwfVBXiN2rpbAuopB9CwFnje9vcPmLDZ4Ex1gwm9K,425729362,1781167388,64,3,0,0.98765432,0.0,7,3,0,0.98765432,0.0,7
KYc5nuMZjRofu5R7w3nzewYdXumJu6vxeYNRGACpump,C8rLpLSU7uoLvFjBeEYgR6Q4FGxJTTPMmdwsf7mEjFAL,425333905,1781010618,1,6,0,4.0,0.0,16,43,0,4.0,0.0,132
5fdoWPH295TSPWxZDXddXAx8raNGzHTULopGhAFqpump,8W2oUTVCvwnTKbXDt5fWEK8C77CsVxBCC1ts8QrUCddV,426431389,1781446042,34,4,0,0.100000001,0.0,62,4,0,0.100000001,0.0,93
GxXRSdsR9iCAK22ziZNJ4guRcmHsadDcbD34ghNRpump,ED8hdG6eNRULqrKmE84KrXNgui4VcyJJRojbaq7Cs4pW,424193073,1780555983,0,6,4,2.962962962,0.6666666666666666,8,7,4,2.962962962,0.5714285714285714,16
6wNYUu4GZMnT6TETm1Fdj4pBFYk2UnppeJJ5a3jwpump,GEaPUeED67sNFNV8AfnX6Q8MPfiGRYy147u4ndUnyQTc,425244910,1780975143,0,3,3,2.845,1.0,6,7,3,2.845,0.42857142857142855,21
GJaFh4H2xqo3zMVyokoFLCk5uRGHbApbw1EcXbaj68rs,AV7PjXHL5JXZ1YoYRoN9Dsstg1x2UciBupMCXcJP8gUz,425993490,1781272158,0,9,7,5.0,0.7777777777777778,18,35,7,5.0,0.2,198
3d3KWedP7qC2vEAKRodXivjNWxKx6x2hqyrhMhKDpump,GMokP8gRYsGVG6CayXgfar82aSfzW7CTicVtd1mrstvr,424661720,1780742802,1,41,1,0.56980057,0.024390243902439025,73,89,1,0.56980057,0.011235955056179775,240
CAc3b8FQDaJcWetC7CgCW7CbPaz45aCinjK291KSpump,46cJcJeFt7HZSSmrpvfNhRsDx7wP7scmD61XtjyVRJJA,426318540,1781401213,6,4,2,1.0,0.5,6,4,2,1.0,0.5,6
AeEfymE5v4X3N8vgB5b5X8cSEPRsvt33KPKkeutxpump,H3LbKmyxxGdtthBrDsiL4bUjtShwJDxMTPXeNbAMmDb6,423526078,1780290729,0,3,0,0.503703702,0.0,4,4,0,0.503703702,0.0,5
CyCSZbEg3FQr4TnHtvbLstbKUDxFtV9xAe39qKhpump,9m54utkL7MHr12nBfFMNuCGnrey2HngG9nA6NAyTBBVB,423492604,1780277439,20,3,0,0.18350616799999997,0.0,32,3,0,0.6723950500000001,0.0,82
AUVHNvBXz4dU5nJWUGD1TQofP5Lfui6AWM5CiEQxpump,8o6DvoTdJrL1uddYwLRzbViLGCbiff9Yu3WiG1DBbfK6,425885536,1781229295,58,3,0,0.500078136,0.0,75,5,0,0.500078136,0.0,77
9mfBVS3aqHgyu6EkBjq2WgLrJExbYXXwzb3BdwJGpump,6PX4xuN4TLPCL2GqtUZf2Q6iTjwfGbc9vcK33sinN3wP,425875925,1781225479,0,8,7,4.345679011,0.875,27,8,7,4.345679011,0.875,28
tE14hdZtP4acor5p54ZXR1g7q2dcnu2APqY2vByrBhX,9HYkh5wv1QwESfNHwzmdfwYwnuUSYy6dpBxUyzqb4KHu,425358708,1781020496,43,3,0,0.424691357,0.0,78,4,0,0.424691357,0.0,121
7K5G2VQpVy8zHL8JG6ZHCF4a8WeDfd23H4Dr6UWtpump,D5Z8W8RhVnAmCrXrRinwpRbpuE2rj9MWm3ZXuPBZNYks,424265009,1780584629,0,3,3,0.543209875,1.0,8,3,3,0.543209875,1.0,9
BeqHeX5Ud7AdjFR9xRdvmFq8S6ev452SUgQRKex6pump,8dtSCH4e3dNH28K8ahUKaZLCeYnrwFozRVhjBjrQfJof,424461658,1780663024,34,3,0,11.85185185,0.0,54,4,0,11.85185185,0.0,94
E2fRN14QsAcNxcTHanRxS28TskoCMqn9K9WPkgoyWhr4,BCuAu2fiJUX9UoREdobaecaAgcUGULm9X5a13r6ducwT,426023933,1781284267,1,4,0,5.0,0.0,8,5,0,5.0,0.0,10
B6ht3phVSrvEcK7KcZHztu8p3dKHTG58F3keBLV8pump,8xSeTaWg4m2nSG7L2yRRGh2jAgfwSjzgNxGBatdT2rpf,423688300,1780355160,0,7,5,1.0,0.7142857142857143,13,7,5,1.0,0.7142857142857143,15
4hBgjSkMwBAhypMofWtLR2TRTRxkFrFNV1KSZq7wz1r4,7ZV54HcwtzRhZSEPskT8ox5hn9yNocK9xpe4BQXoziaP,423709030,1780363408,7,3,0,5.925925925,0.0,6,3,0,5.925925925,0.0,7
CxcjnqoWxtyx8sysj8qeQVoxDxhJXukLsYVGVQPLpump,F8ykBFw91rgsV26aXpCKimHkQmvZwJKxLL9SZqZzXUCj,423593415,1780317464,0,5,5,0.059250011,1.0,6,5,5,0.059250011,1.0,6
QEbiCxtL7d7qUfSGEnseVA2xtM7YLzoQE1bKAsapump,HgzRgmJwMQMczGA3iki4mAHvSWHbNDybydTxg1poyCjn,423897659,1780438359,0,8,5,1.975308641,0.625,25,12,5,1.975308641,0.4166666666666667,44
EeibRm3x7Mbzt2RremTszj9AiaxN1bfgnSy26nEBpump,CB1Ewe9S2ynzBv9xcrEFKsPfGPKZ8JcxJJiuC8o35pr5,425599090,1781115721,0,13,5,2.266248825,0.38461538461538464,33,14,5,2.266248825,0.35714285714285715,63
EyZeyKczMPoQGay6U7A4dyaE3CvKcbrAPY72iBj7pump,AYEHKbGooTCishm755ArC88YZPJ29Rfh3b4q2hpyJPAQ,424173809,1780548297,0,3,3,2.0,1.0,10,5,3,2.0,0.6,18
B9CuQmF4NLEdV89rbszt3BTqS2QqG2RewqBGZXXepump,4icAHd8dketWy19ZQzkq8hRFhYDF3padpQzG5kmhrFn4,425786816,1781190163,0,9,4,0.98765432,0.4444444444444444,13,9,4,0.98765432,0.4444444444444444,17
3aJNjEPmewLZV6Z6t7aybimEeCnrwVDTmRTWWN1tpump,D2eicDzJN5rUJrksvQGkHGthcKvLcNzNf7uMLQNAYgpo,426019626,1781282564,0,6,6,3.0,1.0,11,8,6,3.0,0.75,17
9eErvLm9ewwQsYZ6PqGvFcHLCAF8dZLXTUDKo5twpump,8sc8PMAPQhHSD6LQ62wnyEZerQ4jucUomznxM3yz2FTs,424863970,1780823437,11,5,0,0.197530863,0.0,29,8,0,0.197530863,0.0,102
FL9NHGF6kVJW2YWXeBdfxUdvkE29wdKdwDWitnjWpump,FUAAooreHXGfXVv9vLHU34nqNp16TSSpkuCWveLfTDc7,424694422,1780755858,64,3,0,0.150000001,0.0,124,4,0,0.367283949,0.0,172
apSMq9T5aEVNcMvd38CGRVdu5JrJHhoYY81Tgidpump,AmKBCETt4NuPgqx7bQBj49uM3UfbVu6pqefSfSxkXUVQ,425993112,1781272008,0,9,8,0.819753085,0.8888888888888888,10,11,8,0.819753085,0.7272727272727273,21
AyhBatwhwoDVb2C2QPFB2YxnypsyhFbJ5BXowgEEpump,CJpYdnNsGEzvsCcTS2raDAWrD4TTcj7xk1mEyfTbS2Dt,425193977,1780954835,0,5,5,0.100000018,1.0,5,5,5,0.100000018,1.0,5
HZvinnBLb1kjcwJj89kHxzMopVonZeeLTty9Mgzapump,BZRFYAg3e2DjAkCWjALn4Ebu5oC8PgSDenJJwm2HC93,425239170,1780972852,67,3,0,0.51631603,0.0,153,4,0,0.5192493610000001,0.0,201
7K4DZFP1AKT3Z9UroiospoFoTWbk2K4FvPS6aPTJpump,4f9Q1jmsibmH8qXbdW5Jk2QPHzkeLTazUYoB38QeLSqP,424263777,1780584140,0,3,3,0.790123455,1.0,8,3,3,0.790123455,1.0,8
258fkv8AeS37DmVQWmebtg4acvtwvZSp13cBtR7Gpump,2XPWxpHga9N2tpvgcPhjxbUW8CWgbNu7rVKcz5wAWeSw,426301146,1781394310,2,4,1,0.098765431,0.25,5,4,1,0.098765431,0.25,10
13WokzHDJMt65f5oLiFff9DZCFDDhnryzHskCSt4pump,9tqEh5W8iy9vfR8EYuYBcLHZVuSn8gGpAR2121Cg53F4,424500765,1780678651,3,5,0,0.616349818,0.0,17,5,0,0.616873837,0.0,63
3T7L9WbowomiYGUZujHPcJQsrQnoXQT2ekVM45UCpump,FjXN5WddzU5YqFSD8pjxi9cmrEb59vcwGAug1D7bjxoc,425413782,1781042284,0,5,5,0.100000018,1.0,5,5,5,0.100000018,1.0,5
UKPwges39S57awtr78DuqNtowx49FwkuQ9HSgL9pump,9iaawVBEsFG35PSwd4PahwT8fYNQe9XYuRdWm872dUqY,426510728,1781477564,0,28,6,4.000000001,0.21428571428571427,72,44,6,4.000000001,0.13636363636363635,122
DJyTaBGRPFjhYnJReivdVy7T3HNoBmFGtKhMCaKppump,4UKLdTBiz6pGRccq9CGw9n53UwmAdd4UX1sJKeUohSiP,426105570,1781316708,2,3,0,1.000000001,0.0,14,5,0,1.197530864,0.0,57
JByiJWgVQBoDeyQKnsaNDJh9T3epQhXJaB32u3rSpump,NgVYzQSWKChh8LQJPP5HDJmKKkYNCq6nc58tjZhqu87,425800135,1781195442,67,3,1,1.97530864,0.3333333333333333,16,3,1,1.97530864,0.3333333333333333,16
6cH7WLETH3UuksNKVFcBdV7rtLWapFteQPFyqNzzpump,BSEY6gDXnFKkZVvvbuHrSDGLASh6ER7ZxgKD87hbrXvo,424337216,1780613411,0,15,12,1.0,0.8,29,15,12,1.0,0.8,35
HfhV9UKEt1Ktp7WJdwVHXDjndEmDj49q8Jb63sJ8pump,D1eMZA1D3bVE3XY9NX2rxrFRUEF6MhcJKVJ2b9bcNw1i,423753013,1780380857,0,8,3,2.0,0.375,11,25,3,2.0,0.12,94
49fNgCEA9uuf15pAYvmq9cCsx34VQg5tSa5qYv4Lpump,2dsmTFbcQ7r11Q8GUGJCgDovxv7ivEg3cbH2VR7DS8zE,426512037,1781478083,49,3,0,0.100000001,0.0,19,3,0,0.100000001,0.0,32
GWu5mcHdqyRfinknuevGtrFd5RQkKMBZHXNKZjsWpump,3KYxxaq9V6A6dSdbqhmMzfYySQq8mTdhgqPA5ESYE2Gn,424125909,1780529219,17,3,0,1.200000001,0.0,37,3,0,1.200000001,0.0,86
8ssTmDCyycPu3vJeyTSePP2hfrBt2DJT61ZeD6wZrcjW,6nU2L7MQVUWjtdKHVpuZA9aind73nd3rXC4YFo8KQCy4,424319413,1780606320,4,3,2,4.938271604,0.6666666666666666,4,3,2,4.938271604,0.6666666666666666,6
3zmXDnmDVwrRg73NvyTmu3sypNsgzfC4Jvq1tmZQpump,FPN6ChAMqvY6LfosqNXdZnA1Wnjs76PaGvPG1cfkZGrp,425796027,1781193815,23,4,0,0.050000001,0.0,10,4,0,0.050000001,0.0,18
2ze2U14JUyEatKkMNChipjkcbaWX9yrp38tvDVwJfomo,7ZV54HcwtzRhZSEPskT8ox5hn9yNocK9xpe4BQXoziaP,423524055,1780289924,3,5,0,6.913580246,0.0,10,6,0,6.913580246,0.0,14
8LhbnBUeKVquKRTH1j9SpiAPfsHs6foA3u6J8Sybpump,7G6t8zi2aZbKENMUAvsjniQn3j3seHGcGpgVCynkieG4,423988892,1780474658,40,3,0,0.050084894,0.0,42,3,0,0.050084894,0.0,57
Haq1esYadEK2Xh6Rqa3jVJCEZpYC9UwVxKMabuERpump,43xhoNKxPY5uxbuYaVMYTvGKgsK93ES5TwJibfGc8buG,423843710,1780416893,1,3,0,0.098765431,0.0,5,3,0,0.098765431,0.0,7
BQVE6mBYpGBxuAYLEMvms5GKqLs21RA6yyKvRHQMpump,3njmQwpQAFPT2tqLmy4a3kcR8HebwpP2efNGupJet8Pm,424740379,1780774172,79,3,0,1.6851851820000001,0.0,113,3,0,1.783950613,0.0,133
DMU6LRnRBV7URLdpCYadHNKxXxyf4MRkdqSqC2tkpump,3CJowwpkHSe91aYFMBthLzFMopgL11vMHPVCf7SB9RKB,423730348,1780371871,2,6,1,0.56980057,0.16666666666666666,11,6,1,0.56980057,0.16666666666666666,14
ButPg9aRM9Y5jqM5dEj3JFVLFcBwMmduV2N7bNU7pump,CobB8AWW6a4ewJJunbnCd6bbAaeScqs7taAqBzzfPzf3,425679288,1781147517,16,9,0,20.740740739,0.0,65,24,0,20.740740739,0.0,149
6QBku8sX6YrAMtg35YQJM1nTGK7v5VbUoGSUgDPxpump,F7KPgasmTHCrMwfzvCoYWWRbBmivSJfFmuisdSKv7shk,426287044,1781388715,1,30,2,1.46627566,0.06666666666666667,40,88,2,1.46627566,0.022727272727272728,211
3pfS29Dddk7sMG8HFqskeA98TAUXs8Z8LfkBruanpump,3CGi1LvJPHHmK6QU5pmieLM2Q8QiufKpSaWAnrL6dJJ8,426261912,1781378733,0,18,10,0.029625006,0.5555555555555556,49,44,10,0.159545981,0.22727272727272727,196
EfPs4H3PZBbiS766RuZs6LSXhT8qF6pFmYNMpxU9pump,76Fpb6jHhqjRU6voQm5mbPxtyV3kghmxugmUywTJZ7mn,423854166,1780421039,21,3,0,0.100015626,0.0,44,3,0,0.100015626,0.0,95
Ar7ovmjRoDh4aVKWHLhiv8bzFYZiiU55WzWeAd2Hpump,Ajb48YwE65VzSHyn9rdYaMdHWpYnNTRn9poFtoPB1Np7,425670642,1781144096,4,4,1,0.539000001,0.25,8,4,1,0.539000001,0.25,8
D7hdbgrPNM9dT4LQcRXJ7sGD52RuncfwA4ntmSpgpump,7SuAGyR2sTZiHWkAUn7xg3JMaMt97uQx4BkYtufQquiC,425511842,1781081080,1,4,0,0.4345679,0.0,7,4,0,0.4345679,0.0,8
5PCibCFq2WwJLDTnjLT4yeLrYFouzbcPWPgRLW9Spump,F2DAA6NMthkR6KiTBdGtBZhPA3MCeAaRquHDzvUxDpE4,425914211,1781240665,2,11,1,3.0,0.09090909090909091,16,15,1,3.0,0.06666666666666667,27
ETKLaYQTQgQA1dje1h3Ze7QVhkis8viTjskdZ5Lspump,rmvzC5heDE3PesYYsimevoJ1iTzw4XXa61irWa4VaH7,423535155,1780294320,69,3,0,0.1,0.0,68,4,0,0.1,0.0,100
Ai5MZ1J58beG6urnVm97rGYapQbDM5HyEaCjg4mQpump,8xxWuMPjDAoyKRCX5KXkaRT87SzYTnjiH4XZ481b4e6M,425300936,1780997466,127,3,0,0.19377861200000002,0.0,56,3,0,0.19377861200000002,0.0,63
A1wKTkkA7tJs6vnBXuBxPZJz1eF7gpT2QGiPTgHBpump,BUYgd2aw35eocMnVkcfKXP5nR6cxDQDJjtTUyqhcSkWd,424164581,1780544644,10,3,0,0.050084894,0.0,30,4,0,0.050084894,0.0,97
7EU3gaWX5zdknnJjQCKxrDoDe49xQouHyKoU6Bsjpump,9jd7RL6uHkYZGwiKVZP5wcef1RjvJvDxWFAKqgHiAW4C,424289402,1780594351,0,20,6,1.481481481,0.3,36,48,6,1.481481481,0.125,129
HNJrENwX81doniyUq7LjebS962zjSTwJtuDBmQSDpump,G9hPKBwLKgas2ExaBmFATRN46oeFgTRkcb5QbJVgXpn7,423855885,1780421724,1,9,2,3.0,0.2222222222222222,38,29,2,3.0,0.06896551724137931,117
pBez3EvubgGWexngR3nVRvmjLFPpRn3U8kE61YQpump,D6bTtoSgLknJ9KrgDFUtB5WpqomrNEjBJipVVRoFh2DC,423857901,1780422536,0,4,3,4.0,0.75,13,7,3,4.0,0.42857142857142855,19
8RaiZgSVYr8XnNhreaeJLsPCSV7nr5jYgDQuPecApump,F5XvCe4233m6mHRbkkq2ZsFvqrPAnRrDBExeQy2fwagQ,426049778,1781294538,0,9,3,3.0,0.3333333333333333,30,40,3,3.0,0.075,119
6bbXSPAq38WbGz4VPfEUi9EeogQDwqSMZBayn7W9pump,3HuTSsD9gY6p2VEbD7kDwMem7PM5Zq8od5UutMHSr215,424529983,1780690290,0,26,5,1.0,0.19230769230769232,46,46,5,1.0,0.10869565217391304,126
2FVW8tzAyVVkzRZZGYC1s1JZq8yYgixTHCE3jmgzpump,Dkyrfp1DwzLEFDavx1hGpWuWLRK9Fcoxtw9sKcNUW5pk,424934235,1780851417,84,17,1,2.469135801,0.058823529411764705,36,34,1,2.469135801,0.029411764705882353,94
84booLsrK8sQGL7Zx1Qv1ueiscixLd6eCD8oZat6pump,icex9CXxQHVdVTyLaFzM972zeHESgKmaS8jsJfA8HhA,425691457,1781152345,25,4,0,3.0,0.0,7,4,0,3.0,0.0,7
Aem8YGRaUAiV6DS3MNPV7U4zxh3xbKHeWiA7XFAMpump,FPN6ChAMqvY6LfosqNXdZnA1Wnjs76PaGvPG1cfkZGrp,425602965,1781117257,12,3,0,0.500000001,0.0,23,4,0,0.500000001,0.0,45
E9UBCCStMo3JyzfLbVxpbZ2JpQmJ1f5sPQhNBbtnpump,3JwkJxvbC7hXHpRHEWLcGYQShCgCfAV7noxyhYdwb9vy,424628123,1780729410,13,8,1,9.876543208,0.125,23,49,1,9.876543208,0.02040816326530612,138
8PKqUdLzvtcwNdLjeYsQm9wt4jx2RjQ1VX1invGWpump,FUwBg3eSSbar7yUChNSoLyyZpDFPJm8p5nCvSCsz1mjj,425650108,1781135958,0,16,8,4.938271604,0.5,32,45,8,4.938271604,0.17777777777777778,163
Bk9AF9gDqBkKgiqdNERsEJQHevFLJn5Kd6xPZ8qEpump,aSWCaHZajgo2F5UVdzngMUimCPxiR7WrZ2nP71QtE39,425330072,1781009083,24,5,0,0.806296295,0.0,63,5,0,0.806296295,0.0,78
4C6hVRzra3JemwskrHbFVYsFeJgihukHmv7FoyHCpump,Cxyew6VutbX78A8NjGe3Mp9h7mphbXVpkGcPa7zGDDex,426493876,1781470865,1,14,0,0.5,0.0,34,14,0,0.5,0.0,45
7kBd3HQEBjKmyQnPigmdhoHKxbfwGfXypbNDAPAVpump,Cb2gZzwmXk4TkPLPV3meZkGqCV39Qq9EvTLTeipiSipD,425162521,1780942306,18,3,0,0.250000001,0.0,48,5,0,0.250000001,0.0,146
6DWUi7sApt1TjZV8W3rBwgdxRr4QRE5L7LfptYHdMrhs,7xYLnEyRCXebWgJ9FFWZyn4uu6NMKpqxBjiXsdAAXaNA,424824135,1780807574,0,3,3,1.975308641,1.0,4,13,3,1.975308641,0.23076923076923078,37
14VefFAyoFPRWBS2datchXFyF1CyushrBzcBff82pump,8meut8vNNiraTrHp8mfGmGu2aYNJrq8HNsDVKyLQ2WGw,423696258,1780358319,0,7,6,2.475247523,0.8571428571428571,11,15,6,2.475247523,0.4,81
34P1kCbKwGhsafRQthPhB3Y824Ai5EnjKWvQGngApump,FK1CHSTJt5dnXxyRfGBfzpvixYvXnFtCxBi5JDNXFnCk,424710732,1780762374,1,12,1,0.98765432,0.08333333333333333,26,34,1,0.98765432,0.029411764705882353,88
9SdfGQzuEg33Zr3zWUZfGfXfLyRKaR4oQDiEwQiNpump,Ao9dPUfHLBC5vQX3ggY6XQSF8g8wZWt4TPoFVFZGzKBt,425823604,1781204743,1,54,0,14.320987653,0.0,97,93,0,14.320987653,0.0,235
HvZacM8c22hj6F1AhCfvjgy6iodKxyhkkUimZD4gpump,CtxDgoTznr74zFh88AfmJpoRtetpxK1V4crFLjBYruvz,424234984,1780572663,0,9,3,0.800000001,0.3333333333333333,24,11,3,0.800000001,0.2727272727272727,39
CE38wQJt8JgyKv3SYhdZECoQb61rif7SVKbk8DN1pump,39UyYUL6qB1e4qQZZnpjK3RBt3nUGxZVLUXVJfQ3fSAQ,424937695,1780852791,29,3,0,0.29938271600000005,0.0,12,4,0,0.4475308610000001,0.0,24
EuXUEsYacYceYY7FZhwYgJPhoPmcW41AW6RVfyb7pump,EXZ2Jiex693TLeKTJkaZ8L71JXnkvZLfAfrzCfmXbfCA,424624987,1780728149,5,5,0,1.000156273,0.0,25,13,0,1.000156273,0.0,96
8dRN9g4enTNbweeu1xGpmtxQni9TZ9crn4Za7ibFpump,CJYNMqDZcDwDshCSRgBmtDJmgzdvE5AejmvP918w51iL,424365216,1780624579,16,8,0,3.259259259,0.0,22,18,0,3.259259259,0.0,60
CrVdE83mku9SfEk6PJRj2UaZQcCBGE8MaqEHNVRFpump,8i5U2uNBEuTc4zskYP14zbebDg2RSwrrG8REhEnJb97K,426075543,1781304766,0,24,8,2.962962962,0.3333333333333333,42,75,8,2.962962962,0.10666666666666667,251
DF1qrFY3k1ZGULmZvKjraEN7GhXMSftXXuQNTunqpump,FpPpfUwXZb8Xzf4uiVsxFFUzYZMBnxtdD2cFKvGvvXDz,425943042,1781252114,50,7,0,0.98765432,0.0,19,7,0,0.98765432,0.0,20
B7MJFpekGZRfsqQJh48ciaA27rA7SoC8cLYkShzCpump,AEVVjamEWyrYumdsh4vfP2UeYEbRTFKiZtcEE5exoZHN,423817676,1780406543,0,18,6,0.691358023,0.3333333333333333,34,57,6,0.691358023,0.10526315789473684,116
9ZCAoFy2UAMZvekS2PfuEBos17TPqfHKwrZHiS1mpump,Hh3vhuF2Dm1hHnjiwy9MSLLqFhKeQAA7B1q5Rivinpdr,423803416,1780400894,19,3,2,6.0,0.6666666666666666,6,3,2,6.0,0.6666666666666666,6
4oQcxmRMKPBiADBqaiQ7MRU3g5RwXTQHq1ZCpN3Tpump,5wayPohJG5NScAgoKf9q8GMwzv91gFXxEG2JM2VyDNSx,424256067,1780581070,94,3,1,0.070516442,0.3333333333333333,6,3,1,0.070516442,0.3333333333333333,6
CTuuFdgbQMcxMCpbLY7peqPQ4tiEmdXjp4pMuiRQpump,Bmzpqsi1jomncqwBY8vhWrrAuCeSWmc7oLeY8c4WjsVB,424153550,1780540252,7,3,0,3.0076709070000005,0.0,50,4,0,3.0110371780000005,0.0,101
8RgwuroBALDgs31EBgzhXffWnDDRnpZrjqeLbKABpump,6WmNn4CeFh6rja4KMi1U8UcnHxgAoqwaryLdfFYRtR8G,424157059,1780541661,79,3,0,0.060000001,0.0,69,3,0,0.060000001,0.0,91
5p7M8cQkg6Hn7wkaNoBvupbJaHieRpL7rDUpHQhZpump,AZeuuaQkY5uP1dMf8ZZ8VtLrP2WZKTexwiDhsvmafi98,423575293,1780310250,0,33,0,0.543209875,0.0,55,36,0,0.543209875,0.0,106
ARARUtMnb5fvcey7SS2ZHma4bm172ngsHejhnmxvpump,4xgqnwnkiV9eGAZgtZm9hn3x7ERb93Lzg2e2PRXkMUwf,424344560,1780616334,0,10,7,2.962962962,0.7,22,10,7,2.962962962,0.7,25
5b3TLgEAaG9yHLmncASXWW4WWks93VhVDAEw6cRupump,BZRFYAg3e2DjAkCWjALn4Ebu5oC8PgSDenJJwm2HC93,425241516,1780973794,42,4,0,2.5864789960000008,0.0,112,4,0,2.5923456580000006,0.0,143
5S4VrVA9hLn6FSiVcvos42R8wFkFeybRGrkAv4Kxpump,2xpKBkzBoAretBBsJYmhzouZR1WZuZFuT6jwoRSFz8Ed,425926473,1781245527,0,35,5,19.6,0.14285714285714285,88,47,5,19.6,0.10638297872340426,193
D2FHRKqnDWkFm6bbbfVKvZUX3KwVmY6RrL3fQ2hxpump,D9gQ6RhKEpnobPBUdWY5bPQt2p3zGk3iVz6ChpUi2ArA,425719211,1781163343,0,4,4,2.962962962,1.0,5,12,4,2.962962962,0.3333333333333333,28
ASPp7vbVFqDjvGvT6beh8NKt5Tmb7GtSshQbDSfpump,8bohhFZe2EBwh9nFCNYPgrt6U5NWT8Qd3c1v81F8nQo8,424549540,1780698075,0,12,11,0.0,0.9166666666666666,21,16,11,0.0,0.6875,230
7k6rcsaCLi9yeb4qJCoyFtvQPdQpuSLdvyefpMPzpump,4FEGV9upZPiRejpSu9FLgxuwcZLFY4HkizkN6EBQDAiU,425149764,1780937228,21,3,0,0.9938271599999999,0.0,42,3,0,1.487654319,0.0,90
5m6LdRNWhY4Uxh1aTrUXY3KWyDaA8i3KeSeLV9ZTpump,9m54utkL7MHr12nBfFMNuCGnrey2HngG9nA6NAyTBBVB,423688615,1780355284,28,3,0,0.245640448,0.0,27,4,0,0.558529332,0.0,73
FMhaNndpSCfB77TV4c95PrjPv9vKAzLspt9psjcypump,58L1QH5shJDqYzofhHpXWyoqKsy52e2sqM9TVzNN2i98,425028366,1780888899,0,6,3,1.777777776,0.5,15,6,3,1.777777776,0.5,17
9wC9rdpijBiPWk7FJypcB3EHU5skXdu2LFFASCu3pump,7moqFjvm2MwAiMtCZoqYoTAPzRBxxMRT2ddyHThQuWjr,425847535,1781214232,0,4,4,3.0,1.0,7,5,4,3.0,0.8,12
GaqU1tai74fo6JW2tN4MXgxxenS2Z7orC3Adx1irpump,N9SyhAXDckG4y2B911paJPpwS7cvxWSxcng53mebXGf,423607059,1780322901,0,3,3,2.962962962,1.0,4,5,3,2.962962962,0.6,11
HDhSqaDVKvQ1iFRWvpofpuVkn5o44Xv93sVE42uWpump,AhyDq9LGW8e6pCn2LEgqHRpFz7XYMoEd3FSs8E2wm6xt,425259797,1780981091,112,3,0,16.790123455,0.0,14,3,0,16.790123455,0.0,14
12bYjxKppiB2RpC16wTKVhcTV3BVXejx5z2TFAkSpump,6fxTy1jBiHeHCFGGfkoLgM2YonympsCcGKz2Qn1CnDzP,425828025,1781206495,8,3,2,9.000000001,0.6666666666666666,8,3,2,9.000000001,0.6666666666666666,9
CoZYmB23KVzfc954oCB6zkSDx9ZPZsLjGu8SvKUypump,HPRBXaMARD4wCijg3H9NDSH8JTVFwk3fe4PVes1Gemn8,423822457,1780408449,0,5,3,3.0,0.6,13,5,3,3.0,0.6,17
Fj7QHmHDZuhaNHWxsxkK4mLrppGAA4urfuRSWGUYpump,2wCe2YJQaxbZp3F9gd2b9qznbwnvPsUaJCBBGkppWYhv,424987453,1780872601,6,15,0,1.135802468,0.0,30,26,0,1.135802468,0.0,48
DY63MWr9MVDSzchupswbGS3EfUNiQedHmjv1WLEWpump,4FEGV9upZPiRejpSu9FLgxuwcZLFY4HkizkN6EBQDAiU,426160364,1781338462,86,3,0,1.882716047,0.0,134,4,0,2.870370367,0.0,191
AMNzSznFGHpCdFasrSLe6PxfGDcjtqWVFyP3h6vHpump,828FLpHsf1RgASb67peBT23T88Fppfyc37SZfAdBdsf2,424358180,1780621770,0,18,4,3.0,0.2222222222222222,31,60,4,3.0,0.06666666666666667,169
6jPrFhYScxbupd39SVuPmx7qdk3HPuh4YkW4YYxtpump,78N177fzNJpp8pG49xDv1efYcTMSzo9tPTKEA9mAVkh2,423623557,1780329468,0,19,8,5.0,0.42105263157894735,39,22,8,5.0,0.36363636363636365,43
4QirTryG5K8dCUHz7dcZ3BDPoVyCGryPxk62tqe2pump,Hu2qV3PaaJRprQHoekCmzy4uRu71g1AKr5r4Widux1Gd,425817645,1781202391,0,16,4,2.0,0.25,21,26,4,2.0,0.15384615384615385,72
z9rsShJ1J7o5XHeEAiw2U3kwfRX3FQKHiFNPykNpump,4FEGV9upZPiRejpSu9FLgxuwcZLFY4HkizkN6EBQDAiU,425768655,1781182966,6,3,0,1.000000001,0.0,19,4,0,3.2222222190000003,0.0,58
36mzq4iQZ8CDZZkzhwtngcLHpUJLzhXB6KRYDHYjpump,DH2j3uDVScXm8xTwxT2HdYfo2uryNqyNbhc85Fp3vACg,425556803,1781098940,0,18,3,3.0,0.16666666666666666,30,51,3,3.0,0.058823529411764705,179
ByQSFYTqqL2Fhcu2t2SA2T5haJr6UTM9wqsaRMNMpump,5SW7p56x22LKj8gYcE8DVVd1S59UJUGR9jKq2PFdKiKg,424604420,1780719950,0,41,9,1.975308641,0.21951219512195122,68,75,9,1.975308641,0.12,195
EWxzLvqTdjfd9da2a79GGNJFyVbRUA9BpodkTRospump,36A6mEN5rYJdVTb6fMqVvG6ez8g2mTYdr1omWcQ1kDKG,424239187,1780574334,0,4,3,2.962962962,0.75,9,8,3,2.962962962,0.375,21
Aeo3vWaSj2ahmojSW7PgQ8dQrqaccUtHr9oZuAYWpump,Hh3vhuF2Dm1hHnjiwy9MSLLqFhKeQAA7B1q5Rivinpdr,423675534,1780350096,0,18,2,6.0,0.1111111111111111,65,20,2,6.0,0.1,82
HdgM1y2httTxPVWMfZYoRABfAFyThHQonG2wZc8ppump,FaJxvj5rCHhm6PukLf4QnWrw31gQ9Z2hsuzacW8QyrQ5,424155686,1780541112,0,7,3,2.962962962,0.42857142857142855,9,13,3,2.962962962,0.23076923076923078,29
CAQ9Cv2myES9hYon5AHmyM6US5q7E3iYw3RGixvKpump,D3t4EYgbddecsQBUTmYWwVRQ62sNTQk9H8h3LGGH9nr,425174360,1780947019,28,3,0,0.123000001,0.0,37,6,0,0.123000001,0.0,90
HAQmhnf3sGNmMXztjgYhxd53NMuQbcJz6xhWJoffpump,95ZCf3jKMHeFYvPXVZW3Ek6AEPDyjebosqnc7eNioVMo,425572946,1781105340,0,21,5,2.5,0.23809523809523808,40,129,5,2.5,0.03875968992248062,366
DkE53iPo2ahqctL9vXpLZmGqkKZ2FbLTm3KdoVEepump,ACYQSHN4Mxm6HyzeyY3iWFdAfeLxjTYomT7HkLkYz66E,424530553,1780690514,25,3,0,0.300097777,0.0,46,3,0,0.300097777,0.0,60
HVCUTqzQMpJnQEKd5oEWkfszNieCqvfzEn8xNbaWpump,gb8iUXk6x5AzDYHo8n5VUhVxATQfPsQ3F8DFGUZH9he,424652097,1780738970,114,3,0,2.258791495,0.0,105,3,0,2.258791495,0.0,114
E9GW5RoqMargCuux617dMmb4b5kNw5yhpJLvQuPZpump,GykU3Wkx2hFexJUoshCTKQeroCmM2pBULwkZE1aBrwRA,425807436,1781198334,3,6,1,1.48148148,0.16666666666666666,13,6,1,1.48148148,0.16666666666666666,13
DMHvyx4EFi4UsqcoapWXUAzi3Z7b735vnAPdJyPUpump,7F9MvKFnZdaxwMDmmAHaqerwBjyHDdoQCdEkPHEhCNAX,426446437,1781452014,0,11,10,0.0,0.9090909090909091,17,13,10,0.0,0.7692307692307693,238
JCjA5nceXSS6wEVmVBvBG2jdEeBzDXZZ6yk8k1QKVSET,xcf4SjnasMYCcYRi1ZqPFeR8WPTiLCatA2hzAQErcxt,424279946,1780590576,10,12,0,0.009900989,0.0,18,26,0,0.009900989,0.0,42
7WPUcjEGMEHszXFNwNwG1Wdtva2aohbBpHLNufLtpump,3M6g9U4D3pkZvuvYNNcn7kVGEDrd4zn8EDXyxHaumhq1,423627732,1780331127,41,5,0,1.777777776,0.0,8,8,0,1.777777776,0.0,11
8vXGQ3LfSQtDci2DCC2m1h1hVx1zkoQMmRrtByvueucp,31SeVLpozV8SUMYjAKR97d4tPDm5rsx381ASxnUhChTA,425399135,1781036478,2,4,0,0.0,0.0,4,4,0,0.0,0.0,9
6tyL9rNtejfgToFHit4UbP8fXeaGFyPbVBRoFRjppump,DhSELHEnjs3rFyamjbfW5yxV1mm5kyDCJju2p7E3wgmy,426000705,1781275028,23,3,0,2.97530864,0.0,75,3,0,8.901234557,0.0,123
7c8QpY4C7pKsCkG6UPLehrXVcxMUV12EXPGAKXQ1pump,BnSJys7v985tCpKBa1vAD1Vy24JqJ6J9fAabUjfm8Tya,423646376,1780338509,0,5,5,1.975308641,1.0,9,5,5,1.975308641,1.0,12
EPtMu3iHTrzE5gina6d7775U1aUK2oBVkXyjq6copump,72ZEAQsX3WKX9HLJqGtS3y9mqcKh4YKn8S6wjrKXB1nD,424152415,1780539801,3,10,2,0.098765431,0.2,23,10,2,0.098765431,0.2,26
3Ubp56tTueTTQTg7ixeCUfEZ97pZ1qFM5wgikzjFpump,7yHrQQG9bLHDehxRDs8d3YSUBTzCkCpTZZnipURs57uu,423837328,1780414350,0,18,5,3.117283951,0.2777777777777778,43,39,5,3.117283951,0.1282051282051282,104
3GLwKTjY5MRU3MCgWe6dBHAF3kW3cgQukdSq8NTrpump,7naFFwuEJWeWwWYQUkgAWHsxYKg3KctEuUj42JdAMidP,426036635,1781289327,0,46,4,4.0,0.08695652173913043,120,117,4,4.0,0.03418803418803419,393
FtdHMVv1Mt766H1stvS2ifw56jwnEcf4RorJ7B3kpump,CScBTnmRDUpq2x2dqANUnDNQZHHVPE26dvZuQofmsrjY,425060359,1780901621,19,3,0,0.069753085,0.0,29,3,0,0.069753085,0.0,45
8Sw9MWDS8XiG8dNMRxeGhBeYHQxciPUcuqoNGiSnpump,pird3YUjCwtUHdsSQnKSPcfodVr1RcZh87LvuM7TPci,424872575,1780826864,0,5,3,3.0,0.6,10,14,3,3.0,0.21428571428571427,29
HXVLmFawGDmwhJcCaDqmhmorS2UfNZToT28Ygr2pump,D49uJ3QiKchMYEMyXV1N4U4caNQ3RZCgfCc2kZ3pN6fU,423516305,1780286860,0,17,6,5.0,0.35294117647058826,31,43,6,5.0,0.13953488372093023,103
D4rTf2JnbL77hTziGAdhSN7NBB4ZAF1hb91yFv6bpump,FJ63KKnnPsA8oDPr374UBNSbosNRmwYjg8CFHVDRNDK,424033789,1780492524,0,11,10,1.48148148,0.9090909090909091,17,25,10,1.48148148,0.4,37
21V2XeZAMUAirtKKJzCGdfVfuNmztYvE8cMFH8Phpump,DJEhHZFgeNepb2PkXZcPbUUeo4k2LgvK6pZ9d6Hww5CL,426486825,1781468061,10,3,0,0.098847777,0.0,53,4,0,0.19750554699999998,0.0,173
HG88RBndWbZreQJXpb1YWrdTEoUbgySeG7VaCBMhpump,BbJUniKydcGQ8kRM6cpZBMcLRUMVPuvVcSvpZ5yG4bj1,424681860,1780750841,0,15,3,2.8,0.2,26,35,3,2.8,0.08571428571428572,81
5xYSHhhrixjCo2yezTU6WboBB3tNnEfG5nFxw1bLpump,47iuNcLaBfRvG5mvxb7V1NhUqhjeTSNU47sN8jskVgDY,426098448,1781313880,0,14,9,2.0,0.6428571428571429,34,14,9,2.0,0.6428571428571429,38
4azvwo7RQ36on82hT12FwZZw5YktP8THeJABkCNKpump,AkXVqvgSUiY68nXLP2d4UrUUaNUmLYLL6XbMttLoc3yq,425752318,1781176481,118,3,0,2.962962961,0.0,5,3,0,2.962962961,0.0,5
GKnKFDq4Cx89KjepzUE7QxJU6okjkRazVfQwfxs2pump,Bcpf2EUfUoAbexXLDkpnUncJ8jVkzM4jaTedALrAVGas,424464416,1780664131,0,17,9,0.039500008,0.5294117647058824,53,53,9,0.039500008,0.16981132075471697,147
8F8Q3H5WyjUn48XTU3hKWDX8spiA7pMotqSHRahECK6D,timeworn2X1EwMLSzeVhdVTbVSzSCKuibKd2kQ2Lsyn,423970411,1780467319,4,6,0,2.937685459,0.0,15,8,0,2.937685459,0.0,23
CxCav6G3fAJPV8skoGtfZSpV394qnReUPqiXE1tFpump,4Ba9iu1scWNELgLjZnmi1r63VeU9VgCm1T7UkiNViMPi,425723163,1781164923,2,4,2,0.784000001,0.5,5,4,2,0.784000001,0.5,6
HKQcnBe5VPTuQhAxcG7j2tvZDjZnse5pwXZntbgFpump,3SUnsU4iE99PgscFeUSm2pXgGm5duEfyyg4yqiQj8VLx,425424908,1781046684,11,3,0,1.677994916,0.0,15,3,0,1.677994916,0.0,18
DRhfNbQcUvMKK7Vybf8XBBGxtUEfWWgABRbQvNsApump,3rzcG2WLdFA9ePqkELabQD9nGnFtAg751i5X5maYg746,425855313,1781217325,29,4,0,0.098765431,0.0,54,4,0,0.098765431,0.0,77
4oRHdStBCxb5BGaSqs6wf3r7hjRPYj9vpGgTy9yYpump,gkbkatwxoCKGnqR8kTszy18jh2qBLRd96vcjAyQHNnL,426217744,1781361203,18,4,0,0.098765431,0.0,41,6,0,0.098765431,0.0,98
HF93GXUHRKDtgFjijAP3KhFnGmmofrBHho27QtuSpump,76Fpb6jHhqjRU6voQm5mbPxtyV3kghmxugmUywTJZ7mn,425400969,1781037210,193,3,0,0.250000001,0.0,151,3,0,0.250000001,0.0,168
DdSvRB1MWbUvUQLw3z5PRft1QU8378zm1bWERAY1pump,J1jCmQSMZSeYYgXfkhucMdSJfo3R7sywSFGA62AsjmJA,424784029,1780791588,13,3,0,0.098765431,0.0,23,4,0,0.098765431,0.0,52
AgYLVbYALP5sBC212muWHbLwe1vjr8r7ioeUNf8Ppump,HtvE5wXQeZgSn2ow4QqYJrpL18YAc9Qvfjc3yApHyonv,426320059,1781401823,21,3,0,1.000000001,0.0,18,3,0,1.4938271600000002,0.0,34
21MrP27WFaURtWzzy129KQqrxGfi1vtJZqsVGqYZpump,8j4EJ6yDdcuvoDyLVhtgBRnBYWfFxDx2AS6C84mbtYQm,425800776,1781195696,18,4,0,0.246875,0.0,54,5,0,0.246875,0.0,116
2fE269UL2qJnGTQuVNcse3P5HSnESanHoz7aLUMppump,4RLhujYvbbV6T5VLnEvWzSFdKzwoVC6swX6MbLrw2Kxv,425132404,1780930323,15,4,0,8.882923451,0.0,52,4,0,8.882923451,0.0,62
7Ehh1G7pb6aErPtUxs4b4HqqKVWKUU2KYtngVQuZpump,Ev3NaAhv4kSiMwneyYuNDJyygofFnFLetcFhzkQtbSfK,426477270,1781464260,2,11,0,0.291601865,0.0,24,19,0,0.291601865,0.0,54
CdTaCuHRSvuEq2c3xProd78BswzbhGQ5R4kvKgPMpump,CXoUJHtBGnuNR6zJ3zm8nTnNzCwXxFViXh29d1kTJQmK,426455481,1781455606,0,10,3,2.0,0.3,27,59,3,2.0,0.05084745762711865,181
Gc5bhoEkG9PPBG57SXopCb8MVZhL8ZSrJQoknk31pump,C8rLpLSU7uoLvFjBeEYgR6Q4FGxJTTPMmdwsf7mEjFAL,423804615,1780401365,1,14,0,4.0,0.0,20,16,0,4.0,0.0,37
21DA3btEbJvo5uiU6vE8soJUwvA2WU8hYofQ18iSpump,5fU7fohyk2TNWNLq3cg5Wggc1aiNofk4WsvTPAoqCp4f,425223604,1780966650,5,3,0,0.33578703,0.0,23,4,0,0.355540114,0.0,72
AL7ftWPPXSa2upuBJRiTnuM3ujQYo4XrN3vi5gFZpump,AZgGS6uXW7LMskekNWsyRRoHVs8wdxmdURgfVnHkYtVP,425966694,1781261529,5,3,0,2.962962961,0.0,10,3,0,2.962962961,0.0,15
HezkKfhrdSvep5trdYByk3HK57iGiTcusLgiKKQypump,FRMsLEH6pV4xPyeJZvMX1cxdkLdFCNDDRqd6WmDtKFSD,425294513,1780994919,0,13,5,1.975308641,0.38461538461538464,20,35,5,1.975308641,0.14285714285714285,57
B1xa7a6sa4bMbce61Aj8Q9jw4sz7C4A2bEiqceXKpump,GB39wRHhG9GNTXH4zPkxtxM75BTMxgnoCTgJuJRJsZsC,426035664,1781288942,0,6,3,1.975308641,0.5,11,6,3,1.975308641,0.5,15
BuaYRbiAq1C6sZ7uBc4G4V2xpdM3TpzEcfMhSC7Bpump,4FEGV9upZPiRejpSu9FLgxuwcZLFY4HkizkN6EBQDAiU,425704319,1781157443,8,4,0,0.34876543200000004,0.0,25,5,0,1.5339506130000002,0.0,55
7YpALDxcwTaR3SxEZ9remEyK41RFT7rWYUk7zqm7pump,87FkWG9rW1BtwxNSF6ZML6bSVNRjSkZXpuTVowfH8XME,426209237,1781357831,3,4,2,0.98765432,0.5,6,7,2,0.98765432,0.2857142857142857,15
7WKsNfspfJVgMfdWKQvvA4Aew8vzaW2MDcZqM2JWpump,GEnjLEyUK46jyzBFWVEY7i7aATNu6oyznHHVbmzNaFww,424927640,1780848793,0,7,6,2.271604938,0.8571428571428571,17,7,6,2.271604938,0.8571428571428571,17
E2rVqGkw3X72G7diijP22FtkqrD6H4MJsuy7BmTzpump,EwNVgVLjVXbKfi1S1yh6T1MZr3SQ6QHPAoBtwi2cnqYE,424150169,1780538902,5,3,0,0.050000001,0.0,27,3,0,0.050000001,0.0,66
4uCQUT4mJsi5d5j1cHcmnUmb7wewHxmuXMShcxZEpump,DhSELHEnjs3rFyamjbfW5yxV1mm5kyDCJju2p7E3wgmy,424886546,1780832435,15,4,0,4.93780864,0.0,49,5,0,6.91311728,0.0,119
GoHV115whPf9zz9i4UjXWpSjrcrU5vXffDSNukuTpump,81RtriBv4zxoXem4FNLDgVXs5D8umK4VZrLXunteGMMG,426083827,1781308064,27,5,0,2.9717629550000004,0.0,116,9,0,3.2156207210000005,0.0,206
5cPQUeTxRAFJ1BFQVCtiB12a8rj787PTac1r8aiCpump,DqEfyE5xJZt7rvp6BeaAwq1qVTaLqawmnUrXh8jY3SE2,425134156,1780931024,0,15,9,3.0,0.6,33,85,9,3.0,0.10588235294117647,207
8B3f2XgMVajCjfgtwKXD5yDajpoQ654v49eZTqoTpump,8YSDGg5hVwhwgAzFPgyX2F3bFE8aPG7nJsThcTiFTL4D,424053077,1780500222,0,6,6,1.777777776,1.0,13,9,6,1.777777776,0.6666666666666666,35
C1mw32ReQxz6vVBA3ny2kVFA1sG6ZXDjnsNYbxzQpump,8gxNUi3uDnqPdpVciCAf8EDD6Bc1e5spQijXBzwGjRsW,425958033,1781258084,0,68,10,4.938271604,0.14705882352941177,114,131,10,4.938271604,0.07633587786259542,349
8fvsH85dWAGhYk8wrsLBJAbx6UmMH1fvdwie5FsSpump,5FqUo9aBjsp7QeeyN6Vi2ZmF2fjS4H5EU7wnAQwPy17z,425549843,1781096177,0,13,3,5.0,0.23076923076923078,38,19,3,5.0,0.15789473684210525,70
66jV6HvwLXWewDxmWCsmT7HHM7JmEE1pLL4PpcC8pump,FM1YCKED2KaqB8Uat8aB1nsffR1vezr7s6FAEieXJgke,423712170,1780364655,2,16,2,0.98765432,0.125,35,44,2,0.98765432,0.045454545454545456,202
HjDu8xChrQkF3yJXXFutREQBECoonop3yDH1r59wpump,AnYkCMkr1Ci2uGkStG3yecYHGizSJPtjAwqqhk54Kibm,426422761,1781442608,28,3,0,2.000000001,0.0,50,3,0,2.000000001,0.0,94
GfKi5T4Lh4yrCTr9vkNvNkZi3k2eoaxum4TYDQ16pump,9tqEh5W8iy9vfR8EYuYBcLHZVuSn8gGpAR2121Cg53F4,424800971,1780798341,4,3,0,1.491845705,0.0,24,3,0,1.491845705,0.0,24
6kuxiHSKq8x1ABvQQXbPYCYDVWoHQz2h5YFdtETjpump,9P6fwmLec4Qg4oajbUBDhL9T873jtz89mWu3M2wsVUm1,426028160,1781285960,0,3,3,0.280000001,1.0,8,3,3,0.280000001,1.0,9
EYmRTAxQExNJMY53KxQ9YD7tmTtqP9ebtQdSsgBPpump,B32QbbdDAyhvUQzjcaM5j6ZVKwjCxAwGH5Xgvb9SJqnC,425799298,1781195111,0,7,3,4.0,0.42857142857142855,10,17,3,4.0,0.17647058823529413,49
8CFCXaUcivt5ddbKw8VD5BKnDxEComUMS9Y4NhCBpump,9tqEh5W8iy9vfR8EYuYBcLHZVuSn8gGpAR2121Cg53F4,424823359,1780807266,9,3,0,2.451338268,0.0,25,4,0,2.9421827100000004,0.0,64
BdRzUMHAaHvUuubMhe7Qoz1Gip9Lhk24Po9tSvmEpump,AWTUXg89og3pauoPGYF7eyM3vW2jsMpp8FtdEq2VLbJR,425767284,1781182411,0,19,6,1.000000001,0.3157894736842105,31,26,6,1.000000001,0.23076923076923078,67
3eWKFBstLsH8GQ2etkDofretPSD5YQ4DEFQMkc98pump,nXAJDAWo1wakJa3bCYPgw6aVszGGezWDxQXwo5hpFfy,426448690,1781452910,41,3,2,0.735802468,0.6666666666666666,8,7,2,0.735802468,0.2857142857142857,15
1wMZQ12ZEdwbii6cDQc4Y5g1dm7aMKYQmtFGSo7pump,7KXQxtPo1W1iZHDZAPLgojxxPPpgR7G4CfMLV63CpP5H,425380043,1781028981,4,3,0,1.0,0.0,15,5,0,1.0,0.0,67
BTLP4HHR74P8vodrJUfQzbJTAXJqdvMGajRce3Uhpump,6cvtS7WxGXTmEfrxaESCiLw13icGmn8UdKXZHiYKdWEe,426485217,1781467422,0,33,3,5.72839506,0.09090909090909091,67,71,3,5.72839506,0.04225352112676056,184
HScvgJedbuqoQbh727vVKi2Hxxk5vsTmn41YTbMGpump,CULUwae4WS8RMDT9mfsAbtmZUaFgNQHPpbah2QHgb3XE,423915901,1780445626,0,3,3,0.98765432,1.0,8,3,3,0.98765432,1.0,11
F94Q2ip7VYCezHH4F5Lmi46hu9wSdg7UhMHoWx2fpump,3SUnsU4iE99PgscFeUSm2pXgGm5duEfyyg4yqiQj8VLx,424865712,1780824134,10,4,0,12.256790122,0.0,19,4,0,12.256790122,0.0,27
GSefD1YASUDE94FBXePioCHw3wZ9CQ2zSxbZiGJVpump,3iTuHEp24JupUmoUbJfi4zGGk3fGsn5rVRfJKAchBWff,423563177,1780305433,0,3,3,2.0,1.0,13,4,3,2.0,0.75,16
4uye9bb7yXwP9xLqgeTprUGa2bhWaVJ9YDencZobpump,4yBk3SRhWQuVmgKtX3JDkgcnfmq1y1BnY6dQJ8jN4p9m,424210303,1780562828,19,5,0,0.493827159,0.0,80,5,0,0.493827159,0.0,157
A4be2v4g4oLwH6e5fwY6wEGiWXcKRkDSJHHQmuHzpump,nse8KJ4XPtQLWRtq4e7YbokYn1zcBmqbm6mNySj57AK,426495469,1781471501,0,17,9,0.069125013,0.5294117647058824,32,42,9,0.118504178,0.21428571428571427,129
DsWjxVkzx27yefNXoeZJbNVWKSnq8SJY1q9Bhp3spump,3ekX3FqtR6yhohn3MGhnMQFX4R9mpeVAjNonbnzhgUNn,424913320,1780843090,4,4,0,0.050084894,0.0,14,5,0,0.050084894,0.0,35
9EJvhNXp4LqsAmtozyvUgzfWM8vKCJqyEfGjAyodpump,81RtriBv4zxoXem4FNLDgVXs5D8umK4VZrLXunteGMMG,425253111,1780978415,10,3,0,2.9649185160000004,0.0,40,3,0,2.9668740700000007,0.0,81
2bg5HaYjvmsWttca4SzVKcDNNDdGCiRstdyvefczP1CK,76n4Vhj6jeHTRHAXS5xztt3DzQLB42g9LXHPNQjCrSxM,425626981,1781126772,0,60,2,1.466666666,0.03333333333333333,108,103,2,1.466666666,0.019417475728155338,283
5Vj2EvD4W1WDLB6AynuWmxUujQ6pSD6ZRxKvwi4ppump,6qp8uh9J9bF6wXGo1H1bFttskcGHxoPpMryEKiWZFca9,423961909,1780463940,37,3,0,2.000312548,0.0,66,3,0,2.000312548,0.0,90
3ne6ZFa7Y4uq1traGmK7WPL5Y6juZhhAPSGnSeTYpump,9vQ6mjNkAk2st4aBWerVNep9ajfFpmki2uH9cWk1zBij,423978299,1780470449,2,3,1,0.98765432,0.3333333333333333,6,5,1,0.98765432,0.2,12
Do6sb3jaujBKqj42o2EeLA4dRigdV2oqV8pNgh2Apump,DkMeT5h6mZBdiuPRP52feR52eihifGexuR9atviRwdWa,426258879,1781377534,0,11,6,3.0,0.5454545454545454,20,19,6,3.0,0.3157894736842105,48
ECxKs7Fq4DcCJffGszqVb6efFYNYYFKytYunLvG4pump,XmV2WZivcApamCju2sapCgqaaXM3AB6C8zmj6Ymttdb,425388927,1781032461,0,10,4,1.323500246,0.4,22,24,4,1.323500246,0.16666666666666666,62
3KsrZkysy4K5LrmzT9wm2jqNJrUbAcmDMhvLx5yPpump,EQassPxM88E5FsnvXSommyZ2hvYeHo93qwzxvA1yxVQk,424927231,1780848630,24,3,2,0.300000001,0.6666666666666666,6,3,2,0.300000001,0.6666666666666666,6
45ufBh2wZCPsRf1vo7R94uTEKXcXPzBsKWoLbBKPpump,4FEGV9upZPiRejpSu9FLgxuwcZLFY4HkizkN6EBQDAiU,425081137,1780909895,64,3,0,1.334567897,0.0,111,6,0,1.4825787419999998,0.0,166
CR8B8ud2pKTZ73ovv8SpKvsJxcP1ZC6Qzf4ebc6Xpump,DhSELHEnjs3rFyamjbfW5yxV1mm5kyDCJju2p7E3wgmy,424308814,1780602086,32,3,0,9.913580242,0.0,77,4,0,11.395061721,0.0,142
uQr8qR4FoPp7aS3JcEJnJiWbm4G9ojxFsW9gD2vpump,4h1VLrZP4qaWRk5wP4Ah4DgeBhZf5uyW1MJcXNW4TYKD,426063673,1781300061,2,4,0,3.101234566,0.0,7,4,0,3.101234566,0.0,9
6ESZzRDAdVnbkSXVeHKTyG4KuyoRm3JyhvfeAoMFpump,3pSumX4uGFNWH87VWzknWxPoGdGVnZXCmK5oykwN2EaB,424006238,1780481553,0,8,5,0.098765432,0.625,10,15,5,0.098765432,0.3333333333333333,26
8KBChXb7GFLwP7mLxbATyD18zrriqK3wyubchKRbpump,5scjzbYCiBzJVeHKnExzxgGT9q64gZoi2FPgSpf8BWAA,424338469,1780613910,0,48,7,1.46627566,0.14583333333333334,83,101,7,1.46627566,0.06930693069306931,228
DqtRNbocAAxqRqpAwm1wSkRuxYuNZxsMCqQ6MGJwpump,BrV7N7u2NbJ29hxL98kv14fSgsbXJLTCeNGRcKBjRhPL,426396710,1781432252,0,6,3,3.0,0.5,14,6,3,3.0,0.5,14
9YzmMUZsLXnyx8bkajKqaM4gJWr1444VsEXPhU8hpump,Conx914UM6pTX5ieKqd1L8nH9AKMWfFoPfZHhTveAQMk,424864727,1780823741,0,15,8,5.0,0.5333333333333333,38,20,8,5.0,0.4,68
A52LSVjGwmi5rgcs26AAsrsPa7SAir69UepKmMkSpump,3htbX1hicqkXeWU5cb8UU2DfQHXk8M8FVR979MfwoFWF,425731179,1781168101,0,18,8,5.0,0.4444444444444444,27,22,8,5.0,0.36363636363636365,67
72uw6igz4t3umPywqQihyutP1UNRQ2yfojLdnZtXpump,DYH4Rk1HRU5Rj1kH3X1gm9sdAAg1U5joDw6B73FfwxVw,424007883,1780482210,1,3,1,0.100015626,0.3333333333333333,6,3,1,0.100015626,0.3333333333333333,7
AoqSJnwxHBgHo7EGkLTgPeyMrPvSxq7G1N8uN9kvpump,3pREQ5iw5SoaxR9aWzRpfEWFELW7hKePXzEnkkECzhYc,423848316,1780418719,0,6,4,0.100000018,0.6666666666666666,11,22,4,0.100000018,0.18181818181818182,36
4mnEQNoaC1Pko6r8CrEgSMzUyoPyjTcXU9MmZaUFpump,9zZu1w91ULX9ZZ8MhVjnnDKVNwv8QE7eWgyzvT65F5wb,426369477,1781421424,11,4,0,0.050000001,0.0,30,5,0,0.050000001,0.0,80
AjcgfLx3yjaNYnbRxTLV3VsCtXncsMZrpVbtyMv5pump,4FEGV9upZPiRejpSu9FLgxuwcZLFY4HkizkN6EBQDAiU,425650677,1781136182,8,4,0,3.975308642,0.0,33,6,0,7.9259259239999995,0.0,88
AVwCgHjFFyBpXF93L1fhqAJtc4yACYcpg6Mjy8Sppump,CobB8AWW6a4ewJJunbnCd6bbAaeScqs7taAqBzzfPzf3,425682111,1781148636,21,7,0,14.814814813,0.0,58,25,0,14.814814813,0.0,169
BtXhafJoHm327WdXJKiTZwsnmxndFxiBVBTqm5ktpump,GtpC1a4T6VnPpypHjCdQG4BoDzEKpPouv8E13wqDB3e,425969068,1781262476,55,5,1,5.925925924,0.2,11,5,1,5.925925924,0.2,14
FZnKTbvHZdJPxACsc7HkEzBSnJrk3nRu1kwaTJedpump,8ZjCi3wGTcYARQqepboUetf5WEH4PG8VaUj6KdSDUWBf,424846974,1780816667,0,5,5,1.8,1.0,13,6,5,1.8,0.8333333333333334,19
AepvX5VwwiG6wGzkUy627wBgiFUHF7vh9PGYE729pump,7sDjkkAHWq32QZxLDJErUhRN3beKttL73xopLT6PQyJu,426246705,1781372703,0,8,5,3.0,0.625,18,14,5,3.0,0.35714285714285715,42
G5YSR7AzusyNBTiFokx85brFiqRgCfZYH127LLV7pump,9tqEh5W8iy9vfR8EYuYBcLHZVuSn8gGpAR2121Cg53F4,424931013,1780850134,13,3,0,0.750018303,0.0,29,3,0,0.750018303,0.0,37
Hd6bDTxiHyhwtm49uonhbYRzmETgw4a6PeAddzFspump,3yct19th5Cjpu8wMzDWpYVF32ESzo4gtrtTwiuWNBKo8,424298737,1780598070,32,3,0,0.050000001,0.0,64,3,0,0.050000001,0.0,105
AmYaHmSYGLzBYdZMAwraUQ4JMEMkvnfU6VcxzEnUpump,G3cAXSfoNVJHjPXemm29NTHg3uCv3LCWkseGcj9Ao1an,425647240,1781134809,0,8,5,1.975308641,0.625,25,10,5,1.975308641,0.5,46
BxWagoAB3SGitTJcsraurECHfFw5Xxxgr1Y4QPxipump,4FEGV9upZPiRejpSu9FLgxuwcZLFY4HkizkN6EBQDAiU,425094824,1780915354,73,4,0,1.236419745,0.0,130,4,0,1.582098755,0.0,173
P4QfxnfJy2ySQisM7gfsBLUTPpwD3UkPxHypsBcpump,24Ng7EtEYMoktBAS9mG7LXq5uDChsNESsbQFuqKVqyAy,424821865,1780806669,42,3,0,0.148773244,0.0,61,3,0,0.24753867499999999,0.0,107
GebgbicgnnejWDBCqhmuxYw17gbEKSYuXQaDKEpHpump,uuxreNzWaHCxEpWgqbUoMfqcVDXXXsnj194b5LB26y1,424175962,1780549148,10,3,0,0.196543208,0.0,23,3,0,0.294320985,0.0,48
5X4zGhJUMtePTHXc5r35J6dQt7wKWNARy6LuDPkhpump,6pXoxnRW6L7jASUUfSzfbLYSkiTJ6neiqZAyNzq2NLLG,424411745,1780643124,53,3,0,1.53148148,0.0,180,3,0,1.53148148,0.0,301
D647vheYd9ATWCdfvs3GFDobbLxJnwbEpPUkbf7Zpump,25jZ7EwnKfZo2DZgHM27pbU5Tf54PYG8jc7qNL3gtkxG,424073916,1780508524,0,5,3,3.0,0.6,8,7,3,3.0,0.42857142857142855,18
HzWBdibTwjcfNMybk1axpG6jkFBseFfrpXHZd9GJpump,8HeDT75s5g4CtCimH5B5nySqCiQhtWii8UnZhxBtFo38,425922740,1781244046,0,10,6,3.3,0.6,18,15,6,3.3,0.4,45
9vYn7QEKc5geMrLiPMnnBSvTGMWe1GSQoSHf7QERpump,HZoCXmExxPHgrLxzcMUJXsyfCYRQFdkVWEUdupbyGsWC,426258233,1781377281,0,4,4,0.98765432,1.0,7,4,4,0.98765432,1.0,8
3oi6hwAvif7c5kqZcQtRnbHZ51aeFgCXWZ2Y2dfNpump,4FEGV9upZPiRejpSu9FLgxuwcZLFY4HkizkN6EBQDAiU,425296723,1780995796,34,3,0,0.150000001,0.0,25,3,0,0.150000001,0.0,41
GcMEdvoL7pxb5BFKL1wGNENpUDZ8PFxDGKzBrUN4pump,2bRoascfGCKkRnyZLmzJh7cKpiD45zyEzUmg9XPZzueC,423536802,1780294977,6,5,2,0.493827159,0.4,9,5,2,0.493827159,0.4,16
E8dyEFucRuSaBpkEobqUhTK7JiSgyfdiyq26HaBupump,5949hDDDHaxoXemTJmVHArL6avYXUxKY8Ad7Tz43GnCg,423577395,1780311090,0,3,3,3.0,1.0,13,5,3,3.0,0.6,18
4TSi2vGTbAzGB1Pvgd7VpDinVQvS8Gq9ArVR979Upump,7hSEdyyp2ZrFKeKbxv6NXMxMjLJyoVhWXSoDSy764okA,424336859,1780613267,0,3,1,0.493827159,0.3333333333333333,5,3,1,0.493827159,0.3333333333333333,11
7K3dNBMULiYx1qUU7bjaexRAi746foGSEeA91quopump,GbCX5C6SpQPnPHQxkGzVZaPYLHzQq4MBMB9UHQ3RA4bY,424263547,1780584047,0,3,3,0.562962961,1.0,8,3,3,0.562962961,1.0,10
3nckorxDLtH3kAjsvE49t2s2Umy4rd8drHUmTSP3pump,Ct5QeGdHMgUFQVGsd1wtHRTqfu8RG3pkLxqTkXYMDD5f,424758201,1780781274,0,6,5,0.0,0.8333333333333334,6,6,5,0.0,0.8333333333333334,214
BiCc6qRa5jJNoGpFTfhu3vsWfkuEhXX7k6t3j1yFpump,6D5wcaND46Kzg5cuRwf27zCsBkecetAbmgbQDZD6jNVZ,424755036,1780780014,26,3,0,0.158726865,0.0,22,3,0,0.353298004,0.0,37
31DCntq8khobMLS8WLd19Z8jC91pTTKo3WTBoVr7PMQo,bwamJzztZsepfkteWRChggmXuiiCQvpLqPietdNfSXa,424073984,1780508550,4,3,0,9.876543209,0.0,5,3,0,9.876543209,0.0,6
HJca8QZfJJL2KtTVgPVeeiAijfWohkNp3B2f4QW8pump,3LUfv2u5yzsDtUzPdsSJ7ygPBuqwfycMkjpNreRR2Yww,424427822,1780649532,5,4,0,16.294766965,0.0,26,6,0,19.085239844,0.0,61
AimJunwdKhZXgTzsjuLtzM58Z43uqTugk6rNbuCkpump,39P8ZtTWpRfTiAEBF5Nkvc4TP7nHAesn5vHp6WcbJ5C8,425863144,1781220428,37,3,0,0.250000001,0.0,70,3,0,0.39814814700000006,0.0,120
84uFCrMpaCeTHny5Xug6W2zuCxpiEAs9vcAc4RaGpump,CApEFwEkUef5mY79MjtY4kx9Nc9BrKULgdZVNNvLjxkv,423633197,1780333294,0,8,4,0.500000091,0.5,24,18,4,0.500000091,0.2222222222222222,48
CALLteWV44wXzXUPkUKvKKva9zUMx7txJPLFmwpkiNQe,nyRyWidB7EFGzSTyhmQdVedhzXL2ZnLjzR4geHjKf6E,424712650,1780763137,3,13,0,0.0,0.0,19,16,0,0.0,0.0,33
HbCavRF1gDUY3GjefAZEQNJwRf8sNoCMuQkJEPNqpump,8eRqKaZProoVrmhUtCPtUotP3XT2xq9Pj7697jjoHiQB,425755652,1781177799,32,3,0,2.4814814800000002,0.0,64,3,0,2.4814814800000002,0.0,117
AMZ2tTod4x3vNLS5Q8eA4nU6ewkJHvtxmn6iDiPMpump,HF2EGxkKXRhdR93ZN5fY925PpecZDwRfKwhag6mvFMLW,423773730,1780389096,0,38,12,2.962962962,0.3157894736842105,70,58,12,2.962962962,0.20689655172413793,164
zWynovwESvdFc7pA1Nxjknc4p8TmciAMbrvZkyypump,FCsgoKGSvNJMYBFzza5ngfg7jG9FWDnc8Dmr2mB34MHN,424470731,1780666652,45,3,0,0.176987651,0.0,52,5,0,0.176987651,0.0,84
J8LfiDsEG2orrCvNq6zqMBhscXSUG9UbmjJ9kCccpump,5TNiBhfFqYdXqJez4HER3egRokhJQCnnXMdXmday9nLM,423635470,1780334197,0,25,5,2.0,0.2,45,66,5,2.0,0.07575757575757576,213
7QpiDt12WkMyU8niRizYEYwKoz9yR2QHU6ZxZbx3pump,91DoKkU1oxGRmoStLgZsSbPEqQjPKWr4cTuYGXGJnV56,423590052,1780316124,5,5,2,0.98765432,0.4,8,5,2,0.98765432,0.4,9
5VQL7aJcjfWWHbmhW25AKxMZ8ErPETRR8uTnPeDDpump,9WLdnNoZjgS35A343cjtHrLmf7RyFbVbYRWH5jcsXVY5,424299924,1780598542,0,9,0,3.083247688,0.0,18,33,0,3.083247688,0.0,59
GHBTvS3Fv5h4iffP8GCnVXZcHjwhRtwXEewFfEMLpump,AqsW2qxwaKKntSVKQKYBiyBjjR6UURGkWXzECTvQk116,423535703,1780294537,0,9,3,2.0,0.3333333333333333,17,28,3,2.0,0.10714285714285714,89
Fyc2fmukseRMx5k2Pk4MXBpzzEbmaECBUHQDDh89pump,2McpFbHbw8vpRWWnYx9sn15YkxWL88gT7p9Sn5D4fqHz,423887097,1780434154,2,12,2,4.938271603,0.16666666666666666,26,18,2,4.938271603,0.1111111111111111,48
2tNaDKv4rkqWnGSwESJJmDXa7dGs85EqgV7ndBHXpump,AFVGP2HVbbozJUK7kvqwesga6PFQnBehJjd8RYM5PXR6,425825133,1781205350,68,3,0,20.444444443,0.0,31,3,0,20.444444443,0.0,82
E8BtcnJAbv9SUvHewovgimigQmUzWpmZq8StMzZLpump,Ec6fWkAYTH4ydwGEHgbZNzGGDcgATwk351sNh4uquKrr,423665996,1780346303,2,15,1,0.98765432,0.06666666666666667,33,21,1,0.98765432,0.047619047619047616,44
7mK1kHS7nJDpQtvVf5JrUL7sB5hjsva755jsXsEVpump,BJbVcVLHZ6o6GzAVdbAMyF62v6gfuifz8ZmHcjLEqGxN,425750599,1781175804,57,3,2,2.765432097,0.6666666666666666,9,5,2,2.765432097,0.4,11
7MVDxbxo6ENiFgPMEqV23CyqvCfFDCEaLRhQRQfRpump,DWHEZ8JnfGtud25Gjhn3MndpTMshNEd12WMu2ciCa7ri,424338509,1780613925,0,3,3,5.0,1.0,6,3,3,5.0,1.0,9
6XzuBDFPqgh8R5ru7XtfDqf9p644wpHe6dkpuTr7pump,JPu9eNgNZbzyAbLoo6JCvMinuh5FCsPfcxZbHEkWFBs,423789621,1780395399,24,4,2,0.742961801,0.5,8,4,2,0.742961801,0.5,9
DGfP9w9mEyieozWQ81KpUyJttTAh7A7zCsuxn9Gzpump,6pXoxnRW6L7jASUUfSzfbLYSkiTJ6neiqZAyNzq2NLLG,425152057,1780938145,29,3,0,0.74382716,0.0,41,4,0,0.74382716,0.0,78
A7g3WqWnhrh8LMahmhnW68WcYkAqxiKZKpisTA7upump,EXZ2Jiex693TLeKTJkaZ8L71JXnkvZLfAfrzCfmXbfCA,425163541,1780942716,16,3,0,0.7926238440000001,0.0,34,3,0,0.8913892750000001,0.0,46
6Z3kcG6z5jT9PTzz4q9yVTmAhWADgsJnCTjH3dFRpump,6pXoxnRW6L7jASUUfSzfbLYSkiTJ6neiqZAyNzq2NLLG,425456081,1781059024,20,4,0,0.54382716,0.0,49,4,0,0.54382716,0.0,61
4EQbcaJuRgVpPgdNFbLFYac77PXzskNAUKYd2C14pump,4FEGV9upZPiRejpSu9FLgxuwcZLFY4HkizkN6EBQDAiU,425067200,1780904347,34,4,0,2.3222222180000003,0.0,66,5,0,5.285185174,0.0,114
DThksS4X1V6PVtawVub4G9zLMi3Fh1MgPuDGoqM8pump,73cKPD4JSwWExruwFU5LWiHwdLPt72TTScDELiD8bqwn,424893803,1780835322,0,27,12,6.716049381,0.4444444444444444,58,58,12,6.716049381,0.20689655172413793,164
6NP4yckBPut7z2vqmAFxhfU193nEHFyEE5pUrcgppump,DZLr8cY5rTV36oHo38sYRQqewL2ExD3QFJUWjKBdJceo,426256730,1781376687,1,4,0,1.975308641,0.0,14,7,0,1.975308641,0.0,37
4K8rReJc55VoMky52mGAheoY35sTb84BNWVsknMapump,CwQXFg9isiHvoAD8PjFJTv4HdpLgtHtirXDuZEu5N4z2,426320288,1781401916,77,11,0,5.925925924,0.0,11,11,0,5.925925924,0.0,24
CzbMtvPDtD28S1d7yWtGPMkWX31ewozHvca8JXjJnJ7T,CuT1U5Niw7A2pDta7yputTQpFSpkUNcRApijaM3baiLB,424473029,1780667572,1,3,2,1.261599863,0.6666666666666666,7,3,2,1.261599863,0.6666666666666666,11
9v4Cd1Dnkke6GTiLjkzdWGNBjyAnedaKN1yggLSapump,6cL2YQ2FrPdhja8MWnPepkUi3WnjaLPjQhfwPPqJYtGF,424365602,1780624732,34,4,0,0.198148147,0.0,66,4,0,0.198148147,0.0,69
G5ostQfNiwDC7RyiTKmLF8wzF54QtSUBL8bKUNA3pump,AqMMp7a5QaRe22sxJJEgHrz1qf6sMjPx7BRXasLoGohU,426432225,1781446374,19,8,0,0.064067115,0.0,61,10,0,0.06797822299999999,0.0,147
GpwdmBKvwCzKG5vvUebG8HE8rbrGmH1FrJUwV2wbpump,4FtJ3k9HXjbopUaHgnZLkVoXqmVGShg2CzPo4VJerH9R,424315984,1780604956,0,17,6,1.55,0.35294117647058826,28,19,6,1.55,0.3157894736842105,36
AyoG3UT34ij1SvK1JT4cVso6pDvRCXqLuRa64ofqpump,8WMDUKKNGjQedsgWGqyMRwXxUS4NKNFJe22LPdKGZAG7,423677679,1780350945,3,16,0,0.410064072,0.0,24,32,0,0.410064072,0.0,82
7Pk14rpgjCFDtSMbN9RKAp6wZUJ2YHQdAaniPfPhpump,2V4kcduXkWZSaE2TbQcHUVQZYjUuZPskYoxX949qUqBy,425324819,1781006994,80,3,2,3.950617282,0.6666666666666666,11,3,2,3.950617282,0.6666666666666666,11
AqjfJ8fdPeiKns5xCVVV2EbJGyN1sbzswaq9WcQ3pump,9FR5MeR4nDu7nDp6ohxq8ampRFZQRmrHLWbjuF1Zb5PJ,424105292,1780521003,0,3,3,1.5,1.0,5,3,3,1.5,1.0,5
EvFEuLrqkZeAsooSZXwFn4bNK9oLQ41GeSDP1g56pump,B4tWmhfCBLvRYugPcu6bgP36DVweLc457pywc1a3QJju,424127127,1780529702,2,31,2,1.97530864,0.06451612903225806,52,63,2,1.97530864,0.031746031746031744,191
8pPDgCsM4A2KKDweRSEGMFFRXkuiqeSYVPkQJWCipump,whamNNP9tHoxLg92yHvJPdYhghEoCg1qYTsh5a2oLbx,423501013,1780280787,0,8,3,5.0,0.375,11,27,3,5.0,0.1111111111111111,48
EFzb6LXag5pZvkBYhT4n9LWGr5tD9upivcf9i8dGpump,5Mx3R1pT1p1JmtqE3KKUAE2LcR8mYEcRkrGeDTrbfKh7,424476133,1780668814,133,10,1,1.46627566,0.1,21,11,1,1.46627566,0.09090909090909091,28
78bVabkUgRGMRpfdMeQuK12Dmn4NfF78HXpRyZXDpump,EuAxzpN1NTFwQ9GEvCHKmXMTKp6zrfYSd8nrvpGWKdGn,426128223,1781325703,0,7,6,0.98765432,0.8571428571428571,16,7,6,0.98765432,0.8571428571428571,17
6KDh3wLSZMg37nnU7prtKZr7Rut7WQGSf33Vp1G7pump,8H7xk5u5g1gvt23kaevtkAoffKHNywsfnLpCMAQMZZ8u,426276490,1781384517,112,5,0,0.98765432,0.0,6,6,0,0.98765432,0.0,10
Afq2mBPCoX3cdFdjFfu7x3DkLJjBscmMKWWtQDoopump,Aajmzxp5fs7KeHhDLc2hTErvGdyadgUPYCSynwmEvqx8,424986031,1780872031,0,10,2,2.962962962,0.2,28,39,2,2.962962962,0.05128205128205128,78
k7N3qFFvTYZzsbJECx9k6LYVvxBGk6TocF8kzL9pump,A8KKC6n2hVrQV9tXkPFjNPSdiDUMnpJ1ecuMZY6ea3TQ,425800620,1781195634,3,47,0,0.009876542,0.0,84,66,0,0.009876542,0.0,146
38eYL1pbDFxYyesUS64yqsY6JXHqt4HdfC7CFD9gpump,5fzEddvGmXMsUY1LdeyfL8LfEcrLoW9UKJ59izLjTPEM,424817680,1780805010,2,34,0,3.950617282,0.0,51,40,0,3.950617282,0.0,94
GkTwSbm1Hcy1yT12VdXv9UYZF4uud26CRfYh5EvVpump,DYmsQudNqJyyDvq86XmzAvrU9T7xwfQEwh6gPQw9TPNF,426088712,1781310005,8,3,0,0.8859259239999999,0.0,25,5,0,1.179259257,0.0,98
89tYegEbCb6oDfxeRyKV6qgwLWmo2S9ur7Sw81zpump,64EbTZi3J8g7QtXSE2uPEcR2BfVuY9t4UJUSVQS5K8zP,424538980,1780693873,0,4,4,0.009876542,1.0,4,4,4,0.009876542,1.0,4
HT2RcD2ULja3cTESVFuRrvgw6Tf4uAh9k2YvQb3Spump,BAFoi5YJJpwYa51r1Nju76RqtSwQteo6drLeq1cbiYpn,424979565,1780869460,0,12,2,1.3,0.16666666666666666,26,18,2,1.3,0.1111111111111111,65
DXeerLQ1EDsz5rUpEAPStLTHYXQgAa9pJrd3XBAm7CE1,AV7PjXHL5JXZ1YoYRoN9Dsstg1x2UciBupMCXcJP8gUz,425308995,1781000678,1,9,1,6.0,0.1111111111111111,20,18,1,6.0,0.05555555555555555,52
H494WKXNbdM1sgkMCavhfWqRapnon5uWu9BFb6S7pump,4FEGV9upZPiRejpSu9FLgxuwcZLFY4HkizkN6EBQDAiU,425888051,1781230288,28,4,0,5.950617283,0.0,82,5,0,9.901234565,0.0,143
5yMtYmzHN3DwfdCgtw8hFQC33AzT76QBYs4q7wq9pump,ArowDUj9Cy7JrsBnt1ufy7uehYde8VDPTSfyPoxgZZBQ,423579727,1780312015,0,14,7,0.039500008,0.5,27,38,7,0.048825267000000006,0.18421052631578946,89
GRMp277NAMg8pa9PzaxKEeHwXAhQGg5oaqEBZ9x3pump,9tqEh5W8iy9vfR8EYuYBcLHZVuSn8gGpAR2121Cg53F4,424842773,1780814997,21,5,0,2.450360491,0.0,60,5,0,2.450360491,0.0,66
CLPAnV9cR1y7vye2ct66uu7fbB9acp6Ld5FUnjoGpump,F6XsAR4TxKbXLSy3J2Y6gajK19jUJ5kciHpv7Ny3tJ1R,423986057,1780473530,34,5,0,2.475,0.0,7,14,0,2.475,0.0,27
5HmP7aVUxdkwvxqZ9CzpgWSM3AhK1osQxYoh4BXhpump,Fpo53kBau9UxVS2AVGtrwPPzYyNdcu2pTc5ixHdM49iz,425318895,1781004632,23,3,0,1.037037032,0.0,29,3,0,1.037037032,0.0,32
DndQUuo3MVUn1KWDwW1DrvKqPdVeWvFvMeBSzZhypump,J3cMmPBR63ApbsAkxM5fqqJAUWrvUoWuJ1cNV7Mo2C9E,426118196,1781321727,1,6,1,9.86e-07,0.16666666666666666,8,6,1,9.86e-07,0.16666666666666666,10
RNpE75BGjNfZ6EwUhkDfiPaTxDaPWiGssfb1Wo9pump,6dFvWLoVHDfD8TSswbE4hkKajzDe7QXeqHXTzUNHTYKS,425608100,1781119288,2,8,1,0.661728394,0.125,12,17,1,0.661728394,0.058823529411764705,28
6j1osrFq7qK8kuEjnszXtc9zL2DJRsSNWwz8kG81zYG1,EndJzwh6H2GwrKsc5JQ1tJoKbQDA1TywFvwdMPwJELSQ,423948810,1780458726,0,14,5,3.960396039,0.35714285714285715,24,19,5,3.960396039,0.2631578947368421,69
HGhjg2wfBi1zqqbr44MuQMX3A28CzjSM65vQAFiVpump,GRWzS5zD1MwFj38z5NV2GGBrTHo4wsNywsx62bzBzqZa,426191494,1781350801,48,3,0,0.050084894,0.0,11,3,0,0.050084894,0.0,19
6wgnRTH5uqtRNaLdd2LTSn4ojYijbyAEUdJJsCx4pump,8zpBrNGRqUqJfAJwTENj68XrKNzVXh9HWC92zxZFF8Na,424930752,1780850029,28,3,0,0.98765432,0.0,25,3,0,0.98765432,0.0,47
8TkYZf7Sg9qmfcfrxXJpV3nRRPbwkKAomq7DZ1ERHHdv,BT9PhhxAYF8XUhHZUACDAgwLpe7PDCaLAEtF9J2wzNwd,425415499,1781042965,11,4,0,8.999999999,0.0,10,4,0,8.999999999,0.0,11
BmFJVy4wShyb5NdSpPMAMpUmkXNnMVNxT8r1ER96pump,EgPiw3XgS22yKuXowwxLhk4tgQLjLnTfWNnC3V3NXYtg,425958358,1781258216,0,11,3,3.3,0.2727272727272727,22,20,3,3.3,0.15,41
Ei7vnrRPvLSt6cawhhmtsKUEiaxLwjf1rHbQPQcbpump,AmGpgbng7s6aEcPEcirtTgBjwU6b9foqMbkqzoBfLj5L,425632812,1781129078,0,8,3,2.92028148,0.375,27,18,3,2.92028148,0.16666666666666666,74
HUQjCnQ3C9FJw82p2gnrKd9JqQwq3LZ4CEyizhUipump,8HZA4gf2mSgn6f7FA1nnJ2pCJhdnkdEw5y7W7kr7449P,426078455,1781305923,0,7,5,1.975308641,0.7142857142857143,13,36,5,1.975308641,0.1388888888888889,67
DAooj4y7dTRtzrKEqESxVxei3mZgyaRY6yVWP9VNpump,9tqEh5W8iy9vfR8EYuYBcLHZVuSn8gGpAR2121Cg53F4,424944616,1780855539,6,3,0,1.4774715980000002,0.0,27,3,0,1.4774715980000002,0.0,29
3aWPVKx8NnGTsvowhPHj4qoYBDH2bXWY99NiyEMApump,6qp8uh9J9bF6wXGo1H1bFttskcGHxoPpMryEKiWZFca9,425744974,1781173578,12,3,0,1.700000001,0.0,24,3,0,1.700000001,0.0,26
94tSrJ45Z2atCMgWKNsMTGiccYynpR2aEQ7YKcqHpump,D6bTtoSgLknJ9KrgDFUtB5WpqomrNEjBJipVVRoFh2DC,426029753,1781286591,6,3,2,5.0,0.6666666666666666,9,3,2,5.0,0.6666666666666666,10
44dUZXbkSQ1gWtSxDZJDwUJMETSRgF7QvEJEL2Jtpump,3KYxxaq9V6A6dSdbqhmMzfYySQq8mTdhgqPA5ESYE2Gn,424311782,1780603278,3,3,0,0.850000001,0.0,21,3,0,0.850000001,0.0,60
DRatwNDQE6Xx4y5SVSkU7HU6Rm66MCDMGzNR2Hnwpump,EAHDhSn7tyCa8Xb9b7YgAfd9ALuQSuzdkxtPhdtCJaoj,426248686,1781373488,0,6,4,1.876543208,0.6666666666666666,12,7,4,1.876543208,0.5714285714285714,13
5wzxqhpfuiVXTX817tt6ULLSUMf3bQzq4TRfTEyMpump,8NJ7Ujpji8uMF2675mqaTSEm2DCbfJA7fiRKtiaqkaLN,425286354,1780991654,2,25,1,2.962962962,0.04,40,46,1,2.962962962,0.021739130434782608,145
uWyPVaDw8uoCmsTfmgBnp1M5eosvwF37UYtqktQpump,6nU2L7MQVUWjtdKHVpuZA9aind73nd3rXC4YFo8KQCy4,425599670,1781115953,61,3,0,21.72839506,0.0,103,4,0,21.72839506,0.0,142
9enx1QYuU36xMuBrJhnwbL275fEqiVW4k6TYY2RVpump,9yDNNGy8qyvfCxiAWaYdQ71TKw9Et2UgwNYtGjmwEFWg,426468797,1781460886,9,3,1,1.97530864,0.3333333333333333,7,7,1,1.97530864,0.14285714285714285,15
ARDessXHeQ9iNZhoVY1S1u5P2QT4qWBu82gbkUAFpump,8inTY66csRNgKNtGhqGhd4odAV2VeJBDcRVuF7UE3Eeh,425844970,1781213218,0,7,3,2.0,0.42857142857142855,10,10,3,2.0,0.3,28
CCxJGFUPnrqDcHZRXPuu4QtoqpZmCt4dQebPSR54pump,FHp46hKDxqTyziRWxAbnmg3nmaZe7yvrNuJYTGw3XRjz,424433876,1780651955,0,4,4,0.0,1.0,8,4,4,0.0,1.0,37
84odF1LoGHDTSh3wfNkWdQoguGideEvEYZVE8fQfpump,AFVGP2HVbbozJUK7kvqwesga6PFQnBehJjd8RYM5PXR6,425487092,1781071291,5,4,0,0.493827159,0.0,26,7,0,0.493827159,0.0,99
7dNQpy9DPrYW34SSPUFUskN8KuWKEe2nECAeidswpump,HTeBwMQTPfwyAfcLnHW4nP161uyDaZSXSsC5RMwgtH3W,424718320,1780765389,0,5,3,0.493827159,0.6,9,5,3,0.493827159,0.6,12
YXcY4EgP3FWMtL7CmnWyALtJy1VeSDE5XsZZFhUpump,3LUfv2u5yzsDtUzPdsSJ7ygPBuqwfycMkjpNreRR2Yww,425591435,1781112684,4,4,0,25.272697717999996,0.0,32,4,0,27.434394735,0.0,76
F4Qy5T2k95keGcutQC99kSqAM4JasAJvidd9VC7dpump,3kqAS86kveHSf3S5V8cP9RUotVYe95dHG9zeWjYjHumZ,425867230,1781222041,0,4,3,1.0,0.75,9,4,3,1.0,0.75,10
CXPhfaAj8e1xoaurW4uKH4n6ddY6TFcdxPmsJqXnpump,FM1YCKED2KaqB8Uat8aB1nsffR1vezr7s6FAEieXJgke,424973804,1780867170,0,40,3,1.0,0.075,71,115,3,1.0,0.02608695652173913,355
4FKYaSdrchKJphDn1wC3qE55aZsXzZo1ZTPMyDAkpump,5GjiEkaNFhhoW5xKaGKQPhorHZUvJJAWYUCMJ3E4p7zh,424735600,1780772265,6,3,0,19.753086418,0.0,11,4,0,19.753086418,0.0,25
FXWoE9va8mmypdJpnbfY7QkiJK4BwVzMXpY1zJxRZnh3,bwamJzztZsepfkteWRChggmXuiiCQvpLqPietdNfSXa,426238130,1781369300,24,3,0,4.938271604,0.0,10,3,0,4.938271604,0.0,10
7wrQjR85JnviZQeP5H8h2FL7gHuprSwu5CGDgjMxpump,9wLFj1DLkmJWtZb6SoQGQAAsxXqL1puGTAkGBhFvCMhq,424093100,1780516151,0,4,4,1.975308641,1.0,5,4,4,1.975308641,1.0,9
71WhNbEcmsGdUL6CWcp7rUC5oQPh1GcVvKwadjrQpump,9RrKUhRpbPDNxR7x88ZsCgdtqPHUfwYPjj4JdpV4FBj9,425856763,1781217905,14,4,0,0.493827159,0.0,44,4,0,0.493827159,0.0,49
2sUndEV1A2HH4iCWiJMQZeyQEEXzBarG1HnpaWGKpump,7eStM4BgV5e3AvE1DXHwvGh5M9PoRvExNAYS98LjeSym,424726068,1780768473,3,5,2,5.0,0.4,7,6,2,5.0,0.3333333333333333,14
CRmWu1UANRVQmETT4ouwQzWYHueM1KLHqovujUBKpump,BESef2cZ1WLMDDg75Cy7G7vmLD8MFw7u3SDgs1jMWR5m,423878806,1780430856,15,4,0,0.050084894,0.0,35,5,0,0.050084894,0.0,90
FtMUAadEk4uXMz4y4BAiw7Y9JRAPDkj7Go3wXSQrpump,JDQKDrc1TQgBRvdFh56tkta5sYcDj1SoP52Eiu64rSrT,424959305,1780861393,0,14,10,4.0,0.7142857142857143,34,51,10,4.0,0.19607843137254902,121
hMZnN3vvdWHiWbBsGaqVVRSxrXAPPXUr7VH8QB1pump,Ew2CrAtGNs7SofK4DWj8tRPHfVHBw6Pkmpq86V1K7nTm,424070659,1780507226,11,5,0,3.918478131,0.0,13,8,0,3.918478131,0.0,20
CeMoTq56ZLo8bkRS9MNooNLxFVDJvXe9vkvigpgjpump,6cL2YQ2FrPdhja8MWnPepkUi3WnjaLPjQhfwPPqJYtGF,426055595,1781296861,13,3,0,0.44567900800000004,0.0,35,3,0,0.44567900800000004,0.0,38
88t8KZbuVCFT5pjyrWxeRGZfTJnMUwFhmhzF2HNXpump,BQpwK4ZWKiBYXmCpu5FCHF16kzQe2tujFkuP1XxBtX5d,425112733,1780922489,36,5,0,8.888888887,0.0,10,12,0,8.888888887,0.0,21
AyxCJsUYgevj87SsJpKR9x5Yq5WLHQvCRxwyavKDpump,CM4hjXmLpxRLADaaeykqdNTP3odd29XmsA2ppAojLNgn,423889353,1780435050,0,26,6,0.4,0.23076923076923078,46,76,6,0.4,0.07894736842105263,190
BCwuSizoLgCbZ5TwfBiNPL6Wh9HXmdbvHXyWgJn6pump,Aqje5DsN4u2PHmQxGF9PKfpsDGwQRCBhWeLKHCFhSMXk,423561283,1780304682,0,5,4,2.469135801,0.8,13,6,4,2.469135801,0.6666666666666666,22
23bWmG6Jfdzb2v8YKo54ESmHj29vSbkeBDXCYiBRpump,8xxWuMPjDAoyKRCX5KXkaRT87SzYTnjiH4XZ481b4e6M,423579905,1780312085,21,3,0,0.98765432,0.0,21,3,0,0.98765432,0.0,32
4hKvLYhXLYXxcCUdq6eXi5YsEvV8bbDxiz3SrBMcpump,6PvpSQws57yrJPdFtx67zThFa3CYggLfTT1aRgAQKUqJ,424089539,1780514738,30,5,1,1.086419752,0.2,12,7,1,1.086419752,0.14285714285714285,17
4eWMqYbTnAFk8uUf6K5DBmqxV5bbyWN3jz4meoYhpump,6DxxNHDmNRuNqRmY9KsN9s5YYjKQZbFQmAGjD3YWNFmd,425603600,1781117511,0,16,5,1.777777776,0.3125,52,47,5,1.777777776,0.10638297872340426,158
6a2NQoBCqzydMt13MixTRd93p3nbpLET1mUDJrPjpump,5JzRjmLSy5YR4ReFRpCK9k3WuToUpc7vkBhWPyy89kQ4,424505533,1780680557,0,55,6,4.938271603,0.10909090909090909,84,55,6,4.938271603,0.10909090909090909,84
Q7EgzMgxpopMey1JNTXpegBXnQyAuWrGLzXdbT9pump,AnYkCMkr1Ci2uGkStG3yecYHGizSJPtjAwqqhk54Kibm,426320879,1781402154,4,3,0,2.000000001,0.0,15,7,0,2.000000001,0.0,94
AHEeNMzA1S75XtBgMKPm2LdCCJkDHU1wzRJepdAgpump,FciWQ5qfCFcdtqRUh9kvzbWr1WfuXAJgzh6FrmRxxVLz,426286250,1781388401,1,12,2,5.0,0.16666666666666666,20,16,2,5.0,0.125,38
4CneEEm2QbuXeemXzpDaTctydnX7fqWRHj8WeGfdpump,8Wtfos2QzD5nZf98ofpgZkmcoT99ScMdkvrDqJXiSVco,424319665,1780606420,1,3,1,1.011560694,0.3333333333333333,6,3,1,1.011560694,0.3333333333333333,6
hYfm7JwKcpEfdh41c2bwHT5AsJF8At3rPuvu8avpump,5NyRFT2HG4MMq1LHQmMDYhN5wJbKdEWgWtiYtwUScXLR,426203987,1781355748,0,7,5,0.657777776,0.7142857142857143,14,7,5,0.657777776,0.7142857142857143,16
Bcmfp5ogcqKEKDw8creERxZZ4wsdvndYsjzmLCFnpump,F14JUmmbQEu7F6Thb8wfVH53RRBEPL4QowcyQw7yYFHb,425353535,1781018430,49,3,0,0.098765431,0.0,12,3,0,0.098765431,0.0,29
F7kUtRtJEXSGrCt3u7gfC3cHHYQsXoVxtjcdau72pump,FTTGwytZTPoXrfw9SVcEmk6pL31S1cGdzA1bnCzFekY7,424693191,1780755369,31,3,0,0.050000001,0.0,32,3,0,0.050000001,0.0,38
HLVMz7KG8ensjAXtxS7bQv7s4swDk9Z3tGRvSXhJpump,DKfDdLy9JYA2gpoSmxzPmmT57FmTe6uzTmpEk6hyjPhR,424685337,1780752235,0,11,3,9.876543208,0.2727272727272727,31,18,3,9.876543208,0.16666666666666666,51
3XmfNdwuUuahZTaWSpivEF35FaXFLoUiuz9kaRxspump,EiPv1W3dT49XTkwDBvYD5MfU643MUA7gSSrXnBSHL9Fz,425090946,1780913801,5,4,1,2.722222222,0.25,10,7,1,3.699999999,0.14285714285714285,18
FCyxzUW9uBjcMNuXwa1Lfam7apxkBBR4mFtomF2Qpump,Eg4ffzizTCZMx27UTs9aKvHrsiF9RNGak2b3SMbtQKxL,424911894,1780842522,1,22,0,0.98765432,0.0,32,37,0,0.98765432,0.0,92
9vseoXNyn2qMB71cbPoJFMYumvJw62uebx25rEU5pump,3LUfv2u5yzsDtUzPdsSJ7ygPBuqwfycMkjpNreRR2Yww,424429045,1780650022,5,4,0,10.525488458,0.0,19,6,0,11.42668476,0.0,60
96LQ4Hd5cdw5e78C7duBVBjER7SoNxLtEsGMK8ZHpump,5fSpWnULo7dMyH4NYNbQth9ZLJjueh7yLAXkjFZxM7E8,424107358,1780521831,18,3,0,0.500000001,0.0,23,3,0,0.500000001,0.0,24
9pTA7xAXX1hFEAZDu4ueU7H7UCCu2ixr9kB5MAwMpump,BJn1fkKjGbP9vBy5sYqMCRXWv5vLM4U9njfUWizBnxy3,425161876,1780942048,0,17,5,1.97530864,0.29411764705882354,37,74,5,1.97530864,0.06756756756756757,167
HZVDybgSgUW8ZfVC4cjvn8yRZWfZrhw1PmRfPYTjpump,9vRx9jhvfwcA5gZLPCVzcCGUJdzbdfQ9gxykg8ur2NNJ,426242123,1781370887,34,4,0,2.96296296,0.0,58,4,0,2.96296296,0.0,72
Abtvo94xZzuwMRnBhH3UmNkKyuAhC2396Dvvjpc5jnRx,timeworn2X1EwMLSzeVhdVTbVSzSCKuibKd2kQ2Lsyn,423505624,1780282620,7,19,0,2.937685459,0.0,31,87,0,2.937685459,0.0,237
EnmLqWGiZN911pZV6dSvUPtZzDYpMRaKqAAPwQB8pump,8ZHHp6pd66BbnMVBP5DNf2vzZC9ioq18hu1FdfzAHKn1,425379864,1781028910,11,4,2,4.0,0.5,11,4,2,4.0,0.5,11
FjP6mG6WDwkg4XaNnwTVKbqTQns82AemYJcGmiEgQKRw,bwamJzztZsepfkteWRChggmXuiiCQvpLqPietdNfSXa,425840220,1781211324,2,4,1,9.876543209,0.25,9,7,1,9.876543209,0.14285714285714285,16
Dibvz5yASqqpWqQMkd1AVWneP9crPVsp6kCUSWytpump,2kBjuFR4FZetBw7vVwNsyDvHaLBiF2GZBvbjMho3YDJe,425724629,1781165506,0,21,3,1.46627566,0.14285714285714285,34,50,3,1.46627566,0.06,108
g8VX77ggMxE7nQ9xG288ZvRYMK7RAzgj9z29Aqipump,BQgx5U4ggeqb2dsSMcvk5qEZAVBTh3LzMp8QbXJd2Rhx,424675444,1780748278,9,6,2,1.5,0.3333333333333333,10,9,2,1.5,0.2222222222222222,21
29JFVrJtCBAdp9GZAd4Uynb7VZP8624AvCPJ6sRZu8EP,HZNYvFvcGXu2SWu2zqsjRKQWjfCDXtg4RWJrgpnVVegF,423956955,1780461962,0,3,3,0.0,1.0,4,3,3,0.0,1.0,4
Go3CrdYkpzbjQ71WCdZCrYawqqEgPoVENDkbeui1pump,Dospvf51MegFRz3nAeQm5PTshJuJCRCqDLrKv3wU5YSU,426052483,1781295620,0,11,5,1.97530864,0.45454545454545453,13,59,5,1.97530864,0.0847457627118644,127
EfvvSJBxe3P595yBeEKAfBq5gxVUFUYHd3SLr17spump,7SKJAkT3yEwjK16BqoxpicX97vLCJcUX2kQundVAWhku,424086864,1780513677,0,16,5,5.000000001,0.3125,32,60,5,5.000000001,0.08333333333333333,176
6UbrGRZnWEBYMEDuJrCySDeNdfAd32RDpCEpXtpUpump,5Ha1nNzEX92KnjEhSSS4wAWvZH8iCEa1BfCNRYLPXR3G,426218450,1781361485,7,3,0,0.050084894,0.0,24,3,0,0.059862671,0.0,63
FAqiRN8woTGo9gs6PbYMye9x4gZEDeSGUdpf3MZdpump,9m54utkL7MHr12nBfFMNuCGnrey2HngG9nA6NAyTBBVB,423697973,1780359004,12,4,0,5.481975303,0.0,45,5,0,9.774419742,0.0,103
478r6sof4XtgMdLRLmoLxekthcxd2Hc5VPeZLeD4pump,39UyYUL6qB1e4qQZZnpjK3RBt3nUGxZVLUXVJfQ3fSAQ,425635592,1781130178,8,3,0,1.000000001,0.0,19,3,0,1.4938271600000002,0.0,36
He4N4FWBqLPEq1pE4j2CMdMPfgZXXPVYEtRgRoqXpump,3devgFVmruGQzaw3RMpmfyvmKqYM7BJXk7qFrKfncA5b,424494475,1780676130,0,9,5,2.0,0.5555555555555556,12,23,5,2.0,0.21739130434782608,73
2bqW58sVYxsDjp4kcfdLhVtyx7mkJFgdrFRbvMKipump,7RA1XadQoPgfXNYRgTD9qmmvp9NkekoHee9cHg2ijTUz,424394514,1780636260,0,6,3,0.217929667,0.5,12,12,3,0.217929667,0.25,31
4yrH9LxZHcWxYxUh6CF1bsv61HvfLbq6Znjbj5RLpump,E7XoxKnPeBb9kKowKhJKtSge9sidCM5fXFJWxu3aSzcK,424986180,1780872091,16,4,0,0.200000001,0.0,26,4,0,0.200000001,0.0,37
4ug5qMupyLGfRg9gCkjmus264CiYZABKrfFkrPwpump,GCyL243LRQAmV4wnxYYvy4h5rA4w6H3McWkv5aPLmV4r,425785283,1781189556,0,7,4,2.962962962,0.5714285714285714,19,7,4,2.962962962,0.5714285714285714,20
3EntWWhRF7WphjTQcnwyKMgbWD3t3rfwdaDrmXXmpump,3LUfv2u5yzsDtUzPdsSJ7ygPBuqwfycMkjpNreRR2Yww,425590129,1781112169,4,4,0,15.558758345,0.0,28,4,0,17.022890175,0.0,114
EujEtWzkzJPA4ofHeBk1rwmoTDTnEzDag5sbhjHFpump,BjeUTZgJfTrcb8aGHEJ9uNRhf4BP9W85UfwtvL2RAsTy,424354073,1780620132,9,3,2,0.98765432,0.6666666666666666,8,3,2,0.98765432,0.6666666666666666,9
8cFRuER14tPVVQbwKZsYPjVyMSvnHcbh8iDGzqfxpump,45kDsTB2hvH5Yhn72DKUkxMcjCvr9e4WxVVMLMrEjaDp,424161957,1780543599,21,3,0,0.050084894,0.0,17,3,0,0.050084894,0.0,32
ErmBgVLAa6UaRqUf4qgyMzN7meyihugvcUV1thTQpump,6RhRZDQBrhdBVJiWn4oqEzK8hexpjjsmayGDYsxBypxW,426105927,1781316847,39,3,0,0.099390528,0.0,93,3,0,0.148773243,0.0,119
BFQhY2LeLQM4uo9J7KKkXEYpLPSz1QeZERtLYhoApump,DhSELHEnjs3rFyamjbfW5yxV1mm5kyDCJju2p7E3wgmy,425557672,1781099285,28,3,0,1.2407407400000001,0.0,153,4,0,1.5370370340000001,0.0,210
WM5ASFscs1soKXUgJyzbkh87k7ZRoZkFRz7SnKCpump,5F5htLBVTKjkuGvBtgVaf8XeSekPP8LaNbm2vHBZtxhp,424875721,1780828111,46,3,2,1.2345679,0.6666666666666666,3,4,2,1.2345679,0.5,4
G66aGhVWft1SspcmsT7HCPWeTsTNUu5QEFXfBpBtpump,GPUWKm47Yt1cpzepVwLSh48aZgvwqmRRivP2RUBeLXv6,423603002,1780321278,0,8,4,1.97530864,0.5,16,28,4,1.97530864,0.14285714285714285,63
7ebw7zaLzJEtNio6FZAMXkx2sorEvh5dvnyPZC383brL,93GVjpbTjC39FLsvJAwmHgW6pnqj5Qgbh6e4SGBMJLSa,426277481,1781384913,29,3,0,3.314693968,0.0,60,3,0,3.314693968,0.0,84
5qxgZTfNVHt1Y2SCcx4VMAs4VuPzF7HBXbhQvjXCpump,D9537awLRfGjLqqmjwHpGt4rJd5ytPGm1swcUrgGjETJ,425629569,1781127795,0,6,1,3.0,0.16666666666666666,11,17,1,3.0,0.058823529411764705,46
E4NnCr7GTjwTG3JVT8yJZQxte4Uoom8sY81bDL4Fpump,whamNNP9tHoxLg92yHvJPdYhghEoCg1qYTsh5a2oLbx,423874373,1780429082,0,3,3,5.0,1.0,5,3,3,5.0,1.0,11
FwFMNYtRQxR84D9ijBircaqZbEEWhU3vn8NatK5zpump,4UKLdTBiz6pGRccq9CGw9n53UwmAdd4UX1sJKeUohSiP,426108379,1781317824,2,3,0,1.987654321,0.0,17,3,0,2.3827160469999997,0.0,61
5cr9owxMihh1P9sZHQgbmDe8uxpfwLZJrUMs29AXpump,aSWCaHZajgo2F5UVdzngMUimCPxiR7WrZ2nP71QtE39,425325162,1781007130,11,3,0,1.100000001,0.0,39,3,0,1.100000001,0.0,62
9SLACkDdp2GDceDmXvmY8WkjTY5u3YZ4zQyBcZcYpump,5eMgprFxCcF8pEo2Vp3yJzHTzjDbduQxJhx8ridH5Ahg,426349499,1781413508,26,9,1,14.814814813,0.1111111111111111,39,17,1,14.814814813,0.058823529411764705,64
68mhAG1han5xf5hiB4UbfZvbHNR1iebG9JcpatKnpump,7MJPupSiGJjMGWbx6HWhK2eDXdY2LtC1PK7nRnZQgi7Y,424601500,1780718790,0,40,10,3.950617282,0.25,71,61,10,3.950617282,0.16393442622950818,129
2iSecW7SpLeh49BQmH1XMdiGNhsSqgEoB4GPSBuGpump,FFdBLYqL9rs5fUT38ArE8GV2L3BziEgG5LJUu6sshfkF,424472312,1780667285,0,4,3,3.7,0.75,7,4,3,3.7,0.75,13
XPUzHiGTQ1io871gbDQdybWRwfuuKMpD4onenropump,AD8ztU2tCaUo36Q5pWHUr5MHfWLuKEAGbBnJxtE11QMM,426372309,1781422545,0,6,4,0.049382715,0.6666666666666666,9,6,4,0.049382715,0.6666666666666666,11
2dBm7mH5rYWXX5xMUuewXUdPncfBkAVjopJbhEMnpump,4k6c1mWvZbPmR93wmdiPdUX5iBQaNzbEyhvrGwsX6DLz,426095083,1781312537,0,22,3,4.740740739,0.13636363636363635,47,29,3,4.740740739,0.10344827586206896,79
F35nXyxvYmtmqYp2KoMGpBKXgRUKPSksko5XQPpapump,42uEAtYUtzku9WtXr4z3GBRbW2YpLVkB1jShbT8mGzUo,426163203,1781339584,5,16,2,2.5,0.125,37,29,2,2.5,0.06896551724137931,94
C896Qo9nhabHfKGh1oXxjdCq8qpzZTz8dDBTcv2upump,FsF6Bm3dNnQ6ufcidcGxAY98zz1Yio6MDqxvnLifeA35,424245649,1780576920,0,15,5,0.100000018,0.3333333333333333,33,20,5,0.100000018,0.25,57
6qohpXEb4Bx6Z3DEsmqv6FW45iQtUd1XPDJGwq6ppump,8sc8PMAPQhHSD6LQ62wnyEZerQ4jucUomznxM3yz2FTs,424861373,1780822395,19,6,0,0.197530863,0.0,41,9,0,0.197530863,0.0,87
9eZg1pqQAoe5mzRpMZ4QAnZgGXMqhRxJ5LA2VToSpump,DnGf8gDvm46NR5CGUWve846GnV6FewjKo7MBUZEpHSmd,424444621,1780656254,20,4,0,0.63691358,0.0,29,5,0,0.63691358,0.0,73
AoNDhp6xXu5BB2PLWjPECtC8raCDXweAyarvcpG6pump,J3tQicTMJMAgzK5CxM3HZJ3H9Nq9gEkgRmQ8j4fLhGM9,423654828,1780341858,4,5,0,0.282220132,0.0,5,23,0,0.282220132,0.0,36
9UuLsJ3jf8ViBNeRcwXD53re5G3ypgfKK3s2EiMMpump,DxEakzg2Vv1Say72m6jW5CsA7xRSA5J68dR9LMrb2L8L,423716114,1780366220,0,4,2,1.48148148,0.5,8,4,2,1.48148148,0.5,10
3WeE7y4td9JEr4NLrocb6hxXKTHw8HPrRVXkNFECpump,9tqEh5W8iy9vfR8EYuYBcLHZVuSn8gGpAR2121Cg53F4,424802332,1780798885,2,3,0,1.169080603,0.0,13,4,0,1.1693145820000002,0.0,47
Q2uynCphTg4WjjxGR7tWGFByGMCq5n9aPmR4CjQBKWc,bwamJzztZsepfkteWRChggmXuiiCQvpLqPietdNfSXa,426066542,1781301209,71,6,0,4.938271604,0.0,13,6,0,4.938271604,0.0,13
8sAVthhxvw1ABt4f3bPxJro3yqvzygK8TfZtrH2hpump,7FVfSdnR9VPGjMtmBP1Hz9C2DFTpoNX8gVVRmnimnGt9,425696506,1781154341,32,3,0,0.077000001,0.0,80,4,0,0.077000001,0.0,115
FB4WMLuN9fWiLwc5cN1ZvshizgPjjJYa5i7YU4KCpump,5nzLUvQfNkZRDpisCPWaXega82UVYFSx3kExs3BrDsR4,424763043,1780783202,0,5,5,0.100000018,1.0,5,5,5,0.100000018,1.0,5
DRiB9XVbZv6oQYNswmVKUVNqNWVrZsMsfjs4geppnfNQ,9AiXyDfy6cKieVPgwyfsNS37HypoS8k7ju2CV3WnyvZG,425349705,1781016905,2,24,0,5.0,0.0,67,26,0,5.0,0.0,91
FtqBgyKjApF3WPKkdneK1voanf6cftjPpVGR8oqRpump,H8srYEpyWnGQ1FnqoYJfXEjjaiw6hwwMUx7EL4xQsZQr,423944877,1780457155,35,4,0,0.54696046,0.0,77,6,0,0.54696046,0.0,132
Dq51NMUBC5wXyVSw1DWanZmJvVtppWbJZ9vH5Ctkpump,CN9xyVbFdxjyfDqKstd53f3hP4v6QrEtkiAYYqnqmeR1,424644226,1780735825,0,17,10,0.912300168,0.5882352941176471,45,28,10,0.912300168,0.35714285714285715,83
BZK3BSMsWkKVopP3BUv2Fn3Y5GcXC31uxWUyBREQpump,4XKGmqFVFFSc3NHfKTHTgPwRA8gdAa1guF8ZZtzRWdua,424560572,1780702477,0,8,3,2.962962961,0.375,15,26,3,2.962962961,0.11538461538461539,60
HgXjuxyMkyamWYLmVVQwChaaoC7QPBqo6Xp3iXqhpump,97K6nsFhBWDKwQf6heDDhDtsCRC4779LPHSFZkc2zqK4,423726690,1780370426,1,37,0,2.804938271,0.0,59,87,0,2.804938271,0.0,208
7xZnhdQgr6Nv9i9LH2Fwqh3Xx5TtWy3jVT8Rizygpump,5nczJKuz83zUJQmdaFWNmjWFitFNcSXxshXPH447uzk8,424909073,1780841399,24,3,0,0.44304814700000006,0.0,58,3,0,0.5911962920000001,0.0,63
5xKR2a7ZmzLRE5Sa7CrEAXPc1eJQzvdYr6XP3fBRpump,F5XvCe4233m6mHRbkkq2ZsFvqrPAnRrDBExeQy2fwagQ,424982029,1780870439,0,20,6,3.0,0.3,41,24,6,3.0,0.25,60
BKz7N8CHn9rgG3fDMA87iKVVwcrjUY2zcsjuoDbTpump,5DytZawBbrUvbWKEhjYLybfDe1VQCSfp9NZx4cd7zB22,425804923,1781197335,2,5,1,3.0,0.2,10,5,1,3.0,0.2,15
BLVtEMY8mDhUUZHZMc1fmYLuxt26jsSZAW1Aieqapump,BiMKH3qXyaY5w3uJmyezpvd95AtUuov8tPsXAsjkDv3H,424093166,1780516177,0,18,6,1.679012343,0.3333333333333333,42,74,6,1.679012343,0.08108108108108109,152
8Wca1iPCNPVK3dVSEveFaYEV1BxqihT54GtMqTZzpump,48CKHCY1S9AAxSANDfJXYgMbg3PDYLbjnQwbfz9w8hrR,425343953,1781014613,1,8,2,1.975308641,0.25,16,20,2,1.975308641,0.1,58
87NJZNZBnwV5zjRVvgS9Z1HcGDcdxXZi4qHfht1hpump,5WbtKF6Psmy6Z146dLR9uY65NnWyfcsoJ9hidVXJ6WQS,425913804,1781240504,151,3,0,0.009876542,0.0,5,3,0,0.009876542,0.0,5
8owrAoASbt4YxC8kjV9t1GeeSuyaJNqYR6ST7K36pump,3QrYV9qKZjaZCT2sqYYvNuATcUD8TGzKZs3eQRnp9bxt,424849124,1780817521,0,23,3,3.456790122,0.13043478260869565,37,44,3,3.456790122,0.06818181818181818,97
95Yfczp8mAwRZXUvRboinyEVAFnv2CFTi2eWUN9kpump,6WM3V5hPSbbb7WNsLmo2QbbAc7vwJ6dumg1ypPXdv3cR,426014554,1781280538,0,14,6,3.5,0.42857142857142855,31,33,6,3.5,0.18181818181818182,80
AE1Lo6LWoCAyMk9QStEBq7tVWXmTTKDK8WXk1Nxkpump,8zJrdjvZfBpuxAMwnS94YCjuTjG7FP19GqK5Cwdg1MWf,425041203,1780893993,1,27,2,9.875e-06,0.07407407407407407,48,67,2,9.875e-06,0.029850746268656716,182
4ZoUV2KTBiGofSEQf8D3oq51oeTJUAuuStSrEkhapump,HkF8L8P24ZEd8SmjRbVzwqe34tiVfMN1p3pafHduTtv6,423617200,1780326935,11,4,0,0.591604935,0.0,28,4,0,0.836049379,0.0,66
2sbBFpPbQUf99xrvSYE8eRAPvgZ2z4kDuv74849Spump,8ZN71XTdVo8yRovnGLmNgW3Tgniw6A4J3JGLvPD686FP,426505104,1781475330,0,7,5,4.0,0.7142857142857143,17,7,5,4.0,0.7142857142857143,17
7ATp1uXMgzA1zZZ2V96ivcTQVHwrtutKjZiEsecPpump,6oABnktxmqBX7S3aF64nzD3zYj7Dt6bjYDt8xTwYj6oY,426213920,1781359687,0,9,2,3.5,0.2222222222222222,15,17,2,3.5,0.11764705882352941,99
4VhfMeNHNnYGcQwoMxS46hJjYh9DhNrDcePfaU9dpump,DYmsQudNqJyyDvq86XmzAvrU9T7xwfQEwh6gPQw9TPNF,425480616,1781068721,25,4,0,0.118518517,0.0,82,9,0,0.705185183,0.0,208
8JwoXyLYCAesm37XCBZ1kFsrDPNyuHbwsTRRPuwSpump,C8rLpLSU7uoLvFjBeEYgR6Q4FGxJTTPMmdwsf7mEjFAL,425371646,1781025644,1,13,0,5.0,0.0,30,80,0,5.0,0.0,257
CeYDoTwBmHkAxoEGj7ViJJ4aPCa24yx7byKoJ4eupump,44TytE4rnhfLothnKoaWLNaH759VD4RFutZK5mEpWQ3L,424365899,1780624849,234,3,0,0.493827159,0.0,4,7,0,0.493827159,0.0,9
TWmjnKx1hchF97zZFVwapESYjxSD4whdAddN5Hbpump,AKXj6jyHYr59zzysFvPCxaTXf37hDjiJXGMxq7XXQmcg,424808245,1780801244,0,45,4,0.508641975,0.08888888888888889,75,75,4,0.508641975,0.05333333333333334,164
DSATDbbNbTFJaPQjkjKCcH9dxrjWmX249JigGygQpump,FNEcN5j3r5kKWUkNNZgPnfR8JMEuSdzmMb3EdDNU3fcU,426124972,1781324409,17,6,0,1.035817769,0.0,7,7,0,1.035817769,0.0,16
5g36HAwocXsRk9oWuUeaZ51UuBAR5bXyoNBXeUnmpump,EUowynuU5oLVjwDQmya12NYnF58KuuBRa8rFxBwT6GTm,423963910,1780464741,195,3,0,36.543209869,0.0,47,3,0,36.543209869,0.0,51
219RwJh1mtg9hXRhx6Q7h8836RMfrZTJRsmr8aC5pump,GGUrmCZ2iJW6ziFTMD1QYkTtJwpd7uHCeMzyHyNhhGe7,423702901,1780360966,1,3,2,0.09875,0.6666666666666666,7,3,2,0.09875,0.6666666666666666,10
3zkkZiBd9VQKL3SSiHMCeZahDBft45DvB976XohBpump,GMcHA5JK1xji9A91pGGQ1G8r83EujQBxyWiGbqtyPzC9,423973716,1780468630,17,5,0,14.814814813,0.0,54,17,0,14.814814813,0.0,109
B9uTYpPazUKEe51qkto7knCsSJ2AfY9rraAU7Vt7pump,FpsAnDmNYv7vcRED8oXJUPEiDPjwr7Ereemjut9TkYD1,425997852,1781273896,0,9,6,4.0,0.6666666666666666,16,19,6,4.0,0.3157894736842105,38
ERBPHv9hNG8YrTWNAttRjZjYQnDp9KyBo8UuGMbrpump,CLTdMHwqh6NsiqTa8xVFQuKPuwLx4n6Wh6s44WQjqmu6,423987044,1780473922,0,13,6,5.0,0.46153846153846156,21,30,6,5.0,0.2,70
HuiWtuuz3F7jTUZqzANkgonAHeSD53BgE51ZTCzXpump,FJuTwGPQPqG29TWJizSdZgjNBLsfEEZfpvGWGsK5VfVp,424921572,1780846375,0,8,3,3.950617283,0.375,10,19,3,3.950617283,0.15789473684210525,39
6N6F94johoR3SYxL5sJrngXU8Z3XNnea2JXja1XJpump,rmvzC5heDE3PesYYsimevoJ1iTzw4XXa61irWa4VaH7,423529906,1780292246,22,3,0,0.1,0.0,37,3,0,0.1,0.0,52
ALHcoDRjQteeY84V7nKabwWBbkftwxbAmnAhrdYapump,whamNNP9tHoxLg92yHvJPdYhghEoCg1qYTsh5a2oLbx,424040892,1780495361,0,19,3,5.0,0.15789473684210525,26,51,3,5.0,0.058823529411764705,152
FBKbAPporDMvvmV463PF89xhH55Gs6uVc9FPJGcbpump,C8ZQ65XgwsssHeJsDSrMcLyMTs9sv9Ngh5XgEL7XVr8e,426312484,1781398811,1,33,2,0.088888887,0.06060606060606061,54,56,2,0.088888887,0.03571428571428571,118
43KDbLEzbA7xAyN9hMwDykENEEHYcKDutAbHR35Fpump,CY8M4XdWg6LMMGn7uZMkPrEGkC88gwNrYuiej3quUaJP,423894412,1780437066,0,5,3,0.56980057,0.6,10,55,3,0.56980057,0.05454545454545454,101
FtReViPxwqjhSTmUHQEuaW2xzsRxFXa6eGg4APdepump,GQPKqpfEm3SmqGVJCyFjd5icjyFuBSD84EbaUzky2ksi,424772388,1780786934,4,14,2,0.98765432,0.14285714285714285,35,48,2,0.98765432,0.041666666666666664,130
7i36a6dW6ZUcGz9Y7csLAcguGAQTtCRCE9iY8Fdopump,DjKrL5aRB7af614gTmxxaFZSXZEkp1febgH32K6sgRWU,423703662,1780361272,0,9,3,1.5,0.3333333333333333,19,14,3,1.5,0.21428571428571427,33
BQJvHMZw6TCZddSU56bacYZ9a88zX3xnRiMMPKFppump,GArxt9GmTcgmDdyCpEvArbLkJw3amT8S7Sdbw5uURj9u,424501620,1780678993,0,11,10,0.0,0.9090909090909091,19,13,10,0.0,0.7692307692307693,236
ENDKQ9e5Quog5EVfrDWsN1Fz4kNWESpe83rya8uypump,AFVGP2HVbbozJUK7kvqwesga6PFQnBehJjd8RYM5PXR6,425237353,1780972125,19,5,0,0.493827159,0.0,39,7,0,0.493827159,0.0,98
7WUStzyqx7HZZBAKA4WFPa5HXHL1de7t5m7Cg67xpump,9tqEh5W8iy9vfR8EYuYBcLHZVuSn8gGpAR2121Cg53F4,424822607,1780806965,11,4,0,3.42716049,0.0,34,4,0,3.917027155,0.0,49
Boim27ZAMRVcFYC9ZYPev3KXhShAyQntSc2o7348pump,o1cKQmFbVHCisb8WxPUJ7tbwcBm4F46edMpd7M9zYSv,424901822,1780838517,5,5,1,19.734505824,0.2,12,6,1,19.734505824,0.16666666666666666,28
GoALpf2yseZ6MTMLCZFDjPBheae4ZWzFsnDWgiXVqUvj,FM1YCKED2KaqB8Uat8aB1nsffR1vezr7s6FAEieXJgke,425911028,1781239401,0,7,4,5.0,0.5714285714285714,15,20,4,5.0,0.2,53
F4LrHove4BcuLuV7Acu7Qmzuv2UqJUeMTNV4om6ipump,AJdhjsQ3zY7n1JrUcLkFTuegkhpB5hP3hRGjEdV962XE,424532617,1780691339,0,11,10,0.0,0.9090909090909091,18,13,10,0.0,0.7692307692307693,93
EEwKeZiYYxjoZdAv12ypnk6qCYhtS6SNng1KZEijpump,8ND7nYSm2bJCmKT8BY9WamPzty9TkFL7G2kNKPrhEwQ6,424034446,1780492784,0,6,3,1.2,0.5,13,6,3,1.2,0.5,15
A1jkXvNqgYTqT4QCooYm1yYx8qi5HVZ6EVoDeHuZpump,8GZRTk3paLH49aMVzZsR5vkC9S3ytE36w2ePo6skVeTo,426328504,1781405186,10,3,1,0.5,0.3333333333333333,13,14,1,0.5,0.07142857142857142,54
CDxZU76GD2CponoFVjnQNBTPaV3Uf6QkFc3Bn5b2pump,5PRrEn9uvJHdR61gvJcfbATVs89cwipuX6naXE4WpWbb,425167259,1780944198,13,4,1,0.691358023,0.25,9,5,1,0.691358023,0.2,14
EAstNjQ4MpfTSdKEoHpaaw84Phd9vEizuiZgAUcupump,2CFywHXDPjDK2iRQsb95vnjgncDUZeQKJ6MceJ4ALpdc,424069132,1780506621,18,5,2,3.0,0.4,12,5,2,3.0,0.4,13
41AuTvEMG6aenSVXR7JZqvpyEcRW7viDWX612h4Upump,7BTkxa8iM1FFBXbTxM2s4AncU898fU5ptN6VfArvjGco,426230560,1781366291,0,25,6,2.0,0.24,63,27,6,2.0,0.2222222222222222,73
4Uywbz1KhaSqBtwKYRxxaYTWVLZxGHh9mwC5Kbx5pump,8NJ7Ujpji8uMF2675mqaTSEm2DCbfJA7fiRKtiaqkaLN,426382599,1781426635,2,13,2,2.962962962,0.15384615384615385,24,59,2,2.962962962,0.03389830508474576,160
GBEQP4QSLdo5mv8yY6aTHn5jBbrk2kRfhA9rEguQpump,HaC58ZZwwbF5t6Azatxp8f62eJdyFAQcAKZJeWijWkZa,424330364,1780610669,0,13,6,1.97530864,0.46153846153846156,36,37,6,1.97530864,0.16216216216216217,137
gqxQsZ6zMzWJMWcUqzZMWrwe37GgmVembRaZDRBpump,2Pgh77BYanK4E4SyBtRqNmxyL9UZbmLuiwrNnGdqy34S,426366963,1781420430,0,22,7,3.0,0.3181818181818182,41,37,7,3.0,0.1891891891891892,119
7XHEHM1DEgSSme84QDvHSMND3TnKczEinoa9h2F5pump,VrZv4XoKFNe5o3Wru7VmTcP2ozgozmd9ST5M131fSgt,424964814,1780863584,1,30,2,9.876543208,0.06666666666666667,45,67,2,9.876543208,0.029850746268656716,169
GvJ6cXYFvfDm79udas8SmE4KDq1zfbUdhj3GKrFBpump,9gYsVqF9QDLAuhCVxG7ZhoJftyvhpToQ9cy7ru22vLRz,426452382,1781454376,27,3,0,0.200000001,0.0,3,4,0,0.200000001,0.0,22
9jAvYKEoWd3JuooaQjr88HoSwiowRF3XvwuKWPdkpump,7SspbJwyMVBoTsgRfniFi5Vj1mdLuj4oBK1s35PguZca,426469122,1781461013,0,7,6,3.0,0.8571428571428571,19,8,6,3.0,0.75,26
GjUxFShYk8mNXajV2F25oMsjC7HAUEQbdvfTduGapump,5z4A27o8BcMJN5KBrBxXhajTifbEPhQY5s7pjKLzQ4M,425578461,1781107532,1,12,2,4.0,0.16666666666666666,57,12,2,4.0,0.16666666666666666,115
FJ7RE91UbxQ6t5tbXo1itprkUqZAV1LPEWM85G2qpump,5eMgprFxCcF8pEo2Vp3yJzHTzjDbduQxJhx8ridH5Ahg,426347447,1781412696,46,4,1,14.814814813,0.25,40,18,1,14.814814813,0.05555555555555555,74
Fw1rMesJ4zv83vfkZHdHzw3BwzcD9xNBbcFZo8tEpump,9zZu1w91ULX9ZZ8MhVjnnDKVNwv8QE7eWgyzvT65F5wb,425475344,1781066631,10,3,0,0.050000001,0.0,22,3,0,0.050000001,0.0,80
J9FZ4WqD6ZYYm2ja8wASJJ2KaARNjAj6ypQ7BqFzpump,F5Ho5tEeTcV42rutQM58GPePCg9j4m4u2wkyC2egcqVQ,425351501,1781017620,2,12,1,1.48148148,0.08333333333333333,27,14,1,1.48148148,0.07142857142857142,31
HmHnGk32MUdrgRaXziDsTQGNvguApU1ai3jMR725pump,BrFzG2kCvtVvU1aEQ2dun2PMbNfku3kF1FQDJFiJMnex,426261187,1781378446,32,3,0,0.09938271600000001,0.0,51,4,0,0.09938271600000001,0.0,94
ETKcnxGBXpvrUJEAcs7Y7dtNGMJBah1bbw4XW4X7pump,HTxNJadKFwM4WKpLB9x6KHnA6rj9SEZThMdFcduMCih9,424517671,1780685386,1,17,2,2.8,0.11764705882352941,23,31,2,2.8,0.06451612903225806,48
DQ6ufHk2ivT7diDst4HRReTkGoe8vG74hNLCjxQTKNQt,6nU2L7MQVUWjtdKHVpuZA9aind73nd3rXC4YFo8KQCy4,423656840,1780342665,18,4,2,4.938271604,0.5,19,4,2,4.938271604,0.5,19
HHLo6kLBbcTsUAvGBJB2uwojX1oiSnwjk6heNjHNpump,Ao9dPUfHLBC5vQX3ggY6XQSF8g8wZWt4TPoFVFZGzKBt,425823922,1781204870,14,12,0,26.666666665,0.0,21,15,0,26.666666665,0.0,36
6aDETrThW3SmZfGyqFSZR5EsstAxHDVqsAWwRDkepump,J1jCmQSMZSeYYgXfkhucMdSJfo3R7sywSFGA62AsjmJA,425183337,1780950588,35,3,0,0.098765431,0.0,57,4,0,0.098765431,0.0,99
BNoMGsB6p3ERURET7xVEHNe3bv3DZJ8PnR2EZDPUpump,G9RKrBwThkUvKfytp9zjkTZ2scwMcY59bnhqWfd6X17E,424444767,1780656312,0,24,3,1.72839506,0.125,48,27,3,1.72839506,0.1111111111111111,76
7RmyJ37gAxSFPUiDd1htBQsbFkym8AEFon4KUq7apump,Hax7N1h83EJUnp2RfjLNr46nshSY1zPPntpK9veRvzne,424538521,1780693692,0,7,4,1.975308641,0.5714285714285714,14,10,4,1.975308641,0.4,30
4WNN1nMdjCpK9oQdEf5sLSUXgGGNDZnh1YpC58topump,ELRAeApTeGb3FZMvJwf92SyX5z9cRJ3agjZ3tjQAhJ5u,425825604,1781205539,36,3,0,0.77,0.0,60,3,0,0.77,0.0,134
Gi92g7BNEidGESy6NqqLSQNL4GpwP5eKwStw13EBpump,2GMP1oXqg8PECnTbMtUE2tW56piBUMFNtPGHyXKe9Q7D,426015850,1781281054,2,5,0,2.962962961,0.0,19,5,0,2.962962961,0.0,20
2TbA8rPnVy6UWiVUTTiy4AgH9AhpDL1VfsLcwD5npump,J4miqMwLZCnz6M5vs7mSBvyKWB9J31fv1ZDMw11REZPk,424772609,1780787024,3,6,0,1.97530864,0.0,17,9,0,1.97530864,0.0,27
21D2WJsxccrXrVEFmimNjHUwQhebzvrtczmAsPkrpump,5fU7fohyk2TNWNLq3cg5Wggc1aiNofk4WsvTPAoqCp4f,425212835,1780962366,2,3,0,0.13825616799999998,0.0,17,3,0,0.15800925199999996,0.0,29
5qH1QQiJNZvsdYcm6kd7cTkvT13ccvejkgeA5Mafpump,9k8fSCeUiFPt6umv9E5iWWeiHsPKtbN1W3BJNwXHfcdm,426490302,1781469449,11,4,0,0.050084894,0.0,33,4,0,0.050084894,0.0,76
76ivRFwyxcD3RUF3kJsMH4AjepPbu2EhoEAXzknBpump,4PiWXqrFWzd7rTAhuHFZy6rc8VwD2GQmW9DsH8MnMpu3,425377258,1781027879,11,5,0,0.250000001,0.0,36,5,0,0.250000001,0.0,37
CaeccJCN7xWDmi36ddZkTfgkpd7axBi7E7FNo6bvpump,9tqEh5W8iy9vfR8EYuYBcLHZVuSn8gGpAR2121Cg53F4,424939404,1780853465,18,4,0,0.9846716010000001,0.0,54,5,0,0.9846716010000001,0.0,79
4kdHUQXH3mdJtsztTrjWGghcFk5wT2uU8tkZvg1xpump,aJQUta8b42cHcDY1Z8xeYLvd53BRpMEwRNFyGaKcwG5,426352270,1781414605,12,4,0,0.700000001,0.0,26,5,0,0.700000001,0.0,77
4ksHHwrJSXSA4dGq6KUGjWwE4DAU7Wcbj6qrbQ1Fpump,BaaRNMWRF4wChV79t8oo1CUT3fTpykv6vXvq6HK67Vgt,424345178,1780616581,20,4,0,0.548148147,0.0,50,5,0,0.548148147,0.0,92
Dwv3byCV8HAkPRoEWFmvpLrXTZRH12c9sQuW9Q4ppump,B4JXfczBjeSeSHdNCyJjcy6cnEhveLbvfhdKwwWEUSKy,424567598,1780705286,2,3,1,2.194765431,0.3333333333333333,5,3,1,2.194765431,0.3333333333333333,5
CPnjsgJbPL5TzCHMQpUEHNzFEzV6k1ugG5LremEwpump,HD63qX1PDoKP3ss1CdtdHcFRZpGs8v5jepteBqfgDT8b,424699000,1780757686,44,3,0,0.079012344,0.0,67,3,0,0.079012344,0.0,92
91VDhPPX7qXbDnqWbsysYFnP7NKi5ZJbTwxbnTjpump,6cL2YQ2FrPdhja8MWnPepkUi3WnjaLPjQhfwPPqJYtGF,426131630,1781327051,37,3,0,0.890123449,0.0,108,4,0,1.0876543109999999,0.0,179
A72gSSj5Z5rYU7oAmRgr9Sxii7x3rpzwNXMWiLPnpump,6nU2L7MQVUWjtdKHVpuZA9aind73nd3rXC4YFo8KQCy4,426293876,1781391421,13,3,0,21.72839506,0.0,32,4,0,21.72839506,0.0,75
9UjTmY6axT4dkM8pSgX7gaFB9d5UyjmjbjKLd1dspump,5mYzj5CcTbPPoWr12grgSqSZuoQkHfiUFsM7t2QsYhY4,424198333,1780558074,12,3,0,0.9996444350000001,0.0,38,5,0,1.003555543,0.0,89
9uGUH4E2qgmEy5mdKabiTawnTEnCFeEu75qm8xzrpump,ELRAeApTeGb3FZMvJwf92SyX5z9cRJ3agjZ3tjQAhJ5u,425815720,1781201630,53,3,0,2.4322222200000003,0.0,45,3,0,2.4322222200000003,0.0,52
7u9ty2ykRcxTLte3SzKCkGvYEPVvmZb11JW2hHSupump,whamNNP9tHoxLg92yHvJPdYhghEoCg1qYTsh5a2oLbx,423626721,1780330724,0,7,7,5.0,1.0,11,7,7,5.0,1.0,11
arayNhMmTLigFqC9n3TZJLAa3UN2NoygvtnEFT7pump,GUtCeAYKMkkXHy4kY3NdXPGnbHBh1gG5DFyfwmyg8fFJ,425832917,1781208430,15,3,0,0.98765432,0.0,25,3,0,0.98765432,0.0,27
48yBwKmn8YDWumLczBfdu6V3KD1sTkRczEekhTetpump,7eStM4BgV5e3AvE1DXHwvGh5M9PoRvExNAYS98LjeSym,424265718,1780584915,0,11,3,5.0,0.2727272727272727,17,14,3,5.0,0.21428571428571427,41
43RuMKo4KTNekqjGSBM4NTsnL2dA8kf2MopF12eEpump,9k5NeW7dXy3by3WezmygJ5sdxtYQE56wegigci5zb3nG,425732448,1781168608,0,5,3,0.158494303,0.6,20,7,3,0.158494303,0.42857142857142855,34
BneZyUT3mnoS9SnPEYJeyEF3J9imSkoDhV8hMmikpump,25jZ7EwnKfZo2DZgHM27pbU5Tf54PYG8jc7qNL3gtkxG,426015067,1781280745,0,7,4,3.0,0.5714285714285714,10,20,4,3.0,0.2,61
GDuZYbfUg3ZWJ8zYix1aYReYRbdWM6MVHrWucKwfpump,8oZiaf74SwU9YufXNWHHZj6kih6RrqaZ3T38exYD27jw,423855758,1780421674,0,6,4,5.0,0.6666666666666666,18,8,4,5.0,0.5,26
Beuu1v4Z2VCjJN5tG161oExryfvuFDHBf1WvrC9Tpump,7FVfSdnR9VPGjMtmBP1Hz9C2DFTpoNX8gVVRmnimnGt9,425838160,1781210510,30,3,0,0.085629628,0.0,48,3,0,0.085629628,0.0,67
6f4tyLpvbf3Pqdd6JrkLy7UTbVeZ7iFwpmPGdjHipump,EXZ2Jiex693TLeKTJkaZ8L71JXnkvZLfAfrzCfmXbfCA,424909026,1780841380,6,4,0,0.250039067,0.0,17,4,0,1.040162519,0.0,59
3E33emmrZrJNBnRMQbKyXmj3SrXGqD7ySAybaXf5pump,7dva1YeMHHCwopyz7pzdkzDmrmYyF2PuybsJm21V1Lca,424154747,1780540733,0,13,5,1.48148148,0.38461538461538464,25,19,5,1.48148148,0.2631578947368421,37
inHbFCjfnY1vYdXqDEr4fLBDTViWYXXMNayr8z4pump,H5QNZ296ZukaCBuC7VVh6QWcxRoyj5SUy6SwMFvrwoJF,426143090,1781331599,2,3,0,0.493827159,0.0,14,12,0,0.591604936,0.0,88
28FF6NusmqihvgxC1Vhw8GtpUhamffGgQuPUkCtZpump,2N3M1eXEPCzcR1nA5VMqHHeosMZbd9JGp1LUkMDvojmH,426221387,1781362643,0,15,5,1.5,0.3333333333333333,32,28,5,1.5,0.17857142857142858,76
DJHp6y8pdbsx1RQ6to7reZTDfJSc8t6NoCRCx3Ndpump,7wgMPKabMXXHLL4uTQqgjqSpEskv1BqNNuQ7eWkARbgZ,424055992,1780501378,8,3,0,0.050000001,0.0,33,3,0,0.050000001,0.0,49
6WBo9GX4boH2Es3ksVHZRsvsj5cm1pUExwS7K3cZpump,Bb8Vh3iHJeVWRfnUNkpncnxshnk9By1Emj9VS35Tkp53,424995202,1780875687,50,3,0,0.39876543100000006,0.0,55,3,0,0.39876543100000006,0.0,70
BSewxPibwAV7V1c5EdUwkaQWfv6QnPNhCfGkD42epump,3nacH7rjt88fZqc7KF8vLLUVwQkbG49mGQrhZgJk9HLC,423789846,1780395489,1,4,0,0.098765431,0.0,5,5,0,0.098765431,0.0,7
4RW36xoX4k5D8C1ApjxaBcdfHaFTizyBkzdig1rSpump,5FqUo9aBjsp7QeeyN6Vi2ZmF2fjS4H5EU7wnAQwPy17z,423779084,1780391219,6,6,2,5.0,0.3333333333333333,11,9,2,5.0,0.2222222222222222,18
4PsNpbsiPfZh8xQjr3XeHo9FEcWDGw2GKZLhU63Vpump,BQ9nmFsL9HHZWKunPsvVHFz4tvxW7HS4nH6xfN8PXivz,424592165,1780715059,0,20,3,0.395061727,0.15,36,23,3,0.395061727,0.13043478260869565,52
2rHvexCDXzyqkBuZb7Z314PEiBWEPsGwHg9nRdn1pump,6qc3k9gEJ2ujQxq8QYzK4yLfoP7ARYMh95KbZrgCs542,425147373,1780936275,0,16,5,1.97530864,0.3125,31,63,5,1.97530864,0.07936507936507936,131
4Ypw5fETXczMv8CyyXu8tgQzHqQgsR8kjUuHNLtupump,8bPSBrn5QJUyoZ2FVkSSRuDsMNHzkSiEpjZfiuT1Kk7c,423509104,1780284001,11,11,0,14.814814813,0.0,54,29,0,14.814814813,0.0,123
Hf7pjUmp5pbs2xT1YHa2JNDG3dXydMBKpgTaf7CWpump,8o6DvoTdJrL1uddYwLRzbViLGCbiff9Yu3WiG1DBbfK6,425870718,1781223425,36,3,0,0.928369189,0.0,66,3,0,0.928369189,0.0,78
FD4HQ2DoCwXgivXKn6rKB74Wx5Cc9s7H8KBCCG7apump,5mu2dXjkgcuvnYbufEqEaEUSeneZ5xW3bDMmb5arvw3R,426069432,1781302352,63,3,0,1.645490001,0.0,22,3,0,2.238082591,0.0,29
Gy6jqRSaiVhQ7fDTTJf8ERd3XmhVZpqhV4Q9ZBe9pump,HLp7K3KSaDvvNYh5VontijQvYRkuQ7kJsj88zXxTvHcX,425381155,1781029422,0,3,3,0.400000001,1.0,5,3,3,0.400000001,1.0,6
5ivnNA1twNbaEcazkLqknjpktEpCDHZkzUB1CndfiXXd,Dfv8M6RUAeDVefkRDEi6nY4pTpBTXTW22yUX9QQeAUJG,425979605,1781266650,0,16,8,2.469135801,0.5,31,24,8,2.469135801,0.3333333333333333,71
78B31QV1rtyoe2EYvVNjBVjeowyrtcH5FPTE4tCypump,2MGuwqABEDn8Lg32H54yskFvHSDLMqUpSsDXmFVcQuhf,424034556,1780492827,5,5,0,0.803827752,0.0,11,6,0,0.803827752,0.0,13
DMUFkXKaUxGyBGF7EvQAUXcWFmxwEQcFUX6UR15Lpump,Fw251bximoC5KDfjjXCs9uf6bECRBDyhAB4YvtLxbFwz,424155508,1780541041,0,9,3,3.0,0.3333333333333333,14,28,3,3.0,0.10714285714285714,64
4cqmwtkvsZQBRqex7wByZgexSujYyD2ptvHzJrK9pump,8aFcQfnMhj7d3jqP8ABEdc7HqFd4kHdmTyHEXjvVBrHE,426164058,1781339922,72,3,0,0.197530863,0.0,25,3,0,0.197530863,0.0,77
EzVckEDaNzo3UBWsKKhJNewD2fyKUgCTLCRX9uvpump,8H1Cz3P9fjQ1V7REm8MCnHFfpofKX8YVBWX2Df5wwGxR,424366821,1780625215,102,3,1,4.938271603,0.3333333333333333,7,3,1,4.938271603,0.3333333333333333,9
Ci9ajYX9kPsKjNZXM7p867LyaQ3To825WPyniCKrpump,9TWR6PiutNALGNzCzH5vr7BFGXvBV9antnqCimp3FQBK,424664857,1780744051,18,3,0,0.197530863,0.0,22,6,0,0.245215905,0.0,39
7XL2qVF8hsRDaxxbmjmrMpi1FRFkGeoErTSndmPUpump,Crp4sCJcM3jaJDU881t31Cs5ciXHkkVZNwoPBMZvdCqx,426470341,1781461497,0,10,7,0.039500008,0.7,20,36,7,0.039500008,0.19444444444444445,69
gMcdBcDhoyFM3pDCdeJZcBhJZ4mMAYKfWhFwSjCpump,2Gjtdvwd7CdLrEVUGeLSSF1EwxpEqxH7n5CvpKVtRksd,424695464,1780756273,1,4,2,0.98765432,0.5,8,4,2,0.98765432,0.5,9
BTy9M8FHsqpsrkrC1NcUBDHtARSMPiTDsMBgFREypump,AqsW2qxwaKKntSVKQKYBiyBjjR6UURGkWXzECTvQk116,425699891,1781155686,34,3,0,2.254222215000001,0.0,89,4,0,3.231999991,0.0,150
6LLtttmpitRR3wdmNoyPEtfZ1f9x3eSHKTip99PSpump,cayVSKhF82z8FqKUTErtDXrMdtftcJ5E4wj4FDeWE85,424425822,1780648734,14,5,0,0.3,0.0,13,6,0,0.3,0.0,14
2riph1UDCRNYhVe2teaNUhRuY3B2HBdAtE9fpeTapump,HVf8SXksgdJCWxNW4nwPR3jx8tKq989ojQWPPPMsfBdk,423900570,1780439521,5,6,0,0.009876542,0.0,7,7,0,0.009876542,0.0,12
45FmXh72Gpo2DmPhf2W57HWu8R1uqtXJwaTQ9TW3pump,FhyiAAJ7dViLMLfefdm9eoJuUNsxM4pkKzNLRWeqEVsj,423643736,1780337465,17,3,0,0.050007813,0.0,25,5,0,0.099390528,0.0,80
87eDB2rHsY19putERisQwCPVYpxNC6FKNAXiwQWYpump,Fij5Crz8e7TQBMVTTLEjWWxGNukiJM4Nv5YEJfQcC4fJ,424598011,1780717392,5,4,2,0.98765432,0.5,6,11,2,0.98765432,0.18181818181818182,13
CkUy7vJdtW8SR6wQoQTe9pzxxGe2F9vwsXRho717pump,8inTY66csRNgKNtGhqGhd4odAV2VeJBDcRVuF7UE3Eeh,424266873,1780585376,0,6,4,2.5,0.6666666666666666,19,6,4,2.5,0.6666666666666666,20
AXfAGXkvusxyHCNsRMxQYZRWqgkYcMighovCxUcapump,Cf7qEdZzJg7uC4B3wV93UaabRXkaFrtdVjsiDTJhetNf,424189146,1780554418,0,12,2,10.864197529,0.16666666666666666,20,21,2,10.864197529,0.09523809523809523,41
ChHrytbAJzezbEKTzvUBpFcPWLA7YnTL4GGUHHUApump,6Fy8LxPMdETrkaU1xMF3uvz4w6ofJC5dHsk1LqAPUP5r,424944587,1780855528,0,3,3,3.0,1.0,7,5,3,3.0,0.6,11
4y7jpEzEvkhUmcFQn5j7hWJnizVdJkiUGbsoCqiypump,7zrfWFJrjPkqUEPs7dH65a9ys9iBZCQreBoazDaqzgvv,425336432,1781011622,0,12,5,2.0,0.4166666666666667,26,14,5,2.0,0.35714285714285715,40
DMxryGr74jSTGQujBnuWhZsy5U9C7i7mdRprX1Apump,5XeYqQxab6eXW2xP3QoPa6mFoZPfTiejtjrsYRjFTqEN,424005662,1780481321,0,8,3,1.468531469,0.375,15,8,3,1.468531469,0.375,18
Chd8jXdbwyJVGS2M4uyXAaUfPsAhgjMDqYJyPmpqpump,AMEd7bE5CYSEpVpQZK8r5rKMJZrhAdg6bnaJ7qum2ssV,426230604,1781366308,0,8,3,3.33,0.375,14,25,3,3.33,0.12,71
FuuMtRCaxYmmwTBCSDE5v372hY33YhBxYpdLverjpump,4VfJuHwvQ712qFhtaHPpjC7s4NABEGmYUxt2MTJjTLD4,424931716,1780850412,0,7,3,1.46627566,0.42857142857142855,16,16,3,1.46627566,0.1875,35
21BESBzFReW5yuPfSq8LyWHx7sWKqWC8q3wsEhxRpump,8v1gU5hyev7fScGbdiX8DJxAMVNm8xSJT5zxYpSw62vL,424369375,1780626234,18,4,1,0.009875,0.25,10,4,1,0.009875,0.25,23
45VbuDnJB8f6aBwRs9gM5zRkPiSadN7MVVc8qu18pump,DEvHF2gUPdbZRURWGsMtHYnK7a6zNd7YExJ4zAUThtE,423704622,1780361654,81,3,0,0.104214667,0.0,101,3,0,0.104214667,0.0,108
5EfbF5AGfG7tGmPGeKXsuJNj9DTM4tmUDeDyj8gxkHbD,7ZV54HcwtzRhZSEPskT8ox5hn9yNocK9xpe4BQXoziaP,423853851,1780420913,7,24,0,5.432098764,0.0,42,28,0,5.432098764,0.0,124
4ZobRNu1ufAcHBFkr2n7XLK4XfzadBDc5d68yAu1pump,9ncm3MfxC3b2HYxP8NrijRZSeE36vFfxgJvGRd16Buwi,423515500,1780286540,0,12,7,2.962962962,0.5833333333333334,26,27,7,2.962962962,0.25925925925925924,91
DUuPRvw46LNGwgq4txhjtMSKAXDJ1P8EGe7Vh29npump,FPCE5MDJphr7jUPRwy5aBoQy54YzwaFwWmAUM5uo3CUx,424090581,1780515149,12,3,0,0.050084894,0.0,30,3,0,0.050084894,0.0,39
6QxpY5yxS9qo9XY8ipCELfUBbDwFRsyG5dKfV7vrpump,4t6QqKRzEDG1v1fV7mN9VgCjrr9stKb5aeZqUymnxywe,425732418,1781168596,0,37,13,2.962962962,0.35135135135135137,68,67,13,2.962962962,0.19402985074626866,158
E8CJvkcrFodpSb2BRJBcMsAq9dFzrsWqmqQSnUTnpump,EfEymMLDSyGxhMKztbdffK6fMEES3UGzFd389EE8ELLY,426490700,1781469606,0,27,3,3.0,0.1111111111111111,58,146,3,3.0,0.02054794520547945,419
hU3xRsa84n75WxBNwbAzNkcZ41BdRuJGHoojge2pump,2rfTVNCFbJmLZn3KHHERHGAqed9QDoChmUJbCNcJSf97,426020449,1781282890,0,4,4,1.97530864,1.0,4,4,4,1.97530864,1.0,4
6XRo9pFSV4Cg2H9SZTDkwM3KXYBmjXFLTF7oABB3pump,5BgV1ibNbBmrGhh1b7VngLydv7TAi19fLWwoTzoMPdUD,425200215,1780957327,2,48,2,24.691358023,0.041666666666666664,77,75,2,24.691358023,0.02666666666666667,206
85TQREkdEBiyX34s2RFg8Dasmc9hz7Ss6QSGoiso1SB5,bwamJzztZsepfkteWRChggmXuiiCQvpLqPietdNfSXa,426264208,1781379651,2,14,0,4.938271604,0.0,26,38,0,4.938271604,0.0,114
7GVJzHAKsxvBJvb1jZS9Hkraz34ttGbCgX6Ert2hpump,DhSELHEnjs3rFyamjbfW5yxV1mm5kyDCJju2p7E3wgmy,424925053,1780847758,21,3,0,6.4259259239999995,0.0,49,3,0,9.388888885,0.0,78
9ahfUzsn5pGFMYd8CQ3ACHMxMJZ5T385U7B6M8rjpump,6xU7b4Ni376gsJ2cHTt9peq8PFZ6Ge8khvm7jfK6hr1U,425667316,1781142780,0,8,2,1.975308641,0.25,17,12,2,1.975308641,0.16666666666666666,36
8y5ncimGkTQFH5qe4wCVCae7WewwjvpuaNSZzUVCpump,9aAYKztwZSDhcgxZMPq9yjxoTsmg1qHWm2TCWRnBALSL,424277362,1780589543,0,21,0,0.888888887,0.0,33,58,0,0.888888887,0.0,136
Cj91asvtJ5Ui6jH2rwBpoY5d6MPqsxDtSiGgxi6jpump,DhSELHEnjs3rFyamjbfW5yxV1mm5kyDCJju2p7E3wgmy,423614768,1780325970,13,3,0,3.6655727440000003,0.0,36,4,0,4.653227062000001,0.0,76
GqcVcPhcrJeSN3xqd6xMtacPNGZKfgZ9i24dJqrgpump,DG14pvnNMdFY2XYbq1H61hs3EVnmoSmBWxFoYFUwsQM3,425716144,1781162125,34,4,0,0.098765431,0.0,164,6,0,0.098765431,0.0,328
4gdTctuq3DB5tmRWWjf4yF1b6692sNuSVeH2CAFTpump,5a1kLJrDxg2X3u4Zu5p72xWSdEB8p8cfVTNWvEs6AVT6,425363763,1781022509,1,6,2,3.000000001,0.3333333333333333,12,6,2,3.000000001,0.3333333333333333,12
72dkmFGhmgaujhwKhNTnsZyJMfwXrDqZSgLvsvUcpump,7naFFwuEJWeWwWYQUkgAWHsxYKg3KctEuUj42JdAMidP,425584718,1781110011,0,21,3,4.0,0.14285714285714285,54,35,3,4.0,0.08571428571428572,223
B2vcJ7CjZbHNdxFnQAQ1GMfLuuCTdDTKD856iY1cpump,8i5U2uNBEuTc4zskYP14zbebDg2RSwrrG8REhEnJb97K,426261495,1781378569,0,8,6,2.962962962,0.75,19,17,6,2.962962962,0.35294117647058826,47
GSdEov8WQMC8FYFpLhg5seJtFbjezErcBk1YSDCdpump,BrhQpGnMb2ZZ6q8s1UiGFgCkUkVhCnYYwJNZwzcWw77z,423932207,1780452096,0,4,0,0.196000001,0.0,5,4,0,0.196000001,0.0,5
4mC7SVSEq4icbWq4jR37v5nfsArBz2Rx3xUEg19npump,5FqUo9aBjsp7QeeyN6Vi2ZmF2fjS4H5EU7wnAQwPy17z,425128159,1780928636,0,3,3,5.0,1.0,4,34,3,5.0,0.08823529411764706,78
4gsMzf25XZNwB3RnAexfJhcFb5oe9WcsCBFp8YUTpump,7eStM4BgV5e3AvE1DXHwvGh5M9PoRvExNAYS98LjeSym,424655458,1780740310,24,3,0,6.0,0.0,7,3,0,6.0,0.0,7
Hag7AS2RHEcs9yhH9KtRX9uteMbdXDbM84zS8heSpump,A7jiTqrdvwa4ZJyXCJUMACJA3yHExAa6pEaFhrJ6K5rS,424546003,1780696669,0,39,5,0.862895494,0.1282051282051282,100,81,5,0.862895494,0.06172839506172839,235
99ZuBnt1zBjjUGtPnjeQSbZR4uFPXXV8yqAZn4Egpump,DYmsQudNqJyyDvq86XmzAvrU9T7xwfQEwh6gPQw9TPNF,426088081,1781309752,16,3,0,0.68839506,0.0,48,5,0,1.95950617,0.0,109
EXYbgxwUrzoUZJV8ePnpdvJwMRjiSpYHQBvmA8Tspump,4bB9Hw8dz8vRfhQM7gxFmPqZoBP7SAaaYvxmqMjGmUPB,423932019,1780452022,0,5,2,0.98765432,0.4,14,5,2,0.98765432,0.4,15
GDccKDY21aDjthH7UTNKb7Gi4DfJ44cbbzoEPqhBpump,whamNNP9tHoxLg92yHvJPdYhghEoCg1qYTsh5a2oLbx,424266527,1780585238,0,5,3,5.0,0.6,11,56,3,5.0,0.05357142857142857,125
36CeczL6WQGpNf57rqPrXuHwjGVx9LY9RhiCiWyVpump,7FVfSdnR9VPGjMtmBP1Hz9C2DFTpoNX8gVVRmnimnGt9,424576081,1780708650,28,3,0,0.08675308500000001,0.0,44,3,0,0.08675308500000001,0.0,47
Fkey6HBYK3NdAXLKrmPomHa6N7bzu5VftgX7taBNpump,FA7ZF4j7C81SdRbrJXmutqXPvBruTDmrtY7FEhCTJfvf,424096309,1780517430,0,15,8,1.777777776,0.5333333333333333,24,30,8,1.777777776,0.26666666666666666,52
AjxHAP9J2uT73zor1rwGy5xX9AR5FqB7pdcq5e1Qpump,8eRqKaZProoVrmhUtCPtUotP3XT2xq9Pj7697jjoHiQB,425312277,1781001993,10,4,0,3.49382716,0.0,38,4,0,3.49382716,0.0,43
AB7XXeQAvN2yiqrg4MR3AbyhNdL1dAyhSon4LhLUpump,GaUEGkhHd3Wicui3TTZM74uCiBk8A1rDGSnkBCfQii3r,425844871,1781213178,0,4,4,0.029629628,1.0,4,4,4,0.029629628,1.0,4
ESegHtK5i2vgWG7BBXbfpJCTSdtQthM7RNYNfzP3pump,95jLhwLeKiBpJhEcKjahT97ZRtx7f4o7ZWcpe3SZDAXt,424732142,1780770891,49,3,2,4.938271603,0.6666666666666666,9,3,2,4.938271603,0.6666666666666666,9
7bQXtiJPkjLwhczh5nzgM6MmEo2K9fy6DjgFCLgSpump,4FEGV9upZPiRejpSu9FLgxuwcZLFY4HkizkN6EBQDAiU,425732287,1781168545,4,3,0,4.975308642,0.0,19,4,0,8.925925924,0.0,65
66McNrbzKfibXKaoxpiSRxaHnuAQNDvKLVDYmi7fpump,HpFvtL3W7TrccSvMHEoQMKdysJU6DNFtN6bn8EF4L17v,426087162,1781309388,0,8,7,2.0,0.875,21,9,7,2.0,0.7777777777777778,23
HH1WDq9Z3vrr55aGKV2p4AurQk8XnwBkUFPhbUv4pump,A1jmc6mZGgCEJSSyj2BULXgYTHvAEShZERSiDQmnkufX,423890176,1780435381,3,6,0,6.0,0.0,26,6,0,6.0,0.0,79
9kPxYVChiV5KYJazFmpmHYNBdUDSAp1bSxFQW1DFpump,7naFFwuEJWeWwWYQUkgAWHsxYKg3KctEuUj42JdAMidP,423645296,1780338082,2,17,2,4.0,0.11764705882352941,40,17,2,4.0,0.11764705882352941,40
7STAsuDVxuaG9Kr4hKvgHyyUwLr5M5zB5nemowkzpump,ETE9mMMRCTTVZeHEH8vdmZ3F5SgVw4c1TCJrLadPkwEs,423602252,1780320977,17,4,0,0.348804498,0.0,47,7,0,0.8426316570000001,0.0,108
4u27mtbMV7gLETj7vAznwtarYP8K96yH166wBfRvcXdZ,AV7PjXHL5JXZ1YoYRoN9Dsstg1x2UciBupMCXcJP8gUz,426240655,1781370303,3,5,1,6.0,0.2,14,9,1,6.0,0.1111111111111111,33
CPKqr3ryH6vYtq8B2ibv8YGV5VB9vtkGnGasuhvGpump,EioTs6MQJ7onYN2MR1it3dGYw6kwVNwDq1pkrUxNoBWy,424331416,1780611088,1,5,2,0.246913579,0.4,9,5,2,0.246913579,0.4,12
3nudmzyjrJ7vGV8rqcaPxqMTGUU9fmC1uzFL3Zjopump,Ct2zF41y4pWiwXtBjaUpfTtEvKxD4gdxkaXhfSrXJSUT,426025297,1781284808,3,3,2,1.0,0.6666666666666666,10,4,2,1.0,0.5,12
2DkrY8hFQ47GCqMkUGCabbnm1sQMUJnMJhZjQW1Mpump,Ef3Mfv6DJHEwJTYoC6PzNtGwh3FiUzMFEPGf7f7EoKNo,425681430,1781148364,13,4,0,1.185185184,0.0,12,11,0,1.185185184,0.0,53
4pkKXw24ATRsgiK95hK2ULSfaMpcKn71wBXXVDL2pump,7naFFwuEJWeWwWYQUkgAWHsxYKg3KctEuUj42JdAMidP,426025909,1781285055,0,6,5,4.0,0.8333333333333334,15,6,5,4.0,0.8333333333333334,15
94mHQXmLD5AVrFozZThPL6NG2Pu8xC6VaPqHrFYJpump,8NJ7Ujpji8uMF2675mqaTSEm2DCbfJA7fiRKtiaqkaLN,425741622,1781172247,4,4,2,2.962962962,0.5,7,4,2,2.962962962,0.5,8
99h92EtGcq9fwgY246w9LVGrMpcmATPb4VXdHn91pump,EwNVgVLjVXbKfi1S1yh6T1MZr3SQ6QHPAoBtwi2cnqYE,426318987,1781401394,13,3,0,0.09938271600000001,0.0,33,3,0,0.09938271600000001,0.0,55
5m5GmWpqoocSXgRYLHh9AFQRnj7MDK9TnnG6bjGAPPV7,bwamJzztZsepfkteWRChggmXuiiCQvpLqPietdNfSXa,424057579,1780502010,14,3,0,4.938271604,0.0,5,3,0,4.938271604,0.0,6
8G3E689A16tncJynqDaZDnxbQD5Rsa2W8wGoSnGVpump,BbAbkbABXGhduKT86gCnKUQscCiWqjhnx1zUoq8j5uwp,424592206,1780715076,34,3,0,0.500000001,0.0,41,3,0,0.500000001,0.0,82
FW7bRiCCR1t9VUwcPMMAdfBjnTHgefgZnwj9SmSQpump,Conx914UM6pTX5ieKqd1L8nH9AKMWfFoPfZHhTveAQMk,424646124,1780736577,0,7,6,5.0,0.8571428571428571,10,16,6,5.0,0.375,31
CmbcV7ddrMPyDKETY935uyEjN5WLvQcDqoum8QqhZCNn,EndJzwh6H2GwrKsc5JQ1tJoKbQDA1TywFvwdMPwJELSQ,423677837,1780351007,0,12,7,3.960396039,0.5833333333333334,23,14,7,3.960396039,0.5,36
BsHMDgphFVCCUSbc56AX8zpbZTbyQKpS2umYq8Cfpump,EfEymMLDSyGxhMKztbdffK6fMEES3UGzFd389EE8ELLY,425676621,1781146458,0,54,4,3.0,0.07407407407407407,110,160,4,3.0,0.025,453
7bHKQRZhHQCa838Avf7yiXB6MriM7s2Eor92tVbypump,8zHtwvmAquzdwfj2ZzJW7jkYhfwHRPTiheZimntfuKFC,425883108,1781228336,25,4,0,1.97530864,0.0,6,4,0,1.97530864,0.0,8
2ZDXpduEHhoRUCVmm1RvBB15dj7ARG51whqHVJahpump,2RntLBhZLucEpeycr7BseKG9R8hVuGNJuNXTc36nmw1D,425704264,1781157421,0,13,11,0.0,0.8461538461538461,13,16,11,0.0,0.6875,213
A944moJNcTH6LqRMhgYKMJe5ztJigpPtM6f4UGH4pump,81Q6qy7BWhRiWQ4dpyFvgbnZBJZZVWCpKBsaCZuqxpRS,423631025,1780332434,27,3,0,0.154074073,0.0,41,5,0,0.154074073,0.0,70
39G8H2D79MU6c4LBrsBANHu2XdoHRX1mPVGCXEgJpump,5iFNpd3roSTqmVUoprCu5TgL9E6QCc4QXPEhJtRFc2Jg,424517648,1780685376,0,6,4,3.083247688,0.6666666666666666,26,6,4,3.083247688,0.6666666666666666,28
AqAr5s1ozbFNgWcyur3E75iNfW4G6tv2wjKR2SQupump,5YgQs6T5cc2QPFY3L9k6n49D6ufQ9dNd97c5moy8MoEs,424919744,1780845647,20,4,0,1.000000001,0.0,41,5,0,1.000000001,0.0,71
6bgnkXfBhv768GdukNc9Ec5ZyhexvhbQxz4ZV6Vvpump,5qWge4zUyQenk53EhAAQ5yP4LWxuvdqJpRBZZbGd4tv9,424464206,1780664045,109,3,0,7.000000001,0.0,5,4,0,7.000000001,0.0,8
AGid5TFMT6ofC3kdd4GhiYExtzHTpbgspx2PcfZfpump,4gsdH5ZXDxZjLSZnybHKrViX9WJLFbj7ZVj7XV8zAL9x,424617663,1780725228,16,3,0,0.395061727,0.0,7,3,0,0.395061727,0.0,8
7WmyFdxuHKaK1jjhfJVXY8PyvauEJgSVEuj2nzL5pump,Dw3uyxmofgtyoxK1YWdstav742JN9WRfdpdPbxiWS9pp,426056102,1781297062,79,3,1,0.041997201,0.3333333333333333,4,3,1,0.041997201,0.3333333333333333,6
kx3AvC1AbX6gQ7Hosv3u3ZTJvLFq8xQCZC34X3Fpump,BESef2cZ1WLMDDg75Cy7G7vmLD8MFw7u3SDgs1jMWR5m,423981872,1780471869,18,3,0,0.052040447999999996,0.0,53,3,0,0.06572932599999999,0.0,120
FE8TaHuUXwvvRiGMCSQaobuSCoHtPaSov7AZG92npump,G8FBfuFfDuW3x8dZsnNPRCc9Y2AkWURk68A5LkNRS7Yn,426332366,1781406709,0,5,5,0.001,1.0,5,22,5,0.001,0.22727272727272727,64
91pwU9J4sKb5tVbNwj76TtnqCdCfsXSkXV1FRyMRpump,J5yptgPmnCGZ169rD5aWR2dP51uETzkqeAZpX7MXFryW,424045564,1780497222,0,4,3,0.197530863,0.75,13,4,3,0.197530863,0.75,17
J8YYA9b5dGdf2mMMmbJLWMeJMB9VdxbjG9xJXFpHpump,EzLu1DKTFqy81onnwBp7gSNzfFodqMcY9ABdZM8sTZ3H,425375805,1781027303,3,17,1,3.0,0.058823529411764705,47,51,1,3.0,0.0196078431372549,183
JBMqGYCM1mzTxYbGJPQK45PfvscXS3cfrTEc5nS1pump,HkF8L8P24ZEd8SmjRbVzwqe34tiVfMN1p3pafHduTtv6,424095388,1780517063,3,3,0,0.740740739,0.0,14,3,0,0.7896296270000001,0.0,38
BBLiH62idTJURKeumhwiLpcedGjAEajcostyCPUgpump,81g65vsKxtSnSiAng4V24UbhCs2TGuwmMeeTgjQeAoCZ,424606897,1780720939,0,12,11,0.0,0.9166666666666666,14,14,11,0.0,0.7857142857142857,180
7WpQqJfQ8WmWawipwsWF1UYpctM5TLeWWbZrrKqKpump,7FVfSdnR9VPGjMtmBP1Hz9C2DFTpoNX8gVVRmnimnGt9,425196592,1780955882,34,3,0,0.100000001,0.0,50,4,0,0.16913579999999998,0.0,93
GS4teHiTV5MKir4X8134M7Bf7Q7QCyTd75nomyX8pump,EUxNN1bGs9DrnogGzxLVXhL5df9czd7brnFBWD561xfS,423680064,1780351889,0,17,6,1.97530864,0.35294117647058826,27,46,6,1.97530864,0.13043478260869565,112
HzYXsHvtXcdYq5vYkrRhojTzxgLZUxCZp7eRjwhEpump,6oABnktxmqBX7S3aF64nzD3zYj7Dt6bjYDt8xTwYj6oY,424701620,1780758739,0,27,3,5.0,0.1111111111111111,62,56,3,5.0,0.05357142857142857,181
DiGCvc4XTXkjLA2QQWQ4gUoxiPk2qZWGoEhpFoohpump,3aytukdp7Rnp965tkRZJuk6J1kaNKrmurBMPYGSBxmVB,423847779,1780418507,2,3,2,1.777777776,0.6666666666666666,7,3,2,1.777777776,0.6666666666666666,8
8GgqsCyFHKYcaRKyqf34ehCc2y6QJZouQ3vHuEp3pump,BgM2JD2iViGj6QGgRMVHLiwZTaQu2tzzTugpnLwQ3ePY,426230717,1781366352,2,3,2,0.296296295,0.6666666666666666,5,3,2,0.296296295,0.6666666666666666,19
9VHQN7ey9B54gSUSgTXo4ebwP6hxw7LSrHtAkPFWpump,FFdBLYqL9rs5fUT38ArE8GV2L3BziEgG5LJUu6sshfkF,424229961,1780570659,0,13,5,3.0,0.38461538461538464,25,14,5,3.0,0.35714285714285715,37
6i7XHjUt3cXGKGTqAZRLHyxUYhfb7FPRVVTqzw2Cpump,7FVfSdnR9VPGjMtmBP1Hz9C2DFTpoNX8gVVRmnimnGt9,425902879,1781236162,76,3,0,0.075753086,0.0,157,3,0,0.075753086,0.0,159
8NkcB4sGDcCvzCsQTWvcbpuFxWXPkMVDhXajfTHBpump,BUQYX7q89BXjNkUHbQHTZFibsVeWAeXtREU7WE6Q6Zmv,425973352,1781264181,0,12,11,0.0,0.9166666666666666,12,12,11,0.0,0.9166666666666666,177
6p4idapihTB8Wxrqw6yTikE6eVwsYTAofwUS6P9Spump,H8srYEpyWnGQ1FnqoYJfXEjjaiw6hwwMUx7EL4xQsZQr,425103932,1780918982,20,4,0,0.802212265,0.0,49,5,0,0.933596401,0.0,89
HUwJc42rQ26Kyt8zjgkyw854hjKhkyGYF5bs6mMFpump,DtzVZn4YiYCp29kE3dbBruwt4iWg7K5qBRe2GF5tp1fW,425814886,1781201294,22,4,0,0.98765432,0.0,10,4,0,0.98765432,0.0,10
7eAfieEvrzr5X7FLynrqNTWnUcGSiRqVsy4WKGwc71mx,7FkxnhWfhLRrrgarfteLsLw4E8pDPQ74JoFJdwPnrht4,425572918,1781105327,0,3,3,8.889876542,1.0,13,3,3,8.889876542,1.0,16
HruwRHkMLBmuVbAXJyFEKVizHQTno2pyYdq8TeWSpump,9Tr9YjFR314UFcdFDk5ksypHR19gJrKNbt2Gt9dosvR1,425688509,1781151176,13,3,0,0.567407407,0.0,44,3,0,0.814320986,0.0,124
HixsiJHj2vRS7Fd5ffGigTYx446EDTAauVqhJEyyr5dh,GeUnv1jmtviRbR7Gu1JnXSGkUMUgFVBHuEVQVpTaUX1W,423640488,1780336174,0,3,3,3.0,1.0,5,3,3,3.0,1.0,8
14LdHtepHnq82wgAgKjFHfN4Hb8HXTeueRvc1xuKpump,71KHUXgywCCciqvWSYwE34DA2Adh2iDYHuurz91iJhbm,423810872,1780403847,0,5,5,2.962962962,1.0,10,8,5,2.962962962,0.625,19
px71fwAdTT5BsmRSVqHYHvNeyLjZzpTPaNhiGqnpump,G2rjUE1s4f2cY6e1KjVwfsqgp4u4TfHHAQK2qXbmNM1G,424090651,1780515178,0,4,3,1.957390147,0.75,9,17,3,1.957390147,0.17647058823529413,33
GuxFyM9Kjpiv6NxQqciMdZaxCPtwhob1qVP2XVxJpump,8eRqKaZProoVrmhUtCPtUotP3XT2xq9Pj7697jjoHiQB,424011212,1780483537,76,3,0,26.271530990000002,0.0,270,3,0,26.271530990000002,0.0,288
66f63wXhVA13vsopGTEiT6aZgeob9k6CGuUEKNvspump,5ZuV8eqkvzYFVEKbLvGBdexL2tFv7E5BCd2HZpjqbdg,424377364,1780629424,0,49,8,9.876543209,0.16326530612244897,75,120,8,9.876543209,0.06666666666666667,321
AztPQtjE2uDR57AoEdMDV9TNjsKSREjDQ5H9vm3Wpump,FqZbbaWUwFMZj5xXe8acLVcrDCX3Gwi5vEmFJ6KgZ1ev,425935281,1781249039,8,3,0,5.4314263899999995,0.0,72,3,0,5.609673527,0.0,168
BhiSfHGPHcmnmadJrPudYuFPMg58emM6iYY47TA3pump,DpS9GYKtPyyx8afX9spSxi2jmbGpDcpq5PDURdG97f6j,423618090,1780327292,0,13,7,3.0,0.5384615384615384,21,17,7,3.0,0.4117647058823529,43
DhxFGghsdsbgX8vKFhWxEkh4zfxK5yYkCYr4pox5bmeS,GeUnv1jmtviRbR7Gu1JnXSGkUMUgFVBHuEVQVpTaUX1W,424664491,1780743905,0,3,3,3.0,1.0,5,4,3,3.0,0.75,9
DzZdfgR5nahLn12M432UQSVBuRYNc1dQ14xvuX5Vpump,48a5MsorNjiMcLxcoN4GPtTAkxYcVKD9LGxp9fixsHvB,423490128,1780276451,14,3,0,1.97530864,0.0,34,3,0,1.97530864,0.0,57
FgkoijPp4cEBRynMV3pxNurX8FZedQuirTqmWJDkpump,CJYNMqDZcDwDshCSRgBmtDJmgzdvE5AejmvP918w51iL,423897158,1780438159,76,3,2,4.938271604,0.6666666666666666,7,3,2,4.938271604,0.6666666666666666,7
8uS22NtBPwR4XGVwDvKFdSvTsYrWgV4jvoW7wrWwpump,6MPMkMMytX9FGmdJsZt27QBJP8Aw4ywQG1rhLmTRwkoK,423950952,1780459578,8,3,0,0.11871407099999999,0.0,17,3,0,0.11871407099999999,0.0,18
4Q9ektzLuvbLURje72vnbJGjbpXaor4zQRPLuEHfpump,3SUnsU4iE99PgscFeUSm2pXgGm5duEfyyg4yqiQj8VLx,424890272,1780833913,48,3,0,14.814814813,0.0,12,3,0,14.814814813,0.0,12
83YwxNhkq6Xx3yazooEpdFk9GTYBL6imqGbdW4y5pump,BEomBjFQriNuXL5giSd2FEBZGweoYGE428T5aQUqyuJq,425572673,1781105229,1,3,0,0.493827159,0.0,6,3,0,0.493827159,0.0,7
21VWRW8XcqBrJymJp5idhpTpdtnJqLe3GdqaESiepump,DJEhHZFgeNepb2PkXZcPbUUeo4k2LgvK6pZ9d6Hww5CL,426491687,1781469996,2,7,0,0.9875,0.0,20,8,0,0.9875,0.0,33
ELn81rhHokkdCYbpbV8kqJvdtSQAnDTdBK67w62Zpump,6v57W5RdqjUURu9KjkzYNp219EuxHg5aiLRn2MPxakiW,426417258,1781440424,5,4,0,0.098765431,0.0,9,4,0,0.098765431,0.0,10
8k4b6J22ZCSSeNjqW6bz5BG4nJWUHUAGZzgqoUfTpump,ELRAeApTeGb3FZMvJwf92SyX5z9cRJ3agjZ3tjQAhJ5u,424837656,1780812963,7,3,0,0.666,0.0,17,5,0,0.666,0.0,50
GMVHTHLPFFZd6NPANwZNZzMSLz5TLCzVFSvjgKkbpump,4g3Wfh5UpzoW9TH98yw2FiGLUQG5g1bHuo5CeMs1D8Ex,423693039,1780357037,9,8,1,0.036494359,0.125,12,8,1,0.036494359,0.125,18
47VYFg5yTDiZkkZsWpJp41k6WWxS3sQQurGEddJJpump,8mnsJDikcq4gFQLQaP7GTiKpN6uw5oV3w2xUm3H4mvtc,423964381,1780464925,0,55,16,4.938271604,0.2909090909090909,106,89,16,4.938271604,0.1797752808988764,223
DWkv8hXj3SdbcRcxPXdmZ2aswyqNtGwzyzPuks2hpump,DHBuseJn5PQhwphR9LiuHcH633PtWeCHjRksjg4ddiPL,426507096,1781476123,92,3,0,0.060000001,0.0,25,4,0,0.060000001,0.0,27
A5HWHidpjB2FX535LPj7Dggz8ZpnfFRRY4quDTxzpump,5LRUotjBmr7nZuyMhFyhRF5ZMoZj9RNFVAjLTsFm5gos,425262483,1780982165,16,3,0,0.0001,0.0,15,3,0,0.0001,0.0,23
DpA1BmjD2JfaDTJ9BFqBeQLwFRkGt2v56re4thezpump,G9BFdDhdzXETNr87S6tJRcDCdt6pJZ2ePpFEGHyvJxF9,426467272,1781460289,21,3,0,0.98765432,0.0,78,3,0,0.98765432,0.0,102
4V5u2U9JqNKfFbFBtQeRV3ukBDztd3twWZkHjfGwpump,aSWCaHZajgo2F5UVdzngMUimCPxiR7WrZ2nP71QtE39,426246727,1781372712,17,3,0,0.137000001,0.0,21,8,0,0.156753085,0.0,110
HMm45CEXwDddKjqhV3wNK8ciWqG5crJ86iBQZWMkpump,BMgh6drkRtvdHJX9EBSgztvby6UEVL1yKzQvS4DkqsaT,425057543,1780900502,13,3,0,1.634171849,0.0,24,3,0,1.8297274029999997,0.0,54
428Rprrdp7Dec5yC5s7U1iaiAjMVgUD4D5doGJzppump,461DM6gC3RCpc94P2XSayaXr9u9bHfC1NaeKK3M1Mm8r,424339720,1780614405,7,3,0,7.901234566,0.0,19,5,0,8.888888886,0.0,60
5M1413wfNVhW92pJsp11xWDp5UkFUoPx8YnYM6fpump,HF2EGxkKXRhdR93ZN5fY925PpecZDwRfKwhag6mvFMLW,425250882,1780977533,2,5,0,2.962962962,0.0,11,7,0,2.962962962,0.0,19
EGfowW1n9Vz7MgeTsiYr2GjNzr1AvakqHwqxjePfpump,DjM7Tu7whh6P3pGVBfDzwXAx2zaw51GJWrJE3PwtuN7s,425991382,1781271319,2,3,1,5.590123455,0.3333333333333333,10,5,1,5.590123455,0.2,14
FKEwCK91uLTPF6TRcPjeVMKw3PpAjA4dfNuPb477pump,G9BFdDhdzXETNr87S6tJRcDCdt6pJZ2ePpFEGHyvJxF9,426089342,1781310257,0,3,3,3.0,1.0,6,7,3,3.0,0.42857142857142855,21
JhxvfjuAw7q7DTjs4QkYtdALxcG79Rs55NbTBQmpump,J21LueVG8W674iniMbzvaqyGQTQPxf7mfXCgHvxURUVe,425226616,1780967853,40,3,0,1.0,0.0,11,3,0,1.0,0.0,11
8H119Z5MYdNeX7pfbGVas88oDs6Bc667ipiJCEkFpump,8o8UpqgHCnyuRgXqzMh3irScfjtpKB2Bj52iFGfJs5R6,425146990,1780936120,13,3,2,0.98765432,0.6666666666666666,7,3,2,0.98765432,0.6666666666666666,10
Fq8wZJA6c5cy1UYTSqSoSicYNSbFfwo2UU3moF4sW1ub,bwomEMQzkxVk5AF4qydyckDCuMEjaj95afietSMugYp,425378584,1781028402,0,8,5,5.0,0.625,18,8,5,5.0,0.625,18
5cUyMtz1GrFfHQo6As9SCxHfk5FrFwGqvZW1vVMjpump,6pXoxnRW6L7jASUUfSzfbLYSkiTJ6neiqZAyNzq2NLLG,425720908,1781164023,10,5,0,1.487654321,0.0,31,7,0,2.475308639,0.0,83
8QfmGQvBnbKcXqmH1JSNYqSLS6PtTrYT3N4ttstpump,HDycA23pTyK8yywPvEa1BohzNdp4hLQExsA8EeXbtyDX,426178876,1781345792,0,10,4,1.975308641,0.4,13,20,4,1.975308641,0.2,29
7DYG1HzPyHHE7fqx9e6roi1w5ZusLBnTEBcKM9MXpump,HqY4hDSvWNKBBhomzL3fwJpDQ8B1yXK7isYnFyDx3vF9,425011124,1780882026,0,3,2,0.200000001,0.6666666666666666,4,3,2,0.200000001,0.6666666666666666,5
3Uwg8ynPVKDAS4gbs586NoAeTd4Ne3P5G23iKcrCpump,8YcbyX92UHTU23HZv3ccP9o13qibErQkKaUjoxqxd7SJ,426032120,1781287532,0,6,5,1.0,0.8333333333333334,15,8,5,1.0,0.625,19
AdhXE25xBnrSYjBJXEifAdauTrFqScKQGPvuvSDCpump,A1jmc6mZGgCEJSSyj2BULXgYTHvAEShZERSiDQmnkufX,424122594,1780527897,11,3,0,3.009777777,0.0,29,3,0,3.009777777,0.0,52
FSXhWLbLSZuHKdg5jgN8sXG82YXBiYnjrW2Tbn8Lpump,75YkFbM2K6P4zAXhB9B9k76hdsubAKn8nNDuGxL652mY,426481283,1781465854,7,3,0,0.493827159,0.0,28,4,0,0.493827159,0.0,80
A4QfWWGyTz4jyiAG1ETVwW2LVsrmHcs5WtEDbeL7pump,CXoUJHtBGnuNR6zJ3zm8nTnNzCwXxFViXh29d1kTJQmK,424036418,1780493572,0,9,5,2.0,0.5555555555555556,17,83,5,2.0,0.060240963855421686,226
2ZpnU3qyEB5HgH8sShzKktgD1SSQ2qxvDGfRGsxEpump,7moqFjvm2MwAiMtCZoqYoTAPzRBxxMRT2ddyHThQuWjr,426020300,1781282831,0,9,7,3.0,0.7777777777777778,18,35,7,3.0,0.2,96
BinaXkJVkYdNw83u19G4s6uSiVC75XvejLg9UCKypump,7FVfSdnR9VPGjMtmBP1Hz9C2DFTpoNX8gVVRmnimnGt9,425279192,1780988811,39,3,0,0.055000001,0.0,30,3,0,0.055000001,0.0,41
71iQoqdiwmrTTdoJjA6tYWwvfw7NeAe8YjHSboqvpump,D3inijzz6V1beYtpxn9u5xzUY3rTiR9qDrww15QDvgRs,424190418,1780554926,2,28,0,3.456790122,0.0,52,33,0,3.456790122,0.0,83
4ArFhNqe772PNFGek1NiJQmPuSDA5vNHC334kpYFpump,4FEGV9upZPiRejpSu9FLgxuwcZLFY4HkizkN6EBQDAiU,426168146,1781341537,18,3,0,1.000000001,0.0,30,3,0,1.000000001,0.0,30
