source,msg_id,ts_utc,url,text,author_kind,edited
solana100xcall,31035,2026-06-01T04:00:13+00:00,https://t.me/solana100xcall/31035,,bot,False
solana100xcall,31036,2026-06-01T10:00:13+00:00,https://t.me/solana100xcall/31036,,bot,False
solana100xcall,31037,2026-06-01T14:23:36+00:00,https://t.me/solana100xcall/31037,"$99N2 REACHED 💰6.0X💰 AFTER VIP SIGNAL

💰 6.0x From Call!
🏠 MCap: $24.9K ➜ $148.9K (ATH) 😎

CA: 99N2yocr2m9e2NxrBqAsUgxrHyDriFUknUq6tAPupump

🧮 Position PnL
💵 $100 → $598 (PnL +$498)

⚡ Stop watching from the outside. Get VIP access now",bot,False
solana100xcall,31038,2026-06-01T14:26:05+00:00,https://t.me/solana100xcall/31038,"$DJ5F REACHED 💰4.4X💰 AFTER VIP SIGNAL

💰 4.4x From Call!
🏠 MCap: $5.6K ➜ $24.7K (ATH) 😎

CA: dJ5fQ1vN4DYdtvq2g2HavhSfWDRdDHQ2cjN2ZMQpump

🧮 Position PnL
💵 $100 → $441 (PnL +$341)

🎯 Promote your token here. Reach our entire Solana community",bot,False
solana100xcall,31039,2026-06-01T14:26:22+00:00,https://t.me/solana100xcall/31039,"$RALT REACHED 💰2.6X💰 AFTER VIP SIGNAL

💰 2.6x From Call!
🏠 MCap: $7.2K ➜ $18.8K (ATH) 😎

🎯 Get in before the next 10x. VIP signals running 24/7",bot,False
solana100xcall,31040,2026-06-01T14:29:53+00:00,https://t.me/solana100xcall/31040,"$gaylor REACHED 💰2.1X💰 AFTER VIP SIGNAL

💰 2.1x From Call!
🏠 MCap: $7.4K ➜ $15.5K (ATH) 😎

⚡ AlphaBot executes instantly. You could have caught this one",bot,False
solana100xcall,31041,2026-06-01T14:31:04+00:00,https://t.me/solana100xcall/31041,"$Champions REACHED 💰6.8X💰 AFTER VIP SIGNAL

💰 6.8x From Call!
🏠 MCap: $19.7K ➜ $134.5K (ATH) 😎

CA: 4hHzQSjiKJspR3nmV8wTicjaLuUuSYMddVSybQcJs5Nb

🧮 Position PnL
💵 $100 → $683 (PnL +$583)

🎯 Promote your token here. Reach our entire Solana community",bot,False
solana100xcall,31042,2026-06-01T14:34:56+00:00,https://t.me/solana100xcall/31042,"🔥 UPDATE 🔥

$Champions REACHED 💰7.0X💰 AFTER VIP SIGNAL

💰 7.0x From Call!
🏠 MCap: $19.7K ➜ $143.5K (ATH) 😎

CA: 4hHzQSjiKJspR3nmV8wTicjaLuUuSYMddVSybQcJs5Nb

🧮 Position PnL
💵 $100 → $700 (PnL +$600)

🚀 Next signal fires soon. Set up AlphaBot and ride it",bot,False
solana100xcall,31043,2026-06-01T14:41:13+00:00,https://t.me/solana100xcall/31043,"$MENCOIN REACHED 💰2.1X💰 AFTER VIP SIGNAL

💰 2.1x From Call!
🏠 MCap: $13.4K ➜ $27.8K (ATH) 😎

💎 One membership. Real signals. Real results.",bot,False
solana100xcall,31044,2026-06-01T14:43:24+00:00,https://t.me/solana100xcall/31044,"🔥 UPDATE 🔥

$Champions REACHED 💰8.0X💰 AFTER VIP SIGNAL

💰 8.0x From Call!
🏠 MCap: $19.7K ➜ $158.1K (ATH) 😎

CA: 4hHzQSjiKJspR3nmV8wTicjaLuUuSYMddVSybQcJs5Nb

🧮 Position PnL
💵 $100 → $800 (PnL +$700)

🔥 This call was VIP only. Get access before the next one",bot,False
solana100xcall,31045,2026-06-01T14:46:23+00:00,https://t.me/solana100xcall/31045,"$CHANCE REACHED 💰2.7X💰 AFTER VIP SIGNAL

💰 2.7x From Call!
🏠 MCap: $5.4K ➜ $14.5K (ATH) 😎

🎯 While you watched this pump, AlphaBot already took profit",bot,False
solana100xcall,31046,2026-06-01T14:51:24+00:00,https://t.me/solana100xcall/31046,"🔥 UPDATE 🔥

$CHANCE REACHED 💰3.0X💰 AFTER VIP SIGNAL

💰 3.0x From Call!
🏠 MCap: $5.4K ➜ $17.0K (ATH) 😎

CA: 9sZAwTL7FHrrjwiGG3qm8syFrurrfxHad3QjdSF4CFb1

🧮 Position PnL
💵 $100 → $300 (PnL +$200)

🎯 While you watched this pump, AlphaBot already took profit",bot,False
solana100xcall,31047,2026-06-01T14:56:38+00:00,https://t.me/solana100xcall/31047,"$micro REACHED 💰3.1X💰 AFTER VIP SIGNAL

💰 3.1x From Call!
🏠 MCap: $7.2K ➜ $22.2K (ATH) 😎

CA: rALTauDCM5KAowRj52dfS1j51YT269gJiHz7Pzapump

🧮 Position PnL
💵 $100 → $309 (PnL +$209)

🔥 This call was VIP only. Get access before the next one",bot,False
solana100xcall,31048,2026-06-01T14:56:43+00:00,https://t.me/solana100xcall/31048,"🔥 UPDATE 🔥

$Champions REACHED 💰9.4X💰 AFTER VIP SIGNAL

💰 9.4x From Call!
🏠 MCap: $19.7K ➜ $184.8K (ATH) 😎

CA: 4hHzQSjiKJspR3nmV8wTicjaLuUuSYMddVSybQcJs5Nb

🧮 Position PnL
💵 $100 → $938 (PnL +$838)

🎯 While you watched this pump, AlphaBot already took profit",bot,False
solana100xcall,31049,2026-06-01T14:58:49+00:00,https://t.me/solana100xcall/31049,"$MARGARET REACHED 💰3.1X💰 AFTER VIP SIGNAL

💰 3.1x From Call!
🏠 MCap: $5.4K ➜ $16.6K (ATH) 😎

CA: aJsYToEJj7P6wAstW7YtP9KAhRMjG6eWGTujJB5g8Yo

🧮 Position PnL
💵 $100 → $307 (PnL +$207)

💎 One membership. Real signals. Real results.",bot,False
solana100xcall,31050,2026-06-01T14:59:54+00:00,https://t.me/solana100xcall/31050,"🔥 UPDATE 🔥

$Champions REACHED 💰11.0X💰 AFTER VIP SIGNAL

💰 11.0x From Call!
🏠 MCap: $19.7K ➜ $219.7K (ATH) 😎

CA: 4hHzQSjiKJspR3nmV8wTicjaLuUuSYMddVSybQcJs5Nb

🧮 Position PnL
💵 $100 → $1100 (PnL +$1000)

⚡ AlphaBot executes instantly. You could have caught this one",bot,False
solana100xcall,31051,2026-06-01T15:01:43+00:00,https://t.me/solana100xcall/31051,"$DB7V REACHED 💰2.6X💰 AFTER VIP SIGNAL

💰 2.6x From Call!
🏠 MCap: $5.4K ➜ $14.2K (ATH) 😎

🚀 Next signal fires soon. Set up AlphaBot and ride it",bot,False
solana100xcall,31052,2026-06-01T15:03:06+00:00,https://t.me/solana100xcall/31052,"$WORLDCUP REACHED 💰2.6X💰 AFTER VIP SIGNAL

💰 2.6x From Call!
🏠 MCap: $16.4K ➜ $43.0K (ATH) 😎

💎 One membership. Real signals. Real results.",bot,False
solana100xcall,31053,2026-06-01T15:04:55+00:00,https://t.me/solana100xcall/31053,"🔥 UPDATE 🔥

$micro REACHED 💰4.0X💰 AFTER VIP SIGNAL

💰 4.0x From Call!
🏠 MCap: $7.2K ➜ $31.5K (ATH) 😎

CA: rALTauDCM5KAowRj52dfS1j51YT269gJiHz7Pzapump

🧮 Position PnL
💵 $100 → $400 (PnL +$300)

🚀 Next signal fires soon. Set up AlphaBot and ride it",bot,False
solana100xcall,31054,2026-06-01T15:16:33+00:00,https://t.me/solana100xcall/31054,"$NSFW REACHED 💰2.3X💰 AFTER VIP SIGNAL

💰 2.3x From Call!
🏠 MCap: $11.3K ➜ $25.7K (ATH) 😎

⚡ Stop watching from the outside. Get VIP access now",bot,False
solana100xcall,31055,2026-06-01T15:22:36+00:00,https://t.me/solana100xcall/31055,"$GAY REACHED 💰2.9X💰 AFTER VIP SIGNAL

💰 2.9x From Call!
🏠 MCap: $9.9K ➜ $29.1K (ATH) 😎

⭐ Sniper, ALPHA and APEX signals. One membership, five VIP channels",bot,False
solana100xcall,31056,2026-06-01T15:26:47+00:00,https://t.me/solana100xcall/31056,"$GAY REACHED 💰2.1X💰 AFTER VIP SIGNAL

💰 2.1x From Call!
🏠 MCap: $13.5K ➜ $28.5K (ATH) 😎

⚡ AlphaBot executes instantly. You could have caught this one",bot,False
solana100xcall,31057,2026-06-01T15:42:22+00:00,https://t.me/solana100xcall/31057,"$100x REACHED 💰5.5X💰 AFTER VIP SIGNAL

💰 5.5x From Call!
🏠 MCap: $5.1K ➜ $27.9K (ATH) 😎

CA: 2TkQ1iEnBNf3BW7isViwVj8vSv7B5FNoM39535WCpump

🧮 Position PnL
💵 $100 → $547 (PnL +$447)

🎯 Promote your token here. Reach our entire Solana community",bot,False
solana100xcall,31058,2026-06-01T15:43:07+00:00,https://t.me/solana100xcall/31058,"$100x REACHED 💰8.9X💰 AFTER VIP SIGNAL

💰 8.9x From Call!
🏠 MCap: $6.0K ➜ $53.3K (ATH) 😎

CA: 4usv3AsjtjeWqKxtafFxV7wYEJabhgxEoTDnXTvHL1C6

🧮 Position PnL
💵 $100 → $888 (PnL +$788)

⭐ Sniper, ALPHA and APEX signals. One membership, five VIP channels",bot,False
solana100xcall,31059,2026-06-01T15:47:36+00:00,https://t.me/solana100xcall/31059,"$GDD7 REACHED 💰2.7X💰 AFTER VIP SIGNAL

💰 2.7x From Call!
🏠 MCap: $6.5K ➜ $17.7K (ATH) 😎

🎯 Promote your token here. Reach our entire Solana community",bot,False
solana100xcall,31060,2026-06-01T15:48:21+00:00,https://t.me/solana100xcall/31060,"$VALUELESS REACHED 💰4.0X💰 AFTER VIP SIGNAL

💰 4.0x From Call!
🏠 MCap: $5.1K ➜ $20.6K (ATH) 😎

CA: 5FW6a6QQgEqVFpPCgrwGWb3gsQpaSHAGepV6Mk3kpump

🧮 Position PnL
💵 $100 → $403 (PnL +$303)

🎯 Get in before the next 10x. VIP signals running 24/7",bot,False
solana100xcall,31061,2026-06-01T15:50:56+00:00,https://t.me/solana100xcall/31061,"🔥 UPDATE 🔥

$GDD7 REACHED 💰4.0X💰 AFTER VIP SIGNAL

💰 4.0x From Call!
🏠 MCap: $6.5K ➜ $28.6K (ATH) 😎

CA: Gdd7sP4xpsD7xhYEXvQkDCMBtZkzJ6oLxwYAMTEupump

🧮 Position PnL
💵 $100 → $400 (PnL +$300)

🔥 This call was VIP only. Get access before the next one",bot,False
solana100xcall,31062,2026-06-01T15:52:00+00:00,https://t.me/solana100xcall/31062,"🔥 UPDATE 🔥

$100x REACHED 💰6.0X💰 AFTER VIP SIGNAL

💰 6.0x From Call!
🏠 MCap: $5.1K ➜ $31.4K (ATH) 😎

CA: 2TkQ1iEnBNf3BW7isViwVj8vSv7B5FNoM39535WCpump

🧮 Position PnL
💵 $100 → $600 (PnL +$500)

🎯 While you watched this pump, AlphaBot already took profit",bot,False
solana100xcall,31063,2026-06-01T15:54:26+00:00,https://t.me/solana100xcall/31063,"$Unstoppable REACHED 💰2.0X💰 AFTER VIP SIGNAL

💰 2.0x From Call!
🏠 MCap: $17.2K ➜ $45.8K (ATH) 😎

📢 Advertise your project to 17K+ Solana traders",bot,False
solana100xcall,31064,2026-06-01T15:55:57+00:00,https://t.me/solana100xcall/31064,"🔥 UPDATE 🔥

$Unstoppable REACHED 💰4.0X💰 AFTER VIP SIGNAL

💰 4.0x From Call!
🏠 MCap: $17.2K ➜ $70.5K (ATH) 😎

CA: 146btmhjr3oDcLeF8PJJJyXYaduibjE3KoyPLV1jpump

🧮 Position PnL
💵 $100 → $400 (PnL +$300)

🚀 Next signal fires soon. Set up AlphaBot and ride it",bot,False
solana100xcall,31065,2026-06-01T15:57:07+00:00,https://t.me/solana100xcall/31065,"🔥 UPDATE 🔥

$Unstoppable REACHED 💰3.0X💰 AFTER VIP SIGNAL

💰 3.0x From Call!
🏠 MCap: $17.2K ➜ $54.5K (ATH) 😎

CA: 146btmhjr3oDcLeF8PJJJyXYaduibjE3KoyPLV1jpump

🧮 Position PnL
💵 $100 → $300 (PnL +$200)

⚡ Stop watching from the outside. Get VIP access now",bot,False
solana100xcall,31066,2026-06-01T16:00:13+00:00,https://t.me/solana100xcall/31066,,bot,False
solana100xcall,31067,2026-06-01T16:02:34+00:00,https://t.me/solana100xcall/31067,"$ANTH REACHED 💰2.0X💰 AFTER VIP SIGNAL

💰 2.0x From Call!
🏠 MCap: $20.2K ➜ $41.2K (ATH) 😎

⚡ AlphaBot executes instantly. You could have caught this one",bot,False
solana100xcall,31068,2026-06-01T16:04:41+00:00,https://t.me/solana100xcall/31068,"$GRAM REACHED 💰2.2X💰 AFTER VIP SIGNAL

💰 2.2x From Call!
🏠 MCap: $11.7K ➜ $25.5K (ATH) 😎

💎 One membership. Real signals. Real results.",bot,False
solana100xcall,31069,2026-06-01T16:09:14+00:00,https://t.me/solana100xcall/31069,"🔥 UPDATE 🔥

$100x REACHED 💰9.0X💰 AFTER VIP SIGNAL

💰 9.0x From Call!
🏠 MCap: $6.0K ➜ $55.5K (ATH) 😎

CA: 4usv3AsjtjeWqKxtafFxV7wYEJabhgxEoTDnXTvHL1C6

🧮 Position PnL
💵 $100 → $900 (PnL +$800)

⚡ AlphaBot executes instantly. You could have caught this one",bot,False
solana100xcall,31070,2026-06-01T16:09:29+00:00,https://t.me/solana100xcall/31070,"🔥 UPDATE 🔥

$100x REACHED 💰11.0X💰 AFTER VIP SIGNAL

💰 11.0x From Call!
🏠 MCap: $6.0K ➜ $68.6K (ATH) 😎

CA: 4usv3AsjtjeWqKxtafFxV7wYEJabhgxEoTDnXTvHL1C6

🧮 Position PnL
💵 $100 → $1100 (PnL +$1000)

🚀 Next signal fires soon. Set up AlphaBot and ride it",bot,False
solana100xcall,31071,2026-06-01T16:10:57+00:00,https://t.me/solana100xcall/31071,"🔥 UPDATE 🔥

$100x REACHED 💰42.0X💰 AFTER VIP SIGNAL

💰 42.0x From Call!
🏠 MCap: $6.0K ➜ $252.1K (ATH) 😎

CA: 4usv3AsjtjeWqKxtafFxV7wYEJabhgxEoTDnXTvHL1C6

🧮 Position PnL
💵 $100 → $4200 (PnL +$4100)

⚡ Stop watching from the outside. Get VIP access now",bot,False
solana100xcall,31072,2026-06-01T16:16:45+00:00,https://t.me/solana100xcall/31072,"$SHIT REACHED 💰3.3X💰 AFTER VIP SIGNAL

💰 3.3x From Call!
🏠 MCap: $6.7K ➜ $22.0K (ATH) 😎

CA: A2JNCjp1RTDH14Lu3cJGKyd8w1kpRw7PfMoTJUs6pump

🧮 Position PnL
💵 $100 → $329 (PnL +$229)

🎯 Promote your token here. Reach our entire Solana community",bot,False
solana100xcall,31073,2026-06-01T16:30:56+00:00,https://t.me/solana100xcall/31073,"🔥 UPDATE 🔥

$SHIT REACHED 💰4.0X💰 AFTER VIP SIGNAL

💰 4.0x From Call!
🏠 MCap: $6.7K ➜ $27.3K (ATH) 😎

CA: A2JNCjp1RTDH14Lu3cJGKyd8w1kpRw7PfMoTJUs6pump

🧮 Position PnL
💵 $100 → $400 (PnL +$300)

💎 One membership. Real signals. Real results.",bot,False
solana100xcall,31074,2026-06-01T16:38:35+00:00,https://t.me/solana100xcall/31074,"🔥 UPDATE 🔥

$SHIT REACHED 💰7.4X💰 AFTER VIP SIGNAL

💰 7.4x From Call!
🏠 MCap: $6.7K ➜ $49.7K (ATH) 😎

CA: A2JNCjp1RTDH14Lu3cJGKyd8w1kpRw7PfMoTJUs6pump

🧮 Position PnL
💵 $100 → $742 (PnL +$642)

🚀 Next signal fires soon. Set up AlphaBot and ride it",bot,False
solana100xcall,31075,2026-06-01T16:39:39+00:00,https://t.me/solana100xcall/31075,"$SLOP REACHED 💰2.2X💰 AFTER VIP SIGNAL

💰 2.2x From Call!
🏠 MCap: $9.2K ➜ $20.5K (ATH) 😎

💎 One membership. Real signals. Real results.",bot,False
solana100xcall,31076,2026-06-01T16:41:44+00:00,https://t.me/solana100xcall/31076,"🔥 UPDATE 🔥

$SHIT REACHED 💰9.0X💰 AFTER VIP SIGNAL

💰 9.0x From Call!
🏠 MCap: $6.7K ➜ $61.7K (ATH) 😎

CA: A2JNCjp1RTDH14Lu3cJGKyd8w1kpRw7PfMoTJUs6pump

🧮 Position PnL
💵 $100 → $900 (PnL +$800)

🎯 Get in before the next 10x. VIP signals running 24/7",bot,False
solana100xcall,31077,2026-06-01T16:50:06+00:00,https://t.me/solana100xcall/31077,"$BBNG REACHED 💰2.4X💰 AFTER VIP SIGNAL

💰 2.4x From Call!
🏠 MCap: $8.3K ➜ $20.2K (ATH) 😎

🚀 Next signal fires soon. Set up AlphaBot and ride it",bot,False
solana100xcall,31078,2026-06-01T16:55:35+00:00,https://t.me/solana100xcall/31078,"$onboard REACHED 💰2.6X💰 AFTER VIP SIGNAL

💰 2.6x From Call!
🏠 MCap: $14.2K ➜ $36.8K (ATH) 😎

💎 One membership. Real signals. Real results.",bot,False
solana100xcall,31079,2026-06-01T17:27:57+00:00,https://t.me/solana100xcall/31079,"$GOLEM REACHED 💰3.0X💰 AFTER VIP SIGNAL

💰 3.0x From Call!
🏠 MCap: $11.0K ➜ $36.6K (ATH) 😎

CA: 4t7WWuMmGbLzmUCHwjchtFW6DMNASLTJh3YRMBfppump

🧮 Position PnL
💵 $100 → $300 (PnL +$200)

🎯 Get in before the next 10x. VIP signals running 24/7",bot,False
solana100xcall,31080,2026-06-01T17:29:30+00:00,https://t.me/solana100xcall/31080,"$GOLEM REACHED 💰2.7X💰 AFTER VIP SIGNAL

💰 2.7x From Call!
🏠 MCap: $11.0K ➜ $29.5K (ATH) 😎

🎯 Promote your token here. Reach our entire Solana community",bot,False
solana100xcall,31081,2026-06-01T17:31:38+00:00,https://t.me/solana100xcall/31081,"🔥 UPDATE 🔥

$GOLEM REACHED 💰4.1X💰 AFTER VIP SIGNAL

💰 4.1x From Call!
🏠 MCap: $11.0K ➜ $45.5K (ATH) 😎

CA: 4t7WWuMmGbLzmUCHwjchtFW6DMNASLTJh3YRMBfppump

🧮 Position PnL
💵 $100 → $414 (PnL +$314)

🎯 Promote your token here. Reach our entire Solana community",bot,False
solana100xcall,31082,2026-06-01T17:32:27+00:00,https://t.me/solana100xcall/31082,"🔥 UPDATE 🔥

$GOLEM REACHED 💰5.0X💰 AFTER VIP SIGNAL

💰 5.0x From Call!
🏠 MCap: $11.0K ➜ $62.4K (ATH) 😎

CA: 4t7WWuMmGbLzmUCHwjchtFW6DMNASLTJh3YRMBfppump

🧮 Position PnL
💵 $100 → $500 (PnL +$400)

🎯 While you watched this pump, AlphaBot already took profit",bot,False
solana100xcall,31083,2026-06-01T17:33:36+00:00,https://t.me/solana100xcall/31083,"🔥 UPDATE 🔥

$GOLEM REACHED 💰9.1X💰 AFTER VIP SIGNAL

💰 9.1x From Call!
🏠 MCap: $11.0K ➜ $100.0K (ATH) 😎

CA: 4t7WWuMmGbLzmUCHwjchtFW6DMNASLTJh3YRMBfppump

🧮 Position PnL
💵 $100 → $909 (PnL +$809)

🤖 Auto-buy the next signal before the pump. Set up AlphaBot now",bot,False
solana100xcall,31084,2026-06-01T17:41:39+00:00,https://t.me/solana100xcall/31084,"$LMNOP REACHED 💰2.6X💰 AFTER VIP SIGNAL

💰 2.6x From Call!
🏠 MCap: $11.3K ➜ $29.6K (ATH) 😎

🤖 Auto-buy the next signal before the pump. Set up AlphaBot now",bot,False
solana100xcall,31085,2026-06-01T17:42:05+00:00,https://t.me/solana100xcall/31085,"$LMNOP REACHED 💰2.9X💰 AFTER VIP SIGNAL

💰 2.9x From Call!
🏠 MCap: $7.0K ➜ $20.1K (ATH) 😎

⚡ AlphaBot executes instantly. You could have caught this one",bot,False
solana100xcall,31086,2026-06-01T17:42:58+00:00,https://t.me/solana100xcall/31086,"🔥 UPDATE 🔥

$LMNOP REACHED 💰3.0X💰 AFTER VIP SIGNAL

💰 3.0x From Call!
🏠 MCap: $11.3K ➜ $39.2K (ATH) 😎

CA: GBtk8jX3k22b2XnbzB1faBGQfny9by6nXSFALLbbpump

🧮 Position PnL
💵 $100 → $300 (PnL +$200)

📢 Advertise your project to 17K+ Solana traders",bot,False
solana100xcall,31087,2026-06-01T17:57:06+00:00,https://t.me/solana100xcall/31087,"$TIPBOT REACHED 💰2.8X💰 AFTER VIP SIGNAL

💰 2.8x From Call!
🏠 MCap: $6.5K ➜ $18.2K (ATH) 😎

🚀 VIP members got this signal first. Tap to join",bot,False
solana100xcall,31088,2026-06-01T17:57:59+00:00,https://t.me/solana100xcall/31088,"🔥 UPDATE 🔥

$TIPBOT REACHED 💰3.0X💰 AFTER VIP SIGNAL

💰 3.0x From Call!
🏠 MCap: $6.5K ➜ $22.9K (ATH) 😎

CA: DKAvuzwodNGeixh4Q4FkiecYTYAc1YtFcguwgFf8pump

🧮 Position PnL
💵 $100 → $300 (PnL +$200)

🎯 Promote your token here. Reach our entire Solana community",bot,False
solana100xcall,31089,2026-06-01T18:00:39+00:00,https://t.me/solana100xcall/31089,"$FUN REACHED 💰2.7X💰 AFTER VIP SIGNAL

💰 2.7x From Call!
🏠 MCap: $28.4K ➜ $76.2K (ATH) 😎

🤖 Auto-buy the next signal before the pump. Set up AlphaBot now",bot,False
solana100xcall,31090,2026-06-01T18:03:11+00:00,https://t.me/solana100xcall/31090,"🔥 UPDATE 🔥

$FUN REACHED 💰3.0X💰 AFTER VIP SIGNAL

💰 3.0x From Call!
🏠 MCap: $28.4K ➜ $88.7K (ATH) 😎

CA: FZ8a7XbvtWKKJV5uJk3DYjnEgLN54EKwrHsrWCttpump

🧮 Position PnL
💵 $100 → $300 (PnL +$200)

🚀 VIP members got this signal first. Tap to join",bot,False
solana100xcall,31091,2026-06-01T18:08:37+00:00,https://t.me/solana100xcall/31091,"🔥 UPDATE 🔥

$RELAX REACHED 💰4.2X💰 AFTER VIP SIGNAL

💰 4.2x From Call!
🏠 MCap: $16.3K ➜ $68.4K (ATH) 😎

CA: CqrjQPv61qJvnhXdKL8SeLwy7aVv79zKdQRXLRfMpump

🧮 Position PnL
💵 $100 → $420 (PnL +$320)

📢 Advertise your project to 17K+ Solana traders",bot,False
solana100xcall,31092,2026-06-01T18:09:48+00:00,https://t.me/solana100xcall/31092,"$RELAX REACHED 💰3.9X💰 AFTER VIP SIGNAL

💰 3.9x From Call!
🏠 MCap: $16.3K ➜ $63.1K (ATH) 😎

CA: CqrjQPv61qJvnhXdKL8SeLwy7aVv79zKdQRXLRfMpump

🧮 Position PnL
💵 $100 → $387 (PnL +$287)

🎯 Get in before the next 10x. VIP signals running 24/7",bot,False
solana100xcall,31093,2026-06-01T18:11:56+00:00,https://t.me/solana100xcall/31093,"🔥 UPDATE 🔥

$GOLEM REACHED 💰10.0X💰 AFTER VIP SIGNAL

💰 10.0x From Call!
🏠 MCap: $11.0K ➜ $110.4K (ATH) 😎

CA: 4t7WWuMmGbLzmUCHwjchtFW6DMNASLTJh3YRMBfppump

🧮 Position PnL
💵 $100 → $1000 (PnL +$900)

🎯 While you watched this pump, AlphaBot already took profit",bot,False
solana100xcall,31094,2026-06-01T18:35:36+00:00,https://t.me/solana100xcall/31094,"$AIRDROP REACHED 💰3.7X💰 AFTER VIP SIGNAL

💰 3.7x From Call!
🏠 MCap: $36.6K ➜ $134.7K (ATH) 😎

CA: EbnLFfTrjCRayJgVb4TVwmSn1kFTrnHHnfLmAJQLpump

🧮 Position PnL
💵 $100 → $368 (PnL +$268)

🎯 Get in before the next 10x. VIP signals running 24/7",bot,False
solana100xcall,31095,2026-06-01T18:40:06+00:00,https://t.me/solana100xcall/31095,"🔥 UPDATE 🔥

$AIRDROP REACHED 💰4.5X💰 AFTER VIP SIGNAL

💰 4.5x From Call!
🏠 MCap: $36.6K ➜ $165.6K (ATH) 😎

CA: EbnLFfTrjCRayJgVb4TVwmSn1kFTrnHHnfLmAJQLpump

🧮 Position PnL
💵 $100 → $453 (PnL +$353)

💎 One membership. Real signals. Real results.",bot,False
solana100xcall,31096,2026-06-01T18:41:28+00:00,https://t.me/solana100xcall/31096,"🔥 UPDATE 🔥

$AIRDROP REACHED 💰6.0X💰 AFTER VIP SIGNAL

💰 6.0x From Call!
🏠 MCap: $36.6K ➜ $224.7K (ATH) 😎

CA: EbnLFfTrjCRayJgVb4TVwmSn1kFTrnHHnfLmAJQLpump

🧮 Position PnL
💵 $100 → $600 (PnL +$500)

⚡ Stop watching from the outside. Get VIP access now",bot,False
solana100xcall,31097,2026-06-01T18:44:37+00:00,https://t.me/solana100xcall/31097,"$wPOKE REACHED 💰2.2X💰 AFTER VIP SIGNAL

💰 2.2x From Call!
🏠 MCap: $26.7K ➜ $58.2K (ATH) 😎

🔥 This call was VIP only. Get access before the next one",bot,False
solana100xcall,31098,2026-06-01T18:51:34+00:00,https://t.me/solana100xcall/31098,"🔥 UPDATE 🔥

$GOLEM REACHED 💰12.1X💰 AFTER VIP SIGNAL

💰 12.1x From Call!
🏠 MCap: $11.0K ➜ $132.9K (ATH) 😎

CA: 4t7WWuMmGbLzmUCHwjchtFW6DMNASLTJh3YRMBfppump

🧮 Position PnL
💵 $100 → $1208 (PnL +$1108)

🔥 This call was VIP only. Get access before the next one",bot,False
solana100xcall,31099,2026-06-01T19:41:37+00:00,https://t.me/solana100xcall/31099,"🔥 UPDATE 🔥

$micro REACHED 💰5.3X💰 AFTER VIP SIGNAL

💰 5.3x From Call!
🏠 MCap: $7.2K ➜ $38.4K (ATH) 😎

CA: rALTauDCM5KAowRj52dfS1j51YT269gJiHz7Pzapump

🧮 Position PnL
💵 $100 → $533 (PnL +$433)

⚡ Stop watching from the outside. Get VIP access now",bot,False
solana100xcall,31100,2026-06-01T19:44:04+00:00,https://t.me/solana100xcall/31100,"$GAH REACHED 💰3.5X💰 AFTER VIP SIGNAL

💰 3.5x From Call!
🏠 MCap: $6.8K ➜ $23.7K (ATH) 😎

CA: AhVYmEzaFYuZk2AgVZX2U6wSYnxui6fCPXbCnqK3pump

🧮 Position PnL
💵 $100 → $348 (PnL +$248)

🎯 Promote your token here. Reach our entire Solana community",bot,False
solana100xcall,31101,2026-06-01T19:46:36+00:00,https://t.me/solana100xcall/31101,"🔥 UPDATE 🔥

$micro REACHED 💰6.6X💰 AFTER VIP SIGNAL

💰 6.6x From Call!
🏠 MCap: $7.2K ➜ $47.7K (ATH) 😎

CA: rALTauDCM5KAowRj52dfS1j51YT269gJiHz7Pzapump

🧮 Position PnL
💵 $100 → $662 (PnL +$562)

💎 One membership. Real signals. Real results.",bot,False
solana100xcall,31102,2026-06-01T19:52:06+00:00,https://t.me/solana100xcall/31102,"$CMZW REACHED 💰2.3X💰 AFTER VIP SIGNAL

💰 2.3x From Call!
🏠 MCap: $22.9K ➜ $51.6K (ATH) 😎

📢 Advertise your project to 17K+ Solana traders",bot,False
solana100xcall,31103,2026-06-01T19:52:58+00:00,https://t.me/solana100xcall/31103,"🔥 UPDATE 🔥

$DEPLOYER REACHED 💰4.0X💰 AFTER VIP SIGNAL

💰 4.0x From Call!
🏠 MCap: $22.9K ➜ $96.4K (ATH) 😎

CA: CmZW9itGvfxktRT3yJ3HAzHjfobf2VPvzkx1Rbxpump

🧮 Position PnL
💵 $100 → $400 (PnL +$300)

🎯 While you watched this pump, AlphaBot already took profit",bot,False
solana100xcall,31104,2026-06-01T19:54:38+00:00,https://t.me/solana100xcall/31104,"🔥 UPDATE 🔥

$GAH REACHED 💰4.2X💰 AFTER VIP SIGNAL

💰 4.2x From Call!
🏠 MCap: $6.8K ➜ $28.3K (ATH) 😎

CA: AhVYmEzaFYuZk2AgVZX2U6wSYnxui6fCPXbCnqK3pump

🧮 Position PnL
💵 $100 → $416 (PnL +$316)

🎯 Promote your token here. Reach our entire Solana community",bot,False
solana100xcall,31105,2026-06-01T19:54:39+00:00,https://t.me/solana100xcall/31105,"🔥 UPDATE 🔥

$DEPLOYER REACHED 💰7.0X💰 AFTER VIP SIGNAL

💰 7.0x From Call!
🏠 MCap: $22.9K ➜ $170.6K (ATH) 😎

CA: CmZW9itGvfxktRT3yJ3HAzHjfobf2VPvzkx1Rbxpump

🧮 Position PnL
💵 $100 → $700 (PnL +$600)

⭐ Sniper, ALPHA and APEX signals. One membership, five VIP channels",bot,False
solana100xcall,31106,2026-06-01T19:56:01+00:00,https://t.me/solana100xcall/31106,"🔥 UPDATE 🔥

$GAH REACHED 💰5.0X💰 AFTER VIP SIGNAL

💰 5.0x From Call!
🏠 MCap: $6.8K ➜ $35.3K (ATH) 😎

CA: AhVYmEzaFYuZk2AgVZX2U6wSYnxui6fCPXbCnqK3pump

🧮 Position PnL
💵 $100 → $500 (PnL +$400)

⭐ Sniper, ALPHA and APEX signals. One membership, five VIP channels",bot,False
solana100xcall,31107,2026-06-01T19:56:14+00:00,https://t.me/solana100xcall/31107,"🔥 UPDATE 🔥

$DEPLOYER REACHED 💰8.2X💰 AFTER VIP SIGNAL

💰 8.2x From Call!
🏠 MCap: $22.9K ➜ $188.3K (ATH) 😎

CA: CmZW9itGvfxktRT3yJ3HAzHjfobf2VPvzkx1Rbxpump

🧮 Position PnL
💵 $100 → $822 (PnL +$722)

🔥 This call was VIP only. Get access before the next one",bot,False
solana100xcall,31108,2026-06-01T19:56:30+00:00,https://t.me/solana100xcall/31108,"$REESE REACHED 💰2.5X💰 AFTER VIP SIGNAL

💰 2.5x From Call!
🏠 MCap: $6.7K ➜ $17.0K (ATH) 😎

🤖 Auto-buy the next signal before the pump. Set up AlphaBot now",bot,False
solana100xcall,31109,2026-06-01T19:57:59+00:00,https://t.me/solana100xcall/31109,"🔥 UPDATE 🔥

$GAH REACHED 💰7.0X💰 AFTER VIP SIGNAL

💰 7.0x From Call!
🏠 MCap: $6.8K ➜ $51.3K (ATH) 😎

CA: AhVYmEzaFYuZk2AgVZX2U6wSYnxui6fCPXbCnqK3pump

🧮 Position PnL
💵 $100 → $700 (PnL +$600)

⭐ Sniper, ALPHA and APEX signals. One membership, five VIP channels",bot,False
solana100xcall,31110,2026-06-01T19:58:58+00:00,https://t.me/solana100xcall/31110,"🔥 UPDATE 🔥

$GAH REACHED 💰11.0X💰 AFTER VIP SIGNAL

💰 11.0x From Call!
🏠 MCap: $6.8K ➜ $74.9K (ATH) 😎

CA: AhVYmEzaFYuZk2AgVZX2U6wSYnxui6fCPXbCnqK3pump

🧮 Position PnL
💵 $100 → $1100 (PnL +$1000)

🔥 This call was VIP only. Get access before the next one",bot,False
solana100xcall,31111,2026-06-01T20:15:37+00:00,https://t.me/solana100xcall/31111,"$DATBIHGAH REACHED 💰12.7X💰 AFTER VIP SIGNAL

💰 12.7x From Call!
🏠 MCap: $24.9K ➜ $315.7K (ATH) 😎

CA: 99N2yocr2m9e2NxrBqAsUgxrHyDriFUknUq6tAPupump

🧮 Position PnL
💵 $100 → $1268 (PnL +$1168)

🎯 Promote your token here. Reach our entire Solana community",bot,False
solana100xcall,31112,2026-06-01T21:00:50+00:00,https://t.me/solana100xcall/31112,"$FAP REACHED 💰2.2X💰 AFTER VIP SIGNAL

💰 2.2x From Call!
🏠 MCap: $9.3K ➜ $20.1K (ATH) 😎

📢 Advertise your project to 17K+ Solana traders",bot,False
solana100xcall,31113,2026-06-01T21:15:49+00:00,https://t.me/solana100xcall/31113,"$PACKS REACHED 💰3.0X💰 AFTER VIP SIGNAL

💰 3.0x From Call!
🏠 MCap: $14.3K ➜ $43.0K (ATH) 😎

CA: 9Ju2kuqV87QXoynDCZsbL76ewTpFxqtLmiggqzcFpump

🧮 Position PnL
💵 $100 → $301 (PnL +$201)

🚀 VIP members got this signal first. Tap to join",bot,False
solana100xcall,31114,2026-06-01T21:25:20+00:00,https://t.me/solana100xcall/31114,"🔥 UPDATE 🔥

$PACKS REACHED 💰4.5X💰 AFTER VIP SIGNAL

💰 4.5x From Call!
🏠 MCap: $14.3K ➜ $63.8K (ATH) 😎

CA: 9Ju2kuqV87QXoynDCZsbL76ewTpFxqtLmiggqzcFpump

🧮 Position PnL
💵 $100 → $446 (PnL +$346)

⭐ Sniper, ALPHA and APEX signals. One membership, five VIP channels",bot,False
solana100xcall,31115,2026-06-01T21:26:41+00:00,https://t.me/solana100xcall/31115,"🔥 UPDATE 🔥

$PACKS REACHED 💰5.0X💰 AFTER VIP SIGNAL

💰 5.0x From Call!
🏠 MCap: $14.3K ➜ $76.8K (ATH) 😎

CA: 9Ju2kuqV87QXoynDCZsbL76ewTpFxqtLmiggqzcFpump

🧮 Position PnL
💵 $100 → $500 (PnL +$400)

🤖 Auto-buy the next signal before the pump. Set up AlphaBot now",bot,False
solana100xcall,31116,2026-06-01T21:27:22+00:00,https://t.me/solana100xcall/31116,"$TRISTAN REACHED 💰3.2X💰 AFTER VIP SIGNAL

💰 3.2x From Call!
🏠 MCap: $6.9K ➜ $21.9K (ATH) 😎

CA: HrgzgULagysmR1cogiUPMnbLJDpMfdz1DnWivfkpoiyp

🧮 Position PnL
💵 $100 → $318 (PnL +$218)

⭐ Sniper, ALPHA and APEX signals. One membership, five VIP channels",bot,False
solana100xcall,31117,2026-06-01T21:31:20+00:00,https://t.me/solana100xcall/31117,"$TRUSTAN REACHED 💰3.6X💰 AFTER VIP SIGNAL

💰 3.6x From Call!
🏠 MCap: $6.4K ➜ $23.3K (ATH) 😎

CA: D6At37jYw1vmvdiodua1Nitv6rAPN1QzZXgeDcnipump

🧮 Position PnL
💵 $100 → $365 (PnL +$265)

🔥 This call was VIP only. Get access before the next one",bot,False
solana100xcall,31118,2026-06-01T21:32:41+00:00,https://t.me/solana100xcall/31118,"🔥 UPDATE 🔥

$TRUSTAN REACHED 💰5.0X💰 AFTER VIP SIGNAL

💰 5.0x From Call!
🏠 MCap: $6.4K ➜ $33.3K (ATH) 😎

CA: D6At37jYw1vmvdiodua1Nitv6rAPN1QzZXgeDcnipump

🧮 Position PnL
💵 $100 → $500 (PnL +$400)

🔥 This call was VIP only. Get access before the next one",bot,False
solana100xcall,31119,2026-06-01T21:42:19+00:00,https://t.me/solana100xcall/31119,"🔥 UPDATE 🔥

$TRUSTAN REACHED 💰7.7X💰 AFTER VIP SIGNAL

💰 7.7x From Call!
🏠 MCap: $6.4K ➜ $49.0K (ATH) 😎

CA: D6At37jYw1vmvdiodua1Nitv6rAPN1QzZXgeDcnipump

🧮 Position PnL
💵 $100 → $766 (PnL +$666)

💎 One membership. Real signals. Real results.",bot,False
solana100xcall,31120,2026-06-01T21:45:19+00:00,https://t.me/solana100xcall/31120,"🔥 UPDATE 🔥

$TRUSTAN REACHED 💰8.2X💰 AFTER VIP SIGNAL

💰 8.2x From Call!
🏠 MCap: $6.4K ➜ $52.6K (ATH) 😎

CA: D6At37jYw1vmvdiodua1Nitv6rAPN1QzZXgeDcnipump

🧮 Position PnL
💵 $100 → $822 (PnL +$722)

⚡ AlphaBot executes instantly. You could have caught this one",bot,False
solana100xcall,31121,2026-06-01T21:49:19+00:00,https://t.me/solana100xcall/31121,"🔥 UPDATE 🔥

$TRUSTAN REACHED 💰11.0X💰 AFTER VIP SIGNAL

💰 11.0x From Call!
🏠 MCap: $6.4K ➜ $70.1K (ATH) 😎

CA: D6At37jYw1vmvdiodua1Nitv6rAPN1QzZXgeDcnipump

🧮 Position PnL
💵 $100 → $1095 (PnL +$995)

🔥 This call was VIP only. Get access before the next one",bot,False
solana100xcall,31122,2026-06-01T21:52:49+00:00,https://t.me/solana100xcall/31122,"$CADC REACHED 💰2.1X💰 AFTER VIP SIGNAL

💰 2.1x From Call!
🏠 MCap: $6.9K ➜ $14.2K (ATH) 😎

🚀 Next signal fires soon. Set up AlphaBot and ride it",bot,False
solana100xcall,31123,2026-06-01T21:55:20+00:00,https://t.me/solana100xcall/31123,"$ENOUGH REACHED 💰2.0X💰 AFTER VIP SIGNAL

💰 2.0x From Call!
🏠 MCap: $8.5K ➜ $17.2K (ATH) 😎

🔥 This call was VIP only. Get access before the next one",bot,False
solana100xcall,31124,2026-06-01T21:57:48+00:00,https://t.me/solana100xcall/31124,"🔥 UPDATE 🔥

$CADC REACHED 💰3.3X💰 AFTER VIP SIGNAL

💰 3.3x From Call!
🏠 MCap: $6.9K ➜ $22.5K (ATH) 😎

CA: HUFTtNtwQL2ajUjjWrJTDmFNPGfMbsLsyDnugjt81dZS

🧮 Position PnL
💵 $100 → $327 (PnL +$227)

⭐ Sniper, ALPHA and APEX signals. One membership, five VIP channels",bot,False
solana100xcall,31125,2026-06-01T22:00:13+00:00,https://t.me/solana100xcall/31125,,bot,False
solana100xcall,31126,2026-06-01T22:09:49+00:00,https://t.me/solana100xcall/31126,"$PRIZED REACHED 💰2.8X💰 AFTER VIP SIGNAL

💰 2.8x From Call!
🏠 MCap: $22.1K ➜ $60.9K (ATH) 😎

🎯 Promote your token here. Reach our entire Solana community",bot,False
solana100xcall,31127,2026-06-01T22:19:20+00:00,https://t.me/solana100xcall/31127,"$CHADGPT REACHED 💰2.1X💰 AFTER VIP SIGNAL

💰 2.1x From Call!
🏠 MCap: $19.9K ➜ $42.2K (ATH) 😎

🚀 VIP members got this signal first. Tap to join",bot,False
solana100xcall,31128,2026-06-01T22:20:11+00:00,https://t.me/solana100xcall/31128,"🔥 UPDATE 🔥

$CHADGPT REACHED 💰3.0X💰 AFTER VIP SIGNAL

💰 3.0x From Call!
🏠 MCap: $19.9K ➜ $64.3K (ATH) 😎

CA: C7cmYazouxohuDdTNbBkDwZnpp2SvW8hgjXn1cQFGG34

🧮 Position PnL
💵 $100 → $300 (PnL +$200)

⭐ Sniper, ALPHA and APEX signals. One membership, five VIP channels",bot,False
solana100xcall,31129,2026-06-01T22:31:49+00:00,https://t.me/solana100xcall/31129,"$משוגע REACHED 💰3.4X💰 AFTER VIP SIGNAL

💰 3.4x From Call!
🏠 MCap: $7.5K ➜ $25.3K (ATH) 😎

CA: 9rPD9JsTVyTuXckGTD5xzdoWJPhyRZyzd8y2A7Gpump

🧮 Position PnL
💵 $100 → $337 (PnL +$237)

⭐ Sniper, ALPHA and APEX signals. One membership, five VIP channels",bot,False
solana100xcall,31130,2026-06-01T22:34:21+00:00,https://t.me/solana100xcall/31130,"🔥 UPDATE 🔥

$משוגע REACHED 💰4.0X💰 AFTER VIP SIGNAL

💰 4.0x From Call!
🏠 MCap: $7.5K ➜ $30.1K (ATH) 😎

CA: 9rPD9JsTVyTuXckGTD5xzdoWJPhyRZyzd8y2A7Gpump

🧮 Position PnL
💵 $100 → $401 (PnL +$301)

🤖 Auto-buy the next signal before the pump. Set up AlphaBot now",bot,False
solana100xcall,31131,2026-06-01T22:34:32+00:00,https://t.me/solana100xcall/31131,"$ANAI REACHED 💰2.1X💰 AFTER VIP SIGNAL

💰 2.1x From Call!
🏠 MCap: $9.5K ➜ $19.8K (ATH) 😎

🚀 VIP members got this signal first. Tap to join",bot,False
solana100xcall,31132,2026-06-01T22:37:25+00:00,https://t.me/solana100xcall/31132,"🔥 UPDATE 🔥

$משוגע REACHED 💰5.7X💰 AFTER VIP SIGNAL

💰 5.7x From Call!
🏠 MCap: $7.5K ➜ $43.0K (ATH) 😎

CA: 9rPD9JsTVyTuXckGTD5xzdoWJPhyRZyzd8y2A7Gpump

🧮 Position PnL
💵 $100 → $574 (PnL +$474)

🤖 Auto-buy the next signal before the pump. Set up AlphaBot now",bot,False
solana100xcall,31133,2026-06-01T22:38:11+00:00,https://t.me/solana100xcall/31133,"🔥 UPDATE 🔥

$משוגע REACHED 💰6.0X💰 AFTER VIP SIGNAL

💰 6.0x From Call!
🏠 MCap: $7.5K ➜ $48.0K (ATH) 😎

CA: 9rPD9JsTVyTuXckGTD5xzdoWJPhyRZyzd8y2A7Gpump

🧮 Position PnL
💵 $100 → $600 (PnL +$500)

📢 Advertise your project to 17K+ Solana traders",bot,False
solana100xcall,31134,2026-06-01T23:20:48+00:00,https://t.me/solana100xcall/31134,"$WILLY REACHED 💰2.0X💰 AFTER VIP SIGNAL

💰 2.0x From Call!
🏠 MCap: $7.9K ➜ $16.2K (ATH) 😎

🚀 VIP members got this signal first. Tap to join",bot,False
solana100xcall,31135,2026-06-01T23:24:19+00:00,https://t.me/solana100xcall/31135,"$SSTR REACHED 💰2.2X💰 AFTER VIP SIGNAL

💰 2.2x From Call!
🏠 MCap: $26.6K ➜ $59.3K (ATH) 😎

⚡ AlphaBot executes instantly. You could have caught this one",bot,False
solana100xcall,31136,2026-06-01T23:26:47+00:00,https://t.me/solana100xcall/31136,"$CADC REACHED 💰2.1X💰 AFTER VIP SIGNAL

💰 2.1x From Call!
🏠 MCap: $8.9K ➜ $18.4K (ATH) 😎

🎯 Get in before the next 10x. VIP signals running 24/7",bot,False
solana100xcall,31137,2026-06-01T23:30:50+00:00,https://t.me/solana100xcall/31137,"$CODEDPEPE REACHED 💰2.2X💰 AFTER VIP SIGNAL

💰 2.2x From Call!
🏠 MCap: $19.1K ➜ $42.3K (ATH) 😎

🔥 This call was VIP only. Get access before the next one",bot,False
solana100xcall,31138,2026-06-01T23:32:21+00:00,https://t.me/solana100xcall/31138,"$FTL REACHED 💰2.3X💰 AFTER VIP SIGNAL

💰 2.3x From Call!
🏠 MCap: $14.6K ➜ $33.8K (ATH) 😎

⚡ AlphaBot executes instantly. You could have caught this one",bot,False
solana100xcall,31139,2026-06-01T23:33:22+00:00,https://t.me/solana100xcall/31139,"🔥 UPDATE 🔥

$CODEDPEPE REACHED 💰3.3X💰 AFTER VIP SIGNAL

💰 3.3x From Call!
🏠 MCap: $19.1K ➜ $63.7K (ATH) 😎

CA: Eo211QPfJeZCcowbYpi2jBjuFv3ZwmQUo7qbYf4dpump

🧮 Position PnL
💵 $100 → $333 (PnL +$233)

🚀 VIP members got this signal first. Tap to join",bot,False
solana100xcall,31140,2026-06-01T23:40:50+00:00,https://t.me/solana100xcall/31140,"🔥 UPDATE 🔥

$FTL REACHED 💰4.3X💰 AFTER VIP SIGNAL

💰 4.3x From Call!
🏠 MCap: $14.6K ➜ $63.5K (ATH) 😎

CA: G7Gc4qRR2nzEcoVGZaYSAjKjhXqDrUC3CB5sGuyipump

🧮 Position PnL
💵 $100 → $435 (PnL +$335)

⭐ Sniper, ALPHA and APEX signals. One membership, five VIP channels",bot,False
solana100xcall,31141,2026-06-01T23:42:51+00:00,https://t.me/solana100xcall/31141,"🔥 UPDATE 🔥

$FTL REACHED 💰5.9X💰 AFTER VIP SIGNAL

💰 5.9x From Call!
🏠 MCap: $14.6K ➜ $86.0K (ATH) 😎

CA: G7Gc4qRR2nzEcoVGZaYSAjKjhXqDrUC3CB5sGuyipump

🧮 Position PnL
💵 $100 → $589 (PnL +$489)

🎯 Get in before the next 10x. VIP signals running 24/7",bot,False
solana100xcall,31142,2026-06-01T23:51:49+00:00,https://t.me/solana100xcall/31142,"🔥 UPDATE 🔥

$CODEDPEPE REACHED 💰4.1X💰 AFTER VIP SIGNAL

💰 4.1x From Call!
🏠 MCap: $19.1K ➜ $77.9K (ATH) 😎

CA: Eo211QPfJeZCcowbYpi2jBjuFv3ZwmQUo7qbYf4dpump

🧮 Position PnL
💵 $100 → $408 (PnL +$308)

🎯 While you watched this pump, AlphaBot already took profit",bot,False
solana100xcall,31143,2026-06-02T00:37:22+00:00,https://t.me/solana100xcall/31143,"🔥 UPDATE 🔥

$CODEDPEPE REACHED 💰5.0X💰 AFTER VIP SIGNAL

💰 5.0x From Call!
🏠 MCap: $19.1K ➜ $96.3K (ATH) 😎

CA: Eo211QPfJeZCcowbYpi2jBjuFv3ZwmQUo7qbYf4dpump

🧮 Position PnL
💵 $100 → $504 (PnL +$404)

🎯 While you watched this pump, AlphaBot already took profit",bot,False
solana100xcall,31144,2026-06-02T00:39:48+00:00,https://t.me/solana100xcall/31144,"🔥 UPDATE 🔥

$CODEDPEPE REACHED 💰6.1X💰 AFTER VIP SIGNAL

💰 6.1x From Call!
🏠 MCap: $19.1K ➜ $116.0K (ATH) 😎

CA: Eo211QPfJeZCcowbYpi2jBjuFv3ZwmQUo7qbYf4dpump

🧮 Position PnL
💵 $100 → $607 (PnL +$507)

⭐ Sniper, ALPHA and APEX signals. One membership, five VIP channels",bot,False
solana100xcall,31145,2026-06-02T00:47:50+00:00,https://t.me/solana100xcall/31145,"🔥 UPDATE 🔥

$CODEDPEPE REACHED 💰7.3X💰 AFTER VIP SIGNAL

💰 7.3x From Call!
🏠 MCap: $19.1K ➜ $139.3K (ATH) 😎

CA: Eo211QPfJeZCcowbYpi2jBjuFv3ZwmQUo7qbYf4dpump

🧮 Position PnL
💵 $100 → $729 (PnL +$629)

🚀 VIP members got this signal first. Tap to join",bot,False
solana100xcall,31146,2026-06-02T01:00:22+00:00,https://t.me/solana100xcall/31146,"🔥 UPDATE 🔥

$CODEDPEPE REACHED 💰8.0X💰 AFTER VIP SIGNAL

💰 8.0x From Call!
🏠 MCap: $19.1K ➜ $152.9K (ATH) 😎

CA: Eo211QPfJeZCcowbYpi2jBjuFv3ZwmQUo7qbYf4dpump

🧮 Position PnL
💵 $100 → $801 (PnL +$701)

🚀 VIP members got this signal first. Tap to join",bot,False
solana100xcall,31147,2026-06-02T01:47:51+00:00,https://t.me/solana100xcall/31147,"$WLMT REACHED 💰2.1X💰 AFTER VIP SIGNAL

💰 2.1x From Call!
🏠 MCap: $12.9K ➜ $26.8K (ATH) 😎

⭐ Sniper, ALPHA and APEX signals. One membership, five VIP channels",bot,False
solana100xcall,31148,2026-06-02T02:02:36+00:00,https://t.me/solana100xcall/31148,"$BREATHE REACHED 💰2.1X💰 AFTER VIP SIGNAL

💰 2.1x From Call!
🏠 MCap: $8.8K ➜ $18.5K (ATH) 😎

🚀 Next signal fires soon. Set up AlphaBot and ride it",bot,False
solana100xcall,31149,2026-06-02T02:09:11+00:00,https://t.me/solana100xcall/31149,"$REACTIONS REACHED 💰2.1X💰 AFTER VIP SIGNAL

💰 2.1x From Call!
🏠 MCap: $5.9K ➜ $12.6K (ATH) 😎

🎯 While you watched this pump, AlphaBot already took profit",bot,False
solana100xcall,31150,2026-06-02T02:34:52+00:00,https://t.me/solana100xcall/31150,"$KEYS REACHED 💰4.0X💰 AFTER VIP SIGNAL

💰 4.0x From Call!
🏠 MCap: $29.4K ➜ $118.2K (ATH) 😎

CA: 3BSoYDZsPupZ15iBzJbJJjZKLiyWEqLxexJX84rBpump

🧮 Position PnL
💵 $100 → $402 (PnL +$302)

🚀 VIP members got this signal first. Tap to join",bot,False
solana100xcall,31151,2026-06-02T02:36:13+00:00,https://t.me/solana100xcall/31151,"🔥 UPDATE 🔥

$KEYS REACHED 💰5.0X💰 AFTER VIP SIGNAL

💰 5.0x From Call!
🏠 MCap: $29.4K ➜ $170.5K (ATH) 😎

CA: 3BSoYDZsPupZ15iBzJbJJjZKLiyWEqLxexJX84rBpump

🧮 Position PnL
💵 $100 → $500 (PnL +$400)

⭐ Sniper, ALPHA and APEX signals. One membership, five VIP channels",bot,False
solana100xcall,31152,2026-06-02T02:37:42+00:00,https://t.me/solana100xcall/31152,"🔥 UPDATE 🔥

$KEYS REACHED 💰6.0X💰 AFTER VIP SIGNAL

💰 6.0x From Call!
🏠 MCap: $29.4K ➜ $202.1K (ATH) 😎

CA: 3BSoYDZsPupZ15iBzJbJJjZKLiyWEqLxexJX84rBpump

🧮 Position PnL
💵 $100 → $600 (PnL +$500)

🚀 Next signal fires soon. Set up AlphaBot and ride it",bot,False
solana100xcall,31153,2026-06-02T02:38:51+00:00,https://t.me/solana100xcall/31153,"🔥 UPDATE 🔥

$KEYS REACHED 💰7.6X💰 AFTER VIP SIGNAL

💰 7.6x From Call!
🏠 MCap: $29.4K ➜ $224.1K (ATH) 😎

CA: 3BSoYDZsPupZ15iBzJbJJjZKLiyWEqLxexJX84rBpump

🧮 Position PnL
💵 $100 → $762 (PnL +$662)

⭐ Sniper, ALPHA and APEX signals. One membership, five VIP channels",bot,False
solana100xcall,31154,2026-06-02T03:18:19+00:00,https://t.me/solana100xcall/31154,"$GARLIC REACHED 💰2.1X💰 AFTER VIP SIGNAL

💰 2.1x From Call!
🏠 MCap: $9.0K ➜ $18.6K (ATH) 😎

🔥 This call was VIP only. Get access before the next one",bot,False
solana100xcall,31155,2026-06-02T03:19:40+00:00,https://t.me/solana100xcall/31155,"🔥 UPDATE 🔥

$GARLIC REACHED 💰5.0X💰 AFTER VIP SIGNAL

💰 5.0x From Call!
🏠 MCap: $9.0K ➜ $51.5K (ATH) 😎

CA: AV3rrerQFNgwxXNB1qYHqBX79eFLKqAm5TGpd9chpump

🧮 Position PnL
💵 $100 → $500 (PnL +$400)

🤖 Auto-buy the next signal before the pump. Set up AlphaBot now",bot,False
solana100xcall,31156,2026-06-02T03:23:51+00:00,https://t.me/solana100xcall/31156,"$DJT REACHED 💰5.1X💰 AFTER VIP SIGNAL

💰 5.1x From Call!
🏠 MCap: $11.0K ➜ $56.6K (ATH) 😎

CA: HgXjuxyMkyamWYLmVVQwChaaoC7QPBqo6Xp3iXqhpump

🧮 Position PnL
💵 $100 → $515 (PnL +$415)

⚡ AlphaBot executes instantly. You could have caught this one",bot,False
solana100xcall,31157,2026-06-02T03:26:20+00:00,https://t.me/solana100xcall/31157,"🔥 UPDATE 🔥

$DJT REACHED 💰7.5X💰 AFTER VIP SIGNAL

💰 7.5x From Call!
🏠 MCap: $11.0K ➜ $82.7K (ATH) 😎

CA: HgXjuxyMkyamWYLmVVQwChaaoC7QPBqo6Xp3iXqhpump

🧮 Position PnL
💵 $100 → $752 (PnL +$652)

⭐ Sniper, ALPHA and APEX signals. One membership, five VIP channels",bot,False
solana100xcall,31158,2026-06-02T03:33:20+00:00,https://t.me/solana100xcall/31158,"$GARLIC REACHED 💰8.5X💰 AFTER VIP SIGNAL

💰 8.5x From Call!
🏠 MCap: $5.2K ➜ $44.0K (ATH) 😎

CA: BhxC2Bc1tUxa8Y3zbLMCjMNvqMD8JgSTekScPhGepump

🧮 Position PnL
💵 $100 → $846 (PnL +$746)

🎯 While you watched this pump, AlphaBot already took profit",bot,False
solana100xcall,31159,2026-06-02T03:34:13+00:00,https://t.me/solana100xcall/31159,"🔥 UPDATE 🔥

$GARLIC REACHED 💰12.0X💰 AFTER VIP SIGNAL

💰 12.0x From Call!
🏠 MCap: $5.2K ➜ $66.8K (ATH) 😎

CA: BhxC2Bc1tUxa8Y3zbLMCjMNvqMD8JgSTekScPhGepump

🧮 Position PnL
💵 $100 → $1200 (PnL +$1100)

📢 Advertise your project to 17K+ Solana traders",bot,False
solana100xcall,31160,2026-06-02T03:35:23+00:00,https://t.me/solana100xcall/31160,"🔥 UPDATE 🔥

$GARLIC REACHED 💰14.5X💰 AFTER VIP SIGNAL

💰 14.5x From Call!
🏠 MCap: $5.2K ➜ $75.2K (ATH) 😎

CA: BhxC2Bc1tUxa8Y3zbLMCjMNvqMD8JgSTekScPhGepump

🧮 Position PnL
💵 $100 → $1446 (PnL +$1346)

🚀 Next signal fires soon. Set up AlphaBot and ride it",bot,False
solana100xcall,31161,2026-06-02T03:36:45+00:00,https://t.me/solana100xcall/31161,"🔥 UPDATE 🔥

$GARLIC REACHED 💰15.0X💰 AFTER VIP SIGNAL

💰 15.0x From Call!
🏠 MCap: $5.2K ➜ $78.0K (ATH) 😎

CA: BhxC2Bc1tUxa8Y3zbLMCjMNvqMD8JgSTekScPhGepump

🧮 Position PnL
💵 $100 → $1500 (PnL +$1400)

🚀 VIP members got this signal first. Tap to join",bot,False
solana100xcall,31162,2026-06-02T03:40:50+00:00,https://t.me/solana100xcall/31162,"🔥 UPDATE 🔥

$GARLIC REACHED 💰16.8X💰 AFTER VIP SIGNAL

💰 16.8x From Call!
🏠 MCap: $5.2K ➜ $87.5K (ATH) 😎

CA: BhxC2Bc1tUxa8Y3zbLMCjMNvqMD8JgSTekScPhGepump

🧮 Position PnL
💵 $100 → $1683 (PnL +$1583)

🎯 Get in before the next 10x. VIP signals running 24/7",bot,False
solana100xcall,31163,2026-06-02T03:43:22+00:00,https://t.me/solana100xcall/31163,"🔥 UPDATE 🔥

$GARLIC REACHED 💰17.4X💰 AFTER VIP SIGNAL

💰 17.4x From Call!
🏠 MCap: $5.2K ➜ $90.7K (ATH) 😎

CA: BhxC2Bc1tUxa8Y3zbLMCjMNvqMD8JgSTekScPhGepump

🧮 Position PnL
💵 $100 → $1744 (PnL +$1644)

⭐ Sniper, ALPHA and APEX signals. One membership, five VIP channels",bot,False
solana100xcall,31164,2026-06-02T03:44:43+00:00,https://t.me/solana100xcall/31164,"🔥 UPDATE 🔥

$GARLIC REACHED 💰23.0X💰 AFTER VIP SIGNAL

💰 23.0x From Call!
🏠 MCap: $5.2K ➜ $121.0K (ATH) 😎

CA: BhxC2Bc1tUxa8Y3zbLMCjMNvqMD8JgSTekScPhGepump

🧮 Position PnL
💵 $100 → $2300 (PnL +$2200)

🔥 This call was VIP only. Get access before the next one",bot,False
solana100xcall,31165,2026-06-02T03:46:13+00:00,https://t.me/solana100xcall/31165,"🔥 UPDATE 🔥

$GARLIC REACHED 💰27.0X💰 AFTER VIP SIGNAL

💰 27.0x From Call!
🏠 MCap: $5.2K ➜ $144.9K (ATH) 😎

CA: BhxC2Bc1tUxa8Y3zbLMCjMNvqMD8JgSTekScPhGepump

🧮 Position PnL
💵 $100 → $2700 (PnL +$2600)

⚡ Stop watching from the outside. Get VIP access now",bot,False
solana100xcall,31166,2026-06-02T03:50:54+00:00,https://t.me/solana100xcall/31166,"🔥 UPDATE 🔥

$GARLIC REACHED 💰33.9X💰 AFTER VIP SIGNAL

💰 33.9x From Call!
🏠 MCap: $5.2K ➜ $176.2K (ATH) 😎

CA: BhxC2Bc1tUxa8Y3zbLMCjMNvqMD8JgSTekScPhGepump

🧮 Position PnL
💵 $100 → $3388 (PnL +$3288)

🔥 This call was VIP only. Get access before the next one",bot,False
solana100xcall,31167,2026-06-02T04:00:12+00:00,https://t.me/solana100xcall/31167,,bot,False
solana100xcall,31168,2026-06-02T04:05:52+00:00,https://t.me/solana100xcall/31168,"🔥 UPDATE 🔥

$GARLIC REACHED 💰34.9X💰 AFTER VIP SIGNAL

💰 34.9x From Call!
🏠 MCap: $5.2K ➜ $181.4K (ATH) 😎

CA: BhxC2Bc1tUxa8Y3zbLMCjMNvqMD8JgSTekScPhGepump

🧮 Position PnL
💵 $100 → $3489 (PnL +$3389)

🎯 Promote your token here. Reach our entire Solana community",bot,False
solana100xcall,31169,2026-06-02T04:07:13+00:00,https://t.me/solana100xcall/31169,"🔥 UPDATE 🔥

$GARLIC REACHED 💰36.0X💰 AFTER VIP SIGNAL

💰 36.0x From Call!
🏠 MCap: $5.2K ➜ $190.0K (ATH) 😎

CA: BhxC2Bc1tUxa8Y3zbLMCjMNvqMD8JgSTekScPhGepump

🧮 Position PnL
💵 $100 → $3600 (PnL +$3500)

🎯 Promote your token here. Reach our entire Solana community",bot,False
solana100xcall,31170,2026-06-02T04:08:42+00:00,https://t.me/solana100xcall/31170,"🔥 UPDATE 🔥

$GARLIC REACHED 💰43.0X💰 AFTER VIP SIGNAL

💰 43.0x From Call!
🏠 MCap: $5.2K ➜ $228.6K (ATH) 😎

CA: BhxC2Bc1tUxa8Y3zbLMCjMNvqMD8JgSTekScPhGepump

🧮 Position PnL
💵 $100 → $4300 (PnL +$4200)

🚀 Next signal fires soon. Set up AlphaBot and ride it",bot,False
solana100xcall,31171,2026-06-02T04:10:12+00:00,https://t.me/solana100xcall/31171,"🔥 UPDATE 🔥

$GARLIC REACHED 💰54.0X💰 AFTER VIP SIGNAL

💰 54.0x From Call!
🏠 MCap: $5.2K ➜ $286.0K (ATH) 😎

CA: BhxC2Bc1tUxa8Y3zbLMCjMNvqMD8JgSTekScPhGepump

🧮 Position PnL
💵 $100 → $5400 (PnL +$5300)

🚀 Next signal fires soon. Set up AlphaBot and ride it",bot,False
solana100xcall,31172,2026-06-02T04:11:51+00:00,https://t.me/solana100xcall/31172,"🔥 UPDATE 🔥

$GARLIC REACHED 💰55.4X💰 AFTER VIP SIGNAL

💰 55.4x From Call!
🏠 MCap: $5.2K ➜ $288.3K (ATH) 😎

CA: BhxC2Bc1tUxa8Y3zbLMCjMNvqMD8JgSTekScPhGepump

🧮 Position PnL
💵 $100 → $5544 (PnL +$5444)

🚀 VIP members got this signal first. Tap to join",bot,False
solana100xcall,31173,2026-06-02T04:13:13+00:00,https://t.me/solana100xcall/31173,"🔥 UPDATE 🔥

$GARLIC REACHED 💰71.0X💰 AFTER VIP SIGNAL

💰 71.0x From Call!
🏠 MCap: $5.2K ➜ $370.0K (ATH) 😎

CA: BhxC2Bc1tUxa8Y3zbLMCjMNvqMD8JgSTekScPhGepump

🧮 Position PnL
💵 $100 → $7100 (PnL +$7000)

⚡ Stop watching from the outside. Get VIP access now",bot,False
solana100xcall,31174,2026-06-02T04:16:23+00:00,https://t.me/solana100xcall/31174,"🔥 UPDATE 🔥

$GARLIC REACHED 💰74.2X💰 AFTER VIP SIGNAL

💰 74.2x From Call!
🏠 MCap: $5.2K ➜ $385.7K (ATH) 😎

CA: BhxC2Bc1tUxa8Y3zbLMCjMNvqMD8JgSTekScPhGepump

🧮 Position PnL
💵 $100 → $7418 (PnL +$7318)

🎯 Get in before the next 10x. VIP signals running 24/7",bot,False
solana100xcall,31175,2026-06-02T04:17:14+00:00,https://t.me/solana100xcall/31175,"🔥 UPDATE 🔥

$GARLIC REACHED 💰82.0X💰 AFTER VIP SIGNAL

💰 82.0x From Call!
🏠 MCap: $5.2K ➜ $429.6K (ATH) 😎

CA: BhxC2Bc1tUxa8Y3zbLMCjMNvqMD8JgSTekScPhGepump

🧮 Position PnL
💵 $100 → $8200 (PnL +$8100)

🤖 Auto-buy the next signal before the pump. Set up AlphaBot now",bot,False
solana100xcall,31176,2026-06-02T05:15:52+00:00,https://t.me/solana100xcall/31176,"$Lore REACHED 💰2.0X💰 AFTER VIP SIGNAL

💰 2.0x From Call!
🏠 MCap: $18.5K ➜ $37.7K (ATH) 😎

⚡ AlphaBot executes instantly. You could have caught this one",bot,False
solana100xcall,31177,2026-06-02T05:46:19+00:00,https://t.me/solana100xcall/31177,"$SUMMER REACHED 💰3.2X💰 AFTER VIP SIGNAL

💰 3.2x From Call!
🏠 MCap: $5.1K ➜ $16.2K (ATH) 😎

CA: DbvTLqtnPdb4qMJqGKpjnanFMgfrsRaXnYZb17krpump

🧮 Position PnL
💵 $100 → $318 (PnL +$218)

⚡ Stop watching from the outside. Get VIP access now",bot,False
solana100xcall,31178,2026-06-02T06:29:51+00:00,https://t.me/solana100xcall/31178,"$OPENSHELL REACHED 💰2.5X💰 AFTER VIP SIGNAL

💰 2.5x From Call!
🏠 MCap: $7.9K ➜ $19.6K (ATH) 😎

🤖 Auto-buy the next signal before the pump. Set up AlphaBot now",bot,False
solana100xcall,31179,2026-06-02T06:41:52+00:00,https://t.me/solana100xcall/31179,"$KILOCORN REACHED 💰2.6X💰 AFTER VIP SIGNAL

💰 2.6x From Call!
🏠 MCap: $6.2K ➜ $16.0K (ATH) 😎

⚡ AlphaBot executes instantly. You could have caught this one",bot,False
solana100xcall,31180,2026-06-02T08:17:20+00:00,https://t.me/solana100xcall/31180,"$Q1ZE REACHED 💰4.0X💰 AFTER VIP SIGNAL

💰 4.0x From Call!
🏠 MCap: $6.9K ➜ $27.8K (ATH) 😎

CA: Q1ZeXKzP816RsYzE6XFc8fVGxqjhmSGWhwP94rZpump

🧮 Position PnL
💵 $100 → $403 (PnL +$303)

🔥 This call was VIP only. Get access before the next one",bot,False
solana100xcall,31181,2026-06-02T08:17:51+00:00,https://t.me/solana100xcall/31181,"$DATBIHGAH REACHED 💰2.1X💰 AFTER VIP SIGNAL

💰 2.1x From Call!
🏠 MCap: $247.0K ➜ $516.6K (ATH) 😎

📢 Advertise your project to 17K+ Solana traders",bot,False
solana100xcall,31182,2026-06-02T08:18:53+00:00,https://t.me/solana100xcall/31182,"$EUSD REACHED 💰2.8X💰 AFTER VIP SIGNAL

💰 2.8x From Call!
🏠 MCap: $10.7K ➜ $30.2K (ATH) 😎

⚡ Stop watching from the outside. Get VIP access now",bot,False
solana100xcall,31183,2026-06-02T08:20:24+00:00,https://t.me/solana100xcall/31183,"$ELONBUCKS REACHED 💰2.4X💰 AFTER VIP SIGNAL

💰 2.4x From Call!
🏠 MCap: $11.9K ➜ $28.9K (ATH) 😎

💎 One membership. Real signals. Real results.",bot,False
solana100xcall,31184,2026-06-02T08:24:53+00:00,https://t.me/solana100xcall/31184,"🔥 UPDATE 🔥

$ELONBUCKS REACHED 💰3.2X💰 AFTER VIP SIGNAL

💰 3.2x From Call!
🏠 MCap: $11.9K ➜ $37.9K (ATH) 😎

CA: 3M2fK49DpZ3mBWwHVZTSTpcEZMjFNPXUizaLybA2pump

🧮 Position PnL
💵 $100 → $319 (PnL +$219)

🔥 This call was VIP only. Get access before the next one",bot,False
solana100xcall,31185,2026-06-02T08:39:27+00:00,https://t.me/solana100xcall/31185,"🔥 UPDATE 🔥

$EUSD REACHED 💰3.0X💰 AFTER VIP SIGNAL

💰 3.0x From Call!
🏠 MCap: $10.7K ➜ $32.5K (ATH) 😎

CA: DueyUmh48PDkbmZTum5QA4jn6s5mmfmwdZaxwy9Tpump

🧮 Position PnL
💵 $100 → $300 (PnL +$200)

💎 One membership. Real signals. Real results.",bot,False
solana100xcall,31186,2026-06-02T08:45:32+00:00,https://t.me/solana100xcall/31186,"🔥 UPDATE 🔥

$EUSD REACHED 💰5.0X💰 AFTER VIP SIGNAL

💰 5.0x From Call!
🏠 MCap: $10.7K ➜ $54.0K (ATH) 😎

CA: DueyUmh48PDkbmZTum5QA4jn6s5mmfmwdZaxwy9Tpump

🧮 Position PnL
💵 $100 → $500 (PnL +$400)

🤖 Auto-buy the next signal before the pump. Set up AlphaBot now",bot,False
solana100xcall,31187,2026-06-02T09:10:02+00:00,https://t.me/solana100xcall/31187,"$STOCK REACHED 💰2.9X💰 AFTER VIP SIGNAL

💰 2.9x From Call!
🏠 MCap: $9.1K ➜ $26.7K (ATH) 😎

⚡ Stop watching from the outside. Get VIP access now",bot,False
solana100xcall,31188,2026-06-02T09:15:26+00:00,https://t.me/solana100xcall/31188,"🔥 UPDATE 🔥

$STOCK REACHED 💰4.2X💰 AFTER VIP SIGNAL

💰 4.2x From Call!
🏠 MCap: $9.1K ➜ $38.6K (ATH) 😎

CA: C1TDQUX8k1R1n3zxYFTj4saKdLEvSghcDmVFVxwipump

🧮 Position PnL
💵 $100 → $424 (PnL +$324)

🔥 This call was VIP only. Get access before the next one",bot,False
solana100xcall,31189,2026-06-02T09:21:55+00:00,https://t.me/solana100xcall/31189,"$HUNTER REACHED 💰2.3X💰 AFTER VIP SIGNAL

💰 2.3x From Call!
🏠 MCap: $9.9K ➜ $22.3K (ATH) 😎

⚡ AlphaBot executes instantly. You could have caught this one",bot,False
solana100xcall,31190,2026-06-02T09:25:26+00:00,https://t.me/solana100xcall/31190,"🔥 UPDATE 🔥

$HUNTER REACHED 💰4.1X💰 AFTER VIP SIGNAL

💰 4.1x From Call!
🏠 MCap: $9.9K ➜ $41.0K (ATH) 😎

CA: 9zwhS3b1oYuUEqWNpu2SPkEH24JMVWFEVQvHuYXZpump

🧮 Position PnL
💵 $100 → $415 (PnL +$315)

🎯 Promote your token here. Reach our entire Solana community",bot,False
solana100xcall,31191,2026-06-02T10:00:13+00:00,https://t.me/solana100xcall/31191,,bot,False
solana100xcall,31192,2026-06-02T10:20:24+00:00,https://t.me/solana100xcall/31192,"$BRAINFRY REACHED 💰2.1X💰 AFTER VIP SIGNAL

💰 2.1x From Call!
🏠 MCap: $6.2K ➜ $12.8K (ATH) 😎

🚀 Next signal fires soon. Set up AlphaBot and ride it",bot,False
solana100xcall,31193,2026-06-02T10:24:55+00:00,https://t.me/solana100xcall/31193,"$stick REACHED 💰2.2X💰 AFTER VIP SIGNAL

💰 2.2x From Call!
🏠 MCap: $16.8K ➜ $36.8K (ATH) 😎

🎯 Promote your token here. Reach our entire Solana community",bot,False
solana100xcall,31194,2026-06-02T10:25:55+00:00,https://t.me/solana100xcall/31194,"$RapeShirt REACHED 💰2.2X💰 AFTER VIP SIGNAL

💰 2.2x From Call!
🏠 MCap: $10.6K ➜ $23.2K (ATH) 😎

⭐ Sniper, ALPHA and APEX signals. One membership, five VIP channels",bot,False
solana100xcall,31195,2026-06-02T10:26:58+00:00,https://t.me/solana100xcall/31195,"$HWO8 REACHED 💰2.3X💰 AFTER VIP SIGNAL

💰 2.3x From Call!
🏠 MCap: $6.2K ➜ $14.0K (ATH) 😎

📢 Advertise your project to 17K+ Solana traders",bot,False
solana100xcall,31196,2026-06-02T10:27:13+00:00,https://t.me/solana100xcall/31196,"🔥 UPDATE 🔥

$BRAINFRY REACHED 💰3.0X💰 AFTER VIP SIGNAL

💰 3.0x From Call!
🏠 MCap: $6.2K ➜ $18.7K (ATH) 😎

CA: 3Y8tiJZzUZfhUWE1PXRgx5xUrii3xR63TaMxrgvzpump

🧮 Position PnL
💵 $100 → $300 (PnL +$200)

⚡ Stop watching from the outside. Get VIP access now",bot,False
solana100xcall,31197,2026-06-02T10:31:14+00:00,https://t.me/solana100xcall/31197,"🔥 UPDATE 🔥

$BRAINFRY REACHED 💰4.0X💰 AFTER VIP SIGNAL

💰 4.0x From Call!
🏠 MCap: $6.2K ➜ $30.9K (ATH) 😎

CA: 3Y8tiJZzUZfhUWE1PXRgx5xUrii3xR63TaMxrgvzpump

🧮 Position PnL
💵 $100 → $400 (PnL +$300)

⚡ Stop watching from the outside. Get VIP access now",bot,False
solana100xcall,31198,2026-06-02T10:33:17+00:00,https://t.me/solana100xcall/31198,"🔥 UPDATE 🔥

$BRAINFRY REACHED 💰10.0X💰 AFTER VIP SIGNAL

💰 10.0x From Call!
🏠 MCap: $6.2K ➜ $62.3K (ATH) 😎

CA: 3Y8tiJZzUZfhUWE1PXRgx5xUrii3xR63TaMxrgvzpump

🧮 Position PnL
💵 $100 → $1000 (PnL +$900)

🚀 Next signal fires soon. Set up AlphaBot and ride it",bot,False
solana100xcall,31199,2026-06-02T10:33:36+00:00,https://t.me/solana100xcall/31199,"🔥 UPDATE 🔥

$BRAINFRY REACHED 💰9.0X💰 AFTER VIP SIGNAL

💰 9.0x From Call!
🏠 MCap: $6.2K ➜ $55.9K (ATH) 😎

CA: 3Y8tiJZzUZfhUWE1PXRgx5xUrii3xR63TaMxrgvzpump

🧮 Position PnL
💵 $100 → $900 (PnL +$800)

⚡ Stop watching from the outside. Get VIP access now",bot,False
solana100xcall,31200,2026-06-02T10:35:56+00:00,https://t.me/solana100xcall/31200,"🔥 UPDATE 🔥

$RapeShirt REACHED 💰3.3X💰 AFTER VIP SIGNAL

💰 3.3x From Call!
🏠 MCap: $10.6K ➜ $34.9K (ATH) 😎

CA: GeDeA15TuR4Px6rVzdVjHKf7FZKAnMXL2d5XPGSBpump

🧮 Position PnL
💵 $100 → $330 (PnL +$230)

📢 Advertise your project to 17K+ Solana traders",bot,False
solana100xcall,31201,2026-06-02T10:37:17+00:00,https://t.me/solana100xcall/31201,"🔥 UPDATE 🔥

$BRAINFRY REACHED 💰14.0X💰 AFTER VIP SIGNAL

💰 14.0x From Call!
🏠 MCap: $6.2K ➜ $88.4K (ATH) 😎

CA: 3Y8tiJZzUZfhUWE1PXRgx5xUrii3xR63TaMxrgvzpump

🧮 Position PnL
💵 $100 → $1400 (PnL +$1300)

🤖 Auto-buy the next signal before the pump. Set up AlphaBot now",bot,False
solana100xcall,31202,2026-06-02T10:54:14+00:00,https://t.me/solana100xcall/31202,"🔥 UPDATE 🔥

$HWO8 REACHED 💰3.0X💰 AFTER VIP SIGNAL

💰 3.0x From Call!
🏠 MCap: $6.2K ➜ $18.9K (ATH) 😎

CA: Hwo89CM8FcF4ggsh2b4d1tTrmDAr8Du2TaDNHQ7UjiWd

🧮 Position PnL
💵 $100 → $300 (PnL +$200)

🔥 This call was VIP only. Get access before the next one",bot,False
solana100xcall,31203,2026-06-02T11:16:26+00:00,https://t.me/solana100xcall/31203,"🔥 UPDATE 🔥

$HWO8 REACHED 💰4.4X💰 AFTER VIP SIGNAL

💰 4.4x From Call!
🏠 MCap: $6.2K ➜ $27.3K (ATH) 😎

CA: Hwo89CM8FcF4ggsh2b4d1tTrmDAr8Du2TaDNHQ7UjiWd

🧮 Position PnL
💵 $100 → $441 (PnL +$341)

🤖 Auto-buy the next signal before the pump. Set up AlphaBot now",bot,False
solana100xcall,31204,2026-06-02T11:48:56+00:00,https://t.me/solana100xcall/31204,"🔥 UPDATE 🔥

$HUNTER REACHED 💰5.3X💰 AFTER VIP SIGNAL

💰 5.3x From Call!
🏠 MCap: $9.9K ➜ $52.3K (ATH) 😎

CA: 9zwhS3b1oYuUEqWNpu2SPkEH24JMVWFEVQvHuYXZpump

🧮 Position PnL
💵 $100 → $528 (PnL +$428)

🚀 Next signal fires soon. Set up AlphaBot and ride it",bot,False
solana100xcall,31205,2026-06-02T11:50:26+00:00,https://t.me/solana100xcall/31205,"$WLM REACHED 💰4.3X💰 AFTER VIP SIGNAL

💰 4.3x From Call!
🏠 MCap: $13.1K ➜ $56.9K (ATH) 😎

CA: 9MTge3duPkUwN3x9ZPQaLzJnzf9cTZzpj98F4VJANPpr

🧮 Position PnL
💵 $100 → $434 (PnL +$334)

⚡ AlphaBot executes instantly. You could have caught this one",bot,False
solana100xcall,31206,2026-06-02T11:51:47+00:00,https://t.me/solana100xcall/31206,"🔥 UPDATE 🔥

$WLM REACHED 💰5.0X💰 AFTER VIP SIGNAL

💰 5.0x From Call!
🏠 MCap: $13.1K ➜ $75.9K (ATH) 😎

CA: 9MTge3duPkUwN3x9ZPQaLzJnzf9cTZzpj98F4VJANPpr

🧮 Position PnL
💵 $100 → $500 (PnL +$400)

🎯 While you watched this pump, AlphaBot already took profit",bot,False
solana100xcall,31207,2026-06-02T11:53:25+00:00,https://t.me/solana100xcall/31207,"$WLMT REACHED 💰2.7X💰 AFTER VIP SIGNAL

💰 2.7x From Call!
🏠 MCap: $8.6K ➜ $22.9K (ATH) 😎

⚡ AlphaBot executes instantly. You could have caught this one",bot,False
solana100xcall,31208,2026-06-02T11:59:23+00:00,https://t.me/solana100xcall/31208,"🔥 UPDATE 🔥

$WLMT REACHED 💰3.9X💰 AFTER VIP SIGNAL

💰 3.9x From Call!
🏠 MCap: $8.6K ➜ $33.1K (ATH) 😎

CA: DvhS53yNUHT1nGj8k4p7YN4hC4DHupcBw41MuUfpump

🧮 Position PnL
💵 $100 → $385 (PnL +$285)

🚀 VIP members got this signal first. Tap to join",bot,False
solana100xcall,31209,2026-06-02T12:00:17+00:00,https://t.me/solana100xcall/31209,"🔥 UPDATE 🔥

$WLMT REACHED 💰5.0X💰 AFTER VIP SIGNAL

💰 5.0x From Call!
🏠 MCap: $8.6K ➜ $43.5K (ATH) 😎

CA: DvhS53yNUHT1nGj8k4p7YN4hC4DHupcBw41MuUfpump

🧮 Position PnL
💵 $100 → $500 (PnL +$400)

🚀 Next signal fires soon. Set up AlphaBot and ride it",bot,False
solana100xcall,31210,2026-06-02T12:01:58+00:00,https://t.me/solana100xcall/31210,"🔥 UPDATE 🔥

$WLM REACHED 💰7.6X💰 AFTER VIP SIGNAL

💰 7.6x From Call!
🏠 MCap: $13.1K ➜ $98.9K (ATH) 😎

CA: 9MTge3duPkUwN3x9ZPQaLzJnzf9cTZzpj98F4VJANPpr

🧮 Position PnL
💵 $100 → $755 (PnL +$655)

⚡ Stop watching from the outside. Get VIP access now",bot,False
solana100xcall,31211,2026-06-02T12:02:47+00:00,https://t.me/solana100xcall/31211,"🔥 UPDATE 🔥

$WLM REACHED 💰8.0X💰 AFTER VIP SIGNAL

💰 8.0x From Call!
🏠 MCap: $13.1K ➜ $111.8K (ATH) 😎

CA: 9MTge3duPkUwN3x9ZPQaLzJnzf9cTZzpj98F4VJANPpr

🧮 Position PnL
💵 $100 → $800 (PnL +$700)

🤖 Auto-buy the next signal before the pump. Set up AlphaBot now",bot,False
solana100xcall,31212,2026-06-02T12:23:27+00:00,https://t.me/solana100xcall/31212,"🔥 UPDATE 🔥

$WLM REACHED 💰13.9X💰 AFTER VIP SIGNAL

💰 13.9x From Call!
🏠 MCap: $13.1K ➜ $182.1K (ATH) 😎

CA: 9MTge3duPkUwN3x9ZPQaLzJnzf9cTZzpj98F4VJANPpr

🧮 Position PnL
💵 $100 → $1390 (PnL +$1290)

⚡ AlphaBot executes instantly. You could have caught this one",bot,False
solana100xcall,31213,2026-06-02T12:23:54+00:00,https://t.me/solana100xcall/31213,"$ALWS REACHED 💰2.4X💰 AFTER VIP SIGNAL

💰 2.4x From Call!
🏠 MCap: $5.2K ➜ $12.4K (ATH) 😎

⚡ AlphaBot executes instantly. You could have caught this one",bot,False
solana100xcall,31214,2026-06-02T12:25:58+00:00,https://t.me/solana100xcall/31214,"🔥 UPDATE 🔥

$WLM REACHED 💰15.2X💰 AFTER VIP SIGNAL

💰 15.2x From Call!
🏠 MCap: $13.1K ➜ $198.6K (ATH) 😎

CA: 9MTge3duPkUwN3x9ZPQaLzJnzf9cTZzpj98F4VJANPpr

🧮 Position PnL
💵 $100 → $1516 (PnL +$1416)

⚡ Stop watching from the outside. Get VIP access now",bot,False
solana100xcall,31215,2026-06-02T12:27:18+00:00,https://t.me/solana100xcall/31215,"🔥 UPDATE 🔥

$WLM REACHED 💰18.0X💰 AFTER VIP SIGNAL

💰 18.0x From Call!
🏠 MCap: $13.1K ➜ $248.1K (ATH) 😎

CA: 9MTge3duPkUwN3x9ZPQaLzJnzf9cTZzpj98F4VJANPpr

🧮 Position PnL
💵 $100 → $1800 (PnL +$1700)

📢 Advertise your project to 17K+ Solana traders",bot,False
solana100xcall,31216,2026-06-02T12:27:31+00:00,https://t.me/solana100xcall/31216,"🔥 UPDATE 🔥

$MBGA REACHED 💰3.2X💰 AFTER VIP SIGNAL

💰 3.2x From Call!
🏠 MCap: $5.2K ➜ $16.5K (ATH) 😎

CA: ALwSzAaWPpibNZwdCZJiApsFVfky2j3dT5gn5DRcpump

🧮 Position PnL
💵 $100 → $317 (PnL +$217)

💎 One membership. Real signals. Real results.",bot,False
solana100xcall,31217,2026-06-02T12:28:52+00:00,https://t.me/solana100xcall/31217,"$MBGA REACHED 💰4.5X💰 AFTER VIP SIGNAL

💰 4.5x From Call!
🏠 MCap: $5.2K ➜ $23.3K (ATH) 😎

CA: GxuC3zcnsDDEtVHj7HftdNTMhoxwPaMaKfWaEhqxpump

🧮 Position PnL
💵 $100 → $449 (PnL +$349)

🚀 Next signal fires soon. Set up AlphaBot and ride it",bot,False
solana100xcall,31218,2026-06-02T12:31:26+00:00,https://t.me/solana100xcall/31218,"🔥 UPDATE 🔥

$MBGA REACHED 💰4.9X💰 AFTER VIP SIGNAL

💰 4.9x From Call!
🏠 MCap: $5.2K ➜ $25.7K (ATH) 😎

CA: ALwSzAaWPpibNZwdCZJiApsFVfky2j3dT5gn5DRcpump

🧮 Position PnL
💵 $100 → $494 (PnL +$394)

🎯 Get in before the next 10x. VIP signals running 24/7",bot,False
solana100xcall,31219,2026-06-02T12:40:56+00:00,https://t.me/solana100xcall/31219,"🔥 UPDATE 🔥

$SUMMER REACHED 💰4.4X💰 AFTER VIP SIGNAL

💰 4.4x From Call!
🏠 MCap: $5.1K ➜ $22.7K (ATH) 😎

CA: DbvTLqtnPdb4qMJqGKpjnanFMgfrsRaXnYZb17krpump

🧮 Position PnL
💵 $100 → $445 (PnL +$345)

🎯 Get in before the next 10x. VIP signals running 24/7",bot,False
solana100xcall,31220,2026-06-02T12:48:27+00:00,https://t.me/solana100xcall/31220,"🔥 UPDATE 🔥

$stick REACHED 💰3.1X💰 AFTER VIP SIGNAL

💰 3.1x From Call!
🏠 MCap: $16.8K ➜ $52.0K (ATH) 😎

CA: 58TMtkocCn1PMK1SYBBdQahXuhNhGCxEhS7LtYQnpump

🧮 Position PnL
💵 $100 → $309 (PnL +$209)

⚡ AlphaBot executes instantly. You could have caught this one",bot,False
solana100xcall,31221,2026-06-02T12:57:24+00:00,https://t.me/solana100xcall/31221,"🔥 UPDATE 🔥

$HUNTER REACHED 💰6.0X💰 AFTER VIP SIGNAL

💰 6.0x From Call!
🏠 MCap: $9.9K ➜ $59.7K (ATH) 😎

CA: 9zwhS3b1oYuUEqWNpu2SPkEH24JMVWFEVQvHuYXZpump

🧮 Position PnL
💵 $100 → $603 (PnL +$503)

🚀 VIP members got this signal first. Tap to join",bot,False
solana100xcall,31222,2026-06-02T13:08:26+00:00,https://t.me/solana100xcall/31222,"$HENRI REACHED 💰2.1X💰 AFTER VIP SIGNAL

💰 2.1x From Call!
🏠 MCap: $9.3K ➜ $19.6K (ATH) 😎

🎯 Promote your token here. Reach our entire Solana community",bot,False
solana100xcall,31223,2026-06-02T13:23:27+00:00,https://t.me/solana100xcall/31223,"🔥 UPDATE 🔥

$stick REACHED 💰4.2X💰 AFTER VIP SIGNAL

💰 4.2x From Call!
🏠 MCap: $16.8K ➜ $70.0K (ATH) 😎

CA: 58TMtkocCn1PMK1SYBBdQahXuhNhGCxEhS7LtYQnpump

🧮 Position PnL
💵 $100 → $416 (PnL +$316)

🎯 While you watched this pump, AlphaBot already took profit",bot,False
solana100xcall,31224,2026-06-02T13:32:19+00:00,https://t.me/solana100xcall/31224,"$RACK REACHED 💰3.6X💰 AFTER VIP SIGNAL

💰 3.6x From Call!
🏠 MCap: $8.1K ➜ $29.0K (ATH) 😎

CA: FYLAQevJPbwrfCwyERoaFnaidkMXGWXWTySQXRsdpump

🧮 Position PnL
💵 $100 → $358 (PnL +$258)

⭐ Sniper, ALPHA and APEX signals. One membership, five VIP channels",bot,False
solana100xcall,31225,2026-06-02T13:33:15+00:00,https://t.me/solana100xcall/31225,"🔥 UPDATE 🔥

$stick REACHED 💰6.0X💰 AFTER VIP SIGNAL

💰 6.0x From Call!
🏠 MCap: $16.8K ➜ $114.6K (ATH) 😎

CA: 58TMtkocCn1PMK1SYBBdQahXuhNhGCxEhS7LtYQnpump

🧮 Position PnL
💵 $100 → $600 (PnL +$500)

⭐ Sniper, ALPHA and APEX signals. One membership, five VIP channels",bot,False
solana100xcall,31226,2026-06-02T13:42:01+00:00,https://t.me/solana100xcall/31226,"$METU REACHED 💰2.5X💰 AFTER VIP SIGNAL

💰 2.5x From Call!
🏠 MCap: $5.3K ➜ $13.1K (ATH) 😎

📢 Advertise your project to 17K+ Solana traders",bot,False
solana100xcall,31227,2026-06-02T13:59:33+00:00,https://t.me/solana100xcall/31227,"$ALM REACHED 💰2.1X💰 AFTER VIP SIGNAL

💰 2.1x From Call!
🏠 MCap: $9.9K ➜ $20.7K (ATH) 😎

⚡ Stop watching from the outside. Get VIP access now",bot,False
solana100xcall,31228,2026-06-02T14:10:57+00:00,https://t.me/solana100xcall/31228,"🔥 UPDATE 🔥

$ALM REACHED 💰3.5X💰 AFTER VIP SIGNAL

💰 3.5x From Call!
🏠 MCap: $9.9K ➜ $34.5K (ATH) 😎

CA: AbHUuvMKYZnzEho8Zied9dfHtv6HAyNiwR5rg2Xd8ytN

🧮 Position PnL
💵 $100 → $348 (PnL +$248)

🎯 Promote your token here. Reach our entire Solana community",bot,False
solana100xcall,31229,2026-06-02T14:13:57+00:00,https://t.me/solana100xcall/31229,"🔥 UPDATE 🔥

$ALM REACHED 💰4.2X💰 AFTER VIP SIGNAL

💰 4.2x From Call!
🏠 MCap: $9.9K ➜ $41.4K (ATH) 😎

CA: AbHUuvMKYZnzEho8Zied9dfHtv6HAyNiwR5rg2Xd8ytN

🧮 Position PnL
💵 $100 → $418 (PnL +$318)

🚀 VIP members got this signal first. Tap to join",bot,False
solana100xcall,31230,2026-06-02T14:16:26+00:00,https://t.me/solana100xcall/31230,"🔥 UPDATE 🔥

$ALM REACHED 💰7.1X💰 AFTER VIP SIGNAL

💰 7.1x From Call!
🏠 MCap: $9.9K ➜ $70.2K (ATH) 😎

CA: AbHUuvMKYZnzEho8Zied9dfHtv6HAyNiwR5rg2Xd8ytN

🧮 Position PnL
💵 $100 → $709 (PnL +$609)

⭐ Sniper, ALPHA and APEX signals. One membership, five VIP channels",bot,False
solana100xcall,31231,2026-06-02T14:17:47+00:00,https://t.me/solana100xcall/31231,"🔥 UPDATE 🔥

$ALM REACHED 💰10.0X💰 AFTER VIP SIGNAL

💰 10.0x From Call!
🏠 MCap: $9.9K ➜ $104.0K (ATH) 😎

CA: AbHUuvMKYZnzEho8Zied9dfHtv6HAyNiwR5rg2Xd8ytN

🧮 Position PnL
💵 $100 → $1000 (PnL +$900)

⚡ AlphaBot executes instantly. You could have caught this one",bot,False
solana100xcall,31232,2026-06-02T14:21:57+00:00,https://t.me/solana100xcall/31232,"🔥 UPDATE 🔥

$ALM REACHED 💰12.3X💰 AFTER VIP SIGNAL

💰 12.3x From Call!
🏠 MCap: $9.9K ➜ $122.1K (ATH) 😎

CA: AbHUuvMKYZnzEho8Zied9dfHtv6HAyNiwR5rg2Xd8ytN

🧮 Position PnL
💵 $100 → $1233 (PnL +$1133)

🚀 Next signal fires soon. Set up AlphaBot and ride it",bot,False
solana100xcall,31233,2026-06-02T14:45:00+00:00,https://t.me/solana100xcall/31233,"🔥 UPDATE 🔥

$ALM REACHED 💰13.6X💰 AFTER VIP SIGNAL

💰 13.6x From Call!
🏠 MCap: $9.9K ➜ $134.2K (ATH) 😎

CA: AbHUuvMKYZnzEho8Zied9dfHtv6HAyNiwR5rg2Xd8ytN

🧮 Position PnL
💵 $100 → $1356 (PnL +$1256)

🎯 Promote your token here. Reach our entire Solana community",bot,False
solana100xcall,31234,2026-06-02T14:48:28+00:00,https://t.me/solana100xcall/31234,"🔥 UPDATE 🔥

$ALM REACHED 💰14.5X💰 AFTER VIP SIGNAL

💰 14.5x From Call!
🏠 MCap: $9.9K ➜ $143.7K (ATH) 😎

CA: AbHUuvMKYZnzEho8Zied9dfHtv6HAyNiwR5rg2Xd8ytN

🧮 Position PnL
💵 $100 → $1451 (PnL +$1351)

🤖 Auto-buy the next signal before the pump. Set up AlphaBot now",bot,False
solana100xcall,31235,2026-06-02T14:49:49+00:00,https://t.me/solana100xcall/31235,"🔥 UPDATE 🔥

$ALM REACHED 💰18.0X💰 AFTER VIP SIGNAL

💰 18.0x From Call!
🏠 MCap: $9.9K ➜ $185.7K (ATH) 😎

CA: AbHUuvMKYZnzEho8Zied9dfHtv6HAyNiwR5rg2Xd8ytN

🧮 Position PnL
💵 $100 → $1800 (PnL +$1700)

⚡ AlphaBot executes instantly. You could have caught this one",bot,False
solana100xcall,31236,2026-06-02T15:46:59+00:00,https://t.me/solana100xcall/31236,"$PAIRS REACHED 💰2.3X💰 AFTER VIP SIGNAL

💰 2.3x From Call!
🏠 MCap: $10.4K ➜ $23.7K (ATH) 😎

🔥 This call was VIP only. Get access before the next one",bot,False
solana100xcall,31237,2026-06-02T15:49:59+00:00,https://t.me/solana100xcall/31237,"🔥 UPDATE 🔥

$PAIRS REACHED 💰4.8X💰 AFTER VIP SIGNAL

💰 4.8x From Call!
🏠 MCap: $10.4K ➜ $50.1K (ATH) 😎

CA: 9GKvh1xFRiYi8rn1VREVBBdwPKvdjPMS2hezRPsBpump

🧮 Position PnL
💵 $100 → $482 (PnL +$382)

🎯 Promote your token here. Reach our entire Solana community",bot,False
solana100xcall,31238,2026-06-02T15:50:49+00:00,https://t.me/solana100xcall/31238,"🔥 UPDATE 🔥

$PAIRS REACHED 💰5.0X💰 AFTER VIP SIGNAL

💰 5.0x From Call!
🏠 MCap: $10.4K ➜ $54.5K (ATH) 😎

CA: 9GKvh1xFRiYi8rn1VREVBBdwPKvdjPMS2hezRPsBpump

🧮 Position PnL
💵 $100 → $500 (PnL +$400)

🚀 VIP members got this signal first. Tap to join",bot,False
solana100xcall,31239,2026-06-02T16:00:13+00:00,https://t.me/solana100xcall/31239,,bot,False
solana100xcall,31240,2026-06-02T16:28:58+00:00,https://t.me/solana100xcall/31240,"$HERMES REACHED 💰2.1X💰 AFTER VIP SIGNAL

💰 2.1x From Call!
🏠 MCap: $15.0K ➜ $31.6K (ATH) 😎

💎 One membership. Real signals. Real results.",bot,False
solana100xcall,31241,2026-06-02T16:31:59+00:00,https://t.me/solana100xcall/31241,"🔥 UPDATE 🔥

$HERMES REACHED 💰3.1X💰 AFTER VIP SIGNAL

💰 3.1x From Call!
🏠 MCap: $15.0K ➜ $46.3K (ATH) 😎

CA: 7vz2DdcXBX3RQngUZf5GUa9XrjP4y7zZeFtHp65Upump

🧮 Position PnL
💵 $100 → $308 (PnL +$208)

📢 Advertise your project to 17K+ Solana traders",bot,False
solana100xcall,31242,2026-06-02T17:13:58+00:00,https://t.me/solana100xcall/31242,"$SENSE REACHED 💰2.1X💰 AFTER VIP SIGNAL

💰 2.1x From Call!
🏠 MCap: $28.4K ➜ $60.2K (ATH) 😎

⭐ Sniper, ALPHA and APEX signals. One membership, five VIP channels",bot,False
solana100xcall,31243,2026-06-02T17:19:56+00:00,https://t.me/solana100xcall/31243,"$BORED REACHED 💰2.3X💰 AFTER VIP SIGNAL

💰 2.3x From Call!
🏠 MCap: $8.7K ➜ $20.2K (ATH) 😎

📢 Advertise your project to 17K+ Solana traders",bot,False
solana100xcall,31244,2026-06-02T17:20:50+00:00,https://t.me/solana100xcall/31244,"🔥 UPDATE 🔥

$BORED REACHED 💰4.0X💰 AFTER VIP SIGNAL

💰 4.0x From Call!
🏠 MCap: $8.7K ➜ $36.2K (ATH) 😎

CA: r9UDBTrJUZ4FdyUknHvYXonj6o3jMdebzzv2pSZpump

🧮 Position PnL
💵 $100 → $400 (PnL +$300)

🚀 Next signal fires soon. Set up AlphaBot and ride it",bot,False
solana100xcall,31245,2026-06-02T17:28:29+00:00,https://t.me/solana100xcall/31245,"$Lunar REACHED 💰2.5X💰 AFTER VIP SIGNAL

💰 2.5x From Call!
🏠 MCap: $8.1K ➜ $20.5K (ATH) 😎

⚡ Stop watching from the outside. Get VIP access now",bot,False
solana100xcall,31246,2026-06-02T17:32:28+00:00,https://t.me/solana100xcall/31246,"🔥 UPDATE 🔥

$SENSE REACHED 💰3.1X💰 AFTER VIP SIGNAL

💰 3.1x From Call!
🏠 MCap: $28.4K ➜ $87.6K (ATH) 😎

CA: C6sbkjPjyUbRHY91K4T4Wigz6WyFA6NsrNq8THpZpump

🧮 Position PnL
💵 $100 → $308 (PnL +$208)

🤖 Auto-buy the next signal before the pump. Set up AlphaBot now",bot,False
solana100xcall,31247,2026-06-02T17:37:30+00:00,https://t.me/solana100xcall/31247,"🔥 UPDATE 🔥

$SENSE REACHED 💰4.8X💰 AFTER VIP SIGNAL

💰 4.8x From Call!
🏠 MCap: $28.4K ➜ $137.6K (ATH) 😎

CA: C6sbkjPjyUbRHY91K4T4Wigz6WyFA6NsrNq8THpZpump

🧮 Position PnL
💵 $100 → $484 (PnL +$384)

🎯 Promote your token here. Reach our entire Solana community",bot,False
solana100xcall,31248,2026-06-02T17:38:49+00:00,https://t.me/solana100xcall/31248,"🔥 UPDATE 🔥

$SENSE REACHED 💰5.0X💰 AFTER VIP SIGNAL

💰 5.0x From Call!
🏠 MCap: $28.4K ➜ $164.0K (ATH) 😎

CA: C6sbkjPjyUbRHY91K4T4Wigz6WyFA6NsrNq8THpZpump

🧮 Position PnL
💵 $100 → $500 (PnL +$400)

🔥 This call was VIP only. Get access before the next one",bot,False
solana100xcall,31249,2026-06-02T17:39:51+00:00,https://t.me/solana100xcall/31249,"🔥 UPDATE 🔥

$SENSE REACHED 💰6.0X💰 AFTER VIP SIGNAL

💰 6.0x From Call!
🏠 MCap: $28.4K ➜ $193.2K (ATH) 😎

CA: C6sbkjPjyUbRHY91K4T4Wigz6WyFA6NsrNq8THpZpump

🧮 Position PnL
💵 $100 → $600 (PnL +$500)

💎 One membership. Real signals. Real results.",bot,False
solana100xcall,31250,2026-06-02T17:59:00+00:00,https://t.me/solana100xcall/31250,"$IDIOT REACHED 💰3.0X💰 AFTER VIP SIGNAL

💰 3.0x From Call!
🏠 MCap: $10.9K ➜ $33.1K (ATH) 😎

CA: CPPt93htTMPb8to8LepWQbER8C7QfmQD7SfENWLypump

🧮 Position PnL
💵 $100 → $304 (PnL +$204)

⚡ Stop watching from the outside. Get VIP access now",bot,False
solana100xcall,31251,2026-06-02T18:13:59+00:00,https://t.me/solana100xcall/31251,"$DOOR REACHED 💰2.3X💰 AFTER VIP SIGNAL

💰 2.3x From Call!
🏠 MCap: $7.1K ➜ $16.3K (ATH) 😎

🚀 VIP members got this signal first. Tap to join",bot,False
solana100xcall,31252,2026-06-02T18:16:48+00:00,https://t.me/solana100xcall/31252,"$KRYPTO REACHED 💰3.0X💰 AFTER VIP SIGNAL

💰 3.0x From Call!
🏠 MCap: $3.6K ➜ $12.1K (ATH) 😎

CA: Be948AnKLMUbH1GCWFLAsKUnBdiKbcqetsqYqzC8GJJJ

🧮 Position PnL
💵 $100 → $300 (PnL +$200)

🔥 This call was VIP only. Get access before the next one",bot,False
solana100xcall,31253,2026-06-02T18:18:28+00:00,https://t.me/solana100xcall/31253,"$SEM REACHED 💰4.0X💰 AFTER VIP SIGNAL

💰 4.0x From Call!
🏠 MCap: $10.6K ➜ $42.1K (ATH) 😎

CA: 2QT3eVHT8WQHZYdemSZcmGTdjzGeJsjWYtqQ9xZWpump

🧮 Position PnL
💵 $100 → $397 (PnL +$297)

🎯 While you watched this pump, AlphaBot already took profit",bot,False
solana100xcall,31254,2026-06-02T18:18:56+00:00,https://t.me/solana100xcall/31254,"$KRYPTO REACHED 💰2.4X💰 AFTER VIP SIGNAL

💰 2.4x From Call!
🏠 MCap: $3.6K ➜ $8.5K (ATH) 😎

📢 Advertise your project to 17K+ Solana traders",bot,False
solana100xcall,31255,2026-06-02T18:23:27+00:00,https://t.me/solana100xcall/31255,"$SEM REACHED 💰14.8X💰 AFTER VIP SIGNAL

💰 14.8x From Call!
🏠 MCap: $5.2K ➜ $77.1K (ATH) 😎

CA: 5DHgqzEqXjhQJWd7gw81tDZA5svXins8CmorPYjTbnkX

🧮 Position PnL
💵 $100 → $1482 (PnL +$1382)

🎯 Promote your token here. Reach our entire Solana community",bot,False
solana100xcall,31256,2026-06-02T18:28:48+00:00,https://t.me/solana100xcall/31256,"🔥 UPDATE 🔥

$DOOR REACHED 💰3.0X💰 AFTER VIP SIGNAL

💰 3.0x From Call!
🏠 MCap: $7.1K ➜ $27.6K (ATH) 😎

CA: 8zwzhxBhxo8uyUgiQgxXi29NUv1bPpTsSFkRb52Ppump

🧮 Position PnL
💵 $100 → $300 (PnL +$200)

⚡ Stop watching from the outside. Get VIP access now",bot,False
solana100xcall,31257,2026-06-02T18:30:48+00:00,https://t.me/solana100xcall/31257,"🔥 UPDATE 🔥

$DOOR REACHED 💰5.0X💰 AFTER VIP SIGNAL

💰 5.0x From Call!
🏠 MCap: $7.1K ➜ $37.4K (ATH) 😎

CA: 8zwzhxBhxo8uyUgiQgxXi29NUv1bPpTsSFkRb52Ppump

🧮 Position PnL
💵 $100 → $500 (PnL +$400)

💎 One membership. Real signals. Real results.",bot,False
solana100xcall,31258,2026-06-02T18:33:26+00:00,https://t.me/solana100xcall/31258,"$VOULT REACHED 💰2.8X💰 AFTER VIP SIGNAL

💰 2.8x From Call!
🏠 MCap: $19.0K ➜ $52.5K (ATH) 😎

⚡ Stop watching from the outside. Get VIP access now",bot,False
solana100xcall,31259,2026-06-02T18:34:30+00:00,https://t.me/solana100xcall/31259,"🔥 UPDATE 🔥

$SUMMER REACHED 💰5.1X💰 AFTER VIP SIGNAL

💰 5.1x From Call!
🏠 MCap: $5.1K ➜ $26.2K (ATH) 😎

CA: DbvTLqtnPdb4qMJqGKpjnanFMgfrsRaXnYZb17krpump

🧮 Position PnL
💵 $100 → $513 (PnL +$413)

🎯 Get in before the next 10x. VIP signals running 24/7",bot,False
solana100xcall,31260,2026-06-02T18:34:31+00:00,https://t.me/solana100xcall/31260,"🔥 UPDATE 🔥

$VOULT REACHED 💰6.0X💰 AFTER VIP SIGNAL

💰 6.0x From Call!
🏠 MCap: $19.0K ➜ $132.5K (ATH) 😎

CA: CjnroEYSMUjKkcVUq4Z9jknfNrCU8SDQAeXbyzPfpump

🧮 Position PnL
💵 $100 → $600 (PnL +$500)

🚀 Next signal fires soon. Set up AlphaBot and ride it",bot,False
solana100xcall,31261,2026-06-02T18:34:54+00:00,https://t.me/solana100xcall/31261,"$VOULT REACHED 💰3.0X💰 AFTER VIP SIGNAL

💰 3.0x From Call!
🏠 MCap: $19.0K ➜ $70.9K (ATH) 😎

CA: CjnroEYSMUjKkcVUq4Z9jknfNrCU8SDQAeXbyzPfpump

🧮 Position PnL
💵 $100 → $300 (PnL +$200)

🎯 Promote your token here. Reach our entire Solana community",bot,False
solana100xcall,31262,2026-06-02T18:36:51+00:00,https://t.me/solana100xcall/31262,"🔥 UPDATE 🔥

$VOULT REACHED 💰7.0X💰 AFTER VIP SIGNAL

💰 7.0x From Call!
🏠 MCap: $19.0K ➜ $143.7K (ATH) 😎

CA: CjnroEYSMUjKkcVUq4Z9jknfNrCU8SDQAeXbyzPfpump

🧮 Position PnL
💵 $100 → $700 (PnL +$600)

🎯 Promote your token here. Reach our entire Solana community",bot,False
solana100xcall,31263,2026-06-02T18:45:18+00:00,https://t.me/solana100xcall/31263,"🔥 UPDATE 🔥

$SEM REACHED 💰15.0X💰 AFTER VIP SIGNAL

💰 15.0x From Call!
🏠 MCap: $5.2K ➜ $80.1K (ATH) 😎

CA: 5DHgqzEqXjhQJWd7gw81tDZA5svXins8CmorPYjTbnkX

🧮 Position PnL
💵 $100 → $1500 (PnL +$1400)

🎯 Get in before the next 10x. VIP signals running 24/7",bot,False
solana100xcall,31264,2026-06-02T18:46:24+00:00,https://t.me/solana100xcall/31264,"🔥 UPDATE 🔥

$SEM REACHED 💰16.0X💰 AFTER VIP SIGNAL

💰 16.0x From Call!
🏠 MCap: $5.2K ➜ $85.4K (ATH) 😎

CA: 5DHgqzEqXjhQJWd7gw81tDZA5svXins8CmorPYjTbnkX

🧮 Position PnL
💵 $100 → $1600 (PnL +$1500)

🚀 VIP members got this signal first. Tap to join",bot,False
solana100xcall,31265,2026-06-02T18:48:59+00:00,https://t.me/solana100xcall/31265,"🔥 UPDATE 🔥

$SEM REACHED 💰21.4X💰 AFTER VIP SIGNAL

💰 21.4x From Call!
🏠 MCap: $5.2K ➜ $111.5K (ATH) 😎

CA: 5DHgqzEqXjhQJWd7gw81tDZA5svXins8CmorPYjTbnkX

🧮 Position PnL
💵 $100 → $2143 (PnL +$2043)

🎯 Promote your token here. Reach our entire Solana community",bot,False
solana100xcall,31266,2026-06-02T18:49:22+00:00,https://t.me/solana100xcall/31266,"🔥 UPDATE 🔥

$SEM REACHED 💰17.0X💰 AFTER VIP SIGNAL

💰 17.0x From Call!
🏠 MCap: $5.2K ➜ $88.4K (ATH) 😎

CA: 5DHgqzEqXjhQJWd7gw81tDZA5svXins8CmorPYjTbnkX

🧮 Position PnL
💵 $100 → $1700 (PnL +$1600)

📢 Advertise your project to 17K+ Solana traders",bot,False
solana100xcall,31267,2026-06-02T18:51:21+00:00,https://t.me/solana100xcall/31267,"🔥 UPDATE 🔥

$SEM REACHED 💰40.0X💰 AFTER VIP SIGNAL

💰 40.0x From Call!
🏠 MCap: $5.2K ➜ $209.5K (ATH) 😎

CA: 5DHgqzEqXjhQJWd7gw81tDZA5svXins8CmorPYjTbnkX

🧮 Position PnL
💵 $100 → $4000 (PnL +$3900)

🚀 VIP members got this signal first. Tap to join",bot,False
solana100xcall,31268,2026-06-02T18:52:11+00:00,https://t.me/solana100xcall/31268,"🔥 UPDATE 🔥

$SEM REACHED 💰33.0X💰 AFTER VIP SIGNAL

💰 33.0x From Call!
🏠 MCap: $5.2K ➜ $175.7K (ATH) 😎

CA: 5DHgqzEqXjhQJWd7gw81tDZA5svXins8CmorPYjTbnkX

🧮 Position PnL
💵 $100 → $3300 (PnL +$3200)

🎯 While you watched this pump, AlphaBot already took profit",bot,False
solana100xcall,31269,2026-06-02T18:55:21+00:00,https://t.me/solana100xcall/31269,"🔥 UPDATE 🔥

$SEM REACHED 💰43.0X💰 AFTER VIP SIGNAL

💰 43.0x From Call!
🏠 MCap: $5.2K ➜ $226.5K (ATH) 😎

CA: 5DHgqzEqXjhQJWd7gw81tDZA5svXins8CmorPYjTbnkX

🧮 Position PnL
💵 $100 → $4300 (PnL +$4200)

🎯 Promote your token here. Reach our entire Solana community",bot,False
solana100xcall,31270,2026-06-02T18:56:25+00:00,https://t.me/solana100xcall/31270,"🔥 UPDATE 🔥

$SEM REACHED 💰51.0X💰 AFTER VIP SIGNAL

💰 51.0x From Call!
🏠 MCap: $5.2K ➜ $270.4K (ATH) 😎

CA: 5DHgqzEqXjhQJWd7gw81tDZA5svXins8CmorPYjTbnkX

🧮 Position PnL
💵 $100 → $5100 (PnL +$5000)

🚀 Next signal fires soon. Set up AlphaBot and ride it",bot,False
solana100xcall,31271,2026-06-02T18:56:36+00:00,https://t.me/solana100xcall/31271,"$FEARLESS REACHED 💰3.1X💰 AFTER VIP SIGNAL

💰 3.1x From Call!
🏠 MCap: $18.3K ➜ $57.5K (ATH) 😎

CA: H8PMferewKT6Ycs4QXw5KMzNYeNPyZNRB75nA2r7pump

🧮 Position PnL
💵 $100 → $314 (PnL +$214)

💎 One membership. Real signals. Real results.",bot,False
solana100xcall,31272,2026-06-02T19:08:23+00:00,https://t.me/solana100xcall/31272,"$ALT REACHED 💰2.5X💰 AFTER VIP SIGNAL

💰 2.5x From Call!
🏠 MCap: $7.3K ➜ $18.5K (ATH) 😎

⚡ Stop watching from the outside. Get VIP access now",bot,False
solana100xcall,31273,2026-06-02T19:13:57+00:00,https://t.me/solana100xcall/31273,"🔥 UPDATE 🔥

$BILLI REACHED 💰3.6X💰 AFTER VIP SIGNAL

💰 3.6x From Call!
🏠 MCap: $6.2K ➜ $22.3K (ATH) 😎

CA: AnoJWXkbuDndJRmjGKNYV5XcxPPc2mCVNEnH4iJPpump

🧮 Position PnL
💵 $100 → $359 (PnL +$259)

🎯 Get in before the next 10x. VIP signals running 24/7",bot,False
solana100xcall,31274,2026-06-02T19:14:31+00:00,https://t.me/solana100xcall/31274,"$BILLI REACHED 💰2.3X💰 AFTER VIP SIGNAL

💰 2.3x From Call!
🏠 MCap: $6.2K ➜ $14.4K (ATH) 😎

🔥 This call was VIP only. Get access before the next one",bot,False
solana100xcall,31275,2026-06-02T19:22:48+00:00,https://t.me/solana100xcall/31275,"🔥 UPDATE 🔥

$VOULT REACHED 💰8.0X💰 AFTER VIP SIGNAL

💰 8.0x From Call!
🏠 MCap: $19.0K ➜ $158.4K (ATH) 😎

CA: CjnroEYSMUjKkcVUq4Z9jknfNrCU8SDQAeXbyzPfpump

🧮 Position PnL
💵 $100 → $800 (PnL +$700)

🤖 Auto-buy the next signal before the pump. Set up AlphaBot now",bot,False
solana100xcall,31276,2026-06-02T19:35:28+00:00,https://t.me/solana100xcall/31276,"🔥 UPDATE 🔥

$BILLI REACHED 💰4.6X💰 AFTER VIP SIGNAL

💰 4.6x From Call!
🏠 MCap: $6.2K ➜ $28.7K (ATH) 😎

CA: AnoJWXkbuDndJRmjGKNYV5XcxPPc2mCVNEnH4iJPpump

🧮 Position PnL
💵 $100 → $463 (PnL +$363)

🔥 This call was VIP only. Get access before the next one",bot,False
solana100xcall,31277,2026-06-02T19:41:00+00:00,https://t.me/solana100xcall/31277,"🔥 UPDATE 🔥

$BILLI REACHED 💰5.5X💰 AFTER VIP SIGNAL

💰 5.5x From Call!
🏠 MCap: $6.2K ➜ $34.0K (ATH) 😎

CA: AnoJWXkbuDndJRmjGKNYV5XcxPPc2mCVNEnH4iJPpump

🧮 Position PnL
💵 $100 → $548 (PnL +$448)

📢 Advertise your project to 17K+ Solana traders",bot,False
solana100xcall,31278,2026-06-02T19:44:18+00:00,https://t.me/solana100xcall/31278,"🔥 UPDATE 🔥

$BILLI REACHED 💰6.4X💰 AFTER VIP SIGNAL

💰 6.4x From Call!
🏠 MCap: $6.2K ➜ $39.7K (ATH) 😎

CA: AnoJWXkbuDndJRmjGKNYV5XcxPPc2mCVNEnH4iJPpump

🧮 Position PnL
💵 $100 → $640 (PnL +$540)

⚡ AlphaBot executes instantly. You could have caught this one",bot,False
solana100xcall,31279,2026-06-02T19:56:59+00:00,https://t.me/solana100xcall/31279,"$DUMOCRATS REACHED 💰2.4X💰 AFTER VIP SIGNAL

💰 2.4x From Call!
🏠 MCap: $35.2K ➜ $85.9K (ATH) 😎

🚀 Next signal fires soon. Set up AlphaBot and ride it",bot,False
solana100xcall,31280,2026-06-02T20:02:00+00:00,https://t.me/solana100xcall/31280,"🔥 UPDATE 🔥

$DUMOCRATS REACHED 💰3.8X💰 AFTER VIP SIGNAL

💰 3.8x From Call!
🏠 MCap: $35.2K ➜ $134.4K (ATH) 😎

CA: G3CfpU4qq5nrQLeT7bCNkc1qdgWkmmBLJbcE5YKFDQti

🧮 Position PnL
💵 $100 → $382 (PnL +$282)

⚡ AlphaBot executes instantly. You could have caught this one",bot,False
solana100xcall,31281,2026-06-02T20:05:01+00:00,https://t.me/solana100xcall/31281,"$WILLOW REACHED 💰2.0X💰 AFTER VIP SIGNAL

💰 2.0x From Call!
🏠 MCap: $22.8K ➜ $46.1K (ATH) 😎

🎯 Get in before the next 10x. VIP signals running 24/7",bot,False
solana100xcall,31282,2026-06-02T20:16:04+00:00,https://t.me/solana100xcall/31282,"$HYPEWHEEL REACHED 💰2.1X💰 AFTER VIP SIGNAL

💰 2.1x From Call!
🏠 MCap: $5.9K ➜ $12.2K (ATH) 😎

🎯 Promote your token here. Reach our entire Solana community",bot,False
solana100xcall,31283,2026-06-02T20:16:14+00:00,https://t.me/solana100xcall/31283,"$STONK REACHED 💰3.0X💰 AFTER VIP SIGNAL

💰 3.0x From Call!
🏠 MCap: $6.0K ➜ $17.7K (ATH) 😎

⚡ AlphaBot executes instantly. You could have caught this one",bot,False
solana100xcall,31284,2026-06-02T20:19:59+00:00,https://t.me/solana100xcall/31284,"🔥 UPDATE 🔥

$STONK REACHED 💰3.1X💰 AFTER VIP SIGNAL

💰 3.1x From Call!
🏠 MCap: $6.0K ➜ $18.7K (ATH) 😎

CA: 8Eam7Eq8K3CiXMoTFNKfj3sXkcvz93wQZQwbvSsPP2GZ

🧮 Position PnL
💵 $100 → $312 (PnL +$212)

⭐ Sniper, ALPHA and APEX signals. One membership, five VIP channels",bot,False
solana100xcall,31285,2026-06-02T20:23:30+00:00,https://t.me/solana100xcall/31285,"$CPERPS REACHED 💰2.7X💰 AFTER VIP SIGNAL

💰 2.7x From Call!
🏠 MCap: $5.6K ➜ $15.0K (ATH) 😎

🎯 Promote your token here. Reach our entire Solana community",bot,False
solana100xcall,31286,2026-06-02T20:25:00+00:00,https://t.me/solana100xcall/31286,"🔥 UPDATE 🔥

$CPERPS REACHED 💰4.0X💰 AFTER VIP SIGNAL

💰 4.0x From Call!
🏠 MCap: $5.6K ➜ $22.7K (ATH) 😎

CA: Ac5egY3fR9kHqS4tpxmCdsKy2qRgqqthJRxrGbiuUAHg

🧮 Position PnL
💵 $100 → $400 (PnL +$300)

⚡ AlphaBot executes instantly. You could have caught this one",bot,False
solana100xcall,31287,2026-06-02T20:25:01+00:00,https://t.me/solana100xcall/31287,"$AI REACHED 💰2.2X💰 AFTER VIP SIGNAL

💰 2.2x From Call!
🏠 MCap: $58.2K ➜ $130.3K (ATH) 😎

🎯 Promote your token here. Reach our entire Solana community",bot,False
solana100xcall,31288,2026-06-02T20:30:27+00:00,https://t.me/solana100xcall/31288,"🔥 UPDATE 🔥

$CPERPS REACHED 💰5.5X💰 AFTER VIP SIGNAL

💰 5.5x From Call!
🏠 MCap: $5.6K ➜ $30.9K (ATH) 😎

CA: Ac5egY3fR9kHqS4tpxmCdsKy2qRgqqthJRxrGbiuUAHg

🧮 Position PnL
💵 $100 → $552 (PnL +$452)

🚀 VIP members got this signal first. Tap to join",bot,False
solana100xcall,31289,2026-06-02T21:05:21+00:00,https://t.me/solana100xcall/31289,"$DEEP REACHED 💰2.4X💰 AFTER VIP SIGNAL

💰 2.4x From Call!
🏠 MCap: $7.0K ➜ $16.7K (ATH) 😎

🤖 Auto-buy the next signal before the pump. Set up AlphaBot now",bot,False
solana100xcall,31290,2026-06-02T21:15:49+00:00,https://t.me/solana100xcall/31290,"🔥 UPDATE 🔥

$WILLOW REACHED 💰3.0X💰 AFTER VIP SIGNAL

💰 3.0x From Call!
🏠 MCap: $22.8K ➜ $73.2K (ATH) 😎

CA: 2VkpEcZ7zUVWZ8RUPuhKjaARw2vPUnhV2dcmco7spump

🧮 Position PnL
💵 $100 → $300 (PnL +$200)

🔥 This call was VIP only. Get access before the next one",bot,False
solana100xcall,31291,2026-06-02T21:26:17+00:00,https://t.me/solana100xcall/31291,"$DRIPJARZ REACHED 💰4.6X💰 AFTER VIP SIGNAL

💰 4.6x From Call!
🏠 MCap: $6.5K ➜ $29.8K (ATH) 😎

CA: 3ZYiz7EuCfDf69PV2nJajN6YKK8ryPT1FTP1E243pump

🧮 Position PnL
💵 $100 → $458 (PnL +$358)

🔥 This call was VIP only. Get access before the next one",bot,False
solana100xcall,31292,2026-06-02T21:27:19+00:00,https://t.me/solana100xcall/31292,"🔥 UPDATE 🔥

$DRIPJARZ REACHED 💰5.0X💰 AFTER VIP SIGNAL

💰 5.0x From Call!
🏠 MCap: $6.5K ➜ $33.9K (ATH) 😎

CA: 3ZYiz7EuCfDf69PV2nJajN6YKK8ryPT1FTP1E243pump

🧮 Position PnL
💵 $100 → $500 (PnL +$400)

💎 One membership. Real signals. Real results.",bot,False
solana100xcall,31293,2026-06-02T21:28:22+00:00,https://t.me/solana100xcall/31293,"🔥 UPDATE 🔥

$DRIPJARZ REACHED 💰6.0X💰 AFTER VIP SIGNAL

💰 6.0x From Call!
🏠 MCap: $6.5K ➜ $41.6K (ATH) 😎

CA: 3ZYiz7EuCfDf69PV2nJajN6YKK8ryPT1FTP1E243pump

🧮 Position PnL
💵 $100 → $600 (PnL +$500)

💎 One membership. Real signals. Real results.",bot,False
solana100xcall,31294,2026-06-02T21:32:49+00:00,https://t.me/solana100xcall/31294,"🔥 UPDATE 🔥

$DRIPJARZ REACHED 💰8.0X💰 AFTER VIP SIGNAL

💰 8.0x From Call!
🏠 MCap: $6.5K ➜ $57.8K (ATH) 😎

CA: 3ZYiz7EuCfDf69PV2nJajN6YKK8ryPT1FTP1E243pump

🧮 Position PnL
💵 $100 → $800 (PnL +$700)

🚀 Next signal fires soon. Set up AlphaBot and ride it",bot,False
solana100xcall,31295,2026-06-02T21:39:18+00:00,https://t.me/solana100xcall/31295,"🔥 UPDATE 🔥

$WILLOW REACHED 💰4.0X💰 AFTER VIP SIGNAL

💰 4.0x From Call!
🏠 MCap: $22.8K ➜ $108.6K (ATH) 😎

CA: 2VkpEcZ7zUVWZ8RUPuhKjaARw2vPUnhV2dcmco7spump

🧮 Position PnL
💵 $100 → $400 (PnL +$300)

🎯 Get in before the next 10x. VIP signals running 24/7",bot,False
solana100xcall,31296,2026-06-02T21:45:52+00:00,https://t.me/solana100xcall/31296,"🔥 UPDATE 🔥

$WILLOW REACHED 💰5.0X💰 AFTER VIP SIGNAL

💰 5.0x From Call!
🏠 MCap: $22.8K ➜ $114.6K (ATH) 😎

CA: 2VkpEcZ7zUVWZ8RUPuhKjaARw2vPUnhV2dcmco7spump

🧮 Position PnL
💵 $100 → $500 (PnL +$400)

⭐ Sniper, ALPHA and APEX signals. One membership, five VIP channels",bot,False
solana100xcall,31297,2026-06-02T21:50:30+00:00,https://t.me/solana100xcall/31297,"🔥 UPDATE 🔥

$WILLOW REACHED 💰6.6X💰 AFTER VIP SIGNAL

💰 6.6x From Call!
🏠 MCap: $22.8K ➜ $151.0K (ATH) 😎

CA: 2VkpEcZ7zUVWZ8RUPuhKjaARw2vPUnhV2dcmco7spump

🧮 Position PnL
💵 $100 → $662 (PnL +$562)

🚀 VIP members got this signal first. Tap to join",bot,False
solana100xcall,31298,2026-06-02T21:51:45+00:00,https://t.me/solana100xcall/31298,"🔥 UPDATE 🔥

$DRIPJARZ REACHED 💰9.0X💰 AFTER VIP SIGNAL

💰 9.0x From Call!
🏠 MCap: $6.5K ➜ $64.4K (ATH) 😎

CA: 3ZYiz7EuCfDf69PV2nJajN6YKK8ryPT1FTP1E243pump

🧮 Position PnL
💵 $100 → $900 (PnL +$800)

📢 Advertise your project to 17K+ Solana traders",bot,False
solana100xcall,31299,2026-06-02T21:58:34+00:00,https://t.me/solana100xcall/31299,"🔥 UPDATE 🔥

$WILLOW REACHED 💰7.0X💰 AFTER VIP SIGNAL

💰 7.0x From Call!
🏠 MCap: $22.8K ➜ $161.7K (ATH) 😎

CA: 2VkpEcZ7zUVWZ8RUPuhKjaARw2vPUnhV2dcmco7spump

🧮 Position PnL
💵 $100 → $700 (PnL +$600)

📢 Advertise your project to 17K+ Solana traders",bot,False
solana100xcall,31300,2026-06-02T22:00:12+00:00,https://t.me/solana100xcall/31300,,bot,False
solana100xcall,31301,2026-06-02T22:07:58+00:00,https://t.me/solana100xcall/31301,"🔥 UPDATE 🔥

$WILLOW REACHED 💰8.0X💰 AFTER VIP SIGNAL

💰 8.0x From Call!
🏠 MCap: $22.8K ➜ $189.0K (ATH) 😎

CA: 2VkpEcZ7zUVWZ8RUPuhKjaARw2vPUnhV2dcmco7spump

🧮 Position PnL
💵 $100 → $800 (PnL +$700)

🚀 VIP members got this signal first. Tap to join",bot,False
solana100xcall,31302,2026-06-02T22:16:20+00:00,https://t.me/solana100xcall/31302,"🔥 UPDATE 🔥

$DRIPJARZ REACHED 💰12.0X💰 AFTER VIP SIGNAL

💰 12.0x From Call!
🏠 MCap: $6.5K ➜ $78.5K (ATH) 😎

CA: 3ZYiz7EuCfDf69PV2nJajN6YKK8ryPT1FTP1E243pump

🧮 Position PnL
💵 $100 → $1200 (PnL +$1100)

⭐ Sniper, ALPHA and APEX signals. One membership, five VIP channels",bot,False
solana100xcall,31303,2026-06-02T22:38:50+00:00,https://t.me/solana100xcall/31303,"$RAM REACHED 💰2.2X💰 AFTER VIP SIGNAL

💰 2.2x From Call!
🏠 MCap: $11.0K ➜ $24.2K (ATH) 😎

🤖 Auto-buy the next signal before the pump. Set up AlphaBot now",bot,False
solana100xcall,31304,2026-06-02T22:50:44+00:00,https://t.me/solana100xcall/31304,"🔥 UPDATE 🔥

$RAM REACHED 💰3.0X💰 AFTER VIP SIGNAL

💰 3.0x From Call!
🏠 MCap: $11.0K ➜ $34.3K (ATH) 😎

CA: gHGLss2L89HjYmHq2mv6NYv2Mux3J43Lfvcw9zuoRAM

🧮 Position PnL
💵 $100 → $300 (PnL +$200)

🤖 Auto-buy the next signal before the pump. Set up AlphaBot now",bot,False
solana100xcall,31305,2026-06-02T22:52:40+00:00,https://t.me/solana100xcall/31305,"$DUMOCRATS REACHED 💰2.0X💰 AFTER VIP SIGNAL

💰 2.0x From Call!
🏠 MCap: $15.2K ➜ $30.6K (ATH) 😎

🎯 Get in before the next 10x. VIP signals running 24/7",bot,False
solana100xcall,31306,2026-06-03T00:11:02+00:00,https://t.me/solana100xcall/31306,"$BUTTFART REACHED 💰2.0X💰 AFTER VIP SIGNAL

💰 2.0x From Call!
🏠 MCap: $13.7K ➜ $27.6K (ATH) 😎

⚡ AlphaBot executes instantly. You could have caught this one",bot,False
solana100xcall,31307,2026-06-03T00:32:31+00:00,https://t.me/solana100xcall/31307,"$MSGA REACHED 💰2.8X💰 AFTER VIP SIGNAL

💰 2.8x From Call!
🏠 MCap: $5.8K ➜ $16.0K (ATH) 😎

📢 Advertise your project to 17K+ Solana traders",bot,False
solana100xcall,31308,2026-06-03T00:35:05+00:00,https://t.me/solana100xcall/31308,"🔥 UPDATE 🔥

$BUTTFART REACHED 💰3.0X💰 AFTER VIP SIGNAL

💰 3.0x From Call!
🏠 MCap: $13.7K ➜ $41.3K (ATH) 😎

CA: HDqjibDqGg4yDm54TCK8Q4QJVGfAE8Q2d7tygLpZpump

🧮 Position PnL
💵 $100 → $301 (PnL +$201)

🔥 This call was VIP only. Get access before the next one",bot,False
solana100xcall,31309,2026-06-03T01:12:28+00:00,https://t.me/solana100xcall/31309,"🔥 UPDATE 🔥

$BUTTFART REACHED 💰4.0X💰 AFTER VIP SIGNAL

💰 4.0x From Call!
🏠 MCap: $13.7K ➜ $55.7K (ATH) 😎

CA: HDqjibDqGg4yDm54TCK8Q4QJVGfAE8Q2d7tygLpZpump

🧮 Position PnL
💵 $100 → $400 (PnL +$300)

🚀 VIP members got this signal first. Tap to join",bot,False
solana100xcall,31310,2026-06-03T01:12:28+00:00,https://t.me/solana100xcall/31310,"🔥 UPDATE 🔥

$BUTTFART REACHED 💰5.0X💰 AFTER VIP SIGNAL

💰 5.0x From Call!
🏠 MCap: $13.7K ➜ $72.9K (ATH) 😎

CA: HDqjibDqGg4yDm54TCK8Q4QJVGfAE8Q2d7tygLpZpump

🧮 Position PnL
💵 $100 → $500 (PnL +$400)

🎯 Get in before the next 10x. VIP signals running 24/7",bot,False
solana100xcall,31311,2026-06-03T01:15:33+00:00,https://t.me/solana100xcall/31311,"🔥 UPDATE 🔥

$BUTTFART REACHED 💰7.2X💰 AFTER VIP SIGNAL

💰 7.2x From Call!
🏠 MCap: $13.7K ➜ $98.1K (ATH) 😎

CA: HDqjibDqGg4yDm54TCK8Q4QJVGfAE8Q2d7tygLpZpump

🧮 Position PnL
💵 $100 → $716 (PnL +$616)

📢 Advertise your project to 17K+ Solana traders",bot,False
solana100xcall,31312,2026-06-03T03:02:21+00:00,https://t.me/solana100xcall/31312,"$CLASH REACHED 💰2.1X💰 AFTER VIP SIGNAL

💰 2.1x From Call!
🏠 MCap: $247.3K ➜ $509.7K (ATH) 😎

🎯 Get in before the next 10x. VIP signals running 24/7",bot,False
solana100xcall,31313,2026-06-03T03:48:35+00:00,https://t.me/solana100xcall/31313,"🔥 UPDATE 🔥

$SUMMER REACHED 💰6.9X💰 AFTER VIP SIGNAL

💰 6.9x From Call!
🏠 MCap: $5.1K ➜ $35.2K (ATH) 😎

CA: DbvTLqtnPdb4qMJqGKpjnanFMgfrsRaXnYZb17krpump

🧮 Position PnL
💵 $100 → $690 (PnL +$590)

💎 One membership. Real signals. Real results.",bot,False
solana100xcall,31314,2026-06-03T04:00:12+00:00,https://t.me/solana100xcall/31314,,bot,False
solana100xcall,31315,2026-06-03T04:01:05+00:00,https://t.me/solana100xcall/31315,"$PDEX REACHED 💰2.1X💰 AFTER VIP SIGNAL

💰 2.1x From Call!
🏠 MCap: $595.1K ➜ $1.23M (ATH) 😎

🎯 While you watched this pump, AlphaBot already took profit",bot,False
solana100xcall,31316,2026-06-03T04:02:40+00:00,https://t.me/solana100xcall/31316,"🔥 UPDATE 🔥

$SUMMER REACHED 💰7.2X💰 AFTER VIP SIGNAL

💰 7.2x From Call!
🏠 MCap: $5.1K ➜ $36.7K (ATH) 😎

CA: DbvTLqtnPdb4qMJqGKpjnanFMgfrsRaXnYZb17krpump

🧮 Position PnL
💵 $100 → $719 (PnL +$619)

⭐ Sniper, ALPHA and APEX signals. One membership, five VIP channels",bot,False
solana100xcall,31317,2026-06-03T04:16:31+00:00,https://t.me/solana100xcall/31317,"🔥 UPDATE 🔥

$SUMMER REACHED 💰8.0X💰 AFTER VIP SIGNAL

💰 8.0x From Call!
🏠 MCap: $5.1K ➜ $40.9K (ATH) 😎

CA: DbvTLqtnPdb4qMJqGKpjnanFMgfrsRaXnYZb17krpump

🧮 Position PnL
💵 $100 → $803 (PnL +$703)

🚀 VIP members got this signal first. Tap to join",bot,False
solana100xcall,31318,2026-06-03T04:54:09+00:00,https://t.me/solana100xcall/31318,"$MOCHIGUY REACHED 💰2.5X💰 AFTER VIP SIGNAL

💰 2.5x From Call!
🏠 MCap: $7.8K ➜ $19.9K (ATH) 😎

🎯 Get in before the next 10x. VIP signals running 24/7",bot,False
solana100xcall,31319,2026-06-03T08:48:27+00:00,https://t.me/solana100xcall/31319,"$MCBANK REACHED 💰2.0X💰 AFTER VIP SIGNAL

💰 2.0x From Call!
🏠 MCap: $12.1K ➜ $24.3K (ATH) 😎

🤖 Auto-buy the next signal before the pump. Set up AlphaBot now",bot,False
solana100xcall,31320,2026-06-03T09:01:18+00:00,https://t.me/solana100xcall/31320,"$ETA REACHED 💰2.1X💰 AFTER VIP SIGNAL

💰 2.1x From Call!
🏠 MCap: $14.7K ➜ $30.9K (ATH) 😎

🎯 Promote your token here. Reach our entire Solana community",bot,False
solana100xcall,31321,2026-06-03T09:05:55+00:00,https://t.me/solana100xcall/31321,"🔥 UPDATE 🔥

$MCBANK REACHED 💰3.0X💰 AFTER VIP SIGNAL

💰 3.0x From Call!
🏠 MCap: $12.1K ➜ $37.9K (ATH) 😎

CA: BSgYkXBo3pd3SoNHMK2F5gAaWZJbuD4Me6JExdQBpump

🧮 Position PnL
💵 $100 → $300 (PnL +$200)

🎯 Get in before the next 10x. VIP signals running 24/7",bot,False
solana100xcall,31322,2026-06-03T09:08:26+00:00,https://t.me/solana100xcall/31322,"🔥 UPDATE 🔥

$MCBANK REACHED 💰4.0X💰 AFTER VIP SIGNAL

💰 4.0x From Call!
🏠 MCap: $12.1K ➜ $48.5K (ATH) 😎

CA: BSgYkXBo3pd3SoNHMK2F5gAaWZJbuD4Me6JExdQBpump

🧮 Position PnL
💵 $100 → $400 (PnL +$300)

🔥 This call was VIP only. Get access before the next one",bot,False
solana100xcall,31323,2026-06-03T09:39:08+00:00,https://t.me/solana100xcall/31323,"$BINISM REACHED 💰2.3X💰 AFTER VIP SIGNAL

💰 2.3x From Call!
🏠 MCap: $8.1K ➜ $18.3K (ATH) 😎

⭐ Sniper, ALPHA and APEX signals. One membership, five VIP channels",bot,False
solana100xcall,31324,2026-06-03T10:00:13+00:00,https://t.me/solana100xcall/31324,,bot,False
solana100xcall,31325,2026-06-03T10:07:05+00:00,https://t.me/solana100xcall/31325,"$DIRT REACHED 💰2.9X💰 AFTER VIP SIGNAL

💰 2.9x From Call!
🏠 MCap: $3.5K ➜ $10.0K (ATH) 😎

🤖 Auto-buy the next signal before the pump. Set up AlphaBot now",bot,False
solana100xcall,31326,2026-06-03T11:31:44+00:00,https://t.me/solana100xcall/31326,"$CHUD REACHED 💰2.7X💰 AFTER VIP SIGNAL

💰 2.7x From Call!
🏠 MCap: $10.2K ➜ $27.3K (ATH) 😎

🚀 VIP members got this signal first. Tap to join",bot,False
solana100xcall,31327,2026-06-03T11:32:57+00:00,https://t.me/solana100xcall/31327,"🔥 UPDATE 🔥

$CHUD REACHED 💰3.0X💰 AFTER VIP SIGNAL

💰 3.0x From Call!
🏠 MCap: $10.2K ➜ $36.7K (ATH) 😎

CA: 45FNZPPtdc1hrfT9fskaj12SFzucvFjneE5euHpppump

🧮 Position PnL
💵 $100 → $300 (PnL +$200)

📢 Advertise your project to 17K+ Solana traders",bot,False
solana100xcall,31328,2026-06-03T11:34:56+00:00,https://t.me/solana100xcall/31328,"🔥 UPDATE 🔥

$CHUD REACHED 💰5.0X💰 AFTER VIP SIGNAL

💰 5.0x From Call!
🏠 MCap: $10.2K ➜ $55.6K (ATH) 😎

CA: 45FNZPPtdc1hrfT9fskaj12SFzucvFjneE5euHpppump

🧮 Position PnL
💵 $100 → $500 (PnL +$400)

🎯 Get in before the next 10x. VIP signals running 24/7",bot,False
solana100xcall,31329,2026-06-03T11:37:57+00:00,https://t.me/solana100xcall/31329,"🔥 UPDATE 🔥

$CHUD REACHED 💰7.0X💰 AFTER VIP SIGNAL

💰 7.0x From Call!
🏠 MCap: $10.2K ➜ $76.6K (ATH) 😎

CA: 45FNZPPtdc1hrfT9fskaj12SFzucvFjneE5euHpppump

🧮 Position PnL
💵 $100 → $700 (PnL +$600)

🚀 Next signal fires soon. Set up AlphaBot and ride it",bot,False
solana100xcall,31330,2026-06-03T11:42:56+00:00,https://t.me/solana100xcall/31330,"🔥 UPDATE 🔥

$CHUD REACHED 💰10.0X💰 AFTER VIP SIGNAL

💰 10.0x From Call!
🏠 MCap: $10.2K ➜ $104.2K (ATH) 😎

CA: 45FNZPPtdc1hrfT9fskaj12SFzucvFjneE5euHpppump

🧮 Position PnL
💵 $100 → $1000 (PnL +$900)

⚡ Stop watching from the outside. Get VIP access now",bot,False
solana100xcall,31331,2026-06-03T11:50:56+00:00,https://t.me/solana100xcall/31331,"🔥 UPDATE 🔥

$CHUD REACHED 💰11.0X💰 AFTER VIP SIGNAL

💰 11.0x From Call!
🏠 MCap: $10.2K ➜ $116.3K (ATH) 😎

CA: 45FNZPPtdc1hrfT9fskaj12SFzucvFjneE5euHpppump

🧮 Position PnL
💵 $100 → $1100 (PnL +$1000)

💎 One membership. Real signals. Real results.",bot,False
solana100xcall,31332,2026-06-03T12:01:08+00:00,https://t.me/solana100xcall/31332,"$WORK REACHED 💰2.8X💰 AFTER VIP SIGNAL

💰 2.8x From Call!
🏠 MCap: $6.6K ➜ $18.6K (ATH) 😎

💎 One membership. Real signals. Real results.",bot,False
solana100xcall,31333,2026-06-03T12:02:00+00:00,https://t.me/solana100xcall/31333,"🔥 UPDATE 🔥

$WORK REACHED 💰3.0X💰 AFTER VIP SIGNAL

💰 3.0x From Call!
🏠 MCap: $6.6K ➜ $21.2K (ATH) 😎

CA: AKu74shN5kk1zPnVswMErZG2hbwFAXC48TYHxHLepump

🧮 Position PnL
💵 $100 → $300 (PnL +$200)

🤖 Auto-buy the next signal before the pump. Set up AlphaBot now",bot,False
solana100xcall,31334,2026-06-03T12:03:30+00:00,https://t.me/solana100xcall/31334,"🔥 UPDATE 🔥

$WORK REACHED 💰5.0X💰 AFTER VIP SIGNAL

💰 5.0x From Call!
🏠 MCap: $6.6K ➜ $33.4K (ATH) 😎

CA: AKu74shN5kk1zPnVswMErZG2hbwFAXC48TYHxHLepump

🧮 Position PnL
💵 $100 → $500 (PnL +$400)

💎 One membership. Real signals. Real results.",bot,False
solana100xcall,31335,2026-06-03T12:04:30+00:00,https://t.me/solana100xcall/31335,"🔥 UPDATE 🔥

$WORK REACHED 💰6.0X💰 AFTER VIP SIGNAL

💰 6.0x From Call!
🏠 MCap: $6.6K ➜ $42.3K (ATH) 😎

CA: AKu74shN5kk1zPnVswMErZG2hbwFAXC48TYHxHLepump

🧮 Position PnL
💵 $100 → $600 (PnL +$500)

🔥 This call was VIP only. Get access before the next one",bot,False
solana100xcall,31336,2026-06-03T12:11:39+00:00,https://t.me/solana100xcall/31336,"🔥 UPDATE 🔥

$SUMMER REACHED 💰9.8X💰 AFTER VIP SIGNAL

💰 9.8x From Call!
🏠 MCap: $5.1K ➜ $50.1K (ATH) 😎

CA: DbvTLqtnPdb4qMJqGKpjnanFMgfrsRaXnYZb17krpump

🧮 Position PnL
💵 $100 → $983 (PnL +$883)

📢 Advertise your project to 17K+ Solana traders",bot,False
solana100xcall,31337,2026-06-03T12:14:12+00:00,https://t.me/solana100xcall/31337,"🔥 UPDATE 🔥

$SUMMER REACHED 💰10.3X💰 AFTER VIP SIGNAL

💰 10.3x From Call!
🏠 MCap: $5.1K ➜ $52.6K (ATH) 😎

CA: DbvTLqtnPdb4qMJqGKpjnanFMgfrsRaXnYZb17krpump

🧮 Position PnL
💵 $100 → $1030 (PnL +$930)

⭐ Sniper, ALPHA and APEX signals. One membership, five VIP channels",bot,False
solana100xcall,31338,2026-06-03T12:15:31+00:00,https://t.me/solana100xcall/31338,"🔥 UPDATE 🔥

$SUMMER REACHED 💰12.0X💰 AFTER VIP SIGNAL

💰 12.0x From Call!
🏠 MCap: $5.1K ➜ $63.7K (ATH) 😎

CA: DbvTLqtnPdb4qMJqGKpjnanFMgfrsRaXnYZb17krpump

🧮 Position PnL
💵 $100 → $1200 (PnL +$1100)

⚡ AlphaBot executes instantly. You could have caught this one",bot,False
solana100xcall,31339,2026-06-03T12:28:37+00:00,https://t.me/solana100xcall/31339,"🔥 UPDATE 🔥

$CHUD REACHED 💰14.5X💰 AFTER VIP SIGNAL

💰 14.5x From Call!
🏠 MCap: $10.2K ➜ $147.7K (ATH) 😎

CA: 45FNZPPtdc1hrfT9fskaj12SFzucvFjneE5euHpppump

🧮 Position PnL
💵 $100 → $1448 (PnL +$1348)

🤖 Auto-buy the next signal before the pump. Set up AlphaBot now",bot,False
solana100xcall,31340,2026-06-03T12:31:11+00:00,https://t.me/solana100xcall/31340,"🔥 UPDATE 🔥

$CHUD REACHED 💰16.3X💰 AFTER VIP SIGNAL

💰 16.3x From Call!
🏠 MCap: $10.2K ➜ $166.4K (ATH) 😎

CA: 45FNZPPtdc1hrfT9fskaj12SFzucvFjneE5euHpppump

🧮 Position PnL
💵 $100 → $1632 (PnL +$1532)

🔥 This call was VIP only. Get access before the next one",bot,False
solana100xcall,31341,2026-06-03T12:32:05+00:00,https://t.me/solana100xcall/31341,"$LELAND REACHED 💰3.2X💰 AFTER VIP SIGNAL

💰 3.2x From Call!
🏠 MCap: $9.2K ➜ $29.2K (ATH) 😎

CA: 6EHTUWyRqVUrm6zhG7ciMpsaH79NQHxw5h3HxEidpump

🧮 Position PnL
💵 $100 → $317 (PnL +$217)

⭐ Sniper, ALPHA and APEX signals. One membership, five VIP channels",bot,False
solana100xcall,31342,2026-06-03T12:36:39+00:00,https://t.me/solana100xcall/31342,"🔥 UPDATE 🔥

$LELAND REACHED 💰4.2X💰 AFTER VIP SIGNAL

💰 4.2x From Call!
🏠 MCap: $9.2K ➜ $38.3K (ATH) 😎

CA: 6EHTUWyRqVUrm6zhG7ciMpsaH79NQHxw5h3HxEidpump

🧮 Position PnL
💵 $100 → $416 (PnL +$316)

⚡ AlphaBot executes instantly. You could have caught this one",bot,False
solana100xcall,31343,2026-06-03T12:42:39+00:00,https://t.me/solana100xcall/31343,"$MARY REACHED 💰2.0X💰 AFTER VIP SIGNAL

💰 2.0x From Call!
🏠 MCap: $7.2K ➜ $14.6K (ATH) 😎

⚡ Stop watching from the outside. Get VIP access now",bot,False
solana100xcall,31344,2026-06-03T12:42:50+00:00,https://t.me/solana100xcall/31344,"🔥 UPDATE 🔥

$LELAND REACHED 💰5.4X💰 AFTER VIP SIGNAL

💰 5.4x From Call!
🏠 MCap: $9.2K ➜ $50.1K (ATH) 😎

CA: 6EHTUWyRqVUrm6zhG7ciMpsaH79NQHxw5h3HxEidpump

🧮 Position PnL
💵 $100 → $545 (PnL +$445)

🎯 Get in before the next 10x. VIP signals running 24/7",bot,False
solana100xcall,31345,2026-06-03T12:46:39+00:00,https://t.me/solana100xcall/31345,"$LEE REACHED 💰2.6X💰 AFTER VIP SIGNAL

💰 2.6x From Call!
🏠 MCap: $17.3K ➜ $44.9K (ATH) 😎

📢 Advertise your project to 17K+ Solana traders",bot,False
solana100xcall,31346,2026-06-03T12:48:01+00:00,https://t.me/solana100xcall/31346,"🔥 UPDATE 🔥

$LEE REACHED 💰3.0X💰 AFTER VIP SIGNAL

💰 3.0x From Call!
🏠 MCap: $17.3K ➜ $58.0K (ATH) 😎

CA: 7bD6cTtdHPd6BeqFrMUFXBYSDqXniPUsh1C5BHxVpump

🧮 Position PnL
💵 $100 → $300 (PnL +$200)

🚀 VIP members got this signal first. Tap to join",bot,False
solana100xcall,31347,2026-06-03T12:49:31+00:00,https://t.me/solana100xcall/31347,"🔥 UPDATE 🔥

$LEE REACHED 💰4.0X💰 AFTER VIP SIGNAL

💰 4.0x From Call!
🏠 MCap: $17.3K ➜ $70.0K (ATH) 😎

CA: 7bD6cTtdHPd6BeqFrMUFXBYSDqXniPUsh1C5BHxVpump

🧮 Position PnL
💵 $100 → $400 (PnL +$300)

📢 Advertise your project to 17K+ Solana traders",bot,False
solana100xcall,31348,2026-06-03T12:53:39+00:00,https://t.me/solana100xcall/31348,"🔥 UPDATE 🔥

$LEE REACHED 💰6.7X💰 AFTER VIP SIGNAL

💰 6.7x From Call!
🏠 MCap: $17.3K ➜ $115.6K (ATH) 😎

CA: 7bD6cTtdHPd6BeqFrMUFXBYSDqXniPUsh1C5BHxVpump

🧮 Position PnL
💵 $100 → $668 (PnL +$568)

⭐ Sniper, ALPHA and APEX signals. One membership, five VIP channels",bot,False
solana100xcall,31349,2026-06-03T12:55:01+00:00,https://t.me/solana100xcall/31349,"🔥 UPDATE 🔥

$LEE REACHED 💰7.0X💰 AFTER VIP SIGNAL

💰 7.0x From Call!
🏠 MCap: $17.3K ➜ $129.3K (ATH) 😎

CA: 7bD6cTtdHPd6BeqFrMUFXBYSDqXniPUsh1C5BHxVpump

🧮 Position PnL
💵 $100 → $700 (PnL +$600)

🚀 VIP members got this signal first. Tap to join",bot,False
solana100xcall,31350,2026-06-03T13:49:09+00:00,https://t.me/solana100xcall/31350,"$$5 REACHED 💰3.5X💰 AFTER VIP SIGNAL

💰 3.5x From Call!
🏠 MCap: $7.3K ➜ $25.8K (ATH) 😎

CA: CGyTe41R9tbLNo78TsVrXetZkuSonLTwJBpo2T9Ppump

🧮 Position PnL
💵 $100 → $353 (PnL +$253)

🤖 Auto-buy the next signal before the pump. Set up AlphaBot now",bot,False
solana100xcall,31351,2026-06-03T13:50:01+00:00,https://t.me/solana100xcall/31351,"🔥 UPDATE 🔥

$$5 REACHED 💰4.0X💰 AFTER VIP SIGNAL

💰 4.0x From Call!
🏠 MCap: $7.3K ➜ $30.9K (ATH) 😎

CA: CGyTe41R9tbLNo78TsVrXetZkuSonLTwJBpo2T9Ppump

🧮 Position PnL
💵 $100 → $400 (PnL +$300)

🚀 Next signal fires soon. Set up AlphaBot and ride it",bot,False
solana100xcall,31352,2026-06-03T13:51:37+00:00,https://t.me/solana100xcall/31352,"$VIBES REACHED 💰2.1X💰 AFTER VIP SIGNAL

💰 2.1x From Call!
🏠 MCap: $13.1K ➜ $27.9K (ATH) 😎

💎 One membership. Real signals. Real results.",bot,False
solana100xcall,31353,2026-06-03T14:00:39+00:00,https://t.me/solana100xcall/31353,"🔥 UPDATE 🔥

$SUMMER REACHED 💰14.2X💰 AFTER VIP SIGNAL

💰 14.2x From Call!
🏠 MCap: $5.1K ➜ $72.7K (ATH) 😎

CA: DbvTLqtnPdb4qMJqGKpjnanFMgfrsRaXnYZb17krpump

🧮 Position PnL
💵 $100 → $1425 (PnL +$1325)

📢 Advertise your project to 17K+ Solana traders",bot,False
solana100xcall,31354,2026-06-03T14:07:11+00:00,https://t.me/solana100xcall/31354,"$POLYSCAM REACHED 💰2.8X💰 AFTER VIP SIGNAL

💰 2.8x From Call!
🏠 MCap: $5.5K ➜ $15.2K (ATH) 😎

📢 Advertise your project to 17K+ Solana traders",bot,False
solana100xcall,31355,2026-06-03T14:09:38+00:00,https://t.me/solana100xcall/31355,"🔥 UPDATE 🔥

$POLYSCAM REACHED 💰3.2X💰 AFTER VIP SIGNAL

💰 3.2x From Call!
🏠 MCap: $5.5K ➜ $17.6K (ATH) 😎

CA: ALHcoDRjQteeY84V7nKabwWBbkftwxbAmnAhrdYapump

🧮 Position PnL
💵 $100 → $320 (PnL +$220)

🎯 Promote your token here. Reach our entire Solana community",bot,False
solana100xcall,31356,2026-06-03T14:10:41+00:00,https://t.me/solana100xcall/31356,"🔥 UPDATE 🔥

$SUMMER REACHED 💰15.3X💰 AFTER VIP SIGNAL

💰 15.3x From Call!
🏠 MCap: $5.1K ➜ $77.9K (ATH) 😎

CA: DbvTLqtnPdb4qMJqGKpjnanFMgfrsRaXnYZb17krpump

🧮 Position PnL
💵 $100 → $1528 (PnL +$1428)

📢 Advertise your project to 17K+ Solana traders",bot,False
solana100xcall,31357,2026-06-03T14:10:43+00:00,https://t.me/solana100xcall/31357,"🔥 UPDATE 🔥

$POLYSCAM REACHED 💰4.0X💰 AFTER VIP SIGNAL

💰 4.0x From Call!
🏠 MCap: $5.5K ➜ $26.9K (ATH) 😎

CA: ALHcoDRjQteeY84V7nKabwWBbkftwxbAmnAhrdYapump

🧮 Position PnL
💵 $100 → $400 (PnL +$300)

🔥 This call was VIP only. Get access before the next one",bot,False
solana100xcall,31358,2026-06-03T14:25:10+00:00,https://t.me/solana100xcall/31358,"$NSTR REACHED 💰2.2X💰 AFTER VIP SIGNAL

💰 2.2x From Call!
🏠 MCap: $7.6K ➜ $16.5K (ATH) 😎

📢 Advertise your project to 17K+ Solana traders",bot,False
solana100xcall,31359,2026-06-03T14:29:09+00:00,https://t.me/solana100xcall/31359,"🔥 UPDATE 🔥

$NSTR REACHED 💰3.6X💰 AFTER VIP SIGNAL

💰 3.6x From Call!
🏠 MCap: $7.6K ➜ $27.2K (ATH) 😎

CA: 7XoM1HzqezXS4oBx8DGH2PKALGh8ZKiotr6FjLdtpump

🧮 Position PnL
💵 $100 → $357 (PnL +$257)

📢 Advertise your project to 17K+ Solana traders",bot,False
solana100xcall,31360,2026-06-03T14:40:40+00:00,https://t.me/solana100xcall/31360,"$STAKRR REACHED 💰2.1X💰 AFTER VIP SIGNAL

💰 2.1x From Call!
🏠 MCap: $19.1K ➜ $39.2K (ATH) 😎

⚡ Stop watching from the outside. Get VIP access now",bot,False
solana100xcall,31361,2026-06-03T14:44:41+00:00,https://t.me/solana100xcall/31361,"$AI REACHED 💰18.6X💰 AFTER VIP SIGNAL

💰 18.6x From Call!
🏠 MCap: $4.5K ➜ $83.5K (ATH) 😎

CA: ce9JbCEWG3tpwUpDHz5KELH8LkRW3e1BvSuudGhpump

🧮 Position PnL
💵 $100 → $1856 (PnL +$1756)

🎯 While you watched this pump, AlphaBot already took profit",bot,False
solana100xcall,31362,2026-06-03T14:46:37+00:00,https://t.me/solana100xcall/31362,"$AI REACHED 💰6.3X💰 AFTER VIP SIGNAL

💰 6.3x From Call!
🏠 MCap: $16.1K ➜ $101.5K (ATH) 😎

CA: AnBBShDB1896bS9XoJ1eTiAhTkshnQQ3i2tq7Ggspump

🧮 Position PnL
💵 $100 → $631 (PnL +$531)

🚀 VIP members got this signal first. Tap to join",bot,False
solana100xcall,31363,2026-06-03T14:47:40+00:00,https://t.me/solana100xcall/31363,"$AGI REACHED 💰5.3X💰 AFTER VIP SIGNAL

💰 5.3x From Call!
🏠 MCap: $12.2K ➜ $64.8K (ATH) 😎

CA: 6pZRjmU72BDRsRug8tVhzpwscBfy9xV1sdTMbGf5pump

🧮 Position PnL
💵 $100 → $531 (PnL +$431)

⚡ AlphaBot executes instantly. You could have caught this one",bot,False
solana100xcall,31364,2026-06-03T15:02:11+00:00,https://t.me/solana100xcall/31364,"🔥 UPDATE 🔥

$AGI REACHED 💰6.1X💰 AFTER VIP SIGNAL

💰 6.1x From Call!
🏠 MCap: $12.2K ➜ $74.9K (ATH) 😎

CA: 6pZRjmU72BDRsRug8tVhzpwscBfy9xV1sdTMbGf5pump

🧮 Position PnL
💵 $100 → $614 (PnL +$514)

🎯 While you watched this pump, AlphaBot already took profit",bot,False
solana100xcall,31365,2026-06-03T15:19:42+00:00,https://t.me/solana100xcall/31365,"$CHIPOTLAI REACHED 💰5.4X💰 AFTER VIP SIGNAL

💰 5.4x From Call!
🏠 MCap: $13.7K ➜ $73.6K (ATH) 😎

CA: ES6ZcfTUTVET37RaYW9qDhX1DBBDEaTuvg87Lw9epump

🧮 Position PnL
💵 $100 → $537 (PnL +$437)

🚀 VIP members got this signal first. Tap to join",bot,False
solana100xcall,31366,2026-06-03T16:00:13+00:00,https://t.me/solana100xcall/31366,,bot,False
solana100xcall,31367,2026-06-03T16:12:40+00:00,https://t.me/solana100xcall/31367,"$FEARLESS REACHED 💰2.7X💰 AFTER VIP SIGNAL

💰 2.7x From Call!
🏠 MCap: $16.5K ➜ $43.8K (ATH) 😎

🎯 Promote your token here. Reach our entire Solana community",bot,False
solana100xcall,31368,2026-06-03T16:34:48+00:00,https://t.me/solana100xcall/31368,"$SCHLONG REACHED 💰2.2X💰 AFTER VIP SIGNAL

💰 2.2x From Call!
🏠 MCap: $5.0K ➜ $11.1K (ATH) 😎

🚀 Next signal fires soon. Set up AlphaBot and ride it",bot,False
solana100xcall,31369,2026-06-03T16:39:10+00:00,https://t.me/solana100xcall/31369,"$GGS REACHED 💰2.4X💰 AFTER VIP SIGNAL

💰 2.4x From Call!
🏠 MCap: $8.4K ➜ $20.2K (ATH) 😎

⚡ Stop watching from the outside. Get VIP access now",bot,False
solana100xcall,31370,2026-06-03T16:47:30+00:00,https://t.me/solana100xcall/31370,"🔥 UPDATE 🔥

$SCHLONG REACHED 💰3.0X💰 AFTER VIP SIGNAL

💰 3.0x From Call!
🏠 MCap: $5.0K ➜ $15.3K (ATH) 😎

CA: 51yhh9EDzExoTmhBqNb6KhzwJpBF5DdaBgo9tF9Tpump

🧮 Position PnL
💵 $100 → $300 (PnL +$200)

⚡ Stop watching from the outside. Get VIP access now",bot,False
solana100xcall,31371,2026-06-03T16:49:59+00:00,https://t.me/solana100xcall/31371,"🔥 UPDATE 🔥

$HUNTER REACHED 💰7.0X💰 AFTER VIP SIGNAL

💰 7.0x From Call!
🏠 MCap: $9.9K ➜ $69.5K (ATH) 😎

CA: 9zwhS3b1oYuUEqWNpu2SPkEH24JMVWFEVQvHuYXZpump

🧮 Position PnL
💵 $100 → $700 (PnL +$600)

🎯 Promote your token here. Reach our entire Solana community",bot,False
solana100xcall,31372,2026-06-03T16:51:29+00:00,https://t.me/solana100xcall/31372,"🔥 UPDATE 🔥

$SCHLONG REACHED 💰4.0X💰 AFTER VIP SIGNAL

💰 4.0x From Call!
🏠 MCap: $5.0K ➜ $22.5K (ATH) 😎

CA: 51yhh9EDzExoTmhBqNb6KhzwJpBF5DdaBgo9tF9Tpump

🧮 Position PnL
💵 $100 → $400 (PnL +$300)

🎯 Promote your token here. Reach our entire Solana community",bot,False
solana100xcall,31373,2026-06-03T16:53:30+00:00,https://t.me/solana100xcall/31373,"🔥 UPDATE 🔥

$SCHLONG REACHED 💰6.0X💰 AFTER VIP SIGNAL

💰 6.0x From Call!
🏠 MCap: $5.0K ➜ $30.8K (ATH) 😎

CA: 51yhh9EDzExoTmhBqNb6KhzwJpBF5DdaBgo9tF9Tpump

🧮 Position PnL
💵 $100 → $600 (PnL +$500)

🚀 Next signal fires soon. Set up AlphaBot and ride it",bot,False
solana100xcall,31374,2026-06-03T16:55:34+00:00,https://t.me/solana100xcall/31374,"🔥 UPDATE 🔥

$SCHLONG REACHED 💰7.0X💰 AFTER VIP SIGNAL

💰 7.0x From Call!
🏠 MCap: $5.0K ➜ $35.0K (ATH) 😎

CA: 51yhh9EDzExoTmhBqNb6KhzwJpBF5DdaBgo9tF9Tpump

🧮 Position PnL
💵 $100 → $700 (PnL +$600)

💎 One membership. Real signals. Real results.",bot,False
solana100xcall,31375,2026-06-03T16:55:41+00:00,https://t.me/solana100xcall/31375,"🔥 UPDATE 🔥

$GGS REACHED 💰3.1X💰 AFTER VIP SIGNAL

💰 3.1x From Call!
🏠 MCap: $8.4K ➜ $26.3K (ATH) 😎

CA: G2ZXsMHyGAEdDAjciix6tj8YdiJ9voudPbfjHWuspump

🧮 Position PnL
💵 $100 → $313 (PnL +$213)

🚀 Next signal fires soon. Set up AlphaBot and ride it",bot,False
solana100xcall,31376,2026-06-03T16:58:59+00:00,https://t.me/solana100xcall/31376,"🔥 UPDATE 🔥

$GGS REACHED 💰4.0X💰 AFTER VIP SIGNAL

💰 4.0x From Call!
🏠 MCap: $8.4K ➜ $39.3K (ATH) 😎

CA: G2ZXsMHyGAEdDAjciix6tj8YdiJ9voudPbfjHWuspump

🧮 Position PnL
💵 $100 → $400 (PnL +$300)

⚡ AlphaBot executes instantly. You could have caught this one",bot,False
solana100xcall,31377,2026-06-03T17:00:52+00:00,https://t.me/solana100xcall/31377,"🔥 UPDATE 🔥

$GGS REACHED 💰5.0X💰 AFTER VIP SIGNAL

💰 5.0x From Call!
🏠 MCap: $8.4K ➜ $44.1K (ATH) 😎

CA: G2ZXsMHyGAEdDAjciix6tj8YdiJ9voudPbfjHWuspump

🧮 Position PnL
💵 $100 → $500 (PnL +$400)

⭐ Sniper, ALPHA and APEX signals. One membership, five VIP channels",bot,False
solana100xcall,31378,2026-06-03T17:04:41+00:00,https://t.me/solana100xcall/31378,"$KOOLPILL REACHED 💰2.2X💰 AFTER VIP SIGNAL

💰 2.2x From Call!
🏠 MCap: $14.6K ➜ $31.6K (ATH) 😎

🔥 This call was VIP only. Get access before the next one",bot,False
solana100xcall,31379,2026-06-03T17:10:10+00:00,https://t.me/solana100xcall/31379,"$STICKERS REACHED 💰2.7X💰 AFTER VIP SIGNAL

💰 2.7x From Call!
🏠 MCap: $6.3K ➜ $17.0K (ATH) 😎

⚡ AlphaBot executes instantly. You could have caught this one",bot,False
solana100xcall,31380,2026-06-03T17:27:00+00:00,https://t.me/solana100xcall/31380,"🔥 UPDATE 🔥

$STICKERS REACHED 💰3.0X💰 AFTER VIP SIGNAL

💰 3.0x From Call!
🏠 MCap: $6.3K ➜ $19.0K (ATH) 😎

CA: TTrBuYdx5dHemgx5SD762BWrTy7vVhLKCTho8NSpump

🧮 Position PnL
💵 $100 → $300 (PnL +$200)

🔥 This call was VIP only. Get access before the next one",bot,False
solana100xcall,31381,2026-06-03T17:55:14+00:00,https://t.me/solana100xcall/31381,"🔥 UPDATE 🔥

$HUNTER REACHED 💰11.4X💰 AFTER VIP SIGNAL

💰 11.4x From Call!
🏠 MCap: $9.9K ➜ $113.0K (ATH) 😎

CA: 9zwhS3b1oYuUEqWNpu2SPkEH24JMVWFEVQvHuYXZpump

🧮 Position PnL
💵 $100 → $1141 (PnL +$1041)

🔥 This call was VIP only. Get access before the next one",bot,False
solana100xcall,31382,2026-06-03T17:59:01+00:00,https://t.me/solana100xcall/31382,"🔥 UPDATE 🔥

$HUNTER REACHED 💰12.0X💰 AFTER VIP SIGNAL

💰 12.0x From Call!
🏠 MCap: $9.9K ➜ $123.2K (ATH) 😎

CA: 9zwhS3b1oYuUEqWNpu2SPkEH24JMVWFEVQvHuYXZpump

🧮 Position PnL
💵 $100 → $1200 (PnL +$1100)

🎯 Get in before the next 10x. VIP signals running 24/7",bot,False
solana100xcall,31383,2026-06-03T17:59:27+00:00,https://t.me/solana100xcall/31383,"$THE REACHED 💰2.2X💰 AFTER VIP SIGNAL

💰 2.2x From Call!
🏠 MCap: $6.1K ➜ $13.3K (ATH) 😎

🎯 Promote your token here. Reach our entire Solana community",bot,False
solana100xcall,31384,2026-06-03T18:00:50+00:00,https://t.me/solana100xcall/31384,"🔥 UPDATE 🔥

$HUNTER REACHED 💰14.0X💰 AFTER VIP SIGNAL

💰 14.0x From Call!
🏠 MCap: $9.9K ➜ $141.6K (ATH) 😎

CA: 9zwhS3b1oYuUEqWNpu2SPkEH24JMVWFEVQvHuYXZpump

🧮 Position PnL
💵 $100 → $1400 (PnL +$1300)

🤖 Auto-buy the next signal before the pump. Set up AlphaBot now",bot,False
solana100xcall,31385,2026-06-03T18:04:13+00:00,https://t.me/solana100xcall/31385,"$CARD REACHED 💰2.0X💰 AFTER VIP SIGNAL

💰 2.0x From Call!
🏠 MCap: $19.6K ➜ $40.1K (ATH) 😎

💎 One membership. Real signals. Real results.",bot,False
solana100xcall,31386,2026-06-03T18:13:58+00:00,https://t.me/solana100xcall/31386,"🔥 UPDATE 🔥

$CARD REACHED 💰3.0X💰 AFTER VIP SIGNAL

💰 3.0x From Call!
🏠 MCap: $19.6K ➜ $70.5K (ATH) 😎

CA: BeitBXa2YEcMFGRqAKV5x6qmoceGyC1itCB9wUzypump

🧮 Position PnL
💵 $100 → $300 (PnL +$200)

⚡ AlphaBot executes instantly. You could have caught this one",bot,False
solana100xcall,31387,2026-06-03T18:14:24+00:00,https://t.me/solana100xcall/31387,"🔥 UPDATE 🔥

$CARD REACHED 💰4.0X💰 AFTER VIP SIGNAL

💰 4.0x From Call!
🏠 MCap: $19.6K ➜ $88.9K (ATH) 😎

CA: BeitBXa2YEcMFGRqAKV5x6qmoceGyC1itCB9wUzypump

🧮 Position PnL
💵 $100 → $400 (PnL +$300)

⚡ AlphaBot executes instantly. You could have caught this one",bot,False
solana100xcall,31388,2026-06-03T18:21:09+00:00,https://t.me/solana100xcall/31388,"$MIKE REACHED 💰3.1X💰 AFTER VIP SIGNAL

💰 3.1x From Call!
🏠 MCap: $5.6K ➜ $17.3K (ATH) 😎

CA: 14n1u4C9ZUVCu4GZjWm8oEwYz7ujzpUBQnroVJYtCzio

🧮 Position PnL
💵 $100 → $308 (PnL +$208)

🎯 While you watched this pump, AlphaBot already took profit",bot,False
solana100xcall,31389,2026-06-03T19:00:15+00:00,https://t.me/solana100xcall/31389,"🔥 UPDATE 🔥

$GGS REACHED 💰6.7X💰 AFTER VIP SIGNAL

💰 6.7x From Call!
🏠 MCap: $8.4K ➜ $56.3K (ATH) 😎

CA: G2ZXsMHyGAEdDAjciix6tj8YdiJ9voudPbfjHWuspump

🧮 Position PnL
💵 $100 → $670 (PnL +$570)

🤖 Auto-buy the next signal before the pump. Set up AlphaBot now",bot,False
solana100xcall,31390,2026-06-03T19:02:43+00:00,https://t.me/solana100xcall/31390,"🔥 UPDATE 🔥

$GGS REACHED 💰7.9X💰 AFTER VIP SIGNAL

💰 7.9x From Call!
🏠 MCap: $8.4K ➜ $66.6K (ATH) 😎

CA: G2ZXsMHyGAEdDAjciix6tj8YdiJ9voudPbfjHWuspump

🧮 Position PnL
💵 $100 → $793 (PnL +$693)

📢 Advertise your project to 17K+ Solana traders",bot,False
solana100xcall,31391,2026-06-03T19:41:05+00:00,https://t.me/solana100xcall/31391,"🔥 UPDATE 🔥

$HYPEBANK REACHED 💰3.0X💰 AFTER VIP SIGNAL

💰 3.0x From Call!
🏠 MCap: $8.5K ➜ $28.7K (ATH) 😎

CA: EtxMp5WhEH4z2ct2WjwDh3XWsFjANGqg1xjvyNEYHype

🧮 Position PnL
💵 $100 → $300 (PnL +$200)

🎯 While you watched this pump, AlphaBot already took profit",bot,False
solana100xcall,31392,2026-06-03T19:41:52+00:00,https://t.me/solana100xcall/31392,"$HYPEBANK REACHED 💰2.1X💰 AFTER VIP SIGNAL

💰 2.1x From Call!
🏠 MCap: $8.5K ➜ $18.2K (ATH) 😎

🎯 While you watched this pump, AlphaBot already took profit",bot,False
solana100xcall,31393,2026-06-03T19:48:14+00:00,https://t.me/solana100xcall/31393,"🔥 UPDATE 🔥

$HYPEBANK REACHED 💰5.1X💰 AFTER VIP SIGNAL

💰 5.1x From Call!
🏠 MCap: $8.5K ➜ $43.3K (ATH) 😎

CA: EtxMp5WhEH4z2ct2WjwDh3XWsFjANGqg1xjvyNEYHype

🧮 Position PnL
💵 $100 → $509 (PnL +$409)

⭐ Sniper, ALPHA and APEX signals. One membership, five VIP channels",bot,False
solana100xcall,31394,2026-06-03T19:52:13+00:00,https://t.me/solana100xcall/31394,"🔥 UPDATE 🔥

$HYPEBANK REACHED 💰6.4X💰 AFTER VIP SIGNAL

💰 6.4x From Call!
🏠 MCap: $8.5K ➜ $54.3K (ATH) 😎

CA: EtxMp5WhEH4z2ct2WjwDh3XWsFjANGqg1xjvyNEYHype

🧮 Position PnL
💵 $100 → $639 (PnL +$539)

🎯 While you watched this pump, AlphaBot already took profit",bot,False
solana100xcall,31395,2026-06-03T21:15:05+00:00,https://t.me/solana100xcall/31395,"🔥 UPDATE 🔥

$LAST REACHED 💰4.0X💰 AFTER VIP SIGNAL

💰 4.0x From Call!
🏠 MCap: $6.4K ➜ $26.7K (ATH) 😎

CA: HgwhgZfng1VvfEXHCwPT6r3G85La3HrownJ2Z4rppump

🧮 Position PnL
💵 $100 → $400 (PnL +$300)

⚡ AlphaBot executes instantly. You could have caught this one",bot,False
solana100xcall,31396,2026-06-03T21:15:13+00:00,https://t.me/solana100xcall/31396,"$LAST REACHED 💰2.5X💰 AFTER VIP SIGNAL

💰 2.5x From Call!
🏠 MCap: $6.4K ➜ $16.3K (ATH) 😎

🚀 VIP members got this signal first. Tap to join",bot,False
solana100xcall,31397,2026-06-03T21:17:23+00:00,https://t.me/solana100xcall/31397,"🔥 UPDATE 🔥

$LAST REACHED 💰5.0X💰 AFTER VIP SIGNAL

💰 5.0x From Call!
🏠 MCap: $6.4K ➜ $35.9K (ATH) 😎

CA: HgwhgZfng1VvfEXHCwPT6r3G85La3HrownJ2Z4rppump

🧮 Position PnL
💵 $100 → $500 (PnL +$400)

🎯 Promote your token here. Reach our entire Solana community",bot,False
solana100xcall,31398,2026-06-03T21:21:02+00:00,https://t.me/solana100xcall/31398,"🔥 UPDATE 🔥

$LAST REACHED 💰6.0X💰 AFTER VIP SIGNAL

💰 6.0x From Call!
🏠 MCap: $6.4K ➜ $43.1K (ATH) 😎

CA: HgwhgZfng1VvfEXHCwPT6r3G85La3HrownJ2Z4rppump

🧮 Position PnL
💵 $100 → $600 (PnL +$500)

🤖 Auto-buy the next signal before the pump. Set up AlphaBot now",bot,False
solana100xcall,31399,2026-06-03T21:21:36+00:00,https://t.me/solana100xcall/31399,"🔥 UPDATE 🔥

$LAST REACHED 💰9.0X💰 AFTER VIP SIGNAL

💰 9.0x From Call!
🏠 MCap: $6.4K ➜ $63.4K (ATH) 😎

CA: HgwhgZfng1VvfEXHCwPT6r3G85La3HrownJ2Z4rppump

🧮 Position PnL
💵 $100 → $900 (PnL +$800)

💎 One membership. Real signals. Real results.",bot,False
solana100xcall,31400,2026-06-03T21:26:13+00:00,https://t.me/solana100xcall/31400,"🔥 UPDATE 🔥

$LAST REACHED 💰13.2X💰 AFTER VIP SIGNAL

💰 13.2x From Call!
🏠 MCap: $6.4K ➜ $84.3K (ATH) 😎

CA: HgwhgZfng1VvfEXHCwPT6r3G85La3HrownJ2Z4rppump

🧮 Position PnL
💵 $100 → $1316 (PnL +$1216)

🔥 This call was VIP only. Get access before the next one",bot,False
solana100xcall,31401,2026-06-03T22:00:13+00:00,https://t.me/solana100xcall/31401,,bot,False
solana100xcall,31402,2026-06-03T22:09:11+00:00,https://t.me/solana100xcall/31402,"$DICKBUTT REACHED 💰30.6X💰 AFTER VIP SIGNAL

💰 30.6x From Call!
🏠 MCap: $11.4K ➜ $349.1K (ATH) 😎

CA: 2p6PYHMVb97RrRyf7p98dPsBZCL5HxVgQYxQHDPjo4d5

🧮 Position PnL
💵 $100 → $3062 (PnL +$2962)

🎯 Promote your token here. Reach our entire Solana community",bot,False
solana100xcall,31403,2026-06-03T22:10:06+00:00,https://t.me/solana100xcall/31403,"🔥 UPDATE 🔥

$DICKBUTT REACHED 💰31.0X💰 AFTER VIP SIGNAL

💰 31.0x From Call!
🏠 MCap: $11.4K ➜ $355.5K (ATH) 😎

CA: 2p6PYHMVb97RrRyf7p98dPsBZCL5HxVgQYxQHDPjo4d5

🧮 Position PnL
💵 $100 → $3100 (PnL +$3000)

🔥 This call was VIP only. Get access before the next one",bot,False
solana100xcall,31404,2026-06-03T22:12:36+00:00,https://t.me/solana100xcall/31404,"🔥 UPDATE 🔥

$DICKBUTT REACHED 💰32.0X💰 AFTER VIP SIGNAL

💰 32.0x From Call!
🏠 MCap: $11.4K ➜ $369.5K (ATH) 😎

CA: 2p6PYHMVb97RrRyf7p98dPsBZCL5HxVgQYxQHDPjo4d5

🧮 Position PnL
💵 $100 → $3200 (PnL +$3100)

📢 Advertise your project to 17K+ Solana traders",bot,False
solana100xcall,31405,2026-06-03T22:15:44+00:00,https://t.me/solana100xcall/31405,"$DICKBUTT REACHED 💰2.4X💰 AFTER VIP SIGNAL

💰 2.4x From Call!
🏠 MCap: $7.8K ➜ $18.5K (ATH) 😎

⭐ Sniper, ALPHA and APEX signals. One membership, five VIP channels",bot,False
solana100xcall,31406,2026-06-03T22:17:41+00:00,https://t.me/solana100xcall/31406,"$DICKBUTT REACHED 💰2.1X💰 AFTER VIP SIGNAL

💰 2.1x From Call!
🏠 MCap: $17.2K ➜ $35.9K (ATH) 😎

🎯 While you watched this pump, AlphaBot already took profit",bot,False
solana100xcall,31407,2026-06-03T22:23:14+00:00,https://t.me/solana100xcall/31407,"🔥 UPDATE 🔥

$DICKBUTT REACHED 💰3.6X💰 AFTER VIP SIGNAL

💰 3.6x From Call!
🏠 MCap: $17.2K ➜ $61.2K (ATH) 😎

CA: 8dNZGEUJN1NUnFcthswTzu1JTrt6EEPKwz7LDoispump

🧮 Position PnL
💵 $100 → $356 (PnL +$256)

🎯 Get in before the next 10x. VIP signals running 24/7",bot,False
solana100xcall,31408,2026-06-03T22:30:14+00:00,https://t.me/solana100xcall/31408,"$LUFFY REACHED 💰2.7X💰 AFTER VIP SIGNAL

💰 2.7x From Call!
🏠 MCap: $12.5K ➜ $33.9K (ATH) 😎

📢 Advertise your project to 17K+ Solana traders",bot,False
solana100xcall,31409,2026-06-03T22:40:45+00:00,https://t.me/solana100xcall/31409,"🔥 UPDATE 🔥

$DICKBUTT REACHED 💰4.7X💰 AFTER VIP SIGNAL

💰 4.7x From Call!
🏠 MCap: $17.2K ➜ $80.4K (ATH) 😎

CA: 8dNZGEUJN1NUnFcthswTzu1JTrt6EEPKwz7LDoispump

🧮 Position PnL
💵 $100 → $467 (PnL +$367)

🎯 While you watched this pump, AlphaBot already took profit",bot,False
solana100xcall,31410,2026-06-03T22:41:36+00:00,https://t.me/solana100xcall/31410,"🔥 UPDATE 🔥

$DICKBUTT REACHED 💰6.0X💰 AFTER VIP SIGNAL

💰 6.0x From Call!
🏠 MCap: $17.2K ➜ $107.3K (ATH) 😎

CA: 8dNZGEUJN1NUnFcthswTzu1JTrt6EEPKwz7LDoispump

🧮 Position PnL
💵 $100 → $600 (PnL +$500)

⭐ Sniper, ALPHA and APEX signals. One membership, five VIP channels",bot,False
solana100xcall,31411,2026-06-03T22:45:14+00:00,https://t.me/solana100xcall/31411,"🔥 UPDATE 🔥

$DICKBUTT REACHED 💰7.3X💰 AFTER VIP SIGNAL

💰 7.3x From Call!
🏠 MCap: $17.2K ➜ $124.7K (ATH) 😎

CA: 8dNZGEUJN1NUnFcthswTzu1JTrt6EEPKwz7LDoispump

🧮 Position PnL
💵 $100 → $725 (PnL +$625)

🎯 While you watched this pump, AlphaBot already took profit",bot,False
solana100xcall,31412,2026-06-03T22:56:43+00:00,https://t.me/solana100xcall/31412,"$HARD REACHED 💰2.1X💰 AFTER VIP SIGNAL

💰 2.1x From Call!
🏠 MCap: $11.3K ➜ $23.3K (ATH) 😎

📢 Advertise your project to 17K+ Solana traders",bot,False
solana100xcall,31413,2026-06-03T23:12:33+00:00,https://t.me/solana100xcall/31413,"🔥 UPDATE 🔥

$HARD REACHED 💰3.0X💰 AFTER VIP SIGNAL

💰 3.0x From Call!
🏠 MCap: $11.3K ➜ $34.8K (ATH) 😎

CA: Hh4PoqnkpVWTsiGA5uQyhpMp6c2Sz7VUd7JYHbGvpump

🧮 Position PnL
💵 $100 → $300 (PnL +$200)

📢 Advertise your project to 17K+ Solana traders",bot,False
solana100xcall,31414,2026-06-03T23:15:03+00:00,https://t.me/solana100xcall/31414,"🔥 UPDATE 🔥

$HARD REACHED 💰4.0X💰 AFTER VIP SIGNAL

💰 4.0x From Call!
🏠 MCap: $11.3K ➜ $51.5K (ATH) 😎

CA: Hh4PoqnkpVWTsiGA5uQyhpMp6c2Sz7VUd7JYHbGvpump

🧮 Position PnL
💵 $100 → $400 (PnL +$300)

🎯 While you watched this pump, AlphaBot already took profit",bot,False
solana100xcall,31415,2026-06-03T23:51:16+00:00,https://t.me/solana100xcall/31415,"$FARTCOIN REACHED 💰2.2X💰 AFTER VIP SIGNAL

💰 2.2x From Call!
🏠 MCap: $11.0K ➜ $24.0K (ATH) 😎

🎯 While you watched this pump, AlphaBot already took profit",bot,False
solana100xcall,31416,2026-06-04T00:07:16+00:00,https://t.me/solana100xcall/31416,"$IPO REACHED 💰2.2X💰 AFTER VIP SIGNAL

💰 2.2x From Call!
🏠 MCap: $9.9K ➜ $21.7K (ATH) 😎

⭐ Sniper, ALPHA and APEX signals. One membership, five VIP channels",bot,False
solana100xcall,31417,2026-06-04T00:09:44+00:00,https://t.me/solana100xcall/31417,"$MOGGED REACHED 💰2.0X💰 AFTER VIP SIGNAL

💰 2.0x From Call!
🏠 MCap: $11.6K ➜ $23.4K (ATH) 😎

🚀 VIP members got this signal first. Tap to join",bot,False
solana100xcall,31418,2026-06-04T00:21:10+00:00,https://t.me/solana100xcall/31418,"🔥 UPDATE 🔥

$TOLYSAN REACHED 💰3.0X💰 AFTER VIP SIGNAL

💰 3.0x From Call!
🏠 MCap: $8.1K ➜ $24.3K (ATH) 😎

CA: 7ZijjmEoSKoA5CgtGYZV14FPndb6LPA5gKh88aa2aGHb

🧮 Position PnL
💵 $100 → $300 (PnL +$200)

🎯 Promote your token here. Reach our entire Solana community",bot,False
solana100xcall,31419,2026-06-04T00:21:33+00:00,https://t.me/solana100xcall/31419,"$TOLYSAN REACHED 💰2.5X💰 AFTER VIP SIGNAL

💰 2.5x From Call!
🏠 MCap: $8.1K ➜ $20.5K (ATH) 😎

📢 Advertise your project to 17K+ Solana traders",bot,False
solana100xcall,31420,2026-06-04T01:21:14+00:00,https://t.me/solana100xcall/31420,"$BUY REACHED 💰2.0X💰 AFTER VIP SIGNAL

💰 2.0x From Call!
🏠 MCap: $6.9K ➜ $13.9K (ATH) 😎

🤖 Auto-buy the next signal before the pump. Set up AlphaBot now",bot,False
solana100xcall,31421,2026-06-04T01:27:16+00:00,https://t.me/solana100xcall/31421,"🔥 UPDATE 🔥

$IPO REACHED 💰3.5X💰 AFTER VIP SIGNAL

💰 3.5x From Call!
🏠 MCap: $9.9K ➜ $34.3K (ATH) 😎

CA: Dr7m11R7kn5GdZvN3ZwYQMGpLaWqujMYnnFwoKqrpump

🧮 Position PnL
💵 $100 → $347 (PnL +$247)

📢 Advertise your project to 17K+ Solana traders",bot,False
solana100xcall,31422,2026-06-04T01:53:18+00:00,https://t.me/solana100xcall/31422,"$BFC REACHED 💰2.9X💰 AFTER VIP SIGNAL

💰 2.9x From Call!
🏠 MCap: $11.6K ➜ $34.1K (ATH) 😎

🔥 This call was VIP only. Get access before the next one",bot,False
solana100xcall,31423,2026-06-04T01:54:38+00:00,https://t.me/solana100xcall/31423,"🔥 UPDATE 🔥

$BFC REACHED 💰3.0X💰 AFTER VIP SIGNAL

💰 3.0x From Call!
🏠 MCap: $11.6K ➜ $41.4K (ATH) 😎

CA: A7bcx3iyYmWk6nZi6vs9LQJi7cXxnQJdgE7oB4zYpump

🧮 Position PnL
💵 $100 → $300 (PnL +$200)

📢 Advertise your project to 17K+ Solana traders",bot,False
solana100xcall,31424,2026-06-04T01:56:09+00:00,https://t.me/solana100xcall/31424,"🔥 UPDATE 🔥

$BFC REACHED 💰4.0X💰 AFTER VIP SIGNAL

💰 4.0x From Call!
🏠 MCap: $11.6K ➜ $51.8K (ATH) 😎

CA: A7bcx3iyYmWk6nZi6vs9LQJi7cXxnQJdgE7oB4zYpump

🧮 Position PnL
💵 $100 → $400 (PnL +$300)

🎯 Promote your token here. Reach our entire Solana community",bot,False
solana100xcall,31425,2026-06-04T02:01:18+00:00,https://t.me/solana100xcall/31425,"🔥 UPDATE 🔥

$BFC REACHED 💰5.0X💰 AFTER VIP SIGNAL

💰 5.0x From Call!
🏠 MCap: $11.6K ➜ $58.5K (ATH) 😎

CA: A7bcx3iyYmWk6nZi6vs9LQJi7cXxnQJdgE7oB4zYpump

🧮 Position PnL
💵 $100 → $504 (PnL +$404)

💎 One membership. Real signals. Real results.",bot,False
solana100xcall,31426,2026-06-04T03:37:12+00:00,https://t.me/solana100xcall/31426,"$ELITESIX REACHED 💰2.2X💰 AFTER VIP SIGNAL

💰 2.2x From Call!
🏠 MCap: $9.0K ➜ $20.1K (ATH) 😎

🎯 Get in before the next 10x. VIP signals running 24/7",bot,False
solana100xcall,31427,2026-06-04T03:40:16+00:00,https://t.me/solana100xcall/31427,"🔥 UPDATE 🔥

$ELITESIX REACHED 💰4.1X💰 AFTER VIP SIGNAL

💰 4.1x From Call!
🏠 MCap: $9.0K ➜ $37.2K (ATH) 😎

CA: 7bqNwnuE8owKgyDdfwPcn5sjbk67pdnXuWePvhTopump

🧮 Position PnL
💵 $100 → $413 (PnL +$313)

📢 Advertise your project to 17K+ Solana traders",bot,False
solana100xcall,31428,2026-06-04T03:41:38+00:00,https://t.me/solana100xcall/31428,"🔥 UPDATE 🔥

$ELITESIX REACHED 💰6.0X💰 AFTER VIP SIGNAL

💰 6.0x From Call!
🏠 MCap: $9.0K ➜ $56.9K (ATH) 😎

CA: 7bqNwnuE8owKgyDdfwPcn5sjbk67pdnXuWePvhTopump

🧮 Position PnL
💵 $100 → $600 (PnL +$500)

💎 One membership. Real signals. Real results.",bot,False
solana100xcall,31429,2026-06-04T04:00:12+00:00,https://t.me/solana100xcall/31429,,bot,False
solana100xcall,31430,2026-06-04T04:40:17+00:00,https://t.me/solana100xcall/31430,"🔥 UPDATE 🔥

$BUY REACHED 💰3.3X💰 AFTER VIP SIGNAL

💰 3.3x From Call!
🏠 MCap: $6.9K ➜ $22.7K (ATH) 😎

CA: EGBkxLBf96HadsdzVnBqvvwJjYcWFvkcTqZ16qxdpump

🧮 Position PnL
💵 $100 → $329 (PnL +$229)

🚀 Next signal fires soon. Set up AlphaBot and ride it",bot,False
solana100xcall,31431,2026-06-04T05:11:08+00:00,https://t.me/solana100xcall/31431,"🔥 UPDATE 🔥

$BUY REACHED 💰4.0X💰 AFTER VIP SIGNAL

💰 4.0x From Call!
🏠 MCap: $6.9K ➜ $28.2K (ATH) 😎

CA: EGBkxLBf96HadsdzVnBqvvwJjYcWFvkcTqZ16qxdpump

🧮 Position PnL
💵 $100 → $400 (PnL +$300)

💎 One membership. Real signals. Real results.",bot,False
solana100xcall,31432,2026-06-04T06:31:23+00:00,https://t.me/solana100xcall/31432,"$PUMPKIN-CHAN REACHED 💰3.5X💰 AFTER VIP SIGNAL

💰 3.5x From Call!
🏠 MCap: $5.0K ➜ $17.4K (ATH) 😎

CA: BJAiL98qz88XfEUN4kwc9vqQutCsG9v7kqvFAyndpump

🧮 Position PnL
💵 $100 → $349 (PnL +$249)

⚡ AlphaBot executes instantly. You could have caught this one",bot,False
solana100xcall,31433,2026-06-04T06:53:40+00:00,https://t.me/solana100xcall/31433,"$JTVO REACHED 💰11.4X💰 AFTER VIP SIGNAL

💰 11.4x From Call!
🏠 MCap: $1.70M ➜ $19.37M (ATH) 😎

CA: 9VY2rDbtsBmTsBxoRF8hWSEUKGqnoQoe9V6W3JnjNgfm

🧮 Position PnL
💵 $100 → $1139 (PnL +$1039)

🎯 While you watched this pump, AlphaBot already took profit",bot,False
solana100xcall,31434,2026-06-04T07:03:03+00:00,https://t.me/solana100xcall/31434,"$CAPTAINGROK REACHED 💰2.3X💰 AFTER VIP SIGNAL

💰 2.3x From Call!
🏠 MCap: $15.3K ➜ $34.9K (ATH) 😎

🎯 Get in before the next 10x. VIP signals running 24/7",bot,False
solana100xcall,31435,2026-06-04T07:46:20+00:00,https://t.me/solana100xcall/31435,"🔥 UPDATE 🔥

$CAPTAINGROK REACHED 💰3.3X💰 AFTER VIP SIGNAL

💰 3.3x From Call!
🏠 MCap: $15.3K ➜ $50.7K (ATH) 😎

CA: FWS2Fy5Q2bQuwAQvV2jy9Q8rbyR8mFNJ4rr8bzvrpump

🧮 Position PnL
💵 $100 → $332 (PnL +$232)

🎯 Get in before the next 10x. VIP signals running 24/7",bot,False
solana100xcall,31436,2026-06-04T08:41:17+00:00,https://t.me/solana100xcall/31436,"$BEE REACHED 💰2.4X💰 AFTER VIP SIGNAL

💰 2.4x From Call!
🏠 MCap: $37.9K ➜ $91.9K (ATH) 😎

🎯 While you watched this pump, AlphaBot already took profit",bot,False
solana100xcall,31437,2026-06-04T08:44:38+00:00,https://t.me/solana100xcall/31437,"🔥 UPDATE 🔥

$BEE REACHED 💰3.0X💰 AFTER VIP SIGNAL

💰 3.0x From Call!
🏠 MCap: $37.9K ➜ $124.0K (ATH) 😎

CA: 6CsbucSTfCANy2CHU6zJoBc1FQC3E5wgBbks5zyFpump

🧮 Position PnL
💵 $100 → $300 (PnL +$200)

⚡ AlphaBot executes instantly. You could have caught this one",bot,False
solana100xcall,31438,2026-06-04T09:23:21+00:00,https://t.me/solana100xcall/31438,"$NONG REACHED 💰2.9X💰 AFTER VIP SIGNAL

💰 2.9x From Call!
🏠 MCap: $6.5K ➜ $18.7K (ATH) 😎

🚀 Next signal fires soon. Set up AlphaBot and ride it",bot,False
solana100xcall,31439,2026-06-04T09:25:49+00:00,https://t.me/solana100xcall/31439,"🔥 UPDATE 🔥

$NONG REACHED 💰5.0X💰 AFTER VIP SIGNAL

💰 5.0x From Call!
🏠 MCap: $6.5K ➜ $32.6K (ATH) 😎

CA: 4oZMTPwYcBJhx2Vs7QDhcz9sQBGUgKAyAViRW5Qupump

🧮 Position PnL
💵 $100 → $501 (PnL +$401)

💎 One membership. Real signals. Real results.",bot,False
solana100xcall,31440,2026-06-04T09:28:19+00:00,https://t.me/solana100xcall/31440,"🔥 UPDATE 🔥

$NONG REACHED 💰6.2X💰 AFTER VIP SIGNAL

💰 6.2x From Call!
🏠 MCap: $6.5K ➜ $40.6K (ATH) 😎

CA: 4oZMTPwYcBJhx2Vs7QDhcz9sQBGUgKAyAViRW5Qupump

🧮 Position PnL
💵 $100 → $624 (PnL +$524)

🚀 Next signal fires soon. Set up AlphaBot and ride it",bot,False
solana100xcall,31441,2026-06-04T09:29:42+00:00,https://t.me/solana100xcall/31441,"🔥 UPDATE 🔥

$NONG REACHED 💰7.0X💰 AFTER VIP SIGNAL

💰 7.0x From Call!
🏠 MCap: $6.5K ➜ $45.9K (ATH) 😎

CA: 4oZMTPwYcBJhx2Vs7QDhcz9sQBGUgKAyAViRW5Qupump

🧮 Position PnL
💵 $100 → $700 (PnL +$600)

🤖 Auto-buy the next signal before the pump. Set up AlphaBot now",bot,False
solana100xcall,31442,2026-06-04T10:00:13+00:00,https://t.me/solana100xcall/31442,,bot,False
solana100xcall,31443,2026-06-04T10:03:52+00:00,https://t.me/solana100xcall/31443,"$CHEESE REACHED 💰2.1X💰 AFTER VIP SIGNAL

💰 2.1x From Call!
🏠 MCap: $9.1K ➜ $19.2K (ATH) 😎

🤖 Auto-buy the next signal before the pump. Set up AlphaBot now",bot,False
solana100xcall,31444,2026-06-04T10:44:50+00:00,https://t.me/solana100xcall/31444,"🔥 UPDATE 🔥

$CHEESE REACHED 💰3.0X💰 AFTER VIP SIGNAL

💰 3.0x From Call!
🏠 MCap: $9.1K ➜ $27.6K (ATH) 😎

CA: G6oqvb1Vp8zSYCvV4evpYoiZSSDDNhuJYLquPMPpump

🧮 Position PnL
💵 $100 → $303 (PnL +$203)

📢 Advertise your project to 17K+ Solana traders",bot,False
solana100xcall,31445,2026-06-04T10:51:18+00:00,https://t.me/solana100xcall/31445,"$WAY REACHED 💰2.0X💰 AFTER VIP SIGNAL

💰 2.0x From Call!
🏠 MCap: $8.7K ➜ $17.5K (ATH) 😎

🎯 Promote your token here. Reach our entire Solana community",bot,False
solana100xcall,31446,2026-06-04T11:36:16+00:00,https://t.me/solana100xcall/31446,"$WLM REACHED 💰3.1X💰 AFTER VIP SIGNAL

💰 3.1x From Call!
🏠 MCap: $274.6K ➜ $854.4K (ATH) 😎

CA: 9MTge3duPkUwN3x9ZPQaLzJnzf9cTZzpj98F4VJANPpr

🧮 Position PnL
💵 $100 → $311 (PnL +$211)

⭐ Sniper, ALPHA and APEX signals. One membership, five VIP channels",bot,False
solana100xcall,31447,2026-06-04T13:13:54+00:00,https://t.me/solana100xcall/31447,"$BEAR REACHED 💰+145%💰 AFTER VIP SIGNAL

💰 +145% From Call!
🏠 MCap: $15.1K ➜ $36.9K (ATH) 😎

⚡ Stop watching from the outside. Get VIP access now",bot,False
solana100xcall,31448,2026-06-04T13:18:40+00:00,https://t.me/solana100xcall/31448,"$SV151 REACHED 💰+205%💰 AFTER VIP SIGNAL

💰 +205% From Call!
🏠 MCap: $200.0K ➜ $609.6K (ATH) 😎

CA: SV151D5pjygAKA8aJJcKzm4wFnRX5G92Fye94jQJk7g

🧮 Position PnL
💵 $100 → $305 (PnL +$205)

🎯 Get in before the next 10x. VIP signals running 24/7",bot,False
solana100xcall,31449,2026-06-04T13:19:43+00:00,https://t.me/solana100xcall/31449,"🔥 UPDATE 🔥

$SV151 REACHED 💰+500%💰 AFTER VIP SIGNAL

💰 +500% From Call!
🏠 MCap: $200.0K ➜ $1.22M (ATH) 😎

CA: SV151D5pjygAKA8aJJcKzm4wFnRX5G92Fye94jQJk7g

🧮 Position PnL
💵 $100 → $600 (PnL +$500)

🎯 Get in before the next 10x. VIP signals running 24/7",bot,False
solana100xcall,31450,2026-06-04T13:25:52+00:00,https://t.me/solana100xcall/31450,"🔥 UPDATE 🔥

$SV151 REACHED 💰+602%💰 AFTER VIP SIGNAL

💰 +602% From Call!
🏠 MCap: $200.0K ➜ $1.40M (ATH) 😎

CA: SV151D5pjygAKA8aJJcKzm4wFnRX5G92Fye94jQJk7g

🧮 Position PnL
💵 $100 → $702 (PnL +$602)

📢 Advertise your project to 17K+ Solana traders",bot,False
solana100xcall,31451,2026-06-04T13:33:25+00:00,https://t.me/solana100xcall/31451,"$SV151 REACHED 💰+1742%💰 AFTER VIP SIGNAL

💰 +1742% From Call!
🏠 MCap: $200.0K ➜ $3.68M (ATH) 😎

CA: SV151D5pjygAKA8aJJcKzm4wFnRX5G92Fye94jQJk7g

🧮 Position PnL
💵 $100 → $1842 (PnL +$1742)

⭐ Sniper, ALPHA and APEX signals. One membership, five VIP channels",bot,False
solana100xcall,31452,2026-06-04T13:43:01+00:00,https://t.me/solana100xcall/31452,"$BEAR REACHED 💰+203%💰 AFTER VIP SIGNAL

💰 +203% From Call!
🏠 MCap: $15.1K ➜ $45.7K (ATH) 😎

CA: 4b1iHmUmwa4JUGFVJbiL7JYUCvdYkFdDjwKb58vNpump

🧮 Position PnL
💵 $100 → $303 (PnL +$203)

🔥 This call was VIP only. Get access before the next one",bot,False
solana100xcall,31453,2026-06-04T13:53:49+00:00,https://t.me/solana100xcall/31453,"$왕바리 REACHED 💰+115%💰 AFTER VIP SIGNAL

💰 +115% From Call!
🏠 MCap: $13.1K ➜ $28.2K (ATH) 😎

🎯 Promote your token here. Reach our entire Solana community",bot,False
solana100xcall,31454,2026-06-04T14:32:10+00:00,https://t.me/solana100xcall/31454,"🔥 UPDATE 🔥

$BEAR REACHED 💰+303%💰 AFTER VIP SIGNAL

💰 +303% From Call!
🏠 MCap: $15.1K ➜ $60.9K (ATH) 😎

CA: 4b1iHmUmwa4JUGFVJbiL7JYUCvdYkFdDjwKb58vNpump

🧮 Position PnL
💵 $100 → $403 (PnL +$303)

🤖 Auto-buy the next signal before the pump. Set up AlphaBot now",bot,False
solana100xcall,31455,2026-06-04T14:39:26+00:00,https://t.me/solana100xcall/31455,"🔥 UPDATE 🔥

$BEAR REACHED 💰+451%💰 AFTER VIP SIGNAL

💰 +451% From Call!
🏠 MCap: $15.1K ➜ $83.1K (ATH) 😎

CA: 4b1iHmUmwa4JUGFVJbiL7JYUCvdYkFdDjwKb58vNpump

🧮 Position PnL
💵 $100 → $551 (PnL +$451)

🔥 This call was VIP only. Get access before the next one",bot,False
solana100xcall,31456,2026-06-04T14:40:01+00:00,https://t.me/solana100xcall/31456,"$BOUNTITTIES REACHED 💰+306%💰 AFTER VIP SIGNAL

💰 +306% From Call!
🏠 MCap: $7.2K ➜ $29.2K (ATH) 😎

CA: 86nn5dX7Qt6BiXu8SpncvaqJacFbU5hUmP3M3LKHpump

🧮 Position PnL
💵 $100 → $406 (PnL +$306)

🎯 While you watched this pump, AlphaBot already took profit",bot,False
solana100xcall,31457,2026-06-04T14:44:51+00:00,https://t.me/solana100xcall/31457,"🔥 UPDATE 🔥

$BOUNTITTIES REACHED 💰+797%💰 AFTER VIP SIGNAL

💰 +797% From Call!
🏠 MCap: $7.2K ➜ $64.6K (ATH) 😎

CA: 86nn5dX7Qt6BiXu8SpncvaqJacFbU5hUmP3M3LKHpump

🧮 Position PnL
💵 $100 → $897 (PnL +$797)

🔥 This call was VIP only. Get access before the next one",bot,False
solana100xcall,31458,2026-06-04T14:45:56+00:00,https://t.me/solana100xcall/31458,"🔥 UPDATE 🔥

$BOUNTITTIES REACHED 💰+800%💰 AFTER VIP SIGNAL

💰 +800% From Call!
🏠 MCap: $7.2K ➜ $65.7K (ATH) 😎

CA: 86nn5dX7Qt6BiXu8SpncvaqJacFbU5hUmP3M3LKHpump

🧮 Position PnL
💵 $100 → $900 (PnL +$800)

🔥 This call was VIP only. Get access before the next one",bot,False
solana100xcall,31459,2026-06-04T14:47:06+00:00,https://t.me/solana100xcall/31459,"🔥 UPDATE 🔥

$BOUNTITTIES REACHED 💰+1100%💰 AFTER VIP SIGNAL

💰 +1100% From Call!
🏠 MCap: $7.2K ➜ $86.7K (ATH) 😎

CA: 86nn5dX7Qt6BiXu8SpncvaqJacFbU5hUmP3M3LKHpump

🧮 Position PnL
💵 $100 → $1200 (PnL +$1100)

🎯 While you watched this pump, AlphaBot already took profit",bot,False
solana100xcall,31460,2026-06-04T14:47:49+00:00,https://t.me/solana100xcall/31460,"🔥 UPDATE 🔥

$BEAR REACHED 💰+545%💰 AFTER VIP SIGNAL

💰 +545% From Call!
🏠 MCap: $15.1K ➜ $97.3K (ATH) 😎

CA: 4b1iHmUmwa4JUGFVJbiL7JYUCvdYkFdDjwKb58vNpump

🧮 Position PnL
💵 $100 → $645 (PnL +$545)

⚡ AlphaBot executes instantly. You could have caught this one",bot,False
solana100xcall,31461,2026-06-04T14:48:20+00:00,https://t.me/solana100xcall/31461,"🔥 UPDATE 🔥

$BOUNTITTIES REACHED 💰+1200%💰 AFTER VIP SIGNAL

💰 +1200% From Call!
🏠 MCap: $7.2K ➜ $93.7K (ATH) 😎

CA: 86nn5dX7Qt6BiXu8SpncvaqJacFbU5hUmP3M3LKHpump

🧮 Position PnL
💵 $100 → $1300 (PnL +$1200)

🚀 VIP members got this signal first. Tap to join",bot,False
solana100xcall,31462,2026-06-04T14:49:54+00:00,https://t.me/solana100xcall/31462,"$GO.FUN REACHED 💰+153%💰 AFTER VIP SIGNAL

💰 +153% From Call!
🏠 MCap: $5.3K ➜ $13.4K (ATH) 😎

🚀 Next signal fires soon. Set up AlphaBot and ride it",bot,False
solana100xcall,31463,2026-06-04T14:50:10+00:00,https://t.me/solana100xcall/31463,"🔥 UPDATE 🔥

$BEAR REACHED 💰+772%💰 AFTER VIP SIGNAL

💰 +772% From Call!
🏠 MCap: $15.1K ➜ $131.6K (ATH) 😎

CA: 4b1iHmUmwa4JUGFVJbiL7JYUCvdYkFdDjwKb58vNpump

🧮 Position PnL
💵 $100 → $872 (PnL +$772)

🎯 While you watched this pump, AlphaBot already took profit",bot,False
solana100xcall,31464,2026-06-04T14:51:37+00:00,https://t.me/solana100xcall/31464,"$BOUNTYWORK REACHED 💰+301%💰 AFTER VIP SIGNAL

💰 +301% From Call!
🏠 MCap: $17.3K ➜ $69.4K (ATH) 😎

CA: J4x1EMmQjF6WEzXq2tUtzY89x5aMhYz5CzfevcJEpump

🧮 Position PnL
💵 $100 → $401 (PnL +$301)

⚡ Stop watching from the outside. Get VIP access now",bot,False
solana100xcall,31465,2026-06-04T15:04:38+00:00,https://t.me/solana100xcall/31465,"🔥 UPDATE 🔥

$BEAR REACHED 💰+853%💰 AFTER VIP SIGNAL

💰 +853% From Call!
🏠 MCap: $15.1K ➜ $143.9K (ATH) 😎

CA: 4b1iHmUmwa4JUGFVJbiL7JYUCvdYkFdDjwKb58vNpump

🧮 Position PnL
💵 $100 → $953 (PnL +$853)

🤖 Auto-buy the next signal before the pump. Set up AlphaBot now",bot,False
solana100xcall,31466,2026-06-04T15:07:02+00:00,https://t.me/solana100xcall/31466,"🔥 UPDATE 🔥

$BEAR REACHED 💰+1000%💰 AFTER VIP SIGNAL

💰 +1000% From Call!
🏠 MCap: $15.1K ➜ $166.1K (ATH) 😎

CA: 4b1iHmUmwa4JUGFVJbiL7JYUCvdYkFdDjwKb58vNpump

🧮 Position PnL
💵 $100 → $1100 (PnL +$1000)

🚀 Next signal fires soon. Set up AlphaBot and ride it",bot,False
solana100xcall,31467,2026-06-04T15:10:48+00:00,https://t.me/solana100xcall/31467,"$ASD REACHED 💰+329%💰 AFTER VIP SIGNAL

💰 +329% From Call!
🏠 MCap: $5.4K ➜ $23.2K (ATH) 😎

CA: 9heizPfpEMoxy8xhL8eWKTRbW9pA9nd4wCsPFpVJpump

🧮 Position PnL
💵 $100 → $429 (PnL +$329)

🚀 VIP members got this signal first. Tap to join",bot,False
solana100xcall,31468,2026-06-04T15:11:57+00:00,https://t.me/solana100xcall/31468,"🔥 UPDATE 🔥

$ASD REACHED 💰+400%💰 AFTER VIP SIGNAL

💰 +400% From Call!
🏠 MCap: $5.4K ➜ $28.9K (ATH) 😎

CA: 9heizPfpEMoxy8xhL8eWKTRbW9pA9nd4wCsPFpVJpump

🧮 Position PnL
💵 $100 → $500 (PnL +$400)

🔥 This call was VIP only. Get access before the next one",bot,False
solana100xcall,31469,2026-06-04T15:16:53+00:00,https://t.me/solana100xcall/31469,"🔥 UPDATE 🔥

$ASD REACHED 💰+574%💰 AFTER VIP SIGNAL

💰 +574% From Call!
🏠 MCap: $5.4K ➜ $36.4K (ATH) 😎

CA: 9heizPfpEMoxy8xhL8eWKTRbW9pA9nd4wCsPFpVJpump

🧮 Position PnL
💵 $100 → $674 (PnL +$574)

🎯 Promote your token here. Reach our entire Solana community",bot,False
solana100xcall,31470,2026-06-04T15:17:35+00:00,https://t.me/solana100xcall/31470,"$ASD REACHED 💰+574%💰 AFTER VIP SIGNAL

💰 +574% From Call!
🏠 MCap: $5.4K ➜ $36.4K (ATH) 😎

CA: 9heizPfpEMoxy8xhL8eWKTRbW9pA9nd4wCsPFpVJpump

🧮 Position PnL
💵 $100 → $674 (PnL +$574)

🎯 Get in before the next 10x. VIP signals running 24/7",bot,False
solana100xcall,31471,2026-06-04T15:30:04+00:00,https://t.me/solana100xcall/31471,"$GO.FUN REACHED 💰+200%💰 AFTER VIP SIGNAL

💰 +200% From Call!
🏠 MCap: $5.3K ➜ $19.1K (ATH) 😎

CA: 3CCUsS8pvivmWppopBQVdrUjUuEK8McEaL2FNTocpump

🧮 Position PnL
💵 $100 → $300 (PnL +$200)

💎 One membership. Real signals. Real results.",bot,False
solana100xcall,31472,2026-06-04T15:33:01+00:00,https://t.me/solana100xcall/31472,"$GO.FUN REACHED 💰+300%💰 AFTER VIP SIGNAL

💰 +300% From Call!
🏠 MCap: $5.3K ➜ $23.3K (ATH) 😎

CA: 3CCUsS8pvivmWppopBQVdrUjUuEK8McEaL2FNTocpump

🧮 Position PnL
💵 $100 → $400 (PnL +$300)

⭐ Sniper, ALPHA and APEX signals. One membership, five VIP channels",bot,False
solana100xcall,31473,2026-06-04T15:43:49+00:00,https://t.me/solana100xcall/31473,"$BOUNTYWORK REACHED 💰+400%💰 AFTER VIP SIGNAL

💰 +400% From Call!
🏠 MCap: $17.3K ➜ $90.8K (ATH) 😎

CA: J4x1EMmQjF6WEzXq2tUtzY89x5aMhYz5CzfevcJEpump

🧮 Position PnL
💵 $100 → $500 (PnL +$400)

💎 One membership. Real signals. Real results.",bot,False
solana100xcall,31474,2026-06-04T15:46:12+00:00,https://t.me/solana100xcall/31474,"🔥 UPDATE 🔥

$BOUNTYWORK REACHED 💰+500%💰 AFTER VIP SIGNAL

💰 +500% From Call!
🏠 MCap: $17.3K ➜ $120.3K (ATH) 😎

CA: J4x1EMmQjF6WEzXq2tUtzY89x5aMhYz5CzfevcJEpump

🧮 Position PnL
💵 $100 → $600 (PnL +$500)

🎯 While you watched this pump, AlphaBot already took profit",bot,False
solana100xcall,31475,2026-06-04T15:48:03+00:00,https://t.me/solana100xcall/31475,"$JOBCOIN REACHED 💰+100%💰 AFTER VIP SIGNAL

💰 +100% From Call!
🏠 MCap: $7.7K ➜ $17.6K (ATH) 😎

🔥 This call was VIP only. Get access before the next one",bot,False
solana100xcall,31476,2026-06-04T15:48:37+00:00,https://t.me/solana100xcall/31476,"🔥 UPDATE 🔥

$BOUNTYWORK REACHED 💰+700%💰 AFTER VIP SIGNAL

💰 +700% From Call!
🏠 MCap: $17.3K ➜ $140.2K (ATH) 😎

CA: J4x1EMmQjF6WEzXq2tUtzY89x5aMhYz5CzfevcJEpump

🧮 Position PnL
💵 $100 → $800 (PnL +$700)

🔥 This call was VIP only. Get access before the next one",bot,False
solana100xcall,31477,2026-06-04T15:50:34+00:00,https://t.me/solana100xcall/31477,"🔥 UPDATE 🔥

$BOUNTYWORK REACHED 💰+900%💰 AFTER VIP SIGNAL

💰 +900% From Call!
🏠 MCap: $17.3K ➜ $176.9K (ATH) 😎

CA: J4x1EMmQjF6WEzXq2tUtzY89x5aMhYz5CzfevcJEpump

🧮 Position PnL
💵 $100 → $1000 (PnL +$900)

🤖 Auto-buy the next signal before the pump. Set up AlphaBot now",bot,False
solana100xcall,31478,2026-06-04T15:51:38+00:00,https://t.me/solana100xcall/31478,"🔥 UPDATE 🔥

$JOBCOIN REACHED 💰+200%💰 AFTER VIP SIGNAL

💰 +200% From Call!
🏠 MCap: $7.7K ➜ $23.7K (ATH) 😎

CA: CYRr9XoH8kjofJJcQx7hD8FLAE4WgMjeAePBJMZUeTX

🧮 Position PnL
💵 $100 → $300 (PnL +$200)

🎯 Get in before the next 10x. VIP signals running 24/7",bot,False
solana100xcall,31479,2026-06-04T15:52:22+00:00,https://t.me/solana100xcall/31479,"$BEAR REACHED 💰+1100%💰 AFTER VIP SIGNAL

💰 +1100% From Call!
🏠 MCap: $15.1K ➜ $192.8K (ATH) 😎

CA: 4b1iHmUmwa4JUGFVJbiL7JYUCvdYkFdDjwKb58vNpump

🧮 Position PnL
💵 $100 → $1200 (PnL +$1100)

🎯 Get in before the next 10x. VIP signals running 24/7",bot,False
solana100xcall,31480,2026-06-04T15:52:24+00:00,https://t.me/solana100xcall/31480,"🔥 UPDATE 🔥

$BOUNTYWORK REACHED 💰+1100%💰 AFTER VIP SIGNAL

💰 +1100% From Call!
🏠 MCap: $17.3K ➜ $224.3K (ATH) 😎

CA: J4x1EMmQjF6WEzXq2tUtzY89x5aMhYz5CzfevcJEpump

🧮 Position PnL
💵 $100 → $1200 (PnL +$1100)

⚡ Stop watching from the outside. Get VIP access now",bot,False
solana100xcall,31481,2026-06-04T15:54:11+00:00,https://t.me/solana100xcall/31481,"🔥 UPDATE 🔥

$BOUNTYWORK REACHED 💰+1200%💰 AFTER VIP SIGNAL

💰 +1200% From Call!
🏠 MCap: $17.3K ➜ $240.7K (ATH) 😎

CA: J4x1EMmQjF6WEzXq2tUtzY89x5aMhYz5CzfevcJEpump

🧮 Position PnL
💵 $100 → $1300 (PnL +$1200)

💎 One membership. Real signals. Real results.",bot,False
solana100xcall,31482,2026-06-04T15:56:09+00:00,https://t.me/solana100xcall/31482,"🔥 UPDATE 🔥

$BOUNTYWORK REACHED 💰+1300%💰 AFTER VIP SIGNAL

💰 +1300% From Call!
🏠 MCap: $17.3K ➜ $254.1K (ATH) 😎

CA: J4x1EMmQjF6WEzXq2tUtzY89x5aMhYz5CzfevcJEpump

🧮 Position PnL
💵 $100 → $1400 (PnL +$1300)

🎯 While you watched this pump, AlphaBot already took profit",bot,False
solana100xcall,31483,2026-06-04T15:58:15+00:00,https://t.me/solana100xcall/31483,"🔥 UPDATE 🔥

$BOUNTYWORK REACHED 💰+2300%💰 AFTER VIP SIGNAL

💰 +2300% From Call!
🏠 MCap: $17.3K ➜ $430.4K (ATH) 😎

CA: J4x1EMmQjF6WEzXq2tUtzY89x5aMhYz5CzfevcJEpump

🧮 Position PnL
💵 $100 → $2400 (PnL +$2300)

📢 Advertise your project to 17K+ Solana traders",bot,False
solana100xcall,31484,2026-06-04T16:00:04+00:00,https://t.me/solana100xcall/31484,"🔥 UPDATE 🔥

$JOBCOIN REACHED 💰+300%💰 AFTER VIP SIGNAL

💰 +300% From Call!
🏠 MCap: $7.7K ➜ $32.6K (ATH) 😎

CA: CYRr9XoH8kjofJJcQx7hD8FLAE4WgMjeAePBJMZUeTX

🧮 Position PnL
💵 $100 → $400 (PnL +$300)

⚡ AlphaBot executes instantly. You could have caught this one",bot,False
solana100xcall,31485,2026-06-04T16:00:13+00:00,https://t.me/solana100xcall/31485,,bot,False
solana100xcall,31486,2026-06-04T16:00:38+00:00,https://t.me/solana100xcall/31486,"🔥 UPDATE 🔥

$BEAR REACHED 💰+1200%💰 AFTER VIP SIGNAL

💰 +1200% From Call!
🏠 MCap: $15.1K ➜ $197.3K (ATH) 😎

CA: 4b1iHmUmwa4JUGFVJbiL7JYUCvdYkFdDjwKb58vNpump

🧮 Position PnL
💵 $100 → $1300 (PnL +$1200)

🤖 Auto-buy the next signal before the pump. Set up AlphaBot now",bot,False
solana100xcall,31487,2026-06-04T16:01:48+00:00,https://t.me/solana100xcall/31487,"🔥 UPDATE 🔥

$BOUNTYWORK REACHED 💰+2400%💰 AFTER VIP SIGNAL

💰 +2400% From Call!
🏠 MCap: $17.3K ➜ $449.7K (ATH) 😎

CA: J4x1EMmQjF6WEzXq2tUtzY89x5aMhYz5CzfevcJEpump

🧮 Position PnL
💵 $100 → $2500 (PnL +$2400)

📢 Advertise your project to 17K+ Solana traders",bot,False
solana100xcall,31488,2026-06-04T16:03:45+00:00,https://t.me/solana100xcall/31488,"🔥 UPDATE 🔥

$BOUNTYWORK REACHED 💰+2600%💰 AFTER VIP SIGNAL

💰 +2600% From Call!
🏠 MCap: $17.3K ➜ $474.8K (ATH) 😎

CA: J4x1EMmQjF6WEzXq2tUtzY89x5aMhYz5CzfevcJEpump

🧮 Position PnL
💵 $100 → $2700 (PnL +$2600)

🎯 Promote your token here. Reach our entire Solana community",bot,False
solana100xcall,31489,2026-06-04T16:04:16+00:00,https://t.me/solana100xcall/31489,"🔥 UPDATE 🔥

$BEAR REACHED 💰+1300%💰 AFTER VIP SIGNAL

💰 +1300% From Call!
🏠 MCap: $15.1K ➜ $215.3K (ATH) 😎

CA: 4b1iHmUmwa4JUGFVJbiL7JYUCvdYkFdDjwKb58vNpump

🧮 Position PnL
💵 $100 → $1400 (PnL +$1300)

🎯 Promote your token here. Reach our entire Solana community",bot,False
solana100xcall,31490,2026-06-04T16:05:47+00:00,https://t.me/solana100xcall/31490,"🔥 UPDATE 🔥

$BOUNTYWORK REACHED 💰+2700%💰 AFTER VIP SIGNAL

💰 +2700% From Call!
🏠 MCap: $17.3K ➜ $486.2K (ATH) 😎

CA: J4x1EMmQjF6WEzXq2tUtzY89x5aMhYz5CzfevcJEpump

🧮 Position PnL
💵 $100 → $2800 (PnL +$2700)

📢 Advertise your project to 17K+ Solana traders",bot,False
solana100xcall,31491,2026-06-04T16:07:16+00:00,https://t.me/solana100xcall/31491,"🔥 UPDATE 🔥

$JOBCOIN REACHED 💰+400%💰 AFTER VIP SIGNAL

💰 +400% From Call!
🏠 MCap: $7.7K ➜ $44.6K (ATH) 😎

CA: CYRr9XoH8kjofJJcQx7hD8FLAE4WgMjeAePBJMZUeTX

🧮 Position PnL
💵 $100 → $500 (PnL +$400)

🚀 VIP members got this signal first. Tap to join",bot,False
solana100xcall,31492,2026-06-04T16:07:50+00:00,https://t.me/solana100xcall/31492,"🔥 UPDATE 🔥

$BOUNTYWORK REACHED 💰+3500%💰 AFTER VIP SIGNAL

💰 +3500% From Call!
🏠 MCap: $17.3K ➜ $624.8K (ATH) 😎

CA: J4x1EMmQjF6WEzXq2tUtzY89x5aMhYz5CzfevcJEpump

🧮 Position PnL
💵 $100 → $3600 (PnL +$3500)

🚀 VIP members got this signal first. Tap to join",bot,False
solana100xcall,31493,2026-06-04T16:09:14+00:00,https://t.me/solana100xcall/31493,"🔥 UPDATE 🔥

$JOBCOIN REACHED 💰+500%💰 AFTER VIP SIGNAL

💰 +500% From Call!
🏠 MCap: $7.7K ➜ $53.0K (ATH) 😎

CA: CYRr9XoH8kjofJJcQx7hD8FLAE4WgMjeAePBJMZUeTX

🧮 Position PnL
💵 $100 → $600 (PnL +$500)

📢 Advertise your project to 17K+ Solana traders",bot,False
solana100xcall,31494,2026-06-04T16:15:17+00:00,https://t.me/solana100xcall/31494,"$DARE REACHED 💰+100%💰 AFTER VIP SIGNAL

💰 +100% From Call!
🏠 MCap: $11.2K ➜ $27.1K (ATH) 😎

📢 Advertise your project to 17K+ Solana traders",bot,False
solana100xcall,31495,2026-06-04T16:15:35+00:00,https://t.me/solana100xcall/31495,"$BOUNTYWORK REACHED 💰+3800%💰 AFTER VIP SIGNAL

💰 +3800% From Call!
🏠 MCap: $17.3K ➜ $683.5K (ATH) 😎

CA: J4x1EMmQjF6WEzXq2tUtzY89x5aMhYz5CzfevcJEpump

🧮 Position PnL
💵 $100 → $3900 (PnL +$3800)

🔥 This call was VIP only. Get access before the next one",bot,False
solana100xcall,31496,2026-06-04T16:17:37+00:00,https://t.me/solana100xcall/31496,"$DARE REACHED 💰+100%💰 AFTER VIP SIGNAL

💰 +100% From Call!
🏠 MCap: $11.8K ➜ $23.7K (ATH) 😎

🎯 Promote your token here. Reach our entire Solana community",bot,False
solana100xcall,31497,2026-06-04T16:21:34+00:00,https://t.me/solana100xcall/31497,"🔥 UPDATE 🔥

$DARE REACHED 💰+300%💰 AFTER VIP SIGNAL

💰 +300% From Call!
🏠 MCap: $11.8K ➜ $49.0K (ATH) 😎

CA: F1eq1Tm9M2mK9fo92DZRbXex856mJX192s1sM9jJpump

🧮 Position PnL
💵 $100 → $400 (PnL +$300)

🚀 VIP members got this signal first. Tap to join",bot,False
solana100xcall,31498,2026-06-04T16:23:33+00:00,https://t.me/solana100xcall/31498,"🔥 UPDATE 🔥

$DARE REACHED 💰+400%💰 AFTER VIP SIGNAL

💰 +400% From Call!
🏠 MCap: $11.8K ➜ $70.0K (ATH) 😎

CA: F1eq1Tm9M2mK9fo92DZRbXex856mJX192s1sM9jJpump

🧮 Position PnL
💵 $100 → $500 (PnL +$400)

💎 One membership. Real signals. Real results.",bot,False
solana100xcall,31499,2026-06-04T16:24:06+00:00,https://t.me/solana100xcall/31499,"🔥 UPDATE 🔥

$DARE REACHED 💰+500%💰 AFTER VIP SIGNAL

💰 +500% From Call!
🏠 MCap: $11.8K ➜ $79.1K (ATH) 😎

CA: F1eq1Tm9M2mK9fo92DZRbXex856mJX192s1sM9jJpump

🧮 Position PnL
💵 $100 → $600 (PnL +$500)

🎯 While you watched this pump, AlphaBot already took profit",bot,False
solana100xcall,31500,2026-06-04T16:25:27+00:00,https://t.me/solana100xcall/31500,"🔥 UPDATE 🔥

$BOUNTYWORK REACHED 💰+3900%💰 AFTER VIP SIGNAL

💰 +3900% From Call!
🏠 MCap: $17.3K ➜ $693.2K (ATH) 😎

CA: J4x1EMmQjF6WEzXq2tUtzY89x5aMhYz5CzfevcJEpump

🧮 Position PnL
💵 $100 → $4000 (PnL +$3900)

🚀 VIP members got this signal first. Tap to join",bot,False
solana100xcall,31501,2026-06-04T16:26:23+00:00,https://t.me/solana100xcall/31501,"🔥 UPDATE 🔥

$BOUNTYWORK REACHED 💰+4500%💰 AFTER VIP SIGNAL

💰 +4500% From Call!
🏠 MCap: $17.3K ➜ $796.3K (ATH) 😎

CA: J4x1EMmQjF6WEzXq2tUtzY89x5aMhYz5CzfevcJEpump

🧮 Position PnL
💵 $100 → $4600 (PnL +$4500)

🤖 Auto-buy the next signal before the pump. Set up AlphaBot now",bot,False
solana100xcall,31502,2026-06-04T16:30:01+00:00,https://t.me/solana100xcall/31502,"🔥 UPDATE 🔥

$BOUNTYWORK REACHED 💰+4700%💰 AFTER VIP SIGNAL

💰 +4700% From Call!
🏠 MCap: $17.3K ➜ $836.7K (ATH) 😎

CA: J4x1EMmQjF6WEzXq2tUtzY89x5aMhYz5CzfevcJEpump

🧮 Position PnL
💵 $100 → $4800 (PnL +$4700)

🔥 This call was VIP only. Get access before the next one",bot,False
solana100xcall,31503,2026-06-04T16:30:57+00:00,https://t.me/solana100xcall/31503,"🔥 UPDATE 🔥

$DARE REACHED 💰+600%💰 AFTER VIP SIGNAL

💰 +600% From Call!
🏠 MCap: $11.8K ➜ $84.4K (ATH) 😎

CA: F1eq1Tm9M2mK9fo92DZRbXex856mJX192s1sM9jJpump

🧮 Position PnL
💵 $100 → $700 (PnL +$600)

🎯 Promote your token here. Reach our entire Solana community",bot,False
solana100xcall,31504,2026-06-04T16:31:57+00:00,https://t.me/solana100xcall/31504,"🔥 UPDATE 🔥

$BOUNTYWORK REACHED 💰+5000%💰 AFTER VIP SIGNAL

💰 +5000% From Call!
🏠 MCap: $17.3K ➜ $895.9K (ATH) 😎

CA: J4x1EMmQjF6WEzXq2tUtzY89x5aMhYz5CzfevcJEpump

🧮 Position PnL
💵 $100 → $5100 (PnL +$5000)

🚀 Next signal fires soon. Set up AlphaBot and ride it",bot,False
solana100xcall,31505,2026-06-04T16:33:55+00:00,https://t.me/solana100xcall/31505,"🔥 UPDATE 🔥

$BOUNTYWORK REACHED 💰+7900%💰 AFTER VIP SIGNAL

💰 +7900% From Call!
🏠 MCap: $17.3K ➜ $1.39M (ATH) 😎

CA: J4x1EMmQjF6WEzXq2tUtzY89x5aMhYz5CzfevcJEpump

🧮 Position PnL
💵 $100 → $8000 (PnL +$7900)

📢 Advertise your project to 17K+ Solana traders",bot,False
solana100xcall,31506,2026-06-04T16:36:00+00:00,https://t.me/solana100xcall/31506,"🔥 UPDATE 🔥

$BOUNTYWORK REACHED 💰+8100%💰 AFTER VIP SIGNAL

💰 +8100% From Call!
🏠 MCap: $17.3K ➜ $1.42M (ATH) 😎

CA: J4x1EMmQjF6WEzXq2tUtzY89x5aMhYz5CzfevcJEpump

🧮 Position PnL
💵 $100 → $8200 (PnL +$8100)

⭐ Sniper, ALPHA and APEX signals. One membership, five VIP channels",bot,False
solana100xcall,31507,2026-06-04T16:56:25+00:00,https://t.me/solana100xcall/31507,"$SCRIPT REACHED 💰+100%💰 AFTER VIP SIGNAL

💰 +100% From Call!
🏠 MCap: $5.4K ➜ $10.9K (ATH) 😎

🎯 Get in before the next 10x. VIP signals running 24/7",bot,False
solana100xcall,31508,2026-06-04T16:59:39+00:00,https://t.me/solana100xcall/31508,"🔥 UPDATE 🔥

$SCRIPT REACHED 💰+300%💰 AFTER VIP SIGNAL

💰 +300% From Call!
🏠 MCap: $5.4K ➜ $22.7K (ATH) 😎

CA: E9uxg6GBC91BaptNvbo43euyCX1NCQpxZ8Jdyjyhpump

🧮 Position PnL
💵 $100 → $400 (PnL +$300)

🚀 Next signal fires soon. Set up AlphaBot and ride it",bot,False
solana100xcall,31509,2026-06-04T17:04:48+00:00,https://t.me/solana100xcall/31509,"$NIG REACHED 💰+100%💰 AFTER VIP SIGNAL

💰 +100% From Call!
🏠 MCap: $8.5K ➜ $24.1K (ATH) 😎

💎 One membership. Real signals. Real results.",bot,False
solana100xcall,31510,2026-06-04T17:09:30+00:00,https://t.me/solana100xcall/31510,"🔥 UPDATE 🔥

$DARE REACHED 💰+1700%💰 AFTER VIP SIGNAL

💰 +1700% From Call!
🏠 MCap: $11.8K ➜ $222.9K (ATH) 😎

CA: F1eq1Tm9M2mK9fo92DZRbXex856mJX192s1sM9jJpump

🧮 Position PnL
💵 $100 → $1800 (PnL +$1700)

📢 Advertise your project to 17K+ Solana traders",bot,False
solana100xcall,31511,2026-06-04T17:10:38+00:00,https://t.me/solana100xcall/31511,"$CALEB REACHED 💰+200%💰 AFTER VIP SIGNAL

💰 +200% From Call!
🏠 MCap: $10.7K ➜ $34.0K (ATH) 😎

CA: CZKFwpG7S4HJnYSGYhiBdeyptPnw4kpeib5nhzscuy9b

🧮 Position PnL
💵 $100 → $300 (PnL +$200)

⭐ Sniper, ALPHA and APEX signals. One membership, five VIP channels",bot,False
solana100xcall,31512,2026-06-04T17:14:37+00:00,https://t.me/solana100xcall/31512,"$HONTER REACHED 💰+100%💰 AFTER VIP SIGNAL

💰 +100% From Call!
🏠 MCap: $7.2K ➜ $18.6K (ATH) 😎

⚡ AlphaBot executes instantly. You could have caught this one",bot,False
solana100xcall,31513,2026-06-04T17:15:47+00:00,https://t.me/solana100xcall/31513,"🔥 UPDATE 🔥

$HONTER REACHED 💰+200%💰 AFTER VIP SIGNAL

💰 +200% From Call!
🏠 MCap: $7.2K ➜ $23.7K (ATH) 😎

CA: GFjDh5ULNahwG13TBEsxrszxCKByTv6SCzfdLgWteXqk

🧮 Position PnL
💵 $100 → $300 (PnL +$200)

💎 One membership. Real signals. Real results.",bot,False
solana100xcall,31514,2026-06-04T17:16:43+00:00,https://t.me/solana100xcall/31514,"$EPIC REACHED 💰+200%💰 AFTER VIP SIGNAL

💰 +200% From Call!
🏠 MCap: $7.7K ➜ $27.5K (ATH) 😎

CA: Yv7eLDZxGsKSTcXB1gsqiwT421vxV42kyURGyuBpump

🧮 Position PnL
💵 $100 → $300 (PnL +$200)

🚀 Next signal fires soon. Set up AlphaBot and ride it",bot,False
solana100xcall,31515,2026-06-04T17:18:35+00:00,https://t.me/solana100xcall/31515,"🔥 UPDATE 🔥

$HONTER REACHED 💰+300%💰 AFTER VIP SIGNAL

💰 +300% From Call!
🏠 MCap: $7.2K ➜ $32.3K (ATH) 😎

CA: GFjDh5ULNahwG13TBEsxrszxCKByTv6SCzfdLgWteXqk

🧮 Position PnL
💵 $100 → $400 (PnL +$300)

⭐ Sniper, ALPHA and APEX signals. One membership, five VIP channels",bot,False
solana100xcall,31516,2026-06-04T17:20:35+00:00,https://t.me/solana100xcall/31516,"🔥 UPDATE 🔥

$HONTER REACHED 💰+400%💰 AFTER VIP SIGNAL

💰 +400% From Call!
🏠 MCap: $7.2K ➜ $43.0K (ATH) 😎

CA: GFjDh5ULNahwG13TBEsxrszxCKByTv6SCzfdLgWteXqk

🧮 Position PnL
💵 $100 → $500 (PnL +$400)

🤖 Auto-buy the next signal before the pump. Set up AlphaBot now",bot,False
solana100xcall,31517,2026-06-04T17:24:38+00:00,https://t.me/solana100xcall/31517,"🔥 UPDATE 🔥

$HONTER REACHED 💰+500%💰 AFTER VIP SIGNAL

💰 +500% From Call!
🏠 MCap: $7.2K ➜ $46.8K (ATH) 😎

CA: GFjDh5ULNahwG13TBEsxrszxCKByTv6SCzfdLgWteXqk

🧮 Position PnL
💵 $100 → $600 (PnL +$500)

🔥 This call was VIP only. Get access before the next one",bot,False
solana100xcall,31518,2026-06-04T17:29:37+00:00,https://t.me/solana100xcall/31518,"$KIND REACHED 💰+100%💰 AFTER VIP SIGNAL

💰 +100% From Call!
🏠 MCap: $6.4K ➜ $17.3K (ATH) 😎

🎯 While you watched this pump, AlphaBot already took profit",bot,False
solana100xcall,31519,2026-06-04T17:31:36+00:00,https://t.me/solana100xcall/31519,"🔥 UPDATE 🔥

$KIND REACHED 💰+200%💰 AFTER VIP SIGNAL

💰 +200% From Call!
🏠 MCap: $6.4K ➜ $21.1K (ATH) 😎

CA: 3yf1CMdH5spW8EYF9Tf6j8k5qnynWGbvHc4XNSdwpump

🧮 Position PnL
💵 $100 → $300 (PnL +$200)

⚡ AlphaBot executes instantly. You could have caught this one",bot,False
solana100xcall,31520,2026-06-04T17:35:33+00:00,https://t.me/solana100xcall/31520,"🔥 UPDATE 🔥

$KIND REACHED 💰+500%💰 AFTER VIP SIGNAL

💰 +500% From Call!
🏠 MCap: $6.4K ➜ $40.1K (ATH) 😎

CA: 3yf1CMdH5spW8EYF9Tf6j8k5qnynWGbvHc4XNSdwpump

🧮 Position PnL
💵 $100 → $600 (PnL +$500)

🎯 Get in before the next 10x. VIP signals running 24/7",bot,False
solana100xcall,31521,2026-06-04T17:41:31+00:00,https://t.me/solana100xcall/31521,"🔥 UPDATE 🔥

$KIND REACHED 💰+600%💰 AFTER VIP SIGNAL

💰 +600% From Call!
🏠 MCap: $6.4K ➜ $46.1K (ATH) 😎

CA: 3yf1CMdH5spW8EYF9Tf6j8k5qnynWGbvHc4XNSdwpump

🧮 Position PnL
💵 $100 → $700 (PnL +$600)

💎 One membership. Real signals. Real results.",bot,False
solana100xcall,31522,2026-06-04T18:01:29+00:00,https://t.me/solana100xcall/31522,"$JAIL REACHED 💰+100%💰 AFTER VIP SIGNAL

💰 +100% From Call!
🏠 MCap: $3.20M ➜ $6.45M (ATH) 😎

⚡ Stop watching from the outside. Get VIP access now",bot,False
solana100xcall,31523,2026-06-04T18:05:06+00:00,https://t.me/solana100xcall/31523,"$ZHN REACHED 💰+100%💰 AFTER VIP SIGNAL

💰 +100% From Call!
🏠 MCap: $10.8K ➜ $22.8K (ATH) 😎

⚡ AlphaBot executes instantly. You could have caught this one",bot,False
solana100xcall,31525,2026-06-04T18:17:12+00:00,https://t.me/solana100xcall/31525,"🔥 UPDATE 🔥

$KIND REACHED 💰+700%💰 AFTER VIP SIGNAL

💰 +700% From Call!
🏠 MCap: $6.4K ➜ $55.5K (ATH) 😎

CA: 3yf1CMdH5spW8EYF9Tf6j8k5qnynWGbvHc4XNSdwpump

🧮 Position PnL
💵 $100 → $800 (PnL +$700)

🚀 Next signal fires soon. Set up AlphaBot and ride it",bot,False
solana100xcall,31527,2026-06-04T18:24:25+00:00,https://t.me/solana100xcall/31527,"🔥 UPDATE 🔥

$KIND REACHED 💰+900%💰 AFTER VIP SIGNAL

💰 +900% From Call!
🏠 MCap: $6.4K ➜ $65.0K (ATH) 😎

CA: 3yf1CMdH5spW8EYF9Tf6j8k5qnynWGbvHc4XNSdwpump

🧮 Position PnL
💵 $100 → $1000 (PnL +$900)

⭐ Sniper, ALPHA and APEX signals. One membership, five VIP channels",bot,False
solana100xcall,31528,2026-06-04T18:26:33+00:00,https://t.me/solana100xcall/31528,"🔥 UPDATE 🔥

$KIND REACHED 💰+1000%💰 AFTER VIP SIGNAL

💰 +1000% From Call!
🏠 MCap: $6.4K ➜ $74.8K (ATH) 😎

CA: 3yf1CMdH5spW8EYF9Tf6j8k5qnynWGbvHc4XNSdwpump

🧮 Position PnL
💵 $100 → $1100 (PnL +$1000)

💎 One membership. Real signals. Real results.",bot,False
solana100xcall,31529,2026-06-04T18:26:43+00:00,https://t.me/solana100xcall/31529,"$BOUNTYTHON REACHED 💰+100%💰 AFTER VIP SIGNAL

💰 +100% From Call!
🏠 MCap: $16.4K ➜ $42.3K (ATH) 😎

🚀 VIP members got this signal first. Tap to join",bot,False
solana100xcall,31530,2026-06-04T18:27:35+00:00,https://t.me/solana100xcall/31530,"$PONK REACHED 💰+100%💰 AFTER VIP SIGNAL

💰 +100% From Call!
🏠 MCap: $7.0K ➜ $16.4K (ATH) 😎

🎯 Promote your token here. Reach our entire Solana community",bot,False
solana100xcall,31531,2026-06-04T18:29:10+00:00,https://t.me/solana100xcall/31531,"$锄头 REACHED 💰+100%💰 AFTER VIP SIGNAL

💰 +100% From Call!
🏠 MCap: $21.4K ➜ $55.8K (ATH) 😎

🎯 Promote your token here. Reach our entire Solana community",bot,False
solana100xcall,31532,2026-06-04T18:30:10+00:00,https://t.me/solana100xcall/31532,"$PONK REACHED 💰+100%💰 AFTER VIP SIGNAL

💰 +100% From Call!
🏠 MCap: $7.0K ➜ $14.6K (ATH) 😎

📢 Advertise your project to 17K+ Solana traders",bot,False
solana100xcall,31533,2026-06-04T18:36:02+00:00,https://t.me/solana100xcall/31533,"$BABY REACHED 💰+200%💰 AFTER VIP SIGNAL

💰 +200% From Call!
🏠 MCap: $15.6K ➜ $56.7K (ATH) 😎

CA: 93DZYptL6z9BToESyPQ3iU6pJBAVt5fPDwaNcQarbonk

🧮 Position PnL
💵 $100 → $300 (PnL +$200)

🎯 While you watched this pump, AlphaBot already took profit",bot,False
solana100xcall,31534,2026-06-04T18:37:57+00:00,https://t.me/solana100xcall/31534,"🔥 UPDATE 🔥

$BABY REACHED 💰+700%💰 AFTER VIP SIGNAL

💰 +700% From Call!
🏠 MCap: $15.6K ➜ $129.2K (ATH) 😎

CA: 93DZYptL6z9BToESyPQ3iU6pJBAVt5fPDwaNcQarbonk

🧮 Position PnL
💵 $100 → $800 (PnL +$700)

⚡ AlphaBot executes instantly. You could have caught this one",bot,False
solana100xcall,31535,2026-06-04T18:39:56+00:00,https://t.me/solana100xcall/31535,"🔥 UPDATE 🔥

$BABY REACHED 💰+900%💰 AFTER VIP SIGNAL

💰 +900% From Call!
🏠 MCap: $15.6K ➜ $169.1K (ATH) 😎

CA: 93DZYptL6z9BToESyPQ3iU6pJBAVt5fPDwaNcQarbonk

🧮 Position PnL
💵 $100 → $1000 (PnL +$900)

🚀 Next signal fires soon. Set up AlphaBot and ride it",bot,False
solana100xcall,31536,2026-06-04T18:40:53+00:00,https://t.me/solana100xcall/31536,"$BABY REACHED 💰+100%💰 AFTER VIP SIGNAL

💰 +100% From Call!
🏠 MCap: $12.8K ➜ $32.9K (ATH) 😎

🚀 Next signal fires soon. Set up AlphaBot and ride it",bot,False
solana100xcall,31537,2026-06-04T18:46:25+00:00,https://t.me/solana100xcall/31537,"$BH REACHED 💰+100%💰 AFTER VIP SIGNAL

💰 +100% From Call!
🏠 MCap: $5.8K ➜ $13.0K (ATH) 😎

🔥 This call was VIP only. Get access before the next one",bot,False
solana100xcall,31538,2026-06-04T19:07:32+00:00,https://t.me/solana100xcall/31538,"$TAG REACHED 💰+100%💰 AFTER VIP SIGNAL

💰 +100% From Call!
🏠 MCap: $11.9K ➜ $30.9K (ATH) 😎

🎯 While you watched this pump, AlphaBot already took profit",bot,False
solana100xcall,31539,2026-06-04T19:17:53+00:00,https://t.me/solana100xcall/31539,"$ALEX REACHED 💰+100%💰 AFTER VIP SIGNAL

💰 +100% From Call!
🏠 MCap: $6.4K ➜ $15.0K (ATH) 😎

🚀 Next signal fires soon. Set up AlphaBot and ride it",bot,False
solana100xcall,31540,2026-06-04T19:19:53+00:00,https://t.me/solana100xcall/31540,"🔥 UPDATE 🔥

$ALEX REACHED 💰+200%💰 AFTER VIP SIGNAL

💰 +200% From Call!
🏠 MCap: $6.4K ➜ $19.3K (ATH) 😎

CA: 3knA15EygRSK6S1nUm8sJM8YZebwzEA8Lftcg7H3pump

🧮 Position PnL
💵 $100 → $300 (PnL +$200)

💎 One membership. Real signals. Real results.",bot,False
solana100xcall,31541,2026-06-04T19:23:12+00:00,https://t.me/solana100xcall/31541,"$BOUNTY REACHED 💰+100%💰 AFTER VIP SIGNAL

💰 +100% From Call!
🏠 MCap: $7.6K ➜ $21.6K (ATH) 😎

⚡ AlphaBot executes instantly. You could have caught this one",bot,False
solana100xcall,31542,2026-06-04T19:25:10+00:00,https://t.me/solana100xcall/31542,"🔥 UPDATE 🔥

$BOUNTY REACHED 💰+200%💰 AFTER VIP SIGNAL

💰 +200% From Call!
🏠 MCap: $7.6K ➜ $23.3K (ATH) 😎

CA: GwNZFeMTeybgaXh6yaY1vSecrzKfi44rJA3NyuoQpump

🧮 Position PnL
💵 $100 → $300 (PnL +$200)

🎯 Promote your token here. Reach our entire Solana community",bot,False
solana100xcall,31543,2026-06-04T19:38:26+00:00,https://t.me/solana100xcall/31543,"$SAAS REACHED 💰+100%💰 AFTER VIP SIGNAL

💰 +100% From Call!
🏠 MCap: $6.4K ➜ $13.2K (ATH) 😎

⚡ Stop watching from the outside. Get VIP access now",bot,False
solana100xcall,31544,2026-06-04T19:44:32+00:00,https://t.me/solana100xcall/31544,"$DIT REACHED 💰+100%💰 AFTER VIP SIGNAL

💰 +100% From Call!
🏠 MCap: $12.8K ➜ $26.2K (ATH) 😎

🎯 While you watched this pump, AlphaBot already took profit",bot,False
solana100xcall,31545,2026-06-04T19:49:53+00:00,https://t.me/solana100xcall/31545,"$GESTATING REACHED 💰+100%💰 AFTER VIP SIGNAL

💰 +100% From Call!
🏠 MCap: $12.6K ➜ $26.2K (ATH) 😎

🎯 Get in before the next 10x. VIP signals running 24/7",bot,False
solana100xcall,31546,2026-06-04T19:54:39+00:00,https://t.me/solana100xcall/31546,"🔥 UPDATE 🔥

$GESTATING REACHED 💰+200%💰 AFTER VIP SIGNAL

💰 +200% From Call!
🏠 MCap: $12.6K ➜ $43.1K (ATH) 😎

CA: H5iqLUX9JCA6HY1aeS3af2AWdr5awtgmRKroXtMdpump

🧮 Position PnL
💵 $100 → $300 (PnL +$200)

📢 Advertise your project to 17K+ Solana traders",bot,False
solana100xcall,31547,2026-06-04T19:55:29+00:00,https://t.me/solana100xcall/31547,"$COALIE REACHED 💰+100%💰 AFTER VIP SIGNAL

💰 +100% From Call!
🏠 MCap: $6.4K ➜ $15.3K (ATH) 😎

⚡ Stop watching from the outside. Get VIP access now",bot,False
solana100xcall,31548,2026-06-04T20:02:45+00:00,https://t.me/solana100xcall/31548,"🔥 UPDATE 🔥

$锄头 REACHED 💰+200%💰 AFTER VIP SIGNAL

💰 +200% From Call!
🏠 MCap: $21.4K ➜ $72.6K (ATH) 😎

CA: BBpE5Ng4qM2v7SbzUToePJfzp8TWYijXXZyUg6pjpump

🧮 Position PnL
💵 $100 → $300 (PnL +$200)

⚡ AlphaBot executes instantly. You could have caught this one",bot,False
solana100xcall,31549,2026-06-04T20:09:52+00:00,https://t.me/solana100xcall/31549,"$HEAVYPULP REACHED 💰+100%💰 AFTER VIP SIGNAL

💰 +100% From Call!
🏠 MCap: $461.9K ➜ $1.29M (ATH) 😎

🎯 Get in before the next 10x. VIP signals running 24/7",bot,False
solana100xcall,31550,2026-06-04T20:11:13+00:00,https://t.me/solana100xcall/31550,"🔥 UPDATE 🔥

$锄头 REACHED 💰+300%💰 AFTER VIP SIGNAL

💰 +300% From Call!
🏠 MCap: $21.4K ➜ $95.2K (ATH) 😎

CA: BBpE5Ng4qM2v7SbzUToePJfzp8TWYijXXZyUg6pjpump

🧮 Position PnL
💵 $100 → $400 (PnL +$300)

🤖 Auto-buy the next signal before the pump. Set up AlphaBot now",bot,False
solana100xcall,31551,2026-06-04T20:12:24+00:00,https://t.me/solana100xcall/31551,"$GOBLINTOWN REACHED 💰+100%💰 AFTER VIP SIGNAL

💰 +100% From Call!
🏠 MCap: $378.0K ➜ $828.3K (ATH) 😎

🚀 VIP members got this signal first. Tap to join",bot,False
solana100xcall,31552,2026-06-04T20:13:35+00:00,https://t.me/solana100xcall/31552,"🔥 UPDATE 🔥

$锄头 REACHED 💰+400%💰 AFTER VIP SIGNAL

💰 +400% From Call!
🏠 MCap: $21.4K ➜ $112.5K (ATH) 😎

CA: BBpE5Ng4qM2v7SbzUToePJfzp8TWYijXXZyUg6pjpump

🧮 Position PnL
💵 $100 → $500 (PnL +$400)

🤖 Auto-buy the next signal before the pump. Set up AlphaBot now",bot,False
solana100xcall,31553,2026-06-04T20:19:06+00:00,https://t.me/solana100xcall/31553,"$PEGGED REACHED 💰+100%💰 AFTER VIP SIGNAL

💰 +100% From Call!
🏠 MCap: $10.7K ➜ $23.8K (ATH) 😎

🚀 VIP members got this signal first. Tap to join",bot,False
solana100xcall,31554,2026-06-04T20:21:58+00:00,https://t.me/solana100xcall/31554,"🔥 UPDATE 🔥

$ZHN REACHED 💰+200%💰 AFTER VIP SIGNAL

💰 +200% From Call!
🏠 MCap: $10.8K ➜ $32.9K (ATH) 😎

CA: DecBThKjPiZyiaQ8Yvr2t6u9Jky9mF2shqXry7m5pump

🧮 Position PnL
💵 $100 → $300 (PnL +$200)

📢 Advertise your project to 17K+ Solana traders",bot,False
solana100xcall,31555,2026-06-04T20:32:47+00:00,https://t.me/solana100xcall/31555,"🔥 UPDATE 🔥

$锄头 REACHED 💰+600%💰 AFTER VIP SIGNAL

💰 +600% From Call!
🏠 MCap: $21.4K ➜ $157.4K (ATH) 😎

CA: BBpE5Ng4qM2v7SbzUToePJfzp8TWYijXXZyUg6pjpump

🧮 Position PnL
💵 $100 → $700 (PnL +$600)

⚡ AlphaBot executes instantly. You could have caught this one",bot,False
solana100xcall,31556,2026-06-04T20:56:57+00:00,https://t.me/solana100xcall/31556,"🔥 UPDATE 🔥

$锄头 REACHED 💰+700%💰 AFTER VIP SIGNAL

💰 +700% From Call!
🏠 MCap: $21.4K ➜ $188.0K (ATH) 😎

CA: BBpE5Ng4qM2v7SbzUToePJfzp8TWYijXXZyUg6pjpump

🧮 Position PnL
💵 $100 → $800 (PnL +$700)

🎯 Promote your token here. Reach our entire Solana community",bot,False
solana100xcall,31557,2026-06-04T21:22:03+00:00,https://t.me/solana100xcall/31557,"🔥 UPDATE 🔥

$锄头 REACHED 💰+800%💰 AFTER VIP SIGNAL

💰 +800% From Call!
🏠 MCap: $21.4K ➜ $210.4K (ATH) 😎

CA: BBpE5Ng4qM2v7SbzUToePJfzp8TWYijXXZyUg6pjpump

🧮 Position PnL
💵 $100 → $900 (PnL +$800)

🔥 This call was VIP only. Get access before the next one",bot,False
solana100xcall,31558,2026-06-04T21:26:52+00:00,https://t.me/solana100xcall/31558,"🔥 UPDATE 🔥

$锄头 REACHED 💰+900%💰 AFTER VIP SIGNAL

💰 +900% From Call!
🏠 MCap: $21.4K ➜ $226.6K (ATH) 😎

CA: BBpE5Ng4qM2v7SbzUToePJfzp8TWYijXXZyUg6pjpump

🧮 Position PnL
💵 $100 → $1000 (PnL +$900)

🎯 Promote your token here. Reach our entire Solana community",bot,False
solana100xcall,31559,2026-06-04T22:00:13+00:00,https://t.me/solana100xcall/31559,,bot,False
solana100xcall,31560,2026-06-04T22:16:46+00:00,https://t.me/solana100xcall/31560,"$MERC REACHED 💰+100%💰 AFTER VIP SIGNAL

💰 +100% From Call!
🏠 MCap: $6.7K ➜ $18.9K (ATH) 😎

🎯 Get in before the next 10x. VIP signals running 24/7",bot,False
solana100xcall,31561,2026-06-04T22:23:27+00:00,https://t.me/solana100xcall/31561,"🔥 UPDATE 🔥

$锄头 REACHED 💰+1000%💰 AFTER VIP SIGNAL

💰 +1000% From Call!
🏠 MCap: $21.4K ➜ $241.1K (ATH) 😎

CA: BBpE5Ng4qM2v7SbzUToePJfzp8TWYijXXZyUg6pjpump

🧮 Position PnL
💵 $100 → $1100 (PnL +$1000)

🚀 VIP members got this signal first. Tap to join",bot,False
solana100xcall,31562,2026-06-04T22:29:10+00:00,https://t.me/solana100xcall/31562,"🔥 UPDATE 🔥

$锄头 REACHED 💰+1100%💰 AFTER VIP SIGNAL

💰 +1100% From Call!
🏠 MCap: $21.4K ➜ $270.6K (ATH) 😎

CA: BBpE5Ng4qM2v7SbzUToePJfzp8TWYijXXZyUg6pjpump

🧮 Position PnL
💵 $100 → $1200 (PnL +$1100)

⚡ AlphaBot executes instantly. You could have caught this one",bot,False
solana100xcall,31563,2026-06-04T22:29:33+00:00,https://t.me/solana100xcall/31563,"🔥 UPDATE 🔥

$锄头 REACHED 💰+1200%💰 AFTER VIP SIGNAL

💰 +1200% From Call!
🏠 MCap: $21.4K ➜ $281.0K (ATH) 😎

CA: BBpE5Ng4qM2v7SbzUToePJfzp8TWYijXXZyUg6pjpump

🧮 Position PnL
💵 $100 → $1300 (PnL +$1200)

⭐ Sniper, ALPHA and APEX signals. One membership, five VIP channels",bot,False
solana100xcall,31564,2026-06-04T23:36:05+00:00,https://t.me/solana100xcall/31564,"$Champions REACHED 💰+1800%💰 AFTER VIP SIGNAL

💰 +1800% From Call!
🏠 MCap: $19.7K ➜ $386.4K (ATH) 😎

CA: 4hHzQSjiKJspR3nmV8wTicjaLuUuSYMddVSybQcJs5Nb

🧮 Position PnL
💵 $100 → $1900 (PnL +$1800)

💎 One membership. Real signals. Real results.",bot,False
solana100xcall,31565,2026-06-04T23:36:49+00:00,https://t.me/solana100xcall/31565,"$SMOKE REACHED 💰+100%💰 AFTER VIP SIGNAL

💰 +100% From Call!
🏠 MCap: $14.7K ➜ $32.5K (ATH) 😎

🔥 This call was VIP only. Get access before the next one",bot,False
solana100xcall,31566,2026-06-04T23:59:19+00:00,https://t.me/solana100xcall/31566,"$SMOKEFLEET REACHED 💰+100%💰 AFTER VIP SIGNAL

💰 +100% From Call!
🏠 MCap: $13.2K ➜ $27.9K (ATH) 😎

🔥 This call was VIP only. Get access before the next one",bot,False
solana100xcall,31567,2026-06-05T00:02:05+00:00,https://t.me/solana100xcall/31567,"🔥 UPDATE 🔥

$ZHN REACHED 💰+300%💰 AFTER VIP SIGNAL

💰 +300% From Call!
🏠 MCap: $10.8K ➜ $43.3K (ATH) 😎

CA: DecBThKjPiZyiaQ8Yvr2t6u9Jky9mF2shqXry7m5pump

🧮 Position PnL
💵 $100 → $400 (PnL +$300)

🤖 Auto-buy the next signal before the pump. Set up AlphaBot now",bot,False
solana100xcall,31568,2026-06-05T00:03:17+00:00,https://t.me/solana100xcall/31568,"🔥 UPDATE 🔥

$SMOKE REACHED 💰+200%💰 AFTER VIP SIGNAL

💰 +200% From Call!
🏠 MCap: $14.7K ➜ $57.2K (ATH) 😎

CA: HYkfeGFXbr5hjC7t4xRAv5iETNW4YYEQNdzbvJvipump

🧮 Position PnL
💵 $100 → $300 (PnL +$200)

🎯 Get in before the next 10x. VIP signals running 24/7",bot,False
solana100xcall,31569,2026-06-05T00:31:46+00:00,https://t.me/solana100xcall/31569,"🔥 UPDATE 🔥

$SMOKEFLEET REACHED 💰+200%💰 AFTER VIP SIGNAL

💰 +200% From Call!
🏠 MCap: $13.2K ➜ $42.2K (ATH) 😎

CA: 19bzpXc3mjRyzLYeF4gS2JznLZyVEnAQ8zGVLUrpump

🧮 Position PnL
💵 $100 → $300 (PnL +$200)

🚀 Next signal fires soon. Set up AlphaBot and ride it",bot,False
solana100xcall,31570,2026-06-05T00:40:40+00:00,https://t.me/solana100xcall/31570,"🔥 UPDATE 🔥

$SMOKE REACHED 💰+300%💰 AFTER VIP SIGNAL

💰 +300% From Call!
🏠 MCap: $14.7K ➜ $65.7K (ATH) 😎

CA: HYkfeGFXbr5hjC7t4xRAv5iETNW4YYEQNdzbvJvipump

🧮 Position PnL
💵 $100 → $400 (PnL +$300)

🔥 This call was VIP only. Get access before the next one",bot,False
solana100xcall,31571,2026-06-05T02:15:19+00:00,https://t.me/solana100xcall/31571,"$FREAKBOB REACHED 💰+100%💰 AFTER VIP SIGNAL

💰 +100% From Call!
🏠 MCap: $6.8K ➜ $15.7K (ATH) 😎

🚀 VIP members got this signal first. Tap to join",bot,False
solana100xcall,31572,2026-06-05T02:18:53+00:00,https://t.me/solana100xcall/31572,"🔥 UPDATE 🔥

$FREAKBOB REACHED 💰+300%💰 AFTER VIP SIGNAL

💰 +300% From Call!
🏠 MCap: $6.8K ➜ $28.4K (ATH) 😎

CA: 9oG8qxxYukHjgdujkkHzcKeBmeLFCRFd6Fpguqi5pump

🧮 Position PnL
💵 $100 → $400 (PnL +$300)

🔥 This call was VIP only. Get access before the next one",bot,False
solana100xcall,31573,2026-06-05T02:24:54+00:00,https://t.me/solana100xcall/31573,"🔥 UPDATE 🔥

$FREAKBOB REACHED 💰+400%💰 AFTER VIP SIGNAL

💰 +400% From Call!
🏠 MCap: $6.8K ➜ $36.3K (ATH) 😎

CA: 9oG8qxxYukHjgdujkkHzcKeBmeLFCRFd6Fpguqi5pump

🧮 Position PnL
💵 $100 → $500 (PnL +$400)

⭐ Sniper, ALPHA and APEX signals. One membership, five VIP channels",bot,False
solana100xcall,31574,2026-06-05T02:26:50+00:00,https://t.me/solana100xcall/31574,"🔥 UPDATE 🔥

$FREAKBOB REACHED 💰+600%💰 AFTER VIP SIGNAL

💰 +600% From Call!
🏠 MCap: $6.8K ➜ $51.8K (ATH) 😎

CA: 9oG8qxxYukHjgdujkkHzcKeBmeLFCRFd6Fpguqi5pump

🧮 Position PnL
💵 $100 → $700 (PnL +$600)

🚀 VIP members got this signal first. Tap to join",bot,False
solana100xcall,31575,2026-06-05T03:34:59+00:00,https://t.me/solana100xcall/31575,"$LEMON REACHED 💰+300%💰 AFTER VIP SIGNAL

💰 +300% From Call!
🏠 MCap: $11.2K ➜ $46.7K (ATH) 😎

CA: y6S12mLosvvpmox7xkUdAaaseDuHESduMAm48Rfpump

🧮 Position PnL
💵 $100 → $400 (PnL +$300)

📢 Advertise your project to 17K+ Solana traders",bot,False
solana100xcall,31576,2026-06-05T03:50:54+00:00,https://t.me/solana100xcall/31576,"$LEMON REACHED 💰+100%💰 AFTER VIP SIGNAL

💰 +100% From Call!
🏠 MCap: $6.5K ➜ $16.7K (ATH) 😎

🎯 While you watched this pump, AlphaBot already took profit",bot,False
solana100xcall,31577,2026-06-05T03:52:48+00:00,https://t.me/solana100xcall/31577,"🔥 UPDATE 🔥

$LEMON REACHED 💰+400%💰 AFTER VIP SIGNAL

💰 +400% From Call!
🏠 MCap: $6.5K ➜ $33.9K (ATH) 😎

CA: 8ksdBW9gTzpoR6ZG2GqnXCubhVYC227HZEZG7zZTpump

🧮 Position PnL
💵 $100 → $500 (PnL +$400)

🚀 Next signal fires soon. Set up AlphaBot and ride it",bot,False
solana100xcall,31578,2026-06-05T04:00:13+00:00,https://t.me/solana100xcall/31578,,bot,False
solana100xcall,31579,2026-06-05T07:03:05+00:00,https://t.me/solana100xcall/31579,"$NINJA REACHED 💰+200%💰 AFTER VIP SIGNAL

💰 +200% From Call!
🏠 MCap: $15.5K ➜ $54.1K (ATH) 😎

CA: 8jyUQyUuHMua72KebwnyJ5hybycjTPSkB3b8zqjHpump

🧮 Position PnL
💵 $100 → $300 (PnL +$200)

🚀 Next signal fires soon. Set up AlphaBot and ride it",bot,False
solana100xcall,31580,2026-06-05T07:12:19+00:00,https://t.me/solana100xcall/31580,"$BRETT REACHED 💰+100%💰 AFTER VIP SIGNAL

💰 +100% From Call!
🏠 MCap: $9.6K ➜ $21.7K (ATH) 😎

🔥 This call was VIP only. Get access before the next one",bot,False
solana100xcall,31581,2026-06-05T07:14:45+00:00,https://t.me/solana100xcall/31581,"🔥 UPDATE 🔥

$BRETT REACHED 💰+300%💰 AFTER VIP SIGNAL

💰 +300% From Call!
🏠 MCap: $9.6K ➜ $43.8K (ATH) 😎

CA: CmbcV7ddrMPyDKETY935uyEjN5WLvQcDqoum8QqhZCNn

🧮 Position PnL
💵 $100 → $400 (PnL +$300)

🤖 Auto-buy the next signal before the pump. Set up AlphaBot now",bot,False
solana100xcall,31582,2026-06-05T07:15:02+00:00,https://t.me/solana100xcall/31582,"🔥 UPDATE 🔥

$NINJA REACHED 💰+300%💰 AFTER VIP SIGNAL

💰 +300% From Call!
🏠 MCap: $15.5K ➜ $65.8K (ATH) 😎

CA: 8jyUQyUuHMua72KebwnyJ5hybycjTPSkB3b8zqjHpump

🧮 Position PnL
💵 $100 → $400 (PnL +$300)

🚀 Next signal fires soon. Set up AlphaBot and ride it",bot,False
solana100xcall,31583,2026-06-05T07:24:39+00:00,https://t.me/solana100xcall/31583,"🔥 UPDATE 🔥

$NINJA REACHED 💰+400%💰 AFTER VIP SIGNAL

💰 +400% From Call!
🏠 MCap: $15.5K ➜ $78.6K (ATH) 😎

CA: 8jyUQyUuHMua72KebwnyJ5hybycjTPSkB3b8zqjHpump

🧮 Position PnL
💵 $100 → $500 (PnL +$400)

🎯 Get in before the next 10x. VIP signals running 24/7",bot,False
solana100xcall,31584,2026-06-05T07:29:12+00:00,https://t.me/solana100xcall/31584,"$ZK REACHED 💰+100%💰 AFTER VIP SIGNAL

💰 +100% From Call!
🏠 MCap: $5.4K ➜ $11.9K (ATH) 😎

🔥 This call was VIP only. Get access before the next one",bot,False
solana100xcall,31585,2026-06-05T07:31:10+00:00,https://t.me/solana100xcall/31585,"🔥 UPDATE 🔥

$ZK REACHED 💰+200%💰 AFTER VIP SIGNAL

💰 +200% From Call!
🏠 MCap: $5.4K ➜ $17.9K (ATH) 😎

CA: 7MngN915ZJob3SgBtA6624fk8tZgr56QEJXqBjRNNUxi

🧮 Position PnL
💵 $100 → $300 (PnL +$200)

🔥 This call was VIP only. Get access before the next one",bot,False
solana100xcall,31586,2026-06-05T07:31:53+00:00,https://t.me/solana100xcall/31586,"🔥 UPDATE 🔥

$NINJA REACHED 💰+500%💰 AFTER VIP SIGNAL

💰 +500% From Call!
🏠 MCap: $15.5K ➜ $98.2K (ATH) 😎

CA: 8jyUQyUuHMua72KebwnyJ5hybycjTPSkB3b8zqjHpump

🧮 Position PnL
💵 $100 → $600 (PnL +$500)

🚀 Next signal fires soon. Set up AlphaBot and ride it",bot,False
solana100xcall,31587,2026-06-05T07:33:54+00:00,https://t.me/solana100xcall/31587,"🔥 UPDATE 🔥

$NINJA REACHED 💰+600%💰 AFTER VIP SIGNAL

💰 +600% From Call!
🏠 MCap: $15.5K ➜ $116.2K (ATH) 😎

CA: 8jyUQyUuHMua72KebwnyJ5hybycjTPSkB3b8zqjHpump

🧮 Position PnL
💵 $100 → $700 (PnL +$600)

⭐ Sniper, ALPHA and APEX signals. One membership, five VIP channels",bot,False
solana100xcall,31588,2026-06-05T07:43:36+00:00,https://t.me/solana100xcall/31588,"🔥 UPDATE 🔥

$NINJA REACHED 💰+700%💰 AFTER VIP SIGNAL

💰 +700% From Call!
🏠 MCap: $15.5K ➜ $138.2K (ATH) 😎

CA: 8jyUQyUuHMua72KebwnyJ5hybycjTPSkB3b8zqjHpump

🧮 Position PnL
💵 $100 → $800 (PnL +$700)

⚡ AlphaBot executes instantly. You could have caught this one",bot,False
solana100xcall,31589,2026-06-05T07:51:15+00:00,https://t.me/solana100xcall/31589,"🔥 UPDATE 🔥

$NINJA REACHED 💰+900%💰 AFTER VIP SIGNAL

💰 +900% From Call!
🏠 MCap: $15.5K ➜ $162.0K (ATH) 😎

CA: 8jyUQyUuHMua72KebwnyJ5hybycjTPSkB3b8zqjHpump

🧮 Position PnL
💵 $100 → $1000 (PnL +$900)

💎 One membership. Real signals. Real results.",bot,False
solana100xcall,31590,2026-06-05T07:53:08+00:00,https://t.me/solana100xcall/31590,"🔥 UPDATE 🔥

$NINJA REACHED 💰+1100%💰 AFTER VIP SIGNAL

💰 +1100% From Call!
🏠 MCap: $15.5K ➜ $190.7K (ATH) 😎

CA: 8jyUQyUuHMua72KebwnyJ5hybycjTPSkB3b8zqjHpump

🧮 Position PnL
💵 $100 → $1200 (PnL +$1100)

🤖 Auto-buy the next signal before the pump. Set up AlphaBot now",bot,False
solana100xcall,31591,2026-06-05T07:55:10+00:00,https://t.me/solana100xcall/31591,"🔥 UPDATE 🔥

$NINJA REACHED 💰+1400%💰 AFTER VIP SIGNAL

💰 +1400% From Call!
🏠 MCap: $15.5K ➜ $235.9K (ATH) 😎

CA: 8jyUQyUuHMua72KebwnyJ5hybycjTPSkB3b8zqjHpump

🧮 Position PnL
💵 $100 → $1500 (PnL +$1400)

⚡ Stop watching from the outside. Get VIP access now",bot,False
solana100xcall,31592,2026-06-05T08:05:47+00:00,https://t.me/solana100xcall/31592,"🔥 UPDATE 🔥

$NINJA REACHED 💰+1700%💰 AFTER VIP SIGNAL

💰 +1700% From Call!
🏠 MCap: $15.5K ➜ $280.7K (ATH) 😎

CA: 8jyUQyUuHMua72KebwnyJ5hybycjTPSkB3b8zqjHpump

🧮 Position PnL
💵 $100 → $1800 (PnL +$1700)

📢 Advertise your project to 17K+ Solana traders",bot,False
solana100xcall,31593,2026-06-05T08:08:21+00:00,https://t.me/solana100xcall/31593,"🔥 UPDATE 🔥

$NINJA REACHED 💰+2100%💰 AFTER VIP SIGNAL

💰 +2100% From Call!
🏠 MCap: $15.5K ➜ $356.3K (ATH) 😎

CA: 8jyUQyUuHMua72KebwnyJ5hybycjTPSkB3b8zqjHpump

🧮 Position PnL
💵 $100 → $2200 (PnL +$2100)

⚡ Stop watching from the outside. Get VIP access now",bot,False
solana100xcall,31594,2026-06-05T08:08:39+00:00,https://t.me/solana100xcall/31594,"🔥 UPDATE 🔥

$NINJA REACHED 💰+1900%💰 AFTER VIP SIGNAL

💰 +1900% From Call!
🏠 MCap: $15.5K ➜ $319.5K (ATH) 😎

CA: 8jyUQyUuHMua72KebwnyJ5hybycjTPSkB3b8zqjHpump

🧮 Position PnL
💵 $100 → $2000 (PnL +$1900)

⚡ Stop watching from the outside. Get VIP access now",bot,False
solana100xcall,31595,2026-06-05T08:12:21+00:00,https://t.me/solana100xcall/31595,"🔥 UPDATE 🔥

$NINJA REACHED 💰+2300%💰 AFTER VIP SIGNAL

💰 +2300% From Call!
🏠 MCap: $15.5K ➜ $384.0K (ATH) 😎

CA: 8jyUQyUuHMua72KebwnyJ5hybycjTPSkB3b8zqjHpump

🧮 Position PnL
💵 $100 → $2400 (PnL +$2300)

🚀 VIP members got this signal first. Tap to join",bot,False
solana100xcall,31596,2026-06-05T08:12:30+00:00,https://t.me/solana100xcall/31596,"🔥 UPDATE 🔥

$NINJA REACHED 💰+2600%💰 AFTER VIP SIGNAL

💰 +2600% From Call!
🏠 MCap: $15.5K ➜ $429.8K (ATH) 😎

CA: 8jyUQyUuHMua72KebwnyJ5hybycjTPSkB3b8zqjHpump

🧮 Position PnL
💵 $100 → $2700 (PnL +$2600)

⚡ Stop watching from the outside. Get VIP access now",bot,False
solana100xcall,31597,2026-06-05T08:15:04+00:00,https://t.me/solana100xcall/31597,"🔥 UPDATE 🔥

$NINJA REACHED 💰+3000%💰 AFTER VIP SIGNAL

💰 +3000% From Call!
🏠 MCap: $15.5K ➜ $493.5K (ATH) 😎

CA: 8jyUQyUuHMua72KebwnyJ5hybycjTPSkB3b8zqjHpump

🧮 Position PnL
💵 $100 → $3100 (PnL +$3000)

🔥 This call was VIP only. Get access before the next one",bot,False
solana100xcall,31598,2026-06-05T08:30:02+00:00,https://t.me/solana100xcall/31598,"$JOHN REACHED 💰+100%💰 AFTER VIP SIGNAL

💰 +100% From Call!
🏠 MCap: $6.5K ➜ $14.2K (ATH) 😎

🎯 Get in before the next 10x. VIP signals running 24/7",bot,False
solana100xcall,31600,2026-06-05T08:42:30+00:00,https://t.me/solana100xcall/31600,"🔥 UPDATE 🔥

$NINJA REACHED 💰+3400%💰 AFTER VIP SIGNAL

💰 +3400% From Call!
🏠 MCap: $15.5K ➜ $549.3K (ATH) 😎

CA: 8jyUQyUuHMua72KebwnyJ5hybycjTPSkB3b8zqjHpump

🧮 Position PnL
💵 $100 → $3500 (PnL +$3400)

⭐ Sniper, ALPHA and APEX signals. One membership, five VIP channels",bot,False
solana100xcall,31601,2026-06-05T08:46:34+00:00,https://t.me/solana100xcall/31601,"🔥 UPDATE 🔥

$NINJA REACHED 💰+4200%💰 AFTER VIP SIGNAL

💰 +4200% From Call!
🏠 MCap: $15.5K ➜ $676.7K (ATH) 😎

CA: 8jyUQyUuHMua72KebwnyJ5hybycjTPSkB3b8zqjHpump

🧮 Position PnL
💵 $100 → $4300 (PnL +$4200)

⚡ AlphaBot executes instantly. You could have caught this one",bot,False
solana100xcall,31602,2026-06-05T08:46:41+00:00,https://t.me/solana100xcall/31602,"🔥 UPDATE 🔥

$NINJA REACHED 💰+3800%💰 AFTER VIP SIGNAL

💰 +3800% From Call!
🏠 MCap: $15.5K ➜ $607.2K (ATH) 😎

CA: 8jyUQyUuHMua72KebwnyJ5hybycjTPSkB3b8zqjHpump

🧮 Position PnL
💵 $100 → $3900 (PnL +$3800)

🤖 Auto-buy the next signal before the pump. Set up AlphaBot now",bot,False
solana100xcall,31603,2026-06-05T08:50:47+00:00,https://t.me/solana100xcall/31603,"🔥 UPDATE 🔥

$NINJA REACHED 💰+4500%💰 AFTER VIP SIGNAL

💰 +4500% From Call!
🏠 MCap: $15.5K ➜ $716.2K (ATH) 😎

CA: 8jyUQyUuHMua72KebwnyJ5hybycjTPSkB3b8zqjHpump

🧮 Position PnL
💵 $100 → $4600 (PnL +$4500)

🚀 Next signal fires soon. Set up AlphaBot and ride it",bot,False
solana100xcall,31604,2026-06-05T09:05:33+00:00,https://t.me/solana100xcall/31604,"🔥 UPDATE 🔥

$NINJA REACHED 💰+4700%💰 AFTER VIP SIGNAL

💰 +4700% From Call!
🏠 MCap: $15.5K ➜ $746.3K (ATH) 😎

CA: 8jyUQyUuHMua72KebwnyJ5hybycjTPSkB3b8zqjHpump

🧮 Position PnL
💵 $100 → $4800 (PnL +$4700)

🎯 Get in before the next 10x. VIP signals running 24/7",bot,False
solana100xcall,31605,2026-06-05T09:06:28+00:00,https://t.me/solana100xcall/31605,"🔥 UPDATE 🔥

$NINJA REACHED 💰+5400%💰 AFTER VIP SIGNAL

💰 +5400% From Call!
🏠 MCap: $15.5K ➜ $862.0K (ATH) 😎

CA: 8jyUQyUuHMua72KebwnyJ5hybycjTPSkB3b8zqjHpump

🧮 Position PnL
💵 $100 → $5500 (PnL +$5400)

🚀 VIP members got this signal first. Tap to join",bot,False
solana100xcall,31606,2026-06-05T09:08:35+00:00,https://t.me/solana100xcall/31606,"🔥 UPDATE 🔥

$NINJA REACHED 💰+5700%💰 AFTER VIP SIGNAL

💰 +5700% From Call!
🏠 MCap: $15.5K ➜ $899.7K (ATH) 😎

CA: 8jyUQyUuHMua72KebwnyJ5hybycjTPSkB3b8zqjHpump

🧮 Position PnL
💵 $100 → $5800 (PnL +$5700)

🎯 Promote your token here. Reach our entire Solana community",bot,False
solana100xcall,31608,2026-06-05T09:39:21+00:00,https://t.me/solana100xcall/31608,"🔥 UPDATE 🔥

$NINJA REACHED 💰+6000%💰 AFTER VIP SIGNAL

💰 +6000% From Call!
🏠 MCap: $15.5K ➜ $951.1K (ATH) 😎

CA: 8jyUQyUuHMua72KebwnyJ5hybycjTPSkB3b8zqjHpump

🧮 Position PnL
💵 $100 → $6100 (PnL +$6000)

🎯 Get in before the next 10x. VIP signals running 24/7",bot,False
solana100xcall,31609,2026-06-05T09:41:18+00:00,https://t.me/solana100xcall/31609,"$SARBECO REACHED 💰+100%💰 AFTER VIP SIGNAL

💰 +100% From Call!
🏠 MCap: $6.9K ➜ $16.6K (ATH) 😎

⚡ AlphaBot executes instantly. You could have caught this one",bot,False
solana100xcall,31610,2026-06-05T09:41:27+00:00,https://t.me/solana100xcall/31610,"🔥 UPDATE 🔥

$NINJA REACHED 💰+6400%💰 AFTER VIP SIGNAL

💰 +6400% From Call!
🏠 MCap: $15.5K ➜ $1.02M (ATH) 😎

CA: 8jyUQyUuHMua72KebwnyJ5hybycjTPSkB3b8zqjHpump

🧮 Position PnL
💵 $100 → $6500 (PnL +$6400)

🎯 While you watched this pump, AlphaBot already took profit",bot,False
solana100xcall,31611,2026-06-05T09:43:01+00:00,https://t.me/solana100xcall/31611,"🔥 UPDATE 🔥

$NINJA REACHED 💰+7600%💰 AFTER VIP SIGNAL

💰 +7600% From Call!
🏠 MCap: $15.5K ➜ $1.19M (ATH) 😎

CA: 8jyUQyUuHMua72KebwnyJ5hybycjTPSkB3b8zqjHpump

🧮 Position PnL
💵 $100 → $7700 (PnL +$7600)

💎 One membership. Real signals. Real results.",bot,False
solana100xcall,31612,2026-06-05T09:45:05+00:00,https://t.me/solana100xcall/31612,"🔥 UPDATE 🔥

$NINJA REACHED 💰+9500%💰 AFTER VIP SIGNAL

💰 +9500% From Call!
🏠 MCap: $15.5K ➜ $1.49M (ATH) 😎

CA: 8jyUQyUuHMua72KebwnyJ5hybycjTPSkB3b8zqjHpump

🧮 Position PnL
💵 $100 → $9600 (PnL +$9500)

🎯 Get in before the next 10x. VIP signals running 24/7",bot,False
solana100xcall,31613,2026-06-05T09:47:05+00:00,https://t.me/solana100xcall/31613,"🔥 UPDATE 🔥

$NINJA REACHED 💰+10300%💰 AFTER VIP SIGNAL

💰 +10300% From Call!
🏠 MCap: $15.5K ➜ $1.61M (ATH) 😎

CA: 8jyUQyUuHMua72KebwnyJ5hybycjTPSkB3b8zqjHpump

🧮 Position PnL
💵 $100 → $10400 (PnL +$10300)

⭐ Sniper, ALPHA and APEX signals. One membership, five VIP channels",bot,False
solana100xcall,31614,2026-06-05T10:00:13+00:00,https://t.me/solana100xcall/31614,,bot,False
solana100xcall,31615,2026-06-05T10:02:20+00:00,https://t.me/solana100xcall/31615,"🔥 UPDATE 🔥

$NINJA REACHED 💰+10400%💰 AFTER VIP SIGNAL

💰 +10400% From Call!
🏠 MCap: $15.5K ➜ $1.64M (ATH) 😎

CA: 8jyUQyUuHMua72KebwnyJ5hybycjTPSkB3b8zqjHpump

🧮 Position PnL
💵 $100 → $10500 (PnL +$10400)

🚀 VIP members got this signal first. Tap to join",bot,False
solana100xcall,31616,2026-06-05T10:04:17+00:00,https://t.me/solana100xcall/31616,"🔥 UPDATE 🔥

$NINJA REACHED 💰+10500%💰 AFTER VIP SIGNAL

💰 +10500% From Call!
🏠 MCap: $15.5K ➜ $1.65M (ATH) 😎

CA: 8jyUQyUuHMua72KebwnyJ5hybycjTPSkB3b8zqjHpump

🧮 Position PnL
💵 $100 → $10600 (PnL +$10500)

🚀 VIP members got this signal first. Tap to join",bot,False
solana100xcall,31617,2026-06-05T10:06:21+00:00,https://t.me/solana100xcall/31617,"🔥 UPDATE 🔥

$NINJA REACHED 💰+10800%💰 AFTER VIP SIGNAL

💰 +10800% From Call!
🏠 MCap: $15.5K ➜ $1.70M (ATH) 😎

CA: 8jyUQyUuHMua72KebwnyJ5hybycjTPSkB3b8zqjHpump

🧮 Position PnL
💵 $100 → $10900 (PnL +$10800)

🎯 While you watched this pump, AlphaBot already took profit",bot,False
solana100xcall,31618,2026-06-05T10:08:16+00:00,https://t.me/solana100xcall/31618,"🔥 UPDATE 🔥

$NINJA REACHED 💰+11900%💰 AFTER VIP SIGNAL

💰 +11900% From Call!
🏠 MCap: $15.5K ➜ $1.87M (ATH) 😎

CA: 8jyUQyUuHMua72KebwnyJ5hybycjTPSkB3b8zqjHpump

🧮 Position PnL
💵 $100 → $12000 (PnL +$11900)

🚀 VIP members got this signal first. Tap to join",bot,False
solana100xcall,31619,2026-06-05T10:10:16+00:00,https://t.me/solana100xcall/31619,"🔥 UPDATE 🔥

$NINJA REACHED 💰+12700%💰 AFTER VIP SIGNAL

💰 +12700% From Call!
🏠 MCap: $15.5K ➜ $1.99M (ATH) 😎

CA: 8jyUQyUuHMua72KebwnyJ5hybycjTPSkB3b8zqjHpump

🧮 Position PnL
💵 $100 → $12800 (PnL +$12700)

🔥 This call was VIP only. Get access before the next one",bot,False
solana100xcall,31620,2026-06-05T10:15:30+00:00,https://t.me/solana100xcall/31620,"🔥 UPDATE 🔥

$NINJA REACHED 💰+13200%💰 AFTER VIP SIGNAL

💰 +13200% From Call!
🏠 MCap: $15.5K ➜ $2.07M (ATH) 😎

CA: 8jyUQyUuHMua72KebwnyJ5hybycjTPSkB3b8zqjHpump

🧮 Position PnL
💵 $100 → $13300 (PnL +$13200)

🔥 This call was VIP only. Get access before the next one",bot,False
solana100xcall,31621,2026-06-05T10:17:28+00:00,https://t.me/solana100xcall/31621,"🔥 UPDATE 🔥

$NINJA REACHED 💰+13900%💰 AFTER VIP SIGNAL

💰 +13900% From Call!
🏠 MCap: $15.5K ➜ $2.18M (ATH) 😎

CA: 8jyUQyUuHMua72KebwnyJ5hybycjTPSkB3b8zqjHpump

🧮 Position PnL
💵 $100 → $14000 (PnL +$13900)

🎯 Get in before the next 10x. VIP signals running 24/7",bot,False
solana100xcall,31622,2026-06-05T10:21:29+00:00,https://t.me/solana100xcall/31622,"$GORILLA REACHED 💰+100%💰 AFTER VIP SIGNAL

💰 +100% From Call!
🏠 MCap: $24.6K ➜ $51.1K (ATH) 😎

💎 One membership. Real signals. Real results.",bot,False
solana100xcall,31623,2026-06-05T10:29:53+00:00,https://t.me/solana100xcall/31623,"🔥 UPDATE 🔥

$GORILLA REACHED 💰+200%💰 AFTER VIP SIGNAL

💰 +200% From Call!
🏠 MCap: $24.6K ➜ $75.4K (ATH) 😎

CA: AKQsb5XKL7RohnLGWjRui5ArUYVSZWJ5VwDSa2EEpump

🧮 Position PnL
💵 $100 → $300 (PnL +$200)

📢 Advertise your project to 17K+ Solana traders",bot,False
solana100xcall,31624,2026-06-05T10:52:22+00:00,https://t.me/solana100xcall/31624,"$RUGER REACHED 💰+100%💰 AFTER VIP SIGNAL

💰 +100% From Call!
🏠 MCap: $10.5K ➜ $23.1K (ATH) 😎

🎯 Promote your token here. Reach our entire Solana community",bot,False
solana100xcall,31625,2026-06-05T10:54:25+00:00,https://t.me/solana100xcall/31625,"🔥 UPDATE 🔥

$RUGER REACHED 💰+300%💰 AFTER VIP SIGNAL

💰 +300% From Call!
🏠 MCap: $10.5K ➜ $43.2K (ATH) 😎

CA: 6y3LpjT5cpUE9GFK1WsFtmSGSG9piF3d4z2MoEupump

🧮 Position PnL
💵 $100 → $400 (PnL +$300)

🔥 This call was VIP only. Get access before the next one",bot,False
solana100xcall,31626,2026-06-05T10:56:25+00:00,https://t.me/solana100xcall/31626,"🔥 UPDATE 🔥

$RUGER REACHED 💰+400%💰 AFTER VIP SIGNAL

💰 +400% From Call!
🏠 MCap: $10.5K ➜ $58.3K (ATH) 😎

CA: 6y3LpjT5cpUE9GFK1WsFtmSGSG9piF3d4z2MoEupump

🧮 Position PnL
💵 $100 → $500 (PnL +$400)

🔥 This call was VIP only. Get access before the next one",bot,False
solana100xcall,31627,2026-06-05T11:09:57+00:00,https://t.me/solana100xcall/31627,"$micro REACHED 💰+700%💰 AFTER VIP SIGNAL

💰 +700% From Call!
🏠 MCap: $7.2K ➜ $59.0K (ATH) 😎

CA: rALTauDCM5KAowRj52dfS1j51YT269gJiHz7Pzapump

🧮 Position PnL
💵 $100 → $800 (PnL +$700)

⚡ AlphaBot executes instantly. You could have caught this one",bot,False
solana100xcall,31628,2026-06-05T11:28:57+00:00,https://t.me/solana100xcall/31628,"$VOTE REACHED 💰+100%💰 AFTER VIP SIGNAL

💰 +100% From Call!
🏠 MCap: $5.4K ➜ $14.0K (ATH) 😎

📢 Advertise your project to 17K+ Solana traders",bot,False
solana100xcall,31629,2026-06-05T11:31:13+00:00,https://t.me/solana100xcall/31629,"🔥 UPDATE 🔥

$VOTE REACHED 💰+200%💰 AFTER VIP SIGNAL

💰 +200% From Call!
🏠 MCap: $5.4K ➜ $20.9K (ATH) 😎

CA: 4dw3nwsD97A7X5fhsPbEbreTwREb6eAwm3hsJC5Uvote

🧮 Position PnL
💵 $100 → $300 (PnL +$200)

🚀 VIP members got this signal first. Tap to join",bot,False
solana100xcall,31630,2026-06-05T11:43:17+00:00,https://t.me/solana100xcall/31630,"$VOTE REACHED 💰+100%💰 AFTER VIP SIGNAL

💰 +100% From Call!
🏠 MCap: $10.9K ➜ $23.3K (ATH) 😎

🚀 Next signal fires soon. Set up AlphaBot and ride it",bot,False
solana100xcall,31631,2026-06-05T11:52:39+00:00,https://t.me/solana100xcall/31631,"$白毛股神 REACHED 💰+100%💰 AFTER VIP SIGNAL

💰 +100% From Call!
🏠 MCap: $7.4K ➜ $16.9K (ATH) 😎

⭐ Sniper, ALPHA and APEX signals. One membership, five VIP channels",bot,False
solana100xcall,31632,2026-06-05T11:54:42+00:00,https://t.me/solana100xcall/31632,"🔥 UPDATE 🔥

$白毛股神 REACHED 💰+200%💰 AFTER VIP SIGNAL

💰 +200% From Call!
🏠 MCap: $7.4K ➜ $22.7K (ATH) 😎

CA: 2Lu68ABTAKUFgDRhv9wkdM52vx86oJsMezKW6zJupump

🧮 Position PnL
💵 $100 → $300 (PnL +$200)

🤖 Auto-buy the next signal before the pump. Set up AlphaBot now",bot,False
solana100xcall,31633,2026-06-05T11:56:43+00:00,https://t.me/solana100xcall/31633,"🔥 UPDATE 🔥

$白毛股神 REACHED 💰+300%💰 AFTER VIP SIGNAL

💰 +300% From Call!
🏠 MCap: $7.4K ➜ $30.5K (ATH) 😎

CA: 2Lu68ABTAKUFgDRhv9wkdM52vx86oJsMezKW6zJupump

🧮 Position PnL
💵 $100 → $400 (PnL +$300)

💎 One membership. Real signals. Real results.",bot,False
solana100xcall,31634,2026-06-05T12:00:37+00:00,https://t.me/solana100xcall/31634,"$白毛股神 REACHED 💰+100%💰 AFTER VIP SIGNAL

💰 +100% From Call!
🏠 MCap: $8.3K ➜ $23.5K (ATH) 😎

⭐ Sniper, ALPHA and APEX signals. One membership, five VIP channels",bot,False
solana100xcall,31635,2026-06-05T12:19:47+00:00,https://t.me/solana100xcall/31635,"$CUCUMBER REACHED 💰+100%💰 AFTER VIP SIGNAL

💰 +100% From Call!
🏠 MCap: $9.7K ➜ $23.0K (ATH) 😎

🎯 While you watched this pump, AlphaBot already took profit",bot,False
solana100xcall,31636,2026-06-05T12:23:22+00:00,https://t.me/solana100xcall/31636,"🔥 UPDATE 🔥

$CUCUMBER REACHED 💰+200%💰 AFTER VIP SIGNAL

💰 +200% From Call!
🏠 MCap: $9.7K ➜ $32.6K (ATH) 😎

CA: 3yBSdmS9kd9p627jvg77Tyrk7kh68GfYNiZYWtovpump

🧮 Position PnL
💵 $100 → $300 (PnL +$200)

🚀 VIP members got this signal first. Tap to join",bot,False
solana100xcall,31637,2026-06-05T12:28:13+00:00,https://t.me/solana100xcall/31637,"🔥 UPDATE 🔥

$CUCUMBER REACHED 💰+400%💰 AFTER VIP SIGNAL

💰 +400% From Call!
🏠 MCap: $9.7K ➜ $49.5K (ATH) 😎

CA: 3yBSdmS9kd9p627jvg77Tyrk7kh68GfYNiZYWtovpump

🧮 Position PnL
💵 $100 → $500 (PnL +$400)

🎯 Promote your token here. Reach our entire Solana community",bot,False
solana100xcall,31638,2026-06-05T13:25:26+00:00,https://t.me/solana100xcall/31638,"$富宝 REACHED 💰+100%💰 AFTER VIP SIGNAL

💰 +100% From Call!
🏠 MCap: $13.0K ➜ $33.5K (ATH) 😎

🤖 Auto-buy the next signal before the pump. Set up AlphaBot now",bot,False
solana100xcall,31639,2026-06-05T13:26:20+00:00,https://t.me/solana100xcall/31639,"$푸바오 REACHED 💰+100%💰 AFTER VIP SIGNAL

💰 +100% From Call!
🏠 MCap: $6.9K ➜ $19.9K (ATH) 😎

⚡ Stop watching from the outside. Get VIP access now",bot,False
solana100xcall,31640,2026-06-05T13:27:25+00:00,https://t.me/solana100xcall/31640,"🔥 UPDATE 🔥

$富宝 REACHED 💰+200%💰 AFTER VIP SIGNAL

💰 +200% From Call!
🏠 MCap: $13.0K ➜ $39.5K (ATH) 😎

CA: Bn8D7jW5b6dgTfhpdCG9bHPfpsbHVmkPDH9YfFCTPQpa

🧮 Position PnL
💵 $100 → $300 (PnL +$200)

💎 One membership. Real signals. Real results.",bot,False
solana100xcall,31641,2026-06-05T13:28:20+00:00,https://t.me/solana100xcall/31641,"🔥 UPDATE 🔥

$푸바오 REACHED 💰+200%💰 AFTER VIP SIGNAL

💰 +200% From Call!
🏠 MCap: $6.9K ➜ $25.9K (ATH) 😎

CA: 9qFeJRSVXdVMEFrx8HukuMtEC5nWiXpZ97xtPYCkpump

🧮 Position PnL
💵 $100 → $300 (PnL +$200)

🎯 While you watched this pump, AlphaBot already took profit",bot,False
solana100xcall,31642,2026-06-05T13:28:56+00:00,https://t.me/solana100xcall/31642,"$푸바오 REACHED 💰+100%💰 AFTER VIP SIGNAL

💰 +100% From Call!
🏠 MCap: $6.1K ➜ $16.1K (ATH) 😎

💎 One membership. Real signals. Real results.",bot,False
solana100xcall,31643,2026-06-05T13:30:07+00:00,https://t.me/solana100xcall/31643,"$福宝 REACHED 💰+200%💰 AFTER VIP SIGNAL

💰 +200% From Call!
🏠 MCap: $6.6K ➜ $23.2K (ATH) 😎

CA: C3x6wHmu4kJ1HrLj2ueUzHndTS7cQTDvBbAUDetGpump

🧮 Position PnL
💵 $100 → $300 (PnL +$200)

🔥 This call was VIP only. Get access before the next one",bot,False
solana100xcall,31644,2026-06-05T13:31:19+00:00,https://t.me/solana100xcall/31644,"🔥 UPDATE 🔥

$ZHN REACHED 💰+400%💰 AFTER VIP SIGNAL

💰 +400% From Call!
🏠 MCap: $10.8K ➜ $55.5K (ATH) 😎

CA: DecBThKjPiZyiaQ8Yvr2t6u9Jky9mF2shqXry7m5pump

🧮 Position PnL
💵 $100 → $500 (PnL +$400)

🎯 Get in before the next 10x. VIP signals running 24/7",bot,False
solana100xcall,31645,2026-06-05T13:32:28+00:00,https://t.me/solana100xcall/31645,"🔥 UPDATE 🔥

$푸바오 REACHED 💰+400%💰 AFTER VIP SIGNAL

💰 +400% From Call!
🏠 MCap: $6.1K ➜ $34.0K (ATH) 😎

CA: Hycw666CXZrGUU6BWww8yC3LR3GPVMH36gUJtNC1pump

🧮 Position PnL
💵 $100 → $500 (PnL +$400)

🚀 Next signal fires soon. Set up AlphaBot and ride it",bot,False
solana100xcall,31646,2026-06-05T13:34:26+00:00,https://t.me/solana100xcall/31646,"🔥 UPDATE 🔥

$푸바오 REACHED 💰+700%💰 AFTER VIP SIGNAL

💰 +700% From Call!
🏠 MCap: $6.1K ➜ $51.8K (ATH) 😎

CA: Hycw666CXZrGUU6BWww8yC3LR3GPVMH36gUJtNC1pump

🧮 Position PnL
💵 $100 → $800 (PnL +$700)

💎 One membership. Real signals. Real results.",bot,False
solana100xcall,31647,2026-06-05T13:36:26+00:00,https://t.me/solana100xcall/31647,"🔥 UPDATE 🔥

$푸바오 REACHED 💰+800%💰 AFTER VIP SIGNAL

💰 +800% From Call!
🏠 MCap: $6.1K ➜ $56.1K (ATH) 😎

CA: Hycw666CXZrGUU6BWww8yC3LR3GPVMH36gUJtNC1pump

🧮 Position PnL
💵 $100 → $900 (PnL +$800)

⚡ Stop watching from the outside. Get VIP access now",bot,False
solana100xcall,31648,2026-06-05T13:45:57+00:00,https://t.me/solana100xcall/31648,"$APU REACHED 💰+300%💰 AFTER VIP SIGNAL

💰 +300% From Call!
🏠 MCap: $5.7K ➜ $23.6K (ATH) 😎

CA: 24Kko3VWwMKtkB9CVct2ZAZgJzb2R2iNrYxCpTYFpump

🧮 Position PnL
💵 $100 → $400 (PnL +$300)

⚡ AlphaBot executes instantly. You could have caught this one",bot,False
solana100xcall,31649,2026-06-05T13:47:30+00:00,https://t.me/solana100xcall/31649,"$APU REACHED 💰+100%💰 AFTER VIP SIGNAL

💰 +100% From Call!
🏠 MCap: $9.3K ➜ $19.5K (ATH) 😎

💎 One membership. Real signals. Real results.",bot,False
solana100xcall,31650,2026-06-05T13:47:53+00:00,https://t.me/solana100xcall/31650,"🔥 UPDATE 🔥

$APU REACHED 💰+700%💰 AFTER VIP SIGNAL

💰 +700% From Call!
🏠 MCap: $5.7K ➜ $47.7K (ATH) 😎

CA: 24Kko3VWwMKtkB9CVct2ZAZgJzb2R2iNrYxCpTYFpump

🧮 Position PnL
💵 $100 → $800 (PnL +$700)

💎 One membership. Real signals. Real results.",bot,False
solana100xcall,31651,2026-06-05T13:49:56+00:00,https://t.me/solana100xcall/31651,"🔥 UPDATE 🔥

$APU REACHED 💰+800%💰 AFTER VIP SIGNAL

💰 +800% From Call!
🏠 MCap: $5.7K ➜ $52.5K (ATH) 😎

CA: 24Kko3VWwMKtkB9CVct2ZAZgJzb2R2iNrYxCpTYFpump

🧮 Position PnL
💵 $100 → $900 (PnL +$800)

⚡ AlphaBot executes instantly. You could have caught this one",bot,False
solana100xcall,31652,2026-06-05T13:57:56+00:00,https://t.me/solana100xcall/31652,"🔥 UPDATE 🔥

$APU REACHED 💰+1000%💰 AFTER VIP SIGNAL

💰 +1000% From Call!
🏠 MCap: $5.7K ➜ $64.9K (ATH) 😎

CA: 24Kko3VWwMKtkB9CVct2ZAZgJzb2R2iNrYxCpTYFpump

🧮 Position PnL
💵 $100 → $1100 (PnL +$1000)

🔥 This call was VIP only. Get access before the next one",bot,False
solana100xcall,31653,2026-06-05T13:59:55+00:00,https://t.me/solana100xcall/31653,"🔥 UPDATE 🔥

$APU REACHED 💰+1300%💰 AFTER VIP SIGNAL

💰 +1300% From Call!
🏠 MCap: $5.7K ➜ $82.0K (ATH) 😎

CA: 24Kko3VWwMKtkB9CVct2ZAZgJzb2R2iNrYxCpTYFpump

🧮 Position PnL
💵 $100 → $1400 (PnL +$1300)

🚀 Next signal fires soon. Set up AlphaBot and ride it",bot,False
solana100xcall,31654,2026-06-05T14:01:58+00:00,https://t.me/solana100xcall/31654,"🔥 UPDATE 🔥

$APU REACHED 💰+1400%💰 AFTER VIP SIGNAL

💰 +1400% From Call!
🏠 MCap: $5.7K ➜ $86.9K (ATH) 😎

CA: 24Kko3VWwMKtkB9CVct2ZAZgJzb2R2iNrYxCpTYFpump

🧮 Position PnL
💵 $100 → $1500 (PnL +$1400)

🎯 Get in before the next 10x. VIP signals running 24/7",bot,False
solana100xcall,31655,2026-06-05T14:25:30+00:00,https://t.me/solana100xcall/31655,"🔥 UPDATE 🔥

$APU REACHED 💰+1700%💰 AFTER VIP SIGNAL

💰 +1700% From Call!
🏠 MCap: $5.7K ➜ $107.4K (ATH) 😎

CA: 24Kko3VWwMKtkB9CVct2ZAZgJzb2R2iNrYxCpTYFpump

🧮 Position PnL
💵 $100 → $1800 (PnL +$1700)

📢 Advertise your project to 17K+ Solana traders",bot,False
solana100xcall,31656,2026-06-05T14:27:30+00:00,https://t.me/solana100xcall/31656,"🔥 UPDATE 🔥

$APU REACHED 💰+2100%💰 AFTER VIP SIGNAL

💰 +2100% From Call!
🏠 MCap: $5.7K ➜ $128.5K (ATH) 😎

CA: 24Kko3VWwMKtkB9CVct2ZAZgJzb2R2iNrYxCpTYFpump

🧮 Position PnL
💵 $100 → $2200 (PnL +$2100)

🎯 While you watched this pump, AlphaBot already took profit",bot,False
solana100xcall,31657,2026-06-05T14:30:16+00:00,https://t.me/solana100xcall/31657,"🔥 UPDATE 🔥

$APU REACHED 💰+2300%💰 AFTER VIP SIGNAL

💰 +2300% From Call!
🏠 MCap: $5.7K ➜ $140.9K (ATH) 😎

CA: 24Kko3VWwMKtkB9CVct2ZAZgJzb2R2iNrYxCpTYFpump

🧮 Position PnL
💵 $100 → $2400 (PnL +$2300)

🔥 This call was VIP only. Get access before the next one",bot,False
solana100xcall,31658,2026-06-05T14:32:19+00:00,https://t.me/solana100xcall/31658,"🔥 UPDATE 🔥

$APU REACHED 💰+2600%💰 AFTER VIP SIGNAL

💰 +2600% From Call!
🏠 MCap: $5.7K ➜ $155.1K (ATH) 😎

CA: 24Kko3VWwMKtkB9CVct2ZAZgJzb2R2iNrYxCpTYFpump

🧮 Position PnL
💵 $100 → $2700 (PnL +$2600)

💎 One membership. Real signals. Real results.",bot,False
solana100xcall,31659,2026-06-05T14:42:22+00:00,https://t.me/solana100xcall/31659,"$STOCKS REACHED 💰+100%💰 AFTER VIP SIGNAL

💰 +100% From Call!
🏠 MCap: $13.3K ➜ $31.9K (ATH) 😎

🚀 Next signal fires soon. Set up AlphaBot and ride it",bot,False
solana100xcall,31660,2026-06-05T14:51:55+00:00,https://t.me/solana100xcall/31660,"🔥 UPDATE 🔥

$STOCKS REACHED 💰+200%💰 AFTER VIP SIGNAL

💰 +200% From Call!
🏠 MCap: $13.3K ➜ $44.0K (ATH) 😎

CA: 3Cf6eLE7VCuWbrtnRUkNpgQmpgWHaooq5c27s184pump

🧮 Position PnL
💵 $100 → $300 (PnL +$200)

💎 One membership. Real signals. Real results.",bot,False
solana100xcall,31661,2026-06-05T14:57:37+00:00,https://t.me/solana100xcall/31661,"🔥 UPDATE 🔥

$STOCKS REACHED 💰+300%💰 AFTER VIP SIGNAL

💰 +300% From Call!
🏠 MCap: $13.3K ➜ $53.4K (ATH) 😎

CA: 3Cf6eLE7VCuWbrtnRUkNpgQmpgWHaooq5c27s184pump

🧮 Position PnL
💵 $100 → $400 (PnL +$300)

⚡ AlphaBot executes instantly. You could have caught this one",bot,False
solana100xcall,31662,2026-06-05T15:02:51+00:00,https://t.me/solana100xcall/31662,"🔥 UPDATE 🔥

$STOCKS REACHED 💰+400%💰 AFTER VIP SIGNAL

💰 +400% From Call!
🏠 MCap: $13.3K ➜ $71.6K (ATH) 😎

CA: 3Cf6eLE7VCuWbrtnRUkNpgQmpgWHaooq5c27s184pump

🧮 Position PnL
💵 $100 → $500 (PnL +$400)

⭐ Sniper, ALPHA and APEX signals. One membership, five VIP channels",bot,False
solana100xcall,31663,2026-06-05T15:07:50+00:00,https://t.me/solana100xcall/31663,"$USDINU REACHED 💰+100%💰 AFTER VIP SIGNAL

💰 +100% From Call!
🏠 MCap: $6.1K ➜ $12.3K (ATH) 😎

⭐ Sniper, ALPHA and APEX signals. One membership, five VIP channels",bot,False
solana100xcall,31664,2026-06-05T15:10:04+00:00,https://t.me/solana100xcall/31664,"🔥 UPDATE 🔥

$USDINU REACHED 💰+200%💰 AFTER VIP SIGNAL

💰 +200% From Call!
🏠 MCap: $6.1K ➜ $18.8K (ATH) 😎

CA: 3NJDKCP1oHPE4Grn3eTCqFG6pE64zvuh6fKkcEobpump

🧮 Position PnL
💵 $100 → $300 (PnL +$200)

🤖 Auto-buy the next signal before the pump. Set up AlphaBot now",bot,False
solana100xcall,31665,2026-06-05T15:17:55+00:00,https://t.me/solana100xcall/31665,"$JSON REACHED 💰+100%💰 AFTER VIP SIGNAL

💰 +100% From Call!
🏠 MCap: $5.9K ➜ $14.3K (ATH) 😎

🎯 Get in before the next 10x. VIP signals running 24/7",bot,False
solana100xcall,31666,2026-06-05T15:25:09+00:00,https://t.me/solana100xcall/31666,"🔥 UPDATE 🔥

$JSON REACHED 💰+200%💰 AFTER VIP SIGNAL

💰 +200% From Call!
🏠 MCap: $5.9K ➜ $17.8K (ATH) 😎

CA: 23hnznAq7Cdim4roP16WjwqhceyGbM5BS6dH17S1pump

🧮 Position PnL
💵 $100 → $300 (PnL +$200)

💎 One membership. Real signals. Real results.",bot,False
solana100xcall,31667,2026-06-05T15:32:17+00:00,https://t.me/solana100xcall/31667,"🔥 UPDATE 🔥

$JSON REACHED 💰+300%💰 AFTER VIP SIGNAL

💰 +300% From Call!
🏠 MCap: $5.9K ➜ $24.3K (ATH) 😎

CA: 23hnznAq7Cdim4roP16WjwqhceyGbM5BS6dH17S1pump

🧮 Position PnL
💵 $100 → $400 (PnL +$300)

⚡ Stop watching from the outside. Get VIP access now",bot,False
solana100xcall,31668,2026-06-05T15:33:57+00:00,https://t.me/solana100xcall/31668,"$TAYLOR REACHED 💰+100%💰 AFTER VIP SIGNAL

💰 +100% From Call!
🏠 MCap: $7.1K ➜ $17.1K (ATH) 😎

🚀 Next signal fires soon. Set up AlphaBot and ride it",bot,False
solana100xcall,31669,2026-06-05T15:36:11+00:00,https://t.me/solana100xcall/31669,"🔥 UPDATE 🔥

$TAYLOR REACHED 💰+400%💰 AFTER VIP SIGNAL

💰 +400% From Call!
🏠 MCap: $7.1K ➜ $42.4K (ATH) 😎

CA: DDaQDAKRCgMofEtbEAkFZ33SDFFcyS6EDgc6ikfmpump

🧮 Position PnL
💵 $100 → $500 (PnL +$400)

🤖 Auto-buy the next signal before the pump. Set up AlphaBot now",bot,False
solana100xcall,31670,2026-06-05T15:36:47+00:00,https://t.me/solana100xcall/31670,"🔥 UPDATE 🔥

$JSON REACHED 💰+400%💰 AFTER VIP SIGNAL

💰 +400% From Call!
🏠 MCap: $5.9K ➜ $29.6K (ATH) 😎

CA: 23hnznAq7Cdim4roP16WjwqhceyGbM5BS6dH17S1pump

🧮 Position PnL
💵 $100 → $500 (PnL +$400)

🎯 Get in before the next 10x. VIP signals running 24/7",bot,False
solana100xcall,31671,2026-06-05T15:39:36+00:00,https://t.me/solana100xcall/31671,"🔥 UPDATE 🔥

$TAYLOR REACHED 💰+500%💰 AFTER VIP SIGNAL

💰 +500% From Call!
🏠 MCap: $7.1K ➜ $42.7K (ATH) 😎

CA: DDaQDAKRCgMofEtbEAkFZ33SDFFcyS6EDgc6ikfmpump

🧮 Position PnL
💵 $100 → $600 (PnL +$500)

⚡ AlphaBot executes instantly. You could have caught this one",bot,False
solana100xcall,31672,2026-06-05T16:00:13+00:00,https://t.me/solana100xcall/31672,,bot,False
solana100xcall,31673,2026-06-05T17:31:32+00:00,https://t.me/solana100xcall/31673,"$GO REACHED 💰+100%💰 AFTER VIP SIGNAL

💰 +100% From Call!
🏠 MCap: $13.7K ➜ $33.9K (ATH) 😎

⭐ Sniper, ALPHA and APEX signals. One membership, five VIP channels",bot,False
solana100xcall,31674,2026-06-05T17:42:20+00:00,https://t.me/solana100xcall/31674,"🔥 UPDATE 🔥

$GO REACHED 💰+200%💰 AFTER VIP SIGNAL

💰 +200% From Call!
🏠 MCap: $13.7K ➜ $41.2K (ATH) 😎

CA: 6a2NQoBCqzydMt13MixTRd93p3nbpLET1mUDJrPjpump

🧮 Position PnL
💵 $100 → $300 (PnL +$200)

🎯 Get in before the next 10x. VIP signals running 24/7",bot,False
solana100xcall,31675,2026-06-05T17:51:08+00:00,https://t.me/solana100xcall/31675,"$NEWSOM2028 REACHED 💰+100%💰 AFTER VIP SIGNAL

💰 +100% From Call!
🏠 MCap: $5.7K ➜ $12.8K (ATH) 😎

🎯 Promote your token here. Reach our entire Solana community",bot,False
solana100xcall,31676,2026-06-05T17:51:37+00:00,https://t.me/solana100xcall/31676,"🔥 UPDATE 🔥

$GO REACHED 💰+300%💰 AFTER VIP SIGNAL

💰 +300% From Call!
🏠 MCap: $13.7K ➜ $59.0K (ATH) 😎

CA: 6a2NQoBCqzydMt13MixTRd93p3nbpLET1mUDJrPjpump

🧮 Position PnL
💵 $100 → $400 (PnL +$300)

🎯 Get in before the next 10x. VIP signals running 24/7",bot,False
solana100xcall,31677,2026-06-05T18:08:07+00:00,https://t.me/solana100xcall/31677,"🔥 UPDATE 🔥

$GO REACHED 💰+500%💰 AFTER VIP SIGNAL

💰 +500% From Call!
🏠 MCap: $13.7K ➜ $84.7K (ATH) 😎

CA: 6a2NQoBCqzydMt13MixTRd93p3nbpLET1mUDJrPjpump

🧮 Position PnL
💵 $100 → $600 (PnL +$500)

🎯 While you watched this pump, AlphaBot already took profit",bot,False
solana100xcall,31678,2026-06-05T18:08:23+00:00,https://t.me/solana100xcall/31678,"🔥 UPDATE 🔥

$GO REACHED 💰+600%💰 AFTER VIP SIGNAL

💰 +600% From Call!
🏠 MCap: $13.7K ➜ $108.2K (ATH) 😎

CA: 6a2NQoBCqzydMt13MixTRd93p3nbpLET1mUDJrPjpump

🧮 Position PnL
💵 $100 → $700 (PnL +$600)

📢 Advertise your project to 17K+ Solana traders",bot,False
solana100xcall,31679,2026-06-05T18:10:21+00:00,https://t.me/solana100xcall/31679,"🔥 UPDATE 🔥

$GO REACHED 💰+700%💰 AFTER VIP SIGNAL

💰 +700% From Call!
🏠 MCap: $13.7K ➜ $122.6K (ATH) 😎

CA: 6a2NQoBCqzydMt13MixTRd93p3nbpLET1mUDJrPjpump

🧮 Position PnL
💵 $100 → $800 (PnL +$700)

🚀 VIP members got this signal first. Tap to join",bot,False
solana100xcall,31680,2026-06-05T18:12:22+00:00,https://t.me/solana100xcall/31680,"🔥 UPDATE 🔥

$GO REACHED 💰+800%💰 AFTER VIP SIGNAL

💰 +800% From Call!
🏠 MCap: $13.7K ➜ $134.5K (ATH) 😎

CA: 6a2NQoBCqzydMt13MixTRd93p3nbpLET1mUDJrPjpump

🧮 Position PnL
💵 $100 → $900 (PnL +$800)

⚡ AlphaBot executes instantly. You could have caught this one",bot,False
solana100xcall,31681,2026-06-05T18:19:32+00:00,https://t.me/solana100xcall/31681,"🔥 UPDATE 🔥

$GO REACHED 💰+5800%💰 AFTER VIP SIGNAL

💰 +5800% From Call!
🏠 MCap: $13.7K ➜ $816.3K (ATH) 😎

CA: 6a2NQoBCqzydMt13MixTRd93p3nbpLET1mUDJrPjpump

🧮 Position PnL
💵 $100 → $5900 (PnL +$5800)

📢 Advertise your project to 17K+ Solana traders",bot,False
solana100xcall,31682,2026-06-05T20:11:14+00:00,https://t.me/solana100xcall/31682,"$😭 REACHED 💰+100%💰 AFTER VIP SIGNAL

💰 +100% From Call!
🏠 MCap: $9.6K ➜ $21.0K (ATH) 😎

🎯 Get in before the next 10x. VIP signals running 24/7",bot,False
solana100xcall,31683,2026-06-05T20:13:36+00:00,https://t.me/solana100xcall/31683,"🔥 UPDATE 🔥

$😭 REACHED 💰+200%💰 AFTER VIP SIGNAL

💰 +200% From Call!
🏠 MCap: $9.6K ➜ $30.4K (ATH) 😎

CA: 7tme6fpYjz8v6iSuratuyPZKXyXsdSuid8V7MYcZysQe

🧮 Position PnL
💵 $100 → $300 (PnL +$200)

🎯 While you watched this pump, AlphaBot already took profit",bot,False
solana100xcall,31684,2026-06-05T20:17:08+00:00,https://t.me/solana100xcall/31684,"🔥 UPDATE 🔥

$😭 REACHED 💰+300%💰 AFTER VIP SIGNAL

💰 +300% From Call!
🏠 MCap: $9.6K ➜ $38.8K (ATH) 😎

CA: 7tme6fpYjz8v6iSuratuyPZKXyXsdSuid8V7MYcZysQe

🧮 Position PnL
💵 $100 → $400 (PnL +$300)

📢 Advertise your project to 17K+ Solana traders",bot,False
solana100xcall,31685,2026-06-05T20:19:37+00:00,https://t.me/solana100xcall/31685,"🔥 UPDATE 🔥

$😭 REACHED 💰+600%💰 AFTER VIP SIGNAL

💰 +600% From Call!
🏠 MCap: $9.6K ➜ $67.3K (ATH) 😎

CA: 7tme6fpYjz8v6iSuratuyPZKXyXsdSuid8V7MYcZysQe

🧮 Position PnL
💵 $100 → $700 (PnL +$600)

⚡ AlphaBot executes instantly. You could have caught this one",bot,False
solana100xcall,31686,2026-06-05T20:21:35+00:00,https://t.me/solana100xcall/31686,"🔥 UPDATE 🔥

$😭 REACHED 💰+700%💰 AFTER VIP SIGNAL

💰 +700% From Call!
🏠 MCap: $9.6K ➜ $81.1K (ATH) 😎

CA: 7tme6fpYjz8v6iSuratuyPZKXyXsdSuid8V7MYcZysQe

🧮 Position PnL
💵 $100 → $800 (PnL +$700)

🎯 Get in before the next 10x. VIP signals running 24/7",bot,False
solana100xcall,31687,2026-06-05T21:07:44+00:00,https://t.me/solana100xcall/31687,"$BOB REACHED 💰+100%💰 AFTER VIP SIGNAL

💰 +100% From Call!
🏠 MCap: $18.1K ➜ $46.2K (ATH) 😎

⚡ AlphaBot executes instantly. You could have caught this one",bot,False
solana100xcall,31688,2026-06-05T21:18:46+00:00,https://t.me/solana100xcall/31688,"$PARQ REACHED 💰+400%💰 AFTER VIP SIGNAL

💰 +400% From Call!
🏠 MCap: $8.0K ➜ $46.6K (ATH) 😎

CA: VtwGKv7dcpY7aFb8H7MvZfEtUAKwtsHcXSkejCAparq

🧮 Position PnL
💵 $100 → $500 (PnL +$400)

📢 Advertise your project to 17K+ Solana traders",bot,False
solana100xcall,31689,2026-06-05T21:20:44+00:00,https://t.me/solana100xcall/31689,"🔥 UPDATE 🔥

$PARQ REACHED 💰+500%💰 AFTER VIP SIGNAL

💰 +500% From Call!
🏠 MCap: $8.0K ➜ $53.6K (ATH) 😎

CA: VtwGKv7dcpY7aFb8H7MvZfEtUAKwtsHcXSkejCAparq

🧮 Position PnL
💵 $100 → $600 (PnL +$500)

📢 Advertise your project to 17K+ Solana traders",bot,False
solana100xcall,31690,2026-06-05T21:29:36+00:00,https://t.me/solana100xcall/31690,"🔥 UPDATE 🔥

$PARQ REACHED 💰+600%💰 AFTER VIP SIGNAL

💰 +600% From Call!
🏠 MCap: $8.0K ➜ $61.5K (ATH) 😎

CA: VtwGKv7dcpY7aFb8H7MvZfEtUAKwtsHcXSkejCAparq

🧮 Position PnL
💵 $100 → $700 (PnL +$600)

💎 One membership. Real signals. Real results.",bot,False
solana100xcall,31691,2026-06-05T21:31:34+00:00,https://t.me/solana100xcall/31691,"🔥 UPDATE 🔥

$PARQ REACHED 💰+700%💰 AFTER VIP SIGNAL

💰 +700% From Call!
🏠 MCap: $8.0K ➜ $70.7K (ATH) 😎

CA: VtwGKv7dcpY7aFb8H7MvZfEtUAKwtsHcXSkejCAparq

🧮 Position PnL
💵 $100 → $800 (PnL +$700)

🚀 VIP members got this signal first. Tap to join",bot,False
solana100xcall,31692,2026-06-05T21:33:33+00:00,https://t.me/solana100xcall/31692,"$GORILLA REACHED 💰+100%💰 AFTER VIP SIGNAL

💰 +100% From Call!
🏠 MCap: $28.9K ➜ $59.4K (ATH) 😎

💎 One membership. Real signals. Real results.",bot,False
solana100xcall,31693,2026-06-05T21:33:41+00:00,https://t.me/solana100xcall/31693,"🔥 UPDATE 🔥

$PARQ REACHED 💰+800%💰 AFTER VIP SIGNAL

💰 +800% From Call!
🏠 MCap: $8.0K ➜ $76.0K (ATH) 😎

CA: VtwGKv7dcpY7aFb8H7MvZfEtUAKwtsHcXSkejCAparq

🧮 Position PnL
💵 $100 → $900 (PnL +$800)

🎯 Promote your token here. Reach our entire Solana community",bot,False
solana100xcall,31694,2026-06-05T21:35:27+00:00,https://t.me/solana100xcall/31694,"🔥 UPDATE 🔥

$GORILLA REACHED 💰+200%💰 AFTER VIP SIGNAL

💰 +200% From Call!
🏠 MCap: $28.9K ➜ $90.5K (ATH) 😎

CA: BVPQ3YbT3aV1JCietM6EtVgba7qF82HCPH2mvNZWpump

🧮 Position PnL
💵 $100 → $300 (PnL +$200)

📢 Advertise your project to 17K+ Solana traders",bot,False
solana100xcall,31695,2026-06-05T21:47:54+00:00,https://t.me/solana100xcall/31695,"🔥 UPDATE 🔥

$GORILLA REACHED 💰+300%💰 AFTER VIP SIGNAL

💰 +300% From Call!
🏠 MCap: $28.9K ➜ $130.3K (ATH) 😎

CA: BVPQ3YbT3aV1JCietM6EtVgba7qF82HCPH2mvNZWpump

🧮 Position PnL
💵 $100 → $400 (PnL +$300)

🎯 Get in before the next 10x. VIP signals running 24/7",bot,False
solana100xcall,31696,2026-06-05T21:55:58+00:00,https://t.me/solana100xcall/31696,"$CATE REACHED 💰+300%💰 AFTER VIP SIGNAL

💰 +300% From Call!
🏠 MCap: $5.8K ➜ $24.8K (ATH) 😎

CA: EmChbiWfWWBxnTpacUwN7xcgnhEu4vaJXpAxFjSYpump

🧮 Position PnL
💵 $100 → $400 (PnL +$300)

🚀 Next signal fires soon. Set up AlphaBot and ride it",bot,False
solana100xcall,31697,2026-06-05T21:58:01+00:00,https://t.me/solana100xcall/31697,"🔥 UPDATE 🔥

$CATE REACHED 💰+400%💰 AFTER VIP SIGNAL

💰 +400% From Call!
🏠 MCap: $5.8K ➜ $32.3K (ATH) 😎

CA: EmChbiWfWWBxnTpacUwN7xcgnhEu4vaJXpAxFjSYpump

🧮 Position PnL
💵 $100 → $500 (PnL +$400)

🎯 Get in before the next 10x. VIP signals running 24/7",bot,False
solana100xcall,31698,2026-06-05T22:00:12+00:00,https://t.me/solana100xcall/31698,,bot,False
solana100xcall,31699,2026-06-05T22:34:49+00:00,https://t.me/solana100xcall/31699,"🔥 UPDATE 🔥

$HONTER REACHED 💰+1100%💰 AFTER VIP SIGNAL

💰 +1100% From Call!
🏠 MCap: $7.2K ➜ $91.5K (ATH) 😎

CA: GFjDh5ULNahwG13TBEsxrszxCKByTv6SCzfdLgWteXqk

🧮 Position PnL
💵 $100 → $1200 (PnL +$1100)

⚡ AlphaBot executes instantly. You could have caught this one",bot,False
solana100xcall,31700,2026-06-05T22:36:44+00:00,https://t.me/solana100xcall/31700,"🔥 UPDATE 🔥

$HONTER REACHED 💰+1800%💰 AFTER VIP SIGNAL

💰 +1800% From Call!
🏠 MCap: $7.2K ➜ $137.9K (ATH) 😎

CA: GFjDh5ULNahwG13TBEsxrszxCKByTv6SCzfdLgWteXqk

🧮 Position PnL
💵 $100 → $1900 (PnL +$1800)

🚀 Next signal fires soon. Set up AlphaBot and ride it",bot,False
solana100xcall,31701,2026-06-05T22:46:41+00:00,https://t.me/solana100xcall/31701,"$STRONG REACHED 💰+100%💰 AFTER VIP SIGNAL

💰 +100% From Call!
🏠 MCap: $8.9K ➜ $18.5K (ATH) 😎

⚡ AlphaBot executes instantly. You could have caught this one",bot,False
solana100xcall,31702,2026-06-05T22:52:57+00:00,https://t.me/solana100xcall/31702,"🔥 UPDATE 🔥

$GORILLA REACHED 💰+400%💰 AFTER VIP SIGNAL

💰 +400% From Call!
🏠 MCap: $24.6K ➜ $140.6K (ATH) 😎

CA: AKQsb5XKL7RohnLGWjRui5ArUYVSZWJ5VwDSa2EEpump

🧮 Position PnL
💵 $100 → $500 (PnL +$400)

🚀 VIP members got this signal first. Tap to join",bot,False
solana100xcall,31703,2026-06-05T22:54:47+00:00,https://t.me/solana100xcall/31703,"$KUTHY REACHED 💰+100%💰 AFTER VIP SIGNAL

💰 +100% From Call!
🏠 MCap: $9.7K ➜ $21.9K (ATH) 😎

🎯 Promote your token here. Reach our entire Solana community",bot,False
solana100xcall,31704,2026-06-05T22:56:46+00:00,https://t.me/solana100xcall/31704,"🔥 UPDATE 🔥

$KUTHY REACHED 💰+200%💰 AFTER VIP SIGNAL

💰 +200% From Call!
🏠 MCap: $9.7K ➜ $33.8K (ATH) 😎

CA: 9cEVQL4eTyLvqjoRo4pYUhwJZ6ampRsSxdixCdd6pump

🧮 Position PnL
💵 $100 → $300 (PnL +$200)

🚀 VIP members got this signal first. Tap to join",bot,False
solana100xcall,31705,2026-06-05T22:58:58+00:00,https://t.me/solana100xcall/31705,"🔥 UPDATE 🔥

$KUTHY REACHED 💰+300%💰 AFTER VIP SIGNAL

💰 +300% From Call!
🏠 MCap: $9.7K ➜ $43.0K (ATH) 😎

CA: 9cEVQL4eTyLvqjoRo4pYUhwJZ6ampRsSxdixCdd6pump

🧮 Position PnL
💵 $100 → $400 (PnL +$300)

🚀 VIP members got this signal first. Tap to join",bot,False
solana100xcall,31706,2026-06-05T23:02:40+00:00,https://t.me/solana100xcall/31706,"$SNIPE REACHED 💰+100%💰 AFTER VIP SIGNAL

💰 +100% From Call!
🏠 MCap: $6.7K ➜ $17.7K (ATH) 😎

⚡ Stop watching from the outside. Get VIP access now",bot,False
solana100xcall,31707,2026-06-05T23:05:01+00:00,https://t.me/solana100xcall/31707,"🔥 UPDATE 🔥

$SNIPE REACHED 💰+200%💰 AFTER VIP SIGNAL

💰 +200% From Call!
🏠 MCap: $6.7K ➜ $26.7K (ATH) 😎

CA: 6o96Fw3cmaJPGBan5rhFhQdzhuTy87tFZzJu5Qyfpump

🧮 Position PnL
💵 $100 → $300 (PnL +$200)

⚡ AlphaBot executes instantly. You could have caught this one",bot,False
solana100xcall,31708,2026-06-05T23:07:07+00:00,https://t.me/solana100xcall/31708,"🔥 UPDATE 🔥

$SNIPE REACHED 💰+400%💰 AFTER VIP SIGNAL

💰 +400% From Call!
🏠 MCap: $6.7K ➜ $35.6K (ATH) 😎

CA: 6o96Fw3cmaJPGBan5rhFhQdzhuTy87tFZzJu5Qyfpump

🧮 Position PnL
💵 $100 → $500 (PnL +$400)

🎯 Get in before the next 10x. VIP signals running 24/7",bot,False
solana100xcall,31709,2026-06-05T23:13:27+00:00,https://t.me/solana100xcall/31709,"🔥 UPDATE 🔥

$SNIPE REACHED 💰+700%💰 AFTER VIP SIGNAL

💰 +700% From Call!
🏠 MCap: $6.7K ➜ $54.9K (ATH) 😎

CA: 6o96Fw3cmaJPGBan5rhFhQdzhuTy87tFZzJu5Qyfpump

🧮 Position PnL
💵 $100 → $800 (PnL +$700)

🤖 Auto-buy the next signal before the pump. Set up AlphaBot now",bot,False
solana100xcall,31710,2026-06-05T23:17:54+00:00,https://t.me/solana100xcall/31710,"🔥 UPDATE 🔥

$HONTER REACHED 💰+2000%💰 AFTER VIP SIGNAL

💰 +2000% From Call!
🏠 MCap: $7.2K ➜ $158.0K (ATH) 😎

CA: GFjDh5ULNahwG13TBEsxrszxCKByTv6SCzfdLgWteXqk

🧮 Position PnL
💵 $100 → $2100 (PnL +$2000)

🎯 Get in before the next 10x. VIP signals running 24/7",bot,False
solana100xcall,31711,2026-06-05T23:19:50+00:00,https://t.me/solana100xcall/31711,"🔥 UPDATE 🔥

$HONTER REACHED 💰+2400%💰 AFTER VIP SIGNAL

💰 +2400% From Call!
🏠 MCap: $7.2K ➜ $185.5K (ATH) 😎

CA: GFjDh5ULNahwG13TBEsxrszxCKByTv6SCzfdLgWteXqk

🧮 Position PnL
💵 $100 → $2500 (PnL +$2400)

🎯 Promote your token here. Reach our entire Solana community",bot,False
solana100xcall,31712,2026-06-05T23:21:49+00:00,https://t.me/solana100xcall/31712,"🔥 UPDATE 🔥

$HONTER REACHED 💰+2600%💰 AFTER VIP SIGNAL

💰 +2600% From Call!
🏠 MCap: $7.2K ➜ $195.4K (ATH) 😎

CA: GFjDh5ULNahwG13TBEsxrszxCKByTv6SCzfdLgWteXqk

🧮 Position PnL
💵 $100 → $2700 (PnL +$2600)

🎯 While you watched this pump, AlphaBot already took profit",bot,False
solana100xcall,31713,2026-06-05T23:23:55+00:00,https://t.me/solana100xcall/31713,"🔥 UPDATE 🔥

$HONTER REACHED 💰+3200%💰 AFTER VIP SIGNAL

💰 +3200% From Call!
🏠 MCap: $7.2K ➜ $237.8K (ATH) 😎

CA: GFjDh5ULNahwG13TBEsxrszxCKByTv6SCzfdLgWteXqk

🧮 Position PnL
💵 $100 → $3300 (PnL +$3200)

📢 Advertise your project to 17K+ Solana traders",bot,False
solana100xcall,31714,2026-06-05T23:26:57+00:00,https://t.me/solana100xcall/31714,"$JONESY REACHED 💰+100%💰 AFTER VIP SIGNAL

💰 +100% From Call!
🏠 MCap: $13.9K ➜ $36.2K (ATH) 😎

🤖 Auto-buy the next signal before the pump. Set up AlphaBot now",bot,False
solana100xcall,31715,2026-06-05T23:27:28+00:00,https://t.me/solana100xcall/31715,"🔥 UPDATE 🔥

$HONTER REACHED 💰+3400%💰 AFTER VIP SIGNAL

💰 +3400% From Call!
🏠 MCap: $7.2K ➜ $258.6K (ATH) 😎

CA: GFjDh5ULNahwG13TBEsxrszxCKByTv6SCzfdLgWteXqk

🧮 Position PnL
💵 $100 → $3500 (PnL +$3400)

🔥 This call was VIP only. Get access before the next one",bot,False
solana100xcall,31716,2026-06-05T23:32:20+00:00,https://t.me/solana100xcall/31716,"🔥 UPDATE 🔥

$HONTER REACHED 💰+3600%💰 AFTER VIP SIGNAL

💰 +3600% From Call!
🏠 MCap: $7.2K ➜ $269.6K (ATH) 😎

CA: GFjDh5ULNahwG13TBEsxrszxCKByTv6SCzfdLgWteXqk

🧮 Position PnL
💵 $100 → $3700 (PnL +$3600)

🎯 Promote your token here. Reach our entire Solana community",bot,False
solana100xcall,31717,2026-06-05T23:35:54+00:00,https://t.me/solana100xcall/31717,"🔥 UPDATE 🔥

$HONTER REACHED 💰+3700%💰 AFTER VIP SIGNAL

💰 +3700% From Call!
🏠 MCap: $7.2K ➜ $278.1K (ATH) 😎

CA: GFjDh5ULNahwG13TBEsxrszxCKByTv6SCzfdLgWteXqk

🧮 Position PnL
💵 $100 → $3800 (PnL +$3700)

🔥 This call was VIP only. Get access before the next one",bot,False
solana100xcall,31718,2026-06-05T23:54:35+00:00,https://t.me/solana100xcall/31718,"🔥 UPDATE 🔥

$HONTER REACHED 💰+4000%💰 AFTER VIP SIGNAL

💰 +4000% From Call!
🏠 MCap: $7.2K ➜ $300.8K (ATH) 😎

CA: GFjDh5ULNahwG13TBEsxrszxCKByTv6SCzfdLgWteXqk

🧮 Position PnL
💵 $100 → $4100 (PnL +$4000)

🎯 While you watched this pump, AlphaBot already took profit",bot,False
solana100xcall,31719,2026-06-06T00:00:44+00:00,https://t.me/solana100xcall/31719,"🔥 UPDATE 🔥

$HONTER REACHED 💰+4400%💰 AFTER VIP SIGNAL

💰 +4400% From Call!
🏠 MCap: $7.2K ➜ $324.7K (ATH) 😎

CA: GFjDh5ULNahwG13TBEsxrszxCKByTv6SCzfdLgWteXqk

🧮 Position PnL
💵 $100 → $4500 (PnL +$4400)

⚡ Stop watching from the outside. Get VIP access now",bot,False
solana100xcall,31720,2026-06-06T00:02:56+00:00,https://t.me/solana100xcall/31720,"🔥 UPDATE 🔥

$HONTER REACHED 💰+4700%💰 AFTER VIP SIGNAL

💰 +4700% From Call!
🏠 MCap: $7.2K ➜ $346.3K (ATH) 😎

CA: GFjDh5ULNahwG13TBEsxrszxCKByTv6SCzfdLgWteXqk

🧮 Position PnL
💵 $100 → $4800 (PnL +$4700)

📢 Advertise your project to 17K+ Solana traders",bot,False
solana100xcall,31721,2026-06-06T00:09:48+00:00,https://t.me/solana100xcall/31721,"$PS REACHED 💰+100%💰 AFTER VIP SIGNAL

💰 +100% From Call!
🏠 MCap: $6.9K ➜ $15.0K (ATH) 😎

🎯 While you watched this pump, AlphaBot already took profit",bot,False
solana100xcall,31722,2026-06-06T00:41:12+00:00,https://t.me/solana100xcall/31722,"$BULL REACHED 💰+100%💰 AFTER VIP SIGNAL

💰 +100% From Call!
🏠 MCap: $20.5K ➜ $43.9K (ATH) 😎

⚡ AlphaBot executes instantly. You could have caught this one",bot,False
solana100xcall,31723,2026-06-06T00:45:58+00:00,https://t.me/solana100xcall/31723,"🔥 UPDATE 🔥

$KUTHY REACHED 💰+400%💰 AFTER VIP SIGNAL

💰 +400% From Call!
🏠 MCap: $9.7K ➜ $48.8K (ATH) 😎

CA: 9cEVQL4eTyLvqjoRo4pYUhwJZ6ampRsSxdixCdd6pump

🧮 Position PnL
💵 $100 → $500 (PnL +$400)

⚡ Stop watching from the outside. Get VIP access now",bot,False
solana100xcall,31724,2026-06-06T01:01:40+00:00,https://t.me/solana100xcall/31724,"🔥 UPDATE 🔥

$BULL REACHED 💰+200%💰 AFTER VIP SIGNAL

💰 +200% From Call!
🏠 MCap: $20.5K ➜ $81.8K (ATH) 😎

CA: 3dmNDj7pZBbnAJmqYEtkxFNxL1UdS5zZCuvzXutupump

🧮 Position PnL
💵 $100 → $300 (PnL +$200)

🎯 Get in before the next 10x. VIP signals running 24/7",bot,False
solana100xcall,31725,2026-06-06T02:41:14+00:00,https://t.me/solana100xcall/31725,"$DUCKTATOR REACHED 💰+100%💰 AFTER VIP SIGNAL

💰 +100% From Call!
🏠 MCap: $16.1K ➜ $35.6K (ATH) 😎

📢 Advertise your project to 17K+ Solana traders",bot,False
solana100xcall,31726,2026-06-06T02:44:00+00:00,https://t.me/solana100xcall/31726,"🔥 UPDATE 🔥

$DUCKTATOR REACHED 💰+200%💰 AFTER VIP SIGNAL

💰 +200% From Call!
🏠 MCap: $16.1K ➜ $56.0K (ATH) 😎

CA: 3sQX7fCc5HX7E6iDndPiKjrxkZrmLQvP1P8aYxstpump

🧮 Position PnL
💵 $100 → $300 (PnL +$200)

🔥 This call was VIP only. Get access before the next one",bot,False
solana100xcall,31727,2026-06-06T02:46:55+00:00,https://t.me/solana100xcall/31727,"🔥 UPDATE 🔥

$DUCKTATOR REACHED 💰+300%💰 AFTER VIP SIGNAL

💰 +300% From Call!
🏠 MCap: $16.1K ➜ $71.4K (ATH) 😎

CA: 3sQX7fCc5HX7E6iDndPiKjrxkZrmLQvP1P8aYxstpump

🧮 Position PnL
💵 $100 → $400 (PnL +$300)

📢 Advertise your project to 17K+ Solana traders",bot,False
solana100xcall,31728,2026-06-06T02:51:26+00:00,https://t.me/solana100xcall/31728,"🔥 UPDATE 🔥

$DUCKTATOR REACHED 💰+400%💰 AFTER VIP SIGNAL

💰 +400% From Call!
🏠 MCap: $16.1K ➜ $88.9K (ATH) 😎

CA: 3sQX7fCc5HX7E6iDndPiKjrxkZrmLQvP1P8aYxstpump

🧮 Position PnL
💵 $100 → $500 (PnL +$400)

⚡ Stop watching from the outside. Get VIP access now",bot,False
solana100xcall,31729,2026-06-06T03:02:50+00:00,https://t.me/solana100xcall/31729,"$SB REACHED 💰+100%💰 AFTER VIP SIGNAL

💰 +100% From Call!
🏠 MCap: $12.0K ➜ $28.4K (ATH) 😎

🔥 This call was VIP only. Get access before the next one",bot,False
solana100xcall,31730,2026-06-06T03:03:44+00:00,https://t.me/solana100xcall/31730,"🔥 UPDATE 🔥

$DUCKTATOR REACHED 💰+700%💰 AFTER VIP SIGNAL

💰 +700% From Call!
🏠 MCap: $16.1K ➜ $130.0K (ATH) 😎

CA: 3sQX7fCc5HX7E6iDndPiKjrxkZrmLQvP1P8aYxstpump

🧮 Position PnL
💵 $100 → $800 (PnL +$700)

💎 One membership. Real signals. Real results.",bot,False
solana100xcall,31731,2026-06-06T03:04:47+00:00,https://t.me/solana100xcall/31731,"🔥 UPDATE 🔥

$DUCKTATOR REACHED 💰+800%💰 AFTER VIP SIGNAL

💰 +800% From Call!
🏠 MCap: $16.1K ➜ $146.4K (ATH) 😎

CA: 3sQX7fCc5HX7E6iDndPiKjrxkZrmLQvP1P8aYxstpump

🧮 Position PnL
💵 $100 → $900 (PnL +$800)

🎯 Get in before the next 10x. VIP signals running 24/7",bot,False
solana100xcall,31732,2026-06-06T03:47:20+00:00,https://t.me/solana100xcall/31732,"🔥 UPDATE 🔥

$PARQ REACHED 💰+900%💰 AFTER VIP SIGNAL

💰 +900% From Call!
🏠 MCap: $8.0K ➜ $80.2K (ATH) 😎

CA: VtwGKv7dcpY7aFb8H7MvZfEtUAKwtsHcXSkejCAparq

🧮 Position PnL
💵 $100 → $1000 (PnL +$900)

⭐ Sniper, ALPHA and APEX signals. One membership, five VIP channels",bot,False
solana100xcall,31733,2026-06-06T04:00:12+00:00,https://t.me/solana100xcall/31733,,bot,False
solana100xcall,31734,2026-06-06T04:14:47+00:00,https://t.me/solana100xcall/31734,"🔥 UPDATE 🔥

$PARQ REACHED 💰+1000%💰 AFTER VIP SIGNAL

💰 +1000% From Call!
🏠 MCap: $8.0K ➜ $90.0K (ATH) 😎

CA: VtwGKv7dcpY7aFb8H7MvZfEtUAKwtsHcXSkejCAparq

🧮 Position PnL
💵 $100 → $1100 (PnL +$1000)

🎯 While you watched this pump, AlphaBot already took profit",bot,False
solana100xcall,31735,2026-06-06T04:17:29+00:00,https://t.me/solana100xcall/31735,"$YETZY REACHED 💰+100%💰 AFTER VIP SIGNAL

💰 +100% From Call!
🏠 MCap: $14.0K ➜ $40.9K (ATH) 😎

🔥 This call was VIP only. Get access before the next one",bot,False
solana100xcall,31736,2026-06-06T04:19:31+00:00,https://t.me/solana100xcall/31736,"🔥 UPDATE 🔥

$YETZY REACHED 💰+200%💰 AFTER VIP SIGNAL

💰 +200% From Call!
🏠 MCap: $14.0K ➜ $44.9K (ATH) 😎

CA: 9oGQxSMCoYMkbVbPShqM587cVHUF6UQKVxdvgWbWpump

🧮 Position PnL
💵 $100 → $300 (PnL +$200)

⚡ Stop watching from the outside. Get VIP access now",bot,False
solana100xcall,31737,2026-06-06T04:22:01+00:00,https://t.me/solana100xcall/31737,"🔥 UPDATE 🔥

$PARQ REACHED 💰+1100%💰 AFTER VIP SIGNAL

💰 +1100% From Call!
🏠 MCap: $8.0K ➜ $97.7K (ATH) 😎

CA: VtwGKv7dcpY7aFb8H7MvZfEtUAKwtsHcXSkejCAparq

🧮 Position PnL
💵 $100 → $1200 (PnL +$1100)

⚡ AlphaBot executes instantly. You could have caught this one",bot,False
solana100xcall,31738,2026-06-06T04:31:41+00:00,https://t.me/solana100xcall/31738,"🔥 UPDATE 🔥

$PARQ REACHED 💰+1300%💰 AFTER VIP SIGNAL

💰 +1300% From Call!
🏠 MCap: $8.0K ➜ $116.1K (ATH) 😎

CA: VtwGKv7dcpY7aFb8H7MvZfEtUAKwtsHcXSkejCAparq

🧮 Position PnL
💵 $100 → $1400 (PnL +$1300)

⭐ Sniper, ALPHA and APEX signals. One membership, five VIP channels",bot,False
solana100xcall,31739,2026-06-06T04:35:16+00:00,https://t.me/solana100xcall/31739,"🔥 UPDATE 🔥

$PARQ REACHED 💰+1500%💰 AFTER VIP SIGNAL

💰 +1500% From Call!
🏠 MCap: $8.0K ➜ $134.3K (ATH) 😎

CA: VtwGKv7dcpY7aFb8H7MvZfEtUAKwtsHcXSkejCAparq

🧮 Position PnL
💵 $100 → $1600 (PnL +$1500)

⚡ Stop watching from the outside. Get VIP access now",bot,False
solana100xcall,31740,2026-06-06T04:37:37+00:00,https://t.me/solana100xcall/31740,"🔥 UPDATE 🔥

$PARQ REACHED 💰+1900%💰 AFTER VIP SIGNAL

💰 +1900% From Call!
🏠 MCap: $8.0K ➜ $160.7K (ATH) 😎

CA: VtwGKv7dcpY7aFb8H7MvZfEtUAKwtsHcXSkejCAparq

🧮 Position PnL
💵 $100 → $2000 (PnL +$1900)

🎯 Promote your token here. Reach our entire Solana community",bot,False
solana100xcall,31741,2026-06-06T04:43:39+00:00,https://t.me/solana100xcall/31741,"🔥 UPDATE 🔥

$PARQ REACHED 💰+2000%💰 AFTER VIP SIGNAL

💰 +2000% From Call!
🏠 MCap: $8.0K ➜ $170.3K (ATH) 😎

CA: VtwGKv7dcpY7aFb8H7MvZfEtUAKwtsHcXSkejCAparq

🧮 Position PnL
💵 $100 → $2100 (PnL +$2000)

🤖 Auto-buy the next signal before the pump. Set up AlphaBot now",bot,False
solana100xcall,31742,2026-06-06T04:46:44+00:00,https://t.me/solana100xcall/31742,"$YETZY REACHED 💰+200%💰 AFTER VIP SIGNAL

💰 +200% From Call!
🏠 MCap: $9.7K ➜ $36.2K (ATH) 😎

CA: Fw5Gphk4hV7Vy1gZqmN4grmfXZpJZHhKF232Htgjpump

🧮 Position PnL
💵 $100 → $300 (PnL +$200)

🔥 This call was VIP only. Get access before the next one",bot,False
solana100xcall,31743,2026-06-06T04:48:12+00:00,https://t.me/solana100xcall/31743,"🔥 UPDATE 🔥

$PARQ REACHED 💰+2100%💰 AFTER VIP SIGNAL

💰 +2100% From Call!
🏠 MCap: $8.0K ➜ $178.7K (ATH) 😎

CA: VtwGKv7dcpY7aFb8H7MvZfEtUAKwtsHcXSkejCAparq

🧮 Position PnL
💵 $100 → $2200 (PnL +$2100)

🔥 This call was VIP only. Get access before the next one",bot,False
solana100xcall,31744,2026-06-06T04:50:19+00:00,https://t.me/solana100xcall/31744,"🔥 UPDATE 🔥

$YETZY REACHED 💰+300%💰 AFTER VIP SIGNAL

💰 +300% From Call!
🏠 MCap: $9.7K ➜ $39.5K (ATH) 😎

CA: Fw5Gphk4hV7Vy1gZqmN4grmfXZpJZHhKF232Htgjpump

🧮 Position PnL
💵 $100 → $400 (PnL +$300)

🎯 While you watched this pump, AlphaBot already took profit",bot,False
solana100xcall,31745,2026-06-06T06:37:24+00:00,https://t.me/solana100xcall/31745,"$YETZY REACHED 💰+100%💰 AFTER VIP SIGNAL

💰 +100% From Call!
🏠 MCap: $7.0K ➜ $15.9K (ATH) 😎

🤖 Auto-buy the next signal before the pump. Set up AlphaBot now",bot,False
solana100xcall,31746,2026-06-06T08:28:54+00:00,https://t.me/solana100xcall/31746,"$2JU2 REACHED 💰+100%💰 AFTER VIP SIGNAL

💰 +100% From Call!
🏠 MCap: $12.1K ➜ $25.8K (ATH) 😎

💎 One membership. Real signals. Real results.",bot,False
solana100xcall,31747,2026-06-06T09:35:28+00:00,https://t.me/solana100xcall/31747,"$ZOE REACHED 💰+100%💰 AFTER VIP SIGNAL

💰 +100% From Call!
🏠 MCap: $5.7K ➜ $13.1K (ATH) 😎

🔥 This call was VIP only. Get access before the next one",bot,False
solana100xcall,31748,2026-06-06T09:39:00+00:00,https://t.me/solana100xcall/31748,"🔥 UPDATE 🔥

$ZOE REACHED 💰+200%💰 AFTER VIP SIGNAL

💰 +200% From Call!
🏠 MCap: $5.7K ➜ $17.5K (ATH) 😎

CA: 7oRrQkMjJPNDafQN4WvfRZBWNfu9LAjdAiyxZfFFpump

🧮 Position PnL
💵 $100 → $300 (PnL +$200)

📢 Advertise your project to 17K+ Solana traders",bot,False
solana100xcall,31749,2026-06-06T09:50:58+00:00,https://t.me/solana100xcall/31749,"🔥 UPDATE 🔥

$ZOE REACHED 💰+300%💰 AFTER VIP SIGNAL

💰 +300% From Call!
🏠 MCap: $5.7K ➜ $23.2K (ATH) 😎

CA: 7oRrQkMjJPNDafQN4WvfRZBWNfu9LAjdAiyxZfFFpump

🧮 Position PnL
💵 $100 → $400 (PnL +$300)

💎 One membership. Real signals. Real results.",bot,False
solana100xcall,31750,2026-06-06T10:00:14+00:00,https://t.me/solana100xcall/31750,,bot,False
solana100xcall,31751,2026-06-06T10:07:16+00:00,https://t.me/solana100xcall/31751,"$SIDELINED REACHED 💰+100%💰 AFTER VIP SIGNAL

💰 +100% From Call!
🏠 MCap: $14.8K ➜ $29.9K (ATH) 😎

⚡ Stop watching from the outside. Get VIP access now",bot,False
solana100xcall,31752,2026-06-06T10:14:29+00:00,https://t.me/solana100xcall/31752,"🔥 UPDATE 🔥

$SIDELINED REACHED 💰+200%💰 AFTER VIP SIGNAL

💰 +200% From Call!
🏠 MCap: $14.8K ➜ $47.1K (ATH) 😎

CA: 22srMGQzPxwYv2kDgMzRkejmXYQnkP6pRtwuwuggpump

🧮 Position PnL
💵 $100 → $300 (PnL +$200)

⭐ Sniper, ALPHA and APEX signals. One membership, five VIP channels",bot,False
solana100xcall,31753,2026-06-06T10:56:30+00:00,https://t.me/solana100xcall/31753,"🔥 UPDATE 🔥

$SIDELINED REACHED 💰+300%💰 AFTER VIP SIGNAL

💰 +300% From Call!
🏠 MCap: $14.8K ➜ $60.8K (ATH) 😎

CA: 22srMGQzPxwYv2kDgMzRkejmXYQnkP6pRtwuwuggpump

🧮 Position PnL
💵 $100 → $400 (PnL +$300)

📢 Advertise your project to 17K+ Solana traders",bot,False
solana100xcall,31754,2026-06-06T13:31:14+00:00,https://t.me/solana100xcall/31754,"$TRIPLEJ REACHED 💰+100%💰 AFTER VIP SIGNAL

💰 +100% From Call!
🏠 MCap: $12.7K ➜ $30.8K (ATH) 😎

🤖 Auto-buy the next signal before the pump. Set up AlphaBot now",bot,False
solana100xcall,31755,2026-06-06T13:33:18+00:00,https://t.me/solana100xcall/31755,"🔥 UPDATE 🔥

$TRIPLEJ REACHED 💰+200%💰 AFTER VIP SIGNAL

💰 +200% From Call!
🏠 MCap: $12.7K ➜ $44.3K (ATH) 😎

CA: Dx2D6mU8jXSmV6UefwYvX1B9X62aSMeXnK5tF5XRpump

🧮 Position PnL
💵 $100 → $300 (PnL +$200)

🚀 VIP members got this signal first. Tap to join",bot,False
solana100xcall,31756,2026-06-06T13:35:04+00:00,https://t.me/solana100xcall/31756,"🔥 UPDATE 🔥

$TRIPLEJ REACHED 💰+300%💰 AFTER VIP SIGNAL

💰 +300% From Call!
🏠 MCap: $12.7K ➜ $51.8K (ATH) 😎

CA: Dx2D6mU8jXSmV6UefwYvX1B9X62aSMeXnK5tF5XRpump

🧮 Position PnL
💵 $100 → $400 (PnL +$300)

🎯 While you watched this pump, AlphaBot already took profit",bot,False
solana100xcall,31757,2026-06-06T13:48:22+00:00,https://t.me/solana100xcall/31757,"🔥 UPDATE 🔥

$TRIPLEJ REACHED 💰+500%💰 AFTER VIP SIGNAL

💰 +500% From Call!
🏠 MCap: $12.7K ➜ $77.8K (ATH) 😎

CA: Dx2D6mU8jXSmV6UefwYvX1B9X62aSMeXnK5tF5XRpump

🧮 Position PnL
💵 $100 → $600 (PnL +$500)

🎯 Promote your token here. Reach our entire Solana community",bot,False
solana100xcall,31758,2026-06-06T14:08:54+00:00,https://t.me/solana100xcall/31758,"$cˣ REACHED 💰+100%💰 AFTER VIP SIGNAL

💰 +100% From Call!
🏠 MCap: $6.3K ➜ $15.3K (ATH) 😎

🚀 VIP members got this signal first. Tap to join",bot,False
solana100xcall,31759,2026-06-06T14:10:58+00:00,https://t.me/solana100xcall/31759,"🔥 UPDATE 🔥

$cˣ REACHED 💰+200%💰 AFTER VIP SIGNAL

💰 +200% From Call!
🏠 MCap: $6.3K ➜ $20.8K (ATH) 😎

CA: 4nLg7oLrM91eE72uJt9FmDYyYaKmUnkof6PzFB8spump

🧮 Position PnL
💵 $100 → $300 (PnL +$200)

🎯 Get in before the next 10x. VIP signals running 24/7",bot,False
solana100xcall,31761,2026-06-06T14:41:05+00:00,https://t.me/solana100xcall/31761,"$HONTER REACHED 💰+4900%💰 AFTER VIP SIGNAL

💰 +4900% From Call!
🏠 MCap: $7.2K ➜ $365.5K (ATH) 😎

CA: GFjDh5ULNahwG13TBEsxrszxCKByTv6SCzfdLgWteXqk

🧮 Position PnL
💵 $100 → $5000 (PnL +$4900)

⭐ Sniper, ALPHA and APEX signals. One membership, five VIP channels",bot,False
solana100xcall,31763,2026-06-06T14:59:19+00:00,https://t.me/solana100xcall/31763,,bot,False
solana100xcall,31764,2026-06-06T14:59:45+00:00,https://t.me/solana100xcall/31764,"🚀 $PEGGY — +100% AFTER VIP SIGNAL

🏠 MCap: $12.9K → $30.2K (ATH)

CA: GNoqNk6EhKZNUdUMgcbDx1hcsLa5bJJX4rLhMBEBpump",bot,False
solana100xcall,31765,2026-06-06T15:03:23+00:00,https://t.me/solana100xcall/31765,"🚀 $PEGGY — +200% AFTER VIP SIGNAL

🏠 MCap: $12.9K → $40.4K (ATH)

CA: GNoqNk6EhKZNUdUMgcbDx1hcsLa5bJJX4rLhMBEBpump",bot,False
solana100xcall,31770,2026-06-06T15:17:27+00:00,https://t.me/solana100xcall/31770,"🚀 $HIDEN 💰 +100% AFTER VIP SIGNAL

📊 $26.9K → $59.9K 🏆 ATH

CA: D9fKWztdSboZyFraJgJ7AjjZsLUCFLz1M4LPt55Fpump",bot,False
solana100xcall,31789,2026-06-06T15:24:20+00:00,https://t.me/solana100xcall/31789,"💳 DEX PAID — ???

📛 Unknown
💰 MCap: N/A | 💧 Liq: N/A
👥 Holders: N/A

CA: eXKdoVXQ7qgZUhiHENhFcDmzfThbuS4nWoaZW24hWmp",bot,False
solana100xcall,31793,2026-06-06T15:26:15+00:00,https://t.me/solana100xcall/31793,"🚀 $HONTER 💰 +200% AFTER VIP SIGNAL

📊 $12.3K → $41.0K 🏆 ATH

CA: 5KTMAT9JtzQhrrPnt2J91aTGBDmfTyrwwMjS9ZzYpump",bot,False
solana100xcall,31811,2026-06-06T15:51:41+00:00,https://t.me/solana100xcall/31811,"🚀 $SMOKEFLEET 💰 +400% AFTER VIP SIGNAL

📊 $13.2K → $71.1K 🏆 ATH

CA: 19bzpXc3mjRyzLYeF4gS2JznLZyVEnAQ8zGVLUrpump",bot,False
solana100xcall,31812,2026-06-06T16:00:13+00:00,https://t.me/solana100xcall/31812,,bot,False
solana100xcall,31813,2026-06-06T16:05:35+00:00,https://t.me/solana100xcall/31813,"🚀 $SMOKEFLEET 💰 +500% AFTER VIP SIGNAL

📊 $13.2K → $90.3K 🏆 ATH

CA: 19bzpXc3mjRyzLYeF4gS2JznLZyVEnAQ8zGVLUrpump",bot,False
solana100xcall,31814,2026-06-06T16:07:28+00:00,https://t.me/solana100xcall/31814,"🚀 $SMOKEFLEET 💰 +700% AFTER VIP SIGNAL

📊 $13.2K → $115.6K 🏆 ATH

CA: 19bzpXc3mjRyzLYeF4gS2JznLZyVEnAQ8zGVLUrpump",bot,False
solana100xcall,31815,2026-06-06T16:12:45+00:00,https://t.me/solana100xcall/31815,"🚀 $SMOKEFLEET 💰 +800% AFTER VIP SIGNAL

📊 $13.2K → $120.8K 🏆 ATH

CA: 19bzpXc3mjRyzLYeF4gS2JznLZyVEnAQ8zGVLUrpump",bot,False
solana100xcall,31816,2026-06-06T16:22:08+00:00,https://t.me/solana100xcall/31816,"🚀 $WCB 💰 +100% AFTER VIP SIGNAL

📊 $13.9K → $35.5K 🏆 ATH

CA: CeVKtv6XtESx1K6woNFj6Jb5tL3fB1kjsAY7QLzQTWCP",bot,False
solana100xcall,31817,2026-06-06T16:24:58+00:00,https://t.me/solana100xcall/31817,"🚀 $WCB 💰 +200% AFTER VIP SIGNAL

📊 $13.9K → $45.5K 🏆 ATH

CA: CeVKtv6XtESx1K6woNFj6Jb5tL3fB1kjsAY7QLzQTWCP",bot,False
solana100xcall,31818,2026-06-06T16:27:01+00:00,https://t.me/solana100xcall/31818,"🚀 $WCB 💰 +300% AFTER VIP SIGNAL

📊 $13.9K → $58.0K 🏆 ATH

CA: CeVKtv6XtESx1K6woNFj6Jb5tL3fB1kjsAY7QLzQTWCP",bot,False
solana100xcall,31819,2026-06-06T16:28:10+00:00,https://t.me/solana100xcall/31819,"🚀 $WCB 💰 +500% AFTER VIP SIGNAL

📊 $13.9K → $94.7K 🏆 ATH

CA: CeVKtv6XtESx1K6woNFj6Jb5tL3fB1kjsAY7QLzQTWCP",bot,False
solana100xcall,31820,2026-06-06T16:30:36+00:00,https://t.me/solana100xcall/31820,"🚀 $WCB 💰 +600% AFTER VIP SIGNAL

📊 $13.9K → $107.2K 🏆 ATH

CA: CeVKtv6XtESx1K6woNFj6Jb5tL3fB1kjsAY7QLzQTWCP",bot,False
solana100xcall,31821,2026-06-06T16:34:12+00:00,https://t.me/solana100xcall/31821,"🚀 $WCB 💰 +900% AFTER VIP SIGNAL

📊 $13.9K → $141.3K 🏆 ATH

CA: CeVKtv6XtESx1K6woNFj6Jb5tL3fB1kjsAY7QLzQTWCP",bot,False
solana100xcall,31822,2026-06-06T17:14:25+00:00,https://t.me/solana100xcall/31822,"🚀 $PARQ 💰 +2300% AFTER VIP SIGNAL

📊 $8.0K → $194.3K 🏆 ATH

CA: VtwGKv7dcpY7aFb8H7MvZfEtUAKwtsHcXSkejCAparq",bot,False
solana100xcall,31823,2026-06-06T17:14:41+00:00,https://t.me/solana100xcall/31823,"🚀 $WCB 💰 +1000% AFTER VIP SIGNAL

📊 $13.9K → $156.5K 🏆 ATH

CA: CeVKtv6XtESx1K6woNFj6Jb5tL3fB1kjsAY7QLzQTWCP",bot,False
solana100xcall,31824,2026-06-06T17:24:01+00:00,https://t.me/solana100xcall/31824,"🚀 $PARQ 💰 +2400% AFTER VIP SIGNAL

📊 $8.0K → $205.1K 🏆 ATH

CA: VtwGKv7dcpY7aFb8H7MvZfEtUAKwtsHcXSkejCAparq",bot,False
solana100xcall,31825,2026-06-06T17:25:29+00:00,https://t.me/solana100xcall/31825,"🚀 $WCB 💰 +1100% AFTER VIP SIGNAL

📊 $13.9K → $167.3K 🏆 ATH

CA: CeVKtv6XtESx1K6woNFj6Jb5tL3fB1kjsAY7QLzQTWCP",bot,False
solana100xcall,31826,2026-06-06T17:27:40+00:00,https://t.me/solana100xcall/31826,"🚀 $PARQ 💰 +2500% AFTER VIP SIGNAL

📊 $8.0K → $211.8K 🏆 ATH

CA: VtwGKv7dcpY7aFb8H7MvZfEtUAKwtsHcXSkejCAparq",bot,False
solana100xcall,31827,2026-06-06T17:34:12+00:00,https://t.me/solana100xcall/31827,"🚀 $PARQ 💰 +2600% AFTER VIP SIGNAL

📊 $8.0K → $218.3K 🏆 ATH

CA: VtwGKv7dcpY7aFb8H7MvZfEtUAKwtsHcXSkejCAparq",bot,False
solana100xcall,31828,2026-06-06T18:19:31+00:00,https://t.me/solana100xcall/31828,"🚀 $PARQ 💰 +2700% AFTER VIP SIGNAL

📊 $8.0K → $231.2K 🏆 ATH

CA: VtwGKv7dcpY7aFb8H7MvZfEtUAKwtsHcXSkejCAparq",bot,False
solana100xcall,31829,2026-06-06T18:22:33+00:00,https://t.me/solana100xcall/31829,"🚀 $PARQ 💰 +3200% AFTER VIP SIGNAL

📊 $8.0K → $266.4K 🏆 ATH

CA: VtwGKv7dcpY7aFb8H7MvZfEtUAKwtsHcXSkejCAparq",bot,False
solana100xcall,31830,2026-06-06T18:23:39+00:00,https://t.me/solana100xcall/31830,"🚀 $PARQ 💰 +2900% AFTER VIP SIGNAL

📊 $8.0K → $244.8K 🏆 ATH

CA: VtwGKv7dcpY7aFb8H7MvZfEtUAKwtsHcXSkejCAparq",bot,False
solana100xcall,31831,2026-06-06T18:26:18+00:00,https://t.me/solana100xcall/31831,"🚀 $PARQ 💰 +3700% AFTER VIP SIGNAL

📊 $8.0K → $306.0K 🏆 ATH

CA: VtwGKv7dcpY7aFb8H7MvZfEtUAKwtsHcXSkejCAparq",bot,False
solana100xcall,31832,2026-06-06T18:26:49+00:00,https://t.me/solana100xcall/31832,"🚀 $PARQ 💰 +3400% AFTER VIP SIGNAL

📊 $8.0K → $282.4K 🏆 ATH

CA: VtwGKv7dcpY7aFb8H7MvZfEtUAKwtsHcXSkejCAparq",bot,False
solana100xcall,31833,2026-06-06T18:30:35+00:00,https://t.me/solana100xcall/31833,"🚀 $PARQ 💰 +4300% AFTER VIP SIGNAL

📊 $8.0K → $358.0K 🏆 ATH

CA: VtwGKv7dcpY7aFb8H7MvZfEtUAKwtsHcXSkejCAparq",bot,False
solana100xcall,31834,2026-06-06T18:31:18+00:00,https://t.me/solana100xcall/31834,"🚀 $PARQ 💰 +4400% AFTER VIP SIGNAL

📊 $8.0K → $360.6K 🏆 ATH

CA: VtwGKv7dcpY7aFb8H7MvZfEtUAKwtsHcXSkejCAparq",bot,False
solana100xcall,31835,2026-06-06T18:49:58+00:00,https://t.me/solana100xcall/31835,"🚀 $PARQ 💰 +4700% AFTER VIP SIGNAL

📊 $8.0K → $388.3K 🏆 ATH

CA: VtwGKv7dcpY7aFb8H7MvZfEtUAKwtsHcXSkejCAparq",bot,False
solana100xcall,31836,2026-06-06T18:51:54+00:00,https://t.me/solana100xcall/31836,"🚀 $PARQ 💰 +5000% AFTER VIP SIGNAL

📊 $8.0K → $413.2K 🏆 ATH

CA: VtwGKv7dcpY7aFb8H7MvZfEtUAKwtsHcXSkejCAparq",bot,False
solana100xcall,31837,2026-06-06T18:58:15+00:00,https://t.me/solana100xcall/31837,"🚀 $PARQ 💰 +5200% AFTER VIP SIGNAL

📊 $8.0K → $425.9K 🏆 ATH

CA: VtwGKv7dcpY7aFb8H7MvZfEtUAKwtsHcXSkejCAparq",bot,False
solana100xcall,31838,2026-06-06T19:00:19+00:00,https://t.me/solana100xcall/31838,"🚀 $PARQ 💰 +5600% AFTER VIP SIGNAL

📊 $8.0K → $460.4K 🏆 ATH

CA: VtwGKv7dcpY7aFb8H7MvZfEtUAKwtsHcXSkejCAparq",bot,False
solana100xcall,31839,2026-06-06T19:06:46+00:00,https://t.me/solana100xcall/31839,"🚀 $PARQ 💰 +5800% AFTER VIP SIGNAL

📊 $8.0K → $473.2K 🏆 ATH

CA: VtwGKv7dcpY7aFb8H7MvZfEtUAKwtsHcXSkejCAparq",bot,False
solana100xcall,31840,2026-06-06T19:08:44+00:00,https://t.me/solana100xcall/31840,"🚀 $PARQ 💰 +5900% AFTER VIP SIGNAL

📊 $8.0K → $484.8K 🏆 ATH

CA: VtwGKv7dcpY7aFb8H7MvZfEtUAKwtsHcXSkejCAparq",bot,False
solana100xcall,31841,2026-06-06T20:05:18+00:00,https://t.me/solana100xcall/31841,"🦅 DEX PAID ALERT

Hunter Biden 2028 — $Hunter
💰 MCap: $10.8K | 📊 Vol 24h: $25.3K

CA: 681PQdn8VZ27GZ7S6TChucr6F7tL2DvAkvNnnX8Lpump",bot,False
solana100xcall,31842,2026-06-06T20:06:18+00:00,https://t.me/solana100xcall/31842,"🦅 DEX PAID ALERT

Internet Money — $INTERNET
💰 MCap: $17.8K | 📊 Vol 24h: $46.3K

CA: Cdqjbx2os1admzEogij5d42SKEZdAYYoSNqazpVYpump",bot,False
solana100xcall,31843,2026-06-06T20:08:48+00:00,https://t.me/solana100xcall/31843,"🦅 DEX PAID ALERT

The Meme God — $Micromeme
💰 MCap: $22.8K | 📊 Vol 24h: $7.7K

CA: 4t7qooQxXRrKutJKwUpkhCFWCjsLH6KENGpShaZxpump",bot,False
solana100xcall,31844,2026-06-06T20:10:48+00:00,https://t.me/solana100xcall/31844,"🦅 DEX PAID ALERT

Easy Money — $EASY
💰 MCap: $18.5K | 📊 Vol 24h: $41.6K

CA: FfPHKM35EtUdF4oCnBuHL9YhHpMss3R8Qx4UAzKJpump",bot,False
solana100xcall,31845,2026-06-06T20:18:18+00:00,https://t.me/solana100xcall/31845,"🦅 DEX PAID ALERT

REPLY — $REPLY
💰 MCap: $26.3K | 📊 Vol 24h: $37.3K

CA: 4UdPeZD7iEt3ccUoiwgTHbkh5Ymbqkxzjk4Gxkttpump",bot,False
solana100xcall,31846,2026-06-06T20:21:48+00:00,https://t.me/solana100xcall/31846,"🦅 DEX PAID ALERT

Easy Money — $Easy
💰 MCap: $13.3K | 📊 Vol 24h: $71.1K

CA: 7PYyXfiFmXourUFQxdZPT58pRLjkKQP6w1Coue8vpump",bot,False
solana100xcall,31847,2026-06-06T20:26:18+00:00,https://t.me/solana100xcall/31847,"🦅 DEX PAID ALERT

SPCX — $SPCX
💰 MCap: $4.0M | 📊 Vol 24h: $114

CA: SpcXnpKQ2HTE2H68BiyGLmHy4iMgME9edp64gwoCu3G",bot,False
solana100xcall,31848,2026-06-06T20:43:18+00:00,https://t.me/solana100xcall/31848,"🦅 DEX PAID ALERT

RightCoin — $Right
💰 MCap: $5.3K | 📊 Vol 24h: $23.4K

CA: 7b4SSjQqpQQLfGPEdgwAqtunWRG6gBnyCv4KY8RHpump",bot,False
solana100xcall,31849,2026-06-06T20:43:48+00:00,https://t.me/solana100xcall/31849,"🦅 DEX PAID ALERT

old money — $oldmoney
💰 MCap: $12.9K | 📊 Vol 24h: $17.8K

CA: 9Lx4rWcVo5WTG9XtmGSbUhG8c4JpNffUvdJX3ceHpump",bot,False
solana100xcall,31850,2026-06-06T20:43:48+00:00,https://t.me/solana100xcall/31850,"🦅 DEX PAID ALERT

Degen Money — $DEGEN
💰 MCap: $2.0K | 📊 Vol 24h: $48.3K

CA: VfNoebNgtVgQtyezdtfTVdSDH6Duxpe9swsnbeupump",bot,False
solana100xcall,31851,2026-06-06T20:44:18+00:00,https://t.me/solana100xcall/31851,"🦅 DEX PAID ALERT

Fuck You Money — $FuckYou
💰 MCap: $19.3K | 📊 Vol 24h: $56.0K

CA: 8JH9gq9CL92FuJSsLhSmAtyraRejHevJVU75UG9Hpump",bot,False
solana100xcall,31852,2026-06-06T20:44:18+00:00,https://t.me/solana100xcall/31852,"🦅 DEX PAID ALERT

ted — $ted
💰 MCap: $5.0K | 📊 Vol 24h: $56.4K

CA: 7iHwcD8PRdkSE3iDQmHVKbxMbuemR9msJt13ii6Kpump",bot,False
solana100xcall,31853,2026-06-06T20:47:48+00:00,https://t.me/solana100xcall/31853,"🦅 DEX PAID ALERT

MIAU — $MIAU
💰 MCap: $178.0K | 📊 Vol 24h: $9.4K

CA: 3HRZjzdZTfS6HEG5ECcewXvXjpzSf9i7VkczpHJtpump",bot,False
solana100xcall,31854,2026-06-06T20:53:18+00:00,https://t.me/solana100xcall/31854,"🦅 DEX PAID ALERT

Artcoin — $ART
💰 MCap: $8.1K | 📊 Vol 24h: $39.7K

CA: bPXVutz1WtKij81ENA1CiB6KBpncXnGFY447cQPkART",bot,False
solana100xcall,31855,2026-06-06T21:03:49+00:00,https://t.me/solana100xcall/31855,"🦅 DEX PAID ALERT

No Money — $Money
💰 MCap: $2.4K | 📊 Vol 24h: $114.3K

CA: 8QUt8CsFf5YNAC5EYtX6LUo2tsvksqQgorQ3UM53pump",bot,False
solana100xcall,31856,2026-06-06T21:03:49+00:00,https://t.me/solana100xcall/31856,"🦅 DEX PAID ALERT

No Money — $Money
💰 MCap: $7.7K | 📊 Vol 24h: $53.5K

CA: 6Audcwo8yxtZ3opVtMrdaHLMoE5e2MSCUcDYdvGMFVqp",bot,False
solana100xcall,31857,2026-06-06T21:04:03+00:00,https://t.me/solana100xcall/31857,"🚀 $GASCOIN 💰 +100% AFTER VIP SIGNAL

📊 $16.4K → $38.9K 🏆 ATH

CA: BkgoRXBQRWUCtH7JkwrXi6ouvGtimbsgrYVZVidAdDpL",bot,False
solana100xcall,31858,2026-06-06T21:04:18+00:00,https://t.me/solana100xcall/31858,"🦅 DEX PAID ALERT

PV=nRT — $GASCOIN
💰 MCap: $32.2K | 📊 Vol 24h: $83.4K

CA: BkgoRXBQRWUCtH7JkwrXi6ouvGtimbsgrYVZVidAdDpL",bot,False
solana100xcall,31859,2026-06-06T21:04:18+00:00,https://t.me/solana100xcall/31859,"🦅 DEX PAID ALERT

No Money — $Money
💰 MCap: $6.4K | 📊 Vol 24h: $94.0K

CA: BUwVMBLYEWTdALPXLcCzhcvEnWk5G2jY9SnTsKQEpump",bot,False
solana100xcall,31860,2026-06-06T21:07:37+00:00,https://t.me/solana100xcall/31860,"🚀 $GASCOIN 💰 +300% AFTER VIP SIGNAL

📊 $16.4K → $65.9K 🏆 ATH

CA: BkgoRXBQRWUCtH7JkwrXi6ouvGtimbsgrYVZVidAdDpL",bot,False
solana100xcall,31861,2026-06-06T21:08:33+00:00,https://t.me/solana100xcall/31861,"🦅 DEX PAID ALERT

Ben's Last Ape — $LASTAPE
💰 MCap: $290.9K | 📊 Vol 24h: $577.9K

CA: tkRePQgX2H3a4dogcmYaPNpJ5rP34F5mmChGpHrpump",bot,False
solana100xcall,31862,2026-06-06T21:09:33+00:00,https://t.me/solana100xcall/31862,"🦅 DEX PAID ALERT

No Money — $Money
💰 MCap: $7.7K | 📊 Vol 24h: $13.6K

CA: Adu5hgMU7ZDdhSJCTm9cyfap25beXfuQskr8Zyaipump",bot,False
solana100xcall,31863,2026-06-06T21:15:03+00:00,https://t.me/solana100xcall/31863,"🦅 DEX PAID ALERT

Donkey Climb Arcade — $donkey
💰 MCap: $90.9K | 📊 Vol 24h: $69.4K

CA: 6Ezr7kDwttxbLg1nhscw9XC1jpEm21Q5sDpxFyZ9pump",bot,False
solana100xcall,31864,2026-06-06T21:17:03+00:00,https://t.me/solana100xcall/31864,"🦅 DEX PAID ALERT

Internet Capital Markets — $ICM
💰 MCap: $17.6K | 📊 Vol 24h: $32.2K

CA: C6ug1ouhF5mJdBP7Vd3UzDcTMPprsSUoLuGQL8MPpump",bot,False
solana100xcall,31865,2026-06-06T21:22:33+00:00,https://t.me/solana100xcall/31865,"🦅 DEX PAID ALERT

Get A Job — $JOB
💰 MCap: $50.2K | 📊 Vol 24h: $26.6K

CA: 2SAwGWW71LiH3hPrTZ2SesuzmRyDYo2hcJNDPHGdpump",bot,False
solana100xcall,31866,2026-06-06T21:22:34+00:00,https://t.me/solana100xcall/31866,"🦅 DEX PAID ALERT

Time Cube — $CUBE
💰 MCap: $9.9K | 📊 Vol 24h: $20.2K

CA: J87kZKXnxMqyz656Kt4EmVTDDapE9bJNirzJ3akipump",bot,False
solana100xcall,31867,2026-06-06T21:24:03+00:00,https://t.me/solana100xcall/31867,"🦅 DEX PAID ALERT

FREE — $Free Money
💰 MCap: $20.5K | 📊 Vol 24h: $42.5K

CA: 61kgMRLszyCwPqDf4zVjyTjbq6mHyTSociQ1F4DApump",bot,False
solana100xcall,31868,2026-06-06T21:30:04+00:00,https://t.me/solana100xcall/31868,"🦅 DEX PAID ALERT

ちくわ — $Chikuwa-Kun
💰 MCap: $13.8K | 📊 Vol 24h: $39.3K

CA: 9M9FKSWdCVFN8GVTqhZ89hBxwoAKd8xxBezP6P1Ypump",bot,False
solana100xcall,31869,2026-06-06T21:35:04+00:00,https://t.me/solana100xcall/31869,"🦅 DEX PAID ALERT

FullyEngagedAgainstRecovery — $FEAR
💰 MCap: $8.5K | 📊 Vol 24h: $35.5K

CA: 6psXxhJGj2SQ6rWajgUkSE1rtj3BMC415MauWEcGpump",bot,False
solana100xcall,31870,2026-06-06T21:35:11+00:00,https://t.me/solana100xcall/31870,"🚀 $SMOKEFLEET 💰 +900% AFTER VIP SIGNAL

📊 $13.2K → $133.1K 🏆 ATH

CA: 19bzpXc3mjRyzLYeF4gS2JznLZyVEnAQ8zGVLUrpump",bot,False
solana100xcall,31871,2026-06-06T21:38:04+00:00,https://t.me/solana100xcall/31871,"🦅 DEX PAID ALERT

Meme Money — $MEME
💰 MCap: $9.6K | 📊 Vol 24h: $34.7K

CA: 31rTjGMUX91LfZwAqeJo1xaCTcnibvgTehxLaRMRpump",bot,False
solana100xcall,31872,2026-06-06T21:52:04+00:00,https://t.me/solana100xcall/31872,"🦅 DEX PAID ALERT

Solana ranks first — $First
💰 MCap: $350.2K | 📊 Vol 24h: $375.9K

CA: 12JPYuF5tvXbCPy7KLmEoqB53Mbpxre2L6yCteXEpump",bot,False
solana100xcall,31873,2026-06-06T21:52:34+00:00,https://t.me/solana100xcall/31873,"🦅 DEX PAID ALERT

Underwater Data Center — $UDC
💰 MCap: $12.1K | 📊 Vol 24h: $25.7K

CA: 2adcdqZedrHJBRSmoSgagENAsuiLjpxCgDcEsY4Vpump",bot,False
solana100xcall,31874,2026-06-06T21:55:34+00:00,https://t.me/solana100xcall/31874,"🦅 DEX PAID ALERT

Boop — $BOOP
💰 MCap: $8.0K | 📊 Vol 24h: $9.8K

CA: D5qTvMei8R2AXHM2a8SLU72aYbD51e4Bcr2axZZupump",bot,False
solana100xcall,31875,2026-06-06T22:00:13+00:00,https://t.me/solana100xcall/31875,,bot,False
solana100xcall,31876,2026-06-06T22:04:04+00:00,https://t.me/solana100xcall/31876,"🦅 DEX PAID ALERT

Bullshit Fantasy Coin — $BSCOIN
💰 MCap: $21.5K | 📊 Vol 24h: $25.4K

CA: qTfpTc5YvvagwbMYG2UHE2V86TmecUXPtqGXaEppump",bot,False
solana100xcall,31877,2026-06-06T22:10:34+00:00,https://t.me/solana100xcall/31877,"🦅 DEX PAID ALERT

Hunter Biden 2028 — $HUNTER
💰 MCap: $53.9K | 📊 Vol 24h: $148.6K

CA: 8y7osHxMeB9xoiNjh5LqoMrmbdeGdyayJ44vvZ8Spump",bot,False
solana100xcall,31878,2026-06-06T22:10:34+00:00,https://t.me/solana100xcall/31878,"🦅 DEX PAID ALERT

Blud — $BLUD
💰 MCap: $7.7K | 📊 Vol 24h: $29.5K

CA: DyT2NLWnhB1fZobixWrhfQtCVKUrE1SjQSuakCQ1pump",bot,False
solana100xcall,31879,2026-06-06T22:14:04+00:00,https://t.me/solana100xcall/31879,"🦅 DEX PAID ALERT

Fast Money — $fastmoney
💰 MCap: $9.5K | 📊 Vol 24h: $12.2K

CA: 2fGpWR7MEnkAR6wF3Q9FL9doSYh5i4sd8oPWNGA3pump",bot,False
solana100xcall,31880,2026-06-06T22:14:04+00:00,https://t.me/solana100xcall/31880,"🦅 DEX PAID ALERT

VENOM.EXE — $VENOM.EXE
💰 MCap: $98.6K | 📊 Vol 24h: $190.4K

CA: FB4WMLuN9fWiLwc5cN1ZvshizgPjjJYa5i7YU4KCpump",bot,False
solana100xcall,31881,2026-06-06T22:23:04+00:00,https://t.me/solana100xcall/31881,"🦅 DEX PAID ALERT

DAHBIHTUH — $DBT
💰 MCap: $63.4K | 📊 Vol 24h: $39.6K

CA: 5cMcYeG4PSebuurzSpW1C36igxTyV3WaGhzUEFmppump",bot,False
solana100xcall,31882,2026-06-06T22:24:34+00:00,https://t.me/solana100xcall/31882,"🦅 DEX PAID ALERT

United Account Trust Fund — $UATF
💰 MCap: $86.5K | 📊 Vol 24h: $156.8K

CA: UATFvJr2f2LxryeViMHECL9jmXtMZqYEjtu1ppV3oEQ",bot,False
solana100xcall,31883,2026-06-06T22:30:04+00:00,https://t.me/solana100xcall/31883,"🦅 DEX PAID ALERT

SIDECOIN — $SIDECOIN
💰 MCap: $6.3K | 📊 Vol 24h: $16.3K

CA: EYnBsBb6Dx3ZtWYGhTuVhJCNYxGuV8MzSAXRdwv6pump",bot,False
solana100xcall,31884,2026-06-06T22:33:04+00:00,https://t.me/solana100xcall/31884,"🦅 DEX PAID ALERT

don't care anymore — $dca
💰 MCap: $13.1K | 📊 Vol 24h: $55.3K

CA: AQ37Epit6TRabS2fwT8DDtWz9ppFSK8RgKGTxHzLYN8Z",bot,False
solana100xcall,31885,2026-06-06T22:34:01+00:00,https://t.me/solana100xcall/31885,"🚀 $DCA 💰 +100% AFTER VIP SIGNAL

📊 $9.1K → $19.2K 🏆 ATH

CA: AQ37Epit6TRabS2fwT8DDtWz9ppFSK8RgKGTxHzLYN8Z",bot,False
solana100xcall,31886,2026-06-06T22:37:37+00:00,https://t.me/solana100xcall/31886,"🚀 $DCA 💰 +200% AFTER VIP SIGNAL

📊 $9.1K → $34.5K 🏆 ATH

CA: AQ37Epit6TRabS2fwT8DDtWz9ppFSK8RgKGTxHzLYN8Z",bot,False
solana100xcall,31887,2026-06-06T22:38:22+00:00,https://t.me/solana100xcall/31887,"🚀 $SHATTERPROOF 💰 +100% AFTER VIP SIGNAL

📊 $15.8K → $41.8K 🏆 ATH

CA: 3rZcNpM2Viub5G7kyX6ssQzaBeGoy7KUk2pYqhcqYKpZ",bot,False
solana100xcall,31888,2026-06-06T22:38:34+00:00,https://t.me/solana100xcall/31888,"🦅 DEX PAID ALERT

Mog Coin — $MOG
💰 MCap: $7.1K | 📊 Vol 24h: $43.3K

CA: 4YGDAXTuSxXkEzs1VoKXHgxcVfFVdQyihV8VEAgFpump",bot,False
solana100xcall,31889,2026-06-06T22:41:04+00:00,https://t.me/solana100xcall/31889,"🦅 DEX PAID ALERT

Shatterproof — $Shatterproof
💰 MCap: $32.1K | 📊 Vol 24h: $196.6K

CA: 3rZcNpM2Viub5G7kyX6ssQzaBeGoy7KUk2pYqhcqYKpZ",bot,False
solana100xcall,31890,2026-06-06T22:50:42+00:00,https://t.me/solana100xcall/31890,"🚀 $ZOO 💰 +100% AFTER VIP SIGNAL

📊 $5.3K → $12.9K 🏆 ATH

CA: E2oecxpiXHyoYYs6hsFt1D2MaZ9VMs8AzHV9HKrzpump",bot,False
solana100xcall,31891,2026-06-06T22:52:04+00:00,https://t.me/solana100xcall/31891,"🦅 DEX PAID ALERT

Sealed Cat — $SCAT
💰 MCap: $8.2K | 📊 Vol 24h: $28.3K

CA: 3H77cq4exAzvmH6q8cVKXawst8NZFwqvDTR4VPiApump",bot,False
solana100xcall,31892,2026-06-06T22:52:43+00:00,https://t.me/solana100xcall/31892,"🚀 $ZOO 💰 +300% AFTER VIP SIGNAL

📊 $5.3K → $24.6K 🏆 ATH

CA: E2oecxpiXHyoYYs6hsFt1D2MaZ9VMs8AzHV9HKrzpump",bot,False
solana100xcall,31893,2026-06-06T22:54:40+00:00,https://t.me/solana100xcall/31893,"🚀 $ZOO 💰 +600% AFTER VIP SIGNAL

📊 $5.3K → $37.7K 🏆 ATH

CA: E2oecxpiXHyoYYs6hsFt1D2MaZ9VMs8AzHV9HKrzpump",bot,False
solana100xcall,31894,2026-06-06T22:55:04+00:00,https://t.me/solana100xcall/31894,"🦅 DEX PAID ALERT

Long Term Crypto — $LTC
💰 MCap: $80.2K | 📊 Vol 24h: $16.4K

CA: 5rWp6dAKcxJxEZtW4FH5R371ymsGq25NxtfexYRapump",bot,False
solana100xcall,31895,2026-06-06T22:56:45+00:00,https://t.me/solana100xcall/31895,"🚀 $ZOO 💰 +700% AFTER VIP SIGNAL

📊 $5.3K → $45.4K 🏆 ATH

CA: E2oecxpiXHyoYYs6hsFt1D2MaZ9VMs8AzHV9HKrzpump",bot,False
solana100xcall,31896,2026-06-06T22:58:34+00:00,https://t.me/solana100xcall/31896,"🦅 DEX PAID ALERT

Help Nashville Zoo — $ZOO
💰 MCap: $63.0K | 📊 Vol 24h: $87.7K

CA: E2oecxpiXHyoYYs6hsFt1D2MaZ9VMs8AzHV9HKrzpump",bot,False
solana100xcall,31897,2026-06-06T22:58:35+00:00,https://t.me/solana100xcall/31897,"🦅 DEX PAID ALERT

Internet Money — $IM
💰 MCap: $16.0K | 📊 Vol 24h: $25.8K

CA: B8cZ6j1MmvGPfYFYosUNDZ3pkK2yvVzs7BvEGvgGpump",bot,False
solana100xcall,31898,2026-06-06T22:59:10+00:00,https://t.me/solana100xcall/31898,"🚀 $ZOO 💰 +1000% AFTER VIP SIGNAL

📊 $5.3K → $63.0K 🏆 ATH

CA: E2oecxpiXHyoYYs6hsFt1D2MaZ9VMs8AzHV9HKrzpump",bot,False
solana100xcall,31899,2026-06-06T23:01:34+00:00,https://t.me/solana100xcall/31899,"🚀 $ZOO 💰 +1100% AFTER VIP SIGNAL

📊 $5.3K → $68.7K 🏆 ATH

CA: E2oecxpiXHyoYYs6hsFt1D2MaZ9VMs8AzHV9HKrzpump",bot,False
solana100xcall,31900,2026-06-06T23:03:04+00:00,https://t.me/solana100xcall/31900,"🦅 DEX PAID ALERT

RESTORE THE PHOTO — $PHOTO
💰 MCap: $27.7K | 📊 Vol 24h: $21.3K

CA: BgJb11D5NG9h8hTxDxxSnFZ3xMns5XeC1trY4kBSpump",bot,False
solana100xcall,31901,2026-06-06T23:06:17+00:00,https://t.me/solana100xcall/31901,"🚀 $ZOO 💰 +1700% AFTER VIP SIGNAL

📊 $5.3K → $97.3K 🏆 ATH

CA: E2oecxpiXHyoYYs6hsFt1D2MaZ9VMs8AzHV9HKrzpump",bot,False
solana100xcall,31902,2026-06-06T23:08:22+00:00,https://t.me/solana100xcall/31902,"🚀 $ZOO 💰 +1800% AFTER VIP SIGNAL

📊 $5.3K → $105.2K 🏆 ATH

CA: E2oecxpiXHyoYYs6hsFt1D2MaZ9VMs8AzHV9HKrzpump",bot,False
solana100xcall,31903,2026-06-06T23:10:18+00:00,https://t.me/solana100xcall/31903,"🚀 $ZOO 💰 +2000% AFTER VIP SIGNAL

📊 $5.3K → $115.9K 🏆 ATH

CA: E2oecxpiXHyoYYs6hsFt1D2MaZ9VMs8AzHV9HKrzpump",bot,False
solana100xcall,31904,2026-06-06T23:12:04+00:00,https://t.me/solana100xcall/31904,"🦅 DEX PAID ALERT

privacycashfun — $PRV
💰 MCap: ? | 📊 Vol 24h: $11.2K

CA: c5h36Y2iKgoggaUPZB8xpYSTcdQcXtuvYMPDeVjMPRV",bot,False
solana100xcall,31905,2026-06-06T23:17:09+00:00,https://t.me/solana100xcall/31905,"🚀 $ZOO 💰 +2700% AFTER VIP SIGNAL

📊 $5.3K → $149.6K 🏆 ATH

CA: E2oecxpiXHyoYYs6hsFt1D2MaZ9VMs8AzHV9HKrzpump",bot,False
solana100xcall,31906,2026-06-06T23:29:05+00:00,https://t.me/solana100xcall/31906,"🦅 DEX PAID ALERT

Strange Images — $STRANGE
💰 MCap: $7.7K | 📊 Vol 24h: $12.0K

CA: AXmpQxE5JUXbW7eA9DnLViyFnQMXNycUuChswJyGpump",bot,False
solana100xcall,31907,2026-06-06T23:49:50+00:00,https://t.me/solana100xcall/31907,"🦅 DEX PAID ALERT

$Meme Money — $$Meme
💰 MCap: $14.6K | 📊 Vol 24h: $35.5K

CA: 5poa39MLP2M15k7zpMuuLz3Y76NaXNqVozWmFmbDpump",bot,False
solana100xcall,31908,2026-06-06T23:58:20+00:00,https://t.me/solana100xcall/31908,"🦅 DEX PAID ALERT

OFFICIAL STREAKER COIN — $SELFIE
💰 MCap: $32.1K | 📊 Vol 24h: $14.9K

CA: 2TbA8rPnVy6UWiVUTTiy4AgH9AhpDL1VfsLcwD5npump",bot,False
solana100xcall,31909,2026-06-07T00:00:20+00:00,https://t.me/solana100xcall/31909,"🦅 DEX PAID ALERT

Peguin — $Peguin
💰 MCap: $13.6K | 📊 Vol 24h: $40.7K

CA: FX9YigCEPhn4bv9TwaUjerBBqrDN3Wo9mM3581FVpump",bot,False
solana100xcall,31910,2026-06-07T00:02:50+00:00,https://t.me/solana100xcall/31910,"🦅 DEX PAID ALERT

Dylan — $Dylan
💰 MCap: $13.9K | 📊 Vol 24h: $36.7K

CA: 66cL6Le1XBgwBn7NAMvTHPMPeZKn8iYyr5dJyeEYpump",bot,False
solana100xcall,31911,2026-06-07T00:03:33+00:00,https://t.me/solana100xcall/31911,"🚀 $PEGUIN 💰 +100% AFTER VIP SIGNAL

📊 $11.8K → $24.9K 🏆 ATH

CA: FX9YigCEPhn4bv9TwaUjerBBqrDN3Wo9mM3581FVpump",bot,False
solana100xcall,31912,2026-06-07T00:07:56+00:00,https://t.me/solana100xcall/31912,"🚀 $SHILL 💰 +100% AFTER VIP SIGNAL

📊 $9.7K → $25.9K 🏆 ATH

CA: 2HAgPvsqTzmY6ceHB4K26FUYtwbSff6gbaYhEHXYpump",bot,False
solana100xcall,31913,2026-06-07T00:11:50+00:00,https://t.me/solana100xcall/31913,"🦅 DEX PAID ALERT

SHILLCOIN — $SHILL
💰 MCap: $21.1K | 📊 Vol 24h: $14.5K

CA: 2HAgPvsqTzmY6ceHB4K26FUYtwbSff6gbaYhEHXYpump",bot,False
solana100xcall,31914,2026-06-07T00:17:20+00:00,https://t.me/solana100xcall/31914,"🦅 DEX PAID ALERT

Worlds — $Worlds
💰 MCap: $8.6K | 📊 Vol 24h: $29.0K

CA: 2NK1zUACYojPGdVESHwHT8shKHusNWxiMSAgMRcwpump",bot,False
solana100xcall,31915,2026-06-07T00:19:19+00:00,https://t.me/solana100xcall/31915,"🚀 $CUMSKIN 💰 +100% AFTER VIP SIGNAL

📊 $5.2K → $11.4K 🏆 ATH

CA: 9DeqQ82FAc1EP3v7onieEt4w3E49d2vgWp19FA4spump",bot,False
solana100xcall,31916,2026-06-07T00:23:32+00:00,https://t.me/solana100xcall/31916,"🚀 $SHILL 💰 +200% AFTER VIP SIGNAL

📊 $9.7K → $30.2K 🏆 ATH

CA: 2HAgPvsqTzmY6ceHB4K26FUYtwbSff6gbaYhEHXYpump",bot,False
solana100xcall,31917,2026-06-07T00:27:20+00:00,https://t.me/solana100xcall/31917,"🦅 DEX PAID ALERT

BabyT — $BabyT
💰 MCap: $16.8K | 📊 Vol 24h: $42.4K

CA: 4EL7nmuUrAJJmV6pKUWskYQTH3hsmdJQnUCP238Vpump",bot,False
solana100xcall,31918,2026-06-07T00:36:20+00:00,https://t.me/solana100xcall/31918,"🦅 DEX PAID ALERT

Aeroplane — $Aeroplane
💰 MCap: $12.8K | 📊 Vol 24h: $23.4K

CA: Hqh5fUhtYJU5Ud4xDpr8pZ8htNHqn9GqMT3WFBRbpump",bot,False
solana100xcall,31919,2026-06-07T00:44:50+00:00,https://t.me/solana100xcall/31919,"🦅 DEX PAID ALERT

manlets — $manlet
💰 MCap: $18.5K | 📊 Vol 24h: $33.4K

CA: Dr14gE2DaA8gCh46kQejKEzg3kEeLYxvfxXfSb1Apump",bot,False
solana100xcall,31920,2026-06-07T01:03:51+00:00,https://t.me/solana100xcall/31920,"🦅 DEX PAID ALERT

Pokemasters TCG — $POKETCG
💰 MCap: $14.4K | 📊 Vol 24h: $39.1K

CA: N9Curnf2ZQWBZWrjBkzP6xBe6n5WRhBhouRfiSqpump",bot,False
solana100xcall,31921,2026-06-07T01:07:21+00:00,https://t.me/solana100xcall/31921,"🦅 DEX PAID ALERT

bankvote — $bankvote
💰 MCap: $14.4K | 📊 Vol 24h: $30.6K

CA: At2im4gt8rX7aiXs9CvqejqZHEDL3siXGUZo4Hvupump",bot,False
solana100xcall,31922,2026-06-07T01:09:21+00:00,https://t.me/solana100xcall/31922,"🦅 DEX PAID ALERT

Donaruto Trump — $DONARUTO
💰 MCap: $190.6K | 📊 Vol 24h: $317.5K

CA: kzahvEPRcHoTmKH1PYobzTT6pB3mMwHzGV7nQtYpump",bot,False
solana100xcall,31923,2026-06-07T01:13:51+00:00,https://t.me/solana100xcall/31923,"🦅 DEX PAID ALERT

Restore the Attached photo — $Restore
💰 MCap: $58.2K | 📊 Vol 24h: $63.6K

CA: w1PwmmXmFxmENa1u5Kci5VaPFa49pmy5DGi16A3pump",bot,False
solana100xcall,31924,2026-06-07T01:13:51+00:00,https://t.me/solana100xcall/31924,"🦅 DEX PAID ALERT

Keep The Babies Coming — $KTBC
💰 MCap: $151.8K | 📊 Vol 24h: $75.6K

CA: BUJLjRsrRvk5uLhFBj77zGYKCrKiTUbd24beJFkpump",bot,False
solana100xcall,31925,2026-06-07T01:21:51+00:00,https://t.me/solana100xcall/31925,"🦅 DEX PAID ALERT

Fast Money — $fastmoney
💰 MCap: $6.3K | 📊 Vol 24h: $10.6K

CA: ANuZEMg5gLNuoHdJodxrjzwuNcX1Xv2i3iZbZB1ppump",bot,False
solana100xcall,31926,2026-06-07T01:28:21+00:00,https://t.me/solana100xcall/31926,"🦅 DEX PAID ALERT

fap guy — $FAP
💰 MCap: $3.8K | 📊 Vol 24h: $12.8K

CA: FAPxbLuMEYV8GHjkZarRyibVtVLLd9LNJnX2eaXczGB",bot,False
solana100xcall,31927,2026-06-07T01:30:51+00:00,https://t.me/solana100xcall/31927,"🦅 DEX PAID ALERT

Offside Network — $OFS
💰 MCap: $8.3K | 📊 Vol 24h: $12.4K

CA: 88Cw7CkJQPs95UMFUdKCbodqDKqTS1bnjaAjpaqppump",bot,False
solana100xcall,31928,2026-06-07T01:37:21+00:00,https://t.me/solana100xcall/31928,"🦅 DEX PAID ALERT

Majestic Snail — $Snail
💰 MCap: $11.9K | 📊 Vol 24h: $23.2K

CA: 5zmMpN8S8VNNi6XqcSH2QovtNFNFWNguYiQbFzJGpump",bot,False
solana100xcall,31929,2026-06-07T01:46:30+00:00,https://t.me/solana100xcall/31929,"🚀 $BABYT 💰 +100% AFTER VIP SIGNAL

📊 $21.7K → $47.4K 🏆 ATH

CA: 4EL7nmuUrAJJmV6pKUWskYQTH3hsmdJQnUCP238Vpump",bot,False
solana100xcall,31930,2026-06-07T01:48:22+00:00,https://t.me/solana100xcall/31930,"🦅 DEX PAID ALERT

SpaceX Coin — $SpaceXCoin
💰 MCap: $5.6K | 📊 Vol 24h: $5.1K

CA: 41PJ2haghUmK2upXnSKqazRowNjZ4WVso9qidXkLpump",bot,False
solana100xcall,31931,2026-06-07T01:50:51+00:00,https://t.me/solana100xcall/31931,"🦅 DEX PAID ALERT

GENERATIONAL BOTTOM — $BOTTOM
💰 MCap: $9.8K | 📊 Vol 24h: $14.2K

CA: AK2fkYP1gvte1N9X9mN5Nbv37ihTUDLRnrpmxpBxpump",bot,False
solana100xcall,31932,2026-06-07T02:05:36+00:00,https://t.me/solana100xcall/31932,"🦅 DEX PAID ALERT

transinu — $transinu
💰 MCap: $9.6K | 📊 Vol 24h: $17.1K

CA: HdEHyTjzkjjDba6jcAw7m4s1TgeS13F8PWEhLDqGyTWC",bot,False
solana100xcall,31933,2026-06-07T02:15:02+00:00,https://t.me/solana100xcall/31933,"🚀 $YETZY 💰 +200% AFTER VIP SIGNAL

📊 $5.3K → $16.2K 🏆 ATH

CA: 6hTvrDzuNZ3A39va3dLqSXQvP5KSQ2x9wh2wfWMapump",bot,False
solana100xcall,31934,2026-06-07T02:16:54+00:00,https://t.me/solana100xcall/31934,"🚀 $YETZY 💰 +500% AFTER VIP SIGNAL

📊 $5.3K → $33.1K 🏆 ATH

CA: 6hTvrDzuNZ3A39va3dLqSXQvP5KSQ2x9wh2wfWMapump",bot,False
solana100xcall,31935,2026-06-07T02:18:59+00:00,https://t.me/solana100xcall/31935,"🚀 $YETZY 💰 +800% AFTER VIP SIGNAL

📊 $5.3K → $47.8K 🏆 ATH

CA: 6hTvrDzuNZ3A39va3dLqSXQvP5KSQ2x9wh2wfWMapump",bot,False
solana100xcall,31936,2026-06-07T02:23:06+00:00,https://t.me/solana100xcall/31936,"🦅 DEX PAID ALERT

HMM — $HMM
💰 MCap: $15.3K | 📊 Vol 24h: $964

CA: DbN2p6sstTAH8mB88nznpSZNc7HSTPfip6ESLhe9pump",bot,False
solana100xcall,31937,2026-06-07T02:24:37+00:00,https://t.me/solana100xcall/31937,"🦅 DEX PAID ALERT

Boogle — $BOOGLE
💰 MCap: $16.7K | 📊 Vol 24h: $30.6K

CA: 5RD2T1SCSfKM5BDW56MkLYG5nKwQHwdmnBWKs8P4pump",bot,False
solana100xcall,31938,2026-06-07T02:25:38+00:00,https://t.me/solana100xcall/31938,"🚀 $YETZY 💰 +300% AFTER VIP SIGNAL

📊 $7.5K → $33.4K 🏆 ATH

CA: 674skDdEMR5J7pZr3Wm3zVEkPw8rahr6N4wYgggqpump",bot,False
solana100xcall,31939,2026-06-07T02:26:36+00:00,https://t.me/solana100xcall/31939,"🦅 DEX PAID ALERT

The 67 Weekend — $6/7
💰 MCap: $3.7K | 📊 Vol 24h: $20.3K

CA: 6s2piWkRGSttA3r81rjr8cszYjvge41r2yVVFWEDpump",bot,False
solana100xcall,31940,2026-06-07T02:26:36+00:00,https://t.me/solana100xcall/31940,"🦅 DEX PAID ALERT

Retarded Money — $RETARDED
💰 MCap: $14.5K | 📊 Vol 24h: $47.5K

CA: DwGr4K7QYF9fi4N61nUoYRUzeQRwAhqKvPHtDRmGpump",bot,False
solana100xcall,31941,2026-06-07T02:34:06+00:00,https://t.me/solana100xcall/31941,"🦅 DEX PAID ALERT

nothing — $nothing
💰 MCap: $9.3K | 📊 Vol 24h: $19.9K

CA: 3U1JsTX5dp24LNs8dUWXhryBbeFLNX93JbtWdCsopump",bot,False
solana100xcall,31942,2026-06-07T02:39:16+00:00,https://t.me/solana100xcall/31942,"🚀 $BABYT 💰 +400% AFTER VIP SIGNAL

📊 $21.7K → $118.9K 🏆 ATH

CA: 4EL7nmuUrAJJmV6pKUWskYQTH3hsmdJQnUCP238Vpump",bot,False
solana100xcall,31943,2026-06-07T02:40:06+00:00,https://t.me/solana100xcall/31943,"🦅 DEX PAID ALERT

$tupid Cup — $$tupidCup
💰 MCap: $74.6K | 📊 Vol 24h: $175.8K

CA: Axpzs7FEMYzpcfqVcDjDMQb2rsgMYVJADNpUZe7bpump",bot,False
solana100xcall,31944,2026-06-07T02:43:06+00:00,https://t.me/solana100xcall/31944,"🦅 DEX PAID ALERT

Question Coin  — $QUEST
💰 MCap: $13.5K | 📊 Vol 24h: $21.5K

CA: 6HwzFdsffecsqEJ3xavF3GRXTXUVw7QaadArqJSspump",bot,False
solana100xcall,31945,2026-06-07T02:43:07+00:00,https://t.me/solana100xcall/31945,"🦅 DEX PAID ALERT

YETZY — $YETZY
💰 MCap: $131.2K | 📊 Vol 24h: $155.1K

CA: 3FDvp4d7RVqU1Ng6DQXBpVnyG844CeJYx8WW5PBHpump",bot,False
solana100xcall,31946,2026-06-07T02:43:36+00:00,https://t.me/solana100xcall/31946,"🦅 DEX PAID ALERT

Pathetic Pinworms — $PP
💰 MCap: $7.4K | 📊 Vol 24h: $8.0K

CA: EQWnp3hCBV3nYX7jaadAXitnBwcsA43WcjsbBYiFpump",bot,False
solana100xcall,31947,2026-06-07T02:43:36+00:00,https://t.me/solana100xcall/31947,"🦅 DEX PAID ALERT

memeless — $memeless
💰 MCap: $15.6K | 📊 Vol 24h: $90.0K

CA: DWVqYqwFWbja117ypcvnncDxPbtizwhPZHtjRAhnpump",bot,False
solana100xcall,31948,2026-06-07T02:43:37+00:00,https://t.me/solana100xcall/31948,"🦅 DEX PAID ALERT

Meme Money — $mememoney
💰 MCap: $2.9K | 📊 Vol 24h: $13.2K

CA: 4mVZpDgeutBNRW1bdHV5VCjVQwmUCYbLi5CBT8pJpump",bot,False
solana100xcall,31949,2026-06-07T02:55:06+00:00,https://t.me/solana100xcall/31949,"🦅 DEX PAID ALERT

ASML — $ASML
💰 MCap: $32.4K | 📊 Vol 24h: $15.1K

CA: EffnwBVN4BvviszneDaeggjRdYGNJRGaQCB9qWDiHUMX",bot,False
solana100xcall,31950,2026-06-07T03:04:02+00:00,https://t.me/solana100xcall/31950,"🚀 $MOEST 💰 +100% AFTER VIP SIGNAL

📊 $23.0K → $53.2K 🏆 ATH

CA: C5Y7rtcR4TTCAnzgDMiZRiBP96hdHXCv9DB2Gonypump",bot,False
solana100xcall,31951,2026-06-07T03:04:37+00:00,https://t.me/solana100xcall/31951,"🦅 DEX PAID ALERT

naruto trump — $NARUTRUMP
💰 MCap: $4.5K | 📊 Vol 24h: $11.2K

CA: Gn9ju6fqihMBvM7zpTABuqzR67QqRQ7jaFXqDjMd2CvR",bot,False
solana100xcall,31952,2026-06-07T03:04:37+00:00,https://t.me/solana100xcall/31952,"🦅 DEX PAID ALERT

Patience — $Patience
💰 MCap: $10.5K | 📊 Vol 24h: $20.1K

CA: JDcQK5PcrDcmhoRubAvWfCJJXCnzmj9R3XYhxVL7pump",bot,False
solana100xcall,31953,2026-06-07T03:15:37+00:00,https://t.me/solana100xcall/31953,"🦅 DEX PAID ALERT

moest kruticul — $moest
💰 MCap: $61.3K | 📊 Vol 24h: $143.9K

CA: C5Y7rtcR4TTCAnzgDMiZRiBP96hdHXCv9DB2Gonypump",bot,False
solana100xcall,31954,2026-06-07T03:16:04+00:00,https://t.me/solana100xcall/31954,"🚀 $MOEST 💰 +3800% AFTER VIP SIGNAL

📊 $23.0K → $899.3K 🏆 ATH

CA: C5Y7rtcR4TTCAnzgDMiZRiBP96hdHXCv9DB2Gonypump",bot,False
solana100xcall,31955,2026-06-07T03:17:07+00:00,https://t.me/solana100xcall/31955,"🦅 DEX PAID ALERT

Phlegm Token — $PHLEGM
💰 MCap: $7.1K | 📊 Vol 24h: $22.3K

CA: CFRA1qetepm5ahwSVeaShNSRYRzmzRoa8iaCfiigpump",bot,False
solana100xcall,31956,2026-06-07T03:23:07+00:00,https://t.me/solana100xcall/31956,"🦅 DEX PAID ALERT

Fleshlight Coin — $FLESHLIGHT
💰 MCap: $10.5K | 📊 Vol 24h: $100.3K

CA: Fy512AVupNCADBTyPZNcaZ9hAcPrgWk4bP91iP2Jpump",bot,False
solana100xcall,31957,2026-06-07T03:32:07+00:00,https://t.me/solana100xcall/31957,"🦅 DEX PAID ALERT

SpaceX Bank — $SPCXBANK
💰 MCap: $32.0K | 📊 Vol 24h: $5.2K

CA: TWmjnKx1hchF97zZFVwapESYjxSD4whdAddN5Hbpump",bot,False
solana100xcall,31958,2026-06-07T03:45:07+00:00,https://t.me/solana100xcall/31958,"🦅 DEX PAID ALERT

SpaceXCoin — $SpaceXCoin
💰 MCap: $8.4K | 📊 Vol 24h: $13.6K

CA: B4F4QKkotBUNht7crEu2vRSbXKPUn1vH8idERTD7pump",bot,False
solana100xcall,31959,2026-06-07T03:53:37+00:00,https://t.me/solana100xcall/31959,"🦅 DEX PAID ALERT

The Survivor — $Cockroach
💰 MCap: $14.5K | 📊 Vol 24h: $29.4K

CA: H4BYHwhakdvZXwC4JUJuZ4VWGNp79T2A67W2fcvotHwX",bot,False
solana100xcall,31960,2026-06-07T03:53:38+00:00,https://t.me/solana100xcall/31960,"🦅 DEX PAID ALERT

don't care anymore — $dca
💰 MCap: $14.7K | 📊 Vol 24h: $42.3K

CA: EZtvntdTP7Ec7SNtPM65yQQGkhThr6xKmcYVqZsCpump",bot,False
solana100xcall,31961,2026-06-07T04:00:12+00:00,https://t.me/solana100xcall/31961,,bot,False
solana100xcall,31962,2026-06-07T04:07:37+00:00,https://t.me/solana100xcall/31962,"🦅 DEX PAID ALERT

IPO Stocks — $IPO
💰 MCap: $12.8K | 📊 Vol 24h: $13.1K

CA: NdbY9snMdy8DovbTNSC9jhS5Y9yXroY7UQ52npjpump",bot,False
solana100xcall,31963,2026-06-07T04:24:52+00:00,https://t.me/solana100xcall/31963,"🦅 DEX PAID ALERT

6/7 — $6/7
💰 MCap: $16.7K | 📊 Vol 24h: $24.5K

CA: 38eYL1pbDFxYyesUS64yqsY6JXHqt4HdfC7CFD9gpump",bot,False
solana100xcall,31964,2026-06-07T04:31:22+00:00,https://t.me/solana100xcall/31964,"🦅 DEX PAID ALERT

GasWorld — $GASWORLD
💰 MCap: $17.8K | 📊 Vol 24h: $30.6K

CA: FjWeJFuuVPZYbsUPXyAwdc64CzNsJaMbk1VdQvZpump",bot,False
solana100xcall,31965,2026-06-07T04:41:53+00:00,https://t.me/solana100xcall/31965,"🦅 DEX PAID ALERT

BOUTYWORK — $BOUTYWORK
💰 MCap: $212.9K | 📊 Vol 24h: $953.3K

CA: 3oL99tu2qnxka3HnxY8g1cXNpgBJ5ojoSWWFiDMopump",bot,False
solana100xcall,31966,2026-06-07T04:57:23+00:00,https://t.me/solana100xcall/31966,"🦅 DEX PAID ALERT

Jotchua — $Jotchua
💰 MCap: $24.5K | 📊 Vol 24h: $26.5K

CA: BcHEaaTCvycPwwsJ9yQTXdHP9X2gCLkznDbZ8VySpump",bot,False
solana100xcall,31967,2026-06-07T04:57:23+00:00,https://t.me/solana100xcall/31967,"🦅 DEX PAID ALERT

Solana Faucet — $TAP
💰 MCap: $16.3K | 📊 Vol 24h: $53.4K

CA: 33PaCGdp7WdNSf14HLakiqCmJFqtkzo6EL1SmDnXpump",bot,False
solana100xcall,31968,2026-06-07T04:59:53+00:00,https://t.me/solana100xcall/31968,"🦅 DEX PAID ALERT

Trump 80 — $TRUMP80
💰 MCap: $5.8K | 📊 Vol 24h: $6.4K

CA: HHBtMjjSte1bWRgXuhe9HWDrs7vp4pcjr8tpvfbqpump",bot,False
solana100xcall,31969,2026-06-07T05:05:53+00:00,https://t.me/solana100xcall/31969,"🦅 DEX PAID ALERT

FLOORFI — $FLOORFI
💰 MCap: $30.6K | 📊 Vol 24h: $87.2K

CA: HtfyeLmKLhbihNSUP1RezBFJD8bUkf6hYLbFikVzpump",bot,False
solana100xcall,31970,2026-06-07T05:08:23+00:00,https://t.me/solana100xcall/31970,"🦅 DEX PAID ALERT

Hand To God — $HTG
💰 MCap: $3.6K | 📊 Vol 24h: $2.4K

CA: 7394WJ3Dxr1syMYs2vU28pZcaaSMFgwPNEVHcUScpump",bot,False
solana100xcall,31971,2026-06-07T05:27:23+00:00,https://t.me/solana100xcall/31971,"🦅 DEX PAID ALERT

tokenized happiness — $:)
💰 MCap: $12.7K | 📊 Vol 24h: $35.7K

CA: 8DnYtyFSKK1kWP1HBLEgPAJyBK9mAudUj2K8JY9dKbDt",bot,False
solana100xcall,31972,2026-06-07T05:33:53+00:00,https://t.me/solana100xcall/31972,"🦅 DEX PAID ALERT

elonbucks  — $elonbucks
💰 MCap: $16.6K | 📊 Vol 24h: $18.0K

CA: CMPnisvuCD7Z82NHPfKTnKExVUiQL58SZ3f9o2LpJc5w",bot,False
solana100xcall,31973,2026-06-07T05:37:53+00:00,https://t.me/solana100xcall/31973,"🦅 DEX PAID ALERT

Luna The Unicorn — $Luna
💰 MCap: $23.5K | 📊 Vol 24h: $4.4K

CA: 81cJxn2qXgn17ZXPWFcrVc5QG65mo67E3QGT36xbpump",bot,False
solana100xcall,31974,2026-06-07T05:40:23+00:00,https://t.me/solana100xcall/31974,"🦅 DEX PAID ALERT

Repost Dog — $RDOG
💰 MCap: $16.3K | 📊 Vol 24h: $48.3K

CA: CgHE4SAtNuzbCpQmkPzwYZ7cBMQLK7R4J2gVSVrDpump",bot,False
solana100xcall,31975,2026-06-07T05:42:53+00:00,https://t.me/solana100xcall/31975,"🦅 DEX PAID ALERT

$tupidHouse — $$tupidHouse
💰 MCap: $73.9K | 📊 Vol 24h: $186.5K

CA: CMhX5BBytXfDuQ3Yvw63YWXXVePCZFWTS4CNu7Nupump",bot,False
solana100xcall,31976,2026-06-07T06:27:24+00:00,https://t.me/solana100xcall/31976,"🦅 DEX PAID ALERT

PolySystemsAI — $POLY
💰 MCap: $9.0K | 📊 Vol 24h: $52.7K

CA: DcJGGJooE5naoGrxZ3ajGwuR5gTqAUmWzzDR9qqepump",bot,False
solana100xcall,31977,2026-06-07T06:33:54+00:00,https://t.me/solana100xcall/31977,"🦅 DEX PAID ALERT

niggercoin — $niggercoin
💰 MCap: $12.4K | 📊 Vol 24h: $26.6K

CA: 36rvb3qhon7vJchtBYzh4w6XUvRJyLkT8XzxonxWpump",bot,False
solana100xcall,31978,2026-06-07T06:34:24+00:00,https://t.me/solana100xcall/31978,"🦅 DEX PAID ALERT

Newsom2028 — $Newsom2028
💰 MCap: $5.5K | 📊 Vol 24h: $29.7K

CA: FUehm4ocJMUZqYJfVxJiC2L6AwsQm7KQA5UrHMcUpump",bot,False
solana100xcall,31979,2026-06-07T06:35:02+00:00,https://t.me/solana100xcall/31979,"🚀 $NIGGERCOIN 💰 +100% AFTER VIP SIGNAL

📊 $5.4K → $14.8K 🏆 ATH

CA: 36rvb3qhon7vJchtBYzh4w6XUvRJyLkT8XzxonxWpump",bot,False
solana100xcall,31980,2026-06-07T06:37:26+00:00,https://t.me/solana100xcall/31980,"🚀 $NIGGERCOIN 💰 +300% AFTER VIP SIGNAL

📊 $5.4K → $21.8K 🏆 ATH

CA: 36rvb3qhon7vJchtBYzh4w6XUvRJyLkT8XzxonxWpump",bot,False
solana100xcall,31981,2026-06-07T06:39:25+00:00,https://t.me/solana100xcall/31981,"🦅 DEX PAID ALERT

Gold Bounty — $GOLDBOUNTY
💰 MCap: $71.3K | 📊 Vol 24h: $158.4K

CA: 7zr8eYkgq9eescMM4LewW3JMk6EJPEVyL1TAfL2zpump",bot,False
solana100xcall,31982,2026-06-07T06:45:47+00:00,https://t.me/solana100xcall/31982,"🚀 $NIGGERCOIN 💰 +400% AFTER VIP SIGNAL

📊 $5.4K → $28.3K 🏆 ATH

CA: 36rvb3qhon7vJchtBYzh4w6XUvRJyLkT8XzxonxWpump",bot,False
solana100xcall,31983,2026-06-07T06:47:48+00:00,https://t.me/solana100xcall/31983,"🚀 $NIGGERCOIN 💰 +500% AFTER VIP SIGNAL

📊 $5.4K → $35.7K 🏆 ATH

CA: 36rvb3qhon7vJchtBYzh4w6XUvRJyLkT8XzxonxWpump",bot,False
solana100xcall,31984,2026-06-07T06:50:36+00:00,https://t.me/solana100xcall/31984,"🚀 $NIGGERCOIN 💰 +600% AFTER VIP SIGNAL

📊 $5.4K → $42.8K 🏆 ATH

CA: 36rvb3qhon7vJchtBYzh4w6XUvRJyLkT8XzxonxWpump",bot,False
solana100xcall,31985,2026-06-07T06:50:39+00:00,https://t.me/solana100xcall/31985,"🦅 DEX PAID ALERT

volfin — $vol
💰 MCap: $48.6K | 📊 Vol 24h: $36.5K

CA: 8XRj2ovQgrZyzMh9ZzXMezDtQSMssv9HXrR9UvrSpump",bot,False
solana100xcall,31986,2026-06-07T06:52:36+00:00,https://t.me/solana100xcall/31986,"🚀 $NIGGERCOIN 💰 +700% AFTER VIP SIGNAL

📊 $5.4K → $46.9K 🏆 ATH

CA: 36rvb3qhon7vJchtBYzh4w6XUvRJyLkT8XzxonxWpump",bot,False
solana100xcall,31987,2026-06-07T06:57:49+00:00,https://t.me/solana100xcall/31987,"🚀 $NIGGERCOIN 💰 +800% AFTER VIP SIGNAL

📊 $5.4K → $51.4K 🏆 ATH

CA: 36rvb3qhon7vJchtBYzh4w6XUvRJyLkT8XzxonxWpump",bot,False
solana100xcall,31988,2026-06-07T07:03:50+00:00,https://t.me/solana100xcall/31988,"🚀 $NIGGERCOIN 💰 +900% AFTER VIP SIGNAL

📊 $5.4K → $54.1K 🏆 ATH

CA: 36rvb3qhon7vJchtBYzh4w6XUvRJyLkT8XzxonxWpump",bot,False
solana100xcall,31989,2026-06-07T07:17:39+00:00,https://t.me/solana100xcall/31989,"🦅 DEX PAID ALERT

MECOMI — $MECOMI
💰 MCap: $2.0K | 📊 Vol 24h: $106

CA: 8yZdvfzEgQjKBYYBGPYDMUdU6vLc6UXMwyLHFYfppump",bot,False
solana100xcall,31990,2026-06-07T07:23:01+00:00,https://t.me/solana100xcall/31990,"🚀 $NIGGERCOIN 💰 +1100% AFTER VIP SIGNAL

📊 $5.4K → $66.4K 🏆 ATH

CA: 36rvb3qhon7vJchtBYzh4w6XUvRJyLkT8XzxonxWpump",bot,False
solana100xcall,31991,2026-06-07T07:33:09+00:00,https://t.me/solana100xcall/31991,"🦅 DEX PAID ALERT

Pokéliquid Percolator — $POKELIQUID
💰 MCap: $60.2K | 📊 Vol 24h: $89.7K

CA: 4c5LK64544TyniKzErqsEfGzfC7P5ygY9x3JqDKEpump",bot,False
solana100xcall,31992,2026-06-07T07:47:39+00:00,https://t.me/solana100xcall/31992,"🦅 DEX PAID ALERT

ConejoCapital — $METAPLEX
💰 MCap: $12.8K | 📊 Vol 24h: $37.8K

CA: FDJP9Mk2kJigD56jjLNa7GkhHty4EkLY73TTaxF2oQsm",bot,False
solana100xcall,31993,2026-06-07T07:48:39+00:00,https://t.me/solana100xcall/31993,"🦅 DEX PAID ALERT

it will all work out — $patience
💰 MCap: $11.6K | 📊 Vol 24h: $16.0K

CA: EoidYsqQkMNTaWvzp6vhqvvKqf3VLKsLbsKG7YUgpump",bot,False
solana100xcall,31994,2026-06-07T07:56:39+00:00,https://t.me/solana100xcall/31994,"🦅 DEX PAID ALERT

Middle Eastern Warfare Supply — $MEWS
💰 MCap: $3.5M | 📊 Vol 24h: $45.7K

CA: MeWsL1gDWetqoNJcpWLoujZs5MWZZDXE719mPpyH5Je",bot,False
solana100xcall,31995,2026-06-07T07:59:02+00:00,https://t.me/solana100xcall/31995,"🚀 $NIGGERCOIN 💰 +1200% AFTER VIP SIGNAL

📊 $5.4K → $71.2K 🏆 ATH

CA: 36rvb3qhon7vJchtBYzh4w6XUvRJyLkT8XzxonxWpump",bot,False
solana100xcall,31996,2026-06-07T08:00:39+00:00,https://t.me/solana100xcall/31996,"🦅 DEX PAID ALERT

F1 Grand Prix — $F1
💰 MCap: $19.5K | 📊 Vol 24h: $46.0K

CA: 8owrAoASbt4YxC8kjV9t1GeeSuyaJNqYR6ST7K36pump",bot,False
solana100xcall,31997,2026-06-07T08:10:39+00:00,https://t.me/solana100xcall/31997,"🦅 DEX PAID ALERT

AOAF — $AOAF
💰 MCap: $153.4K | 📊 Vol 24h: $13.9K

CA: AVcWz8dfb6mnUiSxE2Ew4tzePVPt7ngLXWRQw7fepump",bot,False
solana100xcall,31998,2026-06-07T08:10:40+00:00,https://t.me/solana100xcall/31998,"🦅 DEX PAID ALERT

Trenchfoot — $Trenchfoot
💰 MCap: $7.4K | 📊 Vol 24h: $91.2K

CA: 86gbmr4wEyGjvRzY4tAYHmEyv1AvjPYCxyrGG4djpump",bot,False
solana100xcall,31999,2026-06-07T08:35:43+00:00,https://t.me/solana100xcall/31999,"🚀 $DANGSHENG 💰 +100% AFTER VIP SIGNAL

📊 $6.2K → $13.5K 🏆 ATH

CA: 2ooWoiYZtrMpvGmh84vs8XgBg2dVbZ47z2idWwuJRkkK",bot,False
solana100xcall,32000,2026-06-07T09:09:41+00:00,https://t.me/solana100xcall/32000,"🦅 DEX PAID ALERT

Kimi Antonelli — $Antonelli
💰 MCap: $7.7K | 📊 Vol 24h: $24.2K

CA: Cdu5UDXjhKBEoWPnFtYm9TbTDeh1uy2JAZbeMSwJpump",bot,False
solana100xcall,32001,2026-06-07T09:17:11+00:00,https://t.me/solana100xcall/32001,"🦅 DEX PAID ALERT

Max Verstappen — $Verstappen
💰 MCap: $7.0K | 📊 Vol 24h: $17.4K

CA: CWVU8eNeeiBzPFTGxWpUfB2WecQNpFm2csUZuFN5pump",bot,False
solana100xcall,32002,2026-06-07T09:27:55+00:00,https://t.me/solana100xcall/32002,"🦅 DEX PAID ALERT

Mooner — $MOONER
💰 MCap: $13.3K | 📊 Vol 24h: $53.3K

CA: 6X4TYLdWwmRaxUHkY69yXnsQw649DfJsMR3gQZWNpump",bot,False
solana100xcall,32003,2026-06-07T09:36:25+00:00,https://t.me/solana100xcall/32003,"🦅 DEX PAID ALERT

The Art of Head Movement — $Head 
💰 MCap: $6.3K | 📊 Vol 24h: $14.1K

CA: 99XKciZLj9UsHdFUr3HKgr8LGK61pYzGhKAG3Gkipump",bot,False
solana100xcall,32004,2026-06-07T09:37:55+00:00,https://t.me/solana100xcall/32004,"🦅 DEX PAID ALERT

WORLD CUP PLAYERS — $PLAYERS
💰 MCap: $10.6K | 📊 Vol 24h: $10.0K

CA: BPEgi3uLhcQKaxsug57HoPAJPntFfLS2reXzWBwgpump",bot,False
solana100xcall,32005,2026-06-07T09:45:25+00:00,https://t.me/solana100xcall/32005,"🦅 DEX PAID ALERT

Diandian — $点点
💰 MCap: $25.2K | 📊 Vol 24h: $49.3K

CA: G5KNk6CvpRBbpG3WCcAtTZBzmxmLodiTtjL7po84pump",bot,False
solana100xcall,32006,2026-06-07T10:00:13+00:00,https://t.me/solana100xcall/32006,,bot,False
solana100xcall,32007,2026-06-07T10:01:26+00:00,https://t.me/solana100xcall/32007,"🦅 DEX PAID ALERT

VINYL — $VINYL
💰 MCap: $112.2K | 📊 Vol 24h: $187.9K

CA: DRF8cCfkHLVPnC3H8TwWMGJ7Rv1jQZPjoYXRHeKypump",bot,False
solana100xcall,32008,2026-06-07T10:05:55+00:00,https://t.me/solana100xcall/32008,"🦅 DEX PAID ALERT

Artcoin — $Artcoin
💰 MCap: $21.1K | 📊 Vol 24h: $46.7K

CA: HY163YRNJoUwPB17nGfaUKP9YcAFJabhHq72NWi5pump",bot,False
solana100xcall,32009,2026-06-07T10:33:26+00:00,https://t.me/solana100xcall/32009,"🦅 DEX PAID ALERT

FatCatBatRatWifHat — $USDC
💰 MCap: $5.1K | 📊 Vol 24h: $1.3K

CA: GTTS5MNyf7iYzjEyrNpm6VULRMjTefLrGzJhKoZZpej4",bot,False
solana100xcall,32010,2026-06-07T10:40:56+00:00,https://t.me/solana100xcall/32010,"🦅 DEX PAID ALERT

MICE — $MICE
💰 MCap: $112.3K | 📊 Vol 24h: $216.6K

CA: 3xucE6rfRpYPzKSsTK7r8zysAso6vD5RMLiNTqugpump",bot,False
solana100xcall,32011,2026-06-07T10:58:56+00:00,https://t.me/solana100xcall/32011,"🦅 DEX PAID ALERT

NiggaBounty — $NiggaBounty
💰 MCap: $7.7K | 📊 Vol 24h: $33.9K

CA: 94TVbd6tQd6mJEf5of2bAy5rN83spmAxmuWLRwcMpump",bot,False
solana100xcall,32012,2026-06-07T11:06:26+00:00,https://t.me/solana100xcall/32012,"🦅 DEX PAID ALERT

유달리 — $Dally
💰 MCap: $14.7K | 📊 Vol 24h: $93.1K

CA: 7XdzD9orrWtzDd6M3GGFk8216pZdnHi86m5ywr8ipump",bot,False
solana100xcall,32013,2026-06-07T11:08:26+00:00,https://t.me/solana100xcall/32013,"🦅 DEX PAID ALERT

The Great Extraction — $TGE
💰 MCap: $11.0K | 📊 Vol 24h: $37.5K

CA: 6LTZzr1u8TUMixEn1Lw9H2X1dQGWCzFD8UwiESgdpump",bot,False
solana100xcall,32014,2026-06-07T11:13:26+00:00,https://t.me/solana100xcall/32014,"🦅 DEX PAID ALERT

DUCKZILLA — $DUCKZ
💰 MCap: $54.3K | 📊 Vol 24h: $308.3K

CA: 6VkSSgXoz5mfH7k8gYQkvQPoQH5aWj7HFMVtyzacpump",bot,False
solana100xcall,32015,2026-06-07T11:16:26+00:00,https://t.me/solana100xcall/32015,"🦅 DEX PAID ALERT

Who is him — $HIM
💰 MCap: $11.0K | 📊 Vol 24h: $18.6K

CA: CySx2YUZrXsxhzAwR96d47G9aupWjjsMhLNjwSJcpump",bot,False
solana100xcall,32016,2026-06-07T11:36:56+00:00,https://t.me/solana100xcall/32016,"🦅 DEX PAID ALERT

SOLMAO! — $SOLMAO!
💰 MCap: $116.2K | 📊 Vol 24h: $198.4K

CA: 5zZ5BiYzHn561uiXgQ4hCM2iVN2KGLVd8ygqme2Spump",bot,False
solana100xcall,32017,2026-06-07T11:38:26+00:00,https://t.me/solana100xcall/32017,"🦅 DEX PAID ALERT

One community — $One
💰 MCap: $30.1K | 📊 Vol 24h: $54.6K

CA: BF4nmjYsifAX5xFba3Cq7esdLTkHLop8eiUrViWvpump",bot,False
solana100xcall,32018,2026-06-07T11:39:57+00:00,https://t.me/solana100xcall/32018,"🦅 DEX PAID ALERT

TIFO — $$TIFO
💰 MCap: $5.2K | 📊 Vol 24h: $2.4K

CA: bEvL5XtpanWngtMzp8i8QJzxAaDz1kPdsAhThxQpump",bot,False
solana100xcall,32019,2026-06-07T11:53:51+00:00,https://t.me/solana100xcall/32019,"🚀 $HIM 💰 +100% AFTER VIP SIGNAL

📊 $9.6K → $21.3K 🏆 ATH

CA: CySx2YUZrXsxhzAwR96d47G9aupWjjsMhLNjwSJcpump",bot,False
solana100xcall,32020,2026-06-07T12:01:04+00:00,https://t.me/solana100xcall/32020,"🚀 $HIM 💰 +200% AFTER VIP SIGNAL

📊 $9.6K → $30.5K 🏆 ATH

CA: CySx2YUZrXsxhzAwR96d47G9aupWjjsMhLNjwSJcpump",bot,False
solana100xcall,32021,2026-06-07T12:11:10+00:00,https://t.me/solana100xcall/32021,"🚀 $WCSTR 💰 +100% AFTER VIP SIGNAL

📊 $7.0K → $15.5K 🏆 ATH

CA: 6J5cAGMzK1Y664QpqpK3Bp8HtRchTzJA4LUcUmiyiRWC",bot,False
solana100xcall,32022,2026-06-07T12:14:50+00:00,https://t.me/solana100xcall/32022,"🚀 $WCSTR 💰 +200% AFTER VIP SIGNAL

📊 $7.0K → $21.4K 🏆 ATH

CA: 6J5cAGMzK1Y664QpqpK3Bp8HtRchTzJA4LUcUmiyiRWC",bot,False
solana100xcall,32023,2026-06-07T12:17:21+00:00,https://t.me/solana100xcall/32023,"🚀 $WCSTR 💰 +300% AFTER VIP SIGNAL

📊 $7.0K → $29.6K 🏆 ATH

CA: 6J5cAGMzK1Y664QpqpK3Bp8HtRchTzJA4LUcUmiyiRWC",bot,False
solana100xcall,32024,2026-06-07T12:17:22+00:00,https://t.me/solana100xcall/32024,"🚀 $WCSTR 💰 +400% AFTER VIP SIGNAL

📊 $7.0K → $35.8K 🏆 ATH

CA: 6J5cAGMzK1Y664QpqpK3Bp8HtRchTzJA4LUcUmiyiRWC",bot,False
solana100xcall,32025,2026-06-07T12:20:40+00:00,https://t.me/solana100xcall/32025,"🦅 DEX PAID ALERT

World Cup Strategy — $WCSTR
💰 MCap: $33.5K | 📊 Vol 24h: $60.0K

CA: 6J5cAGMzK1Y664QpqpK3Bp8HtRchTzJA4LUcUmiyiRWC",bot,False
solana100xcall,32026,2026-06-07T12:26:10+00:00,https://t.me/solana100xcall/32026,"🦅 DEX PAID ALERT

WORLD CUP BOOK — $BOOK
💰 MCap: $7.8K | 📊 Vol 24h: $8.1K

CA: 2gTZL9Qv8jiWgNUt9zGbTFopfEJK2M5AobaWm5Ufpump",bot,False
solana100xcall,32027,2026-06-07T12:26:34+00:00,https://t.me/solana100xcall/32027,"🚀 $WCSTR 💰 +500% AFTER VIP SIGNAL

📊 $7.0K → $44.7K 🏆 ATH

CA: 6J5cAGMzK1Y664QpqpK3Bp8HtRchTzJA4LUcUmiyiRWC",bot,False
solana100xcall,32028,2026-06-07T12:28:48+00:00,https://t.me/solana100xcall/32028,"🚀 $HIM 💰 +300% AFTER VIP SIGNAL

📊 $9.6K → $39.2K 🏆 ATH

CA: CySx2YUZrXsxhzAwR96d47G9aupWjjsMhLNjwSJcpump",bot,False
solana100xcall,32029,2026-06-07T12:35:40+00:00,https://t.me/solana100xcall/32029,"🦅 DEX PAID ALERT

Knicks In 4 — $KNICKS
💰 MCap: $8.7K | 📊 Vol 24h: $13.0K

CA: DThksS4X1V6PVtawVub4G9zLMi3Fh1MgPuDGoqM8pump",bot,False
solana100xcall,32030,2026-06-07T12:36:08+00:00,https://t.me/solana100xcall/32030,"🚀 $WCSTR 💰 +600% AFTER VIP SIGNAL

📊 $7.0K → $50.4K 🏆 ATH

CA: 6J5cAGMzK1Y664QpqpK3Bp8HtRchTzJA4LUcUmiyiRWC",bot,False
solana100xcall,32031,2026-06-07T12:38:35+00:00,https://t.me/solana100xcall/32031,"🚀 $WCSTR 💰 +700% AFTER VIP SIGNAL

📊 $7.0K → $61.0K 🏆 ATH

CA: 6J5cAGMzK1Y664QpqpK3Bp8HtRchTzJA4LUcUmiyiRWC",bot,False
solana100xcall,32032,2026-06-07T12:40:48+00:00,https://t.me/solana100xcall/32032,"🚀 $MABEL 💰 +100% AFTER VIP SIGNAL

📊 $5.6K → $14.1K 🏆 ATH

CA: 32gZBsEP82aD93HiNj5fVv5oJoqhrnk7EgRJ3SSnpump",bot,False
solana100xcall,32033,2026-06-07T12:42:53+00:00,https://t.me/solana100xcall/32033,"🚀 $MABEL 💰 +300% AFTER VIP SIGNAL

📊 $5.6K → $24.1K 🏆 ATH

CA: 32gZBsEP82aD93HiNj5fVv5oJoqhrnk7EgRJ3SSnpump",bot,False
solana100xcall,32034,2026-06-07T12:44:51+00:00,https://t.me/solana100xcall/32034,"🚀 $MABEL 💰 +400% AFTER VIP SIGNAL

📊 $5.6K → $32.3K 🏆 ATH

CA: 32gZBsEP82aD93HiNj5fVv5oJoqhrnk7EgRJ3SSnpump",bot,False
solana100xcall,32035,2026-06-07T12:46:51+00:00,https://t.me/solana100xcall/32035,"🚀 $MABEL 💰 +600% AFTER VIP SIGNAL

📊 $5.6K → $43.3K 🏆 ATH

CA: 32gZBsEP82aD93HiNj5fVv5oJoqhrnk7EgRJ3SSnpump",bot,False
solana100xcall,32036,2026-06-07T12:48:46+00:00,https://t.me/solana100xcall/32036,"🚀 $MABEL 💰 +800% AFTER VIP SIGNAL

📊 $5.6K → $51.3K 🏆 ATH

CA: 32gZBsEP82aD93HiNj5fVv5oJoqhrnk7EgRJ3SSnpump",bot,False
solana100xcall,32037,2026-06-07T12:49:11+00:00,https://t.me/solana100xcall/32037,"🦅 DEX PAID ALERT

Mabel — $MABEL
💰 MCap: $54.8K | 📊 Vol 24h: $84.0K

CA: 32gZBsEP82aD93HiNj5fVv5oJoqhrnk7EgRJ3SSnpump",bot,False
solana100xcall,32038,2026-06-07T12:51:10+00:00,https://t.me/solana100xcall/32038,"🚀 $MABEL 💰 +900% AFTER VIP SIGNAL

📊 Call MC: $5.6K → ATH: $56.2K 🏆

CA: 32gZBsEP82aD93HiNj5fVv5oJoqhrnk7EgRJ3SSnpump",bot,False
solana100xcall,32039,2026-06-07T12:53:23+00:00,https://t.me/solana100xcall/32039,"🚀 $WLM 💰 +100% AFTER VIP SIGNAL

📊 Call MC: $76.7K → ATH: $154.6K 🏆

CA: 9MTge3duPkUwN3x9ZPQaLzJnzf9cTZzpj98F4VJANPpr",bot,False
solana100xcall,32040,2026-06-07T12:59:08+00:00,https://t.me/solana100xcall/32040,"🦅 DEX PAID ALERT

No Nose Flight Reacts — $Aaaugh
💰 MCap: $13.2K | 📊 Vol 24h: $43.2K

CA: 9S6vpXWsJ1Qnkf5QScRm44SQeMSmbZJURtrPWYnSpump",bot,False
solana100xcall,32041,2026-06-07T13:00:33+00:00,https://t.me/solana100xcall/32041,"🚀 $HIM 💰 +400% AFTER VIP SIGNAL

📊 Call MC: $9.6K → ATH: $49.0K 🏆

CA: CySx2YUZrXsxhzAwR96d47G9aupWjjsMhLNjwSJcpump",bot,False
solana100xcall,32042,2026-06-07T13:04:08+00:00,https://t.me/solana100xcall/32042,"🦅 DEX PAID ALERT

TROLL NEW ERA — $$TROLL
💰 MCap: $3.1K | 📊 Vol 24h: $1.0K

CA: hoyLr4qofe3xYMbh9UoazXHvngCnnFRjFmsuGTh7wok",bot,False
solana100xcall,32043,2026-06-07T13:06:38+00:00,https://t.me/solana100xcall/32043,"🦅 DEX PAID ALERT

PUMPWORK — $PUMPWORK
💰 MCap: $10.2K | 📊 Vol 24h: $12.6K

CA: D7tPMVZTNPcuDsops55Wf6gJXcRpcfDTcTpsgUBYpump",bot,False
solana100xcall,32044,2026-06-07T13:08:38+00:00,https://t.me/solana100xcall/32044,"🦅 DEX PAID ALERT

Pump Games — $PGT
💰 MCap: $18.8K | 📊 Vol 24h: $25.5K

CA: 5qmkqhoj5sEsXaK4rgiHuFNu2T3nmAAvYicyF3wMpump",bot,False
solana100xcall,32045,2026-06-07T13:26:10+00:00,https://t.me/solana100xcall/32045,"🦅 DEX PAID ALERT

mfer — $mfer
💰 MCap: $21.1K | 📊 Vol 24h: $26.1K

CA: ASubicS2ojfUqidpRmj1GcmekfU9iHbjn73JtB4Ypump",bot,False
solana100xcall,32046,2026-06-07T13:30:10+00:00,https://t.me/solana100xcall/32046,"🦅 DEX PAID ALERT

ONBOARDING — $ONBOARDING
💰 MCap: $15.5K | 📊 Vol 24h: $54.6K

CA: 6K7A966NJpF9AvY9nqt3WGbbKVAmfDotntyjmd2vpump",bot,False
solana100xcall,32047,2026-06-07T13:40:22+00:00,https://t.me/solana100xcall/32047,"🦅 DEX PAID ALERT

Strong Coin — $STRONG 
💰 MCap: $14.8K | 📊 Vol 24h: $22.8K

CA: BCMw2C9xBVTMLmpU8aw2LnXSXnnV2EiiSU7fEr9kpump

📢 Promote your next launch here",bot,False
solana100xcall,32048,2026-06-07T13:49:45+00:00,https://t.me/solana100xcall/32048,"🦅 DEX PAID ALERT

Diamond the Pitbull — $Diamond
💰 MCap: $6.1K | 📊 Vol 24h: $35.1K

CA: BykNFEmVTQag6kytQ8PYfdrFQroUi8HuRXNanyvJpump

📢 Promote your tool or dApp",bot,False
solana100xcall,32049,2026-06-07T13:50:11+00:00,https://t.me/solana100xcall/32049,"🚀 $STREAK 💰 +100% AFTER VIP SIGNAL

📊 Call MC: $12.6K → ATH: $25.9K 🏆

CA: CfjapkZZkE3vyeFtGdHxG9zie336NxAHGBfMnTrSpump

📢 Reach 20K Solana degens",bot,False
solana100xcall,32050,2026-06-07T13:50:44+00:00,https://t.me/solana100xcall/32050,"🦅 DEX PAID ALERT

The Comeback Coin — $Comeback
💰 MCap: $8.3K | 📊 Vol 24h: $37.7K

CA: 6Zv9aWSGmDeAjPCTKpWC9ttRHTP8A2dQC2SzresUpump

📢 Promote your token here",bot,False
solana100xcall,32051,2026-06-07T13:53:44+00:00,https://t.me/solana100xcall/32051,"🦅 DEX PAID ALERT

Fuck it, we ball. — $BALL
💰 MCap: $15.1K | 📊 Vol 24h: $12.5K

CA: BLDHKXjmbeVTceDbo5E5XwY4Mrbx3ytWADqVHXM6pump

📢 Reach 20K Solana degens",bot,False
solana100xcall,32052,2026-06-07T13:56:11+00:00,https://t.me/solana100xcall/32052,"🚀 $STREAK 💰 +100% AFTER VIP SIGNAL  📊 Call MC: $12.6K → ATH: $25.9K 🏆  CA: CfjapkZZkE3vyeFtGdHxG9zie336NxAHGBfMnTrSpump  📢 Reach 20K Solana degens


  
🚀 $STREAK 💰 +200% AFTER VIP SIGNAL

📊 Call MC: $12.6K → ATH: $42.3K 🏆

CA: CfjapkZZkE3vyeFtGdHxG9zie336NxAHGBfMnTrSpump

📢 Reach 20K Solana degens",bot,False
solana100xcall,32053,2026-06-07T13:57:23+00:00,https://t.me/solana100xcall/32053,"🚀 $COMEBACK 💰 +100% AFTER VIP SIGNAL

📊 Call MC: $6.3K → ATH: $14.6K 🏆

CA: 6Zv9aWSGmDeAjPCTKpWC9ttRHTP8A2dQC2SzresUpump

📢 Promote your next launch here",bot,False
solana100xcall,32054,2026-06-07T14:02:08+00:00,https://t.me/solana100xcall/32054,"🚀 $STREAK 💰 +200% AFTER VIP SIGNAL  📊 Call MC: $12.6K → ATH: $42.3K 🏆  CA: CfjapkZZkE3vyeFtGdHxG9zie336NxAHGBfMnTrSpump  📢 Reach 20K Solana degens


  
🚀 $STREAK 💰 +400% AFTER VIP SIGNAL

📊 Call MC: $12.6K → ATH: $67.3K 🏆

CA: CfjapkZZkE3vyeFtGdHxG9zie336NxAHGBfMnTrSpump

📢 Promote your next launch here",bot,False
solana100xcall,32055,2026-06-07T14:04:14+00:00,https://t.me/solana100xcall/32055,"🦅 DEX PAID ALERT

Birds For Some Reason — $DANCEBIRDS
💰 MCap: $11.1K | 📊 Vol 24h: $1.1K

CA: 6YxdLcHUENznPfo8o8B1XNH3MC2ndjwfpzvxyXYQpump

📢 Promote your tool or dApp",bot,False
solana100xcall,32056,2026-06-07T14:05:45+00:00,https://t.me/solana100xcall/32056,"🦅 DEX PAID ALERT

Avaturn — $Avaturn
💰 MCap: $104.1K | 📊 Vol 24h: $185.0K

CA: 97rHiqTy2NwSwKTd8CffhnyiGVHcN5dvhNEySTGtpump

📢 Promote your next launch here",bot,False
solana100xcall,32057,2026-06-07T14:14:53+00:00,https://t.me/solana100xcall/32057,"🦅 DEX PAID ALERT

Bounty Coin — $BOUNTYCOIN
💰 MCap: $73.2K | 📊 Vol 24h: $148.1K

CA: 65fr2pDfuXWW14aCrPFBeUUgCEaUaZPuNLA1g6jwpump

📢 Advertise your project",bot,False
solana100xcall,32058,2026-06-07T14:16:43+00:00,https://t.me/solana100xcall/32058,"🚀 $AAAUGH 💰 +100% AFTER VIP SIGNAL

📊 Call MC: $11.5K → ATH: $23.0K 🏆

CA: 9S6vpXWsJ1Qnkf5QScRm44SQeMSmbZJURtrPWYnSpump

📢 Promote your token here",bot,False
solana100xcall,32059,2026-06-07T14:17:50+00:00,https://t.me/solana100xcall/32059,"🦅 DEX PAID ALERT

Justice for Billy Schmidt — $BILLY
💰 MCap: $26.3K | 📊 Vol 24h: $57.5K

CA: AiqSVmeXUPc5qLpQbYtMkaY6KDe8LBVaEyc2pCEfDNMY

📢 Reach 20K Solana degens",bot,False
solana100xcall,32060,2026-06-07T14:20:19+00:00,https://t.me/solana100xcall/32060,"🦅 DEX PAID ALERT

bountycoin — $boun
💰 MCap: $4.4K | 📊 Vol 24h: $14.0K

CA: 8ZCMoMhRF36fxzKksP91cweswQaYigPi7uqzSXhdpump

📢 Advertise to our community",bot,False
solana100xcall,32061,2026-06-07T14:25:59+00:00,https://t.me/solana100xcall/32061,"🚀 $BOUNTYCORE 💰 +200% AFTER VIP SIGNAL

📊 Call MC: $8.1K → ATH: $24.9K 🏆

CA: 26VeuC4GDotbkfo4fcVhnUbzqqZVBmuyCYn4w6xQpump

📢 Advertise your project",bot,False
solana100xcall,32062,2026-06-07T14:26:19+00:00,https://t.me/solana100xcall/32062,"🦅 DEX PAID ALERT

Bounty for Good — $BFG
💰 MCap: $39.8K | 📊 Vol 24h: $137.5K

CA: FgREDDjGKDEb2YG2RoqaYaWLrSR9g2zfFXQqG38apump

📢 Reach 20K Solana degens",bot,False
solana100xcall,32063,2026-06-07T14:29:35+00:00,https://t.me/solana100xcall/32063,"🚀 $BOUNTYCORE 💰 +200% AFTER VIP SIGNAL  📊 Call MC: $8.1K → ATH: $24.9K 🏆  CA: 26VeuC4GDotbkfo4fcVhnUbzqqZVBmuyCYn4w6xQpump  📢 Advertise your project


  
🚀 $BOUNTYCORE 💰 +400% AFTER VIP SIGNAL

📊 Call MC: $8.1K → ATH: $45.0K 🏆

CA: 26VeuC4GDotbkfo4fcVhnUbzqqZVBmuyCYn4w6xQpump

📢 Advertise your project",bot,False
solana100xcall,32064,2026-06-07T14:31:24+00:00,https://t.me/solana100xcall/32064,"🚀 $BOUNTYCORE 💰 +600% AFTER VIP SIGNAL

📊 Call MC: $8.1K → ATH: $60.1K 🏆

CA: 26VeuC4GDotbkfo4fcVhnUbzqqZVBmuyCYn4w6xQpump

📢 Promote your tool or dApp",bot,False
solana100xcall,32065,2026-06-07T14:36:17+00:00,https://t.me/solana100xcall/32065,"🚀 $BOUNTYHUNT 💰 +100% AFTER VIP SIGNAL

📊 Call MC: $14.1K → ATH: $36.8K 🏆

CA: FCyxzUW9uBjcMNuXwa1Lfam7apxkBBR4mFtomF2Qpump

📢 Promote your next launch here",bot,False
solana100xcall,32066,2026-06-07T14:38:54+00:00,https://t.me/solana100xcall/32066,"🦅 DEX PAID ALERT

Bounty For Good — $Bountycore
💰 MCap: $45.7K | 📊 Vol 24h: $142.4K

CA: 26VeuC4GDotbkfo4fcVhnUbzqqZVBmuyCYn4w6xQpump

📢 Advertise your project",bot,False
solana100xcall,32068,2026-06-07T14:41:24+00:00,https://t.me/solana100xcall/32068,"🚀 $BOUNTYCORE 💰 +700% AFTER VIP SIGNAL

📊 Call MC: $8.1K → ATH: $65.7K 🏆

CA: 26VeuC4GDotbkfo4fcVhnUbzqqZVBmuyCYn4w6xQpump

📢 Reach 20K Solana degens",bot,False
solana100xcall,32069,2026-06-07T14:42:57+00:00,https://t.me/solana100xcall/32069,"🦅 DEX PAID ALERT

the one you didnt buy — $one
💰 MCap: $20.5K | 📊 Vol 24h: $20.8K

CA: GdXm5R29zuUfJn6p2pqpTZra9GmCc6PKB4VKF2Zbpump

📢 Promote your next launch here",bot,False
solana100xcall,32070,2026-06-07T14:50:14+00:00,https://t.me/solana100xcall/32070,"🚀 $PWR 💰 +100% AFTER VIP SIGNAL

📊 Call MC: $11.7K → ATH: $24.5K 🏆

CA: 6Zjkmpm5yhQ1EsVGij96BZ7ySMdBN7ompJ1F2KH6pump

📢 Promote your token here",bot,False
solana100xcall,32071,2026-06-07T14:51:24+00:00,https://t.me/solana100xcall/32071,"🚀 $BOUNTYCORE 💰 +800% AFTER VIP SIGNAL

📊 Call MC: $8.1K → ATH: $76.5K 🏆

CA: 26VeuC4GDotbkfo4fcVhnUbzqqZVBmuyCYn4w6xQpump

📢 Promote your token here",bot,False
solana100xcall,32072,2026-06-07T14:51:51+00:00,https://t.me/solana100xcall/32072,"🦅 DEX PAID ALERT

Kittpid — $TAGOH
💰 MCap: $17.4K | 📊 Vol 24h: $56.5K

CA: 7smor16q8K3GmzLyixWfoPuSLwWQSRASUV5A8bu3pump

📢 Advertise to our community",bot,False
solana100xcall,32073,2026-06-07T14:53:48+00:00,https://t.me/solana100xcall/32073,"🚀 $BOUNTYCORE 💰 +800% AFTER VIP SIGNAL  📊 Call MC: $8.1K → ATH: $76.5K 🏆  CA: 26VeuC4GDotbkfo4fcVhnUbzqqZVBmuyCYn4w6xQpump  📢 Promote your token here


  
🚀 $BOUNTYCORE 💰 +1000% AFTER VIP SIGNAL

📊 Call MC: $8.1K → ATH: $93.8K 🏆

CA: 26VeuC4GDotbkfo4fcVhnUbzqqZVBmuyCYn4w6xQpump

📢 Promote your next launch here",bot,False
solana100xcall,32074,2026-06-07T14:57:24+00:00,https://t.me/solana100xcall/32074,"🚀 $BOUNTYCORE 💰 +1000% AFTER VIP SIGNAL  📊 Call MC: $8.1K → ATH: $93.8K 🏆  CA: 26VeuC4GDotbkfo4fcVhnUbzqqZVBmuyCYn4w6xQpump  📢 Promote your next launch here


  
🚀 $BOUNTYCORE 💰 +1100% AFTER VIP SIGNAL

📊 Call MC: $8.1K → ATH: $100.4K 🏆

CA: 26VeuC4GDotbkfo4fcVhnUbzqqZVBmuyCYn4w6xQpump

📢 Advertise to our community",bot,False
solana100xcall,32075,2026-06-07T15:04:47+00:00,https://t.me/solana100xcall/32075,"🚀 $BOUNTYCORE 💰 +1100% AFTER VIP SIGNAL  📊 Call MC: $8.1K → ATH: $100.4K 🏆  CA: 26VeuC4GDotbkfo4fcVhnUbzqqZVBmuyCYn4w6xQpump  📢 Advertise to our community


  
🚀 $BOUNTYCORE 💰 +1200% AFTER VIP SIGNAL

📊 Call MC: $8.1K → ATH: $109.8K 🏆

CA: 26VeuC4GDotbkfo4fcVhnUbzqqZVBmuyCYn4w6xQpump

📢 Promote your tool or dApp",bot,False
solana100xcall,32076,2026-06-07T15:07:21+00:00,https://t.me/solana100xcall/32076,"🦅 DEX PAID ALERT

Bounty — $Bounty
💰 MCap: $12.8K | 📊 Vol 24h: $35.3K

CA: C6LZuLSFU4XTmcNriHn3P5DV2TJ7y2Zzi7GKdih1m6aU

📢 Promote your tool or dApp",bot,False
solana100xcall,32077,2026-06-07T15:08:16+00:00,https://t.me/solana100xcall/32077,"🚀 $BOUNTYCORE 💰 +1200% AFTER VIP SIGNAL  📊 Call MC: $8.1K → ATH: $109.8K 🏆  CA: 26VeuC4GDotbkfo4fcVhnUbzqqZVBmuyCYn4w6xQpump  📢 Promote your tool or dApp


  
🚀 $BOUNTYCORE 💰 +1800% AFTER VIP SIGNAL

📊 Call MC: $8.1K → ATH: $155.1K 🏆

CA: 26VeuC4GDotbkfo4fcVhnUbzqqZVBmuyCYn4w6xQpump

📢 Promote your tool or dApp",bot,False
solana100xcall,32078,2026-06-07T15:10:10+00:00,https://t.me/solana100xcall/32078,"🚀 $BOUNTYCORE 💰 +1800% AFTER VIP SIGNAL  📊 Call MC: $8.1K → ATH: $155.1K 🏆  CA: 26VeuC4GDotbkfo4fcVhnUbzqqZVBmuyCYn4w6xQpump  📢 Promote your tool or dApp


  
🚀 $BOUNTYCORE 💰 +1900% AFTER VIP SIGNAL

📊 Call MC: $8.1K → ATH: $167.6K 🏆

CA: 26VeuC4GDotbkfo4fcVhnUbzqqZVBmuyCYn4w6xQpump

📢 Advertise to our community",bot,False
solana100xcall,32079,2026-06-07T15:12:11+00:00,https://t.me/solana100xcall/32079,"🚀 $BOUNTYCORE 💰 +1900% AFTER VIP SIGNAL  📊 Call MC: $8.1K → ATH: $167.6K 🏆  CA: 26VeuC4GDotbkfo4fcVhnUbzqqZVBmuyCYn4w6xQpump  📢 Advertise to our community


  
🚀 $BOUNTYCORE 💰 +2300% AFTER VIP SIGNAL

📊 Call MC: $8.1K → ATH: $199.6K 🏆

CA: 26VeuC4GDotbkfo4fcVhnUbzqqZVBmuyCYn4w6xQpump

📢 Promote your next launch here",bot,False
solana100xcall,32080,2026-06-07T15:15:21+00:00,https://t.me/solana100xcall/32080,"🦅 DEX PAID ALERT

Bounty Hunt — $BountyHunt
💰 MCap: $11.8K | 📊 Vol 24h: $125.0K

CA: FCyxzUW9uBjcMNuXwa1Lfam7apxkBBR4mFtomF2Qpump

📢 Advertise your project",bot,False
solana100xcall,32081,2026-06-07T15:22:21+00:00,https://t.me/solana100xcall/32081,"🦅 DEX PAID ALERT

Presidential Dollar Coin — $PRESUSD
💰 MCap: $20.0K | 📊 Vol 24h: $25.7K

CA: 37EuMzusVTkJtHKoHPYEeZrzbJ94UC17mVMb3fgvpump

📢 Promote your next launch here",bot,False
solana100xcall,32082,2026-06-07T15:24:21+00:00,https://t.me/solana100xcall/32082,"🦅 DEX PAID ALERT

Pump Clipz — $CLIPZ
💰 MCap: $15.3K | 📊 Vol 24h: $44.4K

CA: 9AkkHpXcuBY7NVm375DmpmQN2hxrdeKKaU79jiiSpump

📢 Advertise to our community",bot,False
solana100xcall,32083,2026-06-07T15:29:22+00:00,https://t.me/solana100xcall/32083,"🦅 DEX PAID ALERT

American Coin — $MURICA
💰 MCap: $1.1K | 📊 Vol 24h: $173

CA: USAn1tX6F7s46JLzeSs1x6FL1eo9h6P4KcJYY49Utbf

📢 Advertise your project",bot,False
solana100xcall,32084,2026-06-07T15:30:51+00:00,https://t.me/solana100xcall/32084,"🦅 DEX PAID ALERT

50ft Bounty Unc Mural — $BOUNTYUNC
💰 MCap: $35.3K | 📊 Vol 24h: $69.3K

CA: DZnNUj8TK715347dh6AQ9e3EcBB9VkWzcacYuTyBpump

📢 Promote your tool or dApp",bot,False
solana100xcall,32085,2026-06-07T15:49:22+00:00,https://t.me/solana100xcall/32085,"🦅 DEX PAID ALERT

Ravatar — $Ravatar
💰 MCap: $115.1K | 📊 Vol 24h: $218.4K

CA: H5G84AxUv57uFqKEMHVr39CZV2GdhHS8BgJARUn7pump

📢 Advertise your project",bot,False
solana100xcall,32086,2026-06-07T16:00:13+00:00,https://t.me/solana100xcall/32086,,bot,False
solana100xcall,32087,2026-06-07T16:02:07+00:00,https://t.me/solana100xcall/32087,"🦅 DEX PAID ALERT

The 1% — $1%
💰 MCap: $19.5K | 📊 Vol 24h: $28.2K

CA: 82JCcxBoCuBwPC6baiPEKNtWE3y9nGLAVqD9JF1Gpump

📢 Promote your token here",bot,False
solana100xcall,32088,2026-06-07T16:02:37+00:00,https://t.me/solana100xcall/32088,"🦅 DEX PAID ALERT

Pickle Pickle Pickle Sahur — $TripleP
💰 MCap: $11.5K | 📊 Vol 24h: $73.8K

CA: HuiWtuuz3F7jTUZqzANkgonAHeSD53BgE51ZTCzXpump

📢 Reach 20K Solana degens",bot,False
solana100xcall,32089,2026-06-07T16:07:07+00:00,https://t.me/solana100xcall/32089,"🦅 DEX PAID ALERT

Pump Life — $Pump Life
💰 MCap: $8.0K | 📊 Vol 24h: $4.1K

CA: 5AJ3LxAry6ZTSLeRVYTC1tjWSor667RDJzUe5433pump

📢 Promote your next launch here",bot,False
solana100xcall,32090,2026-06-07T16:11:06+00:00,https://t.me/solana100xcall/32090,"🚀 $NEO 💰 +100% AFTER VIP SIGNAL

📊 Call MC: $9.8K → ATH: $28.5K 🏆

CA: 6JGdENrmJuV4VWjkjkYdogdT8TYCV7StBjLPBxJvDLvx

📢 Advertise to our community",bot,False
solana100xcall,32091,2026-06-07T16:15:37+00:00,https://t.me/solana100xcall/32091,"🦅 DEX PAID ALERT

Neural Electronic Opportunity — $Neo
💰 MCap: $8.7K | 📊 Vol 24h: $21.3K

CA: 51yBtswwRM9w984XqFU64SSBifxYfMcszYoFTN6Mpump

📢 Promote your tool or dApp",bot,False
solana100xcall,32092,2026-06-07T16:17:06+00:00,https://t.me/solana100xcall/32092,"🚀 $NEO 💰 +100% AFTER VIP SIGNAL  📊 Call MC: $9.8K → ATH: $28.5K 🏆  CA: 6JGdENrmJuV4VWjkjkYdogdT8TYCV7StBjLPBxJvDLvx  📢 Advertise to our community


  
🚀 $NEO 💰 +200% AFTER VIP SIGNAL

📊 Call MC: $9.8K → ATH: $37.2K 🏆

CA: 6JGdENrmJuV4VWjkjkYdogdT8TYCV7StBjLPBxJvDLvx

📢 Advertise your project",bot,False
solana100xcall,32093,2026-06-07T16:23:07+00:00,https://t.me/solana100xcall/32093,"🦅 DEX PAID ALERT

SPACEX4200 — $SPCX4200
💰 MCap: $11.3K | 📊 Vol 24h: $16.6K

CA: CQ45Ph1XDpaMLRDox7d9UsjiqYnWpTRaUGh4338gpump

📢 Advertise your project",bot,False
solana100xcall,32094,2026-06-07T16:24:20+00:00,https://t.me/solana100xcall/32094,"🚀 $NEO 💰 +200% AFTER VIP SIGNAL  📊 Call MC: $9.8K → ATH: $37.2K 🏆  CA: 6JGdENrmJuV4VWjkjkYdogdT8TYCV7StBjLPBxJvDLvx  📢 Advertise your project


  
🚀 $NEO 💰 +300% AFTER VIP SIGNAL

📊 Call MC: $9.8K → ATH: $48.1K 🏆

CA: 6JGdENrmJuV4VWjkjkYdogdT8TYCV7StBjLPBxJvDLvx

📢 Promote your tool or dApp",bot,False
solana100xcall,32095,2026-06-07T16:26:37+00:00,https://t.me/solana100xcall/32095,"🦅 DEX PAID ALERT

1 ball to unite us all — $BALL
💰 MCap: $9.6K | 📊 Vol 24h: $22.0K

CA: BdUyHswhQ7dZWmmtpYjanxoTzsM8b7bimEh7i8Qipump

📢 Advertise your project",bot,False
solana100xcall,32096,2026-06-07T16:27:54+00:00,https://t.me/solana100xcall/32096,"🚀 $NEO 💰 +300% AFTER VIP SIGNAL  📊 Call MC: $9.8K → ATH: $48.1K 🏆  CA: 6JGdENrmJuV4VWjkjkYdogdT8TYCV7StBjLPBxJvDLvx  📢 Promote your tool or dApp


  
🚀 $NEO 💰 +600% AFTER VIP SIGNAL

📊 Call MC: $9.8K → ATH: $76.5K 🏆

CA: 6JGdENrmJuV4VWjkjkYdogdT8TYCV7StBjLPBxJvDLvx

📢 Promote your tool or dApp",bot,False
solana100xcall,32097,2026-06-07T16:34:07+00:00,https://t.me/solana100xcall/32097,"🦅 DEX PAID ALERT

Neural Electronic Opportunity — $NEO
💰 MCap: $14.1K | 📊 Vol 24h: $25.4K

CA: 4CPtaBR2xWhHNS7N2shXAeBNoH1tKB5CZqcNyCw1pump

📢 Promote your token here",bot,False
solana100xcall,32098,2026-06-07T16:36:37+00:00,https://t.me/solana100xcall/32098,"🦅 DEX PAID ALERT

Neo Chip — $NEOCHIP
💰 MCap: $7.3K | 📊 Vol 24h: $15.0K

CA: 745sigL2zmf8AxWJj5gKm4SDAN1RTpNhWrGXjDMdpump

📢 Promote your next launch here",bot,False
solana100xcall,32099,2026-06-07T16:40:07+00:00,https://t.me/solana100xcall/32099,"🦅 DEX PAID ALERT

Degenerate Cringe — $CRINGE
💰 MCap: $12.2K | 📊 Vol 24h: $29.4K

CA: 2Wn1oBd8scc9szRkvxDvAuj56MyrTYtG6uTh6bBDpump

📢 Advertise your project",bot,False
solana100xcall,32100,2026-06-07T16:40:07+00:00,https://t.me/solana100xcall/32100,"🦅 DEX PAID ALERT

MPP Layer — $MPPL
💰 MCap: $20.6K | 📊 Vol 24h: $8.1K

CA: AXCeFjrSnwXVzGjPewp3kzuEnGHYhvx1x53kkbh9pump

📢 Advertise to our community",bot,False
solana100xcall,32101,2026-06-07T16:42:37+00:00,https://t.me/solana100xcall/32101,"🦅 DEX PAID ALERT

SPACX26P — $SPACX26P
💰 MCap: $23.8K | 📊 Vol 24h: $35.3K

CA: 9tcb8WA9Fq9hUhdWhk2gcJjCiKB85N7AstbXCzCCpump

📢 Advertise to our community",bot,False
solana100xcall,32102,2026-06-07T16:56:07+00:00,https://t.me/solana100xcall/32102,"🦅 DEX PAID ALERT

Hotcoin — $HOT
💰 MCap: $15.1K | 📊 Vol 24h: $35.6K

CA: 4ZxsW8n11TMmB3KLTQWZrYGEromyAW3jfCsTwgaspump

📢 Promote your next launch here",bot,False
solana100xcall,32103,2026-06-07T16:58:37+00:00,https://t.me/solana100xcall/32103,"🦅 DEX PAID ALERT

Creative DIY Brainrot — $DIYB
💰 MCap: $19.0K | 📊 Vol 24h: $37.8K

CA: 4jRRgDttsW8BpmciNkTcXyiaykLfBDrN86JLmyDLpump

📢 Advertise to our community",bot,False
solana100xcall,32104,2026-06-07T16:58:37+00:00,https://t.me/solana100xcall/32104,"🦅 DEX PAID ALERT

Imma Head Out — $Out
💰 MCap: $22.9K | 📊 Vol 24h: $50.0K

CA: G3suP4ioz6LayUUGYAYeQNhLuXw8fbv1NshGVYxEpump

📢 Reach 20K Solana degens",bot,False
solana100xcall,32105,2026-06-07T16:59:22+00:00,https://t.me/solana100xcall/32105,"🚀 $OUT 💰 +100% AFTER VIP SIGNAL

📊 Call MC: $11.8K → ATH: $24.9K 🏆

CA: G3suP4ioz6LayUUGYAYeQNhLuXw8fbv1NshGVYxEpump

📢 Reach 20K Solana degens",bot,False
solana100xcall,32106,2026-06-07T16:59:37+00:00,https://t.me/solana100xcall/32106,"🦅 DEX PAID ALERT

Mineverse — $Mineverse
💰 MCap: $25.8K | 📊 Vol 24h: $21.2K

CA: dHEDFCZr12N68dPQfPuF2F1cxSRBakUgDggeRqnpump

📢 Promote your token here",bot,False
solana100xcall,32107,2026-06-07T17:04:07+00:00,https://t.me/solana100xcall/32107,"🦅 DEX PAID ALERT

GitMaps App — $GITMAPS
💰 MCap: $5.3K | 📊 Vol 24h: $31.6K

CA: saPThgPDf9JaRosFtUBjiHraDVaxx4CwHYKBbqUEASY

📢 Promote your token here",bot,False
solana100xcall,32108,2026-06-07T17:04:11+00:00,https://t.me/solana100xcall/32108,"🚀 $OUT 💰 +100% AFTER VIP SIGNAL  📊 Call MC: $11.8K → ATH: $24.9K 🏆  CA: G3suP4ioz6LayUUGYAYeQNhLuXw8fbv1NshGVYxEpump  📢 Reach 20K Solana degens


  
🚀 $OUT 💰 +200% AFTER VIP SIGNAL

📊 Call MC: $11.8K → ATH: $37.8K 🏆

CA: G3suP4ioz6LayUUGYAYeQNhLuXw8fbv1NshGVYxEpump

📢 Reach 20K Solana degens",bot,False
solana100xcall,32109,2026-06-07T17:06:10+00:00,https://t.me/solana100xcall/32109,"🚀 $OUT 💰 +200% AFTER VIP SIGNAL  📊 Call MC: $11.8K → ATH: $37.8K 🏆  CA: G3suP4ioz6LayUUGYAYeQNhLuXw8fbv1NshGVYxEpump  📢 Reach 20K Solana degens


  
🚀 $OUT 💰 +300% AFTER VIP SIGNAL

📊 Call MC: $11.8K → ATH: $52.7K 🏆

CA: G3suP4ioz6LayUUGYAYeQNhLuXw8fbv1NshGVYxEpump

📢 Advertise to our community",bot,False
solana100xcall,32110,2026-06-07T17:07:37+00:00,https://t.me/solana100xcall/32110,"🦅 DEX PAID ALERT

Coiny — $Coiny
💰 MCap: $9.4K | 📊 Vol 24h: $20.7K

CA: DFTUKcwSqXq6WmmNLgT1Ro2pYF8PNgaKff9bqggFpump

📢 Promote your tool or dApp",bot,False
solana100xcall,32111,2026-06-07T17:08:14+00:00,https://t.me/solana100xcall/32111,"🚀 $OUT 💰 +300% AFTER VIP SIGNAL  📊 Call MC: $11.8K → ATH: $52.7K 🏆  CA: G3suP4ioz6LayUUGYAYeQNhLuXw8fbv1NshGVYxEpump  📢 Advertise to our community


  
🚀 $OUT 💰 +400% AFTER VIP SIGNAL

📊 Call MC: $11.8K → ATH: $61.4K 🏆

CA: G3suP4ioz6LayUUGYAYeQNhLuXw8fbv1NshGVYxEpump

📢 Advertise to our community",bot,False
solana100xcall,32112,2026-06-07T17:09:07+00:00,https://t.me/solana100xcall/32112,"🦅 DEX PAID ALERT

NEO — $NEO
💰 MCap: $24.0K | 📊 Vol 24h: $388.5K

CA: 6JGdENrmJuV4VWjkjkYdogdT8TYCV7StBjLPBxJvDLvx

📢 Reach 20K Solana degens",bot,False
solana100xcall,32113,2026-06-07T17:12:37+00:00,https://t.me/solana100xcall/32113,"🦅 DEX PAID ALERT

SpaceExplorationTechnologiesCorp — $SPCXX
💰 MCap: $20.8K | 📊 Vol 24h: $79.4K

CA: 3J5wRqUz4PvD5guZLSW4gv1dRpwpCEmdN9Lz8cw9pump

📢 Advertise your project",bot,False
solana100xcall,32114,2026-06-07T17:13:09+00:00,https://t.me/solana100xcall/32114,"🚀 $BOUNTYGUY 💰 +200% AFTER VIP SIGNAL

📊 Call MC: $6.8K → ATH: $21.0K 🏆

CA: 4RnxhdwCJodjYrCNbSJL5yS6VTV7QMJqXFhs3c6Zpump

📢 Promote your next launch here",bot,False
solana100xcall,32115,2026-06-07T17:15:38+00:00,https://t.me/solana100xcall/32115,"🦅 DEX PAID ALERT

Black Mirror — $BM
💰 MCap: $17.6K | 📊 Vol 24h: $59.3K

CA: 6Z1T4QwGzkyqFLkd4Xqt2Xx4iSLSfjxBtrnK2SzDpump

📢 Promote your token here",bot,False
solana100xcall,32116,2026-06-07T17:22:48+00:00,https://t.me/solana100xcall/32116,"🚀 $OUT 💰 +400% AFTER VIP SIGNAL  📊 Call MC: $11.8K → ATH: $61.4K 🏆  CA: G3suP4ioz6LayUUGYAYeQNhLuXw8fbv1NshGVYxEpump  📢 Advertise to our community


  
🚀 $OUT 💰 +500% AFTER VIP SIGNAL

📊 Call MC: $11.8K → ATH: $79.9K 🏆

CA: G3suP4ioz6LayUUGYAYeQNhLuXw8fbv1NshGVYxEpump

📢 Promote your token here",bot,False
solana100xcall,32117,2026-06-07T17:26:37+00:00,https://t.me/solana100xcall/32117,"🦅 DEX PAID ALERT

tokenized happiness — $:)
💰 MCap: $19.9K | 📊 Vol 24h: $40.5K

CA: 5MJkC9fVbqTj2jRbtjUSUngE8oBRRrWjDiDkuRNmvifR

📢 Promote your token here",bot,False
solana100xcall,32118,2026-06-07T17:39:03+00:00,https://t.me/solana100xcall/32118,"🚀 $JUAN 💰 +100% AFTER VIP SIGNAL

📊 Call MC: $11.1K → ATH: $24.0K 🏆

CA: qMZBgNdqro4bPnRwAK2N6zMt1mQs1E3ceEbC1u1pump

📢 Promote your tool or dApp",bot,False
solana100xcall,32119,2026-06-07T17:40:38+00:00,https://t.me/solana100xcall/32119,"🦅 DEX PAID ALERT

FLIM — $FLIM
💰 MCap: $7.0K | 📊 Vol 24h: $3.0K

CA: 2wtP4RurWm5uUdPyQ3uwdwJbK4P2iDMKovSSc7yopump

📢 Promote your next launch here",bot,False
solana100xcall,32120,2026-06-07T17:41:26+00:00,https://t.me/solana100xcall/32120,"🚀 $JUAN 💰 +100% AFTER VIP SIGNAL  📊 Call MC: $11.1K → ATH: $24.0K 🏆  CA: qMZBgNdqro4bPnRwAK2N6zMt1mQs1E3ceEbC1u1pump  📢 Promote your tool or dApp


  
🚀 $JUAN 💰 +200% AFTER VIP SIGNAL

📊 Call MC: $11.1K → ATH: $34.3K 🏆

CA: qMZBgNdqro4bPnRwAK2N6zMt1mQs1E3ceEbC1u1pump

📢 Promote your token here",bot,False
solana100xcall,32121,2026-06-07T17:43:24+00:00,https://t.me/solana100xcall/32121,"🚀 $JUAN 💰 +200% AFTER VIP SIGNAL  📊 Call MC: $11.1K → ATH: $34.3K 🏆  CA: qMZBgNdqro4bPnRwAK2N6zMt1mQs1E3ceEbC1u1pump  📢 Promote your token here


  
🚀 $JUAN 💰 +300% AFTER VIP SIGNAL

📊 Call MC: $11.1K → ATH: $44.6K 🏆

CA: qMZBgNdqro4bPnRwAK2N6zMt1mQs1E3ceEbC1u1pump

📢 Promote your next launch here",bot,False
solana100xcall,32122,2026-06-07T17:46:08+00:00,https://t.me/solana100xcall/32122,"🦅 DEX PAID ALERT

Psyop — $PSYOP
💰 MCap: $13.7K | 📊 Vol 24h: $40.9K

CA: iUnUXzPdZrvpQzxUzJUNP4Gv9ry9U3jwpdFVHAApump

📢 Advertise your project",bot,False
solana100xcall,32123,2026-06-07T17:50:38+00:00,https://t.me/solana100xcall/32123,"🦅 DEX PAID ALERT

PumpLife — $PumpLife
💰 MCap: $7.3K | 📊 Vol 24h: $11.0K

CA: ACu3zzZntZPhPT57gj8fghKt7ZWvSpPGe1hx8scppump

📢 Advertise to our community",bot,False
solana100xcall,32124,2026-06-07T17:52:08+00:00,https://t.me/solana100xcall/32124,"🦅 DEX PAID ALERT

Trump Island — $CHAGOS
💰 MCap: $17.1K | 📊 Vol 24h: $53.8K

CA: C2GQizXEisVibGT8HR5VGXdeaz2qo2RxiC7DKoRepump

📢 Reach 20K Solana degens",bot,False
solana100xcall,32125,2026-06-07T17:57:08+00:00,https://t.me/solana100xcall/32125,"🦅 DEX PAID ALERT

Make Memes Great Again — $MMGA
💰 MCap: $9.6K | 📊 Vol 24h: $25.3K

CA: BsyG8xNQ9XzPVdTimuXfApKkTMZUr8XSh2fyXmY5pump

📢 Advertise your project",bot,False
solana100xcall,32126,2026-06-07T18:01:16+00:00,https://t.me/solana100xcall/32126,"🚀 $MMGA 💰 +100% AFTER VIP SIGNAL

📊 Call MC: $6.6K → ATH: $13.9K 🏆

CA: BsyG8xNQ9XzPVdTimuXfApKkTMZUr8XSh2fyXmY5pump

📢 Promote your tool or dApp",bot,False
solana100xcall,32127,2026-06-07T18:09:08+00:00,https://t.me/solana100xcall/32127,"🦅 DEX PAID ALERT

Restoring Humanity Project — $HUMANITY
💰 MCap: $37.7K | 📊 Vol 24h: $49.4K

CA: 23Qh8n1rrXzSb8gbKTLLi4wMHDW3GpdVkfyJXNoYpump

📢 Promote your token here",bot,False
solana100xcall,32128,2026-06-07T18:11:19+00:00,https://t.me/solana100xcall/32128,"🚀 $わらび 💰 +100% AFTER VIP SIGNAL

📊 Call MC: $9.9K → ATH: $20.5K 🏆

CA: 2extVte5P3HSffZwLDSEyq2rDvBjiFHCGyKMYjCnpump

📢 Promote your token here",bot,False
solana100xcall,32129,2026-06-07T18:12:11+00:00,https://t.me/solana100xcall/32129,"🚀 $HONTER 💰 +800% AFTER VIP SIGNAL

📊 Call MC: $35.5K → ATH: $346.3K 🏆

CA: GFjDh5ULNahwG13TBEsxrszxCKByTv6SCzfdLgWteXqk

📢 Advertise your project",bot,False
solana100xcall,32130,2026-06-07T18:15:11+00:00,https://t.me/solana100xcall/32130,"🦅 DEX PAID ALERT

Nietzschean Shiba — $わらび
💰 MCap: $17.0K | 📊 Vol 24h: $61.6K

CA: 2extVte5P3HSffZwLDSEyq2rDvBjiFHCGyKMYjCnpump

📢 Advertise your project",bot,False
solana100xcall,32131,2026-06-07T18:19:26+00:00,https://t.me/solana100xcall/32131,"🚀 $わらび 💰 +200% AFTER VIP SIGNAL

📊 Call MC: $9.9K → ATH: $33.8K 🏆

CA: 2extVte5P3HSffZwLDSEyq2rDvBjiFHCGyKMYjCnpump

📢 Advertise to our community",bot,False
solana100xcall,32132,2026-06-07T18:23:12+00:00,https://t.me/solana100xcall/32132,"🦅 DEX PAID ALERT

Gabin Newscum — $Gabin
💰 MCap: $15.4K | 📊 Vol 24h: $46.2K

CA: CwznRzb5gTk3sSzoA1sD79TRG1PEyv5baVDNPk4zpump

📢 Promote your next launch here",bot,False
solana100xcall,32133,2026-06-07T18:23:12+00:00,https://t.me/solana100xcall/32133,"🦅 DEX PAID ALERT

Bounty — $Bounty
💰 MCap: $6.7K | 📊 Vol 24h: $28.6K

CA: Gig1cwFbhBBbKTRspQXpkc73rRPP7d3e9FRf2DfDpump

📢 Promote your token here",bot,False
solana100xcall,32134,2026-06-07T18:25:05+00:00,https://t.me/solana100xcall/32134,"🚀 $WIF 💰 +100% AFTER VIP SIGNAL

📊 Call MC: $5.0K → ATH: $10.2K 🏆

CA: 2THbigBoy88uDrFubx2kt4Mp2Xe1qyRsbvsbE37uX9Jw

📢 Promote your tool or dApp",bot,False
solana100xcall,32135,2026-06-07T18:27:30+00:00,https://t.me/solana100xcall/32135,"🚀 $WIF 💰 +100% AFTER VIP SIGNAL  📊 Call MC: $5.0K → ATH: $10.2K 🏆  CA: 2THbigBoy88uDrFubx2kt4Mp2Xe1qyRsbvsbE37uX9Jw  📢 Promote your tool or dApp


  
🚀 $WIF 💰 +300% AFTER VIP SIGNAL

📊 Call MC: $5.0K → ATH: $23.0K 🏆

CA: 2THbigBoy88uDrFubx2kt4Mp2Xe1qyRsbvsbE37uX9Jw

📢 Advertise your project",bot,False
solana100xcall,32136,2026-06-07T18:29:30+00:00,https://t.me/solana100xcall/32136,"🚀 $WIF 💰 +300% AFTER VIP SIGNAL  📊 Call MC: $5.0K → ATH: $23.0K 🏆  CA: 2THbigBoy88uDrFubx2kt4Mp2Xe1qyRsbvsbE37uX9Jw  📢 Advertise your project


  
🚀 $WIF 💰 +500% AFTER VIP SIGNAL

📊 Call MC: $5.0K → ATH: $33.8K 🏆

CA: 2THbigBoy88uDrFubx2kt4Mp2Xe1qyRsbvsbE37uX9Jw

📢 Promote your next launch here",bot,False
solana100xcall,32137,2026-06-07T18:30:00+00:00,https://t.me/solana100xcall/32137,"🚀 $WIF 💰 +100% AFTER VIP SIGNAL

📊 Call MC: $6.4K → ATH: $12.8K 🏆

CA: ALUSwpfJ4eTiFnyNxad9UsAeuHcfk54Qnt7irX7CLz7s

📢 Advertise to our community",bot,False
solana100xcall,32138,2026-06-07T18:34:45+00:00,https://t.me/solana100xcall/32138,"🦅 DEX PAID ALERT

The Bounty Huntooor — $Huntooor
💰 MCap: $6.2K | 📊 Vol 24h: $20.9K

CA: 51jx1GKdtSKhwAqweSjxoyygYLbKmNwSKJcmUNrNpump

📢 Advertise your project",bot,False
solana100xcall,32139,2026-06-07T18:34:46+00:00,https://t.me/solana100xcall/32139,"🦅 DEX PAID ALERT

Make Memes Funny Again — $MMFA
💰 MCap: $14.4K | 📊 Vol 24h: $24.4K

CA: AKpbr2FxeiptNdSMSfbx85yrZktDsMpEdH9pjvzYpump

📢 Advertise your project",bot,False
solana100xcall,32140,2026-06-07T18:37:45+00:00,https://t.me/solana100xcall/32140,"🦅 DEX PAID ALERT

Win Win Win Sahur — $TripleW
💰 MCap: $4.2K | 📊 Vol 24h: $6.7K

CA: A2nHeyZsTxMWd1PFKnRD9vDr9LisHcSHnj1Qvu7qpump

📢 Promote your next launch here",bot,False
solana100xcall,32141,2026-06-07T18:38:25+00:00,https://t.me/solana100xcall/32141,"🚀 $OUT 💰 +600% AFTER VIP SIGNAL

📊 Call MC: $11.8K → ATH: $90.0K 🏆

CA: G3suP4ioz6LayUUGYAYeQNhLuXw8fbv1NshGVYxEpump

📢 Advertise to our community",bot,False
solana100xcall,32142,2026-06-07T18:40:22+00:00,https://t.me/solana100xcall/32142,"🚀 $OUT 💰 +600% AFTER VIP SIGNAL  📊 Call MC: $11.8K → ATH: $90.0K 🏆  CA: G3suP4ioz6LayUUGYAYeQNhLuXw8fbv1NshGVYxEpump  📢 Advertise to our community


  
🚀 $OUT 💰 +700% AFTER VIP SIGNAL

📊 Call MC: $11.8K → ATH: $100.0K 🏆

CA: G3suP4ioz6LayUUGYAYeQNhLuXw8fbv1NshGVYxEpump

📢 Reach 20K Solana degens",bot,False
solana100xcall,32143,2026-06-07T18:46:41+00:00,https://t.me/solana100xcall/32143,"🦅 DEX PAID ALERT

Kittpid — $TAGOH
💰 MCap: $17.2K | 📊 Vol 24h: $33.0K

CA: 9Tm6XuQUjpCD4SaKWKJVV91NcycvAq8TdEEBF92vpump

📢 Advertise your project",bot,False
solana100xcall,32144,2026-06-07T18:51:56+00:00,https://t.me/solana100xcall/32144,"🚀 $MILLION 💰 +200% AFTER VIP SIGNAL

📊 Call MC: $11.1K → ATH: $40.6K 🏆

CA: Bo6kT4SyMSPXNLwyEoWXgdWmb1aWKHbpaEU9TuYgpump

📢 Advertise to our community",bot,False
solana100xcall,32145,2026-06-07T18:52:17+00:00,https://t.me/solana100xcall/32145,"🚀 $MILLION 💰 +100% AFTER VIP SIGNAL

📊 Call MC: $11.1K → ATH: $30.3K 🏆

CA: Bo6kT4SyMSPXNLwyEoWXgdWmb1aWKHbpaEU9TuYgpump

📢 Advertise your project",bot,False
solana100xcall,32146,2026-06-07T18:53:41+00:00,https://t.me/solana100xcall/32146,"🦅 DEX PAID ALERT

The Kumar Method — $KUMAR
💰 MCap: $28.2K | 📊 Vol 24h: $6.5K

CA: AaJ8TeBife3m1VzLmeuSFFKLmnRkdS26fza9rKaSpump

📢 Promote your next launch here",bot,False
solana100xcall,32147,2026-06-07T18:54:11+00:00,https://t.me/solana100xcall/32147,"🦅 DEX PAID ALERT

The Million Experiment  — $MILLION
💰 MCap: $40.8K | 📊 Vol 24h: $61.0K

CA: Bo6kT4SyMSPXNLwyEoWXgdWmb1aWKHbpaEU9TuYgpump

📢 Promote your tool or dApp",bot,False
solana100xcall,32148,2026-06-07T18:55:32+00:00,https://t.me/solana100xcall/32148,"🚀 $MILLION 💰 +200% AFTER VIP SIGNAL  📊 Call MC: $11.1K → ATH: $40.6K 🏆  CA: Bo6kT4SyMSPXNLwyEoWXgdWmb1aWKHbpaEU9TuYgpump  📢 Advertise to our community


  
🚀 $MILLION 💰 +300% AFTER VIP SIGNAL

📊 Call MC: $11.1K → ATH: $45.3K 🏆

CA: Bo6kT4SyMSPXNLwyEoWXgdWmb1aWKHbpaEU9TuYgpump

📢 Promote your tool or dApp",bot,False
solana100xcall,32149,2026-06-07T18:58:11+00:00,https://t.me/solana100xcall/32149,"🦅 DEX PAID ALERT

Trump Bounty — $TRUMPBOUNTY
💰 MCap: $57.8K | 📊 Vol 24h: $117.9K

CA: DkS7WdH45Rsac969hweBVXXvC9B8a7kNWpFWN8R7pump

📢 Advertise your project",bot,False
solana100xcall,32150,2026-06-07T18:58:12+00:00,https://t.me/solana100xcall/32150,"🦅 DEX PAID ALERT

Pump Build — $PBUILD
💰 MCap: $7.0K | 📊 Vol 24h: $35.1K

CA: HGGjYN2vyCUm6nf7VQiFKgZxvtm4D2WvYS7RnhKHpump

📢 Reach 20K Solana degens",bot,False
solana100xcall,32151,2026-06-07T19:00:20+00:00,https://t.me/solana100xcall/32151,"🚀 $OUT 💰 +800% AFTER VIP SIGNAL

📊 Call MC: $11.8K → ATH: $110.4K 🏆

CA: G3suP4ioz6LayUUGYAYeQNhLuXw8fbv1NshGVYxEpump

📢 Advertise to our community",bot,False
solana100xcall,32152,2026-06-07T19:02:56+00:00,https://t.me/solana100xcall/32152,"🦅 DEX PAID ALERT

Trump Bounty — $TRUMPBOUNTY
💰 MCap: $89.9K | 📊 Vol 24h: $142.5K

CA: 6Eyk9AsCHs5JwMfPbGTYmRoT9AzqWH8HMwoLrBeVpump

📢 Advertise to our community",bot,False
solana100xcall,32153,2026-06-07T19:10:08+00:00,https://t.me/solana100xcall/32153,"🚀 $OUT 💰 +1000% AFTER VIP SIGNAL

📊 Call MC: $11.8K → ATH: $141.3K 🏆

CA: G3suP4ioz6LayUUGYAYeQNhLuXw8fbv1NshGVYxEpump

📢 Advertise your project",bot,False
solana100xcall,32154,2026-06-07T19:20:20+00:00,https://t.me/solana100xcall/32154,"🦅 DEX PAID ALERT

LarpGPT — $LarpGPT
💰 MCap: $14.3K | 📊 Vol 24h: $6.6K

CA: DXsowS7BCCWN5iK7KcDki8GJ3JoJcTkPLBf1yizTpump

📢 Promote your next launch here",bot,False
solana100xcall,32155,2026-06-07T19:24:39+00:00,https://t.me/solana100xcall/32155,"🚀 $PBUILD 💰 +100% AFTER VIP SIGNAL

📊 Call MC: $6.7K → ATH: $14.0K 🏆

CA: HGGjYN2vyCUm6nf7VQiFKgZxvtm4D2WvYS7RnhKHpump

📢 Promote your next launch here",bot,False
solana100xcall,32156,2026-06-07T19:24:55+00:00,https://t.me/solana100xcall/32156,"🦅 DEX PAID ALERT

The Million Experiment — $MILLION
💰 MCap: $42.3K | 📊 Vol 24h: $25.3K

CA: 72yWLCSRPf1VyGpUy2DgcKow4u2go6AWcyQZuB8Wpump

📢 Advertise your project",bot,False
solana100xcall,32157,2026-06-07T19:25:25+00:00,https://t.me/solana100xcall/32157,"🦅 DEX PAID ALERT

seized — $seized
💰 MCap: $15.4K | 📊 Vol 24h: $10.5K

CA: F5Doq5oupDZQv6tz7QyTD2ug8cCPsNNTUuTuSkKdpump

📢 Reach 20K Solana degens",bot,False
solana100xcall,32158,2026-06-07T19:31:55+00:00,https://t.me/solana100xcall/32158,"🦅 DEX PAID ALERT

Solana Life — $SolanaLife
💰 MCap: $6.8K | 📊 Vol 24h: $4.6K

CA: 98oVuRMLxjtA8c7bHbK55sCvAA2kNAt15nh3WXK4pump

📢 Reach 20K Solana degens",bot,False
solana100xcall,32159,2026-06-07T19:31:55+00:00,https://t.me/solana100xcall/32159,"🦅 DEX PAID ALERT

First Trillionaire — $ELON
💰 MCap: $7.3K | 📊 Vol 24h: $33.9K

CA: FADNLH6YgBvH7C3LpuUrMGDscxohCWfHWxRbzM9vpump

📢 Advertise to our community",bot,False
solana100xcall,32160,2026-06-07T19:31:57+00:00,https://t.me/solana100xcall/32160,"🦅 DEX PAID ALERT

Solana Life — $SolanaLife
💰 MCap: $6.8K | 📊 Vol 24h: $4.6K

CA: 98oVuRMLxjtA8c7bHbK55sCvAA2kNAt15nh3WXK4pump

📢 Promote your tool or dApp",bot,False
solana100xcall,32161,2026-06-07T19:31:57+00:00,https://t.me/solana100xcall/32161,"🦅 DEX PAID ALERT

First Trillionaire — $ELON
💰 MCap: $7.3K | 📊 Vol 24h: $33.9K

CA: FADNLH6YgBvH7C3LpuUrMGDscxohCWfHWxRbzM9vpump

📢 Advertise your project",bot,False
solana100xcall,32162,2026-06-07T19:37:21+00:00,https://t.me/solana100xcall/32162,"🚀 $ELON 💰 +100% AFTER VIP SIGNAL

📊 Call MC: $5.0K → ATH: $13.8K 🏆

CA: BeHe66NGnQ32iXxMruEuqMpaVzsQe6jakjMN5nCVpump

📢 Reach 20K Solana degens",bot,False
solana100xcall,32163,2026-06-07T19:37:29+00:00,https://t.me/solana100xcall/32163,"🦅 DEX PAID ALERT

Ronaldo — $Ronaldo
💰 MCap: $15.1K | 📊 Vol 24h: $23.8K

CA: 7D86jL6ttQd8Rd4nLfgVXKDuEMtEYVqmbWFvtj4M5o8J

📢 Reach 20K Solana degens",bot,False
solana100xcall,32164,2026-06-07T19:37:57+00:00,https://t.me/solana100xcall/32164,"🦅 DEX PAID ALERT

DECIMATOR — $DCMT
💰 MCap: $2.1K | 📊 Vol 24h: $1

CA: 8UDPu7HLhsJkEs8Qq2x7cttxubWZVFh1Qa4omzcXpump

📢 Promote your next launch here",bot,False
solana100xcall,32165,2026-06-07T19:43:04+00:00,https://t.me/solana100xcall/32165,"🚀 $ELON 💰 +200% AFTER VIP SIGNAL

📊 Call MC: $5.0K → ATH: $16.6K 🏆

CA: BeHe66NGnQ32iXxMruEuqMpaVzsQe6jakjMN5nCVpump

📢 Promote your next launch here",bot,False
solana100xcall,32166,2026-06-07T19:45:24+00:00,https://t.me/solana100xcall/32166,"🦅 DEX PAID ALERT

Official Elon Coin — $ELON
💰 MCap: $25.2K | 📊 Vol 24h: $5.1K

CA: BeHe66NGnQ32iXxMruEuqMpaVzsQe6jakjMN5nCVpump

📢 Advertise to our community",bot,False
solana100xcall,32167,2026-06-07T19:45:24+00:00,https://t.me/solana100xcall/32167,"🚀 $ELON 💰 +200% AFTER VIP SIGNAL  📊 Call MC: $5.0K → ATH: $16.6K 🏆  CA: BeHe66NGnQ32iXxMruEuqMpaVzsQe6jakjMN5nCVpump  📢 Promote your next launch here


  
🚀 $ELON 💰 +300% AFTER VIP SIGNAL

📊 Call MC: $5.0K → ATH: $24.6K 🏆

CA: BeHe66NGnQ32iXxMruEuqMpaVzsQe6jakjMN5nCVpump

📢 Reach 20K Solana degens",bot,False
solana100xcall,32168,2026-06-07T19:52:25+00:00,https://t.me/solana100xcall/32168,"🦅 DEX PAID ALERT

BoboPacks — $BP
💰 MCap: $19.3K | 📊 Vol 24h: $27.3K

CA: CDPBzztS5hjxCLPXkpkdGbxaJU9KayEegeFRcgcTpump

📢 Advertise to our community",bot,False
solana100xcall,32169,2026-06-07T19:53:53+00:00,https://t.me/solana100xcall/32169,"🦅 DEX PAID ALERT

One Coin to Hold Forever — $FOREVER
💰 MCap: $12.0K | 📊 Vol 24h: $19.6K

CA: 7pR8LcMx8AerUpSnDMfauuFDN6J5fDXU7TgXzkuupump

📢 Promote your tool or dApp",bot,False
solana100xcall,32170,2026-06-07T19:57:53+00:00,https://t.me/solana100xcall/32170,"🦅 DEX PAID ALERT

Sam — $Sam
💰 MCap: $11.4K | 📊 Vol 24h: $101.5K

CA: 27zxM8TNr21srjWhGKss1SKzPcaswb9Zv7QcohF2pump

📢 Reach 20K Solana degens",bot,False
solana100xcall,32171,2026-06-07T20:04:53+00:00,https://t.me/solana100xcall/32171,"🦅 DEX PAID ALERT

BOUNTYHOUSE — $BOUNTYHOUSE
💰 MCap: $369.2K | 📊 Vol 24h: $718.3K

CA: 8pNiw1yRRvTLQ3uSgdKVwtXgq4TBvzsRvJncW1JHpump

📢 Promote your next launch here",bot,False
solana100xcall,32172,2026-06-07T20:21:49+00:00,https://t.me/solana100xcall/32172,"🚀 $HODL 💰 +100% AFTER VIP SIGNAL

📊 Call MC: $5.7K → ATH: $12.9K 🏆

CA: BmC6GvbZBNTmSY8qhRY3hxjhG8DMK4NcvUwXD1h8pump

📢 Advertise your project",bot,False
solana100xcall,32173,2026-06-07T20:23:06+00:00,https://t.me/solana100xcall/32173,"🦅 DEX PAID ALERT

world's first trillionaire — $ElonMusk
💰 MCap: $13.9K | 📊 Vol 24h: $18.3K

CA: FPSjfuRHE6G8vvV12uEAkcPDWsYTtSmuFyqhzGGgpump

📢 Promote your token here",bot,False
solana100xcall,32174,2026-06-07T20:23:53+00:00,https://t.me/solana100xcall/32174,"🚀 $POORFACE 💰 +200% AFTER VIP SIGNAL

📊 Call MC: $3.9K → ATH: $12.7K 🏆

CA: AVGf7SEbUi4SHjkWsZkME5xX4UCkztRYw26NdjaH9hnn

📢 Promote your next launch here",bot,False
solana100xcall,32175,2026-06-07T20:24:35+00:00,https://t.me/solana100xcall/32175,"🦅 DEX PAID ALERT

HODL — $HODL
💰 MCap: $11.3K | 📊 Vol 24h: $55.3K

CA: BmC6GvbZBNTmSY8qhRY3hxjhG8DMK4NcvUwXD1h8pump

📢 Promote your next launch here",bot,False
solana100xcall,32176,2026-06-07T20:25:35+00:00,https://t.me/solana100xcall/32176,"🚀 $POORFACE 💰 +200% AFTER VIP SIGNAL  📊 Call MC: $3.9K → ATH: $12.7K 🏆  CA: AVGf7SEbUi4SHjkWsZkME5xX4UCkztRYw26NdjaH9hnn  📢 Promote your next launch here


  
🚀 $POORFACE 💰 +700% AFTER VIP SIGNAL

📊 Call MC: $3.9K → ATH: $33.7K 🏆

CA: AVGf7SEbUi4SHjkWsZkME5xX4UCkztRYw26NdjaH9hnn

📢 Promote your next launch here",bot,False
solana100xcall,32177,2026-06-07T20:29:35+00:00,https://t.me/solana100xcall/32177,"🦅 DEX PAID ALERT

Do Only Good Everyday — $DOGE
💰 MCap: $27.2K | 📊 Vol 24h: $58.1K

CA: FQXHLPpBZSwhEZoTfEoYZ3EDzZEeqyUoDraYNP3Xpump

📢 Reach 20K Solana degens",bot,False
solana100xcall,32178,2026-06-07T20:34:03+00:00,https://t.me/solana100xcall/32178,"🦅 DEX PAID ALERT

Pumplander — $PUMPLANDER
💰 MCap: $50.0K | 📊 Vol 24h: $68.3K

CA: 9RMn4cm9Ju8QKUWRgNVRG2nK7pUxpyDVXzcvHFuSpump

📢 Reach 20K Solana degens",bot,False
solana100xcall,32179,2026-06-07T20:34:03+00:00,https://t.me/solana100xcall/32179,"🦅 DEX PAID ALERT

Bountydox — $Bountydox
💰 MCap: $11.0K | 📊 Vol 24h: $33.6K

CA: 7XHEHM1DEgSSme84QDvHSMND3TnKczEinoa9h2F5pump

📢 Advertise to our community",bot,False
solana100xcall,32180,2026-06-07T20:38:01+00:00,https://t.me/solana100xcall/32180,"🚀 $POORFACE 💰 +100% AFTER VIP SIGNAL

📊 Call MC: $13.8K → ATH: $33.0K 🏆

CA: H8K2p2XfmRxDnbbje22XWdVLrL4HhhP9R7W2eWHopump

📢 Promote your next launch here",bot,False
solana100xcall,32181,2026-06-07T20:38:33+00:00,https://t.me/solana100xcall/32181,"🦅 DEX PAID ALERT

poor face — $poor
💰 MCap: $8.4K | 📊 Vol 24h: $20.7K

CA: 26igERSM2B3egu9B5gqvaLkiMTvYvzK14ihaMAX1pump

📢 Advertise your project",bot,False
solana100xcall,32182,2026-06-07T20:39:32+00:00,https://t.me/solana100xcall/32182,"🦅 DEX PAID ALERT

Poorface — $Poorface
💰 MCap: $31.8K | 📊 Vol 24h: $25.3K

CA: H8K2p2XfmRxDnbbje22XWdVLrL4HhhP9R7W2eWHopump

📢 Promote your tool or dApp",bot,False
solana100xcall,32183,2026-06-07T20:42:02+00:00,https://t.me/solana100xcall/32183,"🦅 DEX PAID ALERT

Cherls Chresthofer Whete — $penguinz0
💰 MCap: $9.6K | 📊 Vol 24h: $87.8K

CA: DxaKAWcGQUxEJEweKqUhAE1YDotCjckhZMr2jcERpump

📢 Advertise your project",bot,False
solana100xcall,32184,2026-06-07T20:46:41+00:00,https://t.me/solana100xcall/32184,"🚀 $PAIR 💰 +100% AFTER VIP SIGNAL

📊 Call MC: $7.5K → ATH: $15.1K 🏆

CA: 6oNBTiF9VsW8J1UATSgnA2XTY4G8jcbAtkQWkZbYpump

📢 Advertise your project",bot,False
solana100xcall,32185,2026-06-07T20:48:03+00:00,https://t.me/solana100xcall/32185,"🦅 DEX PAID ALERT

All eyes on this coin — $Attention
💰 MCap: $8.9K | 📊 Vol 24h: $40.6K

CA: 6oEoKhAAguXNqRHKHhXHTVKwNcpufVz8cAuWULQQpump

📢 Promote your next launch here",bot,False
solana100xcall,32186,2026-06-07T20:49:03+00:00,https://t.me/solana100xcall/32186,"🚀 $PAIR 💰 +100% AFTER VIP SIGNAL  📊 Call MC: $7.5K → ATH: $15.1K 🏆  CA: 6oNBTiF9VsW8J1UATSgnA2XTY4G8jcbAtkQWkZbYpump  📢 Advertise your project


  
🚀 $PAIR 💰 +200% AFTER VIP SIGNAL

📊 Call MC: $7.5K → ATH: $24.5K 🏆

CA: 6oNBTiF9VsW8J1UATSgnA2XTY4G8jcbAtkQWkZbYpump

📢 Advertise to our community",bot,False
solana100xcall,32187,2026-06-07T20:50:33+00:00,https://t.me/solana100xcall/32187,"🦅 DEX PAID ALERT

Someone with little or no money — $Nillionaire
💰 MCap: $6.5K | 📊 Vol 24h: $5.7K

CA: 9TBHVCmtnZ9yLdPqyXGVUTk7PH8o2qYAYz6Vj2BGpump

📢 Reach 20K Solana degens",bot,False
solana100xcall,32188,2026-06-07T20:52:03+00:00,https://t.me/solana100xcall/32188,"🦅 DEX PAID ALERT

World Oil Asset Tokenization — $WOAT
💰 MCap: $64.5K | 📊 Vol 24h: $179.3K

CA: 72nKmq8qBArmxtpfPAvB6RgtUXNc2hAHyedH8Fjjpump

📢 Promote your token here",bot,False
solana100xcall,32189,2026-06-07T20:56:33+00:00,https://t.me/solana100xcall/32189,"🦅 DEX PAID ALERT

Middle Eastern Warfare Asset — $MEWA
💰 MCap: $3.5M | 📊 Vol 24h: $45.0K

CA: mEwaWV6swGe1LfsnvAqQBT63kKmaGb3Qi1X9sUUbvzs

📢 Advertise to our community",bot,False
solana100xcall,32190,2026-06-07T21:00:33+00:00,https://t.me/solana100xcall/32190,"🦅 DEX PAID ALERT

Official Vibhu Coin — $BOUTYWORK
💰 MCap: $20.1K | 📊 Vol 24h: $34.4K

CA: EfgPzuBVLtxoBjAG2jgXkekGA8UE2KW8v3TjryY1pump

📢 Reach 20K Solana degens",bot,False
solana100xcall,32191,2026-06-07T21:00:33+00:00,https://t.me/solana100xcall/32191,"🦅 DEX PAID ALERT

Tiktok Coin — $Tiktok
💰 MCap: $5.0K | 📊 Vol 24h: $4.9K

CA: HW6ijNTvdkYpdFKEVHG1TBipXjVnWWTyMjYW5PA3pump

📢 Advertise to our community",bot,False
solana100xcall,32192,2026-06-07T21:06:03+00:00,https://t.me/solana100xcall/32192,"🦅 DEX PAID ALERT

bounty for holding — $profit
💰 MCap: $6.7K | 📊 Vol 24h: $11.4K

CA: 2JqMAKKKR32T1dsEtPhLCzFLxGoaKdP4rDBhzZKTpump

📢 Promote your tool or dApp",bot,False
solana100xcall,32193,2026-06-07T21:08:03+00:00,https://t.me/solana100xcall/32193,"🦅 DEX PAID ALERT

Pitchcast — $PITCH
💰 MCap: $5.4K | 📊 Vol 24h: $17.4K

CA: 12Km3Wih36MhLrXFLhRGBypUGCtkAgYEmvYJX5Zzpump

📢 Promote your tool or dApp",bot,False
solana100xcall,32194,2026-06-07T21:15:33+00:00,https://t.me/solana100xcall/32194,"🦅 DEX PAID ALERT

Phoenix Eternal — $PE
💰 MCap: $12.3K | 📊 Vol 24h: $27.3K

CA: Ekn6d1ZGGgvWQufmEafusgsDme4Fz2anL98nRmyRiyfi

📢 Promote your next launch here",bot,False
solana100xcall,32195,2026-06-07T21:15:33+00:00,https://t.me/solana100xcall/32195,"🦅 DEX PAID ALERT

Pair — $Pair
💰 MCap: $21.2K | 📊 Vol 24h: $83.9K

CA: 6oNBTiF9VsW8J1UATSgnA2XTY4G8jcbAtkQWkZbYpump

📢 Promote your token here",bot,False
solana100xcall,32196,2026-06-07T21:16:40+00:00,https://t.me/solana100xcall/32196,"🚀 $PAIR 💰 +200% AFTER VIP SIGNAL  📊 Call MC: $7.5K → ATH: $24.5K 🏆  CA: 6oNBTiF9VsW8J1UATSgnA2XTY4G8jcbAtkQWkZbYpump  📢 Advertise to our community


  
🚀 $PAIR 💰 +400% AFTER VIP SIGNAL

📊 Call MC: $7.5K → ATH: $41.1K 🏆

CA: 6oNBTiF9VsW8J1UATSgnA2XTY4G8jcbAtkQWkZbYpump

📢 Promote your tool or dApp",bot,False
solana100xcall,32197,2026-06-07T21:20:03+00:00,https://t.me/solana100xcall/32197,"🦅 DEX PAID ALERT

WANNABE — $WANNABE
💰 MCap: $24.1K | 📊 Vol 24h: $19

CA: 9LEWrMTbZP6AhwwK6BLiBPJFvjJf6LYKt8yUMiT5pump

📢 Reach 20K Solana degens",bot,False
solana100xcall,32198,2026-06-07T21:20:33+00:00,https://t.me/solana100xcall/32198,"🦅 DEX PAID ALERT

Stacky — $STACKY
💰 MCap: $3.0K | 📊 Vol 24h: $5.7K

CA: 3ZUarZGd5cUGUWzfvppiSdzXxGVbT5QYbSNak7Vqpump

📢 Promote your tool or dApp",bot,False
solana100xcall,32199,2026-06-07T21:20:33+00:00,https://t.me/solana100xcall/32199,"🦅 DEX PAID ALERT

Folkistan — $Folkistan
💰 MCap: $6.5K | 📊 Vol 24h: $57.2K

CA: 3xydXg8o91Mfc6hY5Nw9dV2rHmFA1a23u4tSE9BXg8QV

📢 Promote your next launch here",bot,False
solana100xcall,32200,2026-06-07T21:20:33+00:00,https://t.me/solana100xcall/32200,"🦅 DEX PAID ALERT

Bag Working Bounty Coin — $BagBounty
💰 MCap: $6.7K | 📊 Vol 24h: $15.6K

CA: 6UfwruQQaEENHYHt1tFPoVyDQuxjEHGv5CkR56R2pump

📢 Promote your next launch here",bot,False
solana100xcall,32201,2026-06-07T21:21:54+00:00,https://t.me/solana100xcall/32201,"🚀 $ELON 💰 +400% AFTER VIP SIGNAL

📊 Call MC: $5.0K → ATH: $29.5K 🏆

CA: BeHe66NGnQ32iXxMruEuqMpaVzsQe6jakjMN5nCVpump

📢 Reach 20K Solana degens",bot,False
solana100xcall,32202,2026-06-07T21:22:33+00:00,https://t.me/solana100xcall/32202,"🦅 DEX PAID ALERT

pumpfun saved my life — $pumpfun
💰 MCap: $8.3K | 📊 Vol 24h: $17.6K

CA: FPQ3tb13FvD8HctadD35EGg5sVjLVAby44VJUhAQpump

📢 Reach 20K Solana degens",bot,False
solana100xcall,32203,2026-06-07T21:23:03+00:00,https://t.me/solana100xcall/32203,"🦅 DEX PAID ALERT

Folkistan — $Folkistan
💰 MCap: $9.9K | 📊 Vol 24h: $95.0K

CA: Cgo4mEG2TMUK5uYHycw8FwRbNopXPupdrVVBkgb2pump

📢 Advertise to our community",bot,False
solana100xcall,32204,2026-06-07T21:23:03+00:00,https://t.me/solana100xcall/32204,"🦅 DEX PAID ALERT

Memes Into Money — $MIM
💰 MCap: $4.3K | 📊 Vol 24h: $45.8K

CA: 99Z5JTQs6uUGrdpXWF4ccSmu6Qkbdt3R9xowzkoJpump

📢 Promote your next launch here",bot,False
solana100xcall,32205,2026-06-07T21:23:03+00:00,https://t.me/solana100xcall/32205,"🦅 DEX PAID ALERT

$tupid Bounty — $$tupidBounty
💰 MCap: $87.9K | 📊 Vol 24h: $134.4K

CA: 6yLhaqGHPz6v232cSXmPakmDvWXUZPkPUe5RsWQipump

📢 Promote your token here",bot,False
solana100xcall,32206,2026-06-07T21:23:59+00:00,https://t.me/solana100xcall/32206,"🚀 $ELON 💰 +400% AFTER VIP SIGNAL  📊 Call MC: $5.0K → ATH: $29.5K 🏆  CA: BeHe66NGnQ32iXxMruEuqMpaVzsQe6jakjMN5nCVpump  📢 Reach 20K Solana degens


  
🚀 $ELON 💰 +500% AFTER VIP SIGNAL

📊 Call MC: $5.0K → ATH: $32.4K 🏆

CA: BeHe66NGnQ32iXxMruEuqMpaVzsQe6jakjMN5nCVpump

📢 Reach 20K Solana degens",bot,False
solana100xcall,32207,2026-06-07T21:24:33+00:00,https://t.me/solana100xcall/32207,"🦅 DEX PAID ALERT

Callout This Coin — $CALLOUT
💰 MCap: $11.3K | 📊 Vol 24h: $32.5K

CA: CXPhfaAj8e1xoaurW4uKH4n6ddY6TFcdxPmsJqXnpump

📢 Promote your tool or dApp",bot,False
solana100xcall,32208,2026-06-07T21:26:33+00:00,https://t.me/solana100xcall/32208,"🦅 DEX PAID ALERT

Click The Button — $Button
💰 MCap: $5.4K | 📊 Vol 24h: $6.4K

CA: 4mhpv19LnRGVkU5gz452wfZHmUYjKiRPbanWJRFQpump

📢 Advertise to our community",bot,False
solana100xcall,32209,2026-06-07T21:27:03+00:00,https://t.me/solana100xcall/32209,"🦅 DEX PAID ALERT

Boozebag Fitness — $BOOZEBAG
💰 MCap: $37.2K | 📊 Vol 24h: $103.4K

CA: HmmV6MbfUt1FTSSmVj4Sx1gHiJnYkgCsmbxg1kjypump

📢 Advertise your project",bot,False
solana100xcall,32210,2026-06-07T21:30:33+00:00,https://t.me/solana100xcall/32210,"🚀 $32 💰 +100% AFTER VIP SIGNAL

📊 Call MC: $7.7K → ATH: $16.2K 🏆

CA: AeqsYNmzS5qudPe6dNP4sUS9Pu3cPhKfbwoKfF1ppump

📢 Reach 20K Solana degens",bot,False
solana100xcall,32211,2026-06-07T21:38:03+00:00,https://t.me/solana100xcall/32211,"🦅 DEX PAID ALERT

America Bounty — $AMERICABOUNTY
💰 MCap: $62.5K | 📊 Vol 24h: $128.0K

CA: Hd4HQWi4SaikqWkJ3wNawdYcZYznaQSKsmPnDrn8pump

📢 Advertise your project",bot,False
solana100xcall,32212,2026-06-07T21:38:33+00:00,https://t.me/solana100xcall/32212,"🦅 DEX PAID ALERT

Bountree — $BOUNTREE
💰 MCap: $156.7K | 📊 Vol 24h: $134.8K

CA: 7EvFtRPLReCQg6AuFD9Dx3WjwG9UtDjtRMmgJyicpump

📢 Reach 20K Solana degens",bot,False
solana100xcall,32213,2026-06-07T21:44:04+00:00,https://t.me/solana100xcall/32213,"🦅 DEX PAID ALERT

NERVE — $NERVE
💰 MCap: $49.9K | 📊 Vol 24h: $32.2K

CA: 5v8mwouUyFbeB3A1fhXWMjZNNarsZpQtKuN8F7sppump

📢 Reach 20K Solana degens",bot,False
solana100xcall,32214,2026-06-07T21:45:17+00:00,https://t.me/solana100xcall/32214,"🚀 $NERVE 💰 +500% AFTER VIP SIGNAL

📊 Call MC: $8.7K → ATH: $54.2K 🏆

CA: 5v8mwouUyFbeB3A1fhXWMjZNNarsZpQtKuN8F7sppump

📢 Advertise to our community",bot,False
solana100xcall,32215,2026-06-07T21:50:03+00:00,https://t.me/solana100xcall/32215,"🦅 DEX PAID ALERT

UFC Freedom 250 — $UFC250
💰 MCap: $16.7K | 📊 Vol 24h: $8.9K

CA: CWBiRHPu2jQYjybiDtb7FnCFr9XWmmPXzGsPirC3pump

📢 Advertise to our community",bot,False
solana100xcall,32216,2026-06-07T21:56:03+00:00,https://t.me/solana100xcall/32216,"🦅 DEX PAID ALERT

Burning Benjamins — $BUSD
💰 MCap: $8.4K | 📊 Vol 24h: $49.6K

CA: F5VZrHKG5bMg8NasnwcPeMpmYuFAayaJmEGwzNTZpump

📢 Advertise to our community",bot,False
solana100xcall,32217,2026-06-07T21:56:04+00:00,https://t.me/solana100xcall/32217,"🦅 DEX PAID ALERT

GREAT MEME RESET — $GMR
💰 MCap: $146.7K | 📊 Vol 24h: $289.7K

CA: 2pLddJuHwwe2623zEsFPkD1HUCTxxECFL4hP3btupump

📢 Promote your tool or dApp",bot,False
solana100xcall,32218,2026-06-07T22:00:12+00:00,https://t.me/solana100xcall/32218,,bot,False
solana100xcall,32219,2026-06-07T22:04:52+00:00,https://t.me/solana100xcall/32219,"🚀 $LARPGPT 💰 +100% AFTER VIP SIGNAL

📊 Call MC: $14.8K → ATH: $31.6K 🏆

CA: DXsowS7BCCWN5iK7KcDki8GJ3JoJcTkPLBf1yizTpump

📢 Promote your tool or dApp",bot,False
solana100xcall,32220,2026-06-07T22:14:48+00:00,https://t.me/solana100xcall/32220,"🦅 DEX PAID ALERT

Protean labs — $PRTN
💰 MCap: $13.0K | 📊 Vol 24h: $23.8K

CA: 9SqG8VUn4LbqWd6hik5XWwD3cKCZfBCG5h8yfRYvpump

📢 Promote your tool or dApp",bot,False
solana100xcall,32221,2026-06-07T22:15:18+00:00,https://t.me/solana100xcall/32221,"🦅 DEX PAID ALERT

Dogeus Maximus — $DOGEUS
💰 MCap: $88.5K | 📊 Vol 24h: $16.0K

CA: GXWBeDWV6Vky1xLcYF7ii3vDKC9Dr4McyiJfVFs8jfws

📢 Advertise your project",bot,False
solana100xcall,32222,2026-06-07T22:20:19+00:00,https://t.me/solana100xcall/32222,"🦅 DEX PAID ALERT

Shiba wif hat — $SWIF 
💰 MCap: $22.7K | 📊 Vol 24h: $42.5K

CA: Eqtk4inT6hLYxUBpKeEkwvfEsVWCFVBE8WT14HZiKjGr

📢 Promote your tool or dApp",bot,False
solana100xcall,32223,2026-06-07T22:20:32+00:00,https://t.me/solana100xcall/32223,"🚀 $32 💰 +100% AFTER VIP SIGNAL  📊 Call MC: $7.7K → ATH: $16.2K 🏆  CA: AeqsYNmzS5qudPe6dNP4sUS9Pu3cPhKfbwoKfF1ppump  📢 Reach 20K Solana degens


  
🚀 $32 💰 +200% AFTER VIP SIGNAL

📊 Call MC: $7.7K → ATH: $23.5K 🏆

CA: AeqsYNmzS5qudPe6dNP4sUS9Pu3cPhKfbwoKfF1ppump

📢 Advertise to our community",bot,False
solana100xcall,32224,2026-06-07T22:24:10+00:00,https://t.me/solana100xcall/32224,"🚀 $GRIND 💰 +100% AFTER VIP SIGNAL

📊 Call MC: $18.4K → ATH: $38.5K 🏆

CA: 6GkxGrzysZ6aXMiaR1MJWNaesfoy82ox1Fz2fickpump

📢 Promote your next launch here",bot,False
solana100xcall,32225,2026-06-07T22:27:18+00:00,https://t.me/solana100xcall/32225,"🦅 DEX PAID ALERT

32 — $32
💰 MCap: $9.6K | 📊 Vol 24h: $21.1K

CA: AeqsYNmzS5qudPe6dNP4sUS9Pu3cPhKfbwoKfF1ppump

📢 Advertise your project",bot,False
solana100xcall,32226,2026-06-07T22:27:19+00:00,https://t.me/solana100xcall/32226,"🦅 DEX PAID ALERT

THE SHOTCALLER — $DON
💰 MCap: $18.1K | 📊 Vol 24h: $32.0K

CA: 5xKR2a7ZmzLRE5Sa7CrEAXPc1eJQzvdYr6XP3fBRpump

📢 Advertise to our community",bot,False
solana100xcall,32227,2026-06-07T22:36:01+00:00,https://t.me/solana100xcall/32227,"🚀 $WORLD 💰 +200% AFTER VIP SIGNAL

📊 Call MC: $10.4K → ATH: $37.1K 🏆

CA: BoPsRaBgRtAHDAydEdKndvnFFo1L1KCFuuqNGPnSpump

📢 Reach 20K Solana degens",bot,False
solana100xcall,32228,2026-06-07T22:37:19+00:00,https://t.me/solana100xcall/32228,"🦅 DEX PAID ALERT

Skald AI — $SKALD
💰 MCap: $114.8K | 📊 Vol 24h: $260.2K

CA: 5U93ormRHYEBBCe6YNbeYTV2avUrDL9kFGi3QsGSpump

📢 Advertise your project",bot,False
solana100xcall,32229,2026-06-07T22:40:19+00:00,https://t.me/solana100xcall/32229,"🦅 DEX PAID ALERT

World Coin — $WORLD
💰 MCap: $19.8K | 📊 Vol 24h: $55.3K

CA: BoPsRaBgRtAHDAydEdKndvnFFo1L1KCFuuqNGPnSpump

📢 Advertise your project",bot,False
solana100xcall,32230,2026-06-07T22:48:19+00:00,https://t.me/solana100xcall/32230,"🦅 DEX PAID ALERT

Ultra Sigma Donald Trump — $USDT
💰 MCap: $12.9K | 📊 Vol 24h: $28.6K

CA: CZcyy7yqnAvmLYC8FaPTWt4KcGXTGspztCHajmXHpump

📢 Promote your token here",bot,False
solana100xcall,32231,2026-06-07T22:49:49+00:00,https://t.me/solana100xcall/32231,"🦅 DEX PAID ALERT

GRIND — $GRIND
💰 MCap: $19.3K | 📊 Vol 24h: $48.1K

CA: 2E4MBM3zQ3e7uRgrndYgJpjWqcJ8ReB4vuHURjwGpump

📢 Promote your tool or dApp",bot,False
solana100xcall,32232,2026-06-07T22:56:49+00:00,https://t.me/solana100xcall/32232,"🦅 DEX PAID ALERT

Pokémon Arena — $POKE
💰 MCap: $11.2K | 📊 Vol 24h: $89.7K

CA: 79nP3DpBHnrVgzBoHk6AaxbQP5UihtHkAZYohaKVpump

📢 Promote your next launch here",bot,False
solana100xcall,32233,2026-06-07T23:00:19+00:00,https://t.me/solana100xcall/32233,"🦅 DEX PAID ALERT

pack of cigarettes — $20
💰 MCap: $23.4K | 📊 Vol 24h: $37.2K

CA: GHHyenjmTaMPbck5EmxLRRKkNCXeuawZxbzaNDGDpump

📢 Promote your token here",bot,False
solana100xcall,32234,2026-06-07T23:04:49+00:00,https://t.me/solana100xcall/32234,"🦅 DEX PAID ALERT

HYPNO — $HYPNO
💰 MCap: $69.8K | 📊 Vol 24h: $65.0K

CA: 5qvV8eKwjTMkHjLHVjtJbqCLocoynbRzWR2fhCepump

📢 Advertise your project",bot,False
solana100xcall,32235,2026-06-07T23:14:49+00:00,https://t.me/solana100xcall/32235,"🦅 DEX PAID ALERT

Solana is Life — $LIFE
💰 MCap: $17.1K | 📊 Vol 24h: $49.5K

CA: J8cXU1EFi1SCTJ9XYpBnjqQ7nVLETNLFaRaHCP3RLiFE

📢 Advertise to our community",bot,False
solana100xcall,32236,2026-06-07T23:16:42+00:00,https://t.me/solana100xcall/32236,"🚀 $LIFE 💰 +200% AFTER VIP SIGNAL

📊 Call MC: $11.2K → ATH: $37.9K 🏆

CA: J8cXU1EFi1SCTJ9XYpBnjqQ7nVLETNLFaRaHCP3RLiFE

📢 Promote your token here",bot,False
solana100xcall,32237,2026-06-07T23:18:49+00:00,https://t.me/solana100xcall/32237,"🦅 DEX PAID ALERT

Solana Life — $SolanaLife
💰 MCap: $7.3K | 📊 Vol 24h: $4.3K

CA: 6mJ4WSgAgvbBrD454GMDJxf1JhY5tncbPygeK7wNpump

📢 Reach 20K Solana degens",bot,False
solana100xcall,32238,2026-06-07T23:19:07+00:00,https://t.me/solana100xcall/32238,"🚀 $PARQ 💰 +7500% AFTER VIP SIGNAL

📊 Call MC: $8.0K → ATH: $611.1K 🏆

CA: VtwGKv7dcpY7aFb8H7MvZfEtUAKwtsHcXSkejCAparq

📢 Promote your token here",bot,False
solana100xcall,32239,2026-06-07T23:21:31+00:00,https://t.me/solana100xcall/32239,"🚀 $PARQ 💰 +7500% AFTER VIP SIGNAL  📊 Call MC: $8.0K → ATH: $611.1K 🏆  CA: VtwGKv7dcpY7aFb8H7MvZfEtUAKwtsHcXSkejCAparq  📢 Promote your token here


  
🚀 $PARQ 💰 +8000% AFTER VIP SIGNAL

📊 Call MC: $8.0K → ATH: $651.0K 🏆

CA: VtwGKv7dcpY7aFb8H7MvZfEtUAKwtsHcXSkejCAparq

📢 Advertise your project",bot,False
solana100xcall,32240,2026-06-07T23:23:30+00:00,https://t.me/solana100xcall/32240,"🚀 $PARQ 💰 +8000% AFTER VIP SIGNAL  📊 Call MC: $8.0K → ATH: $651.0K 🏆  CA: VtwGKv7dcpY7aFb8H7MvZfEtUAKwtsHcXSkejCAparq  📢 Advertise your project


  
🚀 $PARQ 💰 +9300% AFTER VIP SIGNAL

📊 Call MC: $8.0K → ATH: $752.9K 🏆

CA: VtwGKv7dcpY7aFb8H7MvZfEtUAKwtsHcXSkejCAparq

📢 Promote your next launch here",bot,False
solana100xcall,32241,2026-06-07T23:24:19+00:00,https://t.me/solana100xcall/32241,"🦅 DEX PAID ALERT

BountyMap — $BMAP
💰 MCap: $12.0K | 📊 Vol 24h: $31.5K

CA: Fj7QHmHDZuhaNHWxsxkK4mLrppGAA4urfuRSWGUYpump

📢 Promote your tool or dApp",bot,False
solana100xcall,32242,2026-06-07T23:25:29+00:00,https://t.me/solana100xcall/32242,"🚀 $PARQ 💰 +9300% AFTER VIP SIGNAL  📊 Call MC: $8.0K → ATH: $752.9K 🏆  CA: VtwGKv7dcpY7aFb8H7MvZfEtUAKwtsHcXSkejCAparq  📢 Promote your next launch here


  
🚀 $PARQ 💰 +9400% AFTER VIP SIGNAL

📊 Call MC: $8.0K → ATH: $764.3K 🏆

CA: VtwGKv7dcpY7aFb8H7MvZfEtUAKwtsHcXSkejCAparq

📢 Promote your tool or dApp",bot,False
solana100xcall,32243,2026-06-07T23:27:32+00:00,https://t.me/solana100xcall/32243,"🚀 $PARQ 💰 +9400% AFTER VIP SIGNAL  📊 Call MC: $8.0K → ATH: $764.3K 🏆  CA: VtwGKv7dcpY7aFb8H7MvZfEtUAKwtsHcXSkejCAparq  📢 Promote your tool or dApp


  
🚀 $PARQ 💰 +9800% AFTER VIP SIGNAL

📊 Call MC: $8.0K → ATH: $795.3K 🏆

CA: VtwGKv7dcpY7aFb8H7MvZfEtUAKwtsHcXSkejCAparq

📢 Advertise to our community",bot,False
solana100xcall,32244,2026-06-07T23:29:56+00:00,https://t.me/solana100xcall/32244,"🚀 $PARQ 💰 +9800% AFTER VIP SIGNAL  📊 Call MC: $8.0K → ATH: $795.3K 🏆  CA: VtwGKv7dcpY7aFb8H7MvZfEtUAKwtsHcXSkejCAparq  📢 Advertise to our community


  
🚀 $PARQ 💰 +10200% AFTER VIP SIGNAL

📊 Call MC: $8.0K → ATH: $828.5K 🏆

CA: VtwGKv7dcpY7aFb8H7MvZfEtUAKwtsHcXSkejCAparq

📢 Promote your token here",bot,False
solana100xcall,32245,2026-06-07T23:32:04+00:00,https://t.me/solana100xcall/32245,"🦅 DEX PAID ALERT

JOBCOIN — $JOB
💰 MCap: $22.5K | 📊 Vol 24h: $48.7K

CA: 8pa8QGupvVnQxFxLFKM9gjyP2twotjhjimcweJjBpump

📢 Promote your next launch here",bot,False
solana100xcall,32246,2026-06-07T23:32:19+00:00,https://t.me/solana100xcall/32246,"🚀 $PARQ 💰 +10200% AFTER VIP SIGNAL  📊 Call MC: $8.0K → ATH: $828.5K 🏆  CA: VtwGKv7dcpY7aFb8H7MvZfEtUAKwtsHcXSkejCAparq  📢 Promote your token here


  
🚀 $PARQ 💰 +10300% AFTER VIP SIGNAL

📊 Call MC: $8.0K → ATH: $837.1K 🏆

CA: VtwGKv7dcpY7aFb8H7MvZfEtUAKwtsHcXSkejCAparq

📢 Promote your tool or dApp",bot,False
solana100xcall,32247,2026-06-07T23:35:46+00:00,https://t.me/solana100xcall/32247,"🚀 $PUMPFUND 💰 +100% AFTER VIP SIGNAL

📊 Call MC: $9.5K → ATH: $24.0K 🏆

CA: dVbNPDuwjYjbKUsLKK43hRrrwE4cGBe9BDuHH5epump

📢 Reach 20K Solana degens",bot,False
solana100xcall,32248,2026-06-07T23:37:45+00:00,https://t.me/solana100xcall/32248,"🚀 $PUMPFUND 💰 +100% AFTER VIP SIGNAL  📊 Call MC: $9.5K → ATH: $24.0K 🏆  CA: dVbNPDuwjYjbKUsLKK43hRrrwE4cGBe9BDuHH5epump  📢 Reach 20K Solana degens


  
🚀 $PUMPFUND 💰 +200% AFTER VIP SIGNAL

📊 Call MC: $9.5K → ATH: $29.8K 🏆

CA: dVbNPDuwjYjbKUsLKK43hRrrwE4cGBe9BDuHH5epump

📢 Advertise to our community",bot,False
solana100xcall,32249,2026-06-07T23:39:21+00:00,https://t.me/solana100xcall/32249,"🚀 $LIFE 💰 +200% AFTER VIP SIGNAL  📊 Call MC: $11.2K → ATH: $37.9K 🏆  CA: J8cXU1EFi1SCTJ9XYpBnjqQ7nVLETNLFaRaHCP3RLiFE  📢 Promote your token here


  
🚀 $LIFE 💰 +300% AFTER VIP SIGNAL

📊 Call MC: $11.2K → ATH: $52.6K 🏆

CA: J8cXU1EFi1SCTJ9XYpBnjqQ7nVLETNLFaRaHCP3RLiFE

📢 Advertise your project",bot,False
solana100xcall,32250,2026-06-07T23:41:19+00:00,https://t.me/solana100xcall/32250,"🦅 DEX PAID ALERT

Boutyjak — $BOUTYJAK
💰 MCap: $96.1K | 📊 Vol 24h: $234.1K

CA: 6eEQtGNoQ7VaPFy3iUZBxNHU5LfvYZRep6umdbfpump

📢 Promote your tool or dApp",bot,False
solana100xcall,32251,2026-06-07T23:41:25+00:00,https://t.me/solana100xcall/32251,"🚀 $LIFE 💰 +300% AFTER VIP SIGNAL  📊 Call MC: $11.2K → ATH: $52.6K 🏆  CA: J8cXU1EFi1SCTJ9XYpBnjqQ7nVLETNLFaRaHCP3RLiFE  📢 Advertise your project


  
🚀 $LIFE 💰 +400% AFTER VIP SIGNAL

📊 Call MC: $11.2K → ATH: $58.6K 🏆

CA: J8cXU1EFi1SCTJ9XYpBnjqQ7nVLETNLFaRaHCP3RLiFE

📢 Reach 20K Solana degens",bot,False
solana100xcall,32252,2026-06-07T23:43:22+00:00,https://t.me/solana100xcall/32252,"🚀 $LIFE 💰 +400% AFTER VIP SIGNAL  📊 Call MC: $11.2K → ATH: $58.6K 🏆  CA: J8cXU1EFi1SCTJ9XYpBnjqQ7nVLETNLFaRaHCP3RLiFE  📢 Reach 20K Solana degens


  
🚀 $LIFE 💰 +1700% AFTER VIP SIGNAL

📊 Call MC: $11.2K → ATH: $208.2K 🏆

CA: J8cXU1EFi1SCTJ9XYpBnjqQ7nVLETNLFaRaHCP3RLiFE

📢 Reach 20K Solana degens",bot,False
solana100xcall,32253,2026-06-07T23:44:19+00:00,https://t.me/solana100xcall/32253,"🦅 DEX PAID ALERT

Hustle — $HUSTLE
💰 MCap: $11.1K | 📊 Vol 24h: $52.2K

CA: 4RxuoSWRJERZfUnvtS1sGjJWAVgHEVGAGnbCQpVApump

📢 Reach 20K Solana degens",bot,False
solana100xcall,32254,2026-06-07T23:44:33+00:00,https://t.me/solana100xcall/32254,"🚀 $WORLD 💰 +200% AFTER VIP SIGNAL  📊 Call MC: $10.4K → ATH: $37.1K 🏆  CA: BoPsRaBgRtAHDAydEdKndvnFFo1L1KCFuuqNGPnSpump  📢 Reach 20K Solana degens


  
🚀 $WORLD 💰 +300% AFTER VIP SIGNAL

📊 Call MC: $10.4K → ATH: $44.5K 🏆

CA: BoPsRaBgRtAHDAydEdKndvnFFo1L1KCFuuqNGPnSpump

📢 Promote your tool or dApp",bot,False
solana100xcall,32255,2026-06-07T23:49:00+00:00,https://t.me/solana100xcall/32255,"🚀 $TUNGSCREENER 💰 +100% AFTER VIP SIGNAL

📊 Call MC: $12.4K → ATH: $31.2K 🏆

CA: 5XyFn7XURFenwZ5UVRqrUgpkodKfhGGzvQaHrAefpump

📢 Advertise your project",bot,False
solana100xcall,32256,2026-06-07T23:51:19+00:00,https://t.me/solana100xcall/32256,"🦅 DEX PAID ALERT

pumpfund — $PUMPFUND
💰 MCap: $20.3K | 📊 Vol 24h: $24.7K

CA: dVbNPDuwjYjbKUsLKK43hRrrwE4cGBe9BDuHH5epump

📢 Reach 20K Solana degens",bot,False
solana100xcall,32257,2026-06-07T23:52:49+00:00,https://t.me/solana100xcall/32257,"🦅 DEX PAID ALERT

Pride Coin — $Pride
💰 MCap: $5.2K | 📊 Vol 24h: $4.4K

CA: CRrEhDuKcY5iYstTWnC9xiEB3N4ETTECL6DGimBmpump

📢 Reach 20K Solana degens",bot,False
