entity,net_attr,attr_in,all_cost,unattr,gross,x_volume,cost,n_coins,R_full,n_wallets,n_candidates,rank
DYJTG67gKdYfjRQvfemGzLrGidmPbLT5EPTnJ5RuVrJk,16914.720447881948,17433.55083089995,518.8303830179999,0.2691974520530563,17433.820028352,0.0,516.4075562759999,6,33.60163822613897,1,1,1
2aBqiwtWi3oxJ9DFLytGieRTu4YaxpuCUrkQmpC7Tyus,5820.682772603001,12691.63606809,6870.953295487,0.0,12691.63606809,0.0,6751.667049081,1359,1.8471434053301101,1,1,2
3wB1dT7Bc9as5oceJHVAQ2fS6GR6J8WmJBgH3671vSUE,5039.427281468,32615.348482523,27575.921201055,0.0,32615.348482523,0.0,27571.684402846,101,1.1827473774937827,4,3,3
F9vmGpRrhEpENTUSmoEtneGTCsNMpM2mbHtxF8WM9DPW,4557.811999413,5805.611695741,1247.799696328,0.0,5805.611695741,0.0,1246.382873124,16,4.652679202299566,1,1,4
Gy7e4mi5Rem7pt84SRHuJSLsauzDyAAWHLMqqFS5c9zF,4253.143295100463,4771.973678118463,518.8303830179999,46.61807423853771,4818.591752357,0.0,516.4075562759999,6,9.197560193680692,1,1,5
5QwZhBxQs45TyF4NVFucQwHwD6MswL7S9q4iFo2hdyb4,4244.8855553975,4677.2441999125,432.358644515,0.043918992500067686,4677.288118905,0.0,430.33963023,5,10.81797313237305,1,1,6
24VwMM5dNbDLUaQQbYQN9giyujy1Luxg1Jz4v2t8Dnqx,2845.692226754,22589.288781856,19743.596555102,0.007406110319988043,22589.29618796632,0.0,19632.99851686,499,1.1441324137075033,102,5,7
GNu5i1HXqpB3zQchEY2LVHNAdei4P97qfZEfJcUBuqRT,2740.3003361383517,3259.1307191563515,518.8303830179999,0.09884049464852687,3259.229559651,0.0,516.4075562759999,6,6.281688246933838,1,1,8
135DN9oH9vU4CLbKiC1Rj4vByAsyRstAdjrwngYLHz86,2609.6568192850004,8439.523826544,5829.867007259,0.0,8439.523826544,0.0,5776.367752534,162,1.4476357378368343,27,3,9
6LSw2UF2BA2Jckdv6LRoHh9frFLJpoiZW2dwTTgRjNwb,2151.8925270850004,6856.876855745,4704.98432866,0.0,6856.876855745,0.0,4704.663170996,19,1.4573644409348903,1,1,10
2u2tU5RgCBdphiRFpMWYtYBtnmvz2aG7QJ93U4C8NfdD,1984.2210137670004,7779.373030455,5795.152016688,0.0,7779.373030455,0.0,5795.004809276,33,1.3423932638959497,1,1,11
3bbDEL917JkpMSCBTf43azASbkttCYNYaNoQpzPLPV8X,1871.234579219,4399.485854527999,2528.251275309,0.0034054161196397886,4399.489259944119,0.0,2510.223256362,68,1.7401299852959826,16,5,12
EvD5TvP8qhhNP6K14YEkQkFtGhCvkjsKmM1iQkArmxGF,1560.5060798346544,3246.9787376726545,1686.472657838,6646.434357214345,9893.413094887,0.0,1686.392757244,8,1.9253076666153424,1,1,13
81RWVKqrgKGmP11esLs8o5p2GJD3J92zKXeWnvdm5QTL,1509.9833447990957,3844.7200683800957,2334.7367235809998,4.4299571009044705,3849.150025481,0.0,2323.834003242,27,1.6467467314614797,2,2,14
4sraryXgNHVdeFuPDabBTjSfvxU58UZTz1c71ShPK56E,1384.4107629321613,2164.2777646661616,779.8670017340003,2480.1924036758382,4644.470168342,0.0,779.8162279120004,5,2.775188281917281,1,1,15
HWGoJ1HaMFUiDgfD7FVxMaYJAE2A5JjF7si6CgWSvRFQ,1146.0278523563231,2496.172299251323,1350.1444468949996,642.5650940532913,3138.737393304614,0.0,1350.1444468949996,412,1.8488186986154744,1,1,16
9zWbVh6Gx4sAq6Nv3MPmmBV5TGfd6F2Zhp4XGwyAmYtN,1144.138883588,1428.021848268,283.88296468,0.0,1428.021848268,55.845165009,227.99799746899998,9,5.030318919903144,1,1,17
A4eLD8Jme4DgfZ2xCsiPnxcGjHfqLwPMD8bWKQgBMLsu,1091.6070480840003,1119.9040035750002,28.296955491000002,0.0,1119.9040035750002,0.0,28.170532128,5,39.57683730078989,1,1,18
3MGGxpGBQDRtjtNpZhk3NQGrmrJRnGTgVzfrNyZuhgxN,984.8455811819999,1409.055342183,424.209761001,0.0,1409.055342183,0.0,419.999999972,28,3.321600471564063,1,1,19
2HMdJbv9bUQUL5zZCBG35kkUwYrfzvH5r5vkaVqAanmj,909.0407600240001,2370.1400312279998,1461.099271204,0.0,2370.1400312279998,0.0,1446.50486682,40,1.622162215764379,14,1,20
32XV2kVEEeTDThf4Q6CT6s1Rj9oCXP49ftPHdy9kJrP1,867.835989231,1216.912404666,349.076415435,0.0,1216.912404666,0.0,344.999999977,23,3.4860917290833013,1,1,21
E4EzXdwf7NNdqM2XGswWaWHfxgucVCo24PTCcrimTKBz,819.8583689710001,5752.848582848,4932.990213877,0.0,5752.848582848,0.0,4484.710562635,1722,1.1661990665752093,1,1,22
38Fgtgr65fZD1dyTGZ8eHMNoJiP9ArHQXKLAnQxF4PuC,792.782579129,2516.193484203,1723.4109050739999,0.0,2516.193484203,0.0,1702.666944072,61,1.4600078697395498,9,2,23
ArpFRpuzjvzzsnUm6NsZCKKUKmQaRURq2iiv7QFpyqBL,776.5002558137285,14043.711264802729,13267.211008989,0.0,14043.711264802729,0.0,13145.750827916,4633,1.0585277685933858,1,1,24
7ymbHaQptDPSNvkMFGQdJ2niEsFgUD6GfGiYmb76pjAH,758.1409192689999,1243.383046193,485.242126924,0.0,1243.383046193,0.0,479.999999968,32,2.5623971563947543,1,1,25
t3sipR2q5TH1GafmfvqEwbfrjf6eJc5NdPYNRjTq35D,728.874892580446,991.473409941446,262.598517361,0.0,991.473409941446,0.0,259.808584181,28,3.775624553806774,1,1,26
2UmkmsL7myuAX6NbYU2UyDiKR5g4w7qcJCGaNKsZnvcy,717.6733515050007,781.3090752680008,63.635723763000016,0.0,781.3090752680008,0.0,63.581323349,5,12.277837495458495,1,1,27
GMWBrhES3DmveSMAtZnA7pWvGNWgBpKcq3xhcxA4qptC,692.8266297570001,733.1068268980001,40.280197141,0.0,733.1068268980001,0.0,40.116580562,8,18.200179714408417,1,1,28
3wEvLZkv9HScezTauYVPvAgYHat3PJziA6CHUrNBKknj,682.2485816415962,1646.126210180596,963.8776285389997,4225.631873892404,5871.758084073,0.0,963.8173634889997,5,1.7078165956353988,1,1,29
5enFLaV3ZBNhU8M5CdVGMeNSMjbcjFERAxgwoi6DSDL,682.120517789,1751.498785586,1069.378267797,0.0,1751.498785586,0.0,1068.767915357,15,1.6378664485058403,2,1,30
27VSifqHkBVNCGsVVbda64onBZmRhGpB2Zg4pZwf3jZs,675.9358260519999,3113.937061615,2438.001235563,0.003565764045563863,3113.9406273790455,0.0,2436.814471266,91,1.2772499932289443,22,2,31
73zm5te9V3yLoiESNy1qC7Trq2yXP8zMfK19HHNdiZFr,664.4671689329845,5183.022119872974,4518.554950939989,125.97817785235652,5309.00029772533,170.13631647699998,4341.420991173989,65,1.1470530238422256,1,1,32
5qFyx4UQg5dwW66JTXSkTn4Pvwu8YA37P1FkUPNWfNEw,654.5822233060001,1079.336226347,424.754003041,0.0,1079.336226347,0.0,419.999999972,28,2.541085472107524,1,1,33
ALVMJ9bny8tFT7AapoVbbzrgCYzrjy8iHw6EHFaehgZZ,647.2226335598083,1146.8099339968082,499.587300437,45.21902724769557,1192.0289612445038,74.73585258199999,424.53287822,540,2.295514583724743,1,1,34
2ZVMUZteEmL6NQ1oDimiWFWTrUALp2G325X4EDFFRkXV,633.9626744190003,875.8821720720002,241.91949765299998,0.0,875.8821720720002,0.0,239.58674801299998,27,3.6205522108363994,1,1,35
22byfxorYKFAnteD7nphLtNWT892EvRdvxJ2EUMgoehn,632.981152765,1593.135267973,960.154115208,0.0,1593.135267973,0.0,948.989296963,48,1.6592495337354005,6,2,36
2NwJxx3ZY3HPAe51zgcPAvMehrhKA9qvL1zcRwZPkfL3,607.120798459,1351.339294166,744.218495707,0.0,1351.339294166,0.0,732.5186102380001,38,1.8157830018484578,8,1,37
7ufmve7ZSFCzuNcKRunYrGtyb2Ka1MXzkWwf7jZhVsmL,596.775536257,887.718207558,290.942671301,0.0,887.718207558,0.0,284.28888888,19,3.0511791329488243,1,1,38
F3i1cr6MnAn7Xq6rGN6DRDzLSCqYiy2fbarcTztoKqVP,591.0280458430001,894.399350634,303.371304791,0.0,894.399350634,0.0,299.99999998,20,2.9482002302431796,1,1,39
GghmQaR563bQxEQwnob3TFmUmFzcJNgppcyMST7RVysr,578.7679297999999,1232.673375729,653.905445929,0.0,1232.673375729,0.0,647.7407921820001,49,1.8850942187486257,1,1,40
15bk3oowL8Hck6WLBXF5WkC6QvzbfR98avFNhgp2Vvx,570.275160416174,5904.314408950174,5334.039248534,155.49228531382593,6059.806694264,0.0,5326.061528525,80,1.1069124417434513,32,5,41
6gbRF3iu89hpq6ewz2u53vWvnijttkNwvmQQwsr42fcS,564.517146095,929.208295391,364.691149296,0.0,929.208295391,0.0,359.999999976,24,2.5479321260873595,1,1,42
FYX5JQ2kP7TD8gWb9WP1tjmwWWUAzi8edEZTr5Z8F1ck,557.6770274672949,45285.657236944295,44727.980209477,0.003730278704906198,45285.660967223,0.0,44096.654999228,1481,1.0124681916074791,1,1,43
31HPt5v1zLzBM9CvfnHj467e1q7bvieJk8845kP6M8HF,539.6166248470014,989.9732626120013,450.356637765,0.0674708869986789,990.040733499,45.0,404.921593372,28,2.198198448955865,2,1,44
EC8XFdGbKPu76SewvXGDHh2oqhpYViicGLY6ddgafzWn,528.259801338,871.516909265,343.25710792700005,0.00014212595164801568,871.5170513909517,0.0,340.999999989,10,2.538962454494443,1,1,45
3neM8FZ2nJK1P3MuaQEDQKF5Vs9tXe85dJjbZpyuTuJy,517.227430257,881.3209314750001,364.093501218,0.0,881.3209314750001,0.0,359.999999976,24,2.420589569785569,1,1,46
C3irJJnfcioeyFQ7nhNQrEV9jShQiqfFKG7bvcf11JwH,506.56900627899995,2061.610662942,1555.0416566630001,0.0,2061.610662942,0.0,1534.2699030170002,553,1.3257591229845624,1,1,47
BbHjD6y2cwzNefXq1krkUyuDVbdkCzVP6RshSeAbvoxZ,501.8271760826453,755.1703233316452,253.343147249,0.0251931023547398,755.1955164340001,0.0,250.184198425,38,2.9808200124293123,1,1,48
BCMbtr3X7JzSvRxceeERkJMuJq4gEmxy123S2vfBvttv,493.8263564127564,551.2041701617563,57.377813749,0.08631335724360106,551.290483519,0.0,57.214044986999994,16,9.60657324053869,1,1,49
ForapMTg4SKR9rHxrfRHL3p1ZD9UeVnStXMEqHY5Ws4C,492.11744954985875,1075.1769609858588,583.0595114360001,3.358104100348021,1078.535065086207,0.0,580.062868915,35,1.844026106936901,1,1,50
2X6rVA7KuqEdmftbzyoCVRSWnSbqdtdeSzUS8BnUhfFy,490.9725271450001,544.5269637130001,53.554436568,0.0,544.5269637130001,0.0,53.453327358,10,10.167728364046825,1,1,51
itiXvAsc4sZWyisWVvG6FdAfRvJa1nvh8DwgGDbGtWW,488.67424127400005,777.0355678450001,288.361326571,0.0,777.0355678450001,0.0,284.999999981,19,2.694659429837514,1,1,52
CKjrQ9nQNEFQp3PZ9oVrHXeiobxxyxAzsjyDyabHvnwp,477.213573275,3410.245144446,2933.031571171,0.0,3410.245144446,0.0,2932.570806074,23,1.1627031832747965,1,1,53
CQyBKhJMvj32irbUGw5i7Bomj6SgxHZMcsnb4HbXM3Mc,475.69664263800036,812.0863541450003,336.38971150699996,0.0,812.0863541450003,0.0,336.3380770599999,7,2.4141236380474185,1,1,54
G3rfSianfqVWjSUptPE9CbqCr47fayoRTPK1K4oeTG5C,474.55870635800005,1227.913510597,753.3548042389999,0.0,1227.913510597,0.0,744.984298506,42,1.6299272317475624,1,1,55
2V6oHwhG6Wxm72uSsXwG5Uami17M58cjHr2AVos51jxT,471.524266524,699.307291631,227.78302510700001,0.0,699.307291631,0.0,223.457911654,49,3.0700588478992397,1,1,56
8zX6QJscxXTVtYYiWTtC1f1xGPwP4tibPynWXMrkNng4,463.8520922554957,6876.761505803496,6412.909413548,0.0,6876.761505803496,0.0,6292.619959205,79182,1.072330990872186,2,1,57
3QNKcR8g3dPFNNepFecAxjPLFdzC1cMJkSGuNptPU2UU,462.058957754,2890.546806291,2428.487848537,0.005028028461099745,2890.5518343194612,0.0,2379.611120839,169,1.1902661189070225,7,1,58
3HEGr2RhTsGPsapbYXMhMzSX7qF3cHW4DCSKF6JofMH2,456.06434107300004,698.939853186,242.87551211299998,0.0,698.939853186,0.0,239.999999984,16,2.8777699616781955,1,1,59
3b4RvKjtETBX4NdA6XgFQTmFDPzDP6Us4nLXv8FEjsrp,455.785248806,2799.004787764,2343.219538958,0.0,2799.004787764,0.0,2342.456362061,17,1.1945123968233389,1,1,60
3cCjvEQiQAz17VqRtpgpwXAsbBqSXEFgxMFnHi6Jsgcn,449.468600289,703.065680845,253.597080556,0.0,703.065680845,0.0,249.175724592,49,2.772372928361638,1,1,61
HQMsv1Dxb72zWq1Xn63pzm1RKShjetsguWr87UZuA1wG,440.8343544318591,679.7077827918591,238.87342836000002,0.0,679.7077827918591,0.0,229.688755668,44,2.845472547777432,1,1,62
DvFvfVYSs89ovkVxUkVGmdYMzdQSaYkAdaVz81fA1pxQ,439.27173237000005,665.5358918600001,226.26415949000003,0.0,665.5358918600001,0.0,226.20319260000002,5,2.941411018696552,1,1,63
9Jt61FhAVoKsWukKJ4YP3YqLnix73M7jTJh8kEvdTrPN,435.3447997050001,491.8058890600002,56.461089355,0.0,491.8058890600002,0.0,56.439622076000006,5,8.710527810892255,1,1,64
6CYroyv96wFVTqi7XvCm2coATpoiz2TLuX6Qbufj8WB1,434.548679352,976.196703653,541.648024301,0.0,976.196703653,0.0,534.541950504,57,1.8022713272383624,1,1,65
99kZbsmqacHzCBotcXEc1LXdRdH7jEtCUunUucS2GiWo,425.627322892,724.987461433,299.36013854099997,0.0,724.987461433,0.0,294.60436984,46,2.4217902388955057,1,1,66
BTAyNAFhBJY38ZXp6yvNJGP4V6SqxJzpcXUQkXhwW5zP,423.54290754934686,1096.9316579553467,673.3887504059999,2.2100898928101564,1099.141747848157,0.0,658.273722593,49,1.6289723540733108,2,2,67
FALZHX9hrxkK1hnA1PjP2rp5ivh6QA2cHpRKagH7z7xH,422.233230357,607.2889022420001,185.055671885,0.0,607.2889022420001,0.0,184.196044644,17,3.2816551692584186,1,1,68
2jfejFrvhm6fcPCQsHEiEtvE3Ck994UMAZz44YqLq2Pj,417.1397159949999,1883.28745225,1466.147736255,0.001866388,1883.289318638,0.0,1464.637318543,123,1.284514108421642,1,1,69
5X8pBaf3k7X9ZiSagYeHyucaeE2PZzDJ8xfgw4jwKcZG,412.17040936300003,1065.924348413,653.75393905,0.0,1065.924348413,0.0,647.092237808,56,1.6304671907016635,1,1,70
51gbjCN1ozRS8RCxHgZuQUTsvFgu7rB6dUMGjTtPyK8d,412.00064059646354,778.0588778954636,366.05823729900004,96.08653610153641,874.145413997,0.0,356.657438169,297,2.125505721812066,6,1,71
9iazUCkaBKMoHpxk6JJsUstE9Kezx3eR6ZtqYX1Zze54,411.08991411685355,557.5531613088534,146.463247192,0.0,557.5531613088534,116.0,27.393409878,11,3.8067786424122625,1,1,72
GpHiSDEgHDHsh9BSprxfDYPoYxEj6NoYX8VWhF2SQruB,409.5415275380001,713.299252567,303.75772502899997,0.0,713.299252567,0.0,299.99999998,20,2.3482505753521195,1,1,73
3BGdkxHrt8oECQ4VYQ7K6oWHBrxJ8E5pAvhh35kiTg3y,407.36686913411205,447.6860559631121,40.319186829,0.10994291288791645,447.795998876,0.0,40.252402291,16,11.10354873628327,1,1,74
Btd7CKnLbLsYHK3CmUuoN1VVWgCdcZ6yf51ntpnWCz9f,397.3361906450002,665.8976479820002,268.561457337,0.0,665.8976479820002,0.0,262.613646254,10,2.47949819227563,1,1,75
5qGAVspffMQiFZhkvXzikUNYM8fNLB6jAPReJuRWknT,396.10688367000006,425.9465416310001,29.839657961,0.0,425.9465416310001,0.0,29.776563969999998,7,14.274511530517744,1,1,76
CDyhUVdRQ99n9a95nELtHD919dKJTNpvtH6CpieSvyrn,395.21571173200005,3155.946195692,2760.73048396,0.0,3155.946195692,0.0,2689.56740688,83727,1.1431562095714252,1,1,77
5LfuLzx6c7BHrjmQrH2XhtFiaXBjsvybEfs5AoQjgL1U,390.03811704599997,690.761838836,300.72372179,0.0,690.761838836,0.0,300.49069788599996,30,2.2969981706942613,6,1,78
4RE5CD3jdx3uYdERvW2vMbnKJK5e4cNE1gFEvfAaztAL,387.52257003000085,5690.7663662800005,5303.243796249999,0.0,5690.7663662800005,3.0,5087.7130672289995,622,1.0730727428190316,4,1,79
ETRm9JSMa4zCTy6G3XFkvAzAYrEBi9qK85XTmZHTmRyE,384.2217094088671,618.7510835998671,234.529374191,0.0,618.7510835998671,0.0,226.193261178,44,2.6382668940051754,1,1,80
3vJFTaHe6KsYV4dRaPqkZ8MZtaWLTuYkpcspfZPmZQiQ,383.73068989121776,2152.899711947218,1769.169022056,20.401244523139177,2173.300956470357,0.0,1666.697190596,72,1.2168988293980378,7,1,81
Ar2Y6o1QmrRAskjii1cRfijeKugHH13ycxW5cd7rro1x,380.3492759161104,13899.88827357111,13519.538997655,0.0,13899.88827357111,0.0,13508.777667243,1273,1.0281333021770995,1,1,82
7BbYhLfW74zRHuxBKW2thtFspuWHYfXBuCqjHvGqpwp2,378.94274773339447,502.47082716039444,123.528079427,15.682476341464389,518.1533035018589,0.0,121.612866073,14,4.067664853943868,4,1,83
Ae6maBjVDHysTDJqRi3vZdoEkCVzdVpSjBQN57wnqDED,377.42428665300014,551.5527365420002,174.12844988900002,0.0,551.5527365420002,0.0,172.449192554,11,3.16750500503274,1,1,84
BDJfCNp3aVCcM91xoj7z2dTBC11SVzJfVts8xmmMw9vG,374.5953182700001,1028.7596835180002,654.164365248,0.0,1028.7596835180002,0.0,649.382103418,11,1.5726318004619337,2,1,85
HSeCG7T2KCTuVAARGXZuxBNZg6pas1EdJdjn7Xyy1ENB,374.1111366239999,655.798239756,281.687103132,0.0,655.798239756,0.0,279.021957412,25,2.328108857183602,2,1,86
21Bw8GZbpMcH1LqNScefxMxybRRQVsbL9YnqiGK3onik,371.525791044,723.747441635,352.221650591,0.0,723.747441635,0.0,341.943523276,77,2.0548067968581973,1,1,87
CbtBvpGhqX7kJ6eXkNWcy7ES9B7xK2HTfbpMqLojCRd5,371.33344490229587,580.8623026822959,209.52885777999998,62.854718182655034,643.7170208649509,0.0,209.50857315999997,8,2.7722305597264634,1,1,88
4vw54BmAogeRV3vPKWyFet5yf8DTLcREzdSzx4rw9Ud9,366.6248657381181,3334.7483683751184,2968.123502637,336.98170516952,3671.7300735446383,0.0,2910.078551097,1235,1.1235207582879871,3,1,89
B2JHj5w9CCxcktvoUG2J69GeLFaBv5HpZAwuQU3QsgaX,357.36519901089196,637.184177107892,279.818978097,0.0,637.184177107892,0.0,277.484285531,414,2.277129955377831,1,1,90
6A59APPsPXCBbMZJsAKfMSf1tiXnYFxWM4Ho3b78dAeP,355.40979897500006,1749.111693872,1393.7018948969999,0.0,1749.111693872,0.0,1344.272384062,481,1.2550113480338392,2,1,91
36D9chrXKU4jBQFoghuaqsCCM94pp6ajN9Nif2qQHZun,353.413121898,1790.721661237,1437.308539339,0.0,1790.721661237,0.0,1415.361035912,3949,1.2458853560144647,4,1,92
3hatxWmaraqxDhC4TBQ2VGLve9G5NyHWn56wSc83Fp68,351.11869570399995,673.125177012,322.00648130800005,0.0,673.125177012,0.0,321.88742770700003,8,2.0904087839404513,1,1,93
2KvpftpPn2kToZZUXHT7ENkYrcitjyECxqwhFpc2E19t,346.62179826199997,2148.409611673,1801.787813411,0.0,2148.409611673,0.0,1786.866990091,47,1.1923765915620241,28,1,94
9nhLvc7Nbj1r1sMLePm6z1wV4Znd35HM3ptpfDH67ZtU,341.07636462245506,596.020445702455,254.94408108,0.14973553375702497,596.1701812362121,0.0,252.260226375,41,2.3378477475436164,1,1,95
CEAzCTMfAMTjioFPym5J4yc5wXdAnyeoZFh6bQxk4jQG,337.61840204294384,1600.4393340969439,1262.820932054,20.97698801667772,1621.4163221136216,0.0,1254.1669499939999,190,1.2673525544859332,3,1,96
CByEWihemK38wBVUh1G5pjrSoWxzcxxg2FPPE8x7EfAJ,337.10370895182837,971.7094609688284,634.605752017,10.988516066171897,982.6979770350002,0.0,634.491552337,26,1.531201786117435,1,1,97
D6Fuvs4DATozxeV5fdr14xtZYCQDRfZzEmhGrjm3BgwG,329.781944234,2366.750374348,2036.968430114,0.0,2366.750374348,0.0,2009.797067724,506,1.1618984071420015,1,1,98
7KreraVsR1J1Xm2bBE4U45cu3U5RTYuhrv2eNBgzfuLv,324.73944784148887,1061.288440938489,736.5489930969999,3044.285935750511,4105.574376689,0.0,736.4986364079998,5,1.4408932072203953,1,1,99
2dZsyviNQRVx1rqK6NyPTJRJfkq5FRzkovpEyT46AoAC,323.95646645129966,14166.6373245573,13842.680858106,1.5401323755169396,14168.177456932817,2.3337274839999997,13836.734838115,689,1.0234027259439127,2,1,100
98kY44KCUaPwieNfiR9LTuwEFtcvu5Hn8BmiRSF2Xtu3,323.4110670260002,6012.976931974,5689.565864948,0.0,6012.976931974,0.0,5210.929360896,1289,1.0568428373451928,1,1,101
4Y5kP4tjiZJwhHwCbDBuKQeZpj58sRBksHuRKxf7Kt9y,320.847299308,482.647882083,161.800582775,0.0,482.647882083,0.0,159.999999968,32,2.9829798743937186,1,1,102
7LBoKCAqv6BYBzNm2uFWckerWqjjBByQG1EcRDZTpAmZ,319.47469409341863,471.90612651441865,152.43143242099998,0.054942931373523234,471.9610694457922,0.0,151.743572156,29,3.0958583739544108,1,1,103
83dv2c4ovnaRwnJ8vdu4zTKBcBpd51VbhaDW3NymkEir,318.3948954879346,1466.3752598429346,1147.980364355,86.92039887565629,1553.2956587185906,70.41720000000001,1076.912089263,27,1.2773522138306146,2,1,104
257NW6dpsweSLuWuCzn2NhYmwRKkZ152me9h7hxZwqJr,305.24148481199995,609.40903423,304.167549418,0.0,609.40903423,0.0,303.959019418,15,2.0035307362539325,1,1,105
7BNaxx6KdUYrjACNQZ9He26NBFoFxujQMAfNLnArLGH5,303.297522797001,13625.354582451,13322.057059654,0.0,13625.354582451,0.0,13318.348146127,843,1.0227665683639457,1,1,106
FiFawHqxeTVBhv6YbqbLwDVuvokRpPUM1bNwAyxhGc6W,302.95591864000005,3589.600578887,3286.644660247,0.0,3589.600578887,0.0,3117.734840608,1387,1.0921778743848847,1,1,107
F65G3ABGPoDTYoJLdq1vP8G66X7hqGYE5inrNGb4U7Mu,301.66121055252296,2298.476205821523,1996.814995269,43.29104826647727,2341.7672540880003,0.0,1988.683864992,71,1.1510711864981185,1,1,108
4v36SDALauVqt28Ku76Z6f5rntcQ4zpbQYQ7ThsVisLM,300.85835511000005,345.60703193000006,44.74867682,0.0,345.60703193000006,0.0,44.721258749,5,7.723290530358972,1,1,109
CJBRLNdjMd6TcsLUpdWxgyFNJfJP7PCABDjtEsGTaceS,296.311309357,605.004097277,308.69278792,0.0,605.004097277,0.0,304.38529991,47,1.9598906127790432,1,1,110
3AEKN6MpfCx1rnYCM7E3EjxwrQnbSdNpYKZYtHJ3M9yV,295.35123791500007,1554.808015311,1259.456777396,0.0,1554.808015311,0.0,1246.763062764,30,1.2345068470913751,28,1,111
55pbD9gt6ftSfu36XhZX3Hheqg4rqvoG7Ydr3mhZgTah,293.8513346025441,2185.198622102544,1891.3472875,0.0,2185.198622102544,0.0,1865.686313856,482,1.1553661437773066,1,1,112
BG6CpjMvUquSatduvNu6urdMj9m3Lr2bbFtDhDu3q55n,293.65587521900005,318.25163933000005,24.595764110999998,0.0,318.25163933000005,0.0,24.367847568000002,9,12.93928653298752,1,1,113
DxQ1iNidsGap2kr14VdEzA8NheqXabfh6fRkvZQbnZVY,289.468649436,465.03346890200004,175.56481946600002,0.0,465.03346890200004,0.0,170.12100289400001,21,2.6487850488295503,1,1,114
4hunPcMrw2zd56STsYkFNhu1k75JF5DMps1JR6xntPCy,285.98138711100006,513.4484640779999,227.4670769669999,0.0,513.4484640779999,0.0,227.0299993329999,153,2.257242986212414,2,1,115
2rd84cLTr3Zwum9tczDhEqKSQFgkur5nNg8KKPpdG9td,285.473485118,3941.770995089,3656.297509971,0.0,3941.770995089,0.0,3599.466420756,591,1.078077203602686,4,1,116
2cxjRs8bt5EBxbcSJkY1AXLX5UCYq23pWn83EckDMdCv,284.49216653868376,1692.6588273216837,1408.166660783,108.03502484932547,1800.6938521710092,0.0,1399.328518396,241,1.2020301818397647,5,1,117
ByUDHgDtJFVu75WhK8oetH6sy1kgqQV3Bjc7SbmpjCs,279.1343934212012,1208.3759191012011,929.2415256799999,55.961419572798825,1264.337338674,0.0,927.8654281729999,94,1.3003894958492481,1,1,118
6Qibm6PzdhDLRnCKGQmY8uAQhffyozPY26Pt8ZeTQZix,276.64129749800003,957.752269436,681.110971938,0.0,957.752269436,0.0,673.334062831,70,1.406161857458937,1,1,119
2KP9miexioqgNbjPwysggcbi3sKqhH8JsPaDmFxRPURD,276.3363589300001,2315.105429808,2038.7690708779999,0.0018597560622316722,2315.1072895640623,0.0,2016.630124504,30116,1.1355407843277685,2,1,120
5bKW8DHjd92rRnEJV32vJF1n4CQqJ9gVFtNJLCVScKeB,276.22429474330124,668.6378849473012,392.413590204,1.1274931938489128,669.7653781411501,0.0,391.898302102,29,1.7039111326386616,1,1,121
4LXAFVZUUTdcqLCmgHq2NZmgLB2arRxp9wuYVa6rnx5C,275.4876043871704,694.6427576491703,419.155153262,41.33489994482966,735.977657594,0.0,412.85149577100003,48,1.6572449419820736,2,1,122
AMEd7bE5CYSEpVpQZK8r5rKMJZrhAdg6bnaJ7qum2ssV,274.510465786,819.699658012,545.189192226,0.0,819.699658012,0.0,536.416151283,133,1.5035141372945737,1,1,123
215QGRLXph9HkuGcv4KKjPWUsJiQfbTzvvcZyAVt2CZ6,273.9053283297917,13510.116514638792,13236.211186309,0.6759731892087445,13510.792487828001,0.0,13118.538871281,3683,1.020693635397198,7,1,124
DgUwFV8dqKMXpwUcaHqynpqX3od58yj9w6uJKRNrb4jS,272.97946006579804,354.46262761979807,81.483167554,0.0,354.46262761979807,0.0,81.268238817,7,4.350133141116426,1,1,125
HBnGs1S8RvDpuHvZ18TVQ1LpKVLx2FCDWV2K3KaiXThE,271.22887401500003,388.242697632,117.013823617,0.0,388.242697632,0.0,116.319302302,34,3.3179216406325116,1,1,126
816AMGvMQw72R4Gma2XTCkx7i5B46tynWY2grFUTUdgw,269.9559441640001,557.332008082,287.37606391799994,0.0,557.332008082,0.0,281.041713704,140,1.9393821478501059,1,1,127
8dVCo3CgtrM5ktLjJiThxxcmRnxrMXwof8DVgZaFsU3m,268.27516164300005,299.262118263,30.98695662,0.0,299.262118263,0.0,30.964809592,6,9.657680227617009,1,1,128
13JWBYgoP5tzN9juQ1YanvJVF3cR6Lj2H9Pnpnraj9Gz,266.15297522994535,3045.4019424299454,2779.2489671999997,7.24584011105478,3052.647782541,0.0,2709.539776333,971,1.0957643515823938,3,1,129
GDpqhJgwzg8zcoEmVvGDiVRVnaa797ryvPnNqQVBjQrN,264.1745069403226,1328.3304255893227,1064.155918649,107.06513145767747,1435.395557047,0.0,1057.35806671,55,1.248247932761306,1,1,130
4LWXdfSb13EemLs9DqEUcPFs9LM8xvMNwxWibyt57tw5,263.4018034533336,1786.2695339063337,1522.8677304530001,44.75882663566625,1831.028360542,0.0,1506.7773496080001,85,1.1729643344500975,3,2,131
6QGRJVuAGg9AGLLSf5HvFd7KCYV1Hfb43xkGjo8eHcYx,263.26209510460774,578.3837054996077,315.121610395,0.0,578.3837054996077,0.0,313.375374144,40,1.8354301527420247,1,1,132
GR27vANa8GzZ6Vh49cEst4TVPnYSsVmvmHSejvVzUz9a,260.415587809,358.145619239,97.73003143000001,0.0,358.145619239,0.0,97.265001306,158,3.6646424236088055,1,1,133
2QfBNK2WDwSLoUQRb1zAnp3KM12N9hQ8q6ApwUMnWW2T,259.7886948002638,8645.956985990268,8386.168291190002,0.30640401169750126,8646.263390001965,4841.214326018003,3536.2456773929994,338,1.030978235325087,1,1,134
6Jqd3fgiNWU1pCAxDpxzngguRfJH3EEzDASkvqvuRELP,259.14543857499996,281.400941365,22.25550279,0.0,281.400941365,0.0,22.205764104,7,12.644106224885697,1,1,135
2wMxguamRU9oTboa2zjnAj6AYZ46aWWNcw5xbbrTgGBq,257.109418273,3922.856667597,3665.747249324,0.0,3922.856667597,0.0,3382.401362835,711,1.0701383376391849,1,1,136
4yFAz7dp5WwuZs3vbWKedbRiUmSFxTVGCdsLAxfEQrG3,255.54801308499992,2934.653091767,2679.105078682,0.0,2934.653091767,0.0,2531.040207476,866,1.0953855879407008,1,1,137
CNjo9vqVUHLaTNCqb5XYa5nsoeFChQysjYyi1vunYgwv,254.977470938,2310.121263412,2055.143792474,0.0,2310.121263412,0.0,2028.073843953,528,1.1240679469104478,1,1,138
FJv7AK29QYtGHaEgoxLj7Ti8RexyeKawMEs3WMawL4xQ,254.426051348,513.185148937,258.759097589,0.0,513.185148937,0.0,254.541742037,16,1.9832545163382722,2,1,139
BzVhPML7EPmVBnonJoSonS8Rxub3LnjYXj4JcCi9YBEi,253.48944686702046,1824.66963038502,1571.1801835179992,41.8438718731248,1866.5135022581446,321.30196034600004,1248.8385875109996,24,1.161336967921424,3,1,140
6pgpJUERKkV1x8NHuwpiHTwkP4JXGX5b7Knr8EpNZUag,252.05896083226327,2537.5624606512633,2285.503499819,40.46203440273694,2578.024495054,0.0,2282.256667418,121,1.1102859658067579,3,1,141
Cn3dxJgKm5Zjig5DZG2xX9nz5toowXMKsxMAQ1CpNwts,250.48274691800003,280.32431962,29.841572702,0.0,280.32431962,0.0,29.753343793,5,9.393751543168918,1,1,142
DZbgq3yE3r41EFszV3XastvyS8j8QnmNT37nsq7sxR66,250.27814428736613,16444.582386227365,16194.30424194,0.0011771657781159109,16444.583563393146,0.0,16181.06947214,1693,1.0154547018845794,1,1,143
DNWdLKCTwyQa3q5sX61r6cv4aoqVQJYWLHQh8Sat7TYU,245.314415251,1263.249310101,1017.93489485,0.0,1263.249310101,0.0,1005.716651954,456,1.240992244682946,1,1,144
5erKf47BowYAwfRnAXBqFgEfYbSy9GaZLoP6mDeS9TNa,244.21932632899995,3144.787638632,2900.568312303,0.0,3144.787638632,0.0,2900.136285271,16,1.0841970607253495,1,1,145
24L6uekgvsQRgT41DZRhahEAAVnkseTT7x4qyigC3HvH,243.51898357979604,1265.842437367796,1022.323453788,0.0,1265.842437367796,0.0,986.790663528,150,1.2382015033280207,2,1,146
EG781s3s3F97FtSm64peYkesPR2gMC7pBKaD3M7KKMJb,242.53847574499991,319.8276612789999,77.28918553400001,0.0,319.8276612789999,0.0,77.255244441,7,4.1380648414040495,1,1,147
CusLVeFnzn8e8swmzqRFTTBfiJrmMxH58bmDsYzjzpDv,235.901148195,1504.755189125,1268.85404093,0.0,1504.755189125,0.0,1246.648126479,349,1.185916693792532,1,1,148
7qjDDvNAp9gdKxQ3ZGBYm4TyU1f7jpxQfK8hZswHcR3E,232.381253883,478.332832885,245.951579002,0.0,478.332832885,0.0,241.212242799,36,1.944825216515932,1,1,149
9MRhaPS8T9EEidrjStKBQLVYz1f8Zyg8EkfXZwhZPsBA,232.13102852200007,477.67603655100004,245.54500802899997,0.0,477.67603655100004,0.0,242.72015081599997,13,1.9453705875974654,1,1,150
8ib5tHda45oUZZMJJBwKFK6oW5sTyKedY1LFaa8hRbrV,231.16446187500003,603.147915025,371.98345315,0.0,603.147915025,0.0,371.466253944,7,1.6214374857738212,1,1,151
ATg7Qa2rrjG5HbRLNgytahd4uRGVpX9eP9NCdXVNKFci,231.15331517699994,573.161185437,342.00787026,0.0,573.161185437,0.0,341.399039818,17,1.6758713330230484,1,1,152
7GVQf7fTSj7ATRppaH9oQyZDY3pTaJ4Gp3nQrPVWRRcA,230.30268194299998,519.9594185550001,289.65673661200003,0.0,519.9594185550001,0.0,287.87324266499996,6,1.7950882987799945,1,1,153
BM4z8XWwCJNM7nkeLE7hjVe3sYhkaLqavLbaZxaiQ8Rm,230.17515597909164,1423.5157000370918,1193.3405440580002,0.0,1423.5157000370918,815.5342441860003,377.61555599100006,5,1.1928830434239435,1,1,154
7yeftEeCRJy87zswxqXVmK4FN4pBPbyrZGK9WChhuy8p,229.522875914,692.665594813,463.142718899,0.001168288,692.666763101,0.0,457.483373976,145,1.495576992896769,2,1,155
7XLv9c3YCn7B9dh9oe6GqfD8ABCudNkj3o11dC9mGQsf,227.7609520225003,2328.1856166695,2100.424664647,0.0,2328.1856166695,0.0,2073.131440097,521,1.1084356682036858,1,1,156
FALMyY4KdHXYdi6A78z7ysFJfP2MXXcFMB2At2fPywES,227.13524624100398,9102.483353186,8875.348106944995,0.0,9102.483353186,0.0,8864.407965781997,1028,1.0255917000104222,1,1,157
Gtw5QKLnYazyApkzmCXo9GvXa5sCjwvx2bdRLaid8FHu,226.35227340500023,7773.721321362,7547.369047957,0.0,7773.721321362,0.0,7432.427672682,652,1.0299908845011723,1,1,158
ENo9AywpD6SX9kp16C4DToPxmiwNYL4s5x3EJTXR2qX2,225.903123288,598.712059955,372.808936667,0.0,598.712059955,0.0,368.102776383,47,1.605948787890192,1,1,159
5ji3ede8kFCakSrJcUkfHADLrdKtvZk3H3UboZSfUhsG,225.87084740882545,489.7744555268255,263.903608118,1.4501369995524014,491.2245925263779,0.0,263.776662881,8,1.8558838926818733,1,1,160
PqwaNNoFf2mxbskiX2z7AoeDXYoAhPTDy51kgLPXtPx,225.26073120873224,372.6144644507322,147.353733242,0.0,372.6144644507322,0.0,140.970803204,15,2.528707323884255,1,1,161
4KdFrKKS7nyRJsWMBhmL4ENhVCwD3VbeWzo3FT85n4Vz,220.74692584003765,983.8941804460376,763.1472546059999,4.739297981319323,988.6334784273569,0.0,761.568904451,62,1.2892586253933465,6,1,162
26MvfZCuFynXNfst3WyYCfC9mwYSAJwPqDMFxDaiZZ7W,219.899247553,392.607674497,172.708426944,0.0,392.607674497,0.0,171.419980117,46,2.273239826475297,1,1,163
ENGkTtUanFtqD5avHk5jJARwZNz5DX1AZ8TGQqASw8CT,219.04638375799996,359.4655182999999,140.419134542,0.0,359.4655182999999,0.0,138.86291755899998,18,2.5599468296999235,1,1,164
Gwhkfv93rbk1379rvkoZirs9S7PmNhAjR8Qar8p21erH,218.94296339700003,252.99570493500005,34.052741538,0.0,252.99570493500005,0.0,34.034271028,9,7.429525304230736,1,1,165
AfrakJQQBTJX1LKcpCYDtgtw4nTjkCN1YSWj2AqBgPA8,218.61961540499976,1358.538241895,1139.9186264900004,0.0,1358.538241895,0.0,1136.0914891470002,74,1.1917852821461177,1,1,166
3CzmEkbSuRXe2Sm7o8Hov5LoBFjAbvLDeSmSRjDzvn2S,218.131175088,293.90053047099997,75.769355383,0.0,293.90053047099997,0.0,75.30902154099999,31,3.8788838704696302,1,1,167
GN5krUMsrJ2JZuLqtvTZcxNSaTDzEvgU3RooFZDvEQsf,218.069041609,236.991110855,18.922069246,0.0,236.991110855,0.0,18.881064337999998,6,12.524587441994397,1,1,168
4qm4xVuwthKQUvY3Df9DRpwoAbiSiFe6BVWtb6VUAkPb,218.068626549,401.347557813,183.278931264,0.0,401.347557813,0.0,182.710094781,16,2.189818300691027,3,1,169
82Wi8sih9yMw8xKTtSqfSkCrg2orDFUUC4cbPDzXuDYZ,217.48070628553486,1389.0012693335348,1171.520563048,0.07787083069812406,1389.0791401642327,0.0,1163.680959914,181,1.1856396832845213,2,1,170
GdAKtgdDbYfNBby3dQq7pHYgsz4tUiBjzrpXPD15sH42,216.69978480746036,457.2930508704603,240.593266063,1.7127041719128084,459.00575504237315,0.0,239.61258678000002,71,1.9006893183399278,1,1,171
6m15dnYyPkC5H8NMoWvoatbWmLDTtfnxk13LpjU9r4p9,216.20819462447903,1123.917151556479,907.708956932,0.001171864,1123.918323420479,0.0,892.480434119,586,1.2381910996617784,6,1,172
72i5A9bewMZvfQnzeufvcsL6EiMkdj2bgCbgpPithYxE,216.2009439757523,318.77889447975235,102.57795050400001,0.0,318.77889447975235,0.0,102.31125250000001,6,3.107674630985356,1,1,173
Bu79TNqnLb5Pgbn4JA2L5k6sXmmgie5cXyCXi4w5X9RY,215.51420491499997,10696.438594326,10480.924389411,0.0,10696.438594326,0.0,10464.842903154,645,1.0205625188111018,1,1,174
4BdKaxN8G6ka4GYtQQWk4G4dZRUTX2vQH9GcXdBREFUk,214.96909317428282,674.4924033252828,459.52331015100003,14.606794164608194,689.099197489891,0.0,439.110518546,458,1.4678088976675494,1,1,175
EpJX7K5oZ411X494J2xyAnUwf9xmE9vVggSGJwASSqS6,214.34451205097344,521.8809728329734,307.536460782,23.15018773702649,545.0311605699999,0.0,294.471624021,85,1.6969726825428788,1,1,176
DqTG8k1SSuXUnbLLr17pvPK8iKwjaARqqeRSsPmeNgeU,210.74062601600002,997.6472539140001,786.906627898,0.0,997.6472539140001,0.0,769.468881166,140,1.2678089350688715,1,1,177
ETw7q26Ag3vUmPbaSHYB9bZ4BXF9m798uGGoSCyDviJp,209.37950997,252.08905829800003,42.709548328000004,0.0,252.08905829800003,0.0,42.69397286700001,5,5.902405156851838,1,1,178
74xfMhWggFdExuJQEQjyzBjEAqBMwHy1ugrQpyq4PCi,208.9082503837497,1214.7333481477503,1005.8250977640007,1659.8994381082493,2874.632786256,0.0,1005.7658093990008,5,1.2076983869741997,1,1,179
7SKJAkT3yEwjK16BqoxpicX97vLCJcUX2kQundVAWhku,207.01501907464973,957.4025141996498,750.387495125,0.0,957.4025141996498,0.0,726.115992283,147,1.2758774905226333,1,1,180
H4ZsTN91Hyohh2SYHcf1B5VLtr78NsLf52BzmaKoHjRg,202.97509141098334,390.31162344198333,187.336532031,23.44866406262628,413.7602875046096,0.0,185.061413582,74,2.0834784289558406,1,1,181
DW5n6MMxFxV4LLSXGpNnSxuVxis1ExwiH3dfdq9hu5YG,202.769233556,555.329159391,352.559925835,0.0,555.329159391,0.0,341.331244488,107,1.5751340940856027,1,1,182
Hsu5bGHgNpvKQdF797wRAPMDWYY5safmtUsuLAptUqAu,198.85160741899998,231.99950237199997,33.147894953,0.0,231.99950237199997,0.0,32.579390493,7,6.998921129107875,1,1,183
F7NxBLqy9catFxk9BvzPoZgvazucHMH5EZbBmpeqFaMu,196.8939346250001,4259.334874935,4062.44094031,0.0,4259.334874935,0.0,4041.183132308,701,1.0484669038930017,1,1,184
EFpqDSPabpC5ThTgLm63y2Lz2M2LLrN77QAgbbN2E5Jd,196.65499598499977,993.8875530889998,797.2325571040001,0.0,993.8875530889998,273.32471732299996,523.866450849,8,1.2466720585262623,1,1,185
99QbDV2M2x2ovjWgEDTdjVkJRi7BJkALSyYmTvBo7rpg,195.66317031440565,3076.816439983406,2881.153269669,27.65284744261704,3104.4692874260227,150.84262811,2687.255265546,259,1.0679114063018538,2,1,186
5a8bvBCHmf2iup8rJ2uWtWjTLbst1Wg4jTubZKeWcD6x,194.45335357728342,1954.2117802592834,1759.758426682,0.0015862533636165866,1954.2133665126469,0.0,1721.528933031,400,1.1105000269519507,4,1,187
2KYJCBZX8VvXhqgt8fTukyNenB5zhvhDxYpeTNPfcfwF,194.2070247082547,1453.4478938972547,1259.240869189,54.029398070745316,1507.477291968,0.0,1247.410637126,88,1.1542254777938803,4,1,188
3gtXAaGZcvHGcXThvuCnXMJ2jRxZfY5irucGCmCKf3ye,194.086999188,242.60984857399998,48.522849386000004,0.0,242.60984857399998,0.0,48.45356455,6,4.99990935495224,1,1,189
Gvd4xg9dP2qzzmHmTH8jQ5i4XwyWXkocHdpmva5iu5Yq,190.26322912329636,950.3461185712962,760.0828894479998,5.367048250713501,955.7131668220097,0.0,742.6548088259999,33,1.2503190530462704,1,1,190
Hsu75uJhEidV5Zkj21XBEYUBaFZmjb8Rd6qUpweWGbTo,190.22910706100004,578.304503706,388.07539664499996,0.0,578.304503706,0.0,379.409742682,46,1.490185950218885,1,1,191
DvW26479fjoB8d4jnvnXqj1KVKgpfuv7bTJtSaemyL6i,189.16970586354068,1453.3841233895405,1264.2144175259998,9070.305131355459,10523.689254745,0.0,1264.1915376069999,28,1.149634194359004,1,1,192
3kY83dXdi7efLLrP6Zer7Rs2MP7wgQakcLRHeutThQ32,187.128972719,293.13905338,106.010080661,0.0,293.13905338,0.0,105.396311441,39,2.765199795643989,1,1,193
8TfMoUTGNcvU3z5sbJ1mzBZQtqsdHg5ShC4YWy6sMVPq,184.18640028500008,1754.1688798970001,1569.9824796120001,0.0,1754.1688798970001,0.0,1561.292913285,37,1.1173174877279644,2,1,194
7Gi4H4wugm2n3rRWa6BijsQPJV7sMardawTi2tXDL9zM,183.7551767205016,314.0109798135016,130.255803093,7.501998286460779e-06,314.01098731549985,0.0,125.895557536,23,2.410725452203493,2,1,195
B6fwTQhdmu3evbd5r161UBt1PcMx4YfYfgUHAyJ1oMAk,182.38464464753193,1710.130509125532,1527.745864478,0.0,1710.130509125532,0.0,1504.10324536,442,1.1193815338586102,1,1,196
DnJkduRZyVBPnU6HfiXmNcVNfEDvQNEM4CcGQdUFvLMx,181.4037341817668,991.8116839037668,810.407949722,0.0,991.8116839037668,0.0,792.651798503,35,1.2238424909874033,1,1,197
8YsbqtxWSARP1DmtFazrRP1HiUgCDR6Wh8LzxW2BDRbM,180.58480845600093,8030.626273277,7850.041464820999,0.0,8030.626273277,0.0,7817.227224140999,654,1.023004312686152,2,1,198
3h65MmPZksoKKyEpEjnWU2Yk2iYT5oZDNitGy5cTaxoE,177.45552235801978,5040.59374954302,4863.138227185,29.11346189729447,5069.7072114403145,0.0,4738.032318796,597,1.036489919485743,5,1,199
2hfumaZi5dK9yp7XoGDKVQA2q9Cbe7DqTkBkuSXWQsoe,176.0670281845717,374.2436143785717,198.176586194,4.151264489428307,378.39487886800003,0.0,171.667082958,24,1.8884350647367356,2,1,200
7dCWC5ZU2HxyY4xxEUJqsLMnf4avbR6DcznS2VLmedDJ,173.1237816235867,468.6488959585867,295.525114335,0.0,468.6488959585867,0.0,278.09959991200003,143,1.5858174930856734,1,1,201
CookPL9hQND815Nfv35sUvh799WpufS1pJ61c4hWGCrK,172.4453755819476,6123.0349148199475,5950.589539238,0.007285316,6123.0422001359475,5.94,5860.867180952,1116,1.0289795447064276,5,1,202
7RXtzhgNbVXAzkjegHVDQ4pGctBkCuCBsnA3kZUvVz6N,172.164333252,5067.004976052,4894.8406428,0.0,5067.004976052,0.0,4839.034250739,369,1.035172612515025,14,1,203
7UBjMaYsE3tKcanfgGrtso6aHAMhVNSVHkkX5j3t7f5y,170.8825004978025,844.2398716108025,673.357371113,82.33254238664495,926.5724139974474,0.0,672.575578503,44,1.2537768320785572,1,1,204
8NsfpmaZCjGqFRr6kvZgCe3buAqBzA3m8v9nY6NW2anL,168.86582682399998,4106.703043174,3937.83721635,0.0,4106.703043174,0.0,3908.455999996,1158,1.0428828866066036,2,1,205
JDhJD7sE1BEgMcuQYrUWQaDWHEkwWhL5cEVjNVcn6DDB,168.3653035234239,227.87265554842392,59.507352025,11.663120569203485,239.5357761176274,0.0,59.471942627,9,3.8293193663312546,1,1,206
2DcYQBjFps6F7sY4gJgsVzuzM7VSrUnC7JQS6dWcaU35,167.53085319432228,4764.853780018322,4597.322926824,153.4180068966778,4918.271786915,0.0,4442.290206627,1947,1.0364409583274714,2,1,207
12g4eKXzL6PBBVqWaftSRNQEprz8uBRRgPccRLS9SHnF,167.00807477100005,1429.623252364,1262.615177593,0.0,1429.623252364,0.0,1243.142085364,549,1.1322715564764378,1,1,208
6XTThiQMSx3XqSJiMxhZsotXPqAM8BQo78Pf8MRtg6nf,164.235646749,5040.176091766,4875.940445017,0.0,5040.176091766,0.0,4806.984555559,3837,1.033682865613513,1,1,209
CRNsShpqnXCXAzN3A6z16XuTUsDHbJjSHv5T3mKVaaj4,163.92588433076534,777.9708822957653,614.044997965,4.527753091925989,782.4986353876913,0.0,609.400961813,82,1.2669607030006438,3,1,210
87vnfGtav9rWpDL9WPx87QLDDnXbqgEE9JfTjEwdnvuj,157.41173294800006,860.1234674310001,702.711734483,0.0,860.1234674310001,0.0,499.487032861,35,1.2240061254474586,1,1,211
5WEWE8Wwia1tyuwBcCr27rhJerqFY4ykshcnBA3tUhkn,154.8194029759741,669.3517178149741,514.532314839,0.0,669.3517178149741,0.0,508.48888887,30,1.3008934492761992,6,1,212
EBfwKmEiWqng5jB9NP33N8ihy42Np7q554pJ2UrNq15a,152.94138647899996,5159.0355205060005,5006.094134027,0.0,5159.0355205060005,0.0,4911.4964382,7460,1.030551040868257,1,1,213
Bho6CYKWUwU9cW7coLPp9uFWTzpfoRpWFPntYFLwJS3i,150.39971288000007,658.716525228,508.316812348,0.0,658.716525228,0.0,466.119706901,74,1.2958779037531314,1,1,214
3rS6bXmE7TLnn1Kp1i6oq91vuLrjDnZ8bLz9yzvUGwc6,147.987574689,1698.5731171930001,1550.585542504,0.0,1698.5731171930001,0.0,1545.899444603,67,1.095439800405993,11,1,215
13VK7ZrRrx1uZ4Frm2TjacNsbipun21qqifE8wibPVys,142.77615452699985,7566.867194858,7424.091040331,0.0,7566.867194858,0.0,7308.907916409,659,1.0192314660140045,1,1,216
E2btQUUyUDJhZwQZHqzcMZGKnBW98Ck363DT1UaCEorm,129.0286949980534,985.9628516750533,856.934156677,71.17296186194662,1057.135813537,0.0,856.461791582,74,1.1505701388988834,1,1,217
38pxcL3iHj6VD9TFpovKsZbFqQ15mnZ7jmsNvCXL2aNM,123.23426865300016,1917.493274547,1794.2590058939998,0.0,1917.493274547,0.0,1567.483815013,236,1.068682541510554,2,1,218
4pQzoESepUFbCtdpqBMrx6ZU8CKQbkZDY3JQEqxBsSxh,119.64897861600019,1192.060258624,1072.411280008,0.0,1192.060258624,0.0,883.122904981,159,1.111570048587243,1,1,219
TYAzLHbpP7qiBm1ik76wQPFmUVrfKV4ZpFY4RZSXAQ2,119.52967418929629,2047.694056011296,1928.1643818219998,70.11543286170404,2117.809488873,1077.0088429999996,851.1046926480003,16,1.0619914335707974,1,1,220
FBvxneTq8dY7WKxj924CseuveWzDL5tN9JuSW3S9nJkN,112.74646766899966,13205.494479712,13092.748012043001,0.0,13205.494479712,0.0,12962.80023379,12677,1.008611367725499,1,1,221
24678QKx2Dy8ZCw6Ra8o9DeTqPLL5GR9ZQKxt5FddHmq,94.8824748889998,8213.761272384,8118.878797495,0.0,8213.761272384,0.0,7941.858727306,9149,1.0116866475354054,1,1,222
95SKdgFtw9AGt7N9TAWFKkVm8b2hpnheKyfGm8Fha8x4,94.57208273028051,300.25739327128053,205.68531054099998,415.26078372571936,715.518176997,0.0,205.63432854099997,7,1.4597901643123377,1,1,223
78bjBY8FFmqquMg2L7y9c4ZJqD9w8NwXbmZiaxtNCCp5,91.05468530700003,291.728578595,200.673893288,0.0,291.728578595,0.0,200.598439928,11,1.4537445495031163,1,1,224
5jFtT4k5J3CJ1NjyQDzwdbafK7GRuNXXPWPzJTML62RC,85.23908518823083,191.18050232323083,105.941417135,112.39214687288352,303.5726491961143,3.124102789,102.780221657,6,1.8045869830078975,1,1,225
ALtP2j3nXTCZawRQipqyGWStrFWZKG5ZsFW7mnZvihPz,81.594734003,303.775631896,222.180897893,14.870436765,318.646068661,0.0,221.999799873,22,1.3672445956280865,1,1,226
CHvWpTWTZXUMvWfX7jmy8vhHbAqn6YvLc8wBxXYi4KiW,68.4057789513988,899.3823660353987,830.976587084,345.5705573625297,1244.9529233979285,0.0,814.96379573,413,1.082319742835888,3,1,227
6aXFYXbFob1ZKAEDCcqZnX2vooA3TgEqDoy5dAQbeWoV,65.86163135373513,2961.1614093177354,2895.299777964,52.21226484389886,3013.373674161634,0.0,2733.094673185,983,1.0227477761905712,2,1,228
FrKLwcNkDWm3ih4e8bdd9ooPYqCZ69p2cbCNCeyKKh87,56.4153374852842,301.5755059332842,245.160168448,78.63025050871576,380.20575644199994,145.739123571,99.369985802,8,1.230116245401627,1,1,229
5mKJhaG7kbNJfuMdyCp5CBDnmUt9cg4VagroZ8wGPV3D,51.35941888656173,128.39346925356173,77.03405036699999,357.8654068484383,486.25887610200004,60.729866918,16.204787987,21,1.6667106122796211,1,1,230
7KnvtBT6nGRmgFwrK9Q7eDjJeRtkAtzroqrYGkTvXcHE,45.66333390308482,4575.278500218084,4529.615166315,53.91865816891515,4629.197158387,0.0,4480.553957524,1015,1.0100810625685521,2,1,231
7xDrDWw3E9FaTkfnix5p9raznLioFEFLrTLKyDSY3rcR,36.573278841285976,511.701326876286,475.128048035,79.23325744246665,590.9345843187526,0.0,474.676637305,60,1.0769756258182253,1,1,232
DDppFHmDSdtAotQzkwqU2iE8ieXXmYACpb4dUnJD4vhq,32.40476411745036,643.3238128954503,610.9190487779999,123.98137801729185,767.3051909127421,0.0,610.693873777,31,1.0530426480926867,1,1,233
2G5NUFtE3b59Wf2DMdJBsB38rAKqWUfGL7Soowz6ukMy,30.62358103000005,1911.775572329,1881.151991299,0.0,1911.775572329,0.0,1859.702756697,124,1.0162791636038155,10,1,234
4XBqViD1XYF1qHrErrsXBzDrCapvP9fEFX4LPjXZi9YU,29.186735738312137,1597.5716056383123,1568.3848699000002,0.006406022560444221,1597.5780116608728,767.1202369639999,799.2155776500003,271,1.0186094218953878,1,1,235
i5t7PczfEQWvsnpMa5bSiSQLFGz8u6CRmcmPWtQ4RRN,27.8514699396827,288.9191963836827,261.067726444,327.3938749383173,616.313071322,1.296109764,258.818045465,51,1.10668292982456,1,1,236
765aJmzHN5ouE6VA9A4RFmv2iijZsW7gCAawoipRXLvm,26.01434174706841,389.94043089106844,363.926089144,189.3185037599316,579.258934651,0.0,353.776460301,252,1.071482486480311,3,1,237
VLXAMxYR676GZHpyNoQGmJHdLBPz8WKXHQr1HgtyeWt,25.453349750000122,1782.0832213170002,1756.6298715670002,0.0,1782.0832213170002,1155.806149617,598.312673273,126,1.0144898764173322,2,2,238
2BKPhDzb6CCBVKwXsL2HGoi6HVF4DLXDj2z6tmSGtyyo,16.961376632000537,16354.925440666,16337.964064034,0.0,16354.925440666,0.0,16333.133518755,11,1.0010381572982732,188,5,239
2mw4cXBgFFb1TJMxse7nPUSwBZncWKht7J1ELXLYNrAQ,15.24718950536758,9227.254481051368,9212.007291546,2.1861346606372836,9229.440615712005,0.0,9051.887851667,1336,1.001655143013115,19,1,240
5Drny4ZTPhg98nAL9f9E78dqUBvtDfe16HABKMmUT7f2,14.888777158343947,66.65128403534395,51.762506877,1366.9211660636092,1433.5724500989534,1.4985,49.447548813,26,1.2876363232121508,2,1,241
HTwsvwPaNHZ965uGJapW4a7qu2qLw9omTPHv8NFEnJ9Y,14.406261693629052,676.145101983629,661.7388402899999,213.94863886779834,890.0937408514274,0.0,661.5353515559999,31,1.0217703130245699,1,1,242
CXiazrat7VNfcdomDDSR2p3n2gcoHdttFsFTj2umNQeC,14.32126056618726,81.96936702318726,67.648106457,515.6373610721515,597.6067280953388,16.2592245,50.854342327000005,25,1.2117023123964374,2,1,243
A3hdRuHXHhpWrX66p3o2ysEwiCGVgejxcaPMJCt8kbnT,7.954546965312878,14.689588679312878,6.735041714,661.0924342016871,675.782022881,2.61685,4.091306546,43,2.1810687005513145,1,1,244
2eXqXpdAEydinvtb8epYccSWoEvtaWeoiFqemmQsqkpt,7.466224155657946,3118.522669665658,3111.0564455100002,84.50044034757087,3203.0231100132287,0.0,3089.900092718,954,1.002399899933167,11,1,245
3Pic6Zhhhk8x7PUmZTzELWc2aBX9rdEkjc8monJMXnft,6.839184484372813,942.1692066533727,935.3300221689999,249.79754660795624,1191.966753261329,5.993743747,928.542759862,25,1.00731205491353,2,1,246
FUEL3Te8gvaohxwQMapfMTeJVHh2z1BL9fvTCcHZeYEh,4.88485850462627,763.3836199006263,758.498761396,0.0024906726865413344,763.3861105733129,532.486363099,225.35011605800005,215,1.0064401667520668,1,1,247
2jhJ2ubCi7PPxFX1X8ki6Qbejj9j5ZQX7bBdbEVUdsJq,3.495793801640313,334.0631634946403,330.567369693,57.55904387335968,391.622207368,0.0,330.53066265300004,6,1.010575132702562,1,1,248
D8VmdsLZQZZeiomFYFc3BEKAetYRjyzEzuYxj6kUaWQQ,3.0230509394803327,6.4651863674803325,3.442135428,543.7257765355197,550.190962903,0.0,3.4360994039999997,26,1.8782486926253306,1,1,249
4vGFqEyanaDprUa5WLA46hLm5DqpDeJDDWqBQUZFeGKT,0.8195019299369193,4.256358536936919,3.4368566069999997,531.9903501280629,536.2467086649999,0.0,3.4306647379999995,26,1.2384451909537926,1,1,250
G2nEyBiQb2zt6RiHvTZVZHAp4ed32HU6xkr1ya7Z4Gwc,0.25632340413601395,3.7113811011360136,3.455057697,359.910041522864,363.621422624,0.0,3.4493174919999996,26,1.074187879513149,1,1,251
AAQVsXkGxnRTsGD5KHvBv3fUTxfSrLK7Nmv2Eg7DDMNS,-0.3306044947722289,3.163832862227771,3.494437357,304.3884693427723,307.55230220500005,0.0,3.4885927239999996,27,0.905391208656247,1,1,252
7UtweVypCMjHXiB2s8fv7oGSZ8oL9vbNYUJC27teFsYP,-1.0028146419847614,2.3258952210152377,3.3287098629999994,329.05339040898474,331.37928563,0.0,3.3232606919999994,26,0.6987377442740008,1,1,253
EJs31EZ2Ui9up6GHdtTVWPpEt7FQ4KTfDcd6WdMFsjvp,-1.1781379700711998,35.3617060829288,36.539844052999996,233.6408459550712,269.002552038,7.112860257,29.300806999,41,0.9677574439463305,1,1,254
7UmjN4kdeZaMiNWadkiu3nawJCWYnjbEhrqe4HC3UiPX,-1.5098230317357668,1.654261357264233,3.1640843889999997,373.1033980816346,374.7576594388988,0.0,3.145381022,41,0.5228246639107682,1,1,255
8uDca3h1UiC8H2Cs29dkbFw2qHa1HRMRshtgUqSL5JBg,-1.721495827002233,1.513544753997767,3.235040581,671.2622600500023,672.7758048039999,0.0,3.229692416,27,0.4678595881878883,1,1,256
DTEuQCWEYDAYfbhK6oEuvUGCQmrQCkSMnZA45oaPkydN,-1.7967220654213654,1.800016707578635,3.5967387730000002,487.70150145142134,489.501518159,0.0,3.5909358190000003,25,0.5004580040927634,1,1,257
854tXb69jPKr2cNTYu6qyUsH433aowXsfJFafJtaTJA,-2.0925403630413446,1.3300404109586546,3.4225807739999996,324.7558711520413,326.085911563,0.0,3.4166559769999996,27,0.38860745699924704,1,1,258
4yFSJWR3CT78dQ7jA9gmbdQ61zW81UUnqfpMgdxocDSH,-2.1208167579809496,1.27270919001905,3.3935259479999997,234.6511424389809,235.923851629,0.0,3.3878196379999994,27,0.37504035906050187,1,1,259
DMtPiBTJLjouCPKpWBThMWDRGunZRMk38auSYo13fGqX,-2.5355550700377885,3.4100108289622115,5.945565899,887.1818181370378,890.591828966,0.0,5.942837937,10,0.5735384800857645,1,1,260
2ZeicSyFsjzMciU3AGQntUJ6YF4AdeSvaqhE7LLJzkwS,-2.5785759955240586,0.8394179174759413,3.4179939129999997,194.02277299452408,194.86219091200002,0.0,3.4122678619999998,26,0.24558789127250893,1,1,261
DLKDitxCKiZe4isHWjYewWFJL9zK8NMfMn53Yj5kJ1Vr,-2.645659024712251,0.8353292512877489,3.480988276,217.00330970971223,217.83863896100002,0.0,3.4753362950000004,25,0.23996899301471503,1,1,262
3JykYJNmH5FoC16graPabcH8cTtT3JTQ2HqiZkdPZaZ6,-2.6504788182094763,0.6764949007905238,3.3269737189999997,233.2981069132095,233.974601814,0.0,3.32155639,26,0.20333641258634896,1,1,263
Cebrp5FjWpUSgk3cVA1LV8A1oPgQwF6jh9JHtSqpyj43,-2.705793019949213,0.5920951830507872,3.2978882030000003,228.1476565939492,228.73975177699998,0.0,3.2923094690000005,27,0.17953767581089441,1,1,264
FjAV6zW4iN7EiZsBMExGWqXnnEN8yUmfaP43njia4N6e,-2.8390168957494524,0.2410101112505477,3.080027007,264.17484826074946,264.415858372,0.0,3.077343507,9,0.0782493499903742,1,1,265
8kEeA7sAVpYrE4JMG1Qb6uydMWKkPwETFuDSbk69qGHR,-2.8427630053446156,0.4802065096553838,3.3229695149999996,238.31693672634464,238.797143236,0.0,3.316902865,26,0.14451125942856682,1,1,266
HSP9fxqZt4kWW872pmJCMMgjZxdmw5xXMth4jCGV1yAr,-2.8749963900668627,0.6654673169331368,3.5404637069999993,358.1382656780669,358.803732995,0.0,3.5347744169999995,26,0.18796049670482806,1,1,267
8o2n7yWKM1CquuKtFpb5WU5i5uogNvqA4r9afSZhovud,-3.188005676908119,0.19391043609188097,3.3819161129999995,304.2953835059081,304.489293942,0.0,3.3766700609999996,25,0.057337447060408796,1,1,268
HjoiFHHF23seRJCWa3wgG1RrjkrjvX4oYgDzzyHYxoWg,-3.2139599513661885,0.11494926063381172,3.328909212,367.55642636836615,367.67137562899995,0.0,3.323169681,26,0.034530608470619874,1,1,269
6PZCfeh9ezpP7thfRRFR3CjtJeVbxNcGKYYxtQass9Hy,-3.214908964942369,0.01900181505763081,3.2339107799999995,205.39189616894237,205.410897984,0.0,3.2282587699999996,26,0.0058758006482883905,1,1,270
EhxpL2LAAf5JUnR6CMxXwMvNtftCekesc6x6wEtjVfbr,-3.249475802978413,0.11275210002158637,3.3622279029999995,1168.2459712929785,1168.358723393,0.0,3.3569193159999995,26,0.03353493673673387,1,1,271
B2bf6rYNhubojT8ohAHDk9SK6fZRC9JfuXZ8jMmRTrrH,-3.2698676675868645,0.2738530884131356,3.5437207560000004,223.37868848158683,223.65254157,0.0,3.537781604,26,0.07727840517610343,1,1,272
GPyp9KfRm8RbU7ZhrfA4yejmX5vBr33PUX73ny6AUFFq,-3.2755130185522137,0.039945689447785995,3.315458708,1135.0275253435523,1135.067471033,0.0,3.309881253,27,0.01204831456697062,1,1,273
GMe8LkUbDjLPgMzxi97rq9ecWwAB6SSopNT7v8LM2ZcR,-3.371544111152112,0.012078156847887564,3.3836222679999994,273.80461620315214,273.81669436,0.0,3.3784134379999995,27,0.0035695937345354904,1,1,274
A5Ugo6y6KKAdvPtesejZc9xJEsSFSvy3FLXbGYaG1DKm,-3.4219479117843243,0.06571463421567567,3.4876625459999997,276.48305678278433,276.548771417,0.0,3.482023643,26,0.018842027675826545,1,1,275
AaU9mFSVjpT3rQuBEy4SH1c24Qn8uXgucHC47c8MDevv,-3.996446366846273,0.02090450515372634,4.017350872,674.0737566308463,674.094661136,0.0,4.015162557,9,0.005203554735391891,1,1,276
ALW3kvkjVvazEkjB5gvsvqQRrc5jdbGfXGGZVZZWZ551,-4.497078831068538,0.7335563059314618,5.230635137,255.63681385506857,256.370370161,0.0,5.229252666,10,0.14024230073753313,1,1,277
8bL1PxyoXUSiad1pR2S5uAJSwAyQZRaT727BLxM43bT4,-4.515381460360018,4.638731126639981,9.154112587,253.21101803036004,257.849749157,0.0,9.151513575,10,0.5067373907141548,1,1,278
CtJsDUfuMiT4JHsSsRVkTk4Rsf3VNsXNK5hyQi746Kwz,-4.575078796712913,5.862523148287087,10.437601944999999,216.6759775177129,222.538500666,0.0,10.435074365,9,0.5616733785383964,1,1,279
FdW421oxM9cUt5mQZvcpEqHGZkgBHSEGFBnmcXBezBQN,-5.060903093429312,12.156165631570689,17.217068725,360.62515483942934,372.781320471,0.29410996500000003,16.85376262,61,0.7060531514240493,1,1,280
GLsSZqiq93AveKL4xQatGyoocqfg8tmC77R44JfyJAnv,-5.392720946107904,0.290127190892096,5.682848137,427.2796185841079,427.569745775,0.0,5.680711145,10,0.05105313108811234,1,1,281
8JkbbEeYsZt3j3xmMkbDDQibjvGqeKK51biQ888Kz5ym,-5.442795253904052,1.660393639095948,7.103188893,424.179285991904,425.83967963099997,0.0,7.100212773,10,0.23375327111633212,1,1,282
8urEqghLEYWsXgDGdrBHDANLwDLYzGAg4cWKPqYgED1c,-6.21332164793598,2.2745532270640196,8.487874875,597.731566624936,600.006119852,0.0,8.483974149,10,0.26797676221211025,1,1,283
8EHN1mBbfxGBnDKGYzVrPNoJhs4g2sNg8MnuUFoJeH5a,-6.298962203866497,0.21063157113350248,6.509593775,339.96463163686644,340.175263208,0.0,6.507987160000001,10,0.03235709913918591,1,1,284
C2ZFoGRAm1xT9ZSKJybLMaZ5qqKtPmxu6BsD7c5eSV4d,-6.326124517006883,0.10905201999311621,6.4351765369999985,1915.170392422007,1915.279444442,0.0,6.431403002999999,9,0.016946235952674416,1,1,285
FEHqVnCAMWrF4o1YfzP4qa2GzcCVdWvct9Sv45xA9Hgi,-6.342867386842946,1.6991398801570536,8.042007266999999,285.39880866984294,287.09794855,0.0,8.03957353,10,0.21128305704589384,1,1,286
EaWNRjtEjXGQRUTEaTZcSbKsUXa97Vtmucz6hSC7eMmn,-6.354720825658449,0.9083176463415512,7.263038472,245.12876347965843,246.037081126,0.0,7.261183315,10,0.12506028294401017,1,1,287
Fvc39mc4n6KMVGZobtu9VXuPKCvXL5f1fTcx5RqRh9Zc,-6.709710566941633,0.1332938190583681,6.8430043860000005,222.72360962994162,222.856903449,0.0,6.841239889,10,0.019478844603851478,1,1,288
DnpuiKxZm6hHae9gGT3NPjfodkkdWGtUzmcyH83RLfxb,-6.930996552336216,45.525206561663786,52.456203114000004,205.9211362213362,251.44634278299998,0.0,52.455152714,18,0.867870792377529,1,1,289
GDGmNRPFjkiqoX2TtbGJBUnRov48zfChfSJw9K8MGWfk,-7.042255975391404,0.9441503956085967,7.986406371000001,298.6721032703914,299.616253666,0.0,7.984835827000001,10,0.11821967875776611,1,1,290
nDZRy2gMNkZgJNikQyCXcuvDLMXFc2c6jbrdHtXNUuq,-7.072969609537355,0.7217403394626447,7.794709949,275.7429386115374,276.464678951,0.0,7.792769958,10,0.09259361081873718,1,1,291
2PyMMu3fiSvcnXF9HTWtsGYK6XZH8zshU5c3cMy81Ew9,-7.542066982250008,1.2987196687499913,8.840786651,229.64200136225003,230.940721031,0.0,8.838478776,10,0.14690091730729532,1,1,292
8Q2on8KW7yHTtZtpZJUo84Ekh3zksgKfJcEPjVYffY5M,-8.053531204621127,44.75678132637888,52.810312531,250.23219251662113,294.988973843,0.0,52.809297431,17,0.847500785004943,1,1,293
EkFzJF89DjfbwCeJHd8ZjG969cZhpJJfBRLvYXedd7xL,-8.268385428130175,0.06733242786982789,8.335717856000004,807.4854657911302,807.552798219,0.0,8.331760438000003,18,0.008077580003666077,1,1,294
6oUUUCh8N7qQvfB2rxBaQ3neBALMEh1NLPTEaabVjLa,-8.726115263524465,4.915434117475535,13.641549380999999,386.8164696505245,391.73190376799994,0.0,13.635222101,10,0.36032814016872383,1,1,295
J7BS61AA7aD5L3bJDUCgKVG5d3rxeJm2RbeVEhgJGd2R,-8.890138487953024,0.007899082046978706,8.898037570000001,219.52939293795302,219.53729202,0.0,8.893749115000002,18,0.0008877330517923071,1,1,296
2fkKAEfxqUqXj1hdMRvgUdL1N6XNrGwfevX1P4tSaNFd,-8.914569582064093,40.6014227119359,49.515992294,2.4777861220640944,43.079208834,0.0,49.295358215,20,0.8199658500402445,2,1,297
3XSKUTqM7RQKhKuLJRVVhdo5aCYg8Zgr2yXR9ArR3qwt,-9.011982331647623,2.017578532352376,11.029560863999999,206.20286838364763,208.220446916,0.0,11.024828834,10,0.1829246474297688,1,1,298
AHVPuULqdtqNanZLPpx8uiR77LY8Bx8qLpteDSMzPeiE,-9.133741503866586,0.03298106113340942,9.166722564999995,349.7861290378666,349.819110099,0.0,9.162657048999995,18,0.0035979120017590976,1,1,299
C92j5TVary2s64N8agMtfzyGobsJErCCLwkPby1GAUn,-9.343026965369486,0.010067235630514754,9.353094201000001,262.0540648773695,262.064132113,0.0,9.349025906,18,0.0010763534948079962,1,1,300
EEUi1KxhANg9TzJHAWuNrb8NHgYkTAdEBdijqAJwkkDc,-9.377040688511933,439.59842500948804,448.975465698,324.6776680165119,764.2760930259999,0.0,448.889980951,17,0.9791145810741931,1,1,301
4dQQJGx8RYRC5wvgoyWZPNbzgD4HqXNmDYnNRfV1nFPR,-9.482119758476852,0.009668629523146163,9.491788387999998,228.51944253547686,228.529111165,0.0,9.487804947999997,18,0.0010186309605647907,1,1,302
9Fvs9Q9AC1kFUp9JVsFsGWXn7utmAdVaxc8i647RxfkC,-9.547066624662795,0.01540255233720624,9.562469177,228.67105569066283,228.686458243,0.0,9.558602278,18,0.001610729619317678,1,1,303
874UX9DHb4v8GtQ3spEoZJ8FBzQrjdSxoahb9Nqpr5Hw,-9.58839509450473,0.9369657564952686,10.525360850999999,217.6846633705047,218.621629127,0.0,10.522068924,10,0.08901982267014141,1,1,304
EZHkF7SjvThrg7pKwYSfEPUnay7wJU3mMuKpqqTywrD5,-9.605133031105009,0.032238994894991414,9.637372026000001,214.07618571010497,214.10842470499998,0.0,9.633293945,18,0.0033452060175757515,1,1,305
3QrFyTJZkz5xwbJ2x6SQ9fFQ5jgbLQQGsk9f68Hv9BLN,-9.622036271739551,0.017283041260448367,9.639319312999998,2289.1930370987393,2289.21032014,0.0,9.635173485,18,0.001792973206846641,1,1,306
Fr8JwFPxNUWe43T1JfoFwrz9gHvjyQ7WE82rAAv9Jwjg,-9.690657583862265,0.01281450313773627,9.703472086999998,541.3712013248622,541.384015828,0.0,9.698855469,18,0.0013206100891354348,1,1,307
5uTcQ3Bw1CsSr3z9WMMyd12nNE37aLWHCgUqE1PAB984,-9.761162715856257,0.012913153143743784,9.774075869,294.97855294785626,294.99146610099996,0.0,9.769820823999998,18,0.0013211635879254687,1,1,308
GXbUUCW6fB8xZ1wgSUxQiuCnY6vJhuPShRxhjAyj23a2,-9.774441736831434,0.018707233168566078,9.793148969999999,215.32271151783144,215.341418751,0.0,9.788763098,18,0.0019102367610125388,1,1,309
B1VDUBg5AABiP5BXHku6XWca6UnJMT3m1BXtSNhxwmeu,-9.806162271281568,0.2596480747184293,10.065810345999997,337.1156875472816,337.375335622,0.0,10.061549722999997,18,0.025795049359499365,1,1,310
5iZD5awnTaFrGvE3iP5XvD2fnzkkyABro4XjWpsyRDhK,-10.111568089449216,0.01114532455078349,10.122713414,496.7782638854492,496.78940921,0.0,10.11844126,18,0.0011010214450375717,1,1,311
Dfq4JuyEPiQqk6CzN2r13VAw9sS3MkqAzpwvazjM6Xwz,-10.36797078804313,0.0466135999568718,10.414584388000003,299.22911856104315,299.275732161,0.0,10.410327772000002,18,0.004475800302754414,1,1,312
3ymSWLBKywoexPqW7eJoQX1SrpHyAC8x2Zd9ik8qskqQ,-10.4565101871154,6.808719267884599,17.265229455,234.11619972711543,240.924918995,0.789164241,16.471004358000002,28,0.3943601957698163,1,1,313
BVudFYV65cEQZj8uw5TU6mJ6C3oqeg9SY3Ua3uLtfXhJ,-10.796853082665375,0.05636240233462639,10.853215485000002,399.79580327066543,399.85216567300006,0.0,10.848983691000003,18,0.005193152426810623,1,1,314
AoUdJeCEVL9TWq6W5dwgFK4up2egKRjRPawCJ7wP1AAB,-10.877317956413686,0.127629083586313,11.00494704,425.0691423584137,425.196771442,0.0,11.000729724999998,18,0.011597428240446399,1,1,315
8jKMb3o5gwcRaawYgh16JGLhQq6ZhLv3mZnWNJC9Pdww,-11.270086304082383,164.04947609191763,175.31956239600004,5542.245179127083,5706.294655219001,0.0,175.29454441500002,28,0.9357168923418466,1,1,316
mq5oT3GHtJ47S99Mp7Vst5yTvDNQSzJDVodeaLcxkPe,-11.521982487825527,1.3531493161744734,12.875131804,343.75859540482554,345.111744721,0.0,12.872282268,10,0.10509790010492023,1,1,317
DP3VMHUdkQZnSbL1pZfUx2gW4fsbKXwJtnAR2H1xCQBe,-11.585667803008912,0.005720621991087983,11.591388424999998,338.33988360200897,338.34560422400006,0.0,11.58724229,18,0.0004935234487311199,1,1,318
3wH8kW1TCWDR3of5LMnwyLr2HjxB3sTw8eTPeCJxK96e,-12.531217343918179,57.813361113081825,70.344578457,0.0,57.813361113081825,2.521863748,67.699287244,29,0.8218595147090374,1,1,319
2Pwm6G5X9EZnHheqCwqNF1ndnHBpaXGtwMqatqbZKAxR,-15.612772166651357,0.9922822213486442,16.605054388,208.85255018865135,209.84483241,0.0,16.603920975999998,5,0.05975784229082311,1,1,320
GYffSqDunwGBMNvu3iCWTuRaHkvjpL4wq1Z1NZcTcfXS,-15.944565788197727,0.38840217680227296,16.332967965,339.5936450451978,339.982047222,0.0,16.331883551,5,0.023780257062560945,1,1,321
GmaJBvsx1H9yoonEpknWdhbsHhG4goPTHcMQoAHJE1R,-16.472826211850293,1.8032481701497085,18.276074382,276.30059349385033,278.1038416640001,0.0,18.274993852,5,0.09866714987359196,1,1,322
2HGAdqj6724wqyrNodTVePnijNkTRGaJhwo4Rz6jpkqZ,-17.94013889284498,0.9394603991550199,18.879599292,215.035083672845,215.97454407200001,0.0,18.878568923,5,0.04976061115624973,1,1,323
2GHPtTCXScF1qtUocoJC1LfABDpTqLCC6JZ5NA1Jh5yc,-18.61824909347823,982.415217083522,1001.0334661770002,4298.460621423478,5280.875838507,0.0,1000.9664638670001,8,0.9814009723724999,1,1,324
4zFgiaL28Poq7XNoo56okfZdQqw3Z88cdQJmu2br5tkR,-19.932172403253382,737.2320783747466,757.164250778,223.19324069825336,960.425319073,142.678932376,614.157505902,53,0.9736752331046101,2,1,325
BM9CcyErJcu2mjrFvUsRRrD3snGeHDDVirJLvL6EjvMN,-22.9918597142051,30.288596382794903,53.280456097,3376.0299839141417,3406.3185802969365,0.0,52.19502812,2465,0.568474795479469,1,1,326
Bxt3ui68WgP21D9qBhHWwDSW4TSfpaKxMKZKUhe2Qp3Z,-24.65920265004226,701.6062454719579,726.2654481220002,2099.026110558042,2800.63235603,0.0,726.2151832030002,7,0.9660465705565274,1,1,327
GJ6GVFy3PVrwiQMmbBFbmf3hvJ5Wy2isexLT7rNTXxMM,-24.934535628797615,191.60994027920236,216.54447590799998,358.11057386694966,549.720514146152,0.0,216.51330176599996,25,0.8848525896389471,1,1,328
7rs3eBEBLemZ5XGsAWBEwyF2bo2EtWdnRTUJGkkXRJLP,-25.02439977203219,196.52521615896782,221.549615931,26.012532272032185,222.537748431,0.0,218.926954309,75,0.8870483269994661,2,1,329
HW7tzWJd6ohGFyYCktEg1trj4rgxwVWyYnSPbz9fTkd8,-27.739892445273497,316.67995741172643,344.4198498569999,441.9208402802735,758.600797692,0.0,344.3528287689999,17,0.9194590774695743,1,1,330
G6JJHUqcGCajuZy3wnPMDowPRHuMXzgjBGrgyMUeRqtw,-27.923408686015513,145.97178640998456,173.89519509600004,1447.3084533430156,1593.280239753,0.0,173.87006680000005,24,0.839423920421722,1,1,331
DhY8Ab5cFbZ2VXfiexmCSFkfjqukinVUzFJ514yeAumV,-28.778162844541846,753.4447710764581,782.2229339209999,4.578317401542502,758.0230884780005,480.36994022700003,301.663667087,10,0.9632097684731802,1,1,332
GyMdYV1e5vg1Bt3ws24pVEop3mPZ3XpcmZGTJzMwfrKN,-37.743076638033024,0.18519130596698527,37.928267944000005,284.70880208703306,284.893993393,0.0,37.926398101000004,10,0.004882672370919097,1,1,333
CTi1XhtmR2wdsYQBws4cttG3Y9LCceARMXFAXUN9FgpN,-38.10177883228307,18.771154533716935,56.872933366000005,990.212028321283,1008.983182855,0.0,56.854776732000005,19,0.3300542705071509,1,1,334
Fe9A5NdLoRtGLFkybbbEez3ArMUjHhsoW9VMZ8ejgzeJ,-38.8897719967867,15.866472585213293,54.756244581999994,472.4412964907867,488.307769076,0.0,54.73904630299999,19,0.28976553644858755,1,1,335
A97YGDkRYACBCDVAXcPcQ98LRXerommTcZ3ngdAEASSy,-39.35690314724972,10.871538453750276,50.22844160099999,3474.13598810125,3485.0075265550004,0.0,50.225603613,27,0.21644188247189886,1,1,336
BQ8HfgWgkzmtEwnS4ACmdkDFNhaeXqLb3hFsasqjLVjn,-40.00516918039507,173.73605758560493,213.74122676599998,4651.222999167547,4824.959056753151,0.0,213.709774522,25,0.8128336316503321,1,1,337
9qeKn5r5mGZTAfFD5f14Tf8XvFqfKwWV7w8Mqmfk4MB9,-40.607357559615885,1.0752366213841147,41.682594181,259.6990032396159,260.774239861,0.0,41.680390829,10,0.025795818194881817,1,1,338
BocpMHmUePwamZcBxhRmb8YUVrqqhr6AkzdazosijSrM,-41.5418981258222,25.8471057081778,67.38900383400001,286.1996469138222,312.046752622,6.246368404,61.127652011,40,0.3835507907469181,1,1,339
8YSURr6VWYF7zWS7WC6pXcctR3YXenmf37e3htyb6ewv,-42.32682914251001,0.2070527614899916,42.533881904000005,244.99143162350998,245.19848438499997,0.0,42.531908791,10,0.004867948849750292,1,1,340
AfhDyq48zJuUEf3yG5ks5wDer6Qb7dxXukxri4kUqYL8,-42.95535920431502,0.7292282886849788,43.684587493,354.726839243315,355.456067532,0.0,43.682239617,28,0.01669303364262808,1,1,341
EyTnJBpLySLNfviZvghUuLsANfCWuCBZ5ES7TFXhf1cE,-43.76694702310195,11.43262000789805,55.199567031,1861.5865717671018,1873.0191917749999,0.0,55.196861892,28,0.20711430583282486,1,1,342
DkD37s35JdXDk9bTzedzd8MrwFoHMHti6UoaokokLfKo,-43.78659277690231,12.162174522097683,55.948767299,938.8757161279024,951.03789065,0.0,55.927900359999995,19,0.21738056277631454,1,1,343
6TZwT9aTEM5iubaCZU4P1w96nmma9ee9V2oEzb3JJVCV,-43.88034434793539,2.5613312260646133,46.441675574,733.1793995239353,735.7407307499999,0.0,46.439085853,27,0.055151567948563726,1,1,344
EvK7nPP5S7ritqWzxEv8Chq7NizAxZqLD7aMPpFm36oF,-43.930669732983155,11.471721777016839,55.402391509999994,388.09378667198314,399.56550844900005,0.0,55.38528457299999,19,0.2070618517423787,1,1,345
21d33jvvQWvLWdXreq3kQQB7pEa6GysF7SBJY9MWw7Nm,-44.59743999597656,6.021463292023438,50.618903288,1484.8162665059767,1490.837729798,0.0,50.61587214,28,0.11895681061606327,1,1,346
28XV1brmwptHBuQDmbdnsJZ8mjX6FN42M5bC4hVAiadC,-44.67379626473775,10.590465636262243,55.264261901,998.5063386857378,1009.0968043219999,0.0,55.244345562999996,19,0.19163316892269233,1,1,347
GS8tYGaMzZfzVv6RhjEspqXzpZDnqSH8KARUkvAAE5qZ,-44.70523037272696,9.358707414273038,54.063937787,1609.886133276727,1619.244840691,0.0,54.046717982,19,0.1731044351808831,1,1,348
DD1D64HKPx4jCwXztLc8zSbiGxmQHn8pvJW5o3zmqWfK,-44.92735694925996,2.50373072574004,47.431087675,692.0288423932599,694.5325731190001,0.0,47.428623015,27,0.052786702740104094,1,1,349
H19shiM3Yifxfd2eFmfRcVEdHB9vRCnURskJoVEdScNg,-45.38727979409566,0.3735488499043392,45.760828644,328.48987224109567,328.86342109099996,0.0,45.758075863,27,0.008163070053000834,1,1,350
BJLTsAEbQcX4Tapd4upfjebrByhmnCX1WgEs3xbrWUyA,-45.90865200251196,10.367950227488043,56.27660223,627.140920751512,637.508870979,0.0,56.256753345,19,0.1842319865921309,1,1,351
3cSM8pboaM3BcS5NMygFHJxyBJLgDFVWbiHV8DyxAA2h,-46.238094562400676,8.951153267599329,55.18924783,326.02962490140067,334.980778169,0.0,55.171911056,19,0.16219016601153285,1,1,352
6FJUDmtzCaaRTG1bWr5wdt6W3R6HgzD5fRNdnZpBXCsS,-46.80312585421175,2.0112733097882542,48.814399164,1112.4440683072116,1114.455341617,0.0,48.811731981,27,0.04120245960686827,1,1,353
C48vvme3uoPGkGCDDv73vERBX2P8MTmGuaw37iF2envS,-46.890541802582774,3.7465104794172275,50.637052282000006,1044.4667938185828,1048.2133042980001,0.0,50.634337098,27,0.07398753107808771,1,1,354
3umbzR9kSvExUXw3tWKxbJcHcEZBU9kq7cFMi8n9ixmM,-46.94123060163042,7.936011480369578,54.877242082,1410.3596287636306,1418.295640244,0.0,54.874303876,28,0.14461389055432555,1,1,355
FKzbt3XJMLeQFsB3gxc67T6QrM15dWFE3go7FnxCrFbX,-46.98108413353316,2.5000252544668427,49.481109388,360.3913138315331,362.891339086,0.0,49.478545753,27,0.05052484241740022,1,1,356
3hVBTwyNaCSNouAwKNAp3qZ2oGUN7cTyquNkDeTEskCS,-47.26947371314825,0.1836795358517518,47.453153249,256.39138013814824,256.575059674,0.0,47.450594753,27,0.0038707551190104014,1,1,357
B8GDuqcsgiWKRTNSUY6btPzAw6BWMZ3fc8f3yWptUUZZ,-47.380062470081434,4.357434083918564,51.737496553999996,1348.9654943280811,1353.3229284119998,0.0,51.735010261999996,27,0.08422197389026309,1,1,358
5JMqnJpAnT1bHVVrBww1ka4xPZiG84Etm6Tp96TF6J6o,-47.64422365261521,4.234527150384795,51.878750803,1170.5772785006152,1174.8118056510002,0.0,51.875888128,27,0.0816235372833982,1,1,359
BuSGChosdGG5yySMvL5MByqLVKhs4QDPnwcJwq5nKuMn,-47.9548971151534,1.6930448118466006,49.647941927000005,444.61813533415346,446.311180146,0.0,49.645031543,27,0.03410100693269368,1,1,360
9kpqZiUGiKxjDsQMjYMPH3uwAKatuHSb9HgDnyXA5ozp,-47.96729751067547,1.04072517532453,49.008022686,272.73464982267546,273.775374998,0.0,49.005357108,27,0.021235812389179116,1,1,361
2w9aQdfRn1oaLGQFsomP8xsQvCHvgsetWk4Raa8SF5MT,-47.99323665949807,10.515773663501932,58.509010323000005,654.0336203634981,664.5493940270001,0.0,58.487935536,19,0.17972913240968222,1,1,362
9peGw748fau9sip3ZzedMuB3yDP2njyvMQ4Tg41juBRp,-47.99324469224364,0.2145841967563539,48.207828889,342.29940095524364,342.513985152,0.0,48.204967114,27,0.004451231297937947,1,1,363
Czgt3timKi2k3Zk2kVjgnAQQ2p7KT3imddMGbQNNecum,-48.11671295517834,11.06995942982167,59.186672385000016,393.73363842417837,404.803597854,0.0,59.16495020500002,19,0.18703466479435304,1,1,364
8EPZPq9gZzMwwC2XAmCuZjSxGxAmHLtbQx9ah8qwHdaV,-48.24494497680196,0.3952299511980389,48.640174928,342.33874564180195,342.733975593,0.0,48.637489951,27,0.008125586550276209,1,1,365
CwM9795823cG9Q1xtou7f9aRyaBMGCerYiyMTSW4pkiA,-48.24846112692501,0.7343699230749939,48.98283105,304.457046661925,305.19141658499996,0.0,48.980131954,27,0.014992394423372022,1,1,366
DZSVR8vJ5CsoWjSGK3Cb5mQE43BhusGzrHB8nJ67YESW,-48.621772733148994,1.3934043898510127,50.01517712300001,408.430953091149,409.824357481,0.0,50.012474870000005,27,0.027859631216026245,1,1,367
3KRWXyQdtdDFkNSmsZtsNCn3evzykQ4yELf2sdpYfzyM,-48.66713148213884,1.5736820878611546,50.24081357,857.2243876591388,858.798069747,0.0,50.237871422,27,0.03132278273457017,1,1,368
4MYFYLPCzmeEKiDyBKE7rWtf6zTHEpZCyKgCx264nVHM,-48.71519014719898,0.6565089388010189,49.371699086,300.040333855199,300.69684279399996,0.0,49.368877157,27,0.01329727254590638,1,1,369
AufCZ5wSCh1fq4dh6kmeQVftSiSv1ZBthBxt8b1GpT9m,-48.743227328475896,0.49701049052410823,49.240237819,249.53204924247586,250.029059733,0.0,49.237434862,27,0.010093584282656127,1,1,370
DDvwrzkiuTbeTzPzX9N8wMT59dGAtJNgB46Rw4gScK6t,-48.759068247643505,0.06671250335649476,48.825780751,577.8373843256435,577.904096829,0.0,48.823063067999996,27,0.0013663376669123394,1,1,371
FyMZryZVMserVJMzkN3x5DyTE1ZTcgx2jSwALCwC3oXz,-48.99964762335361,6.0788052466463895,55.07845287,1457.7566828693537,1463.8354881159999,0.0,55.075668734000004,27,0.1103663035160775,1,1,372
64Zoy8CTf12sFtgBPJmkdrKtg2xheUt14Vabp6t77WjC,-49.21314096506515,0.8967240309348489,50.109864996,277.8792271490652,278.77595118,0.0,50.10724358,27,0.01789515958597034,1,1,373
2ajSWNdUctYMQQmXCKpbpcEsXikUq1HiveDYL3SwC33e,-49.30171618322491,0.12686579977508552,49.428581983,280.0242218532249,280.151087653,0.0,49.42593235,27,0.0025666485803440314,1,1,374
AiNqCaoN4qzzfRbM5nnESzS5JxZ7tcuCyLJjSkP6BWa5,-49.337568454934065,1.8095996370659337,51.147168092,615.0114140219341,616.8210136590001,0.0,51.144323994000004,27,0.035380250844209996,1,1,375
4KtD71c2MS5TxwHffG4pGn7QyoCZ2o8SoQ65dtecdwvi,-49.33777551628918,0.8166454307108202,50.154420947,328.4227379942892,329.23938342499997,0.0,50.151707899,27,0.016282621058945117,1,1,376
C8Wf3HdFeBWBBN5TSL93RxJRRqaRYtbRUSqkUW4vZDnd,-49.39889842316899,1.0474774298310119,50.446375853,295.49195697116903,296.539434401,0.0,50.443747970000004,28,0.020764176060602366,1,1,377
6b2cCbfmz6im6PFEiG3Crep5ZjjoAjnogi4pU1VPKpPe,-49.58784832925087,0.7939138107491331,50.38176214,359.4887382972509,360.28265210800004,0.0,50.37890928,28,0.015757960361589152,1,1,378
5k8WQ1wgPcmgk7Qsix8wa2ixNaAb87Biqp154Ggna4JU,-49.62053178208988,1.209083895910124,50.829615678,360.3034898190899,361.51257371500003,0.0,50.827017739,27,0.023786996611769345,1,1,379
azhZDEErQ9meqqdA5En1h9CxRRfKjXWtphYYXqE1HWn,-49.91148703745327,1.8928211995467332,51.804308237,338.0974076314533,339.990228831,0.0,51.80140337300001,27,0.03653791091828209,1,1,380
4NpWmfYkcZny6L8GfGeKckkQWDurUVCJsVQy5bNSEGB3,-49.962134187414705,3.232383565585299,53.194517753,876.5455633534148,879.7779469190001,0.0,53.191704901,27,0.06076535143328756,1,1,381
5WgHE424Qtv22cwQvcbGvPcWyy4T27dsNuvzsbaTsmnw,-50.096269016014816,0.9223471349851813,51.018616151,295.53559544601484,296.457942581,0.0,51.015867363,27,0.018078638829703002,1,1,382
BrDf1HoQkHWtmhvhNXMMRrWMZZzDyygmsniUGiaADb4i,-50.41705766114003,0.2738771248599706,50.690934786,694.09657378514,694.37045091,0.0,50.688279688,27,0.005402881718717307,1,1,383
F7FZyKSyhV4mUs6qAQeLnFio2dSS821TgrkCzRRtVWpj,-50.47446869318905,16.63933474881094,67.11380344199999,1028.489902679189,1045.129237428,0.0,67.090454037,19,0.24792716096310524,1,1,384
8nQuEddzWNw1m9JS5s5nLe9rsqgFtDox5qyt3FUprF6k,-50.5193370052302,3.419206411769802,53.938543417,872.3984213772302,875.817627789,0.0,53.935590044,27,0.06339078134416508,1,1,385
3QPdN4JfUHRNEdJM4tQX8anVuDiq8PZFu9RnbmdZrKJF,-51.23494471230307,2.1449520706969323,53.379896783,623.209267032303,625.354219103,0.0,53.377068261,28,0.040182769169011194,1,1,386
s8cruwdNPpjWa7dKuf9yQighWon4NBMWsn7g6o99a5z,-51.2452081015267,1.3432299434733015,52.588438045000004,973.6492154105266,974.992445354,0.0,52.585379318,27,0.025542305369935073,1,1,387
3HLq9MwMAWHMSAiiqsb1wwewf7UZghXCn1SJvaTrR3WP,-51.338492762031954,0.8158412089680478,52.154333971,238.50192040203194,239.317761611,0.0,52.151518755,27,0.015642826719284533,1,1,388
2rCzRX1br82LwP8wDp7Uyefo48u4BEQioBJrcF4C8mkK,-51.50992802712975,0.5267708528702522,52.03669888,259.56125223612975,260.088023089,0.0,52.034044044000005,28,0.010123064379718242,1,1,389
3xMxXuLYrDRnHAYf8fvKqX8fvvPSZPrzvqr5qLpUw8Zf,-52.230034360075635,1.209427303924364,53.439461664,550.1471196730756,551.356546977,0.0,53.436605649,27,0.022631726934837483,1,1,390
C9jNJ41PxQU1Ri9Xk4To17nE8op156auTepvMB1i1JRP,-52.33121717153609,255.2459135194639,307.577130691,38.32614433853611,293.572057858,0.0,307.435729648,42,0.8298598564400115,1,1,391
7ysKMjDaykSt6fsbqMinBcjT8kAvW6457W6wXbP2KB5F,-52.37355320738709,0.07950566461291188,52.453058872,352.5521655133871,352.631671178,0.0,52.450189734,27,0.0015157488680865635,1,1,392
J8r83AtuHCaRx9YwpGsW6ipxR1kND8DQppwLy6VdNRMU,-52.69478494452528,2.4033218974747146,55.098106842,564.4189123355253,566.8222342329999,0.0,55.095615257,27,0.04361895599002175,1,1,393
AzNWMHbGVHG6h7YQZdeuKMwnf9rXK8iU2eyWHitFomrP,-52.80784223587251,0.8507529641274911,53.6585952,265.6186204868725,266.469373451,0.0,53.656005882,27,0.015854924284851406,1,1,394
HpU81wkRiJBF4thXy5mz6Ku7z9iM2NCzdsmnn9ibrzfV,-52.88409182545348,1.34635954654652,54.230451372,720.9456859834535,722.29204553,0.0,54.227491261,28,0.024826633606845946,1,1,395
ENhw7omxvWeYtAVVsZZHdB999z7CRt9KaFTXrbiaKm5M,-53.41421903429439,2.8163809627056136,56.230599997,752.6491438362945,755.465524799,0.0,56.227746471,27,0.050086269092911556,1,1,396
EtZL9BFYS5sfXQDYfAuHXUATNKKxWXSqFUYWh2ZvFDu2,-53.78377232246784,0.7355679835321549,54.519340306,276.1291850924679,276.864753076,0.0,54.516138397,28,0.013491872414516427,1,1,397
7Fp2fYAEJyUT6FVfqvLkmR314gBh5M1idfUYyf8Djsb9,-53.793736547857996,3.432279110142006,57.226015658,551.320687285858,554.752966396,0.0,57.223027920999996,27,0.059977600583873344,1,1,398
2ZDN1tEAWtA8HH3bFPVtoZtrY8HK35DtAh5SPpSLpYFq,-54.478532391523636,0.22531518047635923,54.703847572,619.0712078345236,619.296523015,0.0,54.70070141,27,0.0041188177884527106,1,1,399
EkYFh6226N2fd8FMv4a7cepBHVAgnkPpBn5QRCcFHgAg,-54.810350019427645,0.5522228035723568,55.362572823,280.65123142142767,281.20345422500003,0.0,55.35976126,28,0.009974659330552997,1,1,400
8gNmp5G6VKXHqmdKhwNDECPRkTdnWLFEZx1GkJGg9ueP,-55.00523376429508,2.0591151817049216,57.064348945999996,518.047801485295,520.106916667,0.0,57.061500822,27,0.03608409137644701,1,1,401
4YaD6QTJejF8AFZkZyh2y8AZ9DyE11ySiLrhXNsY8yVe,-55.39388104370931,1.3045403452906952,56.698421389,491.10504070770924,492.409581053,0.0,56.695546887,27,0.023008406818603024,1,1,402
7BYrDjGYtbM2CgJuKyabGpsZ4gSutHohUEfgWyKTorW9,-55.64956640325484,4.506860232745167,60.156426636,766.5802836062549,771.0871438390001,0.0,60.153721792000006,27,0.07491901505413026,1,1,403
4GtS1reyekfcNXo5KH3LDKtvmaXuKygjmYR5yeBF6RQw,-55.74829449454566,1.193568316454341,56.941862811,370.76470733354563,371.95827565,0.0,56.939033746,27,0.020961174389675357,1,1,404
Azv97T5pw2hZ1WmWdUMBbdKrJEwYVnJzY2KER3DTsFiy,-55.77878457082254,1.5924378391774676,57.37122241,269.2374750598225,270.82991289899996,0.0,57.368296241,27,0.027756735385507495,1,1,405
Haiv1SSse3hzbuMkjLx2m64Y5yvNvBrHNk92r5NFd6kB,-55.81764909557044,1.897552411429563,57.715201507,534.4048935175704,536.302445929,0.0,57.712395687,27,0.03287786167045467,1,1,406
3JHvwc534vWAoqHEutfCPqXy5eJSA1JGMynU7sjcugCS,-56.84015165831625,0.6659120426837483,57.506063700999995,264.7419654513163,265.407877494,0.0,57.503046783,27,0.011579857841533474,1,1,407
2pfcKVHVKYVaM6rD58mXCC56bYKg31Wua7bfncz3wweZ,-56.88702372886273,0.7941380161372676,57.681161745,585.2724425078628,586.0665805240001,0.0,57.678422754,27,0.013767718820366969,1,1,408
ABnufWGdokWZEtFNZkUQiNp5XUcvVqnaYX2sFqQ49wTu,-57.25518931983957,0.853409675160428,58.108598995,292.7987970268396,293.652206702,0.0,58.105638003,27,0.014686461038819062,1,1,409
BWnUUkjZTNGranTmUYpwvzj27xXaTpWnRnYX46oW1amZ,-57.267480331631994,0.8207272763680046,58.088207608,334.577935231632,335.39866250800003,0.0,58.085168062,27,0.014128982631148921,1,1,410
3EGZWuAAPU8Fuh1CAtMJaFU54E6gzBwrFTMWtPMb6SSs,-57.728057380996205,2.4686989330037976,60.196756314,587.4582103619962,589.926909295,0.0,60.193807306000004,28,0.04101049764420032,1,1,411
3xJa9La6dUYjqmdDBrVmUYwwm5NaFtQoWXcwhv1q6jBe,-58.2975175817893,0.03096063821069663,58.32847822,269.8274911017893,269.85845174,0.0,58.32557361,27,0.0005307979764862213,1,1,412
CmpTJnJjwVDiuSsHCMe6GCjsqhcT5RCADqZjTcXP4PeR,-59.32608540257926,0.7269103544207417,60.052995757,370.1023406175792,370.82925097199995,0.0,60.050120412000005,27,0.01210448113799569,1,1,413
9VEMvFoTt7Bnmkc6evbYrTJmTfprANBKdgUtdJ4ApxwS,-59.521538330445516,1.2373504505544881,60.758888781,421.2380020424455,422.475352493,0.0,60.756126829,27,0.020364928908005665,1,1,414
8r7tKfAkKWD3u8bdke3ECPWfFYt9XwfPRML5pkg5REz7,-61.82628196847577,1.6672811385242303,63.493563107,384.63617747947575,386.30345861800004,0.0,63.49071585,28,0.026259057720772593,1,1,415
BoDGB95V5nYMb1DJF6oK2yCAfKNKeaQeFkWNBC4c4wEC,-63.378476684017784,1.9906440759822124,65.36912076,571.8397186640178,573.8303627399999,0.0,65.366171332,27,0.030452361188867433,1,1,416
GvfPmPpWR2RUewVd5UXdQ8HvQBVo7enYBCXYsjhsTEdY,-63.41384428724874,0.051746135751258984,63.465590423,899.2606968172488,899.3124429530001,0.0,63.462487107,27,0.0008153415954436016,1,1,417
2Dqr2EMg7u4Lh2BdFafmeuqmbbL2mobBPu6maJtAM1Xt,-66.50996224452491,788.0796134714751,854.589575716,446.378839521267,1234.4584529927422,168.20256812099998,686.265688597,12,0.9221732114052515,1,1,418
5h7yzwmrGoG2BmxNCqNR2EnSv1LWCFo7n6SKSh5ZWkfE,-71.70282416187513,334.32078258312487,406.023606745,1.4414730092598558e-05,334.320796997855,0.0,402.180880633,14,0.8234023269319226,1,1,419
2kW5wLFQw1wLuepZTJux1DZsTJSbNi2PGQ1E6hC7xeY8,-71.72957246009567,556.2220886489043,627.951661109,362.6264965770336,918.848585225938,0.0,603.393852465,97,0.8857721431400993,3,1,420
B2GFtzdAYKWTXrn61o3nbERYkvzyrBKSt4SKhQew3mV4,-79.72409548637535,500.19238935962466,579.916484846,39.24532706615267,539.4377164257774,0.0,579.84189646,18,0.8625248676841002,1,1,421
7Grc4KzqB19knxD8c6ULT1eMkrk38rrkwGyUR3Jqq9aJ,-79.84546238253863,262.2311557544613,342.07661813699997,647.8923177085386,910.123473463,0.0,342.009159363,17,0.766586027371912,1,1,422
5d6dHGUtK4SDNGr8qQEZCKHnwur7KvBLwv3zxdJgvj8B,-82.03643416401769,57.999657862982296,140.036092027,508.64656145701775,566.64621932,0.0,140.01076220599998,5,0.4141764956694131,1,1,423
8PC1dvCJE8c7FRZu8y6xDPoNxZoSU8kWYWjPqdtjArrk,-86.0816739871351,849.0080468388646,935.0897208259998,3946.7680490961357,4795.776095935,0.0,935.0326919659998,7,0.9079428721437596,1,1,424
64EvTk7cpYoHFgACU9eRSFNV2eDC2NZiscbBLPgCUAtc,-88.22995605598211,95.56162881101785,183.79158486699998,1602.8613898189822,1698.4230186300001,0.0,183.78961100599997,27,0.5199456160094089,1,1,425
HTupemLfexsRnv21gRUV9N85K3QmNsj2hS4YHoCfnKAC,-94.40764530533065,201.5541056016694,295.961750907,331.39930230533054,532.9534079069999,0.0,295.90387665000003,6,0.6810140330092982,1,1,426
CLCKGxACeCopBe3raLdk178yY7BFPeLoiLoTBJiywotG,-111.76085333440352,179.8798541845965,291.64070751900005,644.9392376104036,824.8190917950001,0.0,291.583195202,6,0.6167858242933303,1,1,427
CUrBZhRR9cc6j9WgjjWDKiTjrtxAhpA6NEAsAVS3JwTY,-111.864734525711,236.89351784928897,348.758252375,298.667626121711,535.561143971,0.0,348.691131489,17,0.6792484944401281,1,1,428
GjEHhscToAjkatJcHj9uQueWUFxRdB5N46uysYjNHLJg,-113.33257346264281,24.683143091357188,138.015716554,349.2246855006428,373.90782859200004,0.0,137.996445734,11,0.1788429876513351,1,1,429
EKfTy6v2i9gUbB35uB5ZxmVkiEAp4wg4i3mEhaU7A6zT,-117.83240885517597,974.8926883868236,1092.7250972419995,803.3559181071764,1778.2486064940001,0.0,1092.6632242169997,5,0.8921664660649042,1,1,430
AknpQHyqgdjEzSc85Ee3xuMFkAbDyiYNkEMVZgigJ6w5,-124.07715225270441,1193.9464175022963,1318.0235697550006,59.30546107374695,1253.2518785760433,0.0,1295.6964521180007,394,0.9058612037751584,2,1,431
iq2WtY1TAPKSMEic3RANYxhSagsHyG2GuMfEbPFQfCU,-127.55979534299969,49.273522314000004,176.8333176569997,3381.112228863,3430.385751177,0.0,176.7729816569997,32,0.27864388321648154,1,1,432
Dd1GrGT567Cqiep5SFSSxGjCoWud2LNQMu79tk6Ljf4u,-128.72026546599955,41.415798949,170.13606441499954,355.264373788,396.68017273699996,0.0,170.07578441499953,32,0.24342751251126682,1,1,433
Bo7AGgbf2QTGz89QsnBDmbDtUz8w3XpHGj8bQ5b8H61f,-129.79265752899963,41.165144955,170.95780248399961,2847.784171526,2888.9493164809996,0.0,170.89742648399962,32,0.24079126168489887,1,1,434
Ckhj7xUmAWRnVEhWb5cBErewUNuVn3fYSw6reMG5ktef,-137.3569230112221,175.40726157377787,312.764184585,770.4085569782221,945.815818552,138.0982635,174.628658682,45,0.5608291173317109,1,1,435
9hGvgcdQnPY4HP5BrxMEXXoLUH1g7B5AtkNfp7Q7NAuZ,-139.8397827969996,53.630695020000005,193.4704778169996,1286.321103593,1339.951798613,0.0,193.41008581699958,32,0.2772035073523122,1,1,436
Djzs4D3LGjsW3qcmwJ8UMLJobzfQ1Z8ezpGt7e8BLFyW,-145.2421755739996,50.31300709,195.5551826639996,354.886178902,405.199185992,0.0,195.4949346639996,32,0.25728291321456387,1,1,437
7dSofEwBBajQJuWe6AYPxKu7h4WHazi5JUXmpDjo3VYL,-147.79565232724312,29.120529512756924,176.91618184000004,1855.3661621652432,1884.4866916780002,0.0,176.89103704500005,26,0.16460071209932076,1,1,438
4xZPX1HnaqXfqvGrMj5tv758gr5DRy4XY5se5JzxWGrb,-148.2065841852938,36.02070940570617,184.22729359099998,6217.230608076294,6253.251317482,0.0,184.20209008299997,25,0.19552319693560263,1,1,439
E5PG81Po2sfDEqXfnCBzkgYUanohi1hxsGqnHWq3VBNn,-150.2080880906044,193.85384490639566,344.0619329970001,537.1059211756044,730.959766082,0.0,343.99497942900007,17,0.563427180734016,1,1,440
FmgU1WyGtMfWtyEdzWScAany6GYrZhxiZqJAuwu1M2p3,-154.05009972044172,48.50775384555829,202.557853566,688.7345767544416,737.2423306,0.0,202.55125649000001,27,0.2394760459374283,1,1,441
9pjkfdvPrV77RofH8gRWpc1wE4oV2ES9Q7WXwTtpr8tk,-154.10542928595805,195.42358187704187,349.5290111629999,372.52329049395814,567.946872371,0.0,349.4610561369999,17,0.5591054694624698,1,1,442
5Bgp218d47YJ28Ecyf2ePm4iQrqUdiLJZXYhWKY3G3qP,-156.85120114773508,851.0729232992651,1007.9241244470002,2555.003485432735,3406.076408732,0.0,1007.864067941,7,0.8443819357595078,1,1,443
Ao52Ld9SBBUhhRAoZeJSd3Kq8GcMZ4t2kTkor6cB7Aa3,-160.82945189866027,0.41625215233971496,161.245704051,406.9811824996603,407.39743465199996,0.0,161.22108183199998,25,0.002581477471226518,1,1,444
H4w4AWnKqMnihjbQ8GJkim7aRC2ZhLDVn79mY1qSNah2,-162.15062229516684,811.0670694948332,973.21769179,1067.3424399581668,1878.409509453,0.0,973.1582703409999,5,0.8333870996560597,1,1,445
Ecei1rstC1N1c9FYV41XopLmqkALFQw4PUhUthxQhYqd,-164.29362046771797,182.0189446042819,346.3125650719999,375.5832704387181,557.602215043,0.0,346.2451946299999,17,0.5255915117213242,1,1,446
GubJPkg7odr85LUfnmKEqgEtCv61t2cNdLzANABaGHzL,-164.7785796603149,27.289589284685153,192.06816894500005,2823.3649890543143,2850.654578339,0.0,192.04405370200004,29,0.14208283149978745,1,1,447
2qTd9o5toM4PXjFsMnHo5RQmEqvXbxV9aMhqguVDUgZi,-166.98875598800078,4341.713126263,4508.701882251001,0.0,4341.713126263,0.0,4500.212519004001,103,0.9629630079013717,23,2,448
5vCm33GMDWBHKvguUXjdG8M3Tb3rGuo5WWdXaZTND9ig,-169.79104977792423,696.2678359850759,866.0588857630001,1434.666259981924,2130.934095967,0.0,866.0083671520001,5,0.8039497630367963,1,1,449
3xHEK2KcUfthnyDP1DSKqE637v2pgj78Y1BZbAvYi4y6,-170.7460436138139,1.5552125571861541,172.30125617100003,2130.198148800814,2131.7533613580003,0.0,172.27637718900004,25,0.009026124311262632,1,1,450
6w4wUWLMqronK3HX2RMMLGEWAFSm5ktUj9HgJExS6Yaa,-171.70245071700836,2.4698994979916438,174.172350215,3048.6096279460085,3051.0795274439997,0.0,174.147583153,27,0.014180778378099489,1,1,451
FTQRWg2beSth28CDNvzmrdcjuziZk2eRkwiWE8CxpK4g,-174.0395333374199,35.41198754958007,209.451520887,811.88672674042,847.2987142900001,0.0,209.44477487199998,27,0.1690700902987713,1,1,452
GYmdP5BCkSXp3dW1eQyvnQd4yrL3DVHxhtF62fh1bQuA,-175.3071008288525,3.1339131151474993,178.44101394400002,1080.6719049908525,1083.805818106,0.0,178.416148853,27,0.017562739898636825,1,1,453
8EamH4Ro72Efy9G6aWUwk5HAbcuTL6gU79HQ8JDzPz4c,-178.99076983851484,169.390301105485,348.3810709439999,417.190384689515,586.580685795,0.0,348.31337284299985,17,0.4862213111822986,1,1,454
2WS9nX3VxubmxcGXoS1skQHrfTNaWXSSWfrY2EdtdP2C,-179.86305440476923,2.951571554230835,182.81462595900007,2845.419496580769,2848.371068135,0.0,182.78964584300007,29,0.01614516091777463,1,1,455
FC1gozgxPSjMiBsUWKiRBDZHoVJZqFcbji7cEMsB22Uz,-179.97128571072042,14.286335053279577,194.25762076400002,387.26233005672043,401.54866511,0.0,194.250935312,27,0.07354324117165927,1,1,456
6MLpoDx8bRy6C9pZ9NUL4GBQDNj2HHyBs3sUcWyRvhkB,-181.3937079701857,0.9365546498142884,182.33026261999998,655.9736711231857,656.910225773,0.0,182.305521911,26,0.0051365836716101825,1,1,457
HcDztrAXmc1hNRqfbgU1c73mwUqtXdQ4qd24yWuiUUeV,-182.91389174069926,61.6128326843007,244.52672442499997,720.4498104326995,782.062643117,0.0,244.51520939299996,5,0.25196768504212425,1,1,458
63GpoiY5uY1D1FWrU8fzUE2Udsa6F3xkWaAXdVG9tDwA,-183.34389736912644,3.4707828758736032,186.81468024500003,2631.091813700126,2634.562596576,0.0,186.79010846500006,26,0.018578748047647056,1,1,459
4o2WcrNPgm4P2FLSjyJ4Vi6EPazKEYqMDcrDVFyi6DpQ,-185.8655001874558,0.8050530915442109,186.67055327900002,458.03208519945576,458.83713829100003,0.0,186.645572044,25,0.004312694623779086,1,1,460
GdEjuSuqUSVQzNQopVvRccqvtAmGTR5qj2ScJHrj9Hqr,-186.89093576668847,88.83968670231144,275.7306224689999,573.5694434206886,662.409130123,0.0,275.6200471649999,8,0.32219738927365454,1,1,461
3N3kHMW3FpA1aVq2sBXdtyjvrguLk2MHHaffUGyNmSco,-187.94638958548683,15.855076007513174,203.801465593,1526.9626527426387,1542.8177287501521,0.0,203.770439172,25,0.07779667315629821,1,1,462
7t8915Ty9nnW2mRfFZxDhSGcmtG4d8fKyrYts2eB8ojM,-189.31842610427043,17.388857755729592,206.70728386000002,1037.2798302252704,1054.668687981,0.0,206.700738007,27,0.08412310118450797,1,1,463
29KmkyJEnyPaWGMeHBqYPTys9NfxA4UfvQXcsKaGdm9a,-189.48129618606265,0.4481725539373318,189.92946874,448.5219644500627,448.97013700400004,0.0,189.904730682,25,0.00235967886874284,1,1,464
6h4yPA1spMXnkV57vUALqnsRFeABv1FD9GkQmHL7qAo1,-189.65854918724344,26.798801347756566,216.45735053500002,6467.649005564395,6494.447806912153,0.0,216.427925659,25,0.12380638163370358,1,1,465
3acdRaCs3NenDoe5Sjp1gE2hBHNPv11MRgEz6akR9AUh,-193.89231154350995,35.77751961649,229.66983115999997,2171.427857193662,2207.205376810152,0.0,229.63862895599996,25,0.15577805511410645,1,1,466
AcEhqEfUDxufAq1MXrMTXQMKvLB1E1fHuC74Mi2zt2hn,-197.06189881425558,4.447355725744408,201.50925454,574.0702917154076,578.517647441152,0.0,201.480409513,25,0.0220702306496876,1,1,467
G8ip9UuRAX7pQAvVDvBEstdKgoA4rxqtTmiNVMD77czx,-197.58518689468082,0.5823534243191957,198.16754031900004,611.5352290808328,612.117582505152,0.0,198.13620743500002,25,0.0029386922973447254,1,1,468
4feBVTDC2ZMZCcr52cwCimjGt1WvGodPmMPneeq5tVSh,-198.95997201997545,22.014331706024567,220.97430372600002,9670.231398244126,9692.245729950151,0.0,220.942608141,25,0.09962394420901322,1,1,469
66CfgCFST92Cp91UgVt8WWpTXaQ8YrcQkHBygTvutWgv,-203.19168229093867,1.9412870080612803,205.13296929899997,3141.991024396091,3143.9323114041517,0.0,205.10271948199997,25,0.009463554370100682,1,1,470
5eXybDzMfAmtEpoacT28PkZgCrp6G7gFQDUtcjDxzPkF,-203.81275189103255,6.807384739967458,210.62013663099998,539.5895499041845,546.396934644152,0.0,210.588498778,25,0.032320673838958654,1,1,471
ARq7mwQcbYqTAAZqnKdDXFq9vWieom2Rp78jUDSu6Ldu,-205.66925927471922,3.4997184262808183,209.16897770100005,1464.4112602658713,1467.910978692152,0.0,209.13720491900006,25,0.016731536697012245,1,1,472
CF92aLkndBcSR4sjmGdp9FHuZxif2sPjypRJY8oeWjbd,-205.75278959188316,4.323026000116837,210.07581559199997,3173.302934698035,3177.6259606981516,0.0,210.04458171299999,25,0.02057840874226488,1,1,473
6ATyyo2bRfzJH6TjuYb6AarQvfmD9r9r3XxF6J9Up3FE,-206.5789544953093,7.121753882690661,213.70070837799994,442.9711267464614,450.09288062915203,0.0,213.66967399699993,25,0.03332583189239363,1,1,474
AGPsvEY4X7MDn5yam8mPUw45y43VXfLSQKYFnKGrrQen,-207.61498468694862,1.3500293710514104,208.96501405800004,610.9422399471006,612.292269318152,0.0,208.93362207600003,25,0.006460552150977283,1,1,475
H2GHrAiZujatdGhsoSvvdLA4aPQbLgVJ5fdLZe7tEoJm,-209.85699641715743,0.3118790108425955,210.16887542800004,493.7622221973094,494.074101208152,0.0,210.13783355100006,25,0.0014839448048978093,1,1,476
DrZhh8Uz9ahWYEXyv1zWNgemN3BRAi42aSZVV2vsKsVy,-211.69247100225323,566.5544025247467,778.2468735269999,828.7680855772583,1395.322488102005,0.0,774.611334414,9,0.7279880225629857,1,1,477
2PDh9kjNzhXL4fw41ezgCcsLYNje2y61y5ifGjz7Efjm,-212.11594985080924,4.167935141190763,216.283884992,3264.025588581961,3268.1935237231523,0.0,216.253878644,25,0.019270668923599778,1,1,478
6WDKw5zsEyKrny9asn8K4axXww9EFh2NJWV1XaAzhmDc,-212.19168522213155,2.791333238868488,214.98301846100003,3313.4839217852837,3316.275255024152,0.0,214.95164820100004,25,0.012983970821745915,1,1,479
FMnzmbEDTwVNZQxBdE3Lf12nM3D9dJBRMjoqx6h9yWrF,-212.49857357965533,1.4921459643446708,213.990719544,417.2002042218073,418.692350186152,0.0,213.962362954,25,0.006972947086323812,1,1,480
5HC7J7FrBcFicE79A8JsKixLC1QVYgWiohkqTEBPA2H1,-213.71386123696345,3.6895543040366348,217.40341554100007,1932.4933829761153,1936.182937280152,0.0,217.37205009800007,25,0.016971004318654885,1,1,481
DfndyXU7UpmPNZaoUQcUnMhHsiwaxnxdyZ3hGCJCY9de,-214.93747574064727,0.8793461483527779,215.81682188900004,437.83910531779924,438.718451466152,0.0,215.78567891400004,25,0.00407450235183728,1,1,482
AfkpWJ7VvTRKcZcEB3xB7KC94Xy6rUXk57bVFMfVDo2E,-218.597066682693,12.136312616307082,230.73337929900006,1730.9740289108452,1743.110341527152,0.0,230.70194333700007,25,0.052598859571939174,1,1,483
GFQxbSBfKKbvmWehNeFcL4zqycruHUiGnDYfdcxaraEK,-218.66778211733995,4.771047096659984,223.43882921399995,1457.343023603492,1462.114070700152,0.0,223.40874900299994,25,0.02135281102860812,1,1,484
ScWdqdmNSZG32prVWDGArz4evMW59WFYsLDiLoe4tWm,-220.52115204875034,0.9002151092496758,221.421367158,2722.8667668359026,2723.766981945152,0.0,221.389768765,25,0.004065619866791392,1,1,485
8ZBKg6k6BFqe2PrYUfSgMGi5mqSLjb3GuHeNwen9Sfbo,-220.65110925535143,3.67801171864853,224.32912097399998,1099.9623954005033,1103.6404071191519,0.0,224.29906528899997,25,0.016395605272642316,1,1,486
3r7j1wGQBReUv5UnXmfY5i4kerabdarqRSHzptY5JPaY,-222.4125578977334,1.8592526732666355,224.27181057100003,2375.7340547058852,2377.5933073791516,0.0,224.24017056800002,25,0.008290175517524673,1,1,487
6fuMATNN3EhesbQwKPB6nFpC9JV1AUeQoQFr7czikxHF,-223.21178913628506,1.2737840107149236,224.485573147,450.7556222374371,452.02940624815204,0.0,224.45415406299998,25,0.0056742355103631134,1,1,488
6XGbBbFbkD1Es5CeCQ8iU2vrkEa2j5HL9k1XyrvgSHTd,-225.1768863466874,24.190632690312533,249.36751903699994,770.9219780566875,795.1126107470001,0.0,249.34141941899992,6,0.097007953496635,1,1,489
GkfayGhah95rPGBGcBNV4RCT6ptaDyaMSJ9xKMqbb9Ub,-232.1431352775171,13.705405104482836,245.84854038199995,1062.9441477066691,1076.6495528111518,0.0,245.81747166199995,25,0.0557473519394801,1,1,490
5wpWo5xZYxKHfSDwP3iaKHRQQPi464GNGM8QkY12aoiN,-232.59157226578654,4.98898773921348,237.58056000500002,2800.6333007069384,2805.622288446152,0.0,237.54950092500002,25,0.02099914125595328,1,1,491
9cgUU3TGV2kq6SG768XJxmZx6EbkvZCyBaDWVtAy96WN,-233.62560142311415,0.26735760388593593,233.89295902700007,420.3404311272661,420.60778873115197,0.0,233.86225257400008,25,0.0011430767518532817,1,1,492
3XfoaWrR8RjxyCm1XHFa9dduN5dhHGPxbEvWaLo6uocA,-234.23310102634932,4.721831982650697,238.954933009,3062.4231048315014,3067.144936814152,0.0,238.92365649200002,25,0.01976034528014056,1,1,493
3iFRqEANaJ7QDZjZchv4W1weu9kBCp6K1HpVZJKdr7tT,-247.05000788419173,233.19917961080827,480.249187495,633.1396323651918,866.338811976,0.0,480.240863495,14,0.48557954012829263,1,1,494
6CT46cDHQh1uojWqzYN69FVrSxdhsHvTBy8iBpW1HWW9,-250.41588664158618,520.6242682414138,771.040154883,586.4920386905862,1107.116306932,0.0,770.987502283,5,0.6752232875866432,1,1,495
G3wsyuj1oWQYaszh1srJC9TkdcHceDn9cBZYWKLwRJyR,-254.7520066792098,1.2883235727901963,256.040330252,534.6806796633618,535.969003236152,0.0,256.008524543,25,0.005031721258608761,1,1,496
FiCVTHt95zobGVukh22XiWQXVRPbBaNAEXtN3UJ7XmRb,-255.9537364347145,672.3754638742856,928.3292003090003,1549.510992006714,2221.886455881,0.0,928.2714921030001,7,0.7242855914157189,1,1,497
BJz9hGkWKJEr3YyfxRrDA79yJhZxnrA9YUcmRy4mJaUP,-261.31821568425715,747.9984194027427,1009.3166350869998,900.0916913352572,1648.090110738,0.0,1009.2576677999999,5,0.7410939178053552,1,1,498
9YuD1jMZVMu8SAvxYaw5hBWgL8GAZBW7hHDcdhYU2H7w,-264.51864249819926,50.55193984280077,315.07058234100003,687.1557477641993,737.7076876070001,0.0,315.01504937000004,46,0.1604463973348313,1,1,499
Aw8Gjs4RNPpsMUCbhTzX56AVGopq84LpqoetB9Ch2HLY,-269.8689576218707,625.4024728801294,895.2714305020002,1263.9199276188708,1889.3224004990002,0.0,895.2136010070001,7,0.6985618568543522,1,1,500
fd6b2ENB3Z2BkkLNLGnTbmUPrWixjEXcM9wb19X6VM9,-284.3714928005418,1281.8723674534585,1566.2438602540003,2613.9196564245417,3895.7920238780002,0.0,1566.1712032500002,8,0.8184372816922488,1,1,501
4MFTB2fuX5V8hUFDQxd8tQU3r7DgadFJcRzj39ePQeKm,-286.90525207839045,40.36322186160949,327.26847394,2587.8035480963904,2628.166769958,0.0,327.21194939,48,0.12333366968004841,1,1,502
BySwpGqn2GyA9hWb3uXwt6PTGKDDkNqbK216Ev7RTxvB,-292.5741452341274,395.34411916487244,687.9182643989999,747.2874106961275,1142.631529861,0.0,687.8663810259999,5,0.5746963551117007,1,1,503
FMzF9q52CpGJttEjCAixvH5rUKeW8C9Pue6651Vnrb2c,-292.5762702454303,3417.3314126565692,3709.9076829019996,365.7330109962362,3783.0644236528055,1733.1820986730004,1976.5244278229998,19,0.9211365092468908,2,1,504
GJsdBcg6QDTmSMeY4ydYhJ1KzmcZ8xRoXmAqTae2mnWH,-293.9515853958863,49.28593163611376,343.237517032,2235.794144712886,2285.080076349,0.0,343.18055942200004,54,0.1435913301736151,1,1,505
8mp4mG7AQ6uUrAqSeeAVsUrBPhWprCPKNCZa5mfpbE8h,-295.85564601712184,30.46825202387812,326.323898041,3972.1773695691213,4002.6456215929998,0.0,326.267844917,46,0.0933681296613159,1,1,506
1wqkMCPH13kYMkXcgmvvan6Cyx6v2KMWBEJ8Ew6TMNo,-298.17877608409225,393.4196267729079,691.5984028570001,953.0395322600921,1346.4591590329999,0.0,691.5461255830002,5,0.5688556034075374,1,1,507
EyxUGAeSYW4cdgo8XWdnCzoojWm28JUxNcuB7ijQnXFS,-309.71374923962367,621.6490751333764,931.362824373,3327.7613190886236,3949.410394222,0.0,931.3058491300001,7,0.667461765560457,1,1,508
9vSBELNV42KfJxcqeDKUtGcKd4tkZi57H9knQzkqUTdm,-311.4191539536047,3.7421699553953784,315.16132390900003,2736.8649664286045,2740.607136384,0.0,315.10564631700004,52,0.011873823567500611,1,1,509
8xBC1LcJhQKUAbEyux8HaCHbK1HhHSbKxUP1qMj3Tvv7,-311.68211413183303,13.606713432166933,325.288827564,3602.3332918818332,3615.9400053140002,0.0,325.23249971999996,46,0.04182963655427064,1,1,510
F9etojfap9u7BBAtESFumyarqFcfVxqXen3YGEWjHZ6m,-315.0496531936461,3.874105802353887,318.92375899600006,3455.7889651906457,3459.6630709929996,0.0,318.867802131,44,0.01214743553302492,1,1,511
5Dxt1kPLXmFCPqUtAvTJ7XjEp6qx14fhZwVrj9pWxPW6,-316.8085103202872,0.9046658807127651,317.71317620099995,661.6218188022873,662.526484683,0.0,317.65724816,49,0.0028474295322912005,1,1,512
HaxV9mP6TPYYMv2dbEjraX2YevnsdU84FH2owNE1mKd,-318.2774473074654,1339.9241878955338,1658.2016352029991,3020.996132882466,4360.920320778,0.0,1658.1226608039992,8,0.8080586579155669,1,1,513
DXFyKRxBQxtW4nFZ18YbDQ62pive5X4EkRqJaGzP4pa2,-319.44465107603327,0.494841391966713,319.93949246799997,512.5937427250333,513.088584117,0.0,319.88333667899997,49,0.001546671803938698,1,1,514
eL6FjYEZ2iBhtGdRJRmCApKtgfAvAvcMvw6R5jRkbJh,-319.8260763767804,24.62964734421959,344.45572372099997,6219.126747885781,6243.75639523,0.0,344.400205692,47,0.0715030863129711,1,1,515
86UZ2FG7qXv8Miofnms3MDkqmexbF73VBCREaLBAf4ki,-321.0303805843726,0.6700038306274368,321.70038441500003,637.5164032993725,638.18640713,0.0,321.644719855,46,0.0020826951507870077,1,1,516
2HTrTVezQC8iDVM8oiUC927KHPQ2Z94WBG6vYNSVYFrL,-321.0369187326327,1.0625709483673138,322.099489681,729.0357936626327,730.0983646110001,0.0,322.04493171,47,0.003298890505600179,1,1,517
4BsoyRibVgLVN4NkAq1UjvJ3kzUQ1epNb3zYtP5Dc6EV,-322.9358988510052,10.410035734994747,333.34593458599994,6495.980112367005,6506.390148102,0.0,333.290364395,46,0.031228926634199166,1,1,518
9AX2C6SkqffiZABwhyXYpojewzUwDKHkpSW8eNMaFHgj,-323.1937898139249,1.950441039075093,325.144230853,796.8561736799248,798.806614719,0.0,325.090620834,44,0.005998694899055124,1,1,519
EL9G6egzeHkam86kqNdZyaFACCxUgeUdH5m2h6j1YyGB,-323.6113843507485,1.1022218212515937,324.7136061720001,2031.2449251837486,2032.3471470050001,0.0,324.6585460180001,46,0.003394442980833237,1,1,520
5TNykUQERvbRSFYHQtHMFt6MryPECoUAdcuf3T2xaqyw,-324.1570477147655,0.809055916234481,324.96610363099995,1109.4015199987655,1110.210575915,0.0,324.91042614799994,46,0.002489662482315899,1,1,521
CLvAKtk6Z5jcbGm6vchCXmcTctSvEn5chM1w5ZHJPzkH,-325.75720515582583,1.1624239971741366,326.91962915299996,755.4776647578259,756.640088755,0.0,326.86401632599996,41,0.0035556873724156726,1,1,522
48FA6hzujr6MkW1dJwPrzZBrsKZ7pdQtN8ytNur7Sm5z,-327.0049419818724,1.627982512127562,328.6329244939999,970.0612709008724,971.6892534130001,0.0,328.57663059399994,48,0.004953802223663945,1,1,523
Gy6BpgxGfqDFV1PAGeP6Ac6FmRD17i7JN8g65YDQha3w,-327.3619721140345,1.2882032519655027,328.650175366,1932.9904611200345,1934.2786643719999,0.0,328.59459557499997,45,0.003919679186329051,1,1,524
9733ytN2cZ3bCkPrmeHP31qoM7n9E2qkn4EhMpyjdekR,-328.444453239885,1.5171776341150436,329.96163087400004,1191.781755728885,1193.298933363,0.0,329.90568544800004,44,0.004598042596941815,1,1,525
ABjJ6wSaxfvpoBrNXHBE8pzukw2UsEq6SyRjrxzXvVPi,-328.62329338787947,3.7981816731205322,332.42147506099997,749.7708724898795,753.569054163,0.0,332.365673457,49,0.011425801153260506,1,1,526
2CFvkdf64NkFrUdNeMGtYHhyfZnZrhTkcVPGKpc7pTid,-330.09289380098465,5269.092905657016,5599.185799458,45.7051308493422,5314.798036506358,0.0,5533.554885151,580,0.9410462689355769,89,2,527
5pU1CnHegwoH3Mv1Ym4zdTumf71tbkYjYiAvcThhUzpt,-330.32281832350276,0.93755776449719,331.26037608799993,1335.779891436503,1336.7174492010001,0.0,331.20458943599994,44,0.002830274407006427,1,1,528
4nr1Lgoc5wQhBPb5PjCfuNFbumG4tUTo1bt3ZqheTeU7,-334.976383633915,267.872739172085,602.849122806,575.563956999915,843.436696172,0.0,602.706898107,117,0.44434457816784095,1,1,529
2Pmx5A56amwm5BonVdif6bASEzV3ZuPnHMFSFJVBEN8w,-335.86428378987125,7.373498340128788,343.23778213,1206.738579134871,1214.112077475,0.0,343.18175057400003,49,0.021482187346543637,1,1,530
32ZvoLRuWVjjWk6dfKT86PDHgTUVK4Wo5XbhRgZxaWCa,-336.56435116527285,4.156500388727236,340.7208515540001,2662.733149281273,2666.8896496700004,0.0,340.6659473700001,46,0.012199137122866932,1,1,531
12PCy16nfn8eFgozpeq1SBm6XwP1QUEWUtD3NBpD7bCH,-346.203069695894,1947.980836837106,2294.183906533,879.397778231894,2827.378615069,0.0,2268.56456388,1054,0.8490953280990099,146,2,532
tQhpuxSz4VDAn3coagPVGET1jcRbbLXEcYwu4p3tS1o,-346.2221990214333,6.642643313566704,352.86484233500005,605.4975866304333,612.1402299440001,0.0,352.80876914600003,47,0.018824894170840527,1,1,533
GmL3EaYcczBLeJVNL21XF7n3MBStDYRnPyTGTKBikgcs,-352.6970483614405,513.2533496735593,865.9503980349999,1444.1940342504404,1957.447383924,0.0,865.89801124,7,0.5927052529085098,1,1,534
Yo7WXis8Uz1jQH8nYLZ7CJVWfazLQDo7yB6qWkML6Fp,-357.0646269183508,138.26887323764905,495.3335001559999,712.4427215223509,850.7115947599999,0.0,495.3245171559999,14,0.2791429878942223,1,1,535
G6qwt2o4KrFtBekYuQsoTTa2xz1d6Ur33QBBbyTa8E1B,-386.1890078795402,117.43045777745994,503.6194656570001,5812.855004708692,5930.285462486152,0.0,503.58663307300014,25,0.23317299227952848,1,1,536
9YtqyFJiCWtrfyuRdzHrYaZTt5txsNrBXgo4Yz9WyG4B,-391.24830103651595,11.00187312448399,402.25017416099996,689.1802716726679,700.182144797152,0.0,402.21793458599996,25,0.027350822525885367,1,1,537
H8zqzegybuvrbfUqoQMgrWoW83UyQfWUzm5tASDRbT1e,-395.389657133495,593.3082401685053,988.6978973020002,3861.6784539414944,4454.98669411,0.0,988.6318453410003,8,0.6000905249091248,1,1,538
C9e46xcjPNaN7iptn2pCdb4EMnh61hsnoHZrRoxPuUPd,-398.04439299401275,378.10835238098747,776.1527453750002,2559.7068914170127,2937.815243798,0.0,776.0996021190002,7,0.4871571409546499,1,1,539
5e2QGhCc1hB8XxetABMawL1NV42g3KJ9M6DtGqsSPeyC,-410.9685973078845,278.9953917661156,689.9639890740001,690.3139893788845,969.3093811450001,0.0,689.9119389270002,5,0.4043622510510367,1,1,540
BAQYERVkwpEmois5qMTJA8wro75ogjrTuJrUTwreX7Va,-412.471255474723,340.780551084277,753.2518065590001,1096.1582245857232,1436.9387756700003,0.0,753.19956927,7,0.452412524094736,1,1,541
FWJDe1LQuDtBtjQVBym7CGV8fGaV1nqj9QYnkAkQby1K,-430.9811584349108,497.0685321720891,928.0496906069999,1832.4929756759109,2329.561507848,0.0,927.9917248229999,7,0.53560551466482,1,1,542
BrMiP9Lrz4WqqMxJZMrH3CtTubvLbonrVnMBcvzv6kCT,-442.8780479361505,542.2984468668493,985.1764948029999,1202.8947120821506,1745.193158949,0.0,985.1203148879998,5,0.5504581663565671,1,1,543
BCfxHrCHttpNBgqhCSBrefbSxm3rWUYkCXbZCuhHAEWw,-447.8164410195117,527.1777569094884,974.994197929,1314.5451890695117,1841.722945979,0.0,974.934529282,28,0.5406983529022784,1,1,544
FimZEAiosPTxV3nWxGggxaCy6qrSDErzdk6ujZezys6D,-487.7639887122806,692.5774973987202,1180.3414861110007,2847.1773856312793,3539.7548830299997,0.0,1180.3096075900007,10,0.5867602770454426,1,1,545
EcanLVgWMX1rcmrDSo5vS9J9Nd9HocLQG4m6auhiRpDV,-495.74519409856345,540.9500428414365,1036.6952369399999,1776.9472902115633,2317.897333053,0.0,1036.6357782,28,0.5218023808406334,1,1,546
5Tt7jMACV4Sx5jqnjPkKWsttttQPHLkWA3h3noNQJNuR,-500.37460269021307,479.2676149587869,979.642217649,1174.995711231213,1654.26332619,0.0,979.583412718,27,0.489227195729641,1,1,547
2dQd8qN714YR3PmtHh5RmabRTxsmhnXF45u1WmRS78ym,-500.92968201059625,19.122293158403885,520.0519751690001,994.1213022457482,1013.2435954041521,0.0,520.0185974940001,25,0.03676996544852994,1,1,548
FXms1EXHAkqi5nYpmeb8wfp2Zz4prwTsSaAFrDc5Ho3H,-521.9014568861072,468.0605112648927,989.9619681509998,1528.9763341551072,1997.03684542,0.0,989.9064769699999,7,0.4728065585581152,1,1,549
zXEz5RzbtBM42ivSCH3SFReRdZ6xUaVAdT3k99qY3jn,-548.552059798333,193.65799583166685,742.2100556299997,1134.9948987743333,1328.652894606,0.0,742.1564638619998,7,0.2609207384926722,1,1,550
As3WBs7Mw6vGGUeePADZXbdJsSSevAfeyV6ANLq9jZ8a,-600.1339702958444,195.07884957215575,795.2128198680002,1726.1114746258443,1921.190324198,0.0,795.1560217470001,7,0.24531652998820802,1,1,551
9TjV334YDyyykisRC1BbDnp7TGD3HfNQ4VKK5CP9wERN,-632.8001833426905,177.07707695330924,809.8772602959997,899.6453994526908,1076.722476406,0.0,809.8221000319998,7,0.2186468069107038,1,1,552
6DRF6SYhr3DZ9opYjEJ8UVP3wKT5d6fJGg2VWYx5juNg,-662.6319573169343,308.929346192066,971.5613035090001,1699.397700822934,2008.327047015,0.0,971.4908672180002,8,0.3179720570141092,1,1,553
8MYyrSVhbyP935EF7ZXe92v19MMk49kczf7wRPTtneCT,-736.3259943369662,546.7849811250338,1283.110975462,4312.646988243966,4859.431969369,0.0,1283.088430749,28,0.4261400545873728,1,1,554
HGRQFwm9tcrqTFzEW1PxucWWJCMxdscNLgxqjAQzfuuE,-766.6445462514941,157.83993976550593,924.4844860170001,3559.429524876494,3717.269464642,0.0,924.4664346760001,28,0.17073292429766468,1,1,555
EpEMYNXBPBbWEBRN8DqmM5ySKGeEh8ii41DqwvA7DV4D,-769.541445869122,161.99098650787806,931.5324323770001,2844.978994828122,3006.969981336,0.0,931.514436698,28,0.1738973125117331,1,1,556
FAjUhNoPZ3LGgHehq27PRMgBVaGo6h4nHRDGgbsNsNAe,-782.1418475432885,150.0715349987115,932.213382542,1202.5153691792884,1352.586904178,0.0,932.1951539429999,28,0.16098410279145525,1,1,557
EUyJPoywh6DSfrqsyWB2WqFCVtEDDAGhU9v5AcKT8bG3,-785.7688861250858,155.9182203449143,941.6871064700001,1661.5925917120858,1817.510812057,0.0,941.6689213310001,28,0.16557327723152962,1,1,558
2JhM5f3CT7LmRuQkRz6hNtvTL3e1TACKvVG7Qs5rkWfa,-797.5312566247179,80.04889925028193,877.5801558749997,1686.626901699718,1766.67580095,0.0,877.5144032139998,8,0.09121548466472378,1,1,559
Go6fG4BZXcyYztDGGPWMkEjHTmZHP2zcvbcskqK9fvxo,-802.3121243739303,123.66758931306981,925.9797136870001,2896.00170499893,3019.6692943119997,0.0,925.961572242,28,0.13355323824607238,1,1,560
AUJDHJ9imgvnBKJ1sL8uNqTwegawHdDB9qwFDLcYH1vv,-815.4980135716238,120.00502146337617,935.5030350349999,2991.117739114624,3111.122760578,0.0,935.484945651,28,0.1282786019597322,1,1,561
E5xj15fjYvg6uF7L56drnxftASJgF9F2YtBDeNZ4nuyL,-817.6935433524985,124.4086419765014,942.102185329,3466.5066435834983,3590.91528556,0.0,942.084186282,28,0.13205429720243728,1,1,562
3wUczjcbVNfc38ZsTk935T3XokNtnSBrtekttE5Kegx9,-827.5801774549766,77.97254644602347,905.552723901,1788.9596588039765,1866.93220525,0.0,905.5349408680001,28,0.08610492176549166,1,1,563
FXKQPR22FPQeFXAivqBwEKCbuxBeztftGBpCo2eePxzj,-829.4573215209924,82.6713014360076,912.1286229570001,1047.6721453829923,1130.3434468189998,0.0,912.110858732,28,0.09063557414523206,1,1,564
94y4TZmahhcN6NwiVMd47ut9vmqn3g9GxQJi1GzFGWkc,-844.3189293094973,100.64330208650263,944.962231396,2922.837798122497,3023.481100209,0.0,944.9442020949999,28,0.10650510543455426,1,1,565
FZEsUFrc7aTdnXtYwSFRd2fiDafJt8FUpzFCQnook5VA,-847.4960420756639,64.33675230633612,911.8327943820001,1166.631323754664,1230.9680760610001,0.0,911.8147713190001,28,0.07055762054482886,1,1,566
8gjsEU7xDLg2mi6eBdBg7o2trveWjbMAXf38x8miSKTo,-853.7970300873973,93.11473528360278,946.9117653710001,2211.6363092443976,2304.751044528,0.0,946.893355026,28,0.09833517618943136,1,1,567
6fkg2ooCjvGQiEQUT6p2YAN845z8PJudMc4jaymkvyT9,-856.5105201927445,78.15512814825547,934.665648341,2073.0208411857448,2151.175969334,0.0,934.647649473,28,0.08361827385758554,1,1,568
8BS8vvtUjswRcYFeMy4qhAPeAFzocvNR1CuMs8ExEozC,-864.2917483760386,79.59260843996137,943.884356816,1209.0110857840386,1288.603694224,0.0,943.866315752,28,0.08432453389571015,1,1,569
3RemcXBRNGDtKMehwXWRSZZoPkgwDaA7GTveFr9MyYUs,-867.5942996023481,74.16191820465184,941.7562178069999,2203.323964290348,2277.485882495,0.0,941.7378911809999,28,0.07874853046083134,1,1,570
4TBscgfy8QnV4i3UZozAziFx2HqfymXHLKCrsFiMSaCU,-897.2014087693287,289.6440282556715,1186.8454370250001,1429.6995762223287,1719.343604478,0.0,1186.8150352430002,10,0.244045281061792,1,1,571
6w7AAXSoFj3TXRpnQfXyFtPdiLU2ognjAJJzhbxRcmuJ,-910.266821714022,347.0229183429783,1257.289740057,2640.0382287300217,2987.061147073,0.0,1257.2565531150003,10,0.2760087092790925,1,1,572
HBWN7djWnD4h7pQuy5J34HPSLUbtUt3LGyTpbfNTxXZG,-927.1841166680518,232.77206915794886,1159.9561858260008,1268.0124317120512,1500.78450087,0.0,1159.9244879600005,10,0.20067315645391612,1,1,573
2GMhqu3cZsBsGXcdKQnAavzia4iaWT8BjdHBSWMywsuA,-940.48817168,1031.83999899,1972.32817067,0.0,1031.83999899,0.0,1958.992260555,91,0.5231583741155428,4,1,574
CZ9gQ7QLNDxUPZHiszYhCjskEAWvQSoMhpGiMthsz1aP,-963.5930026613362,153.99633027166405,1117.5893329330002,1305.515010835336,1459.511341107,0.0,1117.5604193180002,10,0.13779330719586977,1,1,575
J4jJMWmpTLm6UW7mqJ3R2YbP1Y2iyPXsuv1SpyKUvLUx,-1079.817015298118,707.1278370288813,1786.9448523269994,9543.922343671118,10251.0501807,0.0,1786.8575883509993,8,0.3957188920005247,1,1,576
4j5gKuLxvGzzU5GSiSrUUNU9p3dX2jE769Kd4ge89RYD,-1104.3069428491917,497.89346292180824,1602.200405771,2704.852285577191,3202.745748499,0.0,1602.125259557,8,0.31075604595307493,1,1,577
6ewQG1TLcigZv6sKGYYLjNvQxxHVz7pZ15gVXTvy3A98,-1121.3444294805133,191.28377104448674,1312.628200525,1381.8963742575131,1573.180145302,0.0,1312.6051793640002,28,0.14572578203636086,1,1,578
AczcMWrti2rcTV6FK56i2sFJWzxANpEkoR3H2dGWVkrZ,-1164.7629015876598,2420.97104226034,3585.7339438480003,1154.377995019436,3575.349037279776,480.28813111600005,3105.302306122,57,0.6751675055016199,2,1,579
2pAjsmnRhiYr1TvSVitn1URjgJB1U5cnQwzgqogzgbNC,-1320.2569756554676,1204.702989528512,2524.95996518398,597.0243851132719,1801.7273746417839,0.0,2523.03516135598,11,0.47711765974108505,14,3,580
5kieVdtvr6VbQAmtwGWHcXnpqYiH4rnAGtTF3Am6XcMs,-1417.392768178425,357.7353799265756,1775.1281481050005,2611.6905544794245,2969.425934406,0.0,1775.0442971470006,8,0.20152650968239574,1,1,581
4hUFBFKYWihYmzyip8qbHmJ14wcdKaRkwNq49F8kzQup,-2234.6186319838653,139.16290635613484,2373.78153834,1207.3530941338652,1346.5160004900001,0.0,2373.703940922,19,0.05862498469570721,4,3,582
13bDKf7iLnjrXg6kDGozSkxv6MaJyzghdFqycvaqrjLC,-2829.949290017162,4673.485295552837,7503.434585569999,1353.2313257606804,6026.716621313518,0.0,7500.952490886999,5,0.6228461436234157,110,3,583
3AqXZKGjxH2CC7ix6eHhvYWQGpEp6iLa2hvdALhBExw2,-3159.4638779324523,10275.091080991548,13434.554958924,9908.798751724451,20183.889832716,0.0,13430.697195268,14,0.7648255645540565,24,23,584
7xL6JnGKon98qkqEWXNk6E9eyR7CC2g53irs1fJDRxpY,-3452.8967320449683,1678.7090920340306,5131.605824078999,4918.97215269797,6597.681244732001,0.0,5131.521616579999,26,0.3271313404776796,1,1,585
22o23HEtZwFWUprGGJtFZuGWACUnJv68jnzw2t1Ew8Xd,-3633.4107351989105,1000.0833731450896,4633.494108344001,5586.734787225198,6586.818160370287,0.0,4633.175044344,5,0.2158378428374687,100,2,586
5Pd5PJ2WTDGSodGkQwcUonUghitNjS8WRzAtRJC3cuZp,-3700.813698286255,315.67252874474514,4016.4862270310005,1.9263962982548835,317.598925043,0.0,4016.469853212,6,0.07859420172295506,2,1,587
DpmTistWgoiqBptpZwf15zpkDvTvsXMWc1K3gdcriZ5o,-3763.087235172415,1123.467683794585,4886.554918967,16.090865139415193,1139.558548934,0.0,4886.5369357009995,6,0.22990996774309905,2,1,588
2QUXQBRdQUhAEcU29NfJtD8JKDm11GHLEAH9vjcEHKTa,-5241.865233696528,2918.2309530104726,8160.096186707,2887.2345069983853,5805.465460008858,0.0,8159.575029864,15,0.3576221267788906,9,8,589
2S3bSsaG89GGCH3rFj9saQQFuz333sbquBvrcgtxEMrE,-5644.406326913607,14756.670331532394,20401.076658446003,106.00621733560513,14862.676548868,0.0,20397.824728913,38,0.7233280173682972,11,4,590
7MKhqd9q7s22NhmLR1QyxFpb7Hmg9KDPSn93Hh9KSiPA,-6193.553887456142,1832.1186497088554,8025.672537164997,365.40413579214294,2197.5227855009985,0.0,8025.514088177998,8,0.22828225811914776,2,1,591
3Pw9hA5BxjpxYgyC4VEsVKKRjjrFruQjm5MkrsQd36G8,-7670.117416808045,4317.081499625954,11987.198916434,477.76674655504496,4794.848246180999,0.0,11986.732802081,9,0.36014097452803573,9,8,592
5mA387gHgQ6J1KaXCDgQQ2a2UUwQEiymX1ZdjLuqS2Tw,-28063.280030161,1942.9711735639999,30006.251203724998,0.0,1942.9711735639999,0.0,30006.070026725,33,0.0647522131429333,3,2,593
128wBjkaNGHBbJfkinERaRWv6bgb68TTRrEBowj38MHf,-229745.76532017213,1422502.4034634859,1652248.168783658,91272.15740593454,1513774.5608694204,9596.712479807002,1624920.001934803,114886,0.8609496020871339,2025,330,594
