wallet,period,order_role,fill_events_n,resolved_fill_events_n,collateral_turnover,resolved_collateral_turnover,fees,resolved_trade_pnl,crypto_5m_fill_events_n,crypto_5m_collateral_turnover,crypto_5m_resolved_trade_pnl,after_resolution_fills_n,within_60s_fills_n,one_to_five_min_fills_n,over_five_min_fills_n
0025AD09AFF05D92A92B451599698E8A183EC0B5,days_0_45,aggregate_taker_row,2375,2375,12399.781976999999,12399.781976999999,294.65921999999995,-840.4195270000004,2375,12399.781976999999,-840.4195270000004,0,75,2132,168
0025AD09AFF05D92A92B451599698E8A183EC0B5,days_0_45,resting_maker_row,9141,9141,40435.18886999999,40435.18886999999,0,-328.0664959999999,9141,40435.18886999999,-328.0664959999999,0,526,8006,609
007B8961239AF104BB5FDC8AFB64E52B5BF0C181,days_0_45,aggregate_taker_row,94429,94381,196824.85341199982,196415.46665699984,6157.622939999999,-14178.654461999997,66498,144734.13356400002,-11836.310494999992,516,7744,63508,22661
007B8961239AF104BB5FDC8AFB64E52B5BF0C181,days_45_90,aggregate_taker_row,21425,21425,141808.651165,141808.651165,4029.454650000001,-5991.546290000001,18689,130335.48098200004,-5700.726283000002,5,787,15831,4802
007B8961239AF104BB5FDC8AFB64E52B5BF0C181,days_45_90,resting_maker_row,7944,7944,30154.361810000024,30154.361810000024,0,-643.953302,7825,29946.38576200002,-568.2375829999999,0,133,5459,2352
0113A082292573F19DC983A5AD9E1E7F9E3C37AC,days_0_45,aggregate_taker_row,926,926,9578.351700000003,9578.351700000003,130.5848200000001,422.36347999999987,0,0,0,0,39,408,479
0113A082292573F19DC983A5AD9E1E7F9E3C37AC,days_0_45,resting_maker_row,17383,17383,95686.21212800006,95686.21212800006,0,-1181.519148,0,0,0,0,362,5087,11934
01E37CD6D9DA76BAA982FFBC148EFF005D4C4686,days_0_45,aggregate_taker_row,42186,42186,227592.59668999992,227592.59668999992,6974.534500000005,-4751.136110999999,31953,175788.49396999998,-3556.5496209999983,2,1784,25140,15260
01E37CD6D9DA76BAA982FFBC148EFF005D4C4686,days_0_45,resting_maker_row,31724,31724,137568.4811829999,137568.4811829999,0,1623.8915329999998,24497,104672.62208600003,932.9292220000017,7,2126,16853,12738
01E37CD6D9DA76BAA982FFBC148EFF005D4C4686,days_45_90,aggregate_taker_row,5253,5253,51786.52919500001,51786.52919500001,1593.74829,555.876315,5023,50345.235719,665.3048500000001,3,417,2121,2712
01E37CD6D9DA76BAA982FFBC148EFF005D4C4686,days_45_90,resting_maker_row,5786,5786,36430.47872399999,36430.47872399999,0,-1322.4801220000002,5469,34856.20377399999,-1398.037767000001,15,872,3409,1490
05B78C55E0A7CDD08607FBA5A257D4C0E0F5C24A,days_0_45,aggregate_taker_row,56,49,2961.8718780000004,2881.1177779999994,11.037629999999996,83.881707,0,0,0,0,0,0,55
05B78C55E0A7CDD08607FBA5A257D4C0E0F5C24A,days_0_45,resting_maker_row,10269,10255,80315.53031699998,80228.820887,0,-2445.9447429999996,0,0,0,0,0,0,10266
0611EF8DAEF8DE266663DE131FEE09FC8D2B7764,days_0_45,resting_maker_row,25995,25995,133603.12666099993,133603.12666099993,0,1841.1924890000034,25995,133603.12666099993,1841.1924890000034,0,4904,19289,1802
07F1A7BE137C6E7F8391A80A29C667FA8DFD73E8,days_0_45,aggregate_taker_row,1489,1474,759.1340550000001,755.3585250000002,36.193599999999996,-309.355235,0,0,0,0,0,0,1489
07F1A7BE137C6E7F8391A80A29C667FA8DFD73E8,days_0_45,resting_maker_row,19480,18886,7298.385902000007,7092.791350000006,0,507.23133999999976,0,0,0,0,0,0,19480
07F1A7BE137C6E7F8391A80A29C667FA8DFD73E8,days_45_90,aggregate_taker_row,1540,1510,620.0940400000004,610.5037700000004,30.234140000000014,110.66091000000013,0,0,0,0,0,0,1540
07F1A7BE137C6E7F8391A80A29C667FA8DFD73E8,days_45_90,resting_maker_row,32837,32072,10413.615985999993,10130.424783999993,0,581.8362170000001,0,0,0,0,0,0,32835
08FFEDFC9C4DBD00B6BFE3B89A027EAC064B32EB,days_0_45,aggregate_taker_row,992,992,707731.0103300002,707731.0103300002,5230.126709999998,-4457.351379999995,0,0,0,0,1,0,991
08FFEDFC9C4DBD00B6BFE3B89A027EAC064B32EB,days_0_45,resting_maker_row,8529,8529,1.7697245117619997e+06,1.7697245117619997e+06,884.8293100000002,-5547.812370999993,0,0,0,0,0,0,8529
08FFEDFC9C4DBD00B6BFE3B89A027EAC064B32EB,days_45_90,aggregate_taker_row,1034,1034,1.2419455334599991e+06,1.2419455334599991e+06,9850.617509999996,-17594.092439999982,0,0,0,0,0,0,1034
08FFEDFC9C4DBD00B6BFE3B89A027EAC064B32EB,days_45_90,resting_maker_row,13694,13694,4.645555584757002e+06,4.645555584757002e+06,2322.7212600000003,17403.183067999933,0,0,0,0,0,0,13694
0CB85BE1B9BFC5291E3DF24B7969F6FB292D4484,days_0_45,aggregate_taker_row,222,222,406.7576890000002,406.7576890000002,25.911250000000013,685.7590799999999,222,406.7576890000002,685.7590799999999,0,187,35,0
0CB85BE1B9BFC5291E3DF24B7969F6FB292D4484,days_0_45,resting_maker_row,6095,6095,11149.675540000013,11149.675540000013,0,4514.2687760000035,6060,11007.178549000011,4334.755991000003,0,5486,590,19
0CB85BE1B9BFC5291E3DF24B7969F6FB292D4484,days_45_90,aggregate_taker_row,525,525,1559.8756700000001,1559.8756700000001,92.85282999999994,160.79149999999993,508,1492.5514699999999,23.53670999999998,0,349,174,2
0CB85BE1B9BFC5291E3DF24B7969F6FB292D4484,days_45_90,resting_maker_row,13703,13703,34149.88033900002,34149.88033900002,0,6026.221224000004,13066,32796.474208000014,6358.027905000003,0,10065,3637,1
0CEF54EBC984AC8CBBC15975A76E8FBE01D6FA91,days_0_45,aggregate_taker_row,144,144,32382.223798999996,32382.223798999996,374.2683699999999,-21.62576900000107,0,0,0,0,0,0,144
0CEF54EBC984AC8CBBC15975A76E8FBE01D6FA91,days_0_45,resting_maker_row,10456,10453,1.3011713937839998e+06,1.299169193784e+06,0,9492.58633849994,0,0,0,0,0,0,10456
0CEF54EBC984AC8CBBC15975A76E8FBE01D6FA91,days_45_90,resting_maker_row,95,37,27823.490005999996,14803.911924,0,-164.9219290000001,0,0,0,0,0,0,95
0DE4458D107BB01A375879E8061C979269203158,days_0_45,aggregate_taker_row,20523,20523,107465.14127100003,107465.14127100003,2877.708209999998,-1983.5221330000024,20523,107465.14127100003,-1983.5221330000024,1,679,18201,1642
0DE4458D107BB01A375879E8061C979269203158,days_0_45,resting_maker_row,6044,6044,19495.014229999997,19495.014229999997,0,147.9176550000002,1479,6061.616984,466.49893300000014,0,60,2177,3807
0EB0164DD449C1BC854B36B82E54901049D915A6,days_0_45,aggregate_taker_row,1320,1276,6141.738222000005,6027.554770000004,113.95815999999996,-141.92628199999996,1143,5604.545580000001,-156.86463400000014,0,101,1015,180
0EB0164DD449C1BC854B36B82E54901049D915A6,days_0_45,resting_maker_row,1,1,9.2055,9.2055,0,0.4844999999999988,1,9.2055,0.4844999999999988,0,0,1,0
0EB0164DD449C1BC854B36B82E54901049D915A6,days_45_90,aggregate_taker_row,841,836,3496.9417769999986,3484.0493769999994,64.19462000000003,-24.122710999999892,168,861.6198469999998,-36.407330999999985,0,5,133,699
0EB0164DD449C1BC854B36B82E54901049D915A6,days_45_90,resting_maker_row,16325,16064,35496.786088000015,34930.34692400001,0,-1423.4570905000012,0,0,0,0,0,0,16320
118DDAB2D46B886182A96A2FBD5C41A52B16FC09,days_0_45,aggregate_taker_row,1,1,92.4075,92.4075,0.00646,-0.09896000000000113,0,0,0,0,1,0,0
118DDAB2D46B886182A96A2FBD5C41A52B16FC09,days_0_45,resting_maker_row,119203,119201,374533.77382299997,374527.093823,0,5265.065201,116872,366290.45200400014,5188.403255000003,0,7151,103637,8415
118DDAB2D46B886182A96A2FBD5C41A52B16FC09,days_45_90,resting_maker_row,80138,80138,321199.3748199998,321199.3748199998,0,2858.389517000003,78673,315692.9862799998,2888.4989020000025,0,3384,69293,7461
12C2782B74D3B2A051B55BE2E5167970ACE01381,days_0_45,aggregate_taker_row,14801,14799,191306.2727000001,191264.83170000004,4631.818819999998,6462.015949999999,13771,173709.75918999995,3225.7762399999983,32,2344,9259,3166
12C2782B74D3B2A051B55BE2E5167970ACE01381,days_0_45,resting_maker_row,19210,19210,136168.73555599997,136168.73555599997,0,7882.662290999997,17936,121420.59207399997,7475.875430999994,20,5739,10339,3112
12C2782B74D3B2A051B55BE2E5167970ACE01381,days_45_90,aggregate_taker_row,25025,25024,295975.21897000005,295974.26897000003,7031.3574400000025,-6974.2825500000135,23335,287655.6798900001,-6497.9828600000055,25,2381,18813,3806
12C2782B74D3B2A051B55BE2E5167970ACE01381,days_45_90,resting_maker_row,8693,8693,114390.51124299997,114390.51124299997,0,-40.4760579999989,8148,112460.25736500003,368.050320999999,2,2724,4857,1110
13167216B6539289CAC3458C7A9EACE6DB53B090,days_0_45,aggregate_taker_row,7761,692,48159.933623999976,4367.795988999999,2.9810800000000004,-4.762898000000005,0,0,0,0,0,0,2513
13167216B6539289CAC3458C7A9EACE6DB53B090,days_45_90,aggregate_taker_row,10953,495,56236.93241800005,2761.301337,0.04541,-2.2253379999999923,0,0,0,0,0,0,495
13E0D447520EBE7F8EEAF7817211201B2C585204,days_0_45,aggregate_taker_row,1922,1922,9200.977732000001,9200.977732000001,261.2599200000001,-221.72894599999987,1922,9200.977732000001,-221.72894599999987,0,67,1419,436
13E0D447520EBE7F8EEAF7817211201B2C585204,days_0_45,resting_maker_row,40264,40229,165373.317058,165077.193137,0,2309.919385000005,40264,165373.317058,2309.919385000005,0,5341,29252,5671
13E0D447520EBE7F8EEAF7817211201B2C585204,days_45_90,aggregate_taker_row,4434,4419,110817.07127600003,110172.66157600004,2879.09549,-1514.2381850000002,4434,110817.07127600003,-1514.2381850000002,0,826,3099,509
13E0D447520EBE7F8EEAF7817211201B2C585204,days_45_90,resting_maker_row,991114,991086,1.4424904477704983e+07,1.4424308626452982e+07,0,117237.19811699714,991114,1.4424904477704983e+07,117237.19811699714,2,182621,720677,87814
14A29B12BF88A4492EE6E28E853DAFCF27D01B42,days_0_45,aggregate_taker_row,11220,11220,183707.74689999988,183707.74689999988,4113.11555,-80.49244999999911,11194,183525.50619999986,-77.6442199999995,2,879,8128,2211
14A29B12BF88A4492EE6E28E853DAFCF27D01B42,days_0_45,resting_maker_row,159403,159403,1.097709429525999e+06,1.097709429525999e+06,0,13587.952967999929,159127,1.096491361326999e+06,13557.320732999924,4,9820,127501,22078
14A29B12BF88A4492EE6E28E853DAFCF27D01B42,days_45_90,aggregate_taker_row,12445,12444,273164.11141,273137.23141,6202.519230000003,-2152.2322100000024,12445,273164.11141,-2152.2322100000024,3,559,9692,2191
14A29B12BF88A4492EE6E28E853DAFCF27D01B42,days_45_90,resting_maker_row,158728,158708,1.4167883496949985e+06,1.4164140481399982e+06,0,25965.906808999876,158728,1.4167883496949985e+06,25965.906808999876,2,6504,126348,25874
14F3CEE5D890A61FE427407F340D190EAB7A0796,days_0_45,aggregate_taker_row,13306,13259,111385.68416400005,111150.80240500004,2842.01909,-7266.504046999996,12455,97558.43384800004,-8299.860297999998,0,704,10340,2262
14F3CEE5D890A61FE427407F340D190EAB7A0796,days_0_45,resting_maker_row,7001,6989,25125.94857599996,25082.248720999956,0,-2370.00771,6758,24157.142661999966,-2057.3693790000007,0,469,5936,596
14F3CEE5D890A61FE427407F340D190EAB7A0796,days_45_90,aggregate_taker_row,29230,29175,638759.4078139997,638570.6882239996,9391.523779999996,-565.2374034999891,15,38.249990999999994,-4.435973999999993,0,0,15,29202
14F3CEE5D890A61FE427407F340D190EAB7A0796,days_45_90,resting_maker_row,14193,14167,137986.09067200002,137945.02410300003,0,-6562.413380500004,0,0,0,0,0,0,14193
165D87262CEE3887BB03479059A031AD484070AC,days_0_45,aggregate_taker_row,6278,6276,7577.226565000003,7576.036166000003,191.97268000000008,-262.197287,5968,7091.500726999999,-148.3734890000001,1,449,5322,506
165D87262CEE3887BB03479059A031AD484070AC,days_0_45,resting_maker_row,14,14,78.946598,78.946598,0,-234.946606,14,78.946598,-234.946606,0,1,13,0
165D87262CEE3887BB03479059A031AD484070AC,days_45_90,aggregate_taker_row,4455,4455,7345.761601,7345.761601,225.2533099999998,-105.13777699999991,4454,7344.7616020000005,-105.73928999999995,0,9,3618,828
18F0FAF72B241DC55094AE704987E391C2A23D5E,days_0_45,aggregate_taker_row,2341,2251,313211.67757000006,304846.28921000013,4013.1670600000007,-30851.037659999998,296,2519.2266,614.9991099999999,2,7,216,2088
18F0FAF72B241DC55094AE704987E391C2A23D5E,days_0_45,resting_maker_row,12693,12414,944800.4973259993,923422.1274259993,472.05813000000006,52919.27562099991,420,2729.3392570000005,-417.075762,0,49,248,12388
18F0FAF72B241DC55094AE704987E391C2A23D5E,days_45_90,aggregate_taker_row,2507,2396,366476.05992999976,358295.7241299998,6571.932969999996,675.8877500000042,68,316.17069999999995,20.20131,2,13,53,2397
18F0FAF72B241DC55094AE704987E391C2A23D5E,days_45_90,resting_maker_row,21441,21237,1.3239604304519997e+06,1.3022471484449992e+06,333.47783999999984,-2426.1981430000274,222,802.0286429999999,-70.576645,0,19,202,21219
19B74EACFC57DA8B496D9E309B8B74E296769EE6,days_0_45,aggregate_taker_row,5752,5557,122315.95799700002,116519.296847,1839.3285999999998,-23367.363598000004,75,935.4102340000001,-34.56189399999999,0,0,30,5559
19B74EACFC57DA8B496D9E309B8B74E296769EE6,days_0_45,resting_maker_row,4997,4628,57053.93945599998,51418.78283199999,0,16771.211856000013,0,0,0,0,0,0,4641
19B74EACFC57DA8B496D9E309B8B74E296769EE6,days_45_90,aggregate_taker_row,1908,1856,47804.676545,45196.186506999984,935.2568300000001,1722.1627385000006,0,0,0,0,0,0,1858
19B74EACFC57DA8B496D9E309B8B74E296769EE6,days_45_90,resting_maker_row,277,240,2887.0407529999998,2763.5694529999996,0,-2031.346753,0,0,0,0,0,0,240
1A459D89CCE4535686C35F919435EBA0FDD8BE06,days_0_45,aggregate_taker_row,1962,1962,3968.9443180000003,3968.9443180000003,92.91382000000002,-383.7671279999998,417,694.0099600000002,-105.677794,0,101,499,1362
1A459D89CCE4535686C35F919435EBA0FDD8BE06,days_0_45,resting_maker_row,11983,11983,4839.367777000008,4839.367777000008,0,-266.71845899999977,10964,3165.4562860000005,-247.49490000000003,7,5594,5340,1042
1A459D89CCE4535686C35F919435EBA0FDD8BE06,days_45_90,aggregate_taker_row,323,323,1658.46351,1658.46351,53.11439,170.07072,18,222.4,-6.901279999999998,0,6,55,262
1A459D89CCE4535686C35F919435EBA0FDD8BE06,days_45_90,resting_maker_row,1762,1762,2494.322544999999,2494.322544999999,0,-251.8339190000004,39,271.24772800000005,-46.30474799999999,0,105,473,1184
1A9EB0213CA31D612381841BD6159071AAB1A24B,days_0_45,aggregate_taker_row,2389,2387,123072.03029199998,123070.03244399998,1776.5574600000002,-11298.433106000017,0,0,0,0,0,0,2389
1A9EB0213CA31D612381841BD6159071AAB1A24B,days_0_45,resting_maker_row,25051,25051,342766.32019599975,342766.32019599975,0,353.05425199998587,0,0,0,0,0,0,25051
1A9EB0213CA31D612381841BD6159071AAB1A24B,days_45_90,aggregate_taker_row,1248,1248,123832.22788200004,123832.22788200004,251.43069000000014,2898.236626999999,0,0,0,0,0,0,1248
1A9EB0213CA31D612381841BD6159071AAB1A24B,days_45_90,resting_maker_row,43195,43195,490722.312898,490722.312898,0,-6060.07094000001,0,0,0,0,0,0,43195
1ADBCCAF449AA1F84B48E1F1EC689BDACEFC1495,days_0_45,aggregate_taker_row,8406,8406,31050.829499999993,31050.829499999993,434.6727099999999,-280.1492099999997,8406,31050.829499999993,-280.1492099999997,0,1112,7135,159
1ADBCCAF449AA1F84B48E1F1EC689BDACEFC1495,days_0_45,resting_maker_row,1816,1816,5575.051831000003,5575.051831000003,0,140.7488540000001,1816,5575.051831000003,140.7488540000001,0,201,1551,64
1BBB6428F02A65058384FC1FB69721BEE3D68177,days_0_45,aggregate_taker_row,8379,700,44439.34087100003,3862.619852000001,3.8063199999999995,-4.070160000000015,0,0,0,0,0,0,2655
1BBB6428F02A65058384FC1FB69721BEE3D68177,days_45_90,aggregate_taker_row,5582,408,27843.930276999996,2031.7900400000003,0.0427,-1.8255300000000183,0,0,0,0,0,0,408
1BBE68C9832BF9655414DDB89B1FAC432F89F8B0,days_0_45,aggregate_taker_row,3161,1702,480159.8104500001,173093.4657100002,191.63584999999995,-8357.47217,0,0,0,0,0,0,2519
1BBE68C9832BF9655414DDB89B1FAC432F89F8B0,days_0_45,resting_maker_row,7911,6564,527882.7464529999,222524.40182399994,0,7396.102177000007,0,0,0,0,0,0,7279
1BBE68C9832BF9655414DDB89B1FAC432F89F8B0,days_45_90,aggregate_taker_row,93,84,2431.428379999999,1586.2244799999999,32.82212,335.55377,0,0,0,0,0,0,84
1BBE68C9832BF9655414DDB89B1FAC432F89F8B0,days_45_90,resting_maker_row,81,74,1868.3058950000002,1232.125895,0,-503.82266300000003,0,0,0,0,0,0,74
1CC15B3C8B9A8EFA44EADE1349E6D7C6B08BA345,days_0_45,aggregate_taker_row,1071,1055,81795.44700000003,81102.71010000004,34.83076000000001,224.35396000000028,0,0,0,0,0,0,1071
1CC15B3C8B9A8EFA44EADE1349E6D7C6B08BA345,days_0_45,resting_maker_row,9755,9674,321504.49713399983,315216.7121119999,0,464.76010800000216,0,0,0,0,0,0,9755
1CC15B3C8B9A8EFA44EADE1349E6D7C6B08BA345,days_45_90,aggregate_taker_row,422,421,75877.77910999997,75852.80410999997,7.492080000000006,89.42621000000001,0,0,0,0,0,0,422
1CC15B3C8B9A8EFA44EADE1349E6D7C6B08BA345,days_45_90,resting_maker_row,4339,4324,302527.41401999985,301164.2990199998,0,309.0060999999976,0,0,0,10,5,10,4314
1CFF246298C8013CA2D1F84D0B43C9316E0E6CFF,days_0_45,aggregate_taker_row,3296,3281,558057.4820200005,557674.2329200003,94.14911999999994,1179.455350000004,0,0,0,9,543,220,2524
1CFF246298C8013CA2D1F84D0B43C9316E0E6CFF,days_0_45,resting_maker_row,3587,3560,732748.3273800005,727297.6743900006,0,273.0946100000113,0,0,0,120,62,102,3303
1CFF246298C8013CA2D1F84D0B43C9316E0E6CFF,days_45_90,aggregate_taker_row,5273,5253,557765.7452499998,557108.0169899999,156.46671999999995,-51.95153999999718,0,0,0,34,949,79,4207
1CFF246298C8013CA2D1F84D0B43C9316E0E6CFF,days_45_90,resting_maker_row,4622,4611,517404.7614839999,515895.8019539999,0,-4137.724685999998,0,0,0,115,259,99,4149
1D49642BD509DAB3841104657FDFF52813D87CC0,days_0_45,aggregate_taker_row,9425,9425,92277.67834199996,92277.67834199996,657.7470800000006,916.5931489999986,0,0,0,0,0,0,9425
1D49642BD509DAB3841104657FDFF52813D87CC0,days_0_45,resting_maker_row,3653,3643,131607.87590699998,131592.93645500002,0,7092.769321999992,0,0,0,0,0,0,3653
1D49642BD509DAB3841104657FDFF52813D87CC0,days_45_90,aggregate_taker_row,208,208,191886.145277,191886.145277,2071.7572,-4933.439660000007,0,0,0,0,0,1,207
1D49642BD509DAB3841104657FDFF52813D87CC0,days_45_90,resting_maker_row,903,903,126639.191417,126639.191417,0,-2526.193984000007,0,0,0,0,21,18,864
1D8C40F9CB30EF2839078E5934A34C57AB415377,days_0_45,aggregate_taker_row,16251,16251,90250.98762200004,90250.98762200004,3140.1803799999993,581.9074029999992,16251,90250.98762200004,581.9074029999992,0,554,15281,416
1D8C40F9CB30EF2839078E5934A34C57AB415377,days_0_45,resting_maker_row,1131,1131,3334.735330999999,3334.735330999999,0,-141.17470100000006,1131,3334.735330999999,-141.17470100000006,0,51,932,148
1D8C40F9CB30EF2839078E5934A34C57AB415377,days_45_90,aggregate_taker_row,1287,1287,3023.736373999998,3023.736373999998,84.54856999999993,-53.878186000000035,1283,2979.936374999998,-39.207656999999976,0,39,1003,245
1D8C40F9CB30EF2839078E5934A34C57AB415377,days_45_90,resting_maker_row,16802,16802,38763.76641599999,38763.76641599999,0,-799.0649480000001,16802,38763.76641599999,-799.0649480000001,0,379,14965,1458
2048B94F93F5A1897225D99DE56F8B8A324850A9,days_0_45,aggregate_taker_row,486,486,2594.9317849999998,2594.9317849999998,59.59193,-327.96818200000024,382,2064.5150839999997,-321.16666000000004,4,349,66,67
2048B94F93F5A1897225D99DE56F8B8A324850A9,days_0_45,resting_maker_row,13659,13659,9980.925415000002,9980.925415000002,0,-794.9082449999999,13612,9850.604418,-755.4970479999997,1,5161,8441,56
222B39028382CF70873F92487FB6E93324751A8D,days_0_45,aggregate_taker_row,3,3,4.84,4.84,0.11316999999999999,-0.3331699999999995,0,0,0,0,0,0,3
222B39028382CF70873F92487FB6E93324751A8D,days_0_45,resting_maker_row,396338,394300,5.595811780626996e+06,5.499588208163996e+06,0,3335.9154179999937,0,0,0,2,0,0,395875
222B39028382CF70873F92487FB6E93324751A8D,days_45_90,aggregate_taker_row,69803,69781,3.588606679592998e+06,3.5885483295929977e+06,29035.409349999987,15920.504425000045,0,0,0,0,0,0,69781
222B39028382CF70873F92487FB6E93324751A8D,days_45_90,resting_maker_row,502853,502827,2.3688051521886982e+07,2.3687983611886986e+07,0,-179817.54933950104,0,0,0,0,0,0,502827
2351811106189E62E43522082935A4169368931A,days_0_45,aggregate_taker_row,6299,6298,27214.789199999996,27211.709199999994,677.3889799999997,-261.0210500000001,6299,27214.789199999996,-261.0210500000001,0,1110,4409,780
2351811106189E62E43522082935A4169368931A,days_0_45,resting_maker_row,2490,2490,8574.195586000007,8574.195586000007,0,352.5956130000003,2490,8574.195586000007,352.5956130000003,0,563,1793,134
2351811106189E62E43522082935A4169368931A,days_45_90,aggregate_taker_row,1288,1288,5249.462199,5249.462199,142.70933000000008,-212.33152900000005,1288,5249.462199,-212.33152900000005,0,190,850,248
2351811106189E62E43522082935A4169368931A,days_45_90,resting_maker_row,551,551,1822.1236589999996,1822.1236589999996,0,-17.18548400000001,551,1822.1236589999996,-17.18548400000001,0,112,402,37
257E2A380C21E5EAE834A94F49D88A83F47CCA61,days_0_45,aggregate_taker_row,3091,3085,67709.714567,67419.304567,654.2598399999997,6279.837255,2,9.999994000000001,-4.140019000000001,0,0,1,3090
257E2A380C21E5EAE834A94F49D88A83F47CCA61,days_0_45,resting_maker_row,6632,6627,98289.898613,98186.75761300001,0,-2763.431137999995,0,0,0,0,0,0,6632
257E2A380C21E5EAE834A94F49D88A83F47CCA61,days_45_90,aggregate_taker_row,4504,4476,474110.5825319998,468332.0549379998,8517.732970000006,15318.94946400001,0,0,0,0,0,0,4504
257E2A380C21E5EAE834A94F49D88A83F47CCA61,days_45_90,resting_maker_row,14828,14828,408256.94994899986,408256.94994899986,0,-3999.7492380000285,0,0,0,0,0,0,14828
279C5DE35108AFC30B99F09E595555B428E92B82,days_0_45,aggregate_taker_row,16260,10693,388160.90308500006,248102.6636200001,968.9941600000004,-6426.6844500000025,13,64.386188,-3.1599709999999988,3,2,12,14932
279C5DE35108AFC30B99F09E595555B428E92B82,days_0_45,resting_maker_row,69114,58113,488679.88510199985,396473.32792499993,0,11109.895661000002,3,0.9997989999999999,-0.9997989999999999,3,4,3,67110
279C5DE35108AFC30B99F09E595555B428E92B82,days_45_90,aggregate_taker_row,8838,6456,158167.06919699986,111134.89174199993,658.6754599999998,-3812.1807360000003,0,0,0,0,0,0,6559
279C5DE35108AFC30B99F09E595555B428E92B82,days_45_90,resting_maker_row,15870,10858,131175.8535090001,83842.04588499994,0,898.5275099999996,0,0,0,0,0,0,11022
2A54D7C965B3284964FDB13A132129D50F62F4AE,days_0_45,aggregate_taker_row,13,13,156.69119999999998,156.69119999999998,2.3650300000000004,-23.58383,13,156.69119999999998,-23.58383,0,2,11,0
2A54D7C965B3284964FDB13A132129D50F62F4AE,days_0_45,resting_maker_row,33029,33029,106604.52133300003,106604.52133300003,0,2077.6426060000003,33029,106604.52133300003,2077.6426060000003,0,838,29649,2542
2A54D7C965B3284964FDB13A132129D50F62F4AE,days_45_90,aggregate_taker_row,20,20,76.929994,76.929994,3.691339999999999,-24.621333999999994,20,76.929994,-24.621333999999994,0,3,16,1
2A54D7C965B3284964FDB13A132129D50F62F4AE,days_45_90,resting_maker_row,55950,55950,213978.86265499968,213978.86265499968,0,1786.2798129999992,53591,205929.8904509999,1855.0281579999996,0,2681,48605,4664
2B7800DBBEAE6DBE647A0E5D11120B84D87447CD,days_0_45,aggregate_taker_row,2577,2574,221800.42719,221792.05295199997,5411.803959999999,-22191.792660000006,2011,181494.72105500006,-17120.511787000007,2,135,1430,1007
2B7800DBBEAE6DBE647A0E5D11120B84D87447CD,days_0_45,resting_maker_row,9376,9376,114187.60922399991,114187.60922399991,0,-1280.0128489999988,7873,90063.24688599994,-947.374011999996,0,209,5231,3936
2B7800DBBEAE6DBE647A0E5D11120B84D87447CD,days_45_90,aggregate_taker_row,1976,1976,25920.00125100001,25920.00125100001,810.0084000000002,-883.3399750000007,871,7489.627922000003,-1391.7497640000001,1,10,277,1688
2B7800DBBEAE6DBE647A0E5D11120B84D87447CD,days_45_90,resting_maker_row,637,637,2794.9892259999992,2794.9892259999992,0,93.3833030000002,166,734.6544950000002,-206.44937399999998,0,7,74,556
2F5A5C6638D6D45F8614B4A60DD595457DCA7BDE,days_0_45,aggregate_taker_row,7543,7542,10666.514946999998,10665.514946999998,258.8803200000001,-262.7954029999999,7543,10666.514946999998,-262.7954029999999,0,0,7386,157
2F5A5C6638D6D45F8614B4A60DD595457DCA7BDE,days_45_90,aggregate_taker_row,6179,6179,10214.638853999995,10214.638853999995,238.42579999999998,-373.866761,6179,10214.638853999995,-373.866761,0,0,5668,511
30088D72C826065532CA9D0B25C66CCAA1C63C76,days_0_45,aggregate_taker_row,16967,16967,69691.97274700004,69691.97274700004,2443.2106000000003,333.5244529999995,16967,69691.97274700004,333.5244529999995,0,1297,14457,1213
30088D72C826065532CA9D0B25C66CCAA1C63C76,days_0_45,resting_maker_row,15,15,54.5286,54.5286,0,23.398600000000002,15,54.5286,23.398600000000002,0,4,11,0
30088D72C826065532CA9D0B25C66CCAA1C63C76,days_45_90,aggregate_taker_row,8678,8281,63660.792520000025,61399.88833,2289.8506900000016,-114.54498600000012,8185,60807.274159999986,-100.85829599999995,0,653,6730,927
30088D72C826065532CA9D0B25C66CCAA1C63C76,days_45_90,resting_maker_row,929,197,7378.179581000006,1647.7298310000006,0,-139.50253,0,0,0,0,0,0,254
3024821D3A7A3FFA5F1258BAB54BD906D9E6B996,days_0_45,aggregate_taker_row,23634,23559,131338.65376700004,130363.52493900001,5710.463369999997,-15446.550811000006,20305,114388.01310499989,-13406.239060000007,17,2336,17770,3507
3024821D3A7A3FFA5F1258BAB54BD906D9E6B996,days_0_45,resting_maker_row,335,334,2327.5080510000003,2319.948051,0,-216.13875000000007,226,1969.876751999999,-166.682297,0,54,187,94
3024821D3A7A3FFA5F1258BAB54BD906D9E6B996,days_45_90,aggregate_taker_row,30911,30841,99247.74911000006,98359.64202000009,3951.1821200000013,-10943.432385999997,19623,59583.68529000001,-5718.996988999998,11,1859,18607,10383
3024821D3A7A3FFA5F1258BAB54BD906D9E6B996,days_45_90,resting_maker_row,2015,2014,926.017907,926.0124050000001,0,863.8752020000011,175,218.46532199999996,17.12527799999999,0,200,697,1117
315AB1B206D429AA15E611A5EEF70FF69817222E,days_0_45,aggregate_taker_row,8227,8227,53461.35112999999,53461.35112999999,1458.8618799999995,-2268.034608000001,8216,51803.373084999985,-3225.5715959999998,0,759,7389,79
315AB1B206D429AA15E611A5EEF70FF69817222E,days_0_45,resting_maker_row,3094,3094,30064.456063,30064.456063,0,6340.428490999996,3094,30064.456063,6340.428490999996,0,1518,1538,38
315AB1B206D429AA15E611A5EEF70FF69817222E,days_45_90,aggregate_taker_row,1861,1861,37642.04882,37642.04882,869.4183200000003,-2242.4909400000006,1854,37438.856420000004,-2286.1195400000006,0,993,845,23
315AB1B206D429AA15E611A5EEF70FF69817222E,days_45_90,resting_maker_row,4732,4732,58103.93416699998,58103.93416699998,0,8038.8284749999975,4695,57599.56156499999,7940.014682999998,0,3157,1550,25
31ABC8E60D347B6B3093477E586E80B29C2F86CF,days_0_45,aggregate_taker_row,2543,1290,609059.9129610002,391537.68223099987,920.9562899999999,-3212.4286060000027,3,13.047193,-4.415578,0,0,3,2238
31ABC8E60D347B6B3093477E586E80B29C2F86CF,days_0_45,resting_maker_row,6066,3039,940349.4291940007,647975.7776970001,0,-2122.8865560000127,58,108.21470900000001,-14.773274000000004,0,5,47,5615
31ABC8E60D347B6B3093477E586E80B29C2F86CF,days_45_90,aggregate_taker_row,486,431,172163.97829,170444.67369000003,117.80592000000013,1151.0895799999994,0,0,0,0,0,0,431
31ABC8E60D347B6B3093477E586E80B29C2F86CF,days_45_90,resting_maker_row,2588,2570,189264.1384879999,186609.1220309999,0,-243.21318149999678,0,0,0,0,1,1,2568
32EC633AA376CFE621E2A34E978244D61291645E,days_0_45,aggregate_taker_row,26972,26942,293218.1397319999,292536.88564599986,9856.034089999994,7379.669079999998,25538,282254.04163499986,6923.127823000003,118,5367,18991,2491
32EC633AA376CFE621E2A34E978244D61291645E,days_0_45,resting_maker_row,14350,14350,188942.3688439998,188942.3688439998,0,1150.9658050000005,13981,183957.36646399982,1394.888732000001,0,7943,6259,148
32EC633AA376CFE621E2A34E978244D61291645E,days_45_90,aggregate_taker_row,1,1,1,1,0.0644,-1.0644,1,1,-1.0644,0,0,1,0
330472D0BF4D4F1F5EAF4A234DC4C20D87BD906A,days_0_45,aggregate_taker_row,7238,566,40742.789810999995,3377.211867,2.634830000000002,-3.1669159999999996,0,0,0,0,0,0,2231
330472D0BF4D4F1F5EAF4A234DC4C20D87BD906A,days_45_90,aggregate_taker_row,9186,441,46028.337734000015,2219.56773,0.016300000000000002,-1.819109000000007,0,0,0,0,0,0,441
34563D29D6C498E98992E34FBAD5F2389D798392,days_0_45,aggregate_taker_row,173,173,12120.420517,12120.420517,531.52255,-2802.1794349999996,83,7114.079797,-5295.667525000002,0,1,70,102
34563D29D6C498E98992E34FBAD5F2389D798392,days_0_45,resting_maker_row,51281,51281,121277.892365,121277.892365,0,-3269.7646529999984,50223,109160.14554699996,-4028.4444750000007,0,273,43230,7778
34563D29D6C498E98992E34FBAD5F2389D798392,days_45_90,aggregate_taker_row,268,268,11294.811509999992,11294.811509999992,476.50571000000014,-1773.6651140000001,145,5627.857945999997,-1042.695166,0,11,118,139
34563D29D6C498E98992E34FBAD5F2389D798392,days_45_90,resting_maker_row,21855,21855,58572.787095999964,58572.787095999964,0,-1273.6444470000006,19151,48513.157449,-1247.5188639999997,0,259,16253,5343
349EE9B0CF4EF76795278A8A9E66DA08F649867B,days_0_45,aggregate_taker_row,7673,7664,74734.69437,74625.86439199999,1615.8237799999993,-2434.7916905000006,0,0,0,2,0,6,7665
349EE9B0CF4EF76795278A8A9E66DA08F649867B,days_45_90,aggregate_taker_row,13337,13329,140431.224615,140367.35681700002,3347.6166899999985,-2534.0641409999994,0,0,0,2,5,13,13317
3654E2C92F08F722E8983DB1F5D48C8962BF1B78,days_0_45,aggregate_taker_row,24202,24202,362235.6069299999,362235.6069299999,6672.459370000004,1180.5537000000052,24202,362235.6069299999,1180.5537000000052,0,1194,21193,1815
3654E2C92F08F722E8983DB1F5D48C8962BF1B78,days_0_45,resting_maker_row,32892,32892,316006.3541380002,316006.3541380002,0,2931.211463,32892,316006.3541380002,2931.211463,0,1500,27795,3597
3654E2C92F08F722E8983DB1F5D48C8962BF1B78,days_45_90,aggregate_taker_row,8191,7938,57930.19781100002,56120.289950000035,901.4848800000001,-39.48145950000039,1015,15006.098290999995,-428.01727099999994,0,50,810,7193
3654E2C92F08F722E8983DB1F5D48C8962BF1B78,days_45_90,resting_maker_row,1725,1725,17376.635482999987,17376.635482999987,0,-370.4843819999992,1725,17376.635482999987,-370.4843819999992,0,69,1280,376
38BF7D014B6AC7C778E80DAF63617263E23A28E2,days_0_45,resting_maker_row,36312,30717,376988.6652139999,342558.46401199984,0,1776.9515860000024,0,0,0,0,0,0,36312
38BF7D014B6AC7C778E80DAF63617263E23A28E2,days_45_90,resting_maker_row,30328,30328,334776.44788599975,334776.44788599975,0,823.7071689999992,0,0,0,0,0,0,30328
3DCEA528F8179C175341E06B60B9EB695E5D0510,days_0_45,aggregate_taker_row,1794,1794,24804.17226399996,24804.17226399996,1022.3701399999998,-3218.8119570000003,1613,22038.903399999966,-3258.228639,0,1672,122,0
3DCEA528F8179C175341E06B60B9EB695E5D0510,days_0_45,resting_maker_row,3354,3354,16381.203742999993,16381.203742999993,0,-4955.478689000001,3079,14913.629373999995,-4601.389755000002,0,2965,360,29
3DCEA528F8179C175341E06B60B9EB695E5D0510,days_45_90,aggregate_taker_row,4481,4481,34556.184834,34556.184834,1384.64191,-6339.397258,4441,33856.85343399998,-6287.848368,0,681,3192,608
3DCEA528F8179C175341E06B60B9EB695E5D0510,days_45_90,resting_maker_row,11388,11388,64396.02181500002,64396.02181500002,0,6578.915291000011,10979,60500.81850500003,8117.890792999999,0,5951,5082,355
408C18173600B57E3131BC7AB710CF8AEA215EFF,days_0_45,aggregate_taker_row,8003,598,50056.130132000006,3846.1533890000014,2.8516299999999983,-3.4502349999999997,0,0,0,0,0,0,2522
408C18173600B57E3131BC7AB710CF8AEA215EFF,days_45_90,aggregate_taker_row,4850,355,24198.946423,1772.795767,0.03299,-1.5443300000000155,0,0,0,0,0,0,355
414E3B643B463C2E92A6666855A66CB8BF7B144E,days_0_45,aggregate_taker_row,8352,4147,20994.38093,10284.462330000004,131.56789999999998,-342.26621999999924,0,0,0,0,0,0,8349
414E3B643B463C2E92A6666855A66CB8BF7B144E,days_0_45,resting_maker_row,18815,10054,47867.737869,28279.353001999996,0,-49.90565000000059,0,0,0,0,0,0,18796
414E3B643B463C2E92A6666855A66CB8BF7B144E,days_45_90,aggregate_taker_row,504,449,1099.6046900000003,966.9573899999999,16.209960000000002,-13.917070000000024,0,0,0,0,0,0,450
414E3B643B463C2E92A6666855A66CB8BF7B144E,days_45_90,resting_maker_row,2643,2343,5512.525169000001,4870.0082919999995,0,-69.75931399999997,0,0,0,0,0,0,2372
41B109E75DC24AC94E1CB47FACF89D7401CF5FC0,days_0_45,aggregate_taker_row,11876,11875,197825.69690000013,197818.49690000011,4789.073350000002,1366.1901500000001,11853,197672.5746000001,1377.1102999999994,2,772,8364,2738
41B109E75DC24AC94E1CB47FACF89D7401CF5FC0,days_0_45,resting_maker_row,157453,157453,1.1089365903680003e+06,1.1089365903680003e+06,0,13950.332576000048,157247,1.1080619550170007e+06,13973.95848900005,4,9719,126136,21594
41B109E75DC24AC94E1CB47FACF89D7401CF5FC0,days_45_90,aggregate_taker_row,12663,12663,280107.62478000013,280107.62478000013,6570.4898200000025,-3001.634599999996,12663,280107.62478000013,-3001.634599999996,0,483,9810,2370
41B109E75DC24AC94E1CB47FACF89D7401CF5FC0,days_45_90,resting_maker_row,146110,146100,1.3303458672660012e+06,1.3301994658000008e+06,0,14391.607601000065,146110,1.3303458672660012e+06,14391.607601000065,0,6173,116650,23287
44A5DE80BF4CD86126F5E56AE961169FACF0B4AA,days_0_45,resting_maker_row,17757,17757,830.3655739999994,830.3655739999994,0,-215.45767399999943,17757,830.3655739999994,-215.45767399999943,4,12043,5680,30
4501241BBCFB329F5021CD31995C7F69E63C7342,days_0_45,aggregate_taker_row,2459,2459,10561.849173000002,10561.849173000002,193.0041200000001,-363.81318699999963,2459,10561.849173000002,-363.81318699999963,5,195,1480,779
4501241BBCFB329F5021CD31995C7F69E63C7342,days_0_45,resting_maker_row,493,493,1217.176715,1217.176715,0,-56.04562300000002,493,1217.176715,-56.04562300000002,0,35,381,77
4501241BBCFB329F5021CD31995C7F69E63C7342,days_45_90,aggregate_taker_row,24390,24390,236999.1692459999,236999.1692459999,1732.69529,-2339.194277999999,12474,120108.25377400001,-2102.8107140000006,4,1572,14216,8598
45B1D32B450965130AD4E5D21DACCCF488391379,days_0_45,aggregate_taker_row,13876,13876,131177.63953299998,131177.63953299998,1951.3685700000008,-262.2198250000006,13866,130684.206182,-207.00121400000052,0,1691,10062,2123
45B1D32B450965130AD4E5D21DACCCF488391379,days_0_45,resting_maker_row,4880,4880,13262.004126000005,13262.004126000005,0,-1290.2582650000006,4880,13262.004126000005,-1290.2582650000006,0,280,4101,499
45B1D32B450965130AD4E5D21DACCCF488391379,days_45_90,aggregate_taker_row,1440,1440,19998.451324000012,19998.451324000012,495.97573,-622.1715219999995,1439,19898.451325000013,-520.0715329999998,0,53,988,399
45B1D32B450965130AD4E5D21DACCCF488391379,days_45_90,resting_maker_row,524,524,1033.688912,1033.688912,0,-15.629450999999984,524,1033.688912,-15.629450999999984,0,62,452,10
47FCEA7EC1E7244D62E9B793220B219D92389865,days_0_45,aggregate_taker_row,1285,1285,7782.2290609999945,7782.2290609999945,289.16660000000024,-110.04300700000019,1096,6908.727371999997,-154.10485900000006,0,140,570,575
47FCEA7EC1E7244D62E9B793220B219D92389865,days_0_45,resting_maker_row,60,60,195.15333199999998,195.15333199999998,0,35.212925,39,113.014735,-4.938671999999991,0,1,37,22
47FCEA7EC1E7244D62E9B793220B219D92389865,days_45_90,aggregate_taker_row,178,178,446.17228600000016,446.17228600000016,16.261209999999995,-70.893496,172,428.17229100000014,-51.897101,0,17,104,57
47FCEA7EC1E7244D62E9B793220B219D92389865,days_45_90,resting_maker_row,20389,20389,69646.65079500004,69646.65079500004,0,-2000.512107000001,20389,69646.65079500004,-2000.512107000001,0,699,16858,2832
48180CFE026031C280EBDEA2ACAD996867CDE5DE,days_0_45,aggregate_taker_row,445,445,1794.848029999999,1794.848029999999,35.115359999999995,-64.28907000000001,0,0,0,0,0,0,445
48180CFE026031C280EBDEA2ACAD996867CDE5DE,days_0_45,resting_maker_row,31954,31954,71610.84101400002,71610.84101400002,0,785.0071369999995,0,0,0,0,0,0,31954
49591BFD7C214B3303605EE3DE99D4BFA7C6C56F,days_0_45,aggregate_taker_row,2,2,0.5,0.5,0.03354,0.46646,2,0.5,0.46646,0,1,1,0
49591BFD7C214B3303605EE3DE99D4BFA7C6C56F,days_0_45,resting_maker_row,6611,6609,655.3006480000001,655.2006480000001,0,-71.05464799999996,6611,655.3006480000001,-71.05464799999996,9,3914,2688,0
49591BFD7C214B3303605EE3DE99D4BFA7C6C56F,days_45_90,resting_maker_row,3882,3882,332.38469300000025,332.38469300000025,0,-62.38469299999997,3882,332.38469300000025,-62.38469299999997,0,1959,1906,17
4B655EA786C26550ADCD97947A7001F720ABFC9C,days_0_45,aggregate_taker_row,2338,2338,47871.525266000004,47871.525266000004,1504.097360000001,-1781.3844199999987,2266,45992.23756600003,-1383.108909999999,2,30,174,2132
4B655EA786C26550ADCD97947A7001F720ABFC9C,days_0_45,resting_maker_row,4660,4660,42655.19638799998,42655.19638799998,0,1213.4419150000003,4548,41184.275078999985,1118.774503,1,34,1450,3175
4B655EA786C26550ADCD97947A7001F720ABFC9C,days_45_90,aggregate_taker_row,6382,6382,73343.248779,73343.248779,942.3680500000004,-862.5844089999997,5716,68796.40234899992,-654.9782589999996,0,664,3515,2203
4B655EA786C26550ADCD97947A7001F720ABFC9C,days_45_90,resting_maker_row,3907,3907,13646.98240500001,13646.98240500001,0,-698.745547,2706,8858.206532999993,-485.08509499999957,0,48,896,2963
4CB6FAAC03DDA045E6949D427AB39A4C718BA793,days_0_45,aggregate_taker_row,1487,1487,28070.219074999986,28070.219074999986,532.1099999999999,-2871.2468270000018,1487,28070.219074999986,-2871.2468270000018,1,474,948,64
4CB6FAAC03DDA045E6949D427AB39A4C718BA793,days_0_45,resting_maker_row,162272,162272,976958.3718440003,976958.3718440003,0,-10330.01858800001,162272,976958.3718440003,-10330.01858800001,1,19747,127752,14772
4CB6FAAC03DDA045E6949D427AB39A4C718BA793,days_45_90,resting_maker_row,30371,30371,113096.27188400005,113096.27188400005,0,-2523.396398999999,30371,113096.27188400005,-2523.396398999999,0,3285,21699,5387
4F29E103339919C4BAAEA2A60195CF1C8BB27A7E,days_0_45,aggregate_taker_row,11944,11914,3.0051936665220023e+06,2.9674301919240025e+06,38419.998749999984,132826.7134200001,0,0,0,0,0,0,11944
4F29E103339919C4BAAEA2A60195CF1C8BB27A7E,days_0_45,resting_maker_row,287112,285088,5.5838912094429e+07,5.5239017917275004e+07,0,309406.8225850011,0,0,0,0,0,0,287056
4F29E103339919C4BAAEA2A60195CF1C8BB27A7E,days_45_90,aggregate_taker_row,9050,9050,3.159198503183e+06,3.159198503183e+06,51251.20372999999,-53811.57268800002,0,0,0,0,0,0,9050
4F29E103339919C4BAAEA2A60195CF1C8BB27A7E,days_45_90,resting_maker_row,305530,304778,6.0260602356337994e+07,6.023615129144697e+07,0,-480704.90046200255,0,0,0,0,0,0,305523
5076169C1B958F762E6D09EB4C4F5263707D8391,days_0_45,aggregate_taker_row,7339,7339,66304.39175100005,66304.39175100005,2192.9735899999987,-5356.390187999999,7271,66075.07605700003,-5420.791747000003,0,14,118,7207
5076169C1B958F762E6D09EB4C4F5263707D8391,days_0_45,resting_maker_row,4905,4905,44557.50549300002,44557.50549300002,0,-4933.010471000004,4752,43966.208104000034,-4925.515101000002,0,43,2407,2455
5087284865E4A1A9B44AADC1D012BAEBF1CC6AB1,days_0_45,aggregate_taker_row,3481,3481,15626.560498999997,15626.560498999997,369.6945599999997,35.7302370000001,3481,15626.560498999997,35.7302370000001,0,610,2634,237
5087284865E4A1A9B44AADC1D012BAEBF1CC6AB1,days_0_45,resting_maker_row,1523,1523,5220.112805999996,5220.112805999996,0,186.15289999999993,1523,5220.112805999996,186.15289999999993,0,295,1117,111
5087284865E4A1A9B44AADC1D012BAEBF1CC6AB1,days_45_90,aggregate_taker_row,3188,3188,12411.0071,12411.0071,330.7421400000001,-344.59903999999995,3188,12411.0071,-344.59903999999995,0,427,2501,260
5087284865E4A1A9B44AADC1D012BAEBF1CC6AB1,days_45_90,resting_maker_row,2033,2033,5271.194793999999,5271.194793999999,0,-133.5129150000001,2033,5271.194793999999,-133.5129150000001,0,325,1530,178
5195A3D459A40E6503CCF19798F3CD9551B0D864,days_0_45,aggregate_taker_row,11842,11841,196520.2475099998,196512.88750999977,4591.194009999998,-5299.280309999998,11826,196415.91750999977,-5317.6272199999985,1,821,8532,2488
5195A3D459A40E6503CCF19798F3CD9551B0D864,days_0_45,resting_maker_row,161383,161383,1.1342387312430008e+06,1.1342387312430008e+06,0,11961.264681999963,161097,1.1328451953650007e+06,11951.88132599996,3,10218,128840,22322
5195A3D459A40E6503CCF19798F3CD9551B0D864,days_45_90,aggregate_taker_row,13388,13388,290759.8935600002,290759.8935600002,6651.8453,-2288.858859999997,13388,290759.8935600002,-2288.858859999997,3,480,10455,2450
5195A3D459A40E6503CCF19798F3CD9551B0D864,days_45_90,resting_maker_row,158310,158298,1.4068200509180005e+06,1.4066558687530004e+06,0,11909.910691999921,158310,1.4068200509180005e+06,11909.910691999921,0,7028,125577,25705
52B91496D6A9F01A0C795DF584B7293D00E15138,days_0_45,aggregate_taker_row,21,21,507.92314899999997,507.92314899999997,7.19981,85.680457,0,0,0,0,0,0,21
52B91496D6A9F01A0C795DF584B7293D00E15138,days_0_45,resting_maker_row,14988,14988,32219.159176,32219.159176,0,-138.7504109999998,14984,32184.159176,-123.75041099999964,0,163,12016,2809
52B91496D6A9F01A0C795DF584B7293D00E15138,days_45_90,aggregate_taker_row,5,5,41.799997000000005,41.799997000000005,1.48757,4.331479000000002,0,0,0,0,0,0,5
52DCE85211943D3FF4B61492D652D825EFC46617,days_0_45,aggregate_taker_row,11936,11936,1.144071349567e+06,1.144071349567e+06,17051.822030000007,-17391.957843000004,2541,249085.01235799998,4522.174493999997,0,118,5777,6041
52DCE85211943D3FF4B61492D652D825EFC46617,days_0_45,resting_maker_row,1794,1794,75928.66007400001,75928.66007400001,0,974.9185869999998,258,15836.348299999998,-141.40725999999995,0,115,1053,626
52DCE85211943D3FF4B61492D652D825EFC46617,days_45_90,aggregate_taker_row,3750,3750,365416.04032999993,365416.04032999993,8666.599370000002,-24379.479700000018,0,0,0,0,2,110,3638
5480C3156EFFF66F378A1D6C3CBCDE1B0B9CD9D2,days_0_45,aggregate_taker_row,10809,10807,96470.06892599999,96458.80652799999,2125.52127,-6086.710851000007,10029,90224.78153000002,-5457.094243000002,35,1951,8160,663
5480C3156EFFF66F378A1D6C3CBCDE1B0B9CD9D2,days_0_45,resting_maker_row,1394,1394,1195.826875,1195.826875,0,-154.28801199999998,720,724.0217720000004,-43.28285399999996,0,164,868,362
5480C3156EFFF66F378A1D6C3CBCDE1B0B9CD9D2,days_45_90,aggregate_taker_row,31291,31291,126531.17084999998,126531.17084999998,2279.901530000001,-2071.4089050000002,30584,123705.329927,-1738.241054,2,604,27153,3532
567C07E1FBF9AB5DC19532FDFF172A178737BADE,days_0_45,aggregate_taker_row,8900,8897,117443.0771540001,117437.74915600008,2217.904629999999,-1594.998563,8892,117296.7491620001,-1519.529764,1,422,8125,349
567C07E1FBF9AB5DC19532FDFF172A178737BADE,days_0_45,resting_maker_row,3155,3155,23893.506223999993,23893.506223999993,0,-1289.4948460000005,3138,23833.791223999993,-1349.2098460000004,0,128,2875,152
567C07E1FBF9AB5DC19532FDFF172A178737BADE,days_45_90,aggregate_taker_row,49,49,551.10505,551.10505,18.182380000000002,-83.46877400000004,49,551.10505,-83.46877400000004,0,0,35,14
592C9F0374ED01FB6EA2ACC00EF58CCEC71B47D8,days_0_45,aggregate_taker_row,7712,7690,32985.73528499998,32879.73531899998,285.44123999999977,-1009.844636,6819,27075.464472,-933.9732339999998,4,1772,4515,1420
592C9F0374ED01FB6EA2ACC00EF58CCEC71B47D8,days_45_90,aggregate_taker_row,9896,9895,36028.193443000004,36027.13504300001,294.8787700000002,-862.9855909999984,9449,30583.642961000016,-596.7352339999992,1,1687,6813,1394
5947C51069F1416F3825A2485856A3460101CC22,days_0_45,aggregate_taker_row,18290,18290,97292.86982,97292.86982,3007.2227299999995,-4340.577672999997,18290,97292.86982,-4340.577672999997,0,0,14432,3858
5947C51069F1416F3825A2485856A3460101CC22,days_0_45,resting_maker_row,25963,25963,97048.70004099996,97048.70004099996,0,-4698.2091260000025,25963,97048.70004099996,-4698.2091260000025,0,5,23909,2049
5947C51069F1416F3825A2485856A3460101CC22,days_45_90,resting_maker_row,2144,2144,6364.549103999998,6364.549103999998,0,-1650.6991530000003,2144,6364.549103999998,-1650.6991530000003,0,252,1707,185
5BAB23C857DF2B3B57D0D0F32090AFFD0877676F,days_0_45,aggregate_taker_row,2530,2529,8285.945714000003,8281.745715000005,266.9982000000002,-857.6448950000001,2316,7343.599971,-788.0233,0,98,1017,1415
5BAB23C857DF2B3B57D0D0F32090AFFD0877676F,days_0_45,resting_maker_row,1779,1777,2447.977159000002,2443.580561000002,0,-114.63240100000002,1349,2144.7108740000003,-41.888759,0,152,1184,443
5BAB23C857DF2B3B57D0D0F32090AFFD0877676F,days_45_90,aggregate_taker_row,3472,3472,20270.551161,20270.551161,248.47156000000004,-455.93825400000037,3043,15775.660893999993,-392.9739590000006,0,138,1551,1783
5BAB23C857DF2B3B57D0D0F32090AFFD0877676F,days_45_90,resting_maker_row,3793,3793,7004.1199959999985,7004.1199959999985,0,-255.43574200000006,3098,6045.995021999997,-229.67187700000008,0,417,2744,632
5C932F5090A3F9D4B9EC1A5E06288F503CC177A5,days_0_45,aggregate_taker_row,10278,10272,57395.526354999965,57361.47075699997,1641.7700600000005,145.4028579999998,4510,25551.24157499999,428.456442,0,454,5637,4187
5C932F5090A3F9D4B9EC1A5E06288F503CC177A5,days_0_45,resting_maker_row,385,136,1567.6681879999996,306.77613800000006,0,-11.391117999999995,86,193.42559400000002,15.892498999999997,0,4,82,299
5C932F5090A3F9D4B9EC1A5E06288F503CC177A5,days_45_90,aggregate_taker_row,12890,12890,118950.2272989999,118950.2272989999,3083.720519999996,-351.2869479999989,12890,118950.2272989999,-351.2869479999989,0,1193,9621,2076
5C932F5090A3F9D4B9EC1A5E06288F503CC177A5,days_45_90,resting_maker_row,40,22,374.156676,91.159561,0,11.797153000000005,22,91.159561,11.797153000000005,0,0,17,5
5CF157E4CDDACFFBB7BF05F73BFFBCA4BE45F25B,days_0_45,aggregate_taker_row,2249,2249,11279.898297999987,11279.898297999987,408.31372999999974,-204.26459700000035,4,25.639198,-5.322456999999999,0,0,4,2245
5CF157E4CDDACFFBB7BF05F73BFFBCA4BE45F25B,days_0_45,resting_maker_row,21356,21356,77849.83996600004,77849.83996600004,0,-636.6534260000003,2,7.4,7.4,0,0,2,21354
5CF157E4CDDACFFBB7BF05F73BFFBCA4BE45F25B,days_45_90,aggregate_taker_row,1,1,4.99996,4.99996,0.00699,0.09505000000000058,1,4.99996,0.09505000000000058,0,0,1,0
5CF157E4CDDACFFBB7BF05F73BFFBCA4BE45F25B,days_45_90,resting_maker_row,1,1,4.998,4.998,0,-4.998,0,0,0,0,0,0,1
5DC640FECC5103DDCA34D110FA3BCA95F4483609,days_0_45,aggregate_taker_row,18967,18958,265169.7439000002,265032.3967000002,8063.967099999998,-954.2923600000041,18484,261142.82450000016,-693.2794300000039,0,1016,14927,3024
5DC640FECC5103DDCA34D110FA3BCA95F4483609,days_0_45,resting_maker_row,2787,2787,27533.139062000006,27533.139062000006,0,1065.8671800000006,2783,27505.139062000006,1053.8671800000006,0,168,2286,333
5DC640FECC5103DDCA34D110FA3BCA95F4483609,days_45_90,aggregate_taker_row,15178,15178,279579.43355000025,279579.43355000025,8171.3638900000005,436.442559999999,11002,234800.44283,118.59647999999895,0,643,11240,3295
5DC640FECC5103DDCA34D110FA3BCA95F4483609,days_45_90,resting_maker_row,2619,2619,33620.517395,33620.517395,0,-53.528907000000274,2385,31657.40491599999,319.9399119999996,0,305,1720,594
5DCA346BC9FE5F4E6A051C35238ABAAFF2CBE1D9,days_0_45,aggregate_taker_row,7301,7299,119868.44207499997,119668.44208099997,1624.0250899999994,-690.6668599999977,6823,107320.37078099995,-667.4084129999983,0,3392,3281,628
5DCA346BC9FE5F4E6A051C35238ABAAFF2CBE1D9,days_0_45,resting_maker_row,2731,2731,26594.41517600001,26594.41517600001,0,-862.18157,2656,25256.946680000012,-652.0418529999994,33,600,1955,143
5DCA346BC9FE5F4E6A051C35238ABAAFF2CBE1D9,days_45_90,aggregate_taker_row,4833,4819,60734.480706000024,60537.000776000015,177.83020000000005,-337.0115619999999,379,3280.552103,-174.67467699999997,2,215,151,4452
5DCA346BC9FE5F4E6A051C35238ABAAFF2CBE1D9,days_45_90,resting_maker_row,1635,1628,13124.587657000005,13089.770959000007,0,-180.06786499999976,43,175.77650599999998,-106.16250600000001,0,14,20,1595
5EBCB864AC87F644A14EE85F782DDF89FB6B5692,days_0_45,aggregate_taker_row,11765,11765,71488.304849,71488.304849,2313.2491299999983,-408.99012600000077,11176,68128.92163200001,-322.5874560000004,0,957,9458,1350
5EBCB864AC87F644A14EE85F782DDF89FB6B5692,days_0_45,resting_maker_row,493685,493685,1.0400256003870011e+06,1.0400256003870011e+06,0,-5208.024790000063,468030,984643.140549001,-4587.044010000062,0,34540,409423,49722
605B2F9DE3DB8BB3509E51DB39EB299061635D60,days_0_45,aggregate_taker_row,5,5,44.2886,44.2886,0.72295,0.4856499999999988,5,44.2886,0.4856499999999988,0,0,5,0
605B2F9DE3DB8BB3509E51DB39EB299061635D60,days_0_45,resting_maker_row,96582,96576,317505.2703950001,317481.7520950001,0,7853.512448000009,96582,317505.2703950001,7853.512448000009,0,7260,82758,6564
605B2F9DE3DB8BB3509E51DB39EB299061635D60,days_45_90,resting_maker_row,107538,107538,427869.06734699995,427869.06734699995,0,3748.9616159999987,107538,427869.06734699995,3748.9616159999987,0,4069,95431,8038
631E77152153EF7B07DBE35811F4C5DFF8B34CF0,days_0_45,aggregate_taker_row,5243,5243,24259.356620999988,24259.356620999988,690.0080600000002,-1418.7055010000001,3911,14501.878892999997,-653.6327080000004,0,1056,2390,1797
631E77152153EF7B07DBE35811F4C5DFF8B34CF0,days_0_45,resting_maker_row,4338,4338,14039.454178000002,14039.454178000002,0,-1383.8652049999994,2970,8157.773834999999,-554.5751079999997,0,957,2226,1155
631E77152153EF7B07DBE35811F4C5DFF8B34CF0,days_45_90,aggregate_taker_row,1341,1341,8676.169381,8676.169381,253.31555000000003,-731.9551180000002,1244,8466.028663,-796.0123729999999,0,158,898,285
631E77152153EF7B07DBE35811F4C5DFF8B34CF0,days_45_90,resting_maker_row,217,217,2314.7211580000003,2314.7211580000003,0,69.93302,204,2051.63916,18.903243000000003,0,5,115,97
64605B4A156974CFF9E3C92435AC5B5F340313CE,days_0_45,aggregate_taker_row,3587,3587,20201.397029000007,20201.397029000007,156.39941000000007,164.60503700000046,3416,19264.420826000005,177.8384950000004,2,2496,948,141
64605B4A156974CFF9E3C92435AC5B5F340313CE,days_0_45,resting_maker_row,55,55,127.602165,127.602165,0,44.16969099999999,55,127.602165,44.16969099999999,0,32,17,6
64605B4A156974CFF9E3C92435AC5B5F340313CE,days_45_90,aggregate_taker_row,10496,10444,267300.1190939999,266423.3958279999,340.87138000000033,1164.6831620000046,873,3966.1924609999996,51.7256430000001,0,647,290,9554
64605B4A156974CFF9E3C92435AC5B5F340313CE,days_45_90,resting_maker_row,67,67,1827.8273090000002,1827.8273090000002,0,31.122397999999986,0,0,0,0,0,0,67
65CF31CCA3FD55DBDB115349DBD80F18700651F0,days_0_45,aggregate_taker_row,11987,11986,137788.70388700004,137778.70389400003,4573.570490000007,367.9861339999982,11976,137548.47739600006,357.77813099999844,0,105,8096,3786
65CF31CCA3FD55DBDB115349DBD80F18700651F0,days_0_45,resting_maker_row,123,123,1059.37732,1059.37732,0,-34.81316400000001,123,1059.37732,-34.81316400000001,0,31,88,4
6663E52B3683832AA611B0C7E0E91BC654D368CA,days_0_45,aggregate_taker_row,3318,3318,250115.98833300013,250115.98833300013,656.6948600000005,116.17831499999977,3312,250036.39433300012,115.96796499999994,0,170,3049,99
6663E52B3683832AA611B0C7E0E91BC654D368CA,days_0_45,resting_maker_row,124076,124076,998946.4171490012,998946.4171490012,0,1515.679049000007,123997,998366.9886280012,1501.10757000001,0,1285,122117,674
6663E52B3683832AA611B0C7E0E91BC654D368CA,days_45_90,aggregate_taker_row,16820,16814,719073.4581230002,718964.1181250003,2987.254640000002,-7205.337500999999,6658,508795.82031999977,-2881.4363510000003,0,281,8272,8267
6663E52B3683832AA611B0C7E0E91BC654D368CA,days_45_90,resting_maker_row,226126,226064,1.8619205476829992e+06,1.861599209718999e+06,0,426.0556439999946,205924,1.7851367920680004e+06,3052.499754999997,8,1642,193797,30679
6918EA182D963B1FB7888860B8A8B8BCFBA5782B,days_0_45,aggregate_taker_row,887,879,1.045849708950001e+06,1.041951858450001e+06,14307.703500000005,46704.54656000001,0,0,0,0,0,0,887
6918EA182D963B1FB7888860B8A8B8BCFBA5782B,days_0_45,resting_maker_row,7207,7096,1.2493995036989993e+06,1.2417304195339994e+06,0,56559.933973999956,0,0,0,0,0,0,7207
6918EA182D963B1FB7888860B8A8B8BCFBA5782B,days_45_90,aggregate_taker_row,271,260,717509.1321000007,681907.3353000006,11164.138099999998,2256.2893900000004,0,0,0,0,0,0,271
6918EA182D963B1FB7888860B8A8B8BCFBA5782B,days_45_90,resting_maker_row,4662,4562,861370.4307629996,847157.6545459996,0,-10484.668291000042,0,0,0,0,0,0,4662
691FD030B65F88A73905BA30674BDC839A85877A,days_0_45,aggregate_taker_row,3321,3317,134392.18693000003,129499.47029100006,2778.7157199999992,-3825.318315999997,3158,126993.70269200002,-4142.234561999998,1,82,2423,815
691FD030B65F88A73905BA30674BDC839A85877A,days_0_45,resting_maker_row,16753,16745,63845.53805600006,63786.13958300006,0,-2779.233532000004,14483,53193.680257000044,-2428.6782530000028,0,6,12113,4634
691FD030B65F88A73905BA30674BDC839A85877A,days_45_90,aggregate_taker_row,1096,1096,13247.158103999996,13247.158103999996,452.21067000000005,-605.799515,854,9916.819339000003,-338.2645310000001,0,4,415,677
691FD030B65F88A73905BA30674BDC839A85877A,days_45_90,resting_maker_row,32322,32319,73685.947885,73675.197885,0,-3606.075506999996,23761,53096.54372300001,-3449.095389999998,0,21,21247,11054
6C3928CF1FFFD8ADDE8BD01DEE175A2D79A30B36,days_0_45,aggregate_taker_row,693,693,3068.157765999997,3068.157765999997,99.85073999999999,-399.4829749999999,684,3037.537770999997,-387.35604999999987,0,6,610,77
6C3928CF1FFFD8ADDE8BD01DEE175A2D79A30B36,days_0_45,resting_maker_row,645,645,1779.4726559999995,1779.4726559999995,0,-146.29218300000002,645,1779.4726559999995,-146.29218300000002,0,15,443,187
6C3928CF1FFFD8ADDE8BD01DEE175A2D79A30B36,days_45_90,aggregate_taker_row,7065,7014,28852.064096999988,28700.978986999995,552.4145999999996,-1021.3834319999995,7003,28689.908437,-1016.1013119999992,0,590,5457,974
6C3928CF1FFFD8ADDE8BD01DEE175A2D79A30B36,days_45_90,resting_maker_row,1804,1803,3279.299653000001,3279.241093000001,0,-325.0631100000001,1803,3279.241093000001,-325.0631100000001,0,123,1480,200
6D27DA36D96C34D0C08E23C3ED8A44FC866C9A41,days_0_45,aggregate_taker_row,2292,2281,10005.620629000001,9980.714629000002,297.9878600000003,-372.86918899999984,3,21.549996999999998,-13.905926999999998,0,5,315,1971
6D27DA36D96C34D0C08E23C3ED8A44FC866C9A41,days_0_45,resting_maker_row,13100,13098,36678.35745699999,36674.75745699999,0,-1100.9516820000003,3981,12322.051156000012,-279.01680899999997,0,128,5187,7783
6D27DA36D96C34D0C08E23C3ED8A44FC866C9A41,days_45_90,aggregate_taker_row,5928,5928,20373.692505999996,20373.692505999996,533.4160300000002,-519.7974309999997,3313,13030.402856,-159.49769200000017,0,100,3111,2717
6D27DA36D96C34D0C08E23C3ED8A44FC866C9A41,days_45_90,resting_maker_row,19,19,38.7219,38.7219,0,1.2780999999999991,0,0,0,0,0,2,17
6DDCAD7425B4D92B930F8AE200AF90CE60B79E29,days_0_45,aggregate_taker_row,21880,21880,219403.50370000003,219403.50370000003,7075.211070000008,-1323.2147700000005,16001,172593.09900000007,-1126.672450000001,0,836,14246,6798
6DDCAD7425B4D92B930F8AE200AF90CE60B79E29,days_0_45,resting_maker_row,2598,2598,22013.032156000005,22013.032156000005,0,456.31774100000024,2327,20297.942525000002,451.3329029999995,0,166,1932,500
6DDCAD7425B4D92B930F8AE200AF90CE60B79E29,days_45_90,aggregate_taker_row,4906,4906,58126.28700000001,58126.28700000001,1833.2519600000007,795.17104,4906,58126.28700000001,795.17104,0,308,3741,857
6DDCAD7425B4D92B930F8AE200AF90CE60B79E29,days_45_90,resting_maker_row,925,925,9400.761924999999,9400.761924999999,0,-166.1684170000001,925,9400.761924999999,-166.1684170000001,0,91,581,253
6EDA7B0EC786DA8F05CBCAE8A31FEE0099A58F9A,days_0_45,aggregate_taker_row,305,305,1530.7292759999996,1530.7292759999996,61.43229999999998,-58.81964800000003,305,1530.7292759999996,-58.81964800000003,0,4,288,13
6EDA7B0EC786DA8F05CBCAE8A31FEE0099A58F9A,days_0_45,resting_maker_row,69962,69962,158567.006874,158567.006874,0,-3399.0022860000026,69786,158087.9527259999,-3334.391735000002,2,7268,53766,8926
6F37A4B6CEA17A13DC85416E81AB8F1A5C4F26B4,days_0_45,aggregate_taker_row,2863,2863,46572.73083699998,46572.73083699998,1741.12707,-1623.4306909999998,2861,46425.73083999998,-1729.9324329999993,0,33,2493,337
6F37A4B6CEA17A13DC85416E81AB8F1A5C4F26B4,days_0_45,resting_maker_row,12261,12261,57052.134279000005,57052.134279000005,0,-2613.7448480000003,12261,57052.134279000005,-2613.7448480000003,0,130,11298,833
71482C29C892C0599323106BD0D9E841A384600B,days_0_45,aggregate_taker_row,882,882,9881.955844999997,9881.955844999997,197.55650000000003,-576.1252969999999,875,8669.270450000002,-675.2551940000002,0,78,657,147
71482C29C892C0599323106BD0D9E841A384600B,days_0_45,resting_maker_row,9473,9473,29339.50194099999,29339.50194099999,0,-556.8848919999994,9473,29339.50194099999,-556.8848919999994,0,322,8702,449
71482C29C892C0599323106BD0D9E841A384600B,days_45_90,aggregate_taker_row,1595,1595,29615.310657000005,29615.310657000005,402.45084000000026,-1531.6899130000006,1576,24259.304109,-425.5255380000001,1,90,1385,119
71482C29C892C0599323106BD0D9E841A384600B,days_45_90,resting_maker_row,11174,11174,36047.72651400001,36047.72651400001,0,-482.51905900000014,11174,36047.72651400001,-482.51905900000014,0,802,10192,180
715982683F37D34FA1B79A15922CAF16B3814C63,days_0_45,aggregate_taker_row,310,310,953.2225989999997,953.2225989999997,59.49673,-765.1841290000002,310,953.2225989999997,-765.1841290000002,0,59,243,8
715982683F37D34FA1B79A15922CAF16B3814C63,days_0_45,resting_maker_row,26516,26516,20725.899271999984,20725.899271999984,0,-734.1871920000006,26516,20725.899271999984,-734.1871920000006,0,5820,20681,15
71929BC3D82D2A6B5942B2636569F151673F1981,days_0_45,aggregate_taker_row,1,1,0.999987,0.999987,0.00431,0.059519000000000134,1,0.999987,0.059519000000000134,0,0,1,0
71929BC3D82D2A6B5942B2636569F151673F1981,days_0_45,resting_maker_row,57280,57280,119134.76830899995,119134.76830899995,0,162.09808200000091,45453,94718.01908699995,-530.3618500000003,0,0,0,57280
7498B6F6889DC49DD29350C861E1115D37BA59C6,days_0_45,aggregate_taker_row,398,398,31687.502046999994,31687.502046999994,1279.6153100000004,-3354.3776270000008,205,19195.088999999993,-2631.627300000001,0,0,188,210
7498B6F6889DC49DD29350C861E1115D37BA59C6,days_0_45,resting_maker_row,56447,56447,153806.56111699995,153806.56111699995,0,-6835.786670000008,54869,134838.22320200002,-5833.641634000007,0,490,46833,9124
7498B6F6889DC49DD29350C861E1115D37BA59C6,days_45_90,aggregate_taker_row,287,287,17276.853122999997,17276.853122999997,735.6676400000006,232.8135339999995,126,7972.442223999999,1686.7157180000006,0,4,105,178
7498B6F6889DC49DD29350C861E1115D37BA59C6,days_45_90,resting_maker_row,19483,19483,56495.610096000004,56495.610096000004,0,-2386.650432999998,16399,43242.10245100003,-2053.141524999999,0,310,14139,5034
74D691F2ABF5DE6B56C0643025D25C720A1FC68C,days_0_45,aggregate_taker_row,8762,8762,10430.307561000003,10430.307561000003,225.95269999999985,-401.28953300000023,7721,9362.585486000002,-364.5653589999998,9,1616,4854,2283
74D691F2ABF5DE6B56C0643025D25C720A1FC68C,days_0_45,resting_maker_row,6,6,7.437799999999999,7.437799999999999,0,-7.437799999999999,6,7.437799999999999,-7.437799999999999,0,2,4,0
74D691F2ABF5DE6B56C0643025D25C720A1FC68C,days_45_90,aggregate_taker_row,2445,2445,3022.0167699999947,3022.0167699999947,65.48272999999998,-121.88383699999993,1,0.999999,-1.0335889999999999,0,4,158,2283
74D691F2ABF5DE6B56C0643025D25C720A1FC68C,days_45_90,resting_maker_row,69,69,286.420879,286.420879,0,-9.959276,0,0,0,0,2,15,52
75B95D8635993F0CB9972E6E194DD09403A10893,days_0_45,aggregate_taker_row,2485,2447,11069.910108999993,10785.160778999993,167.60501999999997,-458.7373790000004,0,0,0,0,0,0,2456
75B95D8635993F0CB9972E6E194DD09403A10893,days_0_45,resting_maker_row,11412,11261,40097.898368000046,38698.25148400002,0,-884.118716,0,0,0,0,0,0,11327
77B2A944F148660B76691F10819892D002C524BD,days_0_45,aggregate_taker_row,12560,12560,222720.06359999988,222720.06359999988,4404.262679999999,-1841.1762800000022,12552,222653.70659999986,-1818.6389500000025,5,897,9366,2292
77B2A944F148660B76691F10819892D002C524BD,days_0_45,resting_maker_row,163051,163051,1.1578389614440005e+06,1.1578389614440005e+06,0,20480.220635000056,162910,1.1572182284940002e+06,20503.30888100006,3,10347,130859,21842
77B2A944F148660B76691F10819892D002C524BD,days_45_90,aggregate_taker_row,13108,13108,296953.32197000005,296953.32197000005,6092.509460000005,14.608570000000022,13108,296953.32197000005,14.608570000000022,0,550,10587,1971
77B2A944F148660B76691F10819892D002C524BD,days_45_90,resting_maker_row,159097,159095,1.4466821281760004e+06,1.4465922681760006e+06,0,14924.239212000053,159097,1.4466821281760004e+06,14924.239212000053,0,7147,126660,25290
792AD90F3DA97F663333B834DE13AB90EBA10915,days_0_45,resting_maker_row,34421,34421,192323.79304,192323.79304,0,892.759927000001,34421,192323.79304,892.759927000001,0,6180,25862,2379
799602F56A8EE04801196B824EBBC280B48ED982,days_0_45,aggregate_taker_row,9827,9827,218299.08679999993,218299.08679999993,4502.458649999999,-119.87545,9827,218299.08679999993,-119.87545,0,3061,6342,424
799602F56A8EE04801196B824EBBC280B48ED982,days_0_45,resting_maker_row,8123,8123,90415.93200200006,90415.93200200006,0,2600.3074530000004,8123,90415.93200200006,2600.3074530000004,0,3005,4851,267
799602F56A8EE04801196B824EBBC280B48ED982,days_45_90,aggregate_taker_row,8128,8128,58190.879160000026,58190.879160000026,1463.5532799999999,-1297.1824399999991,8128,58190.879160000026,-1297.1824399999991,0,1416,6151,561
799602F56A8EE04801196B824EBBC280B48ED982,days_45_90,resting_maker_row,5519,5519,29303.556872000012,29303.556872000012,0,1195.1429209999994,5519,29303.556872000012,1195.1429209999994,0,1402,3645,472
7ABCBEAA990B79729788EB43C88EF42EB7AE8AF1,days_0_45,aggregate_taker_row,3628,3628,65429.264487,65429.264487,333.8299499999999,-651.1753290000025,0,0,0,0,0,0,3628
7ABCBEAA990B79729788EB43C88EF42EB7AE8AF1,days_0_45,resting_maker_row,21736,21736,75587.15935500001,75587.15935500001,0,-1295.5492394999978,0,0,0,0,0,0,21736
7BF1B4D7131C470B07D156B03135065390E73F67,days_0_45,aggregate_taker_row,2381,2352,179184.80186,176743.93517000004,320.1502100000001,-1021.3192650000005,0,0,0,0,0,0,2381
7BF1B4D7131C470B07D156B03135065390E73F67,days_0_45,resting_maker_row,6317,6230,243438.82420099998,241014.074589,0,-205.29183000000035,0,0,0,0,0,0,6317
7BF1B4D7131C470B07D156B03135065390E73F67,days_45_90,aggregate_taker_row,1615,1606,125242.82612000004,124556.96118000006,149.5696,-213.651249,0,0,0,0,0,0,1615
7BF1B4D7131C470B07D156B03135065390E73F67,days_45_90,resting_maker_row,6511,6437,200369.8989230002,197743.2047520002,0,974.5672540000007,0,0,0,0,0,0,6511
7CBB4A86E67B92EE3081FD2C8CFAA48E861C5299,days_0_45,aggregate_taker_row,11805,11803,66564.49785500001,66557.061656,1738.1143600000003,-3099.059136999999,5371,31293.804364999996,-1215.7840020000003,1,735,5669,5398
7CBB4A86E67B92EE3081FD2C8CFAA48E861C5299,days_0_45,resting_maker_row,7,7,136.67949900000002,136.67949900000002,0,-1.3806009999999942,0,0,0,0,0,7,0
7CBB4A86E67B92EE3081FD2C8CFAA48E861C5299,days_45_90,aggregate_taker_row,32,32,662.3099920000001,662.3099920000001,40.52579,-702.835782,32,662.3099920000001,-702.835782,0,0,32,0
7CC8B1E723D6AF079029F72027B7FF4FAC2FA9D7,days_0_45,aggregate_taker_row,76539,76539,736519.6890330001,736519.6890330001,3548.110980000005,8691.626891999957,76142,734699.5287680001,8767.12126699996,1,73210,3180,148
7CC8B1E723D6AF079029F72027B7FF4FAC2FA9D7,days_0_45,resting_maker_row,25394,25394,285414.2159960003,285414.2159960003,0,298.76840099999754,25296,284976.16079600016,294.34360099999765,3924,20979,452,39
7CC8B1E723D6AF079029F72027B7FF4FAC2FA9D7,days_45_90,aggregate_taker_row,20225,20225,363369.3936110004,363369.3936110004,1708.1571499999995,4922.321109999994,20222,363298.2537950004,4960.210876999995,1,18508,1656,60
7CC8B1E723D6AF079029F72027B7FF4FAC2FA9D7,days_45_90,resting_maker_row,11642,11642,220667.78769099986,220667.78769099986,0,217.371269999999,11642,220667.78769099986,217.371269999999,1386,9368,870,18
7D091BCA965D9EFD89405807D997AB378154DE89,days_0_45,aggregate_taker_row,9236,9236,32868.466600000014,32868.466600000014,504.8526400000003,-288.0678399999996,9236,32868.466600000014,-288.0678399999996,0,1540,7458,238
7D091BCA965D9EFD89405807D997AB378154DE89,days_0_45,resting_maker_row,2469,2469,7503.511788999998,7503.511788999998,0,129.99418800000012,2469,7503.511788999998,129.99418800000012,0,220,2172,77
7DC984968BAE34A9CB75380E8265B26A9645525E,days_0_45,aggregate_taker_row,2034,431,1143.9066779999998,229.74051800000004,21.39507999999999,-38.07855699999998,0,0,0,0,0,0,1465
7DC984968BAE34A9CB75380E8265B26A9645525E,days_0_45,resting_maker_row,22203,7488,41230.68959599999,12959.428427999994,0,-135.18998300000013,0,0,0,1,0,1,17871
7DC984968BAE34A9CB75380E8265B26A9645525E,days_45_90,aggregate_taker_row,781,507,530.87503,240.08343999999994,13.893190000000004,78.88948,0,0,0,0,0,0,511
7DC984968BAE34A9CB75380E8265B26A9645525E,days_45_90,resting_maker_row,5333,3817,17510.372139000006,12818.443616999999,0,-298.8790250000004,0,0,0,0,0,0,3869
7DDEB72E6B8726B146D085C20A90BB64158030B1,days_0_45,aggregate_taker_row,447,427,17333.500921000006,16633.852188,86.62418,-68.45356299999997,40,784.489958,166.071867,0,0,35,412
7DDEB72E6B8726B146D085C20A90BB64158030B1,days_0_45,resting_maker_row,123,119,2589.9919590000004,2499.7036180000005,0,34.54717699999994,0,0,0,0,0,0,123
7DDEB72E6B8726B146D085C20A90BB64158030B1,days_45_90,aggregate_taker_row,22444,22381,795401.725078,793606.2754780003,10265.304950000007,2673.0550615,708,2001.0045889999983,-299.30820099999994,4,165,303,21910
7FC0E9E913007A6E1946C1EE6CA05F22C0787BF6,days_0_45,aggregate_taker_row,2412,2395,30907.788300000015,30648.261300000013,1007.8432200000003,-789.4947400000007,2155,26665.62910000002,-319.1958299999996,0,101,1364,945
7FC0E9E913007A6E1946C1EE6CA05F22C0787BF6,days_0_45,resting_maker_row,7657,7657,46837.75361399998,46837.75361399998,0,1558.7281500000001,7628,46745.39167099999,1523.7517610000002,0,492,5158,2007
7FC0E9E913007A6E1946C1EE6CA05F22C0787BF6,days_45_90,aggregate_taker_row,214,210,7197.905994999997,6980.995994999999,135.23273,-628.2629029999997,0,0,0,0,0,0,210
7FC0E9E913007A6E1946C1EE6CA05F22C0787BF6,days_45_90,resting_maker_row,20,11,193.114114,120.614114,0,-59.524114,0,0,0,0,0,0,11
801C9DDE4BE716910F1C56A4478757D609070F69,days_0_45,aggregate_taker_row,25491,25489,92205.35248000003,92199.59248000002,275.53885000000014,-30.713382999999336,21938,77247.27599099996,-97.66860399999946,0,7816,17480,195
801C9DDE4BE716910F1C56A4478757D609070F69,days_0_45,resting_maker_row,4578,4578,25129.20761199998,25129.20761199998,0,-152.7254710000003,3789,20566.599991,-148.83118200000024,44,1741,2779,14
801C9DDE4BE716910F1C56A4478757D609070F69,days_45_90,aggregate_taker_row,1469,1469,3954.8247000000015,3954.8247000000015,9.24636,-52.07106000000002,1264,3380.6636000000003,-59.77322000000003,0,321,1134,14
801C9DDE4BE716910F1C56A4478757D609070F69,days_45_90,resting_maker_row,1055,1055,5730.647432000002,5730.647432000002,0,-56.56410300000008,799,4348.0120320000005,-58.208703000000014,7,291,754,3
8068E018BBC4CD013F611490460AAEA05D601900,days_0_45,aggregate_taker_row,1,1,0.999987,0.999987,0.00431,0.059519000000000134,1,0.999987,0.059519000000000134,0,0,1,0
8068E018BBC4CD013F611490460AAEA05D601900,days_0_45,resting_maker_row,31004,31004,121620.24201700003,121620.24201700003,0,-744.3191819999986,23259,88719.840229,-722.6876629999986,0,2188,21960,6856
82BA9A6D488E19DE92E02ABE57774AE38B81B905,days_0_45,aggregate_taker_row,2124,2122,10614.387895999998,10612.472696999997,322.27624999999983,-192.50346400000024,2122,10612.472696999997,-192.50346400000024,0,90,1954,78
82BA9A6D488E19DE92E02ABE57774AE38B81B905,days_0_45,resting_maker_row,9567,9567,14867.21830899999,14867.21830899999,0,-433.775151,9567,14867.21830899999,-433.775151,0,116,5044,4407
82BA9A6D488E19DE92E02ABE57774AE38B81B905,days_45_90,aggregate_taker_row,1018,1018,10262.953127000002,10262.953127000002,185.24885,-48.37054999999976,1018,10262.953127000002,-48.37054999999976,0,22,996,0
84316E620A2307401B952CFCF820B693311BEE9C,days_0_45,aggregate_taker_row,5533,5472,44251.995138,44045.821255,664.79516,-1180.4687455,1967,35231.65799299999,-649.3130079999999,24,186,1783,3511
84316E620A2307401B952CFCF820B693311BEE9C,days_0_45,resting_maker_row,10364,10364,29309.18119500001,29309.18119500001,0,-1006.7925270000006,8828,25325.623957000003,-949.4902850000001,0,88,1885,8391
844CDCD16114437295058CEC85C64D289F8B1B4E,days_0_45,resting_maker_row,18339,18339,116515.34655500004,116515.34655500004,0,484.35798900000054,18339,116515.34655500004,484.35798900000054,0,2983,13895,1461
851FDC29A41EA75E337B5595E711E4C924DDCF5E,days_0_45,aggregate_taker_row,18,18,1804.9212999999997,1804.9212999999997,2.2456,31.313100000000066,18,1804.9212999999997,31.313100000000066,0,6,12,0
851FDC29A41EA75E337B5595E711E4C924DDCF5E,days_0_45,resting_maker_row,11497,11497,457884.52082999976,457884.52082999976,0,635.2161700000083,11497,457884.52082999976,635.2161700000083,411,8466,2604,16
851FDC29A41EA75E337B5595E711E4C924DDCF5E,days_45_90,aggregate_taker_row,4,4,75.3227,75.3227,0.30656000000000005,-15.029259999999999,4,75.3227,-15.029259999999999,0,2,2,0
851FDC29A41EA75E337B5595E711E4C924DDCF5E,days_45_90,resting_maker_row,2133,2133,36938.117700000024,36938.117700000024,0,-71.28770000000033,2133,36938.117700000024,-71.28770000000033,64,1247,816,6
856B5C8979566EB12140D740AD88658B3CE73853,days_0_45,resting_maker_row,35466,35466,9300.851201000001,9300.851201000001,0,7353.582399,35466,9300.851201000001,7353.582399,6,17880,17579,1
87E2BA12FEC32D7F232C740329463FA9D3C77893,days_0_45,aggregate_taker_row,590,421,11149.369709999997,8897.130269999998,256.64603,-801.0917720000003,3,300,-320.78999,1,2,0,580
87E2BA12FEC32D7F232C740329463FA9D3C77893,days_0_45,resting_maker_row,129,102,3840.973291999999,2764.674572,0,-289.97020100000003,0,0,0,0,0,0,128
87E2BA12FEC32D7F232C740329463FA9D3C77893,days_45_90,aggregate_taker_row,373,372,1387.8466579999995,1276.678898,45.016010000000016,-23.159058000000005,153,403.7315000000001,-26.907429999999998,0,0,171,201
87E2BA12FEC32D7F232C740329463FA9D3C77893,days_45_90,resting_maker_row,10207,10207,20259.333964999994,20259.333964999994,0,-1564.8047239999983,6219,10307.748105,-1196.8559600000012,0,363,6581,3263
88456DDB23726614342A3EBAF69A19AE93C009AE,days_0_45,aggregate_taker_row,7630,7630,36309.616708,36309.616708,981.9358599999997,-952.5828730000009,7630,36309.616708,-952.5828730000009,0,730,6806,94
88456DDB23726614342A3EBAF69A19AE93C009AE,days_0_45,resting_maker_row,3266,3266,10894.070077000008,10894.070077000008,0,631.2993050000007,3266,10894.070077000008,631.2993050000007,0,160,3044,62
88456DDB23726614342A3EBAF69A19AE93C009AE,days_45_90,aggregate_taker_row,1848,1848,36661.92909000003,36661.92909000003,1019.1510999999999,683.48213,1848,36661.92909000003,683.48213,0,271,1460,117
88456DDB23726614342A3EBAF69A19AE93C009AE,days_45_90,resting_maker_row,1212,1212,9722.641713000003,9722.641713000003,0,34.861498000000125,1212,9722.641713000003,34.861498000000125,0,87,1070,55
88E10B0390A2D652DE1F61F2FBDA47922F154F2A,days_0_45,aggregate_taker_row,5206,5206,24899.75706299999,24899.75706299999,132.12234000000004,-148.67765700000007,5162,24718.035083999992,-121.21018800000023,0,2854,2213,139
88E10B0390A2D652DE1F61F2FBDA47922F154F2A,days_0_45,resting_maker_row,925,925,3464.920609999998,3464.920609999998,0,-15.99909000000004,924,3461.920609999998,-13.99909000000004,19,349,521,36
88E10B0390A2D652DE1F61F2FBDA47922F154F2A,days_45_90,aggregate_taker_row,4465,4465,23578.138677,23578.138677,32.98767000000001,-43.02398799999994,4461,23573.243878999998,-42.98442399999994,0,1143,3293,29
88E10B0390A2D652DE1F61F2FBDA47922F154F2A,days_45_90,resting_maker_row,922,922,4701.232800000002,4701.232800000002,0,20.397199999999774,922,4701.232800000002,20.397199999999774,27,423,471,1
8B30C741EA2EE44C05480AE2249C4D1CECC1068A,days_0_45,aggregate_taker_row,144,141,409.60821000000004,404.60821000000004,14.302940000000001,35.91193000000002,0,0,0,0,0,0,144
8B30C741EA2EE44C05480AE2249C4D1CECC1068A,days_0_45,resting_maker_row,18521,17566,39505.84216099998,38228.514053999985,0,-161.36323300000018,0,0,0,0,0,0,18521
8B30C741EA2EE44C05480AE2249C4D1CECC1068A,days_45_90,aggregate_taker_row,56,53,213.9641299999999,196.61412999999993,7.59923,-0.8417600000000249,0,0,0,0,0,0,54
8B30C741EA2EE44C05480AE2249C4D1CECC1068A,days_45_90,resting_maker_row,9848,9215,19581.853116999995,18289.178765000008,0,-51.786049000000176,0,0,0,0,0,0,9421
8B3C7D083A33D645EC6959AEB5D433EF73085513,days_0_45,aggregate_taker_row,7879,666,43210.24321900004,3781.2107769999984,2.27025,-3.4379010000000014,0,0,0,0,0,0,2477
8B3C7D083A33D645EC6959AEB5D433EF73085513,days_45_90,aggregate_taker_row,4486,374,22376.928214000014,1862.7804540000002,0.04211,-1.4573260000000055,0,0,0,0,0,0,374
8DBB48378695BBA893005FAAA8A6B462B3C1F8F0,days_0_45,aggregate_taker_row,44,44,78.218049,78.218049,1.5110999999999999,-17.703371999999998,31,59.719055,-5.252569999999999,0,4,24,16
8DBB48378695BBA893005FAAA8A6B462B3C1F8F0,days_0_45,resting_maker_row,506,506,55.391593000000015,55.391593000000015,0,16.686007,506,55.391593000000015,16.686007,0,172,334,0
8DBB48378695BBA893005FAAA8A6B462B3C1F8F0,days_45_90,aggregate_taker_row,42,42,131.15921799999998,131.15921799999998,1.4509800000000002,-0.36112000000000427,17,22.733784999999997,-7.935887999999999,0,3,25,14
8DBB48378695BBA893005FAAA8A6B462B3C1F8F0,days_45_90,resting_maker_row,19427,19427,2440.306691,2440.306691,0,258.13600900000006,19427,2440.306691,258.13600900000006,2,11477,7927,21
90A78B64039E9637027D6B0623ECA331762C0F1B,days_0_45,aggregate_taker_row,1250,1250,163433.9979499999,163433.9979499999,200.74446999999995,2000.5875799999997,932,125896.86692999997,1297.6553299999996,0,1184,53,13
90A78B64039E9637027D6B0623ECA331762C0F1B,days_0_45,resting_maker_row,3162,3162,307142.93079,307142.93079,0,-127.38078999999917,2656,254905.5789899999,204.5910100000005,498,2469,96,99
90A78B64039E9637027D6B0623ECA331762C0F1B,days_45_90,aggregate_taker_row,1853,1853,336777.18223000015,336777.18223000015,406.45451000000025,213.41326000000018,1284,279743.23549000005,-122.4514899999973,0,1702,148,3
90A78B64039E9637027D6B0623ECA331762C0F1B,days_45_90,resting_maker_row,3763,3763,451956.68928000017,451956.68928000017,0,1975.060720000001,3451,429298.9975800002,1842.732420000002,527,2999,231,6
90B9552442B2E616E2DDB51BA0C37C8A8757D563,days_0_45,resting_maker_row,125132,125131,718348.5463820003,718339.9963820003,0,6563.651801999996,14009,75390.22144800004,474.58829000000094,0,4604,43592,76936
90B9552442B2E616E2DDB51BA0C37C8A8757D563,days_45_90,resting_maker_row,236886,236880,1.3301481390370007e+06,1.3301236128320007e+06,0,5716.705634999869,0,0,0,0,4865,56613,175408
93BD19205887AB9FADBF1013EA1A1B7D4CB1BBC5,days_0_45,aggregate_taker_row,1377,1376,451053.22549800016,450865.4254980002,3587.8013200000014,-4401.799656999998,0,0,0,0,0,0,1376
93BD19205887AB9FADBF1013EA1A1B7D4CB1BBC5,days_0_45,resting_maker_row,5679,5678,653772.1226599998,653582.32266,0,3809.5644930000008,0,0,0,0,0,0,5678
93BD19205887AB9FADBF1013EA1A1B7D4CB1BBC5,days_45_90,aggregate_taker_row,1323,1322,497496.39744499966,497490.15756499965,3747.966280000001,11575.184365000005,0,0,0,0,0,0,1322
93BD19205887AB9FADBF1013EA1A1B7D4CB1BBC5,days_45_90,resting_maker_row,4257,4211,597286.8730760001,596355.1158900001,0,2537.9219600000015,0,0,0,0,0,0,4211
95FA4CC0BE88B13A60529A651D82F940F38466B3,days_0_45,aggregate_taker_row,11787,11787,191196.28473999986,191196.28473999986,4187.471389999999,-3290.5961300000004,11775,191143.57833999986,-3274.6056900000003,1,849,8788,2149
95FA4CC0BE88B13A60529A651D82F940F38466B3,days_0_45,resting_maker_row,162168,162168,1.1472160021109993e+06,1.1472160021109993e+06,0,15813.886110999942,161967,1.146269450679999e+06,15730.442124999945,2,10390,130414,21362
95FA4CC0BE88B13A60529A651D82F940F38466B3,days_45_90,aggregate_taker_row,12851,12851,299104.58109999995,299104.58109999995,6356.754279999999,9256.694620000013,12851,299104.58109999995,9256.694620000013,2,492,10279,2078
95FA4CC0BE88B13A60529A651D82F940F38466B3,days_45_90,resting_maker_row,163535,163519,1.4938536359969988e+06,1.493708059870999e+06,0,26374.331482999856,163535,1.4938536359969988e+06,26374.331482999856,0,7494,129748,26293
9897145FD8D6B033164593FA8D885FA2AFA56B8E,days_0_45,aggregate_taker_row,2270,2270,147225.48107499984,147225.48107499984,3533.53268,9113.20024500001,2065,119055.6987429999,8386.691372000014,0,239,1587,444
9897145FD8D6B033164593FA8D885FA2AFA56B8E,days_0_45,resting_maker_row,3944,3944,61510.89441199999,61510.89441199999,0,-336.2095769999962,3764,43199.62221299998,-950.0225279999954,0,799,331,2814
9897145FD8D6B033164593FA8D885FA2AFA56B8E,days_45_90,aggregate_taker_row,2096,2096,206579.73439999993,206579.73439999993,6501.80698,-29108.488877999996,2057,177850.3952799999,-45369.280704,0,61,1280,755
9897145FD8D6B033164593FA8D885FA2AFA56B8E,days_45_90,resting_maker_row,9540,9540,213435.34138799997,213435.34138799997,0,-3139.0067050000107,9256,163619.45875299998,-4326.929681999998,0,285,2460,6795
992847679921ABACF7A7DA967E9456B707B60894,days_0_45,resting_maker_row,84092,84092,373653.0483219998,373653.0483219998,0,2729.0304079999974,84092,373653.0483219998,2729.0304079999974,0,13655,62978,7459
99D76C8A97A7C7ED25ECEDC881D5AED3A73C6435,days_0_45,aggregate_taker_row,7368,7297,1.249680265592999e+06,1.2399317638929992e+06,11047.094920000003,9633.500808000013,0,0,0,1,1,4,7362
99D76C8A97A7C7ED25ECEDC881D5AED3A73C6435,days_0_45,resting_maker_row,3445,3421,135384.90403,133861.95801999996,0,7910.776682999994,0,0,0,0,0,0,3445
99D76C8A97A7C7ED25ECEDC881D5AED3A73C6435,days_45_90,aggregate_taker_row,2458,2457,566259.3694249998,565975.8694249998,7829.694520000004,4109.58356500001,0,0,0,0,0,0,2457
99D76C8A97A7C7ED25ECEDC881D5AED3A73C6435,days_45_90,resting_maker_row,632,632,26480.197007,26480.197007,0,11096.539694,0,0,0,0,0,0,632
99F3005C33A3F15A3518A0290F88BBF49E3370B9,days_0_45,resting_maker_row,15978,15978,75193.05274399997,75193.05274399997,0,-97.57479399999943,15978,75193.05274399997,-97.57479399999943,0,3495,11526,957
9A07C6583FB9DEFD31A102ADD491D35621C404E1,days_0_45,aggregate_taker_row,556,556,9360.755987999984,9360.755987999984,312.33996999999994,663.5629890000002,372,4773.717039999995,607.0084790000002,0,3,57,496
9A07C6583FB9DEFD31A102ADD491D35621C404E1,days_0_45,resting_maker_row,402,402,1015.6672249999997,1015.6672249999997,0,-81.25764500000001,295,676.8170649999998,-24.58564400000001,0,23,191,188
9A07C6583FB9DEFD31A102ADD491D35621C404E1,days_45_90,aggregate_taker_row,16870,16870,674921.1598549996,674921.1598549996,22115.998849999996,-19200.068149000013,9566,410909.0379199999,-11594.824309,0,21,707,16142
9D04CA0EFB317077237E9F3B2DE5C75D3BCC4C63,days_0_45,aggregate_taker_row,60029,60029,139347.19463499996,139347.19463499996,3143.076329999996,-3872.4858969999977,41651,96919.48696699998,-3092.4290619999965,72,3713,40728,15516
9D04CA0EFB317077237E9F3B2DE5C75D3BCC4C63,days_0_45,resting_maker_row,711,711,3654.072721999999,3654.072721999999,0,-455.41642600000006,711,3654.072721999999,-455.41642600000006,0,46,657,8
9E20C1016CFDF518C84AA398D64BF9B2277A5CF9,days_0_45,aggregate_taker_row,5418,5262,10629.591697999991,10317.591880999993,151.1136699999999,194.06677399999992,0,0,0,0,0,0,5409
9E20C1016CFDF518C84AA398D64BF9B2277A5CF9,days_45_90,aggregate_taker_row,15752,15749,31519.752507000012,31513.664707000014,565.9806100000005,-624.4818495000009,0,0,0,0,0,0,15749
9F35C0145D810E250AF89707F879796939DE6CE1,days_0_45,aggregate_taker_row,14757,14757,17214.066791,17214.066791,380.23405000000014,-681.1775629999995,14752,17209.066797,-677.3048279999996,63,1013,13635,46
9F35C0145D810E250AF89707F879796939DE6CE1,days_45_90,aggregate_taker_row,2483,2483,19265.997957999993,19265.997957999993,423.50653999999975,-490.9465869999993,2458,18983.30935799999,-316.09575699999994,0,140,2191,152
9F35C0145D810E250AF89707F879796939DE6CE1,days_45_90,resting_maker_row,8761,8761,24243.406994999998,24243.406994999998,0,-1131.115838999999,8725,23888.984227999998,-1218.0122190000004,0,703,6631,1427
9F92355417D3001149A03E1CDCFECEF40D482C2D,days_0_45,aggregate_taker_row,15461,4149,291168.1967599996,99727.83218000003,5285.089809999997,-5244.22956999999,0,0,0,0,0,1,12237
9F92355417D3001149A03E1CDCFECEF40D482C2D,days_0_45,resting_maker_row,6392,1948,23670.373121999975,9672.371270999996,0,-689.2502500000002,0,0,0,0,0,0,4689
9F92355417D3001149A03E1CDCFECEF40D482C2D,days_45_90,aggregate_taker_row,4886,3861,107526.13850999996,79074.17096999996,2145.5514999999978,1251.1158899999987,0,0,0,0,0,0,3861
9F92355417D3001149A03E1CDCFECEF40D482C2D,days_45_90,resting_maker_row,2646,1952,8405.171013999996,6467.142899999997,0,-1201.8230460000004,0,0,0,0,0,0,1952
A0072252E73BAFCE082C940AB9FB5E242FDA9B9D,days_0_45,aggregate_taker_row,13545,13545,343131.32665900025,343131.32665900025,2148.3585299999995,-818.8182760000047,13545,343131.32665900025,-818.8182760000047,1,783,10765,1996
A0072252E73BAFCE082C940AB9FB5E242FDA9B9D,days_0_45,resting_maker_row,1514,1514,24171.43362000001,24171.43362000001,0,-31.359051000000026,1514,24171.43362000001,-31.359051000000026,0,386,1121,7
A0072252E73BAFCE082C940AB9FB5E242FDA9B9D,days_45_90,aggregate_taker_row,2368,2368,16066.233193,16066.233193,205.43442999999988,362.23287100000005,2368,16066.233193,362.23287100000005,2,201,1940,225
A0072252E73BAFCE082C940AB9FB5E242FDA9B9D,days_45_90,resting_maker_row,2267,2267,32739.75744200002,32739.75744200002,0,-416.4956350000014,2267,32739.75744200002,-416.4956350000014,0,149,2092,26
A05A87ECF4E4D91370107250690BBD0471D29278,days_0_45,aggregate_taker_row,2169,2169,11208.177199000003,11208.177199000003,327.7818700000001,-203.4262690000001,2169,11208.177199000003,-203.4262690000001,0,15,2011,143
A05A87ECF4E4D91370107250690BBD0471D29278,days_0_45,resting_maker_row,1913,1913,7986.490004000001,7986.490004000001,0,-749.4069470000001,1913,7986.490004000001,-749.4069470000001,0,6,1826,81
A05A87ECF4E4D91370107250690BBD0471D29278,days_45_90,aggregate_taker_row,95,95,282.92819999999995,282.92819999999995,7.504150000000002,-10.342749999999993,95,282.92819999999995,-10.342749999999993,0,0,68,27
A05A87ECF4E4D91370107250690BBD0471D29278,days_45_90,resting_maker_row,7051,7051,15227.720831,15227.720831,0,-362.76359399999944,6983,15032.294647999997,-353.78947499999913,0,492,5768,791
A2D71813DC3857E582130015BD60E5EDB61EE3B7,days_0_45,aggregate_taker_row,621,607,19745.24640700001,19435.79857700001,198.84712000000005,-773.6292139999995,0,0,0,0,0,0,621
A2D71813DC3857E582130015BD60E5EDB61EE3B7,days_0_45,resting_maker_row,11148,10583,195606.00189999994,188954.07482099993,0,3106.140637000001,0,0,0,0,0,0,11148
A2D71813DC3857E582130015BD60E5EDB61EE3B7,days_45_90,aggregate_taker_row,729,726,7325.152040000003,7317.972120000002,88.89316999999994,-72.33094000000008,0,0,0,0,0,0,728
A2D71813DC3857E582130015BD60E5EDB61EE3B7,days_45_90,resting_maker_row,7825,7573,63716.26123500003,62992.162302000004,0,-1704.0419550000006,0,0,0,0,0,0,7698
A3B5DA76FFBBE3325BB1B40A30F6A4634962941A,days_0_45,aggregate_taker_row,246,232,49129.954114,46737.492954,538.7562400000002,234.6711559999991,0,0,0,0,0,1,243
A3B5DA76FFBBE3325BB1B40A30F6A4634962941A,days_0_45,resting_maker_row,1538,1338,77517.25200699999,71135.32510599996,0,-83.71967700000326,0,0,0,0,0,0,1523
A3B5DA76FFBBE3325BB1B40A30F6A4634962941A,days_45_90,aggregate_taker_row,1691,1687,248966.3184699999,247911.19846999992,3364.1016599999984,10469.951829999995,0,0,0,0,0,0,1690
A3B5DA76FFBBE3325BB1B40A30F6A4634962941A,days_45_90,resting_maker_row,12182,12095,544719.1439370001,539604.4365730002,0,11956.606667999999,0,0,0,0,0,0,12161
A3F26122529CF37E4E69E9741666D592FDD034D0,days_0_45,aggregate_taker_row,954,936,12800.878480999994,12716.771100999998,169.96864999999994,-758.4983839999995,565,4509.024773000001,-231.73473199999995,0,112,282,546
A3F26122529CF37E4E69E9741666D592FDD034D0,days_0_45,resting_maker_row,8329,8298,29369.161517000004,29275.07659300001,0,-4495.751245,6639,20213.82192300001,-1915.6306180000006,0,490,2117,5697
A3F26122529CF37E4E69E9741666D592FDD034D0,days_45_90,aggregate_taker_row,6,6,2.76,2.76,0.17754,2.58246,6,2.76,2.58246,0,1,5,0
A3F26122529CF37E4E69E9741666D592FDD034D0,days_45_90,resting_maker_row,2109,2109,12178.230360999998,12178.230360999998,0,-735.0067659999994,2109,12178.230360999998,-735.0067659999994,0,319,1778,12
A497F6D9B942F3A73E24F9642316F0979C677891,days_0_45,aggregate_taker_row,27858,27858,405992.0247550002,405992.0247550002,3918.032749999999,-6636.834119500002,3,103.909997,-98.922817,0,0,1,27857
A4F1566147B9E88D1C289CBC6BD87B2B5618A4FF,days_0_45,aggregate_taker_row,367,367,2692.0948810000004,2692.0948810000004,91.88848000000003,-690.3726899999998,327,1777.1426849999984,26.019161000000118,0,143,158,66
A4F1566147B9E88D1C289CBC6BD87B2B5618A4FF,days_0_45,resting_maker_row,11799,11799,29881.792837999998,29881.792837999998,0,-1003.9080509999984,4341,8934.803812000006,-323.1183640000001,0,113,3825,7861
A4F1566147B9E88D1C289CBC6BD87B2B5618A4FF,days_45_90,aggregate_taker_row,547,547,2006.638346,2006.638346,92.91629999999998,-521.6525639999999,539,1524.550349,-468.1913089999998,1,471,68,7
A4F1566147B9E88D1C289CBC6BD87B2B5618A4FF,days_45_90,resting_maker_row,8241,8241,5711.802263000001,5711.802263000001,0,-52.45872199999904,8231,5671.826591000003,-51.66671999999913,1,6156,2079,5
A62FF3D3D2FE4456523C567441ACB512F0BA9E04,days_0_45,aggregate_taker_row,11732,11731,194203.212,194195.85199999998,4315.326539999999,-3566.8373300000017,11725,194161.912,-3564.2942800000014,4,845,8563,2320
A62FF3D3D2FE4456523C567441ACB512F0BA9E04,days_0_45,resting_maker_row,159829,159828,1.1279417282460013e+06,1.1279342882460013e+06,0,15458.308611999993,159577,1.126814765803001e+06,15447.502915999998,3,10413,127522,21891
A62FF3D3D2FE4456523C567441ACB512F0BA9E04,days_45_90,aggregate_taker_row,13034,13034,289300.1084000001,289300.1084000001,6412.184909999998,4595.256689999998,13034,289300.1084000001,4595.256689999998,3,458,10333,2240
A62FF3D3D2FE4456523C567441ACB512F0BA9E04,days_45_90,resting_maker_row,160315,160308,1.4444788433049999e+06,1.4444162748009998e+06,0,8663.046871999968,160315,1.4444788433049999e+06,8663.046871999968,0,7102,127142,26071
A7099454D3FD1894A94009EA777793DE458691EF,days_0_45,aggregate_taker_row,7259,7257,212537.44876899998,212508.74876899997,6161.828160000001,-2329.5857589999973,6947,203956.89632899995,-2404.788858999999,1,1307,4543,1408
A7099454D3FD1894A94009EA777793DE458691EF,days_0_45,resting_maker_row,13621,13621,135529.414547,135529.414547,0,9109.559899999997,13368,133487.34438099997,9076.262134999994,0,2048,10230,1343
A7099454D3FD1894A94009EA777793DE458691EF,days_45_90,aggregate_taker_row,5256,5256,64265.37236000004,64265.37236000004,1755.0143200000014,-1380.94668,4731,52670.56360000002,-1182.7861900000005,0,1246,3386,624
A7099454D3FD1894A94009EA777793DE458691EF,days_45_90,resting_maker_row,3631,3631,25674.733424,25674.733424,0,1620.9408690000007,3416,23748.28320199998,1655.6514670000004,0,866,2317,448
A9202B737605FDBD1A668F219355429309F207A4,days_0_45,aggregate_taker_row,8019,681,44220.25224900003,3979.998314000001,2.9408600000000007,-3.8913289999999914,0,0,0,0,0,0,2546
A9202B737605FDBD1A668F219355429309F207A4,days_45_90,aggregate_taker_row,4716,385,23520.419447000026,1927.4072000000006,0.03061,-1.4448830000000237,0,0,0,0,0,0,385
ABC203FACB9CC81BA9977C4A19B20F0634007048,days_0_45,aggregate_taker_row,52708,52706,294349.7477529995,294336.92235499946,10755.482650000007,441.85937400000137,50158,280063.28388899984,1274.114468999998,6,8488,34126,10086
ABC203FACB9CC81BA9977C4A19B20F0634007048,days_0_45,resting_maker_row,989,989,14230.377324999996,14230.377324999996,0,-41.69693199999971,952,13729.458088999998,-19.958463999999758,0,353,561,75
ABC203FACB9CC81BA9977C4A19B20F0634007048,days_45_90,aggregate_taker_row,4644,4644,25715.614364000005,25715.614364000005,882.0513600000002,-1540.7347300000006,3248,17710.199492999996,-832.7714210000006,0,543,2102,1999
ABC203FACB9CC81BA9977C4A19B20F0634007048,days_45_90,resting_maker_row,93,93,530.521016,530.521016,1.5500200000000004,-144.85800800000007,43,182.12129899999996,-149.861759,0,1,33,59
AEF1BC6774AD9B276C689D850CDD90215A2458DE,days_0_45,resting_maker_row,33603,33603,188755.53986000008,188755.53986000008,0,498.8299400000051,33603,188755.53986000008,498.8299400000051,0,6037,25248,2318
AF58C062F7DA0BA281EFFF11E197B63E0A072BF4,days_0_45,aggregate_taker_row,5876,5873,60924.41380999999,60895.533309999984,890.0433699999999,-5280.154670000001,0,0,0,0,0,0,5873
AF58C062F7DA0BA281EFFF11E197B63E0A072BF4,days_0_45,resting_maker_row,1558,1558,14667.328090000005,14667.328090000005,0,-1817.0571979999997,0,0,0,0,0,0,1558
AF58C062F7DA0BA281EFFF11E197B63E0A072BF4,days_45_90,aggregate_taker_row,2953,2953,6965.685231000001,6965.685231000001,221.06201999999985,-781.6880190000003,2953,6965.685231000001,-781.6880190000003,0,16,2739,198
B1A64983CA4EB99106B73E3D68726FF6506B53BC,days_0_45,aggregate_taker_row,2863,2863,14919.622498000006,14919.622498000006,256.39475999999996,200.40268899999995,2405,12617.350501,59.133192000000314,0,2627,233,3
B1A64983CA4EB99106B73E3D68726FF6506B53BC,days_0_45,resting_maker_row,5493,5493,14051.20804899999,14051.20804899999,0,1506.5971359999994,4776,12091.846766999999,1183.8041179999993,1,5272,213,7
B1A64983CA4EB99106B73E3D68726FF6506B53BC,days_45_90,aggregate_taker_row,17032,17032,185450.02972000014,185450.02972000014,3468.9777999999988,6499.509902,14717,160832.36002600013,5912.656422999999,0,11193,5811,28
B1A64983CA4EB99106B73E3D68726FF6506B53BC,days_45_90,resting_maker_row,19912,19912,84486.89728399995,84486.89728399995,0,12364.400318000002,17379,73840.26641099998,11611.269813999996,0,15521,4384,7
B2BE769762B01BFC69F9A1A2CC67C3381C656088,days_0_45,resting_maker_row,19251,19251,72224.67650799995,72224.67650799995,0,857.1876000000008,19251,72224.67650799995,857.1876000000008,0,3352,14297,1602
B305D384400E3D7A15780216A55368EA677ECA4E,days_0_45,aggregate_taker_row,6554,6519,350134.14843899966,348308.5517989997,10332.021409999996,21302.11826700001,5462,296396.0534449998,18290.17013400001,0,1359,4015,1151
B305D384400E3D7A15780216A55368EA677ECA4E,days_0_45,resting_maker_row,42218,42206,462882.64818699984,461800.6391489998,0,23632.802522999966,37959,398475.78692199953,15931.754323000008,1,12744,23780,5681
B305D384400E3D7A15780216A55368EA677ECA4E,days_45_90,aggregate_taker_row,2434,2431,119553.76652999998,119334.00452999998,4156.213980000001,16828.38597,2245,111350.52063000001,15931.562039999997,0,509,1674,248
B305D384400E3D7A15780216A55368EA677ECA4E,days_45_90,resting_maker_row,18888,18887,156820.69435900004,156695.84435900004,0,12874.58487100001,17752,150424.93235900006,12452.499725000009,1,5723,11646,1517
B3E18840C7D4DD55ECEDCD286B523DF24B943F64,days_0_45,aggregate_taker_row,3553,3551,28259.778960000014,28252.847670000014,626.0718999999999,-1167.7252879999994,3455,27847.812044000024,-938.256682,0,218,3014,321
B3E18840C7D4DD55ECEDCD286B523DF24B943F64,days_0_45,resting_maker_row,9316,9316,51199.73205700003,51199.73205700003,0,236.23700399999944,9311,51157.490993000036,260.1280679999992,0,482,8647,187
B41650AB898D1E8C1E7D55E8D9ABA43AE4C7A676,days_0_45,aggregate_taker_row,6498,6498,21390.539883999983,21390.539883999983,619.9947099999999,484.00755700000053,3488,13060.641357999992,664.5808229999998,0,4,3146,3348
B41650AB898D1E8C1E7D55E8D9ABA43AE4C7A676,days_0_45,resting_maker_row,19951,19949,53301.71908700005,53298.548687000046,0,2587.497577000002,9954,21315.43494400003,649.3125369999998,6,14,10656,9275
B41650AB898D1E8C1E7D55E8D9ABA43AE4C7A676,days_45_90,aggregate_taker_row,7782,7776,24493.301002999982,24470.59100299998,749.7026199999996,160.940124,2290,6739.755492999997,-57.56951500000012,0,0,2412,5370
B41650AB898D1E8C1E7D55E8D9ABA43AE4C7A676,days_45_90,resting_maker_row,26895,26878,82167.373263,82156.17164,0,1062.8120310000006,18387,59090.88342099993,-772.3365239999987,7,2,16686,10200
B86A105C3C694749C5246F3FD032D4620A33396D,days_0_45,aggregate_taker_row,3706,3706,43187.28699999998,43187.28699999998,1447.5352800000007,-2192.5832800000003,3706,43187.28699999998,-2192.5832800000003,0,249,3326,131
B86A105C3C694749C5246F3FD032D4620A33396D,days_0_45,resting_maker_row,6025,6025,30425.075735000002,30425.075735000002,0,2236.385218000001,6025,30425.075735000002,2236.385218000001,0,529,5268,228
B86A105C3C694749C5246F3FD032D4620A33396D,days_45_90,aggregate_taker_row,109,109,3905.7616,3905.7616,149.59218,963.7562200000002,109,3905.7616,963.7562200000002,0,6,91,12
B86A105C3C694749C5246F3FD032D4620A33396D,days_45_90,resting_maker_row,612,612,6568.437161000003,6568.437161000003,0,1161.943904,612,6568.437161000003,1161.943904,0,42,530,40
B8B177097B5D9AF09B48FAFBC12C00956F988C8E,days_0_45,resting_maker_row,27527,27527,107253.28640399997,107253.28640399997,0,-49.2130729999987,27527,107253.28640399997,-49.2130729999987,0,5443,20068,2016
BCEAFE5C94D0B6CB6A519BC4A3ACCC774339E614,days_0_45,aggregate_taker_row,11977,11976,91271.12366500006,91261.12368200006,3151.5795599999983,-273.48429800000133,11976,91261.12368200006,-273.48429800000133,0,71,7340,4566
BCEAFE5C94D0B6CB6A519BC4A3ACCC774339E614,days_0_45,resting_maker_row,6,6,35.118491999999996,35.118491999999996,0,-8.118492,6,35.118491999999996,-8.118492,0,0,6,0
BCFEAAE6A2FC07DF22F01626F7D171F83CAF4B94,days_0_45,aggregate_taker_row,12065,12052,27894.530399000025,27850.151009000027,271.8221100000001,-181.58305399999992,0,0,0,0,0,0,12065
C0176130731377D7D601304271F5A713384A7242,days_0_45,aggregate_taker_row,12687,12687,220220.36458999987,220220.36458999987,5246.349450000003,3768.0659599999967,12666,220150.64858999985,3787.7588999999994,0,762,9080,2845
C0176130731377D7D601304271F5A713384A7242,days_0_45,resting_maker_row,152426,152426,1.0613640208320003e+06,1.0613640208320003e+06,0,12680.910105999996,152178,1.0602177806300006e+06,12618.945372999995,4,8785,123208,20429
C0176130731377D7D601304271F5A713384A7242,days_45_90,aggregate_taker_row,13963,13963,321862.67589999986,321862.67589999986,7463.3088299999945,-487.7847300000005,13963,321862.67589999986,-487.7847300000005,2,446,10798,2717
C0176130731377D7D601304271F5A713384A7242,days_45_90,resting_maker_row,156779,156768,1.3973884451630008e+06,1.3971639858300008e+06,0,24618.32096299995,156779,1.3973884451630008e+06,24618.32096299995,0,5899,125032,25848
C04707D73B58489CCA46FF706831B913B338CCE5,days_0_45,aggregate_taker_row,3971,3971,31353.221243000007,31353.221243000007,638.89599,-754.6898059999995,1689,7961.827161999998,336.9110299999999,5,261,1129,2576
C04707D73B58489CCA46FF706831B913B338CCE5,days_0_45,resting_maker_row,29,29,201.69520000000003,201.69520000000003,0,-12.029000000000005,4,84.90310000000001,1.863099999999995,0,4,0,25
C04707D73B58489CCA46FF706831B913B338CCE5,days_45_90,aggregate_taker_row,8760,8737,39743.42541299999,39707.33862599998,889.0892299999999,-424.4390300000001,5867,27912.606605999972,997.6380580000001,1,683,4563,3490
C04707D73B58489CCA46FF706831B913B338CCE5,days_45_90,resting_maker_row,3,3,6.3798,6.3798,0,0.1302000000000001,3,6.3798,0.1302000000000001,0,3,0,0
C5BC1AF9F5D9FC6C45F688FF207C3022BCD100C4,days_0_45,aggregate_taker_row,4181,4181,36163.683623,36163.683623,914.6000099999995,-1163.4708850000004,4181,36163.683623,-1163.4708850000004,0,329,3529,323
C5BC1AF9F5D9FC6C45F688FF207C3022BCD100C4,days_0_45,resting_maker_row,9990,9990,20821.211911999988,20821.211911999988,0,151.850276,9990,20821.211911999988,151.850276,0,1535,8066,389
C722499B391634EB80ED8203D4032240C8478CD9,days_0_45,aggregate_taker_row,9542,9542,33721.19108699999,33721.19108699999,527.3049500000004,-429.5734209999991,9542,33721.19108699999,-429.5734209999991,0,1661,7635,246
C722499B391634EB80ED8203D4032240C8478CD9,days_0_45,resting_maker_row,2617,2617,7829.237246999999,7829.237246999999,0,62.070184,2617,7829.237246999999,62.070184,0,243,2323,51
C846F5368AB49A854D2280B7ECFF92669824C413,days_0_45,aggregate_taker_row,719,695,4799.927795999997,4432.106595999998,59.51809000000002,-313.10437799999994,0,0,0,0,0,3,713
C846F5368AB49A854D2280B7ECFF92669824C413,days_0_45,resting_maker_row,3256,3185,15426.548612999999,14906.177353000001,0,1420.681343,0,0,0,0,0,0,3251
C846F5368AB49A854D2280B7ECFF92669824C413,days_45_90,aggregate_taker_row,702,692,8365.365272000006,8188.253372000006,152.99353999999997,218.96463000000006,0,0,0,0,0,0,694
C846F5368AB49A854D2280B7ECFF92669824C413,days_45_90,resting_maker_row,6574,6474,50242.273645000016,49604.765157999995,0,294.30149700000095,0,0,0,0,0,0,6542
C9DC71A23F5855456C1C996B1064DC46017C80A9,days_0_45,aggregate_taker_row,540,540,1338.3016760000003,1338.3016760000003,48.7119,30.764799,540,1338.3016760000003,30.764799,0,0,15,525
C9DC71A23F5855456C1C996B1064DC46017C80A9,days_0_45,resting_maker_row,25103,25103,126287.67472999998,126287.67472999998,0,-720.9731539999995,25103,126287.67472999998,-720.9731539999995,0,0,93,25010
C9DC71A23F5855456C1C996B1064DC46017C80A9,days_45_90,aggregate_taker_row,496,496,3497.724236999998,3497.724236999998,131.33231000000004,-552.8814110000002,485,3426.3581369999993,-521.6524810000002,0,4,73,419
C9DC71A23F5855456C1C996B1064DC46017C80A9,days_45_90,resting_maker_row,21497,21494,171659.95182000016,171655.00268500016,0,-701.4190259999993,21424,171254.44037100015,-720.7022799999994,0,0,127,21370
CA01EBC12D373595BEBF2989A6873E09BA3F0965,days_0_45,aggregate_taker_row,4508,4508,152288.0076,152288.0076,4415.406719999997,-1980.6243200000004,4508,152288.0076,-1980.6243200000004,0,580,3834,94
CA01EBC12D373595BEBF2989A6873E09BA3F0965,days_0_45,resting_maker_row,18666,18666,168235.50315599993,168235.50315599993,0,4843.501651000001,18666,168235.50315599993,4843.501651000001,1,2235,16290,140
CA01EBC12D373595BEBF2989A6873E09BA3F0965,days_45_90,aggregate_taker_row,2601,2601,117032.45889999995,117032.45889999995,3351.742570000002,-576.5014699999986,2601,117032.45889999995,-576.5014699999986,0,299,2167,135
CA01EBC12D373595BEBF2989A6873E09BA3F0965,days_45_90,resting_maker_row,10725,10725,113466.28004400001,113466.28004400001,0,-1040.5265349999959,10725,113466.28004400001,-1040.5265349999959,0,1534,8852,339
CB57A48DC8BF4712589BFE7799A2100A7ADB870A,days_0_45,aggregate_taker_row,5108,5108,60261.01289899996,60261.01289899996,1968.1708399999995,-385.9503390000005,5107,60260.012899999965,-384.9343500000005,0,387,4543,178
CB57A48DC8BF4712589BFE7799A2100A7ADB870A,days_0_45,resting_maker_row,9087,9087,49098.27427399999,49098.27427399999,0,741.1580610000008,9087,49098.27427399999,741.1580610000008,0,798,7934,355
CB82CB90CC080B755E016FA2197FB20034088935,days_0_45,aggregate_taker_row,8210,710,45374.245478,4054.9790560000024,3.1748399999999988,-4.785637999999989,0,0,0,0,0,0,2655
CB82CB90CC080B755E016FA2197FB20034088935,days_45_90,aggregate_taker_row,4676,401,23322.64062200002,2002.2616349999992,0.02147,-1.5684870000000182,0,0,0,0,0,0,401
CCE4ABD2391881ACEE335210746DDEA0A4556A58,days_0_45,aggregate_taker_row,12051,12051,142521.5731219999,142521.5731219999,4779.653000000002,-325.7489119999999,12051,142521.5731219999,-325.7489119999999,0,77,7913,4061
CCE4ABD2391881ACEE335210746DDEA0A4556A58,days_0_45,resting_maker_row,87,87,806.6943220000002,806.6943220000002,0,196.781702,83,767.9797050000002,196.71160300000003,0,19,60,8
CDF5D708FEAB46B07CA2E804A566FCBE267BE344,days_0_45,aggregate_taker_row,2220,1462,24022.08052000001,13796.67529000001,177.84740999999988,-942.5937099999996,598,3570.935200000001,-122.99595000000008,0,398,222,1491
CDF5D708FEAB46B07CA2E804A566FCBE267BE344,days_0_45,resting_maker_row,3270,2416,36039.35220399997,22919.14431,0,-728.1536320000006,1104,7369.629654000005,-132.74800599999986,36,802,333,1987
CDF5D708FEAB46B07CA2E804A566FCBE267BE344,days_45_90,aggregate_taker_row,7234,5427,84930.79108000001,62851.125689999986,391.1585000000004,-2173.41483,0,0,0,0,0,2,5856
CDF5D708FEAB46B07CA2E804A566FCBE267BE344,days_45_90,resting_maker_row,8242,6264,108426.69988300008,81560.67000099998,0,-2227.510836,0,0,0,0,5,7,6748
D0A19D09A9613100F602D29CFDF3BA3C622B73DB,days_0_45,aggregate_taker_row,12559,12466,23756.922549999996,23104.757272999996,533.4053700000001,-1443.5497359999945,6728,9574.486552999999,-476.8866829999992,0,463,6490,5539
D0A19D09A9613100F602D29CFDF3BA3C622B73DB,days_0_45,resting_maker_row,2607,2607,7513.557431,7513.557431,0,-1382.1794319999997,1800,4157.827933999999,-295.46476500000017,0,252,1612,743
D0AC6E6B585C00042A0552A6CF35F2F056EF7DEE,days_0_45,aggregate_taker_row,9038,9027,1.8655223860320016e+06,1.8636912786320017e+06,16693.189940000004,7782.425651,337,2977.366581999999,-395.1602689999999,0,54,250,8734
D0AC6E6B585C00042A0552A6CF35F2F056EF7DEE,days_0_45,resting_maker_row,19671,19645,1.8846018260579992e+06,1.8821278947579993e+06,0,5270.558655999983,81,1154.399353,-50.396505000000005,3,23,55,19590
D0AC6E6B585C00042A0552A6CF35F2F056EF7DEE,days_45_90,aggregate_taker_row,9417,9412,1.5090733091980012e+06,1.509023924498001e+06,14954.625580000007,-15413.60933699998,310,8290.387410000001,-277.9357799999999,0,175,106,9136
D0AC6E6B585C00042A0552A6CF35F2F056EF7DEE,days_45_90,resting_maker_row,13290,13289,921424.9153159999,921418.1563169998,0,8797.278427999965,553,15362.260361000008,27.760067000000408,30,274,248,12738
D13C1E677498544774850A8D34B210887EC798A7,days_0_45,aggregate_taker_row,985,983,11179.331138999985,11177.302639999985,165.45902999999998,-232.58121349999948,0,0,0,0,0,0,985
D13C1E677498544774850A8D34B210887EC798A7,days_0_45,resting_maker_row,2419,2419,5700.945045000003,5700.945045000003,0,-360.31007799999963,0,0,0,0,0,0,2419
D13C1E677498544774850A8D34B210887EC798A7,days_45_90,aggregate_taker_row,560,556,2323.0941369999996,2301.5241399999995,38.37758,-377.062281,0,0,0,0,0,0,556
D13C1E677498544774850A8D34B210887EC798A7,days_45_90,resting_maker_row,27360,27316,79090.19673499998,78965.14051999997,0,-1516.7863014999987,0,0,0,5,1,0,27310
D18AA9F4B13FF514F168314FF61E0CA7F9424B74,days_0_45,aggregate_taker_row,82,80,5673.304894999998,5561.304896999999,40.94364000000001,-184.3420019999999,77,5498.663771,-187.9459839999999,0,35,10,37
D18AA9F4B13FF514F168314FF61E0CA7F9424B74,days_0_45,resting_maker_row,67732,67706,4.323335691104e+06,4.322303477504e+06,0,14713.066818000027,67732,4.323335691104e+06,14713.066818000027,4348,40951,22299,134
D18AA9F4B13FF514F168314FF61E0CA7F9424B74,days_45_90,aggregate_taker_row,600,600,49790.53482999998,49790.53482999998,49.542820000000006,-143.60277000000022,600,49790.53482999998,-143.60277000000022,0,217,382,1
D18AA9F4B13FF514F168314FF61E0CA7F9424B74,days_45_90,resting_maker_row,60897,60897,7.954707541585002e+06,7.954707541585002e+06,0,33998.244018000056,60897,7.954707541585002e+06,33998.244018000056,5853,33173,21724,147
D1CB27FF1962D623E2AD4D22A1DAFD7D11B8C020,days_0_45,aggregate_taker_row,1,1,3,3,0.126,-3.126,1,3,-3.126,0,0,1,0
D1CB27FF1962D623E2AD4D22A1DAFD7D11B8C020,days_0_45,resting_maker_row,23508,23508,77397.489475,77397.489475,0,-1409.3569470000004,17999,55449.638103999976,-1221.2045559999992,0,1132,16929,5447
D2A7DAE7C4AC2BCF6DD11AC92AEA40B4C88B1FDB,days_0_45,aggregate_taker_row,18224,18224,155497.60365299997,155497.60365299997,3470.9196200000006,-1074.5623240000034,9874,79198.85975300003,278.0452669999987,0,788,11488,5948
D2A7DAE7C4AC2BCF6DD11AC92AEA40B4C88B1FDB,days_0_45,resting_maker_row,2843,2843,7860.303814999998,7860.303814999998,0,187.81278900000012,2383,6302.118493000002,49.92744300000011,0,309,2192,342
D2A7DAE7C4AC2BCF6DD11AC92AEA40B4C88B1FDB,days_45_90,aggregate_taker_row,1539,1539,11679.826216999998,11679.826216999998,121.28403,-691.0516549999994,1517,6819.725299999998,37.34207999999996,0,1058,457,24
D2A7DAE7C4AC2BCF6DD11AC92AEA40B4C88B1FDB,days_45_90,resting_maker_row,280,280,4946.197986000001,4946.197986000001,0,-1122.9951159999994,233,937.4410649999996,-21.203091999999998,0,179,54,47
D47815209EE28529BBEDF864DC992BD65BF89239,days_0_45,aggregate_taker_row,10556,10542,21805.603120999996,21777.345032999998,810.4802200000001,-1063.9481700000006,3594,6623.001010999998,-369.2653759999997,11,290,3404,6851
D47815209EE28529BBEDF864DC992BD65BF89239,days_0_45,resting_maker_row,398,398,999.79414,999.79414,0,-68.724765,120,220.84963899999997,-38.353808,0,24,136,238
D47815209EE28529BBEDF864DC992BD65BF89239,days_45_90,aggregate_taker_row,5330,5330,12029.640526000014,12029.640526000014,395.32525999999996,-688.0117620000003,2470,5482.8911830000025,-284.03466199999997,13,153,2002,3162
D47815209EE28529BBEDF864DC992BD65BF89239,days_45_90,resting_maker_row,1037,1037,2019.9247039999998,2019.9247039999998,0,-97.66777199999993,630,1251.0014150000002,-41.23759,0,22,470,545
D49A04A3785EF738C338547A5CF9D332F7632C2E,days_0_45,aggregate_taker_row,1,1,0.999999,0.999999,0.02735,0.5855530000000001,1,0.999999,0.5855530000000001,0,0,1,0
D49A04A3785EF738C338547A5CF9D332F7632C2E,days_0_45,resting_maker_row,16102,16102,60714.87011400002,60714.87011400002,0,-12.493684999998798,16102,60714.87011400002,-12.493684999998798,0,3365,11559,1178
D49B42BCE7EA10BAC53E2901C188CAE20EA4BDF9,days_0_45,aggregate_taker_row,90666,54499,7.588999182377001e+06,5.602626812889002e+06,10468.74044,-1886.2696689999404,0,0,0,0,0,0,82418
D49B42BCE7EA10BAC53E2901C188CAE20EA4BDF9,days_0_45,resting_maker_row,15602,11956,1.1050963867470003e+06,924194.6161880001,0,6435.211600999983,0,0,0,0,0,0,14507
D673993E104D1A05870648F532DC1FC4C4A1E975,days_0_45,aggregate_taker_row,2,2,1.999995,1.999995,0.036379999999999996,0.6907240000000002,2,1.999995,0.6907240000000002,0,0,2,0
D673993E104D1A05870648F532DC1FC4C4A1E975,days_0_45,resting_maker_row,25876,25876,2161.0813529999987,2161.0813529999987,0,-285.00925299999824,19089,1571.261482999999,-305.18438299999895,7,14344,10659,866
D76251A6786EA74DAFDB2BA9F06CD2EFA51F2800,days_0_45,aggregate_taker_row,22472,22470,260482.59890699995,260454.68890699995,8413.94637,-1634.8831799999982,13511,173223.95269199982,3824.7245599999956,0,251,15348,6873
D76251A6786EA74DAFDB2BA9F06CD2EFA51F2800,days_0_45,resting_maker_row,5797,5797,38908.999071000006,38908.999071000006,0,-8926.325729999997,4083,25975.439857,-1882.205062000001,0,302,4303,1192
D76251A6786EA74DAFDB2BA9F06CD2EFA51F2800,days_45_90,aggregate_taker_row,5317,5317,171371.35498000003,171371.35498000003,5143.860730000005,-5142.766149999997,4508,153331.57619999986,-3772.494669999997,0,122,4224,971
D76251A6786EA74DAFDB2BA9F06CD2EFA51F2800,days_45_90,resting_maker_row,1471,1471,14295.021703999999,14295.021703999999,0,-1294.5659479999995,1366,13697.721104,-1293.7518919999995,0,171,1203,97
D7985B972875B2E7BDE96E66E77F1FA384CFDD54,days_0_45,aggregate_taker_row,2348,2346,23614.55335100001,23612.60115200001,190.38285000000002,-630.7692310000002,1858,20253.001991000016,29.57577500000008,0,184,1821,343
D7985B972875B2E7BDE96E66E77F1FA384CFDD54,days_0_45,resting_maker_row,13374,13374,36467.42277399999,36467.42277399999,0,-414.42968600000046,6370,23103.57506300001,418.85740999999956,0,812,6374,6188
D8F1FBE130E2B33F32633BF568A08B85058E74A9,days_0_45,aggregate_taker_row,2,2,35.0351,35.0351,0.57285,34.46225,2,35.0351,34.46225,0,0,2,0
D8F1FBE130E2B33F32633BF568A08B85058E74A9,days_0_45,resting_maker_row,88000,87999,267299.2895769999,267298.3372359999,0,5812.048565999998,88000,267299.2895769999,5812.048565999998,0,3803,77734,6463
D8F1FBE130E2B33F32633BF568A08B85058E74A9,days_45_90,resting_maker_row,114755,114755,393160.24114100006,393160.24114100006,0,6581.267913000003,114755,393160.24114100006,6581.267913000003,0,4130,100634,9991
D9DBDE04B15D4488C3023F2BE4F9F21AF26448A1,days_0_45,aggregate_taker_row,7534,7534,18368.338308000006,18368.338308000006,408.06302999999997,-471.9804840000004,3670,7953.386181000002,-273.64561300000014,197,640,3357,3340
D9DBDE04B15D4488C3023F2BE4F9F21AF26448A1,days_0_45,resting_maker_row,5479,5479,13200.233881999995,13200.233881999995,0,-350.6390669999998,2102,5211.3013390000015,-155.97823599999987,3,370,2090,3016
DA770326BD091D26F816917AA83A6BAFF668683F,days_0_45,aggregate_taker_row,232,231,32573.76521000001,32572.76521100001,40.91647999999999,1511.3930109999997,0,0,0,1,0,14,216
DA770326BD091D26F816917AA83A6BAFF668683F,days_0_45,resting_maker_row,169345,168436,1.561635194998e+06,1.5536953258840009e+06,0,-10283.685801500007,0,0,0,0,0,1,169284
DA770326BD091D26F816917AA83A6BAFF668683F,days_45_90,aggregate_taker_row,86,56,55872.17966700002,55352.302867000006,44.06679000000001,-79.77755700000039,0,0,0,0,0,1,55
DA770326BD091D26F816917AA83A6BAFF668683F,days_45_90,resting_maker_row,262673,261541,2.998870379201001e+06,2.9892511359619987e+06,0,-4151.532738000124,0,0,0,2,0,1,262422
DB465B694F7BEEFDBF8D1EDFA2035128D4CB56E7,days_0_45,aggregate_taker_row,19328,19229,67567.72584600002,67064.000896,844.2002999999997,-1793.1869954999986,0,0,0,5,6,19,19250
DB465B694F7BEEFDBF8D1EDFA2035128D4CB56E7,days_45_90,aggregate_taker_row,20983,20913,50652.89648200005,50131.10160700004,848.9120499999996,-914.2874475000001,0,0,0,1,2,10,20962
DBAF488FD5E23FCED831A80472B50A9F0018F5D1,days_0_45,aggregate_taker_row,731,731,335846.99730000005,335846.99730000005,1147.1126600000005,10026.973039999999,0,0,0,0,0,0,731
DBAF488FD5E23FCED831A80472B50A9F0018F5D1,days_0_45,resting_maker_row,3344,3344,210722.95574,210722.95574,0,-5203.050045000002,0,0,0,0,0,0,3344
DBAF488FD5E23FCED831A80472B50A9F0018F5D1,days_45_90,aggregate_taker_row,1084,1084,488393.4064800002,488393.4064800002,3022.88458,-6030.981040000004,0,0,0,0,0,0,1084
DBAF488FD5E23FCED831A80472B50A9F0018F5D1,days_45_90,resting_maker_row,4850,4850,307524.64997800003,307524.64997800003,0,-14075.188763000002,0,0,0,0,0,0,4850
DC67110839D19109423C08B88BCBC3D2332B6F13,days_0_45,aggregate_taker_row,2557,2557,190792.05670699992,190792.05670699992,859.38531,1040.9816770000045,2364,129537.528803,182.32205700000358,1,1266,877,413
DC67110839D19109423C08B88BCBC3D2332B6F13,days_0_45,resting_maker_row,5785,5785,166953.85404500001,166953.85404500001,0,-1465.721415999997,5212,93640.55325100005,-602.7982769999978,232,1252,2879,1422
DC67110839D19109423C08B88BCBC3D2332B6F13,days_45_90,aggregate_taker_row,736,736,55311.725311000024,55311.725311000024,101.28264999999995,-948.4957759999992,344,24683.947940999977,-596.4192309999992,0,217,123,396
DC67110839D19109423C08B88BCBC3D2332B6F13,days_45_90,resting_maker_row,1398,1398,75428.36335099999,75428.36335099999,0,-376.20282699999876,853,41809.27779100002,-9.474647999998904,65,551,218,564
DC78968CBD5D9D8202153B3F286D6E3F6468F02F,days_0_45,aggregate_taker_row,363,363,2020.659346999999,2020.659346999999,70.68998999999998,-159.22886699999995,363,2020.659346999999,-159.22886699999995,0,1,328,34
DC78968CBD5D9D8202153B3F286D6E3F6468F02F,days_0_45,resting_maker_row,10335,10335,30149.67530799999,30149.67530799999,0,-1273.5657789999982,10335,30149.67530799999,-1273.5657789999982,0,80,5813,4442
DD962936AFED7F18A25924197508355989D66A46,days_0_45,aggregate_taker_row,4961,4958,17107.859422000005,17102.602224000006,428.8156200000001,-652.822,4172,14203.461200000002,-649.2262299999999,0,498,3334,1126
DD962936AFED7F18A25924197508355989D66A46,days_0_45,resting_maker_row,10346,10346,25405.79803100002,25405.79803100002,0,-1305.1637059999998,8235,20536.934543999996,-978.3354120000004,2,1633,6810,1901
DD962936AFED7F18A25924197508355989D66A46,days_45_90,aggregate_taker_row,815,815,1744.0003990000002,1744.0003990000002,49.92137,-201.65673399999997,463,945.5704929999999,-87.11348799999999,0,31,361,423
DD962936AFED7F18A25924197508355989D66A46,days_45_90,resting_maker_row,339,339,709.8310749999999,709.8310749999999,0,-109.10290400000004,47,133.461437,-16.32143699999999,0,19,39,281
DF4C6A942BD95BF903D6066B4BA7051E6F914F22,days_0_45,aggregate_taker_row,13009,13009,232034.3042,232034.3042,4587.13483,-1353.4990300000002,12984,231886.80370000005,-1267.4202900000007,0,918,9712,2379
DF4C6A942BD95BF903D6066B4BA7051E6F914F22,days_0_45,resting_maker_row,158171,158171,1.1237043496320006e+06,1.1237043496320006e+06,0,14309.241161999998,157919,1.1224967348730005e+06,14251.680266000001,2,10656,127013,20500
DF4C6A942BD95BF903D6066B4BA7051E6F914F22,days_45_90,aggregate_taker_row,13462,13462,325586.2806099998,325586.2806099998,6607.776020000007,1520.7133700000065,13462,325586.2806099998,1520.7133700000065,0,525,10835,2102
DF4C6A942BD95BF903D6066B4BA7051E6F914F22,days_45_90,resting_maker_row,156119,156110,1.4273085735839992e+06,1.4272197249179995e+06,0,26002.14927999992,156119,1.4273085735839992e+06,26002.14927999992,0,7029,124384,24706
E0316863CADA92B4F273F8F5BE71D0E10AEC4E37,days_0_45,aggregate_taker_row,806,806,4115.405435000001,4115.405435000001,43.22086999999999,71.86928700000001,806,4115.405435000001,71.86928700000001,0,343,450,13
E0316863CADA92B4F273F8F5BE71D0E10AEC4E37,days_0_45,resting_maker_row,3815,3815,5290.365973000001,5290.365973000001,0,-108.22289300000006,3815,5290.365973000001,-108.22289300000006,1,889,2923,2
E0316863CADA92B4F273F8F5BE71D0E10AEC4E37,days_45_90,aggregate_taker_row,1,1,5.187,5.187,0.03267,0.4803299999999999,1,5.187,0.4803299999999999,0,0,1,0
E0316863CADA92B4F273F8F5BE71D0E10AEC4E37,days_45_90,resting_maker_row,14938,14938,9861.804149000001,9861.804149000001,0,2348.564525999998,14938,9861.804149000001,2348.564525999998,2,9705,5203,28
E17B38C108D2AF65ACDCC141B64B210B976B5F8A,days_0_45,aggregate_taker_row,6129,6126,14787.883363999994,14749.088363999992,573.1914300000005,-144.64718799999596,6129,14787.883363999994,-144.64718799999596,121,1352,4633,23
E17B38C108D2AF65ACDCC141B64B210B976B5F8A,days_0_45,resting_maker_row,670,670,1043.7341750000007,1043.7341750000007,0,-101.233896,670,1043.7341750000007,-101.233896,0,203,467,0
E17B38C108D2AF65ACDCC141B64B210B976B5F8A,days_45_90,aggregate_taker_row,5601,5601,79920.38772000006,79920.38772000006,3156.9547299999995,423.90655699999985,5601,79920.38772000006,423.90655699999985,0,337,5203,61
E17B38C108D2AF65ACDCC141B64B210B976B5F8A,days_45_90,resting_maker_row,81,81,701.3995520000001,701.3995520000001,0,-319.51299800000004,81,701.3995520000001,-319.51299800000004,0,8,73,0
E2269F2A961F34C56CD164284A87802A6773F76B,days_0_45,resting_maker_row,52414,52414,19251.041997000008,19251.041997000008,0,2158.013752999994,52414,19251.041997000008,2158.013752999994,1,40272,12078,63
E2269F2A961F34C56CD164284A87802A6773F76B,days_45_90,resting_maker_row,47332,47332,18592.025297,18592.025297,0,-3117.149396999994,47332,18592.025297,-3117.149396999994,2,29405,17804,121
E29F8FF852AE455899E4D60A653F17B038D4E326,days_0_45,aggregate_taker_row,6714,749,41211.880425000025,5104.418436999999,5.00579,-5.067868000000027,0,0,0,0,0,0,2531
E29F8FF852AE455899E4D60A653F17B038D4E326,days_45_90,aggregate_taker_row,11601,373,74466.57092999997,2899.1138800000003,0.03503,-2.469561999999997,0,0,0,0,0,0,373
E5BE0E183A319E52C2B1EB8D7EA4CE4F574EFB4A,days_0_45,aggregate_taker_row,24313,24313,125949.61536299992,125949.61536299992,739.06036,-1291.5449890000018,24313,125949.61536299992,-1291.5449890000018,0,2571,21629,113
E5BE0E183A319E52C2B1EB8D7EA4CE4F574EFB4A,days_0_45,resting_maker_row,792,792,1677.299303999999,1677.299303999999,0,-48.39930400000007,792,1677.299303999999,-48.39930400000007,0,531,261,0
E76D0D852445C372033E595FFDD43CDF0CF7BF3E,days_0_45,aggregate_taker_row,483,480,10023.564179000003,10004.362981000002,173.3165300000001,-742.0386149999994,480,10004.362981000002,-742.0386149999994,0,0,304,176
E76D0D852445C372033E595FFDD43CDF0CF7BF3E,days_0_45,resting_maker_row,59165,59165,371616.8002420002,371616.8002420002,0,-645.1521689999937,59162,371390.9372410002,-580.2340679999943,0,8,1864,57293
E76D0D852445C372033E595FFDD43CDF0CF7BF3E,days_45_90,aggregate_taker_row,734,734,6592.548988000003,6592.548988000003,136.7840900000001,-331.50319400000006,729,6560.661991000004,-322.9670680000001,2,33,524,175
E76D0D852445C372033E595FFDD43CDF0CF7BF3E,days_45_90,resting_maker_row,24254,24254,172963.944449,172963.944449,0,-616.3581569999978,24254,172963.944449,-616.3581569999978,0,47,1340,22867
EAC3394E6F8A9FC02E44B64AAB12CA96914A77C8,days_0_45,resting_maker_row,34955,34955,117384.43331400005,117384.43331400005,0,-817.5141910000004,0,0,0,0,365,1910,32680
EBE31E928681560DA3189A4CB31EDCD520526D17,days_0_45,aggregate_taker_row,26868,26866,234383.88375199988,234363.58375199986,7982.5296,594.5109669999989,26862,234359.58376299983,597.5344559999982,4,167,16871,9826
EBE31E928681560DA3189A4CB31EDCD520526D17,days_0_45,resting_maker_row,72,72,709.5468999999999,709.5468999999999,0,49.355636000000004,69,701.349124,57.553412,0,29,37,6
ECBF4D585042CD07E1395E8E2EC4059D8CDA89B2,days_0_45,aggregate_taker_row,2938,2938,15038.238931999995,15038.238931999995,280.94325000000003,430.98636999999997,2938,15038.238931999995,430.98636999999997,0,1185,1664,89
ECBF4D585042CD07E1395E8E2EC4059D8CDA89B2,days_0_45,resting_maker_row,23209,23209,51678.93932300003,51678.93932300003,0,-409.66110599999996,23209,51678.93932300003,-409.66110599999996,12,6465,16183,549
ECBF4D585042CD07E1395E8E2EC4059D8CDA89B2,days_45_90,aggregate_taker_row,5,5,4.352795,4.352795,0.08549999999999999,-1.978312,0,0,0,0,0,0,5
ECBF4D585042CD07E1395E8E2EC4059D8CDA89B2,days_45_90,resting_maker_row,17125,17125,9355.019769999999,9355.019769999999,0,2292.2866239999994,17125,9355.019769999999,2292.2866239999994,2,10921,6159,43
ECEDF8368C90A1AB30E26030A2BFCEF0B3CE93A2,days_0_45,aggregate_taker_row,5881,5881,23966.194479000016,23966.194479000016,616.2160299999999,-1663.648850000001,5873,23909.194495000014,-1654.6537720000006,0,579,5050,252
ECEDF8368C90A1AB30E26030A2BFCEF0B3CE93A2,days_0_45,resting_maker_row,3437,3437,13251.061530000014,13251.061530000014,0,-196.27601099999976,3432,13206.529331000012,-190.82730199999975,0,665,2692,80
ECEDF8368C90A1AB30E26030A2BFCEF0B3CE93A2,days_45_90,aggregate_taker_row,4675,4675,11366.18873299999,11366.18873299999,267.7435900000001,-339.9665289999999,4675,11366.18873299999,-339.9665289999999,0,351,3336,988
ECEDF8368C90A1AB30E26030A2BFCEF0B3CE93A2,days_45_90,resting_maker_row,84,84,245.19001699999995,245.19001699999995,0,-25.242905999999998,84,245.19001699999995,-25.242905999999998,0,11,73,0
ED6DAC45917BE28C5EDDB9CA6DF0F804C41B85A4,days_0_45,aggregate_taker_row,2,2,40.9514,40.9514,0.33230000000000004,-5.840899999999995,2,40.9514,-5.840899999999995,0,1,1,0
ED6DAC45917BE28C5EDDB9CA6DF0F804C41B85A4,days_0_45,resting_maker_row,60110,60110,183505.09002499987,183505.09002499987,0,1217.693679000002,60110,183505.09002499987,1217.693679000002,0,2900,52330,4880
ED6DAC45917BE28C5EDDB9CA6DF0F804C41B85A4,days_45_90,resting_maker_row,52586,52572,200828.7199589999,200787.5949619999,0,1608.9059370000004,49863,190930.65765500013,1408.991531,0,1432,44851,6303
ED89B210FAA8D83A0484291B8C06B5D717DDDF85,days_0_45,aggregate_taker_row,58958,58958,289713.6718429999,289713.6718429999,4563.700509999999,5900.686899,43041,225329.90895299992,4862.635001000005,0,6077,40849,12032
EE2FAF22A81F0DC12BE8080A0E9507FB2190F4DA,days_0_45,aggregate_taker_row,8214,739,52504.061345000046,4811.140408000001,3.8873199999999994,-11.478267999999998,0,0,0,0,0,0,2671
EE2FAF22A81F0DC12BE8080A0E9507FB2190F4DA,days_45_90,aggregate_taker_row,4285,280,21363.97608500001,1394.579176,0.02165,-0.9195370000000229,0,0,0,0,0,0,280
EEC7972F771467FA8EAE5A908CBBCEC23A5C2FA1,days_0_45,aggregate_taker_row,6047,6047,67655.49457600004,67655.49457600004,2271.01371,-3140.533069000003,5022,58296.86426900002,-2926.8207060000004,1,189,3464,2393
EEC7972F771467FA8EAE5A908CBBCEC23A5C2FA1,days_0_45,resting_maker_row,11,11,25.350055,25.350055,0,12.598899,11,25.350055,12.598899,0,0,5,6
EEC7972F771467FA8EAE5A908CBBCEC23A5C2FA1,days_45_90,aggregate_taker_row,7126,7126,46457.783991,46457.783991,1373.2964300000015,-2155.7173719999973,7126,46457.783991,-2155.7173719999973,0,167,5609,1350
EEC7972F771467FA8EAE5A908CBBCEC23A5C2FA1,days_45_90,resting_maker_row,19,19,41.96798499999999,41.96798499999999,0,-11.033701,19,41.96798499999999,-11.033701,0,0,10,9
EFDF6ABC3EF35F93C2753C4D36F3E17FDFB87EA5,days_0_45,aggregate_taker_row,3675,3675,18217.58279999999,18217.58279999999,76.18246999999998,114.34472999999987,3675,18217.58279999999,114.34472999999987,0,3463,210,2
EFDF6ABC3EF35F93C2753C4D36F3E17FDFB87EA5,days_0_45,resting_maker_row,3241,3241,16997.378466000006,16997.378466000006,0,-63.81096600000047,3241,16997.378466000006,-63.81096600000047,261,2805,174,1
EFDF6ABC3EF35F93C2753C4D36F3E17FDFB87EA5,days_45_90,aggregate_taker_row,5663,5663,47959.993087999974,47959.993087999974,145.73856000000012,499.7683519999999,5661,47939.993089999974,520.31033,0,5176,481,6
EFDF6ABC3EF35F93C2753C4D36F3E17FDFB87EA5,days_45_90,resting_maker_row,4439,4439,30565.539837000004,30565.539837000004,0,-15.825187000000197,4439,30565.539837000004,-15.825187000000197,334,3749,351,5
F1F2B3C6C5BEA42A6664FE3A8395ADDC1AB28C8D,days_0_45,aggregate_taker_row,30,28,2481.543489,2465.6471,38.34555999999999,-115.58209999999988,11,112.54390000000001,-58.29321,0,5,6,19
F1F2B3C6C5BEA42A6664FE3A8395ADDC1AB28C8D,days_0_45,resting_maker_row,91011,90039,1.6219711939919998e+06,1.6017200880499992e+06,0,-2025.408860999993,25805,72484.74513500003,-1419.5889749999994,0,1747,20997,67961
F1F2B3C6C5BEA42A6664FE3A8395ADDC1AB28C8D,days_45_90,aggregate_taker_row,6,3,1082.745998,1005.970998,14.77288,1151.1611520000001,0,0,0,0,0,0,3
F1F2B3C6C5BEA42A6664FE3A8395ADDC1AB28C8D,days_45_90,resting_maker_row,404797,401993,1.5019572827815985e+07,1.4941791207751993e+07,0,-2411.3564025001615,140,610.5384969999999,-24.798377000000006,6,21,127,404105
F284AD6D607F777F34BC643CEA587C33A886B9F9,days_0_45,aggregate_taker_row,1741,1735,6.557987141441998e+06,6.544283096641998e+06,45524.41295000002,140379.11623699983,0,0,0,0,0,3,1738
F284AD6D607F777F34BC643CEA587C33A886B9F9,days_0_45,resting_maker_row,35324,34883,1.6361675736779999e+07,1.6187505602025997e+07,0,-502310.437782,0,0,0,0,0,0,35324
F284AD6D607F777F34BC643CEA587C33A886B9F9,days_45_90,aggregate_taker_row,33,33,32613.977809000004,32613.977809000004,244.31367000000003,-5070.638569,0,0,0,0,0,0,33
F284AD6D607F777F34BC643CEA587C33A886B9F9,days_45_90,resting_maker_row,852,852,135123.77556000004,135123.77556000004,0,-11460.236632999999,0,0,0,0,0,0,852
F40ACBC4387C990034FAF3F5954CBC55656CE716,days_0_45,aggregate_taker_row,8408,8408,18189.908900000002,18189.908900000002,591.7906599999999,-532.1735599999995,7969,17113.68930000001,-528.6413699999996,16,1149,5997,1246
F40ACBC4387C990034FAF3F5954CBC55656CE716,days_0_45,resting_maker_row,22310,22310,46232.46302999998,46232.46302999998,0,1262.612138000001,21102,43479.93427799997,1105.2993070000014,1,3500,13929,4880
F40ACBC4387C990034FAF3F5954CBC55656CE716,days_45_90,aggregate_taker_row,222,222,745.6063,745.6063,22.4705,-110.17679999999996,222,745.6063,-110.17679999999996,0,14,134,74
F40ACBC4387C990034FAF3F5954CBC55656CE716,days_45_90,resting_maker_row,484,484,1502.1840560000003,1502.1840560000003,0,-154.35825799999995,484,1502.1840560000003,-154.35825799999995,0,28,221,235
F418D3A1A941292F9C8707D62A14980C5BEB95A3,days_0_45,aggregate_taker_row,34123,34038,455644.09092399984,454147.2987239997,12662.038940000015,-1818.6958670000013,34116,455493.77573199983,-1825.6726950000007,1,1519,26452,6151
F418D3A1A941292F9C8707D62A14980C5BEB95A3,days_0_45,resting_maker_row,356,356,2363.3555560000004,2363.3555560000004,0,7.9008240000000125,356,2363.3555560000004,7.9008240000000125,0,61,280,15
F418D3A1A941292F9C8707D62A14980C5BEB95A3,days_45_90,aggregate_taker_row,181883,181875,3.373120719091997e+06,3.372956754791997e+06,99605.58137999995,-1933.577218000085,181883,3.373120719091997e+06,-1933.577218000085,1,8343,139513,34026
F418D3A1A941292F9C8707D62A14980C5BEB95A3,days_45_90,resting_maker_row,607,607,28842.68494399999,28842.68494399999,0,253.42605599999993,607,28842.68494399999,253.42605599999993,52,457,95,3
F610482004E919446A65D06832D0233C8166741C,days_0_45,aggregate_taker_row,7066,6980,40530.20170700002,40074.96177100002,788.5668199999999,384.6634819999982,1616,5278.074051999998,1048.748066,1,696,902,5451
F610482004E919446A65D06832D0233C8166741C,days_0_45,resting_maker_row,126,96,241.41790799999995,182.02096699999996,0.31852,-27.751529000000012,0,0,0,0,0,0,104
F610482004E919446A65D06832D0233C8166741C,days_45_90,aggregate_taker_row,5529,5280,27222.939087000017,25718.112555000014,716.2088500000001,-690.6507590000007,2096,7198.349736000002,-168.53229999999994,90,1317,710,3210
F6D94CF5DFF2810F8F8CDEC98976BDB3F307BFBF,days_0_45,aggregate_taker_row,11777,11777,41440.764399999964,41440.764399999964,680.04621,-397.61040999999943,11777,41440.764399999964,-397.61040999999943,0,1805,9640,332
F6D94CF5DFF2810F8F8CDEC98976BDB3F307BFBF,days_0_45,resting_maker_row,2313,2313,7308.895212999999,7308.895212999999,0,162.874634,2313,7308.895212999999,162.874634,0,269,1995,49
F898C9739A8B6AE576F4EFCADF7241A64B49FFFC,days_0_45,aggregate_taker_row,11108,11108,209159.22080000004,209159.22080000004,3907.596689999998,-5230.697490000002,11098,209112.3708,-5232.404470000001,6,941,8351,1810
F898C9739A8B6AE576F4EFCADF7241A64B49FFFC,days_0_45,resting_maker_row,158189,158189,1.1268541108369988e+06,1.1268541108369988e+06,0,17970.09222299993,157962,1.125791455418999e+06,17897.088471999927,4,10089,127268,20828
F898C9739A8B6AE576F4EFCADF7241A64B49FFFC,days_45_90,aggregate_taker_row,13262,13262,302586.53767000005,302586.53767000005,6179.851159999991,-940.0088300000014,13262,302586.53767000005,-940.0088300000014,0,630,10642,1990
F898C9739A8B6AE576F4EFCADF7241A64B49FFFC,days_45_90,resting_maker_row,160003,159993,1.4410779403209987e+06,1.4408802666769987e+06,0,11656.673241999875,160003,1.4410779403209987e+06,11656.673241999875,0,7438,127326,25239
F9B7876BA2C35370E0BEDB7F8EE772DA722AA37C,days_0_45,resting_maker_row,442696,442679,2.457833527832999e+06,2.4576912698829994e+06,0,28509.727003999815,442696,2.457833527832999e+06,28509.727003999815,0,39635,354690,48371
F9B7876BA2C35370E0BEDB7F8EE772DA722AA37C,days_45_90,resting_maker_row,987909,987864,7.239543823197992e+06,7.239226235045992e+06,0,19427.11905299813,987909,7.239543823197992e+06,19427.11905299813,1,62168,790663,135077
FA019150E1A963E2566CEF1BE30AD5F727D69EED,days_0_45,aggregate_taker_row,4984,4477,9785.107643000003,8587.66222,288.7764499999997,-323.9939819999993,1324,2126.5425320000013,-65.34859400000002,0,110,1452,3038
FA019150E1A963E2566CEF1BE30AD5F727D69EED,days_0_45,resting_maker_row,1816,1808,6429.686029,6001.9054080000005,2.1832000000000003,-402.488051,5,15.9985,-15.9985,0,4,15,1790
FA019150E1A963E2566CEF1BE30AD5F727D69EED,days_45_90,aggregate_taker_row,12126,11825,22477.371550000003,21461.358349000002,546.74505,-285.39062799999994,3218,5139.730753,-201.3789390000001,0,263,4093,7497
FA019150E1A963E2566CEF1BE30AD5F727D69EED,days_45_90,resting_maker_row,1134,1123,1843.483967000001,1726.8398080000015,0,632.9880049999995,0,0,0,0,0,0,1132
FBCB5CEB9E3A85CCDAF9CC4DFB9FF86E25EC76CA,days_0_45,aggregate_taker_row,1308,1308,5056.260631000005,5056.260631000005,65.85159,-93.90282399999994,1295,5015.477763000003,-87.17530799999993,1,242,994,71
FBCB5CEB9E3A85CCDAF9CC4DFB9FF86E25EC76CA,days_0_45,resting_maker_row,5115,5115,1576.043217000001,1576.043217000001,0,121.81691900000008,5099,1561.6679180000006,121.04162000000008,4,2409,2666,36
FBCB5CEB9E3A85CCDAF9CC4DFB9FF86E25EC76CA,days_45_90,aggregate_taker_row,2730,2724,5729.856737000006,5717.856740000006,174.80167,-96.87205500000003,2257,4544.112890000003,18.02560299999998,1,47,750,1932
FBCB5CEB9E3A85CCDAF9CC4DFB9FF86E25EC76CA,days_45_90,resting_maker_row,4297,4297,1616.093038,1616.093038,0,-163.1100220000001,4142,1199.2198220000002,-170.23950900000008,0,1686,2516,95
FC1883C99D91B5C3FAE28A158AB7660A1CFA3C01,days_0_45,aggregate_taker_row,280,280,867.2213010000002,867.2213010000002,24.316169999999993,-183.45374700000002,183,549.6886010000001,-45.23783700000001,1,4,125,150
FC1883C99D91B5C3FAE28A158AB7660A1CFA3C01,days_0_45,resting_maker_row,2945,2942,7698.704827000003,7688.704827000003,0,-597.8779290000003,2408,6511.208229,-679.8461249999998,0,103,1900,942
FC1883C99D91B5C3FAE28A158AB7660A1CFA3C01,days_45_90,aggregate_taker_row,14536,14536,119787.700897,119787.700897,2998.5699600000003,-2872.9471209999983,14536,119787.700897,-2872.9471209999983,1,1088,11505,1942
FC1883C99D91B5C3FAE28A158AB7660A1CFA3C01,days_45_90,resting_maker_row,14037,14037,58890.32617799997,58890.32617799997,0,-2701.9683370000002,14037,58890.32617799997,-2701.9683370000002,0,1726,10901,1410
FFCF591E09D9FFFCAB04F1082CEB83FAB6920FED,days_0_45,aggregate_taker_row,11589,11589,193936.50433999998,193936.50433999998,4051.5991900000017,-734.9235300000006,11581,193884.29514,-765.6523700000006,2,824,8584,2179
FFCF591E09D9FFFCAB04F1082CEB83FAB6920FED,days_0_45,resting_maker_row,160815,160815,1.1280589454289991e+06,1.1280589454289991e+06,0,12554.44764700007,160691,1.1274045823339992e+06,12582.35862300007,4,9911,129117,21783
FFCF591E09D9FFFCAB04F1082CEB83FAB6920FED,days_45_90,aggregate_taker_row,13591,13590,297871.98911,297840.59031,6185.619349999999,-268.26455000000044,13591,297871.98911,-268.26455000000044,0,685,10784,2122
FFCF591E09D9FFFCAB04F1082CEB83FAB6920FED,days_45_90,resting_maker_row,162882,162863,1.4538947173310001e+06,1.453647893082e+06,0,30945.437532999993,162882,1.4538947173310001e+06,30945.437532999993,0,7417,128992,26473
