version,contract_address,evt_block_time,tx_hash,evt_index,order_hash,side,token_id,maker_amount,taker_amount,price,maker,taker,exchange_is_taker,fee_scaled,builder,metadata
v2,E111180000D2663C0091E4F400237545B87B996B,2026-08-25 03:41:03.000 UTC,03A9A1772FDC2990F2061C23E904D62043A9F23B19B44EEEC33F2C5303A04FB4,642,7494E37DA6F0B539BFD253F75FEE68E59F33072F468FF77D9968350C040FB2B5,0,70252718303559652349513469860319551842622259106171464793184636205379335244425,0.0134,0.02,0.67,7D8C3280F00C5737BC6CD86F8B5CB9E6B9DB5822,674887D1AC838099A48B629DFF53F25B7B87EE08,false,0,0000000000000000000000000000000000000000000000000000000000000000,0000000000000000000000000000000000000000000000000000000000000000
v2,E111180000D2663C0091E4F400237545B87B996B,2026-08-25 03:41:03.000 UTC,03A9A1772FDC2990F2061C23E904D62043A9F23B19B44EEEC33F2C5303A04FB4,645,4C0336E63DF04AAD61407EB2ACD939D16833FE32191D1A41622789517B1AAB50,1,70252718303559652349513469860319551842622259106171464793184636205379335244425,0.02,0.0134,0.67,674887D1AC838099A48B629DFF53F25B7B87EE08,E111180000D2663C0091E4F400237545B87B996B,true,0.0003,0000000000000000000000000000000000000000000000000000000000000000,0000000000000000000000000000000000000000000000000000000000000000
v2,E111180000D2663C0091E4F400237545B87B996B,2026-08-25 03:41:03.000 UTC,1023540B53285E1855F7B85D55A5DB05ACA42AE931A8DF957ABA48D812E6E303,766,C205281EDD283F0CAA6340DFA5E9CD4BED592AA6B0D081C042851A82231FD53D,0,49415454858728120583169859793616891394559297791124621501249826129592711977239,0.0034,0.02,0.17,885278F0E304BC2D53F805AF2AB779CB6011C569,674887D1AC838099A48B629DFF53F25B7B87EE08,false,0,0000000000000000000000000000000000000000000000000000000000000000,0000000000000000000000000000000000000000000000000000000000000000
v2,E111180000D2663C0091E4F400237545B87B996B,2026-08-25 03:41:03.000 UTC,1023540B53285E1855F7B85D55A5DB05ACA42AE931A8DF957ABA48D812E6E303,769,2294A2FCBC5BCD3ACAA82CB3CE4925971EDDEB839669602E72605DC4E0FAEE29,1,49415454858728120583169859793616891394559297791124621501249826129592711977239,0.02,0.0034,0.17,674887D1AC838099A48B629DFF53F25B7B87EE08,E111180000D2663C0091E4F400237545B87B996B,true,0.00019,0000000000000000000000000000000000000000000000000000000000000000,0000000000000000000000000000000000000000000000000000000000000000
v2,E111180000D2663C0091E4F400237545B87B996B,2026-08-25 03:41:03.000 UTC,16495E4BCB17DF097EEABE3A1FCF0F2B1ED13F4A2EA61D5EF2E925311966305A,720,4DAD6DB28ACC9603AC5D113A4BB67C6F1D14F6AA4091C6502A2149F39BC0CA29,0,114908152504434696013466211203306450236418903992480601158166515108878902455930,3.35,5,0.67,AA1A4F31C010D4A63FC49770D4CA2D69EA370602,008865CB3793FAE5AFA3C8F17C4B27939DB0DC07,false,0,0000000000000000000000000000000000000000000000000000000000000000,0000000000000000000000000000000000000000000000000000000000000000
v2,E111180000D2663C0091E4F400237545B87B996B,2026-08-25 03:41:03.000 UTC,16495E4BCB17DF097EEABE3A1FCF0F2B1ED13F4A2EA61D5EF2E925311966305A,724,3C68CBEC7BE859E33787DCB876D122436CE380A75819258AFBF01D00CC3C7208,0,25323866082562825222099711428263861856200803766293539933536997271288248426887,1.65,5,0.33,008865CB3793FAE5AFA3C8F17C4B27939DB0DC07,E111180000D2663C0091E4F400237545B87B996B,true,0.07738,0000000000000000000000000000000000000000000000000000000000000000,0000000000000000000000000000000000000000000000000000000000000000
v2,E2222D279D744050D28E00520010520000310F59,2026-08-25 03:41:03.000 UTC,166FDA24FD39181AC21567636454CB3B049B2B7E8F5B5BF7AFBE228D28C1A30C,512,33AB464EDAFD22C14F3E2B242604B2B1FB3C58B3661FC55B825A462B2637724E,0,13803004269496069820408711510658124989802989588911082793244599305116498606662,19.62,20,0.981,D1ED12197B7DC22DEDE923727E9B714024DBD7CB,38A1B79CC3B9C1742AC047C8C6E39E2F8AAF3154,false,0,0000000000000000000000000000000000000000000000000000000000000000,0000000000000000000000000000000000000000000000000000000000000000
v2,E2222D279D744050D28E00520010520000310F59,2026-08-25 03:41:03.000 UTC,166FDA24FD39181AC21567636454CB3B049B2B7E8F5B5BF7AFBE228D28C1A30C,516,541ACBBCC051E46626E85F983C56D817C5A824614B79B064A2F5E56030376909,0,59239524505440567574025257282007017636076967266345618017061310020645488052221,0.38,20,0.019,38A1B79CC3B9C1742AC047C8C6E39E2F8AAF3154,E2222D279D744050D28E00520010520000310F59,true,0.01863,0000000000000000000000000000000000000000000000000000000000000000,0000000000000000000000000000000000000000000000000000000000000000
v2,E2222D279D744050D28E00520010520000310F59,2026-08-25 03:41:03.000 UTC,38174FFD260D14F3A2E4BA1C2450DB8A90696488104D0D00918DD0096A45070D,729,BB205F5C81631F9C7E837AAB7E2056DCF7D38E316F4B5EA26F3D325C1272D0F9,1,33339798372916037220786136133406478491116150628220441951753426683441228279665,5,0.01,0.002,3E9FF2DBF2A6356EE47049E9F3C43A70CB55D57F,C69BD5567B40EF4D11922EAA57E1F9BE1C642076,false,0,0000000000000000000000000000000000000000000000000000000000000000,0000000000000000000000000000000000000000000000000000000000000000
v2,E2222D279D744050D28E00520010520000310F59,2026-08-25 03:41:03.000 UTC,38174FFD260D14F3A2E4BA1C2450DB8A90696488104D0D00918DD0096A45070D,731,6C770C4D68078B6EF340905342CB2A47EB30CBD6C5C9642D0903C250F557320C,0,33339798372916037220786136133406478491116150628220441951753426683441228279665,0.01,5,0.002,C69BD5567B40EF4D11922EAA57E1F9BE1C642076,E2222D279D744050D28E00520010520000310F59,true,0.00029,0000000000000000000000000000000000000000000000000000000000000000,0000000000000000000000000000000000000000000000000000000000000000
v2,E111180000D2663C0091E4F400237545B87B996B,2026-08-25 03:41:03.000 UTC,4527501AC0729C6C92EB0B2CE1690A7759B413B9B6088138C2E087EF426DEA68,443,213F1605B4DB26D0E145701636FA9741EB6F61F78B5E4BEFC6F27A582E819F31,0,80683013444836478816249203073387333367782102790114261193253091360277337204535,0.0078,0.02,0.39,EEBDE7A0E019A63E6B476EB425505B7B3E6EBA30,674887D1AC838099A48B629DFF53F25B7B87EE08,false,0,0000000000000000000000000000000000000000000000000000000000000000,0000000000000000000000000000000000000000000000000000000000000000
v2,E111180000D2663C0091E4F400237545B87B996B,2026-08-25 03:41:03.000 UTC,4527501AC0729C6C92EB0B2CE1690A7759B413B9B6088138C2E087EF426DEA68,446,8C3F47490C5E4040C51B5434FF13CC34BCF51C80973B319586BB29508EE986A7,1,80683013444836478816249203073387333367782102790114261193253091360277337204535,0.02,0.0078,0.39,674887D1AC838099A48B629DFF53F25B7B87EE08,E111180000D2663C0091E4F400237545B87B996B,true,0.00033,0000000000000000000000000000000000000000000000000000000000000000,0000000000000000000000000000000000000000000000000000000000000000
v2,E111180000D2663C0091E4F400237545B87B996B,2026-08-25 03:41:03.000 UTC,61218606C7B1EE800C338430480D4083684113B8E28C5158CB3D2B222B5D5F36,700,113ABF6698B773615C3A8AE01FA4A8C56F817DC06B8F19FDB41598EB1897F5FB,0,57954681823356723200514993531019273610568354442642190874670821438952727306299,0.0122,0.02,0.61,9D57C42E847173D06841703825D3FE2299E456EA,674887D1AC838099A48B629DFF53F25B7B87EE08,false,0,0000000000000000000000000000000000000000000000000000000000000000,0000000000000000000000000000000000000000000000000000000000000000
v2,E111180000D2663C0091E4F400237545B87B996B,2026-08-25 03:41:03.000 UTC,61218606C7B1EE800C338430480D4083684113B8E28C5158CB3D2B222B5D5F36,703,89CEE47DBE4DE82128F11FFE5AAF1909B0A18AE3B372BB0005C4D8AD890D9DD5,1,57954681823356723200514993531019273610568354442642190874670821438952727306299,0.02,0.0122,0.61,674887D1AC838099A48B629DFF53F25B7B87EE08,E111180000D2663C0091E4F400237545B87B996B,true,0.00033,0000000000000000000000000000000000000000000000000000000000000000,0000000000000000000000000000000000000000000000000000000000000000
v2,E111180000D2663C0091E4F400237545B87B996B,2026-08-25 03:41:03.000 UTC,694944C62441232C0253DCC39F8955F8BC1DF3E03427A1FF074466488A1117A1,757,4DAD6DB28ACC9603AC5D113A4BB67C6F1D14F6AA4091C6502A2149F39BC0CA29,0,114908152504434696013466211203306450236418903992480601158166515108878902455930,2.030303,3.030302,0.670000217800074,AA1A4F31C010D4A63FC49770D4CA2D69EA370602,071E458A6D4A0325C163F9148477FED5E58BB2FF,false,0,0000000000000000000000000000000000000000000000000000000000000000,0000000000000000000000000000000000000000000000000000000000000000
v2,E111180000D2663C0091E4F400237545B87B996B,2026-08-25 03:41:03.000 UTC,694944C62441232C0253DCC39F8955F8BC1DF3E03427A1FF074466488A1117A1,761,1A2F1EE3F3B25EC0D7FCCF53102C0226EC5029D02AD78BCB9FD9B38B2914361D,0,25323866082562825222099711428263861856200803766293539933536997271288248426887,0.999999,3.030302,0.32999978219992593,071E458A6D4A0325C163F9148477FED5E58BB2FF,E111180000D2663C0091E4F400237545B87B996B,true,0.04689,0000000000000000000000000000000000000000000000000000000000000000,0000000000000000000000000000000000000000000000000000000000000000
v2,E111180000D2663C0091E4F400237545B87B996B,2026-08-25 03:41:03.000 UTC,6C4C724160431C15F4D61F3DBA3901B86F9960E54F5C74AC8B534B48AE52093F,486,1492DBBADA605DDB541F221D953E325729B44B7C29ED056C1D51AF162E73EF57,0,105313443713068439809370291394462862142774398228619051055754389114395948051926,10.2,17,0.6,9ADED9FF386263FBBB8E61FC57B978AD029B2D21,60062ECBCE1B143ED4955129377D2FF3632AC7E4,false,0,0000000000000000000000000000000000000000000000000000000000000000,0000000000000000000000000000000000000000000000000000000000000000
v2,E111180000D2663C0091E4F400237545B87B996B,2026-08-25 03:41:03.000 UTC,6C4C724160431C15F4D61F3DBA3901B86F9960E54F5C74AC8B534B48AE52093F,490,0EC7C45E8D76FBEED589BF801881F44F090C5325D1654A9E4FCFC21F5A7FFF69,0,80683013444836478816249203073387333367782102790114261193253091360277337204535,6.8,17,0.4,60062ECBCE1B143ED4955129377D2FF3632AC7E4,E111180000D2663C0091E4F400237545B87B996B,true,0.2856,0000000000000000000000000000000000000000000000000000000000000000,0000000000000000000000000000000000000000000000000000000000000000
v2,E111180000D2663C0091E4F400237545B87B996B,2026-08-25 03:41:03.000 UTC,9F29AFAEAB8F1C3E867C60FD6A93FDD10FCDECD731D98ACA657BE605600973CB,691,A0F949C2AAE0E3A38C8950E9AAB6459C65054FCF0922E642D64207A009D30C31,0,25323866082562825222099711428263861856200803766293539933536997271288248426887,0.515151,1.51515,0.34,CA712EED142014548FB4320C8AF2C0F28D94719A,B559F21A6C1FC896F89C8338A08F75DE42EBB01F,false,0,0000000000000000000000000000000000000000000000000000000000000000,0000000000000000000000000000000000000000000000000000000000000000
v2,E111180000D2663C0091E4F400237545B87B996B,2026-08-25 03:41:03.000 UTC,9F29AFAEAB8F1C3E867C60FD6A93FDD10FCDECD731D98ACA657BE605600973CB,695,28F991260433F163399BA74523572B4BEB29B9102B98C62D72FA8380A15F892A,0,114908152504434696013466211203306450236418903992480601158166515108878902455930,0.999999,1.51515,0.66,B559F21A6C1FC896F89C8338A08F75DE42EBB01F,E111180000D2663C0091E4F400237545B87B996B,true,0.02379,0000000000000000000000000000000000000000000000000000000000000000,0000000000000000000000000000000000000000000000000000000000000000
v2,E111180000D2663C0091E4F400237545B87B996B,2026-08-25 03:41:03.000 UTC,A18E9555CD42D6381832426C23130E3114941BF935AFF5F83955CA7D1648E459,737,113ABF6698B773615C3A8AE01FA4A8C56F817DC06B8F19FDB41598EB1897F5FB,0,57954681823356723200514993531019273610568354442642190874670821438952727306299,0.0122,0.02,0.61,9D57C42E847173D06841703825D3FE2299E456EA,674887D1AC838099A48B629DFF53F25B7B87EE08,false,0,0000000000000000000000000000000000000000000000000000000000000000,0000000000000000000000000000000000000000000000000000000000000000
v2,E111180000D2663C0091E4F400237545B87B996B,2026-08-25 03:41:03.000 UTC,A18E9555CD42D6381832426C23130E3114941BF935AFF5F83955CA7D1648E459,740,C723A289DFEAA16E80FE2C1CFEE8DF42646E01D6DAB5E32561DC0F34B22217E3,1,57954681823356723200514993531019273610568354442642190874670821438952727306299,0.02,0.0122,0.61,674887D1AC838099A48B629DFF53F25B7B87EE08,E111180000D2663C0091E4F400237545B87B996B,true,0.00033,0000000000000000000000000000000000000000000000000000000000000000,0000000000000000000000000000000000000000000000000000000000000000
v2,E111180000D2663C0091E4F400237545B87B996B,2026-08-25 03:41:03.000 UTC,A645CFFD016ADEA7343C5E22A78F2CEDD018E07BE5E39EDB9973440DA600ABDC,651,97089782596F105C9FBCB631B8503A6616006172D784DB17739E80D4AE253E1F,0,114908152504434696013466211203306450236418903992480601158166515108878902455930,0.013,0.02,0.65,0CB038487586D1119B165466072E9BAF666F3A90,674887D1AC838099A48B629DFF53F25B7B87EE08,false,0,0000000000000000000000000000000000000000000000000000000000000000,0000000000000000000000000000000000000000000000000000000000000000
v2,E111180000D2663C0091E4F400237545B87B996B,2026-08-25 03:41:03.000 UTC,A645CFFD016ADEA7343C5E22A78F2CEDD018E07BE5E39EDB9973440DA600ABDC,654,EF11E04E2169ABA99D91D78837F4B10F567C3BBC63CCCC2F64BE488B8E7EE126,1,114908152504434696013466211203306450236418903992480601158166515108878902455930,0.02,0.013,0.65,674887D1AC838099A48B629DFF53F25B7B87EE08,E111180000D2663C0091E4F400237545B87B996B,true,0.00031,0000000000000000000000000000000000000000000000000000000000000000,0000000000000000000000000000000000000000000000000000000000000000
v2,E111180000D2663C0091E4F400237545B87B996B,2026-08-25 03:41:03.000 UTC,AEC2FA6F142A136C960D7638E15F6D5832FBEB2AB0AEC037BBF4E66252B94CDA,532,C32284F17BE531DDBF7DB300A51A51DD8559F772D612EB1FDD0255430ED0F67A,0,72077511720817303715029382649853279635963610056396436002225761506642098467449,0.0148,0.02,0.74,7A69B41618487BF48B61AE9E06F97E9732350108,674887D1AC838099A48B629DFF53F25B7B87EE08,false,0,0000000000000000000000000000000000000000000000000000000000000000,0000000000000000000000000000000000000000000000000000000000000000
v2,E111180000D2663C0091E4F400237545B87B996B,2026-08-25 03:41:03.000 UTC,AEC2FA6F142A136C960D7638E15F6D5832FBEB2AB0AEC037BBF4E66252B94CDA,535,A0E1A390D1A8DE8A8A630DBD464789E202D7585D7F4FDA0377B3375AD0904BCE,1,72077511720817303715029382649853279635963610056396436002225761506642098467449,0.02,0.0148,0.74,674887D1AC838099A48B629DFF53F25B7B87EE08,E111180000D2663C0091E4F400237545B87B996B,true,0.00026,0000000000000000000000000000000000000000000000000000000000000000,0000000000000000000000000000000000000000000000000000000000000000
v2,E111180000D2663C0091E4F400237545B87B996B,2026-08-25 03:41:03.000 UTC,B07F559DF12BDEF89C7C58D3CCEF3741E05E40799C20B0627F3D5BF9BC363F4C,296,F7CD4C63A42B1677E62600B05CF1FC7AC71C0529DD484A7DBA015F98BF37A6C3,0,57954681823356723200514993531019273610568354442642190874670821438952727306299,0.0124,0.02,0.62,EEBDE7A0E019A63E6B476EB425505B7B3E6EBA30,674887D1AC838099A48B629DFF53F25B7B87EE08,false,0,0000000000000000000000000000000000000000000000000000000000000000,0000000000000000000000000000000000000000000000000000000000000000
v2,E111180000D2663C0091E4F400237545B87B996B,2026-08-25 03:41:03.000 UTC,B07F559DF12BDEF89C7C58D3CCEF3741E05E40799C20B0627F3D5BF9BC363F4C,299,183B973BF2AD027FA355C8BFEB85DD53FA515F7DFC5D0682938688DD641EEB72,1,57954681823356723200514993531019273610568354442642190874670821438952727306299,0.02,0.0124,0.62,674887D1AC838099A48B629DFF53F25B7B87EE08,E111180000D2663C0091E4F400237545B87B996B,true,0.00032,0000000000000000000000000000000000000000000000000000000000000000,0000000000000000000000000000000000000000000000000000000000000000
v2,E111180000D2663C0091E4F400237545B87B996B,2026-08-25 03:41:03.000 UTC,BB8BD5B0895FCCCC9DFA966C74AB2D9249C66F8A4A3C62028228BD686452A8EA,464,36C135E2240B331B6D905A3BE8EB0D92109A120D37FF98466EC2F930FF4ED965,0,48045938489781039493443005373766144574193587622238993062789789639360486207413,13.5056,14.68,0.92,775D9DE0C72C76A459FADFBB4CD79D5715236BEB,E7AE92A940A7383C29FDB3DF8380E9FE5A91D8FF,false,0,0000000000000000000000000000000000000000000000000000000000000000,0000000000000000000000000000000000000000000000000000000000000000
v2,E111180000D2663C0091E4F400237545B87B996B,2026-08-25 03:41:03.000 UTC,BB8BD5B0895FCCCC9DFA966C74AB2D9249C66F8A4A3C62028228BD686452A8EA,466,BE5F4E371271685018D3868EE7A1F85A710A72351318D3DB6D9BE7A4F280C43C,0,48045938489781039493443005373766144574193587622238993062789789639360486207413,4.8944,5.32,0.92,775D9DE0C72C76A459FADFBB4CD79D5715236BEB,E7AE92A940A7383C29FDB3DF8380E9FE5A91D8FF,false,0,0000000000000000000000000000000000000000000000000000000000000000,0000000000000000000000000000000000000000000000000000000000000000
v2,E111180000D2663C0091E4F400237545B87B996B,2026-08-25 03:41:03.000 UTC,BB8BD5B0895FCCCC9DFA966C74AB2D9249C66F8A4A3C62028228BD686452A8EA,470,BB66ABC80B901AB6C54AC452F6329962F5B1EA0D744414D485941E3CD1BB6411,0,66315012829260561922679797924040386172300364430316158558635375172607044845732,1.6,20,0.08,E7AE92A940A7383C29FDB3DF8380E9FE5A91D8FF,E111180000D2663C0091E4F400237545B87B996B,true,0.10304,0000000000000000000000000000000000000000000000000000000000000000,0000000000000000000000000000000000000000000000000000000000000000
v2,E111180000D2663C0091E4F400237545B87B996B,2026-08-25 03:41:03.000 UTC,BC72D8E0D6C03E0202CDD23B7768A08AB39826859EF24B30660CA2EF93E34E43,552,3E8DB61DD0BAE0A2942F66728863515D6683380534DE28277B05DAAD04C0BA1B,0,57954681823356723200514993531019273610568354442642190874670821438952727306299,0.012,0.02,0.6,9D57C42E847173D06841703825D3FE2299E456EA,674887D1AC838099A48B629DFF53F25B7B87EE08,false,0,0000000000000000000000000000000000000000000000000000000000000000,0000000000000000000000000000000000000000000000000000000000000000
v2,E111180000D2663C0091E4F400237545B87B996B,2026-08-25 03:41:03.000 UTC,BC72D8E0D6C03E0202CDD23B7768A08AB39826859EF24B30660CA2EF93E34E43,555,36EF0BEC1F32F113B902D01F3B0F875B033C80CCF9C4024B2F31EBAE26B76587,1,57954681823356723200514993531019273610568354442642190874670821438952727306299,0.02,0.012,0.6,674887D1AC838099A48B629DFF53F25B7B87EE08,E111180000D2663C0091E4F400237545B87B996B,true,0.00033,0000000000000000000000000000000000000000000000000000000000000000,0000000000000000000000000000000000000000000000000000000000000000
v2,E111180000D2663C0091E4F400237545B87B996B,2026-08-25 03:41:03.000 UTC,BCAFE791F99CBB1B86E7FDF4A4C80E21D1457BE61A374210AB5172B2B47DCE4C,629,E06B6BCD6919B728CC22F445B9F790A6E62B752D6B8FEA7327DD6F5A7A6ECADB,0,114908152504434696013466211203306450236418903992480601158166515108878902455930,3.3,5,0.66,1E79712C383704AF2D0F33A36F35B38F611AF09D,F418D3A1A941292F9C8707D62A14980C5BEB95A3,false,0,0000000000000000000000000000000000000000000000000000000000000000,0000000000000000000000000000000000000000000000000000000000000000
v2,E111180000D2663C0091E4F400237545B87B996B,2026-08-25 03:41:03.000 UTC,BCAFE791F99CBB1B86E7FDF4A4C80E21D1457BE61A374210AB5172B2B47DCE4C,631,283212B1E97290B0B4418A5F3095BD12B8DFB1FF3AC1E3B9E3F0CFC568D8769D,0,114908152504434696013466211203306450236418903992480601158166515108878902455930,6.6,10,0.66,C1DD006C770C1355D745699B6CBA16E14D428E1E,F418D3A1A941292F9C8707D62A14980C5BEB95A3,false,0,0000000000000000000000000000000000000000000000000000000000000000,0000000000000000000000000000000000000000000000000000000000000000
v2,E111180000D2663C0091E4F400237545B87B996B,2026-08-25 03:41:03.000 UTC,BCAFE791F99CBB1B86E7FDF4A4C80E21D1457BE61A374210AB5172B2B47DCE4C,633,59839C63E34B6B49FF9FF9F60F2862724002F3431C990FEA72ED8CB7EE6CDB86,0,114908152504434696013466211203306450236418903992480601158166515108878902455930,3.25,5,0.65,1C1CB1B7D6146DF9FB3AA08BCA061C7522E86C46,F418D3A1A941292F9C8707D62A14980C5BEB95A3,false,0,0000000000000000000000000000000000000000000000000000000000000000,0000000000000000000000000000000000000000000000000000000000000000
v2,E111180000D2663C0091E4F400237545B87B996B,2026-08-25 03:41:03.000 UTC,BCAFE791F99CBB1B86E7FDF4A4C80E21D1457BE61A374210AB5172B2B47DCE4C,637,1E6209FBD1776E0A531FBE3E80F25CEAC333260F5AFCC070FE7331E416137862,0,25323866082562825222099711428263861856200803766293539933536997271288248426887,6.85,20,0.3425,F418D3A1A941292F9C8707D62A14980C5BEB95A3,E111180000D2663C0091E4F400237545B87B996B,true,0.31527,0000000000000000000000000000000000000000000000000000000000000000,0000000000000000000000000000000000000000000000000000000000000000
v2,E111180000D2663C0091E4F400237545B87B996B,2026-08-25 03:41:03.000 UTC,C42779FBDDF08F2076EDD51679E5206288D82C33E10401204DC2E5009D3901A4,584,79484486F6983D5F854BAA3FED119722BA840FAFC0D8710A916B05B7B453447D,0,57954681823356723200514993531019273610568354442642190874670821438952727306299,8.32,13,0.64,AE68447C01FC86864FD0E5E58AAE986EEB8ABF83,0C7C5204404E9D5402D258FEDAC59C7212BAE4CB,false,0,0000000000000000000000000000000000000000000000000000000000000000,0000000000000000000000000000000000000000000000000000000000000000
v2,E111180000D2663C0091E4F400237545B87B996B,2026-08-25 03:41:03.000 UTC,C42779FBDDF08F2076EDD51679E5206288D82C33E10401204DC2E5009D3901A4,588,DD15471DC2EDA957CE968E98FA8A2D72A9780F288FDEE75C6230802A132BF83A,0,42761471553687966207880204982691112873946959239976117056273331723411744089123,4.68,13,0.36,0C7C5204404E9D5402D258FEDAC59C7212BAE4CB,E111180000D2663C0091E4F400237545B87B996B,true,0.20966,0000000000000000000000000000000000000000000000000000000000000000,0000000000000000000000000000000000000000000000000000000000000000
v2,E111180000D2663C0091E4F400237545B87B996B,2026-08-25 03:41:03.000 UTC,D02C0F8D487F63636ACDD7510FE753C884BDFE7948F8A27A8942DE16CF5EF77D,341,72C1BB69E05900CF611F433B401C74FCEEDD9E9595A3FCA4E76053DB10A1297B,1,114908152504434696013466211203306450236418903992480601158166515108878902455930,10,6.8,0.68,A3338DE30E72494D609F586E1E41C11A0A9A29C8,0B9486A260E2FAD1C6A62A520AF3B39F0ED6805F,false,0,0000000000000000000000000000000000000000000000000000000000000000,0000000000000000000000000000000000000000000000000000000000000000
v2,E111180000D2663C0091E4F400237545B87B996B,2026-08-25 03:41:03.000 UTC,D02C0F8D487F63636ACDD7510FE753C884BDFE7948F8A27A8942DE16CF5EF77D,343,8EF37C8A8F731E1F1F27B12731D49E3164BF87DB21716E71D0BE319744F9FD7A,0,25323866082562825222099711428263861856200803766293539933536997271288248426887,1.505882,4.705881,0.3200000170000049,21F4C1A1BE34A39A7BC20985DF4B7E5A39FB691D,0B9486A260E2FAD1C6A62A520AF3B39F0ED6805F,false,0,0000000000000000000000000000000000000000000000000000000000000000,0000000000000000000000000000000000000000000000000000000000000000
v2,E111180000D2663C0091E4F400237545B87B996B,2026-08-25 03:41:03.000 UTC,D02C0F8D487F63636ACDD7510FE753C884BDFE7948F8A27A8942DE16CF5EF77D,347,C90DB775859156D2DA5DE757BF0B1F5D9B9ACE7A9501BF20EB04B81307C6FCD1,0,114908152504434696013466211203306450236418903992480601158166515108878902455930,9.999999,14.705881,0.6799999945599995,0B9486A260E2FAD1C6A62A520AF3B39F0ED6805F,E111180000D2663C0091E4F400237545B87B996B,true,0.22399,0000000000000000000000000000000000000000000000000000000000000000,0000000000000000000000000000000000000000000000000000000000000000
v2,E111180000D2663C0091E4F400237545B87B996B,2026-08-25 03:41:03.000 UTC,D9222A9780A7C7857EB59CEB44B29AC5D26EE3DB102AF5C0B9840158BCC27705,671,327D159E958C9C333D44D71800ED6E187FD6E6FA9A7BF9DF1996B160AFCBA19D,0,80683013444836478816249203073387333367782102790114261193253091360277337204535,0.39,1,0.39,EEBDE7A0E019A63E6B476EB425505B7B3E6EBA30,B55FA1296E6EC55D0CE53D93B9237389F11764D4,false,0,0000000000000000000000000000000000000000000000000000000000000000,0000000000000000000000000000000000000000000000000000000000000000
v2,E111180000D2663C0091E4F400237545B87B996B,2026-08-25 03:41:03.000 UTC,D9222A9780A7C7857EB59CEB44B29AC5D26EE3DB102AF5C0B9840158BCC27705,675,07963CD5027E24BDE706888380F1F357B257344467948DC19C4C0AD4E155DB3B,0,105313443713068439809370291394462862142774398228619051055754389114395948051926,0.61,1,0.61,B55FA1296E6EC55D0CE53D93B9237389F11764D4,E111180000D2663C0091E4F400237545B87B996B,true,0.01665,0000000000000000000000000000000000000000000000000000000000000000,0000000000000000000000000000000000000000000000000000000000000000
v2,E111180000D2663C0091E4F400237545B87B996B,2026-08-25 03:41:03.000 UTC,DC91CBF5E453FA6DF857B11F16366BBDFE44DC66A82FBF67063E46FB255AFE62,605,2FD1EF9923A2C3D6CA62C1375D43B9993F42E40CBA518A0B5CBE0665EFAAD210,0,114908152504434696013466211203306450236418903992480601158166515108878902455930,3.25,5,0.65,1E79712C383704AF2D0F33A36F35B38F611AF09D,A1A0C85EB08D7036F58E8851BC739012A75ED811,false,0,0000000000000000000000000000000000000000000000000000000000000000,0000000000000000000000000000000000000000000000000000000000000000
v2,E111180000D2663C0091E4F400237545B87B996B,2026-08-25 03:41:03.000 UTC,DC91CBF5E453FA6DF857B11F16366BBDFE44DC66A82FBF67063E46FB255AFE62,607,3E12C605FF921C013D8C38BA11F9E444F44C56F05ADBD2A646F01BC4C5E47AC5,0,114908152504434696013466211203306450236418903992480601158166515108878902455930,3.2,5,0.64,B27BC932BF8110D8F78E55DA7D5F0497A18B5B82,A1A0C85EB08D7036F58E8851BC739012A75ED811,false,0,0000000000000000000000000000000000000000000000000000000000000000,0000000000000000000000000000000000000000000000000000000000000000
v2,E111180000D2663C0091E4F400237545B87B996B,2026-08-25 03:41:03.000 UTC,DC91CBF5E453FA6DF857B11F16366BBDFE44DC66A82FBF67063E46FB255AFE62,611,FD05B44A63436B5D90B0E27CD19AB46E2DA628B25EFB10FA3AD204741A3E7C7E,0,25323866082562825222099711428263861856200803766293539933536997271288248426887,3.55,10,0.355,A1A0C85EB08D7036F58E8851BC739012A75ED811,E111180000D2663C0091E4F400237545B87B996B,true,0.16028,0000000000000000000000000000000000000000000000000000000000000000,0000000000000000000000000000000000000000000000000000000000000000
v2,E111180000D2663C0091E4F400237545B87B996B,2026-08-25 03:41:03.000 UTC,E9DA59510A3E8A0D989D9DAB88D0D8405B9CA7A386D0E88C727E4E94E6094AED,523,0E01EC09A05FBA5C4CF52B928821BB96698606AE6780F99D13112041DD940076,0,80683013444836478816249203073387333367782102790114261193253091360277337204535,0.0076,0.02,0.38,EEBDE7A0E019A63E6B476EB425505B7B3E6EBA30,674887D1AC838099A48B629DFF53F25B7B87EE08,false,0,0000000000000000000000000000000000000000000000000000000000000000,0000000000000000000000000000000000000000000000000000000000000000
v2,E111180000D2663C0091E4F400237545B87B996B,2026-08-25 03:41:03.000 UTC,E9DA59510A3E8A0D989D9DAB88D0D8405B9CA7A386D0E88C727E4E94E6094AED,526,97B310446D74B5D206F9FA0D3020A000F1DBC8F6DB5F932D25E88A4EDC4F702F,1,80683013444836478816249203073387333367782102790114261193253091360277337204535,0.02,0.0076,0.38,674887D1AC838099A48B629DFF53F25B7B87EE08,E111180000D2663C0091E4F400237545B87B996B,true,0.00032,0000000000000000000000000000000000000000000000000000000000000000,0000000000000000000000000000000000000000000000000000000000000000
v2,E111180000D2663C0091E4F400237545B87B996B,2026-08-25 03:41:03.000 UTC,F7EA70583B64AEE397484D763F920641C0C309173BBBDE10F47D62F052248A6D,320,080BA08686DD43A5245C2C10FCAA34BBB9875BC994640B3AEA2EF7FF6F1DB0C1,0,85726358285139274992755429967205294411901765760528272277244026602010393622972,0.0118,0.02,0.59,B27BC932BF8110D8F78E55DA7D5F0497A18B5B82,674887D1AC838099A48B629DFF53F25B7B87EE08,false,0,0000000000000000000000000000000000000000000000000000000000000000,0000000000000000000000000000000000000000000000000000000000000000
v2,E111180000D2663C0091E4F400237545B87B996B,2026-08-25 03:41:03.000 UTC,F7EA70583B64AEE397484D763F920641C0C309173BBBDE10F47D62F052248A6D,323,B7D3058D3DE9A45D68FCF377848DD0EF746AE7CF9D340BBC603B1BB140E52A83,1,85726358285139274992755429967205294411901765760528272277244026602010393622972,0.02,0.0118,0.59,674887D1AC838099A48B629DFF53F25B7B87EE08,E111180000D2663C0091E4F400237545B87B996B,true,0.00033,0000000000000000000000000000000000000000000000000000000000000000,0000000000000000000000000000000000000000000000000000000000000000
v2,E111180000D2663C0091E4F400237545B87B996B,2026-08-25 03:41:01.000 UTC,0CC55E1F42C0190DF9F33E5556E0BB7EEB449D2C3E2331C14B0BA499B09EEB68,344,D6F222143EEA6851BF04661777F1ABD3F8559A7FC7708E0769AFA97D39E73F0C,0,36313752927594284030157824512155344616503438533583173955726763020632539684581,0.0188,0.02,0.94,A0E72D5575095199AE08CE0DCE447F21B7249461,674887D1AC838099A48B629DFF53F25B7B87EE08,false,0,0000000000000000000000000000000000000000000000000000000000000000,0000000000000000000000000000000000000000000000000000000000000000
v2,E111180000D2663C0091E4F400237545B87B996B,2026-08-25 03:41:01.000 UTC,0CC55E1F42C0190DF9F33E5556E0BB7EEB449D2C3E2331C14B0BA499B09EEB68,347,06944260EAB5D68261D834D001CA7907F30EE9B3D89B1630A862A69B81AE31B2,1,36313752927594284030157824512155344616503438533583173955726763020632539684581,0.02,0.0188,0.94,674887D1AC838099A48B629DFF53F25B7B87EE08,E111180000D2663C0091E4F400237545B87B996B,true,7e-05,0000000000000000000000000000000000000000000000000000000000000000,0000000000000000000000000000000000000000000000000000000000000000
v2,E111180000D2663C0091E4F400237545B87B996B,2026-08-25 03:41:01.000 UTC,1EE8AB828454BA44097EC90F3885ADE46D257676C41EA7137C12F088749430DD,411,6501FDA8948BD8417FD24FD170B41D4FBF0AB68AF80B180182CCF7ECF73AB6DD,0,109275985479515034967424549963419458093411601297807915417146240194674768247874,2.45,5,0.49,893575C7D99542163C6B6E8A0FE5AF0B6D217DAA,23DF7DF4079AB07C3AF1E39A8674133A7074640A,false,0,0000000000000000000000000000000000000000000000000000000000000000,0000000000000000000000000000000000000000000000000000000000000000
v2,E111180000D2663C0091E4F400237545B87B996B,2026-08-25 03:41:01.000 UTC,1EE8AB828454BA44097EC90F3885ADE46D257676C41EA7137C12F088749430DD,413,26ED20EC05EDC9CB934607191EE309DA6AC02FDDAA1BFE6E90E727A49E5F785C,0,109275985479515034967424549963419458093411601297807915417146240194674768247874,2.446153,5.096152,0.48000000784905944,FE787D2DA716D60E8ACFF57FB87EB13CD4D10319,23DF7DF4079AB07C3AF1E39A8674133A7074640A,false,0,0000000000000000000000000000000000000000000000000000000000000000,0000000000000000000000000000000000000000000000000000000000000000
v2,E111180000D2663C0091E4F400237545B87B996B,2026-08-25 03:41:01.000 UTC,1EE8AB828454BA44097EC90F3885ADE46D257676C41EA7137C12F088749430DD,417,C0059E8616640B8CAE0A77A93354C114004BCB8B4D285872CFFF8A95CDE0674D,0,104730006459188397273333237054847171124571358437389124098369797641959930769759,5.199999,10.096152,0.5150476141801351,23DF7DF4079AB07C3AF1E39A8674133A7074640A,E111180000D2663C0091E4F400237545B87B996B,true,0.12608,0000000000000000000000000000000000000000000000000000000000000000,0000000000000000000000000000000000000000000000000000000000000000
v2,E111180000D2663C0091E4F400237545B87B996B,2026-08-25 03:41:01.000 UTC,3C31938298A356763FA8E0FA34FD6A10D03FAD36713544492AAB275A0C29AD97,539,53941B7823E4BA42F7C4A0762EC634C84FFE1FC9C5BF98D07C42F26BF5395F61,0,36313752927594284030157824512155344616503438533583173955726763020632539684581,0.0188,0.02,0.94,A0E72D5575095199AE08CE0DCE447F21B7249461,674887D1AC838099A48B629DFF53F25B7B87EE08,false,0,0000000000000000000000000000000000000000000000000000000000000000,0000000000000000000000000000000000000000000000000000000000000000
v2,E111180000D2663C0091E4F400237545B87B996B,2026-08-25 03:41:01.000 UTC,3C31938298A356763FA8E0FA34FD6A10D03FAD36713544492AAB275A0C29AD97,542,ADA62CE12E8B29EF654D27ED8D9731376DC518B671E5E02FCD8062134CCDAC0D,1,36313752927594284030157824512155344616503438533583173955726763020632539684581,0.02,0.0188,0.94,674887D1AC838099A48B629DFF53F25B7B87EE08,E111180000D2663C0091E4F400237545B87B996B,true,7e-05,0000000000000000000000000000000000000000000000000000000000000000,0000000000000000000000000000000000000000000000000000000000000000
v2,E2222D279D744050D28E00520010520000310F59,2026-08-25 03:41:01.000 UTC,5160498C9D2892B67C27B1649D5D19D6E50710DC8A868B6BBFE93D4938572B32,362,BB205F5C81631F9C7E837AAB7E2056DCF7D38E316F4B5EA26F3D325C1272D0F9,1,33339798372916037220786136133406478491116150628220441951753426683441228279665,5,0.01,0.002,3E9FF2DBF2A6356EE47049E9F3C43A70CB55D57F,C69BD5567B40EF4D11922EAA57E1F9BE1C642076,false,0,0000000000000000000000000000000000000000000000000000000000000000,0000000000000000000000000000000000000000000000000000000000000000
v2,E2222D279D744050D28E00520010520000310F59,2026-08-25 03:41:01.000 UTC,5160498C9D2892B67C27B1649D5D19D6E50710DC8A868B6BBFE93D4938572B32,364,69ECE8390FD9AA65C2F75CDA9694DE2F96DD1EE8B495506BFB7910097031A864,0,33339798372916037220786136133406478491116150628220441951753426683441228279665,0.01,5,0.002,C69BD5567B40EF4D11922EAA57E1F9BE1C642076,E2222D279D744050D28E00520010520000310F59,true,0.00029,0000000000000000000000000000000000000000000000000000000000000000,0000000000000000000000000000000000000000000000000000000000000000
v2,E2222D279D744050D28E00520010520000310F59,2026-08-25 03:41:01.000 UTC,56F4B78825B054A8A1D4013D784A1C838E800751AE796E32B2F9A5C3C4FCD5EF,522,BB205F5C81631F9C7E837AAB7E2056DCF7D38E316F4B5EA26F3D325C1272D0F9,1,33339798372916037220786136133406478491116150628220441951753426683441228279665,5,0.01,0.002,3E9FF2DBF2A6356EE47049E9F3C43A70CB55D57F,C69BD5567B40EF4D11922EAA57E1F9BE1C642076,false,0,0000000000000000000000000000000000000000000000000000000000000000,0000000000000000000000000000000000000000000000000000000000000000
v2,E2222D279D744050D28E00520010520000310F59,2026-08-25 03:41:01.000 UTC,56F4B78825B054A8A1D4013D784A1C838E800751AE796E32B2F9A5C3C4FCD5EF,524,247FE168BC01FBD1A0AD2FB3237C97F2EC3278AE71BA1298A1EB4077A72F64B3,0,33339798372916037220786136133406478491116150628220441951753426683441228279665,0.01,5,0.002,C69BD5567B40EF4D11922EAA57E1F9BE1C642076,E2222D279D744050D28E00520010520000310F59,true,0.00029,0000000000000000000000000000000000000000000000000000000000000000,0000000000000000000000000000000000000000000000000000000000000000
v2,E111180000D2663C0091E4F400237545B87B996B,2026-08-25 03:41:01.000 UTC,59B05CF8906EBE84F49D3A032CB891645CF99EB33F3B6D748D207D4B9A2B7C56,390,142B333A8F38C89610816340B2279DE1DCF058792C119E180CE860AF2B78C9A8,0,49415454858728120583169859793616891394559297791124621501249826129592711977239,0.0042,0.02,0.21,885278F0E304BC2D53F805AF2AB779CB6011C569,674887D1AC838099A48B629DFF53F25B7B87EE08,false,0,0000000000000000000000000000000000000000000000000000000000000000,0000000000000000000000000000000000000000000000000000000000000000
v2,E111180000D2663C0091E4F400237545B87B996B,2026-08-25 03:41:01.000 UTC,59B05CF8906EBE84F49D3A032CB891645CF99EB33F3B6D748D207D4B9A2B7C56,393,1E5D009E3E4807E1F202169AAD04A5D55BDE4E548EE17C37469B237F7B269311,1,49415454858728120583169859793616891394559297791124621501249826129592711977239,0.02,0.0042,0.21,674887D1AC838099A48B629DFF53F25B7B87EE08,E111180000D2663C0091E4F400237545B87B996B,true,0.00023,0000000000000000000000000000000000000000000000000000000000000000,0000000000000000000000000000000000000000000000000000000000000000
v2,E111180000D2663C0091E4F400237545B87B996B,2026-08-25 03:41:01.000 UTC,5CD7AC63E8389C5A85DFD48DBA817A2C03C7951D1AE5B427C5E99CDFB8F23864,317,5AD4616BE79975E8526A58BDCE60BDDC95C5627FA7D8DE1068F6E6812A8D4F76,1,48045938489781039493443005373766144574193587622238993062789789639360486207413,10,9.2,0.92,537E40B82B15B6089DA3CB13E0D8B760E83053CB,775D9DE0C72C76A459FADFBB4CD79D5715236BEB,false,0,0000000000000000000000000000000000000000000000000000000000000000,0000000000000000000000000000000000000000000000000000000000000000
v2,E111180000D2663C0091E4F400237545B87B996B,2026-08-25 03:41:01.000 UTC,5CD7AC63E8389C5A85DFD48DBA817A2C03C7951D1AE5B427C5E99CDFB8F23864,319,36C135E2240B331B6D905A3BE8EB0D92109A120D37FF98466EC2F930FF4ED965,0,48045938489781039493443005373766144574193587622238993062789789639360486207413,9.2,10,0.92,775D9DE0C72C76A459FADFBB4CD79D5715236BEB,E111180000D2663C0091E4F400237545B87B996B,true,0.05152,0000000000000000000000000000000000000000000000000000000000000000,0000000000000000000000000000000000000000000000000000000000000000
v2,E111180000D2663C0091E4F400237545B87B996B,2026-08-25 03:41:01.000 UTC,69989C829DAD28F02ACFBA272905D918393A4BBF6C979D3B1BED4CA846228AEE,561,71FF661247CE2882B638579AEBB32F00231B62F3F50354ACFA00168682681C63,0,80683013444836478816249203073387333367782102790114261193253091360277337204535,0.2795,0.65,0.43,DDB6E6246546230503F153506AC1E9914978B9B3,B55FA1296E6EC55D0CE53D93B9237389F11764D4,false,0,0000000000000000000000000000000000000000000000000000000000000000,0000000000000000000000000000000000000000000000000000000000000000
v2,E111180000D2663C0091E4F400237545B87B996B,2026-08-25 03:41:01.000 UTC,69989C829DAD28F02ACFBA272905D918393A4BBF6C979D3B1BED4CA846228AEE,563,C3E26FF57F6CC7C8A8E9FAA2BA096BF153C39F8FD3BF836B30C60F09BD01A052,0,80683013444836478816249203073387333367782102790114261193253091360277337204535,8.4,21,0.4,EEBDE7A0E019A63E6B476EB425505B7B3E6EBA30,B55FA1296E6EC55D0CE53D93B9237389F11764D4,false,0,0000000000000000000000000000000000000000000000000000000000000000,0000000000000000000000000000000000000000000000000000000000000000
v2,E111180000D2663C0091E4F400237545B87B996B,2026-08-25 03:41:01.000 UTC,69989C829DAD28F02ACFBA272905D918393A4BBF6C979D3B1BED4CA846228AEE,565,213F1605B4DB26D0E145701636FA9741EB6F61F78B5E4BEFC6F27A582E819F31,0,80683013444836478816249203073387333367782102790114261193253091360277337204535,4.187385,10.736884,0.39000002235285397,EEBDE7A0E019A63E6B476EB425505B7B3E6EBA30,B55FA1296E6EC55D0CE53D93B9237389F11764D4,false,0,0000000000000000000000000000000000000000000000000000000000000000,0000000000000000000000000000000000000000000000000000000000000000
v2,E111180000D2663C0091E4F400237545B87B996B,2026-08-25 03:41:01.000 UTC,69989C829DAD28F02ACFBA272905D918393A4BBF6C979D3B1BED4CA846228AEE,569,79858BB1811275160295047D5FD0BAFE63B063E58B7323E5C0EE31C8FCF049E5,0,105313443713068439809370291394462862142774398228619051055754389114395948051926,19.519999,32.386884,0.6027130921270475,B55FA1296E6EC55D0CE53D93B9237389F11764D4,E111180000D2663C0091E4F400237545B87B996B,true,0.54285,0000000000000000000000000000000000000000000000000000000000000000,0000000000000000000000000000000000000000000000000000000000000000
v2,E111180000D2663C0091E4F400237545B87B996B,2026-08-25 03:41:01.000 UTC,6A9C1207A731BBD357CA30CA0591E5DC38D76980DBEA77B2CF7A109D57FC824B,353,D6F222143EEA6851BF04661777F1ABD3F8559A7FC7708E0769AFA97D39E73F0C,0,36313752927594284030157824512155344616503438533583173955726763020632539684581,0.0188,0.02,0.94,A0E72D5575095199AE08CE0DCE447F21B7249461,674887D1AC838099A48B629DFF53F25B7B87EE08,false,0,0000000000000000000000000000000000000000000000000000000000000000,0000000000000000000000000000000000000000000000000000000000000000
v2,E111180000D2663C0091E4F400237545B87B996B,2026-08-25 03:41:01.000 UTC,6A9C1207A731BBD357CA30CA0591E5DC38D76980DBEA77B2CF7A109D57FC824B,356,44928CD5501D00FBFBB73986E8B2982055E5DB0BDBA9CBEC13877D33B5AB1208,1,36313752927594284030157824512155344616503438533583173955726763020632539684581,0.02,0.0188,0.94,674887D1AC838099A48B629DFF53F25B7B87EE08,E111180000D2663C0091E4F400237545B87B996B,true,7e-05,0000000000000000000000000000000000000000000000000000000000000000,0000000000000000000000000000000000000000000000000000000000000000
v2,E111180000D2663C0091E4F400237545B87B996B,2026-08-25 03:41:01.000 UTC,8023618712335DAB2D90D73D02DF9AC90B242B4DCBEEB7E0DE0616C6438822CF,513,592003546A7C594B21C01E4A44A5264D384519E942B3E074C80678F9D7D61706,0,57954681823356723200514993531019273610568354442642190874670821438952727306299,8.691428,13.371427,0.6500000336538501,AE68447C01FC86864FD0E5E58AAE986EEB8ABF83,0C7C5204404E9D5402D258FEDAC59C7212BAE4CB,false,0,0000000000000000000000000000000000000000000000000000000000000000,0000000000000000000000000000000000000000000000000000000000000000
v2,E111180000D2663C0091E4F400237545B87B996B,2026-08-25 03:41:01.000 UTC,8023618712335DAB2D90D73D02DF9AC90B242B4DCBEEB7E0DE0616C6438822CF,517,4ADABDAFF45BD8A47F9A5FF4F3138AC3EAD5C228A82ED984460B53A206634419,0,42761471553687966207880204982691112873946959239976117056273331723411744089123,4.679999,13.371427,0.3499999663461499,0C7C5204404E9D5402D258FEDAC59C7212BAE4CB,E111180000D2663C0091E4F400237545B87B996B,true,0.21293,0000000000000000000000000000000000000000000000000000000000000000,0000000000000000000000000000000000000000000000000000000000000000
v2,E111180000D2663C0091E4F400237545B87B996B,2026-08-25 03:41:01.000 UTC,87603254D8D8DD741F5185EFAC0AD47D3549F54508CFBAFA2B896583649F5009,473,61D7F7708E8ABEAE5E67170FE8896EF5D68CD7F94BB36D22E019A31F7153E1FA,0,114908152504434696013466211203306450236418903992480601158166515108878902455930,3.3366,4.98,0.67,408AEE8C2C709E81D0EA89CBBBF42B7977BA2F5B,5E5A452213C2F4360F2A889B0D10F88E8B1402BC,false,0,463073042AD606E6008069D7A5469CFCC441FB96D990A5AC18BFC12133A0646B,0000000000000000000000000000000000000000000000000000000000000000
v2,E111180000D2663C0091E4F400237545B87B996B,2026-08-25 03:41:01.000 UTC,87603254D8D8DD741F5185EFAC0AD47D3549F54508CFBAFA2B896583649F5009,475,6E6E0A9C1179530381CAB708D7B512CFC6CF2EF6D11455302B66CAF15E5B0BED,0,114908152504434696013466211203306450236418903992480601158166515108878902455930,16.96643,25.323029,0.6700000225091556,B27BC932BF8110D8F78E55DA7D5F0497A18B5B82,5E5A452213C2F4360F2A889B0D10F88E8B1402BC,false,0,0000000000000000000000000000000000000000000000000000000000000000,0000000000000000000000000000000000000000000000000000000000000000
v2,E111180000D2663C0091E4F400237545B87B996B,2026-08-25 03:41:01.000 UTC,87603254D8D8DD741F5185EFAC0AD47D3549F54508CFBAFA2B896583649F5009,479,D1A0FDC46ACF6D97D2C36D7787AD13441E8B7894F71A35599F10F3E56428EE72,0,25323866082562825222099711428263861856200803766293539933536997271288248426887,9.999999,30.303029,0.3299999811899992,5E5A452213C2F4360F2A889B0D10F88E8B1402BC,E111180000D2663C0091E4F400237545B87B996B,true,0.46899,0000000000000000000000000000000000000000000000000000000000000000,0000000000000000000000000000000000000000000000000000000000000000
v2,E2222D279D744050D28E00520010520000310F59,2026-08-25 03:41:01.000 UTC,A7ED2C43E7FF776B19DC30D239C46C5BCA22EEE665DB4E3F9F653B7D17E5B77D,452,B09A10442783B2D7CBC5856F93AAD7B6567239B42831DF63F2536A8C37D172E2,0,86169745307861674090452043379261530418870357324952931974995649343490068237899,0.002482,2.482,0.001,C21EA96BE762BB55041529AF6E386E7C53B80215,72E0244CFB38200A90271CA9F10286E49A030B96,false,0,0000000000000000000000000000000000000000000000000000000000000000,0000000000000000000000000000000000000000000000000000000000000000
v2,E2222D279D744050D28E00520010520000310F59,2026-08-25 03:41:01.000 UTC,A7ED2C43E7FF776B19DC30D239C46C5BCA22EEE665DB4E3F9F653B7D17E5B77D,456,2C8F330BC1606FEF68BE2743E53D6DB15BB1AD73F3B66651A7DD038C22C35709,0,82473771797407453562844762291919931002221279802613383962464132028745296294953,2.479518,2.482,0.999,72E0244CFB38200A90271CA9F10286E49A030B96,E2222D279D744050D28E00520010520000310F59,true,9e-05,0000000000000000000000000000000000000000000000000000000000000000,0000000000000000000000000000000000000000000000000000000000000000
v2,E111180000D2663C0091E4F400237545B87B996B,2026-08-25 03:41:01.000 UTC,D6453FA49AD5EF92E9667F7BF8867DC373CBF8F84F5BCBF33F089D27598084FA,325,7494E37DA6F0B539BFD253F75FEE68E59F33072F468FF77D9968350C040FB2B5,0,70252718303559652349513469860319551842622259106171464793184636205379335244425,0.0134,0.02,0.67,7D8C3280F00C5737BC6CD86F8B5CB9E6B9DB5822,674887D1AC838099A48B629DFF53F25B7B87EE08,false,0,0000000000000000000000000000000000000000000000000000000000000000,0000000000000000000000000000000000000000000000000000000000000000
v2,E111180000D2663C0091E4F400237545B87B996B,2026-08-25 03:41:01.000 UTC,D6453FA49AD5EF92E9667F7BF8867DC373CBF8F84F5BCBF33F089D27598084FA,328,B8E76EA35D92B6D4B25971EB2909668592104C25A596C1889621A659BF1B80C1,1,70252718303559652349513469860319551842622259106171464793184636205379335244425,0.02,0.0134,0.67,674887D1AC838099A48B629DFF53F25B7B87EE08,E111180000D2663C0091E4F400237545B87B996B,true,0.0003,0000000000000000000000000000000000000000000000000000000000000000,0000000000000000000000000000000000000000000000000000000000000000
v2,E111180000D2663C0091E4F400237545B87B996B,2026-08-25 03:41:01.000 UTC,D8968A3F7D561F22EBB415FE0134F78EB88EFA03598389AF6148B801B196CD0C,381,7494E37DA6F0B539BFD253F75FEE68E59F33072F468FF77D9968350C040FB2B5,0,70252718303559652349513469860319551842622259106171464793184636205379335244425,0.0134,0.02,0.67,7D8C3280F00C5737BC6CD86F8B5CB9E6B9DB5822,674887D1AC838099A48B629DFF53F25B7B87EE08,false,0,0000000000000000000000000000000000000000000000000000000000000000,0000000000000000000000000000000000000000000000000000000000000000
v2,E111180000D2663C0091E4F400237545B87B996B,2026-08-25 03:41:01.000 UTC,D8968A3F7D561F22EBB415FE0134F78EB88EFA03598389AF6148B801B196CD0C,384,5DCD813F391EF0ABECD4D51088893D2F2A228AA74010AD5860E7F74D08D2821C,1,70252718303559652349513469860319551842622259106171464793184636205379335244425,0.02,0.0134,0.67,674887D1AC838099A48B629DFF53F25B7B87EE08,E111180000D2663C0091E4F400237545B87B996B,true,0.0003,0000000000000000000000000000000000000000000000000000000000000000,0000000000000000000000000000000000000000000000000000000000000000
v2,E111180000D2663C0091E4F400237545B87B996B,2026-08-25 03:41:01.000 UTC,DA165A00B6AE7D3A790F898CC72E5B0EB505D8FDB1033007DB6837CE7DDF7367,308,61D7F7708E8ABEAE5E67170FE8896EF5D68CD7F94BB36D22E019A31F7153E1FA,0,114908152504434696013466211203306450236418903992480601158166515108878902455930,0.0134,0.02,0.67,408AEE8C2C709E81D0EA89CBBBF42B7977BA2F5B,674887D1AC838099A48B629DFF53F25B7B87EE08,false,0,463073042AD606E6008069D7A5469CFCC441FB96D990A5AC18BFC12133A0646B,0000000000000000000000000000000000000000000000000000000000000000
v2,E111180000D2663C0091E4F400237545B87B996B,2026-08-25 03:41:01.000 UTC,DA165A00B6AE7D3A790F898CC72E5B0EB505D8FDB1033007DB6837CE7DDF7367,311,536BBF158430DE52F1F93D069EDCF42E90F933E66E0ED5F590C53F2CC8C9F308,1,114908152504434696013466211203306450236418903992480601158166515108878902455930,0.02,0.0134,0.67,674887D1AC838099A48B629DFF53F25B7B87EE08,E111180000D2663C0091E4F400237545B87B996B,true,0.0003,0000000000000000000000000000000000000000000000000000000000000000,0000000000000000000000000000000000000000000000000000000000000000
v2,E111180000D2663C0091E4F400237545B87B996B,2026-08-25 03:41:01.000 UTC,E4C6A9E05C03B4A24514ECFDB4256148D24669508FAFE77600B3BCDF57AC7A68,530,53941B7823E4BA42F7C4A0762EC634C84FFE1FC9C5BF98D07C42F26BF5395F61,0,36313752927594284030157824512155344616503438533583173955726763020632539684581,0.0188,0.02,0.94,A0E72D5575095199AE08CE0DCE447F21B7249461,674887D1AC838099A48B629DFF53F25B7B87EE08,false,0,0000000000000000000000000000000000000000000000000000000000000000,0000000000000000000000000000000000000000000000000000000000000000
v2,E111180000D2663C0091E4F400237545B87B996B,2026-08-25 03:41:01.000 UTC,E4C6A9E05C03B4A24514ECFDB4256148D24669508FAFE77600B3BCDF57AC7A68,533,56543CCBA838F73F1563423DDF13A27D5334B9B624A4CAEF6EADF03A4B2FA620,1,36313752927594284030157824512155344616503438533583173955726763020632539684581,0.02,0.0188,0.94,674887D1AC838099A48B629DFF53F25B7B87EE08,E111180000D2663C0091E4F400237545B87B996B,true,7e-05,0000000000000000000000000000000000000000000000000000000000000000,0000000000000000000000000000000000000000000000000000000000000000
v2,E111180000D2663C0091E4F400237545B87B996B,2026-08-25 03:41:01.000 UTC,E691BD05CF0A03D437D25BD3D304FF5644CF2FAAC6ADE1C7572C268D47CD45FB,299,DE441E632116801F3EA831959C3BE3B0C6D4BCD4C91F3200D393089E60A72C30,0,114908152504434696013466211203306450236418903992480601158166515108878902455930,3.4,5,0.68,B4982F610A92A6FF7448FA27C70DCCD3DC9E85B9,3048D65321BE3497164CDFC2996F94F98A2E7537,false,0,0000000000000000000000000000000000000000000000000000000000000000,0000000000000000000000000000000000000000000000000000000000000000
v2,E111180000D2663C0091E4F400237545B87B996B,2026-08-25 03:41:01.000 UTC,E691BD05CF0A03D437D25BD3D304FF5644CF2FAAC6ADE1C7572C268D47CD45FB,303,889117D8C557BE0185D275E414C5E6A2946BA2EEFA0524B4F121414AFCF07708,0,25323866082562825222099711428263861856200803766293539933536997271288248426887,1.6,5,0.32,3048D65321BE3497164CDFC2996F94F98A2E7537,E111180000D2663C0091E4F400237545B87B996B,true,0.07616,0000000000000000000000000000000000000000000000000000000000000000,0000000000000000000000000000000000000000000000000000000000000000
v2,E111180000D2663C0091E4F400237545B87B996B,2026-08-25 03:41:00.000 UTC,00B50A3002001B4208044D5F1D6933B22759F5685CFA5C28E60C2283A69E1E21,500,1EC4ACDC41E8CA84A6AE3B0DD30743F7CF5BF4AD81FAB7839A231EA6E3D2E5FA,0,80683013444836478816249203073387333367782102790114261193253091360277337204535,2.7,6,0.45,E8E086F7EF06AF27889EDFB5026E1453C61D7EEC,B55FA1296E6EC55D0CE53D93B9237389F11764D4,false,0,0000000000000000000000000000000000000000000000000000000000000000,0000000000000000000000000000000000000000000000000000000000000000
v2,E111180000D2663C0091E4F400237545B87B996B,2026-08-25 03:41:00.000 UTC,00B50A3002001B4208044D5F1D6933B22759F5685CFA5C28E60C2283A69E1E21,504,DDF1DE65F0FA0CB927F674B1BA572BEA7D7CFDF921604796D329F507411E3D1C,0,105313443713068439809370291394462862142774398228619051055754389114395948051926,3.3,6,0.55,B55FA1296E6EC55D0CE53D93B9237389F11764D4,E111180000D2663C0091E4F400237545B87B996B,true,0.10395,0000000000000000000000000000000000000000000000000000000000000000,0000000000000000000000000000000000000000000000000000000000000000
v2,E111180000D2663C0091E4F400237545B87B996B,2026-08-25 03:41:00.000 UTC,08E786BA7F7333827DDA0FC50C2A54B1B9539BC2CC2847185FB8CBC21B4B11F2,355,9EEDD68A06B60CB001AE48E1198067E19AE0AF50387D30651C32A9FD6310EF58,1,114908152504434696013466211203306450236418903992480601158166515108878902455930,5,3.45,0.69,0AB7993CD51F552A61E9211E424578F5BFC66FE6,0C7C5204404E9D5402D258FEDAC59C7212BAE4CB,false,0,0000000000000000000000000000000000000000000000000000000000000000,0000000000000000000000000000000000000000000000000000000000000000
v2,E111180000D2663C0091E4F400237545B87B996B,2026-08-25 03:41:00.000 UTC,08E786BA7F7333827DDA0FC50C2A54B1B9539BC2CC2847185FB8CBC21B4B11F2,358,42EB809E2485EC120E7424137F777B45A87DC345D4785C1B7F75012A5A58C1A5,1,114908152504434696013466211203306450236418903992480601158166515108878902455930,9,6.21,0.69,5916CE250C0B3E32EED3303FFB2938CAB0B42A0B,0C7C5204404E9D5402D258FEDAC59C7212BAE4CB,false,0,0000000000000000000000000000000000000000000000000000000000000000,0000000000000000000000000000000000000000000000000000000000000000
v2,E111180000D2663C0091E4F400237545B87B996B,2026-08-25 03:41:00.000 UTC,08E786BA7F7333827DDA0FC50C2A54B1B9539BC2CC2847185FB8CBC21B4B11F2,360,BC0E80EEB663C02BC42E3BDBBA5C43D4FE985C0795FE76C2CE7DAD4BBF104996,0,114908152504434696013466211203306450236418903992480601158166515108878902455930,9.66,14,0.69,0C7C5204404E9D5402D258FEDAC59C7212BAE4CB,E111180000D2663C0091E4F400237545B87B996B,true,0.20962,0000000000000000000000000000000000000000000000000000000000000000,0000000000000000000000000000000000000000000000000000000000000000
v2,E111180000D2663C0091E4F400237545B87B996B,2026-08-25 03:41:00.000 UTC,161616A158896EF22D92BA85B7E3E28B9C852928E25AD5FEBD69374F4C225030,509,60AF3FC7227C880F442F5983401CF1052CADCF66C836286BFE216FDE60472781,0,57954681823356723200514993531019273610568354442642190874670821438952727306299,0.0128,0.02,0.64,AE68447C01FC86864FD0E5E58AAE986EEB8ABF83,674887D1AC838099A48B629DFF53F25B7B87EE08,false,0,0000000000000000000000000000000000000000000000000000000000000000,0000000000000000000000000000000000000000000000000000000000000000
v2,E111180000D2663C0091E4F400237545B87B996B,2026-08-25 03:41:00.000 UTC,161616A158896EF22D92BA85B7E3E28B9C852928E25AD5FEBD69374F4C225030,512,4378E88A5323A8949FDBF0DF80F7B5404FFC533287EC4F962CFF62AFD32FAD8C,1,57954681823356723200514993531019273610568354442642190874670821438952727306299,0.02,0.0128,0.64,674887D1AC838099A48B629DFF53F25B7B87EE08,E111180000D2663C0091E4F400237545B87B996B,true,0.00032,0000000000000000000000000000000000000000000000000000000000000000,0000000000000000000000000000000000000000000000000000000000000000
v2,E111180000D2663C0091E4F400237545B87B996B,2026-08-25 03:41:00.000 UTC,31AC777C2F2A5865333C8962A2742C4B8084C59AAFDDA41C3B3C2AFF40632D83,399,83DB52A9616F581BE01B33134C11CED4999FC1696FDF66786B4E3A22BEA3BFBF,0,80683013444836478816249203073387333367782102790114261193253091360277337204535,3.22,7,0.46,E8E086F7EF06AF27889EDFB5026E1453C61D7EEC,CE25E214D5CFE4F459CF67F08DF581885AAE7FDC,false,0,0000000000000000000000000000000000000000000000000000000000000000,0000000000000000000000000000000000000000000000000000000000000000
v2,E111180000D2663C0091E4F400237545B87B996B,2026-08-25 03:41:00.000 UTC,31AC777C2F2A5865333C8962A2742C4B8084C59AAFDDA41C3B3C2AFF40632D83,401,CB9C74B19B3F30A72C4132CC9ACAF990A00BE329BB83DF4A8F1DABA2ED9AAD5A,0,80683013444836478816249203073387333367782102790114261193253091360277337204535,3.22,7,0.46,E8E086F7EF06AF27889EDFB5026E1453C61D7EEC,CE25E214D5CFE4F459CF67F08DF581885AAE7FDC,false,0,0000000000000000000000000000000000000000000000000000000000000000,0000000000000000000000000000000000000000000000000000000000000000
v2,E111180000D2663C0091E4F400237545B87B996B,2026-08-25 03:41:00.000 UTC,31AC777C2F2A5865333C8962A2742C4B8084C59AAFDDA41C3B3C2AFF40632D83,403,93AE1FEAABE7213CE70D81830AAA60C830C8AFF398CD895F70341663521B0E1D,0,80683013444836478816249203073387333367782102790114261193253091360277337204535,3.68,8,0.46,E8E086F7EF06AF27889EDFB5026E1453C61D7EEC,CE25E214D5CFE4F459CF67F08DF581885AAE7FDC,false,0,0000000000000000000000000000000000000000000000000000000000000000,0000000000000000000000000000000000000000000000000000000000000000
v2,E111180000D2663C0091E4F400237545B87B996B,2026-08-25 03:41:00.000 UTC,31AC777C2F2A5865333C8962A2742C4B8084C59AAFDDA41C3B3C2AFF40632D83,405,40F49CD90BE693C8A411B4A3DC0AFB1AE6CF9E363FDAE5115C5ACC941F1F4AE3,0,80683013444836478816249203073387333367782102790114261193253091360277337204535,3.68,8,0.46,A1F56CD95F1B71C8D0E09CA7060C8809408F224A,CE25E214D5CFE4F459CF67F08DF581885AAE7FDC,false,0,0000000000000000000000000000000000000000000000000000000000000000,0000000000000000000000000000000000000000000000000000000000000000
v2,E111180000D2663C0091E4F400237545B87B996B,2026-08-25 03:41:00.000 UTC,31AC777C2F2A5865333C8962A2742C4B8084C59AAFDDA41C3B3C2AFF40632D83,409,E9155E37EB824E83999959B6CCEA827119D0BA102AB8E0F0C72B22E92FF077BD,0,105313443713068439809370291394462862142774398228619051055754389114395948051926,16.2,30,0.54,CE25E214D5CFE4F459CF67F08DF581885AAE7FDC,E111180000D2663C0091E4F400237545B87B996B,true,0.52164,0000000000000000000000000000000000000000000000000000000000000000,0000000000000000000000000000000000000000000000000000000000000000
v2,E111180000D2663C0091E4F400237545B87B996B,2026-08-25 03:41:00.000 UTC,45E067DF12CBA328CA5094DF8AFC97B75A0E58DAE9712473BFD2EFC31B271FE6,576,57E2E47D6845F29996ECF11A8422E6CE62D7A5F420A0C9D971EAC99394FF501D,0,80683013444836478816249203073387333367782102790114261193253091360277337204535,3.4314,7.98,0.43,DDB6E6246546230503F153506AC1E9914978B9B3,B55FA1296E6EC55D0CE53D93B9237389F11764D4,false,0,0000000000000000000000000000000000000000000000000000000000000000,0000000000000000000000000000000000000000000000000000000000000000
v2,E111180000D2663C0091E4F400237545B87B996B,2026-08-25 03:41:00.000 UTC,45E067DF12CBA328CA5094DF8AFC97B75A0E58DAE9712473BFD2EFC31B271FE6,578,6874D4724F42841E932FD0DFFA7C6DB421821E5151065F2E986718E0F8871610,0,80683013444836478816249203073387333367782102790114261193253091360277337204535,2.4381,5.67,0.43,DDB6E6246546230503F153506AC1E9914978B9B3,B55FA1296E6EC55D0CE53D93B9237389F11764D4,false,0,0000000000000000000000000000000000000000000000000000000000000000,0000000000000000000000000000000000000000000000000000000000000000
v2,E111180000D2663C0091E4F400237545B87B996B,2026-08-25 03:41:00.000 UTC,45E067DF12CBA328CA5094DF8AFC97B75A0E58DAE9712473BFD2EFC31B271FE6,580,71FF661247CE2882B638579AEBB32F00231B62F3F50354ACFA00168682681C63,0,80683013444836478816249203073387333367782102790114261193253091360277337204535,4.4505,10.35,0.43,DDB6E6246546230503F153506AC1E9914978B9B3,B55FA1296E6EC55D0CE53D93B9237389F11764D4,false,0,0000000000000000000000000000000000000000000000000000000000000000,0000000000000000000000000000000000000000000000000000000000000000
v2,E111180000D2663C0091E4F400237545B87B996B,2026-08-25 03:41:00.000 UTC,45E067DF12CBA328CA5094DF8AFC97B75A0E58DAE9712473BFD2EFC31B271FE6,584,ACDC7A4C0886E935B97E3EC7A9A6126C6287B8B11692CBC23C2214EE95795331,0,105313443713068439809370291394462862142774398228619051055754389114395948051926,13.68,24,0.57,B55FA1296E6EC55D0CE53D93B9237389F11764D4,E111180000D2663C0091E4F400237545B87B996B,true,0.41176,0000000000000000000000000000000000000000000000000000000000000000,0000000000000000000000000000000000000000000000000000000000000000
v2,E111180000D2663C0091E4F400237545B87B996B,2026-08-25 03:41:00.000 UTC,57B81B376D6DD1EF4F10C46ACF08589901608151A73B14D24BC85EE52868B067,478,E174827663774FD2C7DBAE468B8B813E4CE57D500A27F7767B9C1DAA7B34E09A,0,66315012829260561922679797924040386172300364430316158558635375172607044845732,5.44,68,0.08,EEBDE7A0E019A63E6B476EB425505B7B3E6EBA30,5BDCF419984563ECCCE4C4DBF591E04B402C3D12,false,0,0000000000000000000000000000000000000000000000000000000000000000,0000000000000000000000000000000000000000000000000000000000000000
v2,E111180000D2663C0091E4F400237545B87B996B,2026-08-25 03:41:00.000 UTC,57B81B376D6DD1EF4F10C46ACF08589901608151A73B14D24BC85EE52868B067,480,787F71D460F45505756830A896F2C9CC06F17A58F1E7AA9A139F3F1BA91D75FD,0,66315012829260561922679797924040386172300364430316158558635375172607044845732,3.255652,40.69565,0.08,B945945D5BCAF7B56834D4DA8CDF8F8F94B2DB68,5BDCF419984563ECCCE4C4DBF591E04B402C3D12,false,0,0000000000000000000000000000000000000000000000000000000000000000,0000000000000000000000000000000000000000000000000000000000000000
v2,E111180000D2663C0091E4F400237545B87B996B,2026-08-25 03:41:00.000 UTC,57B81B376D6DD1EF4F10C46ACF08589901608151A73B14D24BC85EE52868B067,484,293F027A0EEC442E90A5C23D6EA5D8CEF884A5BC476F2605B3C0782A502E89A3,0,48045938489781039493443005373766144574193587622238993062789789639360486207413,99.999998,108.69565,0.92,5BDCF419984563ECCCE4C4DBF591E04B402C3D12,E111180000D2663C0091E4F400237545B87B996B,true,0.55999,0000000000000000000000000000000000000000000000000000000000000000,0000000000000000000000000000000000000000000000000000000000000000
v2,E2222D279D744050D28E00520010520000310F59,2026-08-25 03:41:00.000 UTC,6925EACF54EFCBF7A6D651A05184AD85E79B7D5861A9E6965DCE5727D8299803,366,BB205F5C81631F9C7E837AAB7E2056DCF7D38E316F4B5EA26F3D325C1272D0F9,1,33339798372916037220786136133406478491116150628220441951753426683441228279665,5,0.01,0.002,3E9FF2DBF2A6356EE47049E9F3C43A70CB55D57F,C69BD5567B40EF4D11922EAA57E1F9BE1C642076,false,0,0000000000000000000000000000000000000000000000000000000000000000,0000000000000000000000000000000000000000000000000000000000000000
v2,E2222D279D744050D28E00520010520000310F59,2026-08-25 03:41:00.000 UTC,6925EACF54EFCBF7A6D651A05184AD85E79B7D5861A9E6965DCE5727D8299803,368,13911376DE4B1E77577F877078FC77217227740C11F3BA1ED982A8E6F7B61763,0,33339798372916037220786136133406478491116150628220441951753426683441228279665,0.01,5,0.002,C69BD5567B40EF4D11922EAA57E1F9BE1C642076,E2222D279D744050D28E00520010520000310F59,true,0.00029,0000000000000000000000000000000000000000000000000000000000000000,0000000000000000000000000000000000000000000000000000000000000000
v2,E111180000D2663C0091E4F400237545B87B996B,2026-08-25 03:41:00.000 UTC,6A8F654E4EACD3C21F797492D6D89E4A5CE5A03F3C040DED75A39AD19DFB85C4,518,57E2E47D6845F29996ECF11A8422E6CE62D7A5F420A0C9D971EAC99394FF501D,0,80683013444836478816249203073387333367782102790114261193253091360277337204535,0.0086,0.02,0.43,DDB6E6246546230503F153506AC1E9914978B9B3,674887D1AC838099A48B629DFF53F25B7B87EE08,false,0,0000000000000000000000000000000000000000000000000000000000000000,0000000000000000000000000000000000000000000000000000000000000000
v2,E111180000D2663C0091E4F400237545B87B996B,2026-08-25 03:41:00.000 UTC,6A8F654E4EACD3C21F797492D6D89E4A5CE5A03F3C040DED75A39AD19DFB85C4,521,38A9823AE70955596FA862CA402D85D191DDCDB4A938A7C9852D8855DD42E5A3,1,80683013444836478816249203073387333367782102790114261193253091360277337204535,0.02,0.0086,0.43,674887D1AC838099A48B629DFF53F25B7B87EE08,E111180000D2663C0091E4F400237545B87B996B,true,0.00034,0000000000000000000000000000000000000000000000000000000000000000,0000000000000000000000000000000000000000000000000000000000000000
v2,E111180000D2663C0091E4F400237545B87B996B,2026-08-25 03:41:00.000 UTC,773F819F0D102DC7D0C64B42F5CABC6F45E7702E4CF5FAA3EA3261D2B1E48422,554,1861674D3DBC3F8C2593ABB9B9709AAE6730E62D562B1633CE07B22FC95AC652,0,105203835473758689489442136557199376296400598254789166004829817286423387924728,1.162,5.81,0.2,E8E086F7EF06AF27889EDFB5026E1453C61D7EEC,0C7C5204404E9D5402D258FEDAC59C7212BAE4CB,false,0,0000000000000000000000000000000000000000000000000000000000000000,0000000000000000000000000000000000000000000000000000000000000000
v2,E111180000D2663C0091E4F400237545B87B996B,2026-08-25 03:41:00.000 UTC,773F819F0D102DC7D0C64B42F5CABC6F45E7702E4CF5FAA3EA3261D2B1E48422,558,390CFA9B8EC14434802ABBCE974C07D78E1800698FB1A2FD92B5539405FE4B25,0,113407857208670918165013974288455561705175694841744907097685116878747365896265,4.648,5.81,0.8,0C7C5204404E9D5402D258FEDAC59C7212BAE4CB,E111180000D2663C0091E4F400237545B87B996B,true,0.06507,0000000000000000000000000000000000000000000000000000000000000000,0000000000000000000000000000000000000000000000000000000000000000
v2,E111180000D2663C0091E4F400237545B87B996B,2026-08-25 03:41:00.000 UTC,8448E74BC55BB34CBBA7BCB13100C5A56D76553C179F17235AA5A3B0C06DDE69,535,3D7468C63B92483B5D56B7A092B959E4701AE2A83E8F9F97DF8644FC66BA5635,1,48045938489781039493443005373766144574193587622238993062789789639360486207413,5.4,4.968,0.92,0CB038487586D1119B165466072E9BAF666F3A90,775D9DE0C72C76A459FADFBB4CD79D5715236BEB,false,0,0000000000000000000000000000000000000000000000000000000000000000,0000000000000000000000000000000000000000000000000000000000000000
v2,E111180000D2663C0091E4F400237545B87B996B,2026-08-25 03:41:00.000 UTC,8448E74BC55BB34CBBA7BCB13100C5A56D76553C179F17235AA5A3B0C06DDE69,537,B79168EDD43894B468C43F877B63977565BEFCA24604BF6038997C769856D124,0,48045938489781039493443005373766144574193587622238993062789789639360486207413,4.968,5.4,0.92,775D9DE0C72C76A459FADFBB4CD79D5715236BEB,E111180000D2663C0091E4F400237545B87B996B,true,0.02782,0000000000000000000000000000000000000000000000000000000000000000,0000000000000000000000000000000000000000000000000000000000000000
v2,E111180000D2663C0091E4F400237545B87B996B,2026-08-25 03:41:00.000 UTC,855D7BF2FB853DC245651A56504F548CFB21DA50DFB309BA395C325A22199291,600,45089EE3534C2B6A85A45349E685508442D310E7A6CAA8ECD51F3E6EC240B239,0,114908152504434696013466211203306450236418903992480601158166515108878902455930,3.4,5,0.68,09A7987DAA6B37E117F2CFEF385F51789667BA39,1C1CB1B7D6146DF9FB3AA08BCA061C7522E86C46,false,0,0000000000000000000000000000000000000000000000000000000000000000,0000000000000000000000000000000000000000000000000000000000000000
v2,E111180000D2663C0091E4F400237545B87B996B,2026-08-25 03:41:00.000 UTC,855D7BF2FB853DC245651A56504F548CFB21DA50DFB309BA395C325A22199291,604,1EE527F85836243DB17E4EA3F92AE548E552A834AC1AB6B0585665024D334D52,0,25323866082562825222099711428263861856200803766293539933536997271288248426887,1.6,5,0.32,1C1CB1B7D6146DF9FB3AA08BCA061C7522E86C46,E111180000D2663C0091E4F400237545B87B996B,true,0.07616,0000000000000000000000000000000000000000000000000000000000000000,0000000000000000000000000000000000000000000000000000000000000000
v2,E111180000D2663C0091E4F400237545B87B996B,2026-08-25 03:41:00.000 UTC,90E0750B3F0A09C5CF7619CF7022CFA27A882BD0139037EE7472F404BDAC4FC2,374,42EB809E2485EC120E7424137F777B45A87DC345D4785C1B7F75012A5A58C1A5,1,114908152504434696013466211203306450236418903992480601158166515108878902455930,1,0.69,0.69,5916CE250C0B3E32EED3303FFB2938CAB0B42A0B,B87DE382785B45D572E47F935A3F4247C30D47FA,false,0,0000000000000000000000000000000000000000000000000000000000000000,0000000000000000000000000000000000000000000000000000000000000000
v2,E111180000D2663C0091E4F400237545B87B996B,2026-08-25 03:41:00.000 UTC,90E0750B3F0A09C5CF7619CF7022CFA27A882BD0139037EE7472F404BDAC4FC2,377,791E766B2EFEAC58A0D7805EB81A80E07B576EBAE49D11B03C9B4DB81A9CC335,1,114908152504434696013466211203306450236418903992480601158166515108878902455930,11.724636,8.089998,0.6899999283559848,809F275254E21F720A4E6C50C28C669C721F2EF0,B87DE382785B45D572E47F935A3F4247C30D47FA,false,0,0000000000000000000000000000000000000000000000000000000000000000,0000000000000000000000000000000000000000000000000000000000000000
v2,E111180000D2663C0091E4F400237545B87B996B,2026-08-25 03:41:00.000 UTC,90E0750B3F0A09C5CF7619CF7022CFA27A882BD0139037EE7472F404BDAC4FC2,379,F66E2211329B921D699CC93FA6798996BA211B70D1A1BDE22CB4942531628854,0,114908152504434696013466211203306450236418903992480601158166515108878902455930,8.779998,12.724636,0.6899999339863239,B87DE382785B45D572E47F935A3F4247C30D47FA,E111180000D2663C0091E4F400237545B87B996B,true,0.19052,0000000000000000000000000000000000000000000000000000000000000000,0000000000000000000000000000000000000000000000000000000000000000
v2,E111180000D2663C0091E4F400237545B87B996B,2026-08-25 03:41:00.000 UTC,AAC03029E49C918A48E46C6EDFF760BEBDB3E4661E83EBD84583DD3CF2D45548,240,951789129202977FCD8A57D388FF909840C078BCD13F0577E7F070D0C0C00925,0,24052219366589465873012982400871236736989915228757543017036089342503584231219,40.1598,40.2,0.999,4638702F203AAABC57FE2B9676C5CD9A2A686B0A,1DB52F5776AAFDC25FA13CD7BEE0F78FCE05EF2F,false,0,0000000000000000000000000000000000000000000000000000000000000000,0000000000000000000000000000000000000000000000000000000000000000
v2,E111180000D2663C0091E4F400237545B87B996B,2026-08-25 03:41:00.000 UTC,AAC03029E49C918A48E46C6EDFF760BEBDB3E4661E83EBD84583DD3CF2D45548,243,105651E541BD69619C48BFA151896A922F751F9753CA508441B093F06179FE0B,1,24052219366589465873012982400871236736989915228757543017036089342503584231219,40.2,40.1598,0.999,1DB52F5776AAFDC25FA13CD7BEE0F78FCE05EF2F,E111180000D2663C0091E4F400237545B87B996B,true,0.30319,9700262D1CE6BBFDE7247F0F849A0814F7FAA7496674A221622E06FDB25B0F61,0000000000000000000000000000000000000000000000000000000000000000
v2,E111180000D2663C0091E4F400237545B87B996B,2026-08-25 03:41:00.000 UTC,B1D411B4028E9E1C7A30925577360F3950D1CD03E0171337524F6D59C08640C2,451,D276BC12508A6B3CB6E6260C28D0B235A94CDD32517A10B27480F6271ACC6FC0,0,54786261084224209968452420686440235720995591953584463765336244118505404725880,6.2,10,0.62,B27BC932BF8110D8F78E55DA7D5F0497A18B5B82,FACF905BA9BF86406888F10B796252FF3816ADB5,false,0,0000000000000000000000000000000000000000000000000000000000000000,0000000000000000000000000000000000000000000000000000000000000000
v2,E111180000D2663C0091E4F400237545B87B996B,2026-08-25 03:41:00.000 UTC,B1D411B4028E9E1C7A30925577360F3950D1CD03E0171337524F6D59C08640C2,453,9050F39BA3B48B296E9BF5A7F5D5EA92EC3FDAA9E4A0C94791A1F43558ECED7D,0,54786261084224209968452420686440235720995591953584463765336244118505404725880,3.1,5,0.62,D535415F529F41DB9232D96BDD71A9C9F4E59FAE,FACF905BA9BF86406888F10B796252FF3816ADB5,false,0,0000000000000000000000000000000000000000000000000000000000000000,0000000000000000000000000000000000000000000000000000000000000000
v2,E111180000D2663C0091E4F400237545B87B996B,2026-08-25 03:41:00.000 UTC,B1D411B4028E9E1C7A30925577360F3950D1CD03E0171337524F6D59C08640C2,455,B3480F8E6EA28BE57CB9B4C75C812D861768704A062BEC5B93F17A4F4621CCC3,0,54786261084224209968452420686440235720995591953584463765336244118505404725880,6.2,10,0.62,D535415F529F41DB9232D96BDD71A9C9F4E59FAE,FACF905BA9BF86406888F10B796252FF3816ADB5,false,0,0000000000000000000000000000000000000000000000000000000000000000,0000000000000000000000000000000000000000000000000000000000000000
v2,E111180000D2663C0091E4F400237545B87B996B,2026-08-25 03:41:00.000 UTC,B1D411B4028E9E1C7A30925577360F3950D1CD03E0171337524F6D59C08640C2,457,7DEE0DD1D10CE59B2032DFA237563FC60137AA94961DDBA58CEBC3EE430A27C9,1,45400014556744556060340109661944490384579124868191506423820514875557150183137,40.289472,15.309999,0.37999999106466326,8ACF50990AEB5DA92C560CAC89361B7060809B65,FACF905BA9BF86406888F10B796252FF3816ADB5,false,0,0000000000000000000000000000000000000000000000000000000000000000,0000000000000000000000000000000000000000000000000000000000000000
v2,E111180000D2663C0091E4F400237545B87B996B,2026-08-25 03:41:00.000 UTC,B1D411B4028E9E1C7A30925577360F3950D1CD03E0171337524F6D59C08640C2,461,19CE3FF7C7EF2C2917334BF526BB6CF8EB5368A549C659CCEB2B05BE13C86120,0,45400014556744556060340109661944490384579124868191506423820514875557150183137,24.809999,65.289472,0.3799999944860942,FACF905BA9BF86406888F10B796252FF3816ADB5,E111180000D2663C0091E4F400237545B87B996B,true,1.07675,0000000000000000000000000000000000000000000000000000000000000000,0000000000000000000000000000000000000000000000000000000000000000
v2,E111180000D2663C0091E4F400237545B87B996B,2026-08-25 03:41:00.000 UTC,B9FD95F3AC996D77804799D61F7DB269C69A71152371C03A1E4A40FCC222C989,609,142B333A8F38C89610816340B2279DE1DCF058792C119E180CE860AF2B78C9A8,0,49415454858728120583169859793616891394559297791124621501249826129592711977239,0.0042,0.02,0.21,885278F0E304BC2D53F805AF2AB779CB6011C569,674887D1AC838099A48B629DFF53F25B7B87EE08,false,0,0000000000000000000000000000000000000000000000000000000000000000,0000000000000000000000000000000000000000000000000000000000000000
v2,E111180000D2663C0091E4F400237545B87B996B,2026-08-25 03:41:00.000 UTC,B9FD95F3AC996D77804799D61F7DB269C69A71152371C03A1E4A40FCC222C989,612,B3556AD5BF1AEE038816EAB4A22E43B83A5CDD574054A98D667E2A23C8C03539,1,49415454858728120583169859793616891394559297791124621501249826129592711977239,0.02,0.0042,0.21,674887D1AC838099A48B629DFF53F25B7B87EE08,E111180000D2663C0091E4F400237545B87B996B,true,0.00023,0000000000000000000000000000000000000000000000000000000000000000,0000000000000000000000000000000000000000000000000000000000000000
v2,E111180000D2663C0091E4F400237545B87B996B,2026-08-25 03:41:00.000 UTC,BE14B646A9BCF932A88E4C45220FDC0DEE36108AFB8080316845E4E68D0D35D2,267,E1CD6642DADE44FC83CC21608A0CB38B8AFDF7A3B8513DA63ED3275842C2F13E,0,478527591373338225284037593163730441333267754562735300431025557171581810352,7.41,9.5,0.78,EAB5A0D6D5955B6A94093BBAD6E925F3BFB5F570,363CDAD35C9EC1129C0BD3CD332D7C218EF09B0E,false,0,0000000000000000000000000000000000000000000000000000000000000000,0000000000000000000000000000000000000000000000000000000000000000
v2,E111180000D2663C0091E4F400237545B87B996B,2026-08-25 03:41:00.000 UTC,BE14B646A9BCF932A88E4C45220FDC0DEE36108AFB8080316845E4E68D0D35D2,269,5150E151E53012406E905BC07802FCE43456E2C2A8A871BC5DB9976A85FB9014,0,478527591373338225284037593163730441333267754562735300431025557171581810352,3.9,5,0.78,EAB5A0D6D5955B6A94093BBAD6E925F3BFB5F570,363CDAD35C9EC1129C0BD3CD332D7C218EF09B0E,false,0,0000000000000000000000000000000000000000000000000000000000000000,0000000000000000000000000000000000000000000000000000000000000000
v2,E111180000D2663C0091E4F400237545B87B996B,2026-08-25 03:41:00.000 UTC,BE14B646A9BCF932A88E4C45220FDC0DEE36108AFB8080316845E4E68D0D35D2,271,7D39CC4418F6EAE651074320B73C9D6C8B4A89842E4212FFA589E270B3797B53,0,478527591373338225284037593163730441333267754562735300431025557171581810352,3.9,5,0.78,EAB5A0D6D5955B6A94093BBAD6E925F3BFB5F570,363CDAD35C9EC1129C0BD3CD332D7C218EF09B0E,false,0,0000000000000000000000000000000000000000000000000000000000000000,0000000000000000000000000000000000000000000000000000000000000000
v2,E111180000D2663C0091E4F400237545B87B996B,2026-08-25 03:41:00.000 UTC,BE14B646A9BCF932A88E4C45220FDC0DEE36108AFB8080316845E4E68D0D35D2,273,A5B60903532794549AC1B6A2DC9BE2D8C7652E3035250360AF882107239CD88D,0,478527591373338225284037593163730441333267754562735300431025557171581810352,7.8,10,0.78,EAB5A0D6D5955B6A94093BBAD6E925F3BFB5F570,363CDAD35C9EC1129C0BD3CD332D7C218EF09B0E,false,0,0000000000000000000000000000000000000000000000000000000000000000,0000000000000000000000000000000000000000000000000000000000000000
v2,E111180000D2663C0091E4F400237545B87B996B,2026-08-25 03:41:00.000 UTC,BE14B646A9BCF932A88E4C45220FDC0DEE36108AFB8080316845E4E68D0D35D2,275,5AC66936326514EE97018948ED3EB1A3ABB50E40642A1432641EBC75BED3127F,0,478527591373338225284037593163730441333267754562735300431025557171581810352,15.6,20,0.78,EAB5A0D6D5955B6A94093BBAD6E925F3BFB5F570,363CDAD35C9EC1129C0BD3CD332D7C218EF09B0E,false,0,0000000000000000000000000000000000000000000000000000000000000000,0000000000000000000000000000000000000000000000000000000000000000
v2,E111180000D2663C0091E4F400237545B87B996B,2026-08-25 03:41:00.000 UTC,BE14B646A9BCF932A88E4C45220FDC0DEE36108AFB8080316845E4E68D0D35D2,277,227071569EB412696AC8378D17D90A21DEEE2F484278BD2EAA3B3799CDC5F9FA,0,478527591373338225284037593163730441333267754562735300431025557171581810352,15.6,20,0.78,EAB5A0D6D5955B6A94093BBAD6E925F3BFB5F570,363CDAD35C9EC1129C0BD3CD332D7C218EF09B0E,false,0,0000000000000000000000000000000000000000000000000000000000000000,0000000000000000000000000000000000000000000000000000000000000000
v2,E111180000D2663C0091E4F400237545B87B996B,2026-08-25 03:41:00.000 UTC,BE14B646A9BCF932A88E4C45220FDC0DEE36108AFB8080316845E4E68D0D35D2,279,C62AEB1AC91D78F8CAF298FD5AA7685E0E8A029E7F59D566526C58D872C50608,0,478527591373338225284037593163730441333267754562735300431025557171581810352,10.14,13,0.78,BD417CDFC83824B2CD31E4428BC1A67C241BA6DE,363CDAD35C9EC1129C0BD3CD332D7C218EF09B0E,false,0,0000000000000000000000000000000000000000000000000000000000000000,0000000000000000000000000000000000000000000000000000000000000000
v2,E111180000D2663C0091E4F400237545B87B996B,2026-08-25 03:41:00.000 UTC,BE14B646A9BCF932A88E4C45220FDC0DEE36108AFB8080316845E4E68D0D35D2,281,61FB3620E71568F1903C976CE1CAB804EE10289ECB3B7A7B3016B5B706777E70,0,478527591373338225284037593163730441333267754562735300431025557171581810352,78,100,0.78,D1EFE8A52F53D71C8AFDAADA0DC708436DABF23C,363CDAD35C9EC1129C0BD3CD332D7C218EF09B0E,false,0,0000000000000000000000000000000000000000000000000000000000000000,0000000000000000000000000000000000000000000000000000000000000000
v2,E111180000D2663C0091E4F400237545B87B996B,2026-08-25 03:41:00.000 UTC,BE14B646A9BCF932A88E4C45220FDC0DEE36108AFB8080316845E4E68D0D35D2,285,57432D434FC2636B9D5095D1BF3E14721AFEF60F3D81DBA5E93817B70B606670,0,74843373582432484858627201602003648342208168490128239235522790524493414154441,40.15,182.5,0.22,363CDAD35C9EC1129C0BD3CD332D7C218EF09B0E,E111180000D2663C0091E4F400237545B87B996B,true,2.19219,0000000000000000000000000000000000000000000000000000000000000000,0000000000000000000000000000000000000000000000000000000000000000
v2,E111180000D2663C0091E4F400237545B87B996B,2026-08-25 03:41:00.000 UTC,C4C3442262D3D380A30CB7E5AD98B19BCDE6D9BA3D2168097B53D90F4B0E6097,304,49A6E05BC1A6999140C313F05DBF40ED78C72C93717121C8D3170A5475D7EB38,1,48045938489781039493443005373766144574193587622238993062789789639360486207413,3.92,3.5672,0.91,537E40B82B15B6089DA3CB13E0D8B760E83053CB,775D9DE0C72C76A459FADFBB4CD79D5715236BEB,false,0,0000000000000000000000000000000000000000000000000000000000000000,0000000000000000000000000000000000000000000000000000000000000000
v2,E111180000D2663C0091E4F400237545B87B996B,2026-08-25 03:41:00.000 UTC,C4C3442262D3D380A30CB7E5AD98B19BCDE6D9BA3D2168097B53D90F4B0E6097,306,A17B7A34432BBEA4AC6727CF4C4804B100EEF8926861DC79BC40BB9B5A5A1D98,0,66315012829260561922679797924040386172300364430316158558635375172607044845732,7.2,80,0.09,B945945D5BCAF7B56834D4DA8CDF8F8F94B2DB68,775D9DE0C72C76A459FADFBB4CD79D5715236BEB,false,0,0000000000000000000000000000000000000000000000000000000000000000,0000000000000000000000000000000000000000000000000000000000000000
v2,E111180000D2663C0091E4F400237545B87B996B,2026-08-25 03:41:00.000 UTC,C4C3442262D3D380A30CB7E5AD98B19BCDE6D9BA3D2168097B53D90F4B0E6097,308,C651C5E79B993E1D35DFB33DBE892B85B689CA8C16E25BF2DF2F18293AB38AF8,0,66315012829260561922679797924040386172300364430316158558635375172607044845732,1.5066,16.74,0.09,00033F1089FF061813850E5135483BED39CE3B49,775D9DE0C72C76A459FADFBB4CD79D5715236BEB,false,0,0000000000000000000000000000000000000000000000000000000000000000,0000000000000000000000000000000000000000000000000000000000000000
v2,E111180000D2663C0091E4F400237545B87B996B,2026-08-25 03:41:00.000 UTC,C4C3442262D3D380A30CB7E5AD98B19BCDE6D9BA3D2168097B53D90F4B0E6097,310,3D69F408885BC86361E7C3213ABDC98AE666C4F936F8177101A2191CE00397EF,0,66315012829260561922679797924040386172300364430316158558635375172607044845732,2.5721,30.26,0.085,3725D52F3C252E8374999CC8617292EA2608AD88,775D9DE0C72C76A459FADFBB4CD79D5715236BEB,false,0,0000000000000000000000000000000000000000000000000000000000000000,0000000000000000000000000000000000000000000000000000000000000000
v2,E111180000D2663C0091E4F400237545B87B996B,2026-08-25 03:41:00.000 UTC,C4C3442262D3D380A30CB7E5AD98B19BCDE6D9BA3D2168097B53D90F4B0E6097,314,3C4AC27E93964E9956DC4BEEA53C18B99521FEFF6D2CA098AED53F77A227095F,0,48045938489781039493443005373766144574193587622238993062789789639360486207413,119.2885,130.92,0.911155667583257,775D9DE0C72C76A459FADFBB4CD79D5715236BEB,E111180000D2663C0091E4F400237545B87B996B,true,0.74186,0000000000000000000000000000000000000000000000000000000000000000,0000000000000000000000000000000000000000000000000000000000000000
v2,E111180000D2663C0091E4F400237545B87B996B,2026-08-25 03:41:00.000 UTC,CCCBDAA0D8F66246905D7D11FDD0393FB180D76159129F2279B7417F4D2B9AFC,527,C860973D80A63509DD0D9A55AAE895C677A62194765745A0395BAE37E20BEB21,1,57954681823356723200514993531019273610568354442642190874670821438952727306299,1.492536,0.999999,0.6699999195999292,079514D8BD06169642EFB63DD9366EC4861FB281,E227281A9B30AE9250F94808007DE1C9C1F7C137,false,0,0000000000000000000000000000000000000000000000000000000000000000,0000000000000000000000000000000000000000000000000000000000000000
v2,E111180000D2663C0091E4F400237545B87B996B,2026-08-25 03:41:00.000 UTC,CCCBDAA0D8F66246905D7D11FDD0393FB180D76159129F2279B7417F4D2B9AFC,529,ED379BD5C3CFBA9ED4F7AD483706584D46D2491648D6FB0DE12624D9E9542ECB,0,57954681823356723200514993531019273610568354442642190874670821438952727306299,0.999999,1.492536,0.6699999195999292,E227281A9B30AE9250F94808007DE1C9C1F7C137,E111180000D2663C0091E4F400237545B87B996B,true,0.02309,0000000000000000000000000000000000000000000000000000000000000000,0000000000000000000000000000000000000000000000000000000000000000
v2,E111180000D2663C0091E4F400237545B87B996B,2026-08-25 03:41:00.000 UTC,EAD5910554729AA219976A425E9D9AA628CC3F02F274DE0104631E05C6934A50,334,0D5E101537382C3A5586199384E4950694602C3944A79FFE37990C957221FC25,0,22329280205820401427238045592244426131039682466631753847985717268716775478693,25.5,37.5,0.68,C54542456B62B47801A297FCAD07A637EA4464C5,BA636698626BAE94EE0DEBA69565C51B81086E4D,false,0,0000000000000000000000000000000000000000000000000000000000000000,0000000000000000000000000000000000000000000000000000000000000000
v2,E111180000D2663C0091E4F400237545B87B996B,2026-08-25 03:41:00.000 UTC,EAD5910554729AA219976A425E9D9AA628CC3F02F274DE0104631E05C6934A50,338,5FEC58F74596B2AD105F8DE3F487E6994BE9D43ED9B740330997142993B5028B,0,54084400249355996560283899667948371015939254086554679648580192604564277773317,12,37.5,0.32,BA636698626BAE94EE0DEBA69565C51B81086E4D,E111180000D2663C0091E4F400237545B87B996B,true,0.5712,0000000000000000000000000000000000000000000000000000000000000000,0000000000000000000000000000000000000000000000000000000000000000
v2,E111180000D2663C0091E4F400237545B87B996B,2026-08-25 03:41:00.000 UTC,F6ECC76EF46C7C99A19C309B90D63569C738C8C902B1A68B111D7BE3FD857397,426,7B108A3638FE7C6BFC4B029C46A054A43606E2A99C226BC20D8AEA3650643C28,1,66315012829260561922679797924040386172300364430316158558635375172607044845732,5,0.45,0.09,7E531479CC3DA5F014C891DE002CA6FCDF94A456,5688167862019BDC8417CC9BDD9C5C9BBBE66112,false,0,0000000000000000000000000000000000000000000000000000000000000000,0000000000000000000000000000000000000000000000000000000000000000
v2,E111180000D2663C0091E4F400237545B87B996B,2026-08-25 03:41:00.000 UTC,F6ECC76EF46C7C99A19C309B90D63569C738C8C902B1A68B111D7BE3FD857397,428,ECFD25C42A27D0DB1EB076414A4C9E5FA5C90CF22652779D40A9EBC94D2E5CBC,0,48045938489781039493443005373766144574193587622238993062789789639360486207413,5.561111,6.11111,0.910000147272754,B945945D5BCAF7B56834D4DA8CDF8F8F94B2DB68,5688167862019BDC8417CC9BDD9C5C9BBBE66112,false,0,0000000000000000000000000000000000000000000000000000000000000000,0000000000000000000000000000000000000000000000000000000000000000
v2,E111180000D2663C0091E4F400237545B87B996B,2026-08-25 03:41:00.000 UTC,F6ECC76EF46C7C99A19C309B90D63569C738C8C902B1A68B111D7BE3FD857397,432,451BACA8B5CAFA49F1612357136568E76B410EBA8B01ADA6C8307BB34BEDAACC,0,66315012829260561922679797924040386172300364430316158558635375172607044845732,0.999999,11.11111,0.0899999189999919,5688167862019BDC8417CC9BDD9C5C9BBBE66112,E111180000D2663C0091E4F400237545B87B996B,true,0.06369,9FEDC0B0702CA6CB294E5321D9491B1E38B8BD2B463A7F7B06DF8E6D7553CD18,0000000000000000000000000000000000000000000000000000000000000000
v2,E111180000D2663C0091E4F400237545B87B996B,2026-08-25 03:40:58.000 UTC,07910BB558115EECD28D80090A856C76688C0818281EE9C663256E9A67A6E4DC,310,951789129202977FCD8A57D388FF909840C078BCD13F0577E7F070D0C0C00925,0,24052219366589465873012982400871236736989915228757543017036089342503584231219,138.73113,138.87,0.999,4638702F203AAABC57FE2B9676C5CD9A2A686B0A,60F2660BFDBB1EC9B2C8B7372C5F8A44568925D0,false,0,0000000000000000000000000000000000000000000000000000000000000000,0000000000000000000000000000000000000000000000000000000000000000
v2,E111180000D2663C0091E4F400237545B87B996B,2026-08-25 03:40:58.000 UTC,07910BB558115EECD28D80090A856C76688C0818281EE9C663256E9A67A6E4DC,313,436C9E63AB546730EEAABC5540F1638F466E909EF94BDB41FA7E0A7DC5341CB8,1,24052219366589465873012982400871236736989915228757543017036089342503584231219,138.87,138.73113,0.999,60F2660BFDBB1EC9B2C8B7372C5F8A44568925D0,E111180000D2663C0091E4F400237545B87B996B,true,0.00693,0000000000000000000000000000000000000000000000000000000000000000,0000000000000000000000000000000000000000000000000000000000000000
v2,E111180000D2663C0091E4F400237545B87B996B,2026-08-25 03:40:58.000 UTC,470D138874EC3DA54BE5F4443DD0F7F036CB9BF9B7CE61F98F406F98FEF442B6,211,DDF3F8FEADF907B2AB256585F400C6214BA6280D3EAB10FFA47F22C628E95F0D,0,36313752927594284030157824512155344616503438533583173955726763020632539684581,0.019,0.02,0.95,A0E72D5575095199AE08CE0DCE447F21B7249461,674887D1AC838099A48B629DFF53F25B7B87EE08,false,0,0000000000000000000000000000000000000000000000000000000000000000,0000000000000000000000000000000000000000000000000000000000000000
v2,E111180000D2663C0091E4F400237545B87B996B,2026-08-25 03:40:58.000 UTC,470D138874EC3DA54BE5F4443DD0F7F036CB9BF9B7CE61F98F406F98FEF442B6,214,9EC34DFBA1F1D9881F170014B3382B1F2C8EDF1C3D7983A70166B008DEADC311,1,36313752927594284030157824512155344616503438533583173955726763020632539684581,0.02,0.019,0.95,674887D1AC838099A48B629DFF53F25B7B87EE08,E111180000D2663C0091E4F400237545B87B996B,true,6e-05,0000000000000000000000000000000000000000000000000000000000000000,0000000000000000000000000000000000000000000000000000000000000000
v2,E111180000D2663C0091E4F400237545B87B996B,2026-08-25 03:40:58.000 UTC,586D6BDADDC22CCBDF0BD3EEED2AE5F06430F1C87AEAE5282F223B544C11B361,235,85C0FE6FC364B1F5231699DFF96B56E6E7E04AF939E7484BD811CF063E4FA5FA,0,66315012829260561922679797924040386172300364430316158558635375172607044845732,2.6955,29.95,0.09,EEBDE7A0E019A63E6B476EB425505B7B3E6EBA30,775D9DE0C72C76A459FADFBB4CD79D5715236BEB,false,0,0000000000000000000000000000000000000000000000000000000000000000,0000000000000000000000000000000000000000000000000000000000000000
v2,E111180000D2663C0091E4F400237545B87B996B,2026-08-25 03:40:58.000 UTC,586D6BDADDC22CCBDF0BD3EEED2AE5F06430F1C87AEAE5282F223B544C11B361,239,0E865FA22D8454D080A6369DD4E61ADFA3AFBE1CCB2081119ED267DD198922AA,0,48045938489781039493443005373766144574193587622238993062789789639360486207413,27.2545,29.95,0.91,775D9DE0C72C76A459FADFBB4CD79D5715236BEB,E111180000D2663C0091E4F400237545B87B996B,true,0.1717,0000000000000000000000000000000000000000000000000000000000000000,0000000000000000000000000000000000000000000000000000000000000000
v2,E111180000D2663C0091E4F400237545B87B996B,2026-08-25 03:40:58.000 UTC,5C772C86DF3E186B825701755EF9F3BE46E6FFAAE2BF3A45F331A4E46B1A52F1,408,220A43BB31A9A8948CF94D5E4BA0C6C2FAFA997D7C9860193472DB7854A65BB0,1,66315012829260561922679797924040386172300364430316158558635375172607044845732,15,1.35,0.09,537E40B82B15B6089DA3CB13E0D8B760E83053CB,DEBD7BB44A0AA01083BE937116D6A310801485DE,false,0,0000000000000000000000000000000000000000000000000000000000000000,0000000000000000000000000000000000000000000000000000000000000000
v2,E111180000D2663C0091E4F400237545B87B996B,2026-08-25 03:40:58.000 UTC,5C772C86DF3E186B825701755EF9F3BE46E6FFAAE2BF3A45F331A4E46B1A52F1,410,A3E8A88DF8C0D270FF4C4FB5D38644D21C5948E50364F6B4510A8B092CCAFE12,0,48045938489781039493443005373766144574193587622238993062789789639360486207413,4.55,5,0.91,E3F0A018AE90D30BB47C9BA39C44031F3FA4FB2C,DEBD7BB44A0AA01083BE937116D6A310801485DE,false,0,0000000000000000000000000000000000000000000000000000000000000000,0000000000000000000000000000000000000000000000000000000000000000
v2,E111180000D2663C0091E4F400237545B87B996B,2026-08-25 03:40:58.000 UTC,5C772C86DF3E186B825701755EF9F3BE46E6FFAAE2BF3A45F331A4E46B1A52F1,412,1C1AD63E28D2AC1F99E8CE25E8FE89462EC2BAC316DD7325A523DF9BC9EBEF9B,0,48045938489781039493443005373766144574193587622238993062789789639360486207413,4.5,5,0.9,1D3CD3733C6487C37A40A940C44FDF59CE92862D,DEBD7BB44A0AA01083BE937116D6A310801485DE,false,0,0000000000000000000000000000000000000000000000000000000000000000,0000000000000000000000000000000000000000000000000000000000000000
v2,E111180000D2663C0091E4F400237545B87B996B,2026-08-25 03:40:58.000 UTC,5C772C86DF3E186B825701755EF9F3BE46E6FFAAE2BF3A45F331A4E46B1A52F1,414,76C55C4E28DCA732F080B4E2ECE8A59B3152618F46F35969D5A8B6F35F692BEB,0,48045938489781039493443005373766144574193587622238993062789789639360486207413,31.5,35,0.9,B945945D5BCAF7B56834D4DA8CDF8F8F94B2DB68,DEBD7BB44A0AA01083BE937116D6A310801485DE,false,0,0000000000000000000000000000000000000000000000000000000000000000,0000000000000000000000000000000000000000000000000000000000000000
v2,E111180000D2663C0091E4F400237545B87B996B,2026-08-25 03:40:58.000 UTC,5C772C86DF3E186B825701755EF9F3BE46E6FFAAE2BF3A45F331A4E46B1A52F1,418,EEB2C14689F9DEFB02FCEE068B6B7261B6AFDA004F99C881041F304591D19AEC,0,66315012829260561922679797924040386172300364430316158558635375172607044845732,5.8,60,0.09666666666666666,DEBD7BB44A0AA01083BE937116D6A310801485DE,E111180000D2663C0091E4F400237545B87B996B,true,0.36675,0000000000000000000000000000000000000000000000000000000000000000,0000000000000000000000000000000000000000000000000000000000000000
v2,E111180000D2663C0091E4F400237545B87B996B,2026-08-25 03:40:58.000 UTC,673AB9853152ABD24F0F44E8C9D2EEBDEC735E0FC0E31711965A8D85FC6F3F83,381,29FCDB30C720292A319E60151A2B8DD4EE2787789B3A24F2409830FD5C6E9D0F,0,114908152504434696013466211203306450236418903992480601158166515108878902455930,3.45,5,0.69,408AEE8C2C709E81D0EA89CBBBF42B7977BA2F5B,D581B37641FEEBD91A036135D920D5060AAE3C55,false,0,463073042AD606E6008069D7A5469CFCC441FB96D990A5AC18BFC12133A0646B,0000000000000000000000000000000000000000000000000000000000000000
v2,E111180000D2663C0091E4F400237545B87B996B,2026-08-25 03:40:58.000 UTC,673AB9853152ABD24F0F44E8C9D2EEBDEC735E0FC0E31711965A8D85FC6F3F83,385,2A5B64587A187293A939F476F6083E4DB4FA63C1B6F7104BD1BBA4075BAD2760,0,25323866082562825222099711428263861856200803766293539933536997271288248426887,1.55,5,0.31,D581B37641FEEBD91A036135D920D5060AAE3C55,E111180000D2663C0091E4F400237545B87B996B,true,0.07486,0000000000000000000000000000000000000000000000000000000000000000,0000000000000000000000000000000000000000000000000000000000000000
v2,E111180000D2663C0091E4F400237545B87B996B,2026-08-25 03:40:58.000 UTC,8380EC2D3925A8D800115F5B7A56C8EED893E1932F412CD892F6064391B37D97,188,44488692FF54B33F815D06CDF55F824F3E2E3D553AA7D212E3EFDF04FB430D95,0,51623468559945264005464218289811193350594557845103487190056708847234859659825,7.231,20.66,0.35,329DA08A8E3D157393CF1C423716FA413E075A92,203A2EB16753B53CB803B94ACFAFE2A0BA2F935F,false,0,0000000000000000000000000000000000000000000000000000000000000000,0000000000000000000000000000000000000000000000000000000000000000
v2,E111180000D2663C0091E4F400237545B87B996B,2026-08-25 03:40:58.000 UTC,8380EC2D3925A8D800115F5B7A56C8EED893E1932F412CD892F6064391B37D97,191,2FCE6DAFB999E567D084E1BFE0D36A13CCFED43310506BE96D0803E8D639237A,0,51623468559945264005464218289811193350594557845103487190056708847234859659825,4.0005,11.43,0.35,2AA586FDD2816678142B6DB357CEB2ADCFE4FF0F,203A2EB16753B53CB803B94ACFAFE2A0BA2F935F,false,0,0000000000000000000000000000000000000000000000000000000000000000,0000000000000000000000000000000000000000000000000000000000000000
v2,E111180000D2663C0091E4F400237545B87B996B,2026-08-25 03:40:58.000 UTC,8380EC2D3925A8D800115F5B7A56C8EED893E1932F412CD892F6064391B37D97,194,D2E31460290B8A56AFEDBF2A074F184BCB3D5311D302D8EF50BEBDA3FDF7590A,0,51623468559945264005464218289811193350594557845103487190056708847234859659825,8.211,23.46,0.35,35E701F088B6EF25FFF6B902769C1CD8B85F8331,203A2EB16753B53CB803B94ACFAFE2A0BA2F935F,false,0,0000000000000000000000000000000000000000000000000000000000000000,0000000000000000000000000000000000000000000000000000000000000000
v2,E111180000D2663C0091E4F400237545B87B996B,2026-08-25 03:40:58.000 UTC,8380EC2D3925A8D800115F5B7A56C8EED893E1932F412CD892F6064391B37D97,197,D28E562289AFE294FEC047779F5DB71E77D86B2EE2567FA34C82F6ED8A062157,1,51623468559945264005464218289811193350594557845103487190056708847234859659825,55.55,19.4425,0.35,203A2EB16753B53CB803B94ACFAFE2A0BA2F935F,E111180000D2663C0091E4F400237545B87B996B,true,0.63188,0000000000000000000000000000000000000000000000000000000000000000,0000000000000000000000000000000000000000000000000000000000000000
v2,E2222D279D744050D28E00520010520000310F59,2026-08-25 03:40:58.000 UTC,85FDD0505D4BBE561359B87389054560E21B6B58CFEF0159D37CA27CAF2817BC,446,A22431A534881318A8C3FF21FE25D408670FA910DCDF18E5BE8F244C2C65949C,0,84687567247444681696818838435763256600811992324273784197396503951705442928521,0.0627,0.11,0.57,B40E89677D59665D5188541AD860450A6E2A7CC9,F7AA193B1D7C880DB7F8E2BDE9177C4559A8DDD6,false,0,0000000000000000000000000000000000000000000000000000000000000000,0000000000000000000000000000000000000000000000000000000000000000
v2,E2222D279D744050D28E00520010520000310F59,2026-08-25 03:40:58.000 UTC,85FDD0505D4BBE561359B87389054560E21B6B58CFEF0159D37CA27CAF2817BC,449,FB3F39109C237DDCB97CD93FED18F5E7A28705DB1FBCFACDF995DB3D12508309,0,84687567247444681696818838435763256600811992324273784197396503951705442928521,2.2173,3.89,0.57,EA12C83BB04D6B15A534374EA0C775D57D84993B,F7AA193B1D7C880DB7F8E2BDE9177C4559A8DDD6,false,0,0000000000000000000000000000000000000000000000000000000000000000,0000000000000000000000000000000000000000000000000000000000000000
v2,E2222D279D744050D28E00520010520000310F59,2026-08-25 03:40:58.000 UTC,85FDD0505D4BBE561359B87389054560E21B6B58CFEF0159D37CA27CAF2817BC,452,D5859EE309388508AA0F1F80935540C9BB2DEE84A230FB31741147CF2BECC465,1,84687567247444681696818838435763256600811992324273784197396503951705442928521,4,2.28,0.57,F7AA193B1D7C880DB7F8E2BDE9177C4559A8DDD6,E2222D279D744050D28E00520010520000310F59,true,0.04902,0000000000000000000000000000000000000000000000000000000000000000,0000000000000000000000000000000000000000000000000000000000000000
v2,E111180000D2663C0091E4F400237545B87B996B,2026-08-25 03:40:58.000 UTC,902C0B80C0BC7F092D872AF4CFA1413060F5763F523B53463F0447907431FAF6,470,85C0FE6FC364B1F5231699DFF96B56E6E7E04AF939E7484BD811CF063E4FA5FA,0,66315012829260561922679797924040386172300364430316158558635375172607044845732,1.9881,22.09,0.09,EEBDE7A0E019A63E6B476EB425505B7B3E6EBA30,775D9DE0C72C76A459FADFBB4CD79D5715236BEB,false,0,0000000000000000000000000000000000000000000000000000000000000000,0000000000000000000000000000000000000000000000000000000000000000
v2,E111180000D2663C0091E4F400237545B87B996B,2026-08-25 03:40:58.000 UTC,902C0B80C0BC7F092D872AF4CFA1413060F5763F523B53463F0447907431FAF6,472,4DAED36CE7E96CC2B06A6E12C9D8EF8EFB6AD7B72C8DCA3E8DBC241C2020B63D,0,66315012829260561922679797924040386172300364430316158558635375172607044845732,1.4382,15.98,0.09,B945945D5BCAF7B56834D4DA8CDF8F8F94B2DB68,775D9DE0C72C76A459FADFBB4CD79D5715236BEB,false,0,0000000000000000000000000000000000000000000000000000000000000000,0000000000000000000000000000000000000000000000000000000000000000
v2,E111180000D2663C0091E4F400237545B87B996B,2026-08-25 03:40:58.000 UTC,902C0B80C0BC7F092D872AF4CFA1413060F5763F523B53463F0447907431FAF6,476,2F5E50D03820177B407D3A7F28E56A68A6B418AD1D6DA718DE6229B8DF0A3628,0,48045938489781039493443005373766144574193587622238993062789789639360486207413,34.6437,38.07,0.91,775D9DE0C72C76A459FADFBB4CD79D5715236BEB,E111180000D2663C0091E4F400237545B87B996B,true,0.21825,0000000000000000000000000000000000000000000000000000000000000000,0000000000000000000000000000000000000000000000000000000000000000
v2,E111180000D2663C0091E4F400237545B87B996B,2026-08-25 03:40:58.000 UTC,A82942C300273D131184A47EF01760353FDAD499EBFBCFF0577DF5C1B8692181,519,49A6E05BC1A6999140C313F05DBF40ED78C72C93717121C8D3170A5475D7EB38,1,48045938489781039493443005373766144574193587622238993062789789639360486207413,1.08,0.9828,0.91,537E40B82B15B6089DA3CB13E0D8B760E83053CB,775D9DE0C72C76A459FADFBB4CD79D5715236BEB,false,0,0000000000000000000000000000000000000000000000000000000000000000,0000000000000000000000000000000000000000000000000000000000000000
v2,E111180000D2663C0091E4F400237545B87B996B,2026-08-25 03:40:58.000 UTC,A82942C300273D131184A47EF01760353FDAD499EBFBCFF0577DF5C1B8692181,521,6E14D580B3E93A362D92EC938D776D03D5361DA517BB961D04161B90AAD1991A,0,48045938489781039493443005373766144574193587622238993062789789639360486207413,0.9828,1.08,0.91,775D9DE0C72C76A459FADFBB4CD79D5715236BEB,E111180000D2663C0091E4F400237545B87B996B,true,0.00619,0000000000000000000000000000000000000000000000000000000000000000,0000000000000000000000000000000000000000000000000000000000000000
v2,E2222D279D744050D28E00520010520000310F59,2026-08-25 03:40:58.000 UTC,AB1160D1A60C85A7F76D6044BF990DE217735A567B5175D4862A5FB8A88DC409,285,811E534DACECF5A54B49A69EFF71CAF7A2C32C17EF00FCCC7D30FBCC03BBA956,0,89489796098814249030227411271045065836208362827492857767628734498641584843784,0.063829,1.063816,0.060000037600487305,C05DE4FB6F6C215867617785F44B71C10E59F37E,518FBFBFF034D3DE4C92E7D13E435FF76D20DF4C,false,0,0000000000000000000000000000000000000000000000000000000000000000,0000000000000000000000000000000000000000000000000000000000000000
v2,E2222D279D744050D28E00520010520000310F59,2026-08-25 03:40:58.000 UTC,AB1160D1A60C85A7F76D6044BF990DE217735A567B5175D4862A5FB8A88DC409,289,510EFF9FBE3B6249DF3D0C8FF33BBD265B7A5E757777983E6A6CA42B8F901CCB,0,23083007710745832116606751661873588898338586065379660180527631984132928291335,0.999987,1.063816,0.9399999623995127,518FBFBFF034D3DE4C92E7D13E435FF76D20DF4C,E2222D279D744050D28E00520010520000310F59,true,0.00299,0000000000000000000000000000000000000000000000000000000000000000,0000000000000000000000000000000000000000000000000000000000000000
v2,E2222D279D744050D28E00520010520000310F59,2026-08-25 03:40:58.000 UTC,C6B5892E3AC7F92DFC90CB0C19EFD475C5467EEB65A2089B73CDC25D5A321C20,203,BB205F5C81631F9C7E837AAB7E2056DCF7D38E316F4B5EA26F3D325C1272D0F9,1,33339798372916037220786136133406478491116150628220441951753426683441228279665,5,0.01,0.002,3E9FF2DBF2A6356EE47049E9F3C43A70CB55D57F,C69BD5567B40EF4D11922EAA57E1F9BE1C642076,false,0,0000000000000000000000000000000000000000000000000000000000000000,0000000000000000000000000000000000000000000000000000000000000000
v2,E2222D279D744050D28E00520010520000310F59,2026-08-25 03:40:58.000 UTC,C6B5892E3AC7F92DFC90CB0C19EFD475C5467EEB65A2089B73CDC25D5A321C20,205,0C64D994AE9000ACEFB5AA9DA565DFABF90FD15995DE5B70D57BE0A9455D772B,0,33339798372916037220786136133406478491116150628220441951753426683441228279665,0.01,5,0.002,C69BD5567B40EF4D11922EAA57E1F9BE1C642076,E2222D279D744050D28E00520010520000310F59,true,0.00029,0000000000000000000000000000000000000000000000000000000000000000,0000000000000000000000000000000000000000000000000000000000000000
v2,E2222D279D744050D28E00520010520000310F59,2026-08-25 03:40:58.000 UTC,C7BC5EAE893CCC41055DCB41340CA1FD718490DEB08ED383297FAF2437F27F9C,481,BB205F5C81631F9C7E837AAB7E2056DCF7D38E316F4B5EA26F3D325C1272D0F9,1,33339798372916037220786136133406478491116150628220441951753426683441228279665,5,0.01,0.002,3E9FF2DBF2A6356EE47049E9F3C43A70CB55D57F,C69BD5567B40EF4D11922EAA57E1F9BE1C642076,false,0,0000000000000000000000000000000000000000000000000000000000000000,0000000000000000000000000000000000000000000000000000000000000000
v2,E2222D279D744050D28E00520010520000310F59,2026-08-25 03:40:58.000 UTC,C7BC5EAE893CCC41055DCB41340CA1FD718490DEB08ED383297FAF2437F27F9C,483,F0B41F05DE3629CD83FD70D97D477945F375599BE9B0A2F8BCD034811E7EA0FF,0,33339798372916037220786136133406478491116150628220441951753426683441228279665,0.01,5,0.002,C69BD5567B40EF4D11922EAA57E1F9BE1C642076,E2222D279D744050D28E00520010520000310F59,true,0.00029,0000000000000000000000000000000000000000000000000000000000000000,0000000000000000000000000000000000000000000000000000000000000000
v2,E111180000D2663C0091E4F400237545B87B996B,2026-08-25 03:40:58.000 UTC,C8F763196104FD348E7FC2D66780ADB6AD018EAC2FA0294C1A87302DC8E4CE4A,435,8A9B65888D51BA822C28596204DF78F7BBFED046C5F20E155AE65183CA68B803,1,48045938489781039493443005373766144574193587622238993062789789639360486207413,5,4.55,0.91,7E531479CC3DA5F014C891DE002CA6FCDF94A456,775D9DE0C72C76A459FADFBB4CD79D5715236BEB,false,0,0000000000000000000000000000000000000000000000000000000000000000,0000000000000000000000000000000000000000000000000000000000000000
v2,E111180000D2663C0091E4F400237545B87B996B,2026-08-25 03:40:58.000 UTC,C8F763196104FD348E7FC2D66780ADB6AD018EAC2FA0294C1A87302DC8E4CE4A,437,DBC34E53ECC52EFF233CC8CCCE9B00E2F193CD572242362E4C40A8BD1653BAAB,0,66315012829260561922679797924040386172300364430316158558635375172607044845732,1.118,13,0.086,32ED2E546B187CA15E2841EDC82B22C713CF8EC3,775D9DE0C72C76A459FADFBB4CD79D5715236BEB,false,0,0000000000000000000000000000000000000000000000000000000000000000,0000000000000000000000000000000000000000000000000000000000000000
v2,E111180000D2663C0091E4F400237545B87B996B,2026-08-25 03:40:58.000 UTC,C8F763196104FD348E7FC2D66780ADB6AD018EAC2FA0294C1A87302DC8E4CE4A,441,EC6A4CC805ADF7CC87E8179A4789FB9B4C304DFB86094F427F62AE08529E9CB2,0,48045938489781039493443005373766144574193587622238993062789789639360486207413,16.432,18,0.9128888888888889,775D9DE0C72C76A459FADFBB4CD79D5715236BEB,E111180000D2663C0091E4F400237545B87B996B,true,0.10019,0000000000000000000000000000000000000000000000000000000000000000,0000000000000000000000000000000000000000000000000000000000000000
v2,E2222D279D744050D28E00520010520000310F59,2026-08-25 03:40:58.000 UTC,D1AF5329ACAA1399E70A863F7A8B5F4A07ACC64F94F7CFD0A44E5549C58DD9CE,356,9F28F661230154FCA0B1B4CAF7B592046BFCFB9B3502C521F02705F62E4E2686,0,92915998480921832091440505188140317247326252760491726451167378020885871787047,0.0771,38.55,0.002,250C209DA4B8CD7543A12EED529EFC68B6982774,3993441AC3F678B2F6F65B5EB60125C41859BBB3,false,0,0000000000000000000000000000000000000000000000000000000000000000,0000000000000000000000000000000000000000000000000000000000000000
v2,E2222D279D744050D28E00520010520000310F59,2026-08-25 03:40:58.000 UTC,D1AF5329ACAA1399E70A863F7A8B5F4A07ACC64F94F7CFD0A44E5549C58DD9CE,360,826390529B4C31B3E7060D7747F66805C55162375388918600BBC8E34123787A,0,36941607267927390099053856813918906898243525504071174787318128914394994872384,38.4729,38.55,0.998,3993441AC3F678B2F6F65B5EB60125C41859BBB3,E2222D279D744050D28E00520010520000310F59,true,0.00538,0000000000000000000000000000000000000000000000000000000000000000,0000000000000000000000000000000000000000000000000000000000000000
v2,E111180000D2663C0091E4F400237545B87B996B,2026-08-25 03:40:58.000 UTC,D306F83FFEA1271E370DFF47F2F2A5C68A1B93449A8145783BCD55FB700625F0,510,7BC3A3D8C78D16500C1802DE0CA8AEA03C47F6C334D06BF957D517D174B0254F,0,84812628989338222697190006784444703962999879353132018960125179288158798049937,779.48,1499,0.52,2AB1BE7D94A3509C371E56B49E7B124E2F201975,DC41C39B95453C943174F369926018F6963BDD7E,false,0,0000000000000000000000000000000000000000000000000000000000000000,0000000000000000000000000000000000000000000000000000000000000000
v2,E111180000D2663C0091E4F400237545B87B996B,2026-08-25 03:40:58.000 UTC,D306F83FFEA1271E370DFF47F2F2A5C68A1B93449A8145783BCD55FB700625F0,514,5417C71521F67B29FA610F4FB0EA22E91E238D761C71AC9D296F9E81810B0BD5,0,49092563399310311580805958055804155099184757516163656271031034352890233781284,719.52,1499,0.48,DC41C39B95453C943174F369926018F6963BDD7E,E111180000D2663C0091E4F400237545B87B996B,true,18.70752,0000000000000000000000000000000000000000000000000000000000000000,0000000000000000000000000000000000000000000000000000000000000000
v2,E111180000D2663C0091E4F400237545B87B996B,2026-08-25 03:40:58.000 UTC,DC89580E0B95C20FC9E03800097986170D13B47F6CF7EFBCDB450BE90E578F75,175,A62CBD3B7366C292403DB38243BF68A7115E5973948F6E4FAB3969FA2961ACC8,0,66315012829260561922679797924040386172300364430316158558635375172607044845732,1.3,13,0.1,82AE434F983771A5BC94092A6850DA80368E2890,775D9DE0C72C76A459FADFBB4CD79D5715236BEB,false,0,1EB72E03AB449A2D2083B7BCA2287513436A3599288D19F7A827E630BE59A3D9,0000000000000000000000000000000000000000000000000000000000000000
v2,E111180000D2663C0091E4F400237545B87B996B,2026-08-25 03:40:58.000 UTC,DC89580E0B95C20FC9E03800097986170D13B47F6CF7EFBCDB450BE90E578F75,177,8B6EB8440EE92EC09BA1232A7555D191992747BC7134A9C38B49249AC92D9D64,0,66315012829260561922679797924040386172300364430316158558635375172607044845732,0.99,11,0.09,31F1592135AEE70D4A1E425B7E0406D8747B5903,775D9DE0C72C76A459FADFBB4CD79D5715236BEB,false,0,0000000000000000000000000000000000000000000000000000000000000000,0000000000000000000000000000000000000000000000000000000000000000
v2,E111180000D2663C0091E4F400237545B87B996B,2026-08-25 03:40:58.000 UTC,DC89580E0B95C20FC9E03800097986170D13B47F6CF7EFBCDB450BE90E578F75,179,85C0FE6FC364B1F5231699DFF96B56E6E7E04AF939E7484BD811CF063E4FA5FA,0,66315012829260561922679797924040386172300364430316158558635375172607044845732,0.54,6,0.09,EEBDE7A0E019A63E6B476EB425505B7B3E6EBA30,775D9DE0C72C76A459FADFBB4CD79D5715236BEB,false,0,0000000000000000000000000000000000000000000000000000000000000000,0000000000000000000000000000000000000000000000000000000000000000
v2,E111180000D2663C0091E4F400237545B87B996B,2026-08-25 03:40:58.000 UTC,DC89580E0B95C20FC9E03800097986170D13B47F6CF7EFBCDB450BE90E578F75,183,7792CC60E808F3CE17C9127C649982B0396D5D2B5923BB48A7622611D6B5EDBA,0,48045938489781039493443005373766144574193587622238993062789789639360486207413,27.17,30,0.9056666666666666,775D9DE0C72C76A459FADFBB4CD79D5715236BEB,E111180000D2663C0091E4F400237545B87B996B,true,0.17941,0000000000000000000000000000000000000000000000000000000000000000,0000000000000000000000000000000000000000000000000000000000000000
v2,E111180000D2663C0091E4F400237545B87B996B,2026-08-25 03:40:58.000 UTC,E3BA5030A16B327BBA944DC58957298ED10374AA504D5462255D4A3950F21405,330,85C0FE6FC364B1F5231699DFF96B56E6E7E04AF939E7484BD811CF063E4FA5FA,0,66315012829260561922679797924040386172300364430316158558635375172607044845732,0.2664,2.96,0.09,EEBDE7A0E019A63E6B476EB425505B7B3E6EBA30,775D9DE0C72C76A459FADFBB4CD79D5715236BEB,false,0,0000000000000000000000000000000000000000000000000000000000000000,0000000000000000000000000000000000000000000000000000000000000000
v2,E111180000D2663C0091E4F400237545B87B996B,2026-08-25 03:40:58.000 UTC,E3BA5030A16B327BBA944DC58957298ED10374AA504D5462255D4A3950F21405,334,CFC911DD1DC520A9203D3A27AC6DD2E6DEA67A4C72850D508AD166B3FCE3DBFA,0,48045938489781039493443005373766144574193587622238993062789789639360486207413,2.6936,2.96,0.91,775D9DE0C72C76A459FADFBB4CD79D5715236BEB,E111180000D2663C0091E4F400237545B87B996B,true,0.01696,0000000000000000000000000000000000000000000000000000000000000000,0000000000000000000000000000000000000000000000000000000000000000
v2,E111180000D2663C0091E4F400237545B87B996B,2026-08-25 03:40:58.000 UTC,F02D38E74C9602F819260ECBF3FEA4F799BAE51890DB28C49C5F38FDF0AEB718,538,79671D72C9448D29FCB7C891CA24A806F3C6426DAD197E4FAD0BD105C4497FFC,0,73730726020568160984527978612154282702379437579916419662100788600476292752775,2.55,7.5,0.34,B27BC932BF8110D8F78E55DA7D5F0497A18B5B82,D29008B2E0D1A288B37274FB1C221D2BF2C78580,false,0,0000000000000000000000000000000000000000000000000000000000000000,0000000000000000000000000000000000000000000000000000000000000000
v2,E111180000D2663C0091E4F400237545B87B996B,2026-08-25 03:40:58.000 UTC,F02D38E74C9602F819260ECBF3FEA4F799BAE51890DB28C49C5F38FDF0AEB718,542,DE73AFB78F2BFCF079321564234C88254AEAB901FBF67B4AB0CD92D6C29E21E7,0,85726358285139274992755429967205294411901765760528272277244026602010393622972,4.95,7.5,0.66,D29008B2E0D1A288B37274FB1C221D2BF2C78580,E111180000D2663C0091E4F400237545B87B996B,true,0.11781,0000000000000000000000000000000000000000000000000000000000000000,0000000000000000000000000000000000000000000000000000000000000000
v2,E111180000D2663C0091E4F400237545B87B996B,2026-08-25 03:40:57.000 UTC,0DC3134A201ADC0CB03741A59F3953887FFD1E9BB55590DECFD8D3EB540F8110,456,63AA7CD253183A3B8EEDB09787FBDF87FB6F3A39F8F751CCE68428268310D601,0,85726358285139274992755429967205294411901765760528272277244026602010393622972,8.58,13.2,0.65,B27BC932BF8110D8F78E55DA7D5F0497A18B5B82,0C7C5204404E9D5402D258FEDAC59C7212BAE4CB,false,0,0000000000000000000000000000000000000000000000000000000000000000,0000000000000000000000000000000000000000000000000000000000000000
v2,E111180000D2663C0091E4F400237545B87B996B,2026-08-25 03:40:57.000 UTC,0DC3134A201ADC0CB03741A59F3953887FFD1E9BB55590DECFD8D3EB540F8110,460,948AB103D21D27E0996D16B0A5DACF13E27BCD0656F219F1AD4BE65190E53A18,0,73730726020568160984527978612154282702379437579916419662100788600476292752775,4.62,13.2,0.35,0C7C5204404E9D5402D258FEDAC59C7212BAE4CB,E111180000D2663C0091E4F400237545B87B996B,true,0.21021,0000000000000000000000000000000000000000000000000000000000000000,0000000000000000000000000000000000000000000000000000000000000000
v2,E111180000D2663C0091E4F400237545B87B996B,2026-08-25 03:40:57.000 UTC,0F4C3FD897B42C77559D2F2FD6D12D2920A36C6A8100DE53156504A24EE816CF,280,2A5CA78882B234F052EA02853D523DE5796A9C785CF97AE3EDE606BD55D631A4,0,49415454858728120583169859793616891394559297791124621501249826129592711977239,0.0052,0.02,0.26,885278F0E304BC2D53F805AF2AB779CB6011C569,674887D1AC838099A48B629DFF53F25B7B87EE08,false,0,0000000000000000000000000000000000000000000000000000000000000000,0000000000000000000000000000000000000000000000000000000000000000
v2,E111180000D2663C0091E4F400237545B87B996B,2026-08-25 03:40:57.000 UTC,0F4C3FD897B42C77559D2F2FD6D12D2920A36C6A8100DE53156504A24EE816CF,283,9A38FF79778DF20C0DFA96B6F20D6E0B5440687D3AE3BA90FC093DE9576EEFED,1,49415454858728120583169859793616891394559297791124621501249826129592711977239,0.02,0.0052,0.26,674887D1AC838099A48B629DFF53F25B7B87EE08,E111180000D2663C0091E4F400237545B87B996B,true,0.00026,0000000000000000000000000000000000000000000000000000000000000000,0000000000000000000000000000000000000000000000000000000000000000
v2,E2222D279D744050D28E00520010520000310F59,2026-08-25 03:40:57.000 UTC,2A4BD1A2A12CC879346C3E6E828867293B88798287DC49FAC54A89BED453D977,241,BB205F5C81631F9C7E837AAB7E2056DCF7D38E316F4B5EA26F3D325C1272D0F9,1,33339798372916037220786136133406478491116150628220441951753426683441228279665,5,0.01,0.002,3E9FF2DBF2A6356EE47049E9F3C43A70CB55D57F,C69BD5567B40EF4D11922EAA57E1F9BE1C642076,false,0,0000000000000000000000000000000000000000000000000000000000000000,0000000000000000000000000000000000000000000000000000000000000000
v2,E2222D279D744050D28E00520010520000310F59,2026-08-25 03:40:57.000 UTC,2A4BD1A2A12CC879346C3E6E828867293B88798287DC49FAC54A89BED453D977,243,466533CB48420128F3807B591D2622B8CB37A19D5F53D0012608C47464BA492A,0,33339798372916037220786136133406478491116150628220441951753426683441228279665,0.01,5,0.002,C69BD5567B40EF4D11922EAA57E1F9BE1C642076,E2222D279D744050D28E00520010520000310F59,true,0.00029,0000000000000000000000000000000000000000000000000000000000000000,0000000000000000000000000000000000000000000000000000000000000000
v2,E111180000D2663C0091E4F400237545B87B996B,2026-08-25 03:40:57.000 UTC,39B9CD27FE4E31385202684494EEBB7C557CFCBC44D92B89E74C4F80E5DA68D2,261,6B348051EBB776EECB85938329A3418F8BCF739627A7FE7DDCA4332221505437,0,80683013444836478816249203073387333367782102790114261193253091360277337204535,3.68,8,0.46,E8E086F7EF06AF27889EDFB5026E1453C61D7EEC,CE25E214D5CFE4F459CF67F08DF581885AAE7FDC,false,0,0000000000000000000000000000000000000000000000000000000000000000,0000000000000000000000000000000000000000000000000000000000000000
v2,E111180000D2663C0091E4F400237545B87B996B,2026-08-25 03:40:57.000 UTC,39B9CD27FE4E31385202684494EEBB7C557CFCBC44D92B89E74C4F80E5DA68D2,263,04D76D5BE4E2ACB6CBBA31AD3451F904AA6B6DAD32BCB0B6251435152921E1C9,0,80683013444836478816249203073387333367782102790114261193253091360277337204535,8.74,19,0.46,EEBDE7A0E019A63E6B476EB425505B7B3E6EBA30,CE25E214D5CFE4F459CF67F08DF581885AAE7FDC,false,0,0000000000000000000000000000000000000000000000000000000000000000,0000000000000000000000000000000000000000000000000000000000000000
v2,E111180000D2663C0091E4F400237545B87B996B,2026-08-25 03:40:57.000 UTC,39B9CD27FE4E31385202684494EEBB7C557CFCBC44D92B89E74C4F80E5DA68D2,267,0CD7CDF4E916B318D9571C447E4349BA167359A461BB7D9E41DE292EA41C6773,0,105313443713068439809370291394462862142774398228619051055754389114395948051926,14.58,27,0.54,CE25E214D5CFE4F459CF67F08DF581885AAE7FDC,E111180000D2663C0091E4F400237545B87B996B,true,0.46947,0000000000000000000000000000000000000000000000000000000000000000,0000000000000000000000000000000000000000000000000000000000000000
v2,E111180000D2663C0091E4F400237545B87B996B,2026-08-25 03:40:57.000 UTC,4C4DFA684080FDF343BF725850AA21E1E02E1DB8E65FA7EFFD71DD061A1C7589,398,951789129202977FCD8A57D388FF909840C078BCD13F0577E7F070D0C0C00925,0,24052219366589465873012982400871236736989915228757543017036089342503584231219,87.94197,88.03,0.999,4638702F203AAABC57FE2B9676C5CD9A2A686B0A,91B2AC2506D094BD2D7C17B450A1220E9BD14751,false,0,0000000000000000000000000000000000000000000000000000000000000000,0000000000000000000000000000000000000000000000000000000000000000
v2,E111180000D2663C0091E4F400237545B87B996B,2026-08-25 03:40:57.000 UTC,4C4DFA684080FDF343BF725850AA21E1E02E1DB8E65FA7EFFD71DD061A1C7589,401,98810E9ADE76EF5322985B0BB9AFDAC0C4077520AE49E544AAB909E7B91AF0C0,1,24052219366589465873012982400871236736989915228757543017036089342503584231219,88.03,87.94197,0.999,91B2AC2506D094BD2D7C17B450A1220E9BD14751,E111180000D2663C0091E4F400237545B87B996B,true,0.44409,4898DF15EC6590495DC6C0FEDF951ADE3E64001D47F9CAF44A64E86FC11959DF,0000000000000000000000000000000000000000000000000000000000000000
v2,E111180000D2663C0091E4F400237545B87B996B,2026-08-25 03:40:57.000 UTC,50B2490EE9E675385BE266D4CF980EC4CE8BA403A9524E925DDDD4BAC0D31C66,381,6F9680220945785D0FDA09064D62B91F8C22A09F012A141A8383F4FCAE695726,0,54594852474082202684326155768406218632936678487894687398868346565072577253272,0.093913,1.173912,0.08000003407410436,8673D3A19C559F43241312894BB82FC4FD8559A5,24704D5C3D5CA058D356A532C0780DB4B5557AE6,false,0,0000000000000000000000000000000000000000000000000000000000000000,0000000000000000000000000000000000000000000000000000000000000000
v2,E111180000D2663C0091E4F400237545B87B996B,2026-08-25 03:40:57.000 UTC,50B2490EE9E675385BE266D4CF980EC4CE8BA403A9524E925DDDD4BAC0D31C66,385,FD351D330ADA9F0F23208284423C9070B46A1751E988307E63ADE9062573DCF0,0,62515985873189237423485557576006445031168319891734598128295582203663806537345,1.079999,1.173912,0.9199999659258956,24704D5C3D5CA058D356A532C0780DB4B5557AE6,E111180000D2663C0091E4F400237545B87B996B,true,0.00345,0000000000000000000000000000000000000000000000000000000000000000,0000000000000000000000000000000000000000000000000000000000000000
v2,E111180000D2663C0091E4F400237545B87B996B,2026-08-25 03:40:57.000 UTC,5393F7F55824409F74CA22F7230E21511BD7FCA6DC717BDA53B677EAEF052C3A,272,33D94101E6D52EA9D37A3DDF47143EED5EB556BE4701065751BE86B3344AB497,1,114908152504434696013466211203306450236418903992480601158166515108878902455930,1.52857,1.069999,0.7,1DD2A69E73BA444ECD5D87F0073D51A670AD51C2,1F909BE752F9FEFDA071A790A3424CB17589457E,false,0,0000000000000000000000000000000000000000000000000000000000000000,0000000000000000000000000000000000000000000000000000000000000000
v2,E111180000D2663C0091E4F400237545B87B996B,2026-08-25 03:40:57.000 UTC,5393F7F55824409F74CA22F7230E21511BD7FCA6DC717BDA53B677EAEF052C3A,274,35A2FF43BBBB2B133F629C91B47C10C8E42DB94BD6750BE510F640DB370E8CCC,0,114908152504434696013466211203306450236418903992480601158166515108878902455930,1.069999,1.52857,0.7,1F909BE752F9FEFDA071A790A3424CB17589457E,E111180000D2663C0091E4F400237545B87B996B,true,0.02246,0000000000000000000000000000000000000000000000000000000000000000,0000000000000000000000000000000000000000000000000000000000000000
v2,E111180000D2663C0091E4F400237545B87B996B,2026-08-25 03:40:57.000 UTC,5498895A0F4A071E62220B7334AAE9163F49DD152B324B04B5C68E23AFE8BFD4,232,D502CF5E8989A8219770CAE443C9CB7F0A6A10EC0FBB2D711B707492B76245B2,0,21305899429393480276613226870910088748026539591169537446493656138390640988604,0.0152,0.02,0.76,50F3E0745CB8BEF421BDAA403B1B70F5D1D8CFBF,674887D1AC838099A48B629DFF53F25B7B87EE08,false,0,0000000000000000000000000000000000000000000000000000000000000000,0000000000000000000000000000000000000000000000000000000000000000
v2,E111180000D2663C0091E4F400237545B87B996B,2026-08-25 03:40:57.000 UTC,5498895A0F4A071E62220B7334AAE9163F49DD152B324B04B5C68E23AFE8BFD4,235,859863378A7DBC0084FCCFF7695ADFAAC30158FF90B4EAAE91394C548020B73A,1,21305899429393480276613226870910088748026539591169537446493656138390640988604,0.02,0.0152,0.76,674887D1AC838099A48B629DFF53F25B7B87EE08,E111180000D2663C0091E4F400237545B87B996B,true,0.00025,0000000000000000000000000000000000000000000000000000000000000000,0000000000000000000000000000000000000000000000000000000000000000
v2,E111180000D2663C0091E4F400237545B87B996B,2026-08-25 03:40:57.000 UTC,6265B875F3B35053D8A6C9BF027969E632ED2F4CB1728D61D8E3729407855CC8,390,57E156E6D102C45E1BCDA682A761D4293BF329ABA65D783F87E504128A18C874,1,66315012829260561922679797924040386172300364430316158558635375172607044845732,9.090908,0.999999,0.10999990319998838,7E531479CC3DA5F014C891DE002CA6FCDF94A456,5688167862019BDC8417CC9BDD9C5C9BBBE66112,false,0,0000000000000000000000000000000000000000000000000000000000000000,0000000000000000000000000000000000000000000000000000000000000000
v2,E111180000D2663C0091E4F400237545B87B996B,2026-08-25 03:40:57.000 UTC,6265B875F3B35053D8A6C9BF027969E632ED2F4CB1728D61D8E3729407855CC8,392,C5827DAD9D99F4786A524956DD7A1BD19B041616DF7A590727823C51249798CB,0,66315012829260561922679797924040386172300364430316158558635375172607044845732,0.999999,9.090908,0.10999990319998838,5688167862019BDC8417CC9BDD9C5C9BBBE66112,E111180000D2663C0091E4F400237545B87B996B,true,0.06229,9FEDC0B0702CA6CB294E5321D9491B1E38B8BD2B463A7F7B06DF8E6D7553CD18,0000000000000000000000000000000000000000000000000000000000000000
v2,E111180000D2663C0091E4F400237545B87B996B,2026-08-25 03:40:57.000 UTC,749F4E7C22EAF4B01F477B2ED45AD4E3F0A07A992D1D36FEBB31FDCAF76691DA,300,D4146CD7F5E19604FD71132B05FA57C8DDEF23FE15D72561CF1FD18EE163233B,0,85726358285139274992755429967205294411901765760528272277244026602010393622972,8.32,13,0.64,B27BC932BF8110D8F78E55DA7D5F0497A18B5B82,0C7C5204404E9D5402D258FEDAC59C7212BAE4CB,false,0,0000000000000000000000000000000000000000000000000000000000000000,0000000000000000000000000000000000000000000000000000000000000000
v2,E111180000D2663C0091E4F400237545B87B996B,2026-08-25 03:40:57.000 UTC,749F4E7C22EAF4B01F477B2ED45AD4E3F0A07A992D1D36FEBB31FDCAF76691DA,304,9EFA708D10098C491612CB2510C6A42C38A9693DC953FF13B6C8C550B967F602,0,73730726020568160984527978612154282702379437579916419662100788600476292752775,4.68,13,0.36,0C7C5204404E9D5402D258FEDAC59C7212BAE4CB,E111180000D2663C0091E4F400237545B87B996B,true,0.20966,0000000000000000000000000000000000000000000000000000000000000000,0000000000000000000000000000000000000000000000000000000000000000
v2,E111180000D2663C0091E4F400237545B87B996B,2026-08-25 03:40:57.000 UTC,772309FF07387EF1FAC78EF82831B56BF5C1C31C37E104044709777EC3504C1A,223,06A15C2B04A906B393F18385063D96D53C883F2932C6D056125BDB0D0BCF250B,0,85726358285139274992755429967205294411901765760528272277244026602010393622972,0.013,0.02,0.65,50F3E0745CB8BEF421BDAA403B1B70F5D1D8CFBF,674887D1AC838099A48B629DFF53F25B7B87EE08,false,0,0000000000000000000000000000000000000000000000000000000000000000,0000000000000000000000000000000000000000000000000000000000000000
v2,E111180000D2663C0091E4F400237545B87B996B,2026-08-25 03:40:57.000 UTC,772309FF07387EF1FAC78EF82831B56BF5C1C31C37E104044709777EC3504C1A,226,6B66C0F9F017E52308329B737A873111CB36E4C7DCF7F60DC44E988019D05C9A,1,85726358285139274992755429967205294411901765760528272277244026602010393622972,0.02,0.013,0.65,674887D1AC838099A48B629DFF53F25B7B87EE08,E111180000D2663C0091E4F400237545B87B996B,true,0.00031,0000000000000000000000000000000000000000000000000000000000000000,0000000000000000000000000000000000000000000000000000000000000000
v2,E111180000D2663C0091E4F400237545B87B996B,2026-08-25 03:40:57.000 UTC,85FBFE4EA527034523DE4801B7A14E6CDAC0AB0A393B16F1985F66AD0867F707,214,951789129202977FCD8A57D388FF909840C078BCD13F0577E7F070D0C0C00925,0,24052219366589465873012982400871236736989915228757543017036089342503584231219,17.12286,17.14,0.999,4638702F203AAABC57FE2B9676C5CD9A2A686B0A,2CA106778B11724D0E14C96BE3529FE753D7FC25,false,0,0000000000000000000000000000000000000000000000000000000000000000,0000000000000000000000000000000000000000000000000000000000000000
v2,E111180000D2663C0091E4F400237545B87B996B,2026-08-25 03:40:57.000 UTC,85FBFE4EA527034523DE4801B7A14E6CDAC0AB0A393B16F1985F66AD0867F707,217,67F0E79AAA95A2B57F85B108AB5FC5FA4A4CB23D19EF1DBDC117C8D2A692AE9B,1,24052219366589465873012982400871236736989915228757543017036089342503584231219,17.14,17.12286,0.999,2CA106778B11724D0E14C96BE3529FE753D7FC25,E111180000D2663C0091E4F400237545B87B996B,true,0.08646,4898DF15EC6590495DC6C0FEDF951ADE3E64001D47F9CAF44A64E86FC11959DF,0000000000000000000000000000000000000000000000000000000000000000
v2,E111180000D2663C0091E4F400237545B87B996B,2026-08-25 03:40:57.000 UTC,A2428294FA52AD6F155E6D2E262B99359626D3D3801BE58FE96737B5DA66E49C,205,E1D20CAC9766C7C627F23254FE497E96434EE826AE428ECB343C2A524B550CE8,0,114908152504434696013466211203306450236418903992480601158166515108878902455930,0.0142,0.02,0.71,51602BE6F69DB4CBBEC322B5BB2E93886ED2A157,674887D1AC838099A48B629DFF53F25B7B87EE08,false,0,0000000000000000000000000000000000000000000000000000000000000000,0000000000000000000000000000000000000000000000000000000000000000
v2,E111180000D2663C0091E4F400237545B87B996B,2026-08-25 03:40:57.000 UTC,A2428294FA52AD6F155E6D2E262B99359626D3D3801BE58FE96737B5DA66E49C,208,0FCA359FAE97188BE0D6137AEC0879953047C78904B7557CDC724848A2EFD33D,1,114908152504434696013466211203306450236418903992480601158166515108878902455930,0.02,0.0142,0.71,674887D1AC838099A48B629DFF53F25B7B87EE08,E111180000D2663C0091E4F400237545B87B996B,true,0.00028,0000000000000000000000000000000000000000000000000000000000000000,0000000000000000000000000000000000000000000000000000000000000000
v2,E111180000D2663C0091E4F400237545B87B996B,2026-08-25 03:40:57.000 UTC,A714FB724C86A4F5C2345ECCABADAD673C3C73B6346564BEE600A500D2AECCDC,196,770C82444288916996F7EF799108A73F4E9839FA3AC9D4227E1876CBE738D7ED,0,70252718303559652349513469860319551842622259106171464793184636205379335244425,0.014,0.02,0.7,B0F85BAA97990910A3E8AC2B4A58A322F01ECEF5,674887D1AC838099A48B629DFF53F25B7B87EE08,false,0,0000000000000000000000000000000000000000000000000000000000000000,0000000000000000000000000000000000000000000000000000000000000000
v2,E111180000D2663C0091E4F400237545B87B996B,2026-08-25 03:40:57.000 UTC,A714FB724C86A4F5C2345ECCABADAD673C3C73B6346564BEE600A500D2AECCDC,199,D5ECFF0AA7E749F8EA4333FF5C7F7FCDD2A5F8D6F2089B305236543DFD05FDBB,1,70252718303559652349513469860319551842622259106171464793184636205379335244425,0.02,0.014,0.7,674887D1AC838099A48B629DFF53F25B7B87EE08,E111180000D2663C0091E4F400237545B87B996B,true,0.00029,0000000000000000000000000000000000000000000000000000000000000000,0000000000000000000000000000000000000000000000000000000000000000
v2,E2222D279D744050D28E00520010520000310F59,2026-08-25 03:40:57.000 UTC,BCBEB1EC4527A12173BA66AF0EFC173127DF3680D7BDDA3439979B9A12EEC6A8,437,BB205F5C81631F9C7E837AAB7E2056DCF7D38E316F4B5EA26F3D325C1272D0F9,1,33339798372916037220786136133406478491116150628220441951753426683441228279665,5,0.01,0.002,3E9FF2DBF2A6356EE47049E9F3C43A70CB55D57F,C69BD5567B40EF4D11922EAA57E1F9BE1C642076,false,0,0000000000000000000000000000000000000000000000000000000000000000,0000000000000000000000000000000000000000000000000000000000000000
v2,E2222D279D744050D28E00520010520000310F59,2026-08-25 03:40:57.000 UTC,BCBEB1EC4527A12173BA66AF0EFC173127DF3680D7BDDA3439979B9A12EEC6A8,439,90A60FEBA4AA984B5C6759C759D8A8E7583BC45EF4242FF51A5038807EFF4FDE,0,33339798372916037220786136133406478491116150628220441951753426683441228279665,0.01,5,0.002,C69BD5567B40EF4D11922EAA57E1F9BE1C642076,E2222D279D744050D28E00520010520000310F59,true,0.00029,0000000000000000000000000000000000000000000000000000000000000000,0000000000000000000000000000000000000000000000000000000000000000
v2,E111180000D2663C0091E4F400237545B87B996B,2026-08-25 03:40:57.000 UTC,D0DD3E4A1E0ECC3427B95105636DB2B61E26DABD187E841AA97011F29CAC5908,465,DDF3F8FEADF907B2AB256585F400C6214BA6280D3EAB10FFA47F22C628E95F0D,0,36313752927594284030157824512155344616503438533583173955726763020632539684581,0.019,0.02,0.95,A0E72D5575095199AE08CE0DCE447F21B7249461,674887D1AC838099A48B629DFF53F25B7B87EE08,false,0,0000000000000000000000000000000000000000000000000000000000000000,0000000000000000000000000000000000000000000000000000000000000000
v2,E111180000D2663C0091E4F400237545B87B996B,2026-08-25 03:40:57.000 UTC,D0DD3E4A1E0ECC3427B95105636DB2B61E26DABD187E841AA97011F29CAC5908,468,5C61D750F0D729AB3EE7C96029D3EC8EA3E029CDA9CA33C3C1BADB62F4E1A70A,1,36313752927594284030157824512155344616503438533583173955726763020632539684581,0.02,0.019,0.95,674887D1AC838099A48B629DFF53F25B7B87EE08,E111180000D2663C0091E4F400237545B87B996B,true,6e-05,0000000000000000000000000000000000000000000000000000000000000000,0000000000000000000000000000000000000000000000000000000000000000
v2,E111180000D2663C0091E4F400237545B87B996B,2026-08-25 03:40:55.000 UTC,052287D7D8A28B4D47D4153169BC05D252F8040AA88915DEAA2FA0AA21011208,432,030A03FBD087843B3CDFE02232FC9471443435905389B658E5082C534A45036D,1,42761471553687966207880204982691112873946959239976117056273331723411744089123,10,3,0.3,079514D8BD06169642EFB63DD9366EC4861FB281,0C7C5204404E9D5402D258FEDAC59C7212BAE4CB,false,0,0000000000000000000000000000000000000000000000000000000000000000,0000000000000000000000000000000000000000000000000000000000000000
v2,E111180000D2663C0091E4F400237545B87B996B,2026-08-25 03:40:55.000 UTC,052287D7D8A28B4D47D4153169BC05D252F8040AA88915DEAA2FA0AA21011208,434,0DC5D4AEEE3CD4340A587E49D90A0EA403529CAC7C06B5860C458AAD4DAE1C5B,0,42761471553687966207880204982691112873946959239976117056273331723411744089123,3,10,0.3,0C7C5204404E9D5402D258FEDAC59C7212BAE4CB,E111180000D2663C0091E4F400237545B87B996B,true,0.147,0000000000000000000000000000000000000000000000000000000000000000,0000000000000000000000000000000000000000000000000000000000000000
v2,E111180000D2663C0091E4F400237545B87B996B,2026-08-25 03:40:55.000 UTC,079971907290007C180974EE47E173CCFBC4F8BCA4704A645D5DA8BABCE120EC,503,D502CF5E8989A8219770CAE443C9CB7F0A6A10EC0FBB2D711B707492B76245B2,0,21305899429393480276613226870910088748026539591169537446493656138390640988604,0.0152,0.02,0.76,50F3E0745CB8BEF421BDAA403B1B70F5D1D8CFBF,674887D1AC838099A48B629DFF53F25B7B87EE08,false,0,0000000000000000000000000000000000000000000000000000000000000000,0000000000000000000000000000000000000000000000000000000000000000
v2,E111180000D2663C0091E4F400237545B87B996B,2026-08-25 03:40:55.000 UTC,079971907290007C180974EE47E173CCFBC4F8BCA4704A645D5DA8BABCE120EC,506,74131F03F8F6AA96DD9FEF91FB53991347DB7A2E352193AB34842E2E927E37DB,1,21305899429393480276613226870910088748026539591169537446493656138390640988604,0.02,0.0152,0.76,674887D1AC838099A48B629DFF53F25B7B87EE08,E111180000D2663C0091E4F400237545B87B996B,true,0.00025,0000000000000000000000000000000000000000000000000000000000000000,0000000000000000000000000000000000000000000000000000000000000000
v2,E2222D279D744050D28E00520010520000310F59,2026-08-25 03:40:55.000 UTC,1BAD874930C4CCD44A00667EA14B203554B3D59C462977CDC54C12C251BE2A0A,243,BB205F5C81631F9C7E837AAB7E2056DCF7D38E316F4B5EA26F3D325C1272D0F9,1,33339798372916037220786136133406478491116150628220441951753426683441228279665,5,0.01,0.002,3E9FF2DBF2A6356EE47049E9F3C43A70CB55D57F,C69BD5567B40EF4D11922EAA57E1F9BE1C642076,false,0,0000000000000000000000000000000000000000000000000000000000000000,0000000000000000000000000000000000000000000000000000000000000000
v2,E2222D279D744050D28E00520010520000310F59,2026-08-25 03:40:55.000 UTC,1BAD874930C4CCD44A00667EA14B203554B3D59C462977CDC54C12C251BE2A0A,245,072A14E04FD04EA0CBFCFF1B85FADE3605A35830772C2186EAED40A06713240C,0,33339798372916037220786136133406478491116150628220441951753426683441228279665,0.01,5,0.002,C69BD5567B40EF4D11922EAA57E1F9BE1C642076,E2222D279D744050D28E00520010520000310F59,true,0.00029,0000000000000000000000000000000000000000000000000000000000000000,0000000000000000000000000000000000000000000000000000000000000000
v2,E111180000D2663C0091E4F400237545B87B996B,2026-08-25 03:40:55.000 UTC,1CB8B2DBFB2DD7039E3F5CE2B6176ABEF31E9CD94A2CB2724C15EEB02CC825E5,403,D8876D5D0BD61C8369C24722AC5194418C57362150AF0CB7767CB09DD3F42B20,0,72077511720817303715029382649853279635963610056396436002225761506642098467449,0.015,0.02,0.75,337B7FCA244BF2EF3272469EE02A2BD541097E26,674887D1AC838099A48B629DFF53F25B7B87EE08,false,0,0000000000000000000000000000000000000000000000000000000000000000,0000000000000000000000000000000000000000000000000000000000000000
v2,E111180000D2663C0091E4F400237545B87B996B,2026-08-25 03:40:55.000 UTC,1CB8B2DBFB2DD7039E3F5CE2B6176ABEF31E9CD94A2CB2724C15EEB02CC825E5,406,487D3E77F762CB74797D1BA252D01094457536FF2C97838EA175D97B8F740E3E,1,72077511720817303715029382649853279635963610056396436002225761506642098467449,0.02,0.015,0.75,674887D1AC838099A48B629DFF53F25B7B87EE08,E111180000D2663C0091E4F400237545B87B996B,true,0.00026,0000000000000000000000000000000000000000000000000000000000000000,0000000000000000000000000000000000000000000000000000000000000000
v2,E111180000D2663C0091E4F400237545B87B996B,2026-08-25 03:40:55.000 UTC,1E05E4621DE5C8BA94A49467492AEFB66AE4C54D811A21D2A9568C31E158F9EE,365,9F39B075D3FAAA39EE2C02277634CE2D4CDCC036F6CB6A3C38C8183775D35F91,0,85726358285139274992755429967205294411901765760528272277244026602010393622972,0.0132,0.02,0.66,B27BC932BF8110D8F78E55DA7D5F0497A18B5B82,674887D1AC838099A48B629DFF53F25B7B87EE08,false,0,0000000000000000000000000000000000000000000000000000000000000000,0000000000000000000000000000000000000000000000000000000000000000
v2,E111180000D2663C0091E4F400237545B87B996B,2026-08-25 03:40:55.000 UTC,1E05E4621DE5C8BA94A49467492AEFB66AE4C54D811A21D2A9568C31E158F9EE,368,24246453237190AB3C9B9746B340F73C73EC8F8E6757058A10149D3D040E28C5,1,85726358285139274992755429967205294411901765760528272277244026602010393622972,0.02,0.0132,0.66,674887D1AC838099A48B629DFF53F25B7B87EE08,E111180000D2663C0091E4F400237545B87B996B,true,0.00031,0000000000000000000000000000000000000000000000000000000000000000,0000000000000000000000000000000000000000000000000000000000000000
v2,E111180000D2663C0091E4F400237545B87B996B,2026-08-25 03:40:55.000 UTC,24A580B5CA6F0CFB44EDCCE39E6EAEF63ABD278ECA1315677F2313F11614A2F3,394,D8876D5D0BD61C8369C24722AC5194418C57362150AF0CB7767CB09DD3F42B20,0,72077511720817303715029382649853279635963610056396436002225761506642098467449,0.015,0.02,0.75,337B7FCA244BF2EF3272469EE02A2BD541097E26,674887D1AC838099A48B629DFF53F25B7B87EE08,false,0,0000000000000000000000000000000000000000000000000000000000000000,0000000000000000000000000000000000000000000000000000000000000000
v2,E111180000D2663C0091E4F400237545B87B996B,2026-08-25 03:40:55.000 UTC,24A580B5CA6F0CFB44EDCCE39E6EAEF63ABD278ECA1315677F2313F11614A2F3,397,49DCE6D6A370ABFCC7266CD2FEAAFE5D9853E380317433E2D42CB84C6FB41C56,1,72077511720817303715029382649853279635963610056396436002225761506642098467449,0.02,0.015,0.75,674887D1AC838099A48B629DFF53F25B7B87EE08,E111180000D2663C0091E4F400237545B87B996B,true,0.00026,0000000000000000000000000000000000000000000000000000000000000000,0000000000000000000000000000000000000000000000000000000000000000
v2,E111180000D2663C0091E4F400237545B87B996B,2026-08-25 03:40:55.000 UTC,4ECDF9F3C500AB7B4B14DF7A0AE89D2D06EB54FB2516C30940EA1F334773A8D9,262,A5906CAAC41DB08595945CD26CEDB59C7BE38C7FA8AFB9B347DA23B2C3B66687,0,25323866082562825222099711428263861856200803766293539933536997271288248426887,0.375945,1.445942,0.2600000553272538,E69473BC36EEA1E88B6DFAB03783AE70DE22F6E2,1F909BE752F9FEFDA071A790A3424CB17589457E,false,0,0000000000000000000000000000000000000000000000000000000000000000,0000000000000000000000000000000000000000000000000000000000000000
v2,E111180000D2663C0091E4F400237545B87B996B,2026-08-25 03:40:55.000 UTC,4ECDF9F3C500AB7B4B14DF7A0AE89D2D06EB54FB2516C30940EA1F334773A8D9,266,ACEE35C33E2A88C1B1EDDD9BF7B5C8C945C42C209948D105F69DE3E8CE2B04D1,0,114908152504434696013466211203306450236418903992480601158166515108878902455930,1.069997,1.445942,0.7399999446727462,1F909BE752F9FEFDA071A790A3424CB17589457E,E111180000D2663C0091E4F400237545B87B996B,true,0.01947,0000000000000000000000000000000000000000000000000000000000000000,0000000000000000000000000000000000000000000000000000000000000000
v2,E111180000D2663C0091E4F400237545B87B996B,2026-08-25 03:40:55.000 UTC,5B08DD71C30EE27D94AA4FE0E193BD8F830C7E017FE518DC61ACEFB406460950,282,B99D39246E9AA0EC426C5223CD9D115B86E12F68C92270996267302D44BACFEC,0,66315012829260561922679797924040386172300364430316158558635375172607044845732,0.618077,5.108074,0.12100000900535114,3725D52F3C252E8374999CC8617292EA2608AD88,4A2CE938495B865C910715C927BF2E0524330618,false,0,0000000000000000000000000000000000000000000000000000000000000000,0000000000000000000000000000000000000000000000000000000000000000
v2,E111180000D2663C0091E4F400237545B87B996B,2026-08-25 03:40:55.000 UTC,5B08DD71C30EE27D94AA4FE0E193BD8F830C7E017FE518DC61ACEFB406460950,286,32E28C0BE3E5D55D4E5C91081743BE1DD94095263AA3D148AB4DD6E70B8ED1B3,0,48045938489781039493443005373766144574193587622238993062789789639360486207413,4.489997,5.108074,0.8789999909946489,4A2CE938495B865C910715C927BF2E0524330618,E111180000D2663C0091E4F400237545B87B996B,true,0.03803,0000000000000000000000000000000000000000000000000000000000000000,0000000000000000000000000000000000000000000000000000000000000000
v2,E111180000D2663C0091E4F400237545B87B996B,2026-08-25 03:40:55.000 UTC,5E9EFD7661A1F598C765CC1A9DA2D27E6A13B239E975E5522FA1D2AF586C730C,449,2A5CA78882B234F052EA02853D523DE5796A9C785CF97AE3EDE606BD55D631A4,0,49415454858728120583169859793616891394559297791124621501249826129592711977239,0.0052,0.02,0.26,885278F0E304BC2D53F805AF2AB779CB6011C569,674887D1AC838099A48B629DFF53F25B7B87EE08,false,0,0000000000000000000000000000000000000000000000000000000000000000,0000000000000000000000000000000000000000000000000000000000000000
v2,E111180000D2663C0091E4F400237545B87B996B,2026-08-25 03:40:55.000 UTC,5E9EFD7661A1F598C765CC1A9DA2D27E6A13B239E975E5522FA1D2AF586C730C,452,B4A33B8CC381DAE167B35220BE40B6ED9299A2A9D6DEE3BED31A5821AA8721A2,1,49415454858728120583169859793616891394559297791124621501249826129592711977239,0.02,0.0052,0.26,674887D1AC838099A48B629DFF53F25B7B87EE08,E111180000D2663C0091E4F400237545B87B996B,true,0.00026,0000000000000000000000000000000000000000000000000000000000000000,0000000000000000000000000000000000000000000000000000000000000000
v2,E111180000D2663C0091E4F400237545B87B996B,2026-08-25 03:40:55.000 UTC,69E2A708B802DB4A2E1A8B23C5C390CA3C407345ED9A9F1C0F195398BD4B20C4,225,98A8970C6D0D381B49A1AEB1B2B8D018736FBFFD897100CEAB6568840FB353E8,1,25323866082562825222099711428263861856200803766293539933536997271288248426887,3.703702,0.999999,0.26999985419993294,0AB7993CD51F552A61E9211E424578F5BFC66FE6,371B9A893931067B083D42A2C1BA7DD5A68E0925,false,0,0000000000000000000000000000000000000000000000000000000000000000,0000000000000000000000000000000000000000000000000000000000000000
v2,E111180000D2663C0091E4F400237545B87B996B,2026-08-25 03:40:55.000 UTC,69E2A708B802DB4A2E1A8B23C5C390CA3C407345ED9A9F1C0F195398BD4B20C4,227,F0F16B6D40592853E10D4EE880A942122DB1F63EC6BC0C78ED8FF10809201303,0,25323866082562825222099711428263861856200803766293539933536997271288248426887,0.999999,3.703702,0.26999985419993294,371B9A893931067B083D42A2C1BA7DD5A68E0925,E111180000D2663C0091E4F400237545B87B996B,true,0.05109,0000000000000000000000000000000000000000000000000000000000000000,0000000000000000000000000000000000000000000000000000000000000000
v2,E111180000D2663C0091E4F400237545B87B996B,2026-08-25 03:40:55.000 UTC,6DE8AAC1DCC43C5921E82DF143B0C2F1DD300D6A6313C7E8D35FD7E8672F8A97,467,E9D560B3794F3AAB57F75F36EDF7FC1AFECFC24787BB1F9E235784A1C3C5AC60,0,80683013444836478816249203073387333367782102790114261193253091360277337204535,0.0094,0.02,0.47,E8E086F7EF06AF27889EDFB5026E1453C61D7EEC,674887D1AC838099A48B629DFF53F25B7B87EE08,false,0,0000000000000000000000000000000000000000000000000000000000000000,0000000000000000000000000000000000000000000000000000000000000000
v2,E111180000D2663C0091E4F400237545B87B996B,2026-08-25 03:40:55.000 UTC,6DE8AAC1DCC43C5921E82DF143B0C2F1DD300D6A6313C7E8D35FD7E8672F8A97,470,E25A86E0CAC28533EB2EC33817D59F1ED8AA673B185A9AA768ED3D0C76FD3209,1,80683013444836478816249203073387333367782102790114261193253091360277337204535,0.02,0.0094,0.47,674887D1AC838099A48B629DFF53F25B7B87EE08,E111180000D2663C0091E4F400237545B87B996B,true,0.00034,0000000000000000000000000000000000000000000000000000000000000000,0000000000000000000000000000000000000000000000000000000000000000
v2,E111180000D2663C0091E4F400237545B87B996B,2026-08-25 03:40:55.000 UTC,861153F2D921C0A083EC93136F74EC22DFB405C14AB6076E7261B222DCB679D9,494,7547059BFFA87627CBC09EF048A579B880860BBBBE2B22E8515D54664A2308B4,1,42761471553687966207880204982691112873946959239976117056273331723411744089123,0.02,0.0064,0.32,079514D8BD06169642EFB63DD9366EC4861FB281,674887D1AC838099A48B629DFF53F25B7B87EE08,false,0,0000000000000000000000000000000000000000000000000000000000000000,0000000000000000000000000000000000000000000000000000000000000000
v2,E111180000D2663C0091E4F400237545B87B996B,2026-08-25 03:40:55.000 UTC,861153F2D921C0A083EC93136F74EC22DFB405C14AB6076E7261B222DCB679D9,497,7FE0A5B7B93A6DD23A278C09A73B4B4DE56B95516B9D73125E30855AEC2DD8FE,1,57954681823356723200514993531019273610568354442642190874670821438952727306299,0.02,0.0136,0.68,674887D1AC838099A48B629DFF53F25B7B87EE08,E111180000D2663C0091E4F400237545B87B996B,true,0.0003,0000000000000000000000000000000000000000000000000000000000000000,0000000000000000000000000000000000000000000000000000000000000000
v2,E111180000D2663C0091E4F400237545B87B996B,2026-08-25 03:40:55.000 UTC,8BD651B11D2F24F2AB3C9CE275F1443F8D1877381541BDEDA7A0BF5B6899E9EA,557,E9D560B3794F3AAB57F75F36EDF7FC1AFECFC24787BB1F9E235784A1C3C5AC60,0,80683013444836478816249203073387333367782102790114261193253091360277337204535,2.3406,4.98,0.47,E8E086F7EF06AF27889EDFB5026E1453C61D7EEC,CE25E214D5CFE4F459CF67F08DF581885AAE7FDC,false,0,0000000000000000000000000000000000000000000000000000000000000000,0000000000000000000000000000000000000000000000000000000000000000
v2,E111180000D2663C0091E4F400237545B87B996B,2026-08-25 03:40:55.000 UTC,8BD651B11D2F24F2AB3C9CE275F1443F8D1877381541BDEDA7A0BF5B6899E9EA,561,13A6DF8FCCD5CC0D87B2654E1D2C3EC1E91B78E6C8404B4D78FF2FECB39F5619,0,105313443713068439809370291394462862142774398228619051055754389114395948051926,2.6394,4.98,0.53,CE25E214D5CFE4F459CF67F08DF581885AAE7FDC,E111180000D2663C0091E4F400237545B87B996B,true,0.08683,0000000000000000000000000000000000000000000000000000000000000000,0000000000000000000000000000000000000000000000000000000000000000
v2,E111180000D2663C0091E4F400237545B87B996B,2026-08-25 03:40:55.000 UTC,952E2F091F2AECE507307841A299D38F1BFC03E8A5744D99F38E6D1ACDB7BCF3,595,AA1F4A6AA40717B574D5BCF166342F789D1EA713F85538F10E9420E2DEB0DCFF,1,105313443713068439809370291394462862142774398228619051055754389114395948051926,20,9.4,0.47,A1F56CD95F1B71C8D0E09CA7060C8809408F224A,CE25E214D5CFE4F459CF67F08DF581885AAE7FDC,false,0,0000000000000000000000000000000000000000000000000000000000000000,0000000000000000000000000000000000000000000000000000000000000000
v2,E111180000D2663C0091E4F400237545B87B996B,2026-08-25 03:40:55.000 UTC,952E2F091F2AECE507307841A299D38F1BFC03E8A5744D99F38E6D1ACDB7BCF3,597,ADA02D567C89AE5B61CCDE482DFFD08CEA6A4341F8CBCB8CCD61DCB18B487C7E,0,105313443713068439809370291394462862142774398228619051055754389114395948051926,9.4,20,0.47,CE25E214D5CFE4F459CF67F08DF581885AAE7FDC,E111180000D2663C0091E4F400237545B87B996B,true,0.34874,0000000000000000000000000000000000000000000000000000000000000000,0000000000000000000000000000000000000000000000000000000000000000
v2,E111180000D2663C0091E4F400237545B87B996B,2026-08-25 03:40:55.000 UTC,A8229F336D699F8F2AF87CAF45DD655FD24FADF783A167583EB86D918C8CCAB0,216,951789129202977FCD8A57D388FF909840C078BCD13F0577E7F070D0C0C00925,0,24052219366589465873012982400871236736989915228757543017036089342503584231219,11444.9436,11456.4,0.999,4638702F203AAABC57FE2B9676C5CD9A2A686B0A,6D20C35F65D9899B6D6B74F8466E824580F9A165,false,0,0000000000000000000000000000000000000000000000000000000000000000,0000000000000000000000000000000000000000000000000000000000000000
v2,E111180000D2663C0091E4F400237545B87B996B,2026-08-25 03:40:55.000 UTC,A8229F336D699F8F2AF87CAF45DD655FD24FADF783A167583EB86D918C8CCAB0,219,3D2B5FDB05F1BC84CA8B077C8D9BEA1B07765CD4FECCBF2E47D2FE5D4D5E5F8C,1,24052219366589465873012982400871236736989915228757543017036089342503584231219,11456.4,11444.9436,0.999,6D20C35F65D9899B6D6B74F8466E824580F9A165,E111180000D2663C0091E4F400237545B87B996B,true,0.57224,0000000000000000000000000000000000000000000000000000000000000000,0000000000000000000000000000000000000000000000000000000000000000
v2,E111180000D2663C0091E4F400237545B87B996B,2026-08-25 03:40:55.000 UTC,AD398B82BBE961E7FCB270E2EFF0D7C45E6A57D51F1058FCC67B18D515B7E888,476,770C82444288916996F7EF799108A73F4E9839FA3AC9D4227E1876CBE738D7ED,0,70252718303559652349513469860319551842622259106171464793184636205379335244425,0.014,0.02,0.7,B0F85BAA97990910A3E8AC2B4A58A322F01ECEF5,674887D1AC838099A48B629DFF53F25B7B87EE08,false,0,0000000000000000000000000000000000000000000000000000000000000000,0000000000000000000000000000000000000000000000000000000000000000
v2,E111180000D2663C0091E4F400237545B87B996B,2026-08-25 03:40:55.000 UTC,AD398B82BBE961E7FCB270E2EFF0D7C45E6A57D51F1058FCC67B18D515B7E888,479,5C0DB0BA0D30606D7E08201F71C76F582F1123DB33DD364AFB04AD690DDC0D48,1,70252718303559652349513469860319551842622259106171464793184636205379335244425,0.02,0.014,0.7,674887D1AC838099A48B629DFF53F25B7B87EE08,E111180000D2663C0091E4F400237545B87B996B,true,0.00029,0000000000000000000000000000000000000000000000000000000000000000,0000000000000000000000000000000000000000000000000000000000000000
v2,E111180000D2663C0091E4F400237545B87B996B,2026-08-25 03:40:55.000 UTC,AE0F7A9F7C31D29167F59D4CC01E68CA1F89C27C4B5914B2C6E417B13F846BC5,458,08B221A18FECF05EAD8922B5665AAE5C19F1792504420D2BC8E755F8F0C1562A,0,57954681823356723200514993531019273610568354442642190874670821438952727306299,0.0138,0.02,0.69,AE68447C01FC86864FD0E5E58AAE986EEB8ABF83,674887D1AC838099A48B629DFF53F25B7B87EE08,false,0,0000000000000000000000000000000000000000000000000000000000000000,0000000000000000000000000000000000000000000000000000000000000000
v2,E111180000D2663C0091E4F400237545B87B996B,2026-08-25 03:40:55.000 UTC,AE0F7A9F7C31D29167F59D4CC01E68CA1F89C27C4B5914B2C6E417B13F846BC5,461,EAAF27C96B0CC0E67043CF0B80FC92AFA9089C3FC0821B4F80DEC15F0A2720FE,1,57954681823356723200514993531019273610568354442642190874670821438952727306299,0.02,0.0138,0.69,674887D1AC838099A48B629DFF53F25B7B87EE08,E111180000D2663C0091E4F400237545B87B996B,true,0.00029,0000000000000000000000000000000000000000000000000000000000000000,0000000000000000000000000000000000000000000000000000000000000000
v2,E111180000D2663C0091E4F400237545B87B996B,2026-08-25 03:40:55.000 UTC,B9303E5452602AF8ED3BF9DC0A79473E7432CBAFEA216ED41242A94E6F68E4AD,205,AE1F0FBAFFA861D1C49BAA49628A92FB78C4D964BD21B5EB8D1E1F0025225FD0,0,25323866082562825222099711428263861856200803766293539933536997271288248426887,1.976,7.6,0.26,CA712EED142014548FB4320C8AF2C0F28D94719A,D569C5F7D9ADDB1C9AD8F0D6F9CEB0AEEA19CF76,false,0,0000000000000000000000000000000000000000000000000000000000000000,0000000000000000000000000000000000000000000000000000000000000000
v2,E111180000D2663C0091E4F400237545B87B996B,2026-08-25 03:40:55.000 UTC,B9303E5452602AF8ED3BF9DC0A79473E7432CBAFEA216ED41242A94E6F68E4AD,207,5502753E8CE37559214336B0DAF17AFE312C0180393EDC88692FB2622B23B2FE,0,25323866082562825222099711428263861856200803766293539933536997271288248426887,11.74427,45.170269,0.26000000132830736,AA1A4F31C010D4A63FC49770D4CA2D69EA370602,D569C5F7D9ADDB1C9AD8F0D6F9CEB0AEEA19CF76,false,0,0000000000000000000000000000000000000000000000000000000000000000,0000000000000000000000000000000000000000000000000000000000000000
v2,E111180000D2663C0091E4F400237545B87B996B,2026-08-25 03:40:55.000 UTC,B9303E5452602AF8ED3BF9DC0A79473E7432CBAFEA216ED41242A94E6F68E4AD,211,6A3B6FF1F1BCB457301CCF81E32DADFC03A805AD628ABC4E9FAFE4EE9C54380D,0,114908152504434696013466211203306450236418903992480601158166515108878902455930,39.049999,52.770269,0.7399999988629962,D569C5F7D9ADDB1C9AD8F0D6F9CEB0AEEA19CF76,E111180000D2663C0091E4F400237545B87B996B,true,0.7107,0000000000000000000000000000000000000000000000000000000000000000,0000000000000000000000000000000000000000000000000000000000000000
v2,E111180000D2663C0091E4F400237545B87B996B,2026-08-25 03:40:55.000 UTC,C9EFD6717EF201DC0301753E6C027801692381D23C240793C923432B1C81C7FF,385,D03C9414C7AC3F5F5F85DEC3B905C69C1B5C48B55A50ADBE5E8F39F7B971B20E,0,85726358285139274992755429967205294411901765760528272277244026602010393622972,5.52,8,0.69,50F3E0745CB8BEF421BDAA403B1B70F5D1D8CFBF,0C7C5204404E9D5402D258FEDAC59C7212BAE4CB,false,0,0000000000000000000000000000000000000000000000000000000000000000,0000000000000000000000000000000000000000000000000000000000000000
v2,E111180000D2663C0091E4F400237545B87B996B,2026-08-25 03:40:55.000 UTC,C9EFD6717EF201DC0301753E6C027801692381D23C240793C923432B1C81C7FF,389,7FF3DA335F383E0D9D9429DCA4EEF03303C7D3BA0BB92041404103B862C4DD23,0,73730726020568160984527978612154282702379437579916419662100788600476292752775,2.48,8,0.31,0C7C5204404E9D5402D258FEDAC59C7212BAE4CB,E111180000D2663C0091E4F400237545B87B996B,true,0.11978,0000000000000000000000000000000000000000000000000000000000000000,0000000000000000000000000000000000000000000000000000000000000000
v2,E111180000D2663C0091E4F400237545B87B996B,2026-08-25 03:40:55.000 UTC,D9132F854241F4D7692A48AAA13CB2C7BCDE729230157BBAD892288580A67FF3,587,AA1F4A6AA40717B574D5BCF166342F789D1EA713F85538F10E9420E2DEB0DCFF,1,105313443713068439809370291394462862142774398228619051055754389114395948051926,5,2.35,0.47,A1F56CD95F1B71C8D0E09CA7060C8809408F224A,B55FA1296E6EC55D0CE53D93B9237389F11764D4,false,0,0000000000000000000000000000000000000000000000000000000000000000,0000000000000000000000000000000000000000000000000000000000000000
v2,E111180000D2663C0091E4F400237545B87B996B,2026-08-25 03:40:55.000 UTC,D9132F854241F4D7692A48AAA13CB2C7BCDE729230157BBAD892288580A67FF3,589,96F0EAAA397FD01B8555E5043A6F16B93019E491601396D164DBC47947B47F9C,0,105313443713068439809370291394462862142774398228619051055754389114395948051926,2.35,5,0.47,B55FA1296E6EC55D0CE53D93B9237389F11764D4,E111180000D2663C0091E4F400237545B87B996B,true,0.08718,0000000000000000000000000000000000000000000000000000000000000000,0000000000000000000000000000000000000000000000000000000000000000
v2,E111180000D2663C0091E4F400237545B87B996B,2026-08-25 03:40:55.000 UTC,DA18D94D50F984B295AADA8B086D4ED18D4E984F6C2FF26316AF6284F50D1645,440,93B7FADC99FA484D8E468D152DD43BB8279537E2CDFAC5E572DB5C6437E02939,0,51303422708145181077863859355210902445345090178126585656284994354369807399355,0.0062,0.02,0.31,FAA4BC5DCF775D0C63A415413902608DD0592ECB,674887D1AC838099A48B629DFF53F25B7B87EE08,false,0,0000000000000000000000000000000000000000000000000000000000000000,0000000000000000000000000000000000000000000000000000000000000000
v2,E111180000D2663C0091E4F400237545B87B996B,2026-08-25 03:40:55.000 UTC,DA18D94D50F984B295AADA8B086D4ED18D4E984F6C2FF26316AF6284F50D1645,443,9179B46832A685C3670864708D238FFB1B74D0C93DF4F10DB5325A3E33D1E9C0,1,51303422708145181077863859355210902445345090178126585656284994354369807399355,0.02,0.0062,0.31,674887D1AC838099A48B629DFF53F25B7B87EE08,E111180000D2663C0091E4F400237545B87B996B,true,0.00029,0000000000000000000000000000000000000000000000000000000000000000,0000000000000000000000000000000000000000000000000000000000000000
v2,E111180000D2663C0091E4F400237545B87B996B,2026-08-25 03:40:55.000 UTC,E0A9B1ED1EC289F22D1252F1F9E1113019142B35C5E87CEF208AF2304305C126,423,F3640626BC21A73A1C170E4A60BA6EBF3847EECB54C0A609E0C8A53D72B8A512,0,84864705656989226612428038031553943716795287190657041413342441897090496265988,0.30181,50.301666,0.006000000079520229,A270D92E22571035E1F08A8A822CA5D2EBDCF5E6,D515AE3ECF67973B4958072B3994803001CC2C54,false,0,0000000000000000000000000000000000000000000000000000000000000000,0000000000000000000000000000000000000000000000000000000000000000
v2,E111180000D2663C0091E4F400237545B87B996B,2026-08-25 03:40:55.000 UTC,E0A9B1ED1EC289F22D1252F1F9E1113019142B35C5E87CEF208AF2304305C126,427,B7C7EF4EED3FD10C71A36C4F567FEB402DA0795267E27F3FF82F85FBC748B23A,0,115003155188688554956707435827775136604967492386512033689649435998404765564831,49.999856,50.301666,0.9939999999204798,D515AE3ECF67973B4958072B3994803001CC2C54,E111180000D2663C0091E4F400237545B87B996B,true,0.01499,0000000000000000000000000000000000000000000000000000000000000000,0000000000000000000000000000000000000000000000000000000000000000
v2,E111180000D2663C0091E4F400237545B87B996B,2026-08-25 03:40:55.000 UTC,EB89BB3238844885033F66112BF04A362FBFEFEA6B672E925DF22D7395967A82,302,A5906CAAC41DB08595945CD26CEDB59C7BE38C7FA8AFB9B347DA23B2C3B66687,0,25323866082562825222099711428263861856200803766293539933536997271288248426887,0.702702,2.7027,0.26,E69473BC36EEA1E88B6DFAB03783AE70DE22F6E2,E741E2D1C033149D4CB56C1E231DC4A2A6346D56,false,0,0000000000000000000000000000000000000000000000000000000000000000,0000000000000000000000000000000000000000000000000000000000000000
v2,E111180000D2663C0091E4F400237545B87B996B,2026-08-25 03:40:55.000 UTC,EB89BB3238844885033F66112BF04A362FBFEFEA6B672E925DF22D7395967A82,306,19794C06BC6FAE8D1F33111F549B6E19E5654A8C0D088EE46E10918F0B2C382F,0,114908152504434696013466211203306450236418903992480601158166515108878902455930,1.999998,2.7027,0.74,E741E2D1C033149D4CB56C1E231DC4A2A6346D56,E111180000D2663C0091E4F400237545B87B996B,true,0.03639,0000000000000000000000000000000000000000000000000000000000000000,0000000000000000000000000000000000000000000000000000000000000000
v2,E111180000D2663C0091E4F400237545B87B996B,2026-08-25 03:40:54.000 UTC,03CE789B125B13499432DEB11159C4C6EDB9287EE3C5F4EF5220B9793051F670,657,3B3A8D71EB2BB1AEACC42AD36B9A875B4E70C3C04DC3A79270AFAF8F16F3DCA3,1,25323866082562825222099711428263861856200803766293539933536997271288248426887,15,4.05,0.27,A3338DE30E72494D609F586E1E41C11A0A9A29C8,D3576B171AD0168C593E06349005904D27A362A3,false,0,0000000000000000000000000000000000000000000000000000000000000000,0000000000000000000000000000000000000000000000000000000000000000
v2,E111180000D2663C0091E4F400237545B87B996B,2026-08-25 03:40:54.000 UTC,03CE789B125B13499432DEB11159C4C6EDB9287EE3C5F4EF5220B9793051F670,660,98A8970C6D0D381B49A1AEB1B2B8D018736FBFFD897100CEAB6568840FB353E8,1,25323866082562825222099711428263861856200803766293539933536997271288248426887,3.518517,0.949999,0.2699998323157171,0AB7993CD51F552A61E9211E424578F5BFC66FE6,D3576B171AD0168C593E06349005904D27A362A3,false,0,0000000000000000000000000000000000000000000000000000000000000000,0000000000000000000000000000000000000000000000000000000000000000
v2,E111180000D2663C0091E4F400237545B87B996B,2026-08-25 03:40:54.000 UTC,03CE789B125B13499432DEB11159C4C6EDB9287EE3C5F4EF5220B9793051F670,662,9CC77F0986F758793DBA7985A29F1115F8A3808760687E34B64F0CC86560861E,0,25323866082562825222099711428263861856200803766293539933536997271288248426887,4.999999,18.518517,0.2699999681399974,D3576B171AD0168C593E06349005904D27A362A3,E111180000D2663C0091E4F400237545B87B996B,true,0.25549,0000000000000000000000000000000000000000000000000000000000000000,0000000000000000000000000000000000000000000000000000000000000000
v2,E2222D279D744050D28E00520010520000310F59,2026-08-25 03:40:54.000 UTC,1DE7D1ED19DC228DA87236FFA6852B4EC03DA5EC9A077791D0E0C530EAA217EB,491,5289654A63475728B9FBBB65D0B65DED1A29104C06D828817ABE8681D9AEB84E,0,37765872700149541403506002026829386261127448097362053441992548918551140377081,0.008,8,0.001,6CFFE15B87A42BD7C0A0B95790ABA11CF99B45AC,E040FFE586E21CB49449E8DAF19B1CDFF87A824F,false,0,0000000000000000000000000000000000000000000000000000000000000000,0000000000000000000000000000000000000000000000000000000000000000
v2,E2222D279D744050D28E00520010520000310F59,2026-08-25 03:40:54.000 UTC,1DE7D1ED19DC228DA87236FFA6852B4EC03DA5EC9A077791D0E0C530EAA217EB,495,8FEF3F2AFD4489C460D3832971539F67B43B4F39FC75603FD28E26FC6875FFAC,0,74291432410854859659414804742151383867848158675668643270750669609625636347291,7.992,8,0.999,E040FFE586E21CB49449E8DAF19B1CDFF87A824F,E2222D279D744050D28E00520010520000310F59,true,0.00023,0000000000000000000000000000000000000000000000000000000000000000,0000000000000000000000000000000000000000000000000000000000000000
v2,E2222D279D744050D28E00520010520000310F59,2026-08-25 03:40:54.000 UTC,2F7F2D4A4B5C678538773DCE5457C8A4A785BD73CE49F006074E4E5AAE428B29,299,A240E9FEE15423B08B83E46E823D81D811BA060A4FA0EA778D24843A24AB1B53,0,78803948342995070838836736012795017072053448960983345349841661545681081452350,3.5,50,0.07,454C8364B06D56DF31531B1FC5BC083F5C1EBD22,CB016F2B417F98C88FC91FFFE7E69D4A6B1C7DFB,false,0,0000000000000000000000000000000000000000000000000000000000000000,0000000000000000000000000000000000000000000000000000000000000000
v2,E2222D279D744050D28E00520010520000310F59,2026-08-25 03:40:54.000 UTC,2F7F2D4A4B5C678538773DCE5457C8A4A785BD73CE49F006074E4E5AAE428B29,303,0A7A97E61831FEBD1CC74DA6B79082F09C62827AA8C675EB923870684A0898FD,0,9168297785662696773016718610761665603800700668560812756827962314315323235689,46.5,50,0.93,CB016F2B417F98C88FC91FFFE7E69D4A6B1C7DFB,E2222D279D744050D28E00520010520000310F59,true,0.09765,0000000000000000000000000000000000000000000000000000000000000000,0000000000000000000000000000000000000000000000000000000000000000
v2,E111180000D2663C0091E4F400237545B87B996B,2026-08-25 03:40:54.000 UTC,40B2DE12A82DB2540821C8E70A64E824D60CBC893D4AF857F6A50BF92F6B1EAA,348,10858C673750187A19FAC109CDBC92E147763383D3D395DC855FBC3C6E181551,0,42761471553687966207880204982691112873946959239976117056273331723411744089123,0.0054,0.02,0.27,31393E2F8333D4A6E2E31CA6424DEFE8B6CB9E2E,674887D1AC838099A48B629DFF53F25B7B87EE08,false,0,0000000000000000000000000000000000000000000000000000000000000000,0000000000000000000000000000000000000000000000000000000000000000
v2,E111180000D2663C0091E4F400237545B87B996B,2026-08-25 03:40:54.000 UTC,40B2DE12A82DB2540821C8E70A64E824D60CBC893D4AF857F6A50BF92F6B1EAA,351,FB8783E1CC3175BE31649B57F0BA9FD095ED496706D51AFA22F5A53E6CC742BA,1,42761471553687966207880204982691112873946959239976117056273331723411744089123,0.02,0.0054,0.27,674887D1AC838099A48B629DFF53F25B7B87EE08,E111180000D2663C0091E4F400237545B87B996B,true,0.00027,0000000000000000000000000000000000000000000000000000000000000000,0000000000000000000000000000000000000000000000000000000000000000
v2,E111180000D2663C0091E4F400237545B87B996B,2026-08-25 03:40:54.000 UTC,5A3F74F0E476576D5B25D6E2F132D63702D82936BA518A672CD412D05C0E0F83,618,D7AA709B2FB883313E7DFCBA0649CD2B14967C130D79F308B3735702A2BB2ECC,0,54594852474082202684326155768406218632936678487894687398868346565072577253272,0.8,10,0.08,D4CE0A7AE5C0F1DF855FFCB2D37AA26B66D496E8,28CA4E9A04531F2EAC0C2770F95DB4E1C6A65D19,false,0,0000000000000000000000000000000000000000000000000000000000000000,0000000000000000000000000000000000000000000000000000000000000000
v2,E111180000D2663C0091E4F400237545B87B996B,2026-08-25 03:40:54.000 UTC,5A3F74F0E476576D5B25D6E2F132D63702D82936BA518A672CD412D05C0E0F83,620,6F9680220945785D0FDA09064D62B91F8C22A09F012A141A8383F4FCAE695726,0,54594852474082202684326155768406218632936678487894687398868346565072577253272,19.2,240,0.08,8673D3A19C559F43241312894BB82FC4FD8559A5,28CA4E9A04531F2EAC0C2770F95DB4E1C6A65D19,false,0,0000000000000000000000000000000000000000000000000000000000000000,0000000000000000000000000000000000000000000000000000000000000000
v2,E111180000D2663C0091E4F400237545B87B996B,2026-08-25 03:40:54.000 UTC,5A3F74F0E476576D5B25D6E2F132D63702D82936BA518A672CD412D05C0E0F83,624,C216921C55A653D3EE711FA455EC13F57F536E0978F7D907C8D496A1EAE1B133,0,62515985873189237423485557576006445031168319891734598128295582203663806537345,230,250,0.92,28CA4E9A04531F2EAC0C2770F95DB4E1C6A65D19,E111180000D2663C0091E4F400237545B87B996B,true,0.736,0000000000000000000000000000000000000000000000000000000000000000,0000000000000000000000000000000000000000000000000000000000000000
v2,E2222D279D744050D28E00520010520000310F59,2026-08-25 03:40:54.000 UTC,7177E280C8F94FD737068F036B1129D3446EA2258F84A5E1991DC8D1138EEEC1,697,A6ECB848D2BA66DFC426182DD2824836E98BB9002A6505C9FC2AD67780199860,0,63925779577357439223196498803945718231345506536863322823779754337182808941909,0.25,1.25,0.2,D1ED12197B7DC22DEDE923727E9B714024DBD7CB,75FD9DF26D73C9F83A6E10C97942BE7C0983E4F9,false,0,0000000000000000000000000000000000000000000000000000000000000000,0000000000000000000000000000000000000000000000000000000000000000
v2,E2222D279D744050D28E00520010520000310F59,2026-08-25 03:40:54.000 UTC,7177E280C8F94FD737068F036B1129D3446EA2258F84A5E1991DC8D1138EEEC1,701,7D1FD16B483A2721544E583E771C5B100A6E0CD5E10E7630CE86562412EF9292,0,100919739461662722022422350574699302589486790382719077643874464783284484198473,1,1.25,0.8,75FD9DF26D73C9F83A6E10C97942BE7C0983E4F9,E2222D279D744050D28E00520010520000310F59,true,0.01,0000000000000000000000000000000000000000000000000000000000000000,0000000000000000000000000000000000000000000000000000000000000000
v2,E111180000D2663C0091E4F400237545B87B996B,2026-08-25 03:40:54.000 UTC,7F0A51EE9D1E5FA06412BE6F63D8B24DE4285E4872B95086762A34ECE5B3618E,515,6CD690DC3CA6D79FBA18D8FA4202F1FA2FEDEEC2C3F43C6444BA97E4C68DEAFC,0,66315012829260561922679797924040386172300364430316158558635375172607044845732,0.96,8,0.12,5E57172D7316925855E3DBB9F57D1B465AF97C61,E349BBBC5C179ED7F8F13AB5502381980F532147,false,0,0000000000000000000000000000000000000000000000000000000000000000,0000000000000000000000000000000000000000000000000000000000000000
v2,E111180000D2663C0091E4F400237545B87B996B,2026-08-25 03:40:54.000 UTC,7F0A51EE9D1E5FA06412BE6F63D8B24DE4285E4872B95086762A34ECE5B3618E,517,61A4F6061EE313BB17FB44E9049AAA8B5010229565D3C9EBB2FF2B8BE717D50D,1,48045938489781039493443005373766144574193587622238993062789789639360486207413,5,4.4,0.88,537E40B82B15B6089DA3CB13E0D8B760E83053CB,E349BBBC5C179ED7F8F13AB5502381980F532147,false,0,0000000000000000000000000000000000000000000000000000000000000000,0000000000000000000000000000000000000000000000000000000000000000
v2,E111180000D2663C0091E4F400237545B87B996B,2026-08-25 03:40:54.000 UTC,7F0A51EE9D1E5FA06412BE6F63D8B24DE4285E4872B95086762A34ECE5B3618E,519,630C27EF33D05A526CD50091A53E8615D8E4542592A1008625C3D6C40B82992E,1,48045938489781039493443005373766144574193587622238993062789789639360486207413,10,8.8,0.88,7E531479CC3DA5F014C891DE002CA6FCDF94A456,E349BBBC5C179ED7F8F13AB5502381980F532147,false,0,0000000000000000000000000000000000000000000000000000000000000000,0000000000000000000000000000000000000000000000000000000000000000
v2,E111180000D2663C0091E4F400237545B87B996B,2026-08-25 03:40:54.000 UTC,7F0A51EE9D1E5FA06412BE6F63D8B24DE4285E4872B95086762A34ECE5B3618E,521,5EBCA85356C0F3E25C57CA355A982772C42A8778CACE1DFBDAA88C5BD22429A3,0,66315012829260561922679797924040386172300364430316158558635375172607044845732,0.6,5,0.12,8EFA61AFC9E51D0F2E56CA785BF0646673443860,E349BBBC5C179ED7F8F13AB5502381980F532147,false,0,0000000000000000000000000000000000000000000000000000000000000000,0000000000000000000000000000000000000000000000000000000000000000
v2,E111180000D2663C0091E4F400237545B87B996B,2026-08-25 03:40:54.000 UTC,7F0A51EE9D1E5FA06412BE6F63D8B24DE4285E4872B95086762A34ECE5B3618E,523,E152430F2E92675B51FD514A3710433CFD7C11DF9841C3DF1EB8997D5945CB43,1,48045938489781039493443005373766144574193587622238993062789789639360486207413,32.681817,28.759998,0.8799999706258682,0CB038487586D1119B165466072E9BAF666F3A90,E349BBBC5C179ED7F8F13AB5502381980F532147,false,0,0000000000000000000000000000000000000000000000000000000000000000,0000000000000000000000000000000000000000000000000000000000000000
v2,E111180000D2663C0091E4F400237545B87B996B,2026-08-25 03:40:54.000 UTC,7F0A51EE9D1E5FA06412BE6F63D8B24DE4285E4872B95086762A34ECE5B3618E,527,C1438215D8AFBD4AB11F6FA79CAAE04D733EDBE1952F160229C691C468AACF86,0,48045938489781039493443005373766144574193587622238993062789789639360486207413,53.399998,60.681817,0.879999984179775,E349BBBC5C179ED7F8F13AB5502381980F532147,E111180000D2663C0091E4F400237545B87B996B,true,0.44856,0000000000000000000000000000000000000000000000000000000000000000,0000000000000000000000000000000000000000000000000000000000000000
v2,E111180000D2663C0091E4F400237545B87B996B,2026-08-25 03:40:54.000 UTC,81BD0D2CB11EC53DA70FA25C6CD1F9F00F70182ADF4852E8761777DB8CA331F3,543,7BC3A3D8C78D16500C1802DE0CA8AEA03C47F6C334D06BF957D517D174B0254F,0,84812628989338222697190006784444703962999879353132018960125179288158798049937,779.48,1499,0.52,2AB1BE7D94A3509C371E56B49E7B124E2F201975,DC41C39B95453C943174F369926018F6963BDD7E,false,0,0000000000000000000000000000000000000000000000000000000000000000,0000000000000000000000000000000000000000000000000000000000000000
v2,E111180000D2663C0091E4F400237545B87B996B,2026-08-25 03:40:54.000 UTC,81BD0D2CB11EC53DA70FA25C6CD1F9F00F70182ADF4852E8761777DB8CA331F3,547,EC21DFB04ECE8F750F6FEBB029D53885E072E522F2239532850125B56AB584F8,0,49092563399310311580805958055804155099184757516163656271031034352890233781284,719.52,1499,0.48,DC41C39B95453C943174F369926018F6963BDD7E,E111180000D2663C0091E4F400237545B87B996B,true,18.70752,0000000000000000000000000000000000000000000000000000000000000000,0000000000000000000000000000000000000000000000000000000000000000
v2,E2222D279D744050D28E00520010520000310F59,2026-08-25 03:40:54.000 UTC,8BFDCF361C320921D04219392152BDE141F179FE8D591CA6BC06895590C17613,589,EDC1C72D16D68D720DCB770263DB5873DBCCE24828A031BB940CCAA94F0C9FF3,0,75175569130956436373037532521073255799869932496107360488546826801959963894401,0.12,8,0.015,29569F0B4F45ABCD610579DC9F6D4499CD5AD31B,28BF066C6CB952DA62D6D182C16AD173ADA64A4E,false,0,0000000000000000000000000000000000000000000000000000000000000000,0000000000000000000000000000000000000000000000000000000000000000
v2,E2222D279D744050D28E00520010520000310F59,2026-08-25 03:40:54.000 UTC,8BFDCF361C320921D04219392152BDE141F179FE8D591CA6BC06895590C17613,593,62519332D00E3AD50AEA0943E67C9C51E5C692C49E033DAEB1B0186BED9C3AC1,0,35736549988574099455710604896770777865544697667084352093927291090790595954875,7.88,8,0.985,28BF066C6CB952DA62D6D182C16AD173ADA64A4E,E2222D279D744050D28E00520010520000310F59,true,0.00354,0000000000000000000000000000000000000000000000000000000000000000,0000000000000000000000000000000000000000000000000000000000000000
v2,E2222D279D744050D28E00520010520000310F59,2026-08-25 03:40:54.000 UTC,C2B78BDBDDBC4289800B84F8DE91FF0833FB1EB5819B079912E3E24F62999B8E,598,BB205F5C81631F9C7E837AAB7E2056DCF7D38E316F4B5EA26F3D325C1272D0F9,1,33339798372916037220786136133406478491116150628220441951753426683441228279665,5,0.01,0.002,3E9FF2DBF2A6356EE47049E9F3C43A70CB55D57F,C69BD5567B40EF4D11922EAA57E1F9BE1C642076,false,0,0000000000000000000000000000000000000000000000000000000000000000,0000000000000000000000000000000000000000000000000000000000000000
v2,E2222D279D744050D28E00520010520000310F59,2026-08-25 03:40:54.000 UTC,C2B78BDBDDBC4289800B84F8DE91FF0833FB1EB5819B079912E3E24F62999B8E,600,860882F02C2594CF0D2B3E92B3D9848B049E9F0672F75824744ACC692A5C86F8,0,33339798372916037220786136133406478491116150628220441951753426683441228279665,0.01,5,0.002,C69BD5567B40EF4D11922EAA57E1F9BE1C642076,E2222D279D744050D28E00520010520000310F59,true,0.00029,0000000000000000000000000000000000000000000000000000000000000000,0000000000000000000000000000000000000000000000000000000000000000
v2,E111180000D2663C0091E4F400237545B87B996B,2026-08-25 03:40:54.000 UTC,C4BFFD3619AE5C447FEBA304850BB7EC61CCB3A3A67576E1E849B11882A3C8A5,563,9DC8189C5C3FE1F202FEEB43AB26340FB9F02AD0C15E0540BC4FE4683E6FF037,0,105313443713068439809370291394462862142774398228619051055754389114395948051926,5.64,12,0.47,72099FE08DF3724C6CF02D2E5DBB06AAF37653FF,B55FA1296E6EC55D0CE53D93B9237389F11764D4,false,0,0000000000000000000000000000000000000000000000000000000000000000,0000000000000000000000000000000000000000000000000000000000000000
v2,E111180000D2663C0091E4F400237545B87B996B,2026-08-25 03:40:54.000 UTC,C4BFFD3619AE5C447FEBA304850BB7EC61CCB3A3A67576E1E849B11882A3C8A5,567,777BC72B4DA0AF9E4B64B9EE757D290BFE57D16F41E74CD9614B22D3059CA7A5,0,80683013444836478816249203073387333367782102790114261193253091360277337204535,6.36,12,0.53,B55FA1296E6EC55D0CE53D93B9237389F11764D4,E111180000D2663C0091E4F400237545B87B996B,true,0.20924,0000000000000000000000000000000000000000000000000000000000000000,0000000000000000000000000000000000000000000000000000000000000000
v3,E3333700CA9D93003F00F0F71F8515005F6C00AA,2026-08-25 03:40:54.000 UTC,CC545EA7FC622CF5F3B70A39AD2CAE90DC00DDD0D5F7480A2FC39748961E0576,707,3DE3B22562E46A8C3045EC2420AF94D0963C0701832B86E2C542F45D105174FC,0,1790279739570589007467795318347093719437507858715965553198293806043707211777,224.939708,393.32,0.5719,7A0DA16A1205EE51A56FA862E8BAA61E350EFF14,C905611985A8A4A63C98E1C66A8EEB88DE84850B,false,0,0000000000000000000000000000000000000000000000000000000000000000,0000000000000000000000000000000000000000000000000000000000000000
v3,E3333700CA9D93003F00F0F71F8515005F6C00AA,2026-08-25 03:40:54.000 UTC,CC545EA7FC622CF5F3B70A39AD2CAE90DC00DDD0D5F7480A2FC39748961E0576,709,6B148449ABB1E37AE6992A8BE307273AF8C74C19DEDD495B3D4D2E9D5D3877E4,0,1790279739570589007467795318347093719437507858715965553198293806043707211777,1,1.758087,0.5688000650707274,924D4C817AA9AC412861E0BF9AD762C09FBBEA43,C905611985A8A4A63C98E1C66A8EEB88DE84850B,false,0,0000000000000000000000000000000000000000000000000000000000000000,0000000000000000000000000000000000000000000000000000000000000000
v3,E3333700CA9D93003F00F0F71F8515005F6C00AA,2026-08-25 03:40:54.000 UTC,CC545EA7FC622CF5F3B70A39AD2CAE90DC00DDD0D5F7480A2FC39748961E0576,711,284A4E8C428EE993DB07F8B4A4920CB657F1DB3A9C66EB1292A364BDF792D67A,0,1790279739570589007467795318347093719437507858715965553198293806043707211777,92.902343,166.867254,0.5567440032302563,95F7504A85870F748958BAE3902C9C5DCAD5AE50,C905611985A8A4A63C98E1C66A8EEB88DE84850B,false,0,0000000000000000000000000000000000000000000000000000000000000000,0000000000000000000000000000000000000000000000000000000000000000
v3,E3333700CA9D93003F00F0F71F8515005F6C00AA,2026-08-25 03:40:54.000 UTC,CC545EA7FC622CF5F3B70A39AD2CAE90DC00DDD0D5F7480A2FC39748961E0576,723,63BC7E82A453EA8E858CC105606D0DE421ED7F36413ECE92455C4A0541254242,0,1790279739570589007467795318347093719437507858715965553198293806043707211776,243.10329,561.945341,0.43261020647913867,C905611985A8A4A63C98E1C66A8EEB88DE84850B,E3333700CA9D93003F00F0F71F8515005F6C00AA,true,6.89671,0000000000000000000000000000000000000000000000000000000000000000,0000000000000000000000000000000000000000000000000000000000000000
v2,E2222D279D744050D28E00520010520000310F59,2026-08-25 03:40:54.000 UTC,D6BDDB8E7B8B58836B774E08576988A12CE09D5CF9C28BE4464A88A7FE36A7BC,416,1D78C7EF17386C395720D21CC85C19D7D0DC1C381059C1C183BDC8E23062C5FE,0,107553550106262611238312281890724544751231004787687614189592712742044747417250,1.2654,7.03,0.18,F8349B2F7125E032A67DC0DADB8C4F3CB1818A5F,B40E89677D59665D5188541AD860450A6E2A7CC9,false,0,0000000000000000000000000000000000000000000000000000000000000000,0000000000000000000000000000000000000000000000000000000000000000
v2,E2222D279D744050D28E00520010520000310F59,2026-08-25 03:40:54.000 UTC,D6BDDB8E7B8B58836B774E08576988A12CE09D5CF9C28BE4464A88A7FE36A7BC,420,226355DFAE9133C9416482FABF91F56D52FA15C7143F4AFEFEEEFCA586DB6CE7,0,38577859017635636662793141954262592154925901918586187961033237209969564538403,5.7646,7.03,0.82,B40E89677D59665D5188541AD860450A6E2A7CC9,E2222D279D744050D28E00520010520000310F59,true,0.05188,0000000000000000000000000000000000000000000000000000000000000000,0000000000000000000000000000000000000000000000000000000000000000
v2,E2222D279D744050D28E00520010520000310F59,2026-08-25 03:40:54.000 UTC,E0AE9429B43538BC170A44640D6E48865BA39B044EC3F9F9D44964130D2BBB25,339,B4FE93C1A1800345D4777132FA2DAC6DCA15E440BBF7C26E02360FBEF923BD0C,0,9491873854826334512629366681007334909800188093857697590242283766681321394809,7.333333,8.333332,0.8800001008000161,FD557E6DB670C9704BC1D0D8E8B585C7D9C9F905,3DE69FD6347A62A618656371E30A17B0C490E560,false,0,0000000000000000000000000000000000000000000000000000000000000000,0000000000000000000000000000000000000000000000000000000000000000
v2,E2222D279D744050D28E00520010520000310F59,2026-08-25 03:40:54.000 UTC,E0AE9429B43538BC170A44640D6E48865BA39B044EC3F9F9D44964130D2BBB25,343,CD23B9999E363552B8D06A52B9C118D19E1D77BFCF1B121C4F15EA5501D9128D,0,26576131833030042760177427498292420402508847894270058586141365101378492140850,0.999999,8.333332,0.11999989919998387,3DE69FD6347A62A618656371E30A17B0C490E560,E2222D279D744050D28E00520010520000310F59,true,0.02639,0000000000000000000000000000000000000000000000000000000000000000,0000000000000000000000000000000000000000000000000000000000000000
v2,E111180000D2663C0091E4F400237545B87B996B,2026-08-25 03:40:54.000 UTC,E287D5718A9E7E4F5F87DA46E83BB53F6EB3F2F8F17655543F27215A5984B0E1,739,A3A8009CBB836A091C1A22D12619F4C954D92D7C55AF9D991F3DDE2C0B76E351,0,53248018932077816940461806891472599590256554831740860905263031661973893783059,2.60204,5.102039,0.5100000215600077,FE787D2DA716D60E8ACFF57FB87EB13CD4D10319,3DC04C8E04E59FB53CE7848567D6615412D8AF22,false,0,0000000000000000000000000000000000000000000000000000000000000000,0000000000000000000000000000000000000000000000000000000000000000
v2,E111180000D2663C0091E4F400237545B87B996B,2026-08-25 03:40:54.000 UTC,E287D5718A9E7E4F5F87DA46E83BB53F6EB3F2F8F17655543F27215A5984B0E1,743,C60AB8B5E4FC26D60924EC6F4E7BA824F76B0B31E5358DDD2109CC013CDCE4F4,0,91346187401357432141382437908281295599275899413071757583306285332192822548166,2.499999,5.102039,0.4899999784399923,3DC04C8E04E59FB53CE7848567D6615412D8AF22,E111180000D2663C0091E4F400237545B87B996B,true,0.06374,0000000000000000000000000000000000000000000000000000000000000000,0000000000000000000000000000000000000000000000000000000000000000
v2,E111180000D2663C0091E4F400237545B87B996B,2026-08-25 03:40:54.000 UTC,E2BDA7DFD265A1027FD6551C0CB5BDF16717551C2F1EC76AF65DA868E04CAE3F,437,2D2AD768740C9A61DC77734C6BDE2AD6F7003FFA00F3BD18D39BCE879F4C1FBF,0,25323866082562825222099711428263861856200803766293539933536997271288248426887,1.5028,5.78,0.26,73ADF00F1F5B832F4D91A15C0DA7A7EAC5C9EF22,0C7C5204404E9D5402D258FEDAC59C7212BAE4CB,false,0,0000000000000000000000000000000000000000000000000000000000000000,0000000000000000000000000000000000000000000000000000000000000000
v2,E111180000D2663C0091E4F400237545B87B996B,2026-08-25 03:40:54.000 UTC,E2BDA7DFD265A1027FD6551C0CB5BDF16717551C2F1EC76AF65DA868E04CAE3F,439,EBFC7264E3BCAF4CD54F5311AE290A6AD0026C5B5BDBA1CDFF17384997E817BD,0,25323866082562825222099711428263861856200803766293539933536997271288248426887,2.713416,10.436215,0.260000009582018,E114E5CA2D8C47BAED151A71FD8EEB143047C208,0C7C5204404E9D5402D258FEDAC59C7212BAE4CB,false,0,0000000000000000000000000000000000000000000000000000000000000000,0000000000000000000000000000000000000000000000000000000000000000
v2,E111180000D2663C0091E4F400237545B87B996B,2026-08-25 03:40:54.000 UTC,E2BDA7DFD265A1027FD6551C0CB5BDF16717551C2F1EC76AF65DA868E04CAE3F,443,B0D691EFB509BA719A12EFBC363B9B13D66CCAD1A8BFFBE1B4496A4D81B2C7E2,0,114908152504434696013466211203306450236418903992480601158166515108878902455930,11.999999,16.216215,0.7399999938333329,0C7C5204404E9D5402D258FEDAC59C7212BAE4CB,E111180000D2663C0091E4F400237545B87B996B,true,0.21839,0000000000000000000000000000000000000000000000000000000000000000,0000000000000000000000000000000000000000000000000000000000000000
v2,E2222D279D744050D28E00520010520000310F59,2026-08-25 03:40:54.000 UTC,ED7E5331C41CB485499FA8A672C3DC5591BC4844AFEBE1EFAEF6808C44F1C8D8,374,A240E9FEE15423B08B83E46E823D81D811BA060A4FA0EA778D24843A24AB1B53,0,78803948342995070838836736012795017072053448960983345349841661545681081452350,3.5,50,0.07,454C8364B06D56DF31531B1FC5BC083F5C1EBD22,CB016F2B417F98C88FC91FFFE7E69D4A6B1C7DFB,false,0,0000000000000000000000000000000000000000000000000000000000000000,0000000000000000000000000000000000000000000000000000000000000000
v2,E2222D279D744050D28E00520010520000310F59,2026-08-25 03:40:54.000 UTC,ED7E5331C41CB485499FA8A672C3DC5591BC4844AFEBE1EFAEF6808C44F1C8D8,378,455865DB9FD69767E9A55CFBAD21BBDAD99BFF0D7F414AC4C74397771318EA58,0,9168297785662696773016718610761665603800700668560812756827962314315323235689,46.5,50,0.93,CB016F2B417F98C88FC91FFFE7E69D4A6B1C7DFB,E2222D279D744050D28E00520010520000310F59,true,0.09765,0000000000000000000000000000000000000000000000000000000000000000,0000000000000000000000000000000000000000000000000000000000000000
v2,E2222D279D744050D28E00520010520000310F59,2026-08-25 03:40:54.000 UTC,F56F3E670D64E7254DD321E244455162ADE7265858DA0CC273B7CC65762CBCD0,465,3D923ACD6D6A03DC32F76F5B82FE75B0B127BFEDB0FED00BF49A3D8B5D8FD496,0,39139802125269438269380075300843791068705739964992262397255582609839017472607,6.96,8,0.87,83720820A8AA6C3F20AD71850E7A1A17D16C5223,FD557E6DB670C9704BC1D0D8E8B585C7D9C9F905,false,0,0000000000000000000000000000000000000000000000000000000000000000,0000000000000000000000000000000000000000000000000000000000000000
v2,E2222D279D744050D28E00520010520000310F59,2026-08-25 03:40:54.000 UTC,F56F3E670D64E7254DD321E244455162ADE7265858DA0CC273B7CC65762CBCD0,469,5EF6601B0EE9428A02C340A7C5B668D566280ABC9ACA22DFB2B552F5F2E85775,0,52066533517427398168460882008021797889918210774739318660796937594067347516998,1.04,8,0.13,FD557E6DB670C9704BC1D0D8E8B585C7D9C9F905,E2222D279D744050D28E00520010520000310F59,true,0.02714,0000000000000000000000000000000000000000000000000000000000000000,0000000000000000000000000000000000000000000000000000000000000000
v2,E2222D279D744050D28E00520010520000310F59,2026-08-25 03:40:52.000 UTC,1C65F8551184FF813F885111AE328E1B8695CD7695BDB9656BF282A3CEA4B960,1199,2A3DFD6E9191E7D8A7A485F0E0B687BCE9D5B55351C0002CA99B44176A579366,0,14031502378169632665888528850704799044494111734797361856246753109713023247446,0.3,10,0.03,7D426104CA59F6909AE0581BD34A61433A0BA046,B0C85813A7A4428F1139FF91D3118A92C391FE7F,false,0,0000000000000000000000000000000000000000000000000000000000000000,0000000000000000000000000000000000000000000000000000000000000000
v2,E2222D279D744050D28E00520010520000310F59,2026-08-25 03:40:52.000 UTC,1C65F8551184FF813F885111AE328E1B8695CD7695BDB9656BF282A3CEA4B960,1203,B2523A61B8B0A3C6277849B48D35F8963ACC59C49CF4D622BE4B33312ABF29B4,0,27470768406209162418130740986222044545638799271023729506868150537647446158554,9.7,10,0.97,B0C85813A7A4428F1139FF91D3118A92C391FE7F,E2222D279D744050D28E00520010520000310F59,true,0.01455,0000000000000000000000000000000000000000000000000000000000000000,0000000000000000000000000000000000000000000000000000000000000000
v2,E2222D279D744050D28E00520010520000310F59,2026-08-25 03:40:52.000 UTC,383508E55122F7E0923FD2821B824DC979D69125484CF3AA892602CBFB4488D4,986,BB205F5C81631F9C7E837AAB7E2056DCF7D38E316F4B5EA26F3D325C1272D0F9,1,33339798372916037220786136133406478491116150628220441951753426683441228279665,5,0.01,0.002,3E9FF2DBF2A6356EE47049E9F3C43A70CB55D57F,C69BD5567B40EF4D11922EAA57E1F9BE1C642076,false,0,0000000000000000000000000000000000000000000000000000000000000000,0000000000000000000000000000000000000000000000000000000000000000
v2,E2222D279D744050D28E00520010520000310F59,2026-08-25 03:40:52.000 UTC,383508E55122F7E0923FD2821B824DC979D69125484CF3AA892602CBFB4488D4,988,5D8378D680D978852E2B10CB0E9346C3515C44C2A441F70F461995E68D7F2103,0,33339798372916037220786136133406478491116150628220441951753426683441228279665,0.01,5,0.002,C69BD5567B40EF4D11922EAA57E1F9BE1C642076,E2222D279D744050D28E00520010520000310F59,true,0.00029,0000000000000000000000000000000000000000000000000000000000000000,0000000000000000000000000000000000000000000000000000000000000000
v2,E111180000D2663C0091E4F400237545B87B996B,2026-08-25 03:40:52.000 UTC,38FCA654EBB697D92EE7F10D21AA0B56FB2D6D8AB7EA83224DE51ABB9AFBB716,905,FD32363865485113DF60F7F4655ECF9147827E069074A8D34A81D5D9AE1D7A5E,0,66315012829260561922679797924040386172300364430316158558635375172607044845732,0.78,6,0.13,E8E086F7EF06AF27889EDFB5026E1453C61D7EEC,B945945D5BCAF7B56834D4DA8CDF8F8F94B2DB68,false,0,0000000000000000000000000000000000000000000000000000000000000000,0000000000000000000000000000000000000000000000000000000000000000
v2,E111180000D2663C0091E4F400237545B87B996B,2026-08-25 03:40:52.000 UTC,38FCA654EBB697D92EE7F10D21AA0B56FB2D6D8AB7EA83224DE51ABB9AFBB716,909,67C7831A76B7674DDA8005D9E894B18E4FE0E08245C7DD4A11E199CAA1935CD6,0,48045938489781039493443005373766144574193587622238993062789789639360486207413,5.22,6,0.87,B945945D5BCAF7B56834D4DA8CDF8F8F94B2DB68,E111180000D2663C0091E4F400237545B87B996B,true,0.0475,0000000000000000000000000000000000000000000000000000000000000000,0000000000000000000000000000000000000000000000000000000000000000
v2,E2222D279D744050D28E00520010520000310F59,2026-08-25 03:40:52.000 UTC,422954F6024E99D3C0D3DC84934D43B327F64ED275CB43A0CC29824C3C7719E3,1086,A240E9FEE15423B08B83E46E823D81D811BA060A4FA0EA778D24843A24AB1B53,0,78803948342995070838836736012795017072053448960983345349841661545681081452350,1.82,26,0.07,454C8364B06D56DF31531B1FC5BC083F5C1EBD22,CB016F2B417F98C88FC91FFFE7E69D4A6B1C7DFB,false,0,0000000000000000000000000000000000000000000000000000000000000000,0000000000000000000000000000000000000000000000000000000000000000
v2,E2222D279D744050D28E00520010520000310F59,2026-08-25 03:40:52.000 UTC,422954F6024E99D3C0D3DC84934D43B327F64ED275CB43A0CC29824C3C7719E3,1090,ADAD3E73E10A7919DDD7D36EA38DE57C98BCA2CBB84C13CDC1D0603C7AB54100,0,9168297785662696773016718610761665603800700668560812756827962314315323235689,24.18,26,0.93,CB016F2B417F98C88FC91FFFE7E69D4A6B1C7DFB,E2222D279D744050D28E00520010520000310F59,true,0.05077,0000000000000000000000000000000000000000000000000000000000000000,0000000000000000000000000000000000000000000000000000000000000000
v2,E111180000D2663C0091E4F400237545B87B996B,2026-08-25 03:40:52.000 UTC,476BD3CDF9164D61CB4B26E90C926B369CDC4ADEAB83EBF71954FA46D114FFEB,951,A3A8009CBB836A091C1A22D12619F4C954D92D7C55AF9D991F3DDE2C0B76E351,0,53248018932077816940461806891472599590256554831740860905263031661973893783059,2.0808,4.08,0.51,FE787D2DA716D60E8ACFF57FB87EB13CD4D10319,9B4E92B4D973BA2763F55065832F0D4015B1150C,false,0,0000000000000000000000000000000000000000000000000000000000000000,0000000000000000000000000000000000000000000000000000000000000000
v2,E111180000D2663C0091E4F400237545B87B996B,2026-08-25 03:40:52.000 UTC,476BD3CDF9164D61CB4B26E90C926B369CDC4ADEAB83EBF71954FA46D114FFEB,955,35314F370745E9CB7FC252EEFB2CED6AB40497D2E7DDDF720F731939E4E3FF2F,0,91346187401357432141382437908281295599275899413071757583306285332192822548166,1.9992,4.08,0.49,9B4E92B4D973BA2763F55065832F0D4015B1150C,E111180000D2663C0091E4F400237545B87B996B,true,0.05097,0000000000000000000000000000000000000000000000000000000000000000,0000000000000000000000000000000000000000000000000000000000000000
v2,E111180000D2663C0091E4F400237545B87B996B,2026-08-25 03:40:52.000 UTC,4A41573B09F2EF9CFCDC2091344A33AE13C20E4277B81E6B12EA34B57E0AA911,885,D35CDFBADD5A856909B0313D4DAA7F1E65F82FF4AAD69DF7033C24A8A6A2FDC8,0,73730726020568160984527978612154282702379437579916419662100788600476292752775,0.369863,1.369862,0.27000018980014046,B27BC932BF8110D8F78E55DA7D5F0497A18B5B82,9891CE1339D55E0A048634AA7675A62741518949,false,0,0000000000000000000000000000000000000000000000000000000000000000,0000000000000000000000000000000000000000000000000000000000000000
v2,E111180000D2663C0091E4F400237545B87B996B,2026-08-25 03:40:52.000 UTC,4A41573B09F2EF9CFCDC2091344A33AE13C20E4277B81E6B12EA34B57E0AA911,889,ECEF80DE0392999D178D964FAF77ECF5969FA3D10C9DC044C89F419DA1000589,0,85726358285139274992755429967205294411901765760528272277244026602010393622972,0.999999,1.369862,0.7299998101998596,9891CE1339D55E0A048634AA7675A62741518949,E111180000D2663C0091E4F400237545B87B996B,true,0.01889,0000000000000000000000000000000000000000000000000000000000000000,0000000000000000000000000000000000000000000000000000000000000000
v2,E2222D279D744050D28E00520010520000310F59,2026-08-25 03:40:52.000 UTC,67BC3C086222ABB9C42126366267A02E196BDBF21DC74E03568D3878968F37C5,1418,BB205F5C81631F9C7E837AAB7E2056DCF7D38E316F4B5EA26F3D325C1272D0F9,1,33339798372916037220786136133406478491116150628220441951753426683441228279665,5,0.01,0.002,3E9FF2DBF2A6356EE47049E9F3C43A70CB55D57F,C69BD5567B40EF4D11922EAA57E1F9BE1C642076,false,0,0000000000000000000000000000000000000000000000000000000000000000,0000000000000000000000000000000000000000000000000000000000000000
v2,E2222D279D744050D28E00520010520000310F59,2026-08-25 03:40:52.000 UTC,67BC3C086222ABB9C42126366267A02E196BDBF21DC74E03568D3878968F37C5,1420,5D0AA4022B44237E60FF3CE59BD35CC7083E68DC653594022B8C019949E7A21A,0,33339798372916037220786136133406478491116150628220441951753426683441228279665,0.01,5,0.002,C69BD5567B40EF4D11922EAA57E1F9BE1C642076,E2222D279D744050D28E00520010520000310F59,true,0.00029,0000000000000000000000000000000000000000000000000000000000000000,0000000000000000000000000000000000000000000000000000000000000000
v2,E2222D279D744050D28E00520010520000310F59,2026-08-25 03:40:52.000 UTC,76E180586005D37EC3BCA5ABB3DF27431C81F20A4FAEFC85D32473B2E6996BB3,931,2A3DFD6E9191E7D8A7A485F0E0B687BCE9D5B55351C0002CA99B44176A579366,0,14031502378169632665888528850704799044494111734797361856246753109713023247446,0.15,5,0.03,7D426104CA59F6909AE0581BD34A61433A0BA046,A0AEE04AD8337181F36C88B5490BB6224C3F4A1E,false,0,0000000000000000000000000000000000000000000000000000000000000000,0000000000000000000000000000000000000000000000000000000000000000
v2,E2222D279D744050D28E00520010520000310F59,2026-08-25 03:40:52.000 UTC,76E180586005D37EC3BCA5ABB3DF27431C81F20A4FAEFC85D32473B2E6996BB3,935,3789E1F16D90CCC7875688CA31DF1A4711BDA7A1476EC166207634E70468C5FC,0,27470768406209162418130740986222044545638799271023729506868150537647446158554,4.85,5,0.97,A0AEE04AD8337181F36C88B5490BB6224C3F4A1E,E2222D279D744050D28E00520010520000310F59,true,0.00727,0000000000000000000000000000000000000000000000000000000000000000,0000000000000000000000000000000000000000000000000000000000000000
v2,E2222D279D744050D28E00520010520000310F59,2026-08-25 03:40:52.000 UTC,773D40ABDE5E1073B5195ED751BAA433B1FB1D8972CF6DC75FABBF8DA89B0B6D,1247,C793AA6FDE951AABCBD28CCE2836929658D092F51189786D2A29C231E34BD0C1,1,67490293570850167744360093909411484802394033190606439033763696790340246807601,10,9.99,0.999,D2B6F6C59CDBE9E47919120ECCE858396D67ED4E,B0C85813A7A4428F1139FF91D3118A92C391FE7F,false,0,0000000000000000000000000000000000000000000000000000000000000000,0000000000000000000000000000000000000000000000000000000000000000
v2,E2222D279D744050D28E00520010520000310F59,2026-08-25 03:40:52.000 UTC,773D40ABDE5E1073B5195ED751BAA433B1FB1D8972CF6DC75FABBF8DA89B0B6D,1249,132BFCF6FB7B0BAAFBA0FB44FB73963BFE88E7BFFB46411FF74B546086A8DB89,0,67490293570850167744360093909411484802394033190606439033763696790340246807601,9.99,10,0.999,B0C85813A7A4428F1139FF91D3118A92C391FE7F,E2222D279D744050D28E00520010520000310F59,true,0.00049,0000000000000000000000000000000000000000000000000000000000000000,0000000000000000000000000000000000000000000000000000000000000000
v2,E2222D279D744050D28E00520010520000310F59,2026-08-25 03:40:52.000 UTC,7EF0CE8C283174145FF5B1AE7B01D8264FA470ABEE30101D8B9F847E4D82D6A4,1272,A240E9FEE15423B08B83E46E823D81D811BA060A4FA0EA778D24843A24AB1B53,0,78803948342995070838836736012795017072053448960983345349841661545681081452350,35,500,0.07,454C8364B06D56DF31531B1FC5BC083F5C1EBD22,EFACE9902242B0399856F981600B907DCC9BC9A1,false,0,0000000000000000000000000000000000000000000000000000000000000000,0000000000000000000000000000000000000000000000000000000000000000
v2,E2222D279D744050D28E00520010520000310F59,2026-08-25 03:40:52.000 UTC,7EF0CE8C283174145FF5B1AE7B01D8264FA470ABEE30101D8B9F847E4D82D6A4,1276,42AF9FE01540C672F5559260235B4A432F02F80CC98A8CA9A9080B77ADE690AA,0,9168297785662696773016718610761665603800700668560812756827962314315323235689,465,500,0.93,EFACE9902242B0399856F981600B907DCC9BC9A1,E2222D279D744050D28E00520010520000310F59,true,0.9765,0000000000000000000000000000000000000000000000000000000000000000,0000000000000000000000000000000000000000000000000000000000000000
v2,E111180000D2663C0091E4F400237545B87B996B,2026-08-25 03:40:52.000 UTC,88544033020B74562E1D6BC0868BA5867AE6320D5B88F9A483C508A1EC6E5127,1451,2291AAC659845356E6B1CAAA828E481C69C25114FFA6A735BAC0A2F52A10D225,0,48045938489781039493443005373766144574193587622238993062789789639360486207413,6.8816,7.82,0.88,5E57172D7316925855E3DBB9F57D1B465AF97C61,DDB6E6246546230503F153506AC1E9914978B9B3,false,0,0000000000000000000000000000000000000000000000000000000000000000,0000000000000000000000000000000000000000000000000000000000000000
v2,E111180000D2663C0091E4F400237545B87B996B,2026-08-25 03:40:52.000 UTC,88544033020B74562E1D6BC0868BA5867AE6320D5B88F9A483C508A1EC6E5127,1455,93A30B8AF1EE6D3C4A5F7F0BD4CE565D30F7F7B9FB4116C079E227BB81A34341,0,66315012829260561922679797924040386172300364430316158558635375172607044845732,0.9384,7.82,0.12,DDB6E6246546230503F153506AC1E9914978B9B3,E111180000D2663C0091E4F400237545B87B996B,true,0.0578,0000000000000000000000000000000000000000000000000000000000000000,0000000000000000000000000000000000000000000000000000000000000000
v2,E2222D279D744050D28E00520010520000310F59,2026-08-25 03:40:52.000 UTC,8AD7F7AF4E71082437645FFA78093062946DEA3401CC77459D0B66FCB52858DE,1352,660D0BAC1DCA7A9C24084DA4507D92F46B3BE18C95556AB3ED212B1ACFB9D9AA,0,50550123826908821764343892415814934915774811342200352549176370467392871313711,0.02,10,0.002,7C7DADA5175D45BF59E333D7A2D8419869F04DEA,B0C85813A7A4428F1139FF91D3118A92C391FE7F,false,0,0000000000000000000000000000000000000000000000000000000000000000,0000000000000000000000000000000000000000000000000000000000000000
v2,E2222D279D744050D28E00520010520000310F59,2026-08-25 03:40:52.000 UTC,8AD7F7AF4E71082437645FFA78093062946DEA3401CC77459D0B66FCB52858DE,1356,6A2660A244288EA9E88432E78B87892C8BBEB9DBC633A92E2D6A2A530636DD19,0,6755414298260311172588764308660244222908618540697914864845385378728433081443,9.98,10,0.998,B0C85813A7A4428F1139FF91D3118A92C391FE7F,E2222D279D744050D28E00520010520000310F59,true,0.00099,0000000000000000000000000000000000000000000000000000000000000000,0000000000000000000000000000000000000000000000000000000000000000
v2,E111180000D2663C0091E4F400237545B87B996B,2026-08-25 03:40:52.000 UTC,9A4348E4D610D079648541FA296322CAB88D372A7B2EA7CEF6A4A1FA87568247,1151,E847E51B13C4FE2E0500119095F1D29E9187DD8498DE3699D44A0F91C335AF52,0,114908152504434696013466211203306450236418903992480601158166515108878902455930,7.3,10,0.73,C1DD006C770C1355D745699B6CBA16E14D428E1E,EEBDE7A0E019A63E6B476EB425505B7B3E6EBA30,false,0,0000000000000000000000000000000000000000000000000000000000000000,0000000000000000000000000000000000000000000000000000000000000000
v2,E111180000D2663C0091E4F400237545B87B996B,2026-08-25 03:40:52.000 UTC,9A4348E4D610D079648541FA296322CAB88D372A7B2EA7CEF6A4A1FA87568247,1153,AAF2C7693A7387516C1E29069FD826AC304C6F8FB0ACCF13D97214A554581D73,0,114908152504434696013466211203306450236418903992480601158166515108878902455930,7.3,10,0.73,3D11A3582FAFAD11987E1EBC9D6BFD40516E5349,EEBDE7A0E019A63E6B476EB425505B7B3E6EBA30,false,0,CE58217E376D8EEFFB007F880542A875ED29802A455CABA24C135FF8D4991AEB,0000000000000000000000000000000000000000000000000000000000000000
v2,E111180000D2663C0091E4F400237545B87B996B,2026-08-25 03:40:52.000 UTC,9A4348E4D610D079648541FA296322CAB88D372A7B2EA7CEF6A4A1FA87568247,1155,4137082A719D619A0886B5BF50151009C32DEED2F44DD68DAB1217544E872A26,0,114908152504434696013466211203306450236418903992480601158166515108878902455930,10.08,14,0.72,73ADF00F1F5B832F4D91A15C0DA7A7EAC5C9EF22,EEBDE7A0E019A63E6B476EB425505B7B3E6EBA30,false,0,0000000000000000000000000000000000000000000000000000000000000000,0000000000000000000000000000000000000000000000000000000000000000
v2,E111180000D2663C0091E4F400237545B87B996B,2026-08-25 03:40:52.000 UTC,9A4348E4D610D079648541FA296322CAB88D372A7B2EA7CEF6A4A1FA87568247,1157,5A3E37A2B1FB82C6A76D7943A37DC8749D51A85C81448894C4F014FA10D5E6AB,0,114908152504434696013466211203306450236418903992480601158166515108878902455930,4.608,6.4,0.72,B0F85BAA97990910A3E8AC2B4A58A322F01ECEF5,EEBDE7A0E019A63E6B476EB425505B7B3E6EBA30,false,0,0000000000000000000000000000000000000000000000000000000000000000,0000000000000000000000000000000000000000000000000000000000000000
v2,E111180000D2663C0091E4F400237545B87B996B,2026-08-25 03:40:52.000 UTC,9A4348E4D610D079648541FA296322CAB88D372A7B2EA7CEF6A4A1FA87568247,1159,59D2A677F4A89757E34374F1E7B72523B89C82044CC2B70A15CDCCB292E664EB,0,114908152504434696013466211203306450236418903992480601158166515108878902455930,9.94,14,0.71,73ADF00F1F5B832F4D91A15C0DA7A7EAC5C9EF22,EEBDE7A0E019A63E6B476EB425505B7B3E6EBA30,false,0,0000000000000000000000000000000000000000000000000000000000000000,0000000000000000000000000000000000000000000000000000000000000000
v2,E111180000D2663C0091E4F400237545B87B996B,2026-08-25 03:40:52.000 UTC,9A4348E4D610D079648541FA296322CAB88D372A7B2EA7CEF6A4A1FA87568247,1161,CA39457253824A2F9A74737DD26A7BB2DA4D6E2E9FA17F7CEE7F9CDC48FBFF1B,0,114908152504434696013466211203306450236418903992480601158166515108878902455930,36.21,51,0.71,E114E5CA2D8C47BAED151A71FD8EEB143047C208,EEBDE7A0E019A63E6B476EB425505B7B3E6EBA30,false,0,0000000000000000000000000000000000000000000000000000000000000000,0000000000000000000000000000000000000000000000000000000000000000
v2,E111180000D2663C0091E4F400237545B87B996B,2026-08-25 03:40:52.000 UTC,9A4348E4D610D079648541FA296322CAB88D372A7B2EA7CEF6A4A1FA87568247,1163,337E287E99F1E395D099B7A0227D17D482C6BE4ED9A52E96BEC83958A644B0F2,0,114908152504434696013466211203306450236418903992480601158166515108878902455930,3.55,5,0.71,408AEE8C2C709E81D0EA89CBBBF42B7977BA2F5B,EEBDE7A0E019A63E6B476EB425505B7B3E6EBA30,false,0,463073042AD606E6008069D7A5469CFCC441FB96D990A5AC18BFC12133A0646B,0000000000000000000000000000000000000000000000000000000000000000
v2,E111180000D2663C0091E4F400237545B87B996B,2026-08-25 03:40:52.000 UTC,9A4348E4D610D079648541FA296322CAB88D372A7B2EA7CEF6A4A1FA87568247,1165,70B61D5445FC27D14D7365AB270B7F9B800736E0AD49B629BEE4FF05EEEAFCDA,0,114908152504434696013466211203306450236418903992480601158166515108878902455930,63.9,90,0.71,41B109E75DC24AC94E1CB47FACF89D7401CF5FC0,EEBDE7A0E019A63E6B476EB425505B7B3E6EBA30,false,0,0000000000000000000000000000000000000000000000000000000000000000,0000000000000000000000000000000000000000000000000000000000000000
v2,E111180000D2663C0091E4F400237545B87B996B,2026-08-25 03:40:52.000 UTC,9A4348E4D610D079648541FA296322CAB88D372A7B2EA7CEF6A4A1FA87568247,1167,F6D5561BD9F8CE6D5890E8C5D126AF7A45413382FEADA5C05F0149C6BBF1BCD9,0,114908152504434696013466211203306450236418903992480601158166515108878902455930,4.473,6.3,0.71,B0F85BAA97990910A3E8AC2B4A58A322F01ECEF5,EEBDE7A0E019A63E6B476EB425505B7B3E6EBA30,false,0,0000000000000000000000000000000000000000000000000000000000000000,0000000000000000000000000000000000000000000000000000000000000000
v2,E111180000D2663C0091E4F400237545B87B996B,2026-08-25 03:40:52.000 UTC,9A4348E4D610D079648541FA296322CAB88D372A7B2EA7CEF6A4A1FA87568247,1169,6DDE70AA3A6D54C949F5FD3365AD8972C35494CC7664F0ED03ED93A7E73C6A8B,0,114908152504434696013466211203306450236418903992480601158166515108878902455930,5.396,7.6,0.71,CA712EED142014548FB4320C8AF2C0F28D94719A,EEBDE7A0E019A63E6B476EB425505B7B3E6EBA30,false,0,0000000000000000000000000000000000000000000000000000000000000000,0000000000000000000000000000000000000000000000000000000000000000
v2,E111180000D2663C0091E4F400237545B87B996B,2026-08-25 03:40:52.000 UTC,9A4348E4D610D079648541FA296322CAB88D372A7B2EA7CEF6A4A1FA87568247,1171,811E0AC512D95B68E2437A0F9F9AC5383F812F08D07B91DB0EE13968FC262820,0,114908152504434696013466211203306450236418903992480601158166515108878902455930,28.4,40,0.71,31393E2F8333D4A6E2E31CA6424DEFE8B6CB9E2E,EEBDE7A0E019A63E6B476EB425505B7B3E6EBA30,false,0,0000000000000000000000000000000000000000000000000000000000000000,0000000000000000000000000000000000000000000000000000000000000000
v2,E111180000D2663C0091E4F400237545B87B996B,2026-08-25 03:40:52.000 UTC,9A4348E4D610D079648541FA296322CAB88D372A7B2EA7CEF6A4A1FA87568247,1173,2072519C853FCA9374AF0A47E0A4F7396AD07A7423A8DF1F4AC718DCA4740D63,0,114908152504434696013466211203306450236418903992480601158166515108878902455930,11.147,15.7,0.71,21F4C1A1BE34A39A7BC20985DF4B7E5A39FB691D,EEBDE7A0E019A63E6B476EB425505B7B3E6EBA30,false,0,0000000000000000000000000000000000000000000000000000000000000000,0000000000000000000000000000000000000000000000000000000000000000
v2,E111180000D2663C0091E4F400237545B87B996B,2026-08-25 03:40:52.000 UTC,9A4348E4D610D079648541FA296322CAB88D372A7B2EA7CEF6A4A1FA87568247,1177,2B97E7CCA1EBCA417263B925DB29AF311DE6DC623F5962AE2769977ADE446EAF,0,25323866082562825222099711428263861856200803766293539933536997271288248426887,77.696,270,0.28776296296296294,EEBDE7A0E019A63E6B476EB425505B7B3E6EBA30,E111180000D2663C0091E4F400237545B87B996B,true,3.87365,0000000000000000000000000000000000000000000000000000000000000000,0000000000000000000000000000000000000000000000000000000000000000
v2,E111180000D2663C0091E4F400237545B87B996B,2026-08-25 03:40:52.000 UTC,A3F6E90B0FA7B8671ECD8804D64AEBEFED6AA3E841143152F99DD1156267B92F,1472,738054AA5C5E71DBCB1139AA0BE29CB0C4547DBA7FE6FAD3FDC3984B587D7C8C,0,25323866082562825222099711428263861856200803766293539933536997271288248426887,2.08,8,0.26,5E57172D7316925855E3DBB9F57D1B465AF97C61,0C7C5204404E9D5402D258FEDAC59C7212BAE4CB,false,0,0000000000000000000000000000000000000000000000000000000000000000,0000000000000000000000000000000000000000000000000000000000000000
v2,E111180000D2663C0091E4F400237545B87B996B,2026-08-25 03:40:52.000 UTC,A3F6E90B0FA7B8671ECD8804D64AEBEFED6AA3E841143152F99DD1156267B92F,1474,2D2AD768740C9A61DC77734C6BDE2AD6F7003FFA00F3BD18D39BCE879F4C1FBF,0,25323866082562825222099711428263861856200803766293539933536997271288248426887,2.136216,8.216215,0.26000001217105445,73ADF00F1F5B832F4D91A15C0DA7A7EAC5C9EF22,0C7C5204404E9D5402D258FEDAC59C7212BAE4CB,false,0,0000000000000000000000000000000000000000000000000000000000000000,0000000000000000000000000000000000000000000000000000000000000000
v2,E111180000D2663C0091E4F400237545B87B996B,2026-08-25 03:40:52.000 UTC,A3F6E90B0FA7B8671ECD8804D64AEBEFED6AA3E841143152F99DD1156267B92F,1478,7D6C90E388D73B3735543C4D1E4793EDF49813B782432B5E8B3433CBE136DB33,0,114908152504434696013466211203306450236418903992480601158166515108878902455930,11.999999,16.216215,0.7399999938333329,0C7C5204404E9D5402D258FEDAC59C7212BAE4CB,E111180000D2663C0091E4F400237545B87B996B,true,0.21839,0000000000000000000000000000000000000000000000000000000000000000,0000000000000000000000000000000000000000000000000000000000000000
v2,E2222D279D744050D28E00520010520000310F59,2026-08-25 03:40:52.000 UTC,A8D0E4FE2F0DB5A17F6FAD70C721464F7A685C5B1DFB058CB6EAA02C2215A940,1020,7B68CF820239CFB291650EA884F0F9183589D66D59CFE7D88BD7C992BD1C4803,0,107553550106262611238312281890724544751231004787687614189592712742044747417250,1.2654,7.03,0.18,7C7DADA5175D45BF59E333D7A2D8419869F04DEA,B0C85813A7A4428F1139FF91D3118A92C391FE7F,false,0,0000000000000000000000000000000000000000000000000000000000000000,0000000000000000000000000000000000000000000000000000000000000000
v2,E2222D279D744050D28E00520010520000310F59,2026-08-25 03:40:52.000 UTC,A8D0E4FE2F0DB5A17F6FAD70C721464F7A685C5B1DFB058CB6EAA02C2215A940,1022,1D78C7EF17386C395720D21CC85C19D7D0DC1C381059C1C183BDC8E23062C5FE,0,107553550106262611238312281890724544751231004787687614189592712742044747417250,0.5346,2.97,0.18,F8349B2F7125E032A67DC0DADB8C4F3CB1818A5F,B0C85813A7A4428F1139FF91D3118A92C391FE7F,false,0,0000000000000000000000000000000000000000000000000000000000000000,0000000000000000000000000000000000000000000000000000000000000000
v2,E2222D279D744050D28E00520010520000310F59,2026-08-25 03:40:52.000 UTC,A8D0E4FE2F0DB5A17F6FAD70C721464F7A685C5B1DFB058CB6EAA02C2215A940,1026,552330622155AE3CA6E9838B0A76CE84E6A691507739312EDC57F4A3989061C8,0,38577859017635636662793141954262592154925901918586187961033237209969564538403,8.2,10,0.82,B0C85813A7A4428F1139FF91D3118A92C391FE7F,E2222D279D744050D28E00520010520000310F59,true,0.0738,0000000000000000000000000000000000000000000000000000000000000000,0000000000000000000000000000000000000000000000000000000000000000
v2,E2222D279D744050D28E00520010520000310F59,2026-08-25 03:40:52.000 UTC,AA53FBBAAAB5BEB44D38E9455057AA7D0DAB980578F6469663AA69998FFD1731,1326,A240E9FEE15423B08B83E46E823D81D811BA060A4FA0EA778D24843A24AB1B53,0,78803948342995070838836736012795017072053448960983345349841661545681081452350,3.5,50,0.07,454C8364B06D56DF31531B1FC5BC083F5C1EBD22,CB016F2B417F98C88FC91FFFE7E69D4A6B1C7DFB,false,0,0000000000000000000000000000000000000000000000000000000000000000,0000000000000000000000000000000000000000000000000000000000000000
v2,E2222D279D744050D28E00520010520000310F59,2026-08-25 03:40:52.000 UTC,AA53FBBAAAB5BEB44D38E9455057AA7D0DAB980578F6469663AA69998FFD1731,1330,B0657DB862A9AB51602181B44F7054751FDC1CFA4CE7AD60B4F83E640CCBE9DA,0,9168297785662696773016718610761665603800700668560812756827962314315323235689,46.5,50,0.93,CB016F2B417F98C88FC91FFFE7E69D4A6B1C7DFB,E2222D279D744050D28E00520010520000310F59,true,0.09765,0000000000000000000000000000000000000000000000000000000000000000,0000000000000000000000000000000000000000000000000000000000000000
v2,E2222D279D744050D28E00520010520000310F59,2026-08-25 03:40:52.000 UTC,AB177F32CCB6AEE5DAF32E3C750B1BA7A682E2A33349CCE33FE2388951BA461A,1112,A54763E9C9BD39F2AB17E354E0A9B3C822B411B9CC03FC5BDFE07C88E541FBA6,1,60796745895461892890243756514741106582267856620634063032540870708772909797347,9.98,7.984,0.8,E40AAA5CE1DAC0B7DC24C9D0284F27E17C3FE4A2,6BF1ACC0A3C94EE5C399839CCC2A40061295294F,false,0,0000000000000000000000000000000000000000000000000000000000000000,0000000000000000000000000000000000000000000000000000000000000000
v2,E2222D279D744050D28E00520010520000310F59,2026-08-25 03:40:52.000 UTC,AB177F32CCB6AEE5DAF32E3C750B1BA7A682E2A33349CCE33FE2388951BA461A,1114,906794649BCB8E4E6D7C336C600964DB3C279096EE3D7F076E26D9E22CA640DC,0,52370502592463076726666732988111082869376110299260115475174114279909768448314,2,10,0.2,B0C85813A7A4428F1139FF91D3118A92C391FE7F,6BF1ACC0A3C94EE5C399839CCC2A40061295294F,false,0,0000000000000000000000000000000000000000000000000000000000000000,0000000000000000000000000000000000000000000000000000000000000000
v2,E2222D279D744050D28E00520010520000310F59,2026-08-25 03:40:52.000 UTC,AB177F32CCB6AEE5DAF32E3C750B1BA7A682E2A33349CCE33FE2388951BA461A,1116,D23964A6C09B6BE76C5AD227D07718F89CA58BF4B5EB8BE5E704441CDE996910,1,60796745895461892890243756514741106582267856620634063032540870708772909797347,8,6.4,0.8,9629804E001A60EBE8A289A334CCF2E5553AEE15,6BF1ACC0A3C94EE5C399839CCC2A40061295294F,false,0,0000000000000000000000000000000000000000000000000000000000000000,0000000000000000000000000000000000000000000000000000000000000000
v2,E2222D279D744050D28E00520010520000310F59,2026-08-25 03:40:52.000 UTC,AB177F32CCB6AEE5DAF32E3C750B1BA7A682E2A33349CCE33FE2388951BA461A,1118,4FC379A4C3EA892C27DFCE130AC692AA42D4A6089B8D3BB06C00F0327C3222D6,0,52370502592463076726666732988111082869376110299260115475174114279909768448314,0.95,5,0.19,A0AEE04AD8337181F36C88B5490BB6224C3F4A1E,6BF1ACC0A3C94EE5C399839CCC2A40061295294F,false,0,0000000000000000000000000000000000000000000000000000000000000000,0000000000000000000000000000000000000000000000000000000000000000
v2,E2222D279D744050D28E00520010520000310F59,2026-08-25 03:40:52.000 UTC,AB177F32CCB6AEE5DAF32E3C750B1BA7A682E2A33349CCE33FE2388951BA461A,1120,49C73E59DD48CA1CEE7B0D1E4E8E9A3B68748F3C28C3DAF99DDC9BDCE5ECFEE7,0,52370502592463076726666732988111082869376110299260115475174114279909768448314,1.634,8.6,0.19,1CDD071BB612DE6D66D0C882B676C663697DE595,6BF1ACC0A3C94EE5C399839CCC2A40061295294F,false,0,0000000000000000000000000000000000000000000000000000000000000000,0000000000000000000000000000000000000000000000000000000000000000
v2,E2222D279D744050D28E00520010520000310F59,2026-08-25 03:40:52.000 UTC,AB177F32CCB6AEE5DAF32E3C750B1BA7A682E2A33349CCE33FE2388951BA461A,1123,30F8DD502B5B676916FDC4DCFBCFFAA3D00F639B1A3DA69EA56CD14869520A60,1,52370502592463076726666732988111082869376110299260115475174114279909768448314,41.58,8.18,0.19672919672919673,6BF1ACC0A3C94EE5C399839CCC2A40061295294F,E2222D279D744050D28E00520010520000310F59,true,0.32853,0000000000000000000000000000000000000000000000000000000000000000,0000000000000000000000000000000000000000000000000000000000000000
v2,E2222D279D744050D28E00520010520000310F59,2026-08-25 03:40:52.000 UTC,AE66E30DAB6344700F4A5CB0F177FD1FA3CECD6B3929CCAF830BA1C62CB4576D,1298,A240E9FEE15423B08B83E46E823D81D811BA060A4FA0EA778D24843A24AB1B53,0,78803948342995070838836736012795017072053448960983345349841661545681081452350,3.5,50,0.07,454C8364B06D56DF31531B1FC5BC083F5C1EBD22,CB016F2B417F98C88FC91FFFE7E69D4A6B1C7DFB,false,0,0000000000000000000000000000000000000000000000000000000000000000,0000000000000000000000000000000000000000000000000000000000000000
v2,E2222D279D744050D28E00520010520000310F59,2026-08-25 03:40:52.000 UTC,AE66E30DAB6344700F4A5CB0F177FD1FA3CECD6B3929CCAF830BA1C62CB4576D,1302,3E27D5168D5538BD51446BF16C28DEB923541D0CA3256526BD76FE2DD7021785,0,9168297785662696773016718610761665603800700668560812756827962314315323235689,46.5,50,0.93,CB016F2B417F98C88FC91FFFE7E69D4A6B1C7DFB,E2222D279D744050D28E00520010520000310F59,true,0.09765,0000000000000000000000000000000000000000000000000000000000000000,0000000000000000000000000000000000000000000000000000000000000000
v2,E2222D279D744050D28E00520010520000310F59,2026-08-25 03:40:52.000 UTC,B07B8665EBA3CA9E8B4BD44FC269A32B16A79B30C3940546AA5BB5E674773C22,1060,660D0BAC1DCA7A9C24084DA4507D92F46B3BE18C95556AB3ED212B1ACFB9D9AA,0,50550123826908821764343892415814934915774811342200352549176370467392871313711,0.01,5,0.002,7C7DADA5175D45BF59E333D7A2D8419869F04DEA,A0AEE04AD8337181F36C88B5490BB6224C3F4A1E,false,0,0000000000000000000000000000000000000000000000000000000000000000,0000000000000000000000000000000000000000000000000000000000000000
v2,E2222D279D744050D28E00520010520000310F59,2026-08-25 03:40:52.000 UTC,B07B8665EBA3CA9E8B4BD44FC269A32B16A79B30C3940546AA5BB5E674773C22,1064,24C8AC671A776156A59FFA7C9AC1E444A85B7569D3E6419841C67209A6016E98,0,6755414298260311172588764308660244222908618540697914864845385378728433081443,4.99,5,0.998,A0AEE04AD8337181F36C88B5490BB6224C3F4A1E,E2222D279D744050D28E00520010520000310F59,true,0.00049,0000000000000000000000000000000000000000000000000000000000000000,0000000000000000000000000000000000000000000000000000000000000000
v2,E2222D279D744050D28E00520010520000310F59,2026-08-25 03:40:52.000 UTC,B22384B649DA18A99EAA35C8C9ABC82589A49079C144A5E90CE94140C66DE98D,1378,A240E9FEE15423B08B83E46E823D81D811BA060A4FA0EA778D24843A24AB1B53,0,78803948342995070838836736012795017072053448960983345349841661545681081452350,3.5,50,0.07,454C8364B06D56DF31531B1FC5BC083F5C1EBD22,CB016F2B417F98C88FC91FFFE7E69D4A6B1C7DFB,false,0,0000000000000000000000000000000000000000000000000000000000000000,0000000000000000000000000000000000000000000000000000000000000000
v2,E2222D279D744050D28E00520010520000310F59,2026-08-25 03:40:52.000 UTC,B22384B649DA18A99EAA35C8C9ABC82589A49079C144A5E90CE94140C66DE98D,1382,10A229F2CA02AF23A326D9B8E99444F2564847C113F05872BA7530520C38FE0F,0,9168297785662696773016718610761665603800700668560812756827962314315323235689,46.5,50,0.93,CB016F2B417F98C88FC91FFFE7E69D4A6B1C7DFB,E2222D279D744050D28E00520010520000310F59,true,0.09765,0000000000000000000000000000000000000000000000000000000000000000,0000000000000000000000000000000000000000000000000000000000000000
v2,E111180000D2663C0091E4F400237545B87B996B,2026-08-25 03:40:52.000 UTC,B431A8219D437F86A40C2E0651F158C41152D79F1A653D7FC66A5B8AE021F26F,843,5C9130E404F5B0D7A90065E592A4B2C1EC8ADE91C5D783BF37F990462CA436BE,0,114908152504434696013466211203306450236418903992480601158166515108878902455930,14.8,20,0.74,D9635D74F7CC4BAED3B02931F6967B9DDA61D640,D9013DF863C1BA932780857B020DFDEACEDF8E14,false,0,0000000000000000000000000000000000000000000000000000000000000000,0000000000000000000000000000000000000000000000000000000000000000
v2,E111180000D2663C0091E4F400237545B87B996B,2026-08-25 03:40:52.000 UTC,B431A8219D437F86A40C2E0651F158C41152D79F1A653D7FC66A5B8AE021F26F,845,722190AA10764D9ED8DC11A41D9CF580B4D4E6516A325494336F4C18C1A5AD60,1,25323866082562825222099711428263861856200803766293539933536997271288248426887,10,2.6,0.26,C1DD006C770C1355D745699B6CBA16E14D428E1E,D9013DF863C1BA932780857B020DFDEACEDF8E14,false,0,0000000000000000000000000000000000000000000000000000000000000000,0000000000000000000000000000000000000000000000000000000000000000
v2,E111180000D2663C0091E4F400237545B87B996B,2026-08-25 03:40:52.000 UTC,B431A8219D437F86A40C2E0651F158C41152D79F1A653D7FC66A5B8AE021F26F,849,06A785E3F4FC8FE776518F3078FD45874A7408AE584B014D68B29BA99F436B67,0,25323866082562825222099711428263861856200803766293539933536997271288248426887,7.8,30,0.26,D9013DF863C1BA932780857B020DFDEACEDF8E14,E111180000D2663C0091E4F400237545B87B996B,true,0.40404,CEEBF77A833B30520287DDD9478FF51ABBDFFA30AA90A8D655DBA0E8A79CE0C1,0000000000000000000000000000000000000000000000000000000000000000
v2,E2222D279D744050D28E00520010520000310F59,2026-08-25 03:40:52.000 UTC,C00FFC9725D9B9CFA50FF7DC798BF59649D0AC03477D68C4A50CB7A15F3D7145,1407,32CAA3DEAFF0F354C95E6A2F5AB6C89C20947E6A659C289269D5639791E61470,0,105312950621880343602637310035587605034075110596527738004499632155247084957352,1.605,5.35,0.3,29863C41D339BA0710B7B023CB5A2E2D70C3B3A9,DD6B00C0428E7FC4178E77594EAF2DE3BB16E0F3,false,0,0000000000000000000000000000000000000000000000000000000000000000,0000000000000000000000000000000000000000000000000000000000000000
v2,E2222D279D744050D28E00520010520000310F59,2026-08-25 03:40:52.000 UTC,C00FFC9725D9B9CFA50FF7DC798BF59649D0AC03477D68C4A50CB7A15F3D7145,1409,A3C8F152FD4C7561C16D2B64BA68C71C346EFF4B849A059EC2032B630918EEAA,0,105312950621880343602637310035587605034075110596527738004499632155247084957352,1.998,6.66,0.3,229C0A7D92977A9934E5AC2348D507988996B966,DD6B00C0428E7FC4178E77594EAF2DE3BB16E0F3,false,0,0000000000000000000000000000000000000000000000000000000000000000,0000000000000000000000000000000000000000000000000000000000000000
v2,E2222D279D744050D28E00520010520000310F59,2026-08-25 03:40:52.000 UTC,C00FFC9725D9B9CFA50FF7DC798BF59649D0AC03477D68C4A50CB7A15F3D7145,1413,7E8E8B1248D1D04D6386A0A6E74B087A363ACBCB83C11F273067871AE36FFBFF,0,26601889399288564447519825354418832923223941053549494643779428197852980011899,8.407,12.01,0.7,DD6B00C0428E7FC4178E77594EAF2DE3BB16E0F3,E2222D279D744050D28E00520010520000310F59,true,0.1261,0000000000000000000000000000000000000000000000000000000000000000,0000000000000000000000000000000000000000000000000000000000000000
v2,E111180000D2663C0091E4F400237545B87B996B,2026-08-25 03:40:52.000 UTC,C2AD7FA48D38A42D8D9E00F7B5495E144DC336F724A1C416BDC1BD1E1C9D8C7E,865,72A919CAC0CFA3BEFBA9E3E189BFEA8EE05363278720E2DA0F84B1BAE19FD10D,0,23351487285651549418268504308713353833086144910358558550469480788883760054624,6,30,0.2,3A3749264A27AD3DF99832F14DFA0789E06B3B1D,B55FA1296E6EC55D0CE53D93B9237389F11764D4,false,0,0000000000000000000000000000000000000000000000000000000000000000,0000000000000000000000000000000000000000000000000000000000000000
v2,E111180000D2663C0091E4F400237545B87B996B,2026-08-25 03:40:52.000 UTC,C2AD7FA48D38A42D8D9E00F7B5495E144DC336F724A1C416BDC1BD1E1C9D8C7E,869,81F7496F309024D59717AC5C659D006095F60CDFB8739911507445C2B106749B,0,75576343555978270307127240487659865111015636116012727155108215448658165584228,24,30,0.8,B55FA1296E6EC55D0CE53D93B9237389F11764D4,E111180000D2663C0091E4F400237545B87B996B,true,0.336,0000000000000000000000000000000000000000000000000000000000000000,0000000000000000000000000000000000000000000000000000000000000000
v3,E3333700CA9D93003F00F0F71F8515005F6C00AA,2026-08-25 03:40:52.000 UTC,CFD71FE18B5EC8AEFFC548D4FE7B648A6F41898B07FBF92B3B9B6E64AC097AE5,1208,4F780D5DC3133B1BA3BC2EB75A8DDA21C1B2F180493A4E56A43FD70242E25565,0,1547238656554541415876025687396337722235175479234230353308540215369396125697,16.334729,19.212399,0.8502180805218547,B859782D0D4490989C3C25C39A0289B438F41A75,DBBA36FF6B9F26EB7E0208C20813D886F905E651,false,0,0000000000000000000000000000000000000000000000000000000000000000,0000000000000000000000000000000000000000000000000000000000000000
v3,E3333700CA9D93003F00F0F71F8515005F6C00AA,2026-08-25 03:40:52.000 UTC,CFD71FE18B5EC8AEFFC548D4FE7B648A6F41898B07FBF92B3B9B6E64AC097AE5,1218,1963420D7C16ADC6E6C3FB47582DF46E7118218D5E3192E193D216448266C4A6,0,1547238656554541415876025687396337722235175479234230353308540215369396125696,2.87767,19.212399,0.14978191947814534,DBBA36FF6B9F26EB7E0208C20813D886F905E651,E3333700CA9D93003F00F0F71F8515005F6C00AA,true,0.12233,0000000000000000000000000000000000000000000000000000000000000000,0000000000000000000000000000000000000000000000000000000000000000
v2,E111180000D2663C0091E4F400237545B87B996B,2026-08-25 03:40:52.000 UTC,DAD00F1D116178B171A0AE4BFDB9CCE35F914D6514127A07F49ACC003A832083,397,6876E24BDA74BD1B997B8992CD54D34B81315FC3861D539408DC6B08B089AE4B,0,36313752927594284030157824512155344616503438533583173955726763020632539684581,0.0184,0.02,0.92,A0E72D5575095199AE08CE0DCE447F21B7249461,674887D1AC838099A48B629DFF53F25B7B87EE08,false,0,0000000000000000000000000000000000000000000000000000000000000000,0000000000000000000000000000000000000000000000000000000000000000
v2,E111180000D2663C0091E4F400237545B87B996B,2026-08-25 03:40:52.000 UTC,DAD00F1D116178B171A0AE4BFDB9CCE35F914D6514127A07F49ACC003A832083,400,7ECD370F55E0B8C1A2B5B88ED6CB75E25318AB82F8167E0F6145D3BCA6E98770,1,36313752927594284030157824512155344616503438533583173955726763020632539684581,0.02,0.0184,0.92,674887D1AC838099A48B629DFF53F25B7B87EE08,E111180000D2663C0091E4F400237545B87B996B,true,0.0001,0000000000000000000000000000000000000000000000000000000000000000,0000000000000000000000000000000000000000000000000000000000000000
v2,E2222D279D744050D28E00520010520000310F59,2026-08-25 03:40:52.000 UTC,F842FB666DE6DCEA0435B25D9348E87F915166F50136B3E96FF3C5A908D0A276,977,7B68CF820239CFB291650EA884F0F9183589D66D59CFE7D88BD7C992BD1C4803,0,107553550106262611238312281890724544751231004787687614189592712742044747417250,0.9,5,0.18,7C7DADA5175D45BF59E333D7A2D8419869F04DEA,A0AEE04AD8337181F36C88B5490BB6224C3F4A1E,false,0,0000000000000000000000000000000000000000000000000000000000000000,0000000000000000000000000000000000000000000000000000000000000000
v2,E2222D279D744050D28E00520010520000310F59,2026-08-25 03:40:52.000 UTC,F842FB666DE6DCEA0435B25D9348E87F915166F50136B3E96FF3C5A908D0A276,981,52D665F846A09A5A4B31EF84B70CB4FCDD69D452A3B123195C1B894F448D0C56,0,38577859017635636662793141954262592154925901918586187961033237209969564538403,4.1,5,0.82,A0AEE04AD8337181F36C88B5490BB6224C3F4A1E,E2222D279D744050D28E00520010520000310F59,true,0.0369,0000000000000000000000000000000000000000000000000000000000000000,0000000000000000000000000000000000000000000000000000000000000000
v2,E2222D279D744050D28E00520010520000310F59,2026-08-25 03:40:52.000 UTC,FA9A6E67428D34D21D6753BEA71907865BDD8D0C069830149AE6B53A8FDD3D06,994,C793AA6FDE951AABCBD28CCE2836929658D092F51189786D2A29C231E34BD0C1,1,67490293570850167744360093909411484802394033190606439033763696790340246807601,5,4.995,0.999,D2B6F6C59CDBE9E47919120ECCE858396D67ED4E,A0AEE04AD8337181F36C88B5490BB6224C3F4A1E,false,0,0000000000000000000000000000000000000000000000000000000000000000,0000000000000000000000000000000000000000000000000000000000000000
v2,E2222D279D744050D28E00520010520000310F59,2026-08-25 03:40:52.000 UTC,FA9A6E67428D34D21D6753BEA71907865BDD8D0C069830149AE6B53A8FDD3D06,996,C86E5154A941A56E85CC20761C786F77D8CD5BE4FA0FDE86CF7364DA48C626A1,0,67490293570850167744360093909411484802394033190606439033763696790340246807601,4.995,5,0.999,A0AEE04AD8337181F36C88B5490BB6224C3F4A1E,E2222D279D744050D28E00520010520000310F59,true,0.00024,0000000000000000000000000000000000000000000000000000000000000000,0000000000000000000000000000000000000000000000000000000000000000
v2,E2222D279D744050D28E00520010520000310F59,2026-08-25 03:40:51.000 UTC,321FAAC57823B431FE05BEB66D255FC8697ECB255C411E342BA8B8C0EFC4D7C2,515,6E02EF17EA506F5199685402775449D88BD0F023F3D5C2406EDCC20167984E35,0,46777072088650922464797852907503479539785178123001199763117403684202580813104,0.002464,1.232,0.002,FEDC381BF3FB5D20433BB4A0216B15DBBC5C6398,72E0244CFB38200A90271CA9F10286E49A030B96,false,0,0000000000000000000000000000000000000000000000000000000000000000,0000000000000000000000000000000000000000000000000000000000000000
v2,E2222D279D744050D28E00520010520000310F59,2026-08-25 03:40:51.000 UTC,321FAAC57823B431FE05BEB66D255FC8697ECB255C411E342BA8B8C0EFC4D7C2,519,4BC16CAFF2DF55E501B678034940E74FD5FC72E4E6EA168E3471DC7DB35074C4,0,72681113618462806097972236701451065622180139607703509985766492272651534581276,1.229536,1.232,0.998,72E0244CFB38200A90271CA9F10286E49A030B96,E2222D279D744050D28E00520010520000310F59,true,9e-05,0000000000000000000000000000000000000000000000000000000000000000,0000000000000000000000000000000000000000000000000000000000000000
v2,E111180000D2663C0091E4F400237545B87B996B,2026-08-25 03:40:51.000 UTC,32BBF333EFE37641E096295F35D4AE8F79A35943769A44D1BA200F6410E0ECB9,456,808B5F6D32C6B6029080DE143FAACDC6A819404027D1D824A2051A888F68903E,0,36313752927594284030157824512155344616503438533583173955726763020632539684581,0.0168,0.02,0.84,AFCA2AD36FB2A5CA9531D09CEA33FC05F7DAA775,674887D1AC838099A48B629DFF53F25B7B87EE08,false,0,0000000000000000000000000000000000000000000000000000000000000000,0000000000000000000000000000000000000000000000000000000000000000
v2,E111180000D2663C0091E4F400237545B87B996B,2026-08-25 03:40:51.000 UTC,32BBF333EFE37641E096295F35D4AE8F79A35943769A44D1BA200F6410E0ECB9,459,180DA47D8F3976C1582DBDBD9091B3500F99C44EC8F5D8681B63B5A81E9C987C,1,36313752927594284030157824512155344616503438533583173955726763020632539684581,0.02,0.0168,0.84,674887D1AC838099A48B629DFF53F25B7B87EE08,E111180000D2663C0091E4F400237545B87B996B,true,0.00018,0000000000000000000000000000000000000000000000000000000000000000,0000000000000000000000000000000000000000000000000000000000000000
v2,E111180000D2663C0091E4F400237545B87B996B,2026-08-25 03:40:51.000 UTC,38223DE6EEE3761803FBA6551347E20C62BAAA6540CF212BCCE62BE5DAAB0EC3,447,B18981D3F96038B269FC1E39227EDA77509737B45CDEAE1FAFF76BB42CC2C488,0,79844738495946272056018897486966149078298488350289707349615870053295535893252,0.0026,0.02,0.13,337B7FCA244BF2EF3272469EE02A2BD541097E26,674887D1AC838099A48B629DFF53F25B7B87EE08,false,0,0000000000000000000000000000000000000000000000000000000000000000,0000000000000000000000000000000000000000000000000000000000000000
v2,E111180000D2663C0091E4F400237545B87B996B,2026-08-25 03:40:51.000 UTC,38223DE6EEE3761803FBA6551347E20C62BAAA6540CF212BCCE62BE5DAAB0EC3,450,8CCDC8EE44EE2BF5E3CFC33AEE408595F104D343EB6FCBD74C6DCA69ADEE3CB8,1,79844738495946272056018897486966149078298488350289707349615870053295535893252,0.02,0.0026,0.13,674887D1AC838099A48B629DFF53F25B7B87EE08,E111180000D2663C0091E4F400237545B87B996B,true,0.00015,0000000000000000000000000000000000000000000000000000000000000000,0000000000000000000000000000000000000000000000000000000000000000
v2,E111180000D2663C0091E4F400237545B87B996B,2026-08-25 03:40:51.000 UTC,3E249650811709897959DDE50141A58A85D4E3B3795C14A6AA383BA4492E2900,469,808B5F6D32C6B6029080DE143FAACDC6A819404027D1D824A2051A888F68903E,0,36313752927594284030157824512155344616503438533583173955726763020632539684581,0.0168,0.02,0.84,AFCA2AD36FB2A5CA9531D09CEA33FC05F7DAA775,674887D1AC838099A48B629DFF53F25B7B87EE08,false,0,0000000000000000000000000000000000000000000000000000000000000000,0000000000000000000000000000000000000000000000000000000000000000
v2,E111180000D2663C0091E4F400237545B87B996B,2026-08-25 03:40:51.000 UTC,3E249650811709897959DDE50141A58A85D4E3B3795C14A6AA383BA4492E2900,472,5F117998109419344918E7E141F6546CEE55896287E8B4D648346D6AD1475AE6,1,36313752927594284030157824512155344616503438533583173955726763020632539684581,0.02,0.0168,0.84,674887D1AC838099A48B629DFF53F25B7B87EE08,E111180000D2663C0091E4F400237545B87B996B,true,0.00018,0000000000000000000000000000000000000000000000000000000000000000,0000000000000000000000000000000000000000000000000000000000000000
v2,E111180000D2663C0091E4F400237545B87B996B,2026-08-25 03:40:51.000 UTC,45A133CFA94C58D76DE8C3185A522172E74A3ABA25F0A782D1C3148A9CD94021,306,0600C6199B370336999D76628A2399DF701289F2E19B8B14F3A4BC42F1C5F77A,0,105313443713068439809370291394462862142774398228619051055754389114395948051926,7.05,15,0.47,7E5D2991C2647DE2348287E2F499329FC6A6C4C3,B55FA1296E6EC55D0CE53D93B9237389F11764D4,false,0,0000000000000000000000000000000000000000000000000000000000000000,0000000000000000000000000000000000000000000000000000000000000000
v2,E111180000D2663C0091E4F400237545B87B996B,2026-08-25 03:40:51.000 UTC,45A133CFA94C58D76DE8C3185A522172E74A3ABA25F0A782D1C3148A9CD94021,308,C389AB4ABC23C65B27CA796BAE37F73F6D149AE77DB571FBC288FF1010299A08,0,105313443713068439809370291394462862142774398228619051055754389114395948051926,5.64,12,0.47,72099FE08DF3724C6CF02D2E5DBB06AAF37653FF,B55FA1296E6EC55D0CE53D93B9237389F11764D4,false,0,0000000000000000000000000000000000000000000000000000000000000000,0000000000000000000000000000000000000000000000000000000000000000
v2,E111180000D2663C0091E4F400237545B87B996B,2026-08-25 03:40:51.000 UTC,45A133CFA94C58D76DE8C3185A522172E74A3ABA25F0A782D1C3148A9CD94021,312,0C1D490CA894D08AA59385B1F1624C825B29C6C9024DB0131881D9D2C9319DE7,0,80683013444836478816249203073387333367782102790114261193253091360277337204535,14.31,27,0.53,B55FA1296E6EC55D0CE53D93B9237389F11764D4,E111180000D2663C0091E4F400237545B87B996B,true,0.47079,0000000000000000000000000000000000000000000000000000000000000000,0000000000000000000000000000000000000000000000000000000000000000
v2,E111180000D2663C0091E4F400237545B87B996B,2026-08-25 03:40:51.000 UTC,673B94190A416C503E7ACF2B96E44373B29BE3C30D626B28DAF5F93D87C414E8,332,A1F78C0C46BC3A9E8A019FFA6755154DC0E185A25191A171621DFDE8BC134792,1,66315012829260561922679797924040386172300364430316158558635375172607044845732,5,0.65,0.13,7E531479CC3DA5F014C891DE002CA6FCDF94A456,E8E086F7EF06AF27889EDFB5026E1453C61D7EEC,false,0,0000000000000000000000000000000000000000000000000000000000000000,0000000000000000000000000000000000000000000000000000000000000000
v2,E111180000D2663C0091E4F400237545B87B996B,2026-08-25 03:40:51.000 UTC,673B94190A416C503E7ACF2B96E44373B29BE3C30D626B28DAF5F93D87C414E8,335,6214187211547FBA0A8D790699B83D31715811E2179CA49C1584CAA541AF8273,1,66315012829260561922679797924040386172300364430316158558635375172607044845732,10,1.3,0.13,537E40B82B15B6089DA3CB13E0D8B760E83053CB,E8E086F7EF06AF27889EDFB5026E1453C61D7EEC,false,0,0000000000000000000000000000000000000000000000000000000000000000,0000000000000000000000000000000000000000000000000000000000000000
v2,E111180000D2663C0091E4F400237545B87B996B,2026-08-25 03:40:51.000 UTC,673B94190A416C503E7ACF2B96E44373B29BE3C30D626B28DAF5F93D87C414E8,337,FD32363865485113DF60F7F4655ECF9147827E069074A8D34A81D5D9AE1D7A5E,0,66315012829260561922679797924040386172300364430316158558635375172607044845732,1.95,15,0.13,E8E086F7EF06AF27889EDFB5026E1453C61D7EEC,E111180000D2663C0091E4F400237545B87B996B,true,0.11875,0000000000000000000000000000000000000000000000000000000000000000,0000000000000000000000000000000000000000000000000000000000000000
v2,E111180000D2663C0091E4F400237545B87B996B,2026-08-25 03:40:51.000 UTC,6C6DF5F8E5E1B03D0DC098821C1D4153995289F406621A20D9F913381B661156,524,243B5F9EF355B4D95EA435BA42AB5CB5A898C75E1A7261BE316CC8D2B27B457E,1,25323866082562825222099711428263861856200803766293539933536997271288248426887,5,1.3,0.26,5916CE250C0B3E32EED3303FFB2938CAB0B42A0B,57CB6E79FF12A9C008CCDF416C238B4AE6659D8C,false,0,0000000000000000000000000000000000000000000000000000000000000000,0000000000000000000000000000000000000000000000000000000000000000
v2,E111180000D2663C0091E4F400237545B87B996B,2026-08-25 03:40:51.000 UTC,6C6DF5F8E5E1B03D0DC098821C1D4153995289F406621A20D9F913381B661156,527,FE4FB675D4CC28F72B81EA79F140353B481D62ACEF9BB9C3D8AFC9C72CF1517F,1,25323866082562825222099711428263861856200803766293539933536997271288248426887,10.384614,2.699999,0.25999993837036217,809F275254E21F720A4E6C50C28C669C721F2EF0,57CB6E79FF12A9C008CCDF416C238B4AE6659D8C,false,0,0000000000000000000000000000000000000000000000000000000000000000,0000000000000000000000000000000000000000000000000000000000000000
v2,E111180000D2663C0091E4F400237545B87B996B,2026-08-25 03:40:51.000 UTC,6C6DF5F8E5E1B03D0DC098821C1D4153995289F406621A20D9F913381B661156,529,D3DFF476081BC67CD5CA69CD78854D2EF1E8333A4B1675C1E9E0A6F6037458CC,0,25323866082562825222099711428263861856200803766293539933536997271288248426887,3.999999,15.384614,0.25999995839999623,57CB6E79FF12A9C008CCDF416C238B4AE6659D8C,E111180000D2663C0091E4F400237545B87B996B,true,0.36718,26185F3FEDC906019D9F028E253FBEA67FE212FB5B02A0CEDC57C12DDC9C7805,0000000000000000000000000000000000000000000000000000000000000000
v2,E111180000D2663C0091E4F400237545B87B996B,2026-08-25 03:40:51.000 UTC,7BF24AFA2C21ED4EADF6B1F38370F99BFC1A46BD03C59B3C2017151DC64C45A5,364,813674A0A9CFDA4FD5768D592F8B6B5B874A638757BAD91EE5EA3E79FA4ABF7C,0,105313443713068439809370291394462862142774398228619051055754389114395948051926,5.64,12,0.47,72099FE08DF3724C6CF02D2E5DBB06AAF37653FF,B55FA1296E6EC55D0CE53D93B9237389F11764D4,false,0,0000000000000000000000000000000000000000000000000000000000000000,0000000000000000000000000000000000000000000000000000000000000000
v2,E111180000D2663C0091E4F400237545B87B996B,2026-08-25 03:40:51.000 UTC,7BF24AFA2C21ED4EADF6B1F38370F99BFC1A46BD03C59B3C2017151DC64C45A5,366,10EBDE5839DB4EBEBA8BC3324046ED377EEE131661481BA686EB22ACF7260490,0,105313443713068439809370291394462862142774398228619051055754389114395948051926,7.05,15,0.47,7E5D2991C2647DE2348287E2F499329FC6A6C4C3,B55FA1296E6EC55D0CE53D93B9237389F11764D4,false,0,0000000000000000000000000000000000000000000000000000000000000000,0000000000000000000000000000000000000000000000000000000000000000
v2,E111180000D2663C0091E4F400237545B87B996B,2026-08-25 03:40:51.000 UTC,7BF24AFA2C21ED4EADF6B1F38370F99BFC1A46BD03C59B3C2017151DC64C45A5,370,11DE603F337BC260AF33F76910A1319ECF14ED179D9E86F88BADA5B46939E4C3,0,80683013444836478816249203073387333367782102790114261193253091360277337204535,14.31,27,0.53,B55FA1296E6EC55D0CE53D93B9237389F11764D4,E111180000D2663C0091E4F400237545B87B996B,true,0.47079,0000000000000000000000000000000000000000000000000000000000000000,0000000000000000000000000000000000000000000000000000000000000000
v2,E111180000D2663C0091E4F400237545B87B996B,2026-08-25 03:40:51.000 UTC,7C10BE24496EEC32AF7190BD39DAE6A83CE101AE8482005EFEE0AACEAB82E7D3,343,CE91E4C92CDEF213DDF6598DCFD56B04C7A91E3C370D25A9F861DFFD41E3F506,0,85726358285139274992755429967205294411901765760528272277244026602010393622972,0.0134,0.02,0.67,50F3E0745CB8BEF421BDAA403B1B70F5D1D8CFBF,674887D1AC838099A48B629DFF53F25B7B87EE08,false,0,0000000000000000000000000000000000000000000000000000000000000000,0000000000000000000000000000000000000000000000000000000000000000
v2,E111180000D2663C0091E4F400237545B87B996B,2026-08-25 03:40:51.000 UTC,7C10BE24496EEC32AF7190BD39DAE6A83CE101AE8482005EFEE0AACEAB82E7D3,346,5C2B06A167F39226F5D1E6DD35CF99D03B9AE084BF87B3DC052B97370499DD7F,1,85726358285139274992755429967205294411901765760528272277244026602010393622972,0.02,0.0134,0.67,674887D1AC838099A48B629DFF53F25B7B87EE08,E111180000D2663C0091E4F400237545B87B996B,true,0.0003,0000000000000000000000000000000000000000000000000000000000000000,0000000000000000000000000000000000000000000000000000000000000000
v2,E2222D279D744050D28E00520010520000310F59,2026-08-25 03:40:51.000 UTC,7CB63E9D451524F239B4F7A790B263E30DF50FFD1489838130D0CD0F79071945,478,BB205F5C81631F9C7E837AAB7E2056DCF7D38E316F4B5EA26F3D325C1272D0F9,1,33339798372916037220786136133406478491116150628220441951753426683441228279665,5,0.01,0.002,3E9FF2DBF2A6356EE47049E9F3C43A70CB55D57F,C69BD5567B40EF4D11922EAA57E1F9BE1C642076,false,0,0000000000000000000000000000000000000000000000000000000000000000,0000000000000000000000000000000000000000000000000000000000000000
v2,E2222D279D744050D28E00520010520000310F59,2026-08-25 03:40:51.000 UTC,7CB63E9D451524F239B4F7A790B263E30DF50FFD1489838130D0CD0F79071945,480,0D65862CB38EEDFE24B214CED0E7DA1B87466275205C4C6BBCFA9CB034900F61,0,33339798372916037220786136133406478491116150628220441951753426683441228279665,0.01,5,0.002,C69BD5567B40EF4D11922EAA57E1F9BE1C642076,E2222D279D744050D28E00520010520000310F59,true,0.00029,0000000000000000000000000000000000000000000000000000000000000000,0000000000000000000000000000000000000000000000000000000000000000
v2,E111180000D2663C0091E4F400237545B87B996B,2026-08-25 03:40:51.000 UTC,95EC48F1315F28A01162B7EA29B9D04CC5ED996994C4636513282E85B3EDDE49,430,B6AAFD5A2B5E193F0028178DD033A0B8FE64024146D3012A98F896D518CF46E0,0,114908152504434696013466211203306450236418903992480601158166515108878902455930,11.211,15.15,0.74,C1B4BFDC36EAA5C09E7231C61E5E44C5463F624F,CF205EEB4E49AE6598FE1F826F9CF23F2B3F247A,false,0,0000000000000000000000000000000000000000000000000000000000000000,0000000000000000000000000000000000000000000000000000000000000000
v2,E111180000D2663C0091E4F400237545B87B996B,2026-08-25 03:40:51.000 UTC,95EC48F1315F28A01162B7EA29B9D04CC5ED996994C4636513282E85B3EDDE49,433,A14732BADD37870581BAF1A12E24F0C8E6D80A025F1E11AAE88AF46A9C1C7577,1,114908152504434696013466211203306450236418903992480601158166515108878902455930,15.15,11.211,0.74,CF205EEB4E49AE6598FE1F826F9CF23F2B3F247A,E111180000D2663C0091E4F400237545B87B996B,true,0.20404,0000000000000000000000000000000000000000000000000000000000000000,0000000000000000000000000000000000000000000000000000000000000000
v2,E111180000D2663C0091E4F400237545B87B996B,2026-08-25 03:40:51.000 UTC,976827D7077462B27A5D08933E87F5F90E740397F4F4C504E7DD8B5C7C820848,395,F8091F1847FA10A54D443E36E2BDB9A33A7AEDA7FC11C61B23CA9A76CE0E40B5,0,36313752927594284030157824512155344616503438533583173955726763020632539684581,0.0184,0.02,0.92,A0E72D5575095199AE08CE0DCE447F21B7249461,674887D1AC838099A48B629DFF53F25B7B87EE08,false,0,0000000000000000000000000000000000000000000000000000000000000000,0000000000000000000000000000000000000000000000000000000000000000
v2,E111180000D2663C0091E4F400237545B87B996B,2026-08-25 03:40:51.000 UTC,976827D7077462B27A5D08933E87F5F90E740397F4F4C504E7DD8B5C7C820848,398,1272399B06B601CE156A1A14885D2357CEB96A18AA2F872C5A2FAB5938450816,1,36313752927594284030157824512155344616503438533583173955726763020632539684581,0.02,0.0184,0.92,674887D1AC838099A48B629DFF53F25B7B87EE08,E111180000D2663C0091E4F400237545B87B996B,true,0.0001,0000000000000000000000000000000000000000000000000000000000000000,0000000000000000000000000000000000000000000000000000000000000000
v2,E111180000D2663C0091E4F400237545B87B996B,2026-08-25 03:40:51.000 UTC,C19219EF73FF957C80827452CDF5D3D152D0440C6FE0ADA6431E94156C49036F,386,10B9DD5BC30F2D1919146964AA7AF8201095C042A0F298E6B823FAA988B4DEBA,0,25323866082562825222099711428263861856200803766293539933536997271288248426887,1.25,5,0.25,E114E5CA2D8C47BAED151A71FD8EEB143047C208,73066D349E86959F55FC7F87AC6EA49FA035A4C6,false,0,0000000000000000000000000000000000000000000000000000000000000000,0000000000000000000000000000000000000000000000000000000000000000
v2,E111180000D2663C0091E4F400237545B87B996B,2026-08-25 03:40:51.000 UTC,C19219EF73FF957C80827452CDF5D3D152D0440C6FE0ADA6431E94156C49036F,390,F09B730C845BC9C4CAB26904930408CFD5AC435A2780E3509D4EA51BEF4DDD12,0,114908152504434696013466211203306450236418903992480601158166515108878902455930,3.75,5,0.75,73066D349E86959F55FC7F87AC6EA49FA035A4C6,E111180000D2663C0091E4F400237545B87B996B,true,0.06562,0000000000000000000000000000000000000000000000000000000000000000,0000000000000000000000000000000000000000000000000000000000000000
v2,E111180000D2663C0091E4F400237545B87B996B,2026-08-25 03:40:51.000 UTC,F76708E8B6C0CDE8BB0B5EBFE04DEC2770A8842CB70A6E3408029A45F8570BD5,419,BE266DB6409F16D91CCBEF3BB0661B8604E0531E25E89643A863F6653F010237,0,48045938489781039493443005373766144574193587622238993062789789639360486207413,11.18,13,0.86,82AE434F983771A5BC94092A6850DA80368E2890,9D57C42E847173D06841703825D3FE2299E456EA,false,0,1EB72E03AB449A2D2083B7BCA2287513436A3599288D19F7A827E630BE59A3D9,0000000000000000000000000000000000000000000000000000000000000000
v2,E111180000D2663C0091E4F400237545B87B996B,2026-08-25 03:40:51.000 UTC,F76708E8B6C0CDE8BB0B5EBFE04DEC2770A8842CB70A6E3408029A45F8570BD5,421,C23CA66682B643AC0A3384CF1FD4E8E04C406924C05317260A8549E80367F39A,0,48045938489781039493443005373766144574193587622238993062789789639360486207413,1.72,2,0.86,B945945D5BCAF7B56834D4DA8CDF8F8F94B2DB68,9D57C42E847173D06841703825D3FE2299E456EA,false,0,0000000000000000000000000000000000000000000000000000000000000000,0000000000000000000000000000000000000000000000000000000000000000
v2,E111180000D2663C0091E4F400237545B87B996B,2026-08-25 03:40:51.000 UTC,F76708E8B6C0CDE8BB0B5EBFE04DEC2770A8842CB70A6E3408029A45F8570BD5,425,305535F3A7102F1711A70095995516D3E8FB90FBD5367A3E8FB7384E843685BA,0,66315012829260561922679797924040386172300364430316158558635375172607044845732,2.1,15,0.14,9D57C42E847173D06841703825D3FE2299E456EA,E111180000D2663C0091E4F400237545B87B996B,true,0.12642,0000000000000000000000000000000000000000000000000000000000000000,0000000000000000000000000000000000000000000000000000000000000000
v2,E111180000D2663C0091E4F400237545B87B996B,2026-08-25 03:40:49.000 UTC,0A39439F8015A7FC22B3BC012528C49CA7E528A4912DCAE7D844B58AC506B264,816,A03195802FAA4BBD59A10F1E1DA45828E0055817F6ECB7666232948BFBE34C12,0,36313752927594284030157824512155344616503438533583173955726763020632539684581,0.0178,0.02,0.89,A0E72D5575095199AE08CE0DCE447F21B7249461,674887D1AC838099A48B629DFF53F25B7B87EE08,false,0,0000000000000000000000000000000000000000000000000000000000000000,0000000000000000000000000000000000000000000000000000000000000000
v2,E111180000D2663C0091E4F400237545B87B996B,2026-08-25 03:40:49.000 UTC,0A39439F8015A7FC22B3BC012528C49CA7E528A4912DCAE7D844B58AC506B264,819,ACBB557CCCDAA042417AA5B2FE38FA0CC8BB770CA8A4406D25D91F1EC141C52B,1,36313752927594284030157824512155344616503438533583173955726763020632539684581,0.02,0.0178,0.89,674887D1AC838099A48B629DFF53F25B7B87EE08,E111180000D2663C0091E4F400237545B87B996B,true,0.00013,0000000000000000000000000000000000000000000000000000000000000000,0000000000000000000000000000000000000000000000000000000000000000
v2,E111180000D2663C0091E4F400237545B87B996B,2026-08-25 03:40:49.000 UTC,10E7665261FF3244F8C30206BA26B9045076FAE772A888F3BD1A774F0983FBE8,765,9F82F71B918A0CBD2DA022F940F16ECFEB4A4DC67135911B58A5BED3CFADC02C,1,114908152504434696013466211203306450236418903992480601158166515108878902455930,1.369862,0.999999,0.7299998101998596,A3338DE30E72494D609F586E1E41C11A0A9A29C8,DCF8EC776E5B38C7AA4455A64645AE8D60DFDCA4,false,0,0000000000000000000000000000000000000000000000000000000000000000,0000000000000000000000000000000000000000000000000000000000000000
v2,E111180000D2663C0091E4F400237545B87B996B,2026-08-25 03:40:49.000 UTC,10E7665261FF3244F8C30206BA26B9045076FAE772A888F3BD1A774F0983FBE8,767,21021124CAE115049FDA8935C4CA1CE302F1574AF73AB2415A7E7687651B735A,0,114908152504434696013466211203306450236418903992480601158166515108878902455930,0.999999,1.369862,0.7299998101998596,DCF8EC776E5B38C7AA4455A64645AE8D60DFDCA4,E111180000D2663C0091E4F400237545B87B996B,true,0.01889,9857C25D1F44F0BB3CEB6FB7AA8E0F47956D3CEA3B5B30B28A6314BBCD3F1F3B,0000000000000000000000000000000000000000000000000000000000000000
v2,E2222D279D744050D28E00520010520000310F59,2026-08-25 03:40:49.000 UTC,16722BAA45087615DA6081B65457B7FF8E760D8FECCAEBD5A89FE144BEBB89BE,593,A22431A534881318A8C3FF21FE25D408670FA910DCDF18E5BE8F244C2C65949C,0,84687567247444681696818838435763256600811992324273784197396503951705442928521,3.99,7,0.57,B40E89677D59665D5188541AD860450A6E2A7CC9,ECD9C79128CF21EC4B2D5E0102DEAD0141C75565,false,0,0000000000000000000000000000000000000000000000000000000000000000,0000000000000000000000000000000000000000000000000000000000000000
v2,E2222D279D744050D28E00520010520000310F59,2026-08-25 03:40:49.000 UTC,16722BAA45087615DA6081B65457B7FF8E760D8FECCAEBD5A89FE144BEBB89BE,596,505C82E0E460E041EF14367E0A8A49901DAC51417F0CA631CEE00C55C4D7B345,1,84687567247444681696818838435763256600811992324273784197396503951705442928521,7,3.99,0.57,ECD9C79128CF21EC4B2D5E0102DEAD0141C75565,E2222D279D744050D28E00520010520000310F59,true,0.08578,0000000000000000000000000000000000000000000000000000000000000000,0000000000000000000000000000000000000000000000000000000000000000
v2,E111180000D2663C0091E4F400237545B87B996B,2026-08-25 03:40:49.000 UTC,16BDDC2D34F41BD9B5EB291E8DD7A5644713303AAC98D6613490DCC1553CEF8B,787,A03195802FAA4BBD59A10F1E1DA45828E0055817F6ECB7666232948BFBE34C12,0,36313752927594284030157824512155344616503438533583173955726763020632539684581,0.0178,0.02,0.89,A0E72D5575095199AE08CE0DCE447F21B7249461,674887D1AC838099A48B629DFF53F25B7B87EE08,false,0,0000000000000000000000000000000000000000000000000000000000000000,0000000000000000000000000000000000000000000000000000000000000000
v2,E111180000D2663C0091E4F400237545B87B996B,2026-08-25 03:40:49.000 UTC,16BDDC2D34F41BD9B5EB291E8DD7A5644713303AAC98D6613490DCC1553CEF8B,790,0FF9F5205AF0B9151CC4E36A7C83A38D8D2CF4B604CF97B1CD42E6CD01B76B26,1,36313752927594284030157824512155344616503438533583173955726763020632539684581,0.02,0.0178,0.89,674887D1AC838099A48B629DFF53F25B7B87EE08,E111180000D2663C0091E4F400237545B87B996B,true,0.00013,0000000000000000000000000000000000000000000000000000000000000000,0000000000000000000000000000000000000000000000000000000000000000
v2,E111180000D2663C0091E4F400237545B87B996B,2026-08-25 03:40:49.000 UTC,256DE3BF68918699CDF3F584DDF7BC467D20262E892B694B968A95798CF3D115,564,D223E25A9D0E6796617022F9CC292456307A0DD0CB20583DCC3C7F3CCF8B4428,0,105313443713068439809370291394462862142774398228619051055754389114395948051926,14.19,33,0.43,4B5CD6695B6FDBEB00553376591FE143F3F88AA4,CE25E214D5CFE4F459CF67F08DF581885AAE7FDC,false,0,0000000000000000000000000000000000000000000000000000000000000000,0000000000000000000000000000000000000000000000000000000000000000
v2,E111180000D2663C0091E4F400237545B87B996B,2026-08-25 03:40:49.000 UTC,256DE3BF68918699CDF3F584DDF7BC467D20262E892B694B968A95798CF3D115,568,1131DF3733CAAE3537FFB8CAD6177AC413194FBFD314A1A3B8218AC4FACFE084,0,80683013444836478816249203073387333367782102790114261193253091360277337204535,18.81,33,0.57,CE25E214D5CFE4F459CF67F08DF581885AAE7FDC,E111180000D2663C0091E4F400237545B87B996B,true,0.56618,0000000000000000000000000000000000000000000000000000000000000000,0000000000000000000000000000000000000000000000000000000000000000
v2,E111180000D2663C0091E4F400237545B87B996B,2026-08-25 03:40:49.000 UTC,291B222263FADEA3736EE0AFA5C506226E853CD2985278650224A7A2A41ADC39,290,D9AFADD6DCA758D3FCA0932BC257995A9A3E1BABACF2804DFB4D32FF519BEED7,0,25323866082562825222099711428263861856200803766293539933536997271288248426887,5.46,21,0.26,AA1A4F31C010D4A63FC49770D4CA2D69EA370602,95FA4CC0BE88B13A60529A651D82F940F38466B3,false,0,0000000000000000000000000000000000000000000000000000000000000000,0000000000000000000000000000000000000000000000000000000000000000
v2,E111180000D2663C0091E4F400237545B87B996B,2026-08-25 03:40:49.000 UTC,291B222263FADEA3736EE0AFA5C506226E853CD2985278650224A7A2A41ADC39,292,B428670B6C83725DCCBBFD91F36532D7BD2D46E4E39710BF60931DF58BE8E8BC,0,25323866082562825222099711428263861856200803766293539933536997271288248426887,2.6,10,0.26,C1DD006C770C1355D745699B6CBA16E14D428E1E,95FA4CC0BE88B13A60529A651D82F940F38466B3,false,0,0000000000000000000000000000000000000000000000000000000000000000,0000000000000000000000000000000000000000000000000000000000000000
v2,E111180000D2663C0091E4F400237545B87B996B,2026-08-25 03:40:49.000 UTC,291B222263FADEA3736EE0AFA5C506226E853CD2985278650224A7A2A41ADC39,296,820B0D5C17B93806F55189750FA50E9B69C02C2A25BC3A9C85CC142D3FBE6283,0,114908152504434696013466211203306450236418903992480601158166515108878902455930,22.94,31,0.74,95FA4CC0BE88B13A60529A651D82F940F38466B3,E111180000D2663C0091E4F400237545B87B996B,true,0.4175,0000000000000000000000000000000000000000000000000000000000000000,0000000000000000000000000000000000000000000000000000000000000000
v2,E111180000D2663C0091E4F400237545B87B996B,2026-08-25 03:40:49.000 UTC,3EA765B5F835480D4EEF580663D9A80795945D1867AFD4093C4349C9E2396776,371,617F4A5CDB7B3B00C6F88FD4AAD05AFBA40B37B6374C09B28A865A18D694115D,0,73730726020568160984527978612154282702379437579916419662100788600476292752775,1.55,5,0.31,42EB5162265A01EC28191245A34F5A4046619A0E,0C7C5204404E9D5402D258FEDAC59C7212BAE4CB,false,0,0000000000000000000000000000000000000000000000000000000000000000,0000000000000000000000000000000000000000000000000000000000000000
v2,E111180000D2663C0091E4F400237545B87B996B,2026-08-25 03:40:49.000 UTC,3EA765B5F835480D4EEF580663D9A80795945D1867AFD4093C4349C9E2396776,373,D2A695B47DD8C338486F7CE1B96F17E4B850DBDBB68652C3E06F46D6BEA28B05,0,73730726020568160984527978612154282702379437579916419662100788600476292752775,2.811428,9.371426,0.30000002134146925,B27BC932BF8110D8F78E55DA7D5F0497A18B5B82,0C7C5204404E9D5402D258FEDAC59C7212BAE4CB,false,0,0000000000000000000000000000000000000000000000000000000000000000,0000000000000000000000000000000000000000000000000000000000000000
v2,E111180000D2663C0091E4F400237545B87B996B,2026-08-25 03:40:49.000 UTC,3EA765B5F835480D4EEF580663D9A80795945D1867AFD4093C4349C9E2396776,377,26398526CFABA311E6D42577BBEEE87C82663C8C4832D97054A4EEBD44807D25,0,85726358285139274992755429967205294411901765760528272277244026602010393622972,10.009998,14.371426,0.6965208602124799,0C7C5204404E9D5402D258FEDAC59C7212BAE4CB,E111180000D2663C0091E4F400237545B87B996B,true,0.21264,0000000000000000000000000000000000000000000000000000000000000000,0000000000000000000000000000000000000000000000000000000000000000
v2,E111180000D2663C0091E4F400237545B87B996B,2026-08-25 03:40:49.000 UTC,48C07F6651FF38C4BEDF376EE995DD7722F5388A164081C01439809AA7C1BC6E,504,92388A135A25CAE1BB0088C49E5D8EF0CA42CAA1592A7B187BCC0F413B6C9958,0,66315012829260561922679797924040386172300364430316158558635375172607044845732,0.149425,1.149423,0.13000000870001732,7E5D2991C2647DE2348287E2F499329FC6A6C4C3,5D92B0E6AB9587FF22A94AB13589A1062C9546C0,false,0,0000000000000000000000000000000000000000000000000000000000000000,0000000000000000000000000000000000000000000000000000000000000000
v2,E111180000D2663C0091E4F400237545B87B996B,2026-08-25 03:40:49.000 UTC,48C07F6651FF38C4BEDF376EE995DD7722F5388A164081C01439809AA7C1BC6E,508,73D2089D06D8412DFBDD76006D25C14AD22B342CCCD774494E8CA2B971088E16,0,48045938489781039493443005373766144574193587622238993062789789639360486207413,0.999998,1.149423,0.8699999912999827,5D92B0E6AB9587FF22A94AB13589A1062C9546C0,E111180000D2663C0091E4F400237545B87B996B,true,0.00909,0000000000000000000000000000000000000000000000000000000000000000,0000000000000000000000000000000000000000000000000000000000000000
v2,E111180000D2663C0091E4F400237545B87B996B,2026-08-25 03:40:49.000 UTC,4CDB5B6D408CD41B3BDDD0520CA826E4F5AC5F19B11D517A8877B91793D328A3,249,FA087DF9DFD4EAC3F7CDD5DB25AEB0B1ADFEBB6DC10782E00F5288F4238CBF62,0,36313752927594284030157824512155344616503438533583173955726763020632539684581,0.0188,0.02,0.94,A0E72D5575095199AE08CE0DCE447F21B7249461,674887D1AC838099A48B629DFF53F25B7B87EE08,false,0,0000000000000000000000000000000000000000000000000000000000000000,0000000000000000000000000000000000000000000000000000000000000000
v2,E111180000D2663C0091E4F400237545B87B996B,2026-08-25 03:40:49.000 UTC,4CDB5B6D408CD41B3BDDD0520CA826E4F5AC5F19B11D517A8877B91793D328A3,252,C1CB535F9B0DBCFB6008815F33E845022FE7B806216514FA61FE1142BC60A3C8,1,36313752927594284030157824512155344616503438533583173955726763020632539684581,0.02,0.0188,0.94,674887D1AC838099A48B629DFF53F25B7B87EE08,E111180000D2663C0091E4F400237545B87B996B,true,7e-05,0000000000000000000000000000000000000000000000000000000000000000,0000000000000000000000000000000000000000000000000000000000000000
v2,E111180000D2663C0091E4F400237545B87B996B,2026-08-25 03:40:49.000 UTC,4EDDC3D39349FBD97423A4A41589F31670F9A01C510BD98BAF25ECB2E32AD715,689,D8876D5D0BD61C8369C24722AC5194418C57362150AF0CB7767CB09DD3F42B20,0,72077511720817303715029382649853279635963610056396436002225761506642098467449,0.015,0.02,0.75,337B7FCA244BF2EF3272469EE02A2BD541097E26,674887D1AC838099A48B629DFF53F25B7B87EE08,false,0,0000000000000000000000000000000000000000000000000000000000000000,0000000000000000000000000000000000000000000000000000000000000000
v2,E111180000D2663C0091E4F400237545B87B996B,2026-08-25 03:40:49.000 UTC,4EDDC3D39349FBD97423A4A41589F31670F9A01C510BD98BAF25ECB2E32AD715,692,C20D83CB779D19FE6203F93C30DFD1EF3FD4A56DD552BD3EBAAD671ACB50B18B,1,72077511720817303715029382649853279635963610056396436002225761506642098467449,0.02,0.015,0.75,674887D1AC838099A48B629DFF53F25B7B87EE08,E111180000D2663C0091E4F400237545B87B996B,true,0.00026,0000000000000000000000000000000000000000000000000000000000000000,0000000000000000000000000000000000000000000000000000000000000000
v2,E111180000D2663C0091E4F400237545B87B996B,2026-08-25 03:40:49.000 UTC,50B9D23F01F93D2D7ABFD96C54097FFAEBF56C3F66B47465917855A100C35BD3,710,33B1D446BF8D93828FC07581DCB249A26CA3691163F7A33AD0EB0DD84A2CFB0C,0,114908152504434696013466211203306450236418903992480601158166515108878902455930,10.08,14,0.72,73ADF00F1F5B832F4D91A15C0DA7A7EAC5C9EF22,F0DD3E1579D55B2A26B69242104D902E411FBA35,false,0,0000000000000000000000000000000000000000000000000000000000000000,0000000000000000000000000000000000000000000000000000000000000000
v2,E111180000D2663C0091E4F400237545B87B996B,2026-08-25 03:40:49.000 UTC,50B9D23F01F93D2D7ABFD96C54097FFAEBF56C3F66B47465917855A100C35BD3,712,7283393DBFD29D1BBEC2D2D018C0F6CC16790E810797F22A3E33C7494A7ABB96,0,114908152504434696013466211203306450236418903992480601158166515108878902455930,4.32,6,0.72,AA1A4F31C010D4A63FC49770D4CA2D69EA370602,F0DD3E1579D55B2A26B69242104D902E411FBA35,false,0,0000000000000000000000000000000000000000000000000000000000000000,0000000000000000000000000000000000000000000000000000000000000000
v2,E111180000D2663C0091E4F400237545B87B996B,2026-08-25 03:40:49.000 UTC,50B9D23F01F93D2D7ABFD96C54097FFAEBF56C3F66B47465917855A100C35BD3,716,C6BEF4A29E2E06EE3CB232B1925F979C579D0B346A99F3B9257A5AB3C1BD9E5B,0,25323866082562825222099711428263861856200803766293539933536997271288248426887,5.6,20,0.28,F0DD3E1579D55B2A26B69242104D902E411FBA35,E111180000D2663C0091E4F400237545B87B996B,true,0.28224,0000000000000000000000000000000000000000000000000000000000000000,0000000000000000000000000000000000000000000000000000000000000000
v2,E2222D279D744050D28E00520010520000310F59,2026-08-25 03:40:49.000 UTC,517F720E58409B4641901997DADCD31EA14E818740BA8296198FC65FF607A3AF,425,BB205F5C81631F9C7E837AAB7E2056DCF7D38E316F4B5EA26F3D325C1272D0F9,1,33339798372916037220786136133406478491116150628220441951753426683441228279665,5,0.01,0.002,3E9FF2DBF2A6356EE47049E9F3C43A70CB55D57F,C69BD5567B40EF4D11922EAA57E1F9BE1C642076,false,0,0000000000000000000000000000000000000000000000000000000000000000,0000000000000000000000000000000000000000000000000000000000000000
v2,E2222D279D744050D28E00520010520000310F59,2026-08-25 03:40:49.000 UTC,517F720E58409B4641901997DADCD31EA14E818740BA8296198FC65FF607A3AF,427,7340693907C49A5A859F49A4587BD37EA3A75E71CAEF5EE4909305E22DE55064,0,33339798372916037220786136133406478491116150628220441951753426683441228279665,0.01,5,0.002,C69BD5567B40EF4D11922EAA57E1F9BE1C642076,E2222D279D744050D28E00520010520000310F59,true,0.00029,0000000000000000000000000000000000000000000000000000000000000000,0000000000000000000000000000000000000000000000000000000000000000
v2,E2222D279D744050D28E00520010520000310F59,2026-08-25 03:40:49.000 UTC,75CA11DCC4E895C7B106CBC8ACA2A6805F207AAC0AD3F5DA651447EFCBAEA523,757,BB205F5C81631F9C7E837AAB7E2056DCF7D38E316F4B5EA26F3D325C1272D0F9,1,33339798372916037220786136133406478491116150628220441951753426683441228279665,5,0.01,0.002,3E9FF2DBF2A6356EE47049E9F3C43A70CB55D57F,C69BD5567B40EF4D11922EAA57E1F9BE1C642076,false,0,0000000000000000000000000000000000000000000000000000000000000000,0000000000000000000000000000000000000000000000000000000000000000
v2,E2222D279D744050D28E00520010520000310F59,2026-08-25 03:40:49.000 UTC,75CA11DCC4E895C7B106CBC8ACA2A6805F207AAC0AD3F5DA651447EFCBAEA523,759,4259558D63DA91380DAE211F74FD1781408214352F19777E5CB0BCBCDD90407B,0,33339798372916037220786136133406478491116150628220441951753426683441228279665,0.01,5,0.002,C69BD5567B40EF4D11922EAA57E1F9BE1C642076,E2222D279D744050D28E00520010520000310F59,true,0.00029,0000000000000000000000000000000000000000000000000000000000000000,0000000000000000000000000000000000000000000000000000000000000000
v2,E111180000D2663C0091E4F400237545B87B996B,2026-08-25 03:40:49.000 UTC,80812E6A72BB4ECADA3F7C28B91FA5B916BD1C213B5A831461620327ABE8C0C7,444,CF9D20A57391A5981C946125A74F648D81EF2A097658B0A5AB1EE955CF4979A8,0,25323866082562825222099711428263861856200803766293539933536997271288248426887,4,16,0.25,EEBDE7A0E019A63E6B476EB425505B7B3E6EBA30,0C7C5204404E9D5402D258FEDAC59C7212BAE4CB,false,0,0000000000000000000000000000000000000000000000000000000000000000,0000000000000000000000000000000000000000000000000000000000000000
v2,E111180000D2663C0091E4F400237545B87B996B,2026-08-25 03:40:49.000 UTC,80812E6A72BB4ECADA3F7C28B91FA5B916BD1C213B5A831461620327ABE8C0C7,448,2E44CB3387D9A0E304DE900742A3C70E605B8B0B8E1AD1BBC2889ED55C5380BF,0,114908152504434696013466211203306450236418903992480601158166515108878902455930,12,16,0.75,0C7C5204404E9D5402D258FEDAC59C7212BAE4CB,E111180000D2663C0091E4F400237545B87B996B,true,0.21,0000000000000000000000000000000000000000000000000000000000000000,0000000000000000000000000000000000000000000000000000000000000000
v2,E111180000D2663C0091E4F400237545B87B996B,2026-08-25 03:40:49.000 UTC,8501F2CC2202588B59969B1AC9950CD77319B4BE8C2F75DD066A0A22A767E096,393,A3A8009CBB836A091C1A22D12619F4C954D92D7C55AF9D991F3DDE2C0B76E351,0,53248018932077816940461806891472599590256554831740860905263031661973893783059,5.204081,10.20408,0.5100000196000032,FE787D2DA716D60E8ACFF57FB87EB13CD4D10319,9B9883152BFFEFB1CBE2A96FC0391537012EE5D1,false,0,0000000000000000000000000000000000000000000000000000000000000000,0000000000000000000000000000000000000000000000000000000000000000
v2,E111180000D2663C0091E4F400237545B87B996B,2026-08-25 03:40:49.000 UTC,8501F2CC2202588B59969B1AC9950CD77319B4BE8C2F75DD066A0A22A767E096,397,6D1D21D8F743B164E7007777F5957B259E9430C35B5D61AB65DBD56E892F2DAC,0,91346187401357432141382437908281295599275899413071757583306285332192822548166,4.999999,10.20408,0.48999998039999687,9B9883152BFFEFB1CBE2A96FC0391537012EE5D1,E111180000D2663C0091E4F400237545B87B996B,true,0.12749,0000000000000000000000000000000000000000000000000000000000000000,0000000000000000000000000000000000000000000000000000000000000000
v2,E111180000D2663C0091E4F400237545B87B996B,2026-08-25 03:40:49.000 UTC,96F78A99F0C10FA1624FDE029A19F059EE5857D583C3DBC8F77D3D094907113C,414,0A2B67932E25D64C4F5326C4203CBAC632A4B311AD6B0A606FD228BA6DF1B450,0,42761471553687966207880204982691112873946959239976117056273331723411744089123,0.161,0.7,0.23,EEBDE7A0E019A63E6B476EB425505B7B3E6EBA30,B55FA1296E6EC55D0CE53D93B9237389F11764D4,false,0,0000000000000000000000000000000000000000000000000000000000000000,0000000000000000000000000000000000000000000000000000000000000000
v2,E111180000D2663C0091E4F400237545B87B996B,2026-08-25 03:40:49.000 UTC,96F78A99F0C10FA1624FDE029A19F059EE5857D583C3DBC8F77D3D094907113C,416,8242429EDC873340618E36AE6B0186AA68DA6D19FB777CCD8C893B5A0B3B42F5,0,42761471553687966207880204982691112873946959239976117056273331723411744089123,2.599,11.3,0.23,A62FF3D3D2FE4456523C567441ACB512F0BA9E04,B55FA1296E6EC55D0CE53D93B9237389F11764D4,false,0,0000000000000000000000000000000000000000000000000000000000000000,0000000000000000000000000000000000000000000000000000000000000000
v2,E111180000D2663C0091E4F400237545B87B996B,2026-08-25 03:40:49.000 UTC,96F78A99F0C10FA1624FDE029A19F059EE5857D583C3DBC8F77D3D094907113C,420,8AF1F72D941B147913D26D9DABCB11759932148EFD0BAB0C14DEEDFD0A8903FD,0,57954681823356723200514993531019273610568354442642190874670821438952727306299,9.24,12,0.77,B55FA1296E6EC55D0CE53D93B9237389F11764D4,E111180000D2663C0091E4F400237545B87B996B,true,0.14876,0000000000000000000000000000000000000000000000000000000000000000,0000000000000000000000000000000000000000000000000000000000000000
v2,E111180000D2663C0091E4F400237545B87B996B,2026-08-25 03:40:49.000 UTC,9B0457CB5F88507F4977414FAC81B9974534C773D4C1DD489B98683FFF37CEF2,269,D223E25A9D0E6796617022F9CC292456307A0DD0CB20583DCC3C7F3CCF8B4428,0,105313443713068439809370291394462862142774398228619051055754389114395948051926,7.31,17,0.43,4B5CD6695B6FDBEB00553376591FE143F3F88AA4,B55FA1296E6EC55D0CE53D93B9237389F11764D4,false,0,0000000000000000000000000000000000000000000000000000000000000000,0000000000000000000000000000000000000000000000000000000000000000
v2,E111180000D2663C0091E4F400237545B87B996B,2026-08-25 03:40:49.000 UTC,9B0457CB5F88507F4977414FAC81B9974534C773D4C1DD489B98683FFF37CEF2,273,6567F50CAAE4D67898B3FDA39A487E7FA625C41B32CF24909120FE53936B5355,0,80683013444836478816249203073387333367782102790114261193253091360277337204535,9.69,17,0.57,B55FA1296E6EC55D0CE53D93B9237389F11764D4,E111180000D2663C0091E4F400237545B87B996B,true,0.29166,0000000000000000000000000000000000000000000000000000000000000000,0000000000000000000000000000000000000000000000000000000000000000
v2,E111180000D2663C0091E4F400237545B87B996B,2026-08-25 03:40:49.000 UTC,9BA1A81E3226156F788112E8B461F61FC889F774F7B3F4EAF7503473685F0152,464,50A1C726D22D5A33291D56CBAF439FC74A984DF385A01E4F3B8CC5698C4FB132,0,114908152504434696013466211203306450236418903992480601158166515108878902455930,4.838461,6.53846,0.7400000917647275,31393E2F8333D4A6E2E31CA6424DEFE8B6CB9E2E,008865CB3793FAE5AFA3C8F17C4B27939DB0DC07,false,0,0000000000000000000000000000000000000000000000000000000000000000,0000000000000000000000000000000000000000000000000000000000000000
v2,E111180000D2663C0091E4F400237545B87B996B,2026-08-25 03:40:49.000 UTC,9BA1A81E3226156F788112E8B461F61FC889F774F7B3F4EAF7503473685F0152,468,8F79F380E45FA4E5170D9F18E2CD86E8777A5BF0342B7BF7BEFDFC90B06C15CD,0,25323866082562825222099711428263861856200803766293539933536997271288248426887,1.699999,6.53846,0.2599999082352725,008865CB3793FAE5AFA3C8F17C4B27939DB0DC07,E111180000D2663C0091E4F400237545B87B996B,true,0.08805,0000000000000000000000000000000000000000000000000000000000000000,0000000000000000000000000000000000000000000000000000000000000000
v2,E111180000D2663C0091E4F400237545B87B996B,2026-08-25 03:40:49.000 UTC,A7D720CC6143CE864D6F96E2CB9D1F2BF20BB98A8741489FDBA557CA3649E232,484,C353F158B921B7E9D42B73734A7D3E8B87E3FA03A4A429D090BEE1E2DA9C51E8,0,22329280205820401427238045592244426131039682466631753847985717268716775478693,2.4,3.75,0.64,80EFF2FA787245085025AC061FEBD6D5F578E019,EB6F3B008FB1601C0CC9ED57CEB56C9E6F9E5597,false,0,0000000000000000000000000000000000000000000000000000000000000000,0000000000000000000000000000000000000000000000000000000000000000
v2,E111180000D2663C0091E4F400237545B87B996B,2026-08-25 03:40:49.000 UTC,A7D720CC6143CE864D6F96E2CB9D1F2BF20BB98A8741489FDBA557CA3649E232,488,45203CC1E9D8F5757CF49E1743B3179F709EDF7A37A0B6B128F003E5E7CFE6F1,0,54084400249355996560283899667948371015939254086554679648580192604564277773317,1.35,3.75,0.36,EB6F3B008FB1601C0CC9ED57CEB56C9E6F9E5597,E111180000D2663C0091E4F400237545B87B996B,true,0.06048,411A39D7B0C65EBAC99DBC206E6E100E7BA163361E2E2CDF3231F316287B71A4,0000000000000000000000000000000000000000000000000000000000000000
v2,E111180000D2663C0091E4F400237545B87B996B,2026-08-25 03:40:49.000 UTC,AEF88B3F025FAE0BA9A2A45C8032808CBF54F73FF248DDB546E8F90AB0014DD6,524,6CB310C0F8E902F8AAAA7EB84A6BF43CC297D47AB45915BE54EA12DD347C86D0,0,80683013444836478816249203073387333367782102790114261193253091360277337204535,8.7,15,0.58,9ADED9FF386263FBBB8E61FC57B978AD029B2D21,7E5D2991C2647DE2348287E2F499329FC6A6C4C3,false,0,0000000000000000000000000000000000000000000000000000000000000000,0000000000000000000000000000000000000000000000000000000000000000
v2,E111180000D2663C0091E4F400237545B87B996B,2026-08-25 03:40:49.000 UTC,AEF88B3F025FAE0BA9A2A45C8032808CBF54F73FF248DDB546E8F90AB0014DD6,528,295C160F04A9231D131FFFE791323321E18FC4C54EA323773586C8049A1006A1,0,105313443713068439809370291394462862142774398228619051055754389114395948051926,6.3,15,0.42,7E5D2991C2647DE2348287E2F499329FC6A6C4C3,E111180000D2663C0091E4F400237545B87B996B,true,0.25578,0000000000000000000000000000000000000000000000000000000000000000,0000000000000000000000000000000000000000000000000000000000000000
v2,E111180000D2663C0091E4F400237545B87B996B,2026-08-25 03:40:49.000 UTC,B1D6E10CF268C58A886F6C9ED5CB228D9FF38FF36EAE19F72A96E3ED006C6EA9,584,92388A135A25CAE1BB0088C49E5D8EF0CA42CAA1592A7B187BCC0F413B6C9958,0,66315012829260561922679797924040386172300364430316158558635375172607044845732,0.224137,1.72413,0.1300000580002668,7E5D2991C2647DE2348287E2F499329FC6A6C4C3,2E531FAA884E1DC8558730E29FAB0E023AA24B39,false,0,0000000000000000000000000000000000000000000000000000000000000000,0000000000000000000000000000000000000000000000000000000000000000
v2,E111180000D2663C0091E4F400237545B87B996B,2026-08-25 03:40:49.000 UTC,B1D6E10CF268C58A886F6C9ED5CB228D9FF38FF36EAE19F72A96E3ED006C6EA9,588,F9D0B5ECD41A6D3D630EAAB4D7663A899CD4046760E92EDB82DAAB11B1F0596E,0,48045938489781039493443005373766144574193587622238993062789789639360486207413,1.499993,1.72413,0.8699999419997332,2E531FAA884E1DC8558730E29FAB0E023AA24B39,E111180000D2663C0091E4F400237545B87B996B,true,0.01364,0000000000000000000000000000000000000000000000000000000000000000,0000000000000000000000000000000000000000000000000000000000000000
v2,E111180000D2663C0091E4F400237545B87B996B,2026-08-25 03:40:49.000 UTC,BE899730A45D3C0B1BF4FAFF03D3827597016F0E4C2CA22F57AFB93A45A70F09,807,FD0CEA3BECE07080599A2480B0068C1852AA51B42A45924F7E5C8099BC574868,0,57954681823356723200514993531019273610568354442642190874670821438952727306299,26.28,36,0.73,AE68447C01FC86864FD0E5E58AAE986EEB8ABF83,EEBDE7A0E019A63E6B476EB425505B7B3E6EBA30,false,0,0000000000000000000000000000000000000000000000000000000000000000,0000000000000000000000000000000000000000000000000000000000000000
v2,E111180000D2663C0091E4F400237545B87B996B,2026-08-25 03:40:49.000 UTC,BE899730A45D3C0B1BF4FAFF03D3827597016F0E4C2CA22F57AFB93A45A70F09,811,C53D32A02D2221E6EB06ADE291E29F65F1A18A844DAD82CE4DB666BC10A18B75,0,42761471553687966207880204982691112873946959239976117056273331723411744089123,9.72,36,0.27,EEBDE7A0E019A63E6B476EB425505B7B3E6EBA30,E111180000D2663C0091E4F400237545B87B996B,true,0.49669,0000000000000000000000000000000000000000000000000000000000000000,0000000000000000000000000000000000000000000000000000000000000000
v2,E111180000D2663C0091E4F400237545B87B996B,2026-08-25 03:40:49.000 UTC,C89E691315692D62D05C24EA5B224A79C8FE6A417EA6FEF51203C48C4C2E16E6,544,CF9D20A57391A5981C946125A74F648D81EF2A097658B0A5AB1EE955CF4979A8,0,25323866082562825222099711428263861856200803766293539933536997271288248426887,1.25,5,0.25,EEBDE7A0E019A63E6B476EB425505B7B3E6EBA30,008865CB3793FAE5AFA3C8F17C4B27939DB0DC07,false,0,0000000000000000000000000000000000000000000000000000000000000000,0000000000000000000000000000000000000000000000000000000000000000
v2,E111180000D2663C0091E4F400237545B87B996B,2026-08-25 03:40:49.000 UTC,C89E691315692D62D05C24EA5B224A79C8FE6A417EA6FEF51203C48C4C2E16E6,548,0971BED656F65E7AB4256A6E7A88A6A1C9338835E53F0965809263CB4D5C4085,0,114908152504434696013466211203306450236418903992480601158166515108878902455930,3.75,5,0.75,008865CB3793FAE5AFA3C8F17C4B27939DB0DC07,E111180000D2663C0091E4F400237545B87B996B,true,0.06562,0000000000000000000000000000000000000000000000000000000000000000,0000000000000000000000000000000000000000000000000000000000000000
v2,E111180000D2663C0091E4F400237545B87B996B,2026-08-25 03:40:49.000 UTC,D05F88C29E9D834A9CFDF13B36E6CDB0F3F55F8ECB990A2E6FB5EB16888F5A57,674,FF66FE6C8769740C1759900B0249BD160253DE8B69DC60CD98E33EB51F287848,0,105313443713068439809370291394462862142774398228619051055754389114395948051926,4.095,9.75,0.42,72099FE08DF3724C6CF02D2E5DBB06AAF37653FF,B55FA1296E6EC55D0CE53D93B9237389F11764D4,false,0,0000000000000000000000000000000000000000000000000000000000000000,0000000000000000000000000000000000000000000000000000000000000000
v2,E111180000D2663C0091E4F400237545B87B996B,2026-08-25 03:40:49.000 UTC,D05F88C29E9D834A9CFDF13B36E6CDB0F3F55F8ECB990A2E6FB5EB16888F5A57,676,1B300043BE552F98609D205FD43AFD590C210132A2063BBD28B74CAC2221C7A9,0,105313443713068439809370291394462862142774398228619051055754389114395948051926,8.82,21,0.42,EEBDE7A0E019A63E6B476EB425505B7B3E6EBA30,B55FA1296E6EC55D0CE53D93B9237389F11764D4,false,0,0000000000000000000000000000000000000000000000000000000000000000,0000000000000000000000000000000000000000000000000000000000000000
v2,E111180000D2663C0091E4F400237545B87B996B,2026-08-25 03:40:49.000 UTC,D05F88C29E9D834A9CFDF13B36E6CDB0F3F55F8ECB990A2E6FB5EB16888F5A57,678,19B611AD07ABED9504CCD45D40498AE4E68A25F9EAF5839FCE1020A0F972983E,0,105313443713068439809370291394462862142774398228619051055754389114395948051926,6.3,15,0.42,7E5D2991C2647DE2348287E2F499329FC6A6C4C3,B55FA1296E6EC55D0CE53D93B9237389F11764D4,false,0,0000000000000000000000000000000000000000000000000000000000000000,0000000000000000000000000000000000000000000000000000000000000000
v2,E111180000D2663C0091E4F400237545B87B996B,2026-08-25 03:40:49.000 UTC,D05F88C29E9D834A9CFDF13B36E6CDB0F3F55F8ECB990A2E6FB5EB16888F5A57,682,E5DA949610F7B927CB87D771A7B056C61CDB16E1CACB649E298688A3320C3DD8,0,80683013444836478816249203073387333367782102790114261193253091360277337204535,26.535,45.75,0.58,B55FA1296E6EC55D0CE53D93B9237389F11764D4,E111180000D2663C0091E4F400237545B87B996B,true,0.78012,0000000000000000000000000000000000000000000000000000000000000000,0000000000000000000000000000000000000000000000000000000000000000
v2,E111180000D2663C0091E4F400237545B87B996B,2026-08-25 03:40:49.000 UTC,D839C7596514AAAF30E8DE61CDF9A2AC7ED7648837C91ABC65C178F2C5878A32,626,5FEF89F3B053F14F19C188DB9B586F9C9D760B451D9A421FDF78959FAF29698A,0,105313443713068439809370291394462862142774398228619051055754389114395948051926,6.3,15,0.42,7E5D2991C2647DE2348287E2F499329FC6A6C4C3,E67B9015C00F53A5626B26174642155B44035011,false,0,0000000000000000000000000000000000000000000000000000000000000000,0000000000000000000000000000000000000000000000000000000000000000
v2,E111180000D2663C0091E4F400237545B87B996B,2026-08-25 03:40:49.000 UTC,D839C7596514AAAF30E8DE61CDF9A2AC7ED7648837C91ABC65C178F2C5878A32,628,FF66FE6C8769740C1759900B0249BD160253DE8B69DC60CD98E33EB51F287848,0,105313443713068439809370291394462862142774398228619051055754389114395948051926,0.941379,2.241378,0.42000010707698565,72099FE08DF3724C6CF02D2E5DBB06AAF37653FF,E67B9015C00F53A5626B26174642155B44035011,false,0,0000000000000000000000000000000000000000000000000000000000000000,0000000000000000000000000000000000000000000000000000000000000000
v2,E111180000D2663C0091E4F400237545B87B996B,2026-08-25 03:40:49.000 UTC,D839C7596514AAAF30E8DE61CDF9A2AC7ED7648837C91ABC65C178F2C5878A32,632,F2F8BE90CCBA25F2E30CFA9DB5E430A8D1A3FCF501BCFB7DE1322777354554B6,0,80683013444836478816249203073387333367782102790114261193253091360277337204535,9.999999,17.241378,0.5799999860799989,E67B9015C00F53A5626B26174642155B44035011,E111180000D2663C0091E4F400237545B87B996B,true,0.29399,0000000000000000000000000000000000000000000000000000000000000000,0000000000000000000000000000000000000000000000000000000000000000
v2,E111180000D2663C0091E4F400237545B87B996B,2026-08-25 03:40:49.000 UTC,DA8AA94025854D918417E220C108F23D61AA1EFA582641ADA2E5A1968B637567,652,5DF30B894E5BA977342749C0919C63B8130AF41F9B453BE0222CD3C4FAAE2B47,0,43304248579694812983149620855339370351486265558694126588927169331777640961561,33.227848,158.227847,0.2100000008216,2005D16A84CEEFA912D4E380CD32E7FF827875EA,592997C2D8119D82D71F21119957C6434D244684,false,0,0000000000000000000000000000000000000000000000000000000000000000,0000000000000000000000000000000000000000000000000000000000000000
v2,E111180000D2663C0091E4F400237545B87B996B,2026-08-25 03:40:49.000 UTC,DA8AA94025854D918417E220C108F23D61AA1EFA582641ADA2E5A1968B637567,656,7DC28A7F769CE2D9790EAF1F987D02B78CA5694443218DDD6F84FD8D382DC45E,0,84908106274341348444759207061900314023548482569109599690702677076957797340240,124.999999,158.227847,0.7899999991784,592997C2D8119D82D71F21119957C6434D244684,E111180000D2663C0091E4F400237545B87B996B,true,1.31249,0000000000000000000000000000000000000000000000000000000000000000,0000000000000000000000000000000000000000000000000000000000000000
v2,E111180000D2663C0091E4F400237545B87B996B,2026-08-25 03:40:49.000 UTC,DE972EE4B7C324DDEFD4C7722B07BE73D96587A50F3FFDBEF4E388E41637D460,721,FB3659F308AF38A609AE6D6FC37987FD3422AC4A62C9B1EA8C25BB26E0BE42FD,0,66315012829260561922679797924040386172300364430316158558635375172607044845732,8.64042,66.98,0.129,C2AD03F79CA3F3C17D8C7DE2612CE0C89B7D40ED,E349BBBC5C179ED7F8F13AB5502381980F532147,false,0,0000000000000000000000000000000000000000000000000000000000000000,0000000000000000000000000000000000000000000000000000000000000000
v2,E111180000D2663C0091E4F400237545B87B996B,2026-08-25 03:40:49.000 UTC,DE972EE4B7C324DDEFD4C7722B07BE73D96587A50F3FFDBEF4E388E41637D460,724,A7CC434D74B29F5EDF4BE950BC568860F0B667D161E860BE8AA90CA2EB7A789D,1,66315012829260561922679797924040386172300364430316158558635375172607044845732,66.98,8.64042,0.129,E349BBBC5C179ED7F8F13AB5502381980F532147,E111180000D2663C0091E4F400237545B87B996B,true,0.5268,0000000000000000000000000000000000000000000000000000000000000000,0000000000000000000000000000000000000000000000000000000000000000
v2,E111180000D2663C0091E4F400237545B87B996B,2026-08-25 03:40:48.000 UTC,01E40919080511DA18FA9B44E9D2309FDCAA0EA74849B0EEA5E601AF5503F4F1,608,FB23FB17E02A7E460EB9491DD182E88781771EF11BC69FB5CB5339EDF08DE1E6,0,93526035759451764078412320512683558221709656219322948220703099033011327366480,0.0122,0.02,0.61,1B2E5156F2651CF2375CDCD5B35CCDE97706E590,674887D1AC838099A48B629DFF53F25B7B87EE08,false,0,0000000000000000000000000000000000000000000000000000000000000000,0000000000000000000000000000000000000000000000000000000000000000
v2,E111180000D2663C0091E4F400237545B87B996B,2026-08-25 03:40:48.000 UTC,01E40919080511DA18FA9B44E9D2309FDCAA0EA74849B0EEA5E601AF5503F4F1,611,756A835A6A91A60EEAAEAA84BB095600B335C05A8EA56D05FD60537F7ADF7560,1,93526035759451764078412320512683558221709656219322948220703099033011327366480,0.02,0.0122,0.61,674887D1AC838099A48B629DFF53F25B7B87EE08,E111180000D2663C0091E4F400237545B87B996B,true,0.00033,0000000000000000000000000000000000000000000000000000000000000000,0000000000000000000000000000000000000000000000000000000000000000
v2,E111180000D2663C0091E4F400237545B87B996B,2026-08-25 03:40:48.000 UTC,02B8B70824E9B4023679EAFAD7986BBD0409300A4BA8AE3B2957094006478DF0,635,2B410812A9ED534AD5C64E32DEB3A2EEE309BA42666F4B2749C71253F24366C1,0,42761471553687966207880204982691112873946959239976117056273331723411744089123,0.0048,0.02,0.24,EEBDE7A0E019A63E6B476EB425505B7B3E6EBA30,674887D1AC838099A48B629DFF53F25B7B87EE08,false,0,0000000000000000000000000000000000000000000000000000000000000000,0000000000000000000000000000000000000000000000000000000000000000
v2,E111180000D2663C0091E4F400237545B87B996B,2026-08-25 03:40:48.000 UTC,02B8B70824E9B4023679EAFAD7986BBD0409300A4BA8AE3B2957094006478DF0,638,E20D1A6A2FF361F028EE1723883F41D732B382B4371EE3C716B1F0496445243A,1,42761471553687966207880204982691112873946959239976117056273331723411744089123,0.02,0.0048,0.24,674887D1AC838099A48B629DFF53F25B7B87EE08,E111180000D2663C0091E4F400237545B87B996B,true,0.00025,0000000000000000000000000000000000000000000000000000000000000000,0000000000000000000000000000000000000000000000000000000000000000
v2,E111180000D2663C0091E4F400237545B87B996B,2026-08-25 03:40:48.000 UTC,0799A3E2B7E038706AC9632C84B4EDBAA933901B078AF9E6769A6A0A72E16CC9,440,ECD5C5D2611713FDC169448D3669F115B23C582DF62C37F3797A76EE6B662E7F,0,42761471553687966207880204982691112873946959239976117056273331723411744089123,3,12,0.25,DF4C6A942BD95BF903D6066B4BA7051E6F914F22,B55FA1296E6EC55D0CE53D93B9237389F11764D4,false,0,0000000000000000000000000000000000000000000000000000000000000000,0000000000000000000000000000000000000000000000000000000000000000
v2,E111180000D2663C0091E4F400237545B87B996B,2026-08-25 03:40:48.000 UTC,0799A3E2B7E038706AC9632C84B4EDBAA933901B078AF9E6769A6A0A72E16CC9,442,38F1B54B82480E940D488DB2A355FA7B6B8808B4254200705AFC93E1559F9DA3,0,42761471553687966207880204982691112873946959239976117056273331723411744089123,6,24,0.25,EEBDE7A0E019A63E6B476EB425505B7B3E6EBA30,B55FA1296E6EC55D0CE53D93B9237389F11764D4,false,0,0000000000000000000000000000000000000000000000000000000000000000,0000000000000000000000000000000000000000000000000000000000000000
v2,E111180000D2663C0091E4F400237545B87B996B,2026-08-25 03:40:48.000 UTC,0799A3E2B7E038706AC9632C84B4EDBAA933901B078AF9E6769A6A0A72E16CC9,444,F8541FDD4FB48678CD00434C69CC9978FE1C918DDA7AC5F743A379FD18648B45,0,42761471553687966207880204982691112873946959239976117056273331723411744089123,2.88,12,0.24,95FA4CC0BE88B13A60529A651D82F940F38466B3,B55FA1296E6EC55D0CE53D93B9237389F11764D4,false,0,0000000000000000000000000000000000000000000000000000000000000000,0000000000000000000000000000000000000000000000000000000000000000
v2,E111180000D2663C0091E4F400237545B87B996B,2026-08-25 03:40:48.000 UTC,0799A3E2B7E038706AC9632C84B4EDBAA933901B078AF9E6769A6A0A72E16CC9,446,4E802C1B2F53650784577BEEDF0B8BB62DAE394180F8D0909F42551E5CF29766,0,42761471553687966207880204982691112873946959239976117056273331723411744089123,0.113684,0.473683,0.2400001688893205,31393E2F8333D4A6E2E31CA6424DEFE8B6CB9E2E,B55FA1296E6EC55D0CE53D93B9237389F11764D4,false,0,0000000000000000000000000000000000000000000000000000000000000000,0000000000000000000000000000000000000000000000000000000000000000
v2,E111180000D2663C0091E4F400237545B87B996B,2026-08-25 03:40:48.000 UTC,0799A3E2B7E038706AC9632C84B4EDBAA933901B078AF9E6769A6A0A72E16CC9,450,C3E953C382B434EC1D240384B3044900154CCBACD2AD41654E68684BBF571039,0,57954681823356723200514993531019273610568354442642190874670821438952727306299,36.479999,48.473683,0.7525732880664339,B55FA1296E6EC55D0CE53D93B9237389F11764D4,E111180000D2663C0091E4F400237545B87B996B,true,0.63182,0000000000000000000000000000000000000000000000000000000000000000,0000000000000000000000000000000000000000000000000000000000000000
v2,E111180000D2663C0091E4F400237545B87B996B,2026-08-25 03:40:48.000 UTC,0AE84488B5263C12B40C21EE0E509A447A5F0F6FFABE0F5C279B454B718926DC,343,6C2BA5BA2D4514697846192F895C2703AF4177A4BAE1E6D53285563EC409A3AB,0,105313443713068439809370291394462862142774398228619051055754389114395948051926,5.64,12,0.47,72099FE08DF3724C6CF02D2E5DBB06AAF37653FF,CE25E214D5CFE4F459CF67F08DF581885AAE7FDC,false,0,0000000000000000000000000000000000000000000000000000000000000000,0000000000000000000000000000000000000000000000000000000000000000
v2,E111180000D2663C0091E4F400237545B87B996B,2026-08-25 03:40:48.000 UTC,0AE84488B5263C12B40C21EE0E509A447A5F0F6FFABE0F5C279B454B718926DC,345,0A6A6C32B328E5F99A80C962F7B2362A5DEB0E1DE26359E18500530DFD2CCE99,0,105313443713068439809370291394462862142774398228619051055754389114395948051926,7.05,15,0.47,7E5D2991C2647DE2348287E2F499329FC6A6C4C3,CE25E214D5CFE4F459CF67F08DF581885AAE7FDC,false,0,0000000000000000000000000000000000000000000000000000000000000000,0000000000000000000000000000000000000000000000000000000000000000
